locus_tag	p_value	source_gene_id
PPG85_00005	0.0321423524719847	thrL
PPG85_00010	3.48716523127896e-07	thrA
PPG85_00015	0.00413360513844404	thrB
PPG85_00020	0.00013740228066164	thrC
PPG85_00025	0.0261258892242313	yaaX
PPG85_00030	1.46134603676653e-05	yaaA
PPG85_00035	0.000600161473902186	yaaJ
PPG85_00045	0.0565853037609393	mog
PPG85_00050	0.261763000686505	satP
PPG85_00060	1.0	yaaI
PPG85_00065	0.0193642539840835	dnaK
PPG85_00070	0.00402868907295691	dnaJ
PPG85_00075	0.000623677892819563	rpsT
PPG85_00080	1.0	yaaY
PPG85_00085	0.0135558291596407	ribF
PPG85_00090	0.000989439988148432	ileS
PPG85_00095	0.691387243483433	lspA
PPG85_00100	0.00105200474487855	fkpB
PPG85_00105	0.0250995295007192	ispH
PPG85_00110	0.000248320995717252	rihC
PPG85_00115	0.777817447480285	dapB
PPG85_00120	0.0789311643523116	carA
PPG85_00125	0.19517684244007	carB
PPG85_00130	0.000572707861031214	caiF
PPG85_00135	5.91122768203551e-06	caiE
PPG85_00140	5.72544132462014e-05	caiD
PPG85_00145	0.000254924812224921	caiC
PPG85_00150	0.0623417700331573	caiB
PPG85_00155	0.000138471990046137	caiA
PPG85_00160	1.0	caiT
PPG85_00165	1.0	fixA
PPG85_00170	1.0	fixB
PPG85_00175	1.0	fixC
PPG85_00180	1.0	fixX
PPG85_00185	1.0	yaaU
PPG85_00190	0.000201986025872665	kefF
PPG85_00195	0.607322349809939	kefC
PPG85_00200	0.00051100807787171	folA
PPG85_00205	0.360835997217802	apaH
PPG85_00210	0.019695838688904	apaG
PPG85_00215	0.0258122369194459	rsmA
PPG85_00220	0.56265622490169	pdxA
PPG85_00225	0.0548692497642165	surA
PPG85_00230	0.000398561298210725	lptD
PPG85_00235	0.0859529973326928	djlA
PPG85_00245	3.68357678905821e-05	yabQ
PPG85_00255	3.03825238706443e-05	rluA
PPG85_00260	0.000995414621981227	rapA
PPG85_00265	0.00046577638529481	polB
PPG85_00275	0.68103619176091	araA
PPG85_00280	0.626661052457494	araB
PPG85_00290	0.298053133016221	yabI
PPG85_00295	0.741221250872051	thiQ
PPG85_00300	0.775280555972512	thiP
PPG85_00305	0.697765545922008	thiB
PPG85_00310	0.217193335670498	sgrR
PPG85_00315	0.898115320212672	sgrT
PPG85_00325	0.583414851041382	leuD
PPG85_00330	0.40232151121307	leuC
PPG85_00335	0.400398042018333	leuB
PPG85_00340	0.808682300443477	leuA
PPG85_00345	0.84329398300757	leuL
PPG85_00350	1.0	leuO
PPG85_00360	0.0189725364565091	ilvI
PPG85_00375	0.0345386238718989	cra
PPG85_00380	0.678803203472767	mraZ
PPG85_00385	0.0485242390525958	rsmH
PPG85_00390	0.817251929199079	ftsL
PPG85_00395	0.00754037798145595	ftsI
PPG85_00405	0.335541942502456	murE
PPG85_00410	0.0175179499947939	murF
PPG85_00415	1.64753404613067e-06	mraY
PPG85_00420	0.00027543621998546	murD
PPG85_00425	0.0412877131022954	ftsW
PPG85_00430	0.00382744759296791	murG
PPG85_00435	0.000175925772789986	murC
PPG85_00440	0.00155675603538207	ddlB
PPG85_00445	0.014094498508785	ftsQ
PPG85_00450	0.00052458424304249	ftsA
PPG85_00455	0.173625593879419	ftsZ
PPG85_00460	0.409559966834345	lpxC
PPG85_00465	0.499605051862279	secM
PPG85_00470	6.96800065646062e-06	secA
PPG85_00475	0.933278988762536	mutT
PPG85_00480	0.00298761778967181	yacG
PPG85_00485	3.16029728383031e-05	zapD
PPG85_00490	0.975164663906291	coaE
PPG85_00500	0.334960556172854	guaC
PPG85_00505	1.0	hofC
PPG85_00515	1.0	ppdD
PPG85_00520	0.471713844408656	nadC
PPG85_00525	0.0528074449415411	ampD
PPG85_00530	0.0520959564401393	ampE
PPG85_00535	0.000348455327742641	aroP
PPG85_00540	0.0451227558751019	pdhR
PPG85_00545	0.00431697228141617	aceE
PPG85_00550	0.00236406497864584	aceF
PPG85_00560	1.0	yacH
PPG85_00565	0.000391299391476215	acnB
PPG85_00570	0.632633230264749	yacL
PPG85_00575	0.000108668042128253	speD
PPG85_00580	0.253284277308588	speE
PPG85_00585	0.0249912814213025	yacC
PPG85_00590	0.0945757448792104	cueO
PPG85_00600	0.0280888249263363	gcd
PPG85_00605	0.186727631697984	hpt
PPG85_00610	0.000148028736294015	can
PPG85_00615	0.17754143630142	yadG
PPG85_00620	0.762977357479623	yadH
PPG85_00625	0.121647199995298	yadI
PPG85_00630	0.00056347706731705	yadE
PPG85_00635	0.387029349016883	panD
PPG85_00640	0.486327252142596	rpnC
PPG85_00645	0.0161125937970715	panC
PPG85_00650	0.000272391133895075	panB
PPG85_00655	5.97429768460068e-07	yadC
PPG85_00660	1.0	yadK
PPG85_00665	1.0	yadL
PPG85_00670	1.0	yadM
PPG85_00675	1.0	htrE
PPG85_00680	1.0	yadV
PPG85_00685	1.0	yadN
PPG85_00690	4.22273204585604e-05	folK
PPG85_00695	2.50988664072023e-08	pcnB
PPG85_00705	0.531277023911263	dksA
PPG85_00710	0.0733277014573291	sfsA
PPG85_00715	0.0758368173602657	thpR
PPG85_00720	0.0359612469975598	hrpB
PPG85_00725	0.135732575331683	mrcB
PPG85_00730	0.811070735557673	hemL
PPG85_00740	0.113758524210039	clcA
PPG85_00745	1.95976232525561e-05	yadW
PPG85_00750	0.283179666652546	erpA
PPG85_00755	0.65512990043176	yadS
PPG85_00760	0.481013797193049	btuF
PPG85_00770	1.24664468086056e-05	dgt
PPG85_00775	0.0344819621464305	degP
PPG85_00780	0.0515458219315367	cdaR
PPG85_00785	0.48208106736744	yaeH
PPG85_00790	1.0	yaeI
PPG85_00795	0.227525825555861	dapD
PPG85_00800	0.857247725313154	glnD
PPG85_00805	0.0444653561203681	map
PPG85_00810	0.794364947675641	rpsB
PPG85_00815	0.270275210807369	tsf
PPG85_00820	0.00082364791658911	pyrH
PPG85_00825	0.757892769242726	frr
PPG85_00835	0.0356274041052128	ispU
PPG85_00840	8.64149958941433e-05	cdsA
PPG85_00845	3.30612137130456e-05	rseP
PPG85_00850	5.15247595009981e-07	bamA
PPG85_00855	0.0923568516662474	skp
PPG85_00860	0.0766251000047106	lpxD
PPG85_00865	0.774340509180823	fabZ
PPG85_00870	0.0144983155979375	lpxA
PPG85_00875	0.006246156585218	lpxB
PPG85_00880	0.0021460876033555	rnhB
PPG85_00885	4.24765898323414e-05	dnaE
PPG85_00890	5.54737840044697e-06	accA
PPG85_00900	0.988649388154315	yaeR
PPG85_00905	0.606018900265113	tilS
PPG85_00910	0.00390348564765447	rof
PPG85_00915	1.84365337981806e-08	yaeP
PPG85_00920	0.866899156026972	yaeQ
PPG85_00925	0.469633812114456	arfB
PPG85_00930	0.103936221441174	nlpE
PPG85_00935	1.0	yaeF
PPG85_00940	0.000591951567262143	proS
PPG85_00950	0.0246864662574923	rcsF
PPG85_00955	0.00299173326738301	metQ
PPG85_00960	0.00351523303088216	metI
PPG85_00965	0.00156482077084444	metN
PPG85_00970	0.0204877649398442	gmhB
PPG85_01005	0.0755563651697628	dkgB
PPG85_01010	9.83693267911896e-06	yafC
PPG85_01015	0.000909915411117757	yafD
PPG85_01025	0.000724800767581863	mltD
PPG85_01030	0.000660505158478846	gloB
PPG85_01035	0.0326098818548454	yafS
PPG85_01040	0.076420532979682	rnhA
PPG85_01045	0.00458070319422047	dnaQ
PPG85_01060	1.0	ykfM
PPG85_01075	0.034804671319189	yafV
PPG85_01080	3.12984971990247e-07	ivy
PPG85_01085	0.0475658714905882	fadE
PPG85_01090	0.131664026182089	lpcA
PPG85_01095	0.0092185270641936	yafJ
PPG85_01105	0.0311227437717819	yafQ
PPG85_01110	0.00435456397984249	dinJ
PPG85_01115	1.0	yafL
PPG85_01120	0.225636701153834	rayT
PPG85_01130	1.0	lafU
PPG85_01140	0.215380349194491	yafN
PPG85_01145	0.00932867941088431	yafO
PPG85_01150	0.320191370950962	yafP
PPG85_01165	0.0048963964157546	pepD
PPG85_01170	0.00347153509507004	gpt
PPG85_01175	0.0564773686798708	frsA
PPG85_01180	0.000186826197119938	crl
PPG85_01185	1.0	phoE
PPG85_01190	0.000258392099493887	proB
PPG85_01195	2.42799939537996e-05	proA
PPG85_01210	0.299781408999949	betA
PPG85_01215	0.0531429939571466	betB
PPG85_01220	0.0254875802210901	betI
PPG85_01225	0.000147882272741699	betT
PPG85_01235	4.13030209875979e-05	pdeL
PPG85_01240	0.285203059745651	yahB
PPG85_01245	1.0	yahC
PPG85_01250	0.00055666030381783	yahD
PPG85_01255	1.0	yahE
PPG85_01265	1.0	yahG
PPG85_01270	5.90483358118584e-08	yahH
PPG85_01275	1.0	yahI
PPG85_01280	0.0598223130905213	yahJ
PPG85_01290	0.00048788540283847	yahK
PPG85_01295	1.0	yahL
PPG85_01300	1.0	yahM
PPG85_01305	0.605315446323531	yahN
PPG85_01310	0.740406492697567	yahO
PPG85_01315	1.0	prpR
PPG85_01320	1.0	prpB
PPG85_01325	1.0	prpC
PPG85_01330	1.0	prpD
PPG85_01335	0.0679181918469668	prpE
PPG85_01340	0.393235696937683	codB
PPG85_01345	5.21284816418554e-05	codA
PPG85_01350	0.669400440280545	cynR
PPG85_01355	1.0	cynT
PPG85_01360	0.000709349737752931	cynS
PPG85_01365	0.126544384288746	cynX
PPG85_01370	0.0031676190082298	lacA
PPG85_01375	0.000240868071489593	lacY
PPG85_01380	0.0154855686635462	lacZ
PPG85_01385	0.182185621536097	lacI
PPG85_01390	0.417223027461981	mhpR
PPG85_01395	1.0	mhpA
PPG85_01400	1.0	mhpB
PPG85_01405	1.0	mhpC
PPG85_01410	1.0	mhpD
PPG85_01415	1.0	mhpF
PPG85_01430	1.0	mhpT
PPG85_01435	0.902207035721634	yaiL
PPG85_01445	0.00124139395849496	frmA
PPG85_01450	0.42088690644212	frmR
PPG85_01455	7.18988684188233e-06	hemB
PPG85_01460	0.238474758578477	ddlA
PPG85_01470	1.06456357655091e-05	iraP
PPG85_01475	0.0548855889458173	phoA
PPG85_01480	1.0	psiF
PPG85_01490	0.929957422983926	proC
PPG85_01495	0.0074215715798601	yaiI
PPG85_01500	0.711188986733357	aroL
PPG85_01505	0.683114007073008	yaiA
PPG85_01510	0.0687735150330816	aroM
PPG85_01515	0.901644581772509	ppnP
PPG85_01530	6.39027575067097e-07	rdgC
PPG85_01535	0.560485548281705	mak
PPG85_01540	0.00136081062707968	araJ
PPG85_01545	0.0328885302340956	sbcC
PPG85_01550	0.00252733382744127	sbcD
PPG85_01555	0.166179976306145	phoB
PPG85_01560	0.0578115581525759	phoR
PPG85_01565	0.273858667220705	brnQ
PPG85_01570	0.114894976277756	proY
PPG85_01575	0.0161338496389275	malZ
PPG85_01580	0.362318064075199	acpH
PPG85_01585	0.197562637292309	queA
PPG85_01590	0.542280541549937	tgt
PPG85_01595	0.424663963333708	yajC
PPG85_01600	2.87301263264389e-05	secD
PPG85_01605	0.72143260033708	secF
PPG85_01610	0.00190234350257532	yajD
PPG85_01615	4.47429532760205e-09	tsx
PPG85_01620	0.510581935098347	yajI
PPG85_01625	0.0109015059481959	nrdR
PPG85_01630	0.299888194997347	ribD
PPG85_01640	0.000545479650103673	nusB
PPG85_01645	0.00657714051087955	thiL
PPG85_01650	0.920417533404175	pgpA
PPG85_01655	0.0130400070941185	yajO
PPG85_01660	0.0279035440963272	dxs
PPG85_01665	0.111602655080896	ispA
PPG85_01670	0.0485866568024652	xseB
PPG85_01675	0.000466006189584193	thiI
PPG85_01680	0.0734841238712106	yajL
PPG85_01685	1.14699588028969e-05	panE
PPG85_01690	0.00639472531661025	yajQ
PPG85_01695	0.195870397284057	yajR
PPG85_01700	4.83376981437843e-05	cyoE
PPG85_01705	4.65601973291653e-07	cyoD
PPG85_01710	2.9667850195975e-07	cyoC
PPG85_01715	7.53750797221284e-08	cyoB
PPG85_01720	1.09559587110876e-08	cyoA
PPG85_01725	8.11936050064655e-05	ampG
PPG85_01730	0.21734599052479	yajG
PPG85_01735	0.0909291736490617	bolA
PPG85_01740	0.00756685799030012	tig
PPG85_01745	0.177320991827757	clpP
PPG85_01750	0.802523188863758	clpX
PPG85_01755	0.00206863267679532	lon
PPG85_01760	0.0197286121168247	hupB
PPG85_01765	1.39000469025526e-05	ppiD
PPG85_01770	0.131505018187416	ybaV
PPG85_01775	0.00333904872477545	fadM
PPG85_01780	0.00145682184482529	queC
PPG85_01785	0.641612186309837	ybaE
PPG85_01790	0.200845194745744	cof
PPG85_01795	0.685658252319213	decR
PPG85_01800	0.0118415064975902	mdlA
PPG85_01805	0.384075114856498	mdlB
PPG85_01810	1.0	glnK
PPG85_01815	0.0455082966530907	amtB
PPG85_01820	1.58956503847387e-07	tesB
PPG85_01825	0.000145045615437886	ybaY
PPG85_01840	1.0	ybaA
PPG85_01845	0.000286670407000293	pdeB
PPG85_01850	2.54679367640789e-05	ylaC
PPG85_01855	0.0321124008491044	maa
PPG85_01860	0.000842865855673162	hha
PPG85_01865	0.716561477059628	tomB
PPG85_01870	4.67187521934609e-05	acrB
PPG85_01875	1.82883961216186e-06	acrA
PPG85_01880	0.013587336878932	acrR
PPG85_01885	0.00109696715707751	mscK
PPG85_01895	0.935036520124543	priC
PPG85_01900	0.256281047686261	ybaN
PPG85_01905	0.138645859145143	apt
PPG85_01910	0.100888820834289	dnaX
PPG85_01915	0.0157722646943981	ybaB
PPG85_01920	0.00286723490000946	recR
PPG85_01925	0.000400480388398288	htpG
PPG85_01930	0.00119572511681288	adk
PPG85_01935	0.00123811526014158	hemH
PPG85_01940	0.0396004309550811	aes
PPG85_01945	0.00599876051316922	gsk
PPG85_01950	0.277044164362902	ybaL
PPG85_01955	0.00501486480564058	fsr
PPG85_01960	0.386506550332163	ushA
PPG85_01970	0.194186522150285	ybaP
PPG85_01975	0.0222884350132596	ybaQ
PPG85_01985	3.13983832828179e-06	glsA
PPG85_01990	0.000176996076859014	ybaT
PPG85_02000	0.00271373756666114	cueR
PPG85_02005	0.00576256850959072	ybbJ
PPG85_02010	0.0157475402829306	qmcA
PPG85_02015	0.00688053393554484	fetA
PPG85_02020	0.0123092965700708	fetB
PPG85_02025	0.0520931102024851	cnoX
PPG85_02030	0.631472806966508	ybbO
PPG85_02035	0.000551586678345123	tesA
PPG85_02040	0.717926275158895	ybbA
PPG85_02045	0.0691502888230335	ybbP
PPG85_02055	1.0	allS
PPG85_02060	1.0	allA
PPG85_02065	0.0217183427788356	allR
PPG85_02070	1.0	gcl
PPG85_02075	1.0	hyi
PPG85_02080	1.0	glxR
PPG85_02085	1.0	ybbW
PPG85_02090	0.00124794879213246	allB
PPG85_02095	1.0	ybbY
PPG85_02100	0.104797082427753	glxK
PPG85_02105	0.186387178249559	allE
PPG85_02110	0.40271682928771	allC
PPG85_02115	1.0	allD
PPG85_02125	1.0	ylbE
PPG85_02130	1.0	ylbF
PPG85_02135	1.0	ybcF
PPG85_02140	0.227764152934637	purK
PPG85_02145	0.676087645600671	purE
PPG85_02150	0.453625877307497	lpxH
PPG85_02155	0.156227163821758	ppiB
PPG85_02160	4.02086716687364e-05	cysS
PPG85_02165	1.0	ybcI
PPG85_02170	0.121400013640515	ybcJ
PPG85_02175	0.228711702359681	folD
PPG85_02200	1.0	sfmF
PPG85_02205	1.0	fimZ
PPG85_02645	3.77873867796213e-05	lnt
PPG85_02655	0.173745487467293	ybeY
PPG85_02660	0.590563999062584	ybeZ
PPG85_02665	1.22119701407713e-06	miaB
PPG85_02670	0.237376961015831	ubiF
PPG85_02710	0.000140407483404892	asnB
PPG85_02725	0.193443502873774	nagC
PPG85_02730	0.0289871042879178	nagA
PPG85_02735	0.256607546329676	nagB
PPG85_02740	0.479401563117225	nagE
PPG85_02745	0.00714270591630638	glnS
PPG85_02750	0.097626128733404	chiP
PPG85_02755	1.0	chiQ
PPG85_02760	0.709609398325988	fur
PPG85_02765	0.446876979987033	uof
PPG85_02770	0.516470406582442	fldA
PPG85_02775	0.0461894137330421	ybfE
PPG85_02780	0.614255357049446	ybfF
PPG85_02785	0.00576541699775684	seqA
PPG85_02790	0.00101537205372934	pgm
PPG85_02810	1.38636988647812e-06	potE
PPG85_02815	1.0	speF
PPG85_02825	0.346573031323414	kdpE
PPG85_02835	0.114837855054641	kdpC
PPG85_02840	0.0114486902873963	kdpB
PPG85_02845	1.0	kdpA
PPG85_02850	1.0	kdpF
PPG85_02855	1.72142686976332e-08	ybfA
PPG85_02860	1.09422252497486e-05	ybgA
PPG85_02870	0.00959836353145949	dtpD
PPG85_02875	0.000178378746660479	ybgI
PPG85_02880	0.141324656600787	pxpB
PPG85_02885	0.211319857235952	pxpC
PPG85_02890	0.816176120359305	pxpA
PPG85_02895	0.0367008691404559	nei
PPG85_02900	0.00258423605690948	abrB
PPG85_02905	1.0	ybgO
PPG85_02910	1.0	ybgP
PPG85_02915	1.0	ybgQ
PPG85_02920	1.0	ybgD
PPG85_02925	4.6549452510554e-05	gltA
PPG85_02935	1.05867857891451e-06	sdhC
PPG85_02940	1.72148724959798e-06	sdhD
PPG85_02945	6.32212039324138e-05	sdhA
PPG85_02950	1.10440917272877e-05	sdhB
PPG85_02955	4.25970158664338e-07	sucA
PPG85_02965	2.48611021442699e-06	sucC
PPG85_02970	3.66375344217908e-06	sucD
PPG85_02975	0.661760891743777	mngR
PPG85_02980	1.0	mngA
PPG85_02985	0.0739354297393756	mngB
PPG85_02990	0.0155841157103976	cydA
PPG85_02995	0.0307063822098675	cydB
PPG85_03000	0.00102428646932302	cydX
PPG85_03005	0.00478348349038284	ybgE
PPG85_03010	0.0713167938803673	ybgC
PPG85_03015	0.000694108126465956	tolQ
PPG85_03020	0.116058833252591	tolR
PPG85_03025	0.187557050378013	tolA
PPG85_03030	2.69133734329348e-05	tolB
PPG85_03035	0.0017597365822164	pal
PPG85_03040	1.30550798618892e-05	cpoB
PPG85_03085	0.00162073244801723	nadA
PPG85_03090	0.0106004519820577	pnuC
PPG85_03095	0.0648855289736191	zitB
PPG85_03100	0.141856376483947	ybgS
PPG85_03105	7.40854013546173e-06	aroG
PPG85_03110	0.366402135115667	gpmA
PPG85_03115	4.21216088842288e-06	galM
PPG85_03120	9.6023981965398e-08	galK
PPG85_03125	1.89165108156244e-06	galT
PPG85_03130	2.18260120104623e-07	galE
PPG85_03135	0.0157334128942175	modF
PPG85_03140	0.0046122468952669	modE
PPG85_03145	0.0025302400068237	acrZ
PPG85_03150	0.0641935373585248	modA
PPG85_03155	0.902142929406902	modB
PPG85_03160	0.78098086655016	modC
PPG85_03165	0.0386070008033024	ybhA
PPG85_03170	0.0310351762218036	pgl
PPG85_03175	1.0	ybhD
PPG85_03180	1.0	ybhH
PPG85_03185	1.0	ybhI
PPG85_03190	0.00174520607718674	ybhJ
PPG85_03195	4.27447554145361e-09	ybhC
PPG85_03200	0.15833805513052	ybhB
PPG85_03205	0.0321124794169349	bioA
PPG85_03210	0.632804018511287	bioB
PPG85_03215	1.0	bioF
PPG85_03220	1.0	bioC
PPG85_03230	0.000177282362463154	uvrB
PPG85_03245	0.000109975557409339	moaA
PPG85_03250	0.000243325385623209	moaB
PPG85_03255	0.00411438513289342	moaC
PPG85_03260	0.0270330143523529	moaD
PPG85_03265	0.024035116406684	moaE
PPG85_03270	0.11419564962838	ybhL
PPG85_03275	0.0181593778785741	ybhM
PPG85_03280	1.0	ybhN
PPG85_03285	1.0	clsB
PPG85_03290	1.0	ybhP
PPG85_03295	0.00079336816299121	ybhQ
PPG85_03300	0.180234283124209	ybhR
PPG85_03305	0.391485477370542	ybhS
PPG85_03310	0.595148908804974	ybhF
PPG85_03320	0.0135262870859142	cecR
PPG85_03325	6.31512717797412e-05	rhlE
PPG85_03330	3.53830226791841e-05	ybiA
PPG85_03335	9.00753905611533e-06	dinG
PPG85_03340	0.00350512218396989	ybiB
PPG85_03345	0.00903101902122022	hcxB
PPG85_03355	0.00175106644573841	ybiJ
PPG85_03360	0.00777354390006902	ybiI
PPG85_03365	0.853452265074759	ybiX
PPG85_03370	0.0191092353297006	fiu
PPG85_03375	1.0	mcbA
PPG85_03380	0.140847982555832	rlmF
PPG85_03385	0.139867055600376	ybiO
PPG85_03390	9.41377706182853e-05	glnQ
PPG85_03395	5.26889617109876e-05	glnP
PPG85_03400	9.13479932150771e-08	glnH
PPG85_03405	0.412636119218689	dps
PPG85_03410	0.320592286591293	rhtA
PPG85_03420	0.00812868392431771	ompX
PPG85_03425	0.0206730149920049	opgE
PPG85_03430	9.6112437889109e-08	mntS
PPG85_03435	0.710751911630638	mntR
PPG85_03440	0.429070115963273	ybiR
PPG85_03445	0.140129074416978	ldtB
PPG85_03450	0.000629053186505033	ybiT
PPG85_03455	0.0305385290706917	ybiU
PPG85_03460	0.024923899357903	ybiV
PPG85_03465	0.0170789646890456	ybiW
PPG85_03470	1.0	ybiY
PPG85_03480	0.00816196371216713	moeB
PPG85_03485	0.820811791710896	moeA
PPG85_03490	0.0222486517358843	iaaA
PPG85_03495	0.0351396063615758	gsiA
PPG85_03500	0.0251342794497212	gsiB
PPG85_03505	0.00607056516201706	gsiC
PPG85_03510	0.0826577149359269	gsiD
PPG85_03515	0.00125279748352279	pdeI
PPG85_03520	0.00052715765227059	dgcI
PPG85_03525	2.18665306603049e-05	rimO
PPG85_03530	0.000105215127615077	bssR
PPG85_03535	1.0	yliI
PPG85_03540	0.0675960891509734	gstB
PPG85_03545	0.0388952953928482	dacC
PPG85_03550	0.520239546946413	deoR
PPG85_03555	0.29954312742657	ybjG
PPG85_03560	0.0172030965877988	mdfA
PPG85_03565	1.0	ybjH
PPG85_03570	0.492146426772996	ybjI
PPG85_03575	0.0280412167995997	ybjJ
PPG85_03580	0.54624506566829	rcdA
PPG85_03585	0.00229316732822637	ybjL
PPG85_03590	5.81463426292542e-07	ybjM
PPG85_03595	0.0111348957396377	grxA
PPG85_03600	0.00165442426667368	ybjC
PPG85_03605	9.86820661289498e-07	nfsA
PPG85_03610	0.154993992788074	rimK
PPG85_03615	0.000230928327541508	ybjN
PPG85_03620	0.004761079400043	potF
PPG85_03625	1.0	potG
PPG85_03630	1.0	potH
PPG85_03635	0.135788135593014	potI
PPG85_03640	0.00671282706979078	ybjO
PPG85_03645	0.0247422886802224	rlmC
PPG85_03660	0.0356869060020277	artM
PPG85_03665	0.0393675507921978	artQ
PPG85_03675	0.00138697285986322	artP
PPG85_03680	0.127737185439506	ybjP
PPG85_03685	9.52772769997385e-06	ybjQ
PPG85_03690	0.000348787328007275	amiD
PPG85_03695	0.668169582978272	ybjS
PPG85_03700	0.887118231974702	ybjT
PPG85_03705	0.628972883354879	ltaE
PPG85_03710	0.000114386247651105	poxB
PPG85_03720	0.0159500178516769	hcp
PPG85_03725	0.0801034195895914	lysO
PPG85_03730	0.000144471909573363	aqpZ
PPG85_03735	3.84119330106264e-05	ybjD
PPG85_03740	6.59380972786498e-07	ybjX
PPG85_03745	0.553472674646504	macA
PPG85_03750	0.19823789642461	macB
PPG85_03755	0.334868557406361	cspD
PPG85_03765	0.191741242876367	clpS
PPG85_03770	0.104420467945192	clpA
PPG85_03780	0.0430998925978544	infA
PPG85_03785	5.73127517832055e-05	aat
PPG85_03790	0.779087011587329	cydC
PPG85_03795	0.00202649774341184	cydD
PPG85_03800	7.01068187954188e-05	trxB
PPG85_03805	0.105769859322733	lrp
PPG85_03810	0.0694638581661299	ftsK
PPG85_03815	1.64731796047678e-06	lolA
PPG85_03820	3.59385668656091e-05	rarA
PPG85_03825	0.0243280976014845	serS
PPG85_03830	2.58240954189357e-07	dmsA
PPG85_03840	0.000273183894724522	dmsC
PPG85_03845	0.00117315687037287	ycaC
PPG85_03850	0.0877236188601881	ycaD
PPG85_03855	0.00514094164961785	ycaM
PPG85_03860	0.110694564367374	ycaN
PPG85_03865	0.167174877754152	ycaK
PPG85_03870	0.000478888623547919	pflA
PPG85_03875	6.4404593511246e-05	pflB
PPG85_03880	0.00115645890285355	focA
PPG85_03885	0.0276692575578273	ycaO
PPG85_03890	0.469293806114206	ycaP
PPG85_03895	0.0118313329662825	serC
PPG85_03900	0.000723603304113725	aroA
PPG85_03905	1.64509394654914e-07	ycaL
PPG85_03910	0.301038676317792	cmk
PPG85_03915	0.000778630932632238	rpsA
PPG85_03920	5.48672142164023e-07	ihfB
PPG85_03925	0.00577432708836919	ycaI
PPG85_03930	1.80506487611406e-06	msbA
PPG85_03935	3.87039297108665e-05	lpxK
PPG85_03940	0.64603266862143	ycaQ
PPG85_03945	0.296015614898877	ycaR
PPG85_03950	1.09636075276515e-06	kdsB
PPG85_03955	1.13242286029971e-06	ycbJ
PPG85_03960	0.103992276555072	elyC
PPG85_03965	0.216212826175079	cmoM
PPG85_03970	5.01408725740237e-05	mukF
PPG85_03975	3.0531812160052e-07	mukE
PPG85_03980	1.03505707219057e-06	mukB
PPG85_03985	0.0363355230706451	ldtD
PPG85_03995	0.406614035231152	gloC
PPG85_04000	0.759436582425709	aspC
PPG85_04005	8.67299405796804e-06	ompF
PPG85_04010	0.140868070190301	asnS
PPG85_04015	0.3795076068659	pncB
PPG85_04020	0.897875576386664	pepN
PPG85_04025	0.000253637728675422	ssuB
PPG85_04030	6.95493097710184e-05	ssuC
PPG85_04035	7.94471667616836e-05	ssuD
PPG85_04040	5.60239961373128e-05	ssuA
PPG85_04045	0.000186455483987746	ssuE
PPG85_04050	1.0	elfA
PPG85_04055	1.0	elfD
PPG85_04060	1.0	elfC
PPG85_04065	4.01624159036442e-05	elfG
PPG85_04070	1.0	ycbU
PPG85_04075	1.0	ycbV
PPG85_04080	1.0	ycbF
PPG85_04085	0.203028468831704	pyrD
PPG85_04090	0.00845495599266822	zapC
PPG85_04095	0.0750842553588601	ycbX
PPG85_04105	0.121979635618409	uup
PPG85_04110	6.65021830002033e-06	pqiA
PPG85_04115	8.15809290928085e-06	pqiB
PPG85_04120	2.57896112721898e-05	pqiC
PPG85_04125	3.1107532183639e-07	rmf
PPG85_04130	3.83732606373156e-07	fabA
PPG85_04135	0.0254491072997574	ycbZ
PPG85_04145	0.888057940428185	ompA
PPG85_04150	6.13091377375408e-08	sulA
PPG85_04155	6.8542624329e-07	sxy
PPG85_04160	0.513708135296303	yccS
PPG85_04165	0.796366334762428	yccF
PPG85_04170	0.00261266668193886	helD
PPG85_04175	0.000262368127076416	mgsA
PPG85_04180	1.0	yccT
PPG85_04185	0.993194623117968	yccU
PPG85_04190	0.470486842899845	hspQ
PPG85_04195	0.704962216420293	rlmI
PPG85_04200	0.188011312695514	yccX
PPG85_04205	0.00163322180049094	tusE
PPG85_04210	0.164953988691595	yccA
PPG85_04215	1.0	hyaA
PPG85_04220	1.0	hyaB
PPG85_04225	1.0	hyaC
PPG85_04230	1.0	hyaD
PPG85_04235	1.0	hyaE
PPG85_04240	1.0	hyaF
PPG85_04250	0.0849349302085317	appB
PPG85_04260	0.722719291799909	appA
PPG85_04265	0.000176085752753515	cspH
PPG85_04270	9.50176355907983e-06	cspG
PPG85_04275	1.42647053509142e-06	ymcF
PPG85_04280	0.000222409296031609	ymcE
PPG85_04285	1.02693886761622e-05	gnsA
PPG85_04290	1.0	yccM
PPG85_04295	0.0326865973627307	torS
PPG85_04300	1.0	torT
PPG85_04305	0.630935985250952	torR
PPG85_04310	1.0	torC
PPG85_04315	0.176280038562818	torA
PPG85_04320	1.0	torD
PPG85_04325	0.0684076747525055	cbpM
PPG85_04330	0.00574285863784974	cbpA
PPG85_04335	1.0	yccE
PPG85_04340	0.00174059642230298	agp
PPG85_04345	1.45389411093519e-05	yccJ
PPG85_04350	3.70299676969237e-05	wrbA
PPG85_04355	0.00119377178753914	ymdF
PPG85_04365	1.0	rutG
PPG85_04370	1.0	rutF
PPG85_04375	1.0	rutE
PPG85_04380	1.0	rutD
PPG85_04385	1.0	rutC
PPG85_04390	1.0	rutB
PPG85_04395	1.0	rutA
PPG85_04400	0.155093712467583	rutR
PPG85_04405	6.54992088810346e-09	putA
PPG85_04415	1.13527030690843e-05	putP
PPG85_04425	7.83094566579896e-05	efeO
PPG85_04430	0.00330320042619384	efeB
PPG85_04440	0.0996756749546066	phoH
PPG85_04455	2.80996934577064e-05	ghrA
PPG85_04460	0.0306833946851716	ycdX
PPG85_04465	0.240905903600831	ycdY
PPG85_04470	1.1806711551794e-07	ycdZ
PPG85_04475	1.0	csgG
PPG85_04480	1.0	csgF
PPG85_04485	1.0	csgE
PPG85_04490	1.0	csgD
PPG85_04495	1.0	csgB
PPG85_04500	1.0	csgA
PPG85_04505	1.0	csgC
PPG85_04510	1.0	ymdA
PPG85_04515	0.00011678873846849	ymdB
PPG85_04520	0.00409103597705471	clsC
PPG85_04540	1.0	yceK
PPG85_04550	0.00685183431209156	mdtG
PPG85_04555	0.389413546470848	lpxL
PPG85_04565	5.13508863177889e-05	yceI
PPG85_04570	1.0	yceJ
PPG85_04580	0.857683750902513	solA
PPG85_04585	0.240954286973203	bssS
PPG85_04590	2.59517659174414e-07	dinI
PPG85_04595	0.300444694451165	pyrC
PPG85_04600	0.000592556161891378	yceB
PPG85_04605	0.00208384793916536	grxB
PPG85_04615	0.00488550523729472	rimJ
PPG85_04620	0.000297071821494008	yceH
PPG85_04625	0.000287651169736436	yceM
PPG85_04630	0.440659169624025	murJ
PPG85_04635	0.0613064493626193	rne
PPG85_04640	0.210618012255677	rluC
PPG85_04645	0.000139161465116544	yceF
PPG85_04650	0.000109544695161472	yceD
PPG85_04655	0.180992559796835	rpmF
PPG85_04660	0.448459653044564	plsX
PPG85_04665	8.28257969271666e-05	fabH
PPG85_04670	5.42362697249816e-06	fabD
PPG85_04675	0.00859099844613969	fabG
PPG85_04680	0.00452502965465393	acpP
PPG85_04685	0.000137008737418244	fabF
PPG85_04690	0.409044958428185	pabC
PPG85_04700	0.608034788534473	tmk
PPG85_04705	0.0216109611399916	holB
PPG85_04710	0.58410818520227	ycfH
PPG85_04715	1.9359438007716e-07	ptsG
PPG85_04720	0.0915812588216179	fhuE
PPG85_04725	0.138901923541582	hinT
PPG85_04730	0.912435325149915	ycfL
PPG85_04735	0.877081678951495	lpoB
PPG85_04740	0.00505598875939803	thiK
PPG85_04745	0.0507329770089402	nagZ
PPG85_04750	0.0701436728096407	ycfP
PPG85_04755	1.52589359925823e-06	ndh
PPG85_04760	0.0932435849980141	ycfJ
PPG85_04765	1.44128768281232e-05	comR
PPG85_04770	0.0975213634450411	bhsA
PPG85_04775	0.0893764476519609	ldtC
PPG85_04780	0.135723403575086	mfd
PPG85_04785	1.0	ycfT
PPG85_04790	0.744160224672792	lolC
PPG85_04795	0.524837851864408	lolD
PPG85_04800	0.163375399494163	lolE
PPG85_04805	8.85260637002034e-05	nagK
PPG85_04810	0.000229855636027682	cobB
PPG85_04815	1.0	ycfZ
PPG85_04820	1.0	ymfA
PPG85_04825	0.0311641983786118	potD
PPG85_04830	0.672589033340238	potC
PPG85_04835	0.0278752555887326	potB
PPG85_04840	0.324376863742206	potA
PPG85_04845	0.000158861100719521	pepT
PPG85_04850	0.0959689424922796	roxA
PPG85_04855	0.00417619578320694	phoQ
PPG85_04860	0.00213195976838764	phoP
PPG85_04865	0.17705017512712	purB
PPG85_04870	0.00118671141086074	hflD
PPG85_04875	0.00715750919453329	mnmA
PPG85_04880	0.12731424033707	nudJ
PPG85_04885	0.0140020316066624	rluE
PPG85_04890	0.000191966931244251	icd
PPG85_04920	4.36794537564783e-06	minE
PPG85_04925	1.20878340154879e-06	minD
PPG85_04930	2.99957638431986e-05	minC
PPG85_04935	0.0852109939502786	ycgJ
PPG85_04940	0.221792024951901	pliG
PPG85_04950	0.274071055500648	ycgM
PPG85_04955	0.0385469231959722	ycgN
PPG85_04960	1.0	hlyE
PPG85_04965	0.00398453627281866	umuD
PPG85_04970	0.00415031822727216	umuC
PPG85_04975	4.07913120326404e-05	dsbB
PPG85_04980	0.110356442922083	nhaB
PPG85_04985	0.0115991846916469	fadR
PPG85_04990	0.599661290093691	ycgB
PPG85_04995	9.80781377302385e-07	dadA
PPG85_05000	3.12883999427762e-05	dadX
PPG85_05005	0.494701755481364	cvrA
PPG85_05010	0.341294581399996	ldcA
PPG85_05015	0.00421363361416447	emtA
PPG85_05020	1.0	ycgR
PPG85_05025	1.0	ymgE
PPG85_05030	1.0	ycgY
PPG85_05035	0.0012150263019739	treA
PPG85_05040	4.00365251499464e-05	dhaM
PPG85_05045	0.000272586522707912	dhaL
PPG85_05050	0.128010738177984	dhaK
PPG85_05055	0.492048868762344	dhaR
PPG85_05060	0.219182894927115	ycgV
PPG85_05065	0.0179175466076993	ychF
PPG85_05070	0.0127835047831199	pth
PPG85_05075	2.05951856585405e-05	ychH
PPG85_05080	0.00120021404068521	dauA
PPG85_05085	1.13961124955457e-06	prs
PPG85_05090	0.037641511880307	ispE
PPG85_05095	0.0340654502859063	lolB
PPG85_05100	0.657335014273836	hemA
PPG85_05105	1.79683108264812e-08	prmC
PPG85_05120	0.352297542166527	kdsA
PPG85_05140	0.537234725939717	chaA
PPG85_05145	0.335575589986008	chaB
PPG85_05150	0.00111382641250991	chaC
PPG85_05155	0.0201064828501548	ychN
PPG85_05160	0.609766173147755	ychO
PPG85_05165	0.000679071641679301	narL
PPG85_05170	0.395805278447519	narX
PPG85_05175	0.0434371680330872	narK
PPG85_05180	0.0293225977876282	narG
PPG85_05190	0.213307923979734	narJ
PPG85_05230	0.00834046489981888	purU
PPG85_05235	0.0839518138100116	ychJ
PPG85_05240	0.76252692421459	rssA
PPG85_05245	0.729272599450292	rssB
PPG85_05250	0.676367873569614	galU
PPG85_05255	0.289246958335572	hns
PPG85_05260	0.0252618016911215	tdk
PPG85_05270	4.51302564458113e-06	adhE
PPG85_05285	0.0117522367302497	oppA
PPG85_05290	0.00194338203719864	oppB
PPG85_05295	0.00085018832236623	oppC
PPG85_05300	0.000159376178028476	oppD
PPG85_05305	0.00491016088313356	oppF
PPG85_05310	0.75959886614652	yciU
PPG85_05320	3.1387140951079e-08	yciY
PPG85_05325	0.723798722105456	kch
PPG85_05330	9.58325166769176e-05	yciI
PPG85_05335	0.0481664339930249	tonB
PPG85_05340	0.987050157739406	yciA
PPG85_05345	0.0156798210685971	yciB
PPG85_05350	0.011592091787472	yciC
PPG85_05365	1.0	yciE
PPG85_05370	1.0	yciF
PPG85_05375	1.0	yciG
PPG85_05380	0.00110597880701945	trpA
PPG85_05385	0.000619569145219726	trpB
PPG85_05395	1.0	trpD
PPG85_05400	0.984436827061224	trpE
PPG85_05405	1.0	trpL
PPG85_05415	0.0363168806571088	yciO
PPG85_05420	2.26895356395011e-05	yciQ
PPG85_05425	0.301502869643068	rluB
PPG85_05435	0.725887489091541	yciK
PPG85_05440	0.490737878133107	sohB
PPG85_05445	4.71960933102567e-05	yciN
PPG85_05450	0.0313801986802361	topA
PPG85_05455	0.000149791368829231	cysB
PPG85_05460	0.616346085945909	ymiA
PPG85_05465	0.00493018583957891	yciX
PPG85_05470	4.65196007544676e-09	ymiC
PPG85_05475	0.00415477853234284	acnA
PPG85_05480	0.852109283119345	ribA
PPG85_05485	0.798920930164855	pgpB
PPG85_05490	0.755075055654188	lapA
PPG85_05495	0.100482750246579	lapB
PPG85_05500	5.54628175326009e-05	pyrF
PPG85_05505	0.0154657010606486	yciH
PPG85_05510	0.000115260011285514	osmB
PPG85_05515	0.0675108720518301	yciT
PPG85_05520	0.277248066498093	yciZ
PPG85_05530	3.91054084694607e-05	pdeR
PPG85_05540	0.0758606099757286	rnb
PPG85_05545	0.00065846250998621	yciW
PPG85_05550	0.000621300866947491	fabI
PPG85_05555	1.0	ycjD
PPG85_05560	0.139729189063371	sapF
PPG85_05565	0.00133393586937528	sapD
PPG85_05570	9.80096970648365e-10	sapC
PPG85_05575	2.03455369167178e-06	sapB
PPG85_05580	1.90282194657051e-07	sapA
PPG85_05585	0.0298805440604952	ymjA
PPG85_05590	0.00783828083147405	puuP
PPG85_05600	0.286657793280553	puuA
PPG85_05605	1.0	puuD
PPG85_05610	0.806319313875106	puuR
PPG85_05615	0.271323182368514	puuC
PPG85_05620	1.0	puuB
PPG85_05625	1.0	puuE
PPG85_05630	0.000199814616061851	pspF
PPG85_05635	0.00902235114720245	pspA
PPG85_05640	0.132065392466262	pspB
PPG85_05645	0.14612743937586	pspC
PPG85_05650	1.0	pspD
PPG85_05655	0.000150048787004928	pspE
PPG85_05660	0.000152241967395536	ycjM
PPG85_05665	0.0358769620186528	ycjN
PPG85_05670	0.0438822170255415	ycjO
PPG85_05675	1.0	ycjP
PPG85_05680	0.378563192849069	ycjQ
PPG85_05685	0.664509104707601	ycjR
PPG85_05690	1.0	ycjS
PPG85_05695	1.0	ycjT
PPG85_05710	1.0	ompG
PPG85_05715	0.63682663722066	ycjW
PPG85_05720	0.00382247667133003	ycjX
PPG85_05725	0.00145935462183506	ycjF
PPG85_05730	0.00233654140045406	tyrR
PPG85_05735	0.0001761265825769	tpx
PPG85_05740	0.000743290940436784	fnr
PPG85_05745	0.443559729592326	ogt
PPG85_05750	0.0234623418917203	azoR
PPG85_05755	0.000302107796873386	hrpA
PPG85_05760	2.51321944952301e-07	ydcF
PPG85_05765	0.00313191182426054	aldA
PPG85_05775	0.0895174743015975	cybB
PPG85_05800	1.0	trg
PPG85_05805	2.32744914791156e-05	ydcI
PPG85_05810	0.0107310922090199	ydcJ
PPG85_05815	0.0760915449528932	opgD
PPG85_05820	0.00948506253281522	ydcH
PPG85_05825	0.0731572428031099	rimL
PPG85_05830	0.0763552000781931	ydcK
PPG85_05835	0.239923761942372	tehA
PPG85_05840	0.00411595625200075	tehB
PPG85_05845	0.0855807770835355	ydcL
PPG85_05855	0.000285072657176052	insQ
PPG85_05860	0.0477806252196482	ydcO
PPG85_05870	0.0131370797869557	rlhA
PPG85_05875	1.0	yncJ
PPG85_05880	1.0	hicA
PPG85_05885	0.00564352633459105	hicB
PPG85_05895	0.286436901356052	ydcS
PPG85_05900	0.00146943913863162	ydcT
PPG85_05905	0.469108420195449	ydcU
PPG85_05910	0.223705875314714	ydcV
PPG85_05915	0.0060911637526915	patD
PPG85_05920	0.0192538185061943	yncL
PPG85_05925	0.000608428363140847	ortT
PPG85_05930	8.10779679395565e-05	ydcY
PPG85_05935	0.00562041796287587	ydcZ
PPG85_05945	0.0490671711107805	curA
PPG85_05950	1.0	mcbR
PPG85_05955	0.0165889969938741	yncD
PPG85_05960	0.017697727069474	yncE
PPG85_05965	0.595382072039604	ansP
PPG85_05970	1.0	yncG
PPG85_05975	1.0	yncH
PPG85_05985	0.268905235580495	nhoA
PPG85_05990	3.17337959756254e-05	yddE
PPG85_06000	1.0	narW
PPG85_06010	0.374351128494162	narZ
PPG85_06015	1.0	narU
PPG85_06030	0.0883160001629816	yddG
PPG85_06040	0.0576452609455683	fdnH
PPG85_06045	0.47239675002546	fdnI
PPG85_06050	0.0123849911658789	yddM
PPG85_06055	0.00925180609714269	adhP
PPG85_06060	3.79732185587141e-06	maeA
PPG85_06065	0.961145859523844	sra
PPG85_06070	1.0	bdm
PPG85_06075	0.0647946220335096	osmC
PPG85_06080	0.000210692358941354	ddpF
PPG85_06085	0.000289474822222289	ddpD
PPG85_06090	1.0	ddpC
PPG85_06095	1.0	ddpB
PPG85_06100	0.0163138034318764	ddpA
PPG85_06105	1.0	ddpX
PPG85_06110	0.0264224995467926	dosP
PPG85_06115	0.701943676950043	dosC
PPG85_06130	1.0	gadC
PPG85_06135	0.00936908949930461	gadB
PPG85_06140	0.501180525910202	pqqL
PPG85_06145	0.192151014630694	yddB
PPG85_06150	0.0934599482306219	yddA
PPG85_06160	0.996465937577255	ydeM
PPG85_06165	0.2890553081928	ydeN
PPG85_06170	1.0	ydeO
PPG85_06175	1.0	safA
PPG85_06180	0.0792988384390456	ydeP
PPG85_06185	1.0	ydeQ
PPG85_06190	1.0	ydeR
PPG85_06195	1.0	ydeS
PPG85_06210	0.00144986230804775	hipA
PPG85_06215	1.0	hipB
PPG85_06225	0.000894682748913527	lsrK
PPG85_06230	0.40896001976443	lsrR
PPG85_06235	1.0	lsrA
PPG85_06240	0.014590138266135	lsrC
PPG85_06245	0.255452784376869	lsrD
PPG85_06250	0.61199699419449	lsrB
PPG85_06255	0.804313060004829	lsrF
PPG85_06260	0.366062775971837	lsrG
PPG85_06265	0.800972340988288	tam
PPG85_06270	0.153656471233242	yneE
PPG85_06275	0.00134002708165709	uxaB
PPG85_06285	0.0752862233669169	yneG
PPG85_06290	0.847118989671555	glsB
PPG85_06295	0.380292017381817	sad
PPG85_06300	0.671089043746486	yneJ
PPG85_06305	1.0	yneK
PPG85_06310	0.000749071519392772	ydeA
PPG85_06315	0.000393675143509534	marC
PPG85_06320	0.535275909677414	marR
PPG85_06325	0.000197093710502323	marA
PPG85_06330	0.088994688917938	marB
PPG85_06335	0.00172098574941934	eamA
PPG85_06340	0.0128719469437535	ydeE
PPG85_06345	2.49230195438442e-08	mgtS
PPG85_06355	0.101580780106309	dgcZ
PPG85_06360	0.0822788346228351	ydeI
PPG85_06365	1.0	ydeJ
PPG85_06370	2.39098701081465e-09	dcp
PPG85_06375	0.00707262098574111	rspB
PPG85_06380	0.12714558318197	rspA
PPG85_06385	0.243662525389645	ynfA
PPG85_06390	0.00128305733440471	ynfB
PPG85_06395	0.21712046484821	speG
PPG85_06400	5.72101316774471e-08	ynfC
PPG85_06405	1.2874223652747e-05	ynfD
PPG85_06410	1.0	ynfE
PPG85_06415	0.852800065890662	ynfF
PPG85_06425	0.737292144208566	ynfH
PPG85_06430	0.620183004476681	dmsD
PPG85_06435	0.00038315351918838	clcB
PPG85_06445	0.000142507549136006	mlc
PPG85_06450	0.0220439130697688	ynfL
PPG85_06455	0.873594718689686	ynfM
PPG85_06460	1.0	asr
PPG85_06470	0.000291880115131023	ydgD
PPG85_06475	4.31367626299003e-09	mdtI
PPG85_06480	2.23568386485421e-09	mdtJ
PPG85_06485	0.000300945480350556	tqsA
PPG85_06490	0.0160355328747479	pntB
PPG85_06495	0.0833157897908452	pntA
PPG85_06500	0.00214909156030944	ydgH
PPG85_06505	0.0831088388650883	ydgI
PPG85_06510	0.0147761291211055	folM
PPG85_06515	0.997640879752596	ydgC
PPG85_06520	0.0527976231653745	rstA
PPG85_06525	0.340699607113376	rstB
PPG85_06530	0.132319302992412	tus
PPG85_06535	0.023894779736	fumC
PPG85_06545	0.000413328029494311	manA
PPG85_06550	1.07536570777027e-09	ydgA
PPG85_06555	1.0	uidC
PPG85_06560	0.722929895802762	uidB
PPG85_06565	8.36824343975696e-06	uidA
PPG85_06570	0.000598396262262854	uidR
PPG85_06575	0.148126726025701	hdhA
PPG85_06580	0.299022260044461	malI
PPG85_06585	7.63697767337205e-07	malX
PPG85_06590	1.07524326155922e-05	malY
PPG85_06595	0.275635086182956	add
PPG85_06600	0.065407419375866	ydgJ
PPG85_06605	0.000245735525417343	blr
PPG85_06615	0.035097267817915	ydgK
PPG85_06620	0.00243398330331953	rsxA
PPG85_06625	0.68523402277634	rsxB
PPG85_06630	0.00131779502605651	rsxC
PPG85_06635	0.299336872332638	rsxD
PPG85_06640	0.000877381328306305	rsxG
PPG85_06645	0.0450565929918209	rsxE
PPG85_06650	0.0986501967931053	nth
PPG85_06655	4.49415101054636e-05	dtpA
PPG85_06660	0.0165820806548866	gstA
PPG85_06665	0.000123875477582352	pdxY
PPG85_06670	0.000237162978545623	tyrS
PPG85_06675	0.000946989068455536	pdxH
PPG85_06680	0.00268257427503646	mliC
PPG85_06685	0.514990248305152	anmK
PPG85_06690	0.000165111410276465	slyB
PPG85_06695	9.95515322343192e-06	slyA
PPG85_06700	0.0468692371081414	ydhI
PPG85_06705	0.919072750061635	ydhJ
PPG85_06710	0.911241711325119	ydhK
PPG85_06715	0.998824954183189	sodC
PPG85_06720	0.0271349927930588	ydhF
PPG85_06725	1.0	ydhL
PPG85_06730	0.973653228244366	nemR
PPG85_06735	0.0906584100928016	nemA
PPG85_06740	0.000464780969377614	gloA
PPG85_06745	0.525041106029555	rnt
PPG85_06750	0.225709340215291	lhr
PPG85_06755	0.0382943756794147	grxD
PPG85_06760	0.0022988433874572	mepH
PPG85_06765	1.51325298033146e-06	sodB
PPG85_06770	0.000316844850694245	ydhP
PPG85_06780	0.0435798671259937	purR
PPG85_06795	9.49551292610039e-06	cfa
PPG85_06805	0.00103257467329189	mdtK
PPG85_06810	0.0200257896676501	ydhQ
PPG85_06825	0.000128976274086396	ydhR
PPG85_06830	0.470264711836676	ydhS
PPG85_06835	1.0	ydhT
PPG85_06840	1.0	ydhU
PPG85_06845	1.0	ydhX
PPG85_06850	1.0	ydhW
PPG85_06855	1.0	ydhV
PPG85_06860	1.0	ydhY
PPG85_06865	2.69340337536775e-07	fumD
PPG85_06875	5.69450552815669e-06	pykF
PPG85_06880	0.210662054628056	lpp
PPG85_06885	0.509144563475274	ldtE
PPG85_06890	0.377283062732286	sufE
PPG85_06895	0.686991703108125	sufS
PPG85_06900	0.773216030105921	sufD
PPG85_06905	0.0704136991251868	sufC
PPG85_06910	0.302814598082128	sufB
PPG85_06915	0.000199154831957595	sufA
PPG85_06920	3.23650029541395e-08	ydiH
PPG85_06925	0.0400070612141952	menI
PPG85_06930	0.614084550051084	ydiJ
PPG85_06935	0.0349749818952	ydiK
PPG85_06945	1.0	ydiL
PPG85_06950	1.0	ydiM
PPG85_06955	1.0	ydiN
PPG85_06960	1.0	ydiB
PPG85_06965	0.0340054567618304	aroD
PPG85_06970	1.0	ydiF
PPG85_06975	1.0	ydiO
PPG85_06980	0.659195123928431	ydiP
PPG85_06985	1.0	ydiQ
PPG85_06990	1.0	ydiR
PPG85_06995	1.0	ydiS
PPG85_07000	1.0	ydiT
PPG85_07010	1.1495830212522e-06	ppsA
PPG85_07015	3.63424774461234e-05	ppsR
PPG85_07035	0.0907097729984587	ydiV
PPG85_07040	0.556509885553405	nlpC
PPG85_07045	0.0239756757701782	btuD
PPG85_07050	0.00422706623813263	btuE
PPG85_07055	0.419311853358197	btuC
PPG85_07060	0.00107371095246315	ihfA
PPG85_07065	9.46512129766441e-06	pheT
PPG85_07070	1.27030123071958e-05	pheS
PPG85_07075	0.830691663813888	pheM
PPG85_07095	0.000859014186492547	thrS
PPG85_07105	1.0	yniD
PPG85_07110	1.34631364660925e-07	ydiY
PPG85_07115	0.00148359663269369	pfkB
PPG85_07125	5.9298288700643e-06	yniA
PPG85_07130	0.00839674754395795	yniB
PPG85_07135	0.000811546955273852	hxpB
PPG85_07140	5.62498044379846e-06	ydjM
PPG85_07145	0.16511778406424	tcyP
PPG85_07150	1.0	ydjO
PPG85_07155	0.419395773549241	cedA
PPG85_07160	0.00110253166124518	katE
PPG85_07165	0.0770645057332411	chbG
PPG85_07180	0.239915635438447	chbA
PPG85_07185	0.550902917621432	chbC
PPG85_07190	0.596535792711941	chbB
PPG85_07195	0.00225170048597624	osmE
PPG85_07200	0.385427769519296	nadE
PPG85_07205	1.1692663482244e-06	cho
PPG85_07210	1.0	ves
PPG85_07215	0.979845583428579	spy
PPG85_07220	0.0750123226105638	astE
PPG85_07225	0.00532162754303003	astB
PPG85_07230	0.0133796618036034	astD
PPG85_07235	0.00271891804022535	astA
PPG85_07240	0.0119667133423053	astC
PPG85_07245	0.00015777834623472	xthA
PPG85_07250	0.00313026203227268	ydjX
PPG85_07255	0.0428907382973305	ydjY
PPG85_07260	0.109876167794052	ydjZ
PPG85_07265	0.701178803903156	ynjA
PPG85_07270	0.255641424455977	ynjB
PPG85_07275	0.000102932427375024	ynjC
PPG85_07280	0.065011955465152	ynjD
PPG85_07285	0.00227582981311256	ynjE
PPG85_07290	0.00636271617418926	ynjF
PPG85_07295	0.919691963763302	nudG
PPG85_07300	0.000128533623946977	ynjH
PPG85_07305	0.26612696020912	gdhA
PPG85_07310	0.587826623143615	ynjI
PPG85_07315	0.970742538826897	topB
PPG85_07320	0.00264149624810799	selD
PPG85_07325	0.0415693361894551	ydjA
PPG85_07330	0.672689926747299	sppA
PPG85_07335	0.788128468442294	ansA
PPG85_07340	0.0479610173792454	pncA
PPG85_07345	1.0	ydjE
PPG85_07350	0.0767577723854776	ydjF
PPG85_07355	0.000361132531845323	ydjG
PPG85_07360	0.283016650062884	ydjH
PPG85_07365	0.0012014405821354	ydjI
PPG85_07370	5.50056110550929e-06	ydjJ
PPG85_07375	1.0	ydjK
PPG85_07380	0.217587474365247	ydjL
PPG85_07385	0.000124993177614615	yeaC
PPG85_07390	0.000358746682920839	msrB
PPG85_07395	7.43260338215081e-05	gapA
PPG85_07400	0.000901606764768988	yeaD
PPG85_07405	0.0232475673105424	yeaE
PPG85_07410	0.00088888635930963	mipA
PPG85_07415	0.421357822947827	yeaG
PPG85_07420	0.0550473035994135	yeaH
PPG85_07435	0.0516712053418541	yeaK
PPG85_07440	1.0	yoaI
PPG85_07445	0.0429517222320285	yeaL
PPG85_07450	0.525671874850103	nimR
PPG85_07455	0.0744965042272972	nimT
PPG85_07460	3.56222187984727e-06	yeaO
PPG85_07465	9.31315205623928e-06	yoaF
PPG85_07470	5.7029794574131e-06	dgcP
PPG85_07475	0.0710175448764811	yoaK
PPG85_07480	0.0265559580168056	yoaJ
PPG85_07485	0.744758008888939	yeaQ
PPG85_07490	1.0	yoaG
PPG85_07495	0.101106231841734	yeaR
PPG85_07500	0.00473779994096738	leuE
PPG85_07505	0.0129244628696431	dmlR
PPG85_07510	1.0	dmlA
PPG85_07520	0.0574158494051582	yeaW
PPG85_07525	1.0	yeaX
PPG85_07530	0.0965400095024649	rnd
PPG85_07535	0.000369171553286681	fadD
PPG85_07540	0.00155423647757256	yeaY
PPG85_07545	0.00282577358934302	tsaB
PPG85_07550	0.368006006849853	yoaA
PPG85_07555	0.56363996792825	yoaB
PPG85_07560	0.00011567248132966	yoaC
PPG85_07565	0.000232720451220286	yoaH
PPG85_07570	0.00196212552408143	pabB
PPG85_07575	0.97138535093334	nudL
PPG85_07580	4.73373290764849e-07	sdaA
PPG85_07585	1.0	pdeD
PPG85_07590	3.34849816417064e-07	yoaE
PPG85_07595	2.15881757846259e-07	yoaL
PPG85_07600	2.93309008569453e-06	manX
PPG85_07605	1.14005456569855e-05	manY
PPG85_07610	9.09050953655047e-08	manZ
PPG85_07615	0.000215665077163148	yobD
PPG85_07620	1.0	mntP
PPG85_07625	3.33587699903539e-05	rlmA
PPG85_07635	0.621417483485239	yobF
PPG85_07640	0.000113115052136913	yebO
PPG85_07645	0.330337315503758	mgrB
PPG85_07655	0.000134793238502734	kdgR
PPG85_07660	0.847769812422764	yebQ
PPG85_07665	0.118454849873627	htpX
PPG85_07670	3.95395269994654e-05	prc
PPG85_07675	0.152305063281396	proQ
PPG85_07680	0.670731583868063	msrC
PPG85_07685	0.0725654122271709	yebS
PPG85_07690	2.68515347764057e-06	yebT
PPG85_07695	0.299907917836077	rsmF
PPG85_07700	0.157369807887792	yebV
PPG85_07705	1.0	yebW
PPG85_07710	1.0	pphA
PPG85_07715	0.0183371362165809	yebY
PPG85_07725	0.00946209828898059	yobA
PPG85_07730	0.651740219649035	holE
PPG85_07735	0.0266301793378436	yobB
PPG85_07740	0.754765784197148	exoX
PPG85_07745	0.0528483085121399	ptrB
PPG85_07750	0.0546929569210878	yebE
PPG85_07755	0.00187718075722681	yebF
PPG85_07760	8.44274746207563e-07	yebG
PPG85_07765	0.304951042277683	purT
PPG85_07775	0.0026357985551077	edd
PPG85_07780	0.398021025659932	zwf
PPG85_07795	0.0716928057518532	lpxM
PPG85_07800	0.00040514720126108	mepM
PPG85_07805	0.200547887578081	znuA
PPG85_07810	0.84349001103617	znuC
PPG85_07815	0.346623826481498	znuB
PPG85_07820	0.804211558119094	ruvB
PPG85_07825	0.000228670620264455	ruvA
PPG85_07830	1.0	yobI
PPG85_07835	1.0	yebB
PPG85_07840	0.873593602769723	ruvC
PPG85_07845	0.0250048983291883	yebC
PPG85_07850	0.000820987532695569	nudB
PPG85_07855	0.000323420747174879	aspS
PPG85_07860	0.000521634038819217	yecD
PPG85_07865	0.00329894191054146	yecE
PPG85_07870	0.180731067950251	yecN
PPG85_07875	0.00970308412656661	cmoA
PPG85_07880	0.395646896032781	cmoB
PPG85_07885	0.0497162230779208	torZ
PPG85_07890	1.0	torY
PPG85_07895	0.163177123227471	cutC
PPG85_07900	0.910657807771063	yecM
PPG85_07905	0.000187481105967236	argS
PPG85_07915	1.0	yecT
PPG85_07920	1.0	uspC
PPG85_07925	0.192156626085743	otsA
PPG85_07930	0.627780967082136	otsB
PPG85_07935	0.31640042736501	araH
PPG85_07945	0.0708045641645163	araF
PPG85_07950	0.615362530416261	ftnB
PPG85_07955	0.269527024932368	yecJ
PPG85_07960	0.000313039222241991	azuC
PPG85_07965	1.0	yecR
PPG85_07970	0.795922953107073	ftnA
PPG85_07975	0.0040182740864396	yecH
PPG85_07980	0.244119065367292	tyrP
PPG85_07985	0.0582781219906513	yecA
PPG85_08005	3.39796978321889e-07	pgsA
PPG85_08010	0.0357290680045917	uvrC
PPG85_08015	0.122604528386408	uvrY
PPG85_08020	1.0	yecU
PPG85_08025	0.0377513282498609	yecF
PPG85_08030	2.49541686842769e-05	sdiA
PPG85_08035	0.0438845984103855	rcsA
PPG85_08040	0.66593643953715	dsrB
PPG85_08045	0.0317537347776751	yodD
PPG85_08050	1.0	yedP
PPG85_08055	5.31818960172577e-05	dgcQ
PPG85_08060	0.170482716837507	yodC
PPG85_08065	0.0929081390712471	yedI
PPG85_08070	0.0220293933673015	yedA
PPG85_08075	0.0828365684054206	vsr
PPG85_08080	0.00181622757506045	dcm
PPG85_08085	0.00107770466856277	yedJ
PPG85_08100	0.223843512345307	hchA
PPG85_08105	8.31435821352451e-07	hprS
PPG85_08110	1.37839097251384e-05	hprR
PPG85_08120	0.000643545266389752	msrP
PPG85_08125	0.00218685466495902	msrQ
PPG85_08130	0.0185710094185538	zinT
PPG85_08135	1.0	yodB
PPG85_08140	5.06958823294355e-05	mtfA
PPG85_08150	0.457210924155501	yeeJ
PPG85_08160	0.00163232029993298	shiA
PPG85_08165	5.95609995530188e-05	amn
PPG85_08170	0.386833821391187	yeeN
PPG85_08180	0.00108753187448112	yeeO
PPG85_08190	0.000164082964828454	cbl
PPG85_08195	1.0	nac
PPG85_08205	0.0542662070982726	ldtA
PPG85_08210	0.000145114654829116	cobT
PPG85_08215	0.00224307673284125	cobS
PPG85_08220	0.000617284104939561	cobU
PPG85_08230	0.000452999419222913	sbmC
PPG85_08235	0.00449100609716033	dacD
PPG85_08240	0.0944895878631071	sbcB
PPG85_08255	3.29100645078457e-05	plaP
PPG85_08260	0.606482987207629	yoeI
PPG85_08265	0.56697019283013	yeeY
PPG85_08270	0.00133592168866422	yeeZ
PPG85_08275	0.0374614644445543	yoeB
PPG85_08280	0.0122312284036527	yefM
PPG85_08285	1.3198591104107e-05	hisL
PPG85_08290	0.220429628293281	hisG
PPG85_08295	0.371480307708917	hisD
PPG85_08305	0.0807611763845674	hisB
PPG85_08310	0.538911862166677	hisH
PPG85_08315	0.116647471492704	hisA
PPG85_08320	0.430633809828117	hisF
PPG85_08330	0.0124522865038044	wzzB
PPG85_08335	0.411913963472878	ugd
PPG85_08345	0.0342862005712884	yegH
PPG85_08350	0.0100371028425143	asmA
PPG85_08355	0.0851946997894194	dcd
PPG85_08360	1.05977914728396e-05	udk
PPG85_08365	0.235222270834003	dgcE
PPG85_08370	0.0751018371622356	alkA
PPG85_08375	0.000749940516713398	yegD
PPG85_08380	1.0	yegI
PPG85_08385	1.0	yegJ
PPG85_08390	1.0	pphC
PPG85_08395	1.0	yegL
PPG85_08400	0.358227794202821	ibsA
PPG85_08410	0.8537271519205	mdtA
PPG85_08415	0.225123579338315	mdtB
PPG85_08420	0.565559149510951	mdtC
PPG85_08430	0.0474708772395689	baeS
PPG85_08435	0.0988939483722501	baeR
PPG85_08440	0.0712298968038385	fbaB
PPG85_08445	0.00308624222892935	yegT
PPG85_08450	0.949209715426322	yegU
PPG85_08455	0.438038264161127	yegV
PPG85_08460	0.00709075700389522	yegW
PPG85_08465	0.166499875877672	yegX
PPG85_08470	0.335956951080864	thiD
PPG85_08475	0.483342459543441	thiM
PPG85_08480	0.488102893051179	rcnR
PPG85_08485	9.30874684624804e-05	rcnA
PPG85_08490	0.00018826590761103	rcnB
PPG85_08495	1.0	yehA
PPG85_08500	0.000407834285647992	yehB
PPG85_08505	1.0	yehC
PPG85_08510	1.0	yehD
PPG85_08515	0.293837660310476	yehE
PPG85_08525	1.71928174721759e-05	metG
PPG85_08535	0.0110865841033777	yehI
PPG85_08540	1.0	yehK
PPG85_08545	1.0	yehL
PPG85_08550	1.0	yehM
PPG85_08555	1.0	yehP
PPG85_08565	1.0	yehR
PPG85_08570	0.969582729907258	yehS
PPG85_08575	0.00108551580664635	btsR
PPG85_08580	0.000176581324754839	btsS
PPG85_08585	1.0	mlrA
PPG85_08590	0.530118578850109	yohO
PPG85_08595	1.0	yehW
PPG85_08600	0.151060743807057	yehX
PPG85_08605	0.457877095812122	yehY
PPG85_08610	0.315721333929119	osmF
PPG85_08615	0.420366015173031	bglX
PPG85_08620	0.000137062224274701	dld
PPG85_08625	0.20808472535361	pbpG
PPG85_08630	1.0	yohC
PPG85_08635	0.00762738608695591	yohD
PPG85_08640	1.0	yohF
PPG85_08650	1.0	yohP
PPG85_08655	0.882814164773313	dusC
PPG85_08660	1.0	yohJ
PPG85_08665	0.00035021287080277	yohK
PPG85_08670	8.27686564852486e-08	cdd
PPG85_08675	0.0490458406322721	sanA
PPG85_08680	0.169764245969332	yeiS
PPG85_08685	0.0163967006180184	preT
PPG85_08690	0.000890606254199077	preA
PPG85_08695	1.84326273787294e-10	mglC
PPG85_08700	1.55325746272078e-11	mglA
PPG85_08705	2.21487119827215e-10	mglB
PPG85_08710	1.79688697810931e-09	galS
PPG85_08715	0.198161407639152	yeiB
PPG85_08720	0.727507649520308	folE
PPG85_08725	0.00225776003234261	yeiG
PPG85_08730	0.36383110521414	cirA
PPG85_08735	0.0013495728628275	lysP
PPG85_08745	0.721057292805462	yeiH
PPG85_08750	0.00277034778813116	nfo
PPG85_08755	0.876482033668894	yeiI
PPG85_08760	1.0	nupX
PPG85_08765	1.0	rihB
PPG85_08770	1.0	yeiL
PPG85_08780	0.00212539851880376	psuG
PPG85_08785	1.0	psuK
PPG85_08790	0.120955394137458	fruA
PPG85_08795	0.0012654102031055	fruK
PPG85_08800	3.23607061592504e-05	fruB
PPG85_08805	0.971300487673052	setB
PPG85_08810	1.0	yeiW
PPG85_08815	0.00347601190014648	yeiP
PPG85_08820	1.26837483411801e-06	yeiQ
PPG85_08825	5.35172307343179e-05	yeiR
PPG85_08830	0.0849466194502944	lpxT
PPG85_08835	0.00361323955052446	mepS
PPG85_08840	0.0251955068215558	pdeN
PPG85_08845	0.00555832858985177	yejA
PPG85_08850	0.411099313154938	yejB
PPG85_08855	0.131284281708333	yejE
PPG85_08860	0.416698740880757	yejF
PPG85_08865	0.0105242369480653	yejG
PPG85_08870	0.00461619995225329	bcr
PPG85_08875	0.0651706844926875	rsuA
PPG85_08880	0.0230899289295409	radD
PPG85_08885	0.00426740308535599	rplY
PPG85_08890	2.22266826247373e-05	yejK
PPG85_08895	0.172668075178252	yejL
PPG85_08900	0.011987458141536	yejM
PPG85_08910	0.0191394087288492	narP
PPG85_08915	0.0186242847949169	ccmH
PPG85_08925	0.0445012581454083	ccmF
PPG85_08930	0.304444220081741	ccmE
PPG85_08935	0.433967245924253	ccmD
PPG85_08940	0.250367480419022	ccmC
PPG85_08945	0.512381529599299	ccmB
PPG85_08950	0.274229986518253	ccmA
PPG85_08955	0.26607019258096	napC
PPG85_08960	0.0680613825957037	napB
PPG85_08965	0.00454660623103801	napH
PPG85_08970	0.000611999409069735	napG
PPG85_08975	0.000461863146875012	napA
PPG85_08980	7.41286793765229e-06	napD
PPG85_08985	0.000226801109732099	napF
PPG85_08990	1.0	yojO
PPG85_08995	0.000214425208732323	eco
PPG85_09000	0.000192246776572318	mqo
PPG85_09005	0.556585910497589	yojI
PPG85_09010	1.0	alkB
PPG85_09015	0.356244262234756	ada
PPG85_09025	0.000327523456944031	ompC
PPG85_09030	5.18295260628453e-05	rcsD
PPG85_09035	0.00501189287930465	rcsB
PPG85_09040	0.000307615556533271	rcsC
PPG85_09045	0.00226571335005316	atoS
PPG85_09050	0.845041926767441	atoC
PPG85_09055	1.0	atoD
PPG85_09060	1.0	atoA
PPG85_09065	1.0	atoE
PPG85_09070	1.0	atoB
PPG85_09075	1.0	yfaP
PPG85_09080	1.0	yfaQ
PPG85_09090	1.0	yfaT
PPG85_09095	0.281754040708101	yfaA
PPG85_09100	0.000163111716357576	gyrA
PPG85_09105	0.147343220820011	ubiG
PPG85_09110	0.00220143674613344	yfaL
PPG85_09115	1.0	ypaB
PPG85_09120	1.447998462143e-05	nrdA
PPG85_09130	1.03941190364935e-06	nrdB
PPG85_09135	0.0520363460736703	yfaE
PPG85_09140	0.685689088720267	inaA
PPG85_09155	3.88902132240834e-08	glpQ
PPG85_09160	2.02047092643428e-07	glpT
PPG85_09165	0.115077093523729	glpA
PPG85_09170	0.00925480984394035	glpB
PPG85_09175	0.00534474096890048	glpC
PPG85_09180	0.481993026827459	rpnE
PPG85_09190	0.119103355013331	yfaU
PPG85_09195	0.15347241364992	yfaV
PPG85_09200	0.0241135850847535	rhmD
PPG85_09205	1.0	yfaX
PPG85_09210	0.157202669715724	yfaY
PPG85_09215	0.428614218546847	yfaZ
PPG85_09220	0.228733475904871	nudI
PPG85_09225	1.0	ais
PPG85_09230	1.0	arnB
PPG85_09235	1.0	arnC
PPG85_09240	0.318641625391158	arnA
PPG85_09245	1.0	arnD
PPG85_09250	1.0	arnT
PPG85_09255	1.0	arnE
PPG85_09260	1.0	arnF
PPG85_09265	0.231966227952659	pmrD
PPG85_09270	0.134890849811455	menE
PPG85_09275	0.0917836117414914	menC
PPG85_09280	0.698905432525198	menB
PPG85_09285	0.696895788671946	menH
PPG85_09290	0.610210700280626	menD
PPG85_09295	0.0540162770516445	menF
PPG85_09300	0.00155396488893264	elaB
PPG85_09305	0.161426659852891	elaA
PPG85_09310	0.0652400689839006	rbn
PPG85_09315	1.0	elaD
PPG85_09320	1.1764585178868e-07	yfbK
PPG85_09325	1.0	yfbL
PPG85_09330	0.0733261637337353	yfbM
PPG85_09335	1.0	yfbN
PPG85_09340	3.42664717223213e-08	yfbO
PPG85_09345	7.10846640190448e-11	yfbP
PPG85_09350	0.0516661063734687	nuoN
PPG85_09355	0.000225842825624421	nuoM
PPG85_09360	1.37177797648584e-05	nuoL
PPG85_09365	0.762063855479373	nuoK
PPG85_09370	1.65966267239445e-05	nuoJ
PPG85_09375	0.00169802566659182	nuoI
PPG85_09380	8.71434393949271e-06	nuoH
PPG85_09385	3.46763552235569e-05	nuoG
PPG85_09390	7.55067182466454e-06	nuoF
PPG85_09395	1.5205184837102e-05	nuoE
PPG85_09400	6.85023144592805e-07	nuoC
PPG85_09405	9.41148221536893e-07	nuoB
PPG85_09410	0.0202538702452202	nuoA
PPG85_09415	0.0180635063424664	lrhA
PPG85_09420	0.0287103482112475	alaA
PPG85_09425	0.00501761376829992	yfbR
PPG85_09435	0.47272631496176	hxpA
PPG85_09440	0.796539424944645	yfbU
PPG85_09445	1.69809330142569e-07	yfbV
PPG85_09450	0.590019768794276	ackA
PPG85_09460	7.66586127455637e-05	yfcC
PPG85_09465	0.0026832247304253	yfcD
PPG85_09470	0.000125123344596206	yfcE
PPG85_09475	0.0511106174674558	yfcF
PPG85_09480	1.0	yfcG
PPG85_09485	0.00741544929393803	folX
PPG85_09490	0.369590046212625	yfcH
PPG85_09495	0.176384841917629	rpnB
PPG85_09500	0.345695922182845	hisP
PPG85_09505	0.210949287125726	hisM
PPG85_09510	0.0964490618109229	hisQ
PPG85_09515	2.30754256810633e-05	hisJ
PPG85_09520	2.13686612828127e-05	argT
PPG85_09525	0.982599514715138	ubiX
PPG85_09530	0.240476851279512	purF
PPG85_09535	0.0121391610083194	cvpA
PPG85_09540	0.311592718799123	dedD
PPG85_09545	0.00449367363513882	folC
PPG85_09550	0.00451954141047253	accD
PPG85_09555	0.0477476820761537	dedA
PPG85_09560	0.600466579891383	truA
PPG85_09565	0.0242339378544873	usg
PPG85_09570	0.157505185715398	pdxB
PPG85_09575	0.0135733750576139	flk
PPG85_09580	0.00446505636007311	yfcJ
PPG85_09585	0.0388330600979818	fabB
PPG85_09590	0.000131445159309263	mnmC
PPG85_09595	0.858039920422737	yfcL
PPG85_09600	0.0201739377142945	epmC
PPG85_09605	0.0204892111306863	yfcA
PPG85_09610	0.188799061419923	mepA
PPG85_09615	0.571356437141604	aroC
PPG85_09620	0.0383757656521714	prmB
PPG85_09625	0.274416618392623	smrB
PPG85_09630	8.21367211847954e-06	yfcO
PPG85_09635	1.0	yfcP
PPG85_09640	1.0	yfcQ
PPG85_09645	1.0	yfcR
PPG85_09650	1.0	yfcS
PPG85_09660	1.0	yfcV
PPG85_09665	0.069821795544837	sixA
PPG85_09670	0.00192906806587322	fadJ
PPG85_09675	5.85186412578696e-05	fadI
PPG85_09680	3.60851889692212e-07	yfcZ
PPG85_09685	1.51949626171454e-08	fadL
PPG85_09690	0.0805240328236134	yfdF
PPG85_09695	0.00261062323828007	mlaA
PPG85_09700	1.0	yfdC
PPG85_09710	0.000182914793305801	torI
PPG85_09715	0.00281294467673712	dsdC
PPG85_09720	0.000323399942924882	dsdX
PPG85_09725	8.42017109597898e-07	dsdA
PPG85_09730	1.0	emrY
PPG85_09735	1.0	emrK
PPG85_09740	0.00210073684229519	evgA
PPG85_09745	0.00142730059527318	evgS
PPG85_09750	1.0	yfdE
PPG85_09755	1.0	yfdV
PPG85_09760	1.0	oxc
PPG85_09765	1.0	frc
PPG85_09770	1.0	yfdX
PPG85_09775	1.0	ypdI
PPG85_09780	4.84721251874161e-05	yfdY
PPG85_09785	1.36926529136773e-05	lpxP
PPG85_09790	8.63982774251212e-07	ypdK
PPG85_09795	0.00292359402974898	alaC
PPG85_09800	0.00186977085351991	ypdA
PPG85_09805	0.00891147779314825	ypdB
PPG85_09810	0.0692972452004128	ypdC
PPG85_09820	1.0	ypdE
PPG85_09825	1.0	ypdF
PPG85_09830	1.0	fryC
PPG85_09835	1.0	fryB
PPG85_09840	0.751368302598977	glk
PPG85_09855	0.00177827641663369	yfeC
PPG85_09860	0.677187662828058	yfeD
PPG85_09865	0.0111505740414019	gltX
PPG85_09895	0.158141260575872	xapR
PPG85_09905	1.0	xapB
PPG85_09910	1.0	xapA
PPG85_09915	1.0	yfeN
PPG85_09920	0.24945843342821	yfeR
PPG85_09925	0.0069645492027978	yfeH
PPG85_09930	0.509605356876133	ypeB
PPG85_09935	3.55310099685821e-06	ligA
PPG85_09940	0.00121738843601104	zipA
PPG85_09945	0.00211561776960549	cysZ
PPG85_09950	0.152062023682983	cysK
PPG85_09955	0.00179196141769329	ptsH
PPG85_09960	0.0241680535147475	ptsI
PPG85_09965	0.0147634418125505	crr
PPG85_09970	0.36694806871591	pdxK
PPG85_09975	0.230080507993564	yfeK
PPG85_09980	0.0438849371735929	yfeS
PPG85_09985	0.00317353364754842	cysM
PPG85_09990	0.000545910793810735	cysA
PPG85_09995	0.00401643402828537	cysW
PPG85_10005	0.298164863193452	cysP
PPG85_10010	8.60897734113226e-05	ucpA
PPG85_10015	0.857366890756377	murR
PPG85_10020	0.003604206925764	murQ
PPG85_10025	0.00030479202391239	murP
PPG85_10035	0.00997559031328971	yfeX
PPG85_10040	0.0134854767170751	yfeY
PPG85_10045	0.207465127773801	yfeZ
PPG85_10050	0.101550682272928	ypeA
PPG85_10055	0.277979741909123	amiA
PPG85_10060	0.696819970599928	hemF
PPG85_10065	1.0	eutR
PPG85_10070	1.0	eutK
PPG85_10075	0.801929392528751	eutL
PPG85_10080	0.00461734751631676	eutC
PPG85_10085	0.125147923542602	eutB
PPG85_10090	1.0	eutA
PPG85_10095	1.0	eutH
PPG85_10100	1.0	eutG
PPG85_10105	1.0	eutJ
PPG85_10110	1.0	eutE
PPG85_10115	1.0	eutN
PPG85_10120	1.0	eutM
PPG85_10130	1.0	eutT
PPG85_10135	1.0	eutQ
PPG85_10140	1.0	eutP
PPG85_10145	1.0	eutS
PPG85_10150	2.46680884992136e-08	maeB
PPG85_10165	0.0824656545473065	ypfG
PPG85_10170	0.00371124229493389	nudK
PPG85_10175	9.54728026419663e-05	aegA
PPG85_10180	0.55598692498222	narQ
PPG85_10185	0.00160942931633915	acrD
PPG85_10190	1.32432063552871e-06	ypfM
PPG85_10195	0.01537569975466	yffB
PPG85_10200	0.00607748029167792	dapE
PPG85_10205	0.489821767887262	ypfN
PPG85_10210	0.498445315737058	ypfH
PPG85_10215	0.318543592574645	tmcA
PPG85_10220	0.669251689912285	ypfJ
PPG85_10225	0.00187695961174151	purC
PPG85_10230	0.75654742744361	bamC
PPG85_10235	0.000542322162674305	dapA
PPG85_10240	2.70257766905571e-05	gcvR
PPG85_10245	1.99571951260105e-06	bcp
PPG85_10250	1.0	hyfA
PPG85_10255	1.0	hyfB
PPG85_10260	1.0	hyfC
PPG85_10265	1.0	hyfD
PPG85_10270	1.0	hyfE
PPG85_10275	1.0	hyfF
PPG85_10280	1.0	hyfG
PPG85_10285	1.0	hyfH
PPG85_10290	9.42362263577633e-05	hyfI
PPG85_10295	1.0	hyfJ
PPG85_10300	1.0	hyfR
PPG85_10305	1.0	focB
PPG85_10310	0.175483779398794	yfgO
PPG85_10315	0.000129232606766545	bepA
PPG85_10325	0.0100940782065778	hda
PPG85_10330	0.00755831308097416	uraA
PPG85_10335	0.080060820230892	upp
PPG85_10340	0.229585041697578	purM
PPG85_10345	0.450448783365308	purN
PPG85_10355	0.561985609288098	ppx
PPG85_10360	1.0	pdeF
PPG85_10370	0.261584838500072	yfgG
PPG85_10375	1.0	yfgH
PPG85_10380	1.0	yfgI
PPG85_10385	2.72265631150204e-05	guaA
PPG85_10390	5.41785783822509e-05	guaB
PPG85_10400	0.859106216250673	yfgJ
PPG85_10405	0.0101849454251484	der
PPG85_10410	0.747763632082446	bamB
PPG85_10415	0.0129493492993849	yfgM
PPG85_10420	0.00587885594016246	hisS
PPG85_10425	0.104500094194905	ispG
PPG85_10430	0.41228728984158	rodZ
PPG85_10435	9.68414128332084e-05	rlmN
PPG85_10440	8.35629493118577e-07	ndk
PPG85_10445	0.000345124455103386	pbpC
PPG85_10455	0.633897014954919	sseA
PPG85_10465	0.0437212647434243	sseB
PPG85_10470	0.133902365756152	pepB
PPG85_10475	0.460227151128445	iscX
PPG85_10480	0.0896873803507307	fdx
PPG85_10485	0.0275383400844896	hscA
PPG85_10490	0.381820383998876	hscB
PPG85_10495	0.0692241847785439	iscA
PPG85_10500	0.922091791322095	iscU
PPG85_10505	0.0621828623810186	iscS
PPG85_10510	0.0458477997843509	iscR
PPG85_10515	0.0304990889354817	trmJ
PPG85_10520	0.000229369365536485	suhB
PPG85_10525	1.0	yfhR
PPG85_10530	0.0242529222247958	csiE
PPG85_10535	0.197405361097647	hcaT
PPG85_10540	7.56578251788904e-06	hcaR
PPG85_10545	0.0627611722092202	hcaE
PPG85_10550	1.0	hcaF
PPG85_10555	1.0	hcaC
PPG85_10560	1.0	hcaB
PPG85_10565	0.431457391758516	hcaD
PPG85_10570	0.992005294981026	yphA
PPG85_10575	1.0	yphB
PPG85_10580	0.226118660266038	yphC
PPG85_10585	1.0	yphD
PPG85_10590	1.0	yphE
PPG85_10595	1.0	yphF
PPG85_10600	0.8956439738791	yphG
PPG85_10605	0.0201115041861934	yphH
PPG85_10615	3.27554816699075e-06	glyA
PPG85_10625	0.0742513398717129	glnB
PPG85_10630	0.551278621172511	glrR
PPG85_10635	0.0490558325205298	qseG
PPG85_10645	0.384074395415302	purL
PPG85_10650	0.535534431227393	mltF
PPG85_10655	0.00441674188371156	tadA
PPG85_10665	0.369266440243687	yfhH
PPG85_10670	0.000116416506831075	yfhL
PPG85_10675	1.0	shoB
PPG85_10680	0.000164109617367906	acpS
PPG85_10685	0.0499443211702056	pdxJ
PPG85_10690	0.0052184594902641	recO
PPG85_10695	0.40298835726457	era
PPG85_10700	0.0162256783278958	rnc
PPG85_10705	0.0170593772618886	lepB
PPG85_10710	0.0125573818124736	lepA
PPG85_10715	0.00866754929007543	rseC
PPG85_10720	0.0665889408886439	rseB
PPG85_10725	0.194015822630067	rseA
PPG85_10730	0.805764386922835	rpoE
PPG85_10735	0.324170877454895	rseD
PPG85_10740	0.0341803538288771	nadB
PPG85_10750	0.00266296070284765	srmB
PPG85_10755	0.00010710180113585	yfiE
PPG85_10765	6.32189780844145e-06	grcA
PPG85_10770	0.00019499579961144	ung
PPG85_10775	0.942007030418222	yfiF
PPG85_10780	0.377130938284163	trxC
PPG85_10795	8.85569762093832e-06	pssA
PPG85_10800	0.151007860556899	yfiM
PPG85_10805	2.59914531714902e-05	kgtP
PPG85_10830	0.00134265558489957	clpB
PPG85_10840	0.35487555411877	rluD
PPG85_10845	0.0294677839313773	bamD
PPG85_10850	0.00512301850988107	raiA
PPG85_10855	0.0362451665896526	pheL
PPG85_10860	5.50106080796758e-06	pheA
PPG85_10865	0.00351671402741823	tyrA
PPG85_10870	0.974419732614076	aroF
PPG85_10880	0.00128688678795094	yfiR
PPG85_10885	0.0778229326164535	dgcN
PPG85_10890	0.135657557898817	yfiB
PPG85_10895	0.00119119331094483	rplS
PPG85_10900	2.28607053602931e-06	trmD
PPG85_10905	6.77945602207264e-07	rimM
PPG85_10910	0.0127123780805039	rpsP
PPG85_10915	0.00153290697583535	ffh
PPG85_10920	0.110898190255832	ypjD
PPG85_10925	0.00450444563628281	yfjD
PPG85_10930	0.000105646619871149	grpE
PPG85_10935	0.00230853663996531	nadK
PPG85_10940	3.18114504156378e-09	recN
PPG85_10945	0.000263030614374737	bamE
PPG85_10950	0.260028301544482	yfjF
PPG85_10955	0.293766458716787	ratA
PPG85_10960	7.63668735897494e-05	smpB
PPG85_10970	0.0518798244361952	gabD
PPG85_10975	0.537269020195306	gabT
PPG85_10980	0.00920096167608007	gabP
PPG85_10985	0.0600431865667685	csiR
PPG85_10990	0.0239030385831254	kbp
PPG85_10995	1.83865452658613e-05	yqaE
PPG85_11000	0.17079717518547	ygaV
PPG85_11005	0.436867491098141	ygaP
PPG85_11010	0.0100570803014155	stpA
PPG85_11015	0.0245602866849288	alaE
PPG85_11020	0.13158499700314	ygaC
PPG85_11025	0.000305981126068697	ygaM
PPG85_11030	0.622237281142104	nrdH
PPG85_11035	0.238107605098748	nrdI
PPG85_11040	0.745326590771071	nrdE
PPG85_11045	0.0102855727174801	nrdF
PPG85_11050	0.0002051021199531	proV
PPG85_11055	0.000212729287873344	proW
PPG85_11060	0.00135117498429431	proX
PPG85_11070	0.00713327492453501	ygaZ
PPG85_11075	0.0317464114826011	ygaH
PPG85_11085	6.35264772771019e-05	emrA
PPG85_11090	0.0368655551267784	emrB
PPG85_11095	5.95199848845259e-05	luxS
PPG85_11100	9.14505705541531e-07	gshA
PPG85_11105	0.000585897145998231	yqaA
PPG85_11110	0.610094389050539	yqaB
PPG85_11140	0.740479526578843	csrA
PPG85_11145	0.000504921510292009	alaS
PPG85_11150	0.762713520790283	recX
PPG85_11155	1.82004754227051e-10	recA
PPG85_11160	0.0952973266603665	pncC
PPG85_11165	0.170892332260094	mltB
PPG85_11170	4.68101827688385e-06	srlA
PPG85_11175	0.08202080496033	srlE
PPG85_11180	0.0148767019726692	srlB
PPG85_11185	0.0358584836261379	srlD
PPG85_11190	5.37230973259852e-06	gutM
PPG85_11195	0.861429919640818	srlR
PPG85_11200	0.953200667414819	gutQ
PPG85_11205	0.442490403065149	norR
PPG85_11210	1.0	norV
PPG85_11215	1.0	norW
PPG85_11220	0.004633935857701	hypF
PPG85_11225	1.0	hydN
PPG85_11230	0.00912685485058567	ascG
PPG85_11235	0.412478661441491	ascF
PPG85_11240	0.0624569621524947	ascB
PPG85_11245	0.469757715040018	hycI
PPG85_11250	1.0	hycH
PPG85_11255	2.92174306656673e-05	hycG
PPG85_11260	1.0	hycF
PPG85_11265	1.0	hycE
PPG85_11270	1.0	hycD
PPG85_11275	1.0	hycC
PPG85_11280	1.0	hycB
PPG85_11285	1.0	hycA
PPG85_11295	5.57868194752154e-06	hypB
PPG85_11300	0.481979895269903	hypC
PPG85_11305	0.116702456638255	hypD
PPG85_11310	0.253336628787083	hypE
PPG85_11320	1.0	ygbA
PPG85_11330	0.232679432325729	mutS
PPG85_11335	1.0	pphB
PPG85_11340	0.710495831623787	ygbI
PPG85_11345	4.86004618180767e-05	ygbJ
PPG85_11350	0.00589776375702288	ygbK
PPG85_11355	0.144245117643475	ygbL
PPG85_11360	0.0124649385569376	ygbM
PPG85_11365	0.152685961570788	ygbN
PPG85_11370	5.72802094723387e-08	rpoS
PPG85_11375	0.141670360306084	nlpD
PPG85_11380	0.649845592098534	pcm
PPG85_11390	0.604064845861645	truD
PPG85_11395	0.403610105929962	ispF
PPG85_11400	0.00948733110497067	ispD
PPG85_11405	0.957246617348864	ftsB
PPG85_11410	0.0669198862375003	ygbE
PPG85_11415	0.00478458547787129	cysC
PPG85_11420	0.00840497683247632	cysN
PPG85_11425	0.00439914413337312	cysD
PPG85_11430	0.257321371977336	iap
PPG85_11460	1.0	casB
PPG85_11465	1.0	casA
PPG85_11470	0.000162580421078474	cas3
PPG85_11475	0.00344828525521263	cysH
PPG85_11480	0.00930824498252112	cysI
PPG85_11485	0.015980312127599	cysJ
PPG85_11490	0.787717521991416	queD
PPG85_11495	0.78823930175119	ygcN
PPG85_11500	1.0	ygcO
PPG85_11505	0.0358789644081998	ygcP
PPG85_11510	1.0	ygcQ
PPG85_11515	0.000108973957117737	ygcR
PPG85_11520	3.3094933992166e-05	ygcS
PPG85_11525	1.0	ygcU
PPG85_11530	1.0	ygcW
PPG85_11535	1.0	yqcE
PPG85_11540	0.139687101020917	ygcE
PPG85_11545	0.0397120445337658	queE
PPG85_11550	1.0	yqcG
PPG85_11555	1.0	ygcG
PPG85_11560	0.140833981341125	eno
PPG85_11565	0.000887130973670395	pyrG
PPG85_11570	0.166964437285262	mazG
PPG85_11575	0.0214005389509798	mazF
PPG85_11580	0.76658774926288	mazE
PPG85_11585	0.00406128887517163	relA
PPG85_11590	0.390535378274103	rlmD
PPG85_11595	0.00739888883851818	barA
PPG85_11600	0.00957882223225127	gudD
PPG85_11605	1.0	gudX
PPG85_11610	1.0	gudP
PPG85_11615	0.0131802662919238	yqcA
PPG85_11620	0.0279560304577782	truC
PPG85_11625	0.139898880344877	yqcC
PPG85_11630	0.181997701617164	syd
PPG85_11635	0.954914351528506	queF
PPG85_11640	0.000425624970942251	ppnN
PPG85_11645	7.80439568252072e-08	sdaC
PPG85_11650	1.3534088478644e-07	sdaB
PPG85_11660	0.0113392051446259	fucO
PPG85_11665	0.0211574949473218	fucA
PPG85_11670	0.0125655032598098	fucP
PPG85_11675	9.25772077511567e-08	fucI
PPG85_11680	0.0126677293558982	fucK
PPG85_11685	2.993414116612e-08	fucU
PPG85_11690	0.454081022295982	fucR
PPG85_11695	0.0500542831382677	rlmM
PPG85_11700	0.0144174728551077	ygdD
PPG85_11705	0.0347761256396533	gcvA
PPG85_11710	0.00527962121057215	ygdI
PPG85_11715	9.02784087848376e-05	csdA
PPG85_11720	0.226112296550494	csdE
PPG85_11725	0.000753851971900762	tcdA
PPG85_11730	0.584941576062312	mltA
PPG85_11750	6.62744014519681e-07	amiC
PPG85_11755	0.0607321309213685	argA
PPG85_11760	0.38545270734155	recD
PPG85_11765	0.210873210700117	recB
PPG85_11770	0.11343991170406	ptrA
PPG85_11775	0.278284941112155	recC
PPG85_11780	1.0	ppdC
PPG85_11785	1.0	ygdB
PPG85_11790	1.0	ppdB
PPG85_11795	1.0	ppdA
PPG85_11800	0.00348056875161538	thyA
PPG85_11805	0.000113011107388532	lgt
PPG85_11815	2.88552948745835e-05	rppH
PPG85_11820	1.0	ygdT
PPG85_11825	3.87956649508911e-05	mutH
PPG85_11830	0.0007494536581462	ygdQ
PPG85_11835	0.148697053702882	ygdR
PPG85_11840	0.134370999888568	tas
PPG85_11845	0.0336655743241055	lplT
PPG85_11850	0.0159199805990649	aas
PPG85_11855	0.488050128347237	galR
PPG85_11860	0.170392686171859	lysA
PPG85_11865	0.0810001274136993	lysR
PPG85_11870	0.770889132454686	ygeA
PPG85_11875	0.70946284187852	araE
PPG85_11880	0.0174552108027288	kduD
PPG85_11885	0.377935999259048	kduI
PPG85_11890	9.5028555623246e-06	yqeF
PPG85_11895	0.0015130767279062	yqeG
PPG85_11900	1.0	yqeH
PPG85_11905	1.0	yqeI
PPG85_11910	1.0	yqeJ
PPG85_11920	1.0	yqeK
PPG85_11930	1.0	ygeG
PPG85_11935	1.0	ygeH
PPG85_11940	1.0	ygeI
PPG85_11965	0.00831695328736695	xdhA
PPG85_11970	0.027735303844751	xdhB
PPG85_11975	1.0	xdhC
PPG85_11985	1.0	ygeW
PPG85_11995	0.930530734750208	ygeY
PPG85_12000	1.0	hyuA
PPG85_12010	0.0534359131623126	yqeB
PPG85_12015	0.102504723436663	yqeC
PPG85_12020	0.0011630885361103	mocA
PPG85_12025	0.517121653103768	ygfK
PPG85_12035	0.00551976907741238	ygfM
PPG85_12040	0.000127940998760391	xdhD
PPG85_12045	1.0	xanQ
PPG85_12050	0.076265443739332	guaD
PPG85_12055	0.00575951054998448	ghxQ
PPG85_12060	1.0	ygfS
PPG85_12065	1.0	ygfT
PPG85_12070	1.0	uacT
PPG85_12075	1.0	yqfG
PPG85_12085	0.660758642438226	idi
PPG85_12095	0.00151997465598835	prfB
PPG85_12100	0.211249025209133	recJ
PPG85_12105	0.179095834088751	dsbC
PPG85_12110	0.0644329618467796	xerD
PPG85_12115	0.988710773605412	fldB
PPG85_12120	0.713832662692182	ygfX
PPG85_12125	0.0520374201322717	sdhE
PPG85_12130	0.246561356474357	ygfZ
PPG85_12135	1.81205934535344e-08	yqfA
PPG85_12140	0.00834384875074233	yqfB
PPG85_12145	0.512864457841419	bglA
PPG85_12150	0.0145956794669392	ygfF
PPG85_12155	0.00411340190930235	gcvP
PPG85_12160	0.118071948424238	gcvH
PPG85_12165	0.452943447912794	gcvT
PPG85_12175	3.08586209688992e-06	ubiI
PPG85_12180	0.00795081534011225	ubiH
PPG85_12185	0.103285542702888	pepP
PPG85_12190	0.391200633585378	ygfB
PPG85_12195	0.000487334075043326	zapA
PPG85_12205	0.202117850301257	fau
PPG85_12210	1.0	ibsC
PPG85_12215	0.00120462674233978	serA
PPG85_12220	0.368777032246111	rpiA
PPG85_12230	0.000396966252024032	argP
PPG85_12235	1.0	scpA
PPG85_12245	0.714621376193774	scpB
PPG85_12250	1.0	scpC
PPG85_12255	0.00048222243624271	ygfI
PPG85_12260	0.375683560369531	yggE
PPG85_12265	2.24807905586202e-06	argO
PPG85_12270	0.0212148314266164	mscS
PPG85_12280	0.00807972080110003	fbaA
PPG85_12285	0.259054914355281	pgk
PPG85_12290	0.00308773255844982	epd
PPG85_12295	0.150699244174035	yggC
PPG85_12310	1.0	yggP
PPG85_12315	1.0	cmtA
PPG85_12320	1.0	cmtB
PPG85_12330	0.00305134448117319	loiP
PPG85_12335	0.0251743197563958	speB
PPG85_12340	7.70947458236267e-06	speA
PPG85_12345	0.580429071569817	yqgB
PPG85_12355	1.0	yqgD
PPG85_12360	0.0345818833560529	metK
PPG85_12365	4.55039814518121e-06	galP
PPG85_12370	0.429984250865673	yggI
PPG85_12375	0.0123783209541459	rsmE
PPG85_12380	0.859170590112042	gshB
PPG85_12385	0.000233278680033728	yqgE
PPG85_12395	1.0	yggR
PPG85_12400	0.957898738062507	yggS
PPG85_12405	0.156847791193082	yggT
PPG85_12410	0.00331958532791417	yggU
PPG85_12415	3.42553850282027e-06	rdgB
PPG85_12425	1.0	yggM
PPG85_12430	6.42832107703018e-08	ansB
PPG85_12440	2.04603479707761e-06	yggL
PPG85_12450	0.000179291832219065	mutY
PPG85_12455	0.1656327770137	yggX
PPG85_12460	0.643013121672428	mltC
PPG85_12465	2.78977143991867e-09	nupG
PPG85_12470	0.000321190330052438	speC
PPG85_12480	0.000737213155422	yqgA
PPG85_12495	0.000114962024331331	gss
PPG85_12500	0.259299718672622	yghU
PPG85_12510	0.187516844191361	hybG
PPG85_12520	0.000785672964756966	hybE
PPG85_12525	0.0925569461251852	hybD
PPG85_12530	0.00525881076247986	hybC
PPG85_12535	0.0587729563245023	hybB
PPG85_12540	0.00327669560561632	hybA
PPG85_12545	0.0324638232966907	hybO
PPG85_12550	0.562258266275978	yghW
PPG85_12560	0.203752311972107	gpr
PPG85_12565	0.51846277192724	yqhA
PPG85_12570	1.0	yghA
PPG85_12575	0.384034774599572	exbD
PPG85_12580	0.11924523601295	exbB
PPG85_12585	0.148075344369357	metC
PPG85_12590	0.164886804796981	yghB
PPG85_12595	0.000339545717849882	yqhC
PPG85_12600	0.000994056192109077	yqhD
PPG85_12605	0.81850405938267	dkgA
PPG85_12610	1.0	yqhG
PPG85_12615	1.0	yqhH
PPG85_12620	0.0132117913829314	ygiQ
PPG85_12625	0.0206016148632944	ftsP
PPG85_12630	0.660902585997253	plsC
PPG85_12635	0.000729342784738157	parC
PPG85_12640	2.27615475244257e-07	ygiS
PPG85_12645	0.00940386283029555	mqsA
PPG85_12650	0.00495995154754015	mqsR
PPG85_12660	0.00154754440960864	ygiW
PPG85_12665	0.000912496438383525	qseB
PPG85_12670	0.000417334339357581	qseC
PPG85_12675	1.0	ygiZ
PPG85_12680	0.00257649640270692	mdaB
PPG85_12685	6.25782542071895e-05	ygiN
PPG85_12690	0.000693650613019419	parE
PPG85_12695	0.0411385242179023	yqiA
PPG85_12700	0.677151097317507	cpdA
PPG85_12705	0.00596270612795293	yqiB
PPG85_12710	0.0925763465616033	nudF
PPG85_12715	0.000563747772383896	tolC
PPG85_12720	0.00207596138064808	ygiB
PPG85_12725	1.35425383869506e-07	ygiC
PPG85_12730	0.00383209511993025	ygiD
PPG85_12735	0.00743449830632885	zupT
PPG85_12740	0.0012155124403881	yqiD
PPG85_12745	1.98660177192842e-05	ribB
PPG85_12750	0.0279104391497414	glgS
PPG85_12755	1.0	yqiJ
PPG85_12760	1.0	yqiK
PPG85_12770	1.0	ibsE
PPG85_12780	0.284478924725791	glnE
PPG85_12785	0.503098688977704	ygiF
PPG85_12790	0.0775223575997624	ygiM
PPG85_12795	0.18863936911934	cca
PPG85_12800	6.07475496895705e-05	bacA
PPG85_12805	0.00402032464828572	folB
PPG85_12810	0.34637630585852	plsY
PPG85_12815	1.15164348860936e-05	ttdR
PPG85_12820	1.0	ttdA
PPG85_12825	1.0	ttdB
PPG85_12830	1.0	ttdT
PPG85_12835	0.4517899465357	tsaD
PPG85_12840	0.000477970658304383	rpsU
PPG85_12845	6.30191514094581e-06	dnaG
PPG85_12850	0.000480566672420205	rpoD
PPG85_12855	2.98766588644855e-07	mug
PPG85_12865	0.826858869776694	nfeF
PPG85_12870	0.00136933620356786	nfeR
PPG85_12875	2.05562225030746e-07	aer
PPG85_12885	0.000168343104247431	ygjH
PPG85_12890	0.000236098710217526	ebgR
PPG85_12895	2.7333509529972e-05	ebgA
PPG85_12900	0.033393988695841	ebgC
PPG85_12905	0.0487749869010525	ygjI
PPG85_12910	1.0	ygjJ
PPG85_12915	0.8837097801067	ygjK
PPG85_12920	0.280620426693226	fadH
PPG85_12925	0.145277508993424	higA
PPG85_12930	1.0	higB
PPG85_12935	0.00214290724380614	rlmG
PPG85_12940	0.0655975796359382	ygjP
PPG85_12945	1.0	ygjQ
PPG85_12950	0.104108729129698	ygjR
PPG85_12955	0.105843560149489	alx
PPG85_12960	0.00044014678439466	sstT
PPG85_12965	1.0	ygjV
PPG85_12970	0.000592330089908842	uxaA
PPG85_12975	0.000414587652390755	uxaC
PPG85_12980	4.53843742704918e-05	exuT
PPG85_12985	0.59285650031285	exuR
PPG85_12995	0.441661420800035	yqjA
PPG85_13000	0.0051569837144601	mzrA
PPG85_13005	0.00145237514194274	yqjC
PPG85_13010	3.03132474656194e-05	yqjD
PPG85_13015	0.000290270383664888	yqjE
PPG85_13020	0.00477007118663617	yqjK
PPG85_13025	1.0	yqjF
PPG85_13030	0.029509522708219	yqjG
PPG85_13035	0.654891581137026	yhaH
PPG85_13040	0.000171687801576049	yhaI
PPG85_13045	0.379372843634641	yhaJ
PPG85_13050	0.0413163896612535	yhaK
PPG85_13055	0.122975173682391	yhaL
PPG85_13060	0.657684712672734	cyuA
PPG85_13065	0.270866836431765	cyuP
PPG85_13070	0.0522626894743365	tdcG
PPG85_13075	0.952614986366495	tdcF
PPG85_13080	7.81217926206643e-05	tdcE
PPG85_13085	0.000416498577975549	tdcD
PPG85_13090	3.09848055782253e-06	tdcC
PPG85_13095	5.54964158148738e-06	tdcB
PPG85_13100	2.95273053013362e-05	tdcA
PPG85_13105	1.0	tdcR
PPG85_13110	1.0	yhaB
PPG85_13115	1.0	yhaC
PPG85_13125	0.00639358196820538	garK
PPG85_13130	0.00421929899021508	garR
PPG85_13135	1.05054216371774e-05	garL
PPG85_13140	0.00125476702885922	garP
PPG85_13145	0.00941905796016059	garD
PPG85_13150	7.70020428039698e-06	prlF
PPG85_13155	2.11927685055556e-05	yhaV
PPG85_13160	0.00242518803970777	agaR
PPG85_13165	0.00019439336459688	kbaZ
PPG85_13170	0.00119683236937297	agaV
PPG85_13185	0.0224962638277164	agaS
PPG85_13190	1.0	kbaY
PPG85_13195	1.0	agaB
PPG85_13200	1.0	agaC
PPG85_13205	1.0	agaD
PPG85_13210	1.0	agaI
PPG85_13215	0.945519686877962	yraH
PPG85_13220	1.0	yraI
PPG85_13225	0.016160078996877	yraJ
PPG85_13230	2.32889439729644e-05	yraK
PPG85_13235	0.00990635528846934	rsmI
PPG85_13240	7.59578404160212e-08	lpoA
PPG85_13245	0.00217901388875962	yraN
PPG85_13250	0.000281641790035308	diaA
PPG85_13260	3.412277657079e-05	yraQ
PPG85_13265	0.00298956768881427	yraR
PPG85_13270	1.0	yhbO
PPG85_13275	0.0285136387640774	yhbP
PPG85_13280	0.766325627796433	yhbQ
PPG85_13285	0.148723963706996	yhbS
PPG85_13305	6.00049883482963e-05	yhbW
PPG85_13310	0.0598514598154908	mtr
PPG85_13315	0.00271327789046971	deaD
PPG85_13320	0.24555823454076	yrbN
PPG85_13325	0.000385413356878231	nlpI
PPG85_13330	0.0770780219516754	pnp
PPG85_13335	5.72026398150417e-05	rpsO
PPG85_13340	0.0331680174726298	truB
PPG85_13345	0.000193980430679099	rbfA
PPG85_13350	0.142227686060622	infB
PPG85_13355	0.000893505725587744	nusA
PPG85_13360	0.0611216743435698	rimP
PPG85_13370	0.422247743841693	argG
PPG85_13375	1.0	yhbX
PPG85_13385	0.00276749019255147	secG
PPG85_13390	1.79068001437863e-05	glmM
PPG85_13395	0.000119267855588366	folP
PPG85_13400	0.00782567928147963	ftsH
PPG85_13405	0.4499006239188	rlmE
PPG85_13410	0.389072837088301	yhbY
PPG85_13415	0.00320170488504106	greA
PPG85_13420	0.0332520346116136	dacB
PPG85_13435	0.17168340779577	yhbE
PPG85_13440	0.00049842699083864	rpmA
PPG85_13445	0.00461522277893316	rplU
PPG85_13450	0.427942971974677	ispB
PPG85_13455	1.0	sfsB
PPG85_13460	0.000771758450213384	murA
PPG85_13465	0.100948276330876	ibaG
PPG85_13470	0.150379534093653	mlaB
PPG85_13475	0.352715811390387	mlaC
PPG85_13480	0.0243211789117631	mlaD
PPG85_13485	0.0767708472492886	mlaE
PPG85_13490	0.379164666702537	mlaF
PPG85_13495	0.0105170403429403	yrbG
PPG85_13500	0.457624345890389	kdsD
PPG85_13505	0.0128184134497736	kdsC
PPG85_13510	0.0581943603452987	lptC
PPG85_13515	0.928409309901898	lptA
PPG85_13520	0.00268169493628047	lptB
PPG85_13525	0.904489157298316	rpoN
PPG85_13530	0.00767393171723812	hpf
PPG85_13535	0.00652723650404587	ptsN
PPG85_13540	0.00234501048089401	rapZ
PPG85_13545	0.00118126344776444	npr
PPG85_13550	0.0539019077607385	yrbL
PPG85_13555	0.00532872079864062	mtgA
PPG85_13565	0.0311408110828	arcB
PPG85_13570	1.0	yhcC
PPG85_13575	4.08014931469858e-05	gltB
PPG85_13580	6.90023702409396e-06	gltD
PPG85_13585	0.209883794684099	gltF
PPG85_13590	1.0	yhcG
PPG85_13600	0.0437310813150055	nanK
PPG85_13605	0.751684965471343	nanE
PPG85_13610	0.0250700325942155	nanT
PPG85_13615	0.0119828557384369	nanA
PPG85_13620	0.502936027469009	nanR
PPG85_13630	9.44968576863087e-05	sspB
PPG85_13635	0.000903946819917023	sspA
PPG85_13640	0.00178864302121649	rpsI
PPG85_13645	6.83365847602285e-05	rplM
PPG85_13650	3.04363454870046e-05	zapE
PPG85_13660	0.000329515135266138	degQ
PPG85_13665	0.105598398195815	degS
PPG85_13670	0.834350665280593	mdh
PPG85_13675	8.14452861526939e-05	argR
PPG85_13680	0.487748171951574	yhcN
PPG85_13685	1.0	yhcO
PPG85_13690	1.0	aaeB
PPG85_13695	1.0	aaeA
PPG85_13700	1.0	aaeX
PPG85_13705	2.71841075479932e-06	aaeR
PPG85_13710	0.671230617040997	tldD
PPG85_13715	0.0455213885657202	yhdP
PPG85_13720	0.0441444497740708	rng
PPG85_13725	0.00626277051058739	yhdE
PPG85_13730	0.0539832010348974	mreD
PPG85_13735	0.0124238476534186	mreC
PPG85_13740	0.523850551134089	mreB
PPG85_13745	0.292734780951417	csrD
PPG85_13750	0.00281317800200361	yhdH
PPG85_13755	6.5988579317055e-06	accB
PPG85_13760	4.96044518129236e-06	accC
PPG85_13765	0.0604073888187147	yhdT
PPG85_13770	0.0165605186399447	panF
PPG85_13775	0.00120812686109498	prmA
PPG85_13780	0.00452560791153938	dusB
PPG85_13785	1.19029592610299e-05	fis
PPG85_13790	1.0	yhdJ
PPG85_13795	0.0145106150653953	yhdU
PPG85_13805	1.0	acrE
PPG85_13810	0.619601221589917	acrF
PPG85_13825	1.0	yhdX
PPG85_13830	1.0	yhdY
PPG85_13835	0.576145715240059	yhdZ
PPG85_13875	1.90795362616106e-05	yrdA
PPG85_13880	0.0171715762028741	yrdB
PPG85_13885	0.0142952697416334	aroE
PPG85_13890	2.49058554979065e-06	tsaC
PPG85_13895	0.779595188314489	yrdD
PPG85_13900	4.01048644062475e-05	smg
PPG85_13910	0.000479650390082817	def
PPG85_13915	0.161560637957245	fmt
PPG85_13920	0.00935280963081631	rsmB
PPG85_13925	0.000671524925446743	trkA
PPG85_13930	1.75041079492951e-05	mscL
PPG85_13935	1.32408031121799e-05	arfA
PPG85_13940	0.237464594145147	zntR
PPG85_13945	0.366533390064461	yhdN
PPG85_13950	0.0030491315124197	rplQ
PPG85_13955	0.103712833481681	rpoA
PPG85_13960	0.00421918939128742	rpsD
PPG85_13965	1.37141118876144e-05	rpsK
PPG85_13970	8.4176021649928e-05	rpsM
PPG85_13975	0.0492203842025042	rpmJ
PPG85_13980	0.109172476726609	secY
PPG85_13985	0.00183246667397747	rplO
PPG85_13990	0.0194512332313352	rpmD
PPG85_13995	0.00010778744672525	rpsE
PPG85_14000	0.000175855722688454	rplR
PPG85_14005	0.00320987572299491	rplF
PPG85_14010	1.65928324391393e-05	rpsH
PPG85_14015	5.70429791211144e-06	rpsN
PPG85_14020	7.79675456260605e-06	rplE
PPG85_14025	0.000700221934423332	rplX
PPG85_14030	4.13611925168729e-05	rplN
PPG85_14035	0.573610103518966	rpsQ
PPG85_14040	0.927960663867085	rpmC
PPG85_14045	0.477835802924856	rplP
PPG85_14050	0.0131666231846647	rpsC
PPG85_14055	0.0676803884490838	rplV
PPG85_14060	0.000546467126842347	rpsS
PPG85_14065	0.00136696607475074	rplB
PPG85_14070	0.000198047095137411	rplW
PPG85_14075	0.00550419270832217	rplD
PPG85_14080	0.000158628111432526	rplC
PPG85_14085	4.97775341032406e-06	rpsJ
PPG85_14090	0.00549342013253886	gspB
PPG85_14100	0.36228807598783	fusA
PPG85_14110	0.654743828784042	rpsL
PPG85_14115	0.315950146195089	tusB
PPG85_14120	0.809392759404311	tusC
PPG85_14125	0.560202237062369	tusD
PPG85_14130	0.032862417288177	yheO
PPG85_14135	0.781746999504312	fkpA
PPG85_14140	0.650820144409003	slyX
PPG85_14145	0.00201978954999935	slyD
PPG85_14150	0.0153566237741808	yheV
PPG85_14155	0.0208690454171583	kefB
PPG85_14160	0.00225730045115538	kefG
PPG85_14165	2.54477454154423e-06	yheS
PPG85_14170	0.860237355224097	yheT
PPG85_14175	0.00476769917870648	yheU
PPG85_14180	0.000194705742729515	prkB
PPG85_14185	0.0615645633395921	yhfA
PPG85_14190	0.00097784618534278	crp
PPG85_14195	0.000916899715033129	yhfK
PPG85_14200	5.34811111589635e-05	argD
PPG85_14205	0.483047148279882	pabA
PPG85_14210	0.165172144866145	fic
PPG85_14215	1.0	yhfG
PPG85_14220	0.00204532090479678	ppiA
PPG85_14225	0.614449991517088	tsgA
PPG85_14230	1.21914885615489e-06	nirB
PPG85_14235	4.3285017725846e-07	nirD
PPG85_14240	4.60834961352328e-08	nirC
PPG85_14245	0.0149098381939878	cysG
PPG85_14250	1.0	yhfL
PPG85_14255	4.1066853145659e-10	frlA
PPG85_14260	4.97881817781141e-10	frlB
PPG85_14265	9.09930984153458e-11	frlC
PPG85_14270	1.54356952026899e-09	frlD
PPG85_14280	0.19405545913791	yhfS
PPG85_14285	1.0	yhfT
PPG85_14290	1.0	yhfU
PPG85_14295	1.0	php
PPG85_14300	1.0	yhfW
PPG85_14305	1.0	yhfX
PPG85_14310	0.0193030292953053	yhfY
PPG85_14315	0.00616359442391917	yhfZ
PPG85_14320	0.463039813453375	trpS
PPG85_14325	3.4078364035635e-05	gph
PPG85_14330	4.57425691871575e-07	rpe
PPG85_14335	3.02350774041157e-05	dam
PPG85_14340	0.0766020539643596	damX
PPG85_14345	0.000207155711207277	aroB
PPG85_14350	0.247368428916875	aroK
PPG85_14355	1.0	hofQ
PPG85_14360	1.0	hofP
PPG85_14365	1.0	hofO
PPG85_14370	1.0	hofN
PPG85_14375	0.610495020643514	hofM
PPG85_14380	0.00548703842902286	mrcA
PPG85_14385	0.498743317305099	nudE
PPG85_14390	0.288213557161492	igaA
PPG85_14400	0.00239023955949814	hslR
PPG85_14405	1.55221632298929e-06	hslO
PPG85_14410	0.0219208727268078	yhgE
PPG85_14420	0.047743199014315	envZ
PPG85_14425	1.48903934865246e-05	ompR
PPG85_14430	0.00261930232868768	greB
PPG85_14435	2.40117861112303e-05	yhgF
PPG85_14440	1.56547849435093e-08	feoA
PPG85_14445	4.33234890010098e-07	feoB
PPG85_14450	6.15907769198938e-06	feoC
PPG85_14455	0.469293806398033	rpnA
PPG85_14460	0.0918788471798389	bioH
PPG85_14470	0.0163730204208123	nfuA
PPG85_14475	3.1190938218982e-05	gntT
PPG85_14480	3.01163254438697e-07	malQ
PPG85_14490	0.0286350598367124	malT
PPG85_14495	0.004548726372829	rtcA
PPG85_14500	0.805453026559258	rtcB
PPG85_14505	0.000138682580116284	rtcR
PPG85_14515	0.33010056206069	glpG
PPG85_14520	0.496790992267283	glpE
PPG85_14525	2.25886924160302e-05	glpD
PPG85_14535	0.0934601230640748	glgP
PPG85_14540	0.00905705458464702	glgA
PPG85_14545	0.552355228145061	glgC
PPG85_14550	2.10101466915227e-05	glgX
PPG85_14555	1.57962968941795e-06	glgB
PPG85_14570	0.252793106724345	yhgN
PPG85_14575	0.392290599538867	gntU
PPG85_14580	0.122082253240253	gntK
PPG85_14585	0.0543902422290044	gntR
PPG85_14590	0.0226959393550082	yhhW
PPG85_14595	0.00101199280178999	yhhX
PPG85_14600	0.0176335181506076	ggt
PPG85_14605	0.00397797570468773	yhhA
PPG85_14610	6.56385862830671e-08	ugpQ
PPG85_14615	8.26033283174868e-06	ugpC
PPG85_14620	1.0	ugpE
PPG85_14625	1.0	ugpA
PPG85_14630	0.00432599284008745	ugpB
PPG85_14635	2.66751694247575e-07	livF
PPG85_14640	0.000184417359008246	livG
PPG85_14645	1.09078988019093e-06	livM
PPG85_14650	1.34112759817524e-05	livH
PPG85_14655	2.69584608556862e-07	livK
PPG85_14665	0.903448093795521	livJ
PPG85_14670	0.249648998987575	rpoH
PPG85_14675	0.365729802904014	ftsX
PPG85_14680	0.43578113939023	ftsE
PPG85_14685	0.818430894187927	ftsY
PPG85_14690	0.897992893331004	rsmD
PPG85_14695	0.0131161153202462	yhhL
PPG85_14700	0.048351530535557	yhhM
PPG85_14705	8.94409379821092e-10	yhhN
PPG85_14710	0.11624532084497	zntA
PPG85_14715	0.0677793217663153	tusA
PPG85_14720	0.890324192744905	yhhQ
PPG85_14725	0.0396264206812219	dcrB
PPG85_14730	0.0673329173377001	yhhS
PPG85_14735	0.343700156125796	yhhT
PPG85_14740	0.904927750080287	acpT
PPG85_14745	0.000556981467737578	nikA
PPG85_14750	0.0539722734627588	nikB
PPG85_14755	0.0944725153273679	nikC
PPG85_14760	0.793615521985424	nikD
PPG85_14765	1.0	nikE
PPG85_14770	0.451612784309121	nikR
PPG85_14775	0.117136128423271	yhhJ
PPG85_14780	0.289409343213364	rbbA
PPG85_14785	0.000217760742758856	yhiI
PPG85_14795	1.0	yhiJ
PPG85_14805	1.0	yhiM
PPG85_14810	0.000691016597825872	yhiN
PPG85_14815	0.000214747852296902	pitA
PPG85_14820	0.0989892627677163	uspB
PPG85_14825	3.24838712105306e-07	uspA
PPG85_14840	2.16955337683398e-05	dtpB
PPG85_14845	0.00245005877829386	rsmJ
PPG85_14850	0.000677621676683025	prlC
PPG85_14855	0.04242807859147	rlmJ
PPG85_14865	0.000280417350209292	dinQ
PPG85_14870	1.0	arsR
PPG85_14875	0.715222929553021	arsB
PPG85_14885	2.11584911230847e-07	slp
PPG85_14890	1.0	dctR
PPG85_14895	1.0	yhiD
PPG85_14900	4.72405099960887e-06	hdeB
PPG85_14905	4.72262430629608e-07	hdeA
PPG85_14910	0.0186104035085978	hdeD
PPG85_14915	1.0	gadE
PPG85_14925	1.0	mdtE
PPG85_14930	0.0713275247339002	mdtF
PPG85_14935	0.000145398664813808	gadW
PPG85_14940	2.36909708463505e-07	gadX
PPG85_14945	0.020271963259851	gadA
PPG85_14950	0.000912093047000995	ccp
PPG85_14955	0.965068660757176	treF
PPG85_14960	1.0	yhjB
PPG85_14970	0.0018464687737905	yhjD
PPG85_14975	0.0149448342560357	yhjE
PPG85_14980	0.0276964641173285	yhjG
PPG85_14985	1.0	pdeH
PPG85_14990	0.00283495753354595	kdgK
PPG85_14995	0.421134865272787	yhjJ
PPG85_15000	2.3402739340842e-08	dctA
PPG85_15010	0.242320272238446	bcsC
PPG85_15015	0.76815236650131	bcsZ
PPG85_15020	0.605155518455338	bcsB
PPG85_15025	0.000337938849651065	bcsA
PPG85_15030	7.21992646950492e-06	bcsQ
PPG85_15040	7.95905193190606e-07	bcsE
PPG85_15045	0.0977719967275802	bcsF
PPG85_15050	0.00241632369111918	bcsG
PPG85_15055	0.0354904556219638	ldrD
PPG85_15060	0.541933954163424	yhjV
PPG85_15065	0.809100105051976	dppF
PPG85_15070	0.144309211177983	dppD
PPG85_15075	0.265945501033705	dppC
PPG85_15080	0.115645510371051	dppB
PPG85_15090	0.664445213908084	dppA
PPG85_15105	0.105716581543357	eptB
PPG85_15110	0.00029411550971373	yhjX
PPG85_15115	0.0576335193866502	yhjY
PPG85_15120	0.00646846954669639	tag
PPG85_15125	0.000864503092005589	yiaC
PPG85_15130	0.0014953477391893	bisC
PPG85_15135	0.284687877940293	yiaD
PPG85_15140	0.00428937714345701	ghrB
PPG85_15145	0.833811372690447	yiaF
PPG85_15150	0.00068276146304134	yiaG
PPG85_15155	0.040342245072832	cspA
PPG85_15165	0.00505456633150081	hokA
PPG85_15170	1.3605295457096e-06	glyS
PPG85_15175	0.000233569645596779	glyQ
PPG85_15180	1.0	ysaB
PPG85_15185	0.00257931069299228	wecH
PPG85_15190	1.0	yiaA
PPG85_15195	1.0	yiaB
PPG85_15200	0.487877826255206	xylB
PPG85_15205	0.14613300913468	xylA
PPG85_15210	0.112909603269013	xylF
PPG85_15215	0.0163899542248261	xylG
PPG85_15220	0.274533634396389	xylH
PPG85_15225	0.460905506940726	xylR
PPG85_15230	0.0223444449422246	bax
PPG85_15235	0.0540919326082779	malS
PPG85_15240	0.323158286629447	avtA
PPG85_15250	6.20982365032413e-08	yiaJ
PPG85_15255	1.0	yiaK
PPG85_15260	1.0	yiaL
PPG85_15265	1.0	yiaM
PPG85_15270	1.0	yiaN
PPG85_15275	1.0	yiaO
PPG85_15290	1.0	sgbU
PPG85_15310	0.0502267030599141	yiaT
PPG85_15315	0.00332055659736126	yiaU
PPG85_15320	1.0	yiaV
PPG85_15325	1.0	yiaW
PPG85_15330	0.571402462151965	aldB
PPG85_15335	1.0	yiaY
PPG85_15340	0.442520878521517	selB
PPG85_15345	0.146649291614228	selA
PPG85_15350	0.63430725138003	yibF
PPG85_15355	0.341400640970489	yibH
PPG85_15360	1.0	yibI
PPG85_15365	1.35553657475192e-07	mtlA
PPG85_15370	4.14230672273107e-06	mtlD
PPG85_15375	0.709229520807814	mtlR
PPG85_15380	1.72925393393878e-05	yibT
PPG85_15385	0.13005819367328	yibL
PPG85_15390	2.1649148128312e-05	lldP
PPG85_15395	0.00529746364880051	lldR
PPG85_15400	0.149720043589008	lldD
PPG85_15405	0.312384713210061	trmL
PPG85_15410	0.000274761985456413	cysE
PPG85_15415	0.0203997280832398	gpsA
PPG85_15420	0.0604357588196963	secB
PPG85_15425	0.547023670259112	grxC
PPG85_15430	0.0027005051077346	yibN
PPG85_15435	2.7285716100625e-05	gpmM
PPG85_15440	0.903685177901861	envC
PPG85_15445	1.22176597889051e-07	yibQ
PPG85_15450	1.0	waaH
PPG85_15455	0.00038210990908732	tdh
PPG85_15460	5.33067334849296e-05	kbl
PPG85_15470	0.925099516610943	rfaD
PPG85_15485	0.000437272076898358	waaL
PPG85_15490	0.0109250785734058	waaU
PPG85_15495	0.709158957311177	waaZ
PPG85_15510	0.0839514315878288	waaO
PPG85_15515	0.647064516268091	waaB
PPG85_15540	0.0168846277372959	waaA
PPG85_15545	0.00461543798924296	coaD
PPG85_15550	8.43999146767065e-05	mutM
PPG85_15555	0.000976927637295773	rpmG
PPG85_15560	0.857498684239289	rpmB
PPG85_15575	0.00114036626683057	dut
PPG85_15580	0.00488212864149392	slmA
PPG85_15585	0.045955749017541	pyrE
PPG85_15595	0.0523590777313332	yicC
PPG85_15600	0.762573123553419	dinD
PPG85_15605	0.00572919979397555	yicG
PPG85_15610	0.365185207815525	ligB
PPG85_15615	0.754803257394693	gmk
PPG85_15620	0.00901844601183475	rpoZ
PPG85_15625	0.0281100661845669	spoT
PPG85_15630	0.789802650595322	trmH
PPG85_15635	0.00422861262353337	recG
PPG85_15640	8.56726059365753e-06	gltS
PPG85_15645	0.270370611051665	xanP
PPG85_15650	0.0352255079299706	yicH
PPG85_15655	0.174018209707928	yicI
PPG85_15660	1.0	yicJ
PPG85_15675	1.0	setC
PPG85_15680	0.0751883347111054	yicL
PPG85_15685	0.000350888502123321	nlpA
PPG85_15690	0.0010836961058533	yicS
PPG85_15695	1.09452670801474e-07	nepI
PPG85_15700	0.165981848948023	yicN
PPG85_15705	0.188336558561547	adeQ
PPG85_15710	0.000519363818093859	adeD
PPG85_15720	0.00516646812339431	uhpC
PPG85_15725	5.49016277160381e-05	uhpB
PPG85_15730	7.03000257003213e-06	uhpA
PPG85_15740	0.000685889446574581	ilvB
PPG85_15745	9.19020429711129e-06	ivbL
PPG85_15750	1.0	tisB
PPG85_15760	0.00496962267476589	emrD
PPG85_15765	0.795072533991159	yidF
PPG85_15770	0.0115822928885733	yidG
PPG85_15775	0.0149691893226074	yidH
PPG85_15780	0.0187230103727123	yidI
PPG85_15790	1.0	yidK
PPG85_15795	1.0	yidL
PPG85_15810	1.0	yidP
PPG85_15815	0.226662743329597	yidE
PPG85_15820	0.000369623273439529	ibpB
PPG85_15825	0.00300598172938434	ibpA
PPG85_15830	0.358478440250375	yidQ
PPG85_15835	0.0588907440406085	yidR
PPG85_15840	4.12924590430538e-08	cbrA
PPG85_15845	1.0	dgoT
PPG85_15850	0.398208834974184	dgoD
PPG85_15855	1.0	dgoA
PPG85_15860	0.297257134198821	dgoK
PPG85_15865	0.966176753518338	dgoR
PPG85_15985	0.000937462149012709	cbrC
PPG85_15990	0.0342863880154178	yieK
PPG85_15995	1.0	yieL
PPG85_16000	1.0	bglH
PPG85_16005	1.0	bglB
PPG85_16015	1.0	bglG
PPG85_16020	0.061129557814335	phoU
PPG85_16025	0.209683588178717	pstB
PPG85_16030	0.100826672426177	pstA
PPG85_16035	0.100482462146617	pstC
PPG85_16040	0.354058710377272	pstS
PPG85_16045	1.81087595664041e-05	glmS
PPG85_16050	0.00595582733797284	glmU
PPG85_16055	0.957026712230726	atpC
PPG85_16060	6.00909192602517e-05	atpD
PPG85_16065	7.35179595207803e-07	atpG
PPG85_16070	8.21844207541571e-07	atpA
PPG85_16075	9.1053314943198e-05	atpH
PPG85_16080	8.06878816636757e-07	atpF
PPG85_16085	1.46771098601731e-05	atpE
PPG85_16090	5.88460267037458e-09	atpB
PPG85_16095	0.000387297469132059	atpI
PPG85_16100	0.905118515229145	rsmG
PPG85_16105	0.0019112041624157	mnmG
PPG85_16110	0.00491687427937416	mioC
PPG85_16115	0.823691639113322	asnC
PPG85_16120	2.25293576470642e-05	asnA
PPG85_16125	0.00270692700503129	viaA
PPG85_16130	0.0247633585007685	ravA
PPG85_16135	0.00219130142860505	kup
PPG85_16140	0.0187174682812016	rbsD
PPG85_16145	0.0742463999666455	rbsA
PPG85_16150	0.0102244840374768	rbsC
PPG85_16155	3.28779303738435e-05	rbsB
PPG85_16160	0.000136571234702623	rbsK
PPG85_16165	0.510301954398338	rbsR
PPG85_16175	5.54414098069333e-07	yieP
PPG85_16210	0.00999915871049795	hdfR
PPG85_16215	6.08729470751231e-05	maoP
PPG85_16220	1.27974757546029e-05	yifB
PPG85_16225	0.0634522793202331	ilvL
PPG85_16230	5.86306032370258e-05	ilvX
PPG85_16240	1.0	ilvM
PPG85_16245	0.358943020952408	ilvE
PPG85_16250	0.112289617364745	ilvD
PPG85_16255	0.157185850779962	ilvA
PPG85_16260	0.837354542782314	ilvY
PPG85_16265	0.00526194670414428	ilvC
PPG85_16270	0.983214069037242	ppiC
PPG85_16280	0.164329345345057	rep
PPG85_16290	0.0128646044751546	rhlB
PPG85_16295	0.1211928549577	trxA
PPG85_16300	0.782034374770241	rhoL
PPG85_16305	0.00972695421877751	rho
PPG85_16315	1.45561247041119e-06	wzzE
PPG85_16320	0.00124722297778406	wecB
PPG85_16325	0.0257661073424603	wecC
PPG85_16330	0.175158315699918	rffG
PPG85_16340	2.0609329601108e-06	rffC
PPG85_16350	0.478936470998601	wzxE
PPG85_16355	0.0428270656717447	rffT
PPG85_16360	0.0063109657174161	wzyE
PPG85_16365	0.000284278583096914	rffM
PPG85_16370	0.72214509779526	yifK
PPG85_16395	0.113627701596524	aslB
PPG85_16400	1.0	aslA
PPG85_16405	0.456581223081888	hemY
PPG85_16410	0.146442165513213	hemX
PPG85_16415	0.0327834847720197	hemD
PPG85_16420	0.534539656925586	hemC
PPG85_16425	0.0113946422994646	cyaA
PPG85_16430	0.0106631392285168	cyaY
PPG85_16435	1.0	yzcX
PPG85_16440	0.000324145795470582	yifL
PPG85_16445	0.0150121741621413	dapF
PPG85_16450	4.66841183352479e-05	yigA
PPG85_16455	3.01754351880949e-09	xerC
PPG85_16460	0.473281598782356	yigB
PPG85_16465	8.29276231224265e-07	uvrD
PPG85_16470	1.0	yigE
PPG85_16480	6.87546969509208e-07	corA
PPG85_16485	0.00378075405334703	yigF
PPG85_16490	1.0	yigG
PPG85_16495	0.10213053131997	rarD
PPG85_16500	0.001253133975329	yigI
PPG85_16505	0.501792449368796	pldA
PPG85_16510	0.048179935833939	recQ
PPG85_16515	0.00321094905780812	rhtC
PPG85_16520	1.0	rhtB
PPG85_16525	0.809167656459069	pldB
PPG85_16530	0.119122090468219	yigL
PPG85_16535	0.183357735091763	bioP
PPG85_16550	0.012375790003636	metE
PPG85_16555	0.0365821694150909	ysgA
PPG85_16560	3.26989764676414e-08	udp
PPG85_16565	0.00322024905457931	rmuC
PPG85_16570	0.0181944991281691	ubiE
PPG85_16575	0.696288925600969	ubiJ
PPG85_16580	0.0140172230050994	ubiB
PPG85_16585	0.10801016078286	tatA
PPG85_16590	0.00128955462441077	tatB
PPG85_16595	0.446884935025236	tatC
PPG85_16600	0.0661971238671756	tatD
PPG85_16605	0.313403982140719	rfaH
PPG85_16610	0.00811573986240042	ubiD
PPG85_16615	0.000127057826498688	fre
PPG85_16625	0.00095740942666539	fadA
PPG85_16630	7.58352393822056e-05	fadB
PPG85_16635	0.431722429424863	pepQ
PPG85_16640	0.00701768422838144	yigZ
PPG85_16645	0.15974472218971	trkH
PPG85_16650	0.947961079012401	hemG
PPG85_16680	0.000143063648713832	mobB
PPG85_16685	0.106852269762023	mobA
PPG85_16690	0.546084110094499	yihD
PPG85_16695	0.000354389793410172	srkA
PPG85_16700	0.435893458184041	dsbA
PPG85_16705	7.92632939512967e-06	yihF
PPG85_16710	0.656667195293187	yihG
PPG85_16715	0.000834961425513222	polA
PPG85_16720	0.107545210214439	yihA
PPG85_16730	0.0100820389556395	yihI
PPG85_16735	0.0858564139299665	hemN
PPG85_16740	7.84097314376024e-10	yshB
PPG85_16745	0.287373575708558	glnG
PPG85_16750	0.001837405877011	glnL
PPG85_16755	0.251556675226878	glnA
PPG85_16765	0.396924949056819	yihL
PPG85_16770	7.73637993738283e-06	yihM
PPG85_16775	0.0135696735375005	yihN
PPG85_16780	1.0	ompL
PPG85_16785	1.0	yihO
PPG85_16790	1.0	yihP
PPG85_16795	1.0	yihQ
PPG85_16800	1.0	yihR
PPG85_16805	0.00935998537961467	yihS
PPG85_16810	0.01756590240925	yihT
PPG85_16815	0.00649624606985147	yihU
PPG85_16820	0.0052552974947832	yihV
PPG85_16830	8.12151273618531e-05	yihX
PPG85_16835	0.315367282009678	yihY
PPG85_16840	0.0117520450981348	dtd
PPG85_16855	1.0	yiiE
PPG85_16860	0.767131696442646	yiiF
PPG85_16865	6.24592708447935e-05	fdhE
PPG85_16870	0.106776618887154	fdoI
PPG85_16875	0.956943950552069	fdoH
PPG85_16885	0.164793372373428	fdhD
PPG85_16890	1.0	yiiG
PPG85_16895	1.0	frvR
PPG85_16900	1.0	frvX
PPG85_16905	1.0	frvB
PPG85_16910	1.0	frvA
PPG85_16915	1.0	rhaM
PPG85_16920	1.0	rhaD
PPG85_16925	1.0	rhaA
PPG85_16930	1.0	rhaB
PPG85_16935	1.0	rhaS
PPG85_16940	0.0471830354138686	rhaR
PPG85_16945	1.0	rhaT
PPG85_16950	0.225440153106498	sodA
PPG85_16960	0.247953406218853	yiiM
PPG85_16965	0.00246311475169875	cpxA
PPG85_16970	0.00173985010568593	cpxR
PPG85_16975	0.0729569188910086	cpxP
PPG85_16980	0.00804860481295348	fieF
PPG85_16985	2.08547966239666e-06	pfkA
PPG85_16990	0.00167676911714902	sbp
PPG85_16995	0.000501838473206048	cdh
PPG85_17000	0.0665141397573584	tpiA
PPG85_17005	0.238923608292263	yiiQ
PPG85_17010	0.320581120874043	yiiR
PPG85_17015	0.00654205830215494	yiiS
PPG85_17020	0.000120591467892398	uspD
PPG85_17025	0.00633762631040078	fpr
PPG85_17035	1.9266396472189e-09	glpK
PPG85_17040	4.58782977265597e-09	glpF
PPG85_17045	9.78145892801176e-06	zapB
PPG85_17050	3.29469379239695e-06	rraA
PPG85_17055	0.00530270898799363	menA
PPG85_17060	0.000152779847508427	hslU
PPG85_17065	0.00102254639039621	hslV
PPG85_17070	0.00138874285201975	ftsN
PPG85_17075	5.26037670317533e-06	cytR
PPG85_17080	0.195737312341208	priA
PPG85_17085	0.0712695928242376	rpmE
PPG85_17090	0.590944617047068	yiiX
PPG85_17095	0.809224546032021	metJ
PPG85_17100	0.0515989947914032	metB
PPG85_17115	1.0	metF
PPG85_17120	0.951281628472917	katG
PPG85_17125	0.0404409578670379	yijE
PPG85_17130	1.0	yijF
PPG85_17135	0.0328482106705672	gldA
PPG85_17150	1.0	frwC
PPG85_17155	1.0	frwB
PPG85_17160	0.00340680157608808	pflD
PPG85_17165	0.0180477832311655	pflC
PPG85_17170	1.0	frwD
PPG85_17175	0.000692528036604393	yijO
PPG85_17180	0.00256085579902734	eptC
PPG85_17185	6.52498241508496e-06	ppc
PPG85_17190	0.558571449437345	argE
PPG85_17195	1.0	argC
PPG85_17200	0.49234070761263	argB
PPG85_17205	0.00334009673186284	argH
PPG85_17210	0.000808814769990891	oxyR
PPG85_17215	4.87839667699768e-05	sthA
PPG85_17220	0.244806553457463	fabR
PPG85_17225	0.000177029427633035	yijD
PPG85_17230	0.00134032055381243	trmA
PPG85_17235	0.823841875323896	btuB
PPG85_17240	0.0833419273864531	murI
PPG85_17265	0.00692405258905988	murB
PPG85_17270	0.00207784756628993	birA
PPG85_17275	0.0155747341176784	coaA
PPG85_17305	0.0312604004544402	secE
PPG85_17310	0.00244756133124227	nusG
PPG85_17315	0.00276963693844993	rplK
PPG85_17320	0.000203914611711841	rplA
PPG85_17325	1.35209849367338e-05	rplJ
PPG85_17330	0.117096461978038	rplL
PPG85_17335	0.331332096715463	rpoB
PPG85_17340	0.0200647001263817	rpoC
PPG85_17345	1.0	yjaZ
PPG85_17350	1.0	thiH
PPG85_17355	1.0	thiG
PPG85_17360	1.0	thiS
PPG85_17365	0.125155099606304	thiF
PPG85_17370	1.0	thiE
PPG85_17375	0.411208999636697	thiC
PPG85_17380	0.00497855703862721	rsd
PPG85_17385	0.00568229013260162	nudC
PPG85_17390	0.0371595855596728	hemE
PPG85_17395	0.0081051279017331	nfi
PPG85_17400	0.399025268632275	yjaG
PPG85_17405	0.0311173551939813	hupA
PPG85_17410	1.057034508273e-07	yjaH
PPG85_17415	1.0	zraP
PPG85_17420	0.172760968548451	zraS
PPG85_17425	0.0383619585602527	zraR
PPG85_17430	0.783067673736355	purD
PPG85_17435	0.000201845390120838	purH
PPG85_17460	1.0	yjaA
PPG85_17465	0.02199262010461	yjaB
PPG85_17470	8.80495620006755e-06	metA
PPG85_17475	0.00160679081936603	aceB
PPG85_17480	0.00102261493778534	aceA
PPG85_17485	0.0305971790607599	aceK
PPG85_17495	0.0321864342037318	iclR
PPG85_17500	0.000564226184121168	metH
PPG85_17505	0.49259284829811	yjbB
PPG85_17510	9.0262934262354e-06	pepE
PPG85_17515	1.54370122601878e-06	rluF
PPG85_17520	8.56894086648126e-05	yjbD
PPG85_17525	0.00549008101708845	lysC
PPG85_17530	0.0993017018750566	pgi
PPG85_17535	0.473739040835699	yjbE
PPG85_17540	1.0	yjbF
PPG85_17545	1.0	yjbG
PPG85_17550	1.0	yjbH
PPG85_17560	1.0	psiE
PPG85_17565	1.0	xylE
PPG85_17570	1.65015152575887e-06	malG
PPG85_17575	4.89674073091051e-08	malF
PPG85_17580	2.44382506901783e-09	malE
PPG85_17585	5.27275759055413e-08	malK
PPG85_17590	9.56221245889049e-10	lamB
PPG85_17595	6.54646066386808e-07	malM
PPG85_17605	0.000235088743080395	ubiC
PPG85_17610	0.0353983287102785	ubiA
PPG85_17615	0.0230051195439241	plsB
PPG85_17620	4.31223996632085e-06	dgkA
PPG85_17625	1.44492284299284e-07	lexA
PPG85_17630	0.00196610552783083	dinF
PPG85_17635	0.000782433671274076	yjbJ
PPG85_17640	0.0067477246595824	zur
PPG85_17645	1.0	yjbL
PPG85_17650	1.0	yjbM
PPG85_17655	0.0410829779740721	dusA
PPG85_17660	0.127536794456658	pspG
PPG85_17665	0.00311158096200165	qorA
PPG85_17670	0.126443291913988	dnaB
PPG85_17675	0.423348370689251	alr
PPG85_17680	0.186574328728763	tyrB
PPG85_17685	1.0	yjbS
PPG85_17690	0.3852486898233	aphA
PPG85_17695	1.48349100236412e-05	yjbQ
PPG85_17700	1.40645824012983e-05	yjbR
PPG85_17705	0.000255911734767135	uvrA
PPG85_17715	0.00205878622142216	yjcB
PPG85_17720	1.0	pdeC
PPG85_17725	0.000433752219630008	soxS
PPG85_17730	0.0462923129303726	soxR
PPG85_17735	0.00698495902005163	ghxP
PPG85_17740	0.0179618804018264	yjcE
PPG85_17750	0.000550677747799388	actP
PPG85_17755	0.0148403181799408	yjcH
PPG85_17760	0.00179239826405181	acs
PPG85_17765	7.00375864534017e-05	nrfA
PPG85_17775	2.56611759843448e-05	nrfC
PPG85_17780	0.00017802782550633	nrfD
PPG85_17785	4.40748732621716e-05	nrfE
PPG85_17790	1.0	nrfF
PPG85_17795	1.0	nrfG
PPG85_17800	2.26863051554101e-06	gltP
PPG85_17805	0.057996581898921	yjcO
PPG85_17815	1.0	mdtP
PPG85_17820	1.0	mdtO
PPG85_17825	1.0	mdtN
PPG85_17830	1.0	ytcA
PPG85_17835	1.0	yjcS
PPG85_17840	0.307949707219399	alsK
PPG85_17845	0.00854390736206909	alsE
PPG85_17850	0.403033337199476	alsC
PPG85_17855	0.353298812586761	alsA
PPG85_17860	0.520450903724066	alsB
PPG85_17865	0.000929171020296925	alsR
PPG85_17870	0.4057354625791	rpiB
PPG85_17875	0.00489531669633406	yjdP
PPG85_17880	0.742033553730922	phnP
PPG85_17885	0.822595972424908	phnO
PPG85_17890	1.0	phnN
PPG85_17895	1.0	phnM
PPG85_17900	1.0	phnL
PPG85_17905	1.0	phnK
PPG85_17910	1.0	phnJ
PPG85_17915	1.0	phnI
PPG85_17920	1.0	phnH
PPG85_17925	1.0	phnG
PPG85_17930	1.0	phnF
PPG85_17940	1.0	phnD
PPG85_17945	1.0	phnC
PPG85_17950	1.0	yjdN
PPG85_17955	0.00391356007850501	yjdM
PPG85_17960	0.0296592677878006	crfC
PPG85_17970	0.365536158387681	proP
PPG85_17975	1.0	pmrR
PPG85_17985	0.25952381838987	basR
PPG85_17990	1.0	eptA
PPG85_17995	1.0	adiC
PPG85_18000	0.00336908458117726	adiY
PPG85_18005	0.0374762341675065	adiA
PPG85_18010	0.0512735130344096	melR
PPG85_18015	0.139876011138572	melA
PPG85_18020	1.57833595843587e-06	melB
PPG85_18025	0.00392044666470331	yjdF
PPG85_18035	0.0353371745142942	dcuB
PPG85_18040	0.000434981877216135	dcuR
PPG85_18045	0.409473690976525	dcuS
PPG85_18050	0.57679357001402	yjdI
PPG85_18055	0.075063917613604	yjdJ
PPG85_18065	1.0	ghoT
PPG85_18075	0.16400969361423	dtpC
PPG85_18080	0.122100198970683	cadA
PPG85_18085	1.0	cadB
PPG85_18090	7.22812413118896e-07	cadC
PPG85_18100	0.514965135838982	yjdC
PPG85_18105	0.0166103414351192	dsbD
PPG85_18110	0.137153249720127	cutA
PPG85_18115	0.342023376201126	dcuA
PPG85_18120	5.20567248489069e-05	aspA
PPG85_18125	0.00135793437574759	fxsA
PPG85_18130	0.0480300486416334	yjeH
PPG85_18135	0.000167510952279552	groS
PPG85_18140	4.92897835658571e-05	groL
PPG85_18145	0.00319153105611589	yjeI
PPG85_18150	0.647503797232701	yjeJ
PPG85_18155	0.505197368075714	epmB
PPG85_18160	0.000293366273977857	efp
PPG85_18165	0.147847826084298	ecnA
PPG85_18170	0.0457688225233844	ecnB
PPG85_18180	0.0663948430531472	blc
PPG85_18185	0.0130972533913956	ampC
PPG85_18190	0.197015786491626	frdD
PPG85_18195	0.0848886125422507	frdC
PPG85_18200	8.51060376088331e-05	frdB
PPG85_18205	0.000216254304968372	frdA
PPG85_18210	0.138208307651864	epmA
PPG85_18215	0.013654311698426	yjeM
PPG85_18220	1.0	yjeN
PPG85_18225	1.0	yjeO
PPG85_18230	0.184449708530436	mscM
PPG85_18240	0.924148634751609	rsgA
PPG85_18245	0.00802297711299262	orn
PPG85_18270	0.393788913495834	queG
PPG85_18275	0.929221235897989	nnr
PPG85_18280	0.00349352779554225	tsaE
PPG85_18285	0.775517689622887	amiB
PPG85_18290	0.062793790699864	mutL
PPG85_18295	0.000193804664755349	miaA
PPG85_18300	0.59255541385442	hfq
PPG85_18305	0.0233554510853799	hflX
PPG85_18310	0.00131137419708961	hflK
PPG85_18315	2.29767757907654e-05	hflC
PPG85_18320	0.0211136966429202	yjeT
PPG85_18325	0.38718086639011	purA
PPG85_18330	1.88519942933412e-05	nsrR
PPG85_18335	1.85621775478785e-08	rnr
PPG85_18340	0.000174016185599797	rlmB
PPG85_18345	1.0	yjfI
PPG85_18350	1.0	yjfJ
PPG85_18355	1.0	yjfK
PPG85_18360	1.0	yjfL
PPG85_18365	1.0	yjfM
PPG85_18370	1.0	yjfC
PPG85_18375	0.756882952045191	aidB
PPG85_18380	8.53967161238906e-05	yjfN
PPG85_18385	0.000920639752430552	bsmA
PPG85_18390	0.479784183993567	yjfP
PPG85_18395	0.113539712277583	ulaR
PPG85_18400	0.000886654705075322	ulaG
PPG85_18405	0.260798354408097	ulaA
PPG85_18410	0.345172417762012	ulaB
PPG85_18415	0.00117804905752699	ulaC
PPG85_18425	0.0708169927827264	ulaE
PPG85_18430	0.00312428065232134	ulaF
PPG85_18435	1.0	yjfY
PPG85_18440	0.000203128653839952	rpsF
PPG85_18445	6.35363507990691e-05	priB
PPG85_18450	0.17074343703754	rpsR
PPG85_18455	0.00391021377533166	rplI
PPG85_18460	1.0	yjfZ
PPG85_18470	0.000157275453006064	ytfB
PPG85_18480	0.0224837062072222	cycA
PPG85_18485	0.0709783216107058	ytfE
PPG85_18490	0.00367591309276599	ytfF
PPG85_18495	0.292719004601154	qorB
PPG85_18500	0.00528217430685732	ytfH
PPG85_18505	0.00499781561688122	cpdB
PPG85_18510	9.32428374558418e-10	cysQ
PPG85_18515	3.03237220586762e-05	ytfI
PPG85_18520	2.00889677385965e-05	ytfJ
PPG85_18525	0.449199133195111	ytfK
PPG85_18535	8.48596604288549e-06	msrA
PPG85_18540	0.740205238617904	tamA
PPG85_18545	0.496044804215691	tamB
PPG85_18550	1.6189870953105e-05	ytfP
PPG85_18555	0.836796534589194	chpS
PPG85_18560	0.0152481440016107	chpB
PPG85_18565	0.0208935654828695	ppa
PPG85_18570	1.00646042983181e-05	ytfQ
PPG85_18575	0.00394710874807848	ytfR
PPG85_18580	0.558022364482878	ytfT
PPG85_18585	0.0977232446543741	yjfF
PPG85_18590	0.000308479371023396	fbp
PPG85_18595	0.673778160154316	mpl
PPG85_18600	0.456409692598433	yjgA
PPG85_18605	0.0819027306621886	pmbA
PPG85_18615	0.0556763984403518	nrdG
PPG85_18620	0.303818528603033	nrdD
PPG85_18625	0.0120089949090172	treC
PPG85_18630	1.85531825128334e-05	treB
PPG85_18635	0.380349835228374	treR
PPG85_18640	0.00388484451213079	mgtL
PPG85_18645	0.382213167953532	mgtA
PPG85_18650	0.97730561879725	ridA
PPG85_18655	0.00541424297002547	pyrI
PPG85_18660	0.100143082197976	pyrB
PPG85_18665	0.0818455908531846	pyrL
PPG85_18670	0.140658152208527	yjgH
PPG85_18675	0.0584004504047481	bdcA
PPG85_18680	0.430295707957961	bdcR
PPG85_18685	0.00531383108266969	tabA
PPG85_18690	0.430305862722746	yjgL
PPG85_18700	4.899987297786e-05	rraB
PPG85_18705	0.00130318392873387	yjgM
PPG85_18710	1.0	yjgN
PPG85_18715	0.00528039712014707	valS
PPG85_18720	0.882080618746493	holC
PPG85_18725	0.01229346459148	pepA
PPG85_18735	0.0679918715942626	lptF
PPG85_18740	0.136487785199631	lptG
PPG85_18745	0.00300049923226403	yjgR
PPG85_18750	0.00362600817179564	idnR
PPG85_18755	0.0253152134286206	idnT
PPG85_18760	0.969096770057631	idnO
PPG85_18765	0.385783692299678	idnD
PPG85_18770	8.41564085105666e-05	idnK
PPG85_18775	0.00261659150558112	ahr
PPG85_18785	1.21680737682808e-06	gntP
PPG85_18790	1.80225802377866e-07	uxuA
PPG85_18795	2.94379777485516e-06	uxuB
PPG85_18800	0.105750843900625	uxuR
PPG85_18805	4.6806366952481e-05	opgB
PPG85_18810	0.931893808536654	yjjA
PPG85_18815	0.00504246679209351	dnaC
PPG85_18820	0.0292068945287891	dnaT
PPG85_18825	4.85912501786362e-05	yjjB
PPG85_18830	0.000104373522925733	yjjP
PPG85_18835	1.0	yjjQ
PPG85_18840	1.0	bglJ
PPG85_18845	0.0234653010584172	fhuF
PPG85_18850	1.46915722992155e-05	yjjZ
PPG85_18870	0.483137500623326	rsmC
PPG85_18875	0.000753601678141948	holD
PPG85_18880	0.140667592647551	rimI
PPG85_18885	0.751535114368313	yjjG
PPG85_18890	0.0595958839058381	prfC
PPG85_18895	0.0547318531265321	osmY
PPG85_18900	0.000184003260586567	ytjA
PPG85_18905	0.0216692200424939	yjjU
PPG85_18910	0.0834577644077683	yjjV
PPG85_18915	0.137936469696835	yjjW
PPG85_18920	6.01302566725817e-06	yjjI
PPG85_18925	2.06140793691347e-06	deoC
PPG85_18930	1.01459963388899e-07	deoA
PPG85_18935	6.06078769957212e-05	deoB
PPG85_18940	1.01743155850721e-05	deoD
PPG85_18945	0.354922686862104	yjjJ
PPG85_18950	0.0205756140935352	lplA
PPG85_18955	0.79650468612914	ytjB
PPG85_18960	0.000673076142746124	serB
PPG85_18965	0.376549474499295	radA
PPG85_18970	0.00283747970435732	nadR
PPG85_18980	3.23209767816931e-05	ettA
PPG85_18990	0.00987864951624396	trpR
PPG85_18995	2.19635210617079e-08	yjjX
PPG85_19010	5.14542931768129e-07	creA
PPG85_19015	1.03989009814968e-05	creB
PPG85_19020	1.37385666422628e-05	creC
PPG85_19025	1.0	creD
PPG85_19030	0.4112851476721	arcA
PPG85_19035	1.0	yjjY
PPG85_19040	0.000251119864549536	yjtD
