locus_tag	abundance	source_gene_id
M744_RS00005	7.9592	SYNPCC7942_RS02980
M744_RS00010	352.7698	SYNPCC7942_RS02975
M744_RS00020	117.6008	SYNPCC7942_RS02965
M744_RS00025	7.1635	SYNPCC7942_RS02960
M744_RS00030	27.3318	SYNPCC7942_RS02955
M744_RS00035	44.5017	SYNPCC7942_RS02950
M744_RS00040	151.8863	SYNPCC7942_RS02945
M744_RS00045	539.9020	SYNPCC7942_RS02940
M744_RS00050	45.6324	SYNPCC7942_RS02935
M744_RS00055	287.8837	SYNPCC7942_RS02930
M744_RS00060	46.8895	SYNPCC7942_RS02925
M744_RS00065	20.6606	SYNPCC7942_RS02920
M744_RS00075	22.9806	SYNPCC7942_RS02910
M744_RS00080	68.8657	SYNPCC7942_RS02905
M744_RS00085	57.8064	SYNPCC7942_RS02900
M744_RS00090	316.9212	SYNPCC7942_RS02895
M744_RS00095	29.7240	SYNPCC7942_RS02890
M744_RS00100	21.6388	SYNPCC7942_RS02885
M744_RS00105	13.8507	SYNPCC7942_RS02880
M744_RS00110	111.8830	SYNPCC7942_RS02875
M744_RS00115	41.4459	SYNPCC7942_RS02870
M744_RS00120	39.0185	SYNPCC7942_RS02865
M744_RS00125	14.8056	SYNPCC7942_RS02860
M744_RS00130	85.4125	SYNPCC7942_RS02855
M744_RS00135	22.0578	SYNPCC7942_RS02850
M744_RS00140	81.9098	SYNPCC7942_RS02845
M744_RS00145	51.3909	SYNPCC7942_RS02840
M744_RS00150	18.2796	SYNPCC7942_RS02835
M744_RS00155	112.8283	SYNPCC7942_RS02830
M744_RS00160	8.0480	SYNPCC7942_RS02825
M744_RS00165	123.0411	SYNPCC7942_RS02820
M744_RS00170	58.6017	SYNPCC7942_RS02815
M744_RS00175	38.9534	SYNPCC7942_RS02810
M744_RS00180	216.6325	SYNPCC7942_RS02805
M744_RS00185	6.7051	SYNPCC7942_RS02800
M744_RS00190	128.4677	SYNPCC7942_RS02795
M744_RS00195	77.1762	SYNPCC7942_RS02790
M744_RS00200	5.2412	SYNPCC7942_RS02785
M744_RS00205	71.6847	SYNPCC7942_RS02780
M744_RS00210	33.6408	SYNPCC7942_RS02775
M744_RS00215	9.5686	SYNPCC7942_RS02770
M744_RS00220	18.0823	SYNPCC7942_RS02765
M744_RS00225	29.1891	SYNPCC7942_RS02760
M744_RS00230	5.5331	SYNPCC7942_RS02755
M744_RS00235	11.6096	SYNPCC7942_RS02750
M744_RS00240	14.6500	SYNPCC7942_RS02745
M744_RS00245	9.6072	SYNPCC7942_RS02740
M744_RS00250	2164.1692	SYNPCC7942_RS02735
M744_RS00255	544.8385	SYNPCC7942_RS02730
M744_RS00260	101.1656	SYNPCC7942_RS02725
M744_RS00265	1254.5753	SYNPCC7942_RS02720
M744_RS00270	99.7204	SYNPCC7942_RS02715
M744_RS00275	6.3798	SYNPCC7942_RS02710
M744_RS00280	11.8681	SYNPCC7942_RS02705
M744_RS00285	58.5526	SYNPCC7942_RS02700
M744_RS00290	10.5155	SYNPCC7942_RS02695
M744_RS00295	42.7185	SYNPCC7942_RS02690
M744_RS00300	113.7353	SYNPCC7942_RS02685
M744_RS00305	93.7903	SYNPCC7942_RS02680
M744_RS00310	30.5102	SYNPCC7942_RS02675
M744_RS00315	50.1448	SYNPCC7942_RS02670
M744_RS00320	12.9188	SYNPCC7942_RS02665
M744_RS00325	29.0376	SYNPCC7942_RS02660
M744_RS00330	15.4042	SYNPCC7942_RS02655
M744_RS00335	9.8493	SYNPCC7942_RS02645
M744_RS00340	13.9897	SYNPCC7942_RS02640
M744_RS00345	9.9197	SYNPCC7942_RS02635
M744_RS00350	44.7719	SYNPCC7942_RS02630
M744_RS00355	55.5078	SYNPCC7942_RS02625
M744_RS00360	476.6716	SYNPCC7942_RS02620
M744_RS00365	28.1679	SYNPCC7942_RS02615
M744_RS00370	115.5543	SYNPCC7942_RS02610
M744_RS00375	22.3531	SYNPCC7942_RS02605
M744_RS00380	75.4983	SYNPCC7942_RS02600
M744_RS00385	94.6024	SYNPCC7942_RS02595
M744_RS00390	16.7278	SYNPCC7942_RS02590
M744_RS00395	14.9595	SYNPCC7942_RS02585
M744_RS00400	39.2243	SYNPCC7942_RS02580
M744_RS00405	133.7847	SYNPCC7942_RS02575
M744_RS00410	90.4301	SYNPCC7942_RS02570
M744_RS00415	914.5644	SYNPCC7942_RS02565
M744_RS00420	129.3588	SYNPCC7942_RS02560
M744_RS00425	21.2219	SYNPCC7942_RS02555
M744_RS00430	2.5505	SYNPCC7942_RS02550
M744_RS00435	44.5358	SYNPCC7942_RS02545
M744_RS00440	12.5946	SYNPCC7942_RS02540
M744_RS00445	40.1340	SYNPCC7942_RS02535
M744_RS00450	89.4940	SYNPCC7942_RS02530
M744_RS00455	29.3526	SYNPCC7942_RS02525
M744_RS00460	111.7388	SYNPCC7942_RS02520
M744_RS00465	14.0435	SYNPCC7942_RS02515
M744_RS00470	44.6785	SYNPCC7942_RS02510
M744_RS00475	85.0685	SYNPCC7942_RS02505
M744_RS00485	146.4021	SYNPCC7942_RS02495
M744_RS00490	192.2020	SYNPCC7942_RS02490
M744_RS00495	187.8180	SYNPCC7942_RS02485
M744_RS00500	73.9973	SYNPCC7942_RS02480
M744_RS00505	40.6794	SYNPCC7942_RS02475
M744_RS00510	70.9469	SYNPCC7942_RS02470
M744_RS00515	120.3779	SYNPCC7942_RS02465
M744_RS00520	82.2658	SYNPCC7942_RS02460
M744_RS00525	160.2508	SYNPCC7942_RS02455
M744_RS00530	95.2761	SYNPCC7942_RS02450
M744_RS00535	84.0325	SYNPCC7942_RS02445
M744_RS00540	253.7212	SYNPCC7942_RS02440
M744_RS00545	39.6436	SYNPCC7942_RS02435
M744_RS00550	379.6240	SYNPCC7942_RS02430
M744_RS00555	60.8650	SYNPCC7942_RS02425
M744_RS00560	0.6659	SYNPCC7942_RS02420
M744_RS00565	258.5691	SYNPCC7942_RS02415
M744_RS00570	5.1914	SYNPCC7942_RS02410
M744_RS00575	40.9041	SYNPCC7942_RS02405
M744_RS00590	226.0811	SYNPCC7942_RS02390
M744_RS00595	29.2730	SYNPCC7942_RS02385
M744_RS00600	38.6803	SYNPCC7942_RS02380
M744_RS00605	95.1875	SYNPCC7942_RS02375
M744_RS00610	304.4820	SYNPCC7942_RS02370
M744_RS00615	154.9052	SYNPCC7942_RS02365
M744_RS00620	15.9973	SYNPCC7942_RS02360
M744_RS00625	18.9135	SYNPCC7942_RS02355
M744_RS00630	14.0698	SYNPCC7942_RS02350
M744_RS00635	20.8784	SYNPCC7942_RS02345
M744_RS00640	38.7684	SYNPCC7942_RS02340
M744_RS00645	50.7431	SYNPCC7942_RS02335
M744_RS00650	11.0831	SYNPCC7942_RS02330
M744_RS00655	22.4273	SYNPCC7942_RS02325
M744_RS00660	7.8644	SYNPCC7942_RS02320
M744_RS00665	53.9980	SYNPCC7942_RS02315
M744_RS00675	160.6489	SYNPCC7942_RS02305
M744_RS00680	169.2523	SYNPCC7942_RS02300
M744_RS00685	82.5205	SYNPCC7942_RS02295
M744_RS00690	536.8311	SYNPCC7942_RS02290
M744_RS00695	24.3081	SYNPCC7942_RS02285
M744_RS00700	784.5353	SYNPCC7942_RS02280
M744_RS00705	43.8361	SYNPCC7942_RS02275
M744_RS00710	84.4447	SYNPCC7942_RS02270
M744_RS00715	219.2057	SYNPCC7942_RS02265
M744_RS00720	5135.8944	SYNPCC7942_RS02260
M744_RS00725	9.4050	SYNPCC7942_RS02255
M744_RS00735	48.5947	SYNPCC7942_RS02245
M744_RS00740	28.2813	SYNPCC7942_RS02240
M744_RS00750	2.8167	SYNPCC7942_RS02230
M744_RS00755	24.8095	SYNPCC7942_RS02225
M744_RS00760	24.9871	SYNPCC7942_RS02220
M744_RS00770	84.6767	SYNPCC7942_RS02210
M744_RS00775	61.4696	SYNPCC7942_RS02205
M744_RS00780	86.8594	SYNPCC7942_RS02200
M744_RS00785	1221.1519	SYNPCC7942_RS02195
M744_RS00790	278.7807	SYNPCC7942_RS02190
M744_RS00795	68.7873	SYNPCC7942_RS02185
M744_RS00800	50.1719	SYNPCC7942_RS02180
M744_RS00805	18.7541	SYNPCC7942_RS02175
M744_RS00810	165.2114	SYNPCC7942_RS02170
M744_RS00815	17705.1190	SYNPCC7942_RS02165
M744_RS00820	164.3343	SYNPCC7942_RS02160
M744_RS00825	224.1761	SYNPCC7942_RS02155
M744_RS00830	33.8193	SYNPCC7942_RS02150
M744_RS00835	106.9950	SYNPCC7942_RS02145
M744_RS00840	78.9326	SYNPCC7942_RS02140
M744_RS00845	1077.4116	SYNPCC7942_RS02135
M744_RS00850	2192.3875	SYNPCC7942_RS02130
M744_RS00855	2093.7663	SYNPCC7942_RS02125
M744_RS00860	1201.1898	SYNPCC7942_RS02120
M744_RS00865	64.0088	SYNPCC7942_RS02115
M744_RS00875	101.2133	SYNPCC7942_RS02105
M744_RS00880	36.5302	SYNPCC7942_RS02100
M744_RS00885	51.0602	SYNPCC7942_RS02095
M744_RS00890	19.0952	SYNPCC7942_RS02090
M744_RS00895	19.5094	SYNPCC7942_RS02085
M744_RS00900	13.5000	SYNPCC7942_RS02080
M744_RS00905	183.9316	SYNPCC7942_RS02075
M744_RS00910	78.3232	SYNPCC7942_RS02070
M744_RS00915	18.8065	SYNPCC7942_RS02065
M744_RS00920	79.9065	SYNPCC7942_RS02060
M744_RS00925	8.1370	SYNPCC7942_RS02055
M744_RS00930	16.9864	SYNPCC7942_RS02050
M744_RS00935	31.7599	SYNPCC7942_RS02045
M744_RS00940	67.7158	SYNPCC7942_RS02040
M744_RS00945	52.5577	SYNPCC7942_RS02035
M744_RS00950	82.0612	SYNPCC7942_RS02030
M744_RS00955	53.4654	SYNPCC7942_RS02025
M744_RS00960	188.6413	SYNPCC7942_RS02020
M744_RS00965	198.6522	SYNPCC7942_RS02015
M744_RS00970	75.4100	SYNPCC7942_RS02010
M744_RS00975	13.0068	SYNPCC7942_RS02005
M744_RS00980	12.5862	SYNPCC7942_RS02000
M744_RS00985	810.2525	SYNPCC7942_RS01995
M744_RS00990	31.8742	SYNPCC7942_RS01990
M744_RS00995	13.5675	SYNPCC7942_RS01985
M744_RS01000	13.1017	SYNPCC7942_RS01980
M744_RS01005	22.6428	SYNPCC7942_RS01975
M744_RS01010	116.5940	SYNPCC7942_RS01970
M744_RS01015	2715.3570	SYNPCC7942_RS01965
M744_RS01020	13.6669	SYNPCC7942_RS01960
M744_RS01025	376.2568	SYNPCC7942_RS01955
M744_RS01030	618.7131	SYNPCC7942_RS01950
M744_RS01035	117.3087	SYNPCC7942_RS01945
M744_RS01040	21.4927	SYNPCC7942_RS01940
M744_RS01045	129.9712	SYNPCC7942_RS01935
M744_RS01050	80.9053	SYNPCC7942_RS01930
M744_RS01055	33.7786	SYNPCC7942_RS01925
M744_RS01060	10.2894	SYNPCC7942_RS01920
M744_RS01065	111.8996	SYNPCC7942_RS01915
M744_RS01070	84.9347	SYNPCC7942_RS01910
M744_RS01075	30.8925	SYNPCC7942_RS01905
M744_RS01080	22.1408	SYNPCC7942_RS01900
M744_RS01090	26.0647	SYNPCC7942_RS01890
M744_RS01095	182.3849	SYNPCC7942_RS01885
M744_RS01100	188.6397	SYNPCC7942_RS01880
M744_RS01105	14.4191	SYNPCC7942_RS01875
M744_RS01110	17.7636	SYNPCC7942_RS01870
M744_RS01115	35.8725	SYNPCC7942_RS01865
M744_RS01120	143.4619	SYNPCC7942_RS01860
M744_RS01125	19.2042	SYNPCC7942_RS01855
M744_RS01130	12.8214	SYNPCC7942_RS01850
M744_RS01135	63.3573	SYNPCC7942_RS01845
M744_RS01140	471.7905	SYNPCC7942_RS01840
M744_RS01145	110.3308	SYNPCC7942_RS01835
M744_RS01150	28.7153	SYNPCC7942_RS01830
M744_RS01155	7.6311	SYNPCC7942_RS01825
M744_RS01160	90.5204	SYNPCC7942_RS01820
M744_RS01170	38.9458	SYNPCC7942_RS01810
M744_RS01175	98.7960	SYNPCC7942_RS01805
M744_RS01180	51.5263	SYNPCC7942_RS01800
M744_RS01185	19.1912	SYNPCC7942_RS01795
M744_RS01190	38.2546	SYNPCC7942_RS01790
M744_RS01195	25.1286	SYNPCC7942_RS01785
M744_RS01200	10.4183	SYNPCC7942_RS01780
M744_RS01205	344.1222	SYNPCC7942_RS01775
M744_RS01210	180.4692	SYNPCC7942_RS01770
M744_RS01215	37.2135	SYNPCC7942_RS01765
M744_RS01220	6.7413	SYNPCC7942_RS01760
M744_RS01225	108.3986	SYNPCC7942_RS01755
M744_RS01230	375.8903	SYNPCC7942_RS01750
M744_RS01235	46.6662	SYNPCC7942_RS01745
M744_RS01240	12.9912	SYNPCC7942_RS01740
M744_RS01245	4.7366	SYNPCC7942_RS01735
M744_RS01250	33.1515	SYNPCC7942_RS01730
M744_RS01255	9.2828	SYNPCC7942_RS01725
M744_RS01260	66.9860	SYNPCC7942_RS01720
M744_RS01265	819.4402	SYNPCC7942_RS01715
M744_RS01275	775.7412	SYNPCC7942_RS01705
M744_RS01280	366.5469	SYNPCC7942_RS01700
M744_RS01285	447.9353	SYNPCC7942_RS01695
M744_RS01290	1076.3868	SYNPCC7942_RS01690
M744_RS01295	4760.2834	SYNPCC7942_RS01685
M744_RS01300	1436.8220	SYNPCC7942_RS01680
M744_RS01305	96.0741	SYNPCC7942_RS01675
M744_RS01310	5180.8059	SYNPCC7942_RS01670
M744_RS01315	6880.8625	SYNPCC7942_RS01665
M744_RS01320	8018.9757	SYNPCC7942_RS01660
M744_RS01325	855.7035	SYNPCC7942_RS01655
M744_RS01330	263.4131	SYNPCC7942_RS01650
M744_RS01335	184.3185	SYNPCC7942_RS01645
M744_RS01340	174.9628	SYNPCC7942_RS01640
M744_RS01345	1160.4062	SYNPCC7942_RS01635
M744_RS01350	30.5533	SYNPCC7942_RS01630
M744_RS01355	14.5140	SYNPCC7942_RS01625
M744_RS01360	89.4671	SYNPCC7942_RS01620
M744_RS01365	39.5810	SYNPCC7942_RS01615
M744_RS01370	51.4134	SYNPCC7942_RS01610
M744_RS01375	471.6759	SYNPCC7942_RS01605
M744_RS01380	12.0777	SYNPCC7942_RS01600
M744_RS01385	111.0354	SYNPCC7942_RS01595
M744_RS01390	29.6693	SYNPCC7942_RS01590
M744_RS01395	19.5875	SYNPCC7942_RS01585
M744_RS01400	19.9995	SYNPCC7942_RS01580
M744_RS01405	751.1877	SYNPCC7942_RS01575
M744_RS01410	379.4849	SYNPCC7942_RS01570
M744_RS01415	156.2893	SYNPCC7942_RS01565
M744_RS01420	62.6676	SYNPCC7942_RS01560
M744_RS01425	64.0386	SYNPCC7942_RS01555
M744_RS01430	235.3119	SYNPCC7942_RS01550
M744_RS01435	8.7040	SYNPCC7942_RS01545
M744_RS01440	32.5085	SYNPCC7942_RS01540
M744_RS01445	212.0257	SYNPCC7942_RS01535
M744_RS01450	137.0195	SYNPCC7942_RS01530
M744_RS01455	25.4659	SYNPCC7942_RS01525
M744_RS01460	9.1313	SYNPCC7942_RS01520
M744_RS01465	714.2380	SYNPCC7942_RS01515
M744_RS01470	143.3193	SYNPCC7942_RS01510
M744_RS01475	333.6899	SYNPCC7942_RS01505
M744_RS01480	2123.8811	SYNPCC7942_RS01500
M744_RS01485	5.7764	SYNPCC7942_RS01495
M744_RS01490	129.1851	SYNPCC7942_RS01490
M744_RS01495	226.3722	SYNPCC7942_RS01485
M744_RS01505	25.3414	SYNPCC7942_RS01475
M744_RS01510	626.8764	SYNPCC7942_RS01470
M744_RS01515	64.5408	SYNPCC7942_RS01465
M744_RS01525	19.9243	SYNPCC7942_RS01455
M744_RS01530	33.3303	SYNPCC7942_RS01450
M744_RS01535	106.6913	SYNPCC7942_RS01445
M744_RS01540	9.2236	SYNPCC7942_RS01440
M744_RS01545	379.2264	SYNPCC7942_RS01435
M744_RS01550	75.7126	SYNPCC7942_RS01430
M744_RS01555	16.9118	SYNPCC7942_RS01425
M744_RS01560	23.3021	SYNPCC7942_RS01420
M744_RS01565	15.5243	SYNPCC7942_RS01415
M744_RS01570	45.3504	SYNPCC7942_RS01410
M744_RS01575	151.6380	SYNPCC7942_RS01405
M744_RS01580	7.1896	SYNPCC7942_RS01400
M744_RS01585	6.0761	SYNPCC7942_RS01395
M744_RS01590	3.3875	SYNPCC7942_RS01390
M744_RS01595	21.8880	SYNPCC7942_RS01385
M744_RS01600	19.5455	SYNPCC7942_RS01380
M744_RS01605	89.7849	SYNPCC7942_RS01375
M744_RS01610	24.4552	SYNPCC7942_RS01370
M744_RS01615	8.5625	SYNPCC7942_RS01365
M744_RS01620	383.0488	SYNPCC7942_RS01360
M744_RS01625	31.0733	SYNPCC7942_RS01355
M744_RS01630	13.5526	SYNPCC7942_RS01350
M744_RS01635	35.2607	SYNPCC7942_RS01345
M744_RS01640	66.8513	SYNPCC7942_RS01340
M744_RS01645	318.7263	SYNPCC7942_RS01335
M744_RS01650	11.0454	SYNPCC7942_RS01330
M744_RS01655	6380.7111	SYNPCC7942_RS01325
M744_RS01660	180.9386	SYNPCC7942_RS01320
M744_RS01665	10.6872	SYNPCC7942_RS01315
M744_RS01670	18.8051	SYNPCC7942_RS01310
M744_RS01680	88.5046	SYNPCC7942_RS01300
M744_RS01685	1075.7951	SYNPCC7942_RS01295
M744_RS01690	535.1018	SYNPCC7942_RS01290
M744_RS01695	888.2335	SYNPCC7942_RS01285
M744_RS01700	103.4326	SYNPCC7942_RS01280
M744_RS01705	6.5846	SYNPCC7942_RS01275
M744_RS01710	12.5007	SYNPCC7942_RS01270
M744_RS01715	35.7337	SYNPCC7942_RS01265
M744_RS01720	29.4314	SYNPCC7942_RS01260
M744_RS01725	48.8631	SYNPCC7942_RS01255
M744_RS01730	585.4488	SYNPCC7942_RS01250
M744_RS01735	1186.5090	SYNPCC7942_RS01245
M744_RS01740	432.3303	SYNPCC7942_RS01240
M744_RS01745	145.0385	SYNPCC7942_RS01235
M744_RS01755	59.9266	SYNPCC7942_RS01225
M744_RS01760	1185.6822	SYNPCC7942_RS01220
M744_RS01765	28.6613	SYNPCC7942_RS01215
M744_RS01770	37.3565	SYNPCC7942_RS01210
M744_RS01775	28.8688	SYNPCC7942_RS01205
M744_RS01780	131.8118	SYNPCC7942_RS01200
M744_RS01785	9.0113	SYNPCC7942_RS01195
M744_RS01790	16.9591	SYNPCC7942_RS01190
M744_RS01795	56.8114	SYNPCC7942_RS01185
M744_RS01800	48.8933	SYNPCC7942_RS01180
M744_RS01805	6.6667	SYNPCC7942_RS01175
M744_RS01810	71.3131	SYNPCC7942_RS01170
M744_RS01815	72.8322	SYNPCC7942_RS01165
M744_RS01820	4.8519	SYNPCC7942_RS01160
M744_RS01825	135.8712	SYNPCC7942_RS01155
M744_RS01830	69.7421	SYNPCC7942_RS01150
M744_RS01835	458.2044	SYNPCC7942_RS01145
M744_RS01840	147.3928	SYNPCC7942_RS01140
M744_RS01845	91.1200	SYNPCC7942_RS01135
M744_RS01850	21.4823	SYNPCC7942_RS01130
M744_RS01855	42.4280	SYNPCC7942_RS01125
M744_RS01860	41.3884	SYNPCC7942_RS01120
M744_RS01865	4.7383	SYNPCC7942_RS01115
M744_RS01870	12.5073	SYNPCC7942_RS01110
M744_RS01880	32.8183	SYNPCC7942_RS01100
M744_RS01885	32.2732	SYNPCC7942_RS01095
M744_RS01890	219.2147	SYNPCC7942_RS01090
M744_RS01895	127.1890	SYNPCC7942_RS01085
M744_RS01900	13.6190	SYNPCC7942_RS01080
M744_RS01905	51.3100	SYNPCC7942_RS01075
M744_RS01910	32.1116	SYNPCC7942_RS01070
M744_RS01915	5.3059	SYNPCC7942_RS01065
M744_RS01920	5.1074	SYNPCC7942_RS01060
M744_RS01925	23.0925	SYNPCC7942_RS01055
M744_RS01935	5.9354	SYNPCC7942_RS01045
M744_RS01940	18.7344	SYNPCC7942_RS01040
M744_RS01950	15.5153	SYNPCC7942_RS01030
M744_RS01955	234.7733	SYNPCC7942_RS01025
M744_RS01960	141.3758	SYNPCC7942_RS01020
M744_RS01965	32.8741	SYNPCC7942_RS01015
M744_RS01970	141.9415	SYNPCC7942_RS01010
M744_RS01975	98.0509	SYNPCC7942_RS01005
M744_RS01980	42.4461	SYNPCC7942_RS01000
M744_RS01985	49.5527	SYNPCC7942_RS00995
M744_RS01990	305.6469	SYNPCC7942_RS00990
M744_RS01995	147.6360	SYNPCC7942_RS00985
M744_RS02005	97.2991	SYNPCC7942_RS00975
M744_RS02010	155.2643	SYNPCC7942_RS00970
M744_RS02015	9.1577	SYNPCC7942_RS00965
M744_RS02020	411.4284	SYNPCC7942_RS00960
M744_RS02025	10.0574	SYNPCC7942_RS00955
M744_RS02030	46.2889	SYNPCC7942_RS00950
M744_RS02035	2.8651	SYNPCC7942_RS00945
M744_RS02040	32.1464	SYNPCC7942_RS00940
M744_RS02045	16.3526	SYNPCC7942_RS00935
M744_RS02050	15.8641	SYNPCC7942_RS00930
M744_RS02055	51.9353	SYNPCC7942_RS00925
M744_RS02060	358.0040	SYNPCC7942_RS00920
M744_RS02065	160.0866	SYNPCC7942_RS00915
M744_RS02070	22.7543	SYNPCC7942_RS00910
M744_RS02075	54.1336	SYNPCC7942_RS00905
M744_RS02080	57.4612	SYNPCC7942_RS00900
M744_RS02090	1.3623	SYNPCC7942_RS00890
M744_RS02095	8.3729	SYNPCC7942_RS00885
M744_RS02100	7.8688	SYNPCC7942_RS00880
M744_RS02105	10.1428	SYNPCC7942_RS00875
M744_RS02110	51.5002	SYNPCC7942_RS00870
M744_RS02115	61.2708	SYNPCC7942_RS00865
M744_RS02120	381.3647	SYNPCC7942_RS00860
M744_RS02125	287.7478	SYNPCC7942_RS00855
M744_RS02130	36.9432	SYNPCC7942_RS00850
M744_RS02140	100.2522	SYNPCC7942_RS00840
M744_RS02145	44.2954	SYNPCC7942_RS00835
M744_RS02150	136.3132	SYNPCC7942_RS00830
M744_RS02155	57.2600	SYNPCC7942_RS00825
M744_RS02160	17.2203	SYNPCC7942_RS00820
M744_RS02165	75.7408	SYNPCC7942_RS00815
M744_RS02170	22.6343	SYNPCC7942_RS00810
M744_RS02175	7.4441	SYNPCC7942_RS00805
M744_RS02180	447.9528	SYNPCC7942_RS00800
M744_RS02185	471.8045	SYNPCC7942_RS00795
M744_RS02190	343.8765	SYNPCC7942_RS00790
M744_RS02195	2.2550	SYNPCC7942_RS00785
M744_RS02200	19.9548	SYNPCC7942_RS00780
M744_RS02205	190.0589	SYNPCC7942_RS00775
M744_RS02210	131.0014	SYNPCC7942_RS00770
M744_RS02215	175.4490	SYNPCC7942_RS00765
M744_RS02220	22.0609	SYNPCC7942_RS00760
M744_RS02225	3.5120	SYNPCC7942_RS00755
M744_RS02230	71.8154	SYNPCC7942_RS00750
M744_RS02235	127.5341	SYNPCC7942_RS00745
M744_RS02240	37.8503	SYNPCC7942_RS00740
M744_RS02245	18.0459	SYNPCC7942_RS00735
M744_RS02250	35.3294	SYNPCC7942_RS00730
M744_RS02255	410.9290	SYNPCC7942_RS00725
M744_RS02260	291.3215	SYNPCC7942_RS00720
M744_RS02265	187.9974	SYNPCC7942_RS00715
M744_RS02275	611.8890	SYNPCC7942_RS00705
M744_RS02280	49.4665	SYNPCC7942_RS00700
M744_RS02285	232.5306	SYNPCC7942_RS00695
M744_RS02290	16.7189	SYNPCC7942_RS00690
M744_RS02295	6.2271	SYNPCC7942_RS00685
M744_RS02300	78.8795	SYNPCC7942_RS00680
M744_RS02305	58.9606	SYNPCC7942_RS00675
M744_RS02310	16.8003	SYNPCC7942_RS00670
M744_RS02315	114.5193	SYNPCC7942_RS00665
M744_RS02320	101.7368	SYNPCC7942_RS00660
M744_RS02325	12.3334	SYNPCC7942_RS00655
M744_RS02330	42.3361	SYNPCC7942_RS00650
M744_RS02335	39.0838	SYNPCC7942_RS00645
M744_RS02345	151.3442	SYNPCC7942_RS00635
M744_RS02350	15.1751	SYNPCC7942_RS00630
M744_RS02360	146.5465	SYNPCC7942_RS00620
M744_RS02370	5.1798	SYNPCC7942_RS00610
M744_RS02375	4.5978	SYNPCC7942_RS00605
M744_RS02380	2.2296	SYNPCC7942_RS00600
M744_RS02385	505.2822	SYNPCC7942_RS00590
M744_RS02390	15.1444	SYNPCC7942_RS00585
M744_RS02395	9.2855	SYNPCC7942_RS13655
M744_RS02400	159.0050	SYNPCC7942_RS00580
M744_RS02405	4.6390	SYNPCC7942_RS00575
M744_RS02410	17.9585	SYNPCC7942_RS00570
M744_RS02415	19.4124	SYNPCC7942_RS00565
M744_RS02420	26.3306	SYNPCC7942_RS00560
M744_RS02425	147.3555	SYNPCC7942_RS00555
M744_RS02430	0.5658	SYNPCC7942_RS00550
M744_RS02435	10.6869	SYNPCC7942_RS00545
M744_RS02440	12.8574	SYNPCC7942_RS00540
M744_RS02445	24.4099	SYNPCC7942_RS00535
M744_RS02450	27.7239	SYNPCC7942_RS00530
M744_RS02455	5.4677	SYNPCC7942_RS00525
M744_RS02460	41.2422	SYNPCC7942_RS00520
M744_RS02465	224.4255	SYNPCC7942_RS00515
M744_RS02470	34.4392	SYNPCC7942_RS00510
M744_RS02475	21.7733	SYNPCC7942_RS00505
M744_RS02480	338.4717	SYNPCC7942_RS00500
M744_RS02485	81.0138	SYNPCC7942_RS00495
M744_RS02490	272.0612	SYNPCC7942_RS00490
M744_RS02505	5.4760	SYNPCC7942_RS00475
M744_RS02510	13.3777	SYNPCC7942_RS00470
M744_RS02515	35.8871	SYNPCC7942_RS00465
M744_RS02520	13.0707	SYNPCC7942_RS00460
M744_RS02525	49.3553	SYNPCC7942_RS00455
M744_RS02530	100.8305	SYNPCC7942_RS00450
M744_RS02540	337.5122	SYNPCC7942_RS00440
M744_RS02545	52.9491	SYNPCC7942_RS00435
M744_RS02550	200.8725	SYNPCC7942_RS00430
M744_RS02555	266.1892	SYNPCC7942_RS00425
M744_RS02560	49.0512	SYNPCC7942_RS00420
M744_RS02565	19.4993	SYNPCC7942_RS00415
M744_RS02570	7.8714	SYNPCC7942_RS00410
M744_RS02575	172.8765	SYNPCC7942_RS00405
M744_RS02580	15.2052	SYNPCC7942_RS00400
M744_RS02585	53.6368	SYNPCC7942_RS00395
M744_RS02590	109.8782	SYNPCC7942_RS00390
M744_RS02595	27.7963	SYNPCC7942_RS00385
M744_RS02600	49.9626	SYNPCC7942_RS00380
M744_RS02605	37.4813	SYNPCC7942_RS00375
M744_RS02610	183.1892	SYNPCC7942_RS00370
M744_RS02615	2.5879	SYNPCC7942_RS00365
M744_RS02620	178.1258	SYNPCC7942_RS00360
M744_RS02625	33.7129	SYNPCC7942_RS00355
M744_RS02630	35.2121	SYNPCC7942_RS00350
M744_RS02635	4.4067	SYNPCC7942_RS00345
M744_RS02640	5.6334	SYNPCC7942_RS00340
M744_RS02645	9.7566	SYNPCC7942_RS00335
M744_RS02650	24.3069	SYNPCC7942_RS00330
M744_RS02655	43.7965	SYNPCC7942_RS00325
M744_RS02660	554.8595	SYNPCC7942_RS00320
M744_RS02665	1.9584	SYNPCC7942_RS00315
M744_RS02670	79.5500	SYNPCC7942_RS00310
M744_RS02675	20.4120	SYNPCC7942_RS00305
M744_RS02685	12.2376	SYNPCC7942_RS00295
M744_RS02690	13.0797	SYNPCC7942_RS00290
M744_RS02695	50.8027	SYNPCC7942_RS00285
M744_RS02700	76.7295	SYNPCC7942_RS00280
M744_RS02710	97.0537	SYNPCC7942_RS00270
M744_RS02715	126.5254	SYNPCC7942_RS00265
M744_RS02720	154.1585	SYNPCC7942_RS00260
M744_RS02725	234.0986	SYNPCC7942_RS00255
M744_RS02730	375.3734	SYNPCC7942_RS00250
M744_RS02745	797.3461	SYNPCC7942_RS00235
M744_RS02750	77.1315	SYNPCC7942_RS00230
M744_RS02755	16.9304	SYNPCC7942_RS00225
M744_RS02760	32.4258	SYNPCC7942_RS00220
M744_RS02765	5.4944	SYNPCC7942_RS00215
M744_RS02770	139.2206	SYNPCC7942_RS00210
M744_RS02775	36.6216	SYNPCC7942_RS00205
M744_RS02780	27.3995	SYNPCC7942_RS00200
M744_RS02785	325.0974	SYNPCC7942_RS00195
M744_RS02790	10.5744	SYNPCC7942_RS00190
M744_RS02795	7.1506	SYNPCC7942_RS00185
M744_RS02800	47.2055	SYNPCC7942_RS00180
M744_RS02805	64.5956	SYNPCC7942_RS00175
M744_RS02810	140.0064	SYNPCC7942_RS00170
M744_RS02815	8.1002	SYNPCC7942_RS00165
M744_RS02820	24.5743	SYNPCC7942_RS00160
M744_RS02825	17.9061	SYNPCC7942_RS00155
M744_RS02830	6.0715	SYNPCC7942_RS00150
M744_RS02835	4.1737	SYNPCC7942_RS00145
M744_RS02845	33.9799	SYNPCC7942_RS00135
M744_RS02850	28.9661	SYNPCC7942_RS00130
M744_RS02855	16.4878	SYNPCC7942_RS00125
M744_RS02860	54.1828	SYNPCC7942_RS00120
M744_RS02865	44.0175	SYNPCC7942_RS00115
M744_RS02870	5.8020	SYNPCC7942_RS00110
M744_RS02875	13.2056	SYNPCC7942_RS00105
M744_RS02880	181.4880	SYNPCC7942_RS00100
M744_RS02885	147.6774	SYNPCC7942_RS00095
M744_RS02890	7.3873	SYNPCC7942_RS00090
M744_RS02895	11.0540	SYNPCC7942_RS00085
M744_RS02900	18.2150	SYNPCC7942_RS00080
M744_RS02905	14.8472	SYNPCC7942_RS00075
M744_RS02910	46.4539	SYNPCC7942_RS00070
M744_RS02915	74.8555	SYNPCC7942_RS00065
M744_RS02920	314.1327	SYNPCC7942_RS00060
M744_RS02925	31.7627	SYNPCC7942_RS00055
M744_RS02930	37.5022	SYNPCC7942_RS00050
M744_RS02935	181.2639	SYNPCC7942_RS00045
M744_RS02940	13.3909	SYNPCC7942_RS00040
M744_RS02945	4.5264	SYNPCC7942_RS00035
M744_RS02950	3.0842	SYNPCC7942_RS00030
M744_RS02955	55.3202	SYNPCC7942_RS00025
M744_RS02960	266.5797	SYNPCC7942_RS00020
M744_RS02965	235.1873	SYNPCC7942_RS00015
M744_RS02970	21.4018	SYNPCC7942_RS00010
M744_RS02975	81.7076	SYNPCC7942_RS00005
M744_RS02980	18.3552	SYNPCC7942_RS13310
M744_RS02985	221.1797	SYNPCC7942_RS13305
M744_RS02990	30.0379	SYNPCC7942_RS13300
M744_RS02995	64.2549	SYNPCC7942_RS13295
M744_RS03000	397.8190	SYNPCC7942_RS13290
M744_RS03005	123.0840	SYNPCC7942_RS13285
M744_RS03010	10.4724	SYNPCC7942_RS13280
M744_RS03015	215.6600	SYNPCC7942_RS13275
M744_RS03020	298.5979	SYNPCC7942_RS13270
M744_RS03025	286.8318	SYNPCC7942_RS13265
M744_RS03030	702.8057	SYNPCC7942_RS13260
M744_RS03035	1268.5194	SYNPCC7942_RS13255
M744_RS03040	342.8403	SYNPCC7942_RS13250
M744_RS03045	534.2964	SYNPCC7942_RS13245
M744_RS03050	32.0086	SYNPCC7942_RS13240
M744_RS03055	19.1129	SYNPCC7942_RS13235
M744_RS03060	6.5789	SYNPCC7942_RS13230
M744_RS03065	204.3948	SYNPCC7942_RS13225
M744_RS03070	46.7033	SYNPCC7942_RS13220
M744_RS03075	42.6409	SYNPCC7942_RS13215
M744_RS03085	811.0528	SYNPCC7942_RS13205
M744_RS03090	20.6085	SYNPCC7942_RS13200
M744_RS03095	38.5527	SYNPCC7942_RS13195
M744_RS03100	77.9031	SYNPCC7942_RS13190
M744_RS03105	59.2156	SYNPCC7942_RS13185
M744_RS03110	101.4322	SYNPCC7942_RS13180
M744_RS03115	17.2097	SYNPCC7942_RS13175
M744_RS03120	10.1558	SYNPCC7942_RS13170
M744_RS03125	3.1248	SYNPCC7942_RS13165
M744_RS03130	46.2281	SYNPCC7942_RS13160
M744_RS03135	462.1674	SYNPCC7942_RS13155
M744_RS03140	18.1845	SYNPCC7942_RS13150
M744_RS03145	11.0375	SYNPCC7942_RS13145
M744_RS03155	137.9187	SYNPCC7942_RS13135
M744_RS03160	25.4495	SYNPCC7942_RS13130
M744_RS03165	45.8852	SYNPCC7942_RS13125
M744_RS03170	18.7998	SYNPCC7942_RS13120
M744_RS03175	138.3891	SYNPCC7942_RS13115
M744_RS03205	14.7650	SYNPCC7942_RS13085
M744_RS03215	13.8276	SYNPCC7942_RS13075
M744_RS03220	45.4741	SYNPCC7942_RS13070
M744_RS03225	69.7248	SYNPCC7942_RS13065
M744_RS03230	59.5961	SYNPCC7942_RS13060
M744_RS03235	52.0465	SYNPCC7942_RS13055
M744_RS03240	11.5559	SYNPCC7942_RS13050
M744_RS03245	11.2710	SYNPCC7942_RS13045
M744_RS03255	159.4946	SYNPCC7942_RS13035
M744_RS03260	143.9683	SYNPCC7942_RS13030
M744_RS03265	38.0478	SYNPCC7942_RS13025
M744_RS03270	273.6868	SYNPCC7942_RS13020
M744_RS03275	820.0873	SYNPCC7942_RS13015
M744_RS03280	16.8126	SYNPCC7942_RS13010
M744_RS03285	322.4940	SYNPCC7942_RS13005
M744_RS03290	8.2248	SYNPCC7942_RS13000
M744_RS03295	31.5437	SYNPCC7942_RS12995
M744_RS03300	16.4099	SYNPCC7942_RS12990
M744_RS03305	29.1674	SYNPCC7942_RS12985
M744_RS03310	57.3547	SYNPCC7942_RS12980
M744_RS03315	6.2667	SYNPCC7942_RS12975
M744_RS03320	5.9204	SYNPCC7942_RS12970
M744_RS03325	20.3501	SYNPCC7942_RS12965
M744_RS03330	3.2950	SYNPCC7942_RS12960
M744_RS03335	10.1827	SYNPCC7942_RS12955
M744_RS03340	1.2808	SYNPCC7942_RS12950
M744_RS03345	60.6922	SYNPCC7942_RS12945
M744_RS03350	10.3163	SYNPCC7942_RS12940
M744_RS03355	8.0582	SYNPCC7942_RS12935
M744_RS03360	92.5345	SYNPCC7942_RS12930
M744_RS03365	1.7810	SYNPCC7942_RS12925
M744_RS03370	30.5041	SYNPCC7942_RS12920
M744_RS03375	11.8611	SYNPCC7942_RS12915
M744_RS03390	343.2819	SYNPCC7942_RS12900
M744_RS03395	49.0934	SYNPCC7942_RS12895
M744_RS03400	61.6526	SYNPCC7942_RS12890
M744_RS03405	769.1749	SYNPCC7942_RS12885
M744_RS03410	182.3197	SYNPCC7942_RS12880
M744_RS03415	45.4627	SYNPCC7942_RS12875
M744_RS03420	259.7623	SYNPCC7942_RS12870
M744_RS03425	112.8709	SYNPCC7942_RS12865
M744_RS03430	47.4794	SYNPCC7942_RS12860
M744_RS03435	117.3368	SYNPCC7942_RS12855
M744_RS03440	833.0881	SYNPCC7942_RS12850
M744_RS03445	2157.3205	SYNPCC7942_RS12845
M744_RS03450	2034.0215	SYNPCC7942_RS12840
M744_RS03455	8.8170	SYNPCC7942_RS12835
M744_RS03460	24.6355	SYNPCC7942_RS12830
M744_RS03465	635.2474	SYNPCC7942_RS12825
M744_RS03470	349.1783	SYNPCC7942_RS12820
M744_RS03475	615.7107	SYNPCC7942_RS12815
M744_RS03485	17.8223	SYNPCC7942_RS12805
M744_RS03490	197.5525	SYNPCC7942_RS12800
M744_RS03495	20.2359	SYNPCC7942_RS12795
M744_RS03500	179.4665	SYNPCC7942_RS12790
M744_RS03505	220.4767	SYNPCC7942_RS12785
M744_RS03510	75.2688	SYNPCC7942_RS12780
M744_RS03515	9.5347	SYNPCC7942_RS12775
M744_RS03525	24.2981	SYNPCC7942_RS12765
M744_RS03530	69.7692	SYNPCC7942_RS12760
M744_RS03535	81.1095	SYNPCC7942_RS12755
M744_RS03545	232.3078	SYNPCC7942_RS12745
M744_RS03550	16.0523	SYNPCC7942_RS12740
M744_RS03555	145.1367	SYNPCC7942_RS12735
M744_RS03560	24.0460	SYNPCC7942_RS12730
M744_RS03565	22.0837	SYNPCC7942_RS12725
M744_RS03575	175.4404	SYNPCC7942_RS12715
M744_RS03580	13.9664	SYNPCC7942_RS12710
M744_RS03585	24.3790	SYNPCC7942_RS12705
M744_RS03590	2768.9264	SYNPCC7942_RS12700
M744_RS03595	170.3926	SYNPCC7942_RS12695
M744_RS03600	833.4114	SYNPCC7942_RS12690
M744_RS03605	60.1347	SYNPCC7942_RS12685
M744_RS03610	447.8679	SYNPCC7942_RS12680
M744_RS03615	310.9827	SYNPCC7942_RS12675
M744_RS03620	676.0632	SYNPCC7942_RS12670
M744_RS03625	280.2473	SYNPCC7942_RS12665
M744_RS03630	78.4786	SYNPCC7942_RS12660
M744_RS03635	39.8578	SYNPCC7942_RS12655
M744_RS03640	3.6619	SYNPCC7942_RS12650
M744_RS03650	555.0865	SYNPCC7942_RS12640
M744_RS03655	6.4736	SYNPCC7942_RS12635
M744_RS03665	97.2981	SYNPCC7942_RS12625
M744_RS03670	117.1803	SYNPCC7942_RS12620
M744_RS03675	86.8216	SYNPCC7942_RS12615
M744_RS03680	582.4233	SYNPCC7942_RS12610
M744_RS03690	48.3684	SYNPCC7942_RS12600
M744_RS03700	83.2788	SYNPCC7942_RS12590
M744_RS03705	103.9271	SYNPCC7942_RS12585
M744_RS03710	46.1688	SYNPCC7942_RS12580
M744_RS03715	60.2037	SYNPCC7942_RS12575
M744_RS03725	116.0892	SYNPCC7942_RS12565
M744_RS03730	180.4680	SYNPCC7942_RS12560
M744_RS03735	145.7342	SYNPCC7942_RS12555
M744_RS03740	107.2758	SYNPCC7942_RS12550
M744_RS03745	4393.1514	SYNPCC7942_RS12545
M744_RS03750	21.0112	SYNPCC7942_RS12540
M744_RS03755	16.2131	SYNPCC7942_RS12535
M744_RS03765	192.8324	SYNPCC7942_RS12530
M744_RS03770	39.0548	SYNPCC7942_RS12525
M744_RS03775	411.6970	SYNPCC7942_RS12520
M744_RS03780	7.5144	SYNPCC7942_RS12515
M744_RS03785	60.4591	SYNPCC7942_RS12510
M744_RS03790	105.1938	SYNPCC7942_RS12505
M744_RS03795	58.9292	SYNPCC7942_RS12500
M744_RS03805	48.8700	SYNPCC7942_RS12490
M744_RS03810	38.6573	SYNPCC7942_RS12485
M744_RS03815	60.6669	SYNPCC7942_RS12480
M744_RS03835	116.3039	SYNPCC7942_RS12465
M744_RS03850	246.9221	SYNPCC7942_RS12455
M744_RS03855	728.7219	SYNPCC7942_RS12450
M744_RS03860	1413.0465	SYNPCC7942_RS12445
M744_RS03865	328.5063	SYNPCC7942_RS12440
M744_RS03870	23.5351	SYNPCC7942_RS12435
M744_RS03875	547.5767	SYNPCC7942_RS12430
M744_RS03880	104.5978	SYNPCC7942_RS12425
M744_RS03885	85.1683	SYNPCC7942_RS12420
M744_RS03890	220.9700	SYNPCC7942_RS12415
M744_RS03895	262.7735	SYNPCC7942_RS12410
M744_RS03900	177.7847	SYNPCC7942_RS12405
M744_RS03905	1429.5704	SYNPCC7942_RS12400
M744_RS03910	337.7639	SYNPCC7942_RS12395
M744_RS03920	36.1812	SYNPCC7942_RS12385
M744_RS03925	578.7333	SYNPCC7942_RS12380
M744_RS03930	62.4765	SYNPCC7942_RS12375
M744_RS03935	25.0426	SYNPCC7942_RS12370
M744_RS03940	143.1781	SYNPCC7942_RS12365
M744_RS03945	27.6050	SYNPCC7942_RS12360
M744_RS03950	25.3583	SYNPCC7942_RS12355
M744_RS03955	180.7478	SYNPCC7942_RS12350
M744_RS03960	14.4262	SYNPCC7942_RS12345
M744_RS03965	27.2390	SYNPCC7942_RS12340
M744_RS03970	33.1175	SYNPCC7942_RS12335
M744_RS03975	32.5535	SYNPCC7942_RS12330
M744_RS03980	124.0593	SYNPCC7942_RS12325
M744_RS03985	15.0228	SYNPCC7942_RS12320
M744_RS03990	123.0261	SYNPCC7942_RS12315
M744_RS03995	233.5091	SYNPCC7942_RS12310
M744_RS04000	58.8136	SYNPCC7942_RS12305
M744_RS04005	10.6985	SYNPCC7942_RS12300
M744_RS04010	50.2482	SYNPCC7942_RS12295
M744_RS04015	17.8203	SYNPCC7942_RS12290
M744_RS04020	4.9127	SYNPCC7942_RS12285
M744_RS04025	19.3112	SYNPCC7942_RS12280
M744_RS04030	4.4240	SYNPCC7942_RS12275
M744_RS04035	98.0035	SYNPCC7942_RS12270
M744_RS04040	22.3986	SYNPCC7942_RS12265
M744_RS04045	71.0157	SYNPCC7942_RS12260
M744_RS04050	6.8169	SYNPCC7942_RS12255
M744_RS04055	17.6718	SYNPCC7942_RS12250
M744_RS04060	302.2459	SYNPCC7942_RS12245
M744_RS04065	26.5064	SYNPCC7942_RS12240
M744_RS04070	40.0974	SYNPCC7942_RS12235
M744_RS04075	69.4885	SYNPCC7942_RS12230
M744_RS04080	1.4307	SYNPCC7942_RS12225
M744_RS04095	72.4654	SYNPCC7942_RS12210
M744_RS04100	35.5821	SYNPCC7942_RS12205
M744_RS04105	585.9640	SYNPCC7942_RS12200
M744_RS04110	34.3783	SYNPCC7942_RS12195
M744_RS04115	384.0433	SYNPCC7942_RS12190
M744_RS04120	3.6032	SYNPCC7942_RS12185
M744_RS04125	187.4679	SYNPCC7942_RS12180
M744_RS04130	106.7260	SYNPCC7942_RS12175
M744_RS04135	32.9277	SYNPCC7942_RS12170
M744_RS04140	25.0303	SYNPCC7942_RS12165
M744_RS04145	200.5760	SYNPCC7942_RS12160
M744_RS04150	100.5573	SYNPCC7942_RS12155
M744_RS04160	24.9277	SYNPCC7942_RS12145
M744_RS04165	19.0162	SYNPCC7942_RS12140
M744_RS04170	202.7146	SYNPCC7942_RS12135
M744_RS04175	102.5032	SYNPCC7942_RS12130
M744_RS04180	13.9752	SYNPCC7942_RS12125
M744_RS04185	21.8651	SYNPCC7942_RS12120
M744_RS04190	413.4237	SYNPCC7942_RS12115
M744_RS04195	71.4156	SYNPCC7942_RS12110
M744_RS04200	5.3890	SYNPCC7942_RS12105
M744_RS04205	32.7640	SYNPCC7942_RS12100
M744_RS04210	159.0486	SYNPCC7942_RS12095
M744_RS04215	10.9541	SYNPCC7942_RS12090
M744_RS04220	171.8761	SYNPCC7942_RS12085
M744_RS04225	16.3003	SYNPCC7942_RS12080
M744_RS04230	16.7829	SYNPCC7942_RS12075
M744_RS04235	59.4110	SYNPCC7942_RS12070
M744_RS04240	75.5316	SYNPCC7942_RS12065
M744_RS04245	4.1426	SYNPCC7942_RS12060
M744_RS04250	10.8288	SYNPCC7942_RS12055
M744_RS04255	23.9283	SYNPCC7942_RS12050
M744_RS04260	4.4035	SYNPCC7942_RS12045
M744_RS04265	586.3581	SYNPCC7942_RS12040
M744_RS04270	184.8634	SYNPCC7942_RS12035
M744_RS04280	102.2977	SYNPCC7942_RS12025
M744_RS04285	131.5749	SYNPCC7942_RS12020
M744_RS04290	139.8295	SYNPCC7942_RS12015
M744_RS04295	25.2892	SYNPCC7942_RS12010
M744_RS04300	13.9302	SYNPCC7942_RS12005
M744_RS04305	33.1228	SYNPCC7942_RS12000
M744_RS04310	27.0611	SYNPCC7942_RS11995
M744_RS04315	152.0170	SYNPCC7942_RS11990
M744_RS04320	592.5780	SYNPCC7942_RS11985
M744_RS04325	103.8102	SYNPCC7942_RS11980
M744_RS04330	70.1872	SYNPCC7942_RS11975
M744_RS04335	21.3315	SYNPCC7942_RS11970
M744_RS04340	21.6151	SYNPCC7942_RS11965
M744_RS04345	260.4195	SYNPCC7942_RS11960
M744_RS04350	138.4610	SYNPCC7942_RS11955
M744_RS04355	13636.4775	SYNPCC7942_RS11950
M744_RS04360	163.1008	SYNPCC7942_RS11945
M744_RS04365	144.1442	SYNPCC7942_RS11940
M744_RS04370	481.5914	SYNPCC7942_RS11935
M744_RS04375	42.0195	SYNPCC7942_RS11930
M744_RS04380	127.2073	SYNPCC7942_RS11925
M744_RS04385	59.6477	SYNPCC7942_RS11920
M744_RS04390	259.0901	SYNPCC7942_RS11915
M744_RS04395	201.9803	SYNPCC7942_RS11910
M744_RS04400	222.4189	SYNPCC7942_RS11905
M744_RS04405	1807.3764	SYNPCC7942_RS11900
M744_RS04410	29.0910	SYNPCC7942_RS11895
M744_RS04415	119.3067	SYNPCC7942_RS11890
M744_RS04420	43.2894	SYNPCC7942_RS11885
M744_RS04425	143.9397	SYNPCC7942_RS11880
M744_RS04430	49.5911	SYNPCC7942_RS11875
M744_RS04435	328.4848	SYNPCC7942_RS11870
M744_RS04440	396.1783	SYNPCC7942_RS11865
M744_RS04445	300.3411	SYNPCC7942_RS11860
M744_RS04450	1654.4995	SYNPCC7942_RS11855
M744_RS04455	3478.4179	SYNPCC7942_RS11850
M744_RS04460	81.1803	SYNPCC7942_RS11845
M744_RS04465	24.1540	SYNPCC7942_RS11840
M744_RS04470	10.7718	SYNPCC7942_RS11835
M744_RS04475	35.2314	SYNPCC7942_RS11830
M744_RS04480	228.1032	SYNPCC7942_RS11825
M744_RS04485	20.5206	SYNPCC7942_RS11820
M744_RS04490	60.1880	SYNPCC7942_RS11815
M744_RS04495	8.2486	SYNPCC7942_RS11810
M744_RS04500	145.9281	SYNPCC7942_RS11805
M744_RS04505	544.4403	SYNPCC7942_RS11800
M744_RS04510	8.7952	SYNPCC7942_RS11795
M744_RS04520	26.8467	SYNPCC7942_RS11785
M744_RS04525	200.4943	SYNPCC7942_RS11780
M744_RS04530	329.8214	SYNPCC7942_RS11775
M744_RS04535	2724.3372	SYNPCC7942_RS11770
M744_RS04540	3807.8321	SYNPCC7942_RS11765
M744_RS04545	13650.3995	SYNPCC7942_RS11760
M744_RS04550	18.0284	SYNPCC7942_RS11755
M744_RS04555	103.9247	SYNPCC7942_RS11750
M744_RS04565	68.4127	SYNPCC7942_RS11740
M744_RS04570	295.9346	SYNPCC7942_RS11735
M744_RS04575	138.0779	SYNPCC7942_RS11730
M744_RS04580	526.3476	SYNPCC7942_RS11725
M744_RS04585	415.6606	SYNPCC7942_RS11720
M744_RS04590	56.0168	SYNPCC7942_RS11715
M744_RS04600	13.6598	SYNPCC7942_RS11705
M744_RS04605	46.7113	SYNPCC7942_RS11700
M744_RS04610	199.1006	SYNPCC7942_RS11695
M744_RS04615	166.1969	SYNPCC7942_RS11690
M744_RS04620	424.2032	SYNPCC7942_RS11685
M744_RS04625	4.9931	SYNPCC7942_RS11680
M744_RS04630	956.2796	SYNPCC7942_RS11675
M744_RS04635	47.9304	SYNPCC7942_RS11670
M744_RS04640	18.0717	SYNPCC7942_RS11665
M744_RS04645	26.2897	SYNPCC7942_RS11660
M744_RS04650	8.9053	SYNPCC7942_RS11655
M744_RS04655	95.4638	SYNPCC7942_RS11650
M744_RS04660	29.5058	SYNPCC7942_RS11645
M744_RS04665	15.1768	SYNPCC7942_RS11640
M744_RS04670	104.0003	SYNPCC7942_RS11635
M744_RS04675	50.3831	SYNPCC7942_RS11630
M744_RS04680	56.0557	SYNPCC7942_RS11625
M744_RS04685	10.9686	SYNPCC7942_RS11620
M744_RS04690	78.0771	SYNPCC7942_RS11615
M744_RS04695	45.2858	SYNPCC7942_RS11610
M744_RS04700	8.0859	SYNPCC7942_RS11605
M744_RS04705	98.3987	SYNPCC7942_RS11600
M744_RS04710	34.4843	SYNPCC7942_RS11595
M744_RS04715	93.4582	SYNPCC7942_RS11590
M744_RS04720	47.8205	SYNPCC7942_RS11585
M744_RS04725	80.9518	SYNPCC7942_RS11580
M744_RS04730	4.1407	SYNPCC7942_RS11575
M744_RS04735	3.7172	SYNPCC7942_RS11570
M744_RS04750	185.4819	SYNPCC7942_RS11555
M744_RS04755	25.9305	SYNPCC7942_RS11550
M744_RS04760	8.9770	SYNPCC7942_RS11545
M744_RS04765	61.9765	SYNPCC7942_RS11540
M744_RS04770	36.2060	SYNPCC7942_RS11535
M744_RS04775	23.5888	SYNPCC7942_RS11530
M744_RS04780	35.2759	SYNPCC7942_RS11525
M744_RS04785	406.8155	SYNPCC7942_RS11520
M744_RS04790	15.1808	SYNPCC7942_RS11515
M744_RS04795	92.9447	SYNPCC7942_RS11510
M744_RS04800	80.3682	SYNPCC7942_RS11505
M744_RS04805	52.3502	SYNPCC7942_RS11500
M744_RS04810	115.6947	SYNPCC7942_RS11495
M744_RS04815	19.2082	SYNPCC7942_RS11490
M744_RS04820	18.9376	SYNPCC7942_RS11485
M744_RS04830	80.0325	SYNPCC7942_RS11475
M744_RS04835	12.3987	SYNPCC7942_RS11470
M744_RS04840	1221.9502	SYNPCC7942_RS11465
M744_RS04845	134.5333	SYNPCC7942_RS11460
M744_RS04850	133.8404	SYNPCC7942_RS11455
M744_RS04855	541.4683	SYNPCC7942_RS11450
M744_RS04870	10.7886	SYNPCC7942_RS11435
M744_RS04875	11.3163	SYNPCC7942_RS11430
M744_RS04880	739.0457	SYNPCC7942_RS11425
M744_RS04885	193.6215	SYNPCC7942_RS11420
M744_RS04890	163.0787	SYNPCC7942_RS11415
M744_RS04895	47.1653	SYNPCC7942_RS11410
M744_RS04900	23.2982	SYNPCC7942_RS11405
M744_RS04905	385.1375	SYNPCC7942_RS11400
M744_RS04910	432.1813	SYNPCC7942_RS11395
M744_RS04920	70.1333	SYNPCC7942_RS11385
M744_RS04930	74.1510	SYNPCC7942_RS11375
M744_RS04935	39.3019	SYNPCC7942_RS11370
M744_RS04940	31.5723	SYNPCC7942_RS11365
M744_RS04945	8.5393	SYNPCC7942_RS11360
M744_RS04950	28.2648	SYNPCC7942_RS11355
M744_RS04955	18.6179	SYNPCC7942_RS11350
M744_RS04960	117.3592	SYNPCC7942_RS11345
M744_RS04970	1636.7598	SYNPCC7942_RS11335
M744_RS04975	1377.3461	SYNPCC7942_RS11330
M744_RS04980	613.9277	SYNPCC7942_RS11325
M744_RS04985	1432.3333	SYNPCC7942_RS11320
M744_RS04990	416.3892	SYNPCC7942_RS11315
M744_RS04995	1419.3026	SYNPCC7942_RS11310
M744_RS05000	1266.2111	SYNPCC7942_RS11305
M744_RS05005	1831.1277	SYNPCC7942_RS11300
M744_RS05010	527.5740	SYNPCC7942_RS11295
M744_RS05015	434.0068	SYNPCC7942_RS11290
M744_RS05020	1587.6871	SYNPCC7942_RS11285
M744_RS05025	3321.2498	SYNPCC7942_RS11280
M744_RS05030	2698.2747	SYNPCC7942_RS11275
M744_RS05035	1501.3061	SYNPCC7942_RS11270
M744_RS05040	2537.5426	SYNPCC7942_RS11265
M744_RS05045	1333.9781	SYNPCC7942_RS11260
M744_RS05050	1254.7737	SYNPCC7942_RS11255
M744_RS05055	1050.9831	SYNPCC7942_RS11250
M744_RS05060	1889.0504	SYNPCC7942_RS11245
M744_RS05065	380.8006	SYNPCC7942_RS11240
M744_RS05070	781.5756	SYNPCC7942_RS11235
M744_RS05075	838.6074	SYNPCC7942_RS11230
M744_RS05080	2777.4032	SYNPCC7942_RS11225
M744_RS05085	725.4370	SYNPCC7942_RS11220
M744_RS05090	3425.9464	SYNPCC7942_RS11215
M744_RS05095	1309.4196	SYNPCC7942_RS11210
M744_RS05100	428.8271	SYNPCC7942_RS11205
M744_RS05105	1024.7865	SYNPCC7942_RS11200
M744_RS05110	103.0308	SYNPCC7942_RS11195
M744_RS05115	24.6039	SYNPCC7942_RS11190
M744_RS05120	54.8689	SYNPCC7942_RS11185
M744_RS05130	66.8747	SYNPCC7942_RS11175
M744_RS05135	84.0897	SYNPCC7942_RS11170
M744_RS05140	23.1558	SYNPCC7942_RS11165
M744_RS05145	38.3136	SYNPCC7942_RS11160
M744_RS05150	13.8143	SYNPCC7942_RS11155
M744_RS05155	10.9599	SYNPCC7942_RS11150
M744_RS05160	1.6762	SYNPCC7942_RS11145
M744_RS05165	19.0020	SYNPCC7942_RS11140
M744_RS05170	37.5129	SYNPCC7942_RS11135
M744_RS05175	13.9940	SYNPCC7942_RS11130
M744_RS05180	97.8818	SYNPCC7942_RS11125
M744_RS05185	209.3614	SYNPCC7942_RS11120
M744_RS05190	49.7571	SYNPCC7942_RS11115
M744_RS05195	16.7181	SYNPCC7942_RS11110
M744_RS05200	27.2474	SYNPCC7942_RS11105
M744_RS05205	57.0810	SYNPCC7942_RS11100
M744_RS05210	22.7825	SYNPCC7942_RS11095
M744_RS05215	1.4623	SYNPCC7942_RS11090
M744_RS05220	78.7551	SYNPCC7942_RS11085
M744_RS05225	281.5069	SYNPCC7942_RS11080
M744_RS05230	59.4872	SYNPCC7942_RS11075
M744_RS05235	23.4728	SYNPCC7942_RS11070
M744_RS05240	29.1381	SYNPCC7942_RS11065
M744_RS05245	11.2452	SYNPCC7942_RS11060
M744_RS05250	71.3476	SYNPCC7942_RS11055
M744_RS05255	75.0783	SYNPCC7942_RS11050
M744_RS05260	43.4273	SYNPCC7942_RS11045
M744_RS05265	50.9596	SYNPCC7942_RS11040
M744_RS05270	405.7945	SYNPCC7942_RS11035
M744_RS05275	2.0618	SYNPCC7942_RS11030
M744_RS05280	48.7516	SYNPCC7942_RS11025
M744_RS05285	89.8645	SYNPCC7942_RS11020
M744_RS05290	2.3975	SYNPCC7942_RS11015
M744_RS05295	2.1814	SYNPCC7942_RS11010
M744_RS05300	3.5195	SYNPCC7942_RS11005
M744_RS05305	4.1913	SYNPCC7942_RS11000
M744_RS05310	38.3235	SYNPCC7942_RS10995
M744_RS05315	2.0681	SYNPCC7942_RS10990
M744_RS05320	83.0640	SYNPCC7942_RS10980
M744_RS05325	475.8307	SYNPCC7942_RS10975
M744_RS05330	109.3199	SYNPCC7942_RS10970
M744_RS05335	1437.2953	SYNPCC7942_RS10965
M744_RS05345	2545.0293	SYNPCC7942_RS10955
M744_RS05350	31.2448	SYNPCC7942_RS10950
M744_RS05355	16.7370	SYNPCC7942_RS10945
M744_RS05360	14.9721	SYNPCC7942_RS10940
M744_RS05365	290.8624	SYNPCC7942_RS10935
M744_RS05370	415.7656	SYNPCC7942_RS10930
M744_RS05375	123.0637	SYNPCC7942_RS10925
M744_RS05380	205.8290	SYNPCC7942_RS10920
M744_RS05385	121.3230	SYNPCC7942_RS10915
M744_RS05395	7.7772	SYNPCC7942_RS10905
M744_RS05400	16.5048	SYNPCC7942_RS10900
M744_RS05405	26.3376	SYNPCC7942_RS10895
M744_RS05410	8.6460	SYNPCC7942_RS10890
M744_RS05420	474.7407	SYNPCC7942_RS10880
M744_RS05425	71.5687	SYNPCC7942_RS10875
M744_RS05430	28.2920	SYNPCC7942_RS10870
M744_RS05435	4.4208	SYNPCC7942_RS10860
M744_RS05440	39.4875	SYNPCC7942_RS10855
M744_RS05445	106.3708	SYNPCC7942_RS10850
M744_RS05450	112.2040	SYNPCC7942_RS10845
M744_RS05455	2342.9016	SYNPCC7942_RS10840
M744_RS05460	46.9497	SYNPCC7942_RS10835
M744_RS05465	22.5373	SYNPCC7942_RS10830
M744_RS05470	21.9294	SYNPCC7942_RS10825
M744_RS05475	26.4798	SYNPCC7942_RS10820
M744_RS05480	63.9516	SYNPCC7942_RS10815
M744_RS05485	11.0463	SYNPCC7942_RS10810
M744_RS05490	64.1664	SYNPCC7942_RS10805
M744_RS05495	20.0447	SYNPCC7942_RS10800
M744_RS05500	47.1818	SYNPCC7942_RS10795
M744_RS05505	61.4355	SYNPCC7942_RS10790
M744_RS05510	9.1747	SYNPCC7942_RS10785
M744_RS05515	54.1435	SYNPCC7942_RS10780
M744_RS05520	99.3416	SYNPCC7942_RS10775
M744_RS05525	20.1167	SYNPCC7942_RS10770
M744_RS05530	18.9575	SYNPCC7942_RS10765
M744_RS05535	199.0568	SYNPCC7942_RS10760
M744_RS05540	398.8300	SYNPCC7942_RS10755
M744_RS05545	169.3030	SYNPCC7942_RS10750
M744_RS05550	1061.7006	SYNPCC7942_RS10745
M744_RS05555	139.1109	SYNPCC7942_RS10740
M744_RS05560	166.1493	SYNPCC7942_RS10735
M744_RS05565	32.1552	SYNPCC7942_RS10730
M744_RS05570	29.6074	SYNPCC7942_RS10725
M744_RS05580	58.4144	SYNPCC7942_RS10715
M744_RS05585	710.2308	SYNPCC7942_RS10710
M744_RS05590	13.5477	SYNPCC7942_RS10705
M744_RS05595	10.1369	SYNPCC7942_RS10700
M744_RS05600	16.1631	SYNPCC7942_RS10695
M744_RS05605	138.8478	SYNPCC7942_RS10690
M744_RS05610	20.2406	SYNPCC7942_RS10685
M744_RS05615	131.8532	SYNPCC7942_RS10680
M744_RS05620	90.2989	SYNPCC7942_RS10675
M744_RS05625	85.4628	SYNPCC7942_RS10670
M744_RS05630	48.5276	SYNPCC7942_RS10665
M744_RS05640	2.3556	SYNPCC7942_RS10655
M744_RS05645	15.5292	SYNPCC7942_RS10650
M744_RS05650	41.7499	SYNPCC7942_RS10645
M744_RS05655	8.3886	SYNPCC7942_RS10640
M744_RS05660	8.5563	SYNPCC7942_RS10635
M744_RS05665	7.7132	SYNPCC7942_RS10630
M744_RS05670	210.3282	SYNPCC7942_RS10625
M744_RS05675	12.2000	SYNPCC7942_RS10620
M744_RS05680	35.2145	SYNPCC7942_RS10615
M744_RS05685	78.7736	SYNPCC7942_RS10610
M744_RS05690	66.8751	SYNPCC7942_RS10605
M744_RS05695	51.8197	SYNPCC7942_RS10600
M744_RS05700	144.5263	SYNPCC7942_RS10595
M744_RS05705	803.4123	SYNPCC7942_RS10590
M744_RS05710	14.5153	SYNPCC7942_RS10585
M744_RS05715	22.9290	SYNPCC7942_RS10580
M744_RS05720	28.3682	SYNPCC7942_RS10575
M744_RS05725	49.6250	SYNPCC7942_RS10570
M744_RS05730	68.5860	SYNPCC7942_RS10565
M744_RS05735	21.0495	SYNPCC7942_RS10560
M744_RS05740	1165.0232	SYNPCC7942_RS10555
M744_RS05750	893.0658	SYNPCC7942_RS10545
M744_RS05755	61.5715	SYNPCC7942_RS10540
M744_RS05760	33.4362	SYNPCC7942_RS10535
M744_RS05765	15.8266	SYNPCC7942_RS10530
M744_RS05770	15.5722	SYNPCC7942_RS10525
M744_RS05775	6.1794	SYNPCC7942_RS10520
M744_RS05780	81.1547	SYNPCC7942_RS10515
M744_RS05790	278.4165	SYNPCC7942_RS10505
M744_RS05795	317.1325	SYNPCC7942_RS10500
M744_RS05800	627.7454	SYNPCC7942_RS10495
M744_RS05805	378.5947	SYNPCC7942_RS10490
M744_RS05810	108.9954	SYNPCC7942_RS10485
M744_RS05815	34.8543	SYNPCC7942_RS10480
M744_RS05820	32.2347	SYNPCC7942_RS10475
M744_RS05825	77.7988	SYNPCC7942_RS10470
M744_RS05830	78.6978	SYNPCC7942_RS10465
M744_RS05835	44.4170	SYNPCC7942_RS10460
M744_RS05840	79.8383	SYNPCC7942_RS10455
M744_RS05845	7.9584	SYNPCC7942_RS10450
M744_RS05850	892.3437	SYNPCC7942_RS10445
M744_RS05855	24.1959	SYNPCC7942_RS10440
M744_RS05860	66.2178	SYNPCC7942_RS10435
M744_RS05865	175.3106	SYNPCC7942_RS10430
M744_RS05870	113.0645	SYNPCC7942_RS10425
M744_RS05875	103.3011	SYNPCC7942_RS10420
M744_RS05880	174.9442	SYNPCC7942_RS10415
M744_RS05885	13.9233	SYNPCC7942_RS10410
M744_RS05890	28.5943	SYNPCC7942_RS10405
M744_RS05895	137.4447	SYNPCC7942_RS10400
M744_RS05900	32703.7729	SYNPCC7942_RS10395
M744_RS05905	37329.8569	SYNPCC7942_RS10390
M744_RS05910	172.8062	SYNPCC7942_RS10385
M744_RS05915	12.5920	SYNPCC7942_RS10380
M744_RS05920	51.3331	SYNPCC7942_RS10375
M744_RS05925	149.4062	SYNPCC7942_RS10370
M744_RS05930	187.7379	SYNPCC7942_RS10365
M744_RS05935	9.9514	SYNPCC7942_RS10360
M744_RS05940	49.4187	SYNPCC7942_RS10355
M744_RS05945	5.3860	SYNPCC7942_RS10350
M744_RS05950	19.5623	SYNPCC7942_RS10345
M744_RS05955	109.1447	SYNPCC7942_RS10340
M744_RS05960	21.0060	SYNPCC7942_RS10335
M744_RS05965	32.3665	SYNPCC7942_RS10330
M744_RS05970	67.2244	SYNPCC7942_RS10325
M744_RS05975	17.8775	SYNPCC7942_RS10320
M744_RS05980	22.4057	SYNPCC7942_RS10315
M744_RS05985	35.0662	SYNPCC7942_RS10310
M744_RS05990	65.8563	SYNPCC7942_RS10305
M744_RS05995	2943.3966	SYNPCC7942_RS10300
M744_RS06000	246.8242	SYNPCC7942_RS10295
M744_RS06005	40.7194	SYNPCC7942_RS10290
M744_RS06010	5.1642	SYNPCC7942_RS10285
M744_RS06015	161.2379	SYNPCC7942_RS10280
M744_RS06020	24.4966	SYNPCC7942_RS10275
M744_RS06025	14.9569	SYNPCC7942_RS10270
M744_RS06030	98.0758	SYNPCC7942_RS10265
M744_RS06035	181.7558	SYNPCC7942_RS10260
M744_RS06040	16.5742	SYNPCC7942_RS10255
M744_RS06045	1963.6544	SYNPCC7942_RS10250
M744_RS06050	165.8590	SYNPCC7942_RS10245
M744_RS06055	17.1324	SYNPCC7942_RS10240
M744_RS06065	110.4618	SYNPCC7942_RS10230
M744_RS06070	107.9391	SYNPCC7942_RS10225
M744_RS06075	1082.6081	SYNPCC7942_RS10220
M744_RS06080	41.3018	SYNPCC7942_RS10215
M744_RS06085	6.1010	SYNPCC7942_RS10210
M744_RS06090	75.1387	SYNPCC7942_RS10205
M744_RS06095	51.1862	SYNPCC7942_RS10200
M744_RS06100	1643.9826	SYNPCC7942_RS10195
M744_RS06105	54.4279	SYNPCC7942_RS10190
M744_RS06110	12.9712	SYNPCC7942_RS10185
M744_RS06115	30.0729	SYNPCC7942_RS10180
M744_RS06120	31.3344	SYNPCC7942_RS10175
M744_RS06125	26.9906	SYNPCC7942_RS10170
M744_RS06130	46.4126	SYNPCC7942_RS10165
M744_RS06135	37.9155	SYNPCC7942_RS10160
M744_RS06140	67.6029	SYNPCC7942_RS10155
M744_RS06145	13.9501	SYNPCC7942_RS10145
M744_RS06150	115.3477	SYNPCC7942_RS10140
M744_RS06155	1201.8928	SYNPCC7942_RS10135
M744_RS06160	8.4490	SYNPCC7942_RS10130
M744_RS06165	7.7339	SYNPCC7942_RS10125
M744_RS06170	99.8468	SYNPCC7942_RS10120
M744_RS06175	29.7822	SYNPCC7942_RS10115
M744_RS06180	11.9383	SYNPCC7942_RS10110
M744_RS06185	6.3941	SYNPCC7942_RS10105
M744_RS06190	23.5420	SYNPCC7942_RS10100
M744_RS06195	120.6615	SYNPCC7942_RS10095
M744_RS06200	8.4125	SYNPCC7942_RS10090
M744_RS06205	54.2502	SYNPCC7942_RS10085
M744_RS06210	30.4638	SYNPCC7942_RS10080
M744_RS06215	1951.0277	SYNPCC7942_RS10075
M744_RS06220	304.4665	SYNPCC7942_RS10070
M744_RS06225	29.0280	SYNPCC7942_RS10065
M744_RS06230	142.3102	SYNPCC7942_RS10060
M744_RS06235	122.8219	SYNPCC7942_RS10055
M744_RS06240	83.6728	SYNPCC7942_RS10050
M744_RS06245	16.7314	SYNPCC7942_RS10045
M744_RS06250	126.1933	SYNPCC7942_RS10040
M744_RS06255	20.5959	SYNPCC7942_RS10035
M744_RS06260	58.7632	SYNPCC7942_RS10030
M744_RS06265	814.0581	SYNPCC7942_RS10025
M744_RS06270	3069.6164	SYNPCC7942_RS10020
M744_RS06275	234.9460	SYNPCC7942_RS10015
M744_RS06280	56.1538	SYNPCC7942_RS10010
M744_RS06285	41.7042	SYNPCC7942_RS10005
M744_RS06290	40.7516	SYNPCC7942_RS10000
M744_RS06300	987.1222	SYNPCC7942_RS09990
M744_RS06305	36.1446	SYNPCC7942_RS09985
M744_RS06310	28.7257	SYNPCC7942_RS09980
M744_RS06315	28.3655	SYNPCC7942_RS09975
M744_RS06320	88.9675	SYNPCC7942_RS09970
M744_RS06325	89.5756	SYNPCC7942_RS09965
M744_RS06330	26.1287	SYNPCC7942_RS09960
M744_RS06335	22.4597	SYNPCC7942_RS09955
M744_RS06340	14.2314	SYNPCC7942_RS09950
M744_RS06345	17.5941	SYNPCC7942_RS09945
M744_RS06350	97.5556	SYNPCC7942_RS09940
M744_RS06355	38.6264	SYNPCC7942_RS09935
M744_RS06360	25.1384	SYNPCC7942_RS09930
M744_RS06365	395.9688	SYNPCC7942_RS09925
M744_RS06375	21.6030	SYNPCC7942_RS09915
M744_RS06380	32.5451	SYNPCC7942_RS09910
M744_RS06390	17.2855	SYNPCC7942_RS09900
M744_RS06395	91.7033	SYNPCC7942_RS09895
M744_RS06400	199.9607	SYNPCC7942_RS09890
M744_RS06405	28.2349	SYNPCC7942_RS09885
M744_RS06410	84.1403	SYNPCC7942_RS09880
M744_RS06415	10.4085	SYNPCC7942_RS09875
M744_RS06420	47.4293	SYNPCC7942_RS09870
M744_RS06425	284.4325	SYNPCC7942_RS09865
M744_RS06430	110.6440	SYNPCC7942_RS09860
M744_RS06435	52.7032	SYNPCC7942_RS09855
M744_RS06440	7.1248	SYNPCC7942_RS09850
M744_RS06445	7.9576	SYNPCC7942_RS09845
M744_RS06450	2.4081	SYNPCC7942_RS09840
M744_RS06455	3.0066	SYNPCC7942_RS09835
M744_RS06460	154.2343	SYNPCC7942_RS09830
M744_RS06465	46.1741	SYNPCC7942_RS09825
M744_RS06470	18.6410	SYNPCC7942_RS09820
M744_RS06475	26.8997	SYNPCC7942_RS09815
M744_RS06480	20.6281	SYNPCC7942_RS09810
M744_RS06485	43.1511	SYNPCC7942_RS09805
M744_RS06490	63.6757	SYNPCC7942_RS09800
M744_RS06495	130.1967	SYNPCC7942_RS09795
M744_RS06500	199.4471	SYNPCC7942_RS09790
M744_RS06505	16.7594	SYNPCC7942_RS09785
M744_RS06510	17.4865	SYNPCC7942_RS09780
M744_RS06515	12.9383	SYNPCC7942_RS09775
M744_RS06520	26.7774	SYNPCC7942_RS09770
M744_RS06525	29.5343	SYNPCC7942_RS09765
M744_RS06530	173.1686	SYNPCC7942_RS09760
M744_RS06535	244.9563	SYNPCC7942_RS09755
M744_RS06540	16.7802	SYNPCC7942_RS09750
M744_RS06545	334.6292	SYNPCC7942_RS09745
M744_RS06550	44.9217	SYNPCC7942_RS09740
M744_RS06555	36.4314	SYNPCC7942_RS09735
M744_RS06560	22.2714	SYNPCC7942_RS09730
M744_RS06565	51.3428	SYNPCC7942_RS09725
M744_RS06575	255.6053	SYNPCC7942_RS09715
M744_RS06580	58.9318	SYNPCC7942_RS09710
M744_RS06585	473.6915	SYNPCC7942_RS09705
M744_RS06590	34.4202	SYNPCC7942_RS09700
M744_RS06595	251.5301	SYNPCC7942_RS09690
M744_RS06600	21.7708	SYNPCC7942_RS09685
M744_RS06605	21.7060	SYNPCC7942_RS09680
M744_RS06610	86.1508	SYNPCC7942_RS09675
M744_RS06615	2657.0747	SYNPCC7942_RS09670
M744_RS06620	135.0669	SYNPCC7942_RS09665
M744_RS06625	298.9898	SYNPCC7942_RS09660
M744_RS06630	241.2104	SYNPCC7942_RS09655
M744_RS06635	99.2516	SYNPCC7942_RS09650
M744_RS06640	43.5720	SYNPCC7942_RS09645
M744_RS06645	45.8667	SYNPCC7942_RS09640
M744_RS06650	53.5676	SYNPCC7942_RS09635
M744_RS06655	7.9375	SYNPCC7942_RS09630
M744_RS06660	223.7740	SYNPCC7942_RS09625
M744_RS06665	23.3246	SYNPCC7942_RS09620
M744_RS06670	38.4468	SYNPCC7942_RS09615
M744_RS06675	125.9619	SYNPCC7942_RS09610
M744_RS06680	21.4438	SYNPCC7942_RS09605
M744_RS06685	8.9363	SYNPCC7942_RS09600
M744_RS06690	57.8212	SYNPCC7942_RS09595
M744_RS06695	234.0269	SYNPCC7942_RS09590
M744_RS06700	494.8375	SYNPCC7942_RS09585
M744_RS06705	311.5207	SYNPCC7942_RS09580
M744_RS06710	54.3581	SYNPCC7942_RS09575
M744_RS06715	16.6309	SYNPCC7942_RS09570
M744_RS06720	32.6928	SYNPCC7942_RS09565
M744_RS06725	51.8609	SYNPCC7942_RS09560
M744_RS06730	17.9231	SYNPCC7942_RS09555
M744_RS06735	49.2723	SYNPCC7942_RS09550
M744_RS06740	930.0019	SYNPCC7942_RS09545
M744_RS06745	109.5518	SYNPCC7942_RS09540
M744_RS06750	33.6821	SYNPCC7942_RS09535
M744_RS06755	40.8642	SYNPCC7942_RS09530
M744_RS06760	23.1625	SYNPCC7942_RS09525
M744_RS06765	63.6276	SYNPCC7942_RS09520
M744_RS06770	23.0551	SYNPCC7942_RS09515
M744_RS06775	40.7308	SYNPCC7942_RS09510
M744_RS06780	21.9660	SYNPCC7942_RS09505
M744_RS06785	27.1684	SYNPCC7942_RS09500
M744_RS06790	14.0757	SYNPCC7942_RS09495
M744_RS06795	21.7520	SYNPCC7942_RS13800
M744_RS06800	42.2244	SYNPCC7942_RS09490
M744_RS06805	144.4946	SYNPCC7942_RS09485
M744_RS06810	1.8467	SYNPCC7942_RS09480
M744_RS06815	1.3877	SYNPCC7942_RS09475
M744_RS06820	27.8925	SYNPCC7942_RS09470
M744_RS06825	35.9174	SYNPCC7942_RS09465
M744_RS06830	8.4628	SYNPCC7942_RS09460
M744_RS06835	19.5048	SYNPCC7942_RS09455
M744_RS06840	50.6637	SYNPCC7942_RS09450
M744_RS06845	422.6855	SYNPCC7942_RS09445
M744_RS06850	19.7593	SYNPCC7942_RS09440
M744_RS06855	56.3577	SYNPCC7942_RS09435
M744_RS06860	141.3890	SYNPCC7942_RS09430
M744_RS06865	2480.9558	SYNPCC7942_RS09425
M744_RS06870	31.3932	SYNPCC7942_RS09420
M744_RS06875	7.7873	SYNPCC7942_RS09415
M744_RS06880	11.3971	SYNPCC7942_RS09410
M744_RS06885	32.7101	SYNPCC7942_RS09405
M744_RS06890	43.1720	SYNPCC7942_RS09400
M744_RS06895	96.3590	SYNPCC7942_RS09395
M744_RS06900	118.9428	SYNPCC7942_RS09390
M744_RS06905	12.0364	SYNPCC7942_RS09385
M744_RS06910	899.3329	SYNPCC7942_RS09380
M744_RS06920	168.9120	SYNPCC7942_RS09375
M744_RS06925	127.6027	SYNPCC7942_RS09370
M744_RS06930	768.2402	SYNPCC7942_RS09365
M744_RS06935	944.0072	SYNPCC7942_RS09360
M744_RS06940	63.8160	SYNPCC7942_RS09355
M744_RS06945	11.7926	SYNPCC7942_RS09350
M744_RS06950	43.5304	SYNPCC7942_RS09345
M744_RS06955	64.5975	SYNPCC7942_RS09340
M744_RS06960	12.8901	SYNPCC7942_RS09335
M744_RS06965	16.5744	SYNPCC7942_RS09330
M744_RS06970	749.9413	SYNPCC7942_RS09325
M744_RS06975	97.8443	SYNPCC7942_RS09320
M744_RS06980	103.2521	SYNPCC7942_RS09315
M744_RS06985	38.6935	SYNPCC7942_RS09310
M744_RS06990	27.9871	SYNPCC7942_RS09305
M744_RS06995	20.4008	SYNPCC7942_RS09300
M744_RS07000	54.6460	SYNPCC7942_RS09295
M744_RS07005	474.6615	SYNPCC7942_RS09290
M744_RS07010	1060.9150	SYNPCC7942_RS09285
M744_RS07015	94.3792	SYNPCC7942_RS09280
M744_RS07020	37.1843	SYNPCC7942_RS09275
M744_RS07025	192.4391	SYNPCC7942_RS09270
M744_RS07030	40.1745	SYNPCC7942_RS09265
M744_RS07035	10.9908	SYNPCC7942_RS09260
M744_RS07040	90.5710	SYNPCC7942_RS09255
M744_RS07045	134.9160	SYNPCC7942_RS09250
M744_RS07050	161.0377	SYNPCC7942_RS09245
M744_RS07055	3031.4370	SYNPCC7942_RS09240
M744_RS07060	16.7583	SYNPCC7942_RS09235
M744_RS07065	1.6783	SYNPCC7942_RS09230
M744_RS07070	13.7817	SYNPCC7942_RS09225
M744_RS07075	46.6111	SYNPCC7942_RS09220
M744_RS07080	12.4705	SYNPCC7942_RS09215
M744_RS07085	8.4458	SYNPCC7942_RS09210
M744_RS07090	449.3560	SYNPCC7942_RS09205
M744_RS07095	234.6750	SYNPCC7942_RS09200
M744_RS07100	224.7884	SYNPCC7942_RS09195
M744_RS07105	565.4315	SYNPCC7942_RS09190
M744_RS07110	4.4973	SYNPCC7942_RS09185
M744_RS07115	3.4116	SYNPCC7942_RS09180
M744_RS07120	26.0204	SYNPCC7942_RS09175
M744_RS07125	1.8326	SYNPCC7942_RS09170
M744_RS07130	25.3692	SYNPCC7942_RS09165
M744_RS07135	37.9013	SYNPCC7942_RS09160
M744_RS07140	25.0430	SYNPCC7942_RS09155
M744_RS07145	9.6245	SYNPCC7942_RS09150
M744_RS07150	181.2586	SYNPCC7942_RS09145
M744_RS07155	22.0838	SYNPCC7942_RS09140
M744_RS07160	25.2533	SYNPCC7942_RS09135
M744_RS07165	91.6980	SYNPCC7942_RS09130
M744_RS07170	12.7405	SYNPCC7942_RS09125
M744_RS07175	27.2468	SYNPCC7942_RS09120
M744_RS07180	41.2377	SYNPCC7942_RS09115
M744_RS07185	45.2481	SYNPCC7942_RS09110
M744_RS07190	626.5038	SYNPCC7942_RS09105
M744_RS07195	11.5882	SYNPCC7942_RS09100
M744_RS07200	4.3209	SYNPCC7942_RS09095
M744_RS07205	38.8927	SYNPCC7942_RS09090
M744_RS07210	225.2238	SYNPCC7942_RS09085
M744_RS07215	82.6213	SYNPCC7942_RS09080
M744_RS07220	120.0345	SYNPCC7942_RS09075
M744_RS07225	90.2610	SYNPCC7942_RS09070
M744_RS07235	77.0825	SYNPCC7942_RS09060
M744_RS07240	462.0112	SYNPCC7942_RS09055
M744_RS07245	9.5329	SYNPCC7942_RS09050
M744_RS07250	24.7583	SYNPCC7942_RS09045
M744_RS07255	4.5275	SYNPCC7942_RS09040
M744_RS07260	25.8287	SYNPCC7942_RS09035
M744_RS07265	63.5392	SYNPCC7942_RS09030
M744_RS07270	25.7810	SYNPCC7942_RS09025
M744_RS07275	32.9745	SYNPCC7942_RS09020
M744_RS07280	324.4506	SYNPCC7942_RS09015
M744_RS07285	43.2189	SYNPCC7942_RS09010
M744_RS07290	435.4892	SYNPCC7942_RS09005
M744_RS07295	230.9848	SYNPCC7942_RS09000
M744_RS07300	3.7042	SYNPCC7942_RS08995
M744_RS07305	6.9567	SYNPCC7942_RS08990
M744_RS07310	22.8040	SYNPCC7942_RS08985
M744_RS07315	118.9200	SYNPCC7942_RS08980
M744_RS07320	41.1639	SYNPCC7942_RS08975
M744_RS07325	16.5098	SYNPCC7942_RS08970
M744_RS07330	14.0450	SYNPCC7942_RS08965
M744_RS07335	38.2948	SYNPCC7942_RS08960
M744_RS07340	144.5654	SYNPCC7942_RS08955
M744_RS07345	137.8790	SYNPCC7942_RS08950
M744_RS07350	67.3103	SYNPCC7942_RS08945
M744_RS07360	102.6641	SYNPCC7942_RS08935
M744_RS07365	666.4724	SYNPCC7942_RS08930
M744_RS07370	118.6077	SYNPCC7942_RS08925
M744_RS07375	5.5429	SYNPCC7942_RS08920
M744_RS07380	96.4540	SYNPCC7942_RS08915
M744_RS07385	204.5021	SYNPCC7942_RS08910
M744_RS07390	220.6166	SYNPCC7942_RS08905
M744_RS07395	53.4892	SYNPCC7942_RS08900
M744_RS07400	11.5913	SYNPCC7942_RS08895
M744_RS07405	81.7656	SYNPCC7942_RS08890
M744_RS07410	609.3502	SYNPCC7942_RS08885
M744_RS07415	21.3108	SYNPCC7942_RS08880
M744_RS07420	11.6931	SYNPCC7942_RS08875
M744_RS07425	184.3185	SYNPCC7942_RS08870
M744_RS07430	423.6095	SYNPCC7942_RS08865
M744_RS07435	124.1729	SYNPCC7942_RS08860
M744_RS07440	16.1886	SYNPCC7942_RS08855
M744_RS07445	17.3635	SYNPCC7942_RS08850
M744_RS07450	99.4381	SYNPCC7942_RS08845
M744_RS07455	138.4202	SYNPCC7942_RS08840
M744_RS07460	78.7791	SYNPCC7942_RS08835
M744_RS07465	87.6681	SYNPCC7942_RS08830
M744_RS07470	107.1789	SYNPCC7942_RS08825
M744_RS07475	22.6292	SYNPCC7942_RS08820
M744_RS07480	4.1507	SYNPCC7942_RS08815
M744_RS07485	6.9889	SYNPCC7942_RS08810
M744_RS07490	44.2944	SYNPCC7942_RS08805
M744_RS07495	12.6118	SYNPCC7942_RS08800
M744_RS07500	12.1489	SYNPCC7942_RS08795
M744_RS07505	6.7036	SYNPCC7942_RS08790
M744_RS07510	20.5466	SYNPCC7942_RS08785
M744_RS07515	73.2235	SYNPCC7942_RS08780
M744_RS07520	115.1128	SYNPCC7942_RS08775
M744_RS07525	49.4413	SYNPCC7942_RS08770
M744_RS07530	54.6385	SYNPCC7942_RS08765
M744_RS07540	73.8607	SYNPCC7942_RS08760
M744_RS07545	34.7710	SYNPCC7942_RS08755
M744_RS07550	47.9698	SYNPCC7942_RS08750
M744_RS07555	242.4431	SYNPCC7942_RS08745
M744_RS07560	97.9912	SYNPCC7942_RS08740
M744_RS07565	124.1383	SYNPCC7942_RS08735
M744_RS07570	214.4013	SYNPCC7942_RS08730
M744_RS07575	46.1786	SYNPCC7942_RS08725
M744_RS07580	8.4468	SYNPCC7942_RS08720
M744_RS07585	28.9682	SYNPCC7942_RS08715
M744_RS07590	1.6074	SYNPCC7942_RS08710
M744_RS07595	34.2084	SYNPCC7942_RS08705
M744_RS07600	136.8651	SYNPCC7942_RS08700
M744_RS07605	24.7652	SYNPCC7942_RS08695
M744_RS07610	18.9171	SYNPCC7942_RS08690
M744_RS07615	8.6890	SYNPCC7942_RS08685
M744_RS07620	109.6846	SYNPCC7942_RS08680
M744_RS07625	39.1835	SYNPCC7942_RS08675
M744_RS07630	105.1483	SYNPCC7942_RS08670
M744_RS07635	47.9533	SYNPCC7942_RS08660
M744_RS07640	12.5894	SYNPCC7942_RS08655
M744_RS07645	16.8986	SYNPCC7942_RS08650
M744_RS07650	28.7443	SYNPCC7942_RS08645
M744_RS07655	6.3407	SYNPCC7942_RS08640
M744_RS07660	33.5291	SYNPCC7942_RS08635
M744_RS07665	41.3361	SYNPCC7942_RS08630
M744_RS07670	82.3351	SYNPCC7942_RS08625
M744_RS07675	6.2887	SYNPCC7942_RS08620
M744_RS07680	9.6462	SYNPCC7942_RS08615
M744_RS07685	15.6217	SYNPCC7942_RS08610
M744_RS07690	97.3311	SYNPCC7942_RS08605
M744_RS07695	5.6569	SYNPCC7942_RS08600
M744_RS07700	10.0411	SYNPCC7942_RS08595
M744_RS07705	28.7594	SYNPCC7942_RS08590
M744_RS07710	109.7726	SYNPCC7942_RS08585
M744_RS07715	96.2085	SYNPCC7942_RS08580
M744_RS07720	22.7024	SYNPCC7942_RS08575
M744_RS07725	77.6972	SYNPCC7942_RS08570
M744_RS07730	172.1332	SYNPCC7942_RS08565
M744_RS07735	244.4459	SYNPCC7942_RS08560
M744_RS07740	252.0889	SYNPCC7942_RS08555
M744_RS07745	222.2844	SYNPCC7942_RS08550
M744_RS07750	100.3097	SYNPCC7942_RS08545
M744_RS07755	22.3345	SYNPCC7942_RS08540
M744_RS07760	51.3722	SYNPCC7942_RS08535
M744_RS07765	516.9497	SYNPCC7942_RS08530
M744_RS07770	125.3348	SYNPCC7942_RS08525
M744_RS07775	64.5346	SYNPCC7942_RS08520
M744_RS07780	19.3026	SYNPCC7942_RS08515
M744_RS07785	66.4440	SYNPCC7942_RS08510
M744_RS07790	127.3284	SYNPCC7942_RS08505
M744_RS07795	43.3237	SYNPCC7942_RS08500
M744_RS07800	50.2480	SYNPCC7942_RS08495
M744_RS07805	53.6649	SYNPCC7942_RS08490
M744_RS07810	17.3958	SYNPCC7942_RS08485
M744_RS07820	43.6753	SYNPCC7942_RS08475
M744_RS07825	23.6442	SYNPCC7942_RS08470
M744_RS07830	12.7096	SYNPCC7942_RS08465
M744_RS07835	124.9429	SYNPCC7942_RS08460
M744_RS07840	38.3533	SYNPCC7942_RS08455
M744_RS07845	28.3952	SYNPCC7942_RS08450
M744_RS07850	1875.3987	SYNPCC7942_RS08445
M744_RS07855	38.1975	SYNPCC7942_RS08440
M744_RS07860	29.8969	SYNPCC7942_RS08435
M744_RS07865	81.3498	SYNPCC7942_RS08430
M744_RS07870	26.5996	SYNPCC7942_RS08425
M744_RS07875	25.0230	SYNPCC7942_RS08420
M744_RS07880	151.8974	SYNPCC7942_RS08415
M744_RS07885	46.1798	SYNPCC7942_RS08410
M744_RS07890	19.0553	SYNPCC7942_RS08405
M744_RS07895	35.2730	SYNPCC7942_RS08400
M744_RS07905	38.9911	SYNPCC7942_RS08390
M744_RS07910	72.3287	SYNPCC7942_RS08385
M744_RS07915	122.0698	SYNPCC7942_RS08380
M744_RS07920	15.3443	SYNPCC7942_RS08375
M744_RS07925	31.2128	SYNPCC7942_RS08370
M744_RS07930	14.6851	SYNPCC7942_RS08365
M744_RS07935	16.9871	SYNPCC7942_RS08360
M744_RS07940	149.8872	SYNPCC7942_RS08355
M744_RS07950	120.2706	SYNPCC7942_RS08345
M744_RS07960	6828.1560	SYNPCC7942_RS07490
M744_RS07965	35.7147	SYNPCC7942_RS07495
M744_RS07970	132.0539	SYNPCC7942_RS07500
M744_RS07975	14.6531	SYNPCC7942_RS07505
M744_RS07980	20.0222	SYNPCC7942_RS07510
M744_RS07985	13.0631	SYNPCC7942_RS07515
M744_RS07990	8.3676	SYNPCC7942_RS07520
M744_RS07995	3.4647	SYNPCC7942_RS07525
M744_RS08000	13.4008	SYNPCC7942_RS07530
M744_RS08005	2.4197	SYNPCC7942_RS07535
M744_RS08010	11.0218	SYNPCC7942_RS07540
M744_RS08015	20.0057	SYNPCC7942_RS07545
M744_RS08020	22.8077	SYNPCC7942_RS07550
M744_RS08025	54.6607	SYNPCC7942_RS07555
M744_RS08030	130.9818	SYNPCC7942_RS07560
M744_RS08035	8.0821	SYNPCC7942_RS07565
M744_RS08040	55.6835	SYNPCC7942_RS07570
M744_RS08045	51.1938	SYNPCC7942_RS07575
M744_RS08050	10.6091	SYNPCC7942_RS07580
M744_RS08055	135.8645	SYNPCC7942_RS07585
M744_RS08060	17.9869	SYNPCC7942_RS07590
M744_RS08065	38.8972	SYNPCC7942_RS07595
M744_RS08070	982.5983	SYNPCC7942_RS07600
M744_RS08075	5.3800	SYNPCC7942_RS07605
M744_RS08080	2.7884	SYNPCC7942_RS07610
M744_RS08085	16.4383	SYNPCC7942_RS07615
M744_RS08090	10.6242	SYNPCC7942_RS07620
M744_RS08095	9.6865	SYNPCC7942_RS07625
M744_RS08100	12.6439	SYNPCC7942_RS07630
M744_RS08105	29.5224	SYNPCC7942_RS07635
M744_RS08110	22.0136	SYNPCC7942_RS07640
M744_RS08115	127.4913	SYNPCC7942_RS07645
M744_RS08120	80.7816	SYNPCC7942_RS07650
M744_RS08125	12.8420	SYNPCC7942_RS07655
M744_RS08130	1241.0455	SYNPCC7942_RS07660
M744_RS08135	63.7353	SYNPCC7942_RS07665
M744_RS08140	322.1441	SYNPCC7942_RS07670
M744_RS08145	8.2941	SYNPCC7942_RS07675
M744_RS08150	17.6781	SYNPCC7942_RS07680
M744_RS08155	68.2896	SYNPCC7942_RS07685
M744_RS08160	240.2865	SYNPCC7942_RS07690
M744_RS08165	1115.1378	SYNPCC7942_RS07695
M744_RS08175	28.5061	SYNPCC7942_RS07705
M744_RS08180	39.3869	SYNPCC7942_RS07710
M744_RS08185	65.2370	SYNPCC7942_RS07715
M744_RS08190	90.6264	SYNPCC7942_RS07720
M744_RS08195	36.4806	SYNPCC7942_RS07725
M744_RS08200	57.4680	SYNPCC7942_RS07730
M744_RS08205	89.1934	SYNPCC7942_RS07735
M744_RS08210	11.7490	SYNPCC7942_RS07740
M744_RS08215	114.2330	SYNPCC7942_RS07745
M744_RS08220	15.2840	SYNPCC7942_RS07750
M744_RS08225	48.5815	SYNPCC7942_RS07755
M744_RS08230	29.4026	SYNPCC7942_RS07760
M744_RS08235	139.6341	SYNPCC7942_RS07765
M744_RS08240	327.5041	SYNPCC7942_RS07770
M744_RS08245	337.4087	SYNPCC7942_RS07775
M744_RS08265	519.1923	SYNPCC7942_RS07795
M744_RS08270	15.4688	SYNPCC7942_RS07800
M744_RS08275	87.7066	SYNPCC7942_RS07805
M744_RS08280	30.8894	SYNPCC7942_RS07810
M744_RS08285	7.7519	SYNPCC7942_RS07815
M744_RS08290	4.2787	SYNPCC7942_RS07820
M744_RS08295	15.4964	SYNPCC7942_RS07825
M744_RS08300	4.4527	SYNPCC7942_RS07830
M744_RS08305	44.9601	SYNPCC7942_RS07835
M744_RS08310	58.4641	SYNPCC7942_RS07840
M744_RS08315	14.6002	SYNPCC7942_RS07845
M744_RS08320	14.2695	SYNPCC7942_RS07850
M744_RS08325	1.9616	SYNPCC7942_RS07860
M744_RS08330	17.1590	SYNPCC7942_RS07865
M744_RS08335	151.3274	SYNPCC7942_RS07870
M744_RS08340	8.1651	SYNPCC7942_RS07875
M744_RS08345	1.8194	SYNPCC7942_RS07880
M744_RS08350	7.0989	SYNPCC7942_RS07885
M744_RS08355	2.4889	SYNPCC7942_RS07890
M744_RS08360	73.5870	SYNPCC7942_RS07895
M744_RS08365	12.4513	SYNPCC7942_RS07900
M744_RS08370	20.6072	SYNPCC7942_RS07905
M744_RS08375	28.8084	SYNPCC7942_RS07910
M744_RS08380	308.9363	SYNPCC7942_RS07915
M744_RS08385	18.5632	SYNPCC7942_RS07920
M744_RS08390	205.1552	SYNPCC7942_RS07925
M744_RS08395	281.5042	SYNPCC7942_RS07930
M744_RS08400	292.4157	SYNPCC7942_RS07935
M744_RS08405	2783.9315	SYNPCC7942_RS07940
M744_RS08410	6.7316	SYNPCC7942_RS07945
M744_RS08415	37.3412	SYNPCC7942_RS07950
M744_RS08420	38.8576	SYNPCC7942_RS07955
M744_RS08430	86.9510	SYNPCC7942_RS07965
M744_RS08435	120.6990	SYNPCC7942_RS07970
M744_RS08440	3.4553	SYNPCC7942_RS07975
M744_RS08450	8.4540	SYNPCC7942_RS07980
M744_RS08455	1.7348	SYNPCC7942_RS07985
M744_RS08465	16.7024	SYNPCC7942_RS07995
M744_RS08470	48.4610	SYNPCC7942_RS08000
M744_RS08475	117.1850	SYNPCC7942_RS08005
M744_RS08480	16.3970	SYNPCC7942_RS08010
M744_RS08485	162.4967	SYNPCC7942_RS08015
M744_RS08490	601.0261	SYNPCC7942_RS08020
M744_RS08495	19.5932	SYNPCC7942_RS08025
M744_RS08500	172.4539	SYNPCC7942_RS08030
M744_RS08505	129.6932	SYNPCC7942_RS08035
M744_RS08510	88.9378	SYNPCC7942_RS08040
M744_RS08515	13.9776	SYNPCC7942_RS08045
M744_RS08520	6.4326	SYNPCC7942_RS08050
M744_RS08525	76.9336	SYNPCC7942_RS08055
M744_RS08530	120.0586	SYNPCC7942_RS08060
M744_RS08535	13.5890	SYNPCC7942_RS08065
M744_RS08540	24.8677	SYNPCC7942_RS08070
M744_RS08545	102.4126	SYNPCC7942_RS08075
M744_RS08550	21.5893	SYNPCC7942_RS08080
M744_RS08555	4.1808	SYNPCC7942_RS08085
M744_RS08560	77.9943	SYNPCC7942_RS08090
M744_RS08565	19.7586	SYNPCC7942_RS08095
M744_RS08570	502.0807	SYNPCC7942_RS08100
M744_RS08575	708.8876	SYNPCC7942_RS08105
M744_RS08580	94.8145	SYNPCC7942_RS08110
M744_RS08585	15.1118	SYNPCC7942_RS08115
M744_RS08590	106.4773	SYNPCC7942_RS08120
M744_RS08595	184.3658	SYNPCC7942_RS08125
M744_RS08600	10.9450	SYNPCC7942_RS08130
M744_RS08605	406.8725	SYNPCC7942_RS08135
M744_RS08610	157.4054	SYNPCC7942_RS08140
M744_RS08615	135.7056	SYNPCC7942_RS08145
M744_RS08620	50.4425	SYNPCC7942_RS08150
M744_RS08625	91.6311	SYNPCC7942_RS08155
M744_RS08630	35.3400	SYNPCC7942_RS08160
M744_RS08635	81.2521	SYNPCC7942_RS08165
M744_RS08640	15.4542	SYNPCC7942_RS08170
M744_RS08645	4.7061	SYNPCC7942_RS08175
M744_RS08650	73.6564	SYNPCC7942_RS08180
M744_RS08655	30.4900	SYNPCC7942_RS08185
M744_RS08660	2.8475	SYNPCC7942_RS08190
M744_RS08665	22.0359	SYNPCC7942_RS08195
M744_RS08670	8.1367	SYNPCC7942_RS08200
M744_RS08675	57.3493	SYNPCC7942_RS08205
M744_RS08680	472.1412	SYNPCC7942_RS08210
M744_RS08685	362.6080	SYNPCC7942_RS08215
M744_RS08690	28.1138	SYNPCC7942_RS08220
M744_RS08695	636.8565	SYNPCC7942_RS08225
M744_RS08700	609.9658	SYNPCC7942_RS08230
M744_RS08705	148.4192	SYNPCC7942_RS08235
M744_RS08710	57.6348	SYNPCC7942_RS08240
M744_RS08715	346.4854	SYNPCC7942_RS08245
M744_RS08720	548.4639	SYNPCC7942_RS08250
M744_RS08725	86.2935	SYNPCC7942_RS08255
M744_RS08730	46.5754	SYNPCC7942_RS08260
M744_RS08735	32.8646	SYNPCC7942_RS08265
M744_RS08740	267.0190	SYNPCC7942_RS08270
M744_RS08745	97.2492	SYNPCC7942_RS08275
M744_RS08750	15.7675	SYNPCC7942_RS08280
M744_RS08755	32.5797	SYNPCC7942_RS08285
M744_RS08760	16.4056	SYNPCC7942_RS08290
M744_RS08765	46.8819	SYNPCC7942_RS08295
M744_RS08770	114.0010	SYNPCC7942_RS08300
M744_RS08775	155.6912	SYNPCC7942_RS08305
M744_RS08780	14.0005	SYNPCC7942_RS08310
M744_RS08785	78.7682	SYNPCC7942_RS08315
M744_RS08790	111.1412	SYNPCC7942_RS08320
M744_RS08795	36.4239	SYNPCC7942_RS08325
M744_RS08800	112.8167	SYNPCC7942_RS08330
M744_RS08805	220.2559	SYNPCC7942_RS08335
M744_RS08815	3.3426	SYNPCC7942_RS07480
M744_RS08820	4.6285	SYNPCC7942_RS07475
M744_RS08825	67.5533	SYNPCC7942_RS07470
M744_RS08830	99.5817	SYNPCC7942_RS07465
M744_RS08835	13.2846	SYNPCC7942_RS07460
M744_RS08840	18.1553	SYNPCC7942_RS07455
M744_RS08845	24.4322	SYNPCC7942_RS07450
M744_RS08850	43.9138	SYNPCC7942_RS07445
M744_RS08855	285.2469	SYNPCC7942_RS07440
M744_RS08860	79.3403	SYNPCC7942_RS07435
M744_RS08865	58.2885	SYNPCC7942_RS07430
M744_RS08870	130.3385	SYNPCC7942_RS07425
M744_RS08875	21.0744	SYNPCC7942_RS07420
M744_RS08880	56.1223	SYNPCC7942_RS07415
M744_RS08885	186.3361	SYNPCC7942_RS07410
M744_RS08890	146.3594	SYNPCC7942_RS07405
M744_RS08895	206.6205	SYNPCC7942_RS07400
M744_RS08900	80.1637	SYNPCC7942_RS07395
M744_RS08910	4575.5279	SYNPCC7942_RS07385
M744_RS08920	4.5559	SYNPCC7942_RS07375
M744_RS08930	3.2082	SYNPCC7942_RS07370
M744_RS08935	11.4242	SYNPCC7942_RS07365
M744_RS08940	273.5883	SYNPCC7942_RS07360
M744_RS08945	211.8050	SYNPCC7942_RS07355
M744_RS08950	96.6560	SYNPCC7942_RS07350
M744_RS08955	12.0403	SYNPCC7942_RS07345
M744_RS08960	46.7618	SYNPCC7942_RS07340
M744_RS08965	641.2417	SYNPCC7942_RS07335
M744_RS08970	51.4961	SYNPCC7942_RS07330
M744_RS08975	212.7394	SYNPCC7942_RS07325
M744_RS08980	483.2099	SYNPCC7942_RS07320
M744_RS08985	160.4515	SYNPCC7942_RS07315
M744_RS08990	80.2848	SYNPCC7942_RS07310
M744_RS08995	33.5429	SYNPCC7942_RS07305
M744_RS09000	1648.7857	SYNPCC7942_RS07300
M744_RS09005	6592.9153	SYNPCC7942_RS07295
M744_RS09010	77.3956	SYNPCC7942_RS07290
M744_RS09015	48.4809	SYNPCC7942_RS07285
M744_RS09020	807.2885	SYNPCC7942_RS07280
M744_RS09025	181.0967	SYNPCC7942_RS07275
M744_RS09030	833.2155	SYNPCC7942_RS07270
M744_RS09035	333.0862	SYNPCC7942_RS07265
M744_RS09040	735.6552	SYNPCC7942_RS07260
M744_RS09045	3.0328	SYNPCC7942_RS07255
M744_RS09050	47.7248	SYNPCC7942_RS07250
M744_RS09055	399.4159	SYNPCC7942_RS07245
M744_RS09060	840.6060	SYNPCC7942_RS07240
M744_RS09065	35.0461	SYNPCC7942_RS07235
M744_RS09070	12.8618	SYNPCC7942_RS07230
M744_RS09075	244.5849	SYNPCC7942_RS07225
M744_RS09080	91.3189	SYNPCC7942_RS07220
M744_RS09085	574.8431	SYNPCC7942_RS07215
M744_RS09090	58.1369	SYNPCC7942_RS07210
M744_RS09095	14.6741	SYNPCC7942_RS07205
M744_RS09100	260.1137	SYNPCC7942_RS07200
M744_RS09105	102.8060	SYNPCC7942_RS07195
M744_RS09110	20.2329	SYNPCC7942_RS07190
M744_RS09115	17.7648	SYNPCC7942_RS07185
M744_RS09120	20.8681	SYNPCC7942_RS07180
M744_RS09125	143.8342	SYNPCC7942_RS07175
M744_RS09130	91.6773	SYNPCC7942_RS07170
M744_RS09135	169.8617	SYNPCC7942_RS07165
M744_RS09140	167.0039	SYNPCC7942_RS07160
M744_RS09145	249.6877	SYNPCC7942_RS07155
M744_RS09150	578.6819	SYNPCC7942_RS07150
M744_RS09155	7.4417	SYNPCC7942_RS07145
M744_RS09160	9.0700	SYNPCC7942_RS07140
M744_RS09165	103.6588	SYNPCC7942_RS07135
M744_RS09170	7.1464	SYNPCC7942_RS07130
M744_RS09175	24.0586	SYNPCC7942_RS07125
M744_RS09180	51.9586	SYNPCC7942_RS07120
M744_RS09185	60.1964	SYNPCC7942_RS07115
M744_RS09195	11.0436	SYNPCC7942_RS07105
M744_RS09200	44.2165	SYNPCC7942_RS07100
M744_RS09205	13.0142	SYNPCC7942_RS07095
M744_RS09210	19.8462	SYNPCC7942_RS07090
M744_RS09215	21.5560	SYNPCC7942_RS07085
M744_RS09220	453.6801	SYNPCC7942_RS07080
M744_RS09225	172.3222	SYNPCC7942_RS07075
M744_RS09230	45.8378	SYNPCC7942_RS07070
M744_RS09235	44.0356	SYNPCC7942_RS07065
M744_RS09240	82.7633	SYNPCC7942_RS07060
M744_RS09250	22.0552	SYNPCC7942_RS07050
M744_RS09255	379.0066	SYNPCC7942_RS07045
M744_RS09260	52.1760	SYNPCC7942_RS07040
M744_RS09265	32.6993	SYNPCC7942_RS07035
M744_RS09270	48.7866	SYNPCC7942_RS07030
M744_RS09275	355.6150	SYNPCC7942_RS07025
M744_RS09280	164.9038	SYNPCC7942_RS07020
M744_RS09285	40.6068	SYNPCC7942_RS07015
M744_RS09290	14.8650	SYNPCC7942_RS07010
M744_RS09295	14.4167	SYNPCC7942_RS07005
M744_RS09300	23.2297	SYNPCC7942_RS07000
M744_RS09305	8.6035	SYNPCC7942_RS06995
M744_RS09310	52.7920	SYNPCC7942_RS06990
M744_RS09315	31.6924	SYNPCC7942_RS06985
M744_RS09320	123.3393	SYNPCC7942_RS06975
M744_RS09330	54.3332	SYNPCC7942_RS06965
M744_RS09335	79.9588	SYNPCC7942_RS06960
M744_RS09340	23.0832	SYNPCC7942_RS06955
M744_RS09345	187.8389	SYNPCC7942_RS06950
M744_RS09350	52.1929	SYNPCC7942_RS06940
M744_RS09355	186.6920	SYNPCC7942_RS06935
M744_RS09360	15.5784	SYNPCC7942_RS06930
M744_RS09365	73.6023	SYNPCC7942_RS06925
M744_RS09370	38.3074	SYNPCC7942_RS06920
M744_RS09375	7.4120	SYNPCC7942_RS06915
M744_RS09380	532.7430	SYNPCC7942_RS06910
M744_RS09385	10.5047	SYNPCC7942_RS06905
M744_RS09390	2.1727	SYNPCC7942_RS06900
M744_RS09395	15.3282	SYNPCC7942_RS06895
M744_RS09400	15.5353	SYNPCC7942_RS06890
M744_RS09405	9.1822	SYNPCC7942_RS06885
M744_RS09410	106.0485	SYNPCC7942_RS06880
M744_RS09415	306.8223	SYNPCC7942_RS06875
M744_RS09420	249.3688	SYNPCC7942_RS06870
M744_RS09425	287.8977	SYNPCC7942_RS06865
M744_RS09430	21.9585	SYNPCC7942_RS06860
M744_RS09435	24.4910	SYNPCC7942_RS06855
M744_RS09440	118.7806	SYNPCC7942_RS06850
M744_RS09445	47.1635	SYNPCC7942_RS06845
M744_RS09450	258.7645	SYNPCC7942_RS06840
M744_RS09455	75.1363	SYNPCC7942_RS06835
M744_RS09460	12.6116	SYNPCC7942_RS06830
M744_RS09465	5.0781	SYNPCC7942_RS06825
M744_RS09470	11.4109	SYNPCC7942_RS06820
M744_RS09475	12.5396	SYNPCC7942_RS06815
M744_RS09480	29.1655	SYNPCC7942_RS06810
M744_RS09485	59.5535	SYNPCC7942_RS06805
M744_RS09490	46.2999	SYNPCC7942_RS06800
M744_RS09495	105.7011	SYNPCC7942_RS06795
M744_RS09500	2.5387	SYNPCC7942_RS06790
M744_RS09505	17.6678	SYNPCC7942_RS06785
M744_RS09510	119.7100	SYNPCC7942_RS06780
M744_RS09515	88.7036	SYNPCC7942_RS06775
M744_RS09520	171.9091	SYNPCC7942_RS06770
M744_RS09525	30.2885	SYNPCC7942_RS06765
M744_RS09530	874.5359	SYNPCC7942_RS06760
M744_RS09535	29.8121	SYNPCC7942_RS06755
M744_RS09540	26.6289	SYNPCC7942_RS06750
M744_RS09545	10.8733	SYNPCC7942_RS06745
M744_RS09550	10.8356	SYNPCC7942_RS06740
M744_RS09555	12.5913	SYNPCC7942_RS06735
M744_RS09560	9.8643	SYNPCC7942_RS06730
M744_RS09565	98.2730	SYNPCC7942_RS06725
M744_RS09570	1117.3485	SYNPCC7942_RS06720
M744_RS09575	123.7768	SYNPCC7942_RS06715
M744_RS09580	44.3641	SYNPCC7942_RS06710
M744_RS09585	21.3559	SYNPCC7942_RS06705
M744_RS09590	68.2580	SYNPCC7942_RS06700
M744_RS09595	10.0618	SYNPCC7942_RS06695
M744_RS09600	45.9361	SYNPCC7942_RS06690
M744_RS09605	35.7020	SYNPCC7942_RS06685
M744_RS09610	87.3742	SYNPCC7942_RS06680
M744_RS09615	63.6846	SYNPCC7942_RS06675
M744_RS09620	81.0123	SYNPCC7942_RS06670
M744_RS09625	50.8662	SYNPCC7942_RS06665
M744_RS09630	189.4038	SYNPCC7942_RS06660
M744_RS09635	18.4965	SYNPCC7942_RS06655
M744_RS09640	4.5799	SYNPCC7942_RS06650
M744_RS09645	34.0501	SYNPCC7942_RS06645
M744_RS09650	231.1427	SYNPCC7942_RS06640
M744_RS09655	296.0944	SYNPCC7942_RS06635
M744_RS09660	8.6952	SYNPCC7942_RS06630
M744_RS09665	71.8197	SYNPCC7942_RS06625
M744_RS09670	99.1386	SYNPCC7942_RS06620
M744_RS09675	208.6417	SYNPCC7942_RS06615
M744_RS09680	82.3909	SYNPCC7942_RS06610
M744_RS09685	8.2039	SYNPCC7942_RS06605
M744_RS09690	211.4236	SYNPCC7942_RS06600
M744_RS09695	5.2343	SYNPCC7942_RS06595
M744_RS09700	215.4122	SYNPCC7942_RS06590
M744_RS09705	19.0213	SYNPCC7942_RS06585
M744_RS09710	8.7024	SYNPCC7942_RS06580
M744_RS09715	12.5599	SYNPCC7942_RS06575
M744_RS09720	7.8938	SYNPCC7942_RS06570
M744_RS09725	16.6987	SYNPCC7942_RS06565
M744_RS09730	72.4758	SYNPCC7942_RS06560
M744_RS09735	26.8362	SYNPCC7942_RS06555
M744_RS09740	1.4610	SYNPCC7942_RS06550
M744_RS09745	647.7157	SYNPCC7942_RS06545
M744_RS09750	1362.4923	SYNPCC7942_RS06540
M744_RS09755	19.8167	SYNPCC7942_RS06535
M744_RS09760	92.8313	SYNPCC7942_RS06530
M744_RS09765	94.0862	SYNPCC7942_RS06525
M744_RS09770	21.5818	SYNPCC7942_RS06520
M744_RS09775	7.1218	SYNPCC7942_RS06515
M744_RS09780	35.5032	SYNPCC7942_RS06510
M744_RS09785	11.0064	SYNPCC7942_RS06505
M744_RS09790	43.5089	SYNPCC7942_RS06500
M744_RS09795	53.1891	SYNPCC7942_RS06495
M744_RS09800	69.5866	SYNPCC7942_RS06490
M744_RS09805	12.9105	SYNPCC7942_RS06485
M744_RS09810	18.4773	SYNPCC7942_RS06480
M744_RS09815	22.4688	SYNPCC7942_RS06475
M744_RS09820	43.3279	SYNPCC7942_RS06470
M744_RS09825	33.4166	SYNPCC7942_RS06465
M744_RS09830	64.9056	SYNPCC7942_RS06460
M744_RS09835	69.2685	SYNPCC7942_RS06455
M744_RS09840	201.0270	SYNPCC7942_RS06450
M744_RS09845	13.8157	SYNPCC7942_RS06445
M744_RS09850	120.0435	SYNPCC7942_RS06440
M744_RS09855	112.8632	SYNPCC7942_RS06435
M744_RS09860	123.1379	SYNPCC7942_RS06430
M744_RS09865	401.0176	SYNPCC7942_RS06425
M744_RS09875	22.5099	SYNPCC7942_RS06415
M744_RS09880	6.1742	SYNPCC7942_RS06410
M744_RS09885	4758.7526	SYNPCC7942_RS06405
M744_RS09890	246.8095	SYNPCC7942_RS06400
M744_RS09895	21.8528	SYNPCC7942_RS06395
M744_RS09905	74.8545	SYNPCC7942_RS06385
M744_RS09910	4.6079	SYNPCC7942_RS06380
M744_RS09915	26.8235	SYNPCC7942_RS06375
M744_RS09920	6.9577	SYNPCC7942_RS06370
M744_RS09925	13.6537	SYNPCC7942_RS06365
M744_RS09930	53.8008	SYNPCC7942_RS06360
M744_RS09935	1063.1463	SYNPCC7942_RS06355
M744_RS09940	2576.3858	SYNPCC7942_RS06350
M744_RS09945	1037.1750	SYNPCC7942_RS06345
M744_RS09950	3162.7520	SYNPCC7942_RS06340
M744_RS09955	1198.8500	SYNPCC7942_RS06335
M744_RS09960	182.3692	SYNPCC7942_RS06330
M744_RS09965	30.4041	SYNPCC7942_RS06325
M744_RS09970	19.1096	SYNPCC7942_RS06320
M744_RS09975	247.2910	SYNPCC7942_RS06315
M744_RS09980	967.0870	SYNPCC7942_RS06310
M744_RS09985	33.1310	SYNPCC7942_RS06305
M744_RS09990	17.6162	SYNPCC7942_RS06300
M744_RS09995	11.9569	SYNPCC7942_RS06295
M744_RS10000	20.3814	SYNPCC7942_RS06290
M744_RS10010	90.6828	SYNPCC7942_RS06280
M744_RS10015	208.7999	SYNPCC7942_RS06275
M744_RS10020	44.9444	SYNPCC7942_RS06270
M744_RS10025	40.2660	SYNPCC7942_RS06265
M744_RS10030	21.3762	SYNPCC7942_RS06260
M744_RS10035	142.6326	SYNPCC7942_RS06255
M744_RS10040	337.2678	SYNPCC7942_RS06250
M744_RS10045	984.4292	SYNPCC7942_RS06245
M744_RS10050	38.5146	SYNPCC7942_RS06240
M744_RS10055	97.6726	SYNPCC7942_RS06235
M744_RS10060	166.0140	SYNPCC7942_RS06230
M744_RS10065	11.3853	SYNPCC7942_RS06225
M744_RS10070	16.9058	SYNPCC7942_RS06220
M744_RS10075	8.7548	SYNPCC7942_RS06215
M744_RS10080	16.4293	SYNPCC7942_RS06210
M744_RS10085	11.5728	SYNPCC7942_RS06205
M744_RS10090	4.9763	SYNPCC7942_RS06200
M744_RS10095	3.7852	SYNPCC7942_RS06195
M744_RS10100	46.8493	SYNPCC7942_RS06190
M744_RS10105	30.8504	SYNPCC7942_RS06185
M744_RS10110	7.4906	SYNPCC7942_RS06180
M744_RS10115	1.2606	SYNPCC7942_RS06175
M744_RS10125	1.3710	SYNPCC7942_RS06165
M744_RS10130	0.8557	SYNPCC7942_RS06160
M744_RS10135	90.9082	SYNPCC7942_RS06155
M744_RS10140	77.3183	SYNPCC7942_RS06150
M744_RS10145	21.0507	SYNPCC7942_RS06145
M744_RS10150	19.9998	SYNPCC7942_RS06140
M744_RS10155	341.8965	SYNPCC7942_RS06135
M744_RS10160	150.0914	SYNPCC7942_RS06130
M744_RS10165	24.7109	SYNPCC7942_RS06125
M744_RS10170	191.6771	SYNPCC7942_RS06120
M744_RS10175	64.5040	SYNPCC7942_RS06115
M744_RS10180	35.4832	SYNPCC7942_RS06110
M744_RS10185	152.6340	SYNPCC7942_RS06105
M744_RS10190	24.0781	SYNPCC7942_RS06100
M744_RS10195	101.5332	SYNPCC7942_RS06095
M744_RS10200	20.2575	SYNPCC7942_RS06090
M744_RS10205	43.4023	SYNPCC7942_RS06085
M744_RS10210	19.2778	SYNPCC7942_RS06080
M744_RS10215	3.5997	SYNPCC7942_RS06075
M744_RS10220	6.7057	SYNPCC7942_RS06070
M744_RS10225	228.3789	SYNPCC7942_RS06065
M744_RS10230	118.6540	SYNPCC7942_RS06060
M744_RS10235	127.4753	SYNPCC7942_RS06055
M744_RS10240	254.2755	SYNPCC7942_RS06050
M744_RS10245	125.7650	SYNPCC7942_RS06045
M744_RS10250	277.7807	SYNPCC7942_RS06040
M744_RS10255	143.4207	SYNPCC7942_RS06035
M744_RS10260	1099.7603	SYNPCC7942_RS06030
M744_RS10265	1029.8086	SYNPCC7942_RS06025
M744_RS10270	256.4777	SYNPCC7942_RS06020
M744_RS10275	17.1951	SYNPCC7942_RS06015
M744_RS10280	16.1638	SYNPCC7942_RS06010
M744_RS10285	17.9259	SYNPCC7942_RS06005
M744_RS10290	18.6138	SYNPCC7942_RS06000
M744_RS10295	41.0455	SYNPCC7942_RS05995
M744_RS10300	21.4110	SYNPCC7942_RS05990
M744_RS10305	24.4401	SYNPCC7942_RS05985
M744_RS10310	19.6172	SYNPCC7942_RS05980
M744_RS10320	21.2068	SYNPCC7942_RS05970
M744_RS10330	7.7686	SYNPCC7942_RS05960
M744_RS10335	3.7193	SYNPCC7942_RS05955
M744_RS10340	1.8864	SYNPCC7942_RS05950
M744_RS10345	9.4142	SYNPCC7942_RS05945
M744_RS10355	72.3797	SYNPCC7942_RS05935
M744_RS10360	89.5350	SYNPCC7942_RS05930
M744_RS10365	58.5374	SYNPCC7942_RS05925
M744_RS10370	23.4481	SYNPCC7942_RS05920
M744_RS10375	18.2158	SYNPCC7942_RS05915
M744_RS10380	89.6965	SYNPCC7942_RS05910
M744_RS10390	36.2510	SYNPCC7942_RS05900
M744_RS10395	97.2524	SYNPCC7942_RS05895
M744_RS10405	52.6923	SYNPCC7942_RS05885
M744_RS10410	139.5377	SYNPCC7942_RS05880
M744_RS10415	2.8208	SYNPCC7942_RS05875
M744_RS10420	78.4290	SYNPCC7942_RS05870
M744_RS10425	135.0750	SYNPCC7942_RS05865
M744_RS10435	98.0244	SYNPCC7942_RS05855
M744_RS10440	46.5217	SYNPCC7942_RS05850
M744_RS10445	191.3127	SYNPCC7942_RS05845
M744_RS10450	22.2676	SYNPCC7942_RS05840
M744_RS10455	13.2390	SYNPCC7942_RS05835
M744_RS10460	257.5743	SYNPCC7942_RS05830
M744_RS10470	586.5845	SYNPCC7942_RS05820
M744_RS10475	145.3243	SYNPCC7942_RS05815
M744_RS10480	2.4750	SYNPCC7942_RS05810
M744_RS10485	8.4825	SYNPCC7942_RS05805
M744_RS10490	10.9863	SYNPCC7942_RS05800
M744_RS10495	16.3214	SYNPCC7942_RS05795
M744_RS10500	55.9438	SYNPCC7942_RS05790
M744_RS10505	70.3409	SYNPCC7942_RS05785
M744_RS10510	25.2359	SYNPCC7942_RS05780
M744_RS10515	5.7148	SYNPCC7942_RS05775
M744_RS10520	120.4695	SYNPCC7942_RS05770
M744_RS10525	87.6830	SYNPCC7942_RS05765
M744_RS10530	279.0181	SYNPCC7942_RS05760
M744_RS10535	212.9068	SYNPCC7942_RS05755
M744_RS10540	655.9791	SYNPCC7942_RS05750
M744_RS10545	106.4932	SYNPCC7942_RS05745
M744_RS10550	22.2841	SYNPCC7942_RS05740
M744_RS10555	15.0762	SYNPCC7942_RS05735
M744_RS10565	18.5393	SYNPCC7942_RS05725
M744_RS10570	263.0686	SYNPCC7942_RS05720
M744_RS10575	26.2534	SYNPCC7942_RS05715
M744_RS10580	72.3298	SYNPCC7942_RS05710
M744_RS10585	33.1986	SYNPCC7942_RS05705
M744_RS10590	21.9833	SYNPCC7942_RS05700
M744_RS10595	9.4361	SYNPCC7942_RS05695
M744_RS10600	126.2756	SYNPCC7942_RS05690
M744_RS10605	15.3820	SYNPCC7942_RS05685
M744_RS10610	26.4268	SYNPCC7942_RS05680
M744_RS10615	51.3895	SYNPCC7942_RS05675
M744_RS10620	35.5042	SYNPCC7942_RS05670
M744_RS10625	57.6162	SYNPCC7942_RS05665
M744_RS10630	35.2061	SYNPCC7942_RS05660
M744_RS10635	13.6400	SYNPCC7942_RS05655
M744_RS10640	19.7993	SYNPCC7942_RS05650
M744_RS10645	362.6554	SYNPCC7942_RS05645
M744_RS10650	45.7402	SYNPCC7942_RS05640
M744_RS10655	41.2207	SYNPCC7942_RS05635
M744_RS10660	44.2383	SYNPCC7942_RS05630
M744_RS10665	642.4702	SYNPCC7942_RS05625
M744_RS10670	19.3258	SYNPCC7942_RS05620
M744_RS10675	7.6966	SYNPCC7942_RS05615
M744_RS10680	14.4085	SYNPCC7942_RS05610
M744_RS10685	20.1654	SYNPCC7942_RS05605
M744_RS10690	8.6448	SYNPCC7942_RS05600
M744_RS10695	40.8483	SYNPCC7942_RS05595
M744_RS10700	401.7919	SYNPCC7942_RS05590
M744_RS10705	2713.0327	SYNPCC7942_RS05585
M744_RS10710	113.3639	SYNPCC7942_RS05580
M744_RS10715	331.1733	SYNPCC7942_RS05575
M744_RS10720	173.5773	SYNPCC7942_RS05570
M744_RS10725	2.6418	SYNPCC7942_RS05565
M744_RS10735	218.2935	SYNPCC7942_RS05555
M744_RS10740	100.3831	SYNPCC7942_RS05550
M744_RS10745	55.3366	SYNPCC7942_RS05545
M744_RS10755	33.0599	SYNPCC7942_RS05535
M744_RS10760	86.5314	SYNPCC7942_RS05530
M744_RS10765	7.0126	SYNPCC7942_RS05525
M744_RS10770	5.5183	SYNPCC7942_RS05520
M744_RS10775	2.8650	SYNPCC7942_RS05515
M744_RS10780	3.6631	SYNPCC7942_RS05510
M744_RS10785	21.6139	SYNPCC7942_RS05505
M744_RS10790	24.1944	SYNPCC7942_RS05500
M744_RS10795	67.5526	SYNPCC7942_RS05495
M744_RS10800	31.0057	SYNPCC7942_RS05490
M744_RS10805	25.5303	SYNPCC7942_RS05485
M744_RS10810	276.7653	SYNPCC7942_RS05480
M744_RS10815	9.7648	SYNPCC7942_RS05475
M744_RS10825	127.3025	SYNPCC7942_RS05465
M744_RS10830	64.2503	SYNPCC7942_RS05460
M744_RS10835	11.6557	SYNPCC7942_RS05455
M744_RS10840	44.9347	SYNPCC7942_RS05450
M744_RS10845	14.6000	SYNPCC7942_RS05445
M744_RS10850	1.6714	SYNPCC7942_RS05440
M744_RS10855	23.6355	SYNPCC7942_RS05435
M744_RS10860	859.5635	SYNPCC7942_RS05430
M744_RS10865	5.2374	SYNPCC7942_RS05425
M744_RS10870	125.1044	SYNPCC7942_RS05420
M744_RS10875	116.7181	SYNPCC7942_RS05415
M744_RS10880	18.8337	SYNPCC7942_RS05410
M744_RS10885	51.8794	SYNPCC7942_RS05405
M744_RS10900	1230.2350	SYNPCC7942_RS05390
M744_RS10905	3906.5882	SYNPCC7942_RS05385
M744_RS10910	2984.6977	SYNPCC7942_RS05380
M744_RS10925	22.9422	SYNPCC7942_RS05365
M744_RS10930	45.2995	SYNPCC7942_RS05360
M744_RS10935	51.5237	SYNPCC7942_RS05355
M744_RS10940	16.9884	SYNPCC7942_RS05350
M744_RS10945	7.8351	SYNPCC7942_RS05345
M744_RS10950	27.0309	SYNPCC7942_RS05340
M744_RS10955	7.7347	SYNPCC7942_RS05335
M744_RS10960	12.6409	SYNPCC7942_RS05330
M744_RS10965	67.8406	SYNPCC7942_RS05325
M744_RS10970	180.0231	SYNPCC7942_RS05320
M744_RS10975	71.5974	SYNPCC7942_RS05315
M744_RS10980	121.2907	SYNPCC7942_RS05310
M744_RS10985	176.3231	SYNPCC7942_RS05305
M744_RS10990	267.6747	SYNPCC7942_RS05300
M744_RS11000	163.1652	SYNPCC7942_RS05290
M744_RS11005	165.5114	SYNPCC7942_RS05285
M744_RS11015	3.3066	SYNPCC7942_RS05275
M744_RS11020	74.5095	SYNPCC7942_RS05270
M744_RS11025	6.6449	SYNPCC7942_RS05265
M744_RS11030	40.7487	SYNPCC7942_RS05260
M744_RS11035	38.0492	SYNPCC7942_RS05255
M744_RS11040	13.9379	SYNPCC7942_RS05250
M744_RS11045	15.2588	SYNPCC7942_RS05245
M744_RS11050	77.6266	SYNPCC7942_RS05240
M744_RS11055	7.8856	SYNPCC7942_RS05235
M744_RS11060	30.5414	SYNPCC7942_RS05230
M744_RS11070	76.4187	SYNPCC7942_RS05220
M744_RS11075	336.6032	SYNPCC7942_RS05215
M744_RS11080	601.3458	SYNPCC7942_RS05210
M744_RS11085	13.9698	SYNPCC7942_RS05205
M744_RS11090	21.9486	SYNPCC7942_RS05195
M744_RS11095	18.4935	SYNPCC7942_RS05190
M744_RS11100	37.4256	SYNPCC7942_RS05185
M744_RS11105	9.0048	SYNPCC7942_RS05180
M744_RS11110	12.7659	SYNPCC7942_RS05175
M744_RS11115	60.7136	SYNPCC7942_RS05170
M744_RS11125	24.6870	SYNPCC7942_RS05160
M744_RS11130	7.0119	SYNPCC7942_RS05155
M744_RS11135	1.5887	SYNPCC7942_RS05150
M744_RS11145	5122.0100	SYNPCC7942_RS05140
M744_RS11150	99.8836	SYNPCC7942_RS05135
M744_RS11155	29.8297	SYNPCC7942_RS05130
M744_RS11160	60.6535	SYNPCC7942_RS13725
M744_RS11165	214.3355	SYNPCC7942_RS05125
M744_RS11170	96.1442	SYNPCC7942_RS05120
M744_RS11175	55.3400	SYNPCC7942_RS05115
M744_RS11180	15.4346	SYNPCC7942_RS05110
M744_RS11185	25.0016	SYNPCC7942_RS05105
M744_RS11190	72.5731	SYNPCC7942_RS05100
M744_RS11195	43.6869	SYNPCC7942_RS05095
M744_RS11200	77.9137	SYNPCC7942_RS05090
M744_RS11205	9.8076	SYNPCC7942_RS13875
M744_RS11210	240.5868	SYNPCC7942_RS05080
M744_RS11215	71.3251	SYNPCC7942_RS05075
M744_RS11220	47.9746	SYNPCC7942_RS05070
M744_RS11225	38.0772	SYNPCC7942_RS05065
M744_RS11230	102.3342	SYNPCC7942_RS05060
M744_RS11235	24.8910	SYNPCC7942_RS05055
M744_RS11240	68.8426	SYNPCC7942_RS05050
M744_RS11245	125.0535	SYNPCC7942_RS05045
M744_RS11250	46.5269	SYNPCC7942_RS05040
M744_RS11260	23.5920	SYNPCC7942_RS05030
M744_RS11265	5.6119	SYNPCC7942_RS05025
M744_RS11270	2100.9766	SYNPCC7942_RS05020
M744_RS11275	2567.2065	SYNPCC7942_RS05015
M744_RS11280	43.1569	SYNPCC7942_RS05010
M744_RS11285	4.6154	SYNPCC7942_RS05005
M744_RS11295	33.5485	SYNPCC7942_RS04995
M744_RS11300	500.1214	SYNPCC7942_RS04990
M744_RS11305	3.4990	SYNPCC7942_RS04985
M744_RS11310	6.7788	SYNPCC7942_RS04980
M744_RS11315	7.7500	SYNPCC7942_RS04975
M744_RS11320	260.0744	SYNPCC7942_RS04970
M744_RS11325	14.3201	SYNPCC7942_RS04965
M744_RS11330	45.4554	SYNPCC7942_RS04960
M744_RS11335	51.4538	SYNPCC7942_RS04955
M744_RS11340	24.6743	SYNPCC7942_RS04945
M744_RS11345	26.7597	SYNPCC7942_RS04940
M744_RS11350	17.5806	SYNPCC7942_RS04935
M744_RS11355	39.9604	SYNPCC7942_RS04930
M744_RS11360	13.9492	SYNPCC7942_RS04925
M744_RS11365	43.5628	SYNPCC7942_RS04920
M744_RS11370	264.1463	SYNPCC7942_RS04915
M744_RS11375	40.0248	SYNPCC7942_RS04910
M744_RS11380	25.6109	SYNPCC7942_RS04905
M744_RS11385	3.5367	SYNPCC7942_RS04900
M744_RS11390	40.6863	SYNPCC7942_RS04895
M744_RS11395	54.1435	SYNPCC7942_RS04890
M744_RS11400	42.2136	SYNPCC7942_RS04885
M744_RS11405	20.1205	SYNPCC7942_RS04880
M744_RS11410	17.8145	SYNPCC7942_RS04875
M744_RS11415	24.3370	SYNPCC7942_RS04870
M744_RS11420	87.7729	SYNPCC7942_RS04865
M744_RS11425	34.3658	SYNPCC7942_RS04860
M744_RS11430	30.8119	SYNPCC7942_RS04855
M744_RS11435	208.9887	SYNPCC7942_RS04850
M744_RS11440	713.1013	SYNPCC7942_RS04845
M744_RS11445	61.9759	SYNPCC7942_RS04840
M744_RS11450	61.5494	SYNPCC7942_RS04835
M744_RS11455	19.2875	SYNPCC7942_RS04830
M744_RS11460	1.4258	SYNPCC7942_RS04825
M744_RS11465	9.1619	SYNPCC7942_RS04820
M744_RS11470	6.8855	SYNPCC7942_RS04815
M744_RS11475	3.7385	SYNPCC7942_RS04810
M744_RS11480	10.4830	SYNPCC7942_RS04805
M744_RS11485	4.0065	SYNPCC7942_RS04800
M744_RS11490	43.1388	SYNPCC7942_RS04795
M744_RS11495	32.0578	SYNPCC7942_RS04790
M744_RS11500	14.3920	SYNPCC7942_RS04785
M744_RS11505	98.1733	SYNPCC7942_RS04780
M744_RS11510	462.4333	SYNPCC7942_RS04775
M744_RS11515	68.7747	SYNPCC7942_RS04770
M744_RS11520	51.4579	SYNPCC7942_RS04765
M744_RS11525	54.8682	SYNPCC7942_RS04760
M744_RS11530	223.2277	SYNPCC7942_RS04755
M744_RS11535	48.9149	SYNPCC7942_RS04750
M744_RS11540	12.4340	SYNPCC7942_RS04745
M744_RS11545	9.9791	SYNPCC7942_RS04740
M744_RS11550	639.5139	SYNPCC7942_RS04735
M744_RS11555	35.6749	SYNPCC7942_RS04730
M744_RS11565	78.6355	SYNPCC7942_RS04720
M744_RS11580	69.9483	SYNPCC7942_RS04705
M744_RS11585	11.2668	SYNPCC7942_RS04700
M744_RS11590	3.4753	SYNPCC7942_RS04695
M744_RS11595	25.1059	SYNPCC7942_RS04690
M744_RS11600	5.4445	SYNPCC7942_RS04685
M744_RS11605	109.2468	SYNPCC7942_RS04680
M744_RS11610	146.2513	SYNPCC7942_RS04675
M744_RS11615	58.2844	SYNPCC7942_RS04670
M744_RS11625	468.5072	SYNPCC7942_RS13975
M744_RS11630	218.3247	SYNPCC7942_RS04660
M744_RS11635	621.4879	SYNPCC7942_RS04655
M744_RS11640	18.2913	SYNPCC7942_RS04650
M744_RS11645	37.2325	SYNPCC7942_RS04645
M744_RS11650	1770.9615	SYNPCC7942_RS04640
M744_RS11655	27.4635	SYNPCC7942_RS04635
M744_RS11665	9.9190	SYNPCC7942_RS04625
M744_RS11670	24.1870	SYNPCC7942_RS04620
M744_RS11675	96.5590	SYNPCC7942_RS04615
M744_RS11680	10.8379	SYNPCC7942_RS04610
M744_RS11685	9.1386	SYNPCC7942_RS04605
M744_RS11695	9.0136	SYNPCC7942_RS04595
M744_RS11700	46.5232	SYNPCC7942_RS04590
M744_RS11710	121.2028	SYNPCC7942_RS04580
M744_RS11715	6.0319	SYNPCC7942_RS04575
M744_RS11720	997.2890	SYNPCC7942_RS04570
M744_RS11725	1165.3033	SYNPCC7942_RS04565
M744_RS11730	4532.1159	SYNPCC7942_RS04560
M744_RS11735	9329.0811	SYNPCC7942_RS04555
M744_RS11740	1242.1945	SYNPCC7942_RS04550
M744_RS11745	52.9171	SYNPCC7942_RS04545
M744_RS11750	17.3754	SYNPCC7942_RS04540
M744_RS11755	8.9854	SYNPCC7942_RS04535
M744_RS11760	10.4447	SYNPCC7942_RS04530
M744_RS11765	260.0330	SYNPCC7942_RS04525
M744_RS11770	125.3433	SYNPCC7942_RS04520
M744_RS11775	182.0438	SYNPCC7942_RS04515
M744_RS11780	19.1640	SYNPCC7942_RS04510
M744_RS11785	45.8774	SYNPCC7942_RS04505
M744_RS11790	32.1469	SYNPCC7942_RS04500
M744_RS11795	14.2528	SYNPCC7942_RS04495
M744_RS11800	20.1177	SYNPCC7942_RS04490
M744_RS11805	7.7583	SYNPCC7942_RS04485
M744_RS11810	5.2148	SYNPCC7942_RS04480
M744_RS11815	34.4132	SYNPCC7942_RS04475
M744_RS11820	1.5176	SYNPCC7942_RS04470
M744_RS11825	40.6798	SYNPCC7942_RS04465
M744_RS11830	32.2470	SYNPCC7942_RS04460
M744_RS11835	157.0544	SYNPCC7942_RS04455
M744_RS11840	190.9294	SYNPCC7942_RS04450
M744_RS11845	57.8826	SYNPCC7942_RS04445
M744_RS11850	232.4783	SYNPCC7942_RS04440
M744_RS11855	71.4821	SYNPCC7942_RS04435
M744_RS11860	284.3744	SYNPCC7942_RS04430
M744_RS11865	2781.4933	SYNPCC7942_RS04425
M744_RS11870	599.0710	SYNPCC7942_RS04420
M744_RS11875	184.7286	SYNPCC7942_RS04415
M744_RS11880	1224.0967	SYNPCC7942_RS04410
M744_RS11885	118.2317	SYNPCC7942_RS04405
M744_RS11890	150.3285	SYNPCC7942_RS04400
M744_RS11895	60.6793	SYNPCC7942_RS04395
M744_RS11900	93.1944	SYNPCC7942_RS04390
M744_RS11910	102.5792	SYNPCC7942_RS04380
M744_RS11915	163.1304	SYNPCC7942_RS04375
M744_RS11920	38.2393	SYNPCC7942_RS04370
M744_RS11925	66.4066	SYNPCC7942_RS04365
M744_RS11930	113.5132	SYNPCC7942_RS04360
M744_RS11935	86.8492	SYNPCC7942_RS04355
M744_RS11940	36.3473	SYNPCC7942_RS04350
M744_RS11945	15.5274	SYNPCC7942_RS04345
M744_RS11950	22.1232	SYNPCC7942_RS04340
M744_RS11955	14.5341	SYNPCC7942_RS04335
M744_RS11960	14.8034	SYNPCC7942_RS04330
M744_RS11965	9.1111	SYNPCC7942_RS04325
M744_RS11970	46.0491	SYNPCC7942_RS04320
M744_RS11975	232.6133	SYNPCC7942_RS04315
M744_RS11980	143.7336	SYNPCC7942_RS04310
M744_RS11990	0.5819	SYNPCC7942_RS04300
M744_RS11995	11.5118	SYNPCC7942_RS04295
M744_RS12000	69.4896	SYNPCC7942_RS04290
M744_RS12005	4.9222	SYNPCC7942_RS04285
M744_RS12010	30.8536	SYNPCC7942_RS04280
M744_RS12015	67.4724	SYNPCC7942_RS04275
M744_RS12020	35.6713	SYNPCC7942_RS04270
M744_RS12025	9.6841	SYNPCC7942_RS04265
M744_RS12030	41.0808	SYNPCC7942_RS04260
M744_RS12035	25.5356	SYNPCC7942_RS04255
M744_RS12040	18.2629	SYNPCC7942_RS04250
M744_RS12045	40.8783	SYNPCC7942_RS04245
M744_RS12050	39.2476	SYNPCC7942_RS04240
M744_RS12055	48.8427	SYNPCC7942_RS04235
M744_RS12060	39.1135	SYNPCC7942_RS04230
M744_RS12065	15.5579	SYNPCC7942_RS04225
M744_RS12070	36.4826	SYNPCC7942_RS04220
M744_RS12075	21.7546	SYNPCC7942_RS04215
M744_RS12080	16.8912	SYNPCC7942_RS04210
M744_RS12085	77.9533	SYNPCC7942_RS04205
M744_RS12090	137.4337	SYNPCC7942_RS04200
M744_RS12095	68.7905	SYNPCC7942_RS04195
M744_RS12100	2.9366	SYNPCC7942_RS04190
M744_RS12105	74.7881	SYNPCC7942_RS04185
M744_RS12110	102.9032	SYNPCC7942_RS04180
M744_RS12115	13.6459	SYNPCC7942_RS04175
M744_RS12120	12.4177	SYNPCC7942_RS04170
M744_RS12125	107.6722	SYNPCC7942_RS04165
M744_RS12130	72.0657	SYNPCC7942_RS04160
M744_RS12135	37.9180	SYNPCC7942_RS04155
M744_RS12140	10.7697	SYNPCC7942_RS04150
M744_RS12145	1478.5500	SYNPCC7942_RS04145
M744_RS12150	38.7603	SYNPCC7942_RS04140
M744_RS12155	112.2122	SYNPCC7942_RS04135
M744_RS12160	37.4431	SYNPCC7942_RS04130
M744_RS12165	132.7650	SYNPCC7942_RS04125
M744_RS12170	27.7283	SYNPCC7942_RS04120
M744_RS12175	15.3285	SYNPCC7942_RS04115
M744_RS12180	689.5847	SYNPCC7942_RS04110
M744_RS12185	77.0047	SYNPCC7942_RS04105
M744_RS12190	94.9061	SYNPCC7942_RS04100
M744_RS12195	25.4101	SYNPCC7942_RS04095
M744_RS12200	635.4993	SYNPCC7942_RS04090
M744_RS12205	21.4098	SYNPCC7942_RS04085
M744_RS12210	129.4190	SYNPCC7942_RS04080
M744_RS12215	34.7184	SYNPCC7942_RS04075
M744_RS12220	9.4736	SYNPCC7942_RS04070
M744_RS12225	7.1177	SYNPCC7942_RS04065
M744_RS12230	26.1785	SYNPCC7942_RS04060
M744_RS12235	196.1383	SYNPCC7942_RS04055
M744_RS12240	1195.4209	SYNPCC7942_RS04050
M744_RS12245	148.2745	SYNPCC7942_RS04045
M744_RS12250	232.4362	SYNPCC7942_RS04040
M744_RS12255	6.7876	SYNPCC7942_RS04035
M744_RS12260	52.9036	SYNPCC7942_RS04030
M744_RS12265	110.9609	SYNPCC7942_RS04025
M744_RS12270	16.6623	SYNPCC7942_RS04020
M744_RS12275	64.5071	SYNPCC7942_RS04015
M744_RS12280	88.0791	SYNPCC7942_RS04010
M744_RS12290	1.8064	SYNPCC7942_RS13700
M744_RS12295	3.4954	SYNPCC7942_RS03970
M744_RS12300	0.7627	SYNPCC7942_RS03965
M744_RS12310	14.3392	SYNPCC7942_RS03955
M744_RS12315	302.1825	SYNPCC7942_RS03950
M744_RS12325	121.2341	SYNPCC7942_RS03940
M744_RS12330	52.0717	SYNPCC7942_RS03935
M744_RS12335	387.2447	SYNPCC7942_RS03930
M744_RS12340	36.5608	SYNPCC7942_RS03925
M744_RS12345	4.6695	SYNPCC7942_RS03920
M744_RS12350	0.0149	SYNPCC7942_RS03915
M744_RS12355	3.9656	SYNPCC7942_RS03910
M744_RS12365	3.2889	SYNPCC7942_RS03900
M744_RS12370	0.3421	SYNPCC7942_RS03895
M744_RS12375	2.3394	SYNPCC7942_RS03890
M744_RS12380	32.7289	SYNPCC7942_RS03885
M744_RS12385	1.0847	SYNPCC7942_RS03880
M744_RS12390	8.5712	SYNPCC7942_RS03875
M744_RS12395	43.5709	SYNPCC7942_RS03870
M744_RS12405	31.5280	SYNPCC7942_RS03860
M744_RS12410	57.2300	SYNPCC7942_RS03855
M744_RS12415	238.4208	SYNPCC7942_RS03850
M744_RS12420	14.5476	SYNPCC7942_RS03845
M744_RS12425	3.2317	SYNPCC7942_RS03840
M744_RS12430	2.0581	SYNPCC7942_RS03835
M744_RS12440	8.0871	SYNPCC7942_RS03825
M744_RS12450	8.0546	SYNPCC7942_RS03815
M744_RS12455	7.1557	SYNPCC7942_RS03810
M744_RS12460	7.9314	SYNPCC7942_RS03805
M744_RS12465	5.1762	SYNPCC7942_RS03800
M744_RS12470	64.0675	SYNPCC7942_RS03795
M744_RS12475	21.9383	SYNPCC7942_RS03790
M744_RS12480	10.2931	SYNPCC7942_RS03785
M744_RS12485	5.7610	SYNPCC7942_RS03780
M744_RS12490	4.7663	SYNPCC7942_RS03775
M744_RS12495	14.6482	SYNPCC7942_RS03770
M744_RS12500	37.8984	SYNPCC7942_RS03765
M744_RS12505	9.7078	SYNPCC7942_RS03760
M744_RS12510	0.2965	SYNPCC7942_RS03755
M744_RS12515	2.4856	SYNPCC7942_RS03750
M744_RS12520	12.3741	SYNPCC7942_RS03745
M744_RS12530	5.8289	SYNPCC7942_RS03730
M744_RS12535	1.5037	SYNPCC7942_RS03725
M744_RS12540	0.3513	SYNPCC7942_RS03720
M744_RS12550	0.6170	SYNPCC7942_RS03710
M744_RS12555	1.2782	SYNPCC7942_RS03705
M744_RS12560	1.9453	SYNPCC7942_RS03700
M744_RS12565	0.8358	SYNPCC7942_RS03695
M744_RS12575	0.5102	SYNPCC7942_RS03685
M744_RS12580	6.2391	SYNPCC7942_RS03680
M744_RS12590	108.0119	SYNPCC7942_RS03670
M744_RS12600	57.0959	SYNPCC7942_RS03660
M744_RS12605	138.9404	SYNPCC7942_RS03655
M744_RS12610	848.9668	SYNPCC7942_RS03650
M744_RS12615	248.2753	SYNPCC7942_RS03645
M744_RS12620	69.7777	SYNPCC7942_RS03640
M744_RS12625	3.6973	SYNPCC7942_RS03635
M744_RS12630	74.6666	SYNPCC7942_RS03630
M744_RS12635	12.1203	SYNPCC7942_RS03625
M744_RS12640	16.2187	SYNPCC7942_RS03620
M744_RS12645	53.4493	SYNPCC7942_RS03615
M744_RS12650	22.9162	SYNPCC7942_RS03610
M744_RS12655	135.0080	SYNPCC7942_RS03605
M744_RS12660	5.0511	SYNPCC7942_RS03600
M744_RS12665	11.3648	SYNPCC7942_RS03595
M744_RS12670	2230.7524	SYNPCC7942_RS03590
M744_RS12675	127.1885	SYNPCC7942_RS03585
M744_RS12685	16649.4283	SYNPCC7942_RS03575
M744_RS12690	820.4231	SYNPCC7942_RS03570
M744_RS12695	135.0480	SYNPCC7942_RS03565
M744_RS12700	737.5036	SYNPCC7942_RS03560
M744_RS12705	3.1217	SYNPCC7942_RS03555
M744_RS12710	9.2529	SYNPCC7942_RS03550
M744_RS12715	1.3674	SYNPCC7942_RS13620
M744_RS12720	36.1225	SYNPCC7942_RS03540
M744_RS12725	8.5568	SYNPCC7942_RS03535
M744_RS12730	4.6483	SYNPCC7942_RS03530
M744_RS12735	229.6925	SYNPCC7942_RS03525
M744_RS12740	346.7917	SYNPCC7942_RS03520
M744_RS12745	256.7459	SYNPCC7942_RS03515
M744_RS12750	530.3002	SYNPCC7942_RS03510
M744_RS12755	28.3670	SYNPCC7942_RS03505
M744_RS12760	20.7224	SYNPCC7942_RS03500
M744_RS12765	85.6285	SYNPCC7942_RS03495
M744_RS12770	31.7910	SYNPCC7942_RS03490
M744_RS12775	293.7355	SYNPCC7942_RS03485
M744_RS12780	833.3888	SYNPCC7942_RS03480
M744_RS12790	73.4202	SYNPCC7942_RS03470
M744_RS12800	269.3140	SYNPCC7942_RS03465
M744_RS12805	53.4888	SYNPCC7942_RS03460
M744_RS12810	169.9738	SYNPCC7942_RS03455
M744_RS12815	1631.9349	SYNPCC7942_RS03450
M744_RS12820	19.8806	SYNPCC7942_RS03445
M744_RS12825	28.0507	SYNPCC7942_RS03440
M744_RS12830	8.1162	SYNPCC7942_RS03435
M744_RS12835	24.6768	SYNPCC7942_RS03430
M744_RS12840	11.7438	SYNPCC7942_RS03425
M744_RS12850	249.0678	SYNPCC7942_RS03415
M744_RS12855	11.2028	SYNPCC7942_RS03410
M744_RS12860	23.3959	SYNPCC7942_RS03405
M744_RS12865	17.2643	SYNPCC7942_RS03400
M744_RS12870	24.2080	SYNPCC7942_RS03395
M744_RS12875	211.3537	SYNPCC7942_RS03390
M744_RS12880	36.7106	SYNPCC7942_RS03385
M744_RS12885	33.3913	SYNPCC7942_RS03380
M744_RS12890	35.5308	SYNPCC7942_RS03375
M744_RS12895	152.0090	SYNPCC7942_RS03370
M744_RS12900	972.0702	SYNPCC7942_RS03365
M744_RS12905	12697.8448	SYNPCC7942_RS03360
M744_RS12920	258.9355	SYNPCC7942_RS03345
M744_RS12925	65.7203	SYNPCC7942_RS03340
M744_RS12930	41.0086	SYNPCC7942_RS03335
M744_RS12935	8.7042	SYNPCC7942_RS03330
M744_RS12940	908.3037	SYNPCC7942_RS03325
M744_RS12945	26.4299	SYNPCC7942_RS13685
M744_RS12950	55.1640	SYNPCC7942_RS03320
M744_RS12955	44.0496	SYNPCC7942_RS03315
M744_RS12960	2234.6880	SYNPCC7942_RS03310
M744_RS12965	392.2690	SYNPCC7942_RS03305
M744_RS12970	24.7314	SYNPCC7942_RS03300
M744_RS12975	108.5515	SYNPCC7942_RS03295
M744_RS12980	51.6195	SYNPCC7942_RS03290
M744_RS12985	108.7631	SYNPCC7942_RS03285
M744_RS12990	255.5258	SYNPCC7942_RS03280
M744_RS12995	127.4938	SYNPCC7942_RS03275
M744_RS13000	283.1846	SYNPCC7942_RS03270
M744_RS13005	1049.5440	SYNPCC7942_RS03265
M744_RS13010	2572.2024	SYNPCC7942_RS03260
M744_RS13015	1234.8363	SYNPCC7942_RS03255
M744_RS13020	3849.3098	SYNPCC7942_RS03250
M744_RS13025	4142.2549	SYNPCC7942_RS03245
M744_RS13030	1995.4208	SYNPCC7942_RS03240
M744_RS13035	118.0518	SYNPCC7942_RS03235
M744_RS13040	4.1207	SYNPCC7942_RS03230
M744_RS13045	48.7890	SYNPCC7942_RS03225
M744_RS13050	5.4129	SYNPCC7942_RS03220
M744_RS13060	269.3420	SYNPCC7942_RS03210
M744_RS13065	169.7129	SYNPCC7942_RS03205
M744_RS13070	71.7685	SYNPCC7942_RS03200
M744_RS13075	145.1645	SYNPCC7942_RS03195
M744_RS13080	289.7632	SYNPCC7942_RS03190
M744_RS13085	158.7720	SYNPCC7942_RS03185
M744_RS13090	178.5398	SYNPCC7942_RS03180
M744_RS13095	113.7999	SYNPCC7942_RS03175
M744_RS13100	473.0510	SYNPCC7942_RS03170
M744_RS13105	12.8297	SYNPCC7942_RS03165
M744_RS13110	11.7731	SYNPCC7942_RS03160
M744_RS13115	14.7961	SYNPCC7942_RS03155
M744_RS13120	134.5125	SYNPCC7942_RS03150
M744_RS13125	15.9428	SYNPCC7942_RS03145
M744_RS13130	64.9260	SYNPCC7942_RS03140
M744_RS13140	52.4090	SYNPCC7942_RS03130
M744_RS13145	131.8876	SYNPCC7942_RS03125
M744_RS13150	79.8886	SYNPCC7942_RS03120
M744_RS13160	8.5824	SYNPCC7942_RS03110
M744_RS13165	14.8376	SYNPCC7942_RS03105
M744_RS13170	322.1820	SYNPCC7942_RS03100
M744_RS13175	780.4671	SYNPCC7942_RS03095
M744_RS13180	76.8556	SYNPCC7942_RS03090
M744_RS13185	85.8029	SYNPCC7942_RS03080
M744_RS13190	61.4063	SYNPCC7942_RS03075
M744_RS13200	231.7505	SYNPCC7942_RS03065
M744_RS13205	19.2878	SYNPCC7942_RS03060
M744_RS13210	11.5208	SYNPCC7942_RS03055
M744_RS13215	165.6449	SYNPCC7942_RS03050
M744_RS13220	75.8996	SYNPCC7942_RS03045
M744_RS13230	59.0669	SYNPCC7942_RS03035
M744_RS13235	10.7245	SYNPCC7942_RS03030
M744_RS13240	24.6489	SYNPCC7942_RS03025
M744_RS13245	56.5804	SYNPCC7942_RS03020
M744_RS13250	65.9759	SYNPCC7942_RS03015
M744_RS13255	130.5330	SYNPCC7942_RS03010
M744_RS13290	15.3612	SYNPCC7942_RS13490
M744_RS13295	57.5343	SYNPCC7942_RS13485
M744_RS13300	70.2330	SYNPCC7942_RS13480
M744_RS13315	14.7561	SYNPCC7942_RS13465
M744_RS13320	7.7843	SYNPCC7942_RS13455
M744_RS13325	3.6299	SYNPCC7942_RS13450
M744_RS13330	1.2329	SYNPCC7942_RS13445
M744_RS13335	2.2781	SYNPCC7942_RS13440
M744_RS13340	0.8013	SYNPCC7942_RS13435
M744_RS13345	2.4069	SYNPCC7942_RS13430
M744_RS13350	3.0935	SYNPCC7942_RS13425
M744_RS13355	3.4692	SYNPCC7942_RS13420
M744_RS13360	1.4920	SYNPCC7942_RS13415
M744_RS13365	2.2394	SYNPCC7942_RS13410
M744_RS13370	2.3861	SYNPCC7942_RS13405
M744_RS13375	2.2338	SYNPCC7942_RS13400
M744_RS13380	2.4517	SYNPCC7942_RS13395
M744_RS13385	2.9498	SYNPCC7942_RS13390
M744_RS13395	8.7972	SYNPCC7942_RS13380
M744_RS13400	6.2977	SYNPCC7942_RS13375
M744_RS13405	6.1512	SYNPCC7942_RS13370
M744_RS13410	7.0893	SYNPCC7942_RS13365
M744_RS13415	0.6471	SYNPCC7942_RS13360
M744_RS13420	5.0495	SYNPCC7942_RS13355
M744_RS13425	11.0016	SYNPCC7942_RS13350
M744_RS13430	5.7690	SYNPCC7942_RS13345
M744_RS13440	28.4698	SYNPCC7942_RS13335
M744_RS13445	10.5275	SYNPCC7942_RS13330
M744_RS13450	12.8711	SYNPCC7942_RS13595
M744_RS13455	13.1448	SYNPCC7942_RS13590
M744_RS13470	5.4907	SYNPCC7942_RS13575
M744_RS13475	25.7523	SYNPCC7942_RS13570
M744_RS13480	132.2082	SYNPCC7942_RS13565
M744_RS13485	1669.2115	SYNPCC7942_RS13560
M744_RS13490	7912.0962	SYNPCC7942_RS13555
M744_RS13495	6.6603	SYNPCC7942_RS13550
M744_RS13500	3.3905	SYNPCC7942_RS13545
M744_RS13505	4.8024	SYNPCC7942_RS13540
M744_RS13510	2.0373	SYNPCC7942_RS13535
M744_RS13520	2.5377	SYNPCC7942_RS13525
M744_RS13525	1.2649	SYNPCC7942_RS13520
M744_RS13540	299.5405	SYNPCC7942_RS13505
M744_RS13545	6.1595	SYNPCC7942_RS13500
M744_RS13550	9.3495	SYNPCC7942_RS13495
M744_RS13590	7.1673	SYNPCC7942_RS13610
M744_RS13595	2.8258	SYNPCC7942_RS13630
M744_RS13600	5.2797	SYNPCC7942_RS13625
M744_RS13605	123.4555	SYNPCC7942_RS13615
M744_RS13615	7.4343	SYNPCC7942_RS13640
M744_RS13625	439.1133	SYNPCC7942_RS13675
M744_RS13630	12.8234	SYNPCC7942_RS13670
M744_RS13635	16.3284	SYNPCC7942_RS13665
M744_RS13640	18.4869	SYNPCC7942_RS00595
M744_RS13645	31.9656	SYNPCC7942_RS13660
M744_RS13655	23.2720	SYNPCC7942_RS13645
M744_RS13660	1218.8905	SYNPCC7942_RS13855
M744_RS13675	8.8790	SYNPCC7942_RS13840
M744_RS13690	47.3798	SYNPCC7942_RS13830
M744_RS13705	653.5636	SYNPCC7942_RS13815
M744_RS13710	3.0291	SYNPCC7942_RS10865
M744_RS13720	3.6627	SYNPCC7942_RS13805
M744_RS13725	250.7690	SYNPCC7942_RS13795
M744_RS13735	6.1990	SYNPCC7942_RS13760
M744_RS13745	16.4006	SYNPCC7942_RS13770
M744_RS13760	1.7195	SYNPCC7942_RS13785
M744_RS13770	49.6011	SYNPCC7942_RS13750
M744_RS13775	17.1316	SYNPCC7942_RS06420
M744_RS13780	174.4217	SYNPCC7942_RS13745
M744_RS13790	882.0866	SYNPCC7942_RS13735
M744_RS13795	29.7582	SYNPCC7942_RS13730
M744_RS13805	22.1944	SYNPCC7942_RS04950
M744_RS13810	2.7689	SYNPCC7942_RS13715
M744_RS13815	16.3218	SYNPCC7942_RS13710
M744_RS13820	96.1853	SYNPCC7942_RS13695
M744_RS13825	78.2184	SYNPCC7942_RS13690
M744_RS13830	94.9722	SYNPCC7942_RS13680
M744_RS13840	0.9124	SYNPCC7942_RS13860
M744_RS13845	1.6579	SYNPCC7942_RS13880
M744_RS13850	16.3308	SYNPCC7942_RS13870
M744_RS13860	1.4477	SYNPCC7942_RS13515
M744_RS13870	15.6968	SYNPCC7942_RS13930
M744_RS13875	104.1584	SYNPCC7942_RS13925
M744_RS13880	10.8075	SYNPCC7942_RS13920
M744_RS13885	10.0382	SYNPCC7942_RS13915
M744_RS13890	33.5008	SYNPCC7942_RS13910
M744_RS13895	1139.1867	SYNPCC7942_RS13905
M744_RS13900	280.9226	SYNPCC7942_RS14105
M744_RS13905	413.1789	SYNPCC7942_RS14100
M744_RS13910	13.3587	SYNPCC7942_RS14095
M744_RS13915	20.5997	SYNPCC7942_RS11480
M744_RS13925	9.8087	SYNPCC7942_RS14085
M744_RS13930	6.0739	SYNPCC7942_RS10985
M744_RS13935	1.0854	SYNPCC7942_RS14080
M744_RS13945	0.8547	SYNPCC7942_RS14070
M744_RS13950	13.7821	SYNPCC7942_RS14065
M744_RS13955	2.5545	SYNPCC7942_RS14060
M744_RS13960	12.6903	SYNPCC7942_RS14055
M744_RS13965	7.3592	SYNPCC7942_RS14050
M744_RS13970	14.4486	SYNPCC7942_RS14045
M744_RS13975	2.1862	SYNPCC7942_RS14015
M744_RS13980	28.0767	SYNPCC7942_RS14020
M744_RS13985	75.5190	SYNPCC7942_RS14025
M744_RS13990	5.6384	SYNPCC7942_RS14030
M744_RS13995	9.1290	SYNPCC7942_RS14035
M744_RS14005	0.6675	SYNPCC7942_RS14005
M744_RS14010	20.8333	SYNPCC7942_RS14000
M744_RS14015	3.5047	SYNPCC7942_RS13995
M744_RS14020	5.7092	SYNPCC7942_RS13990
M744_RS14025	6.4725	SYNPCC7942_RS13985
M744_RS14030	92.3965	SYNPCC7942_RS13980
M744_RS14035	28229.6568	SYNPCC7942_RS13970
M744_RS14040	10.3802	SYNPCC7942_RS13965
M744_RS14045	321.5301	SYNPCC7942_RS13960
M744_RS14050	0.7764	SYNPCC7942_RS13940
M744_RS14055	1.2766	SYNPCC7942_RS13935
M744_RS14060	79.0133	SYNPCC7942_RS03735
M744_RS14065	0.3713	SYNPCC7942_RS13460
M744_RS14070	37.0366	SYNPCC7942_RS14125
M744_RS14080	11.5998	SYNPCC7942_RS14115
M744_RS14085	19.9887	SYNPCC7942_RS14145
M744_RS14090	49.5543	SYNPCC7942_RS14140
M744_RS14095	426.8345	SYNPCC7942_RS14135
M744_RS14100	5.5063	SYNPCC7942_RS14130
M744_RS14105	12.6034	SYNPCC7942_RS14200
M744_RS14110	24.4461	SYNPCC7942_RS14195
M744_RS14120	5.4451	SYNPCC7942_RS14190
M744_RS14125	28.3369	SYNPCC7942_RS14185
M744_RS14130	5.2021	SYNPCC7942_RS14180
M744_RS14135	2.2647	SYNPCC7942_RS14170
M744_RS14140	4.6823	SYNPCC7942_RS14175
M744_RS14150	478.6189	SYNPCC7942_RS14160
M744_RS14155	209.0851	SYNPCC7942_RS14155
M744_RS14160	4.4852	SYNPCC7942_RS14150
M744_RS14195	0.0446	SYNPCC7942_RS14295
M744_RS14210	3582.4015	SYNPCC7942_RS00240
