locus_tag	abundance	source_gene_id
M744_RS00005	15.2114	SYNPCC7942_RS02980
M744_RS00010	2253.0495	SYNPCC7942_RS02975
M744_RS00020	109.1219	SYNPCC7942_RS02965
M744_RS00025	12.2239	SYNPCC7942_RS02960
M744_RS00030	9.8934	SYNPCC7942_RS02955
M744_RS00035	0.8263	SYNPCC7942_RS02950
M744_RS00040	146.7905	SYNPCC7942_RS02945
M744_RS00045	166.1891	SYNPCC7942_RS02940
M744_RS00050	12.2414	SYNPCC7942_RS02935
M744_RS00055	9.2646	SYNPCC7942_RS02930
M744_RS00060	183.6165	SYNPCC7942_RS02925
M744_RS00065	24.6642	SYNPCC7942_RS02920
M744_RS00075	0.1681	SYNPCC7942_RS02910
M744_RS00080	77.5092	SYNPCC7942_RS02905
M744_RS00085	47.4284	SYNPCC7942_RS02900
M744_RS00090	85.5806	SYNPCC7942_RS02895
M744_RS00095	27.8171	SYNPCC7942_RS02890
M744_RS00100	27.9864	SYNPCC7942_RS02885
M744_RS00105	0.0220	SYNPCC7942_RS02880
M744_RS00110	60.6869	SYNPCC7942_RS02875
M744_RS00115	22.5984	SYNPCC7942_RS02870
M744_RS00120	32.3760	SYNPCC7942_RS02865
M744_RS00125	19.0775	SYNPCC7942_RS02860
M744_RS00130	77.7193	SYNPCC7942_RS02855
M744_RS00135	19.1305	SYNPCC7942_RS02850
M744_RS00140	48.1131	SYNPCC7942_RS02845
M744_RS00145	37.6912	SYNPCC7942_RS02840
M744_RS00150	38.3020	SYNPCC7942_RS02835
M744_RS00155	0.0000	SYNPCC7942_RS02830
M744_RS00160	262.4488	SYNPCC7942_RS02825
M744_RS00165	131.4055	SYNPCC7942_RS02820
M744_RS00170	0.0000	SYNPCC7942_RS02815
M744_RS00175	283.6913	SYNPCC7942_RS02810
M744_RS00180	13867.9247	SYNPCC7942_RS02805
M744_RS00185	7.1939	SYNPCC7942_RS02800
M744_RS00190	160.8407	SYNPCC7942_RS02795
M744_RS00195	65.8203	SYNPCC7942_RS02790
M744_RS00200	3.1381	SYNPCC7942_RS02785
M744_RS00205	157.1770	SYNPCC7942_RS02780
M744_RS00210	2.0973	SYNPCC7942_RS02775
M744_RS00215	37.9650	SYNPCC7942_RS02770
M744_RS00220	1.0280	SYNPCC7942_RS02765
M744_RS00225	32.9833	SYNPCC7942_RS02760
M744_RS00230	19.8030	SYNPCC7942_RS02755
M744_RS00235	76.5173	SYNPCC7942_RS02750
M744_RS00240	36.4804	SYNPCC7942_RS02745
M744_RS00245	8.6168	SYNPCC7942_RS02740
M744_RS00250	1321.6128	SYNPCC7942_RS02735
M744_RS00255	293.1302	SYNPCC7942_RS02730
M744_RS00260	130.9805	SYNPCC7942_RS02725
M744_RS00265	1790.8162	SYNPCC7942_RS02720
M744_RS00270	82.3326	SYNPCC7942_RS02715
M744_RS00275	0.0132	SYNPCC7942_RS02710
M744_RS00280	25.1661	SYNPCC7942_RS02705
M744_RS00285	112.6629	SYNPCC7942_RS02700
M744_RS00290	8.8358	SYNPCC7942_RS02695
M744_RS00295	0.1020	SYNPCC7942_RS02690
M744_RS00300	284.0303	SYNPCC7942_RS02685
M744_RS00305	99.7815	SYNPCC7942_RS02680
M744_RS00310	5.6514	SYNPCC7942_RS02675
M744_RS00315	24.5798	SYNPCC7942_RS02670
M744_RS00320	10.8032	SYNPCC7942_RS02665
M744_RS00325	45.6171	SYNPCC7942_RS02660
M744_RS00330	37.0993	SYNPCC7942_RS02655
M744_RS00335	5.3193	SYNPCC7942_RS02645
M744_RS00340	10.1407	SYNPCC7942_RS02640
M744_RS00345	6.0430	SYNPCC7942_RS02635
M744_RS00350	25.2418	SYNPCC7942_RS02630
M744_RS00355	45.9733	SYNPCC7942_RS02625
M744_RS00360	450.4770	SYNPCC7942_RS02620
M744_RS00365	376.7639	SYNPCC7942_RS02615
M744_RS00370	282.4202	SYNPCC7942_RS02610
M744_RS00375	21.8967	SYNPCC7942_RS02605
M744_RS00380	59.3826	SYNPCC7942_RS02600
M744_RS00385	184.4381	SYNPCC7942_RS02595
M744_RS00390	12.0121	SYNPCC7942_RS02590
M744_RS00395	12.0270	SYNPCC7942_RS02585
M744_RS00400	23.3181	SYNPCC7942_RS02580
M744_RS00405	0.6966	SYNPCC7942_RS02575
M744_RS00410	70.2810	SYNPCC7942_RS02570
M744_RS00415	451.3140	SYNPCC7942_RS02565
M744_RS00420	9.4899	SYNPCC7942_RS02560
M744_RS00425	153.1629	SYNPCC7942_RS02555
M744_RS00430	5.3460	SYNPCC7942_RS02550
M744_RS00435	80.0327	SYNPCC7942_RS02545
M744_RS00440	11.8369	SYNPCC7942_RS02540
M744_RS00445	31.5686	SYNPCC7942_RS02535
M744_RS00450	92.4011	SYNPCC7942_RS02530
M744_RS00455	41.8162	SYNPCC7942_RS02525
M744_RS00460	55.0385	SYNPCC7942_RS02520
M744_RS00465	327.5891	SYNPCC7942_RS02515
M744_RS00470	39.8683	SYNPCC7942_RS02510
M744_RS00475	41.1273	SYNPCC7942_RS02505
M744_RS00485	286.8526	SYNPCC7942_RS02495
M744_RS00490	100.5246	SYNPCC7942_RS02490
M744_RS00495	96.6647	SYNPCC7942_RS02485
M744_RS00500	0.0000	SYNPCC7942_RS02480
M744_RS00505	72.7023	SYNPCC7942_RS02475
M744_RS00510	25.8263	SYNPCC7942_RS02470
M744_RS00515	48.1973	SYNPCC7942_RS02465
M744_RS00520	24.6036	SYNPCC7942_RS02460
M744_RS00525	141.9535	SYNPCC7942_RS02455
M744_RS00530	75.8554	SYNPCC7942_RS02450
M744_RS00535	227.5501	SYNPCC7942_RS02445
M744_RS00540	5.0965	SYNPCC7942_RS02440
M744_RS00545	108.1501	SYNPCC7942_RS02435
M744_RS00550	76.8688	SYNPCC7942_RS02430
M744_RS00555	4.0970	SYNPCC7942_RS02425
M744_RS00560	77.4512	SYNPCC7942_RS02420
M744_RS00565	435.2061	SYNPCC7942_RS02415
M744_RS00570	7.1429	SYNPCC7942_RS02410
M744_RS00575	22.7087	SYNPCC7942_RS02405
M744_RS00590	238.1562	SYNPCC7942_RS02390
M744_RS00595	15.0417	SYNPCC7942_RS02385
M744_RS00600	16.9763	SYNPCC7942_RS02380
M744_RS00605	322.3536	SYNPCC7942_RS02375
M744_RS00610	72.2969	SYNPCC7942_RS02370
M744_RS00615	50.9824	SYNPCC7942_RS02365
M744_RS00620	2.2756	SYNPCC7942_RS02360
M744_RS00625	43.3915	SYNPCC7942_RS02355
M744_RS00630	5.5456	SYNPCC7942_RS02350
M744_RS00635	4.2869	SYNPCC7942_RS02345
M744_RS00640	68.4876	SYNPCC7942_RS02340
M744_RS00645	15.4759	SYNPCC7942_RS02335
M744_RS00650	17.5796	SYNPCC7942_RS02330
M744_RS00655	9.8910	SYNPCC7942_RS02325
M744_RS00660	0.0000	SYNPCC7942_RS02320
M744_RS00665	75.3751	SYNPCC7942_RS02315
M744_RS00675	208.8824	SYNPCC7942_RS02305
M744_RS00680	205.2372	SYNPCC7942_RS02300
M744_RS00685	67.9724	SYNPCC7942_RS02295
M744_RS00690	145.7763	SYNPCC7942_RS02290
M744_RS00695	308.5408	SYNPCC7942_RS02285
M744_RS00700	330.9999	SYNPCC7942_RS02280
M744_RS00705	23.8442	SYNPCC7942_RS02275
M744_RS00710	1760.7574	SYNPCC7942_RS02270
M744_RS00715	2013.0104	SYNPCC7942_RS02265
M744_RS00720	5300.7642	SYNPCC7942_RS02260
M744_RS00725	9.6009	SYNPCC7942_RS02255
M744_RS00735	9.3050	SYNPCC7942_RS02245
M744_RS00740	29.7315	SYNPCC7942_RS02240
M744_RS00750	0.6671	SYNPCC7942_RS02230
M744_RS00755	10.8543	SYNPCC7942_RS02225
M744_RS00760	60.2771	SYNPCC7942_RS02220
M744_RS00770	35.5499	SYNPCC7942_RS02210
M744_RS00775	0.0633	SYNPCC7942_RS02205
M744_RS00780	143.9045	SYNPCC7942_RS02200
M744_RS00785	1721.7369	SYNPCC7942_RS02195
M744_RS00790	127.9209	SYNPCC7942_RS02190
M744_RS00795	43.6370	SYNPCC7942_RS02185
M744_RS00800	19.1373	SYNPCC7942_RS02180
M744_RS00805	15.6161	SYNPCC7942_RS02175
M744_RS00810	174.0252	SYNPCC7942_RS02170
M744_RS00815	30805.6634	SYNPCC7942_RS02165
M744_RS00820	127.5580	SYNPCC7942_RS02160
M744_RS00825	213.2249	SYNPCC7942_RS02155
M744_RS00830	35.0532	SYNPCC7942_RS02150
M744_RS00835	65.9555	SYNPCC7942_RS02145
M744_RS00840	168.4414	SYNPCC7942_RS02140
M744_RS00845	10422.5396	SYNPCC7942_RS02135
M744_RS00850	4787.7692	SYNPCC7942_RS02130
M744_RS00855	1136.8503	SYNPCC7942_RS02125
M744_RS00860	0.0000	SYNPCC7942_RS02120
M744_RS00865	2209.8668	SYNPCC7942_RS02115
M744_RS00875	28.1999	SYNPCC7942_RS02105
M744_RS00880	12.8198	SYNPCC7942_RS02100
M744_RS00885	32.0905	SYNPCC7942_RS02095
M744_RS00890	10.8964	SYNPCC7942_RS02090
M744_RS00895	8.0339	SYNPCC7942_RS02085
M744_RS00900	9.2936	SYNPCC7942_RS02080
M744_RS00905	68.7589	SYNPCC7942_RS02075
M744_RS00910	139.7571	SYNPCC7942_RS02070
M744_RS00915	14.9909	SYNPCC7942_RS02065
M744_RS00920	53.9043	SYNPCC7942_RS02060
M744_RS00925	15.8832	SYNPCC7942_RS02055
M744_RS00930	14.8014	SYNPCC7942_RS02050
M744_RS00935	37.2014	SYNPCC7942_RS02045
M744_RS00940	49.4911	SYNPCC7942_RS02040
M744_RS00945	24.2961	SYNPCC7942_RS02035
M744_RS00950	129.1020	SYNPCC7942_RS02030
M744_RS00955	16.7352	SYNPCC7942_RS02025
M744_RS00960	61.7182	SYNPCC7942_RS02020
M744_RS00965	251.4393	SYNPCC7942_RS02015
M744_RS00970	4.0948	SYNPCC7942_RS02010
M744_RS00975	39.3704	SYNPCC7942_RS02005
M744_RS00980	10.4993	SYNPCC7942_RS02000
M744_RS00985	339.8796	SYNPCC7942_RS01995
M744_RS00990	36.6888	SYNPCC7942_RS01990
M744_RS00995	5.7076	SYNPCC7942_RS01985
M744_RS01000	3.5793	SYNPCC7942_RS01980
M744_RS01005	30.2714	SYNPCC7942_RS01975
M744_RS01010	82.1870	SYNPCC7942_RS01970
M744_RS01015	829.2578	SYNPCC7942_RS01965
M744_RS01020	18.8240	SYNPCC7942_RS01960
M744_RS01025	92.6682	SYNPCC7942_RS01955
M744_RS01030	77.3423	SYNPCC7942_RS01950
M744_RS01035	856.3576	SYNPCC7942_RS01945
M744_RS01040	30.4530	SYNPCC7942_RS01940
M744_RS01045	158.3834	SYNPCC7942_RS01935
M744_RS01050	27.8735	SYNPCC7942_RS01930
M744_RS01055	40.2284	SYNPCC7942_RS01925
M744_RS01060	169.4994	SYNPCC7942_RS01920
M744_RS01065	0.0977	SYNPCC7942_RS01915
M744_RS01070	44.3719	SYNPCC7942_RS01910
M744_RS01075	89.7033	SYNPCC7942_RS01905
M744_RS01080	49.3506	SYNPCC7942_RS01900
M744_RS01090	80.0107	SYNPCC7942_RS01890
M744_RS01095	106.9030	SYNPCC7942_RS01885
M744_RS01100	500.1470	SYNPCC7942_RS01880
M744_RS01105	23.8806	SYNPCC7942_RS01875
M744_RS01110	25.7704	SYNPCC7942_RS01870
M744_RS01115	85.7416	SYNPCC7942_RS01865
M744_RS01120	78.7482	SYNPCC7942_RS01860
M744_RS01125	27.9325	SYNPCC7942_RS01855
M744_RS01130	7.7786	SYNPCC7942_RS01850
M744_RS01135	32.6559	SYNPCC7942_RS01845
M744_RS01140	215.9837	SYNPCC7942_RS01840
M744_RS01145	0.0000	SYNPCC7942_RS01835
M744_RS01150	204.8646	SYNPCC7942_RS01830
M744_RS01155	3.3372	SYNPCC7942_RS01825
M744_RS01160	45.9073	SYNPCC7942_RS01820
M744_RS01170	50.6383	SYNPCC7942_RS01810
M744_RS01175	3.9250	SYNPCC7942_RS01805
M744_RS01180	156.3082	SYNPCC7942_RS01800
M744_RS01185	42.4127	SYNPCC7942_RS01795
M744_RS01190	0.0000	SYNPCC7942_RS01790
M744_RS01195	149.0208	SYNPCC7942_RS01785
M744_RS01200	10.9962	SYNPCC7942_RS01780
M744_RS01205	162.4178	SYNPCC7942_RS01775
M744_RS01210	102.1461	SYNPCC7942_RS01770
M744_RS01215	21.7766	SYNPCC7942_RS01765
M744_RS01220	6.5646	SYNPCC7942_RS01760
M744_RS01225	107.4694	SYNPCC7942_RS01755
M744_RS01230	119.0213	SYNPCC7942_RS01750
M744_RS01235	14.2035	SYNPCC7942_RS01745
M744_RS01240	5.3603	SYNPCC7942_RS01740
M744_RS01245	50.3179	SYNPCC7942_RS01735
M744_RS01250	40.5893	SYNPCC7942_RS01730
M744_RS01255	17.7089	SYNPCC7942_RS01725
M744_RS01260	27.3480	SYNPCC7942_RS01720
M744_RS01265	339.6465	SYNPCC7942_RS01715
M744_RS01275	133.8240	SYNPCC7942_RS01705
M744_RS01280	302.4791	SYNPCC7942_RS01700
M744_RS01285	207.9143	SYNPCC7942_RS01695
M744_RS01290	369.4519	SYNPCC7942_RS01690
M744_RS01295	1823.5163	SYNPCC7942_RS01685
M744_RS01300	1240.6878	SYNPCC7942_RS01680
M744_RS01305	43.3620	SYNPCC7942_RS01675
M744_RS01310	2143.9717	SYNPCC7942_RS01670
M744_RS01315	4203.8078	SYNPCC7942_RS01665
M744_RS01320	1848.9613	SYNPCC7942_RS01660
M744_RS01325	336.4421	SYNPCC7942_RS01655
M744_RS01330	293.7224	SYNPCC7942_RS01650
M744_RS01335	2.8927	SYNPCC7942_RS01645
M744_RS01340	309.2591	SYNPCC7942_RS01640
M744_RS01345	1484.0121	SYNPCC7942_RS01635
M744_RS01350	23.8474	SYNPCC7942_RS01630
M744_RS01355	69.2837	SYNPCC7942_RS01625
M744_RS01360	204.7156	SYNPCC7942_RS01620
M744_RS01365	43.8988	SYNPCC7942_RS01615
M744_RS01370	500.1159	SYNPCC7942_RS01610
M744_RS01375	1403.4106	SYNPCC7942_RS01605
M744_RS01380	6.4205	SYNPCC7942_RS01600
M744_RS01385	49.3143	SYNPCC7942_RS01595
M744_RS01390	110.8692	SYNPCC7942_RS01590
M744_RS01395	0.0220	SYNPCC7942_RS01585
M744_RS01400	58.6898	SYNPCC7942_RS01580
M744_RS01405	428.0326	SYNPCC7942_RS01575
M744_RS01410	290.6396	SYNPCC7942_RS01570
M744_RS01415	157.8199	SYNPCC7942_RS01565
M744_RS01420	46.1149	SYNPCC7942_RS01560
M744_RS01425	305.5174	SYNPCC7942_RS01555
M744_RS01430	202.3339	SYNPCC7942_RS01550
M744_RS01435	8.0764	SYNPCC7942_RS01545
M744_RS01440	45.6357	SYNPCC7942_RS01540
M744_RS01445	166.6803	SYNPCC7942_RS01535
M744_RS01450	99.7273	SYNPCC7942_RS01530
M744_RS01455	0.0132	SYNPCC7942_RS01525
M744_RS01460	24.4665	SYNPCC7942_RS01520
M744_RS01465	1967.2708	SYNPCC7942_RS01515
M744_RS01470	165.1574	SYNPCC7942_RS01510
M744_RS01475	186.1913	SYNPCC7942_RS01505
M744_RS01480	925.0495	SYNPCC7942_RS01500
M744_RS01485	0.0000	SYNPCC7942_RS01495
M744_RS01490	112.4792	SYNPCC7942_RS01490
M744_RS01495	96.1533	SYNPCC7942_RS01485
M744_RS01505	36.7410	SYNPCC7942_RS01475
M744_RS01510	777.4306	SYNPCC7942_RS01470
M744_RS01515	15.4141	SYNPCC7942_RS01465
M744_RS01525	2.9864	SYNPCC7942_RS01455
M744_RS01530	52.3447	SYNPCC7942_RS01450
M744_RS01535	67.9319	SYNPCC7942_RS01445
M744_RS01540	6.6723	SYNPCC7942_RS01440
M744_RS01545	163.3717	SYNPCC7942_RS01435
M744_RS01550	77.5797	SYNPCC7942_RS01430
M744_RS01555	21.5381	SYNPCC7942_RS01425
M744_RS01560	17.3155	SYNPCC7942_RS01420
M744_RS01565	125.4447	SYNPCC7942_RS01415
M744_RS01570	16.8039	SYNPCC7942_RS01410
M744_RS01575	175.5961	SYNPCC7942_RS01405
M744_RS01580	0.0132	SYNPCC7942_RS01400
M744_RS01585	30.0285	SYNPCC7942_RS01395
M744_RS01590	0.5532	SYNPCC7942_RS01390
M744_RS01595	1.7318	SYNPCC7942_RS01385
M744_RS01600	9.5390	SYNPCC7942_RS01380
M744_RS01605	38.2150	SYNPCC7942_RS01375
M744_RS01610	21.5718	SYNPCC7942_RS01370
M744_RS01615	0.0132	SYNPCC7942_RS01365
M744_RS01620	1246.9857	SYNPCC7942_RS01360
M744_RS01625	0.0177	SYNPCC7942_RS01355
M744_RS01630	29.6339	SYNPCC7942_RS01350
M744_RS01635	0.0220	SYNPCC7942_RS01345
M744_RS01640	95.8559	SYNPCC7942_RS01340
M744_RS01645	285.8982	SYNPCC7942_RS01335
M744_RS01650	20.7571	SYNPCC7942_RS01330
M744_RS01655	11218.1937	SYNPCC7942_RS01325
M744_RS01660	25.8811	SYNPCC7942_RS01320
M744_RS01665	5.2506	SYNPCC7942_RS01315
M744_RS01670	0.0990	SYNPCC7942_RS01310
M744_RS01680	80.8684	SYNPCC7942_RS01300
M744_RS01685	1786.7043	SYNPCC7942_RS01295
M744_RS01690	2267.7145	SYNPCC7942_RS01290
M744_RS01695	266.6492	SYNPCC7942_RS01285
M744_RS01700	292.8609	SYNPCC7942_RS01280
M744_RS01705	28.3424	SYNPCC7942_RS01275
M744_RS01710	50.5418	SYNPCC7942_RS01270
M744_RS01715	50.6772	SYNPCC7942_RS01265
M744_RS01720	33.0548	SYNPCC7942_RS01260
M744_RS01725	28.6928	SYNPCC7942_RS01255
M744_RS01730	1047.3536	SYNPCC7942_RS01250
M744_RS01735	1753.8275	SYNPCC7942_RS01245
M744_RS01740	421.3466	SYNPCC7942_RS01240
M744_RS01745	143.9401	SYNPCC7942_RS01235
M744_RS01755	31.0389	SYNPCC7942_RS01225
M744_RS01760	225.0439	SYNPCC7942_RS01220
M744_RS01765	24.5715	SYNPCC7942_RS01215
M744_RS01770	0.0304	SYNPCC7942_RS01210
M744_RS01775	72.0134	SYNPCC7942_RS01205
M744_RS01780	1313.4911	SYNPCC7942_RS01200
M744_RS01785	10.5313	SYNPCC7942_RS01195
M744_RS01790	11.4306	SYNPCC7942_RS01190
M744_RS01795	50.5147	SYNPCC7942_RS01185
M744_RS01800	29.3793	SYNPCC7942_RS01180
M744_RS01805	11.1647	SYNPCC7942_RS01175
M744_RS01810	270.6968	SYNPCC7942_RS01170
M744_RS01815	757.3301	SYNPCC7942_RS01165
M744_RS01820	13.7629	SYNPCC7942_RS01160
M744_RS01825	0.0132	SYNPCC7942_RS01155
M744_RS01830	236.7352	SYNPCC7942_RS01150
M744_RS01835	305.5838	SYNPCC7942_RS01145
M744_RS01840	55.8226	SYNPCC7942_RS01140
M744_RS01845	22.1330	SYNPCC7942_RS01135
M744_RS01850	0.7381	SYNPCC7942_RS01130
M744_RS01855	182.2117	SYNPCC7942_RS01125
M744_RS01860	19.3180	SYNPCC7942_RS01120
M744_RS01865	16.7629	SYNPCC7942_RS01115
M744_RS01870	5.1984	SYNPCC7942_RS01110
M744_RS01880	57.0421	SYNPCC7942_RS01100
M744_RS01885	22.2591	SYNPCC7942_RS01095
M744_RS01890	0.1172	SYNPCC7942_RS01090
M744_RS01895	630.9712	SYNPCC7942_RS01085
M744_RS01900	8.0001	SYNPCC7942_RS01080
M744_RS01905	49.8185	SYNPCC7942_RS01075
M744_RS01910	50.1264	SYNPCC7942_RS01070
M744_RS01915	34.9452	SYNPCC7942_RS01065
M744_RS01920	0.0000	SYNPCC7942_RS01060
M744_RS01925	43.9291	SYNPCC7942_RS01055
M744_RS01935	9.6654	SYNPCC7942_RS01045
M744_RS01940	15.8439	SYNPCC7942_RS01040
M744_RS01950	137.4290	SYNPCC7942_RS01030
M744_RS01955	3.9840	SYNPCC7942_RS01025
M744_RS01960	542.4796	SYNPCC7942_RS01020
M744_RS01965	21.7597	SYNPCC7942_RS01015
M744_RS01970	83.3574	SYNPCC7942_RS01010
M744_RS01975	280.0976	SYNPCC7942_RS01005
M744_RS01980	0.9752	SYNPCC7942_RS01000
M744_RS01985	121.6034	SYNPCC7942_RS00995
M744_RS01990	459.4566	SYNPCC7942_RS00990
M744_RS01995	84.0792	SYNPCC7942_RS00985
M744_RS02005	74.5339	SYNPCC7942_RS00975
M744_RS02010	268.0559	SYNPCC7942_RS00970
M744_RS02015	5.5611	SYNPCC7942_RS00965
M744_RS02020	220.0679	SYNPCC7942_RS00960
M744_RS02025	15.4143	SYNPCC7942_RS00955
M744_RS02030	17.8494	SYNPCC7942_RS00950
M744_RS02035	2.9093	SYNPCC7942_RS00945
M744_RS02040	19.7078	SYNPCC7942_RS00940
M744_RS02045	11.2012	SYNPCC7942_RS00935
M744_RS02050	20.1938	SYNPCC7942_RS00930
M744_RS02055	117.2362	SYNPCC7942_RS00925
M744_RS02060	181.2288	SYNPCC7942_RS00920
M744_RS02065	1389.1708	SYNPCC7942_RS00915
M744_RS02070	10.2567	SYNPCC7942_RS00910
M744_RS02075	6.9607	SYNPCC7942_RS00905
M744_RS02080	125.5576	SYNPCC7942_RS00900
M744_RS02090	0.0132	SYNPCC7942_RS00890
M744_RS02095	11.0521	SYNPCC7942_RS00885
M744_RS02100	0.0000	SYNPCC7942_RS00880
M744_RS02105	2.0849	SYNPCC7942_RS00875
M744_RS02110	20.7362	SYNPCC7942_RS00870
M744_RS02115	36.2742	SYNPCC7942_RS00865
M744_RS02120	217.3182	SYNPCC7942_RS00860
M744_RS02125	193.9856	SYNPCC7942_RS00855
M744_RS02130	1.7609	SYNPCC7942_RS00850
M744_RS02140	15.0547	SYNPCC7942_RS00840
M744_RS02145	149.0763	SYNPCC7942_RS00835
M744_RS02150	93.1990	SYNPCC7942_RS00830
M744_RS02155	542.6721	SYNPCC7942_RS00825
M744_RS02160	204.9656	SYNPCC7942_RS00820
M744_RS02165	38.8602	SYNPCC7942_RS00815
M744_RS02170	21.1658	SYNPCC7942_RS00810
M744_RS02175	2.8851	SYNPCC7942_RS00805
M744_RS02180	264.3206	SYNPCC7942_RS00800
M744_RS02185	1263.7527	SYNPCC7942_RS00795
M744_RS02190	158.4005	SYNPCC7942_RS00790
M744_RS02195	0.0132	SYNPCC7942_RS00785
M744_RS02200	18.2241	SYNPCC7942_RS00780
M744_RS02205	82.1211	SYNPCC7942_RS00775
M744_RS02210	6.0814	SYNPCC7942_RS00770
M744_RS02215	247.9553	SYNPCC7942_RS00765
M744_RS02220	14.7330	SYNPCC7942_RS00760
M744_RS02225	0.2217	SYNPCC7942_RS00755
M744_RS02230	35.0437	SYNPCC7942_RS00750
M744_RS02235	183.5080	SYNPCC7942_RS00745
M744_RS02240	72.6358	SYNPCC7942_RS00740
M744_RS02245	0.2323	SYNPCC7942_RS00735
M744_RS02250	22.8282	SYNPCC7942_RS00730
M744_RS02255	212.9030	SYNPCC7942_RS00725
M744_RS02260	190.7525	SYNPCC7942_RS00720
M744_RS02265	113.9563	SYNPCC7942_RS00715
M744_RS02275	3046.6950	SYNPCC7942_RS00705
M744_RS02280	94.4669	SYNPCC7942_RS00700
M744_RS02285	239.0996	SYNPCC7942_RS00695
M744_RS02290	10.9098	SYNPCC7942_RS00690
M744_RS02295	0.0087	SYNPCC7942_RS00685
M744_RS02300	15.7116	SYNPCC7942_RS00680
M744_RS02305	191.2181	SYNPCC7942_RS00675
M744_RS02310	27.9249	SYNPCC7942_RS00670
M744_RS02315	85.7776	SYNPCC7942_RS00665
M744_RS02320	0.0090	SYNPCC7942_RS00660
M744_RS02325	4.3999	SYNPCC7942_RS00655
M744_RS02330	211.2812	SYNPCC7942_RS00650
M744_RS02335	19.5701	SYNPCC7942_RS00645
M744_RS02345	174.0079	SYNPCC7942_RS00635
M744_RS02350	15.2522	SYNPCC7942_RS00630
M744_RS02360	102.2912	SYNPCC7942_RS00620
M744_RS02370	14.9701	SYNPCC7942_RS00610
M744_RS02375	1.6435	SYNPCC7942_RS00605
M744_RS02380	0.0126	SYNPCC7942_RS00600
M744_RS02385	332.3620	SYNPCC7942_RS00590
M744_RS02390	36.9940	SYNPCC7942_RS00585
M744_RS02395	0.0000	SYNPCC7942_RS13655
M744_RS02400	107.0632	SYNPCC7942_RS00580
M744_RS02405	5.5788	SYNPCC7942_RS00575
M744_RS02410	4.4701	SYNPCC7942_RS00570
M744_RS02415	49.9451	SYNPCC7942_RS00565
M744_RS02420	37.1241	SYNPCC7942_RS00560
M744_RS02425	179.5280	SYNPCC7942_RS00555
M744_RS02430	10.3685	SYNPCC7942_RS00550
M744_RS02435	111.5045	SYNPCC7942_RS00545
M744_RS02440	0.0132	SYNPCC7942_RS00540
M744_RS02445	28.0842	SYNPCC7942_RS00535
M744_RS02450	44.8353	SYNPCC7942_RS00530
M744_RS02455	5.1570	SYNPCC7942_RS00525
M744_RS02460	14.5799	SYNPCC7942_RS00520
M744_RS02465	111.9663	SYNPCC7942_RS00515
M744_RS02470	0.0000	SYNPCC7942_RS00510
M744_RS02475	36.3516	SYNPCC7942_RS00505
M744_RS02480	143.5697	SYNPCC7942_RS00500
M744_RS02485	25.0272	SYNPCC7942_RS00495
M744_RS02490	276.8091	SYNPCC7942_RS00490
M744_RS02505	19.1083	SYNPCC7942_RS00475
M744_RS02510	171.7169	SYNPCC7942_RS00470
M744_RS02515	16.2988	SYNPCC7942_RS00465
M744_RS02520	1.1481	SYNPCC7942_RS00460
M744_RS02525	55.9860	SYNPCC7942_RS00455
M744_RS02530	92.0026	SYNPCC7942_RS00450
M744_RS02540	96.9608	SYNPCC7942_RS00440
M744_RS02545	58.5465	SYNPCC7942_RS00435
M744_RS02550	362.8008	SYNPCC7942_RS00430
M744_RS02555	140.7438	SYNPCC7942_RS00425
M744_RS02560	56.5181	SYNPCC7942_RS00420
M744_RS02565	0.0788	SYNPCC7942_RS00415
M744_RS02570	44.4062	SYNPCC7942_RS00410
M744_RS02575	53.4015	SYNPCC7942_RS00405
M744_RS02580	23.6062	SYNPCC7942_RS00400
M744_RS02585	117.6418	SYNPCC7942_RS00395
M744_RS02590	86.0208	SYNPCC7942_RS00390
M744_RS02595	0.5975	SYNPCC7942_RS00385
M744_RS02600	16.2368	SYNPCC7942_RS00380
M744_RS02605	14.9056	SYNPCC7942_RS00375
M744_RS02610	91.5392	SYNPCC7942_RS00370
M744_RS02615	4.5287	SYNPCC7942_RS00365
M744_RS02620	57.1750	SYNPCC7942_RS00360
M744_RS02625	15.9738	SYNPCC7942_RS00355
M744_RS02630	13.8816	SYNPCC7942_RS00350
M744_RS02635	5.9273	SYNPCC7942_RS00345
M744_RS02640	33.7654	SYNPCC7942_RS00340
M744_RS02645	9.2533	SYNPCC7942_RS00335
M744_RS02650	20.2277	SYNPCC7942_RS00330
M744_RS02655	29.8308	SYNPCC7942_RS00325
M744_RS02660	64.5776	SYNPCC7942_RS00320
M744_RS02665	3.3618	SYNPCC7942_RS00315
M744_RS02670	0.9339	SYNPCC7942_RS00310
M744_RS02675	333.4115	SYNPCC7942_RS00305
M744_RS02685	79.4109	SYNPCC7942_RS00295
M744_RS02690	0.0132	SYNPCC7942_RS00290
M744_RS02695	117.9589	SYNPCC7942_RS00285
M744_RS02700	66.8821	SYNPCC7942_RS00280
M744_RS02710	41.5915	SYNPCC7942_RS00270
M744_RS02715	61.1609	SYNPCC7942_RS00265
M744_RS02720	131.2318	SYNPCC7942_RS00260
M744_RS02725	25.6435	SYNPCC7942_RS00255
M744_RS02730	211.3153	SYNPCC7942_RS00250
M744_RS02745	489.9939	SYNPCC7942_RS00235
M744_RS02750	94.3517	SYNPCC7942_RS00230
M744_RS02755	24.3147	SYNPCC7942_RS00225
M744_RS02760	17.0955	SYNPCC7942_RS00220
M744_RS02765	14.1235	SYNPCC7942_RS00215
M744_RS02770	139.8328	SYNPCC7942_RS00210
M744_RS02775	41.9708	SYNPCC7942_RS00205
M744_RS02780	43.6795	SYNPCC7942_RS00200
M744_RS02785	294.2956	SYNPCC7942_RS00195
M744_RS02790	12.2863	SYNPCC7942_RS00190
M744_RS02795	0.0000	SYNPCC7942_RS00185
M744_RS02800	19.3957	SYNPCC7942_RS00180
M744_RS02805	55.3313	SYNPCC7942_RS00175
M744_RS02810	114.0132	SYNPCC7942_RS00170
M744_RS02815	67.1457	SYNPCC7942_RS00165
M744_RS02820	0.0132	SYNPCC7942_RS00160
M744_RS02825	28.0672	SYNPCC7942_RS00155
M744_RS02830	0.0132	SYNPCC7942_RS00150
M744_RS02835	5.4412	SYNPCC7942_RS00145
M744_RS02845	0.0227	SYNPCC7942_RS00135
M744_RS02850	74.2086	SYNPCC7942_RS00130
M744_RS02855	9.5674	SYNPCC7942_RS00125
M744_RS02860	62.8841	SYNPCC7942_RS00120
M744_RS02865	18.1392	SYNPCC7942_RS00115
M744_RS02870	3.1794	SYNPCC7942_RS00110
M744_RS02875	5.2796	SYNPCC7942_RS00105
M744_RS02880	168.2792	SYNPCC7942_RS00100
M744_RS02885	69.1073	SYNPCC7942_RS00095
M744_RS02890	16.4212	SYNPCC7942_RS00090
M744_RS02895	9.5915	SYNPCC7942_RS00085
M744_RS02900	4.1881	SYNPCC7942_RS00080
M744_RS02905	17.5296	SYNPCC7942_RS00075
M744_RS02910	78.9495	SYNPCC7942_RS00070
M744_RS02915	557.3442	SYNPCC7942_RS00065
M744_RS02920	143.4787	SYNPCC7942_RS00060
M744_RS02925	15.0254	SYNPCC7942_RS00055
M744_RS02930	56.4305	SYNPCC7942_RS00050
M744_RS02935	178.2449	SYNPCC7942_RS00045
M744_RS02940	4.9772	SYNPCC7942_RS00040
M744_RS02945	11.4769	SYNPCC7942_RS00035
M744_RS02950	6.9485	SYNPCC7942_RS00030
M744_RS02955	37.8754	SYNPCC7942_RS00025
M744_RS02960	216.6065	SYNPCC7942_RS00020
M744_RS02965	245.5083	SYNPCC7942_RS00015
M744_RS02970	28.6167	SYNPCC7942_RS00010
M744_RS02975	104.5307	SYNPCC7942_RS00005
M744_RS02980	28.5621	SYNPCC7942_RS13310
M744_RS02985	109.4305	SYNPCC7942_RS13305
M744_RS02990	15.3647	SYNPCC7942_RS13300
M744_RS02995	0.1399	SYNPCC7942_RS13295
M744_RS03000	116.5572	SYNPCC7942_RS13290
M744_RS03005	81.3364	SYNPCC7942_RS13285
M744_RS03010	16.4340	SYNPCC7942_RS13280
M744_RS03015	103.3112	SYNPCC7942_RS13275
M744_RS03020	324.0461	SYNPCC7942_RS13270
M744_RS03025	168.2277	SYNPCC7942_RS13265
M744_RS03030	1138.2499	SYNPCC7942_RS13260
M744_RS03035	867.9216	SYNPCC7942_RS13255
M744_RS03040	123.3149	SYNPCC7942_RS13250
M744_RS03045	4406.9339	SYNPCC7942_RS13245
M744_RS03050	0.0132	SYNPCC7942_RS13240
M744_RS03055	27.8951	SYNPCC7942_RS13235
M744_RS03060	25.6546	SYNPCC7942_RS13230
M744_RS03065	69.4265	SYNPCC7942_RS13225
M744_RS03070	35.1377	SYNPCC7942_RS13220
M744_RS03075	26.8463	SYNPCC7942_RS13215
M744_RS03085	414.2015	SYNPCC7942_RS13205
M744_RS03090	23.3195	SYNPCC7942_RS13200
M744_RS03095	19.3291	SYNPCC7942_RS13195
M744_RS03100	260.8819	SYNPCC7942_RS13190
M744_RS03105	44.0148	SYNPCC7942_RS13185
M744_RS03110	70.0320	SYNPCC7942_RS13180
M744_RS03115	16.9388	SYNPCC7942_RS13175
M744_RS03120	10.0210	SYNPCC7942_RS13170
M744_RS03125	3.4572	SYNPCC7942_RS13165
M744_RS03130	22.8788	SYNPCC7942_RS13160
M744_RS03135	171.9013	SYNPCC7942_RS13155
M744_RS03140	5.7708	SYNPCC7942_RS13150
M744_RS03145	6.0593	SYNPCC7942_RS13145
M744_RS03155	318.3080	SYNPCC7942_RS13135
M744_RS03160	64.7104	SYNPCC7942_RS13130
M744_RS03165	24.6315	SYNPCC7942_RS13125
M744_RS03170	17.7692	SYNPCC7942_RS13120
M744_RS03175	107.5625	SYNPCC7942_RS13115
M744_RS03205	25.2021	SYNPCC7942_RS13085
M744_RS03215	19.2722	SYNPCC7942_RS13075
M744_RS03220	172.2750	SYNPCC7942_RS13070
M744_RS03225	69.6057	SYNPCC7942_RS13065
M744_RS03230	25.1756	SYNPCC7942_RS13060
M744_RS03235	0.3433	SYNPCC7942_RS13055
M744_RS03240	16.5948	SYNPCC7942_RS13050
M744_RS03245	5.7584	SYNPCC7942_RS13045
M744_RS03255	72.7599	SYNPCC7942_RS13035
M744_RS03260	8.9473	SYNPCC7942_RS13030
M744_RS03265	107.1962	SYNPCC7942_RS13025
M744_RS03270	77.6534	SYNPCC7942_RS13020
M744_RS03275	573.9133	SYNPCC7942_RS13015
M744_RS03280	5.4572	SYNPCC7942_RS13010
M744_RS03285	189.1538	SYNPCC7942_RS13005
M744_RS03290	12.3188	SYNPCC7942_RS13000
M744_RS03295	14.5309	SYNPCC7942_RS12995
M744_RS03300	151.7907	SYNPCC7942_RS12990
M744_RS03305	62.0927	SYNPCC7942_RS12985
M744_RS03310	26.5971	SYNPCC7942_RS12980
M744_RS03315	80.4382	SYNPCC7942_RS12975
M744_RS03320	35.3353	SYNPCC7942_RS12970
M744_RS03325	0.0575	SYNPCC7942_RS12965
M744_RS03330	34.4553	SYNPCC7942_RS12960
M744_RS03335	55.0231	SYNPCC7942_RS12955
M744_RS03340	1.0651	SYNPCC7942_RS12950
M744_RS03345	69.8027	SYNPCC7942_RS12945
M744_RS03350	50.9390	SYNPCC7942_RS12940
M744_RS03355	9.2446	SYNPCC7942_RS12935
M744_RS03360	40.6120	SYNPCC7942_RS12930
M744_RS03365	6.5828	SYNPCC7942_RS12925
M744_RS03370	56.8554	SYNPCC7942_RS12920
M744_RS03375	3.2934	SYNPCC7942_RS12915
M744_RS03390	489.6806	SYNPCC7942_RS12900
M744_RS03395	56.4624	SYNPCC7942_RS12895
M744_RS03400	35.2932	SYNPCC7942_RS12890
M744_RS03405	351.2131	SYNPCC7942_RS12885
M744_RS03410	235.0998	SYNPCC7942_RS12880
M744_RS03415	0.9031	SYNPCC7942_RS12875
M744_RS03420	688.6111	SYNPCC7942_RS12870
M744_RS03425	114.2272	SYNPCC7942_RS12865
M744_RS03430	17.3252	SYNPCC7942_RS12860
M744_RS03435	121.8848	SYNPCC7942_RS12855
M744_RS03440	635.3579	SYNPCC7942_RS12850
M744_RS03445	787.6040	SYNPCC7942_RS12845
M744_RS03450	5532.7925	SYNPCC7942_RS12840
M744_RS03455	24.8253	SYNPCC7942_RS12835
M744_RS03460	0.0132	SYNPCC7942_RS12830
M744_RS03465	524.7811	SYNPCC7942_RS12825
M744_RS03470	145.5977	SYNPCC7942_RS12820
M744_RS03475	121.1354	SYNPCC7942_RS12815
M744_RS03485	21.8354	SYNPCC7942_RS12805
M744_RS03490	76.0159	SYNPCC7942_RS12800
M744_RS03495	10.6423	SYNPCC7942_RS12795
M744_RS03500	201.7696	SYNPCC7942_RS12790
M744_RS03505	95.2567	SYNPCC7942_RS12785
M744_RS03510	74.0945	SYNPCC7942_RS12780
M744_RS03515	2.6783	SYNPCC7942_RS12775
M744_RS03525	28.6554	SYNPCC7942_RS12765
M744_RS03530	26.0130	SYNPCC7942_RS12760
M744_RS03535	60.1218	SYNPCC7942_RS12755
M744_RS03545	152.2962	SYNPCC7942_RS12745
M744_RS03550	36.1288	SYNPCC7942_RS12740
M744_RS03555	26.1087	SYNPCC7942_RS12735
M744_RS03560	19.7409	SYNPCC7942_RS12730
M744_RS03565	35.6662	SYNPCC7942_RS12725
M744_RS03575	1021.4376	SYNPCC7942_RS12715
M744_RS03580	0.0000	SYNPCC7942_RS12710
M744_RS03585	36.1945	SYNPCC7942_RS12705
M744_RS03590	882.4748	SYNPCC7942_RS12700
M744_RS03595	1.7094	SYNPCC7942_RS12695
M744_RS03600	327.7552	SYNPCC7942_RS12690
M744_RS03605	250.3203	SYNPCC7942_RS12685
M744_RS03610	0.0708	SYNPCC7942_RS12680
M744_RS03615	1277.9922	SYNPCC7942_RS12675
M744_RS03620	185.3805	SYNPCC7942_RS12670
M744_RS03625	0.0132	SYNPCC7942_RS12665
M744_RS03630	124.7053	SYNPCC7942_RS12660
M744_RS03635	2.7267	SYNPCC7942_RS12655
M744_RS03640	27.9454	SYNPCC7942_RS12650
M744_RS03650	500.4456	SYNPCC7942_RS12640
M744_RS03655	4.9175	SYNPCC7942_RS12635
M744_RS03665	51.5303	SYNPCC7942_RS12625
M744_RS03670	46.8704	SYNPCC7942_RS12620
M744_RS03675	255.6784	SYNPCC7942_RS12615
M744_RS03680	296.6427	SYNPCC7942_RS12610
M744_RS03690	346.2109	SYNPCC7942_RS12600
M744_RS03700	371.2624	SYNPCC7942_RS12590
M744_RS03705	378.5787	SYNPCC7942_RS12585
M744_RS03710	1072.3709	SYNPCC7942_RS12580
M744_RS03715	34.1923	SYNPCC7942_RS12575
M744_RS03725	104.7569	SYNPCC7942_RS12565
M744_RS03730	72.1449	SYNPCC7942_RS12560
M744_RS03735	38.0650	SYNPCC7942_RS12555
M744_RS03740	52.3474	SYNPCC7942_RS12550
M744_RS03745	6514.1908	SYNPCC7942_RS12545
M744_RS03750	17.4218	SYNPCC7942_RS12540
M744_RS03755	13.4327	SYNPCC7942_RS12535
M744_RS03765	231.5162	SYNPCC7942_RS12530
M744_RS03770	45.4422	SYNPCC7942_RS12525
M744_RS03775	127.0257	SYNPCC7942_RS12520
M744_RS03780	2.0614	SYNPCC7942_RS12515
M744_RS03785	102.1728	SYNPCC7942_RS12510
M744_RS03790	68.5792	SYNPCC7942_RS12505
M744_RS03795	16.6221	SYNPCC7942_RS12500
M744_RS03805	184.7961	SYNPCC7942_RS12490
M744_RS03810	20.2097	SYNPCC7942_RS12485
M744_RS03815	39.6399	SYNPCC7942_RS12480
M744_RS03835	254.7367	SYNPCC7942_RS12465
M744_RS03850	506.3083	SYNPCC7942_RS12455
M744_RS03855	1414.9949	SYNPCC7942_RS12450
M744_RS03860	319.1941	SYNPCC7942_RS12445
M744_RS03865	163.5280	SYNPCC7942_RS12440
M744_RS03870	22.8818	SYNPCC7942_RS12435
M744_RS03875	377.6723	SYNPCC7942_RS12430
M744_RS03880	120.1005	SYNPCC7942_RS12425
M744_RS03885	106.6528	SYNPCC7942_RS12420
M744_RS03890	0.3072	SYNPCC7942_RS12415
M744_RS03895	208.2560	SYNPCC7942_RS12410
M744_RS03900	188.8996	SYNPCC7942_RS12405
M744_RS03905	2455.4076	SYNPCC7942_RS12400
M744_RS03910	74.5702	SYNPCC7942_RS12395
M744_RS03920	75.0274	SYNPCC7942_RS12385
M744_RS03925	384.3826	SYNPCC7942_RS12380
M744_RS03930	30.1934	SYNPCC7942_RS12375
M744_RS03935	24.4702	SYNPCC7942_RS12370
M744_RS03940	324.8432	SYNPCC7942_RS12365
M744_RS03945	0.0673	SYNPCC7942_RS12360
M744_RS03950	65.7997	SYNPCC7942_RS12355
M744_RS03955	765.5633	SYNPCC7942_RS12350
M744_RS03960	20.2571	SYNPCC7942_RS12345
M744_RS03965	24.0126	SYNPCC7942_RS12340
M744_RS03970	4.0972	SYNPCC7942_RS12335
M744_RS03975	37.0296	SYNPCC7942_RS12330
M744_RS03980	26.3285	SYNPCC7942_RS12325
M744_RS03985	25.4259	SYNPCC7942_RS12320
M744_RS03990	166.0749	SYNPCC7942_RS12315
M744_RS03995	118.2077	SYNPCC7942_RS12310
M744_RS04000	53.3013	SYNPCC7942_RS12305
M744_RS04005	9.4414	SYNPCC7942_RS12300
M744_RS04010	232.0321	SYNPCC7942_RS12295
M744_RS04015	14.1383	SYNPCC7942_RS12290
M744_RS04020	22.1603	SYNPCC7942_RS12285
M744_RS04025	19.7591	SYNPCC7942_RS12280
M744_RS04030	11.4942	SYNPCC7942_RS12275
M744_RS04035	96.9845	SYNPCC7942_RS12270
M744_RS04040	19.6846	SYNPCC7942_RS12265
M744_RS04045	553.2622	SYNPCC7942_RS12260
M744_RS04050	53.8620	SYNPCC7942_RS12255
M744_RS04055	102.6393	SYNPCC7942_RS12250
M744_RS04060	1591.9078	SYNPCC7942_RS12245
M744_RS04065	59.0029	SYNPCC7942_RS12240
M744_RS04070	0.0132	SYNPCC7942_RS12235
M744_RS04075	115.9260	SYNPCC7942_RS12230
M744_RS04080	2.7851	SYNPCC7942_RS12225
M744_RS04095	62.0082	SYNPCC7942_RS12210
M744_RS04100	16.3412	SYNPCC7942_RS12205
M744_RS04105	15781.8727	SYNPCC7942_RS12200
M744_RS04110	41.5756	SYNPCC7942_RS12195
M744_RS04115	219.6405	SYNPCC7942_RS12190
M744_RS04120	14.7782	SYNPCC7942_RS12185
M744_RS04125	79.9466	SYNPCC7942_RS12180
M744_RS04130	85.0939	SYNPCC7942_RS12175
M744_RS04135	5.1428	SYNPCC7942_RS12170
M744_RS04140	34.6630	SYNPCC7942_RS12165
M744_RS04145	89.7083	SYNPCC7942_RS12160
M744_RS04150	71.3518	SYNPCC7942_RS12155
M744_RS04155	3.4991	SYNPCC7942_RS12150
M744_RS04160	17.2060	SYNPCC7942_RS12145
M744_RS04165	24.5809	SYNPCC7942_RS12140
M744_RS04170	201.9152	SYNPCC7942_RS12135
M744_RS04175	103.7237	SYNPCC7942_RS12130
M744_RS04180	32.9427	SYNPCC7942_RS12125
M744_RS04185	2.0735	SYNPCC7942_RS12120
M744_RS04190	944.5342	SYNPCC7942_RS12115
M744_RS04195	137.5105	SYNPCC7942_RS12110
M744_RS04200	0.0045	SYNPCC7942_RS12105
M744_RS04205	30.9192	SYNPCC7942_RS12100
M744_RS04210	4.2326	SYNPCC7942_RS12095
M744_RS04215	5.9749	SYNPCC7942_RS12090
M744_RS04220	425.5842	SYNPCC7942_RS12085
M744_RS04225	16.6377	SYNPCC7942_RS12080
M744_RS04230	12.9766	SYNPCC7942_RS12075
M744_RS04235	21.3954	SYNPCC7942_RS12070
M744_RS04240	44.3307	SYNPCC7942_RS12065
M744_RS04245	2.9121	SYNPCC7942_RS12060
M744_RS04250	10.6954	SYNPCC7942_RS12055
M744_RS04255	31.7717	SYNPCC7942_RS12050
M744_RS04260	20.6899	SYNPCC7942_RS12045
M744_RS04265	482.6032	SYNPCC7942_RS12040
M744_RS04270	139.3725	SYNPCC7942_RS12035
M744_RS04280	140.6425	SYNPCC7942_RS12025
M744_RS04285	1853.2337	SYNPCC7942_RS12020
M744_RS04290	143.6319	SYNPCC7942_RS12015
M744_RS04295	0.0680	SYNPCC7942_RS12010
M744_RS04300	102.0809	SYNPCC7942_RS12005
M744_RS04305	42.5730	SYNPCC7942_RS12000
M744_RS04310	35.6994	SYNPCC7942_RS11995
M744_RS04315	75.9500	SYNPCC7942_RS11990
M744_RS04320	725.1753	SYNPCC7942_RS11985
M744_RS04325	77.6894	SYNPCC7942_RS11980
M744_RS04330	98.0311	SYNPCC7942_RS11975
M744_RS04335	30.6803	SYNPCC7942_RS11970
M744_RS04340	354.2933	SYNPCC7942_RS11965
M744_RS04345	855.6524	SYNPCC7942_RS11960
M744_RS04350	105.3749	SYNPCC7942_RS11955
M744_RS04355	9546.6064	SYNPCC7942_RS11950
M744_RS04360	115.0966	SYNPCC7942_RS11945
M744_RS04365	225.7710	SYNPCC7942_RS11940
M744_RS04370	486.8033	SYNPCC7942_RS11935
M744_RS04375	26.1878	SYNPCC7942_RS11930
M744_RS04380	4.0495	SYNPCC7942_RS11925
M744_RS04385	145.9154	SYNPCC7942_RS11920
M744_RS04390	451.4076	SYNPCC7942_RS11915
M744_RS04395	64.7191	SYNPCC7942_RS11910
M744_RS04400	342.8194	SYNPCC7942_RS11905
M744_RS04405	1441.4790	SYNPCC7942_RS11900
M744_RS04410	17.4666	SYNPCC7942_RS11895
M744_RS04415	105.5270	SYNPCC7942_RS11890
M744_RS04420	78.9846	SYNPCC7942_RS11885
M744_RS04425	227.0264	SYNPCC7942_RS11880
M744_RS04430	25.2249	SYNPCC7942_RS11875
M744_RS04435	509.4634	SYNPCC7942_RS11870
M744_RS04440	507.1142	SYNPCC7942_RS11865
M744_RS04445	518.4669	SYNPCC7942_RS11860
M744_RS04450	684.1777	SYNPCC7942_RS11855
M744_RS04455	2174.7133	SYNPCC7942_RS11850
M744_RS04460	1.9936	SYNPCC7942_RS11845
M744_RS04465	16.1405	SYNPCC7942_RS11840
M744_RS04470	83.9988	SYNPCC7942_RS11835
M744_RS04475	113.0608	SYNPCC7942_RS11830
M744_RS04480	658.0069	SYNPCC7942_RS11825
M744_RS04485	0.0000	SYNPCC7942_RS11820
M744_RS04490	30.2286	SYNPCC7942_RS11815
M744_RS04495	156.9807	SYNPCC7942_RS11810
M744_RS04500	37.1390	SYNPCC7942_RS11805
M744_RS04505	59.9331	SYNPCC7942_RS11800
M744_RS04510	4.8488	SYNPCC7942_RS11795
M744_RS04520	17.1421	SYNPCC7942_RS11785
M744_RS04525	241.1199	SYNPCC7942_RS11780
M744_RS04530	195.5830	SYNPCC7942_RS11775
M744_RS04535	1170.4415	SYNPCC7942_RS11770
M744_RS04540	1320.5670	SYNPCC7942_RS11765
M744_RS04545	9788.2327	SYNPCC7942_RS11760
M744_RS04550	16.3799	SYNPCC7942_RS11755
M744_RS04555	46.6293	SYNPCC7942_RS11750
M744_RS04565	18.1217	SYNPCC7942_RS11740
M744_RS04570	144.1905	SYNPCC7942_RS11735
M744_RS04575	134.1346	SYNPCC7942_RS11730
M744_RS04580	882.8354	SYNPCC7942_RS11725
M744_RS04585	254.5198	SYNPCC7942_RS11720
M744_RS04590	15.9650	SYNPCC7942_RS11715
M744_RS04600	6.1581	SYNPCC7942_RS11705
M744_RS04605	62.4007	SYNPCC7942_RS11700
M744_RS04610	40.8693	SYNPCC7942_RS11695
M744_RS04615	114.8350	SYNPCC7942_RS11690
M744_RS04620	96.5633	SYNPCC7942_RS11685
M744_RS04625	3.1813	SYNPCC7942_RS11680
M744_RS04630	1084.4413	SYNPCC7942_RS11675
M744_RS04635	28.1729	SYNPCC7942_RS11670
M744_RS04640	0.6655	SYNPCC7942_RS11665
M744_RS04645	56.2427	SYNPCC7942_RS11660
M744_RS04650	8.5044	SYNPCC7942_RS11655
M744_RS04655	218.8967	SYNPCC7942_RS11650
M744_RS04660	67.7103	SYNPCC7942_RS11645
M744_RS04665	0.0675	SYNPCC7942_RS11640
M744_RS04670	71.0844	SYNPCC7942_RS11635
M744_RS04675	276.0701	SYNPCC7942_RS11630
M744_RS04680	75.2751	SYNPCC7942_RS11625
M744_RS04685	17.9727	SYNPCC7942_RS11620
M744_RS04690	82.8997	SYNPCC7942_RS11615
M744_RS04695	196.3556	SYNPCC7942_RS11610
M744_RS04700	18.4264	SYNPCC7942_RS11605
M744_RS04705	0.0000	SYNPCC7942_RS11600
M744_RS04710	132.5980	SYNPCC7942_RS11595
M744_RS04715	36.6014	SYNPCC7942_RS11590
M744_RS04720	26.5161	SYNPCC7942_RS11585
M744_RS04725	47.5480	SYNPCC7942_RS11580
M744_RS04730	1.3017	SYNPCC7942_RS11575
M744_RS04735	3.4693	SYNPCC7942_RS11570
M744_RS04750	171.1847	SYNPCC7942_RS11555
M744_RS04755	23.7701	SYNPCC7942_RS11550
M744_RS04760	0.0841	SYNPCC7942_RS11545
M744_RS04765	38.1269	SYNPCC7942_RS11540
M744_RS04770	15.3992	SYNPCC7942_RS11535
M744_RS04775	3.8556	SYNPCC7942_RS11530
M744_RS04780	23.8724	SYNPCC7942_RS11525
M744_RS04785	45.4857	SYNPCC7942_RS11520
M744_RS04790	17.5761	SYNPCC7942_RS11515
M744_RS04795	61.9200	SYNPCC7942_RS11510
M744_RS04800	144.6901	SYNPCC7942_RS11505
M744_RS04805	55.4549	SYNPCC7942_RS11500
M744_RS04810	4.4882	SYNPCC7942_RS11495
M744_RS04815	77.0683	SYNPCC7942_RS11490
M744_RS04820	34.7135	SYNPCC7942_RS11485
M744_RS04830	56.6994	SYNPCC7942_RS11475
M744_RS04835	6.0153	SYNPCC7942_RS11470
M744_RS04840	740.1347	SYNPCC7942_RS11465
M744_RS04845	68.5299	SYNPCC7942_RS11460
M744_RS04850	43.5074	SYNPCC7942_RS11455
M744_RS04855	154.9835	SYNPCC7942_RS11450
M744_RS04870	8.5143	SYNPCC7942_RS11435
M744_RS04875	4.7826	SYNPCC7942_RS11430
M744_RS04880	36.1795	SYNPCC7942_RS11425
M744_RS04885	297.3754	SYNPCC7942_RS11420
M744_RS04890	45.7360	SYNPCC7942_RS11415
M744_RS04895	19.4509	SYNPCC7942_RS11410
M744_RS04900	22.1045	SYNPCC7942_RS11405
M744_RS04905	303.7981	SYNPCC7942_RS11400
M744_RS04910	534.3783	SYNPCC7942_RS11395
M744_RS04920	61.0105	SYNPCC7942_RS11385
M744_RS04930	107.3496	SYNPCC7942_RS11375
M744_RS04935	21.8323	SYNPCC7942_RS11370
M744_RS04940	26.8752	SYNPCC7942_RS11365
M744_RS04945	5.6409	SYNPCC7942_RS11360
M744_RS04950	23.5104	SYNPCC7942_RS11355
M744_RS04955	30.4446	SYNPCC7942_RS11350
M744_RS04960	76.4464	SYNPCC7942_RS11345
M744_RS04970	360.1924	SYNPCC7942_RS11335
M744_RS04975	0.0485	SYNPCC7942_RS11330
M744_RS04980	938.3544	SYNPCC7942_RS11325
M744_RS04985	872.1829	SYNPCC7942_RS11320
M744_RS04990	874.6887	SYNPCC7942_RS11315
M744_RS04995	552.6494	SYNPCC7942_RS11310
M744_RS05000	1326.8464	SYNPCC7942_RS11305
M744_RS05005	453.2304	SYNPCC7942_RS11300
M744_RS05010	371.0026	SYNPCC7942_RS11295
M744_RS05015	228.2993	SYNPCC7942_RS11290
M744_RS05020	51.3710	SYNPCC7942_RS11285
M744_RS05025	1857.7841	SYNPCC7942_RS11280
M744_RS05030	879.0556	SYNPCC7942_RS11275
M744_RS05035	1003.0628	SYNPCC7942_RS11270
M744_RS05040	0.0530	SYNPCC7942_RS11265
M744_RS05045	1659.9099	SYNPCC7942_RS11260
M744_RS05050	1560.1878	SYNPCC7942_RS11255
M744_RS05055	931.7560	SYNPCC7942_RS11250
M744_RS05060	0.0575	SYNPCC7942_RS11245
M744_RS05065	1654.7957	SYNPCC7942_RS11240
M744_RS05070	546.0121	SYNPCC7942_RS11235
M744_RS05075	203.1082	SYNPCC7942_RS11230
M744_RS05080	861.1178	SYNPCC7942_RS11225
M744_RS05085	470.0346	SYNPCC7942_RS11220
M744_RS05090	1248.9168	SYNPCC7942_RS11215
M744_RS05095	0.0662	SYNPCC7942_RS11210
M744_RS05100	1342.2600	SYNPCC7942_RS11205
M744_RS05105	978.4903	SYNPCC7942_RS11200
M744_RS05110	126.0308	SYNPCC7942_RS11195
M744_RS05115	14.4024	SYNPCC7942_RS11190
M744_RS05120	124.4487	SYNPCC7942_RS11185
M744_RS05130	33.5987	SYNPCC7942_RS11175
M744_RS05135	52.3762	SYNPCC7942_RS11170
M744_RS05140	27.6192	SYNPCC7942_RS11165
M744_RS05145	17.7477	SYNPCC7942_RS11160
M744_RS05150	16.4220	SYNPCC7942_RS11155
M744_RS05155	0.0265	SYNPCC7942_RS11150
M744_RS05160	14.2921	SYNPCC7942_RS11145
M744_RS05165	18.4335	SYNPCC7942_RS11140
M744_RS05170	80.5693	SYNPCC7942_RS11135
M744_RS05175	12.1348	SYNPCC7942_RS11130
M744_RS05180	72.2033	SYNPCC7942_RS11125
M744_RS05185	350.3703	SYNPCC7942_RS11120
M744_RS05190	56.8819	SYNPCC7942_RS11115
M744_RS05195	82.2675	SYNPCC7942_RS11110
M744_RS05200	35.2463	SYNPCC7942_RS11105
M744_RS05205	64.3028	SYNPCC7942_RS11100
M744_RS05210	7.7865	SYNPCC7942_RS11095
M744_RS05215	3.3617	SYNPCC7942_RS11090
M744_RS05220	192.3641	SYNPCC7942_RS11085
M744_RS05225	86.0375	SYNPCC7942_RS11080
M744_RS05230	34.7621	SYNPCC7942_RS11075
M744_RS05235	70.5557	SYNPCC7942_RS11070
M744_RS05240	36.6317	SYNPCC7942_RS11065
M744_RS05245	11.6266	SYNPCC7942_RS11060
M744_RS05250	614.7188	SYNPCC7942_RS11055
M744_RS05255	83.8092	SYNPCC7942_RS11050
M744_RS05260	11.4968	SYNPCC7942_RS11045
M744_RS05265	52.7075	SYNPCC7942_RS11040
M744_RS05270	1896.4776	SYNPCC7942_RS11035
M744_RS05275	2.2003	SYNPCC7942_RS11030
M744_RS05280	17.5293	SYNPCC7942_RS11025
M744_RS05285	137.7951	SYNPCC7942_RS11020
M744_RS05290	37.6721	SYNPCC7942_RS11015
M744_RS05295	13.6460	SYNPCC7942_RS11010
M744_RS05300	0.2717	SYNPCC7942_RS11005
M744_RS05305	44.0794	SYNPCC7942_RS11000
M744_RS05310	5.9931	SYNPCC7942_RS10995
M744_RS05315	0.0000	SYNPCC7942_RS10990
M744_RS05320	12.2580	SYNPCC7942_RS10980
M744_RS05325	146.6883	SYNPCC7942_RS10975
M744_RS05330	14.6562	SYNPCC7942_RS10970
M744_RS05335	670.7935	SYNPCC7942_RS10965
M744_RS05345	1244.9470	SYNPCC7942_RS10955
M744_RS05350	8.6251	SYNPCC7942_RS10950
M744_RS05355	2.5858	SYNPCC7942_RS10945
M744_RS05360	6.2368	SYNPCC7942_RS10940
M744_RS05365	200.3100	SYNPCC7942_RS10935
M744_RS05370	238.6304	SYNPCC7942_RS10930
M744_RS05375	42.7131	SYNPCC7942_RS10925
M744_RS05380	63.4483	SYNPCC7942_RS10920
M744_RS05385	75.3159	SYNPCC7942_RS10915
M744_RS05395	0.0132	SYNPCC7942_RS10905
M744_RS05400	49.5770	SYNPCC7942_RS10900
M744_RS05405	32.1966	SYNPCC7942_RS10895
M744_RS05410	32.4285	SYNPCC7942_RS10890
M744_RS05420	307.2392	SYNPCC7942_RS10880
M744_RS05425	0.0000	SYNPCC7942_RS10875
M744_RS05430	43.0902	SYNPCC7942_RS10870
M744_RS05435	24.6819	SYNPCC7942_RS10860
M744_RS05440	7.8095	SYNPCC7942_RS10855
M744_RS05445	58.7903	SYNPCC7942_RS10850
M744_RS05450	27.5826	SYNPCC7942_RS10845
M744_RS05455	1796.6343	SYNPCC7942_RS10840
M744_RS05460	62.2146	SYNPCC7942_RS10835
M744_RS05465	39.7967	SYNPCC7942_RS10830
M744_RS05470	51.1264	SYNPCC7942_RS10825
M744_RS05475	70.5993	SYNPCC7942_RS10820
M744_RS05480	91.2362	SYNPCC7942_RS10815
M744_RS05485	16.6156	SYNPCC7942_RS10810
M744_RS05490	32.5728	SYNPCC7942_RS10805
M744_RS05495	23.0592	SYNPCC7942_RS10800
M744_RS05500	34.0569	SYNPCC7942_RS10795
M744_RS05505	58.5343	SYNPCC7942_RS10790
M744_RS05510	36.9736	SYNPCC7942_RS10785
M744_RS05515	437.4770	SYNPCC7942_RS10780
M744_RS05520	1240.1273	SYNPCC7942_RS10775
M744_RS05525	74.1185	SYNPCC7942_RS10770
M744_RS05530	61.0330	SYNPCC7942_RS10765
M744_RS05535	128.6137	SYNPCC7942_RS10760
M744_RS05540	925.2032	SYNPCC7942_RS10755
M744_RS05545	541.8448	SYNPCC7942_RS10750
M744_RS05550	4282.1100	SYNPCC7942_RS10745
M744_RS05555	179.5514	SYNPCC7942_RS10740
M744_RS05560	70.9903	SYNPCC7942_RS10735
M744_RS05565	25.6426	SYNPCC7942_RS10730
M744_RS05570	41.5391	SYNPCC7942_RS10725
M744_RS05580	40.2206	SYNPCC7942_RS10715
M744_RS05585	246.6356	SYNPCC7942_RS10710
M744_RS05590	7.6280	SYNPCC7942_RS10705
M744_RS05595	9.7224	SYNPCC7942_RS10700
M744_RS05600	16.3144	SYNPCC7942_RS10695
M744_RS05605	110.5293	SYNPCC7942_RS10690
M744_RS05610	34.8936	SYNPCC7942_RS10685
M744_RS05615	50.3708	SYNPCC7942_RS10680
M744_RS05620	39.8444	SYNPCC7942_RS10675
M744_RS05625	44.1821	SYNPCC7942_RS10670
M744_RS05630	205.1684	SYNPCC7942_RS10665
M744_RS05640	1.9981	SYNPCC7942_RS10655
M744_RS05645	2.3197	SYNPCC7942_RS10650
M744_RS05650	18.3192	SYNPCC7942_RS10645
M744_RS05655	4.3032	SYNPCC7942_RS10640
M744_RS05660	3.2248	SYNPCC7942_RS10635
M744_RS05665	10.0077	SYNPCC7942_RS10630
M744_RS05670	403.4684	SYNPCC7942_RS10625
M744_RS05675	8.8206	SYNPCC7942_RS10620
M744_RS05680	168.8014	SYNPCC7942_RS10615
M744_RS05685	736.4591	SYNPCC7942_RS10610
M744_RS05690	563.4877	SYNPCC7942_RS10605
M744_RS05695	548.2853	SYNPCC7942_RS10600
M744_RS05700	95.9928	SYNPCC7942_RS10595
M744_RS05705	315.6841	SYNPCC7942_RS10590
M744_RS05710	23.0838	SYNPCC7942_RS10585
M744_RS05715	77.4636	SYNPCC7942_RS10580
M744_RS05720	16.3335	SYNPCC7942_RS10575
M744_RS05725	43.0214	SYNPCC7942_RS10570
M744_RS05730	35.6517	SYNPCC7942_RS10565
M744_RS05735	5.0254	SYNPCC7942_RS10560
M744_RS05740	4841.5646	SYNPCC7942_RS10555
M744_RS05750	544.8909	SYNPCC7942_RS10545
M744_RS05755	53.8502	SYNPCC7942_RS10540
M744_RS05760	37.9105	SYNPCC7942_RS10535
M744_RS05765	13.6136	SYNPCC7942_RS10530
M744_RS05770	0.0849	SYNPCC7942_RS10525
M744_RS05775	41.6682	SYNPCC7942_RS10520
M744_RS05780	315.8456	SYNPCC7942_RS10515
M744_RS05790	223.3168	SYNPCC7942_RS10505
M744_RS05795	581.1901	SYNPCC7942_RS10500
M744_RS05800	1064.5890	SYNPCC7942_RS10495
M744_RS05805	1595.4732	SYNPCC7942_RS10490
M744_RS05810	113.4683	SYNPCC7942_RS10485
M744_RS05815	100.3756	SYNPCC7942_RS10480
M744_RS05820	29.9857	SYNPCC7942_RS10475
M744_RS05825	47.4928	SYNPCC7942_RS10470
M744_RS05830	47.6970	SYNPCC7942_RS10465
M744_RS05835	25.2473	SYNPCC7942_RS10460
M744_RS05840	8.0387	SYNPCC7942_RS10455
M744_RS05845	16.2951	SYNPCC7942_RS10450
M744_RS05850	1487.5832	SYNPCC7942_RS10445
M744_RS05855	29.9896	SYNPCC7942_RS10440
M744_RS05860	36.2657	SYNPCC7942_RS10435
M744_RS05865	12.9957	SYNPCC7942_RS10430
M744_RS05870	80.5573	SYNPCC7942_RS10425
M744_RS05875	0.0000	SYNPCC7942_RS10420
M744_RS05880	139.8009	SYNPCC7942_RS10415
M744_RS05885	28.5642	SYNPCC7942_RS10410
M744_RS05890	1.7720	SYNPCC7942_RS10405
M744_RS05895	118.1143	SYNPCC7942_RS10400
M744_RS05900	41729.8695	SYNPCC7942_RS10395
M744_RS05905	24156.9688	SYNPCC7942_RS10390
M744_RS05910	67.3042	SYNPCC7942_RS10385
M744_RS05915	8.1089	SYNPCC7942_RS10380
M744_RS05920	56.9739	SYNPCC7942_RS10375
M744_RS05925	90.7837	SYNPCC7942_RS10370
M744_RS05930	31.5427	SYNPCC7942_RS10365
M744_RS05935	3.0823	SYNPCC7942_RS10360
M744_RS05940	16.0732	SYNPCC7942_RS10355
M744_RS05945	3.4010	SYNPCC7942_RS10350
M744_RS05950	23.1153	SYNPCC7942_RS10345
M744_RS05955	119.2421	SYNPCC7942_RS10340
M744_RS05960	0.4515	SYNPCC7942_RS10335
M744_RS05965	47.0241	SYNPCC7942_RS10330
M744_RS05970	2.1502	SYNPCC7942_RS10325
M744_RS05975	37.1391	SYNPCC7942_RS10320
M744_RS05980	8.2609	SYNPCC7942_RS10315
M744_RS05985	21.3119	SYNPCC7942_RS10310
M744_RS05990	39.5445	SYNPCC7942_RS10305
M744_RS05995	2455.4948	SYNPCC7942_RS10300
M744_RS06000	144.4131	SYNPCC7942_RS10295
M744_RS06005	13.8311	SYNPCC7942_RS10290
M744_RS06010	10.9299	SYNPCC7942_RS10285
M744_RS06015	290.4962	SYNPCC7942_RS10280
M744_RS06020	11.9690	SYNPCC7942_RS10275
M744_RS06025	14.6531	SYNPCC7942_RS10270
M744_RS06030	54.5065	SYNPCC7942_RS10265
M744_RS06035	21.8720	SYNPCC7942_RS10260
M744_RS06040	195.6101	SYNPCC7942_RS10255
M744_RS06045	3959.2752	SYNPCC7942_RS10250
M744_RS06050	92.9422	SYNPCC7942_RS10245
M744_RS06055	9.7630	SYNPCC7942_RS10240
M744_RS06065	35.1754	SYNPCC7942_RS10230
M744_RS06070	340.3676	SYNPCC7942_RS10225
M744_RS06075	1077.7298	SYNPCC7942_RS10220
M744_RS06080	0.0132	SYNPCC7942_RS10215
M744_RS06085	33.4907	SYNPCC7942_RS10210
M744_RS06090	76.6838	SYNPCC7942_RS10205
M744_RS06095	50.1384	SYNPCC7942_RS10200
M744_RS06100	552.7824	SYNPCC7942_RS10195
M744_RS06105	19.8359	SYNPCC7942_RS10190
M744_RS06110	22.1141	SYNPCC7942_RS10185
M744_RS06115	1.1032	SYNPCC7942_RS10180
M744_RS06120	22.7124	SYNPCC7942_RS10175
M744_RS06125	32.0132	SYNPCC7942_RS10170
M744_RS06130	10.1790	SYNPCC7942_RS10165
M744_RS06135	43.2882	SYNPCC7942_RS10160
M744_RS06140	5.0358	SYNPCC7942_RS10155
M744_RS06145	62.7765	SYNPCC7942_RS10145
M744_RS06150	150.4965	SYNPCC7942_RS10140
M744_RS06155	2200.2534	SYNPCC7942_RS10135
M744_RS06160	5.4004	SYNPCC7942_RS10130
M744_RS06165	24.3081	SYNPCC7942_RS10125
M744_RS06170	23.4431	SYNPCC7942_RS10120
M744_RS06175	27.6251	SYNPCC7942_RS10115
M744_RS06180	9.8119	SYNPCC7942_RS10110
M744_RS06185	5.9116	SYNPCC7942_RS10105
M744_RS06190	13.0187	SYNPCC7942_RS10100
M744_RS06195	326.4850	SYNPCC7942_RS10095
M744_RS06200	20.0637	SYNPCC7942_RS10090
M744_RS06205	55.4783	SYNPCC7942_RS10085
M744_RS06210	25.1362	SYNPCC7942_RS10080
M744_RS06215	641.8715	SYNPCC7942_RS10075
M744_RS06220	20.6149	SYNPCC7942_RS10070
M744_RS06225	461.6505	SYNPCC7942_RS10065
M744_RS06230	31.5557	SYNPCC7942_RS10060
M744_RS06235	35.1301	SYNPCC7942_RS10055
M744_RS06240	0.0000	SYNPCC7942_RS10050
M744_RS06245	0.0000	SYNPCC7942_RS10045
M744_RS06250	201.6435	SYNPCC7942_RS10040
M744_RS06255	9.8924	SYNPCC7942_RS10035
M744_RS06260	5.6138	SYNPCC7942_RS10030
M744_RS06265	315.0597	SYNPCC7942_RS10025
M744_RS06270	2876.8653	SYNPCC7942_RS10020
M744_RS06275	867.9812	SYNPCC7942_RS10015
M744_RS06280	30.2943	SYNPCC7942_RS10010
M744_RS06285	69.1228	SYNPCC7942_RS10005
M744_RS06290	13.5042	SYNPCC7942_RS10000
M744_RS06300	111.6389	SYNPCC7942_RS09990
M744_RS06305	33.7282	SYNPCC7942_RS09985
M744_RS06310	23.4828	SYNPCC7942_RS09980
M744_RS06315	10.0983	SYNPCC7942_RS09975
M744_RS06320	89.8573	SYNPCC7942_RS09970
M744_RS06325	69.8306	SYNPCC7942_RS09965
M744_RS06330	135.6994	SYNPCC7942_RS09960
M744_RS06335	32.7832	SYNPCC7942_RS09955
M744_RS06340	9.9706	SYNPCC7942_RS09950
M744_RS06345	15.3810	SYNPCC7942_RS09945
M744_RS06350	73.4392	SYNPCC7942_RS09940
M744_RS06355	90.0082	SYNPCC7942_RS09935
M744_RS06360	55.9132	SYNPCC7942_RS09930
M744_RS06365	157.7736	SYNPCC7942_RS09925
M744_RS06375	5.6971	SYNPCC7942_RS09915
M744_RS06380	19.8943	SYNPCC7942_RS09910
M744_RS06390	16.4327	SYNPCC7942_RS09900
M744_RS06395	114.9037	SYNPCC7942_RS09895
M744_RS06400	137.8245	SYNPCC7942_RS09890
M744_RS06405	15.7248	SYNPCC7942_RS09885
M744_RS06410	135.4526	SYNPCC7942_RS09880
M744_RS06415	12.7603	SYNPCC7942_RS09875
M744_RS06420	39.2108	SYNPCC7942_RS09870
M744_RS06425	122.0688	SYNPCC7942_RS09865
M744_RS06430	67.0864	SYNPCC7942_RS09860
M744_RS06435	12.9537	SYNPCC7942_RS09855
M744_RS06440	4.9861	SYNPCC7942_RS09850
M744_RS06445	1.5290	SYNPCC7942_RS09845
M744_RS06450	13.9761	SYNPCC7942_RS09840
M744_RS06455	3.6247	SYNPCC7942_RS09835
M744_RS06460	104.6614	SYNPCC7942_RS09830
M744_RS06465	19.3722	SYNPCC7942_RS09825
M744_RS06470	30.6270	SYNPCC7942_RS09820
M744_RS06475	0.0220	SYNPCC7942_RS09815
M744_RS06480	258.3648	SYNPCC7942_RS09810
M744_RS06485	18.1913	SYNPCC7942_RS09805
M744_RS06490	76.4396	SYNPCC7942_RS09800
M744_RS06495	107.2959	SYNPCC7942_RS09795
M744_RS06500	396.7726	SYNPCC7942_RS09790
M744_RS06505	221.7542	SYNPCC7942_RS09785
M744_RS06510	25.3447	SYNPCC7942_RS09780
M744_RS06515	0.6062	SYNPCC7942_RS09775
M744_RS06520	0.0821	SYNPCC7942_RS09770
M744_RS06525	22.2879	SYNPCC7942_RS09765
M744_RS06530	559.7950	SYNPCC7942_RS09760
M744_RS06535	463.6204	SYNPCC7942_RS09755
M744_RS06540	46.4593	SYNPCC7942_RS09750
M744_RS06545	186.5907	SYNPCC7942_RS09745
M744_RS06550	0.0495	SYNPCC7942_RS09740
M744_RS06555	54.0235	SYNPCC7942_RS09735
M744_RS06560	27.2406	SYNPCC7942_RS09730
M744_RS06565	32.4749	SYNPCC7942_RS09725
M744_RS06575	169.0333	SYNPCC7942_RS09715
M744_RS06580	16.1668	SYNPCC7942_RS09710
M744_RS06585	309.8544	SYNPCC7942_RS09705
M744_RS06590	14.9026	SYNPCC7942_RS09700
M744_RS06595	116.3697	SYNPCC7942_RS09690
M744_RS06600	192.3816	SYNPCC7942_RS09685
M744_RS06605	16.2684	SYNPCC7942_RS09680
M744_RS06610	22.6896	SYNPCC7942_RS09675
M744_RS06615	374.4524	SYNPCC7942_RS09670
M744_RS06620	39.0296	SYNPCC7942_RS09665
M744_RS06625	145.5248	SYNPCC7942_RS09660
M744_RS06630	253.7424	SYNPCC7942_RS09655
M744_RS06635	64.8023	SYNPCC7942_RS09650
M744_RS06640	21.7315	SYNPCC7942_RS09645
M744_RS06645	21.9682	SYNPCC7942_RS09640
M744_RS06650	7.3266	SYNPCC7942_RS09635
M744_RS06655	8.5710	SYNPCC7942_RS09630
M744_RS06660	344.5985	SYNPCC7942_RS09625
M744_RS06665	16.9130	SYNPCC7942_RS09620
M744_RS06670	26.6952	SYNPCC7942_RS09615
M744_RS06675	91.4836	SYNPCC7942_RS09610
M744_RS06680	0.0361	SYNPCC7942_RS09605
M744_RS06685	4.2675	SYNPCC7942_RS09600
M744_RS06690	0.2360	SYNPCC7942_RS09595
M744_RS06695	126.7904	SYNPCC7942_RS09590
M744_RS06700	218.4421	SYNPCC7942_RS09585
M744_RS06705	253.3431	SYNPCC7942_RS09580
M744_RS06710	16.4118	SYNPCC7942_RS09575
M744_RS06715	4.4529	SYNPCC7942_RS09570
M744_RS06720	26.5341	SYNPCC7942_RS09565
M744_RS06725	2.4102	SYNPCC7942_RS09560
M744_RS06730	16.9038	SYNPCC7942_RS09555
M744_RS06735	28.1382	SYNPCC7942_RS09550
M744_RS06740	806.8088	SYNPCC7942_RS09545
M744_RS06745	33.0863	SYNPCC7942_RS09540
M744_RS06750	10.4594	SYNPCC7942_RS09535
M744_RS06755	15.7500	SYNPCC7942_RS09530
M744_RS06760	23.0174	SYNPCC7942_RS09525
M744_RS06765	88.5197	SYNPCC7942_RS09520
M744_RS06770	77.8122	SYNPCC7942_RS09515
M744_RS06775	108.4202	SYNPCC7942_RS09510
M744_RS06780	2.0000	SYNPCC7942_RS09505
M744_RS06785	7.1120	SYNPCC7942_RS09500
M744_RS06790	43.7517	SYNPCC7942_RS09495
M744_RS06795	31.2750	SYNPCC7942_RS13800
M744_RS06800	1.9568	SYNPCC7942_RS09490
M744_RS06805	1467.7799	SYNPCC7942_RS09485
M744_RS06810	7.2798	SYNPCC7942_RS09480
M744_RS06815	11.3544	SYNPCC7942_RS09475
M744_RS06820	0.0000	SYNPCC7942_RS09470
M744_RS06825	96.3376	SYNPCC7942_RS09465
M744_RS06830	6.5424	SYNPCC7942_RS09460
M744_RS06835	25.7548	SYNPCC7942_RS09455
M744_RS06840	43.5182	SYNPCC7942_RS09450
M744_RS06845	263.5889	SYNPCC7942_RS09445
M744_RS06850	29.1865	SYNPCC7942_RS09440
M744_RS06855	0.0668	SYNPCC7942_RS09435
M744_RS06860	118.4047	SYNPCC7942_RS09430
M744_RS06865	372.1185	SYNPCC7942_RS09425
M744_RS06870	18.4246	SYNPCC7942_RS09420
M744_RS06875	4.4935	SYNPCC7942_RS09415
M744_RS06880	5.7827	SYNPCC7942_RS09410
M744_RS06885	1.1994	SYNPCC7942_RS09405
M744_RS06890	20.0134	SYNPCC7942_RS09400
M744_RS06895	103.2401	SYNPCC7942_RS09395
M744_RS06900	81.2541	SYNPCC7942_RS09390
M744_RS06905	23.7496	SYNPCC7942_RS09385
M744_RS06910	4786.9341	SYNPCC7942_RS09380
M744_RS06920	448.7237	SYNPCC7942_RS09375
M744_RS06925	59.9870	SYNPCC7942_RS09370
M744_RS06930	606.1641	SYNPCC7942_RS09365
M744_RS06935	534.5865	SYNPCC7942_RS09360
M744_RS06940	2.0238	SYNPCC7942_RS09355
M744_RS06945	72.5214	SYNPCC7942_RS09350
M744_RS06950	90.9756	SYNPCC7942_RS09345
M744_RS06955	70.5575	SYNPCC7942_RS09340
M744_RS06960	23.8496	SYNPCC7942_RS09335
M744_RS06965	17.0932	SYNPCC7942_RS09330
M744_RS06970	727.3603	SYNPCC7942_RS09325
M744_RS06975	46.1135	SYNPCC7942_RS09320
M744_RS06980	145.2265	SYNPCC7942_RS09315
M744_RS06985	38.3453	SYNPCC7942_RS09310
M744_RS06990	0.0132	SYNPCC7942_RS09305
M744_RS06995	42.2601	SYNPCC7942_RS09300
M744_RS07000	18.2193	SYNPCC7942_RS09295
M744_RS07005	337.3283	SYNPCC7942_RS09290
M744_RS07010	582.3471	SYNPCC7942_RS09285
M744_RS07015	177.0187	SYNPCC7942_RS09280
M744_RS07020	61.6649	SYNPCC7942_RS09275
M744_RS07025	267.9910	SYNPCC7942_RS09270
M744_RS07030	11.0636	SYNPCC7942_RS09265
M744_RS07035	81.8881	SYNPCC7942_RS09260
M744_RS07040	126.0439	SYNPCC7942_RS09255
M744_RS07045	48.1392	SYNPCC7942_RS09250
M744_RS07050	104.1655	SYNPCC7942_RS09245
M744_RS07055	5171.1636	SYNPCC7942_RS09240
M744_RS07060	68.5877	SYNPCC7942_RS09235
M744_RS07065	1.0642	SYNPCC7942_RS09230
M744_RS07070	45.2141	SYNPCC7942_RS09225
M744_RS07075	0.1415	SYNPCC7942_RS09220
M744_RS07080	68.0407	SYNPCC7942_RS09215
M744_RS07085	23.2925	SYNPCC7942_RS09210
M744_RS07090	1218.7614	SYNPCC7942_RS09205
M744_RS07095	341.8225	SYNPCC7942_RS09200
M744_RS07100	282.8619	SYNPCC7942_RS09195
M744_RS07105	1194.7502	SYNPCC7942_RS09190
M744_RS07110	0.0087	SYNPCC7942_RS09185
M744_RS07115	35.0755	SYNPCC7942_RS09180
M744_RS07120	66.3092	SYNPCC7942_RS09175
M744_RS07125	2.0059	SYNPCC7942_RS09170
M744_RS07130	15.8344	SYNPCC7942_RS09165
M744_RS07135	148.2777	SYNPCC7942_RS09160
M744_RS07140	33.8539	SYNPCC7942_RS09155
M744_RS07145	25.8315	SYNPCC7942_RS09150
M744_RS07150	1335.5197	SYNPCC7942_RS09145
M744_RS07155	64.1335	SYNPCC7942_RS09140
M744_RS07160	38.1510	SYNPCC7942_RS09135
M744_RS07165	26.2544	SYNPCC7942_RS09130
M744_RS07170	23.8309	SYNPCC7942_RS09125
M744_RS07175	25.8529	SYNPCC7942_RS09120
M744_RS07180	20.5532	SYNPCC7942_RS09115
M744_RS07185	10.8689	SYNPCC7942_RS09110
M744_RS07190	232.4763	SYNPCC7942_RS09105
M744_RS07195	147.1754	SYNPCC7942_RS09100
M744_RS07200	9.9447	SYNPCC7942_RS09095
M744_RS07205	180.3589	SYNPCC7942_RS09090
M744_RS07210	564.1841	SYNPCC7942_RS09085
M744_RS07215	0.0000	SYNPCC7942_RS09080
M744_RS07220	0.0000	SYNPCC7942_RS09075
M744_RS07225	0.0000	SYNPCC7942_RS09070
M744_RS07235	51.0068	SYNPCC7942_RS09060
M744_RS07240	89.4879	SYNPCC7942_RS09055
M744_RS07245	6.6716	SYNPCC7942_RS09050
M744_RS07250	58.2177	SYNPCC7942_RS09045
M744_RS07255	7.7458	SYNPCC7942_RS09040
M744_RS07260	27.0684	SYNPCC7942_RS09035
M744_RS07265	39.1371	SYNPCC7942_RS09030
M744_RS07270	57.8713	SYNPCC7942_RS09025
M744_RS07275	12.5435	SYNPCC7942_RS09020
M744_RS07280	451.5857	SYNPCC7942_RS09015
M744_RS07285	64.4639	SYNPCC7942_RS09010
M744_RS07290	122.6938	SYNPCC7942_RS09005
M744_RS07295	99.8369	SYNPCC7942_RS09000
M744_RS07300	0.2229	SYNPCC7942_RS08995
M744_RS07305	11.9573	SYNPCC7942_RS08990
M744_RS07310	57.1895	SYNPCC7942_RS08985
M744_RS07315	212.5431	SYNPCC7942_RS08980
M744_RS07320	56.5182	SYNPCC7942_RS08975
M744_RS07325	28.3108	SYNPCC7942_RS08970
M744_RS07330	3.8865	SYNPCC7942_RS08965
M744_RS07335	0.0132	SYNPCC7942_RS08960
M744_RS07340	394.3727	SYNPCC7942_RS08955
M744_RS07345	58.8570	SYNPCC7942_RS08950
M744_RS07350	74.9058	SYNPCC7942_RS08945
M744_RS07360	102.2167	SYNPCC7942_RS08935
M744_RS07365	303.5599	SYNPCC7942_RS08930
M744_RS07370	25.9870	SYNPCC7942_RS08925
M744_RS07375	33.9612	SYNPCC7942_RS08920
M744_RS07380	28.7347	SYNPCC7942_RS08915
M744_RS07385	241.0437	SYNPCC7942_RS08910
M744_RS07390	0.0132	SYNPCC7942_RS08905
M744_RS07395	632.2312	SYNPCC7942_RS08900
M744_RS07400	13.1219	SYNPCC7942_RS08895
M744_RS07405	74.3062	SYNPCC7942_RS08890
M744_RS07410	2746.4551	SYNPCC7942_RS08885
M744_RS07415	54.8246	SYNPCC7942_RS08880
M744_RS07420	6.4485	SYNPCC7942_RS08875
M744_RS07425	247.3494	SYNPCC7942_RS08870
M744_RS07430	176.8977	SYNPCC7942_RS08865
M744_RS07435	153.3271	SYNPCC7942_RS08860
M744_RS07440	25.1683	SYNPCC7942_RS08855
M744_RS07445	8.4564	SYNPCC7942_RS08850
M744_RS07450	111.1539	SYNPCC7942_RS08845
M744_RS07455	1.9875	SYNPCC7942_RS08840
M744_RS07460	121.1333	SYNPCC7942_RS08835
M744_RS07465	260.6297	SYNPCC7942_RS08830
M744_RS07470	138.0448	SYNPCC7942_RS08825
M744_RS07475	18.4400	SYNPCC7942_RS08820
M744_RS07480	30.1736	SYNPCC7942_RS08815
M744_RS07485	12.1826	SYNPCC7942_RS08810
M744_RS07490	24.0962	SYNPCC7942_RS08805
M744_RS07495	13.0545	SYNPCC7942_RS08800
M744_RS07500	28.3657	SYNPCC7942_RS08795
M744_RS07505	20.7261	SYNPCC7942_RS08790
M744_RS07510	9.0428	SYNPCC7942_RS08785
M744_RS07515	60.0474	SYNPCC7942_RS08780
M744_RS07520	147.3752	SYNPCC7942_RS08775
M744_RS07525	76.8752	SYNPCC7942_RS08770
M744_RS07530	0.0087	SYNPCC7942_RS08765
M744_RS07540	0.0087	SYNPCC7942_RS08760
M744_RS07545	60980.9446	SYNPCC7942_RS08755
M744_RS07550	157.3521	SYNPCC7942_RS08750
M744_RS07555	73.9853	SYNPCC7942_RS08745
M744_RS07560	164.8259	SYNPCC7942_RS08740
M744_RS07565	43.6437	SYNPCC7942_RS08735
M744_RS07570	449.2698	SYNPCC7942_RS08730
M744_RS07575	11.7761	SYNPCC7942_RS08725
M744_RS07580	0.5333	SYNPCC7942_RS08720
M744_RS07585	23.9692	SYNPCC7942_RS08715
M744_RS07590	1.8657	SYNPCC7942_RS08710
M744_RS07595	0.9655	SYNPCC7942_RS08705
M744_RS07600	35.7464	SYNPCC7942_RS08700
M744_RS07605	67.6122	SYNPCC7942_RS08695
M744_RS07610	17.9732	SYNPCC7942_RS08690
M744_RS07615	1.8850	SYNPCC7942_RS08685
M744_RS07620	115.8021	SYNPCC7942_RS08680
M744_RS07625	0.5097	SYNPCC7942_RS08675
M744_RS07630	55.8458	SYNPCC7942_RS08670
M744_RS07635	20.0072	SYNPCC7942_RS08660
M744_RS07640	6.1138	SYNPCC7942_RS08655
M744_RS07645	57.3217	SYNPCC7942_RS08650
M744_RS07650	48.9306	SYNPCC7942_RS08645
M744_RS07655	2.0602	SYNPCC7942_RS08640
M744_RS07660	105.0433	SYNPCC7942_RS08635
M744_RS07665	12.7212	SYNPCC7942_RS08630
M744_RS07670	22.6612	SYNPCC7942_RS08625
M744_RS07675	11.8260	SYNPCC7942_RS08620
M744_RS07680	7.3913	SYNPCC7942_RS08615
M744_RS07685	22.8500	SYNPCC7942_RS08610
M744_RS07690	61.3219	SYNPCC7942_RS08605
M744_RS07695	0.9832	SYNPCC7942_RS08600
M744_RS07700	13.0151	SYNPCC7942_RS08595
M744_RS07705	44.9407	SYNPCC7942_RS08590
M744_RS07710	116.5841	SYNPCC7942_RS08585
M744_RS07715	241.1987	SYNPCC7942_RS08580
M744_RS07720	8.7702	SYNPCC7942_RS08575
M744_RS07725	19.9494	SYNPCC7942_RS08570
M744_RS07730	17.5538	SYNPCC7942_RS08565
M744_RS07735	20.9405	SYNPCC7942_RS08560
M744_RS07740	23.9999	SYNPCC7942_RS08555
M744_RS07745	70.1432	SYNPCC7942_RS08550
M744_RS07750	53.1986	SYNPCC7942_RS08545
M744_RS07755	24.2943	SYNPCC7942_RS08540
M744_RS07760	55.1559	SYNPCC7942_RS08535
M744_RS07765	80.0087	SYNPCC7942_RS08530
M744_RS07770	0.3045	SYNPCC7942_RS08525
M744_RS07775	431.7145	SYNPCC7942_RS08520
M744_RS07780	13.1241	SYNPCC7942_RS08515
M744_RS07785	34.8983	SYNPCC7942_RS08510
M744_RS07790	117.4759	SYNPCC7942_RS08505
M744_RS07795	11.3094	SYNPCC7942_RS08500
M744_RS07800	309.5538	SYNPCC7942_RS08495
M744_RS07805	14.4086	SYNPCC7942_RS08490
M744_RS07810	7.2213	SYNPCC7942_RS08485
M744_RS07820	25.0284	SYNPCC7942_RS08475
M744_RS07825	36.1945	SYNPCC7942_RS08470
M744_RS07830	17.3292	SYNPCC7942_RS08465
M744_RS07835	55.8633	SYNPCC7942_RS08460
M744_RS07840	13.0323	SYNPCC7942_RS08455
M744_RS07845	1.9693	SYNPCC7942_RS08450
M744_RS07850	4658.9923	SYNPCC7942_RS08445
M744_RS07855	40.3483	SYNPCC7942_RS08440
M744_RS07860	9.6183	SYNPCC7942_RS08435
M744_RS07865	78.7499	SYNPCC7942_RS08430
M744_RS07870	0.1796	SYNPCC7942_RS08425
M744_RS07875	66.4056	SYNPCC7942_RS08420
M744_RS07880	130.4415	SYNPCC7942_RS08415
M744_RS07885	144.4791	SYNPCC7942_RS08410
M744_RS07890	69.5498	SYNPCC7942_RS08405
M744_RS07895	36.2129	SYNPCC7942_RS08400
M744_RS07905	47.4587	SYNPCC7942_RS08390
M744_RS07910	39.5059	SYNPCC7942_RS08385
M744_RS07915	84.4136	SYNPCC7942_RS08380
M744_RS07920	43.2594	SYNPCC7942_RS08375
M744_RS07925	46.8109	SYNPCC7942_RS08370
M744_RS07930	23.5321	SYNPCC7942_RS08365
M744_RS07935	5.5742	SYNPCC7942_RS08360
M744_RS07940	49.8317	SYNPCC7942_RS08355
M744_RS07950	256.4415	SYNPCC7942_RS08345
M744_RS07960	4574.5463	SYNPCC7942_RS07490
M744_RS07965	17.3283	SYNPCC7942_RS07495
M744_RS07970	176.5578	SYNPCC7942_RS07500
M744_RS07975	18.4967	SYNPCC7942_RS07505
M744_RS07980	49.0689	SYNPCC7942_RS07510
M744_RS07985	25.8148	SYNPCC7942_RS07515
M744_RS07990	54.8014	SYNPCC7942_RS07520
M744_RS07995	77.0255	SYNPCC7942_RS07525
M744_RS08000	86.3647	SYNPCC7942_RS07530
M744_RS08005	11.6075	SYNPCC7942_RS07535
M744_RS08010	5184.5462	SYNPCC7942_RS07540
M744_RS08015	334.2701	SYNPCC7942_RS07545
M744_RS08020	66.9590	SYNPCC7942_RS07550
M744_RS08025	10.5665	SYNPCC7942_RS07555
M744_RS08030	13.5883	SYNPCC7942_RS07560
M744_RS08035	90.7832	SYNPCC7942_RS07565
M744_RS08040	11.6832	SYNPCC7942_RS07570
M744_RS08045	21.1655	SYNPCC7942_RS07575
M744_RS08050	67.8839	SYNPCC7942_RS07580
M744_RS08055	11.3056	SYNPCC7942_RS07585
M744_RS08060	18.4525	SYNPCC7942_RS07590
M744_RS08065	0.0575	SYNPCC7942_RS07595
M744_RS08070	291.7907	SYNPCC7942_RS07600
M744_RS08075	2051.5327	SYNPCC7942_RS07605
M744_RS08080	572.1081	SYNPCC7942_RS07610
M744_RS08085	2893.6815	SYNPCC7942_RS07615
M744_RS08090	3255.8292	SYNPCC7942_RS07620
M744_RS08095	13.5320	SYNPCC7942_RS07625
M744_RS08100	8.7725	SYNPCC7942_RS07630
M744_RS08105	7.1638	SYNPCC7942_RS07635
M744_RS08110	16.6435	SYNPCC7942_RS07640
M744_RS08115	75.4229	SYNPCC7942_RS07645
M744_RS08120	0.3770	SYNPCC7942_RS07650
M744_RS08125	3.9561	SYNPCC7942_RS07655
M744_RS08130	824.3378	SYNPCC7942_RS07660
M744_RS08135	202.2517	SYNPCC7942_RS07665
M744_RS08140	13.3211	SYNPCC7942_RS07670
M744_RS08145	33.0628	SYNPCC7942_RS07675
M744_RS08150	19.2790	SYNPCC7942_RS07680
M744_RS08155	131.9166	SYNPCC7942_RS07685
M744_RS08160	995.4268	SYNPCC7942_RS07690
M744_RS08165	2877.8961	SYNPCC7942_RS07695
M744_RS08175	15.4146	SYNPCC7942_RS07705
M744_RS08180	14.7923	SYNPCC7942_RS07710
M744_RS08185	218.5725	SYNPCC7942_RS07715
M744_RS08190	0.0734	SYNPCC7942_RS07720
M744_RS08195	82.0987	SYNPCC7942_RS07725
M744_RS08200	29.7011	SYNPCC7942_RS07730
M744_RS08205	27.8335	SYNPCC7942_RS07735
M744_RS08210	36.0343	SYNPCC7942_RS07740
M744_RS08215	212.3800	SYNPCC7942_RS07745
M744_RS08220	92.0962	SYNPCC7942_RS07750
M744_RS08225	0.1014	SYNPCC7942_RS07755
M744_RS08230	22.1394	SYNPCC7942_RS07760
M744_RS08235	170.8636	SYNPCC7942_RS07765
M744_RS08240	88.2381	SYNPCC7942_RS07770
M744_RS08245	86.8176	SYNPCC7942_RS07775
M744_RS08265	490.2177	SYNPCC7942_RS07795
M744_RS08270	27.2138	SYNPCC7942_RS07800
M744_RS08275	195.0477	SYNPCC7942_RS07805
M744_RS08280	6.4246	SYNPCC7942_RS07810
M744_RS08285	37.1809	SYNPCC7942_RS07815
M744_RS08290	0.9651	SYNPCC7942_RS07820
M744_RS08295	10.1454	SYNPCC7942_RS07825
M744_RS08300	4.0468	SYNPCC7942_RS07830
M744_RS08305	56.3076	SYNPCC7942_RS07835
M744_RS08310	131.7593	SYNPCC7942_RS07840
M744_RS08315	62.2278	SYNPCC7942_RS07845
M744_RS08320	0.8915	SYNPCC7942_RS07850
M744_RS08325	0.4545	SYNPCC7942_RS07860
M744_RS08330	29.3189	SYNPCC7942_RS07865
M744_RS08335	240.2213	SYNPCC7942_RS07870
M744_RS08340	9.0126	SYNPCC7942_RS07875
M744_RS08345	16.2190	SYNPCC7942_RS07880
M744_RS08350	6.7329	SYNPCC7942_RS07885
M744_RS08355	2.1706	SYNPCC7942_RS07890
M744_RS08360	65.8931	SYNPCC7942_RS07895
M744_RS08365	6.6748	SYNPCC7942_RS07900
M744_RS08370	34.7310	SYNPCC7942_RS07905
M744_RS08375	1.4210	SYNPCC7942_RS07910
M744_RS08380	149.2293	SYNPCC7942_RS07915
M744_RS08385	0.0000	SYNPCC7942_RS07920
M744_RS08390	79.8058	SYNPCC7942_RS07925
M744_RS08395	68.2842	SYNPCC7942_RS07930
M744_RS08400	901.2578	SYNPCC7942_RS07935
M744_RS08405	5916.2597	SYNPCC7942_RS07940
M744_RS08410	19.3090	SYNPCC7942_RS07945
M744_RS08415	20.9244	SYNPCC7942_RS07950
M744_RS08420	13.3152	SYNPCC7942_RS07955
M744_RS08430	414.5217	SYNPCC7942_RS07965
M744_RS08435	88.0968	SYNPCC7942_RS07970
M744_RS08440	17.5013	SYNPCC7942_RS07975
M744_RS08450	4.4486	SYNPCC7942_RS07980
M744_RS08455	1.0354	SYNPCC7942_RS07985
M744_RS08465	6.7512	SYNPCC7942_RS07995
M744_RS08470	52.2848	SYNPCC7942_RS08000
M744_RS08475	184.8066	SYNPCC7942_RS08005
M744_RS08480	1.5314	SYNPCC7942_RS08010
M744_RS08485	121.1168	SYNPCC7942_RS08015
M744_RS08490	510.1026	SYNPCC7942_RS08020
M744_RS08495	202.4418	SYNPCC7942_RS08025
M744_RS08500	399.1013	SYNPCC7942_RS08030
M744_RS08505	340.3658	SYNPCC7942_RS08035
M744_RS08510	149.4206	SYNPCC7942_RS08040
M744_RS08515	18.1457	SYNPCC7942_RS08045
M744_RS08520	22.1942	SYNPCC7942_RS08050
M744_RS08525	53.4046	SYNPCC7942_RS08055
M744_RS08530	58.1763	SYNPCC7942_RS08060
M744_RS08535	14.9203	SYNPCC7942_RS08065
M744_RS08540	22.0104	SYNPCC7942_RS08070
M744_RS08545	36.9221	SYNPCC7942_RS08075
M744_RS08550	42.8232	SYNPCC7942_RS08080
M744_RS08555	0.8053	SYNPCC7942_RS08085
M744_RS08560	15.8403	SYNPCC7942_RS08090
M744_RS08565	26.0776	SYNPCC7942_RS08095
M744_RS08570	129.6584	SYNPCC7942_RS08100
M744_RS08575	1494.7512	SYNPCC7942_RS08105
M744_RS08580	143.4265	SYNPCC7942_RS08110
M744_RS08585	14.6661	SYNPCC7942_RS08115
M744_RS08590	30.3533	SYNPCC7942_RS08120
M744_RS08595	58.1473	SYNPCC7942_RS08125
M744_RS08600	5.4285	SYNPCC7942_RS08130
M744_RS08605	164.4679	SYNPCC7942_RS08135
M744_RS08610	141.5847	SYNPCC7942_RS08140
M744_RS08615	50.2243	SYNPCC7942_RS08145
M744_RS08620	15.3788	SYNPCC7942_RS08150
M744_RS08625	64.1552	SYNPCC7942_RS08155
M744_RS08630	106.1152	SYNPCC7942_RS08160
M744_RS08635	0.1591	SYNPCC7942_RS08165
M744_RS08640	13.1429	SYNPCC7942_RS08170
M744_RS08645	5.1171	SYNPCC7942_RS08175
M744_RS08650	69.8596	SYNPCC7942_RS08180
M744_RS08655	22.6356	SYNPCC7942_RS08185
M744_RS08660	7.1696	SYNPCC7942_RS08190
M744_RS08665	149.9584	SYNPCC7942_RS08195
M744_RS08670	217.7525	SYNPCC7942_RS08200
M744_RS08675	66.1115	SYNPCC7942_RS08205
M744_RS08680	234.5408	SYNPCC7942_RS08210
M744_RS08685	1078.7542	SYNPCC7942_RS08215
M744_RS08690	772.1870	SYNPCC7942_RS08220
M744_RS08695	276.8651	SYNPCC7942_RS08225
M744_RS08700	1007.4496	SYNPCC7942_RS08230
M744_RS08705	317.2856	SYNPCC7942_RS08235
M744_RS08710	411.7780	SYNPCC7942_RS08240
M744_RS08715	237.8550	SYNPCC7942_RS08245
M744_RS08720	582.3200	SYNPCC7942_RS08250
M744_RS08725	0.0132	SYNPCC7942_RS08255
M744_RS08730	54.2154	SYNPCC7942_RS08260
M744_RS08735	0.0264	SYNPCC7942_RS08265
M744_RS08740	361.7930	SYNPCC7942_RS08270
M744_RS08745	93.9948	SYNPCC7942_RS08275
M744_RS08750	9.5130	SYNPCC7942_RS08280
M744_RS08755	72.4123	SYNPCC7942_RS08285
M744_RS08760	31.1342	SYNPCC7942_RS08290
M744_RS08765	168.0227	SYNPCC7942_RS08295
M744_RS08770	441.0904	SYNPCC7942_RS08300
M744_RS08775	27.8630	SYNPCC7942_RS08305
M744_RS08780	2.7666	SYNPCC7942_RS08310
M744_RS08785	26.3412	SYNPCC7942_RS08315
M744_RS08790	34.3646	SYNPCC7942_RS08320
M744_RS08795	4.4673	SYNPCC7942_RS08325
M744_RS08800	91.7395	SYNPCC7942_RS08330
M744_RS08805	592.7452	SYNPCC7942_RS08335
M744_RS08815	24.6920	SYNPCC7942_RS07480
M744_RS08820	21.8363	SYNPCC7942_RS07475
M744_RS08825	177.9051	SYNPCC7942_RS07470
M744_RS08830	206.4743	SYNPCC7942_RS07465
M744_RS08835	1.3735	SYNPCC7942_RS07460
M744_RS08840	0.7511	SYNPCC7942_RS07455
M744_RS08845	69.2460	SYNPCC7942_RS07450
M744_RS08850	34.3179	SYNPCC7942_RS07445
M744_RS08855	132.9255	SYNPCC7942_RS07440
M744_RS08860	65.8431	SYNPCC7942_RS07435
M744_RS08865	0.0000	SYNPCC7942_RS07430
M744_RS08870	188.3777	SYNPCC7942_RS07425
M744_RS08875	13.6091	SYNPCC7942_RS07420
M744_RS08880	59.5657	SYNPCC7942_RS07415
M744_RS08885	58.8680	SYNPCC7942_RS07410
M744_RS08890	60.5649	SYNPCC7942_RS07405
M744_RS08895	35.2566	SYNPCC7942_RS07400
M744_RS08900	35.9041	SYNPCC7942_RS07395
M744_RS08910	2057.9540	SYNPCC7942_RS07385
M744_RS08920	1.4346	SYNPCC7942_RS07375
M744_RS08930	10.5625	SYNPCC7942_RS07370
M744_RS08935	14.0907	SYNPCC7942_RS07365
M744_RS08940	112.0150	SYNPCC7942_RS07360
M744_RS08945	68.9228	SYNPCC7942_RS07355
M744_RS08950	9.1105	SYNPCC7942_RS07350
M744_RS08955	8.8856	SYNPCC7942_RS07345
M744_RS08960	17.1750	SYNPCC7942_RS07340
M744_RS08965	333.9361	SYNPCC7942_RS07335
M744_RS08970	0.0000	SYNPCC7942_RS07330
M744_RS08975	200.3793	SYNPCC7942_RS07325
M744_RS08980	142.8157	SYNPCC7942_RS07320
M744_RS08985	225.5940	SYNPCC7942_RS07315
M744_RS08990	65.9781	SYNPCC7942_RS07310
M744_RS08995	15.5160	SYNPCC7942_RS07305
M744_RS09000	799.8433	SYNPCC7942_RS07300
M744_RS09005	3160.9960	SYNPCC7942_RS07295
M744_RS09010	74.0513	SYNPCC7942_RS07290
M744_RS09015	132.9926	SYNPCC7942_RS07285
M744_RS09020	384.7625	SYNPCC7942_RS07280
M744_RS09025	743.1499	SYNPCC7942_RS07275
M744_RS09030	329.6749	SYNPCC7942_RS07270
M744_RS09035	451.6727	SYNPCC7942_RS07265
M744_RS09040	1036.5892	SYNPCC7942_RS07260
M744_RS09045	0.0000	SYNPCC7942_RS07255
M744_RS09050	21.1808	SYNPCC7942_RS07250
M744_RS09055	472.2002	SYNPCC7942_RS07245
M744_RS09060	616.5116	SYNPCC7942_RS07240
M744_RS09065	37.5401	SYNPCC7942_RS07235
M744_RS09070	19.3814	SYNPCC7942_RS07230
M744_RS09075	116.4606	SYNPCC7942_RS07225
M744_RS09080	26.6968	SYNPCC7942_RS07220
M744_RS09085	734.6594	SYNPCC7942_RS07215
M744_RS09090	24.0349	SYNPCC7942_RS07210
M744_RS09095	5.4020	SYNPCC7942_RS07205
M744_RS09100	187.4670	SYNPCC7942_RS07200
M744_RS09105	77.5062	SYNPCC7942_RS07195
M744_RS09110	44.6062	SYNPCC7942_RS07190
M744_RS09115	20.2921	SYNPCC7942_RS07185
M744_RS09120	11.4736	SYNPCC7942_RS07180
M744_RS09125	66.5539	SYNPCC7942_RS07175
M744_RS09130	24.2306	SYNPCC7942_RS07170
M744_RS09135	6.0116	SYNPCC7942_RS07165
M744_RS09140	62.4155	SYNPCC7942_RS07160
M744_RS09145	57.5631	SYNPCC7942_RS07155
M744_RS09150	3583.7315	SYNPCC7942_RS07150
M744_RS09155	11.2095	SYNPCC7942_RS07145
M744_RS09160	0.8533	SYNPCC7942_RS07140
M744_RS09165	122.1132	SYNPCC7942_RS07135
M744_RS09170	9.1341	SYNPCC7942_RS07130
M744_RS09175	25.7400	SYNPCC7942_RS07125
M744_RS09180	189.5177	SYNPCC7942_RS07120
M744_RS09185	40.3330	SYNPCC7942_RS07115
M744_RS09195	0.2382	SYNPCC7942_RS07105
M744_RS09200	50.8211	SYNPCC7942_RS07100
M744_RS09205	28.4630	SYNPCC7942_RS07095
M744_RS09210	35.0344	SYNPCC7942_RS07090
M744_RS09215	181.8008	SYNPCC7942_RS07085
M744_RS09220	346.1840	SYNPCC7942_RS07080
M744_RS09225	154.9339	SYNPCC7942_RS07075
M744_RS09230	148.8939	SYNPCC7942_RS07070
M744_RS09235	32.6591	SYNPCC7942_RS07065
M744_RS09240	28.9595	SYNPCC7942_RS07060
M744_RS09250	11.8610	SYNPCC7942_RS07050
M744_RS09255	0.0000	SYNPCC7942_RS07045
M744_RS09260	117.6367	SYNPCC7942_RS07040
M744_RS09265	18.0363	SYNPCC7942_RS07035
M744_RS09270	69.1988	SYNPCC7942_RS07030
M744_RS09275	495.9809	SYNPCC7942_RS07025
M744_RS09280	79.4855	SYNPCC7942_RS07020
M744_RS09285	50.5203	SYNPCC7942_RS07015
M744_RS09290	29.3661	SYNPCC7942_RS07010
M744_RS09295	13.7767	SYNPCC7942_RS07005
M744_RS09300	48.9037	SYNPCC7942_RS07000
M744_RS09305	3.3030	SYNPCC7942_RS06995
M744_RS09310	10.9628	SYNPCC7942_RS06990
M744_RS09315	22.2890	SYNPCC7942_RS06985
M744_RS09320	66.2776	SYNPCC7942_RS06975
M744_RS09330	101.0709	SYNPCC7942_RS06965
M744_RS09335	63.3786	SYNPCC7942_RS06960
M744_RS09340	9.2187	SYNPCC7942_RS06955
M744_RS09345	48.6259	SYNPCC7942_RS06950
M744_RS09350	96.2425	SYNPCC7942_RS06940
M744_RS09355	227.1160	SYNPCC7942_RS06935
M744_RS09360	0.0132	SYNPCC7942_RS06930
M744_RS09365	134.5236	SYNPCC7942_RS06925
M744_RS09370	56.8763	SYNPCC7942_RS06920
M744_RS09375	4.3175	SYNPCC7942_RS06915
M744_RS09380	282.7183	SYNPCC7942_RS06910
M744_RS09385	4.2940	SYNPCC7942_RS06905
M744_RS09390	0.0132	SYNPCC7942_RS06900
M744_RS09395	6.8825	SYNPCC7942_RS06895
M744_RS09400	7.4528	SYNPCC7942_RS06890
M744_RS09405	4.9256	SYNPCC7942_RS06885
M744_RS09410	179.1299	SYNPCC7942_RS06880
M744_RS09415	738.5363	SYNPCC7942_RS06875
M744_RS09420	347.9463	SYNPCC7942_RS06870
M744_RS09425	518.7208	SYNPCC7942_RS06865
M744_RS09430	10.1694	SYNPCC7942_RS06860
M744_RS09435	23.5298	SYNPCC7942_RS06855
M744_RS09440	96.1347	SYNPCC7942_RS06850
M744_RS09445	13.3850	SYNPCC7942_RS06845
M744_RS09450	427.8337	SYNPCC7942_RS06840
M744_RS09455	170.9984	SYNPCC7942_RS06835
M744_RS09460	15.4427	SYNPCC7942_RS06830
M744_RS09465	0.2550	SYNPCC7942_RS06825
M744_RS09470	9.9518	SYNPCC7942_RS06820
M744_RS09475	13.6251	SYNPCC7942_RS06815
M744_RS09480	42.0145	SYNPCC7942_RS06810
M744_RS09485	11.2472	SYNPCC7942_RS06805
M744_RS09490	34.7903	SYNPCC7942_RS06800
M744_RS09495	62.0399	SYNPCC7942_RS06795
M744_RS09500	11.0987	SYNPCC7942_RS06790
M744_RS09505	14.1057	SYNPCC7942_RS06785
M744_RS09510	92.4773	SYNPCC7942_RS06780
M744_RS09515	53.0042	SYNPCC7942_RS06775
M744_RS09520	209.4183	SYNPCC7942_RS06770
M744_RS09525	28.0478	SYNPCC7942_RS06765
M744_RS09530	634.2061	SYNPCC7942_RS06760
M744_RS09535	5.3834	SYNPCC7942_RS06755
M744_RS09540	38.2193	SYNPCC7942_RS06750
M744_RS09545	45.2225	SYNPCC7942_RS06745
M744_RS09550	10.3325	SYNPCC7942_RS06740
M744_RS09555	13.0861	SYNPCC7942_RS06735
M744_RS09560	2.8443	SYNPCC7942_RS06730
M744_RS09565	94.2410	SYNPCC7942_RS06725
M744_RS09570	3630.3673	SYNPCC7942_RS06720
M744_RS09575	39.7924	SYNPCC7942_RS06715
M744_RS09580	21.4909	SYNPCC7942_RS06710
M744_RS09585	22.5956	SYNPCC7942_RS06705
M744_RS09590	31.4286	SYNPCC7942_RS06700
M744_RS09595	4.6911	SYNPCC7942_RS06695
M744_RS09600	31.4593	SYNPCC7942_RS06690
M744_RS09605	6.7218	SYNPCC7942_RS06685
M744_RS09610	43.0060	SYNPCC7942_RS06680
M744_RS09615	31.9367	SYNPCC7942_RS06675
M744_RS09620	12.0778	SYNPCC7942_RS06670
M744_RS09625	112.1493	SYNPCC7942_RS06665
M744_RS09630	283.9494	SYNPCC7942_RS06660
M744_RS09635	25.3501	SYNPCC7942_RS06655
M744_RS09640	2.8752	SYNPCC7942_RS06650
M744_RS09645	20.2772	SYNPCC7942_RS06645
M744_RS09650	160.7864	SYNPCC7942_RS06640
M744_RS09655	208.3467	SYNPCC7942_RS06635
M744_RS09660	2.5818	SYNPCC7942_RS06630
M744_RS09665	72.4593	SYNPCC7942_RS06625
M744_RS09670	66.9749	SYNPCC7942_RS06620
M744_RS09675	171.9867	SYNPCC7942_RS06615
M744_RS09680	105.4706	SYNPCC7942_RS06610
M744_RS09685	7.6175	SYNPCC7942_RS06605
M744_RS09690	213.2612	SYNPCC7942_RS06600
M744_RS09695	4.0469	SYNPCC7942_RS06595
M744_RS09700	372.2768	SYNPCC7942_RS06590
M744_RS09705	15.1193	SYNPCC7942_RS06585
M744_RS09710	0.5110	SYNPCC7942_RS06580
M744_RS09715	18.6742	SYNPCC7942_RS06575
M744_RS09720	0.0132	SYNPCC7942_RS06570
M744_RS09725	287.6511	SYNPCC7942_RS06565
M744_RS09730	31.7718	SYNPCC7942_RS06560
M744_RS09735	5.8476	SYNPCC7942_RS06555
M744_RS09740	26.4050	SYNPCC7942_RS06550
M744_RS09745	107.7827	SYNPCC7942_RS06545
M744_RS09750	477.9647	SYNPCC7942_RS06540
M744_RS09755	18.2670	SYNPCC7942_RS06535
M744_RS09760	109.0914	SYNPCC7942_RS06530
M744_RS09765	42.3489	SYNPCC7942_RS06525
M744_RS09770	18.6460	SYNPCC7942_RS06520
M744_RS09775	11.6890	SYNPCC7942_RS06515
M744_RS09780	70.2271	SYNPCC7942_RS06510
M744_RS09785	102.3345	SYNPCC7942_RS06505
M744_RS09790	21.4130	SYNPCC7942_RS06500
M744_RS09795	20.1439	SYNPCC7942_RS06495
M744_RS09800	8.7720	SYNPCC7942_RS06490
M744_RS09805	35.9936	SYNPCC7942_RS06485
M744_RS09810	1.0334	SYNPCC7942_RS06480
M744_RS09815	56.0809	SYNPCC7942_RS06475
M744_RS09820	16.3730	SYNPCC7942_RS06470
M744_RS09825	34.3631	SYNPCC7942_RS06465
M744_RS09830	58.3358	SYNPCC7942_RS06460
M744_RS09835	621.5887	SYNPCC7942_RS06455
M744_RS09840	230.3521	SYNPCC7942_RS06450
M744_RS09845	0.0132	SYNPCC7942_RS06445
M744_RS09850	135.7451	SYNPCC7942_RS06440
M744_RS09855	46.6743	SYNPCC7942_RS06435
M744_RS09860	0.0000	SYNPCC7942_RS06430
M744_RS09865	1651.2023	SYNPCC7942_RS06425
M744_RS09875	17.2748	SYNPCC7942_RS06415
M744_RS09880	7.6207	SYNPCC7942_RS06410
M744_RS09885	959.3424	SYNPCC7942_RS06405
M744_RS09890	299.6919	SYNPCC7942_RS06400
M744_RS09895	0.0132	SYNPCC7942_RS06395
M744_RS09905	33.9947	SYNPCC7942_RS06385
M744_RS09910	2.0410	SYNPCC7942_RS06380
M744_RS09915	14.6358	SYNPCC7942_RS06375
M744_RS09920	4.2343	SYNPCC7942_RS06370
M744_RS09925	1.9131	SYNPCC7942_RS06365
M744_RS09930	90.2845	SYNPCC7942_RS06360
M744_RS09935	70.4732	SYNPCC7942_RS06355
M744_RS09940	147.5999	SYNPCC7942_RS06350
M744_RS09945	467.9900	SYNPCC7942_RS06345
M744_RS09950	585.3769	SYNPCC7942_RS06340
M744_RS09955	179.2563	SYNPCC7942_RS06335
M744_RS09960	26.9321	SYNPCC7942_RS06330
M744_RS09965	157.8125	SYNPCC7942_RS06325
M744_RS09970	15.7945	SYNPCC7942_RS06320
M744_RS09975	143.6318	SYNPCC7942_RS06315
M744_RS09980	338.7182	SYNPCC7942_RS06310
M744_RS09985	0.0760	SYNPCC7942_RS06305
M744_RS09990	16.7251	SYNPCC7942_RS06300
M744_RS09995	6.3954	SYNPCC7942_RS06295
M744_RS10000	19.6602	SYNPCC7942_RS06290
M744_RS10010	51.6758	SYNPCC7942_RS06280
M744_RS10015	61.5919	SYNPCC7942_RS06275
M744_RS10020	5.1721	SYNPCC7942_RS06270
M744_RS10025	122.5963	SYNPCC7942_RS06265
M744_RS10030	8.8909	SYNPCC7942_RS06260
M744_RS10035	17.7075	SYNPCC7942_RS06255
M744_RS10040	1759.9254	SYNPCC7942_RS06250
M744_RS10045	1519.0464	SYNPCC7942_RS06245
M744_RS10050	51.8939	SYNPCC7942_RS06240
M744_RS10055	48.4546	SYNPCC7942_RS06235
M744_RS10060	67.3125	SYNPCC7942_RS06230
M744_RS10065	15.2390	SYNPCC7942_RS06225
M744_RS10070	4.3778	SYNPCC7942_RS06220
M744_RS10075	2.4043	SYNPCC7942_RS06215
M744_RS10080	1.5932	SYNPCC7942_RS06210
M744_RS10085	8.4550	SYNPCC7942_RS06205
M744_RS10090	0.0178	SYNPCC7942_RS06200
M744_RS10095	74.0037	SYNPCC7942_RS06195
M744_RS10100	73.5698	SYNPCC7942_RS06190
M744_RS10105	0.0888	SYNPCC7942_RS06185
M744_RS10110	20.7002	SYNPCC7942_RS06180
M744_RS10115	2.6456	SYNPCC7942_RS06175
M744_RS10125	0.0087	SYNPCC7942_RS06165
M744_RS10130	0.9685	SYNPCC7942_RS06160
M744_RS10135	40.7808	SYNPCC7942_RS06155
M744_RS10140	41.8653	SYNPCC7942_RS06150
M744_RS10145	0.0663	SYNPCC7942_RS06145
M744_RS10150	22.2507	SYNPCC7942_RS06140
M744_RS10155	131.8001	SYNPCC7942_RS06135
M744_RS10160	19.4694	SYNPCC7942_RS06130
M744_RS10165	8.4904	SYNPCC7942_RS06125
M744_RS10170	76.2215	SYNPCC7942_RS06120
M744_RS10175	20.4044	SYNPCC7942_RS06115
M744_RS10180	178.4948	SYNPCC7942_RS06110
M744_RS10185	113.9236	SYNPCC7942_RS06105
M744_RS10190	5.5462	SYNPCC7942_RS06100
M744_RS10195	30.4299	SYNPCC7942_RS06095
M744_RS10200	14.2719	SYNPCC7942_RS06090
M744_RS10205	21.4523	SYNPCC7942_RS06085
M744_RS10210	6.8486	SYNPCC7942_RS06080
M744_RS10215	4.7764	SYNPCC7942_RS06075
M744_RS10220	1.7971	SYNPCC7942_RS06070
M744_RS10225	87.5076	SYNPCC7942_RS06065
M744_RS10230	64.8992	SYNPCC7942_RS06060
M744_RS10235	91.4778	SYNPCC7942_RS06055
M744_RS10240	324.6103	SYNPCC7942_RS06050
M744_RS10245	622.0594	SYNPCC7942_RS06045
M744_RS10250	105.7308	SYNPCC7942_RS06040
M744_RS10255	89.1587	SYNPCC7942_RS06035
M744_RS10260	737.8546	SYNPCC7942_RS06030
M744_RS10265	682.2923	SYNPCC7942_RS06025
M744_RS10270	415.7204	SYNPCC7942_RS06020
M744_RS10275	24.8125	SYNPCC7942_RS06015
M744_RS10280	33.1024	SYNPCC7942_RS06010
M744_RS10285	8.2770	SYNPCC7942_RS06005
M744_RS10290	8.1495	SYNPCC7942_RS06000
M744_RS10295	37.8863	SYNPCC7942_RS05995
M744_RS10300	16.1417	SYNPCC7942_RS05990
M744_RS10305	11.0284	SYNPCC7942_RS05985
M744_RS10310	12.1539	SYNPCC7942_RS05980
M744_RS10320	62.9454	SYNPCC7942_RS05970
M744_RS10330	3.8224	SYNPCC7942_RS05960
M744_RS10335	6.4684	SYNPCC7942_RS05955
M744_RS10340	2.4257	SYNPCC7942_RS05950
M744_RS10345	19.2120	SYNPCC7942_RS05945
M744_RS10355	214.8111	SYNPCC7942_RS05935
M744_RS10360	1.5581	SYNPCC7942_RS05930
M744_RS10365	186.1351	SYNPCC7942_RS05925
M744_RS10370	27.9688	SYNPCC7942_RS05920
M744_RS10375	2.9476	SYNPCC7942_RS05915
M744_RS10380	493.9648	SYNPCC7942_RS05910
M744_RS10390	87.1683	SYNPCC7942_RS05900
M744_RS10395	771.3770	SYNPCC7942_RS05895
M744_RS10405	42.5031	SYNPCC7942_RS05885
M744_RS10410	227.0094	SYNPCC7942_RS05880
M744_RS10415	2.8805	SYNPCC7942_RS05875
M744_RS10420	65.2233	SYNPCC7942_RS05870
M744_RS10425	104.2164	SYNPCC7942_RS05865
M744_RS10435	123.1004	SYNPCC7942_RS05855
M744_RS10440	42.2094	SYNPCC7942_RS05850
M744_RS10445	99.3462	SYNPCC7942_RS05845
M744_RS10450	7.5423	SYNPCC7942_RS05840
M744_RS10455	4.5332	SYNPCC7942_RS05835
M744_RS10460	126.9954	SYNPCC7942_RS05830
M744_RS10470	155.2553	SYNPCC7942_RS05820
M744_RS10475	133.2040	SYNPCC7942_RS05815
M744_RS10480	2.4868	SYNPCC7942_RS05810
M744_RS10485	4.7502	SYNPCC7942_RS05805
M744_RS10490	14.9368	SYNPCC7942_RS05800
M744_RS10495	18.6873	SYNPCC7942_RS05795
M744_RS10500	8.7254	SYNPCC7942_RS05790
M744_RS10505	33.1504	SYNPCC7942_RS05785
M744_RS10510	16.8110	SYNPCC7942_RS05780
M744_RS10515	11.5943	SYNPCC7942_RS05775
M744_RS10520	248.6542	SYNPCC7942_RS05770
M744_RS10525	40.0961	SYNPCC7942_RS05765
M744_RS10530	554.1741	SYNPCC7942_RS05760
M744_RS10535	120.3343	SYNPCC7942_RS05755
M744_RS10540	75.2208	SYNPCC7942_RS05750
M744_RS10545	279.7883	SYNPCC7942_RS05745
M744_RS10550	38.3392	SYNPCC7942_RS05740
M744_RS10555	40.2468	SYNPCC7942_RS05735
M744_RS10565	20.4756	SYNPCC7942_RS05725
M744_RS10570	83.4694	SYNPCC7942_RS05720
M744_RS10575	21.9978	SYNPCC7942_RS05715
M744_RS10580	246.2132	SYNPCC7942_RS05710
M744_RS10585	9.0360	SYNPCC7942_RS05705
M744_RS10590	53.0155	SYNPCC7942_RS05700
M744_RS10595	52.3853	SYNPCC7942_RS05695
M744_RS10600	162.7477	SYNPCC7942_RS05690
M744_RS10605	6.2399	SYNPCC7942_RS05685
M744_RS10610	18.0897	SYNPCC7942_RS05680
M744_RS10615	46.2995	SYNPCC7942_RS05675
M744_RS10620	11.4604	SYNPCC7942_RS05670
M744_RS10625	41.1068	SYNPCC7942_RS05665
M744_RS10630	57.0274	SYNPCC7942_RS05660
M744_RS10635	22.2740	SYNPCC7942_RS05655
M744_RS10640	118.6916	SYNPCC7942_RS05650
M744_RS10645	808.4309	SYNPCC7942_RS05645
M744_RS10650	26.8807	SYNPCC7942_RS05640
M744_RS10655	103.9864	SYNPCC7942_RS05635
M744_RS10660	31.4475	SYNPCC7942_RS05630
M744_RS10665	413.2669	SYNPCC7942_RS05625
M744_RS10670	123.9911	SYNPCC7942_RS05620
M744_RS10675	3.6235	SYNPCC7942_RS05615
M744_RS10680	0.7170	SYNPCC7942_RS05610
M744_RS10685	15.4732	SYNPCC7942_RS05605
M744_RS10690	24.3318	SYNPCC7942_RS05600
M744_RS10695	24.2359	SYNPCC7942_RS05595
M744_RS10700	3505.3683	SYNPCC7942_RS05590
M744_RS10705	315.6372	SYNPCC7942_RS05585
M744_RS10710	31.4058	SYNPCC7942_RS05580
M744_RS10715	88.6534	SYNPCC7942_RS05575
M744_RS10720	53.7178	SYNPCC7942_RS05570
M744_RS10725	2.1957	SYNPCC7942_RS05565
M744_RS10735	530.4587	SYNPCC7942_RS05555
M744_RS10740	76.0755	SYNPCC7942_RS05550
M744_RS10745	57.8242	SYNPCC7942_RS05545
M744_RS10755	45.7609	SYNPCC7942_RS05535
M744_RS10760	265.7869	SYNPCC7942_RS05530
M744_RS10765	7.6396	SYNPCC7942_RS05525
M744_RS10770	5.7948	SYNPCC7942_RS05520
M744_RS10775	3.6331	SYNPCC7942_RS05515
M744_RS10780	4.1743	SYNPCC7942_RS05510
M744_RS10785	15.2966	SYNPCC7942_RS05505
M744_RS10790	12.4777	SYNPCC7942_RS05500
M744_RS10795	237.7861	SYNPCC7942_RS05495
M744_RS10800	59.8193	SYNPCC7942_RS05490
M744_RS10805	15.5880	SYNPCC7942_RS05485
M744_RS10810	45.9102	SYNPCC7942_RS05480
M744_RS10815	6.8170	SYNPCC7942_RS05475
M744_RS10825	1.9934	SYNPCC7942_RS05465
M744_RS10830	141.2676	SYNPCC7942_RS05460
M744_RS10835	85.3297	SYNPCC7942_RS05455
M744_RS10840	125.0327	SYNPCC7942_RS05450
M744_RS10845	262.4358	SYNPCC7942_RS05445
M744_RS10850	3.2084	SYNPCC7942_RS05440
M744_RS10855	13.8267	SYNPCC7942_RS05435
M744_RS10860	4525.7759	SYNPCC7942_RS05430
M744_RS10865	3.3671	SYNPCC7942_RS05425
M744_RS10870	124.9987	SYNPCC7942_RS05420
M744_RS10875	174.3791	SYNPCC7942_RS05415
M744_RS10880	16.5318	SYNPCC7942_RS05410
M744_RS10885	52.0647	SYNPCC7942_RS05405
M744_RS10900	580.2765	SYNPCC7942_RS05390
M744_RS10905	3130.9356	SYNPCC7942_RS05385
M744_RS10910	5613.3545	SYNPCC7942_RS05380
M744_RS10925	7.6640	SYNPCC7942_RS05365
M744_RS10930	50.6880	SYNPCC7942_RS05360
M744_RS10935	45.7018	SYNPCC7942_RS05355
M744_RS10940	10.6628	SYNPCC7942_RS05350
M744_RS10945	19.8879	SYNPCC7942_RS05345
M744_RS10950	27.6016	SYNPCC7942_RS05340
M744_RS10955	0.2033	SYNPCC7942_RS05335
M744_RS10960	0.6597	SYNPCC7942_RS05330
M744_RS10965	57.5577	SYNPCC7942_RS05325
M744_RS10970	14.9716	SYNPCC7942_RS05320
M744_RS10975	0.0000	SYNPCC7942_RS05315
M744_RS10980	83.1975	SYNPCC7942_RS05310
M744_RS10985	295.3800	SYNPCC7942_RS05305
M744_RS10990	149.7412	SYNPCC7942_RS05300
M744_RS11000	63.0051	SYNPCC7942_RS05290
M744_RS11005	74.8792	SYNPCC7942_RS05285
M744_RS11015	6.0094	SYNPCC7942_RS05275
M744_RS11020	55.2519	SYNPCC7942_RS05270
M744_RS11025	0.0963	SYNPCC7942_RS05265
M744_RS11030	68.8413	SYNPCC7942_RS05260
M744_RS11035	16.5613	SYNPCC7942_RS05255
M744_RS11040	25.5406	SYNPCC7942_RS05250
M744_RS11045	140.5611	SYNPCC7942_RS05245
M744_RS11050	66.9886	SYNPCC7942_RS05240
M744_RS11055	13.3932	SYNPCC7942_RS05235
M744_RS11060	13.9994	SYNPCC7942_RS05230
M744_RS11070	68.7809	SYNPCC7942_RS05220
M744_RS11075	376.2855	SYNPCC7942_RS05215
M744_RS11080	1028.8839	SYNPCC7942_RS05210
M744_RS11085	19.0273	SYNPCC7942_RS05205
M744_RS11090	11.1835	SYNPCC7942_RS05195
M744_RS11095	13.8268	SYNPCC7942_RS05190
M744_RS11100	43.9878	SYNPCC7942_RS05185
M744_RS11105	10.3710	SYNPCC7942_RS05180
M744_RS11110	4.6734	SYNPCC7942_RS05175
M744_RS11115	32.1402	SYNPCC7942_RS05170
M744_RS11125	5.2600	SYNPCC7942_RS05160
M744_RS11130	0.9245	SYNPCC7942_RS05155
M744_RS11135	0.0000	SYNPCC7942_RS05150
M744_RS11145	5584.0205	SYNPCC7942_RS05140
M744_RS11150	35.8583	SYNPCC7942_RS05135
M744_RS11155	63.3478	SYNPCC7942_RS05130
M744_RS11160	50.1360	SYNPCC7942_RS13725
M744_RS11165	267.2902	SYNPCC7942_RS05125
M744_RS11170	138.2796	SYNPCC7942_RS05120
M744_RS11175	0.1664	SYNPCC7942_RS05115
M744_RS11180	52.2589	SYNPCC7942_RS05110
M744_RS11185	61.2150	SYNPCC7942_RS05105
M744_RS11190	40.4055	SYNPCC7942_RS05100
M744_RS11195	85.4371	SYNPCC7942_RS05095
M744_RS11200	67.3824	SYNPCC7942_RS05090
M744_RS11205	8.9511	SYNPCC7942_RS13875
M744_RS11210	143.9075	SYNPCC7942_RS05080
M744_RS11215	53.3218	SYNPCC7942_RS05075
M744_RS11220	19.1225	SYNPCC7942_RS05070
M744_RS11225	108.2519	SYNPCC7942_RS05065
M744_RS11230	33.9572	SYNPCC7942_RS05060
M744_RS11235	72.0526	SYNPCC7942_RS05055
M744_RS11240	113.2828	SYNPCC7942_RS05050
M744_RS11245	162.2068	SYNPCC7942_RS05045
M744_RS11250	13.3851	SYNPCC7942_RS05040
M744_RS11260	18.6795	SYNPCC7942_RS05030
M744_RS11265	7.9546	SYNPCC7942_RS05025
M744_RS11270	884.2464	SYNPCC7942_RS05020
M744_RS11275	618.2271	SYNPCC7942_RS05015
M744_RS11280	51.0545	SYNPCC7942_RS05010
M744_RS11285	4.3992	SYNPCC7942_RS05005
M744_RS11295	24.5214	SYNPCC7942_RS04995
M744_RS11300	418.6733	SYNPCC7942_RS04990
M744_RS11305	16.5773	SYNPCC7942_RS04985
M744_RS11310	14.1048	SYNPCC7942_RS04980
M744_RS11315	12.3950	SYNPCC7942_RS04975
M744_RS11320	62.3546	SYNPCC7942_RS04970
M744_RS11325	100.0965	SYNPCC7942_RS04965
M744_RS11330	22.2622	SYNPCC7942_RS04960
M744_RS11335	55.1360	SYNPCC7942_RS04955
M744_RS11340	43.6711	SYNPCC7942_RS04945
M744_RS11345	29.1617	SYNPCC7942_RS04940
M744_RS11350	9.4160	SYNPCC7942_RS04935
M744_RS11355	97.2027	SYNPCC7942_RS04930
M744_RS11360	9.8024	SYNPCC7942_RS04925
M744_RS11365	56.6534	SYNPCC7942_RS04920
M744_RS11370	119.0697	SYNPCC7942_RS04915
M744_RS11375	40.6429	SYNPCC7942_RS04910
M744_RS11380	23.5911	SYNPCC7942_RS04905
M744_RS11385	2.1084	SYNPCC7942_RS04900
M744_RS11390	39.4499	SYNPCC7942_RS04895
M744_RS11395	69.0793	SYNPCC7942_RS04890
M744_RS11400	7.3177	SYNPCC7942_RS04885
M744_RS11405	24.9301	SYNPCC7942_RS04880
M744_RS11410	27.9824	SYNPCC7942_RS04875
M744_RS11415	11.6700	SYNPCC7942_RS04870
M744_RS11420	60.1122	SYNPCC7942_RS04865
M744_RS11425	10.0339	SYNPCC7942_RS04860
M744_RS11430	0.0132	SYNPCC7942_RS04855
M744_RS11435	366.4766	SYNPCC7942_RS04850
M744_RS11440	1194.6570	SYNPCC7942_RS04845
M744_RS11445	55.6055	SYNPCC7942_RS04840
M744_RS11450	94.9262	SYNPCC7942_RS04835
M744_RS11455	59.5470	SYNPCC7942_RS04830
M744_RS11460	2.2889	SYNPCC7942_RS04825
M744_RS11465	10.8289	SYNPCC7942_RS04820
M744_RS11470	6.0389	SYNPCC7942_RS04815
M744_RS11475	9.1828	SYNPCC7942_RS04810
M744_RS11480	13.5762	SYNPCC7942_RS04805
M744_RS11485	2.3111	SYNPCC7942_RS04800
M744_RS11490	10.7828	SYNPCC7942_RS04795
M744_RS11495	17.5136	SYNPCC7942_RS04790
M744_RS11500	30.3706	SYNPCC7942_RS04785
M744_RS11505	148.4628	SYNPCC7942_RS04780
M744_RS11510	832.3642	SYNPCC7942_RS04775
M744_RS11515	15.9953	SYNPCC7942_RS04770
M744_RS11520	56.9789	SYNPCC7942_RS04765
M744_RS11525	57.6533	SYNPCC7942_RS04760
M744_RS11530	99.8999	SYNPCC7942_RS04755
M744_RS11535	5.7892	SYNPCC7942_RS04750
M744_RS11540	19.8353	SYNPCC7942_RS04745
M744_RS11545	9.8335	SYNPCC7942_RS04740
M744_RS11550	203.7506	SYNPCC7942_RS04735
M744_RS11555	22.8686	SYNPCC7942_RS04730
M744_RS11565	196.4717	SYNPCC7942_RS04720
M744_RS11580	0.0132	SYNPCC7942_RS04705
M744_RS11585	10.9822	SYNPCC7942_RS04700
M744_RS11590	5.1262	SYNPCC7942_RS04695
M744_RS11595	20.7926	SYNPCC7942_RS04690
M744_RS11600	3.4736	SYNPCC7942_RS04685
M744_RS11605	73.9901	SYNPCC7942_RS04680
M744_RS11610	101.6235	SYNPCC7942_RS04675
M744_RS11615	39.6819	SYNPCC7942_RS04670
M744_RS11625	359.7118	SYNPCC7942_RS13975
M744_RS11630	268.8800	SYNPCC7942_RS04660
M744_RS11635	399.8650	SYNPCC7942_RS04655
M744_RS11640	38.7189	SYNPCC7942_RS04650
M744_RS11645	63.4173	SYNPCC7942_RS04645
M744_RS11650	14752.9363	SYNPCC7942_RS04640
M744_RS11655	20.8258	SYNPCC7942_RS04635
M744_RS11665	0.0177	SYNPCC7942_RS04625
M744_RS11670	7.2883	SYNPCC7942_RS04620
M744_RS11675	35.1312	SYNPCC7942_RS04615
M744_RS11680	10.0246	SYNPCC7942_RS04610
M744_RS11685	10.6469	SYNPCC7942_RS04605
M744_RS11695	10.0372	SYNPCC7942_RS04595
M744_RS11700	14.3688	SYNPCC7942_RS04590
M744_RS11710	0.4350	SYNPCC7942_RS04580
M744_RS11715	232.4338	SYNPCC7942_RS04575
M744_RS11720	169.0302	SYNPCC7942_RS04570
M744_RS11725	195.9726	SYNPCC7942_RS04565
M744_RS11730	4236.4773	SYNPCC7942_RS04560
M744_RS11735	3854.2676	SYNPCC7942_RS04555
M744_RS11740	291.6274	SYNPCC7942_RS04550
M744_RS11745	15.4814	SYNPCC7942_RS04545
M744_RS11750	9.3498	SYNPCC7942_RS04540
M744_RS11755	16.6378	SYNPCC7942_RS04535
M744_RS11760	0.0177	SYNPCC7942_RS04530
M744_RS11765	265.9515	SYNPCC7942_RS04525
M744_RS11770	69.7099	SYNPCC7942_RS04520
M744_RS11775	153.8664	SYNPCC7942_RS04515
M744_RS11780	23.6867	SYNPCC7942_RS04510
M744_RS11785	50.6220	SYNPCC7942_RS04505
M744_RS11790	92.4393	SYNPCC7942_RS04500
M744_RS11795	4.4401	SYNPCC7942_RS04495
M744_RS11800	1.3770	SYNPCC7942_RS04490
M744_RS11805	21.7019	SYNPCC7942_RS04485
M744_RS11810	8.2996	SYNPCC7942_RS04480
M744_RS11815	14.1990	SYNPCC7942_RS04475
M744_RS11820	2.9248	SYNPCC7942_RS04470
M744_RS11825	4.8111	SYNPCC7942_RS04465
M744_RS11830	5.5178	SYNPCC7942_RS04460
M744_RS11835	16.7192	SYNPCC7942_RS04455
M744_RS11840	399.9753	SYNPCC7942_RS04450
M744_RS11845	7.9349	SYNPCC7942_RS04445
M744_RS11850	82.2048	SYNPCC7942_RS04440
M744_RS11855	222.9110	SYNPCC7942_RS04435
M744_RS11860	233.5183	SYNPCC7942_RS04430
M744_RS11865	1195.2536	SYNPCC7942_RS04425
M744_RS11870	366.6579	SYNPCC7942_RS04420
M744_RS11875	252.4512	SYNPCC7942_RS04415
M744_RS11880	366.1400	SYNPCC7942_RS04410
M744_RS11885	65.3797	SYNPCC7942_RS04405
M744_RS11890	2.1951	SYNPCC7942_RS04400
M744_RS11895	52.8438	SYNPCC7942_RS04395
M744_RS11900	16.8806	SYNPCC7942_RS04390
M744_RS11910	47.2098	SYNPCC7942_RS04380
M744_RS11915	195.2181	SYNPCC7942_RS04375
M744_RS11920	56.2608	SYNPCC7942_RS04370
M744_RS11925	196.8078	SYNPCC7942_RS04365
M744_RS11930	35.8940	SYNPCC7942_RS04360
M744_RS11935	46.7419	SYNPCC7942_RS04355
M744_RS11940	75.0110	SYNPCC7942_RS04350
M744_RS11945	18.3044	SYNPCC7942_RS04345
M744_RS11950	0.0852	SYNPCC7942_RS04340
M744_RS11955	121.4641	SYNPCC7942_RS04335
M744_RS11960	0.3993	SYNPCC7942_RS04330
M744_RS11965	46.4035	SYNPCC7942_RS04325
M744_RS11970	59.0472	SYNPCC7942_RS04320
M744_RS11975	387.1481	SYNPCC7942_RS04315
M744_RS11980	88.3424	SYNPCC7942_RS04310
M744_RS11990	0.4798	SYNPCC7942_RS04300
M744_RS11995	6.2797	SYNPCC7942_RS04295
M744_RS12000	57.5713	SYNPCC7942_RS04290
M744_RS12005	2.2586	SYNPCC7942_RS04285
M744_RS12010	9.4533	SYNPCC7942_RS04280
M744_RS12015	36.5098	SYNPCC7942_RS04275
M744_RS12020	12.0296	SYNPCC7942_RS04270
M744_RS12025	3.3279	SYNPCC7942_RS04265
M744_RS12030	0.0622	SYNPCC7942_RS04260
M744_RS12035	49.3303	SYNPCC7942_RS04255
M744_RS12040	0.2282	SYNPCC7942_RS04250
M744_RS12045	68.4985	SYNPCC7942_RS04245
M744_RS12050	58.4457	SYNPCC7942_RS04240
M744_RS12055	0.2406	SYNPCC7942_RS04235
M744_RS12060	51.8615	SYNPCC7942_RS04230
M744_RS12065	6.3299	SYNPCC7942_RS04225
M744_RS12070	33.6769	SYNPCC7942_RS04220
M744_RS12075	6.2263	SYNPCC7942_RS04215
M744_RS12080	21.5119	SYNPCC7942_RS04210
M744_RS12085	40.5034	SYNPCC7942_RS04205
M744_RS12090	37.8096	SYNPCC7942_RS04200
M744_RS12095	45.2006	SYNPCC7942_RS04195
M744_RS12100	0.2250	SYNPCC7942_RS04190
M744_RS12105	55.0718	SYNPCC7942_RS04185
M744_RS12110	97.0494	SYNPCC7942_RS04180
M744_RS12115	143.3368	SYNPCC7942_RS04175
M744_RS12120	0.0537	SYNPCC7942_RS04170
M744_RS12125	11.8262	SYNPCC7942_RS04165
M744_RS12130	45.1303	SYNPCC7942_RS04160
M744_RS12135	267.6638	SYNPCC7942_RS04155
M744_RS12140	11.4109	SYNPCC7942_RS04150
M744_RS12145	278.3785	SYNPCC7942_RS04145
M744_RS12150	10.5487	SYNPCC7942_RS04140
M744_RS12155	60.9987	SYNPCC7942_RS04135
M744_RS12160	138.4226	SYNPCC7942_RS04130
M744_RS12165	246.5204	SYNPCC7942_RS04125
M744_RS12170	30.8252	SYNPCC7942_RS04120
M744_RS12175	6.8550	SYNPCC7942_RS04115
M744_RS12180	475.4488	SYNPCC7942_RS04110
M744_RS12185	72.0564	SYNPCC7942_RS04105
M744_RS12190	42.6846	SYNPCC7942_RS04100
M744_RS12195	33.7746	SYNPCC7942_RS04095
M744_RS12200	295.2451	SYNPCC7942_RS04090
M744_RS12205	2.1089	SYNPCC7942_RS04085
M744_RS12210	31.2467	SYNPCC7942_RS04080
M744_RS12215	69.5944	SYNPCC7942_RS04075
M744_RS12220	9.9536	SYNPCC7942_RS04070
M744_RS12225	11.2385	SYNPCC7942_RS04065
M744_RS12230	12.6894	SYNPCC7942_RS04060
M744_RS12235	127.4055	SYNPCC7942_RS04055
M744_RS12240	6236.8187	SYNPCC7942_RS04050
M744_RS12245	65.6165	SYNPCC7942_RS04045
M744_RS12250	556.2842	SYNPCC7942_RS04040
M744_RS12255	3.4387	SYNPCC7942_RS04035
M744_RS12260	97.5158	SYNPCC7942_RS04030
M744_RS12265	0.0265	SYNPCC7942_RS04025
M744_RS12270	52.9774	SYNPCC7942_RS04020
M744_RS12275	98.9735	SYNPCC7942_RS04015
M744_RS12280	109.0705	SYNPCC7942_RS04010
M744_RS12290	1.9345	SYNPCC7942_RS13700
M744_RS12295	4.8919	SYNPCC7942_RS03970
M744_RS12300	0.2886	SYNPCC7942_RS03965
M744_RS12310	33.6496	SYNPCC7942_RS03955
M744_RS12315	321.1312	SYNPCC7942_RS03950
M744_RS12325	53.6293	SYNPCC7942_RS03940
M744_RS12330	66.2115	SYNPCC7942_RS03935
M744_RS12335	1055.0284	SYNPCC7942_RS03930
M744_RS12340	30.5533	SYNPCC7942_RS03925
M744_RS12345	0.0132	SYNPCC7942_RS03920
M744_RS12350	0.0132	SYNPCC7942_RS03915
M744_RS12355	17.1811	SYNPCC7942_RS03910
M744_RS12365	1.1615	SYNPCC7942_RS03900
M744_RS12370	9.6730	SYNPCC7942_RS03895
M744_RS12375	0.7044	SYNPCC7942_RS03890
M744_RS12380	52.4971	SYNPCC7942_RS03885
M744_RS12385	16.7425	SYNPCC7942_RS03880
M744_RS12390	0.1939	SYNPCC7942_RS03875
M744_RS12395	62.3033	SYNPCC7942_RS03870
M744_RS12405	41.0189	SYNPCC7942_RS03860
M744_RS12410	51.8372	SYNPCC7942_RS03855
M744_RS12415	616.5006	SYNPCC7942_RS03850
M744_RS12420	31.7361	SYNPCC7942_RS03845
M744_RS12425	7.0266	SYNPCC7942_RS03840
M744_RS12430	35.3272	SYNPCC7942_RS03835
M744_RS12440	0.0300	SYNPCC7942_RS03825
M744_RS12450	8.4204	SYNPCC7942_RS03815
M744_RS12455	10.9587	SYNPCC7942_RS03810
M744_RS12460	46.6721	SYNPCC7942_RS03805
M744_RS12465	11.4619	SYNPCC7942_RS03800
M744_RS12470	129.2853	SYNPCC7942_RS03795
M744_RS12475	0.0401	SYNPCC7942_RS03790
M744_RS12480	37.3878	SYNPCC7942_RS03785
M744_RS12485	4.2520	SYNPCC7942_RS03780
M744_RS12490	11.3098	SYNPCC7942_RS03775
M744_RS12495	21.4039	SYNPCC7942_RS03770
M744_RS12500	35.4815	SYNPCC7942_RS03765
M744_RS12505	9.9169	SYNPCC7942_RS03760
M744_RS12510	13.1793	SYNPCC7942_RS03755
M744_RS12515	7.1117	SYNPCC7942_RS03750
M744_RS12520	3.2755	SYNPCC7942_RS03745
M744_RS12530	3.6199	SYNPCC7942_RS03730
M744_RS12535	1.9757	SYNPCC7942_RS03725
M744_RS12540	0.3256	SYNPCC7942_RS03720
M744_RS12550	0.0273	SYNPCC7942_RS03710
M744_RS12555	0.4015	SYNPCC7942_RS03705
M744_RS12560	3.9506	SYNPCC7942_RS03700
M744_RS12565	2.7942	SYNPCC7942_RS03695
M744_RS12575	0.0171	SYNPCC7942_RS03685
M744_RS12580	19.1472	SYNPCC7942_RS03680
M744_RS12590	163.0993	SYNPCC7942_RS03670
M744_RS12600	47.6543	SYNPCC7942_RS03660
M744_RS12605	145.0618	SYNPCC7942_RS03655
M744_RS12610	1388.3736	SYNPCC7942_RS03650
M744_RS12615	66.8430	SYNPCC7942_RS03645
M744_RS12620	33.1062	SYNPCC7942_RS03640
M744_RS12625	8.5132	SYNPCC7942_RS03635
M744_RS12630	47.6468	SYNPCC7942_RS03630
M744_RS12635	0.7275	SYNPCC7942_RS03625
M744_RS12640	28.1072	SYNPCC7942_RS03620
M744_RS12645	98.7917	SYNPCC7942_RS03615
M744_RS12650	88.7393	SYNPCC7942_RS03610
M744_RS12655	75.2590	SYNPCC7942_RS03605
M744_RS12660	0.8331	SYNPCC7942_RS03600
M744_RS12665	19.3109	SYNPCC7942_RS03595
M744_RS12670	4389.6324	SYNPCC7942_RS03590
M744_RS12675	22.5220	SYNPCC7942_RS03585
M744_RS12685	14810.4480	SYNPCC7942_RS03575
M744_RS12690	1421.0630	SYNPCC7942_RS03570
M744_RS12695	336.5191	SYNPCC7942_RS03565
M744_RS12700	257.7655	SYNPCC7942_RS03560
M744_RS12705	3.1210	SYNPCC7942_RS03555
M744_RS12710	2.3957	SYNPCC7942_RS03550
M744_RS12715	10.1998	SYNPCC7942_RS13620
M744_RS12720	0.0000	SYNPCC7942_RS03540
M744_RS12725	0.0000	SYNPCC7942_RS03535
M744_RS12730	3.7337	SYNPCC7942_RS03530
M744_RS12735	51.9429	SYNPCC7942_RS03525
M744_RS12740	1446.2212	SYNPCC7942_RS03520
M744_RS12745	712.9683	SYNPCC7942_RS03515
M744_RS12750	1140.2468	SYNPCC7942_RS03510
M744_RS12755	39.0470	SYNPCC7942_RS03505
M744_RS12760	17.9990	SYNPCC7942_RS03500
M744_RS12765	32.6844	SYNPCC7942_RS03495
M744_RS12770	15.3370	SYNPCC7942_RS03490
M744_RS12775	328.6400	SYNPCC7942_RS03485
M744_RS12780	744.4097	SYNPCC7942_RS03480
M744_RS12790	24.2629	SYNPCC7942_RS03470
M744_RS12800	0.0000	SYNPCC7942_RS03465
M744_RS12805	747.1639	SYNPCC7942_RS03460
M744_RS12810	0.0000	SYNPCC7942_RS03455
M744_RS12815	549.1238	SYNPCC7942_RS03450
M744_RS12820	1.4161	SYNPCC7942_RS03445
M744_RS12825	50.4402	SYNPCC7942_RS03440
M744_RS12830	24.3448	SYNPCC7942_RS03435
M744_RS12835	1.8682	SYNPCC7942_RS03430
M744_RS12840	27.6108	SYNPCC7942_RS03425
M744_RS12850	325.1411	SYNPCC7942_RS03415
M744_RS12855	3.4559	SYNPCC7942_RS03410
M744_RS12860	7.2332	SYNPCC7942_RS03405
M744_RS12865	0.2524	SYNPCC7942_RS03400
M744_RS12870	67.3327	SYNPCC7942_RS03395
M744_RS12875	180.9137	SYNPCC7942_RS03390
M744_RS12880	29.3475	SYNPCC7942_RS03385
M744_RS12885	111.0599	SYNPCC7942_RS03380
M744_RS12890	22.8207	SYNPCC7942_RS03375
M744_RS12895	23.4129	SYNPCC7942_RS03370
M744_RS12900	636.7901	SYNPCC7942_RS03365
M744_RS12905	0.0132	SYNPCC7942_RS03360
M744_RS12920	0.0178	SYNPCC7942_RS03345
M744_RS12925	114.0647	SYNPCC7942_RS03340
M744_RS12930	150.4086	SYNPCC7942_RS03335
M744_RS12935	5.0315	SYNPCC7942_RS03330
M744_RS12940	370.8078	SYNPCC7942_RS03325
M744_RS12945	10.1884	SYNPCC7942_RS13685
M744_RS12950	29.1722	SYNPCC7942_RS03320
M744_RS12955	24.4644	SYNPCC7942_RS03315
M744_RS12960	1826.3962	SYNPCC7942_RS03310
M744_RS12965	388.1081	SYNPCC7942_RS03305
M744_RS12970	6.9962	SYNPCC7942_RS03300
M744_RS12975	127.2471	SYNPCC7942_RS03295
M744_RS12980	42.1892	SYNPCC7942_RS03290
M744_RS12985	166.7558	SYNPCC7942_RS03285
M744_RS12990	71.4882	SYNPCC7942_RS03280
M744_RS12995	76.3204	SYNPCC7942_RS03275
M744_RS13000	221.4616	SYNPCC7942_RS03270
M744_RS13005	622.5073	SYNPCC7942_RS03265
M744_RS13010	1170.8303	SYNPCC7942_RS03260
M744_RS13015	467.0086	SYNPCC7942_RS03255
M744_RS13020	1435.0601	SYNPCC7942_RS03250
M744_RS13025	2090.7713	SYNPCC7942_RS03245
M744_RS13030	1005.0830	SYNPCC7942_RS03240
M744_RS13035	40.8034	SYNPCC7942_RS03235
M744_RS13040	0.0000	SYNPCC7942_RS03230
M744_RS13045	21.7864	SYNPCC7942_RS03225
M744_RS13050	12.4170	SYNPCC7942_RS03220
M744_RS13060	397.4651	SYNPCC7942_RS03210
M744_RS13065	17.7660	SYNPCC7942_RS03205
M744_RS13070	360.5115	SYNPCC7942_RS03200
M744_RS13075	634.5817	SYNPCC7942_RS03195
M744_RS13080	206.3846	SYNPCC7942_RS03190
M744_RS13085	231.5970	SYNPCC7942_RS03185
M744_RS13090	197.0815	SYNPCC7942_RS03180
M744_RS13095	263.3212	SYNPCC7942_RS03175
M744_RS13100	173.8690	SYNPCC7942_RS03170
M744_RS13105	18.7310	SYNPCC7942_RS03165
M744_RS13110	15.2190	SYNPCC7942_RS03160
M744_RS13115	5.0282	SYNPCC7942_RS03155
M744_RS13120	87.1503	SYNPCC7942_RS03150
M744_RS13125	4.4190	SYNPCC7942_RS03145
M744_RS13130	10.6276	SYNPCC7942_RS03140
M744_RS13140	81.8068	SYNPCC7942_RS03130
M744_RS13145	131.8426	SYNPCC7942_RS03125
M744_RS13150	49.2391	SYNPCC7942_RS03120
M744_RS13160	14.6949	SYNPCC7942_RS03110
M744_RS13165	30.3802	SYNPCC7942_RS03105
M744_RS13170	80.5714	SYNPCC7942_RS03100
M744_RS13175	436.9217	SYNPCC7942_RS03095
M744_RS13180	41.7725	SYNPCC7942_RS03090
M744_RS13185	84.9527	SYNPCC7942_RS03080
M744_RS13190	233.8845	SYNPCC7942_RS03075
M744_RS13200	56.3985	SYNPCC7942_RS03065
M744_RS13205	37.0438	SYNPCC7942_RS03060
M744_RS13210	20.3337	SYNPCC7942_RS03055
M744_RS13215	25.6198	SYNPCC7942_RS03050
M744_RS13220	210.7531	SYNPCC7942_RS03045
M744_RS13230	42.6234	SYNPCC7942_RS03035
M744_RS13235	43.6919	SYNPCC7942_RS03030
M744_RS13240	21.2927	SYNPCC7942_RS03025
M744_RS13245	45.8018	SYNPCC7942_RS03020
M744_RS13250	20.6807	SYNPCC7942_RS03015
M744_RS13255	125.4565	SYNPCC7942_RS03010
M744_RS13290	25.0146	SYNPCC7942_RS13490
M744_RS13295	195.6990	SYNPCC7942_RS13485
M744_RS13300	179.7096	SYNPCC7942_RS13480
M744_RS13315	14.5956	SYNPCC7942_RS13465
M744_RS13320	15.2421	SYNPCC7942_RS13455
M744_RS13325	2.8459	SYNPCC7942_RS13450
M744_RS13330	0.0223	SYNPCC7942_RS13445
M744_RS13335	10.1159	SYNPCC7942_RS13440
M744_RS13340	1.3860	SYNPCC7942_RS13435
M744_RS13345	0.4119	SYNPCC7942_RS13430
M744_RS13350	8.9499	SYNPCC7942_RS13425
M744_RS13355	5.1231	SYNPCC7942_RS13420
M744_RS13360	3.3306	SYNPCC7942_RS13415
M744_RS13365	8.1918	SYNPCC7942_RS13410
M744_RS13370	2.5149	SYNPCC7942_RS13405
M744_RS13375	2.3247	SYNPCC7942_RS13400
M744_RS13380	1.7052	SYNPCC7942_RS13395
M744_RS13385	19.1118	SYNPCC7942_RS13390
M744_RS13395	7.7468	SYNPCC7942_RS13380
M744_RS13400	28.0287	SYNPCC7942_RS13375
M744_RS13405	10.3754	SYNPCC7942_RS13370
M744_RS13410	19.6383	SYNPCC7942_RS13365
M744_RS13415	0.1305	SYNPCC7942_RS13360
M744_RS13420	39.0874	SYNPCC7942_RS13355
M744_RS13425	47.7928	SYNPCC7942_RS13350
M744_RS13430	0.0132	SYNPCC7942_RS13345
M744_RS13440	54.1112	SYNPCC7942_RS13335
M744_RS13445	1.4039	SYNPCC7942_RS13330
M744_RS13450	41.2147	SYNPCC7942_RS13595
M744_RS13455	14.0541	SYNPCC7942_RS13590
M744_RS13470	1.3729	SYNPCC7942_RS13575
M744_RS13475	15.4632	SYNPCC7942_RS13570
M744_RS13480	0.0315	SYNPCC7942_RS13565
M744_RS13485	48.3591	SYNPCC7942_RS13560
M744_RS13490	22.9891	SYNPCC7942_RS13555
M744_RS13495	4.0943	SYNPCC7942_RS13550
M744_RS13500	2.6350	SYNPCC7942_RS13545
M744_RS13505	26.9389	SYNPCC7942_RS13540
M744_RS13510	4.4909	SYNPCC7942_RS13535
M744_RS13520	315.8135	SYNPCC7942_RS13525
M744_RS13525	4.4153	SYNPCC7942_RS13520
M744_RS13540	1067.7473	SYNPCC7942_RS13505
M744_RS13545	80.7705	SYNPCC7942_RS13500
M744_RS13550	35.8281	SYNPCC7942_RS13495
M744_RS13590	2.5957	SYNPCC7942_RS13610
M744_RS13595	3.2677	SYNPCC7942_RS13630
M744_RS13600	7.9371	SYNPCC7942_RS13625
M744_RS13605	28.0355	SYNPCC7942_RS13615
M744_RS13615	7.5824	SYNPCC7942_RS13640
M744_RS13625	187.6913	SYNPCC7942_RS13675
M744_RS13630	82.5344	SYNPCC7942_RS13670
M744_RS13635	35.3824	SYNPCC7942_RS13665
M744_RS13640	26.1330	SYNPCC7942_RS00595
M744_RS13645	62.5373	SYNPCC7942_RS13660
M744_RS13650	0.1053	SYNPCC7942_RS13650
M744_RS13655	1.1033	SYNPCC7942_RS13645
M744_RS13660	0.2873	SYNPCC7942_RS13855
M744_RS13675	9.1483	SYNPCC7942_RS13840
M744_RS13690	3.4690	SYNPCC7942_RS13830
M744_RS13705	150.8580	SYNPCC7942_RS13815
M744_RS13710	0.6533	SYNPCC7942_RS10865
M744_RS13720	1.8446	SYNPCC7942_RS13805
M744_RS13725	390.7018	SYNPCC7942_RS13795
M744_RS13735	42.4944	SYNPCC7942_RS13760
M744_RS13745	6.5275	SYNPCC7942_RS13770
M744_RS13760	1.2906	SYNPCC7942_RS13785
M744_RS13770	67.2400	SYNPCC7942_RS13750
M744_RS13775	25.0260	SYNPCC7942_RS06420
M744_RS13780	263.2078	SYNPCC7942_RS13745
M744_RS13790	112.8839	SYNPCC7942_RS13735
M744_RS13795	29.2906	SYNPCC7942_RS13730
M744_RS13805	0.0564	SYNPCC7942_RS04950
M744_RS13810	16.1410	SYNPCC7942_RS13715
M744_RS13815	7.0328	SYNPCC7942_RS13710
M744_RS13820	216.1356	SYNPCC7942_RS13695
M744_RS13825	21.4684	SYNPCC7942_RS13690
M744_RS13830	31.7311	SYNPCC7942_RS13680
M744_RS13840	3.8075	SYNPCC7942_RS13860
M744_RS13845	1.7831	SYNPCC7942_RS13880
M744_RS13850	20.6983	SYNPCC7942_RS13870
M744_RS13860	0.6057	SYNPCC7942_RS13515
M744_RS13870	56.8129	SYNPCC7942_RS13930
M744_RS13875	56.8308	SYNPCC7942_RS13925
M744_RS13880	0.0132	SYNPCC7942_RS13920
M744_RS13885	0.0087	SYNPCC7942_RS13915
M744_RS13890	11.0303	SYNPCC7942_RS13910
M744_RS13895	4388.4744	SYNPCC7942_RS13905
M744_RS13900	3264.9323	SYNPCC7942_RS14105
M744_RS13905	399.1675	SYNPCC7942_RS14100
M744_RS13910	8.1985	SYNPCC7942_RS14095
M744_RS13915	28.7469	SYNPCC7942_RS11480
M744_RS13925	2.5806	SYNPCC7942_RS14085
M744_RS13930	2.8660	SYNPCC7942_RS10985
M744_RS13935	0.2847	SYNPCC7942_RS14080
M744_RS13945	25.2107	SYNPCC7942_RS14070
M744_RS13950	175.9044	SYNPCC7942_RS14065
M744_RS13955	15.8446	SYNPCC7942_RS14060
M744_RS13960	32.7740	SYNPCC7942_RS14055
M744_RS13965	1.0351	SYNPCC7942_RS14050
M744_RS13970	5.7867	SYNPCC7942_RS14045
M744_RS13975	1.5692	SYNPCC7942_RS14015
M744_RS13980	0.9988	SYNPCC7942_RS14020
M744_RS13985	54.4256	SYNPCC7942_RS14025
M744_RS13990	3.4007	SYNPCC7942_RS14030
M744_RS13995	27.3097	SYNPCC7942_RS14035
M744_RS14005	2.1833	SYNPCC7942_RS14005
M744_RS14010	34.4093	SYNPCC7942_RS14000
M744_RS14015	21.1267	SYNPCC7942_RS13995
M744_RS14020	54.6762	SYNPCC7942_RS13990
M744_RS14025	0.9207	SYNPCC7942_RS13985
M744_RS14030	4.2501	SYNPCC7942_RS13980
M744_RS14035	22373.1825	SYNPCC7942_RS13970
M744_RS14040	1.6209	SYNPCC7942_RS13965
M744_RS14045	231.3451	SYNPCC7942_RS13960
M744_RS14050	22.8543	SYNPCC7942_RS13940
M744_RS14055	42.6557	SYNPCC7942_RS13935
M744_RS14060	51.4799	SYNPCC7942_RS03735
M744_RS14065	0.8663	SYNPCC7942_RS13460
M744_RS14070	38.4294	SYNPCC7942_RS14125
M744_RS14080	16.1904	SYNPCC7942_RS14115
M744_RS14085	15.2227	SYNPCC7942_RS14145
M744_RS14090	101.3373	SYNPCC7942_RS14140
M744_RS14095	130.1603	SYNPCC7942_RS14135
M744_RS14100	1.1174	SYNPCC7942_RS14130
M744_RS14105	16.5495	SYNPCC7942_RS14200
M744_RS14110	92.7464	SYNPCC7942_RS14195
M744_RS14120	3.2672	SYNPCC7942_RS14190
M744_RS14125	189.2972	SYNPCC7942_RS14185
M744_RS14130	130.1238	SYNPCC7942_RS14180
M744_RS14135	6.8788	SYNPCC7942_RS14170
M744_RS14140	16.4307	SYNPCC7942_RS14175
M744_RS14150	23.4489	SYNPCC7942_RS14160
M744_RS14155	79.7216	SYNPCC7942_RS14155
M744_RS14160	7.5332	SYNPCC7942_RS14150
M744_RS14165	0.3612	SYNPCC7942_RS14220
M744_RS14170	14.8111	SYNPCC7942_RS14210
M744_RS14180	639.5838	SYNPCC7942_RS14290
M744_RS14185	1.7728	SYNPCC7942_RS14245
M744_RS14195	0.0182	SYNPCC7942_RS14295
M744_RS14200	1.0476	SYNPCC7942_RS14225
M744_RS14205	0.4315	SYNPCC7942_RS14215
M744_RS14210	3661.1834	SYNPCC7942_RS00240
M744_RS14215	0.8865	SYNPCC7942_RS14285
M744_RS14225	0.0730	SYNPCC7942_RS14270
M744_RS14230	0.6152	SYNPCC7942_RS14275
M744_RS14235	0.3900	SYNPCC7942_RS14280
M744_RS14240	26.9992	SYNPCC7942_RS14265
M744_RS14245	445.5861	SYNPCC7942_RS14260
M744_RS14250	1.4385	SYNPCC7942_RS14255
M744_RS14255	1.4318	SYNPCC7942_RS14250
M744_RS14260	16.3120	SYNPCC7942_RS14240
M744_RS14265	28.3661	SYNPCC7942_RS14235
M744_RS14270	11.4495	SYNPCC7942_RS14230
