locus_tag	abundance	source_gene_id
M744_RS00005	8.7068	SYNPCC7942_RS02980
M744_RS00010	995.0073	SYNPCC7942_RS02975
M744_RS00020	161.4339	SYNPCC7942_RS02965
M744_RS00025	8.5758	SYNPCC7942_RS02960
M744_RS00030	17.3073	SYNPCC7942_RS02955
M744_RS00035	2.7568	SYNPCC7942_RS02950
M744_RS00040	103.7251	SYNPCC7942_RS02945
M744_RS00045	116.0151	SYNPCC7942_RS02940
M744_RS00050	12.9277	SYNPCC7942_RS02935
M744_RS00055	0.3618	SYNPCC7942_RS02930
M744_RS00060	235.1468	SYNPCC7942_RS02925
M744_RS00065	14.6334	SYNPCC7942_RS02920
M744_RS00075	0.0142	SYNPCC7942_RS02910
M744_RS00080	84.3017	SYNPCC7942_RS02905
M744_RS00085	56.4100	SYNPCC7942_RS02900
M744_RS00090	251.3944	SYNPCC7942_RS02895
M744_RS00095	39.3956	SYNPCC7942_RS02890
M744_RS00100	21.6654	SYNPCC7942_RS02885
M744_RS00105	0.0142	SYNPCC7942_RS02880
M744_RS00110	102.4480	SYNPCC7942_RS02875
M744_RS00115	21.7475	SYNPCC7942_RS02870
M744_RS00120	35.3353	SYNPCC7942_RS02865
M744_RS00125	8.0459	SYNPCC7942_RS02860
M744_RS00130	50.6528	SYNPCC7942_RS02855
M744_RS00135	23.0256	SYNPCC7942_RS02850
M744_RS00140	37.1117	SYNPCC7942_RS02845
M744_RS00145	61.7292	SYNPCC7942_RS02840
M744_RS00150	72.4470	SYNPCC7942_RS02835
M744_RS00155	0.0000	SYNPCC7942_RS02830
M744_RS00160	246.2030	SYNPCC7942_RS02825
M744_RS00165	82.1487	SYNPCC7942_RS02820
M744_RS00170	0.0000	SYNPCC7942_RS02815
M744_RS00175	127.9333	SYNPCC7942_RS02810
M744_RS00180	37239.9293	SYNPCC7942_RS02805
M744_RS00185	4.6410	SYNPCC7942_RS02800
M744_RS00190	112.6864	SYNPCC7942_RS02795
M744_RS00195	95.3387	SYNPCC7942_RS02790
M744_RS00200	2.6262	SYNPCC7942_RS02785
M744_RS00205	216.2860	SYNPCC7942_RS02780
M744_RS00210	3.0549	SYNPCC7942_RS02775
M744_RS00215	48.7583	SYNPCC7942_RS02770
M744_RS00220	1.6858	SYNPCC7942_RS02765
M744_RS00225	33.9103	SYNPCC7942_RS02760
M744_RS00230	13.9965	SYNPCC7942_RS02755
M744_RS00235	54.5335	SYNPCC7942_RS02750
M744_RS00240	27.1074	SYNPCC7942_RS02745
M744_RS00245	10.2284	SYNPCC7942_RS02740
M744_RS00250	1020.8238	SYNPCC7942_RS02735
M744_RS00255	269.6192	SYNPCC7942_RS02730
M744_RS00260	103.6507	SYNPCC7942_RS02725
M744_RS00265	2724.0339	SYNPCC7942_RS02720
M744_RS00270	92.4401	SYNPCC7942_RS02715
M744_RS00275	0.0142	SYNPCC7942_RS02710
M744_RS00280	16.0428	SYNPCC7942_RS02705
M744_RS00285	52.6452	SYNPCC7942_RS02700
M744_RS00290	4.5253	SYNPCC7942_RS02695
M744_RS00295	0.2441	SYNPCC7942_RS02690
M744_RS00300	86.5424	SYNPCC7942_RS02685
M744_RS00305	76.2398	SYNPCC7942_RS02680
M744_RS00310	7.7724	SYNPCC7942_RS02675
M744_RS00315	25.3922	SYNPCC7942_RS02670
M744_RS00320	9.6555	SYNPCC7942_RS02665
M744_RS00325	34.8284	SYNPCC7942_RS02660
M744_RS00330	30.0755	SYNPCC7942_RS02655
M744_RS00335	5.1172	SYNPCC7942_RS02645
M744_RS00340	5.7750	SYNPCC7942_RS02640
M744_RS00345	6.7086	SYNPCC7942_RS02635
M744_RS00350	32.6552	SYNPCC7942_RS02630
M744_RS00355	35.1020	SYNPCC7942_RS02625
M744_RS00360	183.6329	SYNPCC7942_RS02620
M744_RS00365	168.0239	SYNPCC7942_RS02615
M744_RS00370	199.5332	SYNPCC7942_RS02610
M744_RS00375	14.2974	SYNPCC7942_RS02605
M744_RS00380	75.1136	SYNPCC7942_RS02600
M744_RS00385	164.2110	SYNPCC7942_RS02595
M744_RS00390	6.7238	SYNPCC7942_RS02590
M744_RS00395	11.8950	SYNPCC7942_RS02585
M744_RS00400	16.5723	SYNPCC7942_RS02580
M744_RS00405	1.5112	SYNPCC7942_RS02575
M744_RS00410	76.2935	SYNPCC7942_RS02570
M744_RS00415	424.3480	SYNPCC7942_RS02565
M744_RS00420	13.5139	SYNPCC7942_RS02560
M744_RS00425	164.0343	SYNPCC7942_RS02555
M744_RS00430	2.2243	SYNPCC7942_RS02550
M744_RS00435	48.8839	SYNPCC7942_RS02545
M744_RS00440	12.0155	SYNPCC7942_RS02540
M744_RS00445	29.7000	SYNPCC7942_RS02535
M744_RS00450	107.3793	SYNPCC7942_RS02530
M744_RS00455	26.3829	SYNPCC7942_RS02525
M744_RS00460	42.6866	SYNPCC7942_RS02520
M744_RS00465	237.2735	SYNPCC7942_RS02515
M744_RS00470	57.5528	SYNPCC7942_RS02510
M744_RS00475	32.0501	SYNPCC7942_RS02505
M744_RS00485	385.5438	SYNPCC7942_RS02495
M744_RS00490	68.7458	SYNPCC7942_RS02490
M744_RS00495	73.1734	SYNPCC7942_RS02485
M744_RS00500	1.0128	SYNPCC7942_RS02480
M744_RS00505	37.5848	SYNPCC7942_RS02475
M744_RS00510	30.6777	SYNPCC7942_RS02470
M744_RS00515	47.8321	SYNPCC7942_RS02465
M744_RS00520	50.5480	SYNPCC7942_RS02460
M744_RS00525	243.0343	SYNPCC7942_RS02455
M744_RS00530	115.5244	SYNPCC7942_RS02450
M744_RS00535	450.3668	SYNPCC7942_RS02445
M744_RS00540	29.6610	SYNPCC7942_RS02440
M744_RS00545	77.8159	SYNPCC7942_RS02435
M744_RS00550	54.7941	SYNPCC7942_RS02430
M744_RS00555	1.9559	SYNPCC7942_RS02425
M744_RS00560	88.2177	SYNPCC7942_RS02420
M744_RS00565	273.1758	SYNPCC7942_RS02415
M744_RS00570	8.5945	SYNPCC7942_RS02410
M744_RS00575	31.1899	SYNPCC7942_RS02405
M744_RS00590	188.4154	SYNPCC7942_RS02390
M744_RS00595	18.0439	SYNPCC7942_RS02385
M744_RS00600	15.3696	SYNPCC7942_RS02380
M744_RS00605	197.9135	SYNPCC7942_RS02375
M744_RS00610	80.5536	SYNPCC7942_RS02370
M744_RS00615	58.4860	SYNPCC7942_RS02365
M744_RS00620	2.2029	SYNPCC7942_RS02360
M744_RS00625	57.3709	SYNPCC7942_RS02355
M744_RS00630	2.4883	SYNPCC7942_RS02350
M744_RS00635	6.2213	SYNPCC7942_RS02345
M744_RS00640	65.3944	SYNPCC7942_RS02340
M744_RS00645	14.6903	SYNPCC7942_RS02335
M744_RS00650	22.2467	SYNPCC7942_RS02330
M744_RS00655	14.9481	SYNPCC7942_RS02325
M744_RS00660	0.0000	SYNPCC7942_RS02320
M744_RS00665	61.1086	SYNPCC7942_RS02315
M744_RS00675	182.4652	SYNPCC7942_RS02305
M744_RS00680	97.0351	SYNPCC7942_RS02300
M744_RS00685	54.3673	SYNPCC7942_RS02295
M744_RS00690	83.1862	SYNPCC7942_RS02290
M744_RS00695	194.2513	SYNPCC7942_RS02285
M744_RS00700	397.9112	SYNPCC7942_RS02280
M744_RS00705	20.6279	SYNPCC7942_RS02275
M744_RS00710	287.5797	SYNPCC7942_RS02270
M744_RS00715	408.9335	SYNPCC7942_RS02265
M744_RS00720	4662.0692	SYNPCC7942_RS02260
M744_RS00725	4.1838	SYNPCC7942_RS02255
M744_RS00735	8.3662	SYNPCC7942_RS02245
M744_RS00740	26.4000	SYNPCC7942_RS02240
M744_RS00750	0.3369	SYNPCC7942_RS02230
M744_RS00755	8.2436	SYNPCC7942_RS02225
M744_RS00760	57.4269	SYNPCC7942_RS02220
M744_RS00770	56.5124	SYNPCC7942_RS02210
M744_RS00775	0.0687	SYNPCC7942_RS02205
M744_RS00780	82.2197	SYNPCC7942_RS02200
M744_RS00785	1373.7220	SYNPCC7942_RS02195
M744_RS00790	162.0769	SYNPCC7942_RS02190
M744_RS00795	36.8498	SYNPCC7942_RS02185
M744_RS00800	17.4504	SYNPCC7942_RS02180
M744_RS00805	13.8364	SYNPCC7942_RS02175
M744_RS00810	105.7508	SYNPCC7942_RS02170
M744_RS00815	22359.7144	SYNPCC7942_RS02165
M744_RS00820	103.2286	SYNPCC7942_RS02160
M744_RS00825	225.4191	SYNPCC7942_RS02155
M744_RS00830	31.5195	SYNPCC7942_RS02150
M744_RS00835	77.9189	SYNPCC7942_RS02145
M744_RS00840	163.2658	SYNPCC7942_RS02140
M744_RS00845	11102.3422	SYNPCC7942_RS02135
M744_RS00850	5513.3339	SYNPCC7942_RS02130
M744_RS00855	1593.2862	SYNPCC7942_RS02125
M744_RS00860	0.0000	SYNPCC7942_RS02120
M744_RS00865	1740.7635	SYNPCC7942_RS02115
M744_RS00875	21.5904	SYNPCC7942_RS02105
M744_RS00880	7.0414	SYNPCC7942_RS02100
M744_RS00885	20.1680	SYNPCC7942_RS02095
M744_RS00890	6.4213	SYNPCC7942_RS02090
M744_RS00895	6.2392	SYNPCC7942_RS02085
M744_RS00900	4.7944	SYNPCC7942_RS02080
M744_RS00905	147.7120	SYNPCC7942_RS02075
M744_RS00910	166.6352	SYNPCC7942_RS02070
M744_RS00915	17.1067	SYNPCC7942_RS02065
M744_RS00920	60.3434	SYNPCC7942_RS02060
M744_RS00925	11.3499	SYNPCC7942_RS02055
M744_RS00930	9.8429	SYNPCC7942_RS02050
M744_RS00935	34.9529	SYNPCC7942_RS02045
M744_RS00940	64.1840	SYNPCC7942_RS02040
M744_RS00945	32.7792	SYNPCC7942_RS02035
M744_RS00950	65.3346	SYNPCC7942_RS02030
M744_RS00955	17.2378	SYNPCC7942_RS02025
M744_RS00960	40.3509	SYNPCC7942_RS02020
M744_RS00965	193.3343	SYNPCC7942_RS02015
M744_RS00970	0.0000	SYNPCC7942_RS02010
M744_RS00975	62.2295	SYNPCC7942_RS02005
M744_RS00980	9.8270	SYNPCC7942_RS02000
M744_RS00985	452.3339	SYNPCC7942_RS01995
M744_RS00990	30.5494	SYNPCC7942_RS01990
M744_RS00995	8.3318	SYNPCC7942_RS01985
M744_RS01000	23.0349	SYNPCC7942_RS01980
M744_RS01005	20.8636	SYNPCC7942_RS01975
M744_RS01010	93.6273	SYNPCC7942_RS01970
M744_RS01015	814.3833	SYNPCC7942_RS01965
M744_RS01020	26.2624	SYNPCC7942_RS01960
M744_RS01025	238.6759	SYNPCC7942_RS01955
M744_RS01030	76.7693	SYNPCC7942_RS01950
M744_RS01035	1319.6089	SYNPCC7942_RS01945
M744_RS01040	41.8857	SYNPCC7942_RS01940
M744_RS01045	183.4072	SYNPCC7942_RS01935
M744_RS01050	35.3369	SYNPCC7942_RS01930
M744_RS01055	54.5490	SYNPCC7942_RS01925
M744_RS01060	137.7941	SYNPCC7942_RS01920
M744_RS01065	0.1166	SYNPCC7942_RS01915
M744_RS01070	37.3647	SYNPCC7942_RS01910
M744_RS01075	24.2225	SYNPCC7942_RS01905
M744_RS01080	2.4027	SYNPCC7942_RS01900
M744_RS01090	72.3932	SYNPCC7942_RS01890
M744_RS01095	135.8379	SYNPCC7942_RS01885
M744_RS01100	1317.9353	SYNPCC7942_RS01880
M744_RS01105	36.7546	SYNPCC7942_RS01875
M744_RS01110	35.2319	SYNPCC7942_RS01870
M744_RS01115	87.4931	SYNPCC7942_RS01865
M744_RS01120	38.0053	SYNPCC7942_RS01860
M744_RS01125	14.3002	SYNPCC7942_RS01855
M744_RS01130	7.2028	SYNPCC7942_RS01850
M744_RS01135	34.0866	SYNPCC7942_RS01845
M744_RS01140	195.2914	SYNPCC7942_RS01840
M744_RS01145	0.0056	SYNPCC7942_RS01835
M744_RS01150	230.3615	SYNPCC7942_RS01830
M744_RS01155	5.0270	SYNPCC7942_RS01825
M744_RS01160	70.0939	SYNPCC7942_RS01820
M744_RS01170	58.5578	SYNPCC7942_RS01810
M744_RS01175	0.0426	SYNPCC7942_RS01805
M744_RS01180	133.4071	SYNPCC7942_RS01800
M744_RS01185	97.1757	SYNPCC7942_RS01795
M744_RS01190	0.0000	SYNPCC7942_RS01790
M744_RS01195	163.3687	SYNPCC7942_RS01785
M744_RS01200	16.3655	SYNPCC7942_RS01780
M744_RS01205	129.3279	SYNPCC7942_RS01775
M744_RS01210	148.9392	SYNPCC7942_RS01770
M744_RS01215	24.1443	SYNPCC7942_RS01765
M744_RS01220	5.5664	SYNPCC7942_RS01760
M744_RS01225	142.9472	SYNPCC7942_RS01755
M744_RS01230	106.5319	SYNPCC7942_RS01750
M744_RS01235	8.5330	SYNPCC7942_RS01745
M744_RS01240	4.4587	SYNPCC7942_RS01740
M744_RS01245	51.2683	SYNPCC7942_RS01735
M744_RS01250	30.4970	SYNPCC7942_RS01730
M744_RS01255	18.2682	SYNPCC7942_RS01725
M744_RS01260	31.6209	SYNPCC7942_RS01720
M744_RS01265	209.2734	SYNPCC7942_RS01715
M744_RS01275	97.1866	SYNPCC7942_RS01705
M744_RS01280	318.0520	SYNPCC7942_RS01700
M744_RS01285	208.9901	SYNPCC7942_RS01695
M744_RS01290	400.8420	SYNPCC7942_RS01690
M744_RS01295	1836.7713	SYNPCC7942_RS01685
M744_RS01300	1261.1471	SYNPCC7942_RS01680
M744_RS01305	55.0557	SYNPCC7942_RS01675
M744_RS01310	2562.9035	SYNPCC7942_RS01670
M744_RS01315	4299.1195	SYNPCC7942_RS01665
M744_RS01320	1930.1412	SYNPCC7942_RS01660
M744_RS01325	309.2514	SYNPCC7942_RS01655
M744_RS01330	406.5688	SYNPCC7942_RS01650
M744_RS01335	1.3666	SYNPCC7942_RS01645
M744_RS01340	211.1144	SYNPCC7942_RS01640
M744_RS01345	1282.6314	SYNPCC7942_RS01635
M744_RS01350	16.6999	SYNPCC7942_RS01630
M744_RS01355	47.5169	SYNPCC7942_RS01625
M744_RS01360	129.0301	SYNPCC7942_RS01620
M744_RS01365	47.7972	SYNPCC7942_RS01615
M744_RS01370	450.6078	SYNPCC7942_RS01610
M744_RS01375	1276.9332	SYNPCC7942_RS01605
M744_RS01380	4.1207	SYNPCC7942_RS01600
M744_RS01385	38.2529	SYNPCC7942_RS01595
M744_RS01390	95.8416	SYNPCC7942_RS01590
M744_RS01395	0.0184	SYNPCC7942_RS01585
M744_RS01400	53.2864	SYNPCC7942_RS01580
M744_RS01405	789.8584	SYNPCC7942_RS01575
M744_RS01410	361.8501	SYNPCC7942_RS01570
M744_RS01415	156.3809	SYNPCC7942_RS01565
M744_RS01420	42.7649	SYNPCC7942_RS01560
M744_RS01425	341.5818	SYNPCC7942_RS01555
M744_RS01430	366.1058	SYNPCC7942_RS01550
M744_RS01435	4.5864	SYNPCC7942_RS01545
M744_RS01440	37.1154	SYNPCC7942_RS01540
M744_RS01445	133.0334	SYNPCC7942_RS01535
M744_RS01450	131.0790	SYNPCC7942_RS01530
M744_RS01455	0.0142	SYNPCC7942_RS01525
M744_RS01460	16.8130	SYNPCC7942_RS01520
M744_RS01465	854.4322	SYNPCC7942_RS01515
M744_RS01470	138.9603	SYNPCC7942_RS01510
M744_RS01475	139.6335	SYNPCC7942_RS01505
M744_RS01480	786.7453	SYNPCC7942_RS01500
M744_RS01485	0.0056	SYNPCC7942_RS01495
M744_RS01490	94.7043	SYNPCC7942_RS01490
M744_RS01495	76.2478	SYNPCC7942_RS01485
M744_RS01505	27.9893	SYNPCC7942_RS01475
M744_RS01510	603.7437	SYNPCC7942_RS01470
M744_RS01515	18.2046	SYNPCC7942_RS01465
M744_RS01525	2.7457	SYNPCC7942_RS01455
M744_RS01530	61.7247	SYNPCC7942_RS01450
M744_RS01535	41.6735	SYNPCC7942_RS01445
M744_RS01540	9.6943	SYNPCC7942_RS01440
M744_RS01545	165.0869	SYNPCC7942_RS01435
M744_RS01550	68.5488	SYNPCC7942_RS01430
M744_RS01555	14.7918	SYNPCC7942_RS01425
M744_RS01560	2.3685	SYNPCC7942_RS01420
M744_RS01565	154.6398	SYNPCC7942_RS01415
M744_RS01570	18.4591	SYNPCC7942_RS01410
M744_RS01575	233.6782	SYNPCC7942_RS01405
M744_RS01580	0.0142	SYNPCC7942_RS01400
M744_RS01585	29.7817	SYNPCC7942_RS01395
M744_RS01590	0.2125	SYNPCC7942_RS01390
M744_RS01595	7.7150	SYNPCC7942_RS01385
M744_RS01600	12.1452	SYNPCC7942_RS01380
M744_RS01605	35.9108	SYNPCC7942_RS01375
M744_RS01610	16.1711	SYNPCC7942_RS01370
M744_RS01615	0.0142	SYNPCC7942_RS01365
M744_RS01620	1486.4500	SYNPCC7942_RS01360
M744_RS01625	0.0142	SYNPCC7942_RS01355
M744_RS01630	25.7091	SYNPCC7942_RS01350
M744_RS01635	0.0142	SYNPCC7942_RS01345
M744_RS01640	80.8103	SYNPCC7942_RS01340
M744_RS01645	291.4835	SYNPCC7942_RS01335
M744_RS01650	15.6213	SYNPCC7942_RS01330
M744_RS01655	6872.7848	SYNPCC7942_RS01325
M744_RS01660	33.7340	SYNPCC7942_RS01320
M744_RS01665	10.1895	SYNPCC7942_RS01315
M744_RS01670	0.7832	SYNPCC7942_RS01310
M744_RS01680	138.8388	SYNPCC7942_RS01300
M744_RS01685	1036.9988	SYNPCC7942_RS01295
M744_RS01690	1200.1691	SYNPCC7942_RS01290
M744_RS01695	233.5351	SYNPCC7942_RS01285
M744_RS01700	189.0726	SYNPCC7942_RS01280
M744_RS01705	5.0441	SYNPCC7942_RS01275
M744_RS01710	36.9718	SYNPCC7942_RS01270
M744_RS01715	32.1927	SYNPCC7942_RS01265
M744_RS01720	37.6246	SYNPCC7942_RS01260
M744_RS01725	52.4667	SYNPCC7942_RS01255
M744_RS01730	1484.5842	SYNPCC7942_RS01250
M744_RS01735	2469.8128	SYNPCC7942_RS01245
M744_RS01740	107.9534	SYNPCC7942_RS01240
M744_RS01745	116.0201	SYNPCC7942_RS01235
M744_RS01755	29.4999	SYNPCC7942_RS01225
M744_RS01760	274.8374	SYNPCC7942_RS01220
M744_RS01765	29.0576	SYNPCC7942_RS01215
M744_RS01770	0.0844	SYNPCC7942_RS01210
M744_RS01775	116.0717	SYNPCC7942_RS01205
M744_RS01780	2254.1263	SYNPCC7942_RS01200
M744_RS01785	25.8630	SYNPCC7942_RS01195
M744_RS01790	20.9137	SYNPCC7942_RS01190
M744_RS01795	30.4758	SYNPCC7942_RS01185
M744_RS01800	33.3215	SYNPCC7942_RS01180
M744_RS01805	1.8018	SYNPCC7942_RS01175
M744_RS01810	138.8309	SYNPCC7942_RS01170
M744_RS01815	101.3771	SYNPCC7942_RS01165
M744_RS01820	12.2427	SYNPCC7942_RS01160
M744_RS01825	0.0142	SYNPCC7942_RS01155
M744_RS01830	223.4236	SYNPCC7942_RS01150
M744_RS01835	281.3495	SYNPCC7942_RS01145
M744_RS01840	49.9120	SYNPCC7942_RS01140
M744_RS01845	19.5114	SYNPCC7942_RS01135
M744_RS01850	0.4722	SYNPCC7942_RS01130
M744_RS01855	148.6755	SYNPCC7942_RS01125
M744_RS01860	18.0656	SYNPCC7942_RS01120
M744_RS01865	9.4417	SYNPCC7942_RS01115
M744_RS01870	3.8659	SYNPCC7942_RS01110
M744_RS01880	27.1992	SYNPCC7942_RS01100
M744_RS01885	27.4161	SYNPCC7942_RS01095
M744_RS01890	19.5956	SYNPCC7942_RS01090
M744_RS01895	768.0782	SYNPCC7942_RS01085
M744_RS01900	5.2285	SYNPCC7942_RS01080
M744_RS01905	59.0400	SYNPCC7942_RS01075
M744_RS01910	51.2328	SYNPCC7942_RS01070
M744_RS01915	34.2445	SYNPCC7942_RS01065
M744_RS01920	0.0000	SYNPCC7942_RS01060
M744_RS01925	53.3451	SYNPCC7942_RS01055
M744_RS01935	7.8564	SYNPCC7942_RS01045
M744_RS01940	13.3991	SYNPCC7942_RS01040
M744_RS01950	93.7875	SYNPCC7942_RS01030
M744_RS01955	1.0008	SYNPCC7942_RS01025
M744_RS01960	691.1833	SYNPCC7942_RS01020
M744_RS01965	26.7806	SYNPCC7942_RS01015
M744_RS01970	86.4125	SYNPCC7942_RS01010
M744_RS01975	250.1514	SYNPCC7942_RS01005
M744_RS01980	0.1402	SYNPCC7942_RS01000
M744_RS01985	95.7521	SYNPCC7942_RS00995
M744_RS01990	395.2702	SYNPCC7942_RS00990
M744_RS01995	84.1403	SYNPCC7942_RS00985
M744_RS02005	72.3351	SYNPCC7942_RS00975
M744_RS02010	173.0140	SYNPCC7942_RS00970
M744_RS02015	9.9090	SYNPCC7942_RS00965
M744_RS02020	191.2460	SYNPCC7942_RS00960
M744_RS02025	12.3001	SYNPCC7942_RS00955
M744_RS02030	32.4440	SYNPCC7942_RS00950
M744_RS02035	2.0556	SYNPCC7942_RS00945
M744_RS02040	27.6797	SYNPCC7942_RS00940
M744_RS02045	1.4372	SYNPCC7942_RS00935
M744_RS02050	22.6255	SYNPCC7942_RS00930
M744_RS02055	123.3784	SYNPCC7942_RS00925
M744_RS02060	141.8930	SYNPCC7942_RS00920
M744_RS02065	1317.3260	SYNPCC7942_RS00915
M744_RS02070	14.7096	SYNPCC7942_RS00910
M744_RS02075	7.4084	SYNPCC7942_RS00905
M744_RS02080	97.0846	SYNPCC7942_RS00900
M744_RS02090	0.0142	SYNPCC7942_RS00890
M744_RS02095	14.0253	SYNPCC7942_RS00885
M744_RS02100	0.0000	SYNPCC7942_RS00880
M744_RS02105	1.2588	SYNPCC7942_RS00875
M744_RS02110	29.2144	SYNPCC7942_RS00870
M744_RS02115	29.3458	SYNPCC7942_RS00865
M744_RS02120	279.9249	SYNPCC7942_RS00860
M744_RS02125	290.2743	SYNPCC7942_RS00855
M744_RS02130	3.4466	SYNPCC7942_RS00850
M744_RS02140	4.0568	SYNPCC7942_RS00840
M744_RS02145	80.2410	SYNPCC7942_RS00835
M744_RS02150	55.3525	SYNPCC7942_RS00830
M744_RS02155	126.6201	SYNPCC7942_RS00825
M744_RS02160	57.1540	SYNPCC7942_RS00820
M744_RS02165	32.0360	SYNPCC7942_RS00815
M744_RS02170	30.3529	SYNPCC7942_RS00810
M744_RS02175	4.3651	SYNPCC7942_RS00805
M744_RS02180	204.7196	SYNPCC7942_RS00800
M744_RS02185	2217.4865	SYNPCC7942_RS00795
M744_RS02190	128.5182	SYNPCC7942_RS00790
M744_RS02195	0.0142	SYNPCC7942_RS00785
M744_RS02200	21.5936	SYNPCC7942_RS00780
M744_RS02205	81.0636	SYNPCC7942_RS00775
M744_RS02210	3.1029	SYNPCC7942_RS00770
M744_RS02215	322.4488	SYNPCC7942_RS00765
M744_RS02220	18.4845	SYNPCC7942_RS00760
M744_RS02225	0.1656	SYNPCC7942_RS00755
M744_RS02230	43.0556	SYNPCC7942_RS00750
M744_RS02235	86.1979	SYNPCC7942_RS00745
M744_RS02240	61.7184	SYNPCC7942_RS00740
M744_RS02245	0.0044	SYNPCC7942_RS00735
M744_RS02250	16.1225	SYNPCC7942_RS00730
M744_RS02255	143.4037	SYNPCC7942_RS00725
M744_RS02260	152.1764	SYNPCC7942_RS00720
M744_RS02265	90.9016	SYNPCC7942_RS00715
M744_RS02275	3548.7856	SYNPCC7942_RS00705
M744_RS02280	178.5561	SYNPCC7942_RS00700
M744_RS02285	213.7681	SYNPCC7942_RS00695
M744_RS02290	10.2461	SYNPCC7942_RS00690
M744_RS02295	0.0086	SYNPCC7942_RS00685
M744_RS02300	50.0338	SYNPCC7942_RS00680
M744_RS02305	117.2010	SYNPCC7942_RS00675
M744_RS02310	39.0342	SYNPCC7942_RS00670
M744_RS02315	80.9749	SYNPCC7942_RS00665
M744_RS02320	0.0200	SYNPCC7942_RS00660
M744_RS02325	0.5424	SYNPCC7942_RS00655
M744_RS02330	274.8704	SYNPCC7942_RS00650
M744_RS02335	22.3560	SYNPCC7942_RS00645
M744_RS02345	113.2158	SYNPCC7942_RS00635
M744_RS02350	9.2728	SYNPCC7942_RS00630
M744_RS02360	70.9011	SYNPCC7942_RS00620
M744_RS02370	10.5030	SYNPCC7942_RS00610
M744_RS02375	1.7714	SYNPCC7942_RS00605
M744_RS02380	0.0000	SYNPCC7942_RS00600
M744_RS02385	311.5243	SYNPCC7942_RS00590
M744_RS02390	37.0816	SYNPCC7942_RS00585
M744_RS02395	0.0000	SYNPCC7942_RS13655
M744_RS02400	64.5173	SYNPCC7942_RS00580
M744_RS02405	10.3875	SYNPCC7942_RS00575
M744_RS02410	5.8781	SYNPCC7942_RS00570
M744_RS02415	41.6082	SYNPCC7942_RS00565
M744_RS02420	35.2761	SYNPCC7942_RS00560
M744_RS02425	224.4128	SYNPCC7942_RS00555
M744_RS02430	4.7721	SYNPCC7942_RS00550
M744_RS02435	78.9468	SYNPCC7942_RS00545
M744_RS02440	0.0142	SYNPCC7942_RS00540
M744_RS02445	19.7370	SYNPCC7942_RS00535
M744_RS02450	52.2768	SYNPCC7942_RS00530
M744_RS02455	4.9611	SYNPCC7942_RS00525
M744_RS02460	11.1368	SYNPCC7942_RS00520
M744_RS02465	69.0176	SYNPCC7942_RS00515
M744_RS02470	1.0072	SYNPCC7942_RS00510
M744_RS02475	38.9371	SYNPCC7942_RS00505
M744_RS02480	190.4880	SYNPCC7942_RS00500
M744_RS02485	19.7511	SYNPCC7942_RS00495
M744_RS02490	218.9294	SYNPCC7942_RS00490
M744_RS02505	13.8552	SYNPCC7942_RS00475
M744_RS02510	228.1095	SYNPCC7942_RS00470
M744_RS02515	10.2703	SYNPCC7942_RS00465
M744_RS02520	0.2631	SYNPCC7942_RS00460
M744_RS02525	63.9008	SYNPCC7942_RS00455
M744_RS02530	158.1120	SYNPCC7942_RS00450
M744_RS02540	159.8476	SYNPCC7942_RS00440
M744_RS02545	59.1154	SYNPCC7942_RS00435
M744_RS02550	299.6282	SYNPCC7942_RS00430
M744_RS02555	108.9517	SYNPCC7942_RS00425
M744_RS02560	62.0578	SYNPCC7942_RS00420
M744_RS02565	0.0766	SYNPCC7942_RS00415
M744_RS02570	41.3797	SYNPCC7942_RS00410
M744_RS02575	62.4289	SYNPCC7942_RS00405
M744_RS02580	25.7134	SYNPCC7942_RS00400
M744_RS02585	104.0931	SYNPCC7942_RS00395
M744_RS02590	69.2037	SYNPCC7942_RS00390
M744_RS02595	0.5838	SYNPCC7942_RS00385
M744_RS02600	15.2572	SYNPCC7942_RS00380
M744_RS02605	13.6822	SYNPCC7942_RS00375
M744_RS02610	114.8359	SYNPCC7942_RS00370
M744_RS02615	6.6721	SYNPCC7942_RS00365
M744_RS02620	75.2724	SYNPCC7942_RS00360
M744_RS02625	12.5834	SYNPCC7942_RS00355
M744_RS02630	18.3971	SYNPCC7942_RS00350
M744_RS02635	7.1052	SYNPCC7942_RS00345
M744_RS02640	30.4824	SYNPCC7942_RS00340
M744_RS02645	12.1500	SYNPCC7942_RS00335
M744_RS02650	21.1680	SYNPCC7942_RS00330
M744_RS02655	29.9722	SYNPCC7942_RS00325
M744_RS02660	71.3971	SYNPCC7942_RS00320
M744_RS02665	1.4790	SYNPCC7942_RS00315
M744_RS02670	23.9594	SYNPCC7942_RS00310
M744_RS02675	364.1364	SYNPCC7942_RS00305
M744_RS02685	66.1176	SYNPCC7942_RS00295
M744_RS02690	0.0142	SYNPCC7942_RS00290
M744_RS02695	81.9991	SYNPCC7942_RS00285
M744_RS02700	69.0341	SYNPCC7942_RS00280
M744_RS02710	45.2172	SYNPCC7942_RS00270
M744_RS02715	61.0645	SYNPCC7942_RS00265
M744_RS02720	123.1181	SYNPCC7942_RS00260
M744_RS02725	23.4351	SYNPCC7942_RS00255
M744_RS02730	180.0923	SYNPCC7942_RS00250
M744_RS02745	336.1393	SYNPCC7942_RS00235
M744_RS02750	153.1130	SYNPCC7942_RS00230
M744_RS02755	12.4589	SYNPCC7942_RS00225
M744_RS02760	3.7810	SYNPCC7942_RS00220
M744_RS02765	21.4251	SYNPCC7942_RS00215
M744_RS02770	152.0188	SYNPCC7942_RS00210
M744_RS02775	47.0603	SYNPCC7942_RS00205
M744_RS02780	42.5809	SYNPCC7942_RS00200
M744_RS02785	359.8398	SYNPCC7942_RS00195
M744_RS02790	10.9429	SYNPCC7942_RS00190
M744_RS02795	0.0783	SYNPCC7942_RS00185
M744_RS02800	21.3898	SYNPCC7942_RS00180
M744_RS02805	76.5500	SYNPCC7942_RS00175
M744_RS02810	189.8491	SYNPCC7942_RS00170
M744_RS02815	66.2241	SYNPCC7942_RS00165
M744_RS02820	0.0142	SYNPCC7942_RS00160
M744_RS02825	23.7339	SYNPCC7942_RS00155
M744_RS02830	0.0142	SYNPCC7942_RS00150
M744_RS02835	4.4593	SYNPCC7942_RS00145
M744_RS02845	0.2114	SYNPCC7942_RS00135
M744_RS02850	63.7240	SYNPCC7942_RS00130
M744_RS02855	13.1830	SYNPCC7942_RS00125
M744_RS02860	125.4577	SYNPCC7942_RS00120
M744_RS02865	33.7174	SYNPCC7942_RS00115
M744_RS02870	5.2513	SYNPCC7942_RS00110
M744_RS02875	8.0355	SYNPCC7942_RS00105
M744_RS02880	308.8185	SYNPCC7942_RS00100
M744_RS02885	86.5567	SYNPCC7942_RS00095
M744_RS02890	16.3836	SYNPCC7942_RS00090
M744_RS02895	20.0066	SYNPCC7942_RS00085
M744_RS02900	3.6759	SYNPCC7942_RS00080
M744_RS02905	10.1707	SYNPCC7942_RS00075
M744_RS02910	63.2813	SYNPCC7942_RS00070
M744_RS02915	155.5959	SYNPCC7942_RS00065
M744_RS02920	149.3134	SYNPCC7942_RS00060
M744_RS02925	20.7443	SYNPCC7942_RS00055
M744_RS02930	63.8978	SYNPCC7942_RS00050
M744_RS02935	209.6775	SYNPCC7942_RS00045
M744_RS02940	9.4674	SYNPCC7942_RS00040
M744_RS02945	23.2550	SYNPCC7942_RS00035
M744_RS02950	4.2567	SYNPCC7942_RS00030
M744_RS02955	72.1911	SYNPCC7942_RS00025
M744_RS02960	175.6927	SYNPCC7942_RS00020
M744_RS02965	237.9768	SYNPCC7942_RS00015
M744_RS02970	21.5753	SYNPCC7942_RS00010
M744_RS02975	170.1082	SYNPCC7942_RS00005
M744_RS02980	28.4005	SYNPCC7942_RS13310
M744_RS02985	108.6694	SYNPCC7942_RS13305
M744_RS02990	18.5458	SYNPCC7942_RS13300
M744_RS02995	0.4922	SYNPCC7942_RS13295
M744_RS03000	87.1882	SYNPCC7942_RS13290
M744_RS03005	45.4663	SYNPCC7942_RS13285
M744_RS03010	23.5502	SYNPCC7942_RS13280
M744_RS03015	106.9648	SYNPCC7942_RS13275
M744_RS03020	578.3923	SYNPCC7942_RS13270
M744_RS03025	113.8850	SYNPCC7942_RS13265
M744_RS03030	844.9543	SYNPCC7942_RS13260
M744_RS03035	562.8087	SYNPCC7942_RS13255
M744_RS03040	90.5942	SYNPCC7942_RS13250
M744_RS03045	2498.2513	SYNPCC7942_RS13245
M744_RS03050	0.0142	SYNPCC7942_RS13240
M744_RS03055	18.6350	SYNPCC7942_RS13235
M744_RS03060	24.5724	SYNPCC7942_RS13230
M744_RS03065	107.8584	SYNPCC7942_RS13225
M744_RS03070	29.6017	SYNPCC7942_RS13220
M744_RS03075	27.4151	SYNPCC7942_RS13215
M744_RS03085	590.4979	SYNPCC7942_RS13205
M744_RS03090	25.7480	SYNPCC7942_RS13200
M744_RS03095	20.8550	SYNPCC7942_RS13195
M744_RS03100	322.0712	SYNPCC7942_RS13190
M744_RS03105	42.9460	SYNPCC7942_RS13185
M744_RS03110	54.0317	SYNPCC7942_RS13180
M744_RS03115	21.4891	SYNPCC7942_RS13175
M744_RS03120	10.2140	SYNPCC7942_RS13170
M744_RS03125	1.6688	SYNPCC7942_RS13165
M744_RS03130	15.6469	SYNPCC7942_RS13160
M744_RS03135	120.2042	SYNPCC7942_RS13155
M744_RS03140	9.1678	SYNPCC7942_RS13150
M744_RS03145	4.9312	SYNPCC7942_RS13145
M744_RS03155	437.8883	SYNPCC7942_RS13135
M744_RS03160	51.2974	SYNPCC7942_RS13130
M744_RS03165	23.2157	SYNPCC7942_RS13125
M744_RS03170	14.6903	SYNPCC7942_RS13120
M744_RS03175	66.1216	SYNPCC7942_RS13115
M744_RS03205	17.4559	SYNPCC7942_RS13085
M744_RS03215	22.9668	SYNPCC7942_RS13075
M744_RS03220	52.7865	SYNPCC7942_RS13070
M744_RS03225	49.8878	SYNPCC7942_RS13065
M744_RS03230	23.8336	SYNPCC7942_RS13060
M744_RS03235	0.1174	SYNPCC7942_RS13055
M744_RS03240	21.2553	SYNPCC7942_RS13050
M744_RS03245	4.4253	SYNPCC7942_RS13045
M744_RS03255	90.1141	SYNPCC7942_RS13035
M744_RS03260	12.5364	SYNPCC7942_RS13030
M744_RS03265	109.2142	SYNPCC7942_RS13025
M744_RS03270	81.1877	SYNPCC7942_RS13020
M744_RS03275	357.3066	SYNPCC7942_RS13015
M744_RS03280	5.2761	SYNPCC7942_RS13010
M744_RS03285	225.2602	SYNPCC7942_RS13005
M744_RS03290	12.2431	SYNPCC7942_RS13000
M744_RS03295	79.5613	SYNPCC7942_RS12995
M744_RS03300	225.5678	SYNPCC7942_RS12990
M744_RS03305	97.7494	SYNPCC7942_RS12985
M744_RS03310	32.4511	SYNPCC7942_RS12980
M744_RS03315	102.3493	SYNPCC7942_RS12975
M744_RS03320	33.9245	SYNPCC7942_RS12970
M744_RS03325	0.1423	SYNPCC7942_RS12965
M744_RS03330	75.4151	SYNPCC7942_RS12960
M744_RS03335	77.6383	SYNPCC7942_RS12955
M744_RS03340	1.1590	SYNPCC7942_RS12950
M744_RS03345	50.1845	SYNPCC7942_RS12945
M744_RS03350	52.3028	SYNPCC7942_RS12940
M744_RS03355	8.7593	SYNPCC7942_RS12935
M744_RS03360	44.9151	SYNPCC7942_RS12930
M744_RS03365	6.4345	SYNPCC7942_RS12925
M744_RS03370	47.8450	SYNPCC7942_RS12920
M744_RS03375	1.6117	SYNPCC7942_RS12915
M744_RS03390	537.8043	SYNPCC7942_RS12900
M744_RS03395	63.0733	SYNPCC7942_RS12895
M744_RS03400	33.3035	SYNPCC7942_RS12890
M744_RS03405	229.5379	SYNPCC7942_RS12885
M744_RS03410	127.6300	SYNPCC7942_RS12880
M744_RS03415	0.1626	SYNPCC7942_RS12875
M744_RS03420	652.4402	SYNPCC7942_RS12870
M744_RS03425	125.3356	SYNPCC7942_RS12865
M744_RS03430	19.3626	SYNPCC7942_RS12860
M744_RS03435	66.2667	SYNPCC7942_RS12855
M744_RS03440	734.0253	SYNPCC7942_RS12850
M744_RS03445	892.3432	SYNPCC7942_RS12845
M744_RS03450	2734.0285	SYNPCC7942_RS12840
M744_RS03455	22.0925	SYNPCC7942_RS12835
M744_RS03460	0.0268	SYNPCC7942_RS12830
M744_RS03465	711.4487	SYNPCC7942_RS12825
M744_RS03470	145.4546	SYNPCC7942_RS12820
M744_RS03475	144.0033	SYNPCC7942_RS12815
M744_RS03485	25.7131	SYNPCC7942_RS12805
M744_RS03490	58.2018	SYNPCC7942_RS12800
M744_RS03495	11.2181	SYNPCC7942_RS12795
M744_RS03500	256.2592	SYNPCC7942_RS12790
M744_RS03505	83.8471	SYNPCC7942_RS12785
M744_RS03510	77.9307	SYNPCC7942_RS12780
M744_RS03515	2.9374	SYNPCC7942_RS12775
M744_RS03525	29.9507	SYNPCC7942_RS12765
M744_RS03530	18.9171	SYNPCC7942_RS12760
M744_RS03535	61.0593	SYNPCC7942_RS12755
M744_RS03545	125.5138	SYNPCC7942_RS12745
M744_RS03550	29.6836	SYNPCC7942_RS12740
M744_RS03555	17.9452	SYNPCC7942_RS12735
M744_RS03560	26.2221	SYNPCC7942_RS12730
M744_RS03565	31.3062	SYNPCC7942_RS12725
M744_RS03575	409.3246	SYNPCC7942_RS12715
M744_RS03580	0.0000	SYNPCC7942_RS12710
M744_RS03585	20.1582	SYNPCC7942_RS12705
M744_RS03590	1032.5116	SYNPCC7942_RS12700
M744_RS03595	1.3750	SYNPCC7942_RS12695
M744_RS03600	326.8116	SYNPCC7942_RS12690
M744_RS03605	297.9379	SYNPCC7942_RS12685
M744_RS03610	0.0767	SYNPCC7942_RS12680
M744_RS03615	1457.9321	SYNPCC7942_RS12675
M744_RS03620	125.4914	SYNPCC7942_RS12670
M744_RS03625	0.0366	SYNPCC7942_RS12665
M744_RS03630	99.5084	SYNPCC7942_RS12660
M744_RS03635	2.7112	SYNPCC7942_RS12655
M744_RS03640	25.8905	SYNPCC7942_RS12650
M744_RS03650	375.3443	SYNPCC7942_RS12640
M744_RS03655	7.1092	SYNPCC7942_RS12635
M744_RS03665	50.5451	SYNPCC7942_RS12625
M744_RS03670	40.6296	SYNPCC7942_RS12620
M744_RS03675	166.4563	SYNPCC7942_RS12615
M744_RS03680	566.6770	SYNPCC7942_RS12610
M744_RS03690	420.9940	SYNPCC7942_RS12600
M744_RS03700	240.8510	SYNPCC7942_RS12590
M744_RS03705	91.8992	SYNPCC7942_RS12585
M744_RS03710	1226.8892	SYNPCC7942_RS12580
M744_RS03715	34.9937	SYNPCC7942_RS12575
M744_RS03725	99.3716	SYNPCC7942_RS12565
M744_RS03730	68.3587	SYNPCC7942_RS12560
M744_RS03735	31.0694	SYNPCC7942_RS12555
M744_RS03740	54.8971	SYNPCC7942_RS12550
M744_RS03745	3532.3909	SYNPCC7942_RS12545
M744_RS03750	17.6929	SYNPCC7942_RS12540
M744_RS03755	7.5904	SYNPCC7942_RS12535
M744_RS03765	288.8792	SYNPCC7942_RS12530
M744_RS03770	36.7503	SYNPCC7942_RS12525
M744_RS03775	119.3996	SYNPCC7942_RS12520
M744_RS03780	2.4638	SYNPCC7942_RS12515
M744_RS03785	124.5536	SYNPCC7942_RS12510
M744_RS03790	63.0823	SYNPCC7942_RS12505
M744_RS03795	27.7012	SYNPCC7942_RS12500
M744_RS03805	127.1831	SYNPCC7942_RS12490
M744_RS03810	20.3637	SYNPCC7942_RS12485
M744_RS03815	38.7717	SYNPCC7942_RS12480
M744_RS03835	315.9531	SYNPCC7942_RS12465
M744_RS03850	759.5196	SYNPCC7942_RS12455
M744_RS03855	1822.8814	SYNPCC7942_RS12450
M744_RS03860	447.6812	SYNPCC7942_RS12445
M744_RS03865	93.7828	SYNPCC7942_RS12440
M744_RS03870	20.3326	SYNPCC7942_RS12435
M744_RS03875	264.8058	SYNPCC7942_RS12430
M744_RS03880	20.6088	SYNPCC7942_RS12425
M744_RS03885	89.9452	SYNPCC7942_RS12420
M744_RS03890	0.1474	SYNPCC7942_RS12415
M744_RS03895	166.7069	SYNPCC7942_RS12410
M744_RS03900	105.9755	SYNPCC7942_RS12405
M744_RS03905	2219.5919	SYNPCC7942_RS12400
M744_RS03910	122.1615	SYNPCC7942_RS12395
M744_RS03920	144.0753	SYNPCC7942_RS12385
M744_RS03925	346.5086	SYNPCC7942_RS12380
M744_RS03930	15.4213	SYNPCC7942_RS12375
M744_RS03935	13.0602	SYNPCC7942_RS12370
M744_RS03940	242.2403	SYNPCC7942_RS12365
M744_RS03945	0.0671	SYNPCC7942_RS12360
M744_RS03950	48.4766	SYNPCC7942_RS12355
M744_RS03955	810.0583	SYNPCC7942_RS12350
M744_RS03960	20.2845	SYNPCC7942_RS12345
M744_RS03965	22.2082	SYNPCC7942_RS12340
M744_RS03970	1.0328	SYNPCC7942_RS12335
M744_RS03975	68.5000	SYNPCC7942_RS12330
M744_RS03980	49.4762	SYNPCC7942_RS12325
M744_RS03985	18.1622	SYNPCC7942_RS12320
M744_RS03990	190.6155	SYNPCC7942_RS12315
M744_RS03995	123.5596	SYNPCC7942_RS12310
M744_RS04000	100.4371	SYNPCC7942_RS12305
M744_RS04005	12.3012	SYNPCC7942_RS12300
M744_RS04010	228.3216	SYNPCC7942_RS12295
M744_RS04015	9.2995	SYNPCC7942_RS12290
M744_RS04020	19.8808	SYNPCC7942_RS12285
M744_RS04025	29.7510	SYNPCC7942_RS12280
M744_RS04030	7.8576	SYNPCC7942_RS12275
M744_RS04035	88.2650	SYNPCC7942_RS12270
M744_RS04040	13.5423	SYNPCC7942_RS12265
M744_RS04045	577.7274	SYNPCC7942_RS12260
M744_RS04050	46.7665	SYNPCC7942_RS12255
M744_RS04055	50.3674	SYNPCC7942_RS12250
M744_RS04060	1583.8608	SYNPCC7942_RS12245
M744_RS04065	42.7560	SYNPCC7942_RS12240
M744_RS04070	0.0142	SYNPCC7942_RS12235
M744_RS04075	102.5478	SYNPCC7942_RS12230
M744_RS04080	2.1202	SYNPCC7942_RS12225
M744_RS04095	64.7678	SYNPCC7942_RS12210
M744_RS04100	13.6262	SYNPCC7942_RS12205
M744_RS04105	8693.1371	SYNPCC7942_RS12200
M744_RS04110	19.1924	SYNPCC7942_RS12195
M744_RS04115	179.4682	SYNPCC7942_RS12190
M744_RS04120	5.3811	SYNPCC7942_RS12185
M744_RS04125	83.7055	SYNPCC7942_RS12180
M744_RS04130	84.1602	SYNPCC7942_RS12175
M744_RS04135	6.2446	SYNPCC7942_RS12170
M744_RS04140	28.2315	SYNPCC7942_RS12165
M744_RS04145	83.6905	SYNPCC7942_RS12160
M744_RS04150	50.8028	SYNPCC7942_RS12155
M744_RS04155	6.8282	SYNPCC7942_RS12150
M744_RS04160	14.3147	SYNPCC7942_RS12145
M744_RS04165	22.5170	SYNPCC7942_RS12140
M744_RS04170	380.2637	SYNPCC7942_RS12135
M744_RS04175	151.9085	SYNPCC7942_RS12130
M744_RS04180	47.5887	SYNPCC7942_RS12125
M744_RS04185	1.7256	SYNPCC7942_RS12120
M744_RS04190	1137.0595	SYNPCC7942_RS12115
M744_RS04195	159.9971	SYNPCC7942_RS12110
M744_RS04200	0.0000	SYNPCC7942_RS12105
M744_RS04205	28.2932	SYNPCC7942_RS12100
M744_RS04210	1.1223	SYNPCC7942_RS12095
M744_RS04215	2.5098	SYNPCC7942_RS12090
M744_RS04220	234.5784	SYNPCC7942_RS12085
M744_RS04225	24.5368	SYNPCC7942_RS12080
M744_RS04230	20.3808	SYNPCC7942_RS12075
M744_RS04235	26.5793	SYNPCC7942_RS12070
M744_RS04240	52.1827	SYNPCC7942_RS12065
M744_RS04245	5.3561	SYNPCC7942_RS12060
M744_RS04250	12.7042	SYNPCC7942_RS12055
M744_RS04255	24.0353	SYNPCC7942_RS12050
M744_RS04260	21.2474	SYNPCC7942_RS12045
M744_RS04265	731.5769	SYNPCC7942_RS12040
M744_RS04270	228.3166	SYNPCC7942_RS12035
M744_RS04280	206.8335	SYNPCC7942_RS12025
M744_RS04285	3687.8484	SYNPCC7942_RS12020
M744_RS04290	117.3449	SYNPCC7942_RS12015
M744_RS04295	0.0142	SYNPCC7942_RS12010
M744_RS04300	66.9854	SYNPCC7942_RS12005
M744_RS04305	28.6609	SYNPCC7942_RS12000
M744_RS04310	59.4795	SYNPCC7942_RS11995
M744_RS04315	43.3877	SYNPCC7942_RS11990
M744_RS04320	394.9420	SYNPCC7942_RS11985
M744_RS04325	65.1120	SYNPCC7942_RS11980
M744_RS04330	54.7437	SYNPCC7942_RS11975
M744_RS04335	11.6420	SYNPCC7942_RS11970
M744_RS04340	310.4802	SYNPCC7942_RS11965
M744_RS04345	845.2431	SYNPCC7942_RS11960
M744_RS04350	141.6505	SYNPCC7942_RS11955
M744_RS04355	7782.6136	SYNPCC7942_RS11950
M744_RS04360	95.2915	SYNPCC7942_RS11945
M744_RS04365	171.6649	SYNPCC7942_RS11940
M744_RS04370	536.8333	SYNPCC7942_RS11935
M744_RS04375	27.3429	SYNPCC7942_RS11930
M744_RS04380	0.0000	SYNPCC7942_RS11925
M744_RS04385	126.3218	SYNPCC7942_RS11920
M744_RS04390	449.4189	SYNPCC7942_RS11915
M744_RS04395	71.3719	SYNPCC7942_RS11910
M744_RS04400	441.9153	SYNPCC7942_RS11905
M744_RS04405	1858.6977	SYNPCC7942_RS11900
M744_RS04410	17.8612	SYNPCC7942_RS11895
M744_RS04415	81.3889	SYNPCC7942_RS11890
M744_RS04420	32.8136	SYNPCC7942_RS11885
M744_RS04425	102.7399	SYNPCC7942_RS11880
M744_RS04430	25.2849	SYNPCC7942_RS11875
M744_RS04435	741.0139	SYNPCC7942_RS11870
M744_RS04440	633.2766	SYNPCC7942_RS11865
M744_RS04445	563.2789	SYNPCC7942_RS11860
M744_RS04450	373.0774	SYNPCC7942_RS11855
M744_RS04455	1356.0448	SYNPCC7942_RS11850
M744_RS04460	1.3612	SYNPCC7942_RS11845
M744_RS04465	31.2517	SYNPCC7942_RS11840
M744_RS04470	81.5731	SYNPCC7942_RS11835
M744_RS04475	120.9257	SYNPCC7942_RS11830
M744_RS04480	843.1896	SYNPCC7942_RS11825
M744_RS04485	0.0000	SYNPCC7942_RS11820
M744_RS04490	17.9192	SYNPCC7942_RS11815
M744_RS04495	87.1908	SYNPCC7942_RS11810
M744_RS04500	32.1590	SYNPCC7942_RS11805
M744_RS04505	56.7347	SYNPCC7942_RS11800
M744_RS04510	4.3464	SYNPCC7942_RS11795
M744_RS04520	12.1139	SYNPCC7942_RS11785
M744_RS04525	241.9892	SYNPCC7942_RS11780
M744_RS04530	138.3968	SYNPCC7942_RS11775
M744_RS04535	1051.5702	SYNPCC7942_RS11770
M744_RS04540	860.6345	SYNPCC7942_RS11765
M744_RS04545	6001.8308	SYNPCC7942_RS11760
M744_RS04550	7.2801	SYNPCC7942_RS11755
M744_RS04555	29.3060	SYNPCC7942_RS11750
M744_RS04565	17.7800	SYNPCC7942_RS11740
M744_RS04570	45.3211	SYNPCC7942_RS11735
M744_RS04575	132.7395	SYNPCC7942_RS11730
M744_RS04580	923.5128	SYNPCC7942_RS11725
M744_RS04585	232.7396	SYNPCC7942_RS11720
M744_RS04590	15.2030	SYNPCC7942_RS11715
M744_RS04600	8.3207	SYNPCC7942_RS11705
M744_RS04605	80.3101	SYNPCC7942_RS11700
M744_RS04610	35.5591	SYNPCC7942_RS11695
M744_RS04615	84.7829	SYNPCC7942_RS11690
M744_RS04620	96.1667	SYNPCC7942_RS11685
M744_RS04625	7.5606	SYNPCC7942_RS11680
M744_RS04630	1229.8134	SYNPCC7942_RS11675
M744_RS04635	27.3776	SYNPCC7942_RS11670
M744_RS04640	0.2755	SYNPCC7942_RS11665
M744_RS04645	28.3741	SYNPCC7942_RS11660
M744_RS04650	6.3351	SYNPCC7942_RS11655
M744_RS04655	263.1704	SYNPCC7942_RS11650
M744_RS04660	56.7815	SYNPCC7942_RS11645
M744_RS04665	0.0231	SYNPCC7942_RS11640
M744_RS04670	61.8943	SYNPCC7942_RS11635
M744_RS04675	206.5533	SYNPCC7942_RS11630
M744_RS04680	53.9150	SYNPCC7942_RS11625
M744_RS04685	12.9659	SYNPCC7942_RS11620
M744_RS04690	61.0949	SYNPCC7942_RS11615
M744_RS04695	123.7481	SYNPCC7942_RS11610
M744_RS04700	18.4691	SYNPCC7942_RS11605
M744_RS04705	0.0000	SYNPCC7942_RS11600
M744_RS04710	175.3353	SYNPCC7942_RS11595
M744_RS04715	32.4001	SYNPCC7942_RS11590
M744_RS04720	18.0111	SYNPCC7942_RS11585
M744_RS04725	41.9130	SYNPCC7942_RS11580
M744_RS04730	0.7487	SYNPCC7942_RS11575
M744_RS04735	6.0218	SYNPCC7942_RS11570
M744_RS04750	142.3977	SYNPCC7942_RS11555
M744_RS04755	20.9849	SYNPCC7942_RS11550
M744_RS04760	0.0638	SYNPCC7942_RS11545
M744_RS04765	29.6023	SYNPCC7942_RS11540
M744_RS04770	12.0921	SYNPCC7942_RS11535
M744_RS04775	3.1369	SYNPCC7942_RS11530
M744_RS04780	4.5542	SYNPCC7942_RS11525
M744_RS04785	86.4541	SYNPCC7942_RS11520
M744_RS04790	17.5224	SYNPCC7942_RS11515
M744_RS04795	56.6704	SYNPCC7942_RS11510
M744_RS04800	93.4177	SYNPCC7942_RS11505
M744_RS04805	51.9047	SYNPCC7942_RS11500
M744_RS04810	0.2991	SYNPCC7942_RS11495
M744_RS04815	76.3910	SYNPCC7942_RS11490
M744_RS04820	27.5062	SYNPCC7942_RS11485
M744_RS04830	78.2448	SYNPCC7942_RS11475
M744_RS04835	2.8489	SYNPCC7942_RS11470
M744_RS04840	873.4851	SYNPCC7942_RS11465
M744_RS04845	95.0578	SYNPCC7942_RS11460
M744_RS04850	49.9667	SYNPCC7942_RS11455
M744_RS04855	178.0717	SYNPCC7942_RS11450
M744_RS04870	8.2259	SYNPCC7942_RS11435
M744_RS04875	8.6534	SYNPCC7942_RS11430
M744_RS04880	52.5187	SYNPCC7942_RS11425
M744_RS04885	455.3295	SYNPCC7942_RS11420
M744_RS04890	54.4125	SYNPCC7942_RS11415
M744_RS04895	23.6765	SYNPCC7942_RS11410
M744_RS04900	23.3990	SYNPCC7942_RS11405
M744_RS04905	325.1897	SYNPCC7942_RS11400
M744_RS04910	540.7516	SYNPCC7942_RS11395
M744_RS04920	87.9157	SYNPCC7942_RS11385
M744_RS04930	58.9404	SYNPCC7942_RS11375
M744_RS04935	16.4902	SYNPCC7942_RS11370
M744_RS04940	52.0523	SYNPCC7942_RS11365
M744_RS04945	6.9441	SYNPCC7942_RS11360
M744_RS04950	22.9267	SYNPCC7942_RS11355
M744_RS04955	14.3274	SYNPCC7942_RS11350
M744_RS04960	47.7807	SYNPCC7942_RS11345
M744_RS04970	487.3374	SYNPCC7942_RS11335
M744_RS04975	0.0568	SYNPCC7942_RS11330
M744_RS04980	1240.9733	SYNPCC7942_RS11325
M744_RS04985	851.0120	SYNPCC7942_RS11320
M744_RS04990	857.9245	SYNPCC7942_RS11315
M744_RS04995	511.7292	SYNPCC7942_RS11310
M744_RS05000	972.2442	SYNPCC7942_RS11305
M744_RS05005	266.2206	SYNPCC7942_RS11300
M744_RS05010	212.9623	SYNPCC7942_RS11295
M744_RS05015	123.3838	SYNPCC7942_RS11290
M744_RS05020	33.0975	SYNPCC7942_RS11285
M744_RS05025	1013.2209	SYNPCC7942_RS11280
M744_RS05030	424.6978	SYNPCC7942_RS11275
M744_RS05035	480.1680	SYNPCC7942_RS11270
M744_RS05040	0.0568	SYNPCC7942_RS11265
M744_RS05045	753.7692	SYNPCC7942_RS11260
M744_RS05050	811.7484	SYNPCC7942_RS11255
M744_RS05055	427.2529	SYNPCC7942_RS11250
M744_RS05060	0.0711	SYNPCC7942_RS11245
M744_RS05065	983.8713	SYNPCC7942_RS11240
M744_RS05070	380.6784	SYNPCC7942_RS11235
M744_RS05075	142.7955	SYNPCC7942_RS11230
M744_RS05080	549.9690	SYNPCC7942_RS11225
M744_RS05085	294.2334	SYNPCC7942_RS11220
M744_RS05090	780.4899	SYNPCC7942_RS11215
M744_RS05095	0.0855	SYNPCC7942_RS11210
M744_RS05100	869.1994	SYNPCC7942_RS11205
M744_RS05105	572.2560	SYNPCC7942_RS11200
M744_RS05110	77.4538	SYNPCC7942_RS11195
M744_RS05115	13.6362	SYNPCC7942_RS11190
M744_RS05120	117.3120	SYNPCC7942_RS11185
M744_RS05130	33.2089	SYNPCC7942_RS11175
M744_RS05135	42.0210	SYNPCC7942_RS11170
M744_RS05140	42.3008	SYNPCC7942_RS11165
M744_RS05145	25.0433	SYNPCC7942_RS11160
M744_RS05150	27.5873	SYNPCC7942_RS11155
M744_RS05155	0.0482	SYNPCC7942_RS11150
M744_RS05160	23.9464	SYNPCC7942_RS11145
M744_RS05165	21.5490	SYNPCC7942_RS11140
M744_RS05170	80.6389	SYNPCC7942_RS11135
M744_RS05175	15.0049	SYNPCC7942_RS11130
M744_RS05180	33.4943	SYNPCC7942_RS11125
M744_RS05185	268.3476	SYNPCC7942_RS11120
M744_RS05190	39.8929	SYNPCC7942_RS11115
M744_RS05195	76.2263	SYNPCC7942_RS11110
M744_RS05200	59.3601	SYNPCC7942_RS11105
M744_RS05205	79.4972	SYNPCC7942_RS11100
M744_RS05210	10.6201	SYNPCC7942_RS11095
M744_RS05215	3.2674	SYNPCC7942_RS11090
M744_RS05220	200.3751	SYNPCC7942_RS11085
M744_RS05225	54.7758	SYNPCC7942_RS11080
M744_RS05230	31.2862	SYNPCC7942_RS11075
M744_RS05235	57.7758	SYNPCC7942_RS11070
M744_RS05240	30.9914	SYNPCC7942_RS11065
M744_RS05245	13.0956	SYNPCC7942_RS11060
M744_RS05250	54.3211	SYNPCC7942_RS11055
M744_RS05255	35.2256	SYNPCC7942_RS11050
M744_RS05260	1.3322	SYNPCC7942_RS11045
M744_RS05265	32.7037	SYNPCC7942_RS11040
M744_RS05270	1031.5173	SYNPCC7942_RS11035
M744_RS05275	1.3428	SYNPCC7942_RS11030
M744_RS05280	9.8809	SYNPCC7942_RS11025
M744_RS05285	135.3558	SYNPCC7942_RS11020
M744_RS05290	10.7025	SYNPCC7942_RS11015
M744_RS05295	2.9311	SYNPCC7942_RS11010
M744_RS05300	0.0142	SYNPCC7942_RS11005
M744_RS05305	12.3400	SYNPCC7942_RS11000
M744_RS05310	8.9884	SYNPCC7942_RS10995
M744_RS05315	0.0000	SYNPCC7942_RS10990
M744_RS05320	14.3080	SYNPCC7942_RS10980
M744_RS05325	157.4715	SYNPCC7942_RS10975
M744_RS05330	16.6346	SYNPCC7942_RS10970
M744_RS05335	688.9427	SYNPCC7942_RS10965
M744_RS05345	654.3879	SYNPCC7942_RS10955
M744_RS05350	12.4821	SYNPCC7942_RS10950
M744_RS05355	2.7264	SYNPCC7942_RS10945
M744_RS05360	5.2965	SYNPCC7942_RS10940
M744_RS05365	295.9421	SYNPCC7942_RS10935
M744_RS05370	325.8221	SYNPCC7942_RS10930
M744_RS05375	24.8862	SYNPCC7942_RS10925
M744_RS05380	48.3073	SYNPCC7942_RS10920
M744_RS05385	63.8983	SYNPCC7942_RS10915
M744_RS05395	0.0142	SYNPCC7942_RS10905
M744_RS05400	28.5994	SYNPCC7942_RS10900
M744_RS05405	41.8850	SYNPCC7942_RS10895
M744_RS05410	45.3977	SYNPCC7942_RS10890
M744_RS05420	222.7371	SYNPCC7942_RS10880
M744_RS05425	0.0000	SYNPCC7942_RS10875
M744_RS05430	33.4612	SYNPCC7942_RS10870
M744_RS05435	23.8994	SYNPCC7942_RS10860
M744_RS05440	8.9468	SYNPCC7942_RS10855
M744_RS05445	65.2818	SYNPCC7942_RS10850
M744_RS05450	22.1447	SYNPCC7942_RS10845
M744_RS05455	1155.4653	SYNPCC7942_RS10840
M744_RS05460	52.2950	SYNPCC7942_RS10835
M744_RS05465	31.9656	SYNPCC7942_RS10830
M744_RS05470	37.0278	SYNPCC7942_RS10825
M744_RS05475	40.8799	SYNPCC7942_RS10820
M744_RS05480	145.9202	SYNPCC7942_RS10815
M744_RS05485	17.5310	SYNPCC7942_RS10810
M744_RS05490	44.8233	SYNPCC7942_RS10805
M744_RS05495	15.7846	SYNPCC7942_RS10800
M744_RS05500	22.2461	SYNPCC7942_RS10795
M744_RS05505	37.4082	SYNPCC7942_RS10790
M744_RS05510	12.4399	SYNPCC7942_RS10785
M744_RS05515	0.7834	SYNPCC7942_RS10780
M744_RS05520	429.7352	SYNPCC7942_RS10775
M744_RS05525	11.8691	SYNPCC7942_RS10770
M744_RS05530	22.7579	SYNPCC7942_RS10765
M744_RS05535	114.9180	SYNPCC7942_RS10760
M744_RS05540	1514.8777	SYNPCC7942_RS10755
M744_RS05545	530.5019	SYNPCC7942_RS10750
M744_RS05550	4201.2195	SYNPCC7942_RS10745
M744_RS05555	184.2088	SYNPCC7942_RS10740
M744_RS05560	58.3392	SYNPCC7942_RS10735
M744_RS05565	15.3063	SYNPCC7942_RS10730
M744_RS05570	45.1805	SYNPCC7942_RS10725
M744_RS05580	55.7244	SYNPCC7942_RS10715
M744_RS05585	219.4246	SYNPCC7942_RS10710
M744_RS05590	4.7886	SYNPCC7942_RS10705
M744_RS05595	9.5527	SYNPCC7942_RS10700
M744_RS05600	13.9353	SYNPCC7942_RS10695
M744_RS05605	112.5216	SYNPCC7942_RS10690
M744_RS05610	28.8119	SYNPCC7942_RS10685
M744_RS05615	26.1331	SYNPCC7942_RS10680
M744_RS05620	20.0168	SYNPCC7942_RS10675
M744_RS05625	35.3305	SYNPCC7942_RS10670
M744_RS05630	146.4916	SYNPCC7942_RS10665
M744_RS05640	2.1562	SYNPCC7942_RS10655
M744_RS05645	0.8902	SYNPCC7942_RS10650
M744_RS05650	22.4749	SYNPCC7942_RS10645
M744_RS05655	5.6950	SYNPCC7942_RS10640
M744_RS05660	4.0775	SYNPCC7942_RS10635
M744_RS05665	16.7362	SYNPCC7942_RS10630
M744_RS05670	511.2081	SYNPCC7942_RS10625
M744_RS05675	7.4878	SYNPCC7942_RS10620
M744_RS05680	39.8402	SYNPCC7942_RS10615
M744_RS05685	164.7083	SYNPCC7942_RS10610
M744_RS05690	196.9571	SYNPCC7942_RS10605
M744_RS05695	293.6266	SYNPCC7942_RS10600
M744_RS05700	94.3760	SYNPCC7942_RS10595
M744_RS05705	260.2294	SYNPCC7942_RS10590
M744_RS05710	8.1050	SYNPCC7942_RS10585
M744_RS05715	56.3764	SYNPCC7942_RS10580
M744_RS05720	16.1306	SYNPCC7942_RS10575
M744_RS05725	30.9159	SYNPCC7942_RS10570
M744_RS05730	41.7173	SYNPCC7942_RS10565
M744_RS05735	5.8696	SYNPCC7942_RS10560
M744_RS05740	8696.7683	SYNPCC7942_RS10555
M744_RS05750	332.0097	SYNPCC7942_RS10545
M744_RS05755	42.3967	SYNPCC7942_RS10540
M744_RS05760	26.4385	SYNPCC7942_RS10535
M744_RS05765	8.0307	SYNPCC7942_RS10530
M744_RS05770	0.0816	SYNPCC7942_RS10525
M744_RS05775	20.4643	SYNPCC7942_RS10520
M744_RS05780	240.9245	SYNPCC7942_RS10515
M744_RS05790	332.8650	SYNPCC7942_RS10505
M744_RS05795	719.1736	SYNPCC7942_RS10500
M744_RS05800	1119.6664	SYNPCC7942_RS10495
M744_RS05805	1567.6117	SYNPCC7942_RS10490
M744_RS05810	98.7825	SYNPCC7942_RS10485
M744_RS05815	76.4311	SYNPCC7942_RS10480
M744_RS05820	45.2798	SYNPCC7942_RS10475
M744_RS05825	39.6862	SYNPCC7942_RS10470
M744_RS05830	41.8643	SYNPCC7942_RS10465
M744_RS05835	21.5948	SYNPCC7942_RS10460
M744_RS05840	14.4522	SYNPCC7942_RS10455
M744_RS05845	21.1669	SYNPCC7942_RS10450
M744_RS05850	3122.4358	SYNPCC7942_RS10445
M744_RS05855	24.4205	SYNPCC7942_RS10440
M744_RS05860	45.4728	SYNPCC7942_RS10435
M744_RS05865	23.3466	SYNPCC7942_RS10430
M744_RS05870	79.4643	SYNPCC7942_RS10425
M744_RS05875	0.0000	SYNPCC7942_RS10420
M744_RS05880	114.2201	SYNPCC7942_RS10415
M744_RS05885	43.4486	SYNPCC7942_RS10410
M744_RS05890	1.2668	SYNPCC7942_RS10405
M744_RS05895	107.0636	SYNPCC7942_RS10400
M744_RS05900	53073.4961	SYNPCC7942_RS10395
M744_RS05905	30045.1407	SYNPCC7942_RS10390
M744_RS05910	96.0594	SYNPCC7942_RS10385
M744_RS05915	14.7318	SYNPCC7942_RS10380
M744_RS05920	97.9790	SYNPCC7942_RS10375
M744_RS05925	67.7219	SYNPCC7942_RS10370
M744_RS05930	39.3175	SYNPCC7942_RS10365
M744_RS05935	4.7678	SYNPCC7942_RS10360
M744_RS05940	21.1289	SYNPCC7942_RS10355
M744_RS05945	2.9303	SYNPCC7942_RS10350
M744_RS05950	26.4999	SYNPCC7942_RS10345
M744_RS05955	125.0143	SYNPCC7942_RS10340
M744_RS05960	1.2804	SYNPCC7942_RS10335
M744_RS05965	85.5461	SYNPCC7942_RS10330
M744_RS05970	7.8872	SYNPCC7942_RS10325
M744_RS05975	46.3700	SYNPCC7942_RS10320
M744_RS05980	13.4983	SYNPCC7942_RS10315
M744_RS05985	27.8796	SYNPCC7942_RS10310
M744_RS05990	42.0986	SYNPCC7942_RS10305
M744_RS05995	3302.8533	SYNPCC7942_RS10300
M744_RS06000	192.1289	SYNPCC7942_RS10295
M744_RS06005	17.4717	SYNPCC7942_RS10290
M744_RS06010	8.0308	SYNPCC7942_RS10285
M744_RS06015	214.6536	SYNPCC7942_RS10280
M744_RS06020	6.2714	SYNPCC7942_RS10275
M744_RS06025	16.3512	SYNPCC7942_RS10270
M744_RS06030	45.4282	SYNPCC7942_RS10265
M744_RS06035	0.5272	SYNPCC7942_RS10260
M744_RS06040	155.2394	SYNPCC7942_RS10255
M744_RS06045	3189.9308	SYNPCC7942_RS10250
M744_RS06050	60.8251	SYNPCC7942_RS10245
M744_RS06055	6.4264	SYNPCC7942_RS10240
M744_RS06065	37.0644	SYNPCC7942_RS10230
M744_RS06070	519.5088	SYNPCC7942_RS10225
M744_RS06075	1056.0383	SYNPCC7942_RS10220
M744_RS06080	0.0142	SYNPCC7942_RS10215
M744_RS06085	9.0458	SYNPCC7942_RS10210
M744_RS06090	84.9785	SYNPCC7942_RS10205
M744_RS06095	38.9173	SYNPCC7942_RS10200
M744_RS06100	626.7470	SYNPCC7942_RS10195
M744_RS06105	10.6832	SYNPCC7942_RS10190
M744_RS06110	21.8380	SYNPCC7942_RS10185
M744_RS06115	0.7533	SYNPCC7942_RS10180
M744_RS06120	23.8937	SYNPCC7942_RS10175
M744_RS06125	30.0636	SYNPCC7942_RS10170
M744_RS06130	15.5477	SYNPCC7942_RS10165
M744_RS06135	37.8038	SYNPCC7942_RS10160
M744_RS06140	7.2835	SYNPCC7942_RS10155
M744_RS06145	83.7079	SYNPCC7942_RS10145
M744_RS06150	73.1025	SYNPCC7942_RS10140
M744_RS06155	2606.3124	SYNPCC7942_RS10135
M744_RS06160	4.9213	SYNPCC7942_RS10130
M744_RS06165	3.6437	SYNPCC7942_RS10125
M744_RS06170	9.9555	SYNPCC7942_RS10120
M744_RS06175	15.8001	SYNPCC7942_RS10115
M744_RS06180	7.2286	SYNPCC7942_RS10110
M744_RS06185	1.8846	SYNPCC7942_RS10105
M744_RS06190	14.3712	SYNPCC7942_RS10100
M744_RS06195	530.8210	SYNPCC7942_RS10095
M744_RS06200	15.1851	SYNPCC7942_RS10090
M744_RS06205	68.7157	SYNPCC7942_RS10085
M744_RS06210	28.0097	SYNPCC7942_RS10080
M744_RS06215	915.8194	SYNPCC7942_RS10075
M744_RS06220	13.4349	SYNPCC7942_RS10070
M744_RS06225	474.5647	SYNPCC7942_RS10065
M744_RS06230	39.1315	SYNPCC7942_RS10060
M744_RS06235	41.9087	SYNPCC7942_RS10055
M744_RS06240	0.8113	SYNPCC7942_RS10050
M744_RS06245	4.2526	SYNPCC7942_RS10045
M744_RS06250	167.2410	SYNPCC7942_RS10040
M744_RS06255	9.0082	SYNPCC7942_RS10035
M744_RS06260	9.8735	SYNPCC7942_RS10030
M744_RS06265	440.6393	SYNPCC7942_RS10025
M744_RS06270	2754.4715	SYNPCC7942_RS10020
M744_RS06275	754.0404	SYNPCC7942_RS10015
M744_RS06280	31.3727	SYNPCC7942_RS10010
M744_RS06285	86.9785	SYNPCC7942_RS10005
M744_RS06290	23.9730	SYNPCC7942_RS10000
M744_RS06300	48.8085	SYNPCC7942_RS09990
M744_RS06305	24.3501	SYNPCC7942_RS09985
M744_RS06310	30.7989	SYNPCC7942_RS09980
M744_RS06315	10.0973	SYNPCC7942_RS09975
M744_RS06320	92.2658	SYNPCC7942_RS09970
M744_RS06325	52.2365	SYNPCC7942_RS09965
M744_RS06330	131.4879	SYNPCC7942_RS09960
M744_RS06335	51.5281	SYNPCC7942_RS09955
M744_RS06340	9.1684	SYNPCC7942_RS09950
M744_RS06345	38.0364	SYNPCC7942_RS09945
M744_RS06350	89.6993	SYNPCC7942_RS09940
M744_RS06355	100.4651	SYNPCC7942_RS09935
M744_RS06360	41.9139	SYNPCC7942_RS09930
M744_RS06365	191.9659	SYNPCC7942_RS09925
M744_RS06375	2.7682	SYNPCC7942_RS09915
M744_RS06380	13.5458	SYNPCC7942_RS09910
M744_RS06390	13.8769	SYNPCC7942_RS09900
M744_RS06395	162.8220	SYNPCC7942_RS09895
M744_RS06400	213.7747	SYNPCC7942_RS09890
M744_RS06405	14.9922	SYNPCC7942_RS09885
M744_RS06410	133.6691	SYNPCC7942_RS09880
M744_RS06415	18.7037	SYNPCC7942_RS09875
M744_RS06420	42.5502	SYNPCC7942_RS09870
M744_RS06425	115.7770	SYNPCC7942_RS09865
M744_RS06430	74.4948	SYNPCC7942_RS09860
M744_RS06435	11.1741	SYNPCC7942_RS09855
M744_RS06440	5.6043	SYNPCC7942_RS09850
M744_RS06445	2.2743	SYNPCC7942_RS09845
M744_RS06450	5.6788	SYNPCC7942_RS09840
M744_RS06455	1.8630	SYNPCC7942_RS09835
M744_RS06460	69.6273	SYNPCC7942_RS09830
M744_RS06465	20.6294	SYNPCC7942_RS09825
M744_RS06470	40.6777	SYNPCC7942_RS09820
M744_RS06475	0.0284	SYNPCC7942_RS09815
M744_RS06480	147.8764	SYNPCC7942_RS09810
M744_RS06485	22.4342	SYNPCC7942_RS09805
M744_RS06490	42.2997	SYNPCC7942_RS09800
M744_RS06495	68.2229	SYNPCC7942_RS09795
M744_RS06500	310.3960	SYNPCC7942_RS09790
M744_RS06505	167.4785	SYNPCC7942_RS09785
M744_RS06510	17.7096	SYNPCC7942_RS09780
M744_RS06515	0.7478	SYNPCC7942_RS09775
M744_RS06520	0.0692	SYNPCC7942_RS09770
M744_RS06525	25.0952	SYNPCC7942_RS09765
M744_RS06530	270.7319	SYNPCC7942_RS09760
M744_RS06535	314.0424	SYNPCC7942_RS09755
M744_RS06540	15.6854	SYNPCC7942_RS09750
M744_RS06545	194.1222	SYNPCC7942_RS09745
M744_RS06550	3.6026	SYNPCC7942_RS09740
M744_RS06555	75.3298	SYNPCC7942_RS09735
M744_RS06560	22.1540	SYNPCC7942_RS09730
M744_RS06565	25.8061	SYNPCC7942_RS09725
M744_RS06575	175.1804	SYNPCC7942_RS09715
M744_RS06580	30.5891	SYNPCC7942_RS09710
M744_RS06585	416.6971	SYNPCC7942_RS09705
M744_RS06590	12.1338	SYNPCC7942_RS09700
M744_RS06595	79.4387	SYNPCC7942_RS09690
M744_RS06600	200.1277	SYNPCC7942_RS09685
M744_RS06605	22.7466	SYNPCC7942_RS09680
M744_RS06610	23.8353	SYNPCC7942_RS09675
M744_RS06615	392.0717	SYNPCC7942_RS09670
M744_RS06620	41.9455	SYNPCC7942_RS09665
M744_RS06625	190.0238	SYNPCC7942_RS09660
M744_RS06630	195.6924	SYNPCC7942_RS09655
M744_RS06635	45.7236	SYNPCC7942_RS09650
M744_RS06640	12.8983	SYNPCC7942_RS09645
M744_RS06645	25.8333	SYNPCC7942_RS09640
M744_RS06650	7.2618	SYNPCC7942_RS09635
M744_RS06655	13.3022	SYNPCC7942_RS09630
M744_RS06660	255.3652	SYNPCC7942_RS09625
M744_RS06665	9.4477	SYNPCC7942_RS09620
M744_RS06670	51.9610	SYNPCC7942_RS09615
M744_RS06675	77.0024	SYNPCC7942_RS09610
M744_RS06680	3.9624	SYNPCC7942_RS09605
M744_RS06685	13.9237	SYNPCC7942_RS09600
M744_RS06690	7.2920	SYNPCC7942_RS09595
M744_RS06695	157.0348	SYNPCC7942_RS09590
M744_RS06700	369.9288	SYNPCC7942_RS09585
M744_RS06705	510.8880	SYNPCC7942_RS09580
M744_RS06710	17.3866	SYNPCC7942_RS09575
M744_RS06715	3.3020	SYNPCC7942_RS09570
M744_RS06720	34.8098	SYNPCC7942_RS09565
M744_RS06725	4.3431	SYNPCC7942_RS09560
M744_RS06730	21.5623	SYNPCC7942_RS09555
M744_RS06735	33.4586	SYNPCC7942_RS09550
M744_RS06740	1059.7955	SYNPCC7942_RS09545
M744_RS06745	35.4428	SYNPCC7942_RS09540
M744_RS06750	14.4377	SYNPCC7942_RS09535
M744_RS06755	13.3967	SYNPCC7942_RS09530
M744_RS06760	31.3948	SYNPCC7942_RS09525
M744_RS06765	59.0789	SYNPCC7942_RS09520
M744_RS06770	145.1864	SYNPCC7942_RS09515
M744_RS06775	74.0343	SYNPCC7942_RS09510
M744_RS06780	0.6057	SYNPCC7942_RS09505
M744_RS06785	7.6580	SYNPCC7942_RS09500
M744_RS06790	45.9746	SYNPCC7942_RS09495
M744_RS06795	45.9908	SYNPCC7942_RS13800
M744_RS06800	0.1566	SYNPCC7942_RS09490
M744_RS06805	516.9022	SYNPCC7942_RS09485
M744_RS06810	1.3672	SYNPCC7942_RS09480
M744_RS06815	2.3805	SYNPCC7942_RS09475
M744_RS06820	0.0000	SYNPCC7942_RS09470
M744_RS06825	73.6328	SYNPCC7942_RS09465
M744_RS06830	5.1308	SYNPCC7942_RS09460
M744_RS06835	27.0620	SYNPCC7942_RS09455
M744_RS06840	27.8235	SYNPCC7942_RS09450
M744_RS06845	180.0490	SYNPCC7942_RS09445
M744_RS06850	37.7342	SYNPCC7942_RS09440
M744_RS06855	0.7929	SYNPCC7942_RS09435
M744_RS06860	144.5937	SYNPCC7942_RS09430
M744_RS06865	369.1017	SYNPCC7942_RS09425
M744_RS06870	24.9379	SYNPCC7942_RS09420
M744_RS06875	3.9631	SYNPCC7942_RS09415
M744_RS06880	5.5761	SYNPCC7942_RS09410
M744_RS06885	3.8457	SYNPCC7942_RS09405
M744_RS06890	14.6720	SYNPCC7942_RS09400
M744_RS06895	85.0866	SYNPCC7942_RS09395
M744_RS06900	73.8767	SYNPCC7942_RS09390
M744_RS06905	35.5140	SYNPCC7942_RS09385
M744_RS06910	12538.8915	SYNPCC7942_RS09380
M744_RS06920	501.5584	SYNPCC7942_RS09375
M744_RS06925	67.3975	SYNPCC7942_RS09370
M744_RS06930	493.7794	SYNPCC7942_RS09365
M744_RS06935	535.8992	SYNPCC7942_RS09360
M744_RS06940	3.9343	SYNPCC7942_RS09355
M744_RS06945	57.8991	SYNPCC7942_RS09350
M744_RS06950	60.1655	SYNPCC7942_RS09345
M744_RS06955	102.3384	SYNPCC7942_RS09340
M744_RS06960	14.0063	SYNPCC7942_RS09335
M744_RS06965	21.9847	SYNPCC7942_RS09330
M744_RS06970	711.8053	SYNPCC7942_RS09325
M744_RS06975	47.9107	SYNPCC7942_RS09320
M744_RS06980	114.0789	SYNPCC7942_RS09315
M744_RS06985	27.9545	SYNPCC7942_RS09310
M744_RS06990	0.0142	SYNPCC7942_RS09305
M744_RS06995	50.3909	SYNPCC7942_RS09300
M744_RS07000	32.3886	SYNPCC7942_RS09295
M744_RS07005	384.3715	SYNPCC7942_RS09290
M744_RS07010	604.5642	SYNPCC7942_RS09285
M744_RS07015	209.4564	SYNPCC7942_RS09280
M744_RS07020	97.7261	SYNPCC7942_RS09275
M744_RS07025	371.2045	SYNPCC7942_RS09270
M744_RS07030	0.0594	SYNPCC7942_RS09265
M744_RS07035	81.7775	SYNPCC7942_RS09260
M744_RS07040	126.3347	SYNPCC7942_RS09255
M744_RS07045	37.7471	SYNPCC7942_RS09250
M744_RS07050	109.9184	SYNPCC7942_RS09245
M744_RS07055	3273.2988	SYNPCC7942_RS09240
M744_RS07060	32.3459	SYNPCC7942_RS09235
M744_RS07065	2.1673	SYNPCC7942_RS09230
M744_RS07070	81.5177	SYNPCC7942_RS09225
M744_RS07075	0.1696	SYNPCC7942_RS09220
M744_RS07080	76.1394	SYNPCC7942_RS09215
M744_RS07085	23.6793	SYNPCC7942_RS09210
M744_RS07090	1152.3703	SYNPCC7942_RS09205
M744_RS07095	330.1210	SYNPCC7942_RS09200
M744_RS07100	150.3998	SYNPCC7942_RS09195
M744_RS07105	807.1108	SYNPCC7942_RS09190
M744_RS07110	0.0042	SYNPCC7942_RS09185
M744_RS07115	40.1798	SYNPCC7942_RS09180
M744_RS07120	64.5850	SYNPCC7942_RS09175
M744_RS07125	1.9255	SYNPCC7942_RS09170
M744_RS07130	24.8995	SYNPCC7942_RS09165
M744_RS07135	101.3336	SYNPCC7942_RS09160
M744_RS07140	34.4528	SYNPCC7942_RS09155
M744_RS07145	13.5450	SYNPCC7942_RS09150
M744_RS07150	602.9496	SYNPCC7942_RS09145
M744_RS07155	42.2558	SYNPCC7942_RS09140
M744_RS07160	43.8015	SYNPCC7942_RS09135
M744_RS07165	16.0707	SYNPCC7942_RS09130
M744_RS07170	40.1444	SYNPCC7942_RS09125
M744_RS07175	21.8473	SYNPCC7942_RS09120
M744_RS07180	18.8675	SYNPCC7942_RS09115
M744_RS07185	15.8488	SYNPCC7942_RS09110
M744_RS07190	256.3836	SYNPCC7942_RS09105
M744_RS07195	35.4357	SYNPCC7942_RS09100
M744_RS07200	3.2769	SYNPCC7942_RS09095
M744_RS07205	156.7998	SYNPCC7942_RS09090
M744_RS07210	559.7591	SYNPCC7942_RS09085
M744_RS07215	0.0000	SYNPCC7942_RS09080
M744_RS07220	0.0000	SYNPCC7942_RS09075
M744_RS07225	0.0000	SYNPCC7942_RS09070
M744_RS07235	51.5215	SYNPCC7942_RS09060
M744_RS07240	136.3722	SYNPCC7942_RS09055
M744_RS07245	5.4853	SYNPCC7942_RS09050
M744_RS07250	74.8463	SYNPCC7942_RS09045
M744_RS07255	7.6256	SYNPCC7942_RS09040
M744_RS07260	18.3394	SYNPCC7942_RS09035
M744_RS07265	32.2227	SYNPCC7942_RS09030
M744_RS07270	40.6683	SYNPCC7942_RS09025
M744_RS07275	15.6833	SYNPCC7942_RS09020
M744_RS07280	650.1131	SYNPCC7942_RS09015
M744_RS07285	43.6427	SYNPCC7942_RS09010
M744_RS07290	91.7211	SYNPCC7942_RS09005
M744_RS07295	106.1600	SYNPCC7942_RS09000
M744_RS07300	0.0687	SYNPCC7942_RS08995
M744_RS07305	8.2952	SYNPCC7942_RS08990
M744_RS07310	40.0792	SYNPCC7942_RS08985
M744_RS07315	119.5125	SYNPCC7942_RS08980
M744_RS07320	24.3492	SYNPCC7942_RS08975
M744_RS07325	21.5868	SYNPCC7942_RS08970
M744_RS07330	1.5991	SYNPCC7942_RS08965
M744_RS07335	0.0142	SYNPCC7942_RS08960
M744_RS07340	353.3417	SYNPCC7942_RS08955
M744_RS07345	59.5109	SYNPCC7942_RS08950
M744_RS07350	99.0869	SYNPCC7942_RS08945
M744_RS07360	107.3302	SYNPCC7942_RS08935
M744_RS07365	529.7999	SYNPCC7942_RS08930
M744_RS07370	52.3821	SYNPCC7942_RS08925
M744_RS07375	34.7753	SYNPCC7942_RS08920
M744_RS07380	24.8639	SYNPCC7942_RS08915
M744_RS07385	257.0583	SYNPCC7942_RS08910
M744_RS07390	0.0142	SYNPCC7942_RS08905
M744_RS07395	566.9230	SYNPCC7942_RS08900
M744_RS07400	8.3308	SYNPCC7942_RS08895
M744_RS07405	51.8084	SYNPCC7942_RS08890
M744_RS07410	1882.5876	SYNPCC7942_RS08885
M744_RS07415	49.4092	SYNPCC7942_RS08880
M744_RS07420	3.5119	SYNPCC7942_RS08875
M744_RS07425	233.3641	SYNPCC7942_RS08870
M744_RS07430	245.8861	SYNPCC7942_RS08865
M744_RS07435	296.7318	SYNPCC7942_RS08860
M744_RS07440	32.4484	SYNPCC7942_RS08855
M744_RS07445	4.1947	SYNPCC7942_RS08850
M744_RS07450	73.9343	SYNPCC7942_RS08845
M744_RS07455	1.4750	SYNPCC7942_RS08840
M744_RS07460	95.0856	SYNPCC7942_RS08835
M744_RS07465	205.8110	SYNPCC7942_RS08830
M744_RS07470	158.6920	SYNPCC7942_RS08825
M744_RS07475	19.9196	SYNPCC7942_RS08820
M744_RS07480	22.9552	SYNPCC7942_RS08815
M744_RS07485	9.1873	SYNPCC7942_RS08810
M744_RS07490	25.5953	SYNPCC7942_RS08805
M744_RS07495	17.8071	SYNPCC7942_RS08800
M744_RS07500	40.0652	SYNPCC7942_RS08795
M744_RS07505	49.1816	SYNPCC7942_RS08790
M744_RS07510	8.8401	SYNPCC7942_RS08785
M744_RS07515	39.5436	SYNPCC7942_RS08780
M744_RS07520	62.0153	SYNPCC7942_RS08775
M744_RS07525	58.3995	SYNPCC7942_RS08770
M744_RS07530	0.0142	SYNPCC7942_RS08765
M744_RS07540	0.0142	SYNPCC7942_RS08760
M744_RS07545	95718.5736	SYNPCC7942_RS08755
M744_RS07550	254.9353	SYNPCC7942_RS08750
M744_RS07555	63.7842	SYNPCC7942_RS08745
M744_RS07560	210.3745	SYNPCC7942_RS08740
M744_RS07565	56.6230	SYNPCC7942_RS08735
M744_RS07570	409.3510	SYNPCC7942_RS08730
M744_RS07575	20.3025	SYNPCC7942_RS08725
M744_RS07580	0.5308	SYNPCC7942_RS08720
M744_RS07585	14.4760	SYNPCC7942_RS08715
M744_RS07590	1.8681	SYNPCC7942_RS08710
M744_RS07595	0.4873	SYNPCC7942_RS08705
M744_RS07600	30.1065	SYNPCC7942_RS08700
M744_RS07605	61.1898	SYNPCC7942_RS08695
M744_RS07610	23.0378	SYNPCC7942_RS08690
M744_RS07615	3.7385	SYNPCC7942_RS08685
M744_RS07620	127.3828	SYNPCC7942_RS08680
M744_RS07625	1.0634	SYNPCC7942_RS08675
M744_RS07630	62.6862	SYNPCC7942_RS08670
M744_RS07635	19.1656	SYNPCC7942_RS08660
M744_RS07640	6.2046	SYNPCC7942_RS08655
M744_RS07645	51.4552	SYNPCC7942_RS08650
M744_RS07650	35.5910	SYNPCC7942_RS08645
M744_RS07655	2.3109	SYNPCC7942_RS08640
M744_RS07660	79.4881	SYNPCC7942_RS08635
M744_RS07665	12.1494	SYNPCC7942_RS08630
M744_RS07670	35.9479	SYNPCC7942_RS08625
M744_RS07675	9.1116	SYNPCC7942_RS08620
M744_RS07680	5.3766	SYNPCC7942_RS08615
M744_RS07685	24.0479	SYNPCC7942_RS08610
M744_RS07690	38.5646	SYNPCC7942_RS08605
M744_RS07695	0.3189	SYNPCC7942_RS08600
M744_RS07700	8.1606	SYNPCC7942_RS08595
M744_RS07705	29.5458	SYNPCC7942_RS08590
M744_RS07710	106.5544	SYNPCC7942_RS08585
M744_RS07715	208.4279	SYNPCC7942_RS08580
M744_RS07720	14.8441	SYNPCC7942_RS08575
M744_RS07725	29.5349	SYNPCC7942_RS08570
M744_RS07730	24.8048	SYNPCC7942_RS08565
M744_RS07735	42.9414	SYNPCC7942_RS08560
M744_RS07740	16.5899	SYNPCC7942_RS08555
M744_RS07745	35.9252	SYNPCC7942_RS08550
M744_RS07750	27.8447	SYNPCC7942_RS08545
M744_RS07755	17.3395	SYNPCC7942_RS08540
M744_RS07760	46.9060	SYNPCC7942_RS08535
M744_RS07765	91.4196	SYNPCC7942_RS08530
M744_RS07770	0.8236	SYNPCC7942_RS08525
M744_RS07775	440.4575	SYNPCC7942_RS08520
M744_RS07780	15.8462	SYNPCC7942_RS08515
M744_RS07785	59.0638	SYNPCC7942_RS08510
M744_RS07790	240.7921	SYNPCC7942_RS08505
M744_RS07795	15.9450	SYNPCC7942_RS08500
M744_RS07800	321.9045	SYNPCC7942_RS08495
M744_RS07805	9.5651	SYNPCC7942_RS08490
M744_RS07810	4.5318	SYNPCC7942_RS08485
M744_RS07820	53.7096	SYNPCC7942_RS08475
M744_RS07825	207.5110	SYNPCC7942_RS08470
M744_RS07830	18.9063	SYNPCC7942_RS08465
M744_RS07835	30.3017	SYNPCC7942_RS08460
M744_RS07840	6.0498	SYNPCC7942_RS08455
M744_RS07845	3.4877	SYNPCC7942_RS08450
M744_RS07850	9228.5965	SYNPCC7942_RS08445
M744_RS07855	73.4418	SYNPCC7942_RS08440
M744_RS07860	13.4357	SYNPCC7942_RS08435
M744_RS07865	107.8451	SYNPCC7942_RS08430
M744_RS07870	0.0382	SYNPCC7942_RS08425
M744_RS07875	60.1989	SYNPCC7942_RS08420
M744_RS07880	69.1607	SYNPCC7942_RS08415
M744_RS07885	23.3910	SYNPCC7942_RS08410
M744_RS07890	30.4321	SYNPCC7942_RS08405
M744_RS07895	26.5058	SYNPCC7942_RS08400
M744_RS07905	60.5841	SYNPCC7942_RS08390
M744_RS07910	34.6389	SYNPCC7942_RS08385
M744_RS07915	77.3961	SYNPCC7942_RS08380
M744_RS07920	24.2465	SYNPCC7942_RS08375
M744_RS07925	27.1045	SYNPCC7942_RS08370
M744_RS07930	24.8133	SYNPCC7942_RS08365
M744_RS07935	3.4666	SYNPCC7942_RS08360
M744_RS07940	40.7114	SYNPCC7942_RS08355
M744_RS07950	288.3306	SYNPCC7942_RS08345
M744_RS07960	3354.8348	SYNPCC7942_RS07490
M744_RS07965	28.1699	SYNPCC7942_RS07495
M744_RS07970	187.5746	SYNPCC7942_RS07500
M744_RS07975	13.1648	SYNPCC7942_RS07505
M744_RS07980	15.1491	SYNPCC7942_RS07510
M744_RS07985	6.7999	SYNPCC7942_RS07515
M744_RS07990	9.1448	SYNPCC7942_RS07520
M744_RS07995	19.8035	SYNPCC7942_RS07525
M744_RS08000	29.2721	SYNPCC7942_RS07530
M744_RS08005	3.5317	SYNPCC7942_RS07535
M744_RS08010	1833.8850	SYNPCC7942_RS07540
M744_RS08015	183.6787	SYNPCC7942_RS07545
M744_RS08020	34.5730	SYNPCC7942_RS07550
M744_RS08025	8.6892	SYNPCC7942_RS07555
M744_RS08030	19.2820	SYNPCC7942_RS07560
M744_RS08035	64.9799	SYNPCC7942_RS07565
M744_RS08040	13.3344	SYNPCC7942_RS07570
M744_RS08045	19.5692	SYNPCC7942_RS07575
M744_RS08050	84.1865	SYNPCC7942_RS07580
M744_RS08055	1.0812	SYNPCC7942_RS07585
M744_RS08060	16.4953	SYNPCC7942_RS07590
M744_RS08065	0.0380	SYNPCC7942_RS07595
M744_RS08070	269.0259	SYNPCC7942_RS07600
M744_RS08075	27.6116	SYNPCC7942_RS07605
M744_RS08080	7.4121	SYNPCC7942_RS07610
M744_RS08085	52.5810	SYNPCC7942_RS07615
M744_RS08090	36.7897	SYNPCC7942_RS07620
M744_RS08095	18.4495	SYNPCC7942_RS07625
M744_RS08100	13.4486	SYNPCC7942_RS07630
M744_RS08105	8.7990	SYNPCC7942_RS07635
M744_RS08110	21.5040	SYNPCC7942_RS07640
M744_RS08115	79.0079	SYNPCC7942_RS07645
M744_RS08120	2.9786	SYNPCC7942_RS07650
M744_RS08125	3.8746	SYNPCC7942_RS07655
M744_RS08130	494.5323	SYNPCC7942_RS07660
M744_RS08135	194.2263	SYNPCC7942_RS07665
M744_RS08140	35.4206	SYNPCC7942_RS07670
M744_RS08145	28.5275	SYNPCC7942_RS07675
M744_RS08150	16.4267	SYNPCC7942_RS07680
M744_RS08155	136.9328	SYNPCC7942_RS07685
M744_RS08160	986.3195	SYNPCC7942_RS07690
M744_RS08165	2728.3265	SYNPCC7942_RS07695
M744_RS08175	15.8843	SYNPCC7942_RS07705
M744_RS08180	16.5987	SYNPCC7942_RS07710
M744_RS08185	272.6194	SYNPCC7942_RS07715
M744_RS08190	0.0573	SYNPCC7942_RS07720
M744_RS08195	44.4715	SYNPCC7942_RS07725
M744_RS08200	23.1111	SYNPCC7942_RS07730
M744_RS08205	41.0815	SYNPCC7942_RS07735
M744_RS08210	37.2287	SYNPCC7942_RS07740
M744_RS08215	271.5564	SYNPCC7942_RS07745
M744_RS08220	72.1638	SYNPCC7942_RS07750
M744_RS08225	0.1880	SYNPCC7942_RS07755
M744_RS08230	20.2754	SYNPCC7942_RS07760
M744_RS08235	138.8261	SYNPCC7942_RS07765
M744_RS08240	118.1264	SYNPCC7942_RS07770
M744_RS08245	76.8377	SYNPCC7942_RS07775
M744_RS08265	368.7915	SYNPCC7942_RS07795
M744_RS08270	34.9088	SYNPCC7942_RS07800
M744_RS08275	124.8275	SYNPCC7942_RS07805
M744_RS08280	5.6993	SYNPCC7942_RS07810
M744_RS08285	53.0797	SYNPCC7942_RS07815
M744_RS08290	0.5839	SYNPCC7942_RS07820
M744_RS08295	6.0281	SYNPCC7942_RS07825
M744_RS08300	2.0992	SYNPCC7942_RS07830
M744_RS08305	70.0854	SYNPCC7942_RS07835
M744_RS08310	100.3260	SYNPCC7942_RS07840
M744_RS08315	76.1862	SYNPCC7942_RS07845
M744_RS08320	0.0186	SYNPCC7942_RS07850
M744_RS08325	0.4588	SYNPCC7942_RS07860
M744_RS08330	5.9850	SYNPCC7942_RS07865
M744_RS08335	39.9125	SYNPCC7942_RS07870
M744_RS08340	11.6561	SYNPCC7942_RS07875
M744_RS08345	16.6694	SYNPCC7942_RS07880
M744_RS08350	5.0697	SYNPCC7942_RS07885
M744_RS08355	1.0223	SYNPCC7942_RS07890
M744_RS08360	60.1419	SYNPCC7942_RS07895
M744_RS08365	7.2601	SYNPCC7942_RS07900
M744_RS08370	42.8888	SYNPCC7942_RS07905
M744_RS08375	2.2178	SYNPCC7942_RS07910
M744_RS08380	175.4034	SYNPCC7942_RS07915
M744_RS08385	0.0089	SYNPCC7942_RS07920
M744_RS08390	79.8861	SYNPCC7942_RS07925
M744_RS08395	81.9601	SYNPCC7942_RS07930
M744_RS08400	918.6538	SYNPCC7942_RS07935
M744_RS08405	6795.4976	SYNPCC7942_RS07940
M744_RS08410	24.1260	SYNPCC7942_RS07945
M744_RS08415	25.0563	SYNPCC7942_RS07950
M744_RS08420	20.0470	SYNPCC7942_RS07955
M744_RS08430	245.0518	SYNPCC7942_RS07965
M744_RS08435	79.5266	SYNPCC7942_RS07970
M744_RS08440	10.2225	SYNPCC7942_RS07975
M744_RS08450	2.6798	SYNPCC7942_RS07980
M744_RS08455	0.4287	SYNPCC7942_RS07985
M744_RS08465	5.7653	SYNPCC7942_RS07995
M744_RS08470	76.6037	SYNPCC7942_RS08000
M744_RS08475	351.4053	SYNPCC7942_RS08005
M744_RS08480	0.4166	SYNPCC7942_RS08010
M744_RS08485	72.5265	SYNPCC7942_RS08015
M744_RS08490	357.0024	SYNPCC7942_RS08020
M744_RS08495	285.6833	SYNPCC7942_RS08025
M744_RS08500	414.6444	SYNPCC7942_RS08030
M744_RS08505	407.5782	SYNPCC7942_RS08035
M744_RS08510	173.3852	SYNPCC7942_RS08040
M744_RS08515	23.7901	SYNPCC7942_RS08045
M744_RS08520	22.8817	SYNPCC7942_RS08050
M744_RS08525	66.8221	SYNPCC7942_RS08055
M744_RS08530	60.9814	SYNPCC7942_RS08060
M744_RS08535	11.9250	SYNPCC7942_RS08065
M744_RS08540	13.4097	SYNPCC7942_RS08070
M744_RS08545	41.0825	SYNPCC7942_RS08075
M744_RS08550	55.1557	SYNPCC7942_RS08080
M744_RS08555	1.3561	SYNPCC7942_RS08085
M744_RS08560	15.9566	SYNPCC7942_RS08090
M744_RS08565	20.8885	SYNPCC7942_RS08095
M744_RS08570	96.3447	SYNPCC7942_RS08100
M744_RS08575	1169.8625	SYNPCC7942_RS08105
M744_RS08580	168.1876	SYNPCC7942_RS08110
M744_RS08585	11.2740	SYNPCC7942_RS08115
M744_RS08590	17.9320	SYNPCC7942_RS08120
M744_RS08595	69.9718	SYNPCC7942_RS08125
M744_RS08600	4.1930	SYNPCC7942_RS08130
M744_RS08605	129.5101	SYNPCC7942_RS08135
M744_RS08610	88.4147	SYNPCC7942_RS08140
M744_RS08615	31.6134	SYNPCC7942_RS08145
M744_RS08620	10.2436	SYNPCC7942_RS08150
M744_RS08625	49.8045	SYNPCC7942_RS08155
M744_RS08630	138.8345	SYNPCC7942_RS08160
M744_RS08635	1.8340	SYNPCC7942_RS08165
M744_RS08640	13.3607	SYNPCC7942_RS08170
M744_RS08645	9.2698	SYNPCC7942_RS08175
M744_RS08650	84.7049	SYNPCC7942_RS08180
M744_RS08655	21.6543	SYNPCC7942_RS08185
M744_RS08660	2.5103	SYNPCC7942_RS08190
M744_RS08665	22.9579	SYNPCC7942_RS08195
M744_RS08670	19.8772	SYNPCC7942_RS08200
M744_RS08675	95.2771	SYNPCC7942_RS08205
M744_RS08680	300.2099	SYNPCC7942_RS08210
M744_RS08685	2214.5120	SYNPCC7942_RS08215
M744_RS08690	687.6983	SYNPCC7942_RS08220
M744_RS08695	1100.4197	SYNPCC7942_RS08225
M744_RS08700	449.6204	SYNPCC7942_RS08230
M744_RS08705	203.5722	SYNPCC7942_RS08235
M744_RS08710	304.0159	SYNPCC7942_RS08240
M744_RS08715	173.8652	SYNPCC7942_RS08245
M744_RS08720	727.4947	SYNPCC7942_RS08250
M744_RS08725	0.0142	SYNPCC7942_RS08255
M744_RS08730	50.5644	SYNPCC7942_RS08260
M744_RS08735	0.0354	SYNPCC7942_RS08265
M744_RS08740	315.4502	SYNPCC7942_RS08270
M744_RS08745	91.8433	SYNPCC7942_RS08275
M744_RS08750	20.1771	SYNPCC7942_RS08280
M744_RS08755	75.6478	SYNPCC7942_RS08285
M744_RS08760	16.7556	SYNPCC7942_RS08290
M744_RS08765	75.0885	SYNPCC7942_RS08295
M744_RS08770	245.9566	SYNPCC7942_RS08300
M744_RS08775	15.7127	SYNPCC7942_RS08305
M744_RS08780	1.4009	SYNPCC7942_RS08310
M744_RS08785	41.4240	SYNPCC7942_RS08315
M744_RS08790	39.3137	SYNPCC7942_RS08320
M744_RS08795	4.3592	SYNPCC7942_RS08325
M744_RS08800	96.4083	SYNPCC7942_RS08330
M744_RS08805	961.3680	SYNPCC7942_RS08335
M744_RS08815	3.7501	SYNPCC7942_RS07480
M744_RS08820	4.5254	SYNPCC7942_RS07475
M744_RS08825	128.6355	SYNPCC7942_RS07470
M744_RS08830	130.3199	SYNPCC7942_RS07465
M744_RS08835	1.6573	SYNPCC7942_RS07460
M744_RS08840	5.1775	SYNPCC7942_RS07455
M744_RS08845	65.3859	SYNPCC7942_RS07450
M744_RS08850	68.8055	SYNPCC7942_RS07445
M744_RS08855	152.9345	SYNPCC7942_RS07440
M744_RS08860	89.5108	SYNPCC7942_RS07435
M744_RS08865	0.0000	SYNPCC7942_RS07430
M744_RS08870	206.8364	SYNPCC7942_RS07425
M744_RS08875	16.8701	SYNPCC7942_RS07420
M744_RS08880	53.3580	SYNPCC7942_RS07415
M744_RS08885	39.4754	SYNPCC7942_RS07410
M744_RS08890	66.3238	SYNPCC7942_RS07405
M744_RS08895	35.1716	SYNPCC7942_RS07400
M744_RS08900	34.3430	SYNPCC7942_RS07395
M744_RS08910	1364.1375	SYNPCC7942_RS07385
M744_RS08920	1.3514	SYNPCC7942_RS07375
M744_RS08930	8.6585	SYNPCC7942_RS07370
M744_RS08935	17.9491	SYNPCC7942_RS07365
M744_RS08940	42.7892	SYNPCC7942_RS07360
M744_RS08945	35.9389	SYNPCC7942_RS07355
M744_RS08950	5.4302	SYNPCC7942_RS07350
M744_RS08955	9.8361	SYNPCC7942_RS07345
M744_RS08960	19.2836	SYNPCC7942_RS07340
M744_RS08965	344.6716	SYNPCC7942_RS07335
M744_RS08970	0.0000	SYNPCC7942_RS07330
M744_RS08975	116.2759	SYNPCC7942_RS07325
M744_RS08980	71.2961	SYNPCC7942_RS07320
M744_RS08985	113.9576	SYNPCC7942_RS07315
M744_RS08990	43.2220	SYNPCC7942_RS07310
M744_RS08995	11.3357	SYNPCC7942_RS07305
M744_RS09000	450.0227	SYNPCC7942_RS07300
M744_RS09005	2010.4502	SYNPCC7942_RS07295
M744_RS09010	61.0032	SYNPCC7942_RS07290
M744_RS09015	101.7000	SYNPCC7942_RS07285
M744_RS09020	174.0616	SYNPCC7942_RS07280
M744_RS09025	339.5952	SYNPCC7942_RS07275
M744_RS09030	235.5947	SYNPCC7942_RS07270
M744_RS09035	882.4610	SYNPCC7942_RS07265
M744_RS09040	1861.4589	SYNPCC7942_RS07260
M744_RS09045	0.0000	SYNPCC7942_RS07255
M744_RS09050	18.5939	SYNPCC7942_RS07250
M744_RS09055	402.9298	SYNPCC7942_RS07245
M744_RS09060	493.3507	SYNPCC7942_RS07240
M744_RS09065	21.6249	SYNPCC7942_RS07235
M744_RS09070	22.2695	SYNPCC7942_RS07230
M744_RS09075	75.5810	SYNPCC7942_RS07225
M744_RS09080	16.3987	SYNPCC7942_RS07220
M744_RS09085	840.6895	SYNPCC7942_RS07215
M744_RS09090	23.1731	SYNPCC7942_RS07210
M744_RS09095	8.0629	SYNPCC7942_RS07205
M744_RS09100	227.8571	SYNPCC7942_RS07200
M744_RS09105	87.0168	SYNPCC7942_RS07195
M744_RS09110	13.9443	SYNPCC7942_RS07190
M744_RS09115	33.3015	SYNPCC7942_RS07185
M744_RS09120	14.8204	SYNPCC7942_RS07180
M744_RS09125	156.8104	SYNPCC7942_RS07175
M744_RS09130	18.2095	SYNPCC7942_RS07170
M744_RS09135	6.0018	SYNPCC7942_RS07165
M744_RS09140	89.6043	SYNPCC7942_RS07160
M744_RS09145	80.7259	SYNPCC7942_RS07155
M744_RS09150	5294.9217	SYNPCC7942_RS07150
M744_RS09155	9.9578	SYNPCC7942_RS07145
M744_RS09160	0.3838	SYNPCC7942_RS07140
M744_RS09165	104.6237	SYNPCC7942_RS07135
M744_RS09170	12.9814	SYNPCC7942_RS07130
M744_RS09175	21.1685	SYNPCC7942_RS07125
M744_RS09180	282.5438	SYNPCC7942_RS07120
M744_RS09185	17.9334	SYNPCC7942_RS07115
M744_RS09195	0.0142	SYNPCC7942_RS07105
M744_RS09200	48.9371	SYNPCC7942_RS07100
M744_RS09205	41.3683	SYNPCC7942_RS07095
M744_RS09210	20.4337	SYNPCC7942_RS07090
M744_RS09215	76.0664	SYNPCC7942_RS07085
M744_RS09220	232.6934	SYNPCC7942_RS07080
M744_RS09225	166.2305	SYNPCC7942_RS07075
M744_RS09230	149.6716	SYNPCC7942_RS07070
M744_RS09235	56.5876	SYNPCC7942_RS07065
M744_RS09240	42.1162	SYNPCC7942_RS07060
M744_RS09250	14.6595	SYNPCC7942_RS07050
M744_RS09255	0.0000	SYNPCC7942_RS07045
M744_RS09260	91.1619	SYNPCC7942_RS07040
M744_RS09265	11.0329	SYNPCC7942_RS07035
M744_RS09270	52.7484	SYNPCC7942_RS07030
M744_RS09275	543.9301	SYNPCC7942_RS07025
M744_RS09280	86.3113	SYNPCC7942_RS07020
M744_RS09285	94.0663	SYNPCC7942_RS07015
M744_RS09290	39.9613	SYNPCC7942_RS07010
M744_RS09295	8.4199	SYNPCC7942_RS07005
M744_RS09300	21.8924	SYNPCC7942_RS07000
M744_RS09305	2.4616	SYNPCC7942_RS06995
M744_RS09310	14.6392	SYNPCC7942_RS06990
M744_RS09315	25.7285	SYNPCC7942_RS06985
M744_RS09320	51.1528	SYNPCC7942_RS06975
M744_RS09330	52.3675	SYNPCC7942_RS06965
M744_RS09335	37.9888	SYNPCC7942_RS06960
M744_RS09340	10.1533	SYNPCC7942_RS06955
M744_RS09345	58.0029	SYNPCC7942_RS06950
M744_RS09350	94.5030	SYNPCC7942_RS06940
M744_RS09355	287.2278	SYNPCC7942_RS06935
M744_RS09360	0.0142	SYNPCC7942_RS06930
M744_RS09365	123.2261	SYNPCC7942_RS06925
M744_RS09370	88.5998	SYNPCC7942_RS06920
M744_RS09375	5.4120	SYNPCC7942_RS06915
M744_RS09380	538.7649	SYNPCC7942_RS06910
M744_RS09385	7.0701	SYNPCC7942_RS06905
M744_RS09390	0.0142	SYNPCC7942_RS06900
M744_RS09395	9.8935	SYNPCC7942_RS06895
M744_RS09400	9.8779	SYNPCC7942_RS06890
M744_RS09405	4.9332	SYNPCC7942_RS06885
M744_RS09410	50.0497	SYNPCC7942_RS06880
M744_RS09415	305.6805	SYNPCC7942_RS06875
M744_RS09420	175.2705	SYNPCC7942_RS06870
M744_RS09425	427.7546	SYNPCC7942_RS06865
M744_RS09430	11.9955	SYNPCC7942_RS06860
M744_RS09435	25.3112	SYNPCC7942_RS06855
M744_RS09440	66.2350	SYNPCC7942_RS06850
M744_RS09445	19.2237	SYNPCC7942_RS06845
M744_RS09450	212.4879	SYNPCC7942_RS06840
M744_RS09455	139.7126	SYNPCC7942_RS06835
M744_RS09460	16.6827	SYNPCC7942_RS06830
M744_RS09465	0.6540	SYNPCC7942_RS06825
M744_RS09470	4.1546	SYNPCC7942_RS06820
M744_RS09475	12.7280	SYNPCC7942_RS06815
M744_RS09480	32.1875	SYNPCC7942_RS06810
M744_RS09485	9.6971	SYNPCC7942_RS06805
M744_RS09490	43.0477	SYNPCC7942_RS06800
M744_RS09495	65.7772	SYNPCC7942_RS06795
M744_RS09500	1.7844	SYNPCC7942_RS06790
M744_RS09505	4.3333	SYNPCC7942_RS06785
M744_RS09510	94.5623	SYNPCC7942_RS06780
M744_RS09515	46.4145	SYNPCC7942_RS06775
M744_RS09520	124.9821	SYNPCC7942_RS06770
M744_RS09525	21.4481	SYNPCC7942_RS06765
M744_RS09530	947.2100	SYNPCC7942_RS06760
M744_RS09535	6.8974	SYNPCC7942_RS06755
M744_RS09540	14.2638	SYNPCC7942_RS06750
M744_RS09545	25.8495	SYNPCC7942_RS06745
M744_RS09550	7.6780	SYNPCC7942_RS06740
M744_RS09555	13.5203	SYNPCC7942_RS06735
M744_RS09560	3.9793	SYNPCC7942_RS06730
M744_RS09565	50.4501	SYNPCC7942_RS06725
M744_RS09570	2958.3970	SYNPCC7942_RS06720
M744_RS09575	52.7040	SYNPCC7942_RS06715
M744_RS09580	28.4625	SYNPCC7942_RS06710
M744_RS09585	27.6516	SYNPCC7942_RS06705
M744_RS09590	51.7397	SYNPCC7942_RS06700
M744_RS09595	3.6035	SYNPCC7942_RS06695
M744_RS09600	33.3007	SYNPCC7942_RS06690
M744_RS09605	9.4611	SYNPCC7942_RS06685
M744_RS09610	32.0262	SYNPCC7942_RS06680
M744_RS09615	28.7620	SYNPCC7942_RS06675
M744_RS09620	16.6547	SYNPCC7942_RS06670
M744_RS09625	64.2453	SYNPCC7942_RS06665
M744_RS09630	172.0059	SYNPCC7942_RS06660
M744_RS09635	35.7462	SYNPCC7942_RS06655
M744_RS09640	1.7564	SYNPCC7942_RS06650
M744_RS09645	44.6112	SYNPCC7942_RS06645
M744_RS09650	157.3662	SYNPCC7942_RS06640
M744_RS09655	167.7099	SYNPCC7942_RS06635
M744_RS09660	2.1808	SYNPCC7942_RS06630
M744_RS09665	96.5544	SYNPCC7942_RS06625
M744_RS09670	93.7679	SYNPCC7942_RS06620
M744_RS09675	221.1941	SYNPCC7942_RS06615
M744_RS09680	118.4104	SYNPCC7942_RS06610
M744_RS09685	15.0636	SYNPCC7942_RS06605
M744_RS09690	120.1056	SYNPCC7942_RS06600
M744_RS09695	9.4210	SYNPCC7942_RS06595
M744_RS09700	383.8477	SYNPCC7942_RS06590
M744_RS09705	15.5800	SYNPCC7942_RS06585
M744_RS09710	0.0440	SYNPCC7942_RS06580
M744_RS09715	18.9491	SYNPCC7942_RS06575
M744_RS09720	0.0142	SYNPCC7942_RS06570
M744_RS09725	143.8191	SYNPCC7942_RS06565
M744_RS09730	43.7238	SYNPCC7942_RS06560
M744_RS09735	15.2790	SYNPCC7942_RS06555
M744_RS09740	30.9824	SYNPCC7942_RS06550
M744_RS09745	100.1422	SYNPCC7942_RS06545
M744_RS09750	380.7181	SYNPCC7942_RS06540
M744_RS09755	15.9480	SYNPCC7942_RS06535
M744_RS09760	171.1334	SYNPCC7942_RS06530
M744_RS09765	63.4440	SYNPCC7942_RS06525
M744_RS09770	23.9965	SYNPCC7942_RS06520
M744_RS09775	11.0756	SYNPCC7942_RS06515
M744_RS09780	35.4879	SYNPCC7942_RS06510
M744_RS09785	71.9974	SYNPCC7942_RS06505
M744_RS09790	30.5486	SYNPCC7942_RS06500
M744_RS09795	23.4567	SYNPCC7942_RS06495
M744_RS09800	14.6898	SYNPCC7942_RS06490
M744_RS09805	45.8391	SYNPCC7942_RS06485
M744_RS09810	0.7897	SYNPCC7942_RS06480
M744_RS09815	68.6762	SYNPCC7942_RS06475
M744_RS09820	19.4981	SYNPCC7942_RS06470
M744_RS09825	30.4178	SYNPCC7942_RS06465
M744_RS09830	60.7786	SYNPCC7942_RS06460
M744_RS09835	179.6454	SYNPCC7942_RS06455
M744_RS09840	173.0147	SYNPCC7942_RS06450
M744_RS09845	0.0142	SYNPCC7942_RS06445
M744_RS09850	92.5333	SYNPCC7942_RS06440
M744_RS09855	34.3769	SYNPCC7942_RS06435
M744_RS09860	0.0000	SYNPCC7942_RS06430
M744_RS09865	2050.9905	SYNPCC7942_RS06425
M744_RS09875	19.9925	SYNPCC7942_RS06415
M744_RS09880	2.6679	SYNPCC7942_RS06410
M744_RS09885	1014.8721	SYNPCC7942_RS06405
M744_RS09890	318.5516	SYNPCC7942_RS06400
M744_RS09895	0.0142	SYNPCC7942_RS06395
M744_RS09905	30.4432	SYNPCC7942_RS06385
M744_RS09910	3.0764	SYNPCC7942_RS06380
M744_RS09915	20.9720	SYNPCC7942_RS06375
M744_RS09920	7.9463	SYNPCC7942_RS06370
M744_RS09925	2.1947	SYNPCC7942_RS06365
M744_RS09930	142.2605	SYNPCC7942_RS06360
M744_RS09935	48.9920	SYNPCC7942_RS06355
M744_RS09940	64.6886	SYNPCC7942_RS06350
M744_RS09945	152.8270	SYNPCC7942_RS06345
M744_RS09950	368.5019	SYNPCC7942_RS06340
M744_RS09955	156.5472	SYNPCC7942_RS06335
M744_RS09960	23.9713	SYNPCC7942_RS06330
M744_RS09965	182.8047	SYNPCC7942_RS06325
M744_RS09970	9.4068	SYNPCC7942_RS06320
M744_RS09975	92.3923	SYNPCC7942_RS06315
M744_RS09980	245.9920	SYNPCC7942_RS06310
M744_RS09985	0.0920	SYNPCC7942_RS06305
M744_RS09990	14.1509	SYNPCC7942_RS06300
M744_RS09995	8.6216	SYNPCC7942_RS06295
M744_RS10000	17.8087	SYNPCC7942_RS06290
M744_RS10010	54.3141	SYNPCC7942_RS06280
M744_RS10015	129.7768	SYNPCC7942_RS06275
M744_RS10020	0.1447	SYNPCC7942_RS06270
M744_RS10025	85.0207	SYNPCC7942_RS06265
M744_RS10030	10.3890	SYNPCC7942_RS06260
M744_RS10035	19.4643	SYNPCC7942_RS06255
M744_RS10040	1541.7691	SYNPCC7942_RS06250
M744_RS10045	1291.1200	SYNPCC7942_RS06245
M744_RS10050	27.0867	SYNPCC7942_RS06240
M744_RS10055	53.5829	SYNPCC7942_RS06235
M744_RS10060	87.9513	SYNPCC7942_RS06230
M744_RS10065	19.3984	SYNPCC7942_RS06225
M744_RS10070	5.8535	SYNPCC7942_RS06220
M744_RS10075	1.3076	SYNPCC7942_RS06215
M744_RS10080	2.3008	SYNPCC7942_RS06210
M744_RS10085	6.5308	SYNPCC7942_RS06205
M744_RS10090	0.0242	SYNPCC7942_RS06200
M744_RS10095	57.6368	SYNPCC7942_RS06195
M744_RS10100	47.7616	SYNPCC7942_RS06190
M744_RS10105	0.1782	SYNPCC7942_RS06185
M744_RS10110	15.3437	SYNPCC7942_RS06180
M744_RS10115	1.1393	SYNPCC7942_RS06175
M744_RS10125	0.2562	SYNPCC7942_RS06165
M744_RS10130	1.4981	SYNPCC7942_RS06160
M744_RS10135	42.3510	SYNPCC7942_RS06155
M744_RS10140	33.4506	SYNPCC7942_RS06150
M744_RS10145	0.0242	SYNPCC7942_RS06145
M744_RS10150	24.6011	SYNPCC7942_RS06140
M744_RS10155	146.3370	SYNPCC7942_RS06135
M744_RS10160	17.9337	SYNPCC7942_RS06130
M744_RS10165	7.4444	SYNPCC7942_RS06125
M744_RS10170	72.0740	SYNPCC7942_RS06120
M744_RS10175	20.2904	SYNPCC7942_RS06115
M744_RS10180	79.5302	SYNPCC7942_RS06110
M744_RS10185	78.6692	SYNPCC7942_RS06105
M744_RS10190	5.1187	SYNPCC7942_RS06100
M744_RS10195	25.3578	SYNPCC7942_RS06095
M744_RS10200	7.1565	SYNPCC7942_RS06090
M744_RS10205	24.5546	SYNPCC7942_RS06085
M744_RS10210	7.9933	SYNPCC7942_RS06080
M744_RS10215	3.1048	SYNPCC7942_RS06075
M744_RS10220	1.2220	SYNPCC7942_RS06070
M744_RS10225	94.7002	SYNPCC7942_RS06065
M744_RS10230	90.4757	SYNPCC7942_RS06060
M744_RS10235	51.9491	SYNPCC7942_RS06055
M744_RS10240	197.3936	SYNPCC7942_RS06050
M744_RS10245	397.6007	SYNPCC7942_RS06045
M744_RS10250	84.4376	SYNPCC7942_RS06040
M744_RS10255	55.6093	SYNPCC7942_RS06035
M744_RS10260	638.3388	SYNPCC7942_RS06030
M744_RS10265	526.8074	SYNPCC7942_RS06025
M744_RS10270	363.0349	SYNPCC7942_RS06020
M744_RS10275	24.1395	SYNPCC7942_RS06015
M744_RS10280	33.9737	SYNPCC7942_RS06010
M744_RS10285	5.9847	SYNPCC7942_RS06005
M744_RS10290	10.4291	SYNPCC7942_RS06000
M744_RS10295	36.9367	SYNPCC7942_RS05995
M744_RS10300	9.7169	SYNPCC7942_RS05990
M744_RS10305	14.9741	SYNPCC7942_RS05985
M744_RS10310	15.2561	SYNPCC7942_RS05980
M744_RS10320	81.3775	SYNPCC7942_RS05970
M744_RS10330	5.5822	SYNPCC7942_RS05960
M744_RS10335	7.9630	SYNPCC7942_RS05955
M744_RS10340	3.0742	SYNPCC7942_RS05950
M744_RS10345	17.0862	SYNPCC7942_RS05945
M744_RS10355	335.9991	SYNPCC7942_RS05935
M744_RS10360	2.8000	SYNPCC7942_RS05930
M744_RS10365	216.9136	SYNPCC7942_RS05925
M744_RS10370	24.9948	SYNPCC7942_RS05920
M744_RS10375	15.0184	SYNPCC7942_RS05915
M744_RS10380	410.0136	SYNPCC7942_RS05910
M744_RS10390	93.2062	SYNPCC7942_RS05900
M744_RS10395	789.2904	SYNPCC7942_RS05895
M744_RS10405	67.9131	SYNPCC7942_RS05885
M744_RS10410	340.5379	SYNPCC7942_RS05880
M744_RS10415	2.2066	SYNPCC7942_RS05875
M744_RS10420	74.1623	SYNPCC7942_RS05870
M744_RS10425	61.1727	SYNPCC7942_RS05865
M744_RS10435	153.6103	SYNPCC7942_RS05855
M744_RS10440	63.4751	SYNPCC7942_RS05850
M744_RS10445	59.8222	SYNPCC7942_RS05845
M744_RS10450	19.4289	SYNPCC7942_RS05840
M744_RS10455	5.0339	SYNPCC7942_RS05835
M744_RS10460	26.5559	SYNPCC7942_RS05830
M744_RS10470	167.0170	SYNPCC7942_RS05820
M744_RS10475	140.3941	SYNPCC7942_RS05815
M744_RS10480	6.7079	SYNPCC7942_RS05810
M744_RS10485	9.4417	SYNPCC7942_RS05805
M744_RS10490	20.3399	SYNPCC7942_RS05800
M744_RS10495	21.0206	SYNPCC7942_RS05795
M744_RS10500	7.2039	SYNPCC7942_RS05790
M744_RS10505	50.6544	SYNPCC7942_RS05785
M744_RS10510	16.3939	SYNPCC7942_RS05780
M744_RS10515	7.3578	SYNPCC7942_RS05775
M744_RS10520	172.7916	SYNPCC7942_RS05770
M744_RS10525	39.4912	SYNPCC7942_RS05765
M744_RS10530	1085.2184	SYNPCC7942_RS05760
M744_RS10535	144.2812	SYNPCC7942_RS05755
M744_RS10540	83.1029	SYNPCC7942_RS05750
M744_RS10545	189.4988	SYNPCC7942_RS05745
M744_RS10550	2.9713	SYNPCC7942_RS05740
M744_RS10555	45.9901	SYNPCC7942_RS05735
M744_RS10565	28.4895	SYNPCC7942_RS05725
M744_RS10570	105.7346	SYNPCC7942_RS05720
M744_RS10575	37.0761	SYNPCC7942_RS05715
M744_RS10580	294.3668	SYNPCC7942_RS05710
M744_RS10585	2.3626	SYNPCC7942_RS05705
M744_RS10590	61.9374	SYNPCC7942_RS05700
M744_RS10595	40.1806	SYNPCC7942_RS05695
M744_RS10600	217.4075	SYNPCC7942_RS05690
M744_RS10605	6.5516	SYNPCC7942_RS05685
M744_RS10610	16.1576	SYNPCC7942_RS05680
M744_RS10615	55.2572	SYNPCC7942_RS05675
M744_RS10620	10.8140	SYNPCC7942_RS05670
M744_RS10625	55.5271	SYNPCC7942_RS05665
M744_RS10630	55.1676	SYNPCC7942_RS05660
M744_RS10635	7.1424	SYNPCC7942_RS05655
M744_RS10640	41.9030	SYNPCC7942_RS05650
M744_RS10645	451.1987	SYNPCC7942_RS05645
M744_RS10650	29.2455	SYNPCC7942_RS05640
M744_RS10655	121.3971	SYNPCC7942_RS05635
M744_RS10660	26.8611	SYNPCC7942_RS05630
M744_RS10665	385.7447	SYNPCC7942_RS05625
M744_RS10670	114.8035	SYNPCC7942_RS05620
M744_RS10675	4.9446	SYNPCC7942_RS05615
M744_RS10680	2.0497	SYNPCC7942_RS05610
M744_RS10685	18.9440	SYNPCC7942_RS05605
M744_RS10690	19.0195	SYNPCC7942_RS05600
M744_RS10695	25.3369	SYNPCC7942_RS05595
M744_RS10700	1978.0006	SYNPCC7942_RS05590
M744_RS10705	219.9413	SYNPCC7942_RS05585
M744_RS10710	35.6687	SYNPCC7942_RS05580
M744_RS10715	124.0656	SYNPCC7942_RS05575
M744_RS10720	80.2581	SYNPCC7942_RS05570
M744_RS10725	2.2815	SYNPCC7942_RS05565
M744_RS10735	218.6021	SYNPCC7942_RS05555
M744_RS10740	32.7328	SYNPCC7942_RS05550
M744_RS10745	48.6526	SYNPCC7942_RS05545
M744_RS10755	44.3110	SYNPCC7942_RS05535
M744_RS10760	210.5855	SYNPCC7942_RS05530
M744_RS10765	3.6999	SYNPCC7942_RS05525
M744_RS10770	7.0477	SYNPCC7942_RS05520
M744_RS10775	5.1468	SYNPCC7942_RS05515
M744_RS10780	4.3515	SYNPCC7942_RS05510
M744_RS10785	11.4595	SYNPCC7942_RS05505
M744_RS10790	24.4792	SYNPCC7942_RS05500
M744_RS10795	146.8443	SYNPCC7942_RS05495
M744_RS10800	31.6858	SYNPCC7942_RS05490
M744_RS10805	13.3414	SYNPCC7942_RS05485
M744_RS10810	45.8810	SYNPCC7942_RS05480
M744_RS10815	8.8929	SYNPCC7942_RS05475
M744_RS10825	2.2624	SYNPCC7942_RS05465
M744_RS10830	122.3976	SYNPCC7942_RS05460
M744_RS10835	56.9307	SYNPCC7942_RS05455
M744_RS10840	91.0872	SYNPCC7942_RS05450
M744_RS10845	252.2730	SYNPCC7942_RS05445
M744_RS10850	3.2326	SYNPCC7942_RS05440
M744_RS10855	12.8267	SYNPCC7942_RS05435
M744_RS10860	2755.5982	SYNPCC7942_RS05430
M744_RS10865	1.7855	SYNPCC7942_RS05425
M744_RS10870	110.8760	SYNPCC7942_RS05420
M744_RS10875	279.3919	SYNPCC7942_RS05415
M744_RS10880	12.8091	SYNPCC7942_RS05410
M744_RS10885	58.0019	SYNPCC7942_RS05405
M744_RS10900	722.1302	SYNPCC7942_RS05390
M744_RS10905	4235.2090	SYNPCC7942_RS05385
M744_RS10910	7297.0450	SYNPCC7942_RS05380
M744_RS10925	8.1221	SYNPCC7942_RS05365
M744_RS10930	58.1617	SYNPCC7942_RS05360
M744_RS10935	61.6157	SYNPCC7942_RS05355
M744_RS10940	7.7613	SYNPCC7942_RS05350
M744_RS10945	44.4078	SYNPCC7942_RS05345
M744_RS10950	29.1052	SYNPCC7942_RS05340
M744_RS10955	0.8800	SYNPCC7942_RS05335
M744_RS10960	1.4020	SYNPCC7942_RS05330
M744_RS10965	59.3354	SYNPCC7942_RS05325
M744_RS10970	6.8448	SYNPCC7942_RS05320
M744_RS10975	0.0000	SYNPCC7942_RS05315
M744_RS10980	34.6067	SYNPCC7942_RS05310
M744_RS10985	30.3056	SYNPCC7942_RS05305
M744_RS10990	21.2429	SYNPCC7942_RS05300
M744_RS11000	60.9290	SYNPCC7942_RS05290
M744_RS11005	63.0063	SYNPCC7942_RS05285
M744_RS11015	8.1898	SYNPCC7942_RS05275
M744_RS11020	65.2499	SYNPCC7942_RS05270
M744_RS11025	0.9225	SYNPCC7942_RS05265
M744_RS11030	61.7613	SYNPCC7942_RS05260
M744_RS11035	17.1961	SYNPCC7942_RS05255
M744_RS11040	31.0067	SYNPCC7942_RS05250
M744_RS11045	68.1824	SYNPCC7942_RS05245
M744_RS11050	81.5826	SYNPCC7942_RS05240
M744_RS11055	20.0762	SYNPCC7942_RS05235
M744_RS11060	13.5957	SYNPCC7942_RS05230
M744_RS11070	120.7870	SYNPCC7942_RS05220
M744_RS11075	550.8539	SYNPCC7942_RS05215
M744_RS11080	950.0473	SYNPCC7942_RS05210
M744_RS11085	14.7907	SYNPCC7942_RS05205
M744_RS11090	10.2192	SYNPCC7942_RS05195
M744_RS11095	12.8670	SYNPCC7942_RS05190
M744_RS11100	33.9925	SYNPCC7942_RS05185
M744_RS11105	7.5657	SYNPCC7942_RS05180
M744_RS11110	11.5975	SYNPCC7942_RS05175
M744_RS11115	38.5634	SYNPCC7942_RS05170
M744_RS11125	8.9873	SYNPCC7942_RS05160
M744_RS11130	1.3419	SYNPCC7942_RS05155
M744_RS11135	0.0000	SYNPCC7942_RS05150
M744_RS11145	5804.1977	SYNPCC7942_RS05140
M744_RS11150	51.1244	SYNPCC7942_RS05135
M744_RS11155	67.2249	SYNPCC7942_RS05130
M744_RS11160	31.0139	SYNPCC7942_RS13725
M744_RS11165	209.1923	SYNPCC7942_RS05125
M744_RS11170	167.8581	SYNPCC7942_RS05120
M744_RS11175	0.0533	SYNPCC7942_RS05115
M744_RS11180	57.3281	SYNPCC7942_RS05110
M744_RS11185	72.9352	SYNPCC7942_RS05105
M744_RS11190	54.3423	SYNPCC7942_RS05100
M744_RS11195	93.6440	SYNPCC7942_RS05095
M744_RS11200	72.5521	SYNPCC7942_RS05090
M744_RS11205	11.4242	SYNPCC7942_RS13875
M744_RS11210	153.4363	SYNPCC7942_RS05080
M744_RS11215	40.2050	SYNPCC7942_RS05075
M744_RS11220	22.4995	SYNPCC7942_RS05070
M744_RS11225	48.1313	SYNPCC7942_RS05065
M744_RS11230	31.0725	SYNPCC7942_RS05060
M744_RS11235	82.9337	SYNPCC7942_RS05055
M744_RS11240	43.3634	SYNPCC7942_RS05050
M744_RS11245	90.1375	SYNPCC7942_RS05045
M744_RS11250	24.2372	SYNPCC7942_RS05040
M744_RS11260	24.5834	SYNPCC7942_RS05030
M744_RS11265	15.3058	SYNPCC7942_RS05025
M744_RS11270	813.0962	SYNPCC7942_RS05020
M744_RS11275	673.6483	SYNPCC7942_RS05015
M744_RS11280	35.6557	SYNPCC7942_RS05010
M744_RS11285	3.9678	SYNPCC7942_RS05005
M744_RS11295	17.7862	SYNPCC7942_RS04995
M744_RS11300	384.5970	SYNPCC7942_RS04990
M744_RS11305	6.1577	SYNPCC7942_RS04985
M744_RS11310	10.6709	SYNPCC7942_RS04980
M744_RS11315	8.4936	SYNPCC7942_RS04975
M744_RS11320	76.6975	SYNPCC7942_RS04970
M744_RS11325	77.3129	SYNPCC7942_RS04965
M744_RS11330	11.9614	SYNPCC7942_RS04960
M744_RS11335	45.8401	SYNPCC7942_RS04955
M744_RS11340	52.1172	SYNPCC7942_RS04945
M744_RS11345	11.3098	SYNPCC7942_RS04940
M744_RS11350	21.0309	SYNPCC7942_RS04935
M744_RS11355	77.7094	SYNPCC7942_RS04930
M744_RS11360	7.2061	SYNPCC7942_RS04925
M744_RS11365	52.8723	SYNPCC7942_RS04920
M744_RS11370	128.5872	SYNPCC7942_RS04915
M744_RS11375	29.9751	SYNPCC7942_RS04910
M744_RS11380	21.5661	SYNPCC7942_RS04905
M744_RS11385	4.6229	SYNPCC7942_RS04900
M744_RS11390	52.8332	SYNPCC7942_RS04895
M744_RS11395	78.0091	SYNPCC7942_RS04890
M744_RS11400	12.2686	SYNPCC7942_RS04885
M744_RS11405	25.1777	SYNPCC7942_RS04880
M744_RS11410	26.5244	SYNPCC7942_RS04875
M744_RS11415	14.1443	SYNPCC7942_RS04870
M744_RS11420	65.2963	SYNPCC7942_RS04865
M744_RS11425	9.6549	SYNPCC7942_RS04860
M744_RS11430	0.2252	SYNPCC7942_RS04855
M744_RS11435	318.6892	SYNPCC7942_RS04850
M744_RS11440	1132.6002	SYNPCC7942_RS04845
M744_RS11445	74.6976	SYNPCC7942_RS04840
M744_RS11450	45.7296	SYNPCC7942_RS04835
M744_RS11455	52.2809	SYNPCC7942_RS04830
M744_RS11460	0.8829	SYNPCC7942_RS04825
M744_RS11465	10.5944	SYNPCC7942_RS04820
M744_RS11470	5.4053	SYNPCC7942_RS04815
M744_RS11475	13.2604	SYNPCC7942_RS04810
M744_RS11480	9.0365	SYNPCC7942_RS04805
M744_RS11485	1.6221	SYNPCC7942_RS04800
M744_RS11490	11.7745	SYNPCC7942_RS04795
M744_RS11495	17.2159	SYNPCC7942_RS04790
M744_RS11500	40.3886	SYNPCC7942_RS04785
M744_RS11505	131.2892	SYNPCC7942_RS04780
M744_RS11510	816.9053	SYNPCC7942_RS04775
M744_RS11515	14.4847	SYNPCC7942_RS04770
M744_RS11520	59.8408	SYNPCC7942_RS04765
M744_RS11525	59.6610	SYNPCC7942_RS04760
M744_RS11530	100.7219	SYNPCC7942_RS04755
M744_RS11535	8.3384	SYNPCC7942_RS04750
M744_RS11540	12.4379	SYNPCC7942_RS04745
M744_RS11545	13.8084	SYNPCC7942_RS04740
M744_RS11550	291.7718	SYNPCC7942_RS04735
M744_RS11555	13.0639	SYNPCC7942_RS04730
M744_RS11565	191.0783	SYNPCC7942_RS04720
M744_RS11580	0.0142	SYNPCC7942_RS04705
M744_RS11585	7.7728	SYNPCC7942_RS04700
M744_RS11590	1.8078	SYNPCC7942_RS04695
M744_RS11595	25.2428	SYNPCC7942_RS04690
M744_RS11600	2.9326	SYNPCC7942_RS04685
M744_RS11605	38.2268	SYNPCC7942_RS04680
M744_RS11610	66.8626	SYNPCC7942_RS04675
M744_RS11615	47.8948	SYNPCC7942_RS04670
M744_RS11625	270.4821	SYNPCC7942_RS13975
M744_RS11630	170.4117	SYNPCC7942_RS04660
M744_RS11635	210.3306	SYNPCC7942_RS04655
M744_RS11640	15.3106	SYNPCC7942_RS04650
M744_RS11645	70.9552	SYNPCC7942_RS04645
M744_RS11650	21386.1800	SYNPCC7942_RS04640
M744_RS11655	24.0308	SYNPCC7942_RS04635
M744_RS11665	0.0142	SYNPCC7942_RS04625
M744_RS11670	10.7027	SYNPCC7942_RS04620
M744_RS11675	62.8555	SYNPCC7942_RS04615
M744_RS11680	7.1887	SYNPCC7942_RS04610
M744_RS11685	9.4518	SYNPCC7942_RS04605
M744_RS11695	10.1173	SYNPCC7942_RS04595
M744_RS11700	18.2025	SYNPCC7942_RS04590
M744_RS11710	0.8060	SYNPCC7942_RS04580
M744_RS11715	127.1362	SYNPCC7942_RS04575
M744_RS11720	205.3691	SYNPCC7942_RS04570
M744_RS11725	194.6603	SYNPCC7942_RS04565
M744_RS11730	2661.4790	SYNPCC7942_RS04560
M744_RS11735	2035.6751	SYNPCC7942_RS04555
M744_RS11740	151.9935	SYNPCC7942_RS04550
M744_RS11745	12.9934	SYNPCC7942_RS04545
M744_RS11750	11.0931	SYNPCC7942_RS04540
M744_RS11755	15.8378	SYNPCC7942_RS04535
M744_RS11760	0.0142	SYNPCC7942_RS04530
M744_RS11765	286.6913	SYNPCC7942_RS04525
M744_RS11770	91.2735	SYNPCC7942_RS04520
M744_RS11775	155.9991	SYNPCC7942_RS04515
M744_RS11780	30.7305	SYNPCC7942_RS04510
M744_RS11785	64.8738	SYNPCC7942_RS04505
M744_RS11790	186.0280	SYNPCC7942_RS04500
M744_RS11795	7.3439	SYNPCC7942_RS04495
M744_RS11800	0.2698	SYNPCC7942_RS04490
M744_RS11805	27.9501	SYNPCC7942_RS04485
M744_RS11810	9.1490	SYNPCC7942_RS04480
M744_RS11815	18.5956	SYNPCC7942_RS04475
M744_RS11820	2.2486	SYNPCC7942_RS04470
M744_RS11825	7.0348	SYNPCC7942_RS04465
M744_RS11830	6.0200	SYNPCC7942_RS04460
M744_RS11835	30.1364	SYNPCC7942_RS04455
M744_RS11840	528.4242	SYNPCC7942_RS04450
M744_RS11845	8.8127	SYNPCC7942_RS04445
M744_RS11850	79.7592	SYNPCC7942_RS04440
M744_RS11855	348.4470	SYNPCC7942_RS04435
M744_RS11860	320.8679	SYNPCC7942_RS04430
M744_RS11865	1205.3788	SYNPCC7942_RS04425
M744_RS11870	272.1990	SYNPCC7942_RS04420
M744_RS11875	184.6617	SYNPCC7942_RS04415
M744_RS11880	272.8215	SYNPCC7942_RS04410
M744_RS11885	70.7457	SYNPCC7942_RS04405
M744_RS11890	3.4366	SYNPCC7942_RS04400
M744_RS11895	63.4867	SYNPCC7942_RS04395
M744_RS11900	22.9274	SYNPCC7942_RS04390
M744_RS11910	49.3107	SYNPCC7942_RS04380
M744_RS11915	355.6330	SYNPCC7942_RS04375
M744_RS11920	68.5045	SYNPCC7942_RS04370
M744_RS11925	164.8597	SYNPCC7942_RS04365
M744_RS11930	27.1562	SYNPCC7942_RS04360
M744_RS11935	41.1971	SYNPCC7942_RS04355
M744_RS11940	31.9478	SYNPCC7942_RS04350
M744_RS11945	3.2321	SYNPCC7942_RS04345
M744_RS11950	0.0226	SYNPCC7942_RS04340
M744_RS11955	12.6503	SYNPCC7942_RS04335
M744_RS11960	0.1373	SYNPCC7942_RS04330
M744_RS11965	18.7042	SYNPCC7942_RS04325
M744_RS11970	81.2266	SYNPCC7942_RS04320
M744_RS11975	1041.7499	SYNPCC7942_RS04315
M744_RS11980	103.2126	SYNPCC7942_RS04310
M744_RS11990	0.7713	SYNPCC7942_RS04300
M744_RS11995	2.7806	SYNPCC7942_RS04295
M744_RS12000	58.7530	SYNPCC7942_RS04290
M744_RS12005	1.2498	SYNPCC7942_RS04285
M744_RS12010	7.9175	SYNPCC7942_RS04280
M744_RS12015	32.5363	SYNPCC7942_RS04275
M744_RS12020	7.2273	SYNPCC7942_RS04270
M744_RS12025	2.4750	SYNPCC7942_RS04265
M744_RS12030	4.1599	SYNPCC7942_RS04260
M744_RS12035	82.7302	SYNPCC7942_RS04255
M744_RS12040	0.0657	SYNPCC7942_RS04250
M744_RS12045	46.1427	SYNPCC7942_RS04245
M744_RS12050	28.5984	SYNPCC7942_RS04240
M744_RS12055	0.0328	SYNPCC7942_RS04235
M744_RS12060	64.1214	SYNPCC7942_RS04230
M744_RS12065	4.4254	SYNPCC7942_RS04225
M744_RS12070	25.0039	SYNPCC7942_RS04220
M744_RS12075	7.9394	SYNPCC7942_RS04215
M744_RS12080	21.8321	SYNPCC7942_RS04210
M744_RS12085	52.8361	SYNPCC7942_RS04205
M744_RS12090	65.4802	SYNPCC7942_RS04200
M744_RS12095	40.4857	SYNPCC7942_RS04195
M744_RS12100	0.2992	SYNPCC7942_RS04190
M744_RS12105	82.1774	SYNPCC7942_RS04185
M744_RS12110	74.9206	SYNPCC7942_RS04180
M744_RS12115	121.8623	SYNPCC7942_RS04175
M744_RS12120	0.0142	SYNPCC7942_RS04170
M744_RS12125	12.0775	SYNPCC7942_RS04165
M744_RS12130	30.4853	SYNPCC7942_RS04160
M744_RS12135	205.6564	SYNPCC7942_RS04155
M744_RS12140	8.6075	SYNPCC7942_RS04150
M744_RS12145	156.5905	SYNPCC7942_RS04145
M744_RS12150	14.9191	SYNPCC7942_RS04140
M744_RS12155	65.2406	SYNPCC7942_RS04135
M744_RS12160	224.1331	SYNPCC7942_RS04130
M744_RS12165	437.4426	SYNPCC7942_RS04125
M744_RS12170	31.1616	SYNPCC7942_RS04120
M744_RS12175	9.9878	SYNPCC7942_RS04115
M744_RS12180	366.0190	SYNPCC7942_RS04110
M744_RS12185	88.8562	SYNPCC7942_RS04105
M744_RS12190	38.4887	SYNPCC7942_RS04100
M744_RS12195	20.8038	SYNPCC7942_RS04095
M744_RS12200	389.9179	SYNPCC7942_RS04090
M744_RS12205	3.7792	SYNPCC7942_RS04085
M744_RS12210	29.6829	SYNPCC7942_RS04080
M744_RS12215	92.0455	SYNPCC7942_RS04075
M744_RS12220	12.5504	SYNPCC7942_RS04070
M744_RS12225	11.9953	SYNPCC7942_RS04065
M744_RS12230	16.1558	SYNPCC7942_RS04060
M744_RS12235	97.8966	SYNPCC7942_RS04055
M744_RS12240	5862.0221	SYNPCC7942_RS04050
M744_RS12245	82.1321	SYNPCC7942_RS04045
M744_RS12250	506.4119	SYNPCC7942_RS04040
M744_RS12255	6.0332	SYNPCC7942_RS04035
M744_RS12260	86.1768	SYNPCC7942_RS04030
M744_RS12265	1.8699	SYNPCC7942_RS04025
M744_RS12270	40.3113	SYNPCC7942_RS04020
M744_RS12275	69.8414	SYNPCC7942_RS04015
M744_RS12280	199.1678	SYNPCC7942_RS04010
M744_RS12290	0.8866	SYNPCC7942_RS13700
M744_RS12295	3.9439	SYNPCC7942_RS03970
M744_RS12300	0.6420	SYNPCC7942_RS03965
M744_RS12310	17.0312	SYNPCC7942_RS03955
M744_RS12315	218.0090	SYNPCC7942_RS03950
M744_RS12325	22.7986	SYNPCC7942_RS03940
M744_RS12330	45.2994	SYNPCC7942_RS03935
M744_RS12335	729.6791	SYNPCC7942_RS03930
M744_RS12340	29.2669	SYNPCC7942_RS03925
M744_RS12345	0.0422	SYNPCC7942_RS03920
M744_RS12350	0.0056	SYNPCC7942_RS03915
M744_RS12355	12.8949	SYNPCC7942_RS03910
M744_RS12365	0.1701	SYNPCC7942_RS03900
M744_RS12370	3.7475	SYNPCC7942_RS03895
M744_RS12375	0.1945	SYNPCC7942_RS03890
M744_RS12380	21.3783	SYNPCC7942_RS03885
M744_RS12385	3.9901	SYNPCC7942_RS03880
M744_RS12390	0.1036	SYNPCC7942_RS03875
M744_RS12395	25.3872	SYNPCC7942_RS03870
M744_RS12405	32.3546	SYNPCC7942_RS03860
M744_RS12410	33.7601	SYNPCC7942_RS03855
M744_RS12415	595.8396	SYNPCC7942_RS03850
M744_RS12420	21.9550	SYNPCC7942_RS03845
M744_RS12425	3.5980	SYNPCC7942_RS03840
M744_RS12430	19.3686	SYNPCC7942_RS03835
M744_RS12440	0.0198	SYNPCC7942_RS03825
M744_RS12450	5.9447	SYNPCC7942_RS03815
M744_RS12455	4.2460	SYNPCC7942_RS03810
M744_RS12460	24.4057	SYNPCC7942_RS03805
M744_RS12465	5.8656	SYNPCC7942_RS03800
M744_RS12470	69.4786	SYNPCC7942_RS03795
M744_RS12475	3.1164	SYNPCC7942_RS03790
M744_RS12480	14.2981	SYNPCC7942_RS03785
M744_RS12485	2.9440	SYNPCC7942_RS03780
M744_RS12490	3.4999	SYNPCC7942_RS03775
M744_RS12495	16.4286	SYNPCC7942_RS03770
M744_RS12500	36.5650	SYNPCC7942_RS03765
M744_RS12505	8.6175	SYNPCC7942_RS03760
M744_RS12510	6.5156	SYNPCC7942_RS03755
M744_RS12515	5.7740	SYNPCC7942_RS03750
M744_RS12520	3.7203	SYNPCC7942_RS03745
M744_RS12530	1.5919	SYNPCC7942_RS03730
M744_RS12535	1.5884	SYNPCC7942_RS03725
M744_RS12540	1.0785	SYNPCC7942_RS03720
M744_RS12550	0.0419	SYNPCC7942_RS03710
M744_RS12555	0.0967	SYNPCC7942_RS03705
M744_RS12560	1.5922	SYNPCC7942_RS03700
M744_RS12565	0.6144	SYNPCC7942_RS03695
M744_RS12575	0.0056	SYNPCC7942_RS03685
M744_RS12580	18.5089	SYNPCC7942_RS03680
M744_RS12590	300.8446	SYNPCC7942_RS03670
M744_RS12600	57.7603	SYNPCC7942_RS03660
M744_RS12605	96.8170	SYNPCC7942_RS03655
M744_RS12610	598.2142	SYNPCC7942_RS03650
M744_RS12615	100.5092	SYNPCC7942_RS03645
M744_RS12620	41.9249	SYNPCC7942_RS03640
M744_RS12625	3.8856	SYNPCC7942_RS03635
M744_RS12630	49.9670	SYNPCC7942_RS03630
M744_RS12635	0.3539	SYNPCC7942_RS03625
M744_RS12640	31.8596	SYNPCC7942_RS03620
M744_RS12645	123.7204	SYNPCC7942_RS03615
M744_RS12650	99.3637	SYNPCC7942_RS03610
M744_RS12655	80.6192	SYNPCC7942_RS03605
M744_RS12660	0.0198	SYNPCC7942_RS03600
M744_RS12665	16.9566	SYNPCC7942_RS03595
M744_RS12670	3490.5802	SYNPCC7942_RS03590
M744_RS12675	20.7934	SYNPCC7942_RS03585
M744_RS12685	11907.4297	SYNPCC7942_RS03575
M744_RS12690	1161.9003	SYNPCC7942_RS03570
M744_RS12695	507.8201	SYNPCC7942_RS03565
M744_RS12700	303.2281	SYNPCC7942_RS03560
M744_RS12705	3.3959	SYNPCC7942_RS03555
M744_RS12710	1.2201	SYNPCC7942_RS03550
M744_RS12715	14.2931	SYNPCC7942_RS13620
M744_RS12720	0.0000	SYNPCC7942_RS03540
M744_RS12725	0.0000	SYNPCC7942_RS03535
M744_RS12730	4.0180	SYNPCC7942_RS03530
M744_RS12735	52.7065	SYNPCC7942_RS03525
M744_RS12740	1777.1008	SYNPCC7942_RS03520
M744_RS12745	1170.3617	SYNPCC7942_RS03515
M744_RS12750	838.0121	SYNPCC7942_RS03510
M744_RS12755	46.5798	SYNPCC7942_RS03505
M744_RS12760	13.9855	SYNPCC7942_RS03500
M744_RS12765	38.7333	SYNPCC7942_RS03495
M744_RS12770	23.9710	SYNPCC7942_RS03490
M744_RS12775	533.3809	SYNPCC7942_RS03485
M744_RS12780	911.2668	SYNPCC7942_RS03480
M744_RS12790	43.5709	SYNPCC7942_RS03470
M744_RS12800	0.0000	SYNPCC7942_RS03465
M744_RS12805	943.9637	SYNPCC7942_RS03460
M744_RS12810	0.0000	SYNPCC7942_RS03455
M744_RS12815	402.0190	SYNPCC7942_RS03450
M744_RS12820	0.1084	SYNPCC7942_RS03445
M744_RS12825	10.4705	SYNPCC7942_RS03440
M744_RS12830	34.5984	SYNPCC7942_RS03435
M744_RS12835	0.6476	SYNPCC7942_RS03430
M744_RS12840	17.6347	SYNPCC7942_RS03425
M744_RS12850	263.9784	SYNPCC7942_RS03415
M744_RS12855	3.8892	SYNPCC7942_RS03410
M744_RS12860	12.0043	SYNPCC7942_RS03405
M744_RS12865	1.7443	SYNPCC7942_RS03400
M744_RS12870	75.1288	SYNPCC7942_RS03395
M744_RS12875	224.9540	SYNPCC7942_RS03390
M744_RS12880	29.5351	SYNPCC7942_RS03385
M744_RS12885	83.2740	SYNPCC7942_RS03380
M744_RS12890	25.1987	SYNPCC7942_RS03375
M744_RS12895	18.3547	SYNPCC7942_RS03370
M744_RS12900	849.3987	SYNPCC7942_RS03365
M744_RS12905	0.0142	SYNPCC7942_RS03360
M744_RS12920	0.0142	SYNPCC7942_RS03345
M744_RS12925	83.3205	SYNPCC7942_RS03340
M744_RS12930	134.8570	SYNPCC7942_RS03335
M744_RS12935	5.9135	SYNPCC7942_RS03330
M744_RS12940	494.7989	SYNPCC7942_RS03325
M744_RS12945	5.1942	SYNPCC7942_RS13685
M744_RS12950	22.8505	SYNPCC7942_RS03320
M744_RS12955	22.4502	SYNPCC7942_RS03315
M744_RS12960	1798.7099	SYNPCC7942_RS03310
M744_RS12965	342.1216	SYNPCC7942_RS03305
M744_RS12970	6.3315	SYNPCC7942_RS03300
M744_RS12975	98.7797	SYNPCC7942_RS03295
M744_RS12980	30.6107	SYNPCC7942_RS03290
M744_RS12985	143.7197	SYNPCC7942_RS03285
M744_RS12990	83.3173	SYNPCC7942_RS03280
M744_RS12995	50.7482	SYNPCC7942_RS03275
M744_RS13000	194.1331	SYNPCC7942_RS03270
M744_RS13005	475.7473	SYNPCC7942_RS03265
M744_RS13010	972.0019	SYNPCC7942_RS03260
M744_RS13015	333.3600	SYNPCC7942_RS03255
M744_RS13020	1304.3765	SYNPCC7942_RS03250
M744_RS13025	1553.7167	SYNPCC7942_RS03245
M744_RS13030	808.0734	SYNPCC7942_RS03240
M744_RS13035	59.1720	SYNPCC7942_RS03235
M744_RS13040	0.0000	SYNPCC7942_RS03230
M744_RS13045	23.1584	SYNPCC7942_RS03225
M744_RS13050	9.6483	SYNPCC7942_RS03220
M744_RS13060	326.1811	SYNPCC7942_RS03210
M744_RS13065	4.4813	SYNPCC7942_RS03205
M744_RS13070	228.6897	SYNPCC7942_RS03200
M744_RS13075	285.2687	SYNPCC7942_RS03195
M744_RS13080	171.8087	SYNPCC7942_RS03190
M744_RS13085	166.7378	SYNPCC7942_RS03185
M744_RS13090	156.3043	SYNPCC7942_RS03180
M744_RS13095	184.8570	SYNPCC7942_RS03175
M744_RS13100	161.6894	SYNPCC7942_RS03170
M744_RS13105	8.1752	SYNPCC7942_RS03165
M744_RS13110	11.6870	SYNPCC7942_RS03160
M744_RS13115	7.4096	SYNPCC7942_RS03155
M744_RS13120	83.2349	SYNPCC7942_RS03150
M744_RS13125	4.6177	SYNPCC7942_RS03145
M744_RS13130	14.5543	SYNPCC7942_RS03140
M744_RS13140	91.5046	SYNPCC7942_RS03130
M744_RS13145	153.1695	SYNPCC7942_RS03125
M744_RS13150	50.4176	SYNPCC7942_RS03120
M744_RS13160	22.4098	SYNPCC7942_RS03110
M744_RS13165	33.4150	SYNPCC7942_RS03105
M744_RS13170	93.8352	SYNPCC7942_RS03100
M744_RS13175	451.2917	SYNPCC7942_RS03095
M744_RS13180	43.0390	SYNPCC7942_RS03090
M744_RS13185	74.1590	SYNPCC7942_RS03080
M744_RS13190	231.1123	SYNPCC7942_RS03075
M744_RS13200	126.8535	SYNPCC7942_RS03065
M744_RS13205	26.3300	SYNPCC7942_RS03060
M744_RS13210	20.5779	SYNPCC7942_RS03055
M744_RS13215	34.2846	SYNPCC7942_RS03050
M744_RS13220	226.3850	SYNPCC7942_RS03045
M744_RS13230	28.2069	SYNPCC7942_RS03035
M744_RS13235	34.2923	SYNPCC7942_RS03030
M744_RS13240	16.4985	SYNPCC7942_RS03025
M744_RS13245	35.7633	SYNPCC7942_RS03020
M744_RS13250	29.4442	SYNPCC7942_RS03015
M744_RS13255	118.4303	SYNPCC7942_RS03010
M744_RS13290	20.3351	SYNPCC7942_RS13490
M744_RS13295	150.8539	SYNPCC7942_RS13485
M744_RS13300	113.6509	SYNPCC7942_RS13480
M744_RS13315	13.7570	SYNPCC7942_RS13465
M744_RS13320	12.0796	SYNPCC7942_RS13455
M744_RS13325	3.3038	SYNPCC7942_RS13450
M744_RS13330	0.0254	SYNPCC7942_RS13445
M744_RS13335	5.2210	SYNPCC7942_RS13440
M744_RS13340	1.3416	SYNPCC7942_RS13435
M744_RS13345	0.9752	SYNPCC7942_RS13430
M744_RS13350	8.5424	SYNPCC7942_RS13425
M744_RS13355	5.2981	SYNPCC7942_RS13420
M744_RS13360	2.9416	SYNPCC7942_RS13415
M744_RS13365	7.5009	SYNPCC7942_RS13410
M744_RS13370	1.2626	SYNPCC7942_RS13405
M744_RS13375	2.0491	SYNPCC7942_RS13400
M744_RS13380	0.3587	SYNPCC7942_RS13395
M744_RS13385	6.4985	SYNPCC7942_RS13390
M744_RS13395	4.3277	SYNPCC7942_RS13380
M744_RS13400	21.4533	SYNPCC7942_RS13375
M744_RS13405	7.4081	SYNPCC7942_RS13370
M744_RS13410	11.3253	SYNPCC7942_RS13365
M744_RS13415	0.0657	SYNPCC7942_RS13360
M744_RS13420	14.2752	SYNPCC7942_RS13355
M744_RS13425	26.4562	SYNPCC7942_RS13350
M744_RS13430	0.0142	SYNPCC7942_RS13345
M744_RS13440	43.6824	SYNPCC7942_RS13335
M744_RS13445	0.7954	SYNPCC7942_RS13330
M744_RS13450	27.9843	SYNPCC7942_RS13595
M744_RS13455	9.5824	SYNPCC7942_RS13590
M744_RS13470	1.0032	SYNPCC7942_RS13575
M744_RS13475	15.7844	SYNPCC7942_RS13570
M744_RS13480	7.3956	SYNPCC7942_RS13565
M744_RS13485	281.5186	SYNPCC7942_RS13560
M744_RS13490	516.4062	SYNPCC7942_RS13555
M744_RS13495	6.4014	SYNPCC7942_RS13550
M744_RS13500	3.4602	SYNPCC7942_RS13545
M744_RS13505	25.0443	SYNPCC7942_RS13540
M744_RS13510	4.2637	SYNPCC7942_RS13535
M744_RS13520	168.9416	SYNPCC7942_RS13525
M744_RS13525	6.5125	SYNPCC7942_RS13520
M744_RS13540	1019.8333	SYNPCC7942_RS13505
M744_RS13545	68.9922	SYNPCC7942_RS13500
M744_RS13550	11.5909	SYNPCC7942_RS13495
M744_RS13590	2.8902	SYNPCC7942_RS13610
M744_RS13595	4.6954	SYNPCC7942_RS13630
M744_RS13600	3.0963	SYNPCC7942_RS13625
M744_RS13605	47.8821	SYNPCC7942_RS13615
M744_RS13615	7.8329	SYNPCC7942_RS13640
M744_RS13625	221.5466	SYNPCC7942_RS13675
M744_RS13630	70.5215	SYNPCC7942_RS13670
M744_RS13635	30.2374	SYNPCC7942_RS13665
M744_RS13640	17.4106	SYNPCC7942_RS00595
M744_RS13645	43.4021	SYNPCC7942_RS13660
M744_RS13650	0.0142	SYNPCC7942_RS13650
M744_RS13655	1.8008	SYNPCC7942_RS13645
M744_RS13660	0.3711	SYNPCC7942_RS13855
M744_RS13675	15.2139	SYNPCC7942_RS13840
M744_RS13690	3.8177	SYNPCC7942_RS13830
M744_RS13705	155.2187	SYNPCC7942_RS13815
M744_RS13710	0.6316	SYNPCC7942_RS10865
M744_RS13720	1.9302	SYNPCC7942_RS13805
M744_RS13725	1020.2345	SYNPCC7942_RS13795
M744_RS13735	10.9868	SYNPCC7942_RS13760
M744_RS13745	1.8607	SYNPCC7942_RS13770
M744_RS13760	0.9458	SYNPCC7942_RS13785
M744_RS13770	74.8268	SYNPCC7942_RS13750
M744_RS13775	22.9569	SYNPCC7942_RS06420
M744_RS13780	234.9629	SYNPCC7942_RS13745
M744_RS13790	129.9612	SYNPCC7942_RS13735
M744_RS13795	24.8856	SYNPCC7942_RS13730
M744_RS13805	0.0685	SYNPCC7942_RS04950
M744_RS13810	20.3433	SYNPCC7942_RS13715
M744_RS13815	10.4635	SYNPCC7942_RS13710
M744_RS13820	198.6459	SYNPCC7942_RS13695
M744_RS13825	21.5682	SYNPCC7942_RS13690
M744_RS13830	60.7952	SYNPCC7942_RS13680
M744_RS13840	2.6146	SYNPCC7942_RS13860
M744_RS13845	2.2333	SYNPCC7942_RS13880
M744_RS13850	25.8808	SYNPCC7942_RS13870
M744_RS13860	1.1245	SYNPCC7942_RS13515
M744_RS13870	86.6820	SYNPCC7942_RS13930
M744_RS13875	40.0554	SYNPCC7942_RS13925
M744_RS13880	0.0142	SYNPCC7942_RS13920
M744_RS13885	0.0000	SYNPCC7942_RS13915
M744_RS13890	8.9116	SYNPCC7942_RS13910
M744_RS13895	6783.2003	SYNPCC7942_RS13905
M744_RS13900	2384.8723	SYNPCC7942_RS14105
M744_RS13905	487.8560	SYNPCC7942_RS14100
M744_RS13910	7.5536	SYNPCC7942_RS14095
M744_RS13915	28.1070	SYNPCC7942_RS11480
M744_RS13925	3.5888	SYNPCC7942_RS14085
M744_RS13930	3.0733	SYNPCC7942_RS10985
M744_RS13935	0.7135	SYNPCC7942_RS14080
M744_RS13945	17.1697	SYNPCC7942_RS14070
M744_RS13950	140.9621	SYNPCC7942_RS14065
M744_RS13955	9.5324	SYNPCC7942_RS14060
M744_RS13960	57.0068	SYNPCC7942_RS14055
M744_RS13965	0.5728	SYNPCC7942_RS14050
M744_RS13970	6.3623	SYNPCC7942_RS14045
M744_RS13975	0.8872	SYNPCC7942_RS14015
M744_RS13980	0.6396	SYNPCC7942_RS14020
M744_RS13985	21.3807	SYNPCC7942_RS14025
M744_RS13990	2.5241	SYNPCC7942_RS14030
M744_RS13995	19.2499	SYNPCC7942_RS14035
M744_RS14005	0.6955	SYNPCC7942_RS14005
M744_RS14010	62.1261	SYNPCC7942_RS14000
M744_RS14015	32.0113	SYNPCC7942_RS13995
M744_RS14020	99.1939	SYNPCC7942_RS13990
M744_RS14025	1.3867	SYNPCC7942_RS13985
M744_RS14030	3.1829	SYNPCC7942_RS13980
M744_RS14035	16623.6842	SYNPCC7942_RS13970
M744_RS14040	2.0954	SYNPCC7942_RS13965
M744_RS14045	140.7327	SYNPCC7942_RS13960
M744_RS14050	16.6801	SYNPCC7942_RS13940
M744_RS14055	13.4159	SYNPCC7942_RS13935
M744_RS14060	32.5314	SYNPCC7942_RS03735
M744_RS14065	0.2922	SYNPCC7942_RS13460
M744_RS14070	50.4734	SYNPCC7942_RS14125
M744_RS14080	21.1283	SYNPCC7942_RS14115
M744_RS14085	11.2927	SYNPCC7942_RS14145
M744_RS14090	109.8806	SYNPCC7942_RS14140
M744_RS14095	181.1863	SYNPCC7942_RS14135
M744_RS14100	1.6357	SYNPCC7942_RS14130
M744_RS14105	16.7006	SYNPCC7942_RS14200
M744_RS14110	32.7962	SYNPCC7942_RS14195
M744_RS14120	5.2526	SYNPCC7942_RS14190
M744_RS14125	142.6254	SYNPCC7942_RS14185
M744_RS14130	161.3904	SYNPCC7942_RS14180
M744_RS14135	2.7479	SYNPCC7942_RS14170
M744_RS14140	13.4402	SYNPCC7942_RS14175
M744_RS14150	53.8804	SYNPCC7942_RS14160
M744_RS14155	78.0212	SYNPCC7942_RS14155
M744_RS14160	7.9560	SYNPCC7942_RS14150
M744_RS14165	0.0781	SYNPCC7942_RS14220
M744_RS14170	18.1835	SYNPCC7942_RS14210
M744_RS14180	324.7387	SYNPCC7942_RS14290
M744_RS14185	0.7364	SYNPCC7942_RS14245
M744_RS14195	0.0000	SYNPCC7942_RS14295
M744_RS14200	0.9682	SYNPCC7942_RS14225
M744_RS14205	0.8302	SYNPCC7942_RS14215
M744_RS14210	4901.1720	SYNPCC7942_RS00240
M744_RS14215	0.7896	SYNPCC7942_RS14285
M744_RS14225	0.0000	SYNPCC7942_RS14270
M744_RS14230	0.4273	SYNPCC7942_RS14275
M744_RS14235	0.1641	SYNPCC7942_RS14280
M744_RS14240	38.6906	SYNPCC7942_RS14265
M744_RS14245	467.7784	SYNPCC7942_RS14260
M744_RS14250	0.8769	SYNPCC7942_RS14255
M744_RS14255	0.6872	SYNPCC7942_RS14250
M744_RS14260	5.2248	SYNPCC7942_RS14240
M744_RS14265	25.9230	SYNPCC7942_RS14235
M744_RS14270	11.7935	SYNPCC7942_RS14230
