locus_tag	abundance	source_gene_id
M744_RS00005	65.7665	SYNPCC7942_RS02980
M744_RS00010	4255.6151	SYNPCC7942_RS02975
M744_RS00020	427.1852	SYNPCC7942_RS02965
M744_RS00025	42.8795	SYNPCC7942_RS02960
M744_RS00030	38.5326	SYNPCC7942_RS02955
M744_RS00035	41.9240	SYNPCC7942_RS02950
M744_RS00040	947.7378	SYNPCC7942_RS02945
M744_RS00045	945.9377	SYNPCC7942_RS02940
M744_RS00050	103.4317	SYNPCC7942_RS02935
M744_RS00055	36.4297	SYNPCC7942_RS02930
M744_RS00060	709.6901	SYNPCC7942_RS02925
M744_RS00065	23.8614	SYNPCC7942_RS02920
M744_RS00075	0.1185	SYNPCC7942_RS02910
M744_RS00080	179.7811	SYNPCC7942_RS02905
M744_RS00085	220.4278	SYNPCC7942_RS02900
M744_RS00090	776.1640	SYNPCC7942_RS02895
M744_RS00095	353.5836	SYNPCC7942_RS02890
M744_RS00100	162.9214	SYNPCC7942_RS02885
M744_RS00105	0.0464	SYNPCC7942_RS02880
M744_RS00110	264.2434	SYNPCC7942_RS02875
M744_RS00115	74.5255	SYNPCC7942_RS02870
M744_RS00120	147.1266	SYNPCC7942_RS02865
M744_RS00125	134.9785	SYNPCC7942_RS02860
M744_RS00130	494.2943	SYNPCC7942_RS02855
M744_RS00135	140.4339	SYNPCC7942_RS02850
M744_RS00140	371.1762	SYNPCC7942_RS02845
M744_RS00145	307.5633	SYNPCC7942_RS02840
M744_RS00150	67.9847	SYNPCC7942_RS02835
M744_RS00155	29.9271	SYNPCC7942_RS02830
M744_RS00160	215.9845	SYNPCC7942_RS02825
M744_RS00165	645.6500	SYNPCC7942_RS02820
M744_RS00170	137.8187	SYNPCC7942_RS02815
M744_RS00175	972.9138	SYNPCC7942_RS02810
M744_RS00180	3185.3852	SYNPCC7942_RS02805
M744_RS00185	70.5444	SYNPCC7942_RS02800
M744_RS00190	411.1834	SYNPCC7942_RS02795
M744_RS00195	270.6529	SYNPCC7942_RS02790
M744_RS00200	15.2323	SYNPCC7942_RS02785
M744_RS00205	215.0025	SYNPCC7942_RS02780
M744_RS00210	0.0758	SYNPCC7942_RS02775
M744_RS00215	133.3478	SYNPCC7942_RS02770
M744_RS00220	0.7101	SYNPCC7942_RS02765
M744_RS00225	221.7378	SYNPCC7942_RS02760
M744_RS00230	25.1729	SYNPCC7942_RS02755
M744_RS00235	33.5012	SYNPCC7942_RS02750
M744_RS00240	33.7726	SYNPCC7942_RS02745
M744_RS00245	28.0405	SYNPCC7942_RS02740
M744_RS00250	2623.6773	SYNPCC7942_RS02735
M744_RS00255	1039.8008	SYNPCC7942_RS02730
M744_RS00260	382.1154	SYNPCC7942_RS02725
M744_RS00265	3377.4449	SYNPCC7942_RS02720
M744_RS00270	365.8489	SYNPCC7942_RS02715
M744_RS00275	0.0155	SYNPCC7942_RS02710
M744_RS00280	57.3770	SYNPCC7942_RS02705
M744_RS00285	269.7531	SYNPCC7942_RS02700
M744_RS00290	91.1401	SYNPCC7942_RS02695
M744_RS00295	3.4480	SYNPCC7942_RS02690
M744_RS00300	481.5610	SYNPCC7942_RS02685
M744_RS00305	102.8104	SYNPCC7942_RS02680
M744_RS00310	33.4357	SYNPCC7942_RS02675
M744_RS00315	112.2491	SYNPCC7942_RS02670
M744_RS00320	29.3025	SYNPCC7942_RS02665
M744_RS00325	138.7713	SYNPCC7942_RS02660
M744_RS00330	53.3466	SYNPCC7942_RS02655
M744_RS00335	37.4376	SYNPCC7942_RS02645
M744_RS00340	69.5166	SYNPCC7942_RS02640
M744_RS00345	78.4649	SYNPCC7942_RS02635
M744_RS00350	101.0819	SYNPCC7942_RS02630
M744_RS00355	185.6231	SYNPCC7942_RS02625
M744_RS00360	136.8550	SYNPCC7942_RS02620
M744_RS00365	699.0341	SYNPCC7942_RS02615
M744_RS00370	567.9847	SYNPCC7942_RS02610
M744_RS00375	158.4685	SYNPCC7942_RS02605
M744_RS00380	396.0112	SYNPCC7942_RS02600
M744_RS00385	611.7011	SYNPCC7942_RS02595
M744_RS00390	57.0410	SYNPCC7942_RS02590
M744_RS00395	147.9087	SYNPCC7942_RS02585
M744_RS00400	145.0613	SYNPCC7942_RS02580
M744_RS00405	3.0159	SYNPCC7942_RS02575
M744_RS00410	394.9257	SYNPCC7942_RS02570
M744_RS00415	1072.6113	SYNPCC7942_RS02565
M744_RS00420	17.5012	SYNPCC7942_RS02560
M744_RS00425	508.1485	SYNPCC7942_RS02555
M744_RS00430	59.6597	SYNPCC7942_RS02550
M744_RS00435	119.9932	SYNPCC7942_RS02545
M744_RS00440	61.9577	SYNPCC7942_RS02540
M744_RS00445	109.0379	SYNPCC7942_RS02535
M744_RS00450	153.1842	SYNPCC7942_RS02530
M744_RS00455	178.8610	SYNPCC7942_RS02525
M744_RS00460	32.3418	SYNPCC7942_RS02520
M744_RS00465	576.0365	SYNPCC7942_RS02515
M744_RS00470	104.0010	SYNPCC7942_RS02510
M744_RS00475	201.1456	SYNPCC7942_RS02505
M744_RS00485	163.2873	SYNPCC7942_RS02495
M744_RS00490	290.4895	SYNPCC7942_RS02490
M744_RS00495	316.8057	SYNPCC7942_RS02485
M744_RS00500	118.1772	SYNPCC7942_RS02480
M744_RS00505	693.8904	SYNPCC7942_RS02475
M744_RS00510	206.9035	SYNPCC7942_RS02470
M744_RS00515	210.9436	SYNPCC7942_RS02465
M744_RS00520	290.4962	SYNPCC7942_RS02460
M744_RS00525	800.3063	SYNPCC7942_RS02455
M744_RS00530	216.2889	SYNPCC7942_RS02450
M744_RS00535	277.5452	SYNPCC7942_RS02445
M744_RS00540	43.5041	SYNPCC7942_RS02440
M744_RS00545	585.9176	SYNPCC7942_RS02435
M744_RS00550	167.4492	SYNPCC7942_RS02430
M744_RS00555	19.6905	SYNPCC7942_RS02425
M744_RS00560	291.9724	SYNPCC7942_RS02420
M744_RS00565	956.6122	SYNPCC7942_RS02415
M744_RS00570	22.9205	SYNPCC7942_RS02410
M744_RS00575	168.1322	SYNPCC7942_RS02405
M744_RS00590	1128.8739	SYNPCC7942_RS02390
M744_RS00595	1.9118	SYNPCC7942_RS02385
M744_RS00600	103.2102	SYNPCC7942_RS02380
M744_RS00605	1641.9856	SYNPCC7942_RS02375
M744_RS00610	117.8489	SYNPCC7942_RS02370
M744_RS00615	388.9146	SYNPCC7942_RS02365
M744_RS00620	0.0309	SYNPCC7942_RS02360
M744_RS00625	121.1709	SYNPCC7942_RS02355
M744_RS00630	58.4794	SYNPCC7942_RS02350
M744_RS00635	169.9233	SYNPCC7942_RS02345
M744_RS00640	536.5415	SYNPCC7942_RS02340
M744_RS00645	218.5573	SYNPCC7942_RS02335
M744_RS00650	52.7772	SYNPCC7942_RS02330
M744_RS00655	82.4912	SYNPCC7942_RS02325
M744_RS00660	3.1080	SYNPCC7942_RS02320
M744_RS00665	246.3514	SYNPCC7942_RS02315
M744_RS00675	420.4020	SYNPCC7942_RS02305
M744_RS00680	438.1157	SYNPCC7942_RS02300
M744_RS00685	337.6696	SYNPCC7942_RS02295
M744_RS00690	123.6484	SYNPCC7942_RS02290
M744_RS00695	789.8967	SYNPCC7942_RS02285
M744_RS00700	991.3608	SYNPCC7942_RS02280
M744_RS00705	193.4936	SYNPCC7942_RS02275
M744_RS00710	1895.9258	SYNPCC7942_RS02270
M744_RS00715	3166.2157	SYNPCC7942_RS02265
M744_RS00720	6347.7261	SYNPCC7942_RS02260
M744_RS00725	67.1070	SYNPCC7942_RS02255
M744_RS00735	173.2570	SYNPCC7942_RS02245
M744_RS00740	43.4720	SYNPCC7942_RS02240
M744_RS00750	13.2285	SYNPCC7942_RS02230
M744_RS00755	122.6407	SYNPCC7942_RS02225
M744_RS00760	301.1850	SYNPCC7942_RS02220
M744_RS00770	67.2763	SYNPCC7942_RS02210
M744_RS00775	1.1588	SYNPCC7942_RS02205
M744_RS00780	397.7867	SYNPCC7942_RS02200
M744_RS00785	1461.7029	SYNPCC7942_RS02195
M744_RS00790	443.2669	SYNPCC7942_RS02190
M744_RS00795	256.9200	SYNPCC7942_RS02185
M744_RS00800	168.4999	SYNPCC7942_RS02180
M744_RS00805	77.0311	SYNPCC7942_RS02175
M744_RS00810	135.9369	SYNPCC7942_RS02170
M744_RS00815	17576.1924	SYNPCC7942_RS02165
M744_RS00820	133.4868	SYNPCC7942_RS02160
M744_RS00825	230.2248	SYNPCC7942_RS02155
M744_RS00830	58.2255	SYNPCC7942_RS02150
M744_RS00835	140.9525	SYNPCC7942_RS02145
M744_RS00840	578.2248	SYNPCC7942_RS02140
M744_RS00845	7784.2030	SYNPCC7942_RS02135
M744_RS00850	5355.1190	SYNPCC7942_RS02130
M744_RS00855	2915.8475	SYNPCC7942_RS02125
M744_RS00860	2.2284	SYNPCC7942_RS02120
M744_RS00865	975.5566	SYNPCC7942_RS02115
M744_RS00875	238.7097	SYNPCC7942_RS02105
M744_RS00880	259.6795	SYNPCC7942_RS02100
M744_RS00885	236.1464	SYNPCC7942_RS02095
M744_RS00890	12.5861	SYNPCC7942_RS02090
M744_RS00895	14.3610	SYNPCC7942_RS02085
M744_RS00900	39.8863	SYNPCC7942_RS02080
M744_RS00905	303.8280	SYNPCC7942_RS02075
M744_RS00910	490.4691	SYNPCC7942_RS02070
M744_RS00915	104.8580	SYNPCC7942_RS02065
M744_RS00920	323.7579	SYNPCC7942_RS02060
M744_RS00925	69.2057	SYNPCC7942_RS02055
M744_RS00930	132.3629	SYNPCC7942_RS02050
M744_RS00935	151.7026	SYNPCC7942_RS02045
M744_RS00940	314.3658	SYNPCC7942_RS02040
M744_RS00945	348.5022	SYNPCC7942_RS02035
M744_RS00950	132.9501	SYNPCC7942_RS02030
M744_RS00955	110.6164	SYNPCC7942_RS02025
M744_RS00960	214.8887	SYNPCC7942_RS02020
M744_RS00965	602.0392	SYNPCC7942_RS02015
M744_RS00970	27.2993	SYNPCC7942_RS02010
M744_RS00975	130.6355	SYNPCC7942_RS02005
M744_RS00980	87.8710	SYNPCC7942_RS02000
M744_RS00985	324.8155	SYNPCC7942_RS01995
M744_RS00990	181.1204	SYNPCC7942_RS01990
M744_RS00995	50.7636	SYNPCC7942_RS01985
M744_RS01000	21.6783	SYNPCC7942_RS01980
M744_RS01005	165.3441	SYNPCC7942_RS01975
M744_RS01010	386.9398	SYNPCC7942_RS01970
M744_RS01015	2498.5120	SYNPCC7942_RS01965
M744_RS01020	47.4534	SYNPCC7942_RS01960
M744_RS01025	97.6714	SYNPCC7942_RS01955
M744_RS01030	0.0155	SYNPCC7942_RS01950
M744_RS01035	479.6415	SYNPCC7942_RS01945
M744_RS01040	9.6254	SYNPCC7942_RS01940
M744_RS01045	470.6633	SYNPCC7942_RS01935
M744_RS01050	144.2075	SYNPCC7942_RS01930
M744_RS01055	312.3367	SYNPCC7942_RS01925
M744_RS01060	503.9694	SYNPCC7942_RS01920
M744_RS01065	0.1816	SYNPCC7942_RS01915
M744_RS01070	694.0628	SYNPCC7942_RS01910
M744_RS01075	332.9960	SYNPCC7942_RS01905
M744_RS01080	142.0040	SYNPCC7942_RS01900
M744_RS01090	147.9744	SYNPCC7942_RS01890
M744_RS01095	195.3538	SYNPCC7942_RS01885
M744_RS01100	130.4923	SYNPCC7942_RS01880
M744_RS01105	62.0518	SYNPCC7942_RS01875
M744_RS01110	99.4868	SYNPCC7942_RS01870
M744_RS01115	228.0485	SYNPCC7942_RS01865
M744_RS01120	542.5339	SYNPCC7942_RS01860
M744_RS01125	147.7502	SYNPCC7942_RS01855
M744_RS01130	83.4081	SYNPCC7942_RS01850
M744_RS01135	221.8310	SYNPCC7942_RS01845
M744_RS01140	1060.1484	SYNPCC7942_RS01840
M744_RS01145	127.5131	SYNPCC7942_RS01835
M744_RS01150	369.3021	SYNPCC7942_RS01830
M744_RS01155	85.9672	SYNPCC7942_RS01825
M744_RS01160	197.6458	SYNPCC7942_RS01820
M744_RS01170	83.0791	SYNPCC7942_RS01810
M744_RS01175	0.5177	SYNPCC7942_RS01805
M744_RS01180	450.1880	SYNPCC7942_RS01800
M744_RS01185	95.3415	SYNPCC7942_RS01795
M744_RS01190	85.4468	SYNPCC7942_RS01790
M744_RS01195	404.0430	SYNPCC7942_RS01785
M744_RS01200	62.2841	SYNPCC7942_RS01780
M744_RS01205	148.9337	SYNPCC7942_RS01775
M744_RS01210	740.2046	SYNPCC7942_RS01770
M744_RS01215	141.8631	SYNPCC7942_RS01765
M744_RS01220	76.2528	SYNPCC7942_RS01760
M744_RS01225	489.4959	SYNPCC7942_RS01755
M744_RS01230	400.8644	SYNPCC7942_RS01750
M744_RS01235	62.1438	SYNPCC7942_RS01745
M744_RS01240	6.0905	SYNPCC7942_RS01740
M744_RS01245	104.4432	SYNPCC7942_RS01735
M744_RS01250	141.1091	SYNPCC7942_RS01730
M744_RS01255	76.6185	SYNPCC7942_RS01725
M744_RS01260	79.3198	SYNPCC7942_RS01720
M744_RS01265	810.4300	SYNPCC7942_RS01715
M744_RS01275	376.0717	SYNPCC7942_RS01705
M744_RS01280	687.6676	SYNPCC7942_RS01700
M744_RS01285	540.4406	SYNPCC7942_RS01695
M744_RS01290	1014.4684	SYNPCC7942_RS01690
M744_RS01295	2190.6379	SYNPCC7942_RS01685
M744_RS01300	1866.7175	SYNPCC7942_RS01680
M744_RS01305	113.3726	SYNPCC7942_RS01675
M744_RS01310	3566.9668	SYNPCC7942_RS01670
M744_RS01315	4172.2066	SYNPCC7942_RS01665
M744_RS01320	3469.5535	SYNPCC7942_RS01660
M744_RS01325	726.6975	SYNPCC7942_RS01655
M744_RS01330	295.5846	SYNPCC7942_RS01650
M744_RS01335	11.7800	SYNPCC7942_RS01645
M744_RS01340	735.0028	SYNPCC7942_RS01640
M744_RS01345	1479.4403	SYNPCC7942_RS01635
M744_RS01350	137.7581	SYNPCC7942_RS01630
M744_RS01355	90.0013	SYNPCC7942_RS01625
M744_RS01360	166.4913	SYNPCC7942_RS01620
M744_RS01365	88.2085	SYNPCC7942_RS01615
M744_RS01370	166.7923	SYNPCC7942_RS01610
M744_RS01375	842.2917	SYNPCC7942_RS01605
M744_RS01380	35.1766	SYNPCC7942_RS01600
M744_RS01385	129.2993	SYNPCC7942_RS01595
M744_RS01390	166.2858	SYNPCC7942_RS01590
M744_RS01395	0.0268	SYNPCC7942_RS01585
M744_RS01400	207.3787	SYNPCC7942_RS01580
M744_RS01405	910.0435	SYNPCC7942_RS01575
M744_RS01410	497.1911	SYNPCC7942_RS01570
M744_RS01415	291.6812	SYNPCC7942_RS01565
M744_RS01420	0.7576	SYNPCC7942_RS01560
M744_RS01425	238.7227	SYNPCC7942_RS01555
M744_RS01430	180.8243	SYNPCC7942_RS01550
M744_RS01435	45.2224	SYNPCC7942_RS01545
M744_RS01440	142.5998	SYNPCC7942_RS01540
M744_RS01445	208.9850	SYNPCC7942_RS01535
M744_RS01450	452.3256	SYNPCC7942_RS01530
M744_RS01455	0.0155	SYNPCC7942_RS01525
M744_RS01460	236.4022	SYNPCC7942_RS01520
M744_RS01465	1875.8008	SYNPCC7942_RS01515
M744_RS01470	521.8066	SYNPCC7942_RS01510
M744_RS01475	467.6850	SYNPCC7942_RS01505
M744_RS01480	2059.5442	SYNPCC7942_RS01500
M744_RS01485	2.5717	SYNPCC7942_RS01495
M744_RS01490	219.3906	SYNPCC7942_RS01490
M744_RS01495	60.7681	SYNPCC7942_RS01485
M744_RS01505	234.0763	SYNPCC7942_RS01475
M744_RS01510	1715.7687	SYNPCC7942_RS01470
M744_RS01515	152.0993	SYNPCC7942_RS01465
M744_RS01525	30.0210	SYNPCC7942_RS01455
M744_RS01530	242.2628	SYNPCC7942_RS01450
M744_RS01535	207.3630	SYNPCC7942_RS01445
M744_RS01540	35.6685	SYNPCC7942_RS01440
M744_RS01545	814.7590	SYNPCC7942_RS01435
M744_RS01550	317.8962	SYNPCC7942_RS01430
M744_RS01555	131.3405	SYNPCC7942_RS01425
M744_RS01560	5.7553	SYNPCC7942_RS01420
M744_RS01565	100.7686	SYNPCC7942_RS01415
M744_RS01570	122.2387	SYNPCC7942_RS01410
M744_RS01575	269.2583	SYNPCC7942_RS01405
M744_RS01580	0.0155	SYNPCC7942_RS01400
M744_RS01585	64.9923	SYNPCC7942_RS01395
M744_RS01590	0.0155	SYNPCC7942_RS01390
M744_RS01595	85.5223	SYNPCC7942_RS01385
M744_RS01600	62.4361	SYNPCC7942_RS01380
M744_RS01605	247.2607	SYNPCC7942_RS01375
M744_RS01610	146.3184	SYNPCC7942_RS01370
M744_RS01615	2.2414	SYNPCC7942_RS01365
M744_RS01620	368.5513	SYNPCC7942_RS01360
M744_RS01625	0.0309	SYNPCC7942_RS01355
M744_RS01630	222.5913	SYNPCC7942_RS01350
M744_RS01635	0.4652	SYNPCC7942_RS01345
M744_RS01640	393.3577	SYNPCC7942_RS01340
M744_RS01645	896.3038	SYNPCC7942_RS01335
M744_RS01650	84.7910	SYNPCC7942_RS01330
M744_RS01655	7047.6240	SYNPCC7942_RS01325
M744_RS01660	125.7295	SYNPCC7942_RS01320
M744_RS01665	46.1037	SYNPCC7942_RS01315
M744_RS01670	9.6279	SYNPCC7942_RS01310
M744_RS01680	187.7405	SYNPCC7942_RS01300
M744_RS01685	1488.6386	SYNPCC7942_RS01295
M744_RS01690	182.1501	SYNPCC7942_RS01290
M744_RS01695	67.4470	SYNPCC7942_RS01285
M744_RS01700	107.5557	SYNPCC7942_RS01280
M744_RS01705	49.7232	SYNPCC7942_RS01275
M744_RS01710	101.2867	SYNPCC7942_RS01270
M744_RS01715	130.2121	SYNPCC7942_RS01265
M744_RS01720	169.7773	SYNPCC7942_RS01260
M744_RS01725	231.2901	SYNPCC7942_RS01255
M744_RS01730	379.8384	SYNPCC7942_RS01250
M744_RS01735	787.6333	SYNPCC7942_RS01245
M744_RS01740	292.4542	SYNPCC7942_RS01240
M744_RS01745	293.0272	SYNPCC7942_RS01235
M744_RS01755	111.3066	SYNPCC7942_RS01225
M744_RS01760	757.4228	SYNPCC7942_RS01220
M744_RS01765	148.1082	SYNPCC7942_RS01215
M744_RS01770	0.0855	SYNPCC7942_RS01210
M744_RS01775	371.2195	SYNPCC7942_RS01205
M744_RS01780	638.0920	SYNPCC7942_RS01200
M744_RS01785	60.6610	SYNPCC7942_RS01195
M744_RS01790	81.8827	SYNPCC7942_RS01190
M744_RS01795	138.9758	SYNPCC7942_RS01185
M744_RS01800	175.9491	SYNPCC7942_RS01180
M744_RS01805	32.4983	SYNPCC7942_RS01175
M744_RS01810	745.6210	SYNPCC7942_RS01170
M744_RS01815	910.8943	SYNPCC7942_RS01165
M744_RS01820	83.2977	SYNPCC7942_RS01160
M744_RS01825	0.0383	SYNPCC7942_RS01155
M744_RS01830	604.0515	SYNPCC7942_RS01150
M744_RS01835	580.0876	SYNPCC7942_RS01145
M744_RS01840	153.9255	SYNPCC7942_RS01140
M744_RS01845	36.1430	SYNPCC7942_RS01135
M744_RS01850	11.4531	SYNPCC7942_RS01130
M744_RS01855	517.5286	SYNPCC7942_RS01125
M744_RS01860	80.9198	SYNPCC7942_RS01120
M744_RS01865	80.7624	SYNPCC7942_RS01115
M744_RS01870	84.9278	SYNPCC7942_RS01110
M744_RS01880	347.3135	SYNPCC7942_RS01100
M744_RS01885	107.8951	SYNPCC7942_RS01095
M744_RS01890	34.0699	SYNPCC7942_RS01090
M744_RS01895	693.0842	SYNPCC7942_RS01085
M744_RS01900	26.3770	SYNPCC7942_RS01080
M744_RS01905	221.1653	SYNPCC7942_RS01075
M744_RS01910	127.9263	SYNPCC7942_RS01070
M744_RS01915	56.5636	SYNPCC7942_RS01065
M744_RS01920	0.5630	SYNPCC7942_RS01060
M744_RS01925	203.8133	SYNPCC7942_RS01055
M744_RS01935	20.8922	SYNPCC7942_RS01045
M744_RS01940	38.5252	SYNPCC7942_RS01040
M744_RS01950	174.4877	SYNPCC7942_RS01030
M744_RS01955	0.1913	SYNPCC7942_RS01025
M744_RS01960	416.0699	SYNPCC7942_RS01020
M744_RS01965	12.6146	SYNPCC7942_RS01015
M744_RS01970	73.5378	SYNPCC7942_RS01010
M744_RS01975	368.6413	SYNPCC7942_RS01005
M744_RS01980	7.9156	SYNPCC7942_RS01000
M744_RS01985	424.1377	SYNPCC7942_RS00995
M744_RS01990	73.6803	SYNPCC7942_RS00990
M744_RS01995	322.3461	SYNPCC7942_RS00985
M744_RS02005	224.7202	SYNPCC7942_RS00975
M744_RS02010	553.6503	SYNPCC7942_RS00970
M744_RS02015	33.0349	SYNPCC7942_RS00965
M744_RS02020	1099.5543	SYNPCC7942_RS00960
M744_RS02025	99.4891	SYNPCC7942_RS00955
M744_RS02030	113.3315	SYNPCC7942_RS00950
M744_RS02035	17.2919	SYNPCC7942_RS00945
M744_RS02040	68.9982	SYNPCC7942_RS00940
M744_RS02045	0.1124	SYNPCC7942_RS00935
M744_RS02050	123.7404	SYNPCC7942_RS00930
M744_RS02055	34.2038	SYNPCC7942_RS00925
M744_RS02060	3.2300	SYNPCC7942_RS00920
M744_RS02065	195.3844	SYNPCC7942_RS00915
M744_RS02070	13.2492	SYNPCC7942_RS00910
M744_RS02075	0.0871	SYNPCC7942_RS00905
M744_RS02080	366.1131	SYNPCC7942_RS00900
M744_RS02090	0.0155	SYNPCC7942_RS00890
M744_RS02095	60.5725	SYNPCC7942_RS00885
M744_RS02100	0.7819	SYNPCC7942_RS00880
M744_RS02105	1.1678	SYNPCC7942_RS00875
M744_RS02110	235.6474	SYNPCC7942_RS00870
M744_RS02115	50.7126	SYNPCC7942_RS00865
M744_RS02120	665.6553	SYNPCC7942_RS00860
M744_RS02125	360.2535	SYNPCC7942_RS00855
M744_RS02130	56.0085	SYNPCC7942_RS00850
M744_RS02140	26.9507	SYNPCC7942_RS00840
M744_RS02145	578.1367	SYNPCC7942_RS00835
M744_RS02150	254.3665	SYNPCC7942_RS00830
M744_RS02155	243.3382	SYNPCC7942_RS00825
M744_RS02160	167.6591	SYNPCC7942_RS00820
M744_RS02165	146.9304	SYNPCC7942_RS00815
M744_RS02170	169.4808	SYNPCC7942_RS00810
M744_RS02175	38.1499	SYNPCC7942_RS00805
M744_RS02180	938.3323	SYNPCC7942_RS00800
M744_RS02185	382.9049	SYNPCC7942_RS00795
M744_RS02190	724.9242	SYNPCC7942_RS00790
M744_RS02195	0.0155	SYNPCC7942_RS00785
M744_RS02200	103.5834	SYNPCC7942_RS00780
M744_RS02205	269.5939	SYNPCC7942_RS00775
M744_RS02210	178.7787	SYNPCC7942_RS00770
M744_RS02215	508.0620	SYNPCC7942_RS00765
M744_RS02220	153.4860	SYNPCC7942_RS00760
M744_RS02225	3.0868	SYNPCC7942_RS00755
M744_RS02230	170.3545	SYNPCC7942_RS00750
M744_RS02235	89.1422	SYNPCC7942_RS00745
M744_RS02240	95.5009	SYNPCC7942_RS00740
M744_RS02245	7.5047	SYNPCC7942_RS00735
M744_RS02250	168.2891	SYNPCC7942_RS00730
M744_RS02255	678.4234	SYNPCC7942_RS00725
M744_RS02260	853.5926	SYNPCC7942_RS00720
M744_RS02265	364.1317	SYNPCC7942_RS00715
M744_RS02275	2626.3352	SYNPCC7942_RS00705
M744_RS02280	305.1751	SYNPCC7942_RS00700
M744_RS02285	821.0508	SYNPCC7942_RS00695
M744_RS02290	63.8697	SYNPCC7942_RS00690
M744_RS02295	0.6744	SYNPCC7942_RS00685
M744_RS02300	4.7870	SYNPCC7942_RS00680
M744_RS02305	561.4248	SYNPCC7942_RS00675
M744_RS02310	58.6490	SYNPCC7942_RS00670
M744_RS02315	169.2938	SYNPCC7942_RS00665
M744_RS02320	23.5435	SYNPCC7942_RS00660
M744_RS02325	36.5916	SYNPCC7942_RS00655
M744_RS02330	433.7054	SYNPCC7942_RS00650
M744_RS02335	244.2416	SYNPCC7942_RS00645
M744_RS02345	388.4155	SYNPCC7942_RS00635
M744_RS02350	101.2775	SYNPCC7942_RS00630
M744_RS02360	69.1516	SYNPCC7942_RS00620
M744_RS02370	52.8870	SYNPCC7942_RS00610
M744_RS02375	14.5192	SYNPCC7942_RS00605
M744_RS02380	0.4208	SYNPCC7942_RS00600
M744_RS02385	1155.7143	SYNPCC7942_RS00590
M744_RS02390	91.1813	SYNPCC7942_RS00585
M744_RS02395	0.4858	SYNPCC7942_RS13655
M744_RS02400	473.6933	SYNPCC7942_RS00580
M744_RS02405	42.3026	SYNPCC7942_RS00575
M744_RS02410	49.0947	SYNPCC7942_RS00570
M744_RS02415	87.8834	SYNPCC7942_RS00565
M744_RS02420	98.5899	SYNPCC7942_RS00560
M744_RS02425	182.6767	SYNPCC7942_RS00555
M744_RS02430	25.1062	SYNPCC7942_RS00550
M744_RS02435	323.2734	SYNPCC7942_RS00545
M744_RS02440	0.0155	SYNPCC7942_RS00540
M744_RS02445	171.6948	SYNPCC7942_RS00535
M744_RS02450	63.6517	SYNPCC7942_RS00530
M744_RS02455	28.2188	SYNPCC7942_RS00525
M744_RS02460	82.7402	SYNPCC7942_RS00520
M744_RS02465	882.0774	SYNPCC7942_RS00515
M744_RS02470	13.7550	SYNPCC7942_RS00510
M744_RS02475	101.1579	SYNPCC7942_RS00505
M744_RS02480	631.7043	SYNPCC7942_RS00500
M744_RS02485	112.8023	SYNPCC7942_RS00495
M744_RS02490	184.6873	SYNPCC7942_RS00490
M744_RS02505	1.0826	SYNPCC7942_RS00475
M744_RS02510	611.5386	SYNPCC7942_RS00470
M744_RS02515	141.5525	SYNPCC7942_RS00465
M744_RS02520	20.4284	SYNPCC7942_RS00460
M744_RS02525	319.2217	SYNPCC7942_RS00455
M744_RS02530	237.5567	SYNPCC7942_RS00450
M744_RS02540	114.2019	SYNPCC7942_RS00440
M744_RS02545	150.0548	SYNPCC7942_RS00435
M744_RS02550	568.2604	SYNPCC7942_RS00430
M744_RS02555	368.8622	SYNPCC7942_RS00425
M744_RS02560	167.2496	SYNPCC7942_RS00420
M744_RS02565	0.0773	SYNPCC7942_RS00415
M744_RS02570	242.5031	SYNPCC7942_RS00410
M744_RS02575	383.9137	SYNPCC7942_RS00405
M744_RS02580	93.3809	SYNPCC7942_RS00400
M744_RS02585	423.9088	SYNPCC7942_RS00395
M744_RS02590	215.5013	SYNPCC7942_RS00390
M744_RS02595	13.6849	SYNPCC7942_RS00385
M744_RS02600	217.5284	SYNPCC7942_RS00380
M744_RS02605	143.0640	SYNPCC7942_RS00375
M744_RS02610	623.3491	SYNPCC7942_RS00370
M744_RS02615	10.7682	SYNPCC7942_RS00365
M744_RS02620	507.8164	SYNPCC7942_RS00360
M744_RS02625	168.8655	SYNPCC7942_RS00355
M744_RS02630	237.9918	SYNPCC7942_RS00350
M744_RS02635	54.8122	SYNPCC7942_RS00345
M744_RS02640	31.5492	SYNPCC7942_RS00340
M744_RS02645	87.4244	SYNPCC7942_RS00335
M744_RS02650	123.2816	SYNPCC7942_RS00330
M744_RS02655	161.1465	SYNPCC7942_RS00325
M744_RS02660	548.9523	SYNPCC7942_RS00320
M744_RS02665	10.7524	SYNPCC7942_RS00315
M744_RS02670	0.0309	SYNPCC7942_RS00310
M744_RS02675	278.9252	SYNPCC7942_RS00305
M744_RS02685	34.4429	SYNPCC7942_RS00295
M744_RS02690	0.0155	SYNPCC7942_RS00290
M744_RS02695	128.3064	SYNPCC7942_RS00285
M744_RS02700	100.5831	SYNPCC7942_RS00280
M744_RS02710	63.5438	SYNPCC7942_RS00270
M744_RS02715	26.6067	SYNPCC7942_RS00265
M744_RS02720	58.6000	SYNPCC7942_RS00260
M744_RS02725	8.1087	SYNPCC7942_RS00255
M744_RS02730	424.0474	SYNPCC7942_RS00250
M744_RS02745	296.5115	SYNPCC7942_RS00235
M744_RS02750	108.3886	SYNPCC7942_RS00230
M744_RS02755	79.3245	SYNPCC7942_RS00225
M744_RS02760	48.4850	SYNPCC7942_RS00220
M744_RS02765	154.1743	SYNPCC7942_RS00215
M744_RS02770	355.6324	SYNPCC7942_RS00210
M744_RS02775	279.7907	SYNPCC7942_RS00205
M744_RS02780	143.0474	SYNPCC7942_RS00200
M744_RS02785	637.0346	SYNPCC7942_RS00195
M744_RS02790	60.9759	SYNPCC7942_RS00190
M744_RS02795	0.0614	SYNPCC7942_RS00185
M744_RS02800	103.3395	SYNPCC7942_RS00180
M744_RS02805	22.4363	SYNPCC7942_RS00175
M744_RS02810	7.6151	SYNPCC7942_RS00170
M744_RS02815	18.8633	SYNPCC7942_RS00165
M744_RS02820	0.0731	SYNPCC7942_RS00160
M744_RS02825	117.1718	SYNPCC7942_RS00155
M744_RS02830	0.0155	SYNPCC7942_RS00150
M744_RS02835	23.0129	SYNPCC7942_RS00145
M744_RS02845	9.0535	SYNPCC7942_RS00135
M744_RS02850	390.7958	SYNPCC7942_RS00130
M744_RS02855	74.7376	SYNPCC7942_RS00125
M744_RS02860	119.8905	SYNPCC7942_RS00120
M744_RS02865	127.1247	SYNPCC7942_RS00115
M744_RS02870	33.0476	SYNPCC7942_RS00110
M744_RS02875	90.0843	SYNPCC7942_RS00105
M744_RS02880	504.8222	SYNPCC7942_RS00100
M744_RS02885	451.0086	SYNPCC7942_RS00095
M744_RS02890	51.7495	SYNPCC7942_RS00090
M744_RS02895	61.3727	SYNPCC7942_RS00085
M744_RS02900	50.5976	SYNPCC7942_RS00080
M744_RS02905	50.7993	SYNPCC7942_RS00075
M744_RS02910	84.4045	SYNPCC7942_RS00070
M744_RS02915	274.3859	SYNPCC7942_RS00065
M744_RS02920	174.8612	SYNPCC7942_RS00060
M744_RS02925	113.6022	SYNPCC7942_RS00055
M744_RS02930	190.0773	SYNPCC7942_RS00050
M744_RS02935	274.2736	SYNPCC7942_RS00045
M744_RS02940	41.4747	SYNPCC7942_RS00040
M744_RS02945	146.7267	SYNPCC7942_RS00035
M744_RS02950	120.3273	SYNPCC7942_RS00030
M744_RS02955	196.1424	SYNPCC7942_RS00025
M744_RS02960	1175.2776	SYNPCC7942_RS00020
M744_RS02965	765.6413	SYNPCC7942_RS00015
M744_RS02970	188.6272	SYNPCC7942_RS00010
M744_RS02975	553.8390	SYNPCC7942_RS00005
M744_RS02980	66.9958	SYNPCC7942_RS13310
M744_RS02985	583.0750	SYNPCC7942_RS13305
M744_RS02990	115.0073	SYNPCC7942_RS13300
M744_RS02995	14.6652	SYNPCC7942_RS13295
M744_RS03000	381.6308	SYNPCC7942_RS13290
M744_RS03005	188.8561	SYNPCC7942_RS13285
M744_RS03010	55.2874	SYNPCC7942_RS13280
M744_RS03015	452.4246	SYNPCC7942_RS13275
M744_RS03020	164.7729	SYNPCC7942_RS13270
M744_RS03025	115.0375	SYNPCC7942_RS13265
M744_RS03030	369.0670	SYNPCC7942_RS13260
M744_RS03035	337.4970	SYNPCC7942_RS13255
M744_RS03040	0.1082	SYNPCC7942_RS13250
M744_RS03045	734.5727	SYNPCC7942_RS13245
M744_RS03050	0.0155	SYNPCC7942_RS13240
M744_RS03055	61.9722	SYNPCC7942_RS13235
M744_RS03060	231.1047	SYNPCC7942_RS13230
M744_RS03065	601.6293	SYNPCC7942_RS13225
M744_RS03070	294.2012	SYNPCC7942_RS13220
M744_RS03075	295.1726	SYNPCC7942_RS13215
M744_RS03085	603.6544	SYNPCC7942_RS13205
M744_RS03090	58.2707	SYNPCC7942_RS13200
M744_RS03095	0.0506	SYNPCC7942_RS13195
M744_RS03100	72.0465	SYNPCC7942_RS13190
M744_RS03105	413.6846	SYNPCC7942_RS13185
M744_RS03110	307.4400	SYNPCC7942_RS13180
M744_RS03115	69.6843	SYNPCC7942_RS13175
M744_RS03120	21.2504	SYNPCC7942_RS13170
M744_RS03125	29.9798	SYNPCC7942_RS13165
M744_RS03130	112.1115	SYNPCC7942_RS13160
M744_RS03135	370.1829	SYNPCC7942_RS13155
M744_RS03140	112.1513	SYNPCC7942_RS13150
M744_RS03145	84.6238	SYNPCC7942_RS13145
M744_RS03155	793.0304	SYNPCC7942_RS13135
M744_RS03160	188.0250	SYNPCC7942_RS13130
M744_RS03165	122.9749	SYNPCC7942_RS13125
M744_RS03170	150.5213	SYNPCC7942_RS13120
M744_RS03175	156.9244	SYNPCC7942_RS13115
M744_RS03205	272.3046	SYNPCC7942_RS13085
M744_RS03215	402.4967	SYNPCC7942_RS13075
M744_RS03220	40.6321	SYNPCC7942_RS13070
M744_RS03225	299.4720	SYNPCC7942_RS13065
M744_RS03230	181.1316	SYNPCC7942_RS13060
M744_RS03235	0.0309	SYNPCC7942_RS13055
M744_RS03240	145.0679	SYNPCC7942_RS13050
M744_RS03245	83.7553	SYNPCC7942_RS13045
M744_RS03255	277.6403	SYNPCC7942_RS13035
M744_RS03260	73.8530	SYNPCC7942_RS13030
M744_RS03265	362.6297	SYNPCC7942_RS13025
M744_RS03270	411.4861	SYNPCC7942_RS13020
M744_RS03275	1133.8312	SYNPCC7942_RS13015
M744_RS03280	33.1499	SYNPCC7942_RS13010
M744_RS03285	741.2815	SYNPCC7942_RS13005
M744_RS03290	47.3285	SYNPCC7942_RS13000
M744_RS03295	11.7359	SYNPCC7942_RS12995
M744_RS03300	118.4045	SYNPCC7942_RS12990
M744_RS03305	94.6388	SYNPCC7942_RS12985
M744_RS03310	6.7842	SYNPCC7942_RS12980
M744_RS03315	185.3628	SYNPCC7942_RS12975
M744_RS03320	64.8452	SYNPCC7942_RS12970
M744_RS03325	0.0351	SYNPCC7942_RS12965
M744_RS03330	13.9835	SYNPCC7942_RS12960
M744_RS03335	131.1463	SYNPCC7942_RS12955
M744_RS03340	7.7087	SYNPCC7942_RS12950
M744_RS03345	334.2336	SYNPCC7942_RS12945
M744_RS03350	175.5621	SYNPCC7942_RS12940
M744_RS03355	98.5177	SYNPCC7942_RS12935
M744_RS03360	222.8436	SYNPCC7942_RS12930
M744_RS03365	16.4240	SYNPCC7942_RS12925
M744_RS03370	144.1574	SYNPCC7942_RS12920
M744_RS03375	35.7179	SYNPCC7942_RS12915
M744_RS03390	653.1574	SYNPCC7942_RS12900
M744_RS03395	33.8654	SYNPCC7942_RS12895
M744_RS03400	85.2025	SYNPCC7942_RS12890
M744_RS03405	596.0544	SYNPCC7942_RS12885
M744_RS03410	383.5966	SYNPCC7942_RS12880
M744_RS03415	27.5049	SYNPCC7942_RS12875
M744_RS03420	486.3319	SYNPCC7942_RS12870
M744_RS03425	311.1019	SYNPCC7942_RS12865
M744_RS03430	101.4181	SYNPCC7942_RS12860
M744_RS03435	150.2355	SYNPCC7942_RS12855
M744_RS03440	610.0283	SYNPCC7942_RS12850
M744_RS03445	496.8388	SYNPCC7942_RS12845
M744_RS03450	150.4766	SYNPCC7942_RS12840
M744_RS03455	60.3078	SYNPCC7942_RS12835
M744_RS03460	0.0155	SYNPCC7942_RS12830
M744_RS03465	1442.5215	SYNPCC7942_RS12825
M744_RS03470	715.2137	SYNPCC7942_RS12820
M744_RS03475	554.4213	SYNPCC7942_RS12815
M744_RS03485	95.2612	SYNPCC7942_RS12805
M744_RS03490	148.2456	SYNPCC7942_RS12800
M744_RS03495	73.8506	SYNPCC7942_RS12795
M744_RS03500	216.0076	SYNPCC7942_RS12790
M744_RS03505	330.6694	SYNPCC7942_RS12785
M744_RS03510	185.5534	SYNPCC7942_RS12780
M744_RS03515	40.7093	SYNPCC7942_RS12775
M744_RS03525	141.5131	SYNPCC7942_RS12765
M744_RS03530	123.6127	SYNPCC7942_RS12760
M744_RS03535	306.7229	SYNPCC7942_RS12755
M744_RS03545	480.0764	SYNPCC7942_RS12745
M744_RS03550	169.2487	SYNPCC7942_RS12740
M744_RS03555	119.4926	SYNPCC7942_RS12735
M744_RS03560	92.4772	SYNPCC7942_RS12730
M744_RS03565	194.0028	SYNPCC7942_RS12725
M744_RS03575	609.3603	SYNPCC7942_RS12715
M744_RS03580	6.5553	SYNPCC7942_RS12710
M744_RS03585	95.4332	SYNPCC7942_RS12705
M744_RS03590	711.9070	SYNPCC7942_RS12700
M744_RS03595	4.4346	SYNPCC7942_RS12695
M744_RS03600	1402.8526	SYNPCC7942_RS12690
M744_RS03605	135.3995	SYNPCC7942_RS12685
M744_RS03610	0.0366	SYNPCC7942_RS12680
M744_RS03615	699.0592	SYNPCC7942_RS12675
M744_RS03620	322.4716	SYNPCC7942_RS12670
M744_RS03625	1.4809	SYNPCC7942_RS12665
M744_RS03630	324.2512	SYNPCC7942_RS12660
M744_RS03635	6.1833	SYNPCC7942_RS12655
M744_RS03640	106.7775	SYNPCC7942_RS12650
M744_RS03650	533.0918	SYNPCC7942_RS12640
M744_RS03655	27.6432	SYNPCC7942_RS12635
M744_RS03665	205.9424	SYNPCC7942_RS12625
M744_RS03670	187.1330	SYNPCC7942_RS12620
M744_RS03675	151.4124	SYNPCC7942_RS12615
M744_RS03680	450.8597	SYNPCC7942_RS12610
M744_RS03690	52.5192	SYNPCC7942_RS12600
M744_RS03700	71.5340	SYNPCC7942_RS12590
M744_RS03705	13.2499	SYNPCC7942_RS12585
M744_RS03710	576.6082	SYNPCC7942_RS12580
M744_RS03715	268.0341	SYNPCC7942_RS12575
M744_RS03725	508.5550	SYNPCC7942_RS12565
M744_RS03730	265.0522	SYNPCC7942_RS12560
M744_RS03735	205.6592	SYNPCC7942_RS12555
M744_RS03740	224.9804	SYNPCC7942_RS12550
M744_RS03745	2027.9964	SYNPCC7942_RS12545
M744_RS03750	75.6813	SYNPCC7942_RS12540
M744_RS03755	153.5590	SYNPCC7942_RS12535
M744_RS03765	307.5891	SYNPCC7942_RS12530
M744_RS03770	170.7398	SYNPCC7942_RS12525
M744_RS03775	630.0034	SYNPCC7942_RS12520
M744_RS03780	40.8224	SYNPCC7942_RS12515
M744_RS03785	53.9546	SYNPCC7942_RS12510
M744_RS03790	160.9407	SYNPCC7942_RS12505
M744_RS03795	117.1365	SYNPCC7942_RS12500
M744_RS03805	322.3577	SYNPCC7942_RS12490
M744_RS03810	153.6097	SYNPCC7942_RS12485
M744_RS03815	245.7507	SYNPCC7942_RS12480
M744_RS03835	575.3602	SYNPCC7942_RS12465
M744_RS03850	536.7522	SYNPCC7942_RS12455
M744_RS03855	773.3683	SYNPCC7942_RS12450
M744_RS03860	1648.8615	SYNPCC7942_RS12445
M744_RS03865	539.1726	SYNPCC7942_RS12440
M744_RS03870	36.1310	SYNPCC7942_RS12435
M744_RS03875	1447.6277	SYNPCC7942_RS12430
M744_RS03880	120.2612	SYNPCC7942_RS12425
M744_RS03885	314.2749	SYNPCC7942_RS12420
M744_RS03890	1.3289	SYNPCC7942_RS12415
M744_RS03895	536.9025	SYNPCC7942_RS12410
M744_RS03900	232.8847	SYNPCC7942_RS12405
M744_RS03905	1407.2795	SYNPCC7942_RS12400
M744_RS03910	528.9257	SYNPCC7942_RS12395
M744_RS03920	249.5523	SYNPCC7942_RS12385
M744_RS03925	881.7935	SYNPCC7942_RS12380
M744_RS03930	60.0020	SYNPCC7942_RS12375
M744_RS03935	144.8466	SYNPCC7942_RS12370
M744_RS03940	468.8483	SYNPCC7942_RS12365
M744_RS03945	0.0970	SYNPCC7942_RS12360
M744_RS03950	205.9535	SYNPCC7942_RS12355
M744_RS03955	355.8060	SYNPCC7942_RS12350
M744_RS03960	73.6145	SYNPCC7942_RS12345
M744_RS03965	302.1190	SYNPCC7942_RS12340
M744_RS03970	36.6262	SYNPCC7942_RS12335
M744_RS03975	198.3092	SYNPCC7942_RS12330
M744_RS03980	107.0635	SYNPCC7942_RS12325
M744_RS03985	179.7546	SYNPCC7942_RS12320
M744_RS03990	110.2488	SYNPCC7942_RS12315
M744_RS03995	400.5179	SYNPCC7942_RS12310
M744_RS04000	250.3266	SYNPCC7942_RS12305
M744_RS04005	148.8126	SYNPCC7942_RS12300
M744_RS04010	413.2349	SYNPCC7942_RS12295
M744_RS04015	67.3811	SYNPCC7942_RS12290
M744_RS04020	58.2634	SYNPCC7942_RS12285
M744_RS04025	160.5052	SYNPCC7942_RS12280
M744_RS04030	61.7162	SYNPCC7942_RS12275
M744_RS04035	232.8790	SYNPCC7942_RS12270
M744_RS04040	93.4843	SYNPCC7942_RS12265
M744_RS04045	64.9068	SYNPCC7942_RS12260
M744_RS04050	28.3020	SYNPCC7942_RS12255
M744_RS04055	197.4558	SYNPCC7942_RS12250
M744_RS04060	5670.3046	SYNPCC7942_RS12245
M744_RS04065	580.7930	SYNPCC7942_RS12240
M744_RS04070	0.0155	SYNPCC7942_RS12235
M744_RS04075	307.8909	SYNPCC7942_RS12230
M744_RS04080	12.5122	SYNPCC7942_RS12225
M744_RS04095	116.9352	SYNPCC7942_RS12210
M744_RS04100	85.8310	SYNPCC7942_RS12205
M744_RS04105	197.7138	SYNPCC7942_RS12200
M744_RS04110	107.6123	SYNPCC7942_RS12195
M744_RS04115	578.5087	SYNPCC7942_RS12190
M744_RS04120	72.2741	SYNPCC7942_RS12185
M744_RS04125	309.2262	SYNPCC7942_RS12180
M744_RS04130	327.8309	SYNPCC7942_RS12175
M744_RS04135	39.6345	SYNPCC7942_RS12170
M744_RS04140	98.2266	SYNPCC7942_RS12165
M744_RS04145	391.2018	SYNPCC7942_RS12160
M744_RS04150	60.8895	SYNPCC7942_RS12155
M744_RS04155	13.0555	SYNPCC7942_RS12150
M744_RS04160	123.5475	SYNPCC7942_RS12145
M744_RS04165	98.5474	SYNPCC7942_RS12140
M744_RS04170	94.3614	SYNPCC7942_RS12135
M744_RS04175	106.9910	SYNPCC7942_RS12130
M744_RS04180	58.1319	SYNPCC7942_RS12125
M744_RS04185	0.0326	SYNPCC7942_RS12120
M744_RS04190	350.8547	SYNPCC7942_RS12115
M744_RS04195	307.9875	SYNPCC7942_RS12110
M744_RS04200	0.9803	SYNPCC7942_RS12105
M744_RS04205	151.4897	SYNPCC7942_RS12100
M744_RS04210	9.9219	SYNPCC7942_RS12095
M744_RS04215	0.1237	SYNPCC7942_RS12090
M744_RS04220	1044.0559	SYNPCC7942_RS12085
M744_RS04225	90.3203	SYNPCC7942_RS12080
M744_RS04230	77.3672	SYNPCC7942_RS12075
M744_RS04235	155.5755	SYNPCC7942_RS12070
M744_RS04240	319.5156	SYNPCC7942_RS12065
M744_RS04245	53.3423	SYNPCC7942_RS12060
M744_RS04250	66.5722	SYNPCC7942_RS12055
M744_RS04255	150.5062	SYNPCC7942_RS12050
M744_RS04260	43.2565	SYNPCC7942_RS12045
M744_RS04265	1071.1261	SYNPCC7942_RS12040
M744_RS04270	502.5262	SYNPCC7942_RS12035
M744_RS04280	208.1599	SYNPCC7942_RS12025
M744_RS04285	221.5479	SYNPCC7942_RS12020
M744_RS04290	410.2770	SYNPCC7942_RS12015
M744_RS04295	0.3451	SYNPCC7942_RS12010
M744_RS04300	198.8475	SYNPCC7942_RS12005
M744_RS04305	209.5929	SYNPCC7942_RS12000
M744_RS04310	173.5983	SYNPCC7942_RS11995
M744_RS04315	312.6323	SYNPCC7942_RS11990
M744_RS04320	691.9583	SYNPCC7942_RS11985
M744_RS04325	323.8456	SYNPCC7942_RS11980
M744_RS04330	726.8553	SYNPCC7942_RS11975
M744_RS04335	82.4757	SYNPCC7942_RS11970
M744_RS04340	122.3846	SYNPCC7942_RS11965
M744_RS04345	597.8725	SYNPCC7942_RS11960
M744_RS04350	128.0502	SYNPCC7942_RS11955
M744_RS04355	894.8271	SYNPCC7942_RS11950
M744_RS04360	192.4945	SYNPCC7942_RS11945
M744_RS04365	186.8333	SYNPCC7942_RS11940
M744_RS04370	367.1252	SYNPCC7942_RS11935
M744_RS04375	115.1077	SYNPCC7942_RS11930
M744_RS04380	158.9620	SYNPCC7942_RS11925
M744_RS04385	596.9911	SYNPCC7942_RS11920
M744_RS04390	367.8015	SYNPCC7942_RS11915
M744_RS04395	253.2151	SYNPCC7942_RS11910
M744_RS04400	288.2049	SYNPCC7942_RS11905
M744_RS04405	2003.8014	SYNPCC7942_RS11900
M744_RS04410	121.0492	SYNPCC7942_RS11895
M744_RS04415	319.0491	SYNPCC7942_RS11890
M744_RS04420	456.6810	SYNPCC7942_RS11885
M744_RS04425	975.1952	SYNPCC7942_RS11880
M744_RS04430	135.9512	SYNPCC7942_RS11875
M744_RS04435	277.4255	SYNPCC7942_RS11870
M744_RS04440	395.9357	SYNPCC7942_RS11865
M744_RS04445	444.3265	SYNPCC7942_RS11860
M744_RS04450	1105.8926	SYNPCC7942_RS11855
M744_RS04455	2079.7959	SYNPCC7942_RS11850
M744_RS04460	3.0036	SYNPCC7942_RS11845
M744_RS04465	64.2133	SYNPCC7942_RS11840
M744_RS04470	403.4286	SYNPCC7942_RS11835
M744_RS04475	50.1168	SYNPCC7942_RS11830
M744_RS04480	125.9101	SYNPCC7942_RS11825
M744_RS04485	7.6028	SYNPCC7942_RS11820
M744_RS04490	0.1392	SYNPCC7942_RS11815
M744_RS04495	603.6998	SYNPCC7942_RS11810
M744_RS04500	114.1452	SYNPCC7942_RS11805
M744_RS04505	143.3619	SYNPCC7942_RS11800
M744_RS04510	13.6354	SYNPCC7942_RS11795
M744_RS04520	39.4671	SYNPCC7942_RS11785
M744_RS04525	385.1582	SYNPCC7942_RS11780
M744_RS04530	596.4109	SYNPCC7942_RS11775
M744_RS04535	2640.7508	SYNPCC7942_RS11770
M744_RS04540	661.5178	SYNPCC7942_RS11765
M744_RS04545	3688.3532	SYNPCC7942_RS11760
M744_RS04550	50.6679	SYNPCC7942_RS11755
M744_RS04555	391.5748	SYNPCC7942_RS11750
M744_RS04565	141.1444	SYNPCC7942_RS11740
M744_RS04570	846.1666	SYNPCC7942_RS11735
M744_RS04575	103.3930	SYNPCC7942_RS11730
M744_RS04580	52.8047	SYNPCC7942_RS11725
M744_RS04585	33.9988	SYNPCC7942_RS11720
M744_RS04590	56.3219	SYNPCC7942_RS11715
M744_RS04600	41.8423	SYNPCC7942_RS11705
M744_RS04605	75.9724	SYNPCC7942_RS11700
M744_RS04610	43.5407	SYNPCC7942_RS11695
M744_RS04615	796.8127	SYNPCC7942_RS11690
M744_RS04620	728.6538	SYNPCC7942_RS11685
M744_RS04625	20.0018	SYNPCC7942_RS11680
M744_RS04630	1081.8152	SYNPCC7942_RS11675
M744_RS04635	54.2401	SYNPCC7942_RS11670
M744_RS04640	2.6563	SYNPCC7942_RS11665
M744_RS04645	282.9277	SYNPCC7942_RS11660
M744_RS04650	100.7980	SYNPCC7942_RS11655
M744_RS04655	1197.6271	SYNPCC7942_RS11650
M744_RS04660	173.9260	SYNPCC7942_RS11645
M744_RS04665	6.3697	SYNPCC7942_RS11640
M744_RS04670	224.9882	SYNPCC7942_RS11635
M744_RS04675	299.3152	SYNPCC7942_RS11630
M744_RS04680	129.7522	SYNPCC7942_RS11625
M744_RS04685	34.1826	SYNPCC7942_RS11620
M744_RS04690	10.7913	SYNPCC7942_RS11615
M744_RS04695	444.5826	SYNPCC7942_RS11610
M744_RS04700	91.7608	SYNPCC7942_RS11605
M744_RS04705	92.4563	SYNPCC7942_RS11600
M744_RS04710	528.5944	SYNPCC7942_RS11595
M744_RS04715	300.4459	SYNPCC7942_RS11590
M744_RS04720	189.9787	SYNPCC7942_RS11585
M744_RS04725	136.9637	SYNPCC7942_RS11580
M744_RS04730	13.8540	SYNPCC7942_RS11575
M744_RS04735	24.3682	SYNPCC7942_RS11570
M744_RS04750	459.9225	SYNPCC7942_RS11555
M744_RS04755	61.6510	SYNPCC7942_RS11550
M744_RS04760	0.0155	SYNPCC7942_RS11545
M744_RS04765	148.1683	SYNPCC7942_RS11540
M744_RS04770	98.0787	SYNPCC7942_RS11535
M744_RS04775	8.7389	SYNPCC7942_RS11530
M744_RS04780	79.5311	SYNPCC7942_RS11525
M744_RS04785	505.8086	SYNPCC7942_RS11520
M744_RS04790	109.9113	SYNPCC7942_RS11515
M744_RS04795	277.3588	SYNPCC7942_RS11510
M744_RS04800	398.8334	SYNPCC7942_RS11505
M744_RS04805	226.8315	SYNPCC7942_RS11500
M744_RS04810	0.1856	SYNPCC7942_RS11495
M744_RS04815	442.1432	SYNPCC7942_RS11490
M744_RS04820	146.2257	SYNPCC7942_RS11485
M744_RS04830	380.6985	SYNPCC7942_RS11475
M744_RS04835	155.9304	SYNPCC7942_RS11470
M744_RS04840	861.8312	SYNPCC7942_RS11465
M744_RS04845	109.1229	SYNPCC7942_RS11460
M744_RS04850	291.5837	SYNPCC7942_RS11455
M744_RS04855	603.3244	SYNPCC7942_RS11450
M744_RS04870	58.1115	SYNPCC7942_RS11435
M744_RS04875	27.3738	SYNPCC7942_RS11430
M744_RS04880	305.6227	SYNPCC7942_RS11425
M744_RS04885	555.5339	SYNPCC7942_RS11420
M744_RS04890	311.0448	SYNPCC7942_RS11415
M744_RS04895	163.7124	SYNPCC7942_RS11410
M744_RS04900	132.1509	SYNPCC7942_RS11405
M744_RS04905	303.6642	SYNPCC7942_RS11400
M744_RS04910	771.4886	SYNPCC7942_RS11395
M744_RS04920	230.6451	SYNPCC7942_RS11385
M744_RS04930	270.1213	SYNPCC7942_RS11375
M744_RS04935	89.0360	SYNPCC7942_RS11370
M744_RS04940	46.2708	SYNPCC7942_RS11365
M744_RS04945	16.1754	SYNPCC7942_RS11360
M744_RS04950	163.9896	SYNPCC7942_RS11355
M744_RS04955	456.6957	SYNPCC7942_RS11350
M744_RS04960	466.2759	SYNPCC7942_RS11345
M744_RS04970	539.2112	SYNPCC7942_RS11335
M744_RS04975	0.0701	SYNPCC7942_RS11330
M744_RS04980	886.5006	SYNPCC7942_RS11325
M744_RS04985	764.2381	SYNPCC7942_RS11320
M744_RS04990	276.8596	SYNPCC7942_RS11315
M744_RS04995	307.0442	SYNPCC7942_RS11310
M744_RS05000	598.4182	SYNPCC7942_RS11305
M744_RS05005	376.6984	SYNPCC7942_RS11300
M744_RS05010	231.4426	SYNPCC7942_RS11295
M744_RS05015	217.5474	SYNPCC7942_RS11290
M744_RS05020	9.1203	SYNPCC7942_RS11285
M744_RS05025	853.9215	SYNPCC7942_RS11280
M744_RS05030	543.8808	SYNPCC7942_RS11275
M744_RS05035	410.1535	SYNPCC7942_RS11270
M744_RS05040	0.0619	SYNPCC7942_RS11265
M744_RS05045	947.9541	SYNPCC7942_RS11260
M744_RS05050	637.8313	SYNPCC7942_RS11255
M744_RS05055	454.5299	SYNPCC7942_RS11250
M744_RS05060	0.1042	SYNPCC7942_RS11245
M744_RS05065	1140.0735	SYNPCC7942_RS11240
M744_RS05070	627.6268	SYNPCC7942_RS11235
M744_RS05075	481.5816	SYNPCC7942_RS11230
M744_RS05080	1290.2061	SYNPCC7942_RS11225
M744_RS05085	427.2176	SYNPCC7942_RS11220
M744_RS05090	1366.1200	SYNPCC7942_RS11215
M744_RS05095	0.0155	SYNPCC7942_RS11210
M744_RS05100	1393.3626	SYNPCC7942_RS11205
M744_RS05105	297.7125	SYNPCC7942_RS11200
M744_RS05110	242.6363	SYNPCC7942_RS11195
M744_RS05115	138.9497	SYNPCC7942_RS11190
M744_RS05120	186.6195	SYNPCC7942_RS11185
M744_RS05130	77.4320	SYNPCC7942_RS11175
M744_RS05135	139.6533	SYNPCC7942_RS11170
M744_RS05140	92.4964	SYNPCC7942_RS11165
M744_RS05145	92.4454	SYNPCC7942_RS11160
M744_RS05150	33.5586	SYNPCC7942_RS11155
M744_RS05155	3.7999	SYNPCC7942_RS11150
M744_RS05160	113.1584	SYNPCC7942_RS11145
M744_RS05165	116.0543	SYNPCC7942_RS11140
M744_RS05170	166.3493	SYNPCC7942_RS11135
M744_RS05175	59.3984	SYNPCC7942_RS11130
M744_RS05180	331.7066	SYNPCC7942_RS11125
M744_RS05185	293.8528	SYNPCC7942_RS11120
M744_RS05190	18.3243	SYNPCC7942_RS11115
M744_RS05195	151.6219	SYNPCC7942_RS11110
M744_RS05200	21.5463	SYNPCC7942_RS11105
M744_RS05205	128.1538	SYNPCC7942_RS11100
M744_RS05210	75.2260	SYNPCC7942_RS11095
M744_RS05215	15.1713	SYNPCC7942_RS11090
M744_RS05220	333.1504	SYNPCC7942_RS11085
M744_RS05225	553.9447	SYNPCC7942_RS11080
M744_RS05230	313.4483	SYNPCC7942_RS11075
M744_RS05235	157.6119	SYNPCC7942_RS11070
M744_RS05240	235.5231	SYNPCC7942_RS11065
M744_RS05245	50.9465	SYNPCC7942_RS11060
M744_RS05250	5851.8312	SYNPCC7942_RS11055
M744_RS05255	901.6721	SYNPCC7942_RS11050
M744_RS05260	0.0773	SYNPCC7942_RS11045
M744_RS05265	1326.3968	SYNPCC7942_RS11040
M744_RS05270	1446.4564	SYNPCC7942_RS11035
M744_RS05275	16.7284	SYNPCC7942_RS11030
M744_RS05280	279.2972	SYNPCC7942_RS11025
M744_RS05285	351.7662	SYNPCC7942_RS11020
M744_RS05290	26.9880	SYNPCC7942_RS11015
M744_RS05295	31.8099	SYNPCC7942_RS11010
M744_RS05300	1.3399	SYNPCC7942_RS11005
M744_RS05305	110.0780	SYNPCC7942_RS11000
M744_RS05310	49.5125	SYNPCC7942_RS10995
M744_RS05315	3.0616	SYNPCC7942_RS10990
M744_RS05320	68.1600	SYNPCC7942_RS10980
M744_RS05325	552.2138	SYNPCC7942_RS10975
M744_RS05330	87.6884	SYNPCC7942_RS10970
M744_RS05335	1378.3812	SYNPCC7942_RS10965
M744_RS05345	2618.2318	SYNPCC7942_RS10955
M744_RS05350	97.4458	SYNPCC7942_RS10950
M744_RS05355	44.4614	SYNPCC7942_RS10945
M744_RS05360	32.0007	SYNPCC7942_RS10940
M744_RS05365	186.5008	SYNPCC7942_RS10935
M744_RS05370	159.6419	SYNPCC7942_RS10930
M744_RS05375	66.2334	SYNPCC7942_RS10925
M744_RS05380	191.7892	SYNPCC7942_RS10920
M744_RS05385	318.9482	SYNPCC7942_RS10915
M744_RS05395	0.0155	SYNPCC7942_RS10905
M744_RS05400	91.6480	SYNPCC7942_RS10900
M744_RS05405	80.7519	SYNPCC7942_RS10895
M744_RS05410	57.8181	SYNPCC7942_RS10890
M744_RS05420	791.4324	SYNPCC7942_RS10880
M744_RS05425	0.0196	SYNPCC7942_RS10875
M744_RS05430	199.9815	SYNPCC7942_RS10870
M744_RS05435	19.1065	SYNPCC7942_RS10860
M744_RS05440	12.4127	SYNPCC7942_RS10855
M744_RS05445	68.5464	SYNPCC7942_RS10850
M744_RS05450	25.5512	SYNPCC7942_RS10845
M744_RS05455	2561.1339	SYNPCC7942_RS10840
M744_RS05460	190.4621	SYNPCC7942_RS10835
M744_RS05465	124.4480	SYNPCC7942_RS10830
M744_RS05470	188.1297	SYNPCC7942_RS10825
M744_RS05475	102.8898	SYNPCC7942_RS10820
M744_RS05480	452.5796	SYNPCC7942_RS10815
M744_RS05485	61.1556	SYNPCC7942_RS10810
M744_RS05490	404.8532	SYNPCC7942_RS10805
M744_RS05495	45.6319	SYNPCC7942_RS10800
M744_RS05500	74.5546	SYNPCC7942_RS10795
M744_RS05505	374.7189	SYNPCC7942_RS10790
M744_RS05510	105.9213	SYNPCC7942_RS10785
M744_RS05515	192.5068	SYNPCC7942_RS10780
M744_RS05520	569.4433	SYNPCC7942_RS10775
M744_RS05525	63.7227	SYNPCC7942_RS10770
M744_RS05530	196.4475	SYNPCC7942_RS10765
M744_RS05535	467.0267	SYNPCC7942_RS10760
M744_RS05540	1242.6871	SYNPCC7942_RS10755
M744_RS05545	804.7856	SYNPCC7942_RS10750
M744_RS05550	2264.6032	SYNPCC7942_RS10745
M744_RS05555	277.5339	SYNPCC7942_RS10740
M744_RS05560	498.7676	SYNPCC7942_RS10735
M744_RS05565	123.9194	SYNPCC7942_RS10730
M744_RS05570	57.1810	SYNPCC7942_RS10725
M744_RS05580	411.8893	SYNPCC7942_RS10715
M744_RS05585	1378.3909	SYNPCC7942_RS10710
M744_RS05590	51.6818	SYNPCC7942_RS10705
M744_RS05595	85.7272	SYNPCC7942_RS10700
M744_RS05600	117.1488	SYNPCC7942_RS10695
M744_RS05605	293.5369	SYNPCC7942_RS10690
M744_RS05610	46.6236	SYNPCC7942_RS10685
M744_RS05615	676.9252	SYNPCC7942_RS10680
M744_RS05620	191.3744	SYNPCC7942_RS10675
M744_RS05625	230.1384	SYNPCC7942_RS10670
M744_RS05630	177.1705	SYNPCC7942_RS10665
M744_RS05640	35.2995	SYNPCC7942_RS10655
M744_RS05645	0.6710	SYNPCC7942_RS10650
M744_RS05650	173.6921	SYNPCC7942_RS10645
M744_RS05655	40.7202	SYNPCC7942_RS10640
M744_RS05660	39.3866	SYNPCC7942_RS10635
M744_RS05665	29.2129	SYNPCC7942_RS10630
M744_RS05670	119.1211	SYNPCC7942_RS10625
M744_RS05675	39.3336	SYNPCC7942_RS10620
M744_RS05680	133.1583	SYNPCC7942_RS10615
M744_RS05685	545.0219	SYNPCC7942_RS10610
M744_RS05690	781.4956	SYNPCC7942_RS10605
M744_RS05695	1425.4874	SYNPCC7942_RS10600
M744_RS05700	571.4022	SYNPCC7942_RS10595
M744_RS05705	960.9697	SYNPCC7942_RS10590
M744_RS05710	103.1740	SYNPCC7942_RS10585
M744_RS05715	164.1254	SYNPCC7942_RS10580
M744_RS05720	152.5599	SYNPCC7942_RS10575
M744_RS05725	380.7881	SYNPCC7942_RS10570
M744_RS05730	204.4671	SYNPCC7942_RS10565
M744_RS05735	31.5482	SYNPCC7942_RS10560
M744_RS05740	648.6169	SYNPCC7942_RS10555
M744_RS05750	477.0080	SYNPCC7942_RS10545
M744_RS05755	138.0009	SYNPCC7942_RS10540
M744_RS05760	54.9182	SYNPCC7942_RS10535
M744_RS05765	62.4029	SYNPCC7942_RS10530
M744_RS05770	6.1498	SYNPCC7942_RS10525
M744_RS05775	310.8468	SYNPCC7942_RS10520
M744_RS05780	1286.0041	SYNPCC7942_RS10515
M744_RS05790	375.4606	SYNPCC7942_RS10505
M744_RS05795	810.8077	SYNPCC7942_RS10500
M744_RS05800	577.4208	SYNPCC7942_RS10495
M744_RS05805	599.3436	SYNPCC7942_RS10490
M744_RS05810	48.0974	SYNPCC7942_RS10485
M744_RS05815	246.7794	SYNPCC7942_RS10480
M744_RS05820	143.0837	SYNPCC7942_RS10475
M744_RS05825	380.9957	SYNPCC7942_RS10470
M744_RS05830	170.9140	SYNPCC7942_RS10465
M744_RS05835	151.8649	SYNPCC7942_RS10460
M744_RS05840	152.3756	SYNPCC7942_RS10455
M744_RS05845	132.7504	SYNPCC7942_RS10450
M744_RS05850	1546.1287	SYNPCC7942_RS10445
M744_RS05855	119.9526	SYNPCC7942_RS10440
M744_RS05860	135.7358	SYNPCC7942_RS10435
M744_RS05865	80.6400	SYNPCC7942_RS10430
M744_RS05870	188.9566	SYNPCC7942_RS10425
M744_RS05875	24.3095	SYNPCC7942_RS10420
M744_RS05880	350.4329	SYNPCC7942_RS10415
M744_RS05885	180.1118	SYNPCC7942_RS10410
M744_RS05890	37.0409	SYNPCC7942_RS10405
M744_RS05895	327.1454	SYNPCC7942_RS10400
M744_RS05900	15664.2339	SYNPCC7942_RS10395
M744_RS05905	12930.1367	SYNPCC7942_RS10390
M744_RS05910	378.9988	SYNPCC7942_RS10385
M744_RS05915	46.4973	SYNPCC7942_RS10380
M744_RS05920	295.6213	SYNPCC7942_RS10375
M744_RS05925	425.9073	SYNPCC7942_RS10370
M744_RS05930	108.4624	SYNPCC7942_RS10365
M744_RS05935	13.4824	SYNPCC7942_RS10360
M744_RS05940	137.2981	SYNPCC7942_RS10355
M744_RS05945	26.8623	SYNPCC7942_RS10350
M744_RS05950	42.1079	SYNPCC7942_RS10345
M744_RS05955	20.7642	SYNPCC7942_RS10340
M744_RS05960	0.1237	SYNPCC7942_RS10335
M744_RS05965	259.3036	SYNPCC7942_RS10330
M744_RS05970	51.8285	SYNPCC7942_RS10325
M744_RS05975	166.0765	SYNPCC7942_RS10320
M744_RS05980	89.9291	SYNPCC7942_RS10315
M744_RS05985	79.0925	SYNPCC7942_RS10310
M744_RS05990	162.9453	SYNPCC7942_RS10305
M744_RS05995	4404.6990	SYNPCC7942_RS10300
M744_RS06000	383.4927	SYNPCC7942_RS10295
M744_RS06005	120.3047	SYNPCC7942_RS10290
M744_RS06010	141.1460	SYNPCC7942_RS10285
M744_RS06015	831.4967	SYNPCC7942_RS10280
M744_RS06020	63.8806	SYNPCC7942_RS10275
M744_RS06025	99.2264	SYNPCC7942_RS10270
M744_RS06030	119.3684	SYNPCC7942_RS10265
M744_RS06035	0.1335	SYNPCC7942_RS10260
M744_RS06040	312.9756	SYNPCC7942_RS10255
M744_RS06045	4534.0784	SYNPCC7942_RS10250
M744_RS06050	276.6804	SYNPCC7942_RS10245
M744_RS06055	83.5902	SYNPCC7942_RS10240
M744_RS06065	145.4040	SYNPCC7942_RS10230
M744_RS06070	429.5347	SYNPCC7942_RS10225
M744_RS06075	1692.5199	SYNPCC7942_RS10220
M744_RS06080	0.0155	SYNPCC7942_RS10215
M744_RS06085	178.3107	SYNPCC7942_RS10210
M744_RS06090	631.9611	SYNPCC7942_RS10205
M744_RS06095	200.2035	SYNPCC7942_RS10200
M744_RS06100	1362.2121	SYNPCC7942_RS10195
M744_RS06105	238.6909	SYNPCC7942_RS10190
M744_RS06110	117.0603	SYNPCC7942_RS10185
M744_RS06115	1.3634	SYNPCC7942_RS10180
M744_RS06120	303.8052	SYNPCC7942_RS10175
M744_RS06125	122.4261	SYNPCC7942_RS10170
M744_RS06130	51.0529	SYNPCC7942_RS10165
M744_RS06135	75.9914	SYNPCC7942_RS10160
M744_RS06140	31.3505	SYNPCC7942_RS10155
M744_RS06145	237.6810	SYNPCC7942_RS10145
M744_RS06150	440.8402	SYNPCC7942_RS10140
M744_RS06155	1538.5265	SYNPCC7942_RS10135
M744_RS06160	26.6816	SYNPCC7942_RS10130
M744_RS06165	53.0204	SYNPCC7942_RS10125
M744_RS06170	183.9476	SYNPCC7942_RS10120
M744_RS06175	167.5724	SYNPCC7942_RS10115
M744_RS06180	65.8562	SYNPCC7942_RS10110
M744_RS06185	28.8806	SYNPCC7942_RS10105
M744_RS06190	72.6749	SYNPCC7942_RS10100
M744_RS06195	123.0317	SYNPCC7942_RS10095
M744_RS06200	30.0669	SYNPCC7942_RS10090
M744_RS06205	53.4149	SYNPCC7942_RS10085
M744_RS06210	149.1301	SYNPCC7942_RS10080
M744_RS06215	323.6072	SYNPCC7942_RS10075
M744_RS06220	132.0215	SYNPCC7942_RS10070
M744_RS06225	1087.1498	SYNPCC7942_RS10065
M744_RS06230	334.9657	SYNPCC7942_RS10060
M744_RS06235	350.2168	SYNPCC7942_RS10055
M744_RS06240	0.3860	SYNPCC7942_RS10050
M744_RS06245	109.9620	SYNPCC7942_RS10045
M744_RS06250	426.9629	SYNPCC7942_RS10040
M744_RS06255	46.6812	SYNPCC7942_RS10035
M744_RS06260	92.6915	SYNPCC7942_RS10030
M744_RS06265	1325.6297	SYNPCC7942_RS10025
M744_RS06270	1971.6264	SYNPCC7942_RS10020
M744_RS06275	463.5796	SYNPCC7942_RS10015
M744_RS06280	136.8081	SYNPCC7942_RS10010
M744_RS06285	342.1143	SYNPCC7942_RS10005
M744_RS06290	251.2039	SYNPCC7942_RS10000
M744_RS06300	472.4926	SYNPCC7942_RS09990
M744_RS06305	132.6867	SYNPCC7942_RS09985
M744_RS06310	105.1584	SYNPCC7942_RS09980
M744_RS06315	30.8451	SYNPCC7942_RS09975
M744_RS06320	384.9392	SYNPCC7942_RS09970
M744_RS06325	24.4056	SYNPCC7942_RS09965
M744_RS06330	427.8783	SYNPCC7942_RS09960
M744_RS06335	77.2950	SYNPCC7942_RS09955
M744_RS06340	42.3538	SYNPCC7942_RS09950
M744_RS06345	76.8885	SYNPCC7942_RS09945
M744_RS06350	256.1482	SYNPCC7942_RS09940
M744_RS06355	76.7783	SYNPCC7942_RS09935
M744_RS06360	84.0858	SYNPCC7942_RS09930
M744_RS06365	512.4896	SYNPCC7942_RS09925
M744_RS06375	43.0893	SYNPCC7942_RS09915
M744_RS06380	69.9371	SYNPCC7942_RS09910
M744_RS06390	123.4294	SYNPCC7942_RS09900
M744_RS06395	81.4269	SYNPCC7942_RS09895
M744_RS06400	128.0120	SYNPCC7942_RS09890
M744_RS06405	117.8817	SYNPCC7942_RS09885
M744_RS06410	432.9653	SYNPCC7942_RS09880
M744_RS06415	27.1287	SYNPCC7942_RS09875
M744_RS06420	165.4918	SYNPCC7942_RS09870
M744_RS06425	687.7879	SYNPCC7942_RS09865
M744_RS06430	398.3138	SYNPCC7942_RS09860
M744_RS06435	139.6129	SYNPCC7942_RS09855
M744_RS06440	41.6000	SYNPCC7942_RS09850
M744_RS06445	4.2079	SYNPCC7942_RS09845
M744_RS06450	52.3098	SYNPCC7942_RS09840
M744_RS06455	18.8297	SYNPCC7942_RS09835
M744_RS06460	218.7331	SYNPCC7942_RS09830
M744_RS06465	85.3626	SYNPCC7942_RS09825
M744_RS06470	128.4658	SYNPCC7942_RS09820
M744_RS06475	0.0309	SYNPCC7942_RS09815
M744_RS06480	1277.8704	SYNPCC7942_RS09810
M744_RS06485	167.1242	SYNPCC7942_RS09805
M744_RS06490	142.7480	SYNPCC7942_RS09800
M744_RS06495	251.7716	SYNPCC7942_RS09795
M744_RS06500	453.6955	SYNPCC7942_RS09790
M744_RS06505	208.5065	SYNPCC7942_RS09785
M744_RS06510	119.4367	SYNPCC7942_RS09780
M744_RS06515	18.5084	SYNPCC7942_RS09775
M744_RS06520	0.0309	SYNPCC7942_RS09770
M744_RS06525	186.0179	SYNPCC7942_RS09765
M744_RS06530	2195.7076	SYNPCC7942_RS09760
M744_RS06535	1034.9353	SYNPCC7942_RS09755
M744_RS06540	417.4892	SYNPCC7942_RS09750
M744_RS06545	812.0984	SYNPCC7942_RS09745
M744_RS06550	212.2026	SYNPCC7942_RS09740
M744_RS06555	407.5589	SYNPCC7942_RS09735
M744_RS06560	189.5310	SYNPCC7942_RS09730
M744_RS06565	249.8262	SYNPCC7942_RS09725
M744_RS06575	340.8202	SYNPCC7942_RS09715
M744_RS06580	207.3329	SYNPCC7942_RS09710
M744_RS06585	288.7846	SYNPCC7942_RS09705
M744_RS06590	148.0879	SYNPCC7942_RS09700
M744_RS06595	156.2992	SYNPCC7942_RS09690
M744_RS06600	956.0385	SYNPCC7942_RS09685
M744_RS06605	102.1702	SYNPCC7942_RS09680
M744_RS06610	319.6359	SYNPCC7942_RS09675
M744_RS06615	1521.9754	SYNPCC7942_RS09670
M744_RS06620	247.0615	SYNPCC7942_RS09665
M744_RS06625	748.1622	SYNPCC7942_RS09660
M744_RS06630	628.4197	SYNPCC7942_RS09655
M744_RS06635	238.0557	SYNPCC7942_RS09650
M744_RS06640	113.4979	SYNPCC7942_RS09645
M744_RS06645	68.6005	SYNPCC7942_RS09640
M744_RS06650	86.3089	SYNPCC7942_RS09635
M744_RS06655	34.6014	SYNPCC7942_RS09630
M744_RS06660	715.2124	SYNPCC7942_RS09625
M744_RS06665	83.8317	SYNPCC7942_RS09620
M744_RS06670	171.6687	SYNPCC7942_RS09615
M744_RS06675	270.1609	SYNPCC7942_RS09610
M744_RS06680	0.0561	SYNPCC7942_RS09605
M744_RS06685	66.8802	SYNPCC7942_RS09600
M744_RS06690	0.1376	SYNPCC7942_RS09595
M744_RS06695	512.5990	SYNPCC7942_RS09590
M744_RS06700	104.1205	SYNPCC7942_RS09585
M744_RS06705	364.0919	SYNPCC7942_RS09580
M744_RS06710	60.8725	SYNPCC7942_RS09575
M744_RS06715	30.1692	SYNPCC7942_RS09570
M744_RS06720	135.0879	SYNPCC7942_RS09565
M744_RS06725	37.7151	SYNPCC7942_RS09560
M744_RS06730	155.4042	SYNPCC7942_RS09555
M744_RS06735	210.8187	SYNPCC7942_RS09550
M744_RS06740	999.2504	SYNPCC7942_RS09545
M744_RS06745	278.3449	SYNPCC7942_RS09540
M744_RS06750	21.4267	SYNPCC7942_RS09535
M744_RS06755	49.6604	SYNPCC7942_RS09530
M744_RS06760	181.7681	SYNPCC7942_RS09525
M744_RS06765	374.7471	SYNPCC7942_RS09520
M744_RS06770	232.2427	SYNPCC7942_RS09515
M744_RS06775	499.8235	SYNPCC7942_RS09510
M744_RS06780	61.7171	SYNPCC7942_RS09505
M744_RS06785	7.9303	SYNPCC7942_RS09500
M744_RS06790	99.6245	SYNPCC7942_RS09495
M744_RS06795	54.3298	SYNPCC7942_RS13800
M744_RS06800	3.2276	SYNPCC7942_RS09490
M744_RS06805	4745.6804	SYNPCC7942_RS09485
M744_RS06810	137.4110	SYNPCC7942_RS09480
M744_RS06815	25.1179	SYNPCC7942_RS09475
M744_RS06820	18.3952	SYNPCC7942_RS09470
M744_RS06825	232.2615	SYNPCC7942_RS09465
M744_RS06830	32.5225	SYNPCC7942_RS09460
M744_RS06835	182.5691	SYNPCC7942_RS09455
M744_RS06840	601.7704	SYNPCC7942_RS09450
M744_RS06845	1088.9600	SYNPCC7942_RS09445
M744_RS06850	163.3338	SYNPCC7942_RS09440
M744_RS06855	22.0039	SYNPCC7942_RS09435
M744_RS06860	426.3894	SYNPCC7942_RS09430
M744_RS06865	1558.5156	SYNPCC7942_RS09425
M744_RS06870	95.3245	SYNPCC7942_RS09420
M744_RS06875	34.2852	SYNPCC7942_RS09415
M744_RS06880	42.2084	SYNPCC7942_RS09410
M744_RS06885	0.9866	SYNPCC7942_RS09405
M744_RS06890	128.7658	SYNPCC7942_RS09400
M744_RS06895	165.5719	SYNPCC7942_RS09395
M744_RS06900	207.2916	SYNPCC7942_RS09390
M744_RS06905	60.8212	SYNPCC7942_RS09385
M744_RS06910	818.0072	SYNPCC7942_RS09380
M744_RS06920	854.8217	SYNPCC7942_RS09375
M744_RS06925	524.0566	SYNPCC7942_RS09370
M744_RS06930	1386.7350	SYNPCC7942_RS09365
M744_RS06935	73.5207	SYNPCC7942_RS09360
M744_RS06940	1.1354	SYNPCC7942_RS09355
M744_RS06945	210.5169	SYNPCC7942_RS09350
M744_RS06950	129.0942	SYNPCC7942_RS09345
M744_RS06955	138.0226	SYNPCC7942_RS09340
M744_RS06960	86.4599	SYNPCC7942_RS09335
M744_RS06965	84.5310	SYNPCC7942_RS09330
M744_RS06970	552.0563	SYNPCC7942_RS09325
M744_RS06975	152.4961	SYNPCC7942_RS09320
M744_RS06980	200.6608	SYNPCC7942_RS09315
M744_RS06985	179.3695	SYNPCC7942_RS09310
M744_RS06990	0.0155	SYNPCC7942_RS09305
M744_RS06995	196.3746	SYNPCC7942_RS09300
M744_RS07000	239.6380	SYNPCC7942_RS09295
M744_RS07005	1582.6316	SYNPCC7942_RS09290
M744_RS07010	490.3426	SYNPCC7942_RS09285
M744_RS07015	401.9049	SYNPCC7942_RS09280
M744_RS07020	145.3555	SYNPCC7942_RS09275
M744_RS07025	315.2022	SYNPCC7942_RS09270
M744_RS07030	55.6494	SYNPCC7942_RS09265
M744_RS07035	155.1185	SYNPCC7942_RS09260
M744_RS07040	177.4439	SYNPCC7942_RS09255
M744_RS07045	144.6338	SYNPCC7942_RS09250
M744_RS07050	95.8377	SYNPCC7942_RS09245
M744_RS07055	2300.2407	SYNPCC7942_RS09240
M744_RS07060	68.0250	SYNPCC7942_RS09235
M744_RS07065	23.6733	SYNPCC7942_RS09230
M744_RS07070	94.0725	SYNPCC7942_RS09225
M744_RS07075	0.1294	SYNPCC7942_RS09220
M744_RS07080	438.5203	SYNPCC7942_RS09215
M744_RS07085	121.5442	SYNPCC7942_RS09210
M744_RS07090	285.1893	SYNPCC7942_RS09205
M744_RS07095	302.7616	SYNPCC7942_RS09200
M744_RS07100	484.5412	SYNPCC7942_RS09195
M744_RS07105	1088.6803	SYNPCC7942_RS09190
M744_RS07110	7.3109	SYNPCC7942_RS09185
M744_RS07115	87.4314	SYNPCC7942_RS09180
M744_RS07120	73.8825	SYNPCC7942_RS09175
M744_RS07125	16.6742	SYNPCC7942_RS09170
M744_RS07130	97.7570	SYNPCC7942_RS09165
M744_RS07135	452.8200	SYNPCC7942_RS09160
M744_RS07140	175.2630	SYNPCC7942_RS09155
M744_RS07145	125.4812	SYNPCC7942_RS09150
M744_RS07150	3222.9606	SYNPCC7942_RS09145
M744_RS07155	445.1059	SYNPCC7942_RS09140
M744_RS07160	20.5008	SYNPCC7942_RS09135
M744_RS07165	330.6001	SYNPCC7942_RS09130
M744_RS07170	85.2615	SYNPCC7942_RS09125
M744_RS07175	109.9907	SYNPCC7942_RS09120
M744_RS07180	191.0654	SYNPCC7942_RS09115
M744_RS07185	139.2286	SYNPCC7942_RS09110
M744_RS07190	663.4203	SYNPCC7942_RS09105
M744_RS07195	495.9147	SYNPCC7942_RS09100
M744_RS07200	48.3942	SYNPCC7942_RS09095
M744_RS07205	242.0967	SYNPCC7942_RS09090
M744_RS07210	1724.9771	SYNPCC7942_RS09085
M744_RS07215	0.2061	SYNPCC7942_RS09080
M744_RS07220	0.0155	SYNPCC7942_RS09075
M744_RS07225	0.4063	SYNPCC7942_RS09070
M744_RS07235	238.8475	SYNPCC7942_RS09060
M744_RS07240	1317.3183	SYNPCC7942_RS09055
M744_RS07245	128.2473	SYNPCC7942_RS09050
M744_RS07250	181.5002	SYNPCC7942_RS09045
M744_RS07255	82.3490	SYNPCC7942_RS09040
M744_RS07260	303.9545	SYNPCC7942_RS09035
M744_RS07265	86.0573	SYNPCC7942_RS09030
M744_RS07270	49.4343	SYNPCC7942_RS09025
M744_RS07275	94.4086	SYNPCC7942_RS09020
M744_RS07280	593.9373	SYNPCC7942_RS09015
M744_RS07285	287.4626	SYNPCC7942_RS09010
M744_RS07290	306.6340	SYNPCC7942_RS09005
M744_RS07295	600.3161	SYNPCC7942_RS09000
M744_RS07300	2.8442	SYNPCC7942_RS08995
M744_RS07305	3.2644	SYNPCC7942_RS08990
M744_RS07310	172.1269	SYNPCC7942_RS08985
M744_RS07315	419.8642	SYNPCC7942_RS08980
M744_RS07320	119.4169	SYNPCC7942_RS08975
M744_RS07325	121.9955	SYNPCC7942_RS08970
M744_RS07330	60.3356	SYNPCC7942_RS08965
M744_RS07335	0.0155	SYNPCC7942_RS08960
M744_RS07340	1026.2097	SYNPCC7942_RS08955
M744_RS07345	573.9931	SYNPCC7942_RS08950
M744_RS07350	245.5050	SYNPCC7942_RS08945
M744_RS07360	404.4518	SYNPCC7942_RS08935
M744_RS07365	102.5894	SYNPCC7942_RS08930
M744_RS07370	124.7541	SYNPCC7942_RS08925
M744_RS07375	107.9348	SYNPCC7942_RS08920
M744_RS07380	280.9794	SYNPCC7942_RS08915
M744_RS07385	309.2560	SYNPCC7942_RS08910
M744_RS07390	0.0155	SYNPCC7942_RS08905
M744_RS07395	1217.3627	SYNPCC7942_RS08900
M744_RS07400	233.4597	SYNPCC7942_RS08895
M744_RS07405	250.8497	SYNPCC7942_RS08890
M744_RS07410	2992.0269	SYNPCC7942_RS08885
M744_RS07415	109.3287	SYNPCC7942_RS08880
M744_RS07420	64.6548	SYNPCC7942_RS08875
M744_RS07425	1626.5995	SYNPCC7942_RS08870
M744_RS07430	2294.8403	SYNPCC7942_RS08865
M744_RS07435	521.2863	SYNPCC7942_RS08860
M744_RS07440	150.4681	SYNPCC7942_RS08855
M744_RS07445	44.2302	SYNPCC7942_RS08850
M744_RS07450	457.4731	SYNPCC7942_RS08845
M744_RS07455	0.0619	SYNPCC7942_RS08840
M744_RS07460	858.1283	SYNPCC7942_RS08835
M744_RS07465	795.9780	SYNPCC7942_RS08830
M744_RS07470	313.7690	SYNPCC7942_RS08825
M744_RS07475	63.1859	SYNPCC7942_RS08820
M744_RS07480	132.0738	SYNPCC7942_RS08815
M744_RS07485	111.2385	SYNPCC7942_RS08810
M744_RS07490	88.5319	SYNPCC7942_RS08805
M744_RS07495	53.3476	SYNPCC7942_RS08800
M744_RS07500	32.5169	SYNPCC7942_RS08795
M744_RS07505	95.2737	SYNPCC7942_RS08790
M744_RS07510	53.5662	SYNPCC7942_RS08785
M744_RS07515	93.2865	SYNPCC7942_RS08780
M744_RS07520	14.0256	SYNPCC7942_RS08775
M744_RS07525	138.7999	SYNPCC7942_RS08770
M744_RS07530	261.0916	SYNPCC7942_RS08765
M744_RS07540	124.8377	SYNPCC7942_RS08760
M744_RS07545	56.5881	SYNPCC7942_RS08755
M744_RS07550	206.3675	SYNPCC7942_RS08750
M744_RS07555	483.0198	SYNPCC7942_RS08745
M744_RS07560	224.5246	SYNPCC7942_RS08740
M744_RS07565	178.8888	SYNPCC7942_RS08735
M744_RS07570	576.6402	SYNPCC7942_RS08730
M744_RS07575	71.6835	SYNPCC7942_RS08725
M744_RS07580	1.3956	SYNPCC7942_RS08720
M744_RS07585	389.4600	SYNPCC7942_RS08715
M744_RS07590	50.4997	SYNPCC7942_RS08710
M744_RS07595	3.7379	SYNPCC7942_RS08705
M744_RS07600	574.5669	SYNPCC7942_RS08700
M744_RS07605	171.3888	SYNPCC7942_RS08695
M744_RS07610	107.4922	SYNPCC7942_RS08690
M744_RS07615	77.6892	SYNPCC7942_RS08685
M744_RS07620	359.9230	SYNPCC7942_RS08680
M744_RS07625	145.3432	SYNPCC7942_RS08675
M744_RS07630	463.8134	SYNPCC7942_RS08670
M744_RS07635	69.6069	SYNPCC7942_RS08660
M744_RS07640	46.0691	SYNPCC7942_RS08655
M744_RS07645	183.5175	SYNPCC7942_RS08650
M744_RS07650	44.3343	SYNPCC7942_RS08645
M744_RS07655	7.3566	SYNPCC7942_RS08640
M744_RS07660	134.9297	SYNPCC7942_RS08635
M744_RS07665	77.8899	SYNPCC7942_RS08630
M744_RS07670	226.3514	SYNPCC7942_RS08625
M744_RS07675	29.7780	SYNPCC7942_RS08620
M744_RS07680	38.8588	SYNPCC7942_RS08615
M744_RS07685	184.7127	SYNPCC7942_RS08610
M744_RS07690	876.9793	SYNPCC7942_RS08605
M744_RS07695	2.1694	SYNPCC7942_RS08600
M744_RS07700	41.2786	SYNPCC7942_RS08595
M744_RS07705	131.0798	SYNPCC7942_RS08590
M744_RS07710	328.0444	SYNPCC7942_RS08585
M744_RS07715	486.1404	SYNPCC7942_RS08580
M744_RS07720	83.6921	SYNPCC7942_RS08575
M744_RS07725	355.2349	SYNPCC7942_RS08570
M744_RS07730	647.2310	SYNPCC7942_RS08565
M744_RS07735	577.5368	SYNPCC7942_RS08560
M744_RS07740	287.4905	SYNPCC7942_RS08555
M744_RS07745	237.0534	SYNPCC7942_RS08550
M744_RS07750	339.7129	SYNPCC7942_RS08545
M744_RS07755	269.2529	SYNPCC7942_RS08540
M744_RS07760	133.8218	SYNPCC7942_RS08535
M744_RS07765	296.0348	SYNPCC7942_RS08530
M744_RS07770	22.9136	SYNPCC7942_RS08525
M744_RS07775	582.5169	SYNPCC7942_RS08520
M744_RS07780	54.3023	SYNPCC7942_RS08515
M744_RS07785	82.8143	SYNPCC7942_RS08510
M744_RS07790	104.2207	SYNPCC7942_RS08505
M744_RS07795	118.2527	SYNPCC7942_RS08500
M744_RS07800	151.0168	SYNPCC7942_RS08495
M744_RS07805	166.3152	SYNPCC7942_RS08490
M744_RS07810	47.6896	SYNPCC7942_RS08485
M744_RS07820	164.1373	SYNPCC7942_RS08475
M744_RS07825	20.4060	SYNPCC7942_RS08470
M744_RS07830	40.1372	SYNPCC7942_RS08465
M744_RS07835	135.2145	SYNPCC7942_RS08460
M744_RS07840	74.6225	SYNPCC7942_RS08455
M744_RS07845	21.2120	SYNPCC7942_RS08450
M744_RS07850	475.2054	SYNPCC7942_RS08445
M744_RS07855	14.5146	SYNPCC7942_RS08440
M744_RS07860	15.1465	SYNPCC7942_RS08435
M744_RS07865	91.8609	SYNPCC7942_RS08430
M744_RS07870	2.8052	SYNPCC7942_RS08425
M744_RS07875	348.4351	SYNPCC7942_RS08420
M744_RS07880	375.0327	SYNPCC7942_RS08415
M744_RS07885	139.1424	SYNPCC7942_RS08410
M744_RS07890	159.0737	SYNPCC7942_RS08405
M744_RS07895	152.0330	SYNPCC7942_RS08400
M744_RS07905	153.0619	SYNPCC7942_RS08390
M744_RS07910	104.5983	SYNPCC7942_RS08385
M744_RS07915	211.2895	SYNPCC7942_RS08380
M744_RS07920	174.2669	SYNPCC7942_RS08375
M744_RS07925	250.1394	SYNPCC7942_RS08370
M744_RS07930	89.9857	SYNPCC7942_RS08365
M744_RS07935	70.6543	SYNPCC7942_RS08360
M744_RS07940	232.7230	SYNPCC7942_RS08355
M744_RS07950	290.8124	SYNPCC7942_RS08345
M744_RS07960	5943.8887	SYNPCC7942_RS07490
M744_RS07965	144.9114	SYNPCC7942_RS07495
M744_RS07970	477.5578	SYNPCC7942_RS07500
M744_RS07975	148.8468	SYNPCC7942_RS07505
M744_RS07980	111.6561	SYNPCC7942_RS07510
M744_RS07985	43.4881	SYNPCC7942_RS07515
M744_RS07990	43.7971	SYNPCC7942_RS07520
M744_RS07995	142.0154	SYNPCC7942_RS07525
M744_RS08000	193.8098	SYNPCC7942_RS07530
M744_RS08005	25.9354	SYNPCC7942_RS07535
M744_RS08010	2426.0469	SYNPCC7942_RS07540
M744_RS08015	217.5374	SYNPCC7942_RS07545
M744_RS08020	243.0262	SYNPCC7942_RS07550
M744_RS08025	145.7519	SYNPCC7942_RS07555
M744_RS08030	146.4941	SYNPCC7942_RS07560
M744_RS08035	385.5492	SYNPCC7942_RS07565
M744_RS08040	9.1556	SYNPCC7942_RS07570
M744_RS08045	260.8797	SYNPCC7942_RS07575
M744_RS08050	367.2516	SYNPCC7942_RS07580
M744_RS08055	0.2866	SYNPCC7942_RS07585
M744_RS08060	89.5549	SYNPCC7942_RS07590
M744_RS08065	3.8080	SYNPCC7942_RS07595
M744_RS08070	708.9783	SYNPCC7942_RS07600
M744_RS08075	267.1131	SYNPCC7942_RS07605
M744_RS08080	83.0338	SYNPCC7942_RS07610
M744_RS08085	338.0689	SYNPCC7942_RS07615
M744_RS08090	168.3000	SYNPCC7942_RS07620
M744_RS08095	70.1865	SYNPCC7942_RS07625
M744_RS08100	73.1877	SYNPCC7942_RS07630
M744_RS08105	66.4074	SYNPCC7942_RS07635
M744_RS08110	201.5206	SYNPCC7942_RS07640
M744_RS08115	303.3153	SYNPCC7942_RS07645
M744_RS08120	65.5473	SYNPCC7942_RS07650
M744_RS08125	43.9326	SYNPCC7942_RS07655
M744_RS08130	1101.0220	SYNPCC7942_RS07660
M744_RS08135	663.1976	SYNPCC7942_RS07665
M744_RS08140	10.5840	SYNPCC7942_RS07670
M744_RS08145	127.1879	SYNPCC7942_RS07675
M744_RS08150	105.3955	SYNPCC7942_RS07680
M744_RS08155	64.7836	SYNPCC7942_RS07685
M744_RS08160	412.1060	SYNPCC7942_RS07690
M744_RS08165	262.6815	SYNPCC7942_RS07695
M744_RS08175	163.7177	SYNPCC7942_RS07705
M744_RS08180	157.8491	SYNPCC7942_RS07710
M744_RS08185	584.9204	SYNPCC7942_RS07715
M744_RS08190	20.7919	SYNPCC7942_RS07720
M744_RS08195	249.0156	SYNPCC7942_RS07725
M744_RS08200	232.9529	SYNPCC7942_RS07730
M744_RS08205	304.1051	SYNPCC7942_RS07735
M744_RS08210	214.9466	SYNPCC7942_RS07740
M744_RS08215	531.3943	SYNPCC7942_RS07745
M744_RS08220	339.2125	SYNPCC7942_RS07750
M744_RS08225	0.1042	SYNPCC7942_RS07755
M744_RS08230	136.3986	SYNPCC7942_RS07760
M744_RS08235	608.4954	SYNPCC7942_RS07765
M744_RS08240	467.6909	SYNPCC7942_RS07770
M744_RS08245	506.6988	SYNPCC7942_RS07775
M744_RS08265	1691.6430	SYNPCC7942_RS07795
M744_RS08270	64.8385	SYNPCC7942_RS07800
M744_RS08275	488.0739	SYNPCC7942_RS07805
M744_RS08280	70.3123	SYNPCC7942_RS07810
M744_RS08285	76.6756	SYNPCC7942_RS07815
M744_RS08290	8.0421	SYNPCC7942_RS07820
M744_RS08295	42.6001	SYNPCC7942_RS07825
M744_RS08300	20.7440	SYNPCC7942_RS07830
M744_RS08305	106.0125	SYNPCC7942_RS07835
M744_RS08310	88.5165	SYNPCC7942_RS07840
M744_RS08315	213.3583	SYNPCC7942_RS07845
M744_RS08320	0.0464	SYNPCC7942_RS07850
M744_RS08325	17.0945	SYNPCC7942_RS07860
M744_RS08330	317.1238	SYNPCC7942_RS07865
M744_RS08335	5403.1559	SYNPCC7942_RS07870
M744_RS08340	37.1514	SYNPCC7942_RS07875
M744_RS08345	115.3805	SYNPCC7942_RS07880
M744_RS08350	0.1587	SYNPCC7942_RS07885
M744_RS08355	5.9280	SYNPCC7942_RS07890
M744_RS08360	299.1825	SYNPCC7942_RS07895
M744_RS08365	32.7584	SYNPCC7942_RS07900
M744_RS08370	127.8263	SYNPCC7942_RS07905
M744_RS08375	0.0912	SYNPCC7942_RS07910
M744_RS08380	795.7124	SYNPCC7942_RS07915
M744_RS08385	2.9725	SYNPCC7942_RS07920
M744_RS08390	403.4206	SYNPCC7942_RS07925
M744_RS08395	732.7306	SYNPCC7942_RS07930
M744_RS08400	491.4376	SYNPCC7942_RS07935
M744_RS08405	2003.7685	SYNPCC7942_RS07940
M744_RS08410	104.3399	SYNPCC7942_RS07945
M744_RS08415	146.8565	SYNPCC7942_RS07950
M744_RS08420	104.4455	SYNPCC7942_RS07955
M744_RS08430	139.9919	SYNPCC7942_RS07965
M744_RS08435	19.7291	SYNPCC7942_RS07970
M744_RS08440	3.1612	SYNPCC7942_RS07975
M744_RS08450	7.2849	SYNPCC7942_RS07980
M744_RS08455	11.6049	SYNPCC7942_RS07985
M744_RS08465	55.0348	SYNPCC7942_RS07995
M744_RS08470	231.3330	SYNPCC7942_RS08000
M744_RS08475	54.4063	SYNPCC7942_RS08005
M744_RS08480	0.3699	SYNPCC7942_RS08010
M744_RS08485	45.2245	SYNPCC7942_RS08015
M744_RS08490	131.8555	SYNPCC7942_RS08020
M744_RS08495	119.9301	SYNPCC7942_RS08025
M744_RS08500	252.1128	SYNPCC7942_RS08030
M744_RS08505	128.5859	SYNPCC7942_RS08035
M744_RS08510	195.8353	SYNPCC7942_RS08040
M744_RS08515	92.6179	SYNPCC7942_RS08045
M744_RS08520	78.0967	SYNPCC7942_RS08050
M744_RS08525	273.3111	SYNPCC7942_RS08055
M744_RS08530	227.0607	SYNPCC7942_RS08060
M744_RS08535	45.4899	SYNPCC7942_RS08065
M744_RS08540	45.0501	SYNPCC7942_RS08070
M744_RS08545	112.5771	SYNPCC7942_RS08075
M744_RS08550	158.5546	SYNPCC7942_RS08080
M744_RS08555	6.8131	SYNPCC7942_RS08085
M744_RS08560	173.7697	SYNPCC7942_RS08090
M744_RS08565	102.2002	SYNPCC7942_RS08095
M744_RS08570	404.2992	SYNPCC7942_RS08100
M744_RS08575	476.9073	SYNPCC7942_RS08105
M744_RS08580	394.3533	SYNPCC7942_RS08110
M744_RS08585	215.5117	SYNPCC7942_RS08115
M744_RS08590	271.9577	SYNPCC7942_RS08120
M744_RS08595	443.8854	SYNPCC7942_RS08125
M744_RS08600	43.5344	SYNPCC7942_RS08130
M744_RS08605	767.4628	SYNPCC7942_RS08135
M744_RS08610	746.5337	SYNPCC7942_RS08140
M744_RS08615	412.5485	SYNPCC7942_RS08145
M744_RS08620	270.5631	SYNPCC7942_RS08150
M744_RS08625	388.5110	SYNPCC7942_RS08155
M744_RS08630	765.0051	SYNPCC7942_RS08160
M744_RS08635	0.1025	SYNPCC7942_RS08165
M744_RS08640	103.4628	SYNPCC7942_RS08170
M744_RS08645	43.4608	SYNPCC7942_RS08175
M744_RS08650	538.2246	SYNPCC7942_RS08180
M744_RS08655	292.4684	SYNPCC7942_RS08185
M744_RS08660	43.3810	SYNPCC7942_RS08190
M744_RS08665	792.7965	SYNPCC7942_RS08195
M744_RS08670	3944.1162	SYNPCC7942_RS08200
M744_RS08675	430.6660	SYNPCC7942_RS08205
M744_RS08680	876.0745	SYNPCC7942_RS08210
M744_RS08685	488.7885	SYNPCC7942_RS08215
M744_RS08690	305.4899	SYNPCC7942_RS08220
M744_RS08695	220.0729	SYNPCC7942_RS08225
M744_RS08700	2357.1733	SYNPCC7942_RS08230
M744_RS08705	624.9548	SYNPCC7942_RS08235
M744_RS08710	895.4312	SYNPCC7942_RS08240
M744_RS08715	174.6497	SYNPCC7942_RS08245
M744_RS08720	1898.2113	SYNPCC7942_RS08250
M744_RS08725	0.0155	SYNPCC7942_RS08255
M744_RS08730	504.4978	SYNPCC7942_RS08260
M744_RS08735	0.0619	SYNPCC7942_RS08265
M744_RS08740	766.1684	SYNPCC7942_RS08270
M744_RS08745	550.5604	SYNPCC7942_RS08275
M744_RS08750	53.2644	SYNPCC7942_RS08280
M744_RS08755	72.0360	SYNPCC7942_RS08285
M744_RS08760	110.1495	SYNPCC7942_RS08290
M744_RS08765	300.4996	SYNPCC7942_RS08295
M744_RS08770	366.8418	SYNPCC7942_RS08300
M744_RS08775	110.5670	SYNPCC7942_RS08305
M744_RS08780	39.0254	SYNPCC7942_RS08310
M744_RS08785	264.8361	SYNPCC7942_RS08315
M744_RS08790	406.1220	SYNPCC7942_RS08320
M744_RS08795	56.4360	SYNPCC7942_RS08325
M744_RS08800	103.4090	SYNPCC7942_RS08330
M744_RS08805	454.5910	SYNPCC7942_RS08335
M744_RS08815	1402.6491	SYNPCC7942_RS07480
M744_RS08820	1040.5245	SYNPCC7942_RS07475
M744_RS08825	169.5460	SYNPCC7942_RS07470
M744_RS08830	248.2673	SYNPCC7942_RS07465
M744_RS08835	9.1934	SYNPCC7942_RS07460
M744_RS08840	10.8430	SYNPCC7942_RS07455
M744_RS08845	289.3294	SYNPCC7942_RS07450
M744_RS08850	271.2405	SYNPCC7942_RS07445
M744_RS08855	732.1013	SYNPCC7942_RS07440
M744_RS08860	544.7247	SYNPCC7942_RS07435
M744_RS08865	30.6389	SYNPCC7942_RS07430
M744_RS08870	329.2733	SYNPCC7942_RS07425
M744_RS08875	79.7002	SYNPCC7942_RS07420
M744_RS08880	223.9775	SYNPCC7942_RS07415
M744_RS08885	161.6288	SYNPCC7942_RS07410
M744_RS08890	161.3971	SYNPCC7942_RS07405
M744_RS08895	107.2215	SYNPCC7942_RS07400
M744_RS08900	109.7614	SYNPCC7942_RS07395
M744_RS08910	4342.4034	SYNPCC7942_RS07385
M744_RS08920	16.9067	SYNPCC7942_RS07375
M744_RS08930	42.3649	SYNPCC7942_RS07370
M744_RS08935	131.0700	SYNPCC7942_RS07365
M744_RS08940	1030.9172	SYNPCC7942_RS07360
M744_RS08945	508.6063	SYNPCC7942_RS07355
M744_RS08950	44.8032	SYNPCC7942_RS07350
M744_RS08955	35.4060	SYNPCC7942_RS07345
M744_RS08960	128.8016	SYNPCC7942_RS07340
M744_RS08965	641.6037	SYNPCC7942_RS07335
M744_RS08970	12.3903	SYNPCC7942_RS07330
M744_RS08975	558.4242	SYNPCC7942_RS07325
M744_RS08980	307.1084	SYNPCC7942_RS07320
M744_RS08985	292.1675	SYNPCC7942_RS07315
M744_RS08990	196.2591	SYNPCC7942_RS07310
M744_RS08995	76.9956	SYNPCC7942_RS07305
M744_RS09000	708.1100	SYNPCC7942_RS07300
M744_RS09005	3447.7204	SYNPCC7942_RS07295
M744_RS09010	421.2721	SYNPCC7942_RS07290
M744_RS09015	199.8875	SYNPCC7942_RS07285
M744_RS09020	872.3728	SYNPCC7942_RS07280
M744_RS09025	405.4478	SYNPCC7942_RS07275
M744_RS09030	771.3543	SYNPCC7942_RS07270
M744_RS09035	166.5314	SYNPCC7942_RS07265
M744_RS09040	100.5188	SYNPCC7942_RS07260
M744_RS09045	1.8539	SYNPCC7942_RS07255
M744_RS09050	140.0725	SYNPCC7942_RS07250
M744_RS09055	848.2617	SYNPCC7942_RS07245
M744_RS09060	1528.2253	SYNPCC7942_RS07240
M744_RS09065	465.0978	SYNPCC7942_RS07235
M744_RS09070	124.9815	SYNPCC7942_RS07230
M744_RS09075	255.6193	SYNPCC7942_RS07225
M744_RS09080	138.1742	SYNPCC7942_RS07220
M744_RS09085	2164.8536	SYNPCC7942_RS07215
M744_RS09090	341.9787	SYNPCC7942_RS07210
M744_RS09095	27.7447	SYNPCC7942_RS07205
M744_RS09100	679.1170	SYNPCC7942_RS07200
M744_RS09105	515.9103	SYNPCC7942_RS07195
M744_RS09110	179.8945	SYNPCC7942_RS07190
M744_RS09115	71.8429	SYNPCC7942_RS07185
M744_RS09120	43.7104	SYNPCC7942_RS07180
M744_RS09125	51.2923	SYNPCC7942_RS07175
M744_RS09130	96.5126	SYNPCC7942_RS07170
M744_RS09135	5.9305	SYNPCC7942_RS07165
M744_RS09140	179.8408	SYNPCC7942_RS07160
M744_RS09145	112.2968	SYNPCC7942_RS07155
M744_RS09150	1708.8590	SYNPCC7942_RS07150
M744_RS09155	45.8190	SYNPCC7942_RS07145
M744_RS09160	0.4063	SYNPCC7942_RS07140
M744_RS09165	429.8835	SYNPCC7942_RS07135
M744_RS09170	53.7850	SYNPCC7942_RS07130
M744_RS09175	72.1686	SYNPCC7942_RS07125
M744_RS09180	73.5034	SYNPCC7942_RS07120
M744_RS09185	55.9287	SYNPCC7942_RS07115
M744_RS09195	0.0155	SYNPCC7942_RS07105
M744_RS09200	235.2078	SYNPCC7942_RS07100
M744_RS09205	219.2996	SYNPCC7942_RS07095
M744_RS09210	106.2636	SYNPCC7942_RS07090
M744_RS09215	444.5004	SYNPCC7942_RS07085
M744_RS09220	413.7881	SYNPCC7942_RS07080
M744_RS09225	242.1508	SYNPCC7942_RS07075
M744_RS09230	224.7077	SYNPCC7942_RS07070
M744_RS09235	95.2208	SYNPCC7942_RS07065
M744_RS09240	205.0455	SYNPCC7942_RS07060
M744_RS09250	87.9474	SYNPCC7942_RS07050
M744_RS09255	117.5694	SYNPCC7942_RS07045
M744_RS09260	241.8940	SYNPCC7942_RS07040
M744_RS09265	101.9968	SYNPCC7942_RS07035
M744_RS09270	180.7326	SYNPCC7942_RS07030
M744_RS09275	377.5776	SYNPCC7942_RS07025
M744_RS09280	297.4708	SYNPCC7942_RS07020
M744_RS09285	84.8013	SYNPCC7942_RS07015
M744_RS09290	60.8768	SYNPCC7942_RS07010
M744_RS09295	90.4679	SYNPCC7942_RS07005
M744_RS09300	93.9466	SYNPCC7942_RS07000
M744_RS09305	37.3729	SYNPCC7942_RS06995
M744_RS09310	107.2448	SYNPCC7942_RS06990
M744_RS09315	44.7513	SYNPCC7942_RS06985
M744_RS09320	300.0491	SYNPCC7942_RS06975
M744_RS09330	296.6220	SYNPCC7942_RS06965
M744_RS09335	186.5091	SYNPCC7942_RS06960
M744_RS09340	339.0950	SYNPCC7942_RS06955
M744_RS09345	255.0884	SYNPCC7942_RS06950
M744_RS09350	172.7732	SYNPCC7942_RS06940
M744_RS09355	498.3921	SYNPCC7942_RS06935
M744_RS09360	0.0155	SYNPCC7942_RS06930
M744_RS09365	349.1775	SYNPCC7942_RS06925
M744_RS09370	64.9471	SYNPCC7942_RS06920
M744_RS09375	65.8456	SYNPCC7942_RS06915
M744_RS09380	405.8666	SYNPCC7942_RS06910
M744_RS09385	59.3516	SYNPCC7942_RS06905
M744_RS09390	0.0155	SYNPCC7942_RS06900
M744_RS09395	116.4219	SYNPCC7942_RS06895
M744_RS09400	77.7364	SYNPCC7942_RS06890
M744_RS09405	77.4373	SYNPCC7942_RS06885
M744_RS09410	279.7243	SYNPCC7942_RS06880
M744_RS09415	887.0857	SYNPCC7942_RS06875
M744_RS09420	883.4911	SYNPCC7942_RS06870
M744_RS09425	2103.1059	SYNPCC7942_RS06865
M744_RS09430	125.4402	SYNPCC7942_RS06860
M744_RS09435	152.6975	SYNPCC7942_RS06855
M744_RS09440	641.5449	SYNPCC7942_RS06850
M744_RS09445	64.9995	SYNPCC7942_RS06845
M744_RS09450	1075.5498	SYNPCC7942_RS06840
M744_RS09455	538.8567	SYNPCC7942_RS06835
M744_RS09460	74.2296	SYNPCC7942_RS06830
M744_RS09465	1.4187	SYNPCC7942_RS06825
M744_RS09470	105.2932	SYNPCC7942_RS06820
M744_RS09475	113.3403	SYNPCC7942_RS06815
M744_RS09480	342.8414	SYNPCC7942_RS06810
M744_RS09485	98.5124	SYNPCC7942_RS06805
M744_RS09490	310.5322	SYNPCC7942_RS06800
M744_RS09495	313.9770	SYNPCC7942_RS06795
M744_RS09500	130.4703	SYNPCC7942_RS06790
M744_RS09505	304.9534	SYNPCC7942_RS06785
M744_RS09510	473.8395	SYNPCC7942_RS06780
M744_RS09515	147.7436	SYNPCC7942_RS06775
M744_RS09520	448.6421	SYNPCC7942_RS06770
M744_RS09525	77.8306	SYNPCC7942_RS06765
M744_RS09530	1681.6580	SYNPCC7942_RS06760
M744_RS09535	49.2008	SYNPCC7942_RS06755
M744_RS09540	9.3857	SYNPCC7942_RS06750
M744_RS09545	77.0942	SYNPCC7942_RS06745
M744_RS09550	51.2683	SYNPCC7942_RS06740
M744_RS09555	17.6682	SYNPCC7942_RS06735
M744_RS09560	20.0266	SYNPCC7942_RS06730
M744_RS09565	371.3439	SYNPCC7942_RS06725
M744_RS09570	937.2769	SYNPCC7942_RS06720
M744_RS09575	231.2165	SYNPCC7942_RS06715
M744_RS09580	143.4478	SYNPCC7942_RS06710
M744_RS09585	53.5677	SYNPCC7942_RS06705
M744_RS09590	225.6067	SYNPCC7942_RS06700
M744_RS09595	0.0561	SYNPCC7942_RS06695
M744_RS09600	338.7227	SYNPCC7942_RS06690
M744_RS09605	72.2017	SYNPCC7942_RS06685
M744_RS09610	264.7559	SYNPCC7942_RS06680
M744_RS09615	212.3995	SYNPCC7942_RS06675
M744_RS09620	71.7153	SYNPCC7942_RS06670
M744_RS09625	105.6516	SYNPCC7942_RS06665
M744_RS09630	63.6055	SYNPCC7942_RS06660
M744_RS09635	73.5361	SYNPCC7942_RS06655
M744_RS09640	36.3827	SYNPCC7942_RS06650
M744_RS09645	91.2414	SYNPCC7942_RS06645
M744_RS09650	111.7460	SYNPCC7942_RS06640
M744_RS09655	302.2549	SYNPCC7942_RS06635
M744_RS09660	22.3252	SYNPCC7942_RS06630
M744_RS09665	152.7404	SYNPCC7942_RS06625
M744_RS09670	529.2731	SYNPCC7942_RS06620
M744_RS09675	734.3606	SYNPCC7942_RS06615
M744_RS09680	334.1300	SYNPCC7942_RS06610
M744_RS09685	77.7650	SYNPCC7942_RS06605
M744_RS09690	588.3733	SYNPCC7942_RS06600
M744_RS09695	20.6289	SYNPCC7942_RS06595
M744_RS09700	367.1210	SYNPCC7942_RS06590
M744_RS09705	36.2947	SYNPCC7942_RS06585
M744_RS09710	0.0731	SYNPCC7942_RS06580
M744_RS09715	57.8165	SYNPCC7942_RS06575
M744_RS09720	0.0155	SYNPCC7942_RS06570
M744_RS09725	93.0271	SYNPCC7942_RS06565
M744_RS09730	189.3828	SYNPCC7942_RS06560
M744_RS09735	4.5027	SYNPCC7942_RS06555
M744_RS09740	180.4714	SYNPCC7942_RS06550
M744_RS09745	401.1992	SYNPCC7942_RS06545
M744_RS09750	636.3309	SYNPCC7942_RS06540
M744_RS09755	95.1829	SYNPCC7942_RS06535
M744_RS09760	342.3928	SYNPCC7942_RS06530
M744_RS09765	210.9611	SYNPCC7942_RS06525
M744_RS09770	78.4536	SYNPCC7942_RS06520
M744_RS09775	32.1557	SYNPCC7942_RS06515
M744_RS09780	262.0063	SYNPCC7942_RS06510
M744_RS09785	211.3745	SYNPCC7942_RS06505
M744_RS09790	200.9423	SYNPCC7942_RS06500
M744_RS09795	192.7495	SYNPCC7942_RS06495
M744_RS09800	22.4754	SYNPCC7942_RS06490
M744_RS09805	251.3448	SYNPCC7942_RS06485
M744_RS09810	34.8959	SYNPCC7942_RS06480
M744_RS09815	216.3779	SYNPCC7942_RS06475
M744_RS09820	68.4910	SYNPCC7942_RS06470
M744_RS09825	87.6485	SYNPCC7942_RS06465
M744_RS09830	297.8729	SYNPCC7942_RS06460
M744_RS09835	863.2019	SYNPCC7942_RS06455
M744_RS09840	371.5748	SYNPCC7942_RS06450
M744_RS09845	0.0155	SYNPCC7942_RS06445
M744_RS09850	409.8124	SYNPCC7942_RS06440
M744_RS09855	147.8091	SYNPCC7942_RS06435
M744_RS09860	21.0332	SYNPCC7942_RS06430
M744_RS09865	772.3492	SYNPCC7942_RS06425
M744_RS09875	145.5237	SYNPCC7942_RS06415
M744_RS09880	91.3159	SYNPCC7942_RS06410
M744_RS09885	2126.8873	SYNPCC7942_RS06405
M744_RS09890	573.0736	SYNPCC7942_RS06400
M744_RS09895	11.3208	SYNPCC7942_RS06395
M744_RS09905	295.8814	SYNPCC7942_RS06385
M744_RS09910	17.2340	SYNPCC7942_RS06380
M744_RS09915	142.4697	SYNPCC7942_RS06375
M744_RS09920	47.8299	SYNPCC7942_RS06370
M744_RS09925	2.6183	SYNPCC7942_RS06365
M744_RS09930	489.3724	SYNPCC7942_RS06360
M744_RS09935	2808.6944	SYNPCC7942_RS06355
M744_RS09940	1978.1698	SYNPCC7942_RS06350
M744_RS09945	955.0276	SYNPCC7942_RS06345
M744_RS09950	2047.3382	SYNPCC7942_RS06340
M744_RS09955	596.5955	SYNPCC7942_RS06335
M744_RS09960	339.7196	SYNPCC7942_RS06330
M744_RS09965	73.5284	SYNPCC7942_RS06325
M744_RS09970	22.7690	SYNPCC7942_RS06320
M744_RS09975	524.8245	SYNPCC7942_RS06315
M744_RS09980	849.4987	SYNPCC7942_RS06310
M744_RS09985	0.0155	SYNPCC7942_RS06305
M744_RS09990	85.3428	SYNPCC7942_RS06300
M744_RS09995	89.9699	SYNPCC7942_RS06295
M744_RS10000	41.1003	SYNPCC7942_RS06290
M744_RS10010	390.0660	SYNPCC7942_RS06280
M744_RS10015	299.2746	SYNPCC7942_RS06275
M744_RS10020	14.3093	SYNPCC7942_RS06270
M744_RS10025	583.7419	SYNPCC7942_RS06265
M744_RS10030	52.9299	SYNPCC7942_RS06260
M744_RS10035	122.7408	SYNPCC7942_RS06255
M744_RS10040	572.6008	SYNPCC7942_RS06250
M744_RS10045	743.2829	SYNPCC7942_RS06245
M744_RS10050	144.3943	SYNPCC7942_RS06240
M744_RS10055	96.8670	SYNPCC7942_RS06235
M744_RS10060	84.8450	SYNPCC7942_RS06230
M744_RS10065	277.1731	SYNPCC7942_RS06225
M744_RS10070	70.5777	SYNPCC7942_RS06220
M744_RS10075	45.0344	SYNPCC7942_RS06215
M744_RS10080	31.0057	SYNPCC7942_RS06210
M744_RS10085	11.5284	SYNPCC7942_RS06205
M744_RS10090	0.0155	SYNPCC7942_RS06200
M744_RS10095	37.4476	SYNPCC7942_RS06195
M744_RS10100	25.6761	SYNPCC7942_RS06190
M744_RS10105	0.0155	SYNPCC7942_RS06185
M744_RS10110	69.6088	SYNPCC7942_RS06180
M744_RS10115	8.4551	SYNPCC7942_RS06175
M744_RS10125	0.6872	SYNPCC7942_RS06165
M744_RS10130	16.7222	SYNPCC7942_RS06160
M744_RS10135	255.0150	SYNPCC7942_RS06155
M744_RS10140	148.3016	SYNPCC7942_RS06150
M744_RS10145	0.0155	SYNPCC7942_RS06145
M744_RS10150	199.1337	SYNPCC7942_RS06140
M744_RS10155	702.3610	SYNPCC7942_RS06135
M744_RS10160	192.3427	SYNPCC7942_RS06130
M744_RS10165	74.1413	SYNPCC7942_RS06125
M744_RS10170	137.1528	SYNPCC7942_RS06120
M744_RS10175	80.3125	SYNPCC7942_RS06115
M744_RS10180	439.2259	SYNPCC7942_RS06110
M744_RS10185	512.2132	SYNPCC7942_RS06105
M744_RS10190	90.6558	SYNPCC7942_RS06100
M744_RS10195	279.9687	SYNPCC7942_RS06095
M744_RS10200	100.0906	SYNPCC7942_RS06090
M744_RS10205	82.9525	SYNPCC7942_RS06085
M744_RS10210	78.4937	SYNPCC7942_RS06080
M744_RS10215	43.5945	SYNPCC7942_RS06075
M744_RS10220	32.2362	SYNPCC7942_RS06070
M744_RS10225	374.0953	SYNPCC7942_RS06065
M744_RS10230	279.3261	SYNPCC7942_RS06060
M744_RS10235	321.1282	SYNPCC7942_RS06055
M744_RS10240	1090.9918	SYNPCC7942_RS06050
M744_RS10245	1756.2337	SYNPCC7942_RS06045
M744_RS10250	307.4387	SYNPCC7942_RS06040
M744_RS10255	453.4246	SYNPCC7942_RS06035
M744_RS10260	1314.1025	SYNPCC7942_RS06030
M744_RS10265	592.5136	SYNPCC7942_RS06025
M744_RS10270	473.7216	SYNPCC7942_RS06020
M744_RS10275	98.5353	SYNPCC7942_RS06015
M744_RS10280	151.2356	SYNPCC7942_RS06010
M744_RS10285	49.0434	SYNPCC7942_RS06005
M744_RS10290	32.2925	SYNPCC7942_RS06000
M744_RS10295	172.7413	SYNPCC7942_RS05995
M744_RS10300	99.7677	SYNPCC7942_RS05990
M744_RS10305	118.7410	SYNPCC7942_RS05985
M744_RS10310	137.3390	SYNPCC7942_RS05980
M744_RS10320	61.8560	SYNPCC7942_RS05970
M744_RS10330	25.4897	SYNPCC7942_RS05960
M744_RS10335	15.4445	SYNPCC7942_RS05955
M744_RS10340	4.6964	SYNPCC7942_RS05950
M744_RS10345	19.5511	SYNPCC7942_RS05945
M744_RS10355	136.6139	SYNPCC7942_RS05935
M744_RS10360	0.4625	SYNPCC7942_RS05930
M744_RS10365	308.1150	SYNPCC7942_RS05925
M744_RS10370	41.8444	SYNPCC7942_RS05920
M744_RS10375	0.0280	SYNPCC7942_RS05915
M744_RS10380	176.0141	SYNPCC7942_RS05910
M744_RS10390	356.3774	SYNPCC7942_RS05900
M744_RS10395	85.4124	SYNPCC7942_RS05895
M744_RS10405	176.6380	SYNPCC7942_RS05885
M744_RS10410	83.9164	SYNPCC7942_RS05880
M744_RS10415	16.3831	SYNPCC7942_RS05875
M744_RS10420	204.6389	SYNPCC7942_RS05870
M744_RS10425	167.5030	SYNPCC7942_RS05865
M744_RS10435	437.8827	SYNPCC7942_RS05855
M744_RS10440	113.3078	SYNPCC7942_RS05850
M744_RS10445	311.7630	SYNPCC7942_RS05845
M744_RS10450	107.4002	SYNPCC7942_RS05840
M744_RS10455	93.4397	SYNPCC7942_RS05835
M744_RS10460	307.1859	SYNPCC7942_RS05830
M744_RS10470	926.6196	SYNPCC7942_RS05820
M744_RS10475	483.7134	SYNPCC7942_RS05815
M744_RS10480	28.2922	SYNPCC7942_RS05810
M744_RS10485	2.0605	SYNPCC7942_RS05805
M744_RS10490	15.2225	SYNPCC7942_RS05800
M744_RS10495	48.5476	SYNPCC7942_RS05795
M744_RS10500	47.6520	SYNPCC7942_RS05790
M744_RS10505	420.9114	SYNPCC7942_RS05785
M744_RS10510	98.8543	SYNPCC7942_RS05780
M744_RS10515	23.3840	SYNPCC7942_RS05775
M744_RS10520	851.8400	SYNPCC7942_RS05770
M744_RS10525	338.6138	SYNPCC7942_RS05765
M744_RS10530	843.8576	SYNPCC7942_RS05760
M744_RS10535	598.2056	SYNPCC7942_RS05755
M744_RS10540	192.3333	SYNPCC7942_RS05750
M744_RS10545	584.4606	SYNPCC7942_RS05745
M744_RS10550	13.7027	SYNPCC7942_RS05740
M744_RS10555	39.3515	SYNPCC7942_RS05735
M744_RS10565	89.1456	SYNPCC7942_RS05725
M744_RS10570	577.3949	SYNPCC7942_RS05720
M744_RS10575	7.8112	SYNPCC7942_RS05715
M744_RS10580	312.2324	SYNPCC7942_RS05710
M744_RS10585	0.0773	SYNPCC7942_RS05705
M744_RS10590	284.8427	SYNPCC7942_RS05700
M744_RS10595	243.1813	SYNPCC7942_RS05695
M744_RS10600	237.4848	SYNPCC7942_RS05690
M744_RS10605	50.0259	SYNPCC7942_RS05685
M744_RS10610	16.4870	SYNPCC7942_RS05680
M744_RS10615	372.9947	SYNPCC7942_RS05675
M744_RS10620	65.5512	SYNPCC7942_RS05670
M744_RS10625	321.0242	SYNPCC7942_RS05665
M744_RS10630	230.3903	SYNPCC7942_RS05660
M744_RS10635	78.7762	SYNPCC7942_RS05655
M744_RS10640	183.7318	SYNPCC7942_RS05650
M744_RS10645	884.6982	SYNPCC7942_RS05645
M744_RS10650	138.1061	SYNPCC7942_RS05640
M744_RS10655	92.1671	SYNPCC7942_RS05635
M744_RS10660	92.3808	SYNPCC7942_RS05630
M744_RS10665	457.8061	SYNPCC7942_RS05625
M744_RS10670	62.8858	SYNPCC7942_RS05620
M744_RS10675	44.2409	SYNPCC7942_RS05615
M744_RS10680	0.2333	SYNPCC7942_RS05610
M744_RS10685	157.4772	SYNPCC7942_RS05605
M744_RS10690	78.4298	SYNPCC7942_RS05600
M744_RS10695	127.2577	SYNPCC7942_RS05595
M744_RS10700	374.6545	SYNPCC7942_RS05590
M744_RS10705	993.9086	SYNPCC7942_RS05585
M744_RS10710	258.4430	SYNPCC7942_RS05580
M744_RS10715	762.5369	SYNPCC7942_RS05575
M744_RS10720	324.5884	SYNPCC7942_RS05570
M744_RS10725	31.0765	SYNPCC7942_RS05565
M744_RS10735	735.7054	SYNPCC7942_RS05555
M744_RS10740	125.3478	SYNPCC7942_RS05550
M744_RS10745	89.5611	SYNPCC7942_RS05545
M744_RS10755	224.9363	SYNPCC7942_RS05535
M744_RS10760	300.9439	SYNPCC7942_RS05530
M744_RS10765	26.9673	SYNPCC7942_RS05525
M744_RS10770	4.7557	SYNPCC7942_RS05520
M744_RS10775	11.1661	SYNPCC7942_RS05515
M744_RS10780	17.1349	SYNPCC7942_RS05510
M744_RS10785	54.9196	SYNPCC7942_RS05505
M744_RS10790	61.0882	SYNPCC7942_RS05500
M744_RS10795	146.0969	SYNPCC7942_RS05495
M744_RS10800	63.4694	SYNPCC7942_RS05490
M744_RS10805	66.8972	SYNPCC7942_RS05485
M744_RS10810	373.8829	SYNPCC7942_RS05480
M744_RS10815	33.7318	SYNPCC7942_RS05475
M744_RS10825	13.1199	SYNPCC7942_RS05465
M744_RS10830	300.8459	SYNPCC7942_RS05460
M744_RS10835	31.3785	SYNPCC7942_RS05455
M744_RS10840	55.7859	SYNPCC7942_RS05450
M744_RS10845	95.6654	SYNPCC7942_RS05445
M744_RS10850	5.9007	SYNPCC7942_RS05440
M744_RS10855	71.8443	SYNPCC7942_RS05435
M744_RS10860	1290.4360	SYNPCC7942_RS05430
M744_RS10865	32.8169	SYNPCC7942_RS05425
M744_RS10870	459.6125	SYNPCC7942_RS05420
M744_RS10875	565.1327	SYNPCC7942_RS05415
M744_RS10880	161.3157	SYNPCC7942_RS05410
M744_RS10885	363.8822	SYNPCC7942_RS05405
M744_RS10900	680.1422	SYNPCC7942_RS05390
M744_RS10905	3503.7149	SYNPCC7942_RS05385
M744_RS10910	2801.0319	SYNPCC7942_RS05380
M744_RS10925	66.7189	SYNPCC7942_RS05365
M744_RS10930	227.3690	SYNPCC7942_RS05360
M744_RS10935	146.3039	SYNPCC7942_RS05355
M744_RS10940	47.6763	SYNPCC7942_RS05350
M744_RS10945	239.1673	SYNPCC7942_RS05345
M744_RS10950	84.5811	SYNPCC7942_RS05340
M744_RS10955	57.8250	SYNPCC7942_RS05335
M744_RS10960	49.4592	SYNPCC7942_RS05330
M744_RS10965	471.3367	SYNPCC7942_RS05325
M744_RS10970	329.7922	SYNPCC7942_RS05320
M744_RS10975	3.1752	SYNPCC7942_RS05315
M744_RS10980	366.1002	SYNPCC7942_RS05310
M744_RS10985	165.5596	SYNPCC7942_RS05305
M744_RS10990	314.1854	SYNPCC7942_RS05300
M744_RS11000	271.2061	SYNPCC7942_RS05290
M744_RS11005	223.3919	SYNPCC7942_RS05285
M744_RS11015	17.6925	SYNPCC7942_RS05275
M744_RS11020	225.2669	SYNPCC7942_RS05270
M744_RS11025	8.4898	SYNPCC7942_RS05265
M744_RS11030	130.4576	SYNPCC7942_RS05260
M744_RS11035	48.4894	SYNPCC7942_RS05255
M744_RS11040	72.5330	SYNPCC7942_RS05250
M744_RS11045	195.0890	SYNPCC7942_RS05245
M744_RS11050	182.1950	SYNPCC7942_RS05240
M744_RS11055	75.8325	SYNPCC7942_RS05235
M744_RS11060	92.1086	SYNPCC7942_RS05230
M744_RS11070	187.1958	SYNPCC7942_RS05220
M744_RS11075	1009.4652	SYNPCC7942_RS05215
M744_RS11080	1087.7072	SYNPCC7942_RS05210
M744_RS11085	47.9973	SYNPCC7942_RS05205
M744_RS11090	102.2263	SYNPCC7942_RS05195
M744_RS11095	103.1151	SYNPCC7942_RS05190
M744_RS11100	176.0842	SYNPCC7942_RS05185
M744_RS11105	82.3971	SYNPCC7942_RS05180
M744_RS11110	44.3485	SYNPCC7942_RS05175
M744_RS11115	95.9786	SYNPCC7942_RS05170
M744_RS11125	96.0619	SYNPCC7942_RS05160
M744_RS11130	11.2778	SYNPCC7942_RS05155
M744_RS11135	0.1053	SYNPCC7942_RS05150
M744_RS11145	5645.1160	SYNPCC7942_RS05140
M744_RS11150	392.2237	SYNPCC7942_RS05135
M744_RS11155	252.2746	SYNPCC7942_RS05130
M744_RS11160	34.0541	SYNPCC7942_RS13725
M744_RS11165	819.0448	SYNPCC7942_RS05125
M744_RS11170	263.4528	SYNPCC7942_RS05120
M744_RS11175	0.0309	SYNPCC7942_RS05115
M744_RS11180	249.7978	SYNPCC7942_RS05110
M744_RS11185	110.0579	SYNPCC7942_RS05105
M744_RS11190	55.8861	SYNPCC7942_RS05100
M744_RS11195	440.1057	SYNPCC7942_RS05095
M744_RS11200	196.4402	SYNPCC7942_RS05090
M744_RS11205	55.2162	SYNPCC7942_RS13875
M744_RS11210	156.0270	SYNPCC7942_RS05080
M744_RS11215	100.2187	SYNPCC7942_RS05075
M744_RS11220	78.8462	SYNPCC7942_RS05070
M744_RS11225	508.5903	SYNPCC7942_RS05065
M744_RS11230	1.6389	SYNPCC7942_RS05060
M744_RS11235	586.2581	SYNPCC7942_RS05055
M744_RS11240	394.0121	SYNPCC7942_RS05050
M744_RS11245	331.1444	SYNPCC7942_RS05045
M744_RS11250	149.4019	SYNPCC7942_RS05040
M744_RS11260	91.8171	SYNPCC7942_RS05030
M744_RS11265	43.6911	SYNPCC7942_RS05025
M744_RS11270	1926.2860	SYNPCC7942_RS05020
M744_RS11275	2328.1804	SYNPCC7942_RS05015
M744_RS11280	131.7400	SYNPCC7942_RS05010
M744_RS11285	29.7564	SYNPCC7942_RS05005
M744_RS11295	111.4864	SYNPCC7942_RS04995
M744_RS11300	568.7424	SYNPCC7942_RS04990
M744_RS11305	60.3050	SYNPCC7942_RS04985
M744_RS11310	139.6169	SYNPCC7942_RS04980
M744_RS11315	31.2669	SYNPCC7942_RS04975
M744_RS11320	477.4914	SYNPCC7942_RS04970
M744_RS11325	117.0938	SYNPCC7942_RS04965
M744_RS11330	312.5649	SYNPCC7942_RS04960
M744_RS11335	265.1127	SYNPCC7942_RS04955
M744_RS11340	234.7630	SYNPCC7942_RS04945
M744_RS11345	163.6672	SYNPCC7942_RS04940
M744_RS11350	104.8017	SYNPCC7942_RS04935
M744_RS11355	235.2200	SYNPCC7942_RS04930
M744_RS11360	68.7396	SYNPCC7942_RS04925
M744_RS11365	232.1014	SYNPCC7942_RS04920
M744_RS11370	403.8538	SYNPCC7942_RS04915
M744_RS11375	87.9604	SYNPCC7942_RS04910
M744_RS11380	134.1491	SYNPCC7942_RS04905
M744_RS11385	21.3558	SYNPCC7942_RS04900
M744_RS11390	60.1787	SYNPCC7942_RS04895
M744_RS11395	163.1136	SYNPCC7942_RS04890
M744_RS11400	46.4403	SYNPCC7942_RS04885
M744_RS11405	96.0741	SYNPCC7942_RS04880
M744_RS11410	80.9178	SYNPCC7942_RS04875
M744_RS11415	80.4105	SYNPCC7942_RS04870
M744_RS11420	171.4441	SYNPCC7942_RS04865
M744_RS11425	29.5588	SYNPCC7942_RS04860
M744_RS11430	0.0155	SYNPCC7942_RS04855
M744_RS11435	874.2388	SYNPCC7942_RS04850
M744_RS11440	1113.9999	SYNPCC7942_RS04845
M744_RS11445	469.0986	SYNPCC7942_RS04840
M744_RS11450	94.1715	SYNPCC7942_RS04835
M744_RS11455	250.3095	SYNPCC7942_RS04830
M744_RS11460	10.6270	SYNPCC7942_RS04825
M744_RS11465	32.0897	SYNPCC7942_RS04820
M744_RS11470	31.7020	SYNPCC7942_RS04815
M744_RS11475	36.3920	SYNPCC7942_RS04810
M744_RS11480	96.7897	SYNPCC7942_RS04805
M744_RS11485	23.9339	SYNPCC7942_RS04800
M744_RS11490	188.0865	SYNPCC7942_RS04795
M744_RS11495	226.9106	SYNPCC7942_RS04790
M744_RS11500	241.7678	SYNPCC7942_RS04785
M744_RS11505	461.9810	SYNPCC7942_RS04780
M744_RS11510	1851.2918	SYNPCC7942_RS04775
M744_RS11515	238.9626	SYNPCC7942_RS04770
M744_RS11520	270.5392	SYNPCC7942_RS04765
M744_RS11525	275.8105	SYNPCC7942_RS04760
M744_RS11530	314.6123	SYNPCC7942_RS04755
M744_RS11535	29.9123	SYNPCC7942_RS04750
M744_RS11540	148.8897	SYNPCC7942_RS04745
M744_RS11545	53.7858	SYNPCC7942_RS04740
M744_RS11550	1166.4993	SYNPCC7942_RS04735
M744_RS11555	171.1245	SYNPCC7942_RS04730
M744_RS11565	234.6101	SYNPCC7942_RS04720
M744_RS11580	0.0155	SYNPCC7942_RS04705
M744_RS11585	280.0685	SYNPCC7942_RS04700
M744_RS11590	61.4123	SYNPCC7942_RS04695
M744_RS11595	127.8763	SYNPCC7942_RS04690
M744_RS11600	78.0459	SYNPCC7942_RS04685
M744_RS11605	365.0800	SYNPCC7942_RS04680
M744_RS11610	335.1175	SYNPCC7942_RS04675
M744_RS11615	143.8559	SYNPCC7942_RS04670
M744_RS11625	143.1374	SYNPCC7942_RS13975
M744_RS11630	304.1100	SYNPCC7942_RS04660
M744_RS11635	924.5352	SYNPCC7942_RS04655
M744_RS11640	83.4642	SYNPCC7942_RS04650
M744_RS11645	120.0123	SYNPCC7942_RS04645
M744_RS11650	82.5717	SYNPCC7942_RS04640
M744_RS11655	36.9388	SYNPCC7942_RS04635
M744_RS11665	0.0309	SYNPCC7942_RS04625
M744_RS11670	147.9268	SYNPCC7942_RS04620
M744_RS11675	390.0296	SYNPCC7942_RS04615
M744_RS11680	49.8528	SYNPCC7942_RS04610
M744_RS11685	77.1127	SYNPCC7942_RS04605
M744_RS11695	63.7764	SYNPCC7942_RS04595
M744_RS11700	191.4397	SYNPCC7942_RS04590
M744_RS11710	0.2923	SYNPCC7942_RS04580
M744_RS11715	530.3281	SYNPCC7942_RS04575
M744_RS11720	569.2674	SYNPCC7942_RS04570
M744_RS11725	585.1507	SYNPCC7942_RS04565
M744_RS11730	4081.0336	SYNPCC7942_RS04560
M744_RS11735	3849.4689	SYNPCC7942_RS04555
M744_RS11740	613.6869	SYNPCC7942_RS04550
M744_RS11745	123.6578	SYNPCC7942_RS04545
M744_RS11750	77.4590	SYNPCC7942_RS04540
M744_RS11755	148.9427	SYNPCC7942_RS04535
M744_RS11760	0.0155	SYNPCC7942_RS04530
M744_RS11765	855.5844	SYNPCC7942_RS04525
M744_RS11770	477.7746	SYNPCC7942_RS04520
M744_RS11775	606.8046	SYNPCC7942_RS04515
M744_RS11780	86.4638	SYNPCC7942_RS04510
M744_RS11785	263.9733	SYNPCC7942_RS04505
M744_RS11790	32.8122	SYNPCC7942_RS04500
M744_RS11795	12.2082	SYNPCC7942_RS04495
M744_RS11800	0.0936	SYNPCC7942_RS04490
M744_RS11805	46.3533	SYNPCC7942_RS04485
M744_RS11810	49.4610	SYNPCC7942_RS04480
M744_RS11815	274.3113	SYNPCC7942_RS04475
M744_RS11820	108.3066	SYNPCC7942_RS04470
M744_RS11825	106.3203	SYNPCC7942_RS04465
M744_RS11830	64.4375	SYNPCC7942_RS04460
M744_RS11835	394.7949	SYNPCC7942_RS04455
M744_RS11840	750.8569	SYNPCC7942_RS04450
M744_RS11845	63.2686	SYNPCC7942_RS04445
M744_RS11850	542.6518	SYNPCC7942_RS04440
M744_RS11855	184.5701	SYNPCC7942_RS04435
M744_RS11860	377.8266	SYNPCC7942_RS04430
M744_RS11865	1036.0353	SYNPCC7942_RS04425
M744_RS11870	132.6192	SYNPCC7942_RS04420
M744_RS11875	141.2482	SYNPCC7942_RS04415
M744_RS11880	187.0840	SYNPCC7942_RS04410
M744_RS11885	371.2619	SYNPCC7942_RS04405
M744_RS11890	39.1069	SYNPCC7942_RS04400
M744_RS11895	308.5571	SYNPCC7942_RS04395
M744_RS11900	131.7207	SYNPCC7942_RS04390
M744_RS11910	471.7854	SYNPCC7942_RS04380
M744_RS11915	416.8223	SYNPCC7942_RS04375
M744_RS11920	285.1045	SYNPCC7942_RS04370
M744_RS11925	591.0320	SYNPCC7942_RS04365
M744_RS11930	268.4151	SYNPCC7942_RS04360
M744_RS11935	329.5604	SYNPCC7942_RS04355
M744_RS11940	350.4393	SYNPCC7942_RS04350
M744_RS11945	147.8506	SYNPCC7942_RS04345
M744_RS11950	0.0309	SYNPCC7942_RS04340
M744_RS11955	414.5459	SYNPCC7942_RS04335
M744_RS11960	0.0309	SYNPCC7942_RS04330
M744_RS11965	135.4637	SYNPCC7942_RS04325
M744_RS11970	284.4026	SYNPCC7942_RS04320
M744_RS11975	165.4357	SYNPCC7942_RS04315
M744_RS11980	389.6639	SYNPCC7942_RS04310
M744_RS11990	3.4168	SYNPCC7942_RS04300
M744_RS11995	33.9461	SYNPCC7942_RS04295
M744_RS12000	222.0829	SYNPCC7942_RS04290
M744_RS12005	92.6686	SYNPCC7942_RS04285
M744_RS12010	54.8146	SYNPCC7942_RS04280
M744_RS12015	206.4957	SYNPCC7942_RS04275
M744_RS12020	42.3923	SYNPCC7942_RS04270
M744_RS12025	35.3973	SYNPCC7942_RS04265
M744_RS12030	2.7145	SYNPCC7942_RS04260
M744_RS12035	250.0246	SYNPCC7942_RS04255
M744_RS12040	3.7085	SYNPCC7942_RS04250
M744_RS12045	488.0923	SYNPCC7942_RS04245
M744_RS12050	325.0694	SYNPCC7942_RS04240
M744_RS12055	0.0309	SYNPCC7942_RS04235
M744_RS12060	443.9772	SYNPCC7942_RS04230
M744_RS12065	72.7502	SYNPCC7942_RS04225
M744_RS12070	206.7983	SYNPCC7942_RS04220
M744_RS12075	82.9974	SYNPCC7942_RS04215
M744_RS12080	52.6321	SYNPCC7942_RS04210
M744_RS12085	243.1769	SYNPCC7942_RS04205
M744_RS12090	227.0424	SYNPCC7942_RS04200
M744_RS12095	131.2494	SYNPCC7942_RS04195
M744_RS12100	10.5866	SYNPCC7942_RS04190
M744_RS12105	222.0604	SYNPCC7942_RS04185
M744_RS12110	355.6241	SYNPCC7942_RS04180
M744_RS12115	92.9297	SYNPCC7942_RS04175
M744_RS12120	0.2991	SYNPCC7942_RS04170
M744_RS12125	50.7064	SYNPCC7942_RS04165
M744_RS12130	182.3193	SYNPCC7942_RS04160
M744_RS12135	619.8668	SYNPCC7942_RS04155
M744_RS12140	74.6539	SYNPCC7942_RS04150
M744_RS12145	750.2056	SYNPCC7942_RS04145
M744_RS12150	68.3177	SYNPCC7942_RS04140
M744_RS12155	259.2242	SYNPCC7942_RS04135
M744_RS12160	101.4874	SYNPCC7942_RS04130
M744_RS12165	117.1104	SYNPCC7942_RS04125
M744_RS12170	55.8184	SYNPCC7942_RS04120
M744_RS12175	36.2141	SYNPCC7942_RS04115
M744_RS12180	836.0891	SYNPCC7942_RS04110
M744_RS12185	93.3534	SYNPCC7942_RS04105
M744_RS12190	168.7241	SYNPCC7942_RS04100
M744_RS12195	123.9474	SYNPCC7942_RS04095
M744_RS12200	1219.2228	SYNPCC7942_RS04090
M744_RS12205	46.1166	SYNPCC7942_RS04085
M744_RS12210	406.4928	SYNPCC7942_RS04080
M744_RS12215	250.7652	SYNPCC7942_RS04075
M744_RS12220	37.5568	SYNPCC7942_RS04070
M744_RS12225	57.8171	SYNPCC7942_RS04065
M744_RS12230	127.3705	SYNPCC7942_RS04060
M744_RS12235	378.5897	SYNPCC7942_RS04055
M744_RS12240	448.0880	SYNPCC7942_RS04050
M744_RS12245	7.5451	SYNPCC7942_RS04045
M744_RS12250	1564.1871	SYNPCC7942_RS04040
M744_RS12255	33.9850	SYNPCC7942_RS04035
M744_RS12260	263.2264	SYNPCC7942_RS04030
M744_RS12265	1.8811	SYNPCC7942_RS04025
M744_RS12270	477.3683	SYNPCC7942_RS04020
M744_RS12275	228.0365	SYNPCC7942_RS04015
M744_RS12280	291.3561	SYNPCC7942_RS04010
M744_RS12290	8.3209	SYNPCC7942_RS13700
M744_RS12295	20.3981	SYNPCC7942_RS03970
M744_RS12300	4.2677	SYNPCC7942_RS03965
M744_RS12310	39.0510	SYNPCC7942_RS03955
M744_RS12315	220.1114	SYNPCC7942_RS03950
M744_RS12325	347.0483	SYNPCC7942_RS03940
M744_RS12330	33.6706	SYNPCC7942_RS03935
M744_RS12335	248.1322	SYNPCC7942_RS03930
M744_RS12340	53.7074	SYNPCC7942_RS03925
M744_RS12345	1.1842	SYNPCC7942_RS03920
M744_RS12350	0.0155	SYNPCC7942_RS03915
M744_RS12355	84.5841	SYNPCC7942_RS03910
M744_RS12365	0.9979	SYNPCC7942_RS03900
M744_RS12370	30.6966	SYNPCC7942_RS03895
M744_RS12375	4.4752	SYNPCC7942_RS03890
M744_RS12380	64.5533	SYNPCC7942_RS03885
M744_RS12385	12.2923	SYNPCC7942_RS03880
M744_RS12390	0.0309	SYNPCC7942_RS03875
M744_RS12395	57.0493	SYNPCC7942_RS03870
M744_RS12405	178.2307	SYNPCC7942_RS03860
M744_RS12410	186.4589	SYNPCC7942_RS03855
M744_RS12415	572.5660	SYNPCC7942_RS03850
M744_RS12420	52.6088	SYNPCC7942_RS03845
M744_RS12425	6.2925	SYNPCC7942_RS03840
M744_RS12430	70.2079	SYNPCC7942_RS03835
M744_RS12440	0.0548	SYNPCC7942_RS03825
M744_RS12450	29.0683	SYNPCC7942_RS03815
M744_RS12455	32.8110	SYNPCC7942_RS03810
M744_RS12460	57.4987	SYNPCC7942_RS03805
M744_RS12465	19.0460	SYNPCC7942_RS03800
M744_RS12470	74.2324	SYNPCC7942_RS03795
M744_RS12475	3.8588	SYNPCC7942_RS03790
M744_RS12480	70.3389	SYNPCC7942_RS03785
M744_RS12485	4.9293	SYNPCC7942_RS03780
M744_RS12490	29.3718	SYNPCC7942_RS03775
M744_RS12495	89.9166	SYNPCC7942_RS03770
M744_RS12500	206.7311	SYNPCC7942_RS03765
M744_RS12505	27.3260	SYNPCC7942_RS03760
M744_RS12510	27.8216	SYNPCC7942_RS03755
M744_RS12515	25.8818	SYNPCC7942_RS03750
M744_RS12520	5.7931	SYNPCC7942_RS03745
M744_RS12530	5.9434	SYNPCC7942_RS03730
M744_RS12535	5.5746	SYNPCC7942_RS03725
M744_RS12540	2.0397	SYNPCC7942_RS03720
M744_RS12550	0.0985	SYNPCC7942_RS03710
M744_RS12555	6.5379	SYNPCC7942_RS03705
M744_RS12560	21.6744	SYNPCC7942_RS03700
M744_RS12565	5.8151	SYNPCC7942_RS03695
M744_RS12575	0.0056	SYNPCC7942_RS03685
M744_RS12580	106.8048	SYNPCC7942_RS03680
M744_RS12590	966.9066	SYNPCC7942_RS03670
M744_RS12600	130.2218	SYNPCC7942_RS03660
M744_RS12605	600.7072	SYNPCC7942_RS03655
M744_RS12610	3574.2753	SYNPCC7942_RS03650
M744_RS12615	380.8224	SYNPCC7942_RS03645
M744_RS12620	339.2315	SYNPCC7942_RS03640
M744_RS12625	60.8479	SYNPCC7942_RS03635
M744_RS12630	687.7383	SYNPCC7942_RS03630
M744_RS12635	0.2202	SYNPCC7942_RS03625
M744_RS12640	156.0882	SYNPCC7942_RS03620
M744_RS12645	147.6842	SYNPCC7942_RS03615
M744_RS12650	77.7568	SYNPCC7942_RS03610
M744_RS12655	154.0797	SYNPCC7942_RS03605
M744_RS12660	0.0309	SYNPCC7942_RS03600
M744_RS12665	128.6595	SYNPCC7942_RS03595
M744_RS12670	908.2025	SYNPCC7942_RS03590
M744_RS12675	100.0764	SYNPCC7942_RS03585
M744_RS12685	7443.6094	SYNPCC7942_RS03575
M744_RS12690	560.6039	SYNPCC7942_RS03570
M744_RS12695	300.0723	SYNPCC7942_RS03565
M744_RS12700	1224.6041	SYNPCC7942_RS03560
M744_RS12705	25.1014	SYNPCC7942_RS03555
M744_RS12710	7.7827	SYNPCC7942_RS03550
M744_RS12715	53.3173	SYNPCC7942_RS13620
M744_RS12720	0.0155	SYNPCC7942_RS03540
M744_RS12725	96.5274	SYNPCC7942_RS03535
M744_RS12730	57.8470	SYNPCC7942_RS03530
M744_RS12735	343.7383	SYNPCC7942_RS03525
M744_RS12740	1256.9821	SYNPCC7942_RS03520
M744_RS12745	322.7845	SYNPCC7942_RS03515
M744_RS12750	880.4811	SYNPCC7942_RS03510
M744_RS12755	128.4659	SYNPCC7942_RS03505
M744_RS12760	114.6891	SYNPCC7942_RS03500
M744_RS12765	248.3298	SYNPCC7942_RS03495
M744_RS12770	141.1956	SYNPCC7942_RS03490
M744_RS12775	121.6588	SYNPCC7942_RS03485
M744_RS12780	1448.8381	SYNPCC7942_RS03480
M744_RS12790	89.4225	SYNPCC7942_RS03470
M744_RS12800	0.1161	SYNPCC7942_RS03465
M744_RS12805	657.5683	SYNPCC7942_RS03460
M744_RS12810	0.0210	SYNPCC7942_RS03455
M744_RS12815	768.8877	SYNPCC7942_RS03450
M744_RS12820	0.0309	SYNPCC7942_RS03445
M744_RS12825	136.1208	SYNPCC7942_RS03440
M744_RS12830	85.3715	SYNPCC7942_RS03435
M744_RS12835	0.1252	SYNPCC7942_RS03430
M744_RS12840	241.6319	SYNPCC7942_RS03425
M744_RS12850	541.8992	SYNPCC7942_RS03415
M744_RS12855	33.9973	SYNPCC7942_RS03410
M744_RS12860	120.1737	SYNPCC7942_RS03405
M744_RS12865	0.1027	SYNPCC7942_RS03400
M744_RS12870	254.4194	SYNPCC7942_RS03395
M744_RS12875	268.4784	SYNPCC7942_RS03390
M744_RS12880	230.3724	SYNPCC7942_RS03385
M744_RS12885	173.6996	SYNPCC7942_RS03380
M744_RS12890	229.1735	SYNPCC7942_RS03375
M744_RS12895	83.4867	SYNPCC7942_RS03370
M744_RS12900	485.0039	SYNPCC7942_RS03365
M744_RS12905	0.0479	SYNPCC7942_RS03360
M744_RS12920	5.0514	SYNPCC7942_RS03345
M744_RS12925	276.4111	SYNPCC7942_RS03340
M744_RS12930	796.5466	SYNPCC7942_RS03335
M744_RS12935	41.9717	SYNPCC7942_RS03330
M744_RS12940	1556.1057	SYNPCC7942_RS03325
M744_RS12945	39.2693	SYNPCC7942_RS13685
M744_RS12950	135.4052	SYNPCC7942_RS03320
M744_RS12955	74.8475	SYNPCC7942_RS03315
M744_RS12960	1518.0726	SYNPCC7942_RS03310
M744_RS12965	301.9933	SYNPCC7942_RS03305
M744_RS12970	56.0052	SYNPCC7942_RS03300
M744_RS12975	233.3875	SYNPCC7942_RS03295
M744_RS12980	191.1473	SYNPCC7942_RS03290
M744_RS12985	246.2168	SYNPCC7942_RS03285
M744_RS12990	575.3183	SYNPCC7942_RS03280
M744_RS12995	137.0601	SYNPCC7942_RS03275
M744_RS13000	713.0643	SYNPCC7942_RS03270
M744_RS13005	332.0012	SYNPCC7942_RS03265
M744_RS13010	1034.5128	SYNPCC7942_RS03260
M744_RS13015	496.4307	SYNPCC7942_RS03255
M744_RS13020	1292.6685	SYNPCC7942_RS03250
M744_RS13025	683.0057	SYNPCC7942_RS03245
M744_RS13030	437.7711	SYNPCC7942_RS03240
M744_RS13035	206.9111	SYNPCC7942_RS03235
M744_RS13040	0.1094	SYNPCC7942_RS03230
M744_RS13045	153.0791	SYNPCC7942_RS03225
M744_RS13050	51.1973	SYNPCC7942_RS03220
M744_RS13060	929.7580	SYNPCC7942_RS03210
M744_RS13065	14.9181	SYNPCC7942_RS03205
M744_RS13070	1051.5683	SYNPCC7942_RS03200
M744_RS13075	672.7844	SYNPCC7942_RS03195
M744_RS13080	427.2032	SYNPCC7942_RS03190
M744_RS13085	417.9304	SYNPCC7942_RS03185
M744_RS13090	631.3115	SYNPCC7942_RS03180
M744_RS13095	380.1155	SYNPCC7942_RS03175
M744_RS13100	1016.4506	SYNPCC7942_RS03170
M744_RS13105	60.3236	SYNPCC7942_RS03165
M744_RS13110	147.2737	SYNPCC7942_RS03160
M744_RS13115	76.5096	SYNPCC7942_RS03155
M744_RS13120	227.2329	SYNPCC7942_RS03150
M744_RS13125	36.2701	SYNPCC7942_RS03145
M744_RS13130	240.2619	SYNPCC7942_RS03140
M744_RS13140	477.9686	SYNPCC7942_RS03130
M744_RS13145	363.3241	SYNPCC7942_RS03125
M744_RS13150	169.7836	SYNPCC7942_RS03120
M744_RS13160	5.9188	SYNPCC7942_RS03110
M744_RS13165	134.8629	SYNPCC7942_RS03105
M744_RS13170	653.6417	SYNPCC7942_RS03100
M744_RS13175	606.3394	SYNPCC7942_RS03095
M744_RS13180	128.4725	SYNPCC7942_RS03090
M744_RS13185	232.8996	SYNPCC7942_RS03080
M744_RS13190	123.1159	SYNPCC7942_RS03075
M744_RS13200	2350.2668	SYNPCC7942_RS03065
M744_RS13205	31.0055	SYNPCC7942_RS03060
M744_RS13210	168.8700	SYNPCC7942_RS03055
M744_RS13215	12.4810	SYNPCC7942_RS03050
M744_RS13220	509.5783	SYNPCC7942_RS03045
M744_RS13230	261.3263	SYNPCC7942_RS03035
M744_RS13235	220.2299	SYNPCC7942_RS03030
M744_RS13240	166.1009	SYNPCC7942_RS03025
M744_RS13245	139.1742	SYNPCC7942_RS03020
M744_RS13250	143.2976	SYNPCC7942_RS03015
M744_RS13255	278.4309	SYNPCC7942_RS03010
M744_RS13290	37.2053	SYNPCC7942_RS13490
M744_RS13295	105.3504	SYNPCC7942_RS13485
M744_RS13300	74.2574	SYNPCC7942_RS13480
M744_RS13315	60.0309	SYNPCC7942_RS13465
M744_RS13320	84.6884	SYNPCC7942_RS13455
M744_RS13325	27.4074	SYNPCC7942_RS13450
M744_RS13330	0.0155	SYNPCC7942_RS13445
M744_RS13335	70.3764	SYNPCC7942_RS13440
M744_RS13340	13.8482	SYNPCC7942_RS13435
M744_RS13345	0.4729	SYNPCC7942_RS13430
M744_RS13350	71.8550	SYNPCC7942_RS13425
M744_RS13355	15.5520	SYNPCC7942_RS13420
M744_RS13360	13.4589	SYNPCC7942_RS13415
M744_RS13365	22.2768	SYNPCC7942_RS13410
M744_RS13370	21.9196	SYNPCC7942_RS13405
M744_RS13375	23.1449	SYNPCC7942_RS13400
M744_RS13380	21.1810	SYNPCC7942_RS13395
M744_RS13385	12.9439	SYNPCC7942_RS13390
M744_RS13395	0.0677	SYNPCC7942_RS13380
M744_RS13400	85.8397	SYNPCC7942_RS13375
M744_RS13405	25.9433	SYNPCC7942_RS13370
M744_RS13410	37.3177	SYNPCC7942_RS13365
M744_RS13415	9.1333	SYNPCC7942_RS13360
M744_RS13420	124.9697	SYNPCC7942_RS13355
M744_RS13425	58.6427	SYNPCC7942_RS13350
M744_RS13430	0.0266	SYNPCC7942_RS13345
M744_RS13440	54.3945	SYNPCC7942_RS13335
M744_RS13445	1.3490	SYNPCC7942_RS13330
M744_RS13450	47.6624	SYNPCC7942_RS13595
M744_RS13455	61.8605	SYNPCC7942_RS13590
M744_RS13470	6.3318	SYNPCC7942_RS13575
M744_RS13475	82.2301	SYNPCC7942_RS13570
M744_RS13480	0.7382	SYNPCC7942_RS13565
M744_RS13485	107.0883	SYNPCC7942_RS13560
M744_RS13490	19.2160	SYNPCC7942_RS13555
M744_RS13495	20.4958	SYNPCC7942_RS13550
M744_RS13500	9.1129	SYNPCC7942_RS13545
M744_RS13505	58.1628	SYNPCC7942_RS13540
M744_RS13510	11.4204	SYNPCC7942_RS13535
M744_RS13520	530.6721	SYNPCC7942_RS13525
M744_RS13525	8.9181	SYNPCC7942_RS13520
M744_RS13540	166.0273	SYNPCC7942_RS13505
M744_RS13545	84.8063	SYNPCC7942_RS13500
M744_RS13550	15.0345	SYNPCC7942_RS13495
M744_RS13590	45.3524	SYNPCC7942_RS13610
M744_RS13595	29.1693	SYNPCC7942_RS13630
M744_RS13600	27.0317	SYNPCC7942_RS13625
M744_RS13605	124.0913	SYNPCC7942_RS13615
M744_RS13615	68.0268	SYNPCC7942_RS13640
M744_RS13625	578.1761	SYNPCC7942_RS13675
M744_RS13630	568.3440	SYNPCC7942_RS13670
M744_RS13635	101.2459	SYNPCC7942_RS13665
M744_RS13640	224.2111	SYNPCC7942_RS00595
M744_RS13645	54.3744	SYNPCC7942_RS13660
M744_RS13650	0.0155	SYNPCC7942_RS13650
M744_RS13655	0.0253	SYNPCC7942_RS13645
M744_RS13660	0.3625	SYNPCC7942_RS13855
M744_RS13675	71.1636	SYNPCC7942_RS13840
M744_RS13690	96.0908	SYNPCC7942_RS13830
M744_RS13705	179.9768	SYNPCC7942_RS13815
M744_RS13710	4.6197	SYNPCC7942_RS10865
M744_RS13720	11.7736	SYNPCC7942_RS13805
M744_RS13725	268.9862	SYNPCC7942_RS13795
M744_RS13735	38.9103	SYNPCC7942_RS13760
M744_RS13745	205.2145	SYNPCC7942_RS13770
M744_RS13760	11.6079	SYNPCC7942_RS13785
M744_RS13770	368.2442	SYNPCC7942_RS13750
M744_RS13775	121.4980	SYNPCC7942_RS06420
M744_RS13780	293.9951	SYNPCC7942_RS13745
M744_RS13790	265.6600	SYNPCC7942_RS13735
M744_RS13795	97.1538	SYNPCC7942_RS13730
M744_RS13805	0.0309	SYNPCC7942_RS04950
M744_RS13810	168.1392	SYNPCC7942_RS13715
M744_RS13815	91.7704	SYNPCC7942_RS13710
M744_RS13820	110.9125	SYNPCC7942_RS13695
M744_RS13825	32.5357	SYNPCC7942_RS13690
M744_RS13830	114.9529	SYNPCC7942_RS13680
M744_RS13840	8.2726	SYNPCC7942_RS13860
M744_RS13845	5.9150	SYNPCC7942_RS13880
M744_RS13850	138.4559	SYNPCC7942_RS13870
M744_RS13860	3.6271	SYNPCC7942_RS13515
M744_RS13870	118.4078	SYNPCC7942_RS13930
M744_RS13875	31.5361	SYNPCC7942_RS13925
M744_RS13880	0.0155	SYNPCC7942_RS13920
M744_RS13885	0.2710	SYNPCC7942_RS13915
M744_RS13890	9.9298	SYNPCC7942_RS13910
M744_RS13895	250.7189	SYNPCC7942_RS13905
M744_RS13900	990.6090	SYNPCC7942_RS14105
M744_RS13905	105.5062	SYNPCC7942_RS14100
M744_RS13910	134.5563	SYNPCC7942_RS14095
M744_RS13915	220.2078	SYNPCC7942_RS11480
M744_RS13925	21.0498	SYNPCC7942_RS14085
M744_RS13930	33.3229	SYNPCC7942_RS10985
M744_RS13935	4.9027	SYNPCC7942_RS14080
M744_RS13945	0.2502	SYNPCC7942_RS14070
M744_RS13950	287.0668	SYNPCC7942_RS14065
M744_RS13955	142.2776	SYNPCC7942_RS14060
M744_RS13960	23.9489	SYNPCC7942_RS14055
M744_RS13965	16.0754	SYNPCC7942_RS14050
M744_RS13970	48.6629	SYNPCC7942_RS14045
M744_RS13975	18.5347	SYNPCC7942_RS14015
M744_RS13980	0.0309	SYNPCC7942_RS14020
M744_RS13985	8.9697	SYNPCC7942_RS14025
M744_RS13990	4.1263	SYNPCC7942_RS14030
M744_RS13995	17.3593	SYNPCC7942_RS14035
M744_RS14005	16.0513	SYNPCC7942_RS14005
M744_RS14010	4.7820	SYNPCC7942_RS14000
M744_RS14015	4.6178	SYNPCC7942_RS13995
M744_RS14020	3.3570	SYNPCC7942_RS13990
M744_RS14025	6.9763	SYNPCC7942_RS13985
M744_RS14030	21.2736	SYNPCC7942_RS13980
M744_RS14035	2002.6550	SYNPCC7942_RS13970
M744_RS14040	8.3440	SYNPCC7942_RS13965
M744_RS14045	270.0810	SYNPCC7942_RS13960
M744_RS14050	27.5563	SYNPCC7942_RS13940
M744_RS14055	31.6463	SYNPCC7942_RS13935
M744_RS14060	20.2278	SYNPCC7942_RS03735
M744_RS14065	6.9051	SYNPCC7942_RS13460
M744_RS14070	31.0062	SYNPCC7942_RS14125
M744_RS14080	40.8632	SYNPCC7942_RS14115
M744_RS14085	64.7130	SYNPCC7942_RS14145
M744_RS14090	404.6061	SYNPCC7942_RS14140
M744_RS14095	263.7019	SYNPCC7942_RS14135
M744_RS14100	15.2827	SYNPCC7942_RS14130
M744_RS14105	80.5633	SYNPCC7942_RS14200
M744_RS14110	363.7510	SYNPCC7942_RS14195
M744_RS14120	54.7472	SYNPCC7942_RS14190
M744_RS14125	235.9099	SYNPCC7942_RS14185
M744_RS14130	243.6203	SYNPCC7942_RS14180
M744_RS14135	19.6806	SYNPCC7942_RS14170
M744_RS14140	24.0681	SYNPCC7942_RS14175
M744_RS14150	151.5689	SYNPCC7942_RS14160
M744_RS14155	248.3317	SYNPCC7942_RS14155
M744_RS14160	54.2126	SYNPCC7942_RS14150
M744_RS14165	2.2672	SYNPCC7942_RS14220
M744_RS14170	114.6098	SYNPCC7942_RS14210
M744_RS14180	278.8857	SYNPCC7942_RS14290
M744_RS14185	18.4020	SYNPCC7942_RS14245
M744_RS14195	0.2856	SYNPCC7942_RS14295
M744_RS14200	7.2481	SYNPCC7942_RS14225
M744_RS14205	7.7787	SYNPCC7942_RS14215
M744_RS14210	1294.1437	SYNPCC7942_RS00240
M744_RS14215	8.8486	SYNPCC7942_RS14285
M744_RS14225	0.9218	SYNPCC7942_RS14270
M744_RS14230	17.3280	SYNPCC7942_RS14275
M744_RS14235	5.0490	SYNPCC7942_RS14280
M744_RS14240	194.3503	SYNPCC7942_RS14265
M744_RS14245	987.9419	SYNPCC7942_RS14260
M744_RS14250	20.5948	SYNPCC7942_RS14255
M744_RS14255	9.4946	SYNPCC7942_RS14250
M744_RS14260	35.4654	SYNPCC7942_RS14240
M744_RS14265	149.0687	SYNPCC7942_RS14235
M744_RS14270	13.5417	SYNPCC7942_RS14230
