locus_tag	abundance	source_gene_id
M744_RS00005	13.8305	SYNPCC7942_RS02980
M744_RS00010	2312.6720	SYNPCC7942_RS02975
M744_RS00020	102.5599	SYNPCC7942_RS02965
M744_RS00025	7.7464	SYNPCC7942_RS02960
M744_RS00030	13.1245	SYNPCC7942_RS02955
M744_RS00035	1.0596	SYNPCC7942_RS02950
M744_RS00040	198.2014	SYNPCC7942_RS02945
M744_RS00045	171.0914	SYNPCC7942_RS02940
M744_RS00050	15.7947	SYNPCC7942_RS02935
M744_RS00055	7.7389	SYNPCC7942_RS02930
M744_RS00060	173.8259	SYNPCC7942_RS02925
M744_RS00065	67.4004	SYNPCC7942_RS02920
M744_RS00075	0.0612	SYNPCC7942_RS02910
M744_RS00080	167.2586	SYNPCC7942_RS02905
M744_RS00085	55.3139	SYNPCC7942_RS02900
M744_RS00090	139.8669	SYNPCC7942_RS02895
M744_RS00095	24.0314	SYNPCC7942_RS02890
M744_RS00100	50.3854	SYNPCC7942_RS02885
M744_RS00105	0.0138	SYNPCC7942_RS02880
M744_RS00110	89.5737	SYNPCC7942_RS02875
M744_RS00115	25.3235	SYNPCC7942_RS02870
M744_RS00120	43.6862	SYNPCC7942_RS02865
M744_RS00125	24.6398	SYNPCC7942_RS02860
M744_RS00130	72.8689	SYNPCC7942_RS02855
M744_RS00135	23.9079	SYNPCC7942_RS02850
M744_RS00140	38.2668	SYNPCC7942_RS02845
M744_RS00145	44.6403	SYNPCC7942_RS02840
M744_RS00150	32.6689	SYNPCC7942_RS02835
M744_RS00155	0.0000	SYNPCC7942_RS02830
M744_RS00160	207.5830	SYNPCC7942_RS02825
M744_RS00165	103.7898	SYNPCC7942_RS02820
M744_RS00170	0.0000	SYNPCC7942_RS02815
M744_RS00175	199.6917	SYNPCC7942_RS02810
M744_RS00180	17102.7408	SYNPCC7942_RS02805
M744_RS00185	6.3221	SYNPCC7942_RS02800
M744_RS00190	190.0365	SYNPCC7942_RS02795
M744_RS00195	67.3718	SYNPCC7942_RS02790
M744_RS00200	4.4560	SYNPCC7942_RS02785
M744_RS00205	187.8943	SYNPCC7942_RS02780
M744_RS00210	0.1104	SYNPCC7942_RS02775
M744_RS00215	39.9055	SYNPCC7942_RS02770
M744_RS00220	0.5427	SYNPCC7942_RS02765
M744_RS00225	36.4442	SYNPCC7942_RS02760
M744_RS00230	18.5969	SYNPCC7942_RS02755
M744_RS00235	80.6648	SYNPCC7942_RS02750
M744_RS00240	37.0535	SYNPCC7942_RS02745
M744_RS00245	11.1417	SYNPCC7942_RS02740
M744_RS00250	1834.1879	SYNPCC7942_RS02735
M744_RS00255	280.1295	SYNPCC7942_RS02730
M744_RS00260	105.8052	SYNPCC7942_RS02725
M744_RS00265	1845.2154	SYNPCC7942_RS02720
M744_RS00270	124.0973	SYNPCC7942_RS02715
M744_RS00275	0.0138	SYNPCC7942_RS02710
M744_RS00280	39.6693	SYNPCC7942_RS02705
M744_RS00285	98.2805	SYNPCC7942_RS02700
M744_RS00290	8.4722	SYNPCC7942_RS02695
M744_RS00295	0.5025	SYNPCC7942_RS02690
M744_RS00300	258.4336	SYNPCC7942_RS02685
M744_RS00305	136.9958	SYNPCC7942_RS02680
M744_RS00310	7.6092	SYNPCC7942_RS02675
M744_RS00315	40.4355	SYNPCC7942_RS02670
M744_RS00320	15.4153	SYNPCC7942_RS02665
M744_RS00325	41.7449	SYNPCC7942_RS02660
M744_RS00330	37.2968	SYNPCC7942_RS02655
M744_RS00335	4.3043	SYNPCC7942_RS02645
M744_RS00340	6.7565	SYNPCC7942_RS02640
M744_RS00345	4.4215	SYNPCC7942_RS02635
M744_RS00350	32.6016	SYNPCC7942_RS02630
M744_RS00355	48.5269	SYNPCC7942_RS02625
M744_RS00360	292.4933	SYNPCC7942_RS02620
M744_RS00365	223.7628	SYNPCC7942_RS02615
M744_RS00370	278.1444	SYNPCC7942_RS02610
M744_RS00375	18.6152	SYNPCC7942_RS02605
M744_RS00380	62.8451	SYNPCC7942_RS02600
M744_RS00385	210.2848	SYNPCC7942_RS02595
M744_RS00390	10.3356	SYNPCC7942_RS02590
M744_RS00395	8.1424	SYNPCC7942_RS02585
M744_RS00400	18.6266	SYNPCC7942_RS02580
M744_RS00405	1.7420	SYNPCC7942_RS02575
M744_RS00410	71.8917	SYNPCC7942_RS02570
M744_RS00415	276.8118	SYNPCC7942_RS02565
M744_RS00420	15.4370	SYNPCC7942_RS02560
M744_RS00425	168.1203	SYNPCC7942_RS02555
M744_RS00430	5.9749	SYNPCC7942_RS02550
M744_RS00435	84.4750	SYNPCC7942_RS02545
M744_RS00440	12.9612	SYNPCC7942_RS02540
M744_RS00445	93.1686	SYNPCC7942_RS02535
M744_RS00450	211.1006	SYNPCC7942_RS02530
M744_RS00455	38.7264	SYNPCC7942_RS02525
M744_RS00460	80.8179	SYNPCC7942_RS02520
M744_RS00465	411.7953	SYNPCC7942_RS02515
M744_RS00470	68.6960	SYNPCC7942_RS02510
M744_RS00475	49.6630	SYNPCC7942_RS02505
M744_RS00485	415.5220	SYNPCC7942_RS02495
M744_RS00490	97.5419	SYNPCC7942_RS02490
M744_RS00495	137.1650	SYNPCC7942_RS02485
M744_RS00500	2.5838	SYNPCC7942_RS02480
M744_RS00505	58.1304	SYNPCC7942_RS02475
M744_RS00510	20.5238	SYNPCC7942_RS02470
M744_RS00515	39.8393	SYNPCC7942_RS02465
M744_RS00520	32.2705	SYNPCC7942_RS02460
M744_RS00525	170.1917	SYNPCC7942_RS02455
M744_RS00530	116.2551	SYNPCC7942_RS02450
M744_RS00535	219.4623	SYNPCC7942_RS02445
M744_RS00540	20.7781	SYNPCC7942_RS02440
M744_RS00545	119.6508	SYNPCC7942_RS02435
M744_RS00550	77.0505	SYNPCC7942_RS02430
M744_RS00555	3.5737	SYNPCC7942_RS02425
M744_RS00560	96.4502	SYNPCC7942_RS02420
M744_RS00565	662.5912	SYNPCC7942_RS02415
M744_RS00570	9.4194	SYNPCC7942_RS02410
M744_RS00575	26.8163	SYNPCC7942_RS02405
M744_RS00590	215.5453	SYNPCC7942_RS02390
M744_RS00595	22.5802	SYNPCC7942_RS02385
M744_RS00600	20.2294	SYNPCC7942_RS02380
M744_RS00605	331.9574	SYNPCC7942_RS02375
M744_RS00610	81.5768	SYNPCC7942_RS02370
M744_RS00615	76.3353	SYNPCC7942_RS02365
M744_RS00620	2.8113	SYNPCC7942_RS02360
M744_RS00625	44.3987	SYNPCC7942_RS02355
M744_RS00630	3.6702	SYNPCC7942_RS02350
M744_RS00635	3.9997	SYNPCC7942_RS02345
M744_RS00640	67.9863	SYNPCC7942_RS02340
M744_RS00645	16.8759	SYNPCC7942_RS02335
M744_RS00650	12.9294	SYNPCC7942_RS02330
M744_RS00655	9.6834	SYNPCC7942_RS02325
M744_RS00660	0.0047	SYNPCC7942_RS02320
M744_RS00665	68.7298	SYNPCC7942_RS02315
M744_RS00675	139.1401	SYNPCC7942_RS02305
M744_RS00680	204.0417	SYNPCC7942_RS02300
M744_RS00685	65.6153	SYNPCC7942_RS02295
M744_RS00690	123.9447	SYNPCC7942_RS02290
M744_RS00695	270.5418	SYNPCC7942_RS02285
M744_RS00700	273.4284	SYNPCC7942_RS02280
M744_RS00705	20.0172	SYNPCC7942_RS02275
M744_RS00710	1067.6836	SYNPCC7942_RS02270
M744_RS00715	1311.8781	SYNPCC7942_RS02265
M744_RS00720	4991.4777	SYNPCC7942_RS02260
M744_RS00725	5.5780	SYNPCC7942_RS02255
M744_RS00735	12.3695	SYNPCC7942_RS02245
M744_RS00740	36.2143	SYNPCC7942_RS02240
M744_RS00750	0.8929	SYNPCC7942_RS02230
M744_RS00755	23.6313	SYNPCC7942_RS02225
M744_RS00760	118.0537	SYNPCC7942_RS02220
M744_RS00770	61.2190	SYNPCC7942_RS02210
M744_RS00775	0.0181	SYNPCC7942_RS02205
M744_RS00780	145.5431	SYNPCC7942_RS02200
M744_RS00785	1887.5568	SYNPCC7942_RS02195
M744_RS00790	116.1095	SYNPCC7942_RS02190
M744_RS00795	53.3431	SYNPCC7942_RS02185
M744_RS00800	18.9908	SYNPCC7942_RS02180
M744_RS00805	16.3767	SYNPCC7942_RS02175
M744_RS00810	244.3142	SYNPCC7942_RS02170
M744_RS00815	32602.3358	SYNPCC7942_RS02165
M744_RS00820	129.4423	SYNPCC7942_RS02160
M744_RS00825	434.8379	SYNPCC7942_RS02155
M744_RS00830	37.7584	SYNPCC7942_RS02150
M744_RS00835	99.6700	SYNPCC7942_RS02145
M744_RS00840	123.7586	SYNPCC7942_RS02140
M744_RS00845	7391.7318	SYNPCC7942_RS02135
M744_RS00850	5627.4839	SYNPCC7942_RS02130
M744_RS00855	1432.8424	SYNPCC7942_RS02125
M744_RS00860	0.0000	SYNPCC7942_RS02120
M744_RS00865	2753.9409	SYNPCC7942_RS02115
M744_RS00875	56.5451	SYNPCC7942_RS02105
M744_RS00880	27.0026	SYNPCC7942_RS02100
M744_RS00885	29.5486	SYNPCC7942_RS02095
M744_RS00890	8.2865	SYNPCC7942_RS02090
M744_RS00895	5.3385	SYNPCC7942_RS02085
M744_RS00900	4.3349	SYNPCC7942_RS02080
M744_RS00905	76.4978	SYNPCC7942_RS02075
M744_RS00910	129.0219	SYNPCC7942_RS02070
M744_RS00915	13.5257	SYNPCC7942_RS02065
M744_RS00920	70.9077	SYNPCC7942_RS02060
M744_RS00925	21.1590	SYNPCC7942_RS02055
M744_RS00930	17.9878	SYNPCC7942_RS02050
M744_RS00935	64.0330	SYNPCC7942_RS02045
M744_RS00940	58.9787	SYNPCC7942_RS02040
M744_RS00945	36.1187	SYNPCC7942_RS02035
M744_RS00950	122.9137	SYNPCC7942_RS02030
M744_RS00955	20.1115	SYNPCC7942_RS02025
M744_RS00960	59.7693	SYNPCC7942_RS02020
M744_RS00965	200.4615	SYNPCC7942_RS02015
M744_RS00970	4.5367	SYNPCC7942_RS02010
M744_RS00975	53.1815	SYNPCC7942_RS02005
M744_RS00980	8.9783	SYNPCC7942_RS02000
M744_RS00985	630.1484	SYNPCC7942_RS01995
M744_RS00990	52.3249	SYNPCC7942_RS01990
M744_RS00995	8.8135	SYNPCC7942_RS01985
M744_RS01000	5.4781	SYNPCC7942_RS01980
M744_RS01005	37.4494	SYNPCC7942_RS01975
M744_RS01010	75.1049	SYNPCC7942_RS01970
M744_RS01015	943.5229	SYNPCC7942_RS01965
M744_RS01020	17.1101	SYNPCC7942_RS01960
M744_RS01025	140.6077	SYNPCC7942_RS01955
M744_RS01030	51.2464	SYNPCC7942_RS01950
M744_RS01035	795.2508	SYNPCC7942_RS01945
M744_RS01040	29.7872	SYNPCC7942_RS01940
M744_RS01045	184.0985	SYNPCC7942_RS01935
M744_RS01050	33.2039	SYNPCC7942_RS01930
M744_RS01055	60.9908	SYNPCC7942_RS01925
M744_RS01060	170.2800	SYNPCC7942_RS01920
M744_RS01065	0.1282	SYNPCC7942_RS01915
M744_RS01070	51.9503	SYNPCC7942_RS01910
M744_RS01075	51.9791	SYNPCC7942_RS01905
M744_RS01080	21.6743	SYNPCC7942_RS01900
M744_RS01090	83.3969	SYNPCC7942_RS01890
M744_RS01095	226.1883	SYNPCC7942_RS01885
M744_RS01100	717.7759	SYNPCC7942_RS01880
M744_RS01105	30.0162	SYNPCC7942_RS01875
M744_RS01110	62.2811	SYNPCC7942_RS01870
M744_RS01115	90.0116	SYNPCC7942_RS01865
M744_RS01120	467.0906	SYNPCC7942_RS01860
M744_RS01125	14.4077	SYNPCC7942_RS01855
M744_RS01130	8.3038	SYNPCC7942_RS01850
M744_RS01135	27.6234	SYNPCC7942_RS01845
M744_RS01140	218.0102	SYNPCC7942_RS01840
M744_RS01145	0.0000	SYNPCC7942_RS01835
M744_RS01150	202.2316	SYNPCC7942_RS01830
M744_RS01155	2.1905	SYNPCC7942_RS01825
M744_RS01160	58.5632	SYNPCC7942_RS01820
M744_RS01170	61.0345	SYNPCC7942_RS01810
M744_RS01175	2.5424	SYNPCC7942_RS01805
M744_RS01180	197.4548	SYNPCC7942_RS01800
M744_RS01185	49.6785	SYNPCC7942_RS01795
M744_RS01190	50.2611	SYNPCC7942_RS01790
M744_RS01195	144.6497	SYNPCC7942_RS01785
M744_RS01200	12.2440	SYNPCC7942_RS01780
M744_RS01205	150.9274	SYNPCC7942_RS01775
M744_RS01210	152.7213	SYNPCC7942_RS01770
M744_RS01215	21.4518	SYNPCC7942_RS01765
M744_RS01220	5.3178	SYNPCC7942_RS01760
M744_RS01225	139.4676	SYNPCC7942_RS01755
M744_RS01230	185.9898	SYNPCC7942_RS01750
M744_RS01235	39.7500	SYNPCC7942_RS01745
M744_RS01240	7.8684	SYNPCC7942_RS01740
M744_RS01245	58.8757	SYNPCC7942_RS01735
M744_RS01250	21.2019	SYNPCC7942_RS01730
M744_RS01255	26.5138	SYNPCC7942_RS01725
M744_RS01260	31.2206	SYNPCC7942_RS01720
M744_RS01265	385.7943	SYNPCC7942_RS01715
M744_RS01275	110.3031	SYNPCC7942_RS01705
M744_RS01280	227.7928	SYNPCC7942_RS01700
M744_RS01285	134.5964	SYNPCC7942_RS01695
M744_RS01290	344.5802	SYNPCC7942_RS01690
M744_RS01295	1438.5568	SYNPCC7942_RS01685
M744_RS01300	851.7393	SYNPCC7942_RS01680
M744_RS01305	54.4995	SYNPCC7942_RS01675
M744_RS01310	2700.9323	SYNPCC7942_RS01670
M744_RS01315	3968.1897	SYNPCC7942_RS01665
M744_RS01320	1810.7206	SYNPCC7942_RS01660
M744_RS01325	287.4458	SYNPCC7942_RS01655
M744_RS01330	310.3769	SYNPCC7942_RS01650
M744_RS01335	1.2305	SYNPCC7942_RS01645
M744_RS01340	319.0154	SYNPCC7942_RS01640
M744_RS01345	1652.1398	SYNPCC7942_RS01635
M744_RS01350	19.7588	SYNPCC7942_RS01630
M744_RS01355	49.7982	SYNPCC7942_RS01625
M744_RS01360	167.8962	SYNPCC7942_RS01620
M744_RS01365	40.5580	SYNPCC7942_RS01615
M744_RS01370	498.1366	SYNPCC7942_RS01610
M744_RS01375	1233.7435	SYNPCC7942_RS01605
M744_RS01380	4.0186	SYNPCC7942_RS01600
M744_RS01385	61.3074	SYNPCC7942_RS01595
M744_RS01390	235.8636	SYNPCC7942_RS01590
M744_RS01395	0.0612	SYNPCC7942_RS01585
M744_RS01400	58.6234	SYNPCC7942_RS01580
M744_RS01405	584.0474	SYNPCC7942_RS01575
M744_RS01410	361.3411	SYNPCC7942_RS01570
M744_RS01415	203.2239	SYNPCC7942_RS01565
M744_RS01420	43.8499	SYNPCC7942_RS01560
M744_RS01425	391.1747	SYNPCC7942_RS01555
M744_RS01430	322.5128	SYNPCC7942_RS01550
M744_RS01435	39.6834	SYNPCC7942_RS01545
M744_RS01440	57.9311	SYNPCC7942_RS01540
M744_RS01445	196.6601	SYNPCC7942_RS01535
M744_RS01450	112.4968	SYNPCC7942_RS01530
M744_RS01455	0.0138	SYNPCC7942_RS01525
M744_RS01460	19.9972	SYNPCC7942_RS01520
M744_RS01465	1777.6394	SYNPCC7942_RS01515
M744_RS01470	126.5385	SYNPCC7942_RS01510
M744_RS01475	223.5654	SYNPCC7942_RS01505
M744_RS01480	1107.9443	SYNPCC7942_RS01500
M744_RS01485	0.0090	SYNPCC7942_RS01495
M744_RS01490	102.3437	SYNPCC7942_RS01490
M744_RS01495	78.6454	SYNPCC7942_RS01485
M744_RS01505	31.3674	SYNPCC7942_RS01475
M744_RS01510	730.6791	SYNPCC7942_RS01470
M744_RS01515	14.9540	SYNPCC7942_RS01465
M744_RS01525	3.0591	SYNPCC7942_RS01455
M744_RS01530	62.8024	SYNPCC7942_RS01450
M744_RS01535	64.8084	SYNPCC7942_RS01445
M744_RS01540	8.5825	SYNPCC7942_RS01440
M744_RS01545	214.7470	SYNPCC7942_RS01435
M744_RS01550	122.0073	SYNPCC7942_RS01430
M744_RS01555	20.7625	SYNPCC7942_RS01425
M744_RS01560	21.7282	SYNPCC7942_RS01420
M744_RS01565	199.5674	SYNPCC7942_RS01415
M744_RS01570	16.4785	SYNPCC7942_RS01410
M744_RS01575	188.8120	SYNPCC7942_RS01405
M744_RS01580	0.0138	SYNPCC7942_RS01400
M744_RS01585	30.5621	SYNPCC7942_RS01395
M744_RS01590	0.0138	SYNPCC7942_RS01390
M744_RS01595	5.8758	SYNPCC7942_RS01385
M744_RS01600	9.5136	SYNPCC7942_RS01380
M744_RS01605	33.7059	SYNPCC7942_RS01375
M744_RS01610	17.2408	SYNPCC7942_RS01370
M744_RS01615	0.0138	SYNPCC7942_RS01365
M744_RS01620	1160.1565	SYNPCC7942_RS01360
M744_RS01625	0.0138	SYNPCC7942_RS01355
M744_RS01630	30.4266	SYNPCC7942_RS01350
M744_RS01635	0.0229	SYNPCC7942_RS01345
M744_RS01640	118.6148	SYNPCC7942_RS01340
M744_RS01645	280.9202	SYNPCC7942_RS01335
M744_RS01650	12.7930	SYNPCC7942_RS01330
M744_RS01655	11730.8093	SYNPCC7942_RS01325
M744_RS01660	29.2308	SYNPCC7942_RS01320
M744_RS01665	9.2388	SYNPCC7942_RS01315
M744_RS01670	0.0000	SYNPCC7942_RS01310
M744_RS01680	146.2026	SYNPCC7942_RS01300
M744_RS01685	1739.6488	SYNPCC7942_RS01295
M744_RS01690	1804.7769	SYNPCC7942_RS01290
M744_RS01695	283.1235	SYNPCC7942_RS01285
M744_RS01700	243.1889	SYNPCC7942_RS01280
M744_RS01705	4.5147	SYNPCC7942_RS01275
M744_RS01710	20.5945	SYNPCC7942_RS01270
M744_RS01715	31.0497	SYNPCC7942_RS01265
M744_RS01720	37.9529	SYNPCC7942_RS01260
M744_RS01725	28.3718	SYNPCC7942_RS01255
M744_RS01730	1698.4784	SYNPCC7942_RS01250
M744_RS01735	2868.4921	SYNPCC7942_RS01245
M744_RS01740	219.8615	SYNPCC7942_RS01240
M744_RS01745	158.5203	SYNPCC7942_RS01235
M744_RS01755	36.1477	SYNPCC7942_RS01225
M744_RS01760	311.4742	SYNPCC7942_RS01220
M744_RS01765	36.7865	SYNPCC7942_RS01215
M744_RS01770	0.0457	SYNPCC7942_RS01210
M744_RS01775	57.4161	SYNPCC7942_RS01205
M744_RS01780	1053.0550	SYNPCC7942_RS01200
M744_RS01785	14.3514	SYNPCC7942_RS01195
M744_RS01790	16.8284	SYNPCC7942_RS01190
M744_RS01795	43.4841	SYNPCC7942_RS01185
M744_RS01800	27.7633	SYNPCC7942_RS01180
M744_RS01805	5.5718	SYNPCC7942_RS01175
M744_RS01810	177.2729	SYNPCC7942_RS01170
M744_RS01815	368.5732	SYNPCC7942_RS01165
M744_RS01820	8.9672	SYNPCC7942_RS01160
M744_RS01825	0.0138	SYNPCC7942_RS01155
M744_RS01830	207.8561	SYNPCC7942_RS01150
M744_RS01835	250.7208	SYNPCC7942_RS01145
M744_RS01840	58.4593	SYNPCC7942_RS01140
M744_RS01845	12.0206	SYNPCC7942_RS01135
M744_RS01850	0.5831	SYNPCC7942_RS01130
M744_RS01855	143.0115	SYNPCC7942_RS01125
M744_RS01860	16.3388	SYNPCC7942_RS01120
M744_RS01865	14.8801	SYNPCC7942_RS01115
M744_RS01870	5.3219	SYNPCC7942_RS01110
M744_RS01880	29.4938	SYNPCC7942_RS01100
M744_RS01885	31.6435	SYNPCC7942_RS01095
M744_RS01890	4.7358	SYNPCC7942_RS01090
M744_RS01895	628.1549	SYNPCC7942_RS01085
M744_RS01900	13.8580	SYNPCC7942_RS01080
M744_RS01905	51.4398	SYNPCC7942_RS01075
M744_RS01910	43.9278	SYNPCC7942_RS01070
M744_RS01915	35.0978	SYNPCC7942_RS01065
M744_RS01920	0.0000	SYNPCC7942_RS01060
M744_RS01925	40.9345	SYNPCC7942_RS01055
M744_RS01935	6.8882	SYNPCC7942_RS01045
M744_RS01940	19.0697	SYNPCC7942_RS01040
M744_RS01950	107.2162	SYNPCC7942_RS01030
M744_RS01955	12.0858	SYNPCC7942_RS01025
M744_RS01960	674.8137	SYNPCC7942_RS01020
M744_RS01965	30.6962	SYNPCC7942_RS01015
M744_RS01970	112.1303	SYNPCC7942_RS01010
M744_RS01975	381.4853	SYNPCC7942_RS01005
M744_RS01980	0.2177	SYNPCC7942_RS01000
M744_RS01985	138.0841	SYNPCC7942_RS00995
M744_RS01990	470.4845	SYNPCC7942_RS00990
M744_RS01995	66.1397	SYNPCC7942_RS00985
M744_RS02005	105.0320	SYNPCC7942_RS00975
M744_RS02010	342.8106	SYNPCC7942_RS00970
M744_RS02015	8.7440	SYNPCC7942_RS00965
M744_RS02020	219.3676	SYNPCC7942_RS00960
M744_RS02025	12.5622	SYNPCC7942_RS00955
M744_RS02030	23.4972	SYNPCC7942_RS00950
M744_RS02035	2.3280	SYNPCC7942_RS00945
M744_RS02040	19.1472	SYNPCC7942_RS00940
M744_RS02045	8.8181	SYNPCC7942_RS00935
M744_RS02050	20.4927	SYNPCC7942_RS00930
M744_RS02055	105.4458	SYNPCC7942_RS00925
M744_RS02060	118.0376	SYNPCC7942_RS00920
M744_RS02065	1196.6508	SYNPCC7942_RS00915
M744_RS02070	9.2011	SYNPCC7942_RS00910
M744_RS02075	6.0926	SYNPCC7942_RS00905
M744_RS02080	110.1283	SYNPCC7942_RS00900
M744_RS02090	0.0138	SYNPCC7942_RS00890
M744_RS02095	9.9341	SYNPCC7942_RS00885
M744_RS02100	0.0000	SYNPCC7942_RS00880
M744_RS02105	0.0181	SYNPCC7942_RS00875
M744_RS02110	29.8435	SYNPCC7942_RS00870
M744_RS02115	29.9360	SYNPCC7942_RS00865
M744_RS02120	663.8752	SYNPCC7942_RS00860
M744_RS02125	200.9537	SYNPCC7942_RS00855
M744_RS02130	3.8179	SYNPCC7942_RS00850
M744_RS02140	21.1301	SYNPCC7942_RS00840
M744_RS02145	136.5921	SYNPCC7942_RS00835
M744_RS02150	86.5581	SYNPCC7942_RS00830
M744_RS02155	292.8068	SYNPCC7942_RS00825
M744_RS02160	109.0109	SYNPCC7942_RS00820
M744_RS02165	31.6743	SYNPCC7942_RS00815
M744_RS02170	37.7516	SYNPCC7942_RS00810
M744_RS02175	3.5854	SYNPCC7942_RS00805
M744_RS02180	282.3837	SYNPCC7942_RS00800
M744_RS02185	1376.7962	SYNPCC7942_RS00795
M744_RS02190	274.2136	SYNPCC7942_RS00790
M744_RS02195	0.0138	SYNPCC7942_RS00785
M744_RS02200	19.3470	SYNPCC7942_RS00780
M744_RS02205	86.6900	SYNPCC7942_RS00775
M744_RS02210	5.6965	SYNPCC7942_RS00770
M744_RS02215	256.0951	SYNPCC7942_RS00765
M744_RS02220	13.5112	SYNPCC7942_RS00760
M744_RS02225	0.1113	SYNPCC7942_RS00755
M744_RS02230	41.2854	SYNPCC7942_RS00750
M744_RS02235	144.7222	SYNPCC7942_RS00745
M744_RS02240	83.9642	SYNPCC7942_RS00740
M744_RS02245	0.0664	SYNPCC7942_RS00735
M744_RS02250	26.7446	SYNPCC7942_RS00730
M744_RS02255	215.3723	SYNPCC7942_RS00725
M744_RS02260	164.8666	SYNPCC7942_RS00720
M744_RS02265	137.3364	SYNPCC7942_RS00715
M744_RS02275	2452.4076	SYNPCC7942_RS00705
M744_RS02280	95.5308	SYNPCC7942_RS00700
M744_RS02285	231.1945	SYNPCC7942_RS00695
M744_RS02290	6.8561	SYNPCC7942_RS00690
M744_RS02295	0.0138	SYNPCC7942_RS00685
M744_RS02300	6.0895	SYNPCC7942_RS00680
M744_RS02305	168.3607	SYNPCC7942_RS00675
M744_RS02310	32.7625	SYNPCC7942_RS00670
M744_RS02315	99.1026	SYNPCC7942_RS00665
M744_RS02320	6.1026	SYNPCC7942_RS00660
M744_RS02325	1.0236	SYNPCC7942_RS00655
M744_RS02330	224.7200	SYNPCC7942_RS00650
M744_RS02335	50.1267	SYNPCC7942_RS00645
M744_RS02345	178.3611	SYNPCC7942_RS00635
M744_RS02350	22.3649	SYNPCC7942_RS00630
M744_RS02360	120.6699	SYNPCC7942_RS00620
M744_RS02370	8.6378	SYNPCC7942_RS00610
M744_RS02375	1.2090	SYNPCC7942_RS00605
M744_RS02380	0.0043	SYNPCC7942_RS00600
M744_RS02385	335.7211	SYNPCC7942_RS00590
M744_RS02390	36.1593	SYNPCC7942_RS00585
M744_RS02395	0.0000	SYNPCC7942_RS13655
M744_RS02400	80.4074	SYNPCC7942_RS00580
M744_RS02405	6.7248	SYNPCC7942_RS00575
M744_RS02410	4.4683	SYNPCC7942_RS00570
M744_RS02415	38.8595	SYNPCC7942_RS00565
M744_RS02420	46.3894	SYNPCC7942_RS00560
M744_RS02425	263.7517	SYNPCC7942_RS00555
M744_RS02430	9.0500	SYNPCC7942_RS00550
M744_RS02435	111.6663	SYNPCC7942_RS00545
M744_RS02440	0.0138	SYNPCC7942_RS00540
M744_RS02445	34.5953	SYNPCC7942_RS00535
M744_RS02450	50.0317	SYNPCC7942_RS00530
M744_RS02455	4.4346	SYNPCC7942_RS00525
M744_RS02460	24.5982	SYNPCC7942_RS00520
M744_RS02465	215.4326	SYNPCC7942_RS00515
M744_RS02470	4.0450	SYNPCC7942_RS00510
M744_RS02475	50.6848	SYNPCC7942_RS00505
M744_RS02480	298.4463	SYNPCC7942_RS00500
M744_RS02485	23.3934	SYNPCC7942_RS00495
M744_RS02490	338.7657	SYNPCC7942_RS00490
M744_RS02505	6.1587	SYNPCC7942_RS00475
M744_RS02510	176.2809	SYNPCC7942_RS00470
M744_RS02515	17.5718	SYNPCC7942_RS00465
M744_RS02520	0.8701	SYNPCC7942_RS00460
M744_RS02525	56.8298	SYNPCC7942_RS00455
M744_RS02530	100.9191	SYNPCC7942_RS00450
M744_RS02540	76.0389	SYNPCC7942_RS00440
M744_RS02545	57.0062	SYNPCC7942_RS00435
M744_RS02550	360.7284	SYNPCC7942_RS00430
M744_RS02555	304.7162	SYNPCC7942_RS00425
M744_RS02560	47.2019	SYNPCC7942_RS00420
M744_RS02565	0.0886	SYNPCC7942_RS00415
M744_RS02570	44.5085	SYNPCC7942_RS00410
M744_RS02575	63.0830	SYNPCC7942_RS00405
M744_RS02580	23.5081	SYNPCC7942_RS00400
M744_RS02585	111.4402	SYNPCC7942_RS00395
M744_RS02590	76.7312	SYNPCC7942_RS00390
M744_RS02595	0.8126	SYNPCC7942_RS00385
M744_RS02600	24.8122	SYNPCC7942_RS00380
M744_RS02605	24.9736	SYNPCC7942_RS00375
M744_RS02610	119.7208	SYNPCC7942_RS00370
M744_RS02615	4.0514	SYNPCC7942_RS00365
M744_RS02620	87.8501	SYNPCC7942_RS00360
M744_RS02625	18.3351	SYNPCC7942_RS00355
M744_RS02630	13.5725	SYNPCC7942_RS00350
M744_RS02635	15.2837	SYNPCC7942_RS00345
M744_RS02640	88.4595	SYNPCC7942_RS00340
M744_RS02645	6.9475	SYNPCC7942_RS00335
M744_RS02650	26.1733	SYNPCC7942_RS00330
M744_RS02655	40.8201	SYNPCC7942_RS00325
M744_RS02660	83.5133	SYNPCC7942_RS00320
M744_RS02665	2.0438	SYNPCC7942_RS00315
M744_RS02670	0.8985	SYNPCC7942_RS00310
M744_RS02675	304.0509	SYNPCC7942_RS00305
M744_RS02685	73.1071	SYNPCC7942_RS00295
M744_RS02690	0.0138	SYNPCC7942_RS00290
M744_RS02695	103.7548	SYNPCC7942_RS00285
M744_RS02700	80.3348	SYNPCC7942_RS00280
M744_RS02710	50.2252	SYNPCC7942_RS00270
M744_RS02715	47.6880	SYNPCC7942_RS00265
M744_RS02720	130.5072	SYNPCC7942_RS00260
M744_RS02725	32.7317	SYNPCC7942_RS00255
M744_RS02730	231.7467	SYNPCC7942_RS00250
M744_RS02745	477.6914	SYNPCC7942_RS00235
M744_RS02750	176.9802	SYNPCC7942_RS00230
M744_RS02755	42.0594	SYNPCC7942_RS00225
M744_RS02760	17.5464	SYNPCC7942_RS00220
M744_RS02765	40.9398	SYNPCC7942_RS00215
M744_RS02770	205.4797	SYNPCC7942_RS00210
M744_RS02775	61.4507	SYNPCC7942_RS00205
M744_RS02780	76.6775	SYNPCC7942_RS00200
M744_RS02785	643.7702	SYNPCC7942_RS00195
M744_RS02790	10.8620	SYNPCC7942_RS00190
M744_RS02795	0.0000	SYNPCC7942_RS00185
M744_RS02800	31.7592	SYNPCC7942_RS00180
M744_RS02805	75.9877	SYNPCC7942_RS00175
M744_RS02810	135.5238	SYNPCC7942_RS00170
M744_RS02815	92.7058	SYNPCC7942_RS00165
M744_RS02820	0.0186	SYNPCC7942_RS00160
M744_RS02825	33.2727	SYNPCC7942_RS00155
M744_RS02830	0.0138	SYNPCC7942_RS00150
M744_RS02835	4.2877	SYNPCC7942_RS00145
M744_RS02845	0.0047	SYNPCC7942_RS00135
M744_RS02850	80.5675	SYNPCC7942_RS00130
M744_RS02855	10.7829	SYNPCC7942_RS00125
M744_RS02860	65.1827	SYNPCC7942_RS00120
M744_RS02865	20.3687	SYNPCC7942_RS00115
M744_RS02870	5.4517	SYNPCC7942_RS00110
M744_RS02875	6.4917	SYNPCC7942_RS00105
M744_RS02880	241.7773	SYNPCC7942_RS00100
M744_RS02885	59.4740	SYNPCC7942_RS00095
M744_RS02890	13.3731	SYNPCC7942_RS00090
M744_RS02895	16.1719	SYNPCC7942_RS00085
M744_RS02900	4.8589	SYNPCC7942_RS00080
M744_RS02905	12.6555	SYNPCC7942_RS00075
M744_RS02910	68.7820	SYNPCC7942_RS00070
M744_RS02915	258.9609	SYNPCC7942_RS00065
M744_RS02920	136.9795	SYNPCC7942_RS00060
M744_RS02925	15.3216	SYNPCC7942_RS00055
M744_RS02930	53.0823	SYNPCC7942_RS00050
M744_RS02935	164.6970	SYNPCC7942_RS00045
M744_RS02940	3.3021	SYNPCC7942_RS00040
M744_RS02945	12.0559	SYNPCC7942_RS00035
M744_RS02950	4.7413	SYNPCC7942_RS00030
M744_RS02955	49.7946	SYNPCC7942_RS00025
M744_RS02960	184.0058	SYNPCC7942_RS00020
M744_RS02965	200.4891	SYNPCC7942_RS00015
M744_RS02970	31.1244	SYNPCC7942_RS00010
M744_RS02975	155.2116	SYNPCC7942_RS00005
M744_RS02980	32.0609	SYNPCC7942_RS13310
M744_RS02985	134.6559	SYNPCC7942_RS13305
M744_RS02990	18.9575	SYNPCC7942_RS13300
M744_RS02995	0.2597	SYNPCC7942_RS13295
M744_RS03000	340.5075	SYNPCC7942_RS13290
M744_RS03005	94.5728	SYNPCC7942_RS13285
M744_RS03010	18.8952	SYNPCC7942_RS13280
M744_RS03015	152.1304	SYNPCC7942_RS13275
M744_RS03020	474.5180	SYNPCC7942_RS13270
M744_RS03025	187.5271	SYNPCC7942_RS13265
M744_RS03030	1327.9735	SYNPCC7942_RS13260
M744_RS03035	833.4499	SYNPCC7942_RS13255
M744_RS03040	138.0092	SYNPCC7942_RS13250
M744_RS03045	4166.2503	SYNPCC7942_RS13245
M744_RS03050	0.0138	SYNPCC7942_RS13240
M744_RS03055	38.4122	SYNPCC7942_RS13235
M744_RS03060	31.8943	SYNPCC7942_RS13230
M744_RS03065	82.8343	SYNPCC7942_RS13225
M744_RS03070	36.5076	SYNPCC7942_RS13220
M744_RS03075	22.9661	SYNPCC7942_RS13215
M744_RS03085	442.9233	SYNPCC7942_RS13205
M744_RS03090	64.3404	SYNPCC7942_RS13200
M744_RS03095	56.2067	SYNPCC7942_RS13195
M744_RS03100	858.8960	SYNPCC7942_RS13190
M744_RS03105	50.6252	SYNPCC7942_RS13185
M744_RS03110	66.8486	SYNPCC7942_RS13180
M744_RS03115	12.2938	SYNPCC7942_RS13175
M744_RS03120	8.9467	SYNPCC7942_RS13170
M744_RS03125	2.6236	SYNPCC7942_RS13165
M744_RS03130	24.2860	SYNPCC7942_RS13160
M744_RS03135	215.2428	SYNPCC7942_RS13155
M744_RS03140	8.4173	SYNPCC7942_RS13150
M744_RS03145	5.7846	SYNPCC7942_RS13145
M744_RS03155	345.5242	SYNPCC7942_RS13135
M744_RS03160	55.0673	SYNPCC7942_RS13130
M744_RS03165	31.4954	SYNPCC7942_RS13125
M744_RS03170	23.6837	SYNPCC7942_RS13120
M744_RS03175	124.2663	SYNPCC7942_RS13115
M744_RS03205	24.2170	SYNPCC7942_RS13085
M744_RS03215	20.1027	SYNPCC7942_RS13075
M744_RS03220	124.8748	SYNPCC7942_RS13070
M744_RS03225	64.6946	SYNPCC7942_RS13065
M744_RS03230	24.7025	SYNPCC7942_RS13060
M744_RS03235	0.7325	SYNPCC7942_RS13055
M744_RS03240	14.5182	SYNPCC7942_RS13050
M744_RS03245	7.8279	SYNPCC7942_RS13045
M744_RS03255	85.0927	SYNPCC7942_RS13035
M744_RS03260	11.4262	SYNPCC7942_RS13030
M744_RS03265	95.6094	SYNPCC7942_RS13025
M744_RS03270	83.0829	SYNPCC7942_RS13020
M744_RS03275	674.7096	SYNPCC7942_RS13015
M744_RS03280	6.6951	SYNPCC7942_RS13010
M744_RS03285	274.6694	SYNPCC7942_RS13005
M744_RS03290	14.9986	SYNPCC7942_RS13000
M744_RS03295	22.9082	SYNPCC7942_RS12995
M744_RS03300	158.7965	SYNPCC7942_RS12990
M744_RS03305	91.1480	SYNPCC7942_RS12985
M744_RS03310	48.9875	SYNPCC7942_RS12980
M744_RS03315	113.6965	SYNPCC7942_RS12975
M744_RS03320	70.6401	SYNPCC7942_RS12970
M744_RS03325	0.0744	SYNPCC7942_RS12965
M744_RS03330	53.0811	SYNPCC7942_RS12960
M744_RS03335	60.2791	SYNPCC7942_RS12955
M744_RS03340	1.4060	SYNPCC7942_RS12950
M744_RS03345	67.5112	SYNPCC7942_RS12945
M744_RS03350	45.5263	SYNPCC7942_RS12940
M744_RS03355	6.9931	SYNPCC7942_RS12935
M744_RS03360	47.0465	SYNPCC7942_RS12930
M744_RS03365	5.6694	SYNPCC7942_RS12925
M744_RS03370	74.2739	SYNPCC7942_RS12920
M744_RS03375	3.2099	SYNPCC7942_RS12915
M744_RS03390	363.3725	SYNPCC7942_RS12900
M744_RS03395	81.0670	SYNPCC7942_RS12895
M744_RS03400	46.8931	SYNPCC7942_RS12890
M744_RS03405	342.3217	SYNPCC7942_RS12885
M744_RS03410	243.6441	SYNPCC7942_RS12880
M744_RS03415	0.6451	SYNPCC7942_RS12875
M744_RS03420	728.9016	SYNPCC7942_RS12870
M744_RS03425	115.9572	SYNPCC7942_RS12865
M744_RS03430	28.2253	SYNPCC7942_RS12860
M744_RS03435	113.4869	SYNPCC7942_RS12855
M744_RS03440	475.9921	SYNPCC7942_RS12850
M744_RS03445	561.1358	SYNPCC7942_RS12845
M744_RS03450	2882.6259	SYNPCC7942_RS12840
M744_RS03455	21.7303	SYNPCC7942_RS12835
M744_RS03460	0.0951	SYNPCC7942_RS12830
M744_RS03465	624.3757	SYNPCC7942_RS12825
M744_RS03470	156.3715	SYNPCC7942_RS12820
M744_RS03475	166.8165	SYNPCC7942_RS12815
M744_RS03485	17.2400	SYNPCC7942_RS12805
M744_RS03490	69.3335	SYNPCC7942_RS12800
M744_RS03495	11.3833	SYNPCC7942_RS12795
M744_RS03500	248.1668	SYNPCC7942_RS12790
M744_RS03505	82.6812	SYNPCC7942_RS12785
M744_RS03510	67.2066	SYNPCC7942_RS12780
M744_RS03515	2.6305	SYNPCC7942_RS12775
M744_RS03525	34.4949	SYNPCC7942_RS12765
M744_RS03530	48.2472	SYNPCC7942_RS12760
M744_RS03535	63.4079	SYNPCC7942_RS12755
M744_RS03545	163.9468	SYNPCC7942_RS12745
M744_RS03550	38.1566	SYNPCC7942_RS12740
M744_RS03555	32.7545	SYNPCC7942_RS12735
M744_RS03560	21.8240	SYNPCC7942_RS12730
M744_RS03565	28.9214	SYNPCC7942_RS12725
M744_RS03575	873.7747	SYNPCC7942_RS12715
M744_RS03580	0.0095	SYNPCC7942_RS12710
M744_RS03585	24.3690	SYNPCC7942_RS12705
M744_RS03590	732.1689	SYNPCC7942_RS12700
M744_RS03595	1.2058	SYNPCC7942_RS12695
M744_RS03600	478.0211	SYNPCC7942_RS12690
M744_RS03605	315.2017	SYNPCC7942_RS12685
M744_RS03610	0.0923	SYNPCC7942_RS12680
M744_RS03615	2413.9408	SYNPCC7942_RS12675
M744_RS03620	193.7359	SYNPCC7942_RS12670
M744_RS03625	0.2720	SYNPCC7942_RS12665
M744_RS03630	136.4827	SYNPCC7942_RS12660
M744_RS03635	1.5000	SYNPCC7942_RS12655
M744_RS03640	34.6349	SYNPCC7942_RS12650
M744_RS03650	373.9215	SYNPCC7942_RS12640
M744_RS03655	6.1246	SYNPCC7942_RS12635
M744_RS03665	92.2311	SYNPCC7942_RS12625
M744_RS03670	73.7399	SYNPCC7942_RS12620
M744_RS03675	237.5795	SYNPCC7942_RS12615
M744_RS03680	510.0926	SYNPCC7942_RS12610
M744_RS03690	499.1535	SYNPCC7942_RS12600
M744_RS03700	238.9821	SYNPCC7942_RS12590
M744_RS03705	103.3173	SYNPCC7942_RS12585
M744_RS03710	1065.6755	SYNPCC7942_RS12580
M744_RS03715	33.7220	SYNPCC7942_RS12575
M744_RS03725	113.5519	SYNPCC7942_RS12565
M744_RS03730	78.9824	SYNPCC7942_RS12560
M744_RS03735	39.5523	SYNPCC7942_RS12555
M744_RS03740	50.5020	SYNPCC7942_RS12550
M744_RS03745	6507.1213	SYNPCC7942_RS12545
M744_RS03750	19.9302	SYNPCC7942_RS12540
M744_RS03755	24.5180	SYNPCC7942_RS12535
M744_RS03765	182.5690	SYNPCC7942_RS12530
M744_RS03770	43.7967	SYNPCC7942_RS12525
M744_RS03775	142.4288	SYNPCC7942_RS12520
M744_RS03780	2.4091	SYNPCC7942_RS12515
M744_RS03785	145.4842	SYNPCC7942_RS12510
M744_RS03790	81.0458	SYNPCC7942_RS12505
M744_RS03795	21.6596	SYNPCC7942_RS12500
M744_RS03805	228.1216	SYNPCC7942_RS12490
M744_RS03810	19.8119	SYNPCC7942_RS12485
M744_RS03815	42.1699	SYNPCC7942_RS12480
M744_RS03835	201.8356	SYNPCC7942_RS12465
M744_RS03850	461.4043	SYNPCC7942_RS12455
M744_RS03855	1255.0396	SYNPCC7942_RS12450
M744_RS03860	554.2122	SYNPCC7942_RS12445
M744_RS03865	178.6358	SYNPCC7942_RS12440
M744_RS03870	21.3340	SYNPCC7942_RS12435
M744_RS03875	430.5995	SYNPCC7942_RS12430
M744_RS03880	111.3768	SYNPCC7942_RS12425
M744_RS03885	190.4223	SYNPCC7942_RS12420
M744_RS03890	0.0510	SYNPCC7942_RS12415
M744_RS03895	196.9020	SYNPCC7942_RS12410
M744_RS03900	145.7497	SYNPCC7942_RS12405
M744_RS03905	2737.9806	SYNPCC7942_RS12400
M744_RS03910	75.0688	SYNPCC7942_RS12395
M744_RS03920	114.2843	SYNPCC7942_RS12385
M744_RS03925	493.1532	SYNPCC7942_RS12380
M744_RS03930	40.2143	SYNPCC7942_RS12375
M744_RS03935	38.3385	SYNPCC7942_RS12370
M744_RS03940	396.6217	SYNPCC7942_RS12365
M744_RS03945	0.0967	SYNPCC7942_RS12360
M744_RS03950	87.7308	SYNPCC7942_RS12355
M744_RS03955	810.6436	SYNPCC7942_RS12350
M744_RS03960	13.1161	SYNPCC7942_RS12345
M744_RS03965	55.6956	SYNPCC7942_RS12340
M744_RS03970	6.9656	SYNPCC7942_RS12335
M744_RS03975	57.2837	SYNPCC7942_RS12330
M744_RS03980	25.7270	SYNPCC7942_RS12325
M744_RS03985	16.3073	SYNPCC7942_RS12320
M744_RS03990	338.5465	SYNPCC7942_RS12315
M744_RS03995	120.3729	SYNPCC7942_RS12310
M744_RS04000	42.4785	SYNPCC7942_RS12305
M744_RS04005	11.4048	SYNPCC7942_RS12300
M744_RS04010	236.3628	SYNPCC7942_RS12295
M744_RS04015	15.1922	SYNPCC7942_RS12290
M744_RS04020	25.7919	SYNPCC7942_RS12285
M744_RS04025	22.1555	SYNPCC7942_RS12280
M744_RS04030	6.0922	SYNPCC7942_RS12275
M744_RS04035	156.3177	SYNPCC7942_RS12270
M744_RS04040	19.0739	SYNPCC7942_RS12265
M744_RS04045	595.5917	SYNPCC7942_RS12260
M744_RS04050	52.7605	SYNPCC7942_RS12255
M744_RS04055	58.9445	SYNPCC7942_RS12250
M744_RS04060	874.0178	SYNPCC7942_RS12245
M744_RS04065	39.8470	SYNPCC7942_RS12240
M744_RS04070	0.3724	SYNPCC7942_RS12235
M744_RS04075	118.6978	SYNPCC7942_RS12230
M744_RS04080	0.9509	SYNPCC7942_RS12225
M744_RS04095	69.3514	SYNPCC7942_RS12210
M744_RS04100	12.2690	SYNPCC7942_RS12205
M744_RS04105	14077.0350	SYNPCC7942_RS12200
M744_RS04110	22.6675	SYNPCC7942_RS12195
M744_RS04115	238.1819	SYNPCC7942_RS12190
M744_RS04120	9.2737	SYNPCC7942_RS12185
M744_RS04125	66.6352	SYNPCC7942_RS12180
M744_RS04130	68.3829	SYNPCC7942_RS12175
M744_RS04135	8.1509	SYNPCC7942_RS12170
M744_RS04140	32.8571	SYNPCC7942_RS12165
M744_RS04145	131.0287	SYNPCC7942_RS12160
M744_RS04150	90.7413	SYNPCC7942_RS12155
M744_RS04155	4.2014	SYNPCC7942_RS12150
M744_RS04160	20.3485	SYNPCC7942_RS12145
M744_RS04165	26.2689	SYNPCC7942_RS12140
M744_RS04170	415.2806	SYNPCC7942_RS12135
M744_RS04175	203.7487	SYNPCC7942_RS12130
M744_RS04180	73.8890	SYNPCC7942_RS12125
M744_RS04185	7.8777	SYNPCC7942_RS12120
M744_RS04190	1453.6637	SYNPCC7942_RS12115
M744_RS04195	190.7600	SYNPCC7942_RS12110
M744_RS04200	0.0043	SYNPCC7942_RS12105
M744_RS04205	22.0212	SYNPCC7942_RS12100
M744_RS04210	2.1535	SYNPCC7942_RS12095
M744_RS04215	3.7159	SYNPCC7942_RS12090
M744_RS04220	405.1978	SYNPCC7942_RS12085
M744_RS04225	20.1604	SYNPCC7942_RS12080
M744_RS04230	15.8855	SYNPCC7942_RS12075
M744_RS04235	21.8339	SYNPCC7942_RS12070
M744_RS04240	71.2827	SYNPCC7942_RS12065
M744_RS04245	3.2769	SYNPCC7942_RS12060
M744_RS04250	10.3377	SYNPCC7942_RS12055
M744_RS04255	35.0683	SYNPCC7942_RS12050
M744_RS04260	32.4653	SYNPCC7942_RS12045
M744_RS04265	691.8929	SYNPCC7942_RS12040
M744_RS04270	191.6944	SYNPCC7942_RS12035
M744_RS04280	132.3639	SYNPCC7942_RS12025
M744_RS04285	2358.5636	SYNPCC7942_RS12020
M744_RS04290	165.1842	SYNPCC7942_RS12015
M744_RS04295	0.1859	SYNPCC7942_RS12010
M744_RS04300	105.8546	SYNPCC7942_RS12005
M744_RS04305	30.8597	SYNPCC7942_RS12000
M744_RS04310	41.3802	SYNPCC7942_RS11995
M744_RS04315	74.2463	SYNPCC7942_RS11990
M744_RS04320	911.8475	SYNPCC7942_RS11985
M744_RS04325	61.8296	SYNPCC7942_RS11980
M744_RS04330	87.7613	SYNPCC7942_RS11975
M744_RS04335	17.5001	SYNPCC7942_RS11970
M744_RS04340	319.4176	SYNPCC7942_RS11965
M744_RS04345	810.8101	SYNPCC7942_RS11960
M744_RS04350	76.1971	SYNPCC7942_RS11955
M744_RS04355	10838.9404	SYNPCC7942_RS11950
M744_RS04360	98.7866	SYNPCC7942_RS11945
M744_RS04365	222.8298	SYNPCC7942_RS11940
M744_RS04370	782.5858	SYNPCC7942_RS11935
M744_RS04375	38.1067	SYNPCC7942_RS11930
M744_RS04380	0.0000	SYNPCC7942_RS11925
M744_RS04385	237.0891	SYNPCC7942_RS11920
M744_RS04390	341.1622	SYNPCC7942_RS11915
M744_RS04395	78.6141	SYNPCC7942_RS11910
M744_RS04400	343.4448	SYNPCC7942_RS11905
M744_RS04405	1412.2299	SYNPCC7942_RS11900
M744_RS04410	19.0878	SYNPCC7942_RS11895
M744_RS04415	138.7203	SYNPCC7942_RS11890
M744_RS04420	78.4663	SYNPCC7942_RS11885
M744_RS04425	198.9358	SYNPCC7942_RS11880
M744_RS04430	23.5953	SYNPCC7942_RS11875
M744_RS04435	680.3591	SYNPCC7942_RS11870
M744_RS04440	870.5853	SYNPCC7942_RS11865
M744_RS04445	808.6608	SYNPCC7942_RS11860
M744_RS04450	599.0007	SYNPCC7942_RS11855
M744_RS04455	1726.6303	SYNPCC7942_RS11850
M744_RS04460	2.1544	SYNPCC7942_RS11845
M744_RS04465	24.7088	SYNPCC7942_RS11840
M744_RS04470	100.8092	SYNPCC7942_RS11835
M744_RS04475	166.5994	SYNPCC7942_RS11830
M744_RS04480	686.8382	SYNPCC7942_RS11825
M744_RS04485	0.0000	SYNPCC7942_RS11820
M744_RS04490	13.1368	SYNPCC7942_RS11815
M744_RS04495	158.2661	SYNPCC7942_RS11810
M744_RS04500	62.4108	SYNPCC7942_RS11805
M744_RS04505	88.6829	SYNPCC7942_RS11800
M744_RS04510	4.1737	SYNPCC7942_RS11795
M744_RS04520	16.6495	SYNPCC7942_RS11785
M744_RS04525	265.7734	SYNPCC7942_RS11780
M744_RS04530	170.3527	SYNPCC7942_RS11775
M744_RS04535	1094.1812	SYNPCC7942_RS11770
M744_RS04540	1457.3798	SYNPCC7942_RS11765
M744_RS04545	10539.7286	SYNPCC7942_RS11760
M744_RS04550	11.5483	SYNPCC7942_RS11755
M744_RS04555	47.1526	SYNPCC7942_RS11750
M744_RS04565	21.5661	SYNPCC7942_RS11740
M744_RS04570	120.0563	SYNPCC7942_RS11735
M744_RS04575	178.8897	SYNPCC7942_RS11730
M744_RS04580	1217.3410	SYNPCC7942_RS11725
M744_RS04585	318.1541	SYNPCC7942_RS11720
M744_RS04590	31.6531	SYNPCC7942_RS11715
M744_RS04600	8.9997	SYNPCC7942_RS11705
M744_RS04605	213.6771	SYNPCC7942_RS11700
M744_RS04610	75.5811	SYNPCC7942_RS11695
M744_RS04615	177.5762	SYNPCC7942_RS11690
M744_RS04620	174.7956	SYNPCC7942_RS11685
M744_RS04625	6.3334	SYNPCC7942_RS11680
M744_RS04630	1333.9057	SYNPCC7942_RS11675
M744_RS04635	55.7280	SYNPCC7942_RS11670
M744_RS04640	0.1702	SYNPCC7942_RS11665
M744_RS04645	50.9028	SYNPCC7942_RS11660
M744_RS04650	8.9896	SYNPCC7942_RS11655
M744_RS04655	208.2548	SYNPCC7942_RS11650
M744_RS04660	69.3029	SYNPCC7942_RS11645
M744_RS04665	0.0186	SYNPCC7942_RS11640
M744_RS04670	73.2842	SYNPCC7942_RS11635
M744_RS04675	312.7057	SYNPCC7942_RS11630
M744_RS04680	77.5457	SYNPCC7942_RS11625
M744_RS04685	13.3858	SYNPCC7942_RS11620
M744_RS04690	78.3398	SYNPCC7942_RS11615
M744_RS04695	149.4111	SYNPCC7942_RS11610
M744_RS04700	14.1101	SYNPCC7942_RS11605
M744_RS04705	0.0000	SYNPCC7942_RS11600
M744_RS04710	131.3425	SYNPCC7942_RS11595
M744_RS04715	28.3702	SYNPCC7942_RS11590
M744_RS04720	40.1951	SYNPCC7942_RS11585
M744_RS04725	61.6153	SYNPCC7942_RS11580
M744_RS04730	1.0098	SYNPCC7942_RS11575
M744_RS04735	3.3126	SYNPCC7942_RS11570
M744_RS04750	163.8905	SYNPCC7942_RS11555
M744_RS04755	32.3178	SYNPCC7942_RS11550
M744_RS04760	0.0790	SYNPCC7942_RS11545
M744_RS04765	46.2841	SYNPCC7942_RS11540
M744_RS04770	21.4590	SYNPCC7942_RS11535
M744_RS04775	2.9696	SYNPCC7942_RS11530
M744_RS04780	17.8624	SYNPCC7942_RS11525
M744_RS04785	46.9221	SYNPCC7942_RS11520
M744_RS04790	13.8488	SYNPCC7942_RS11515
M744_RS04795	57.0746	SYNPCC7942_RS11510
M744_RS04800	92.7786	SYNPCC7942_RS11505
M744_RS04805	48.5826	SYNPCC7942_RS11500
M744_RS04810	20.5102	SYNPCC7942_RS11495
M744_RS04815	62.6767	SYNPCC7942_RS11490
M744_RS04820	27.9121	SYNPCC7942_RS11485
M744_RS04830	63.2828	SYNPCC7942_RS11475
M744_RS04835	5.1919	SYNPCC7942_RS11470
M744_RS04840	844.6538	SYNPCC7942_RS11465
M744_RS04845	172.5559	SYNPCC7942_RS11460
M744_RS04850	57.8112	SYNPCC7942_RS11455
M744_RS04855	257.4430	SYNPCC7942_RS11450
M744_RS04870	6.4880	SYNPCC7942_RS11435
M744_RS04875	3.0202	SYNPCC7942_RS11430
M744_RS04880	74.7496	SYNPCC7942_RS11425
M744_RS04885	380.4891	SYNPCC7942_RS11420
M744_RS04890	145.0756	SYNPCC7942_RS11415
M744_RS04895	22.6123	SYNPCC7942_RS11410
M744_RS04900	21.2902	SYNPCC7942_RS11405
M744_RS04905	330.7476	SYNPCC7942_RS11400
M744_RS04910	416.9909	SYNPCC7942_RS11395
M744_RS04920	73.1432	SYNPCC7942_RS11385
M744_RS04930	83.1680	SYNPCC7942_RS11375
M744_RS04935	22.3205	SYNPCC7942_RS11370
M744_RS04940	56.0156	SYNPCC7942_RS11365
M744_RS04945	4.7886	SYNPCC7942_RS11360
M744_RS04950	22.0242	SYNPCC7942_RS11355
M744_RS04955	46.3291	SYNPCC7942_RS11350
M744_RS04960	129.2850	SYNPCC7942_RS11345
M744_RS04970	210.9373	SYNPCC7942_RS11335
M744_RS04975	0.0457	SYNPCC7942_RS11330
M744_RS04980	656.3635	SYNPCC7942_RS11325
M744_RS04985	633.6556	SYNPCC7942_RS11320
M744_RS04990	734.8147	SYNPCC7942_RS11315
M744_RS04995	481.1433	SYNPCC7942_RS11310
M744_RS05000	1088.8948	SYNPCC7942_RS11305
M744_RS05005	340.2434	SYNPCC7942_RS11300
M744_RS05010	290.5433	SYNPCC7942_RS11295
M744_RS05015	181.9209	SYNPCC7942_RS11290
M744_RS05020	46.7694	SYNPCC7942_RS11285
M744_RS05025	1478.2869	SYNPCC7942_RS11280
M744_RS05030	603.3818	SYNPCC7942_RS11275
M744_RS05035	701.1846	SYNPCC7942_RS11270
M744_RS05040	0.0553	SYNPCC7942_RS11265
M744_RS05045	1253.9176	SYNPCC7942_RS11260
M744_RS05050	1201.4580	SYNPCC7942_RS11255
M744_RS05055	733.1022	SYNPCC7942_RS11250
M744_RS05060	0.0643	SYNPCC7942_RS11245
M744_RS05065	1661.3678	SYNPCC7942_RS11240
M744_RS05070	397.0505	SYNPCC7942_RS11235
M744_RS05075	159.8138	SYNPCC7942_RS11230
M744_RS05080	674.3073	SYNPCC7942_RS11225
M744_RS05085	374.8369	SYNPCC7942_RS11220
M744_RS05090	966.9396	SYNPCC7942_RS11215
M744_RS05095	0.0977	SYNPCC7942_RS11210
M744_RS05100	1348.6313	SYNPCC7942_RS11205
M744_RS05105	862.5452	SYNPCC7942_RS11200
M744_RS05110	208.0939	SYNPCC7942_RS11195
M744_RS05115	17.0592	SYNPCC7942_RS11190
M744_RS05120	115.4763	SYNPCC7942_RS11185
M744_RS05130	57.8609	SYNPCC7942_RS11175
M744_RS05135	68.1670	SYNPCC7942_RS11170
M744_RS05140	39.8131	SYNPCC7942_RS11165
M744_RS05145	18.9153	SYNPCC7942_RS11160
M744_RS05150	18.0696	SYNPCC7942_RS11155
M744_RS05155	0.0457	SYNPCC7942_RS11150
M744_RS05160	20.2286	SYNPCC7942_RS11145
M744_RS05165	31.9417	SYNPCC7942_RS11140
M744_RS05170	125.1719	SYNPCC7942_RS11135
M744_RS05175	14.9471	SYNPCC7942_RS11130
M744_RS05180	91.2508	SYNPCC7942_RS11125
M744_RS05185	314.0082	SYNPCC7942_RS11120
M744_RS05190	64.0071	SYNPCC7942_RS11115
M744_RS05195	128.1448	SYNPCC7942_RS11110
M744_RS05200	34.6136	SYNPCC7942_RS11105
M744_RS05205	86.9599	SYNPCC7942_RS11100
M744_RS05210	11.6094	SYNPCC7942_RS11095
M744_RS05215	3.5031	SYNPCC7942_RS11090
M744_RS05220	267.5925	SYNPCC7942_RS11085
M744_RS05225	79.1132	SYNPCC7942_RS11080
M744_RS05230	35.4279	SYNPCC7942_RS11075
M744_RS05235	90.1154	SYNPCC7942_RS11070
M744_RS05240	35.1337	SYNPCC7942_RS11065
M744_RS05245	11.3121	SYNPCC7942_RS11060
M744_RS05250	453.0154	SYNPCC7942_RS11055
M744_RS05255	160.9599	SYNPCC7942_RS11050
M744_RS05260	20.4247	SYNPCC7942_RS11045
M744_RS05265	84.3671	SYNPCC7942_RS11040
M744_RS05270	1068.9352	SYNPCC7942_RS11035
M744_RS05275	0.9144	SYNPCC7942_RS11030
M744_RS05280	27.0180	SYNPCC7942_RS11025
M744_RS05285	133.5518	SYNPCC7942_RS11020
M744_RS05290	29.5396	SYNPCC7942_RS11015
M744_RS05295	12.8889	SYNPCC7942_RS11010
M744_RS05300	0.4179	SYNPCC7942_RS11005
M744_RS05305	14.9873	SYNPCC7942_RS11000
M744_RS05310	6.3044	SYNPCC7942_RS10995
M744_RS05315	0.0000	SYNPCC7942_RS10990
M744_RS05320	24.1544	SYNPCC7942_RS10980
M744_RS05325	224.5396	SYNPCC7942_RS10975
M744_RS05330	22.1731	SYNPCC7942_RS10970
M744_RS05335	791.3288	SYNPCC7942_RS10965
M744_RS05345	1825.3095	SYNPCC7942_RS10955
M744_RS05350	11.9844	SYNPCC7942_RS10950
M744_RS05355	3.7377	SYNPCC7942_RS10945
M744_RS05360	6.6187	SYNPCC7942_RS10940
M744_RS05365	284.0644	SYNPCC7942_RS10935
M744_RS05370	349.5656	SYNPCC7942_RS10930
M744_RS05375	57.6474	SYNPCC7942_RS10925
M744_RS05380	99.1371	SYNPCC7942_RS10920
M744_RS05385	89.3870	SYNPCC7942_RS10915
M744_RS05395	0.0138	SYNPCC7942_RS10905
M744_RS05400	42.0420	SYNPCC7942_RS10900
M744_RS05405	35.9184	SYNPCC7942_RS10895
M744_RS05410	62.9438	SYNPCC7942_RS10890
M744_RS05420	334.6081	SYNPCC7942_RS10880
M744_RS05425	0.0000	SYNPCC7942_RS10875
M744_RS05430	49.0925	SYNPCC7942_RS10870
M744_RS05435	28.1452	SYNPCC7942_RS10860
M744_RS05440	7.0462	SYNPCC7942_RS10855
M744_RS05445	61.7635	SYNPCC7942_RS10850
M744_RS05450	23.0879	SYNPCC7942_RS10845
M744_RS05455	1765.7303	SYNPCC7942_RS10840
M744_RS05460	60.9529	SYNPCC7942_RS10835
M744_RS05465	38.8952	SYNPCC7942_RS10830
M744_RS05470	38.9306	SYNPCC7942_RS10825
M744_RS05475	54.6633	SYNPCC7942_RS10820
M744_RS05480	71.3692	SYNPCC7942_RS10815
M744_RS05485	10.6623	SYNPCC7942_RS10810
M744_RS05490	28.8912	SYNPCC7942_RS10805
M744_RS05495	18.2657	SYNPCC7942_RS10800
M744_RS05500	28.2482	SYNPCC7942_RS10795
M744_RS05505	42.2420	SYNPCC7942_RS10790
M744_RS05510	14.0449	SYNPCC7942_RS10785
M744_RS05515	261.0014	SYNPCC7942_RS10780
M744_RS05520	908.5909	SYNPCC7942_RS10775
M744_RS05525	26.6695	SYNPCC7942_RS10770
M744_RS05530	27.1277	SYNPCC7942_RS10765
M744_RS05535	140.0473	SYNPCC7942_RS10760
M744_RS05540	730.1657	SYNPCC7942_RS10755
M744_RS05545	423.6888	SYNPCC7942_RS10750
M744_RS05550	3136.9900	SYNPCC7942_RS10745
M744_RS05555	119.8441	SYNPCC7942_RS10740
M744_RS05560	58.2964	SYNPCC7942_RS10735
M744_RS05565	16.3792	SYNPCC7942_RS10730
M744_RS05570	95.1210	SYNPCC7942_RS10725
M744_RS05580	47.0466	SYNPCC7942_RS10715
M744_RS05585	269.9001	SYNPCC7942_RS10710
M744_RS05590	5.0665	SYNPCC7942_RS10705
M744_RS05595	6.1467	SYNPCC7942_RS10700
M744_RS05600	12.3025	SYNPCC7942_RS10695
M744_RS05605	148.7980	SYNPCC7942_RS10690
M744_RS05610	24.9935	SYNPCC7942_RS10685
M744_RS05615	77.1752	SYNPCC7942_RS10680
M744_RS05620	36.2280	SYNPCC7942_RS10675
M744_RS05625	47.0995	SYNPCC7942_RS10670
M744_RS05630	161.4990	SYNPCC7942_RS10665
M744_RS05640	3.2957	SYNPCC7942_RS10655
M744_RS05645	1.2308	SYNPCC7942_RS10650
M744_RS05650	28.6901	SYNPCC7942_RS10645
M744_RS05655	8.4986	SYNPCC7942_RS10640
M744_RS05660	3.7477	SYNPCC7942_RS10635
M744_RS05665	22.3243	SYNPCC7942_RS10630
M744_RS05670	600.7417	SYNPCC7942_RS10625
M744_RS05675	12.9971	SYNPCC7942_RS10620
M744_RS05680	134.2144	SYNPCC7942_RS10615
M744_RS05685	761.1096	SYNPCC7942_RS10610
M744_RS05690	996.4255	SYNPCC7942_RS10605
M744_RS05695	908.6230	SYNPCC7942_RS10600
M744_RS05700	98.9870	SYNPCC7942_RS10595
M744_RS05705	417.0250	SYNPCC7942_RS10590
M744_RS05710	9.9755	SYNPCC7942_RS10585
M744_RS05715	55.9623	SYNPCC7942_RS10580
M744_RS05720	12.4193	SYNPCC7942_RS10575
M744_RS05725	30.2402	SYNPCC7942_RS10570
M744_RS05730	53.1697	SYNPCC7942_RS10565
M744_RS05735	6.6601	SYNPCC7942_RS10560
M744_RS05740	6989.0125	SYNPCC7942_RS10555
M744_RS05750	592.6978	SYNPCC7942_RS10545
M744_RS05755	66.5961	SYNPCC7942_RS10540
M744_RS05760	70.8360	SYNPCC7942_RS10535
M744_RS05765	10.8922	SYNPCC7942_RS10530
M744_RS05770	0.6504	SYNPCC7942_RS10525
M744_RS05775	29.1857	SYNPCC7942_RS10520
M744_RS05780	287.8747	SYNPCC7942_RS10515
M744_RS05790	277.0291	SYNPCC7942_RS10505
M744_RS05795	888.1976	SYNPCC7942_RS10500
M744_RS05800	1512.4460	SYNPCC7942_RS10495
M744_RS05805	2137.3113	SYNPCC7942_RS10490
M744_RS05810	113.9611	SYNPCC7942_RS10485
M744_RS05815	91.1682	SYNPCC7942_RS10480
M744_RS05820	32.9069	SYNPCC7942_RS10475
M744_RS05825	54.8855	SYNPCC7942_RS10470
M744_RS05830	47.2288	SYNPCC7942_RS10465
M744_RS05835	22.6617	SYNPCC7942_RS10460
M744_RS05840	9.5072	SYNPCC7942_RS10455
M744_RS05845	12.3562	SYNPCC7942_RS10450
M744_RS05850	1538.1916	SYNPCC7942_RS10445
M744_RS05855	15.6630	SYNPCC7942_RS10440
M744_RS05860	40.7176	SYNPCC7942_RS10435
M744_RS05865	14.0166	SYNPCC7942_RS10430
M744_RS05870	77.4353	SYNPCC7942_RS10425
M744_RS05875	0.0000	SYNPCC7942_RS10420
M744_RS05880	139.9872	SYNPCC7942_RS10415
M744_RS05885	30.2973	SYNPCC7942_RS10410
M744_RS05890	0.9063	SYNPCC7942_RS10405
M744_RS05895	133.9189	SYNPCC7942_RS10400
M744_RS05900	40328.5913	SYNPCC7942_RS10395
M744_RS05905	22067.5037	SYNPCC7942_RS10390
M744_RS05910	111.8559	SYNPCC7942_RS10385
M744_RS05915	17.3042	SYNPCC7942_RS10380
M744_RS05920	64.8216	SYNPCC7942_RS10375
M744_RS05925	64.2231	SYNPCC7942_RS10370
M744_RS05930	38.6288	SYNPCC7942_RS10365
M744_RS05935	3.7305	SYNPCC7942_RS10360
M744_RS05940	15.9099	SYNPCC7942_RS10355
M744_RS05945	1.9566	SYNPCC7942_RS10350
M744_RS05950	20.5734	SYNPCC7942_RS10345
M744_RS05955	113.0482	SYNPCC7942_RS10340
M744_RS05960	0.6787	SYNPCC7942_RS10335
M744_RS05965	44.2423	SYNPCC7942_RS10330
M744_RS05970	4.1154	SYNPCC7942_RS10325
M744_RS05975	40.6052	SYNPCC7942_RS10320
M744_RS05980	5.9400	SYNPCC7942_RS10315
M744_RS05985	26.9889	SYNPCC7942_RS10310
M744_RS05990	43.0510	SYNPCC7942_RS10305
M744_RS05995	3163.3558	SYNPCC7942_RS10300
M744_RS06000	225.9442	SYNPCC7942_RS10295
M744_RS06005	12.0424	SYNPCC7942_RS10290
M744_RS06010	10.3948	SYNPCC7942_RS10285
M744_RS06015	240.7678	SYNPCC7942_RS10280
M744_RS06020	9.1303	SYNPCC7942_RS10275
M744_RS06025	14.5507	SYNPCC7942_RS10270
M744_RS06030	53.7393	SYNPCC7942_RS10265
M744_RS06035	25.6846	SYNPCC7942_RS10260
M744_RS06040	233.0184	SYNPCC7942_RS10255
M744_RS06045	3443.4557	SYNPCC7942_RS10250
M744_RS06050	102.5042	SYNPCC7942_RS10245
M744_RS06055	10.6212	SYNPCC7942_RS10240
M744_RS06065	45.5150	SYNPCC7942_RS10230
M744_RS06070	427.9707	SYNPCC7942_RS10225
M744_RS06075	1390.1370	SYNPCC7942_RS10220
M744_RS06080	0.0186	SYNPCC7942_RS10215
M744_RS06085	41.5441	SYNPCC7942_RS10210
M744_RS06090	59.4917	SYNPCC7942_RS10205
M744_RS06095	34.9242	SYNPCC7942_RS10200
M744_RS06100	641.9531	SYNPCC7942_RS10195
M744_RS06105	22.1627	SYNPCC7942_RS10190
M744_RS06110	25.6905	SYNPCC7942_RS10185
M744_RS06115	3.9715	SYNPCC7942_RS10180
M744_RS06120	32.5808	SYNPCC7942_RS10175
M744_RS06125	31.2570	SYNPCC7942_RS10170
M744_RS06130	8.6942	SYNPCC7942_RS10165
M744_RS06135	21.4219	SYNPCC7942_RS10160
M744_RS06140	2.1015	SYNPCC7942_RS10155
M744_RS06145	82.0095	SYNPCC7942_RS10145
M744_RS06150	118.2248	SYNPCC7942_RS10140
M744_RS06155	4283.2923	SYNPCC7942_RS10135
M744_RS06160	2.0753	SYNPCC7942_RS10130
M744_RS06165	6.0869	SYNPCC7942_RS10125
M744_RS06170	18.0352	SYNPCC7942_RS10120
M744_RS06175	19.3780	SYNPCC7942_RS10115
M744_RS06180	6.2598	SYNPCC7942_RS10110
M744_RS06185	1.1917	SYNPCC7942_RS10105
M744_RS06190	12.1126	SYNPCC7942_RS10100
M744_RS06195	425.3740	SYNPCC7942_RS10095
M744_RS06200	15.3507	SYNPCC7942_RS10090
M744_RS06205	60.2947	SYNPCC7942_RS10085
M744_RS06210	36.4833	SYNPCC7942_RS10080
M744_RS06215	737.8864	SYNPCC7942_RS10075
M744_RS06220	32.2079	SYNPCC7942_RS10070
M744_RS06225	482.7847	SYNPCC7942_RS10065
M744_RS06230	34.3502	SYNPCC7942_RS10060
M744_RS06235	33.9499	SYNPCC7942_RS10055
M744_RS06240	0.0000	SYNPCC7942_RS10050
M744_RS06245	0.0000	SYNPCC7942_RS10045
M744_RS06250	194.1009	SYNPCC7942_RS10040
M744_RS06255	10.8444	SYNPCC7942_RS10035
M744_RS06260	5.6988	SYNPCC7942_RS10030
M744_RS06265	414.0243	SYNPCC7942_RS10025
M744_RS06270	3652.9708	SYNPCC7942_RS10020
M744_RS06275	980.8164	SYNPCC7942_RS10015
M744_RS06280	28.1575	SYNPCC7942_RS10010
M744_RS06285	75.3320	SYNPCC7942_RS10005
M744_RS06290	19.1680	SYNPCC7942_RS10000
M744_RS06300	95.7802	SYNPCC7942_RS09990
M744_RS06305	32.5236	SYNPCC7942_RS09985
M744_RS06310	28.4395	SYNPCC7942_RS09980
M744_RS06315	12.1670	SYNPCC7942_RS09975
M744_RS06320	86.0137	SYNPCC7942_RS09970
M744_RS06325	45.9805	SYNPCC7942_RS09965
M744_RS06330	107.9523	SYNPCC7942_RS09960
M744_RS06335	57.2887	SYNPCC7942_RS09955
M744_RS06340	11.1854	SYNPCC7942_RS09950
M744_RS06345	17.1498	SYNPCC7942_RS09945
M744_RS06350	96.5643	SYNPCC7942_RS09940
M744_RS06355	113.5409	SYNPCC7942_RS09935
M744_RS06360	54.5058	SYNPCC7942_RS09930
M744_RS06365	128.1218	SYNPCC7942_RS09925
M744_RS06375	4.2086	SYNPCC7942_RS09915
M744_RS06380	13.1110	SYNPCC7942_RS09910
M744_RS06390	12.7066	SYNPCC7942_RS09900
M744_RS06395	190.6519	SYNPCC7942_RS09895
M744_RS06400	240.6172	SYNPCC7942_RS09890
M744_RS06405	17.3159	SYNPCC7942_RS09885
M744_RS06410	208.2407	SYNPCC7942_RS09880
M744_RS06415	20.9295	SYNPCC7942_RS09875
M744_RS06420	44.8483	SYNPCC7942_RS09870
M744_RS06425	178.9173	SYNPCC7942_RS09865
M744_RS06430	91.4818	SYNPCC7942_RS09860
M744_RS06435	12.6455	SYNPCC7942_RS09855
M744_RS06440	6.0929	SYNPCC7942_RS09850
M744_RS06445	0.1067	SYNPCC7942_RS09845
M744_RS06450	10.9572	SYNPCC7942_RS09840
M744_RS06455	3.0919	SYNPCC7942_RS09835
M744_RS06460	120.4333	SYNPCC7942_RS09830
M744_RS06465	18.8826	SYNPCC7942_RS09825
M744_RS06470	28.9090	SYNPCC7942_RS09820
M744_RS06475	0.0276	SYNPCC7942_RS09815
M744_RS06480	146.8097	SYNPCC7942_RS09810
M744_RS06485	16.1620	SYNPCC7942_RS09805
M744_RS06490	104.9193	SYNPCC7942_RS09800
M744_RS06495	111.0714	SYNPCC7942_RS09795
M744_RS06500	280.3042	SYNPCC7942_RS09790
M744_RS06505	138.6462	SYNPCC7942_RS09785
M744_RS06510	28.4195	SYNPCC7942_RS09780
M744_RS06515	1.1188	SYNPCC7942_RS09775
M744_RS06520	0.0186	SYNPCC7942_RS09770
M744_RS06525	27.2242	SYNPCC7942_RS09765
M744_RS06530	435.9903	SYNPCC7942_RS09760
M744_RS06535	365.6508	SYNPCC7942_RS09755
M744_RS06540	29.0132	SYNPCC7942_RS09750
M744_RS06545	136.4161	SYNPCC7942_RS09745
M744_RS06550	0.0190	SYNPCC7942_RS09740
M744_RS06555	65.4963	SYNPCC7942_RS09735
M744_RS06560	20.1566	SYNPCC7942_RS09730
M744_RS06565	32.4709	SYNPCC7942_RS09725
M744_RS06575	185.7293	SYNPCC7942_RS09715
M744_RS06580	20.5168	SYNPCC7942_RS09710
M744_RS06585	313.4851	SYNPCC7942_RS09705
M744_RS06590	29.2108	SYNPCC7942_RS09700
M744_RS06595	79.3109	SYNPCC7942_RS09690
M744_RS06600	258.9279	SYNPCC7942_RS09685
M744_RS06605	24.3358	SYNPCC7942_RS09680
M744_RS06610	46.0844	SYNPCC7942_RS09675
M744_RS06615	501.8439	SYNPCC7942_RS09670
M744_RS06620	46.7740	SYNPCC7942_RS09665
M744_RS06625	227.2730	SYNPCC7942_RS09660
M744_RS06630	248.0972	SYNPCC7942_RS09655
M744_RS06635	63.3906	SYNPCC7942_RS09650
M744_RS06640	20.9256	SYNPCC7942_RS09645
M744_RS06645	26.0772	SYNPCC7942_RS09640
M744_RS06650	11.6902	SYNPCC7942_RS09635
M744_RS06655	11.7973	SYNPCC7942_RS09630
M744_RS06660	329.4101	SYNPCC7942_RS09625
M744_RS06665	13.4171	SYNPCC7942_RS09620
M744_RS06670	24.4542	SYNPCC7942_RS09615
M744_RS06675	71.7622	SYNPCC7942_RS09610
M744_RS06680	0.7721	SYNPCC7942_RS09605
M744_RS06685	2.6000	SYNPCC7942_RS09600
M744_RS06690	4.9040	SYNPCC7942_RS09595
M744_RS06695	181.4326	SYNPCC7942_RS09590
M744_RS06700	338.2871	SYNPCC7942_RS09585
M744_RS06705	344.3608	SYNPCC7942_RS09580
M744_RS06710	18.1166	SYNPCC7942_RS09575
M744_RS06715	4.9462	SYNPCC7942_RS09570
M744_RS06720	26.8173	SYNPCC7942_RS09565
M744_RS06725	3.4824	SYNPCC7942_RS09560
M744_RS06730	16.9096	SYNPCC7942_RS09555
M744_RS06735	29.5643	SYNPCC7942_RS09550
M744_RS06740	743.7417	SYNPCC7942_RS09545
M744_RS06745	29.2838	SYNPCC7942_RS09540
M744_RS06750	8.9033	SYNPCC7942_RS09535
M744_RS06755	10.8552	SYNPCC7942_RS09530
M744_RS06760	35.2924	SYNPCC7942_RS09525
M744_RS06765	74.9282	SYNPCC7942_RS09520
M744_RS06770	76.9780	SYNPCC7942_RS09515
M744_RS06775	114.5081	SYNPCC7942_RS09510
M744_RS06780	2.1960	SYNPCC7942_RS09505
M744_RS06785	0.4085	SYNPCC7942_RS09500
M744_RS06790	55.7378	SYNPCC7942_RS09495
M744_RS06795	35.0809	SYNPCC7942_RS13800
M744_RS06800	0.4701	SYNPCC7942_RS09490
M744_RS06805	1076.2198	SYNPCC7942_RS09485
M744_RS06810	2.7874	SYNPCC7942_RS09480
M744_RS06815	2.4742	SYNPCC7942_RS09475
M744_RS06820	0.0000	SYNPCC7942_RS09470
M744_RS06825	79.7050	SYNPCC7942_RS09465
M744_RS06830	8.0529	SYNPCC7942_RS09460
M744_RS06835	19.0723	SYNPCC7942_RS09455
M744_RS06840	31.4609	SYNPCC7942_RS09450
M744_RS06845	263.0513	SYNPCC7942_RS09445
M744_RS06850	19.7593	SYNPCC7942_RS09440
M744_RS06855	0.0095	SYNPCC7942_RS09435
M744_RS06860	127.8710	SYNPCC7942_RS09430
M744_RS06865	452.3438	SYNPCC7942_RS09425
M744_RS06870	22.5524	SYNPCC7942_RS09420
M744_RS06875	5.0247	SYNPCC7942_RS09415
M744_RS06880	7.9451	SYNPCC7942_RS09410
M744_RS06885	4.2873	SYNPCC7942_RS09405
M744_RS06890	20.4699	SYNPCC7942_RS09400
M744_RS06895	74.3068	SYNPCC7942_RS09395
M744_RS06900	69.6144	SYNPCC7942_RS09390
M744_RS06905	32.6401	SYNPCC7942_RS09385
M744_RS06910	6767.8868	SYNPCC7942_RS09380
M744_RS06920	418.7344	SYNPCC7942_RS09375
M744_RS06925	54.7498	SYNPCC7942_RS09370
M744_RS06930	880.6070	SYNPCC7942_RS09365
M744_RS06935	617.7856	SYNPCC7942_RS09360
M744_RS06940	1.8626	SYNPCC7942_RS09355
M744_RS06945	80.1156	SYNPCC7942_RS09350
M744_RS06950	83.9038	SYNPCC7942_RS09345
M744_RS06955	83.8013	SYNPCC7942_RS09340
M744_RS06960	15.9642	SYNPCC7942_RS09335
M744_RS06965	19.1864	SYNPCC7942_RS09330
M744_RS06970	1153.1879	SYNPCC7942_RS09325
M744_RS06975	62.5177	SYNPCC7942_RS09320
M744_RS06980	143.1919	SYNPCC7942_RS09315
M744_RS06985	32.4389	SYNPCC7942_RS09310
M744_RS06990	0.0792	SYNPCC7942_RS09305
M744_RS06995	77.1593	SYNPCC7942_RS09300
M744_RS07000	25.1333	SYNPCC7942_RS09295
M744_RS07005	362.1884	SYNPCC7942_RS09290
M744_RS07010	469.7761	SYNPCC7942_RS09285
M744_RS07015	169.3516	SYNPCC7942_RS09280
M744_RS07020	86.1351	SYNPCC7942_RS09275
M744_RS07025	386.3647	SYNPCC7942_RS09270
M744_RS07030	0.1707	SYNPCC7942_RS09265
M744_RS07035	59.5140	SYNPCC7942_RS09260
M744_RS07040	152.9182	SYNPCC7942_RS09255
M744_RS07045	24.0694	SYNPCC7942_RS09250
M744_RS07050	87.9194	SYNPCC7942_RS09245
M744_RS07055	4643.5595	SYNPCC7942_RS09240
M744_RS07060	46.1630	SYNPCC7942_RS09235
M744_RS07065	0.8652	SYNPCC7942_RS09230
M744_RS07070	41.2951	SYNPCC7942_RS09225
M744_RS07075	0.1863	SYNPCC7942_RS09220
M744_RS07080	70.7788	SYNPCC7942_RS09215
M744_RS07085	21.0910	SYNPCC7942_RS09210
M744_RS07090	1469.4082	SYNPCC7942_RS09205
M744_RS07095	314.2057	SYNPCC7942_RS09200
M744_RS07100	308.2651	SYNPCC7942_RS09195
M744_RS07105	1635.6848	SYNPCC7942_RS09190
M744_RS07110	0.0138	SYNPCC7942_RS09185
M744_RS07115	48.1482	SYNPCC7942_RS09180
M744_RS07120	89.5310	SYNPCC7942_RS09175
M744_RS07125	2.5433	SYNPCC7942_RS09170
M744_RS07130	19.2087	SYNPCC7942_RS09165
M744_RS07135	135.9511	SYNPCC7942_RS09160
M744_RS07140	46.9146	SYNPCC7942_RS09155
M744_RS07145	17.1606	SYNPCC7942_RS09150
M744_RS07150	1094.3927	SYNPCC7942_RS09145
M744_RS07155	56.6572	SYNPCC7942_RS09140
M744_RS07160	43.4612	SYNPCC7942_RS09135
M744_RS07165	174.2510	SYNPCC7942_RS09130
M744_RS07170	25.8588	SYNPCC7942_RS09125
M744_RS07175	18.6521	SYNPCC7942_RS09120
M744_RS07180	20.6650	SYNPCC7942_RS09115
M744_RS07185	14.0156	SYNPCC7942_RS09110
M744_RS07190	331.5036	SYNPCC7942_RS09105
M744_RS07195	63.7702	SYNPCC7942_RS09100
M744_RS07200	6.4474	SYNPCC7942_RS09095
M744_RS07205	201.9572	SYNPCC7942_RS09090
M744_RS07210	330.9743	SYNPCC7942_RS09085
M744_RS07215	0.0000	SYNPCC7942_RS09080
M744_RS07220	0.0000	SYNPCC7942_RS09075
M744_RS07225	0.0000	SYNPCC7942_RS09070
M744_RS07235	85.9481	SYNPCC7942_RS09060
M744_RS07240	183.3585	SYNPCC7942_RS09055
M744_RS07245	11.7340	SYNPCC7942_RS09050
M744_RS07250	65.8602	SYNPCC7942_RS09045
M744_RS07255	6.8380	SYNPCC7942_RS09040
M744_RS07260	30.3405	SYNPCC7942_RS09035
M744_RS07265	58.5722	SYNPCC7942_RS09030
M744_RS07270	85.6195	SYNPCC7942_RS09025
M744_RS07275	13.6746	SYNPCC7942_RS09020
M744_RS07280	470.1116	SYNPCC7942_RS09015
M744_RS07285	81.4930	SYNPCC7942_RS09010
M744_RS07290	128.2526	SYNPCC7942_RS09005
M744_RS07295	128.3467	SYNPCC7942_RS09000
M744_RS07300	0.2984	SYNPCC7942_RS08995
M744_RS07305	12.6428	SYNPCC7942_RS08990
M744_RS07310	59.8863	SYNPCC7942_RS08985
M744_RS07315	348.4491	SYNPCC7942_RS08980
M744_RS07320	73.9611	SYNPCC7942_RS08975
M744_RS07325	21.2861	SYNPCC7942_RS08970
M744_RS07330	15.5609	SYNPCC7942_RS08965
M744_RS07335	0.0138	SYNPCC7942_RS08960
M744_RS07340	389.6368	SYNPCC7942_RS08955
M744_RS07345	64.5895	SYNPCC7942_RS08950
M744_RS07350	84.0867	SYNPCC7942_RS08945
M744_RS07360	115.7206	SYNPCC7942_RS08935
M744_RS07365	328.3899	SYNPCC7942_RS08930
M744_RS07370	49.3422	SYNPCC7942_RS08925
M744_RS07375	29.0721	SYNPCC7942_RS08920
M744_RS07380	26.3579	SYNPCC7942_RS08915
M744_RS07385	288.8824	SYNPCC7942_RS08910
M744_RS07390	0.0138	SYNPCC7942_RS08905
M744_RS07395	768.1331	SYNPCC7942_RS08900
M744_RS07400	13.0499	SYNPCC7942_RS08895
M744_RS07405	65.6304	SYNPCC7942_RS08890
M744_RS07410	2555.9968	SYNPCC7942_RS08885
M744_RS07415	45.2800	SYNPCC7942_RS08880
M744_RS07420	4.6954	SYNPCC7942_RS08875
M744_RS07425	365.7078	SYNPCC7942_RS08870
M744_RS07430	505.6730	SYNPCC7942_RS08865
M744_RS07435	207.6052	SYNPCC7942_RS08860
M744_RS07440	26.0617	SYNPCC7942_RS08855
M744_RS07445	13.0931	SYNPCC7942_RS08850
M744_RS07450	184.1536	SYNPCC7942_RS08845
M744_RS07455	1.1707	SYNPCC7942_RS08840
M744_RS07460	179.6912	SYNPCC7942_RS08835
M744_RS07465	296.0795	SYNPCC7942_RS08830
M744_RS07470	159.3231	SYNPCC7942_RS08825
M744_RS07475	10.4650	SYNPCC7942_RS08820
M744_RS07480	17.1655	SYNPCC7942_RS08815
M744_RS07485	11.2723	SYNPCC7942_RS08810
M744_RS07490	23.8766	SYNPCC7942_RS08805
M744_RS07495	24.1067	SYNPCC7942_RS08800
M744_RS07500	46.7266	SYNPCC7942_RS08795
M744_RS07505	20.5586	SYNPCC7942_RS08790
M744_RS07510	10.2500	SYNPCC7942_RS08785
M744_RS07515	52.6654	SYNPCC7942_RS08780
M744_RS07520	80.3241	SYNPCC7942_RS08775
M744_RS07525	63.6023	SYNPCC7942_RS08770
M744_RS07530	0.0138	SYNPCC7942_RS08765
M744_RS07540	0.0138	SYNPCC7942_RS08760
M744_RS07545	45241.7158	SYNPCC7942_RS08755
M744_RS07550	171.0913	SYNPCC7942_RS08750
M744_RS07555	185.1119	SYNPCC7942_RS08745
M744_RS07560	154.7867	SYNPCC7942_RS08740
M744_RS07565	47.2064	SYNPCC7942_RS08735
M744_RS07570	440.7198	SYNPCC7942_RS08730
M744_RS07575	17.6348	SYNPCC7942_RS08725
M744_RS07580	0.6238	SYNPCC7942_RS08720
M744_RS07585	76.7232	SYNPCC7942_RS08715
M744_RS07590	1.9386	SYNPCC7942_RS08710
M744_RS07595	7.9603	SYNPCC7942_RS08705
M744_RS07600	28.2491	SYNPCC7942_RS08700
M744_RS07605	61.2357	SYNPCC7942_RS08695
M744_RS07610	16.5799	SYNPCC7942_RS08690
M744_RS07615	4.2666	SYNPCC7942_RS08685
M744_RS07620	113.0438	SYNPCC7942_RS08680
M744_RS07625	0.6503	SYNPCC7942_RS08675
M744_RS07630	70.0435	SYNPCC7942_RS08670
M744_RS07635	32.6523	SYNPCC7942_RS08660
M744_RS07640	3.8094	SYNPCC7942_RS08655
M744_RS07645	62.8646	SYNPCC7942_RS08650
M744_RS07650	40.0443	SYNPCC7942_RS08645
M744_RS07655	3.1722	SYNPCC7942_RS08640
M744_RS07660	91.3191	SYNPCC7942_RS08635
M744_RS07665	10.7084	SYNPCC7942_RS08630
M744_RS07670	30.5337	SYNPCC7942_RS08625
M744_RS07675	8.5444	SYNPCC7942_RS08620
M744_RS07680	6.3423	SYNPCC7942_RS08615
M744_RS07685	21.5360	SYNPCC7942_RS08610
M744_RS07690	93.8017	SYNPCC7942_RS08605
M744_RS07695	1.0638	SYNPCC7942_RS08600
M744_RS07700	10.0787	SYNPCC7942_RS08595
M744_RS07705	40.1918	SYNPCC7942_RS08590
M744_RS07710	108.1915	SYNPCC7942_RS08585
M744_RS07715	232.9022	SYNPCC7942_RS08580
M744_RS07720	16.8108	SYNPCC7942_RS08575
M744_RS07725	39.7636	SYNPCC7942_RS08570
M744_RS07730	48.1181	SYNPCC7942_RS08565
M744_RS07735	64.8519	SYNPCC7942_RS08560
M744_RS07740	23.1415	SYNPCC7942_RS08555
M744_RS07745	71.1819	SYNPCC7942_RS08550
M744_RS07750	55.4973	SYNPCC7942_RS08545
M744_RS07755	23.4162	SYNPCC7942_RS08540
M744_RS07760	60.2361	SYNPCC7942_RS08535
M744_RS07765	75.4465	SYNPCC7942_RS08530
M744_RS07770	1.3185	SYNPCC7942_RS08525
M744_RS07775	281.6436	SYNPCC7942_RS08520
M744_RS07780	21.8221	SYNPCC7942_RS08515
M744_RS07785	60.6482	SYNPCC7942_RS08510
M744_RS07790	219.3519	SYNPCC7942_RS08505
M744_RS07795	14.5547	SYNPCC7942_RS08500
M744_RS07800	306.2173	SYNPCC7942_RS08495
M744_RS07805	12.3472	SYNPCC7942_RS08490
M744_RS07810	4.4440	SYNPCC7942_RS08485
M744_RS07820	32.2631	SYNPCC7942_RS08475
M744_RS07825	64.2423	SYNPCC7942_RS08470
M744_RS07830	21.3610	SYNPCC7942_RS08465
M744_RS07835	74.3899	SYNPCC7942_RS08460
M744_RS07840	15.0836	SYNPCC7942_RS08455
M744_RS07845	2.8369	SYNPCC7942_RS08450
M744_RS07850	5292.6609	SYNPCC7942_RS08445
M744_RS07855	38.1696	SYNPCC7942_RS08440
M744_RS07860	9.9357	SYNPCC7942_RS08435
M744_RS07865	104.5820	SYNPCC7942_RS08430
M744_RS07870	0.2074	SYNPCC7942_RS08425
M744_RS07875	69.8880	SYNPCC7942_RS08420
M744_RS07880	186.8553	SYNPCC7942_RS08415
M744_RS07885	94.1106	SYNPCC7942_RS08410
M744_RS07890	77.9092	SYNPCC7942_RS08405
M744_RS07895	45.1805	SYNPCC7942_RS08400
M744_RS07905	37.5388	SYNPCC7942_RS08390
M744_RS07910	47.4481	SYNPCC7942_RS08385
M744_RS07915	113.9100	SYNPCC7942_RS08380
M744_RS07920	41.1272	SYNPCC7942_RS08375
M744_RS07925	40.5429	SYNPCC7942_RS08370
M744_RS07930	22.0558	SYNPCC7942_RS08365
M744_RS07935	6.5662	SYNPCC7942_RS08360
M744_RS07940	56.4565	SYNPCC7942_RS08355
M744_RS07950	632.0517	SYNPCC7942_RS08345
M744_RS07960	4253.2086	SYNPCC7942_RS07490
M744_RS07965	24.0267	SYNPCC7942_RS07495
M744_RS07970	256.0644	SYNPCC7942_RS07500
M744_RS07975	23.6669	SYNPCC7942_RS07505
M744_RS07980	52.7895	SYNPCC7942_RS07510
M744_RS07985	26.9825	SYNPCC7942_RS07515
M744_RS07990	60.9447	SYNPCC7942_RS07520
M744_RS07995	127.8843	SYNPCC7942_RS07525
M744_RS08000	140.4606	SYNPCC7942_RS07530
M744_RS08005	18.7170	SYNPCC7942_RS07535
M744_RS08010	4561.0396	SYNPCC7942_RS07540
M744_RS08015	173.6917	SYNPCC7942_RS07545
M744_RS08020	61.2080	SYNPCC7942_RS07550
M744_RS08025	10.9046	SYNPCC7942_RS07555
M744_RS08030	12.7586	SYNPCC7942_RS07560
M744_RS08035	80.2989	SYNPCC7942_RS07565
M744_RS08040	11.8686	SYNPCC7942_RS07570
M744_RS08045	22.5677	SYNPCC7942_RS07575
M744_RS08050	84.6828	SYNPCC7942_RS07580
M744_RS08055	0.1640	SYNPCC7942_RS07585
M744_RS08060	26.2219	SYNPCC7942_RS07590
M744_RS08065	0.4866	SYNPCC7942_RS07595
M744_RS08070	239.7535	SYNPCC7942_RS07600
M744_RS08075	1918.8569	SYNPCC7942_RS07605
M744_RS08080	935.1394	SYNPCC7942_RS07610
M744_RS08085	3424.2108	SYNPCC7942_RS07615
M744_RS08090	2375.0691	SYNPCC7942_RS07620
M744_RS08095	11.5410	SYNPCC7942_RS07625
M744_RS08100	12.4708	SYNPCC7942_RS07630
M744_RS08105	9.3636	SYNPCC7942_RS07635
M744_RS08110	31.5405	SYNPCC7942_RS07640
M744_RS08115	108.7301	SYNPCC7942_RS07645
M744_RS08120	0.9250	SYNPCC7942_RS07650
M744_RS08125	2.7794	SYNPCC7942_RS07655
M744_RS08130	774.1608	SYNPCC7942_RS07660
M744_RS08135	204.2296	SYNPCC7942_RS07665
M744_RS08140	33.2745	SYNPCC7942_RS07670
M744_RS08145	26.4188	SYNPCC7942_RS07675
M744_RS08150	19.6004	SYNPCC7942_RS07680
M744_RS08155	146.6416	SYNPCC7942_RS07685
M744_RS08160	871.3803	SYNPCC7942_RS07690
M744_RS08165	2180.5535	SYNPCC7942_RS07695
M744_RS08175	14.0701	SYNPCC7942_RS07705
M744_RS08180	11.2415	SYNPCC7942_RS07710
M744_RS08185	270.4306	SYNPCC7942_RS07715
M744_RS08190	0.0475	SYNPCC7942_RS07720
M744_RS08195	53.0560	SYNPCC7942_RS07725
M744_RS08200	26.5623	SYNPCC7942_RS07730
M744_RS08205	25.1415	SYNPCC7942_RS07735
M744_RS08210	31.1285	SYNPCC7942_RS07740
M744_RS08215	214.5329	SYNPCC7942_RS07745
M744_RS08220	73.8036	SYNPCC7942_RS07750
M744_RS08225	0.1602	SYNPCC7942_RS07755
M744_RS08230	19.5970	SYNPCC7942_RS07760
M744_RS08235	146.3396	SYNPCC7942_RS07765
M744_RS08240	81.3503	SYNPCC7942_RS07770
M744_RS08245	84.6499	SYNPCC7942_RS07775
M744_RS08265	557.5815	SYNPCC7942_RS07795
M744_RS08270	33.1005	SYNPCC7942_RS07800
M744_RS08275	332.6689	SYNPCC7942_RS07805
M744_RS08280	10.8057	SYNPCC7942_RS07810
M744_RS08285	31.2941	SYNPCC7942_RS07815
M744_RS08290	1.4283	SYNPCC7942_RS07820
M744_RS08295	8.2064	SYNPCC7942_RS07825
M744_RS08300	3.5079	SYNPCC7942_RS07830
M744_RS08305	60.7337	SYNPCC7942_RS07835
M744_RS08310	214.7006	SYNPCC7942_RS07840
M744_RS08315	72.1830	SYNPCC7942_RS07845
M744_RS08320	0.0786	SYNPCC7942_RS07850
M744_RS08325	0.7910	SYNPCC7942_RS07860
M744_RS08330	23.5518	SYNPCC7942_RS07865
M744_RS08335	278.7998	SYNPCC7942_RS07870
M744_RS08340	14.5491	SYNPCC7942_RS07875
M744_RS08345	33.2899	SYNPCC7942_RS07880
M744_RS08350	3.1414	SYNPCC7942_RS07885
M744_RS08355	1.7647	SYNPCC7942_RS07890
M744_RS08360	64.8315	SYNPCC7942_RS07895
M744_RS08365	8.4630	SYNPCC7942_RS07900
M744_RS08370	69.0710	SYNPCC7942_RS07905
M744_RS08375	0.1610	SYNPCC7942_RS07910
M744_RS08380	206.8589	SYNPCC7942_RS07915
M744_RS08385	0.0000	SYNPCC7942_RS07920
M744_RS08390	123.0776	SYNPCC7942_RS07925
M744_RS08395	75.6985	SYNPCC7942_RS07930
M744_RS08400	682.2391	SYNPCC7942_RS07935
M744_RS08405	5003.8703	SYNPCC7942_RS07940
M744_RS08410	23.6371	SYNPCC7942_RS07945
M744_RS08415	17.6444	SYNPCC7942_RS07950
M744_RS08420	11.7447	SYNPCC7942_RS07955
M744_RS08430	338.8218	SYNPCC7942_RS07965
M744_RS08435	99.6750	SYNPCC7942_RS07970
M744_RS08440	12.8563	SYNPCC7942_RS07975
M744_RS08450	3.7217	SYNPCC7942_RS07980
M744_RS08455	0.7009	SYNPCC7942_RS07985
M744_RS08465	7.9137	SYNPCC7942_RS07995
M744_RS08470	74.6212	SYNPCC7942_RS08000
M744_RS08475	226.2060	SYNPCC7942_RS08005
M744_RS08480	3.7346	SYNPCC7942_RS08010
M744_RS08485	199.4907	SYNPCC7942_RS08015
M744_RS08490	1486.3738	SYNPCC7942_RS08020
M744_RS08495	269.2095	SYNPCC7942_RS08025
M744_RS08500	526.6197	SYNPCC7942_RS08030
M744_RS08505	623.0880	SYNPCC7942_RS08035
M744_RS08510	287.7501	SYNPCC7942_RS08040
M744_RS08515	47.3674	SYNPCC7942_RS08045
M744_RS08520	55.4918	SYNPCC7942_RS08050
M744_RS08525	55.2438	SYNPCC7942_RS08055
M744_RS08530	65.1313	SYNPCC7942_RS08060
M744_RS08535	15.5915	SYNPCC7942_RS08065
M744_RS08540	23.4709	SYNPCC7942_RS08070
M744_RS08545	32.7793	SYNPCC7942_RS08075
M744_RS08550	41.2257	SYNPCC7942_RS08080
M744_RS08555	0.6984	SYNPCC7942_RS08085
M744_RS08560	20.5837	SYNPCC7942_RS08090
M744_RS08565	20.5622	SYNPCC7942_RS08095
M744_RS08570	248.5236	SYNPCC7942_RS08100
M744_RS08575	2107.3058	SYNPCC7942_RS08105
M744_RS08580	136.8079	SYNPCC7942_RS08110
M744_RS08585	9.5944	SYNPCC7942_RS08115
M744_RS08590	36.8386	SYNPCC7942_RS08120
M744_RS08595	114.3519	SYNPCC7942_RS08125
M744_RS08600	2.9868	SYNPCC7942_RS08130
M744_RS08605	147.8974	SYNPCC7942_RS08135
M744_RS08610	115.9983	SYNPCC7942_RS08140
M744_RS08615	47.0619	SYNPCC7942_RS08145
M744_RS08620	11.7683	SYNPCC7942_RS08150
M744_RS08625	84.2160	SYNPCC7942_RS08155
M744_RS08630	99.3324	SYNPCC7942_RS08160
M744_RS08635	3.8148	SYNPCC7942_RS08165
M744_RS08640	12.2554	SYNPCC7942_RS08170
M744_RS08645	5.5029	SYNPCC7942_RS08175
M744_RS08650	61.1439	SYNPCC7942_RS08180
M744_RS08655	18.1280	SYNPCC7942_RS08185
M744_RS08660	5.8331	SYNPCC7942_RS08190
M744_RS08665	82.9146	SYNPCC7942_RS08195
M744_RS08670	219.3255	SYNPCC7942_RS08200
M744_RS08675	69.1680	SYNPCC7942_RS08205
M744_RS08680	279.0528	SYNPCC7942_RS08210
M744_RS08685	2721.3787	SYNPCC7942_RS08215
M744_RS08690	820.6385	SYNPCC7942_RS08220
M744_RS08695	1322.9675	SYNPCC7942_RS08225
M744_RS08700	1083.5034	SYNPCC7942_RS08230
M744_RS08705	295.9335	SYNPCC7942_RS08235
M744_RS08710	355.7210	SYNPCC7942_RS08240
M744_RS08715	176.9023	SYNPCC7942_RS08245
M744_RS08720	661.0518	SYNPCC7942_RS08250
M744_RS08725	0.0138	SYNPCC7942_RS08255
M744_RS08730	58.6387	SYNPCC7942_RS08260
M744_RS08735	0.0371	SYNPCC7942_RS08265
M744_RS08740	568.7047	SYNPCC7942_RS08270
M744_RS08745	105.8478	SYNPCC7942_RS08275
M744_RS08750	9.4430	SYNPCC7942_RS08280
M744_RS08755	88.5874	SYNPCC7942_RS08285
M744_RS08760	23.8233	SYNPCC7942_RS08290
M744_RS08765	136.3938	SYNPCC7942_RS08295
M744_RS08770	318.5155	SYNPCC7942_RS08300
M744_RS08775	30.7863	SYNPCC7942_RS08305
M744_RS08780	2.4718	SYNPCC7942_RS08310
M744_RS08785	40.3730	SYNPCC7942_RS08315
M744_RS08790	45.1583	SYNPCC7942_RS08320
M744_RS08795	4.8727	SYNPCC7942_RS08325
M744_RS08800	102.5018	SYNPCC7942_RS08330
M744_RS08805	578.0934	SYNPCC7942_RS08335
M744_RS08815	24.2591	SYNPCC7942_RS07480
M744_RS08820	22.3715	SYNPCC7942_RS07475
M744_RS08825	196.2823	SYNPCC7942_RS07470
M744_RS08830	185.9040	SYNPCC7942_RS07465
M744_RS08835	0.7777	SYNPCC7942_RS07460
M744_RS08840	1.1109	SYNPCC7942_RS07455
M744_RS08845	61.3706	SYNPCC7942_RS07450
M744_RS08850	30.8640	SYNPCC7942_RS07445
M744_RS08855	127.9727	SYNPCC7942_RS07440
M744_RS08860	71.6550	SYNPCC7942_RS07435
M744_RS08865	0.0000	SYNPCC7942_RS07430
M744_RS08870	220.3039	SYNPCC7942_RS07425
M744_RS08875	14.8447	SYNPCC7942_RS07420
M744_RS08880	57.8415	SYNPCC7942_RS07415
M744_RS08885	73.6992	SYNPCC7942_RS07410
M744_RS08890	77.3197	SYNPCC7942_RS07405
M744_RS08895	80.7870	SYNPCC7942_RS07400
M744_RS08900	101.8006	SYNPCC7942_RS07395
M744_RS08910	2216.6227	SYNPCC7942_RS07385
M744_RS08920	1.0203	SYNPCC7942_RS07375
M744_RS08930	9.0746	SYNPCC7942_RS07370
M744_RS08935	8.2190	SYNPCC7942_RS07365
M744_RS08940	173.5541	SYNPCC7942_RS07360
M744_RS08945	55.5672	SYNPCC7942_RS07355
M744_RS08950	6.4631	SYNPCC7942_RS07350
M744_RS08955	11.5518	SYNPCC7942_RS07345
M744_RS08960	16.5581	SYNPCC7942_RS07340
M744_RS08965	447.2228	SYNPCC7942_RS07335
M744_RS08970	0.0000	SYNPCC7942_RS07330
M744_RS08975	194.9185	SYNPCC7942_RS07325
M744_RS08980	208.5616	SYNPCC7942_RS07320
M744_RS08985	595.6254	SYNPCC7942_RS07315
M744_RS08990	129.2710	SYNPCC7942_RS07310
M744_RS08995	17.3472	SYNPCC7942_RS07305
M744_RS09000	896.7337	SYNPCC7942_RS07300
M744_RS09005	4024.8052	SYNPCC7942_RS07295
M744_RS09010	63.1227	SYNPCC7942_RS07290
M744_RS09015	151.7380	SYNPCC7942_RS07285
M744_RS09020	524.1901	SYNPCC7942_RS07280
M744_RS09025	775.7414	SYNPCC7942_RS07275
M744_RS09030	364.0616	SYNPCC7942_RS07270
M744_RS09035	968.4184	SYNPCC7942_RS07265
M744_RS09040	1866.4543	SYNPCC7942_RS07260
M744_RS09045	0.0000	SYNPCC7942_RS07255
M744_RS09050	23.9034	SYNPCC7942_RS07250
M744_RS09055	615.4410	SYNPCC7942_RS07245
M744_RS09060	823.7310	SYNPCC7942_RS07240
M744_RS09065	33.5431	SYNPCC7942_RS07235
M744_RS09070	25.7229	SYNPCC7942_RS07230
M744_RS09075	152.7251	SYNPCC7942_RS07225
M744_RS09080	38.0591	SYNPCC7942_RS07220
M744_RS09085	1261.2699	SYNPCC7942_RS07215
M744_RS09090	56.4537	SYNPCC7942_RS07210
M744_RS09095	8.2316	SYNPCC7942_RS07205
M744_RS09100	228.6122	SYNPCC7942_RS07200
M744_RS09105	91.9442	SYNPCC7942_RS07195
M744_RS09110	30.0759	SYNPCC7942_RS07190
M744_RS09115	26.3529	SYNPCC7942_RS07185
M744_RS09120	11.5626	SYNPCC7942_RS07180
M744_RS09125	105.9686	SYNPCC7942_RS07175
M744_RS09130	26.0315	SYNPCC7942_RS07170
M744_RS09135	2.5354	SYNPCC7942_RS07165
M744_RS09140	102.2429	SYNPCC7942_RS07160
M744_RS09145	86.7160	SYNPCC7942_RS07155
M744_RS09150	4613.5656	SYNPCC7942_RS07150
M744_RS09155	13.5794	SYNPCC7942_RS07145
M744_RS09160	1.0299	SYNPCC7942_RS07140
M744_RS09165	155.7350	SYNPCC7942_RS07135
M744_RS09170	9.3475	SYNPCC7942_RS07130
M744_RS09175	26.4315	SYNPCC7942_RS07125
M744_RS09180	225.4147	SYNPCC7942_RS07120
M744_RS09185	29.9164	SYNPCC7942_RS07115
M744_RS09195	0.0138	SYNPCC7942_RS07105
M744_RS09200	42.5899	SYNPCC7942_RS07100
M744_RS09205	37.2771	SYNPCC7942_RS07095
M744_RS09210	35.3283	SYNPCC7942_RS07090
M744_RS09215	117.7730	SYNPCC7942_RS07085
M744_RS09220	274.6838	SYNPCC7942_RS07080
M744_RS09225	143.9340	SYNPCC7942_RS07075
M744_RS09230	152.8067	SYNPCC7942_RS07070
M744_RS09235	97.2487	SYNPCC7942_RS07065
M744_RS09240	27.9602	SYNPCC7942_RS07060
M744_RS09250	14.5388	SYNPCC7942_RS07050
M744_RS09255	0.0000	SYNPCC7942_RS07045
M744_RS09260	92.2875	SYNPCC7942_RS07040
M744_RS09265	16.8949	SYNPCC7942_RS07035
M744_RS09270	59.2201	SYNPCC7942_RS07030
M744_RS09275	455.4177	SYNPCC7942_RS07025
M744_RS09280	100.9513	SYNPCC7942_RS07020
M744_RS09285	53.2578	SYNPCC7942_RS07015
M744_RS09290	29.9480	SYNPCC7942_RS07010
M744_RS09295	13.9876	SYNPCC7942_RS07005
M744_RS09300	67.7917	SYNPCC7942_RS07000
M744_RS09305	3.0244	SYNPCC7942_RS06995
M744_RS09310	11.0201	SYNPCC7942_RS06990
M744_RS09315	23.4216	SYNPCC7942_RS06985
M744_RS09320	85.9970	SYNPCC7942_RS06975
M744_RS09330	76.1934	SYNPCC7942_RS06965
M744_RS09335	67.6911	SYNPCC7942_RS06960
M744_RS09340	12.5742	SYNPCC7942_RS06955
M744_RS09345	74.1825	SYNPCC7942_RS06950
M744_RS09350	102.6408	SYNPCC7942_RS06940
M744_RS09355	307.0163	SYNPCC7942_RS06935
M744_RS09360	0.0138	SYNPCC7942_RS06930
M744_RS09365	151.6363	SYNPCC7942_RS06925
M744_RS09370	70.1060	SYNPCC7942_RS06920
M744_RS09375	4.1481	SYNPCC7942_RS06915
M744_RS09380	338.6145	SYNPCC7942_RS06910
M744_RS09385	5.5664	SYNPCC7942_RS06905
M744_RS09390	0.0138	SYNPCC7942_RS06900
M744_RS09395	5.4101	SYNPCC7942_RS06895
M744_RS09400	9.1657	SYNPCC7942_RS06890
M744_RS09405	4.3807	SYNPCC7942_RS06885
M744_RS09410	210.6473	SYNPCC7942_RS06880
M744_RS09415	1118.6484	SYNPCC7942_RS06875
M744_RS09420	677.9745	SYNPCC7942_RS06870
M744_RS09425	1230.9907	SYNPCC7942_RS06865
M744_RS09430	19.7130	SYNPCC7942_RS06860
M744_RS09435	40.4292	SYNPCC7942_RS06855
M744_RS09440	110.4379	SYNPCC7942_RS06850
M744_RS09445	20.4089	SYNPCC7942_RS06845
M744_RS09450	451.6923	SYNPCC7942_RS06840
M744_RS09455	297.3206	SYNPCC7942_RS06835
M744_RS09460	28.2123	SYNPCC7942_RS06830
M744_RS09465	0.0904	SYNPCC7942_RS06825
M744_RS09470	7.7869	SYNPCC7942_RS06820
M744_RS09475	15.4644	SYNPCC7942_RS06815
M744_RS09480	56.6317	SYNPCC7942_RS06810
M744_RS09485	14.2413	SYNPCC7942_RS06805
M744_RS09490	56.7553	SYNPCC7942_RS06800
M744_RS09495	70.1883	SYNPCC7942_RS06795
M744_RS09500	5.5557	SYNPCC7942_RS06790
M744_RS09505	11.8509	SYNPCC7942_RS06785
M744_RS09510	159.7553	SYNPCC7942_RS06780
M744_RS09515	70.1633	SYNPCC7942_RS06775
M744_RS09520	203.0799	SYNPCC7942_RS06770
M744_RS09525	20.0838	SYNPCC7942_RS06765
M744_RS09530	628.2055	SYNPCC7942_RS06760
M744_RS09535	5.4292	SYNPCC7942_RS06755
M744_RS09540	18.1586	SYNPCC7942_RS06750
M744_RS09545	35.1219	SYNPCC7942_RS06745
M744_RS09550	11.6213	SYNPCC7942_RS06740
M744_RS09555	16.3830	SYNPCC7942_RS06735
M744_RS09560	4.6308	SYNPCC7942_RS06730
M744_RS09565	90.1546	SYNPCC7942_RS06725
M744_RS09570	3826.9963	SYNPCC7942_RS06720
M744_RS09575	50.2064	SYNPCC7942_RS06715
M744_RS09580	25.6964	SYNPCC7942_RS06710
M744_RS09585	32.1717	SYNPCC7942_RS06705
M744_RS09590	39.4148	SYNPCC7942_RS06700
M744_RS09595	0.2414	SYNPCC7942_RS06695
M744_RS09600	34.7188	SYNPCC7942_RS06690
M744_RS09605	9.2488	SYNPCC7942_RS06685
M744_RS09610	53.0326	SYNPCC7942_RS06680
M744_RS09615	38.2517	SYNPCC7942_RS06675
M744_RS09620	12.9702	SYNPCC7942_RS06670
M744_RS09625	137.0620	SYNPCC7942_RS06665
M744_RS09630	321.3074	SYNPCC7942_RS06660
M744_RS09635	57.5355	SYNPCC7942_RS06655
M744_RS09640	1.5425	SYNPCC7942_RS06650
M744_RS09645	32.5731	SYNPCC7942_RS06645
M744_RS09650	181.3009	SYNPCC7942_RS06640
M744_RS09655	280.6847	SYNPCC7942_RS06635
M744_RS09660	2.7658	SYNPCC7942_RS06630
M744_RS09665	97.3887	SYNPCC7942_RS06625
M744_RS09670	86.3933	SYNPCC7942_RS06620
M744_RS09675	159.8533	SYNPCC7942_RS06615
M744_RS09680	120.9775	SYNPCC7942_RS06610
M744_RS09685	11.7577	SYNPCC7942_RS06605
M744_RS09690	200.0480	SYNPCC7942_RS06600
M744_RS09695	8.0220	SYNPCC7942_RS06595
M744_RS09700	313.4448	SYNPCC7942_RS06590
M744_RS09705	14.5776	SYNPCC7942_RS06585
M744_RS09710	0.0138	SYNPCC7942_RS06580
M744_RS09715	10.9900	SYNPCC7942_RS06575
M744_RS09720	0.0138	SYNPCC7942_RS06570
M744_RS09725	163.3222	SYNPCC7942_RS06565
M744_RS09730	50.4466	SYNPCC7942_RS06560
M744_RS09735	3.9275	SYNPCC7942_RS06555
M744_RS09740	43.8521	SYNPCC7942_RS06550
M744_RS09745	88.6481	SYNPCC7942_RS06545
M744_RS09750	374.2296	SYNPCC7942_RS06540
M744_RS09755	13.5407	SYNPCC7942_RS06535
M744_RS09760	152.4423	SYNPCC7942_RS06530
M744_RS09765	47.6095	SYNPCC7942_RS06525
M744_RS09770	17.3020	SYNPCC7942_RS06520
M744_RS09775	9.0492	SYNPCC7942_RS06515
M744_RS09780	54.3547	SYNPCC7942_RS06510
M744_RS09785	84.1848	SYNPCC7942_RS06505
M744_RS09790	23.1572	SYNPCC7942_RS06500
M744_RS09795	27.4287	SYNPCC7942_RS06495
M744_RS09800	5.1406	SYNPCC7942_RS06490
M744_RS09805	51.1875	SYNPCC7942_RS06485
M744_RS09810	0.6166	SYNPCC7942_RS06480
M744_RS09815	68.5960	SYNPCC7942_RS06475
M744_RS09820	15.4617	SYNPCC7942_RS06470
M744_RS09825	33.6323	SYNPCC7942_RS06465
M744_RS09830	45.5790	SYNPCC7942_RS06460
M744_RS09835	419.2854	SYNPCC7942_RS06455
M744_RS09840	267.8063	SYNPCC7942_RS06450
M744_RS09845	0.0138	SYNPCC7942_RS06445
M744_RS09850	139.7389	SYNPCC7942_RS06440
M744_RS09855	50.9542	SYNPCC7942_RS06435
M744_RS09860	0.0000	SYNPCC7942_RS06430
M744_RS09865	2201.7425	SYNPCC7942_RS06425
M744_RS09875	16.1683	SYNPCC7942_RS06415
M744_RS09880	4.8439	SYNPCC7942_RS06410
M744_RS09885	1028.8396	SYNPCC7942_RS06405
M744_RS09890	324.0874	SYNPCC7942_RS06400
M744_RS09895	0.0138	SYNPCC7942_RS06395
M744_RS09905	32.8360	SYNPCC7942_RS06385
M744_RS09910	2.9186	SYNPCC7942_RS06380
M744_RS09915	17.4300	SYNPCC7942_RS06375
M744_RS09920	4.4827	SYNPCC7942_RS06370
M744_RS09925	1.9043	SYNPCC7942_RS06365
M744_RS09930	152.5053	SYNPCC7942_RS06360
M744_RS09935	274.1157	SYNPCC7942_RS06355
M744_RS09940	177.1731	SYNPCC7942_RS06350
M744_RS09945	291.1560	SYNPCC7942_RS06345
M744_RS09950	380.6155	SYNPCC7942_RS06340
M744_RS09955	175.5383	SYNPCC7942_RS06335
M744_RS09960	32.3508	SYNPCC7942_RS06330
M744_RS09965	157.2942	SYNPCC7942_RS06325
M744_RS09970	12.9464	SYNPCC7942_RS06320
M744_RS09975	209.4288	SYNPCC7942_RS06315
M744_RS09980	520.6045	SYNPCC7942_RS06310
M744_RS09985	0.0410	SYNPCC7942_RS06305
M744_RS09990	19.7074	SYNPCC7942_RS06300
M744_RS09995	9.6618	SYNPCC7942_RS06295
M744_RS10000	63.5567	SYNPCC7942_RS06290
M744_RS10010	66.0615	SYNPCC7942_RS06280
M744_RS10015	95.8427	SYNPCC7942_RS06275
M744_RS10020	0.1721	SYNPCC7942_RS06270
M744_RS10025	102.5335	SYNPCC7942_RS06265
M744_RS10030	8.4220	SYNPCC7942_RS06260
M744_RS10035	43.2114	SYNPCC7942_RS06255
M744_RS10040	1441.3666	SYNPCC7942_RS06250
M744_RS10045	1097.4628	SYNPCC7942_RS06245
M744_RS10050	26.1163	SYNPCC7942_RS06240
M744_RS10055	30.8979	SYNPCC7942_RS06235
M744_RS10060	61.9160	SYNPCC7942_RS06230
M744_RS10065	7.2277	SYNPCC7942_RS06225
M744_RS10070	4.9931	SYNPCC7942_RS06220
M744_RS10075	1.8567	SYNPCC7942_RS06215
M744_RS10080	1.7161	SYNPCC7942_RS06210
M744_RS10085	9.2070	SYNPCC7942_RS06205
M744_RS10090	0.0138	SYNPCC7942_RS06200
M744_RS10095	84.2858	SYNPCC7942_RS06195
M744_RS10100	42.5365	SYNPCC7942_RS06190
M744_RS10105	0.2878	SYNPCC7942_RS06185
M744_RS10110	15.6368	SYNPCC7942_RS06180
M744_RS10115	1.7844	SYNPCC7942_RS06175
M744_RS10125	0.1130	SYNPCC7942_RS06165
M744_RS10130	1.0964	SYNPCC7942_RS06160
M744_RS10135	45.0003	SYNPCC7942_RS06155
M744_RS10140	48.1904	SYNPCC7942_RS06150
M744_RS10145	0.3233	SYNPCC7942_RS06145
M744_RS10150	22.9189	SYNPCC7942_RS06140
M744_RS10155	134.6589	SYNPCC7942_RS06135
M744_RS10160	29.1970	SYNPCC7942_RS06130
M744_RS10165	13.1637	SYNPCC7942_RS06125
M744_RS10170	108.3855	SYNPCC7942_RS06120
M744_RS10175	18.4114	SYNPCC7942_RS06115
M744_RS10180	106.8221	SYNPCC7942_RS06110
M744_RS10185	97.2639	SYNPCC7942_RS06105
M744_RS10190	6.4881	SYNPCC7942_RS06100
M744_RS10195	54.9221	SYNPCC7942_RS06095
M744_RS10200	12.7998	SYNPCC7942_RS06090
M744_RS10205	32.1063	SYNPCC7942_RS06085
M744_RS10210	12.0708	SYNPCC7942_RS06080
M744_RS10215	3.6714	SYNPCC7942_RS06075
M744_RS10220	1.9189	SYNPCC7942_RS06070
M744_RS10225	101.0653	SYNPCC7942_RS06065
M744_RS10230	72.7237	SYNPCC7942_RS06060
M744_RS10235	87.2474	SYNPCC7942_RS06055
M744_RS10240	325.8518	SYNPCC7942_RS06050
M744_RS10245	611.5197	SYNPCC7942_RS06045
M744_RS10250	127.4817	SYNPCC7942_RS06040
M744_RS10255	111.3142	SYNPCC7942_RS06035
M744_RS10260	572.7024	SYNPCC7942_RS06030
M744_RS10265	486.3491	SYNPCC7942_RS06025
M744_RS10270	334.7204	SYNPCC7942_RS06020
M744_RS10275	16.4032	SYNPCC7942_RS06015
M744_RS10280	39.2563	SYNPCC7942_RS06010
M744_RS10285	8.7725	SYNPCC7942_RS06005
M744_RS10290	3.9550	SYNPCC7942_RS06000
M744_RS10295	42.1520	SYNPCC7942_RS05995
M744_RS10300	22.4443	SYNPCC7942_RS05990
M744_RS10305	12.2668	SYNPCC7942_RS05985
M744_RS10310	7.5178	SYNPCC7942_RS05980
M744_RS10320	82.1288	SYNPCC7942_RS05970
M744_RS10330	10.8720	SYNPCC7942_RS05960
M744_RS10335	10.8468	SYNPCC7942_RS05955
M744_RS10340	3.8679	SYNPCC7942_RS05950
M744_RS10345	22.0915	SYNPCC7942_RS05945
M744_RS10355	225.7987	SYNPCC7942_RS05935
M744_RS10360	11.1944	SYNPCC7942_RS05930
M744_RS10365	312.8805	SYNPCC7942_RS05925
M744_RS10370	22.7753	SYNPCC7942_RS05920
M744_RS10375	17.5157	SYNPCC7942_RS05915
M744_RS10380	391.4313	SYNPCC7942_RS05910
M744_RS10390	84.6672	SYNPCC7942_RS05900
M744_RS10395	623.2404	SYNPCC7942_RS05895
M744_RS10405	67.7804	SYNPCC7942_RS05885
M744_RS10410	281.3407	SYNPCC7942_RS05880
M744_RS10415	2.3082	SYNPCC7942_RS05875
M744_RS10420	107.5501	SYNPCC7942_RS05870
M744_RS10425	118.7871	SYNPCC7942_RS05865
M744_RS10435	114.1485	SYNPCC7942_RS05855
M744_RS10440	31.4938	SYNPCC7942_RS05850
M744_RS10445	134.8324	SYNPCC7942_RS05845
M744_RS10450	12.1209	SYNPCC7942_RS05840
M744_RS10455	3.8024	SYNPCC7942_RS05835
M744_RS10460	134.7928	SYNPCC7942_RS05830
M744_RS10470	222.7324	SYNPCC7942_RS05820
M744_RS10475	199.6939	SYNPCC7942_RS05815
M744_RS10480	2.5213	SYNPCC7942_RS05810
M744_RS10485	7.2062	SYNPCC7942_RS05805
M744_RS10490	17.5194	SYNPCC7942_RS05800
M744_RS10495	23.4078	SYNPCC7942_RS05795
M744_RS10500	10.5661	SYNPCC7942_RS05790
M744_RS10505	39.9272	SYNPCC7942_RS05785
M744_RS10510	13.1311	SYNPCC7942_RS05780
M744_RS10515	7.9277	SYNPCC7942_RS05775
M744_RS10520	310.0792	SYNPCC7942_RS05770
M744_RS10525	34.0440	SYNPCC7942_RS05765
M744_RS10530	640.7036	SYNPCC7942_RS05760
M744_RS10535	179.0315	SYNPCC7942_RS05755
M744_RS10540	56.2829	SYNPCC7942_RS05750
M744_RS10545	231.9733	SYNPCC7942_RS05745
M744_RS10550	17.1659	SYNPCC7942_RS05740
M744_RS10555	36.0470	SYNPCC7942_RS05735
M744_RS10565	25.8947	SYNPCC7942_RS05725
M744_RS10570	108.5852	SYNPCC7942_RS05720
M744_RS10575	26.8979	SYNPCC7942_RS05715
M744_RS10580	299.3306	SYNPCC7942_RS05710
M744_RS10585	2.6472	SYNPCC7942_RS05705
M744_RS10590	63.9367	SYNPCC7942_RS05700
M744_RS10595	53.3462	SYNPCC7942_RS05695
M744_RS10600	201.6482	SYNPCC7942_RS05690
M744_RS10605	5.2993	SYNPCC7942_RS05685
M744_RS10610	17.6355	SYNPCC7942_RS05680
M744_RS10615	53.4187	SYNPCC7942_RS05675
M744_RS10620	8.5703	SYNPCC7942_RS05670
M744_RS10625	59.6276	SYNPCC7942_RS05665
M744_RS10630	68.3923	SYNPCC7942_RS05660
M744_RS10635	12.2185	SYNPCC7942_RS05655
M744_RS10640	112.0840	SYNPCC7942_RS05650
M744_RS10645	976.6908	SYNPCC7942_RS05645
M744_RS10650	31.6561	SYNPCC7942_RS05640
M744_RS10655	64.8236	SYNPCC7942_RS05635
M744_RS10660	20.8408	SYNPCC7942_RS05630
M744_RS10665	624.0854	SYNPCC7942_RS05625
M744_RS10670	116.9776	SYNPCC7942_RS05620
M744_RS10675	3.8254	SYNPCC7942_RS05615
M744_RS10680	0.0995	SYNPCC7942_RS05610
M744_RS10685	22.6723	SYNPCC7942_RS05605
M744_RS10690	14.4583	SYNPCC7942_RS05600
M744_RS10695	36.2965	SYNPCC7942_RS05595
M744_RS10700	3812.2002	SYNPCC7942_RS05590
M744_RS10705	332.9236	SYNPCC7942_RS05585
M744_RS10710	42.7996	SYNPCC7942_RS05580
M744_RS10715	120.2165	SYNPCC7942_RS05575
M744_RS10720	89.5069	SYNPCC7942_RS05570
M744_RS10725	1.7410	SYNPCC7942_RS05565
M744_RS10735	362.9570	SYNPCC7942_RS05555
M744_RS10740	63.3960	SYNPCC7942_RS05550
M744_RS10745	78.9462	SYNPCC7942_RS05545
M744_RS10755	50.4634	SYNPCC7942_RS05535
M744_RS10760	282.7738	SYNPCC7942_RS05530
M744_RS10765	3.3962	SYNPCC7942_RS05525
M744_RS10770	6.3860	SYNPCC7942_RS05520
M744_RS10775	7.1923	SYNPCC7942_RS05515
M744_RS10780	4.8399	SYNPCC7942_RS05510
M744_RS10785	15.0242	SYNPCC7942_RS05505
M744_RS10790	17.2417	SYNPCC7942_RS05500
M744_RS10795	261.0236	SYNPCC7942_RS05495
M744_RS10800	66.8481	SYNPCC7942_RS05490
M744_RS10805	16.0219	SYNPCC7942_RS05485
M744_RS10810	104.8868	SYNPCC7942_RS05480
M744_RS10815	9.6124	SYNPCC7942_RS05475
M744_RS10825	4.6917	SYNPCC7942_RS05465
M744_RS10830	189.3962	SYNPCC7942_RS05460
M744_RS10835	90.0594	SYNPCC7942_RS05455
M744_RS10840	139.9791	SYNPCC7942_RS05450
M744_RS10845	339.2679	SYNPCC7942_RS05445
M744_RS10850	2.1187	SYNPCC7942_RS05440
M744_RS10855	13.8411	SYNPCC7942_RS05435
M744_RS10860	4821.3869	SYNPCC7942_RS05430
M744_RS10865	2.1847	SYNPCC7942_RS05425
M744_RS10870	103.0604	SYNPCC7942_RS05420
M744_RS10875	212.7730	SYNPCC7942_RS05415
M744_RS10880	11.8651	SYNPCC7942_RS05410
M744_RS10885	45.6257	SYNPCC7942_RS05405
M744_RS10900	635.8818	SYNPCC7942_RS05390
M744_RS10905	3713.0389	SYNPCC7942_RS05385
M744_RS10910	7093.1908	SYNPCC7942_RS05380
M744_RS10925	6.0980	SYNPCC7942_RS05365
M744_RS10930	48.4790	SYNPCC7942_RS05360
M744_RS10935	45.0366	SYNPCC7942_RS05355
M744_RS10940	3.7140	SYNPCC7942_RS05350
M744_RS10945	47.9065	SYNPCC7942_RS05345
M744_RS10950	61.1138	SYNPCC7942_RS05340
M744_RS10955	7.4835	SYNPCC7942_RS05335
M744_RS10960	3.7521	SYNPCC7942_RS05330
M744_RS10965	60.6937	SYNPCC7942_RS05325
M744_RS10970	81.6094	SYNPCC7942_RS05320
M744_RS10975	0.0000	SYNPCC7942_RS05315
M744_RS10980	84.4820	SYNPCC7942_RS05310
M744_RS10985	396.4689	SYNPCC7942_RS05305
M744_RS10990	549.1355	SYNPCC7942_RS05300
M744_RS11000	78.5750	SYNPCC7942_RS05290
M744_RS11005	50.5181	SYNPCC7942_RS05285
M744_RS11015	4.9460	SYNPCC7942_RS05275
M744_RS11020	55.0585	SYNPCC7942_RS05270
M744_RS11025	0.3024	SYNPCC7942_RS05265
M744_RS11030	67.3042	SYNPCC7942_RS05260
M744_RS11035	16.8375	SYNPCC7942_RS05255
M744_RS11040	7.0653	SYNPCC7942_RS05250
M744_RS11045	96.6505	SYNPCC7942_RS05245
M744_RS11050	132.6105	SYNPCC7942_RS05240
M744_RS11055	10.8558	SYNPCC7942_RS05235
M744_RS11060	15.6279	SYNPCC7942_RS05230
M744_RS11070	105.6386	SYNPCC7942_RS05220
M744_RS11075	573.2669	SYNPCC7942_RS05215
M744_RS11080	990.2183	SYNPCC7942_RS05210
M744_RS11085	16.4401	SYNPCC7942_RS05205
M744_RS11090	11.1045	SYNPCC7942_RS05195
M744_RS11095	12.0347	SYNPCC7942_RS05190
M744_RS11100	42.6546	SYNPCC7942_RS05185
M744_RS11105	10.4806	SYNPCC7942_RS05180
M744_RS11110	5.4287	SYNPCC7942_RS05175
M744_RS11115	33.6136	SYNPCC7942_RS05170
M744_RS11125	5.2673	SYNPCC7942_RS05160
M744_RS11130	0.9695	SYNPCC7942_RS05155
M744_RS11135	0.0000	SYNPCC7942_RS05150
M744_RS11145	5515.5255	SYNPCC7942_RS05140
M744_RS11150	37.6466	SYNPCC7942_RS05135
M744_RS11155	53.9468	SYNPCC7942_RS05130
M744_RS11160	63.2032	SYNPCC7942_RS13725
M744_RS11165	319.8792	SYNPCC7942_RS05125
M744_RS11170	151.8605	SYNPCC7942_RS05120
M744_RS11175	0.0791	SYNPCC7942_RS05115
M744_RS11180	42.7723	SYNPCC7942_RS05110
M744_RS11185	56.2568	SYNPCC7942_RS05105
M744_RS11190	17.9539	SYNPCC7942_RS05100
M744_RS11195	92.0383	SYNPCC7942_RS05095
M744_RS11200	75.0205	SYNPCC7942_RS05090
M744_RS11205	9.3229	SYNPCC7942_RS13875
M744_RS11210	167.6547	SYNPCC7942_RS05080
M744_RS11215	66.3146	SYNPCC7942_RS05075
M744_RS11220	24.8874	SYNPCC7942_RS05070
M744_RS11225	142.3538	SYNPCC7942_RS05065
M744_RS11230	31.1283	SYNPCC7942_RS05060
M744_RS11235	84.9966	SYNPCC7942_RS05055
M744_RS11240	128.4650	SYNPCC7942_RS05050
M744_RS11245	218.5051	SYNPCC7942_RS05045
M744_RS11250	22.8748	SYNPCC7942_RS05040
M744_RS11260	18.8172	SYNPCC7942_RS05030
M744_RS11265	8.8547	SYNPCC7942_RS05025
M744_RS11270	1312.9005	SYNPCC7942_RS05020
M744_RS11275	886.0341	SYNPCC7942_RS05015
M744_RS11280	49.6693	SYNPCC7942_RS05010
M744_RS11285	2.7810	SYNPCC7942_RS05005
M744_RS11295	18.3304	SYNPCC7942_RS04995
M744_RS11300	395.3679	SYNPCC7942_RS04990
M744_RS11305	5.8848	SYNPCC7942_RS04985
M744_RS11310	12.0601	SYNPCC7942_RS04980
M744_RS11315	9.7789	SYNPCC7942_RS04975
M744_RS11320	76.5270	SYNPCC7942_RS04970
M744_RS11325	63.8880	SYNPCC7942_RS04965
M744_RS11330	41.2841	SYNPCC7942_RS04960
M744_RS11335	109.9638	SYNPCC7942_RS04955
M744_RS11340	60.8230	SYNPCC7942_RS04945
M744_RS11345	17.7475	SYNPCC7942_RS04940
M744_RS11350	9.5191	SYNPCC7942_RS04935
M744_RS11355	106.0028	SYNPCC7942_RS04930
M744_RS11360	15.6784	SYNPCC7942_RS04925
M744_RS11365	75.4180	SYNPCC7942_RS04920
M744_RS11370	170.8534	SYNPCC7942_RS04915
M744_RS11375	37.7531	SYNPCC7942_RS04910
M744_RS11380	24.4072	SYNPCC7942_RS04905
M744_RS11385	2.8686	SYNPCC7942_RS04900
M744_RS11390	60.0547	SYNPCC7942_RS04895
M744_RS11395	52.1673	SYNPCC7942_RS04890
M744_RS11400	16.8796	SYNPCC7942_RS04885
M744_RS11405	30.6285	SYNPCC7942_RS04880
M744_RS11410	48.0778	SYNPCC7942_RS04875
M744_RS11415	19.7086	SYNPCC7942_RS04870
M744_RS11420	51.6787	SYNPCC7942_RS04865
M744_RS11425	10.5546	SYNPCC7942_RS04860
M744_RS11430	0.0282	SYNPCC7942_RS04855
M744_RS11435	426.0916	SYNPCC7942_RS04850
M744_RS11440	1616.4192	SYNPCC7942_RS04845
M744_RS11445	54.0339	SYNPCC7942_RS04840
M744_RS11450	71.5495	SYNPCC7942_RS04835
M744_RS11455	40.8084	SYNPCC7942_RS04830
M744_RS11460	1.2494	SYNPCC7942_RS04825
M744_RS11465	11.2597	SYNPCC7942_RS04820
M744_RS11470	6.4891	SYNPCC7942_RS04815
M744_RS11475	12.8228	SYNPCC7942_RS04810
M744_RS11480	31.6871	SYNPCC7942_RS04805
M744_RS11485	1.9187	SYNPCC7942_RS04800
M744_RS11490	10.7968	SYNPCC7942_RS04795
M744_RS11495	16.7551	SYNPCC7942_RS04790
M744_RS11500	24.7370	SYNPCC7942_RS04785
M744_RS11505	123.6383	SYNPCC7942_RS04780
M744_RS11510	774.6174	SYNPCC7942_RS04775
M744_RS11515	20.8129	SYNPCC7942_RS04770
M744_RS11520	54.4838	SYNPCC7942_RS04765
M744_RS11525	70.3767	SYNPCC7942_RS04760
M744_RS11530	118.2899	SYNPCC7942_RS04755
M744_RS11535	14.6229	SYNPCC7942_RS04750
M744_RS11540	11.4967	SYNPCC7942_RS04745
M744_RS11545	10.4043	SYNPCC7942_RS04740
M744_RS11550	202.9987	SYNPCC7942_RS04735
M744_RS11555	39.4486	SYNPCC7942_RS04730
M744_RS11565	202.0524	SYNPCC7942_RS04720
M744_RS11580	0.0138	SYNPCC7942_RS04705
M744_RS11585	15.1433	SYNPCC7942_RS04700
M744_RS11590	3.6093	SYNPCC7942_RS04695
M744_RS11595	22.9719	SYNPCC7942_RS04690
M744_RS11600	3.9951	SYNPCC7942_RS04685
M744_RS11605	89.9151	SYNPCC7942_RS04680
M744_RS11610	147.1953	SYNPCC7942_RS04675
M744_RS11615	43.1976	SYNPCC7942_RS04670
M744_RS11625	330.5858	SYNPCC7942_RS13975
M744_RS11630	208.1110	SYNPCC7942_RS04660
M744_RS11635	630.1194	SYNPCC7942_RS04655
M744_RS11640	35.6505	SYNPCC7942_RS04650
M744_RS11645	31.3732	SYNPCC7942_RS04645
M744_RS11650	11517.7993	SYNPCC7942_RS04640
M744_RS11655	23.8530	SYNPCC7942_RS04635
M744_RS11665	0.0138	SYNPCC7942_RS04625
M744_RS11670	8.9030	SYNPCC7942_RS04620
M744_RS11675	41.3400	SYNPCC7942_RS04615
M744_RS11680	6.0177	SYNPCC7942_RS04610
M744_RS11685	7.2182	SYNPCC7942_RS04605
M744_RS11695	7.9936	SYNPCC7942_RS04595
M744_RS11700	103.1048	SYNPCC7942_RS04590
M744_RS11710	1.0074	SYNPCC7942_RS04580
M744_RS11715	191.4734	SYNPCC7942_RS04575
M744_RS11720	167.8411	SYNPCC7942_RS04570
M744_RS11725	176.6425	SYNPCC7942_RS04565
M744_RS11730	3193.2307	SYNPCC7942_RS04560
M744_RS11735	3123.6876	SYNPCC7942_RS04555
M744_RS11740	207.8255	SYNPCC7942_RS04550
M744_RS11745	16.4296	SYNPCC7942_RS04545
M744_RS11750	7.2173	SYNPCC7942_RS04540
M744_RS11755	18.5477	SYNPCC7942_RS04535
M744_RS11760	0.1039	SYNPCC7942_RS04530
M744_RS11765	227.8156	SYNPCC7942_RS04525
M744_RS11770	94.6643	SYNPCC7942_RS04520
M744_RS11775	187.4570	SYNPCC7942_RS04515
M744_RS11780	21.1660	SYNPCC7942_RS04510
M744_RS11785	48.8050	SYNPCC7942_RS04505
M744_RS11790	158.3352	SYNPCC7942_RS04500
M744_RS11795	5.4924	SYNPCC7942_RS04495
M744_RS11800	0.3264	SYNPCC7942_RS04490
M744_RS11805	25.1486	SYNPCC7942_RS04485
M744_RS11810	9.9558	SYNPCC7942_RS04480
M744_RS11815	20.0796	SYNPCC7942_RS04475
M744_RS11820	2.6869	SYNPCC7942_RS04470
M744_RS11825	4.7632	SYNPCC7942_RS04465
M744_RS11830	7.4835	SYNPCC7942_RS04460
M744_RS11835	17.3903	SYNPCC7942_RS04455
M744_RS11840	448.7669	SYNPCC7942_RS04450
M744_RS11845	10.7592	SYNPCC7942_RS04445
M744_RS11850	97.1832	SYNPCC7942_RS04440
M744_RS11855	244.2010	SYNPCC7942_RS04435
M744_RS11860	362.3302	SYNPCC7942_RS04430
M744_RS11865	1691.3015	SYNPCC7942_RS04425
M744_RS11870	372.3888	SYNPCC7942_RS04420
M744_RS11875	242.4247	SYNPCC7942_RS04415
M744_RS11880	397.7691	SYNPCC7942_RS04410
M744_RS11885	65.2394	SYNPCC7942_RS04405
M744_RS11890	6.5923	SYNPCC7942_RS04400
M744_RS11895	74.0816	SYNPCC7942_RS04395
M744_RS11900	24.3287	SYNPCC7942_RS04390
M744_RS11910	56.2098	SYNPCC7942_RS04380
M744_RS11915	224.2126	SYNPCC7942_RS04375
M744_RS11920	60.5966	SYNPCC7942_RS04370
M744_RS11925	149.1791	SYNPCC7942_RS04365
M744_RS11930	40.5319	SYNPCC7942_RS04360
M744_RS11935	59.6496	SYNPCC7942_RS04355
M744_RS11940	88.5731	SYNPCC7942_RS04350
M744_RS11945	68.9595	SYNPCC7942_RS04345
M744_RS11950	0.0846	SYNPCC7942_RS04340
M744_RS11955	165.4984	SYNPCC7942_RS04335
M744_RS11960	0.3335	SYNPCC7942_RS04330
M744_RS11965	21.2326	SYNPCC7942_RS04325
M744_RS11970	57.7506	SYNPCC7942_RS04320
M744_RS11975	850.5774	SYNPCC7942_RS04315
M744_RS11980	86.6633	SYNPCC7942_RS04310
M744_RS11990	0.8946	SYNPCC7942_RS04300
M744_RS11995	6.0349	SYNPCC7942_RS04295
M744_RS12000	58.0644	SYNPCC7942_RS04290
M744_RS12005	1.0679	SYNPCC7942_RS04285
M744_RS12010	15.2085	SYNPCC7942_RS04280
M744_RS12015	55.1069	SYNPCC7942_RS04275
M744_RS12020	13.9592	SYNPCC7942_RS04270
M744_RS12025	3.3677	SYNPCC7942_RS04265
M744_RS12030	2.4508	SYNPCC7942_RS04260
M744_RS12035	89.5003	SYNPCC7942_RS04255
M744_RS12040	0.3164	SYNPCC7942_RS04250
M744_RS12045	74.7185	SYNPCC7942_RS04245
M744_RS12050	43.0761	SYNPCC7942_RS04240
M744_RS12055	0.0500	SYNPCC7942_RS04235
M744_RS12060	45.9532	SYNPCC7942_RS04230
M744_RS12065	6.1020	SYNPCC7942_RS04225
M744_RS12070	29.4266	SYNPCC7942_RS04220
M744_RS12075	6.3631	SYNPCC7942_RS04215
M744_RS12080	17.9550	SYNPCC7942_RS04210
M744_RS12085	64.2102	SYNPCC7942_RS04205
M744_RS12090	64.6677	SYNPCC7942_RS04200
M744_RS12095	46.3550	SYNPCC7942_RS04195
M744_RS12100	0.7431	SYNPCC7942_RS04190
M744_RS12105	70.5379	SYNPCC7942_RS04185
M744_RS12110	132.8430	SYNPCC7942_RS04180
M744_RS12115	216.3946	SYNPCC7942_RS04175
M744_RS12120	0.0090	SYNPCC7942_RS04170
M744_RS12125	18.9298	SYNPCC7942_RS04165
M744_RS12130	28.0396	SYNPCC7942_RS04160
M744_RS12135	264.2116	SYNPCC7942_RS04155
M744_RS12140	8.9636	SYNPCC7942_RS04150
M744_RS12145	267.7978	SYNPCC7942_RS04145
M744_RS12150	13.6192	SYNPCC7942_RS04140
M744_RS12155	65.9563	SYNPCC7942_RS04135
M744_RS12160	140.3671	SYNPCC7942_RS04130
M744_RS12165	222.5741	SYNPCC7942_RS04125
M744_RS12170	29.6341	SYNPCC7942_RS04120
M744_RS12175	4.9873	SYNPCC7942_RS04115
M744_RS12180	530.5118	SYNPCC7942_RS04110
M744_RS12185	86.9168	SYNPCC7942_RS04105
M744_RS12190	51.1780	SYNPCC7942_RS04100
M744_RS12195	28.8458	SYNPCC7942_RS04095
M744_RS12200	409.6362	SYNPCC7942_RS04090
M744_RS12205	2.8611	SYNPCC7942_RS04085
M744_RS12210	34.7295	SYNPCC7942_RS04080
M744_RS12215	90.9736	SYNPCC7942_RS04075
M744_RS12220	8.1309	SYNPCC7942_RS04070
M744_RS12225	7.7627	SYNPCC7942_RS04065
M744_RS12230	17.3191	SYNPCC7942_RS04060
M744_RS12235	162.7398	SYNPCC7942_RS04055
M744_RS12240	6593.8140	SYNPCC7942_RS04050
M744_RS12245	141.1104	SYNPCC7942_RS04045
M744_RS12250	624.5416	SYNPCC7942_RS04040
M744_RS12255	3.7951	SYNPCC7942_RS04035
M744_RS12260	108.2909	SYNPCC7942_RS04030
M744_RS12265	0.7913	SYNPCC7942_RS04025
M744_RS12270	50.3029	SYNPCC7942_RS04020
M744_RS12275	81.9353	SYNPCC7942_RS04015
M744_RS12280	120.5812	SYNPCC7942_RS04010
M744_RS12290	1.5573	SYNPCC7942_RS13700
M744_RS12295	5.8792	SYNPCC7942_RS03970
M744_RS12300	0.3765	SYNPCC7942_RS03965
M744_RS12310	28.5559	SYNPCC7942_RS03955
M744_RS12315	233.8128	SYNPCC7942_RS03950
M744_RS12325	30.6876	SYNPCC7942_RS03940
M744_RS12330	49.3712	SYNPCC7942_RS03935
M744_RS12335	855.6373	SYNPCC7942_RS03930
M744_RS12340	28.2734	SYNPCC7942_RS03925
M744_RS12345	0.0138	SYNPCC7942_RS03920
M744_RS12350	0.0138	SYNPCC7942_RS03915
M744_RS12355	12.3525	SYNPCC7942_RS03910
M744_RS12365	2.3512	SYNPCC7942_RS03900
M744_RS12370	5.6370	SYNPCC7942_RS03895
M744_RS12375	0.3231	SYNPCC7942_RS03890
M744_RS12380	63.2289	SYNPCC7942_RS03885
M744_RS12385	24.1666	SYNPCC7942_RS03880
M744_RS12390	0.2695	SYNPCC7942_RS03875
M744_RS12395	96.3269	SYNPCC7942_RS03870
M744_RS12405	31.3880	SYNPCC7942_RS03860
M744_RS12410	56.9223	SYNPCC7942_RS03855
M744_RS12415	473.5045	SYNPCC7942_RS03850
M744_RS12420	25.4003	SYNPCC7942_RS03845
M744_RS12425	2.1874	SYNPCC7942_RS03840
M744_RS12430	22.6548	SYNPCC7942_RS03835
M744_RS12440	0.0138	SYNPCC7942_RS03825
M744_RS12450	8.0434	SYNPCC7942_RS03815
M744_RS12455	8.8185	SYNPCC7942_RS03810
M744_RS12460	41.2887	SYNPCC7942_RS03805
M744_RS12465	14.3787	SYNPCC7942_RS03800
M744_RS12470	177.9267	SYNPCC7942_RS03795
M744_RS12475	0.0462	SYNPCC7942_RS03790
M744_RS12480	42.8353	SYNPCC7942_RS03785
M744_RS12485	9.8625	SYNPCC7942_RS03780
M744_RS12490	8.5299	SYNPCC7942_RS03775
M744_RS12495	16.6960	SYNPCC7942_RS03770
M744_RS12500	33.5460	SYNPCC7942_RS03765
M744_RS12505	4.1492	SYNPCC7942_RS03760
M744_RS12510	5.0030	SYNPCC7942_RS03755
M744_RS12515	3.5362	SYNPCC7942_RS03750
M744_RS12520	4.4400	SYNPCC7942_RS03745
M744_RS12530	2.4953	SYNPCC7942_RS03730
M744_RS12535	1.3615	SYNPCC7942_RS03725
M744_RS12540	0.2336	SYNPCC7942_RS03720
M744_RS12550	0.2541	SYNPCC7942_RS03710
M744_RS12555	0.4831	SYNPCC7942_RS03705
M744_RS12560	2.0718	SYNPCC7942_RS03700
M744_RS12565	1.1848	SYNPCC7942_RS03695
M744_RS12575	0.0043	SYNPCC7942_RS03685
M744_RS12580	10.9402	SYNPCC7942_RS03680
M744_RS12590	140.6341	SYNPCC7942_RS03670
M744_RS12600	52.7679	SYNPCC7942_RS03660
M744_RS12605	274.5507	SYNPCC7942_RS03655
M744_RS12610	1298.8895	SYNPCC7942_RS03650
M744_RS12615	86.8785	SYNPCC7942_RS03645
M744_RS12620	36.6372	SYNPCC7942_RS03640
M744_RS12625	7.6176	SYNPCC7942_RS03635
M744_RS12630	56.3466	SYNPCC7942_RS03630
M744_RS12635	0.4120	SYNPCC7942_RS03625
M744_RS12640	33.7104	SYNPCC7942_RS03620
M744_RS12645	159.5660	SYNPCC7942_RS03615
M744_RS12650	170.3163	SYNPCC7942_RS03610
M744_RS12655	232.9459	SYNPCC7942_RS03605
M744_RS12660	0.0376	SYNPCC7942_RS03600
M744_RS12665	19.7051	SYNPCC7942_RS03595
M744_RS12670	4264.6991	SYNPCC7942_RS03590
M744_RS12675	25.4662	SYNPCC7942_RS03585
M744_RS12685	11437.4687	SYNPCC7942_RS03575
M744_RS12690	1209.7594	SYNPCC7942_RS03570
M744_RS12695	446.9879	SYNPCC7942_RS03565
M744_RS12700	270.5156	SYNPCC7942_RS03560
M744_RS12705	2.2137	SYNPCC7942_RS03555
M744_RS12710	1.5247	SYNPCC7942_RS03550
M744_RS12715	11.2979	SYNPCC7942_RS13620
M744_RS12720	0.0000	SYNPCC7942_RS03540
M744_RS12725	0.0000	SYNPCC7942_RS03535
M744_RS12730	3.9237	SYNPCC7942_RS03530
M744_RS12735	47.4496	SYNPCC7942_RS03525
M744_RS12740	1372.7895	SYNPCC7942_RS03520
M744_RS12745	874.5164	SYNPCC7942_RS03515
M744_RS12750	1421.5064	SYNPCC7942_RS03510
M744_RS12755	50.4533	SYNPCC7942_RS03505
M744_RS12760	13.2986	SYNPCC7942_RS03500
M744_RS12765	35.5224	SYNPCC7942_RS03495
M744_RS12770	18.4517	SYNPCC7942_RS03490
M744_RS12775	392.4647	SYNPCC7942_RS03485
M744_RS12780	587.6365	SYNPCC7942_RS03480
M744_RS12790	35.8652	SYNPCC7942_RS03470
M744_RS12800	0.0000	SYNPCC7942_RS03465
M744_RS12805	686.2778	SYNPCC7942_RS03460
M744_RS12810	0.0000	SYNPCC7942_RS03455
M744_RS12815	636.1146	SYNPCC7942_RS03450
M744_RS12820	0.0329	SYNPCC7942_RS03445
M744_RS12825	51.0835	SYNPCC7942_RS03440
M744_RS12830	30.3455	SYNPCC7942_RS03435
M744_RS12835	2.4520	SYNPCC7942_RS03430
M744_RS12840	28.3983	SYNPCC7942_RS03425
M744_RS12850	316.4098	SYNPCC7942_RS03415
M744_RS12855	3.6816	SYNPCC7942_RS03410
M744_RS12860	12.7221	SYNPCC7942_RS03405
M744_RS12865	1.5997	SYNPCC7942_RS03400
M744_RS12870	71.8016	SYNPCC7942_RS03395
M744_RS12875	245.1991	SYNPCC7942_RS03390
M744_RS12880	27.6349	SYNPCC7942_RS03385
M744_RS12885	70.5776	SYNPCC7942_RS03380
M744_RS12890	18.7884	SYNPCC7942_RS03375
M744_RS12895	21.5282	SYNPCC7942_RS03370
M744_RS12900	887.6828	SYNPCC7942_RS03365
M744_RS12905	0.0138	SYNPCC7942_RS03360
M744_RS12920	0.0186	SYNPCC7942_RS03345
M744_RS12925	108.8490	SYNPCC7942_RS03340
M744_RS12930	172.6066	SYNPCC7942_RS03335
M744_RS12935	5.9299	SYNPCC7942_RS03330
M744_RS12940	522.9433	SYNPCC7942_RS03325
M744_RS12945	11.9347	SYNPCC7942_RS13685
M744_RS12950	33.3563	SYNPCC7942_RS03320
M744_RS12955	30.6344	SYNPCC7942_RS03315
M744_RS12960	2108.1384	SYNPCC7942_RS03310
M744_RS12965	435.2941	SYNPCC7942_RS03305
M744_RS12970	6.9157	SYNPCC7942_RS03300
M744_RS12975	120.9798	SYNPCC7942_RS03295
M744_RS12980	34.2469	SYNPCC7942_RS03290
M744_RS12985	209.6481	SYNPCC7942_RS03285
M744_RS12990	82.2149	SYNPCC7942_RS03280
M744_RS12995	92.1100	SYNPCC7942_RS03275
M744_RS13000	272.9946	SYNPCC7942_RS03270
M744_RS13005	351.5919	SYNPCC7942_RS03265
M744_RS13010	756.8787	SYNPCC7942_RS03260
M744_RS13015	335.3158	SYNPCC7942_RS03255
M744_RS13020	1023.6814	SYNPCC7942_RS03250
M744_RS13025	1238.9788	SYNPCC7942_RS03245
M744_RS13030	661.4815	SYNPCC7942_RS03240
M744_RS13035	80.7595	SYNPCC7942_RS03235
M744_RS13040	0.0000	SYNPCC7942_RS03230
M744_RS13045	24.4872	SYNPCC7942_RS03225
M744_RS13050	10.1599	SYNPCC7942_RS03220
M744_RS13060	643.4656	SYNPCC7942_RS03210
M744_RS13065	15.7668	SYNPCC7942_RS03205
M744_RS13070	330.3790	SYNPCC7942_RS03200
M744_RS13075	617.2816	SYNPCC7942_RS03195
M744_RS13080	222.8969	SYNPCC7942_RS03190
M744_RS13085	250.8172	SYNPCC7942_RS03185
M744_RS13090	215.9975	SYNPCC7942_RS03180
M744_RS13095	317.2684	SYNPCC7942_RS03175
M744_RS13100	268.7205	SYNPCC7942_RS03170
M744_RS13105	19.2585	SYNPCC7942_RS03165
M744_RS13110	12.6111	SYNPCC7942_RS03160
M744_RS13115	3.6475	SYNPCC7942_RS03155
M744_RS13120	84.3010	SYNPCC7942_RS03150
M744_RS13125	6.1131	SYNPCC7942_RS03145
M744_RS13130	41.9992	SYNPCC7942_RS03140
M744_RS13140	71.8243	SYNPCC7942_RS03130
M744_RS13145	138.3417	SYNPCC7942_RS03125
M744_RS13150	46.5500	SYNPCC7942_RS03120
M744_RS13160	11.9506	SYNPCC7942_RS03110
M744_RS13165	38.2873	SYNPCC7942_RS03105
M744_RS13170	116.1260	SYNPCC7942_RS03100
M744_RS13175	628.1468	SYNPCC7942_RS03095
M744_RS13180	49.9709	SYNPCC7942_RS03090
M744_RS13185	79.2698	SYNPCC7942_RS03080
M744_RS13190	382.0232	SYNPCC7942_RS03075
M744_RS13200	97.8875	SYNPCC7942_RS03065
M744_RS13205	24.1040	SYNPCC7942_RS03060
M744_RS13210	25.9539	SYNPCC7942_RS03055
M744_RS13215	39.8566	SYNPCC7942_RS03050
M744_RS13220	220.0220	SYNPCC7942_RS03045
M744_RS13230	33.3208	SYNPCC7942_RS03035
M744_RS13235	46.6040	SYNPCC7942_RS03030
M744_RS13240	23.8355	SYNPCC7942_RS03025
M744_RS13245	53.6174	SYNPCC7942_RS03020
M744_RS13250	18.8365	SYNPCC7942_RS03015
M744_RS13255	136.1737	SYNPCC7942_RS03010
M744_RS13290	35.7974	SYNPCC7942_RS13490
M744_RS13295	408.5900	SYNPCC7942_RS13485
M744_RS13300	256.7778	SYNPCC7942_RS13480
M744_RS13315	11.8666	SYNPCC7942_RS13465
M744_RS13320	14.9831	SYNPCC7942_RS13455
M744_RS13325	4.2582	SYNPCC7942_RS13450
M744_RS13330	0.0224	SYNPCC7942_RS13445
M744_RS13335	4.7163	SYNPCC7942_RS13440
M744_RS13340	1.3142	SYNPCC7942_RS13435
M744_RS13345	1.0222	SYNPCC7942_RS13430
M744_RS13350	10.1049	SYNPCC7942_RS13425
M744_RS13355	2.7808	SYNPCC7942_RS13420
M744_RS13360	3.2331	SYNPCC7942_RS13415
M744_RS13365	5.8501	SYNPCC7942_RS13410
M744_RS13370	1.8820	SYNPCC7942_RS13405
M744_RS13375	2.1321	SYNPCC7942_RS13400
M744_RS13380	1.3949	SYNPCC7942_RS13395
M744_RS13385	13.8683	SYNPCC7942_RS13390
M744_RS13395	7.4142	SYNPCC7942_RS13380
M744_RS13400	23.3680	SYNPCC7942_RS13375
M744_RS13405	11.6829	SYNPCC7942_RS13370
M744_RS13410	19.3023	SYNPCC7942_RS13365
M744_RS13415	0.0567	SYNPCC7942_RS13360
M744_RS13420	30.2533	SYNPCC7942_RS13355
M744_RS13425	22.1355	SYNPCC7942_RS13350
M744_RS13430	0.0482	SYNPCC7942_RS13345
M744_RS13440	37.2031	SYNPCC7942_RS13335
M744_RS13445	1.2988	SYNPCC7942_RS13330
M744_RS13450	35.4819	SYNPCC7942_RS13595
M744_RS13455	14.3254	SYNPCC7942_RS13590
M744_RS13470	1.3264	SYNPCC7942_RS13575
M744_RS13475	15.1997	SYNPCC7942_RS13570
M744_RS13480	0.1460	SYNPCC7942_RS13565
M744_RS13485	56.5891	SYNPCC7942_RS13560
M744_RS13490	33.4662	SYNPCC7942_RS13555
M744_RS13495	6.8318	SYNPCC7942_RS13550
M744_RS13500	3.5445	SYNPCC7942_RS13545
M744_RS13505	27.1070	SYNPCC7942_RS13540
M744_RS13510	5.6425	SYNPCC7942_RS13535
M744_RS13520	137.0307	SYNPCC7942_RS13525
M744_RS13525	2.6311	SYNPCC7942_RS13520
M744_RS13540	748.8046	SYNPCC7942_RS13505
M744_RS13545	49.9881	SYNPCC7942_RS13500
M744_RS13550	18.5410	SYNPCC7942_RS13495
M744_RS13590	2.9405	SYNPCC7942_RS13610
M744_RS13595	2.6122	SYNPCC7942_RS13630
M744_RS13600	3.2403	SYNPCC7942_RS13625
M744_RS13605	46.9011	SYNPCC7942_RS13615
M744_RS13615	6.6952	SYNPCC7942_RS13640
M744_RS13625	189.7086	SYNPCC7942_RS13675
M744_RS13630	66.9202	SYNPCC7942_RS13670
M744_RS13635	46.4906	SYNPCC7942_RS13665
M744_RS13640	22.5775	SYNPCC7942_RS00595
M744_RS13645	52.8546	SYNPCC7942_RS13660
M744_RS13650	0.0138	SYNPCC7942_RS13650
M744_RS13655	1.8713	SYNPCC7942_RS13645
M744_RS13660	0.3289	SYNPCC7942_RS13855
M744_RS13675	31.0905	SYNPCC7942_RS13840
M744_RS13690	3.5616	SYNPCC7942_RS13830
M744_RS13705	135.0213	SYNPCC7942_RS13815
M744_RS13710	1.8706	SYNPCC7942_RS10865
M744_RS13720	2.4438	SYNPCC7942_RS13805
M744_RS13725	512.5087	SYNPCC7942_RS13795
M744_RS13735	51.3523	SYNPCC7942_RS13760
M744_RS13745	6.3350	SYNPCC7942_RS13770
M744_RS13760	1.8189	SYNPCC7942_RS13785
M744_RS13770	69.2735	SYNPCC7942_RS13750
M744_RS13775	24.4836	SYNPCC7942_RS06420
M744_RS13780	231.5445	SYNPCC7942_RS13745
M744_RS13790	88.7241	SYNPCC7942_RS13735
M744_RS13795	28.0368	SYNPCC7942_RS13730
M744_RS13805	0.3767	SYNPCC7942_RS04950
M744_RS13810	23.3737	SYNPCC7942_RS13715
M744_RS13815	7.2147	SYNPCC7942_RS13710
M744_RS13820	277.2118	SYNPCC7942_RS13695
M744_RS13825	19.0454	SYNPCC7942_RS13690
M744_RS13830	38.3096	SYNPCC7942_RS13680
M744_RS13840	2.8427	SYNPCC7942_RS13860
M744_RS13845	3.2581	SYNPCC7942_RS13880
M744_RS13850	32.4725	SYNPCC7942_RS13870
M744_RS13860	0.8919	SYNPCC7942_RS13515
M744_RS13870	61.7758	SYNPCC7942_RS13930
M744_RS13875	60.1981	SYNPCC7942_RS13925
M744_RS13880	0.0186	SYNPCC7942_RS13920
M744_RS13885	0.0707	SYNPCC7942_RS13915
M744_RS13890	13.1023	SYNPCC7942_RS13910
M744_RS13895	5554.2752	SYNPCC7942_RS13905
M744_RS13900	3840.2250	SYNPCC7942_RS14105
M744_RS13905	351.0428	SYNPCC7942_RS14100
M744_RS13910	6.5503	SYNPCC7942_RS14095
M744_RS13915	29.0533	SYNPCC7942_RS11480
M744_RS13925	2.5820	SYNPCC7942_RS14085
M744_RS13930	2.1501	SYNPCC7942_RS10985
M744_RS13935	0.7822	SYNPCC7942_RS14080
M744_RS13945	14.4902	SYNPCC7942_RS14070
M744_RS13950	136.0736	SYNPCC7942_RS14065
M744_RS13955	11.7319	SYNPCC7942_RS14060
M744_RS13960	34.3068	SYNPCC7942_RS14055
M744_RS13965	1.0046	SYNPCC7942_RS14050
M744_RS13970	7.4509	SYNPCC7942_RS14045
M744_RS13975	1.0456	SYNPCC7942_RS14015
M744_RS13980	1.1019	SYNPCC7942_RS14020
M744_RS13985	39.2925	SYNPCC7942_RS14025
M744_RS13990	3.2790	SYNPCC7942_RS14030
M744_RS13995	49.0696	SYNPCC7942_RS14035
M744_RS14005	1.5111	SYNPCC7942_RS14005
M744_RS14010	42.0971	SYNPCC7942_RS14000
M744_RS14015	22.0852	SYNPCC7942_RS13995
M744_RS14020	74.2173	SYNPCC7942_RS13990
M744_RS14025	1.0864	SYNPCC7942_RS13985
M744_RS14030	3.0247	SYNPCC7942_RS13980
M744_RS14035	14283.9311	SYNPCC7942_RS13970
M744_RS14040	1.3842	SYNPCC7942_RS13965
M744_RS14045	169.8245	SYNPCC7942_RS13960
M744_RS14050	25.9467	SYNPCC7942_RS13940
M744_RS14055	29.2830	SYNPCC7942_RS13935
M744_RS14060	48.3407	SYNPCC7942_RS03735
M744_RS14065	0.7619	SYNPCC7942_RS13460
M744_RS14070	40.1544	SYNPCC7942_RS14125
M744_RS14080	22.9223	SYNPCC7942_RS14115
M744_RS14085	16.2510	SYNPCC7942_RS14145
M744_RS14090	115.5428	SYNPCC7942_RS14140
M744_RS14095	114.0911	SYNPCC7942_RS14135
M744_RS14100	1.7338	SYNPCC7942_RS14130
M744_RS14105	15.4518	SYNPCC7942_RS14200
M744_RS14110	88.2314	SYNPCC7942_RS14195
M744_RS14120	5.4813	SYNPCC7942_RS14190
M744_RS14125	193.7227	SYNPCC7942_RS14185
M744_RS14130	138.6354	SYNPCC7942_RS14180
M744_RS14135	4.9768	SYNPCC7942_RS14170
M744_RS14140	11.7949	SYNPCC7942_RS14175
M744_RS14150	27.9380	SYNPCC7942_RS14160
M744_RS14155	47.8991	SYNPCC7942_RS14155
M744_RS14160	5.2456	SYNPCC7942_RS14150
M744_RS14165	0.2139	SYNPCC7942_RS14220
M744_RS14170	10.9902	SYNPCC7942_RS14210
M744_RS14180	541.1086	SYNPCC7942_RS14290
M744_RS14185	2.1270	SYNPCC7942_RS14245
M744_RS14195	0.0047	SYNPCC7942_RS14295
M744_RS14200	1.1024	SYNPCC7942_RS14225
M744_RS14205	0.6486	SYNPCC7942_RS14215
M744_RS14210	3524.0245	SYNPCC7942_RS00240
M744_RS14215	0.6787	SYNPCC7942_RS14285
M744_RS14225	0.0142	SYNPCC7942_RS14270
M744_RS14230	0.3770	SYNPCC7942_RS14275
M744_RS14235	0.2419	SYNPCC7942_RS14280
M744_RS14240	30.1574	SYNPCC7942_RS14265
M744_RS14245	435.5888	SYNPCC7942_RS14260
M744_RS14250	1.6309	SYNPCC7942_RS14255
M744_RS14255	0.9833	SYNPCC7942_RS14250
M744_RS14260	10.2831	SYNPCC7942_RS14240
M744_RS14265	31.1809	SYNPCC7942_RS14235
M744_RS14270	13.0651	SYNPCC7942_RS14230
