locus_tag	abundance	source_gene_id
M744_RS00005	26.3258	SYNPCC7942_RS02980
M744_RS00010	1132.4966	SYNPCC7942_RS02975
M744_RS00020	115.1963	SYNPCC7942_RS02965
M744_RS00025	15.2840	SYNPCC7942_RS02960
M744_RS00030	81.9973	SYNPCC7942_RS02955
M744_RS00035	148.9366	SYNPCC7942_RS02950
M744_RS00040	620.0919	SYNPCC7942_RS02945
M744_RS00045	1753.3548	SYNPCC7942_RS02940
M744_RS00050	62.0194	SYNPCC7942_RS02935
M744_RS00055	352.0814	SYNPCC7942_RS02930
M744_RS00060	63.3341	SYNPCC7942_RS02925
M744_RS00065	80.2093	SYNPCC7942_RS02920
M744_RS00075	31.5321	SYNPCC7942_RS02910
M744_RS00080	138.2923	SYNPCC7942_RS02905
M744_RS00085	190.4359	SYNPCC7942_RS02900
M744_RS00090	838.9042	SYNPCC7942_RS02895
M744_RS00095	77.7008	SYNPCC7942_RS02890
M744_RS00100	70.7986	SYNPCC7942_RS02885
M744_RS00105	38.9653	SYNPCC7942_RS02880
M744_RS00110	194.4221	SYNPCC7942_RS02875
M744_RS00115	97.0176	SYNPCC7942_RS02870
M744_RS00120	102.9700	SYNPCC7942_RS02865
M744_RS00125	40.9693	SYNPCC7942_RS02860
M744_RS00130	247.0815	SYNPCC7942_RS02855
M744_RS00135	48.8022	SYNPCC7942_RS02850
M744_RS00140	263.5800	SYNPCC7942_RS02845
M744_RS00145	138.6759	SYNPCC7942_RS02840
M744_RS00150	44.1618	SYNPCC7942_RS02835
M744_RS00155	146.2869	SYNPCC7942_RS02830
M744_RS00160	13.3078	SYNPCC7942_RS02825
M744_RS00165	245.6900	SYNPCC7942_RS02820
M744_RS00170	243.9729	SYNPCC7942_RS02815
M744_RS00175	56.7292	SYNPCC7942_RS02810
M744_RS00180	156.5712	SYNPCC7942_RS02805
M744_RS00185	15.7939	SYNPCC7942_RS02800
M744_RS00190	212.2978	SYNPCC7942_RS02795
M744_RS00195	188.3651	SYNPCC7942_RS02790
M744_RS00200	7.6204	SYNPCC7942_RS02785
M744_RS00205	143.0894	SYNPCC7942_RS02780
M744_RS00210	38.6818	SYNPCC7942_RS02775
M744_RS00215	8.2417	SYNPCC7942_RS02770
M744_RS00220	40.6331	SYNPCC7942_RS02765
M744_RS00225	64.4839	SYNPCC7942_RS02760
M744_RS00230	5.9703	SYNPCC7942_RS02755
M744_RS00235	17.0447	SYNPCC7942_RS02750
M744_RS00240	18.8756	SYNPCC7942_RS02745
M744_RS00245	8.5472	SYNPCC7942_RS02740
M744_RS00250	1255.9830	SYNPCC7942_RS02735
M744_RS00255	483.7445	SYNPCC7942_RS02730
M744_RS00260	99.1172	SYNPCC7942_RS02725
M744_RS00265	1238.4874	SYNPCC7942_RS02720
M744_RS00270	148.3736	SYNPCC7942_RS02715
M744_RS00275	7.8681	SYNPCC7942_RS02710
M744_RS00280	16.0642	SYNPCC7942_RS02705
M744_RS00285	112.7553	SYNPCC7942_RS02700
M744_RS00290	27.7160	SYNPCC7942_RS02695
M744_RS00295	99.6604	SYNPCC7942_RS02690
M744_RS00300	231.5181	SYNPCC7942_RS02685
M744_RS00305	346.9249	SYNPCC7942_RS02680
M744_RS00310	18.9161	SYNPCC7942_RS02675
M744_RS00315	70.3342	SYNPCC7942_RS02670
M744_RS00320	26.0416	SYNPCC7942_RS02665
M744_RS00325	65.4940	SYNPCC7942_RS02660
M744_RS00330	21.6420	SYNPCC7942_RS02655
M744_RS00335	10.7232	SYNPCC7942_RS02645
M744_RS00340	18.1962	SYNPCC7942_RS02640
M744_RS00345	19.5965	SYNPCC7942_RS02635
M744_RS00350	47.4859	SYNPCC7942_RS02630
M744_RS00355	130.1861	SYNPCC7942_RS02625
M744_RS00360	581.1948	SYNPCC7942_RS02620
M744_RS00365	26.7462	SYNPCC7942_RS02615
M744_RS00370	186.6160	SYNPCC7942_RS02610
M744_RS00375	42.1899	SYNPCC7942_RS02605
M744_RS00380	170.1810	SYNPCC7942_RS02600
M744_RS00385	161.6775	SYNPCC7942_RS02595
M744_RS00390	31.8302	SYNPCC7942_RS02590
M744_RS00395	37.9464	SYNPCC7942_RS02585
M744_RS00400	25.3859	SYNPCC7942_RS02580
M744_RS00405	78.5850	SYNPCC7942_RS02575
M744_RS00410	76.7581	SYNPCC7942_RS02570
M744_RS00415	305.9921	SYNPCC7942_RS02565
M744_RS00420	190.5683	SYNPCC7942_RS02560
M744_RS00425	31.4724	SYNPCC7942_RS02555
M744_RS00430	4.9708	SYNPCC7942_RS02550
M744_RS00435	86.8497	SYNPCC7942_RS02545
M744_RS00440	20.1563	SYNPCC7942_RS02540
M744_RS00445	102.9609	SYNPCC7942_RS02535
M744_RS00450	166.3652	SYNPCC7942_RS02530
M744_RS00455	62.6069	SYNPCC7942_RS02525
M744_RS00460	262.1572	SYNPCC7942_RS02520
M744_RS00465	46.0771	SYNPCC7942_RS02515
M744_RS00470	98.7973	SYNPCC7942_RS02510
M744_RS00475	71.3083	SYNPCC7942_RS02505
M744_RS00485	98.4373	SYNPCC7942_RS02495
M744_RS00490	175.7573	SYNPCC7942_RS02490
M744_RS00495	229.1814	SYNPCC7942_RS02485
M744_RS00500	357.5953	SYNPCC7942_RS02480
M744_RS00505	59.2558	SYNPCC7942_RS02475
M744_RS00510	57.6281	SYNPCC7942_RS02470
M744_RS00515	81.6495	SYNPCC7942_RS02465
M744_RS00520	108.9467	SYNPCC7942_RS02460
M744_RS00525	296.7859	SYNPCC7942_RS02455
M744_RS00530	157.5736	SYNPCC7942_RS02450
M744_RS00535	211.8762	SYNPCC7942_RS02445
M744_RS00540	264.4453	SYNPCC7942_RS02440
M744_RS00545	64.0418	SYNPCC7942_RS02435
M744_RS00550	345.6777	SYNPCC7942_RS02430
M744_RS00555	65.8900	SYNPCC7942_RS02425
M744_RS00560	2.1788	SYNPCC7942_RS02420
M744_RS00565	489.4414	SYNPCC7942_RS02415
M744_RS00570	8.0759	SYNPCC7942_RS02410
M744_RS00575	72.7983	SYNPCC7942_RS02405
M744_RS00590	442.2734	SYNPCC7942_RS02390
M744_RS00595	106.4191	SYNPCC7942_RS02385
M744_RS00600	71.3649	SYNPCC7942_RS02380
M744_RS00605	343.9060	SYNPCC7942_RS02375
M744_RS00610	75.5193	SYNPCC7942_RS02370
M744_RS00615	145.8218	SYNPCC7942_RS02365
M744_RS00620	20.6009	SYNPCC7942_RS02360
M744_RS00625	13.5223	SYNPCC7942_RS02355
M744_RS00630	27.0106	SYNPCC7942_RS02350
M744_RS00635	40.0081	SYNPCC7942_RS02345
M744_RS00640	74.4629	SYNPCC7942_RS02340
M744_RS00645	70.3977	SYNPCC7942_RS02335
M744_RS00650	16.6895	SYNPCC7942_RS02330
M744_RS00655	27.8235	SYNPCC7942_RS02325
M744_RS00660	11.6124	SYNPCC7942_RS02320
M744_RS00665	97.2397	SYNPCC7942_RS02315
M744_RS00675	94.6266	SYNPCC7942_RS02305
M744_RS00680	409.5789	SYNPCC7942_RS02300
M744_RS00685	105.0806	SYNPCC7942_RS02295
M744_RS00690	801.8265	SYNPCC7942_RS02290
M744_RS00695	34.1060	SYNPCC7942_RS02285
M744_RS00700	687.0554	SYNPCC7942_RS02280
M744_RS00705	85.9752	SYNPCC7942_RS02275
M744_RS00710	263.7230	SYNPCC7942_RS02270
M744_RS00715	692.4241	SYNPCC7942_RS02265
M744_RS00720	2744.2275	SYNPCC7942_RS02260
M744_RS00725	20.0416	SYNPCC7942_RS02255
M744_RS00735	73.0004	SYNPCC7942_RS02245
M744_RS00740	16.8784	SYNPCC7942_RS02240
M744_RS00750	3.2910	SYNPCC7942_RS02230
M744_RS00755	49.7960	SYNPCC7942_RS02225
M744_RS00760	52.0671	SYNPCC7942_RS02220
M744_RS00770	47.2007	SYNPCC7942_RS02210
M744_RS00775	51.6258	SYNPCC7942_RS02205
M744_RS00780	57.6014	SYNPCC7942_RS02200
M744_RS00785	734.4542	SYNPCC7942_RS02195
M744_RS00790	305.9394	SYNPCC7942_RS02190
M744_RS00795	146.4923	SYNPCC7942_RS02185
M744_RS00800	56.8969	SYNPCC7942_RS02180
M744_RS00805	21.3849	SYNPCC7942_RS02175
M744_RS00810	260.2270	SYNPCC7942_RS02170
M744_RS00815	15227.9994	SYNPCC7942_RS02165
M744_RS00820	242.0343	SYNPCC7942_RS02160
M744_RS00825	244.9378	SYNPCC7942_RS02155
M744_RS00830	32.4413	SYNPCC7942_RS02150
M744_RS00835	92.8604	SYNPCC7942_RS02145
M744_RS00840	231.5907	SYNPCC7942_RS02140
M744_RS00845	25342.3209	SYNPCC7942_RS02135
M744_RS00850	16668.8259	SYNPCC7942_RS02130
M744_RS00855	7200.0448	SYNPCC7942_RS02125
M744_RS00860	443.3164	SYNPCC7942_RS02120
M744_RS00865	68.8897	SYNPCC7942_RS02115
M744_RS00875	136.1994	SYNPCC7942_RS02105
M744_RS00880	47.2601	SYNPCC7942_RS02100
M744_RS00885	69.1797	SYNPCC7942_RS02095
M744_RS00890	35.9901	SYNPCC7942_RS02090
M744_RS00895	37.9872	SYNPCC7942_RS02085
M744_RS00900	23.8167	SYNPCC7942_RS02080
M744_RS00905	103.3394	SYNPCC7942_RS02075
M744_RS00910	178.2466	SYNPCC7942_RS02070
M744_RS00915	40.1033	SYNPCC7942_RS02065
M744_RS00920	238.1474	SYNPCC7942_RS02060
M744_RS00925	25.5803	SYNPCC7942_RS02055
M744_RS00930	68.9853	SYNPCC7942_RS02050
M744_RS00935	107.5825	SYNPCC7942_RS02045
M744_RS00940	159.9327	SYNPCC7942_RS02040
M744_RS00945	74.9285	SYNPCC7942_RS02035
M744_RS00950	48.5250	SYNPCC7942_RS02030
M744_RS00955	49.0852	SYNPCC7942_RS02025
M744_RS00960	165.1792	SYNPCC7942_RS02020
M744_RS00965	273.7323	SYNPCC7942_RS02015
M744_RS00970	123.0154	SYNPCC7942_RS02010
M744_RS00975	11.0861	SYNPCC7942_RS02005
M744_RS00980	31.9244	SYNPCC7942_RS02000
M744_RS00985	728.3645	SYNPCC7942_RS01995
M744_RS00990	102.6239	SYNPCC7942_RS01990
M744_RS00995	27.0287	SYNPCC7942_RS01985
M744_RS01000	44.9030	SYNPCC7942_RS01980
M744_RS01005	35.6730	SYNPCC7942_RS01975
M744_RS01010	177.9517	SYNPCC7942_RS01970
M744_RS01015	767.2043	SYNPCC7942_RS01965
M744_RS01020	26.9882	SYNPCC7942_RS01960
M744_RS01025	186.3073	SYNPCC7942_RS01955
M744_RS01030	356.7578	SYNPCC7942_RS01950
M744_RS01035	101.4333	SYNPCC7942_RS01945
M744_RS01040	20.3287	SYNPCC7942_RS01940
M744_RS01045	111.3215	SYNPCC7942_RS01935
M744_RS01050	101.7348	SYNPCC7942_RS01930
M744_RS01055	97.7909	SYNPCC7942_RS01925
M744_RS01060	31.4332	SYNPCC7942_RS01920
M744_RS01065	67.2492	SYNPCC7942_RS01915
M744_RS01070	58.3717	SYNPCC7942_RS01910
M744_RS01075	121.4825	SYNPCC7942_RS01905
M744_RS01080	84.4988	SYNPCC7942_RS01900
M744_RS01090	75.5829	SYNPCC7942_RS01890
M744_RS01095	290.4113	SYNPCC7942_RS01885
M744_RS01100	129.0804	SYNPCC7942_RS01880
M744_RS01105	18.7565	SYNPCC7942_RS01875
M744_RS01110	38.4188	SYNPCC7942_RS01870
M744_RS01115	87.2083	SYNPCC7942_RS01865
M744_RS01120	246.7150	SYNPCC7942_RS01860
M744_RS01125	90.3980	SYNPCC7942_RS01855
M744_RS01130	9.9487	SYNPCC7942_RS01850
M744_RS01135	34.6285	SYNPCC7942_RS01845
M744_RS01140	583.9538	SYNPCC7942_RS01840
M744_RS01145	194.7392	SYNPCC7942_RS01835
M744_RS01150	41.6447	SYNPCC7942_RS01830
M744_RS01155	17.5984	SYNPCC7942_RS01825
M744_RS01160	97.2795	SYNPCC7942_RS01820
M744_RS01170	51.4388	SYNPCC7942_RS01810
M744_RS01175	141.8329	SYNPCC7942_RS01805
M744_RS01180	70.1579	SYNPCC7942_RS01800
M744_RS01185	28.7108	SYNPCC7942_RS01795
M744_RS01190	85.6504	SYNPCC7942_RS01790
M744_RS01195	51.0164	SYNPCC7942_RS01785
M744_RS01200	31.4297	SYNPCC7942_RS01780
M744_RS01205	139.2210	SYNPCC7942_RS01775
M744_RS01210	434.1576	SYNPCC7942_RS01770
M744_RS01215	125.3235	SYNPCC7942_RS01765
M744_RS01220	19.4370	SYNPCC7942_RS01760
M744_RS01225	275.1042	SYNPCC7942_RS01755
M744_RS01230	418.2417	SYNPCC7942_RS01750
M744_RS01235	248.0824	SYNPCC7942_RS01745
M744_RS01240	36.9195	SYNPCC7942_RS01740
M744_RS01245	17.7682	SYNPCC7942_RS01735
M744_RS01250	34.5832	SYNPCC7942_RS01730
M744_RS01255	7.0302	SYNPCC7942_RS01725
M744_RS01260	51.8081	SYNPCC7942_RS01720
M744_RS01265	286.3148	SYNPCC7942_RS01715
M744_RS01275	338.2821	SYNPCC7942_RS01705
M744_RS01280	174.8456	SYNPCC7942_RS01700
M744_RS01285	233.7999	SYNPCC7942_RS01695
M744_RS01290	655.2817	SYNPCC7942_RS01690
M744_RS01295	2615.5679	SYNPCC7942_RS01685
M744_RS01300	888.9354	SYNPCC7942_RS01680
M744_RS01305	27.9703	SYNPCC7942_RS01675
M744_RS01310	2173.9858	SYNPCC7942_RS01670
M744_RS01315	1431.9226	SYNPCC7942_RS01665
M744_RS01320	1564.6916	SYNPCC7942_RS01660
M744_RS01325	146.2789	SYNPCC7942_RS01655
M744_RS01330	154.8511	SYNPCC7942_RS01650
M744_RS01335	200.6500	SYNPCC7942_RS01645
M744_RS01340	171.2978	SYNPCC7942_RS01640
M744_RS01345	627.9360	SYNPCC7942_RS01635
M744_RS01350	21.8333	SYNPCC7942_RS01630
M744_RS01355	18.1117	SYNPCC7942_RS01625
M744_RS01360	56.3687	SYNPCC7942_RS01620
M744_RS01365	70.5804	SYNPCC7942_RS01615
M744_RS01370	26.9266	SYNPCC7942_RS01610
M744_RS01375	378.3837	SYNPCC7942_RS01605
M744_RS01380	16.5597	SYNPCC7942_RS01600
M744_RS01385	132.8239	SYNPCC7942_RS01595
M744_RS01390	96.6318	SYNPCC7942_RS01590
M744_RS01395	44.0630	SYNPCC7942_RS01585
M744_RS01400	20.3743	SYNPCC7942_RS01580
M744_RS01405	516.3346	SYNPCC7942_RS01575
M744_RS01410	272.6964	SYNPCC7942_RS01570
M744_RS01415	166.2294	SYNPCC7942_RS01565
M744_RS01420	76.3068	SYNPCC7942_RS01560
M744_RS01425	114.0865	SYNPCC7942_RS01555
M744_RS01430	430.0678	SYNPCC7942_RS01550
M744_RS01435	19.7300	SYNPCC7942_RS01545
M744_RS01440	85.6572	SYNPCC7942_RS01540
M744_RS01445	346.9126	SYNPCC7942_RS01535
M744_RS01450	214.1214	SYNPCC7942_RS01530
M744_RS01455	51.8818	SYNPCC7942_RS01525
M744_RS01460	24.2300	SYNPCC7942_RS01520
M744_RS01465	1453.9916	SYNPCC7942_RS01515
M744_RS01470	170.4267	SYNPCC7942_RS01510
M744_RS01475	110.6651	SYNPCC7942_RS01505
M744_RS01480	590.5147	SYNPCC7942_RS01500
M744_RS01485	12.2409	SYNPCC7942_RS01495
M744_RS01490	75.8694	SYNPCC7942_RS01490
M744_RS01495	187.0594	SYNPCC7942_RS01485
M744_RS01505	41.3720	SYNPCC7942_RS01475
M744_RS01510	698.4180	SYNPCC7942_RS01470
M744_RS01515	54.6644	SYNPCC7942_RS01465
M744_RS01525	18.1267	SYNPCC7942_RS01455
M744_RS01530	35.4019	SYNPCC7942_RS01450
M744_RS01535	79.5524	SYNPCC7942_RS01445
M744_RS01540	16.6549	SYNPCC7942_RS01440
M744_RS01545	555.5324	SYNPCC7942_RS01435
M744_RS01550	132.9849	SYNPCC7942_RS01430
M744_RS01555	34.7939	SYNPCC7942_RS01425
M744_RS01560	108.0867	SYNPCC7942_RS01420
M744_RS01565	57.2247	SYNPCC7942_RS01415
M744_RS01570	72.0747	SYNPCC7942_RS01410
M744_RS01575	152.6717	SYNPCC7942_RS01405
M744_RS01580	15.4611	SYNPCC7942_RS01400
M744_RS01585	16.0650	SYNPCC7942_RS01395
M744_RS01590	7.7649	SYNPCC7942_RS01390
M744_RS01595	34.4926	SYNPCC7942_RS01385
M744_RS01600	16.7987	SYNPCC7942_RS01380
M744_RS01605	63.4857	SYNPCC7942_RS01375
M744_RS01610	51.6220	SYNPCC7942_RS01370
M744_RS01615	15.2406	SYNPCC7942_RS01365
M744_RS01620	291.5462	SYNPCC7942_RS01360
M744_RS01625	71.0683	SYNPCC7942_RS01355
M744_RS01630	30.0463	SYNPCC7942_RS01350
M744_RS01635	61.9002	SYNPCC7942_RS01345
M744_RS01640	91.8413	SYNPCC7942_RS01340
M744_RS01645	482.7139	SYNPCC7942_RS01335
M744_RS01650	23.2094	SYNPCC7942_RS01330
M744_RS01655	6543.2758	SYNPCC7942_RS01325
M744_RS01660	164.9393	SYNPCC7942_RS01320
M744_RS01665	34.6130	SYNPCC7942_RS01315
M744_RS01670	77.1542	SYNPCC7942_RS01310
M744_RS01680	251.2950	SYNPCC7942_RS01300
M744_RS01685	1068.4084	SYNPCC7942_RS01295
M744_RS01690	327.6532	SYNPCC7942_RS01290
M744_RS01695	807.8246	SYNPCC7942_RS01285
M744_RS01700	98.8408	SYNPCC7942_RS01280
M744_RS01705	19.3473	SYNPCC7942_RS01275
M744_RS01710	29.2680	SYNPCC7942_RS01270
M744_RS01715	65.5030	SYNPCC7942_RS01265
M744_RS01720	38.7686	SYNPCC7942_RS01260
M744_RS01725	75.7535	SYNPCC7942_RS01255
M744_RS01730	1104.1305	SYNPCC7942_RS01250
M744_RS01735	2779.8150	SYNPCC7942_RS01245
M744_RS01740	248.9566	SYNPCC7942_RS01240
M744_RS01745	156.5242	SYNPCC7942_RS01235
M744_RS01755	76.3410	SYNPCC7942_RS01225
M744_RS01760	659.8457	SYNPCC7942_RS01220
M744_RS01765	21.9258	SYNPCC7942_RS01215
M744_RS01770	49.8978	SYNPCC7942_RS01210
M744_RS01775	26.9335	SYNPCC7942_RS01205
M744_RS01780	119.3077	SYNPCC7942_RS01200
M744_RS01785	23.1116	SYNPCC7942_RS01195
M744_RS01790	34.3618	SYNPCC7942_RS01190
M744_RS01795	67.1825	SYNPCC7942_RS01185
M744_RS01800	32.3438	SYNPCC7942_RS01180
M744_RS01805	5.9346	SYNPCC7942_RS01175
M744_RS01810	69.6752	SYNPCC7942_RS01170
M744_RS01815	87.1163	SYNPCC7942_RS01165
M744_RS01820	10.1062	SYNPCC7942_RS01160
M744_RS01825	92.1687	SYNPCC7942_RS01155
M744_RS01830	48.5878	SYNPCC7942_RS01150
M744_RS01835	450.6533	SYNPCC7942_RS01145
M744_RS01840	178.0971	SYNPCC7942_RS01140
M744_RS01845	128.0013	SYNPCC7942_RS01135
M744_RS01850	41.6613	SYNPCC7942_RS01130
M744_RS01855	73.1904	SYNPCC7942_RS01125
M744_RS01860	56.2796	SYNPCC7942_RS01120
M744_RS01865	18.0149	SYNPCC7942_RS01115
M744_RS01870	23.0258	SYNPCC7942_RS01110
M744_RS01880	168.5870	SYNPCC7942_RS01100
M744_RS01885	52.3637	SYNPCC7942_RS01095
M744_RS01890	177.1194	SYNPCC7942_RS01090
M744_RS01895	63.5710	SYNPCC7942_RS01085
M744_RS01900	33.2150	SYNPCC7942_RS01080
M744_RS01905	94.1242	SYNPCC7942_RS01075
M744_RS01910	49.3420	SYNPCC7942_RS01070
M744_RS01915	9.3056	SYNPCC7942_RS01065
M744_RS01920	11.3282	SYNPCC7942_RS01060
M744_RS01925	58.6805	SYNPCC7942_RS01055
M744_RS01935	5.6499	SYNPCC7942_RS01045
M744_RS01940	30.9008	SYNPCC7942_RS01040
M744_RS01950	29.9103	SYNPCC7942_RS01030
M744_RS01955	114.9838	SYNPCC7942_RS01025
M744_RS01960	47.3355	SYNPCC7942_RS01020
M744_RS01965	16.8823	SYNPCC7942_RS01015
M744_RS01970	73.2125	SYNPCC7942_RS01010
M744_RS01975	76.5937	SYNPCC7942_RS01005
M744_RS01980	203.4536	SYNPCC7942_RS01000
M744_RS01985	117.3773	SYNPCC7942_RS00995
M744_RS01990	232.3014	SYNPCC7942_RS00990
M744_RS01995	170.0991	SYNPCC7942_RS00985
M744_RS02005	146.5907	SYNPCC7942_RS00975
M744_RS02010	208.5426	SYNPCC7942_RS00970
M744_RS02015	12.9951	SYNPCC7942_RS00965
M744_RS02020	675.5542	SYNPCC7942_RS00960
M744_RS02025	31.4475	SYNPCC7942_RS00955
M744_RS02030	67.1899	SYNPCC7942_RS00950
M744_RS02035	4.2335	SYNPCC7942_RS00945
M744_RS02040	31.4485	SYNPCC7942_RS00940
M744_RS02045	38.3563	SYNPCC7942_RS00935
M744_RS02050	24.1850	SYNPCC7942_RS00930
M744_RS02055	23.5875	SYNPCC7942_RS00925
M744_RS02060	137.6747	SYNPCC7942_RS00920
M744_RS02065	62.4490	SYNPCC7942_RS00915
M744_RS02070	10.4592	SYNPCC7942_RS00910
M744_RS02075	76.3387	SYNPCC7942_RS00905
M744_RS02080	105.4577	SYNPCC7942_RS00900
M744_RS02090	2.4842	SYNPCC7942_RS00890
M744_RS02095	18.1138	SYNPCC7942_RS00885
M744_RS02100	10.8749	SYNPCC7942_RS00880
M744_RS02105	9.9238	SYNPCC7942_RS00875
M744_RS02110	53.1618	SYNPCC7942_RS00870
M744_RS02115	68.8770	SYNPCC7942_RS00865
M744_RS02120	1023.6045	SYNPCC7942_RS00860
M744_RS02125	352.8716	SYNPCC7942_RS00855
M744_RS02130	49.4410	SYNPCC7942_RS00850
M744_RS02140	129.6299	SYNPCC7942_RS00840
M744_RS02145	93.2144	SYNPCC7942_RS00835
M744_RS02150	242.4961	SYNPCC7942_RS00830
M744_RS02155	129.5206	SYNPCC7942_RS00825
M744_RS02160	43.2571	SYNPCC7942_RS00820
M744_RS02165	54.5123	SYNPCC7942_RS00815
M744_RS02170	80.8012	SYNPCC7942_RS00810
M744_RS02175	19.1560	SYNPCC7942_RS00805
M744_RS02180	557.7913	SYNPCC7942_RS00800
M744_RS02185	580.8745	SYNPCC7942_RS00795
M744_RS02190	295.0848	SYNPCC7942_RS00790
M744_RS02195	2.8284	SYNPCC7942_RS00785
M744_RS02200	35.2479	SYNPCC7942_RS00780
M744_RS02205	197.7867	SYNPCC7942_RS00775
M744_RS02210	140.8491	SYNPCC7942_RS00770
M744_RS02215	154.0600	SYNPCC7942_RS00765
M744_RS02220	35.7003	SYNPCC7942_RS00760
M744_RS02225	7.2142	SYNPCC7942_RS00755
M744_RS02230	100.1582	SYNPCC7942_RS00750
M744_RS02235	231.3165	SYNPCC7942_RS00745
M744_RS02240	61.9685	SYNPCC7942_RS00740
M744_RS02245	22.8285	SYNPCC7942_RS00735
M744_RS02250	57.5950	SYNPCC7942_RS00730
M744_RS02255	418.8074	SYNPCC7942_RS00725
M744_RS02260	323.8975	SYNPCC7942_RS00720
M744_RS02265	169.5987	SYNPCC7942_RS00715
M744_RS02275	999.3507	SYNPCC7942_RS00705
M744_RS02280	74.7467	SYNPCC7942_RS00700
M744_RS02285	416.2284	SYNPCC7942_RS00695
M744_RS02290	32.4729	SYNPCC7942_RS00690
M744_RS02295	11.5899	SYNPCC7942_RS00685
M744_RS02300	80.8901	SYNPCC7942_RS00680
M744_RS02305	71.0576	SYNPCC7942_RS00675
M744_RS02310	30.1264	SYNPCC7942_RS00670
M744_RS02315	121.8879	SYNPCC7942_RS00665
M744_RS02320	121.3063	SYNPCC7942_RS00660
M744_RS02325	24.9678	SYNPCC7942_RS00655
M744_RS02330	105.8759	SYNPCC7942_RS00650
M744_RS02335	54.5057	SYNPCC7942_RS00645
M744_RS02345	284.9205	SYNPCC7942_RS00635
M744_RS02350	24.7675	SYNPCC7942_RS00630
M744_RS02360	41.2997	SYNPCC7942_RS00620
M744_RS02370	9.8272	SYNPCC7942_RS00610
M744_RS02375	14.7293	SYNPCC7942_RS00605
M744_RS02380	7.1019	SYNPCC7942_RS00600
M744_RS02385	843.5609	SYNPCC7942_RS00590
M744_RS02390	43.3653	SYNPCC7942_RS00585
M744_RS02395	17.2129	SYNPCC7942_RS13655
M744_RS02400	149.0890	SYNPCC7942_RS00580
M744_RS02405	4.1589	SYNPCC7942_RS00575
M744_RS02410	14.9050	SYNPCC7942_RS00570
M744_RS02415	42.4869	SYNPCC7942_RS00565
M744_RS02420	30.0652	SYNPCC7942_RS00560
M744_RS02425	138.9486	SYNPCC7942_RS00555
M744_RS02430	2.6478	SYNPCC7942_RS00550
M744_RS02435	57.3343	SYNPCC7942_RS00545
M744_RS02440	41.0102	SYNPCC7942_RS00540
M744_RS02445	80.2574	SYNPCC7942_RS00535
M744_RS02450	40.1180	SYNPCC7942_RS00530
M744_RS02455	10.9051	SYNPCC7942_RS00525
M744_RS02460	96.9281	SYNPCC7942_RS00520
M744_RS02465	475.3149	SYNPCC7942_RS00515
M744_RS02470	142.2183	SYNPCC7942_RS00510
M744_RS02475	32.0339	SYNPCC7942_RS00505
M744_RS02480	456.7604	SYNPCC7942_RS00500
M744_RS02485	79.0148	SYNPCC7942_RS00495
M744_RS02490	275.2482	SYNPCC7942_RS00490
M744_RS02505	8.6008	SYNPCC7942_RS00475
M744_RS02510	27.5046	SYNPCC7942_RS00470
M744_RS02515	103.2531	SYNPCC7942_RS00465
M744_RS02520	43.0430	SYNPCC7942_RS00460
M744_RS02525	67.8947	SYNPCC7942_RS00455
M744_RS02530	119.1385	SYNPCC7942_RS00450
M744_RS02540	203.0381	SYNPCC7942_RS00440
M744_RS02545	98.2031	SYNPCC7942_RS00435
M744_RS02550	298.4029	SYNPCC7942_RS00430
M744_RS02555	470.0733	SYNPCC7942_RS00425
M744_RS02560	99.7669	SYNPCC7942_RS00420
M744_RS02565	34.0915	SYNPCC7942_RS00415
M744_RS02570	13.4897	SYNPCC7942_RS00410
M744_RS02575	179.5363	SYNPCC7942_RS00405
M744_RS02580	41.3806	SYNPCC7942_RS00400
M744_RS02585	170.4581	SYNPCC7942_RS00395
M744_RS02590	171.7911	SYNPCC7942_RS00390
M744_RS02595	34.9690	SYNPCC7942_RS00385
M744_RS02600	46.6259	SYNPCC7942_RS00380
M744_RS02605	55.3602	SYNPCC7942_RS00375
M744_RS02610	267.2838	SYNPCC7942_RS00370
M744_RS02615	1.9527	SYNPCC7942_RS00365
M744_RS02620	219.2522	SYNPCC7942_RS00360
M744_RS02625	41.9031	SYNPCC7942_RS00355
M744_RS02630	46.9629	SYNPCC7942_RS00350
M744_RS02635	9.5423	SYNPCC7942_RS00345
M744_RS02640	26.6496	SYNPCC7942_RS00340
M744_RS02645	29.3741	SYNPCC7942_RS00335
M744_RS02650	35.6599	SYNPCC7942_RS00330
M744_RS02655	62.7486	SYNPCC7942_RS00325
M744_RS02660	560.0842	SYNPCC7942_RS00320
M744_RS02665	5.9143	SYNPCC7942_RS00315
M744_RS02670	44.1359	SYNPCC7942_RS00310
M744_RS02675	27.0903	SYNPCC7942_RS00305
M744_RS02685	25.6806	SYNPCC7942_RS00295
M744_RS02690	23.4618	SYNPCC7942_RS00290
M744_RS02695	50.6505	SYNPCC7942_RS00285
M744_RS02700	62.8831	SYNPCC7942_RS00280
M744_RS02710	73.1802	SYNPCC7942_RS00270
M744_RS02715	53.7575	SYNPCC7942_RS00265
M744_RS02720	75.9779	SYNPCC7942_RS00260
M744_RS02725	92.3417	SYNPCC7942_RS00255
M744_RS02730	401.4826	SYNPCC7942_RS00250
M744_RS02745	1134.7300	SYNPCC7942_RS00235
M744_RS02750	162.9387	SYNPCC7942_RS00230
M744_RS02755	50.3008	SYNPCC7942_RS00225
M744_RS02760	63.1819	SYNPCC7942_RS00220
M744_RS02765	9.7669	SYNPCC7942_RS00215
M744_RS02770	153.3097	SYNPCC7942_RS00210
M744_RS02775	60.0673	SYNPCC7942_RS00205
M744_RS02780	58.2175	SYNPCC7942_RS00200
M744_RS02785	696.6199	SYNPCC7942_RS00195
M744_RS02790	21.5297	SYNPCC7942_RS00190
M744_RS02795	15.0232	SYNPCC7942_RS00185
M744_RS02800	22.4118	SYNPCC7942_RS00180
M744_RS02805	86.1021	SYNPCC7942_RS00175
M744_RS02810	131.1125	SYNPCC7942_RS00170
M744_RS02815	19.8263	SYNPCC7942_RS00165
M744_RS02820	40.1485	SYNPCC7942_RS00160
M744_RS02825	21.4218	SYNPCC7942_RS00155
M744_RS02830	6.6336	SYNPCC7942_RS00150
M744_RS02835	5.3405	SYNPCC7942_RS00145
M744_RS02845	97.5123	SYNPCC7942_RS00135
M744_RS02850	100.1512	SYNPCC7942_RS00130
M744_RS02855	43.3816	SYNPCC7942_RS00125
M744_RS02860	63.3784	SYNPCC7942_RS00120
M744_RS02865	59.0234	SYNPCC7942_RS00115
M744_RS02870	7.8763	SYNPCC7942_RS00110
M744_RS02875	9.8398	SYNPCC7942_RS00105
M744_RS02880	155.0738	SYNPCC7942_RS00100
M744_RS02885	123.2238	SYNPCC7942_RS00095
M744_RS02890	25.3002	SYNPCC7942_RS00090
M744_RS02895	38.5356	SYNPCC7942_RS00085
M744_RS02900	63.3237	SYNPCC7942_RS00080
M744_RS02905	55.8121	SYNPCC7942_RS00075
M744_RS02910	120.3306	SYNPCC7942_RS00070
M744_RS02915	310.2923	SYNPCC7942_RS00065
M744_RS02920	130.8259	SYNPCC7942_RS00060
M744_RS02925	82.1713	SYNPCC7942_RS00055
M744_RS02930	45.2043	SYNPCC7942_RS00050
M744_RS02935	136.2789	SYNPCC7942_RS00045
M744_RS02940	46.7502	SYNPCC7942_RS00040
M744_RS02945	18.0535	SYNPCC7942_RS00035
M744_RS02950	11.4485	SYNPCC7942_RS00030
M744_RS02955	72.4350	SYNPCC7942_RS00025
M744_RS02960	453.3699	SYNPCC7942_RS00020
M744_RS02965	334.1453	SYNPCC7942_RS00015
M744_RS02970	88.0188	SYNPCC7942_RS00010
M744_RS02975	175.1350	SYNPCC7942_RS00005
M744_RS02980	28.7248	SYNPCC7942_RS13310
M744_RS02985	277.8452	SYNPCC7942_RS13305
M744_RS02990	64.4950	SYNPCC7942_RS13300
M744_RS02995	46.1351	SYNPCC7942_RS13295
M744_RS03000	284.5150	SYNPCC7942_RS13290
M744_RS03005	275.5595	SYNPCC7942_RS13285
M744_RS03010	16.2132	SYNPCC7942_RS13280
M744_RS03015	278.2690	SYNPCC7942_RS13275
M744_RS03020	298.6922	SYNPCC7942_RS13270
M744_RS03025	106.1402	SYNPCC7942_RS13265
M744_RS03030	198.3739	SYNPCC7942_RS13260
M744_RS03035	200.6751	SYNPCC7942_RS13255
M744_RS03040	26.6405	SYNPCC7942_RS13250
M744_RS03045	53.7374	SYNPCC7942_RS13245
M744_RS03050	15.6091	SYNPCC7942_RS13240
M744_RS03055	35.7772	SYNPCC7942_RS13235
M744_RS03060	11.6573	SYNPCC7942_RS13230
M744_RS03065	254.4771	SYNPCC7942_RS13225
M744_RS03070	95.1921	SYNPCC7942_RS13220
M744_RS03075	67.4610	SYNPCC7942_RS13215
M744_RS03085	978.0830	SYNPCC7942_RS13205
M744_RS03090	43.5254	SYNPCC7942_RS13200
M744_RS03095	119.1601	SYNPCC7942_RS13195
M744_RS03100	232.4766	SYNPCC7942_RS13190
M744_RS03105	71.6028	SYNPCC7942_RS13185
M744_RS03110	96.5899	SYNPCC7942_RS13180
M744_RS03115	24.3049	SYNPCC7942_RS13175
M744_RS03120	21.2590	SYNPCC7942_RS13170
M744_RS03125	10.9267	SYNPCC7942_RS13165
M744_RS03130	47.9014	SYNPCC7942_RS13160
M744_RS03135	575.2698	SYNPCC7942_RS13155
M744_RS03140	26.8592	SYNPCC7942_RS13150
M744_RS03145	19.9317	SYNPCC7942_RS13145
M744_RS03155	352.3721	SYNPCC7942_RS13135
M744_RS03160	64.8071	SYNPCC7942_RS13130
M744_RS03165	48.7928	SYNPCC7942_RS13125
M744_RS03170	36.8512	SYNPCC7942_RS13120
M744_RS03175	127.4418	SYNPCC7942_RS13115
M744_RS03205	39.8790	SYNPCC7942_RS13085
M744_RS03215	18.4568	SYNPCC7942_RS13075
M744_RS03220	42.2816	SYNPCC7942_RS13070
M744_RS03225	242.4333	SYNPCC7942_RS13065
M744_RS03230	66.9826	SYNPCC7942_RS13060
M744_RS03235	56.3023	SYNPCC7942_RS13055
M744_RS03240	15.7465	SYNPCC7942_RS13050
M744_RS03245	16.4489	SYNPCC7942_RS13045
M744_RS03255	120.1213	SYNPCC7942_RS13035
M744_RS03260	103.4166	SYNPCC7942_RS13030
M744_RS03265	97.1157	SYNPCC7942_RS13025
M744_RS03270	437.8478	SYNPCC7942_RS13020
M744_RS03275	717.8283	SYNPCC7942_RS13015
M744_RS03280	23.3321	SYNPCC7942_RS13010
M744_RS03285	312.0953	SYNPCC7942_RS13005
M744_RS03290	20.1805	SYNPCC7942_RS13000
M744_RS03295	244.1570	SYNPCC7942_RS12995
M744_RS03300	109.4729	SYNPCC7942_RS12990
M744_RS03305	266.6778	SYNPCC7942_RS12985
M744_RS03310	269.8634	SYNPCC7942_RS12980
M744_RS03315	31.5947	SYNPCC7942_RS12975
M744_RS03320	27.0854	SYNPCC7942_RS12970
M744_RS03325	92.7063	SYNPCC7942_RS12965
M744_RS03330	17.5495	SYNPCC7942_RS12960
M744_RS03335	26.1063	SYNPCC7942_RS12955
M744_RS03340	4.1306	SYNPCC7942_RS12950
M744_RS03345	102.3741	SYNPCC7942_RS12945
M744_RS03350	30.5710	SYNPCC7942_RS12940
M744_RS03355	23.5352	SYNPCC7942_RS12935
M744_RS03360	93.3985	SYNPCC7942_RS12930
M744_RS03365	3.5011	SYNPCC7942_RS12925
M744_RS03370	75.0945	SYNPCC7942_RS12920
M744_RS03375	27.2404	SYNPCC7942_RS12915
M744_RS03390	255.9650	SYNPCC7942_RS12900
M744_RS03395	69.1566	SYNPCC7942_RS12895
M744_RS03400	38.4455	SYNPCC7942_RS12890
M744_RS03405	637.4348	SYNPCC7942_RS12885
M744_RS03410	197.5399	SYNPCC7942_RS12880
M744_RS03415	58.7412	SYNPCC7942_RS12875
M744_RS03420	289.0624	SYNPCC7942_RS12870
M744_RS03425	183.6212	SYNPCC7942_RS12865
M744_RS03430	65.6136	SYNPCC7942_RS12860
M744_RS03435	100.7975	SYNPCC7942_RS12855
M744_RS03440	243.4132	SYNPCC7942_RS12850
M744_RS03445	371.1394	SYNPCC7942_RS12845
M744_RS03450	305.8384	SYNPCC7942_RS12840
M744_RS03455	22.3100	SYNPCC7942_RS12835
M744_RS03460	33.2510	SYNPCC7942_RS12830
M744_RS03465	1335.7709	SYNPCC7942_RS12825
M744_RS03470	620.1718	SYNPCC7942_RS12820
M744_RS03475	491.3955	SYNPCC7942_RS12815
M744_RS03485	35.7787	SYNPCC7942_RS12805
M744_RS03490	94.6269	SYNPCC7942_RS12800
M744_RS03495	15.7715	SYNPCC7942_RS12795
M744_RS03500	230.2639	SYNPCC7942_RS12790
M744_RS03505	117.8043	SYNPCC7942_RS12785
M744_RS03510	86.2003	SYNPCC7942_RS12780
M744_RS03515	21.5374	SYNPCC7942_RS12775
M744_RS03525	66.5918	SYNPCC7942_RS12765
M744_RS03530	53.2828	SYNPCC7942_RS12760
M744_RS03535	158.8093	SYNPCC7942_RS12755
M744_RS03545	438.6423	SYNPCC7942_RS12745
M744_RS03550	37.6149	SYNPCC7942_RS12740
M744_RS03555	126.6653	SYNPCC7942_RS12735
M744_RS03560	51.3829	SYNPCC7942_RS12730
M744_RS03565	87.3729	SYNPCC7942_RS12725
M744_RS03575	380.2531	SYNPCC7942_RS12715
M744_RS03580	14.9939	SYNPCC7942_RS12710
M744_RS03585	7.8896	SYNPCC7942_RS12705
M744_RS03590	341.0804	SYNPCC7942_RS12700
M744_RS03595	29.3339	SYNPCC7942_RS12695
M744_RS03600	1066.3295	SYNPCC7942_RS12690
M744_RS03605	75.7482	SYNPCC7942_RS12685
M744_RS03610	624.0647	SYNPCC7942_RS12680
M744_RS03615	417.5705	SYNPCC7942_RS12675
M744_RS03620	269.9430	SYNPCC7942_RS12670
M744_RS03625	230.9329	SYNPCC7942_RS12665
M744_RS03630	107.6508	SYNPCC7942_RS12660
M744_RS03635	66.1358	SYNPCC7942_RS12655
M744_RS03640	9.5055	SYNPCC7942_RS12650
M744_RS03650	415.2831	SYNPCC7942_RS12640
M744_RS03655	10.5801	SYNPCC7942_RS12635
M744_RS03665	110.0170	SYNPCC7942_RS12625
M744_RS03670	145.3440	SYNPCC7942_RS12620
M744_RS03675	190.8877	SYNPCC7942_RS12615
M744_RS03680	2046.2014	SYNPCC7942_RS12610
M744_RS03690	145.3565	SYNPCC7942_RS12600
M744_RS03700	157.9540	SYNPCC7942_RS12590
M744_RS03705	163.3664	SYNPCC7942_RS12585
M744_RS03710	54.0998	SYNPCC7942_RS12580
M744_RS03715	76.9383	SYNPCC7942_RS12575
M744_RS03725	234.1516	SYNPCC7942_RS12565
M744_RS03730	246.4490	SYNPCC7942_RS12560
M744_RS03735	237.8087	SYNPCC7942_RS12555
M744_RS03740	115.2695	SYNPCC7942_RS12550
M744_RS03745	3352.2495	SYNPCC7942_RS12545
M744_RS03750	25.4953	SYNPCC7942_RS12540
M744_RS03755	127.2689	SYNPCC7942_RS12535
M744_RS03765	489.7821	SYNPCC7942_RS12530
M744_RS03770	55.3392	SYNPCC7942_RS12525
M744_RS03775	321.3026	SYNPCC7942_RS12520
M744_RS03780	7.2183	SYNPCC7942_RS12515
M744_RS03785	174.4664	SYNPCC7942_RS12510
M744_RS03790	210.2378	SYNPCC7942_RS12505
M744_RS03795	63.1406	SYNPCC7942_RS12500
M744_RS03805	135.6421	SYNPCC7942_RS12490
M744_RS03810	46.6306	SYNPCC7942_RS12485
M744_RS03815	96.6688	SYNPCC7942_RS12480
M744_RS03835	192.5940	SYNPCC7942_RS12465
M744_RS03850	247.6765	SYNPCC7942_RS12455
M744_RS03855	416.0317	SYNPCC7942_RS12450
M744_RS03860	761.4984	SYNPCC7942_RS12445
M744_RS03865	398.1108	SYNPCC7942_RS12440
M744_RS03870	58.9155	SYNPCC7942_RS12435
M744_RS03875	1230.6362	SYNPCC7942_RS12430
M744_RS03880	20.8262	SYNPCC7942_RS12425
M744_RS03885	96.7991	SYNPCC7942_RS12420
M744_RS03890	129.9984	SYNPCC7942_RS12415
M744_RS03895	148.7782	SYNPCC7942_RS12410
M744_RS03900	124.8031	SYNPCC7942_RS12405
M744_RS03905	1229.7701	SYNPCC7942_RS12400
M744_RS03910	225.5285	SYNPCC7942_RS12395
M744_RS03920	58.0114	SYNPCC7942_RS12385
M744_RS03925	614.0638	SYNPCC7942_RS12380
M744_RS03930	44.0219	SYNPCC7942_RS12375
M744_RS03935	35.5864	SYNPCC7942_RS12370
M744_RS03940	192.3509	SYNPCC7942_RS12365
M744_RS03945	116.3175	SYNPCC7942_RS12360
M744_RS03950	70.1502	SYNPCC7942_RS12355
M744_RS03955	237.4525	SYNPCC7942_RS12350
M744_RS03960	33.1975	SYNPCC7942_RS12345
M744_RS03965	99.5969	SYNPCC7942_RS12340
M744_RS03970	94.2933	SYNPCC7942_RS12335
M744_RS03975	96.9723	SYNPCC7942_RS12330
M744_RS03980	99.5867	SYNPCC7942_RS12325
M744_RS03985	34.1980	SYNPCC7942_RS12320
M744_RS03990	77.0434	SYNPCC7942_RS12315
M744_RS03995	277.1826	SYNPCC7942_RS12310
M744_RS04000	135.1018	SYNPCC7942_RS12305
M744_RS04005	93.9753	SYNPCC7942_RS12300
M744_RS04010	226.3587	SYNPCC7942_RS12295
M744_RS04015	573.6572	SYNPCC7942_RS12290
M744_RS04020	17.7287	SYNPCC7942_RS12285
M744_RS04025	48.7420	SYNPCC7942_RS12280
M744_RS04030	14.2789	SYNPCC7942_RS12275
M744_RS04035	137.1275	SYNPCC7942_RS12270
M744_RS04040	40.5964	SYNPCC7942_RS12265
M744_RS04045	68.2219	SYNPCC7942_RS12260
M744_RS04050	15.5219	SYNPCC7942_RS12255
M744_RS04055	102.6763	SYNPCC7942_RS12250
M744_RS04060	273.5887	SYNPCC7942_RS12245
M744_RS04065	20.3954	SYNPCC7942_RS12240
M744_RS04070	92.5851	SYNPCC7942_RS12235
M744_RS04075	180.5351	SYNPCC7942_RS12230
M744_RS04080	3.7965	SYNPCC7942_RS12225
M744_RS04095	55.2635	SYNPCC7942_RS12210
M744_RS04100	71.3930	SYNPCC7942_RS12205
M744_RS04105	224.2779	SYNPCC7942_RS12200
M744_RS04110	26.8204	SYNPCC7942_RS12195
M744_RS04115	674.4779	SYNPCC7942_RS12190
M744_RS04120	6.1324	SYNPCC7942_RS12185
M744_RS04125	173.8105	SYNPCC7942_RS12180
M744_RS04130	98.1064	SYNPCC7942_RS12175
M744_RS04135	68.6913	SYNPCC7942_RS12170
M744_RS04140	80.0803	SYNPCC7942_RS12165
M744_RS04145	164.3431	SYNPCC7942_RS12160
M744_RS04150	102.0673	SYNPCC7942_RS12155
M744_RS04160	62.3045	SYNPCC7942_RS12145
M744_RS04165	62.0627	SYNPCC7942_RS12140
M744_RS04170	294.8247	SYNPCC7942_RS12135
M744_RS04175	215.1204	SYNPCC7942_RS12130
M744_RS04180	38.6159	SYNPCC7942_RS12125
M744_RS04185	50.1699	SYNPCC7942_RS12120
M744_RS04190	556.6632	SYNPCC7942_RS12115
M744_RS04195	142.6056	SYNPCC7942_RS12110
M744_RS04200	14.3578	SYNPCC7942_RS12105
M744_RS04205	37.8704	SYNPCC7942_RS12100
M744_RS04210	326.3523	SYNPCC7942_RS12095
M744_RS04215	19.0635	SYNPCC7942_RS12090
M744_RS04220	239.7518	SYNPCC7942_RS12085
M744_RS04225	30.4893	SYNPCC7942_RS12080
M744_RS04230	35.7056	SYNPCC7942_RS12075
M744_RS04235	83.7695	SYNPCC7942_RS12070
M744_RS04240	137.8139	SYNPCC7942_RS12065
M744_RS04245	9.8198	SYNPCC7942_RS12060
M744_RS04250	25.4755	SYNPCC7942_RS12055
M744_RS04255	32.1048	SYNPCC7942_RS12050
M744_RS04260	6.0061	SYNPCC7942_RS12045
M744_RS04265	778.1160	SYNPCC7942_RS12040
M744_RS04270	209.3005	SYNPCC7942_RS12035
M744_RS04280	112.5921	SYNPCC7942_RS12025
M744_RS04285	253.5493	SYNPCC7942_RS12020
M744_RS04290	192.5335	SYNPCC7942_RS12015
M744_RS04295	49.7220	SYNPCC7942_RS12010
M744_RS04300	31.5418	SYNPCC7942_RS12005
M744_RS04305	96.5232	SYNPCC7942_RS12000
M744_RS04310	43.8200	SYNPCC7942_RS11995
M744_RS04315	95.6482	SYNPCC7942_RS11990
M744_RS04320	279.4005	SYNPCC7942_RS11985
M744_RS04325	73.9592	SYNPCC7942_RS11980
M744_RS04330	321.0089	SYNPCC7942_RS11975
M744_RS04335	30.4854	SYNPCC7942_RS11970
M744_RS04340	65.1707	SYNPCC7942_RS11965
M744_RS04345	220.8021	SYNPCC7942_RS11960
M744_RS04350	95.1271	SYNPCC7942_RS11955
M744_RS04355	2268.6822	SYNPCC7942_RS11950
M744_RS04360	74.3683	SYNPCC7942_RS11945
M744_RS04365	138.1836	SYNPCC7942_RS11940
M744_RS04370	684.1523	SYNPCC7942_RS11935
M744_RS04375	65.7586	SYNPCC7942_RS11930
M744_RS04380	275.4252	SYNPCC7942_RS11925
M744_RS04385	140.5270	SYNPCC7942_RS11920
M744_RS04390	157.2544	SYNPCC7942_RS11915
M744_RS04395	248.2797	SYNPCC7942_RS11910
M744_RS04400	127.7918	SYNPCC7942_RS11905
M744_RS04405	872.4726	SYNPCC7942_RS11900
M744_RS04410	40.6687	SYNPCC7942_RS11895
M744_RS04415	241.6436	SYNPCC7942_RS11890
M744_RS04420	101.5927	SYNPCC7942_RS11885
M744_RS04425	467.3303	SYNPCC7942_RS11880
M744_RS04430	69.0181	SYNPCC7942_RS11875
M744_RS04435	762.7661	SYNPCC7942_RS11870
M744_RS04440	887.2764	SYNPCC7942_RS11865
M744_RS04445	813.2554	SYNPCC7942_RS11860
M744_RS04450	716.2423	SYNPCC7942_RS11855
M744_RS04455	2067.7762	SYNPCC7942_RS11850
M744_RS04460	106.8985	SYNPCC7942_RS11845
M744_RS04465	38.5844	SYNPCC7942_RS11840
M744_RS04470	31.6279	SYNPCC7942_RS11835
M744_RS04475	74.2227	SYNPCC7942_RS11830
M744_RS04480	416.1167	SYNPCC7942_RS11825
M744_RS04485	101.7556	SYNPCC7942_RS11820
M744_RS04490	108.2510	SYNPCC7942_RS11815
M744_RS04495	21.3268	SYNPCC7942_RS11810
M744_RS04500	91.7315	SYNPCC7942_RS11805
M744_RS04505	299.6578	SYNPCC7942_RS11800
M744_RS04510	11.3264	SYNPCC7942_RS11795
M744_RS04520	19.8598	SYNPCC7942_RS11785
M744_RS04525	294.2069	SYNPCC7942_RS11780
M744_RS04530	126.5064	SYNPCC7942_RS11775
M744_RS04535	989.6794	SYNPCC7942_RS11770
M744_RS04540	1765.4427	SYNPCC7942_RS11765
M744_RS04545	5029.5243	SYNPCC7942_RS11760
M744_RS04550	19.0907	SYNPCC7942_RS11755
M744_RS04555	162.8170	SYNPCC7942_RS11750
M744_RS04565	64.1030	SYNPCC7942_RS11740
M744_RS04570	377.4327	SYNPCC7942_RS11735
M744_RS04575	162.3165	SYNPCC7942_RS11730
M744_RS04580	212.6774	SYNPCC7942_RS11725
M744_RS04585	147.3666	SYNPCC7942_RS11720
M744_RS04590	44.4963	SYNPCC7942_RS11715
M744_RS04600	21.7206	SYNPCC7942_RS11705
M744_RS04605	105.9763	SYNPCC7942_RS11700
M744_RS04610	365.5685	SYNPCC7942_RS11695
M744_RS04615	251.7808	SYNPCC7942_RS11690
M744_RS04620	594.5774	SYNPCC7942_RS11685
M744_RS04625	10.2731	SYNPCC7942_RS11680
M744_RS04630	1854.0640	SYNPCC7942_RS11675
M744_RS04635	64.7940	SYNPCC7942_RS11670
M744_RS04640	14.2271	SYNPCC7942_RS11665
M744_RS04645	24.3249	SYNPCC7942_RS11660
M744_RS04650	38.0582	SYNPCC7942_RS11655
M744_RS04655	429.9707	SYNPCC7942_RS11650
M744_RS04660	67.4425	SYNPCC7942_RS11645
M744_RS04665	20.7792	SYNPCC7942_RS11640
M744_RS04670	167.5211	SYNPCC7942_RS11635
M744_RS04675	78.4178	SYNPCC7942_RS11630
M744_RS04680	83.3722	SYNPCC7942_RS11625
M744_RS04685	15.9299	SYNPCC7942_RS11620
M744_RS04690	139.1019	SYNPCC7942_RS11615
M744_RS04695	65.6950	SYNPCC7942_RS11610
M744_RS04700	15.7674	SYNPCC7942_RS11605
M744_RS04705	182.1653	SYNPCC7942_RS11600
M744_RS04710	68.6090	SYNPCC7942_RS11595
M744_RS04715	129.6411	SYNPCC7942_RS11590
M744_RS04720	443.3842	SYNPCC7942_RS11585
M744_RS04725	140.8156	SYNPCC7942_RS11580
M744_RS04730	7.7386	SYNPCC7942_RS11575
M744_RS04735	12.2415	SYNPCC7942_RS11570
M744_RS04750	240.7107	SYNPCC7942_RS11555
M744_RS04755	39.7263	SYNPCC7942_RS11550
M744_RS04760	13.8326	SYNPCC7942_RS11545
M744_RS04765	61.1211	SYNPCC7942_RS11540
M744_RS04770	44.3524	SYNPCC7942_RS11535
M744_RS04775	59.9726	SYNPCC7942_RS11530
M744_RS04780	51.4255	SYNPCC7942_RS11525
M744_RS04785	641.8783	SYNPCC7942_RS11520
M744_RS04790	23.6380	SYNPCC7942_RS11515
M744_RS04795	223.9707	SYNPCC7942_RS11510
M744_RS04800	348.6935	SYNPCC7942_RS11505
M744_RS04805	76.8596	SYNPCC7942_RS11500
M744_RS04810	179.7371	SYNPCC7942_RS11495
M744_RS04815	33.7654	SYNPCC7942_RS11490
M744_RS04820	21.7738	SYNPCC7942_RS11485
M744_RS04830	166.4204	SYNPCC7942_RS11475
M744_RS04835	39.5070	SYNPCC7942_RS11470
M744_RS04840	1327.9339	SYNPCC7942_RS11465
M744_RS04845	928.1925	SYNPCC7942_RS11460
M744_RS04850	227.4313	SYNPCC7942_RS11455
M744_RS04855	841.5170	SYNPCC7942_RS11450
M744_RS04870	20.3636	SYNPCC7942_RS11435
M744_RS04875	16.9667	SYNPCC7942_RS11430
M744_RS04880	299.2295	SYNPCC7942_RS11425
M744_RS04885	276.8887	SYNPCC7942_RS11420
M744_RS04890	4228.0230	SYNPCC7942_RS11415
M744_RS04895	78.2054	SYNPCC7942_RS11410
M744_RS04900	46.1166	SYNPCC7942_RS11405
M744_RS04905	337.2886	SYNPCC7942_RS11400
M744_RS04910	375.6668	SYNPCC7942_RS11395
M744_RS04920	109.3514	SYNPCC7942_RS11385
M744_RS04930	177.2869	SYNPCC7942_RS11375
M744_RS04935	60.9554	SYNPCC7942_RS11370
M744_RS04940	69.1137	SYNPCC7942_RS11365
M744_RS04945	15.1256	SYNPCC7942_RS11360
M744_RS04950	57.4320	SYNPCC7942_RS11355
M744_RS04955	13.5413	SYNPCC7942_RS11350
M744_RS04960	65.2663	SYNPCC7942_RS11345
M744_RS04970	335.1848	SYNPCC7942_RS11335
M744_RS04975	291.3947	SYNPCC7942_RS11330
M744_RS04980	154.5908	SYNPCC7942_RS11325
M744_RS04985	320.9572	SYNPCC7942_RS11320
M744_RS04990	94.9165	SYNPCC7942_RS11315
M744_RS04995	238.4322	SYNPCC7942_RS11310
M744_RS05000	254.0660	SYNPCC7942_RS11305
M744_RS05005	362.8776	SYNPCC7942_RS11300
M744_RS05010	97.8192	SYNPCC7942_RS11295
M744_RS05015	111.3408	SYNPCC7942_RS11290
M744_RS05020	261.2232	SYNPCC7942_RS11285
M744_RS05025	549.5491	SYNPCC7942_RS11280
M744_RS05030	414.7625	SYNPCC7942_RS11275
M744_RS05035	262.0068	SYNPCC7942_RS11270
M744_RS05040	483.7134	SYNPCC7942_RS11265
M744_RS05045	245.9968	SYNPCC7942_RS11260
M744_RS05050	266.8313	SYNPCC7942_RS11255
M744_RS05055	294.2647	SYNPCC7942_RS11250
M744_RS05060	670.5809	SYNPCC7942_RS11245
M744_RS05065	146.9425	SYNPCC7942_RS11240
M744_RS05070	358.0136	SYNPCC7942_RS11235
M744_RS05075	329.7806	SYNPCC7942_RS11230
M744_RS05080	1026.9896	SYNPCC7942_RS11225
M744_RS05085	298.8539	SYNPCC7942_RS11220
M744_RS05090	1420.4203	SYNPCC7942_RS11215
M744_RS05095	500.7932	SYNPCC7942_RS11210
M744_RS05100	226.1893	SYNPCC7942_RS11205
M744_RS05105	511.8771	SYNPCC7942_RS11200
M744_RS05110	72.2133	SYNPCC7942_RS11195
M744_RS05115	98.7607	SYNPCC7942_RS11190
M744_RS05120	151.0335	SYNPCC7942_RS11185
M744_RS05130	174.5566	SYNPCC7942_RS11175
M744_RS05135	189.0065	SYNPCC7942_RS11170
M744_RS05140	29.2783	SYNPCC7942_RS11165
M744_RS05145	53.1892	SYNPCC7942_RS11160
M744_RS05150	43.5560	SYNPCC7942_RS11155
M744_RS05155	46.3918	SYNPCC7942_RS11150
M744_RS05160	5.2443	SYNPCC7942_RS11145
M744_RS05165	90.5784	SYNPCC7942_RS11140
M744_RS05170	241.4338	SYNPCC7942_RS11135
M744_RS05175	16.3932	SYNPCC7942_RS11130
M744_RS05180	170.2413	SYNPCC7942_RS11125
M744_RS05185	163.2509	SYNPCC7942_RS11120
M744_RS05190	67.4775	SYNPCC7942_RS11115
M744_RS05195	27.0383	SYNPCC7942_RS11110
M744_RS05200	85.9738	SYNPCC7942_RS11105
M744_RS05205	84.0924	SYNPCC7942_RS11100
M744_RS05210	52.8309	SYNPCC7942_RS11095
M744_RS05215	4.5888	SYNPCC7942_RS11090
M744_RS05220	187.8966	SYNPCC7942_RS11085
M744_RS05225	927.2679	SYNPCC7942_RS11080
M744_RS05230	176.1172	SYNPCC7942_RS11075
M744_RS05235	91.8925	SYNPCC7942_RS11070
M744_RS05240	70.0557	SYNPCC7942_RS11065
M744_RS05245	25.3316	SYNPCC7942_RS11060
M744_RS05250	4499.7069	SYNPCC7942_RS11055
M744_RS05255	1651.5910	SYNPCC7942_RS11050
M744_RS05260	925.9769	SYNPCC7942_RS11045
M744_RS05265	691.1761	SYNPCC7942_RS11040
M744_RS05270	2349.6687	SYNPCC7942_RS11035
M744_RS05275	15.8922	SYNPCC7942_RS11030
M744_RS05280	395.0640	SYNPCC7942_RS11025
M744_RS05285	186.1387	SYNPCC7942_RS11020
M744_RS05290	7.8267	SYNPCC7942_RS11015
M744_RS05295	8.3037	SYNPCC7942_RS11010
M744_RS05300	11.7770	SYNPCC7942_RS11005
M744_RS05305	20.9307	SYNPCC7942_RS11000
M744_RS05310	44.6408	SYNPCC7942_RS10995
M744_RS05315	4.2908	SYNPCC7942_RS10990
M744_RS05320	44.4123	SYNPCC7942_RS10980
M744_RS05325	207.4268	SYNPCC7942_RS10975
M744_RS05330	25.2020	SYNPCC7942_RS10970
M744_RS05335	691.6375	SYNPCC7942_RS10965
M744_RS05345	1434.0096	SYNPCC7942_RS10955
M744_RS05350	40.0799	SYNPCC7942_RS10950
M744_RS05355	22.0888	SYNPCC7942_RS10945
M744_RS05360	17.7555	SYNPCC7942_RS10940
M744_RS05365	108.7916	SYNPCC7942_RS10935
M744_RS05370	153.9054	SYNPCC7942_RS10930
M744_RS05375	118.1859	SYNPCC7942_RS10925
M744_RS05380	429.6097	SYNPCC7942_RS10920
M744_RS05385	212.1764	SYNPCC7942_RS10915
M744_RS05395	22.9112	SYNPCC7942_RS10905
M744_RS05400	32.3291	SYNPCC7942_RS10900
M744_RS05405	23.0259	SYNPCC7942_RS10895
M744_RS05410	19.9284	SYNPCC7942_RS10890
M744_RS05420	655.3178	SYNPCC7942_RS10880
M744_RS05425	81.1906	SYNPCC7942_RS10875
M744_RS05430	60.4520	SYNPCC7942_RS10870
M744_RS05435	9.1378	SYNPCC7942_RS10860
M744_RS05440	32.4780	SYNPCC7942_RS10855
M744_RS05445	72.8136	SYNPCC7942_RS10850
M744_RS05450	86.7836	SYNPCC7942_RS10845
M744_RS05455	1467.7924	SYNPCC7942_RS10840
M744_RS05460	68.0604	SYNPCC7942_RS10835
M744_RS05465	31.6447	SYNPCC7942_RS10830
M744_RS05470	67.5162	SYNPCC7942_RS10825
M744_RS05475	64.0016	SYNPCC7942_RS10820
M744_RS05480	107.1723	SYNPCC7942_RS10815
M744_RS05485	16.5164	SYNPCC7942_RS10810
M744_RS05490	130.4515	SYNPCC7942_RS10805
M744_RS05495	59.1680	SYNPCC7942_RS10800
M744_RS05500	111.7343	SYNPCC7942_RS10795
M744_RS05505	147.4371	SYNPCC7942_RS10790
M744_RS05510	193.6261	SYNPCC7942_RS10785
M744_RS05515	148.1860	SYNPCC7942_RS10780
M744_RS05520	128.2367	SYNPCC7942_RS10775
M744_RS05525	25.3711	SYNPCC7942_RS10770
M744_RS05530	40.0580	SYNPCC7942_RS10765
M744_RS05535	259.1038	SYNPCC7942_RS10760
M744_RS05540	1093.8575	SYNPCC7942_RS10755
M744_RS05545	768.1126	SYNPCC7942_RS10750
M744_RS05550	2614.9576	SYNPCC7942_RS10745
M744_RS05555	303.3723	SYNPCC7942_RS10740
M744_RS05560	227.3232	SYNPCC7942_RS10735
M744_RS05565	33.6424	SYNPCC7942_RS10730
M744_RS05570	70.6273	SYNPCC7942_RS10725
M744_RS05580	166.2370	SYNPCC7942_RS10715
M744_RS05585	1309.9075	SYNPCC7942_RS10710
M744_RS05590	25.0004	SYNPCC7942_RS10705
M744_RS05595	14.4592	SYNPCC7942_RS10700
M744_RS05600	32.8406	SYNPCC7942_RS10695
M744_RS05605	243.1960	SYNPCC7942_RS10690
M744_RS05610	20.2500	SYNPCC7942_RS10685
M744_RS05615	58.1910	SYNPCC7942_RS10680
M744_RS05620	22.5667	SYNPCC7942_RS10675
M744_RS05625	25.5532	SYNPCC7942_RS10670
M744_RS05630	30.2805	SYNPCC7942_RS10665
M744_RS05640	8.3514	SYNPCC7942_RS10655
M744_RS05645	37.5000	SYNPCC7942_RS10650
M744_RS05650	68.3439	SYNPCC7942_RS10645
M744_RS05655	9.3662	SYNPCC7942_RS10640
M744_RS05660	10.4941	SYNPCC7942_RS10635
M744_RS05665	15.0765	SYNPCC7942_RS10630
M744_RS05670	216.7607	SYNPCC7942_RS10625
M744_RS05675	15.2282	SYNPCC7942_RS10620
M744_RS05680	15.9714	SYNPCC7942_RS10615
M744_RS05685	53.3811	SYNPCC7942_RS10610
M744_RS05690	56.4268	SYNPCC7942_RS10605
M744_RS05695	43.5268	SYNPCC7942_RS10600
M744_RS05700	189.0908	SYNPCC7942_RS10595
M744_RS05705	864.3753	SYNPCC7942_RS10590
M744_RS05710	88.3210	SYNPCC7942_RS10585
M744_RS05715	49.4137	SYNPCC7942_RS10580
M744_RS05720	35.5262	SYNPCC7942_RS10575
M744_RS05725	39.6994	SYNPCC7942_RS10570
M744_RS05730	84.3878	SYNPCC7942_RS10565
M744_RS05735	33.9896	SYNPCC7942_RS10560
M744_RS05740	4718.5828	SYNPCC7942_RS10555
M744_RS05750	808.4630	SYNPCC7942_RS10545
M744_RS05755	158.3481	SYNPCC7942_RS10540
M744_RS05760	92.0924	SYNPCC7942_RS10535
M744_RS05765	40.2950	SYNPCC7942_RS10530
M744_RS05770	43.7027	SYNPCC7942_RS10525
M744_RS05775	25.1190	SYNPCC7942_RS10520
M744_RS05780	246.8006	SYNPCC7942_RS10515
M744_RS05790	432.1777	SYNPCC7942_RS10505
M744_RS05795	632.6448	SYNPCC7942_RS10500
M744_RS05800	967.1808	SYNPCC7942_RS10495
M744_RS05805	636.1270	SYNPCC7942_RS10490
M744_RS05810	224.1786	SYNPCC7942_RS10485
M744_RS05815	59.2692	SYNPCC7942_RS10480
M744_RS05820	93.8059	SYNPCC7942_RS10475
M744_RS05825	122.8085	SYNPCC7942_RS10470
M744_RS05830	153.9812	SYNPCC7942_RS10465
M744_RS05835	72.8528	SYNPCC7942_RS10460
M744_RS05840	84.7269	SYNPCC7942_RS10455
M744_RS05845	23.8492	SYNPCC7942_RS10450
M744_RS05850	875.9778	SYNPCC7942_RS10445
M744_RS05855	26.2442	SYNPCC7942_RS10440
M744_RS05860	52.9463	SYNPCC7942_RS10435
M744_RS05865	213.9318	SYNPCC7942_RS10430
M744_RS05870	157.4720	SYNPCC7942_RS10425
M744_RS05875	93.1560	SYNPCC7942_RS10420
M744_RS05880	290.7772	SYNPCC7942_RS10415
M744_RS05885	26.9391	SYNPCC7942_RS10410
M744_RS05890	68.9222	SYNPCC7942_RS10405
M744_RS05895	129.2657	SYNPCC7942_RS10400
M744_RS05900	12384.5513	SYNPCC7942_RS10395
M744_RS05905	16688.0245	SYNPCC7942_RS10390
M744_RS05910	391.5017	SYNPCC7942_RS10385
M744_RS05915	39.9941	SYNPCC7942_RS10380
M744_RS05920	117.0699	SYNPCC7942_RS10375
M744_RS05925	353.8608	SYNPCC7942_RS10370
M744_RS05930	221.9590	SYNPCC7942_RS10365
M744_RS05935	12.2902	SYNPCC7942_RS10360
M744_RS05940	49.7597	SYNPCC7942_RS10355
M744_RS05945	5.2456	SYNPCC7942_RS10350
M744_RS05950	31.8669	SYNPCC7942_RS10345
M744_RS05955	117.5703	SYNPCC7942_RS10340
M744_RS05960	37.0050	SYNPCC7942_RS10335
M744_RS05965	44.4331	SYNPCC7942_RS10330
M744_RS05970	95.2749	SYNPCC7942_RS10325
M744_RS05975	20.3093	SYNPCC7942_RS10320
M744_RS05980	23.7480	SYNPCC7942_RS10315
M744_RS05985	36.1198	SYNPCC7942_RS10310
M744_RS05990	75.4607	SYNPCC7942_RS10305
M744_RS05995	1810.3097	SYNPCC7942_RS10300
M744_RS06000	284.4131	SYNPCC7942_RS10295
M744_RS06005	69.6199	SYNPCC7942_RS10290
M744_RS06010	18.6877	SYNPCC7942_RS10285
M744_RS06015	241.6101	SYNPCC7942_RS10280
M744_RS06020	35.9305	SYNPCC7942_RS10275
M744_RS06025	22.0706	SYNPCC7942_RS10270
M744_RS06030	84.0735	SYNPCC7942_RS10265
M744_RS06035	168.8260	SYNPCC7942_RS10260
M744_RS06040	13.6461	SYNPCC7942_RS10255
M744_RS06045	2739.1573	SYNPCC7942_RS10250
M744_RS06050	157.2635	SYNPCC7942_RS10245
M744_RS06055	37.5653	SYNPCC7942_RS10240
M744_RS06065	100.9241	SYNPCC7942_RS10230
M744_RS06070	115.4568	SYNPCC7942_RS10225
M744_RS06075	1386.0883	SYNPCC7942_RS10220
M744_RS06080	51.8820	SYNPCC7942_RS10215
M744_RS06085	11.3466	SYNPCC7942_RS10210
M744_RS06090	64.8571	SYNPCC7942_RS10205
M744_RS06095	115.0048	SYNPCC7942_RS10200
M744_RS06100	597.7231	SYNPCC7942_RS10195
M744_RS06105	102.5685	SYNPCC7942_RS10190
M744_RS06110	26.6253	SYNPCC7942_RS10185
M744_RS06115	78.3825	SYNPCC7942_RS10180
M744_RS06120	102.9418	SYNPCC7942_RS10175
M744_RS06125	38.9495	SYNPCC7942_RS10170
M744_RS06130	27.4829	SYNPCC7942_RS10165
M744_RS06135	31.9510	SYNPCC7942_RS10160
M744_RS06140	119.5344	SYNPCC7942_RS10155
M744_RS06145	25.8439	SYNPCC7942_RS10145
M744_RS06150	161.8973	SYNPCC7942_RS10140
M744_RS06155	1819.4291	SYNPCC7942_RS10135
M744_RS06160	17.6882	SYNPCC7942_RS10130
M744_RS06165	19.9806	SYNPCC7942_RS10125
M744_RS06170	130.3164	SYNPCC7942_RS10120
M744_RS06175	60.1044	SYNPCC7942_RS10115
M744_RS06180	24.8354	SYNPCC7942_RS10110
M744_RS06185	16.2742	SYNPCC7942_RS10105
M744_RS06190	27.7668	SYNPCC7942_RS10100
M744_RS06195	187.3180	SYNPCC7942_RS10095
M744_RS06200	20.2906	SYNPCC7942_RS10090
M744_RS06205	80.3756	SYNPCC7942_RS10085
M744_RS06210	52.3501	SYNPCC7942_RS10080
M744_RS06215	2295.9477	SYNPCC7942_RS10075
M744_RS06220	466.5090	SYNPCC7942_RS10070
M744_RS06225	64.2549	SYNPCC7942_RS10065
M744_RS06230	214.4675	SYNPCC7942_RS10060
M744_RS06235	232.9871	SYNPCC7942_RS10055
M744_RS06240	97.5835	SYNPCC7942_RS10050
M744_RS06245	20.7184	SYNPCC7942_RS10045
M744_RS06250	187.6533	SYNPCC7942_RS10040
M744_RS06255	23.6603	SYNPCC7942_RS10035
M744_RS06260	61.3195	SYNPCC7942_RS10030
M744_RS06265	964.9609	SYNPCC7942_RS10025
M744_RS06270	1912.7478	SYNPCC7942_RS10020
M744_RS06275	152.5248	SYNPCC7942_RS10015
M744_RS06280	90.8894	SYNPCC7942_RS10010
M744_RS06285	69.1379	SYNPCC7942_RS10005
M744_RS06290	56.1005	SYNPCC7942_RS10000
M744_RS06300	344.8732	SYNPCC7942_RS09990
M744_RS06305	103.4795	SYNPCC7942_RS09985
M744_RS06310	37.3294	SYNPCC7942_RS09980
M744_RS06315	33.8463	SYNPCC7942_RS09975
M744_RS06320	135.3962	SYNPCC7942_RS09970
M744_RS06325	128.5186	SYNPCC7942_RS09965
M744_RS06330	55.6186	SYNPCC7942_RS09960
M744_RS06335	41.4260	SYNPCC7942_RS09955
M744_RS06340	15.8307	SYNPCC7942_RS09950
M744_RS06345	66.3178	SYNPCC7942_RS09945
M744_RS06350	105.9776	SYNPCC7942_RS09940
M744_RS06355	112.8350	SYNPCC7942_RS09935
M744_RS06360	33.8389	SYNPCC7942_RS09930
M744_RS06365	532.1995	SYNPCC7942_RS09925
M744_RS06375	21.6230	SYNPCC7942_RS09915
M744_RS06380	43.1831	SYNPCC7942_RS09910
M744_RS06390	43.8503	SYNPCC7942_RS09900
M744_RS06395	215.1899	SYNPCC7942_RS09895
M744_RS06400	440.1761	SYNPCC7942_RS09890
M744_RS06405	47.2305	SYNPCC7942_RS09885
M744_RS06410	363.1491	SYNPCC7942_RS09880
M744_RS06415	20.7065	SYNPCC7942_RS09875
M744_RS06420	83.7639	SYNPCC7942_RS09870
M744_RS06425	356.5611	SYNPCC7942_RS09865
M744_RS06430	179.9106	SYNPCC7942_RS09860
M744_RS06435	89.0425	SYNPCC7942_RS09855
M744_RS06440	11.3749	SYNPCC7942_RS09850
M744_RS06445	28.0437	SYNPCC7942_RS09845
M744_RS06450	5.2825	SYNPCC7942_RS09840
M744_RS06455	8.1803	SYNPCC7942_RS09835
M744_RS06460	275.9769	SYNPCC7942_RS09830
M744_RS06465	89.7470	SYNPCC7942_RS09825
M744_RS06470	79.2745	SYNPCC7942_RS09820
M744_RS06475	125.4255	SYNPCC7942_RS09815
M744_RS06480	97.7826	SYNPCC7942_RS09810
M744_RS06485	56.5735	SYNPCC7942_RS09805
M744_RS06490	86.7865	SYNPCC7942_RS09800
M744_RS06495	165.1397	SYNPCC7942_RS09795
M744_RS06500	315.3558	SYNPCC7942_RS09790
M744_RS06505	50.8788	SYNPCC7942_RS09785
M744_RS06510	16.3943	SYNPCC7942_RS09780
M744_RS06515	21.9445	SYNPCC7942_RS09775
M744_RS06520	45.1722	SYNPCC7942_RS09770
M744_RS06525	54.6953	SYNPCC7942_RS09765
M744_RS06530	705.9345	SYNPCC7942_RS09760
M744_RS06535	466.2441	SYNPCC7942_RS09755
M744_RS06540	23.0695	SYNPCC7942_RS09750
M744_RS06545	334.0944	SYNPCC7942_RS09745
M744_RS06550	122.1021	SYNPCC7942_RS09740
M744_RS06555	55.9093	SYNPCC7942_RS09735
M744_RS06560	35.8171	SYNPCC7942_RS09730
M744_RS06565	59.6992	SYNPCC7942_RS09725
M744_RS06575	556.7077	SYNPCC7942_RS09715
M744_RS06580	68.1717	SYNPCC7942_RS09710
M744_RS06585	349.3194	SYNPCC7942_RS09705
M744_RS06590	94.6150	SYNPCC7942_RS09700
M744_RS06595	462.1692	SYNPCC7942_RS09690
M744_RS06600	37.1153	SYNPCC7942_RS09685
M744_RS06605	38.0374	SYNPCC7942_RS09680
M744_RS06610	136.9321	SYNPCC7942_RS09675
M744_RS06615	1438.5992	SYNPCC7942_RS09670
M744_RS06620	155.7713	SYNPCC7942_RS09665
M744_RS06625	461.9319	SYNPCC7942_RS09660
M744_RS06630	377.0326	SYNPCC7942_RS09655
M744_RS06635	162.2028	SYNPCC7942_RS09650
M744_RS06640	63.4714	SYNPCC7942_RS09645
M744_RS06645	42.6117	SYNPCC7942_RS09640
M744_RS06650	59.4669	SYNPCC7942_RS09635
M744_RS06655	12.8232	SYNPCC7942_RS09630
M744_RS06660	414.6743	SYNPCC7942_RS09625
M744_RS06665	36.8713	SYNPCC7942_RS09620
M744_RS06670	66.3034	SYNPCC7942_RS09615
M744_RS06675	182.3831	SYNPCC7942_RS09610
M744_RS06680	44.3822	SYNPCC7942_RS09605
M744_RS06685	21.2262	SYNPCC7942_RS09600
M744_RS06690	51.8370	SYNPCC7942_RS09595
M744_RS06695	205.1713	SYNPCC7942_RS09590
M744_RS06700	602.6320	SYNPCC7942_RS09585
M744_RS06705	230.5062	SYNPCC7942_RS09580
M744_RS06710	36.2063	SYNPCC7942_RS09575
M744_RS06715	21.5913	SYNPCC7942_RS09570
M744_RS06720	64.3383	SYNPCC7942_RS09565
M744_RS06725	39.4511	SYNPCC7942_RS09560
M744_RS06730	23.2506	SYNPCC7942_RS09555
M744_RS06735	73.1240	SYNPCC7942_RS09550
M744_RS06740	586.0000	SYNPCC7942_RS09545
M744_RS06745	42.1501	SYNPCC7942_RS09540
M744_RS06750	34.8083	SYNPCC7942_RS09535
M744_RS06755	82.8428	SYNPCC7942_RS09530
M744_RS06760	60.1902	SYNPCC7942_RS09525
M744_RS06765	162.3159	SYNPCC7942_RS09520
M744_RS06770	37.5135	SYNPCC7942_RS09515
M744_RS06775	118.1563	SYNPCC7942_RS09510
M744_RS06780	23.4005	SYNPCC7942_RS09505
M744_RS06785	47.3370	SYNPCC7942_RS09500
M744_RS06790	27.8556	SYNPCC7942_RS09495
M744_RS06795	91.5575	SYNPCC7942_RS13800
M744_RS06800	420.4748	SYNPCC7942_RS09490
M744_RS06805	1361.4497	SYNPCC7942_RS09485
M744_RS06810	7.1351	SYNPCC7942_RS09480
M744_RS06815	5.7664	SYNPCC7942_RS09475
M744_RS06820	28.3389	SYNPCC7942_RS09470
M744_RS06825	96.5094	SYNPCC7942_RS09465
M744_RS06830	18.3221	SYNPCC7942_RS09460
M744_RS06835	49.4374	SYNPCC7942_RS09455
M744_RS06840	79.0768	SYNPCC7942_RS09450
M744_RS06845	505.9118	SYNPCC7942_RS09445
M744_RS06850	39.3019	SYNPCC7942_RS09440
M744_RS06855	121.4126	SYNPCC7942_RS09435
M744_RS06860	179.9438	SYNPCC7942_RS09430
M744_RS06865	1114.9439	SYNPCC7942_RS09425
M744_RS06870	40.3882	SYNPCC7942_RS09420
M744_RS06875	13.6934	SYNPCC7942_RS09415
M744_RS06880	12.3436	SYNPCC7942_RS09410
M744_RS06885	29.9648	SYNPCC7942_RS09405
M744_RS06890	30.7612	SYNPCC7942_RS09400
M744_RS06895	53.4003	SYNPCC7942_RS09395
M744_RS06900	110.4155	SYNPCC7942_RS09390
M744_RS06905	21.8990	SYNPCC7942_RS09385
M744_RS06910	1470.5648	SYNPCC7942_RS09380
M744_RS06920	314.9354	SYNPCC7942_RS09375
M744_RS06925	328.4149	SYNPCC7942_RS09370
M744_RS06930	1302.7998	SYNPCC7942_RS09365
M744_RS06935	106.6123	SYNPCC7942_RS09360
M744_RS06940	66.4271	SYNPCC7942_RS09355
M744_RS06945	12.0813	SYNPCC7942_RS09350
M744_RS06950	65.7915	SYNPCC7942_RS09345
M744_RS06955	71.6924	SYNPCC7942_RS09340
M744_RS06960	19.8092	SYNPCC7942_RS09335
M744_RS06965	59.1592	SYNPCC7942_RS09330
M744_RS06970	1098.1433	SYNPCC7942_RS09325
M744_RS06975	208.5926	SYNPCC7942_RS09320
M744_RS06980	176.9991	SYNPCC7942_RS09315
M744_RS06985	46.4273	SYNPCC7942_RS09310
M744_RS06990	34.1975	SYNPCC7942_RS09305
M744_RS06995	45.8916	SYNPCC7942_RS09300
M744_RS07000	116.6059	SYNPCC7942_RS09295
M744_RS07005	756.4409	SYNPCC7942_RS09290
M744_RS07010	927.9491	SYNPCC7942_RS09285
M744_RS07015	123.2026	SYNPCC7942_RS09280
M744_RS07020	62.0405	SYNPCC7942_RS09275
M744_RS07025	229.1498	SYNPCC7942_RS09270
M744_RS07030	80.9212	SYNPCC7942_RS09265
M744_RS07035	12.5914	SYNPCC7942_RS09260
M744_RS07040	81.5912	SYNPCC7942_RS09255
M744_RS07045	109.2554	SYNPCC7942_RS09250
M744_RS07050	398.2296	SYNPCC7942_RS09245
M744_RS07055	3993.9497	SYNPCC7942_RS09240
M744_RS07060	17.9028	SYNPCC7942_RS09235
M744_RS07065	4.8980	SYNPCC7942_RS09230
M744_RS07070	18.5733	SYNPCC7942_RS09225
M744_RS07075	112.4835	SYNPCC7942_RS09220
M744_RS07080	29.1303	SYNPCC7942_RS09215
M744_RS07085	20.7456	SYNPCC7942_RS09210
M744_RS07090	496.4531	SYNPCC7942_RS09205
M744_RS07095	222.7237	SYNPCC7942_RS09200
M744_RS07100	284.1839	SYNPCC7942_RS09195
M744_RS07105	739.8497	SYNPCC7942_RS09190
M744_RS07110	7.7027	SYNPCC7942_RS09185
M744_RS07115	6.3397	SYNPCC7942_RS09180
M744_RS07120	44.1229	SYNPCC7942_RS09175
M744_RS07125	6.7797	SYNPCC7942_RS09170
M744_RS07130	53.0713	SYNPCC7942_RS09165
M744_RS07135	112.3309	SYNPCC7942_RS09160
M744_RS07140	50.5565	SYNPCC7942_RS09155
M744_RS07145	23.8047	SYNPCC7942_RS09150
M744_RS07150	1237.9656	SYNPCC7942_RS09145
M744_RS07155	80.1673	SYNPCC7942_RS09140
M744_RS07160	83.5871	SYNPCC7942_RS09135
M744_RS07165	448.3522	SYNPCC7942_RS09130
M744_RS07170	20.9951	SYNPCC7942_RS09125
M744_RS07175	47.0967	SYNPCC7942_RS09120
M744_RS07180	47.5767	SYNPCC7942_RS09115
M744_RS07185	43.2090	SYNPCC7942_RS09110
M744_RS07190	619.3696	SYNPCC7942_RS09105
M744_RS07195	88.9284	SYNPCC7942_RS09100
M744_RS07200	10.4680	SYNPCC7942_RS09095
M744_RS07205	126.9724	SYNPCC7942_RS09090
M744_RS07210	316.9801	SYNPCC7942_RS09085
M744_RS07215	108.1367	SYNPCC7942_RS09080
M744_RS07220	110.4383	SYNPCC7942_RS09075
M744_RS07225	135.6628	SYNPCC7942_RS09070
M744_RS07235	278.3023	SYNPCC7942_RS09060
M744_RS07240	965.2481	SYNPCC7942_RS09055
M744_RS07245	23.6959	SYNPCC7942_RS09050
M744_RS07250	110.2850	SYNPCC7942_RS09045
M744_RS07255	30.3136	SYNPCC7942_RS09040
M744_RS07260	117.4260	SYNPCC7942_RS09035
M744_RS07265	39.0095	SYNPCC7942_RS09030
M744_RS07270	17.4871	SYNPCC7942_RS09025
M744_RS07275	36.0211	SYNPCC7942_RS09020
M744_RS07280	333.8108	SYNPCC7942_RS09015
M744_RS07285	30.3309	SYNPCC7942_RS09010
M744_RS07290	369.6498	SYNPCC7942_RS09005
M744_RS07295	396.0360	SYNPCC7942_RS09000
M744_RS07300	9.8425	SYNPCC7942_RS08995
M744_RS07305	17.3498	SYNPCC7942_RS08990
M744_RS07310	38.2424	SYNPCC7942_RS08985
M744_RS07315	84.9469	SYNPCC7942_RS08980
M744_RS07320	40.4113	SYNPCC7942_RS08975
M744_RS07325	43.9793	SYNPCC7942_RS08970
M744_RS07330	30.1814	SYNPCC7942_RS08965
M744_RS07335	49.7578	SYNPCC7942_RS08960
M744_RS07340	269.4354	SYNPCC7942_RS08955
M744_RS07345	250.6944	SYNPCC7942_RS08950
M744_RS07350	87.7801	SYNPCC7942_RS08945
M744_RS07360	285.6795	SYNPCC7942_RS08935
M744_RS07365	1913.5490	SYNPCC7942_RS08930
M744_RS07370	169.9181	SYNPCC7942_RS08925
M744_RS07375	9.9871	SYNPCC7942_RS08920
M744_RS07380	154.0821	SYNPCC7942_RS08915
M744_RS07385	638.4846	SYNPCC7942_RS08910
M744_RS07390	495.2162	SYNPCC7942_RS08905
M744_RS07395	187.5093	SYNPCC7942_RS08900
M744_RS07400	43.8027	SYNPCC7942_RS08895
M744_RS07405	154.1138	SYNPCC7942_RS08890
M744_RS07410	1485.4190	SYNPCC7942_RS08885
M744_RS07415	23.9084	SYNPCC7942_RS08880
M744_RS07420	14.6829	SYNPCC7942_RS08875
M744_RS07425	213.4744	SYNPCC7942_RS08870
M744_RS07430	899.1733	SYNPCC7942_RS08865
M744_RS07435	165.9092	SYNPCC7942_RS08860
M744_RS07440	37.3067	SYNPCC7942_RS08855
M744_RS07445	60.4678	SYNPCC7942_RS08850
M744_RS07450	445.0761	SYNPCC7942_RS08845
M744_RS07455	551.3073	SYNPCC7942_RS08840
M744_RS07460	285.2749	SYNPCC7942_RS08835
M744_RS07465	427.2178	SYNPCC7942_RS08830
M744_RS07470	429.9120	SYNPCC7942_RS08825
M744_RS07475	141.4943	SYNPCC7942_RS08820
M744_RS07480	24.9789	SYNPCC7942_RS08815
M744_RS07485	14.3702	SYNPCC7942_RS08810
M744_RS07490	55.1664	SYNPCC7942_RS08805
M744_RS07495	36.7811	SYNPCC7942_RS08800
M744_RS07500	33.1663	SYNPCC7942_RS08795
M744_RS07505	16.1725	SYNPCC7942_RS08790
M744_RS07510	27.6910	SYNPCC7942_RS08785
M744_RS07515	101.4074	SYNPCC7942_RS08780
M744_RS07520	85.1916	SYNPCC7942_RS08775
M744_RS07525	54.4305	SYNPCC7942_RS08770
M744_RS07530	38.7020	SYNPCC7942_RS08765
M744_RS07540	91.3605	SYNPCC7942_RS08760
M744_RS07545	70.8925	SYNPCC7942_RS08755
M744_RS07550	78.9906	SYNPCC7942_RS08750
M744_RS07555	327.2172	SYNPCC7942_RS08745
M744_RS07560	70.9925	SYNPCC7942_RS08740
M744_RS07565	103.4431	SYNPCC7942_RS08735
M744_RS07570	602.3850	SYNPCC7942_RS08730
M744_RS07575	29.1237	SYNPCC7942_RS08725
M744_RS07580	12.3209	SYNPCC7942_RS08720
M744_RS07585	44.8735	SYNPCC7942_RS08715
M744_RS07590	4.9086	SYNPCC7942_RS08710
M744_RS07595	126.3504	SYNPCC7942_RS08705
M744_RS07600	276.4506	SYNPCC7942_RS08700
M744_RS07605	47.9681	SYNPCC7942_RS08695
M744_RS07610	34.2732	SYNPCC7942_RS08690
M744_RS07615	32.9674	SYNPCC7942_RS08685
M744_RS07620	118.8195	SYNPCC7942_RS08680
M744_RS07625	106.4469	SYNPCC7942_RS08675
M744_RS07630	224.9523	SYNPCC7942_RS08670
M744_RS07635	81.2724	SYNPCC7942_RS08660
M744_RS07640	12.7572	SYNPCC7942_RS08655
M744_RS07645	29.7775	SYNPCC7942_RS08650
M744_RS07650	49.1005	SYNPCC7942_RS08645
M744_RS07655	13.9170	SYNPCC7942_RS08640
M744_RS07660	153.3161	SYNPCC7942_RS08635
M744_RS07665	43.8953	SYNPCC7942_RS08630
M744_RS07670	86.7434	SYNPCC7942_RS08625
M744_RS07675	15.8029	SYNPCC7942_RS08620
M744_RS07680	15.2944	SYNPCC7942_RS08615
M744_RS07685	25.5871	SYNPCC7942_RS08610
M744_RS07690	22.0917	SYNPCC7942_RS08605
M744_RS07695	3.8333	SYNPCC7942_RS08600
M744_RS07700	6.5010	SYNPCC7942_RS08595
M744_RS07705	11.1247	SYNPCC7942_RS08590
M744_RS07710	69.9943	SYNPCC7942_RS08585
M744_RS07715	59.2921	SYNPCC7942_RS08580
M744_RS07720	7.6519	SYNPCC7942_RS08575
M744_RS07725	25.2702	SYNPCC7942_RS08570
M744_RS07730	55.7507	SYNPCC7942_RS08565
M744_RS07735	88.2577	SYNPCC7942_RS08560
M744_RS07740	314.3436	SYNPCC7942_RS08555
M744_RS07745	338.3921	SYNPCC7942_RS08550
M744_RS07750	140.3455	SYNPCC7942_RS08545
M744_RS07755	70.6978	SYNPCC7942_RS08540
M744_RS07760	100.7282	SYNPCC7942_RS08535
M744_RS07765	725.2440	SYNPCC7942_RS08530
M744_RS07770	83.8200	SYNPCC7942_RS08525
M744_RS07775	108.5726	SYNPCC7942_RS08520
M744_RS07780	57.7229	SYNPCC7942_RS08515
M744_RS07785	150.0235	SYNPCC7942_RS08510
M744_RS07790	249.6032	SYNPCC7942_RS08505
M744_RS07795	42.2693	SYNPCC7942_RS08500
M744_RS07800	97.5404	SYNPCC7942_RS08495
M744_RS07805	36.7562	SYNPCC7942_RS08490
M744_RS07810	19.5352	SYNPCC7942_RS08485
M744_RS07820	93.3028	SYNPCC7942_RS08475
M744_RS07825	1016.1164	SYNPCC7942_RS08470
M744_RS07830	35.9271	SYNPCC7942_RS08465
M744_RS07835	126.0242	SYNPCC7942_RS08460
M744_RS07840	37.1171	SYNPCC7942_RS08455
M744_RS07845	52.2473	SYNPCC7942_RS08450
M744_RS07850	559.4094	SYNPCC7942_RS08445
M744_RS07855	7.2473	SYNPCC7942_RS08440
M744_RS07860	7.9891	SYNPCC7942_RS08435
M744_RS07865	225.7266	SYNPCC7942_RS08430
M744_RS07870	53.2471	SYNPCC7942_RS08425
M744_RS07875	77.7663	SYNPCC7942_RS08420
M744_RS07880	153.3488	SYNPCC7942_RS08415
M744_RS07885	33.5244	SYNPCC7942_RS08410
M744_RS07890	33.8965	SYNPCC7942_RS08405
M744_RS07895	64.7193	SYNPCC7942_RS08400
M744_RS07905	58.4550	SYNPCC7942_RS08390
M744_RS07910	77.0739	SYNPCC7942_RS08385
M744_RS07915	243.8777	SYNPCC7942_RS08380
M744_RS07920	51.9857	SYNPCC7942_RS08375
M744_RS07925	105.9389	SYNPCC7942_RS08370
M744_RS07930	43.9876	SYNPCC7942_RS08365
M744_RS07935	17.9483	SYNPCC7942_RS08360
M744_RS07940	180.7567	SYNPCC7942_RS08355
M744_RS07950	172.5901	SYNPCC7942_RS08345
M744_RS07960	2429.7051	SYNPCC7942_RS07490
M744_RS07965	47.2037	SYNPCC7942_RS07495
M744_RS07970	226.5768	SYNPCC7942_RS07500
M744_RS07975	33.6309	SYNPCC7942_RS07505
M744_RS07980	33.6630	SYNPCC7942_RS07510
M744_RS07985	18.6901	SYNPCC7942_RS07515
M744_RS07990	12.3644	SYNPCC7942_RS07520
M744_RS07995	9.0142	SYNPCC7942_RS07525
M744_RS08000	30.0189	SYNPCC7942_RS07530
M744_RS08005	5.3750	SYNPCC7942_RS07535
M744_RS08010	12.9100	SYNPCC7942_RS07540
M744_RS08015	5.2123	SYNPCC7942_RS07545
M744_RS08020	28.5499	SYNPCC7942_RS07550
M744_RS08025	84.5654	SYNPCC7942_RS07555
M744_RS08030	99.6930	SYNPCC7942_RS07560
M744_RS08035	19.5663	SYNPCC7942_RS07565
M744_RS08040	127.2705	SYNPCC7942_RS07570
M744_RS08045	65.8083	SYNPCC7942_RS07575
M744_RS08050	12.8608	SYNPCC7942_RS07580
M744_RS08055	146.2202	SYNPCC7942_RS07585
M744_RS08060	17.6060	SYNPCC7942_RS07590
M744_RS08065	39.3485	SYNPCC7942_RS07595
M744_RS08070	320.8280	SYNPCC7942_RS07600
M744_RS08075	17.3260	SYNPCC7942_RS07605
M744_RS08080	7.7831	SYNPCC7942_RS07610
M744_RS08085	43.4554	SYNPCC7942_RS07615
M744_RS08090	31.4276	SYNPCC7942_RS07620
M744_RS08095	20.0941	SYNPCC7942_RS07625
M744_RS08100	32.8389	SYNPCC7942_RS07630
M744_RS08105	46.5487	SYNPCC7942_RS07635
M744_RS08110	25.5746	SYNPCC7942_RS07640
M744_RS08115	167.2696	SYNPCC7942_RS07645
M744_RS08120	113.9041	SYNPCC7942_RS07650
M744_RS08125	36.0882	SYNPCC7942_RS07655
M744_RS08130	576.2008	SYNPCC7942_RS07660
M744_RS08135	108.8729	SYNPCC7942_RS07665
M744_RS08140	406.3796	SYNPCC7942_RS07670
M744_RS08145	21.9372	SYNPCC7942_RS07675
M744_RS08150	29.5620	SYNPCC7942_RS07680
M744_RS08155	75.2349	SYNPCC7942_RS07685
M744_RS08160	241.1970	SYNPCC7942_RS07690
M744_RS08165	1172.9724	SYNPCC7942_RS07695
M744_RS08175	74.0506	SYNPCC7942_RS07705
M744_RS08180	76.1457	SYNPCC7942_RS07710
M744_RS08185	264.7699	SYNPCC7942_RS07715
M744_RS08190	68.0729	SYNPCC7942_RS07720
M744_RS08195	71.0940	SYNPCC7942_RS07725
M744_RS08200	97.3398	SYNPCC7942_RS07730
M744_RS08205	138.1171	SYNPCC7942_RS07735
M744_RS08210	29.5534	SYNPCC7942_RS07740
M744_RS08215	275.7418	SYNPCC7942_RS07745
M744_RS08220	41.3525	SYNPCC7942_RS07750
M744_RS08225	113.1150	SYNPCC7942_RS07755
M744_RS08230	61.3822	SYNPCC7942_RS07760
M744_RS08235	378.3690	SYNPCC7942_RS07765
M744_RS08240	512.4611	SYNPCC7942_RS07770
M744_RS08245	226.5797	SYNPCC7942_RS07775
M744_RS08265	1683.7935	SYNPCC7942_RS07795
M744_RS08270	23.5310	SYNPCC7942_RS07800
M744_RS08275	186.5148	SYNPCC7942_RS07805
M744_RS08280	42.7154	SYNPCC7942_RS07810
M744_RS08285	14.0583	SYNPCC7942_RS07815
M744_RS08290	7.6093	SYNPCC7942_RS07820
M744_RS08295	31.0690	SYNPCC7942_RS07825
M744_RS08300	9.5429	SYNPCC7942_RS07830
M744_RS08305	93.1177	SYNPCC7942_RS07835
M744_RS08310	85.9389	SYNPCC7942_RS07840
M744_RS08315	41.1478	SYNPCC7942_RS07845
M744_RS08320	49.2634	SYNPCC7942_RS07850
M744_RS08325	66.3877	SYNPCC7942_RS07860
M744_RS08330	1254.2417	SYNPCC7942_RS07865
M744_RS08335	17597.9534	SYNPCC7942_RS07870
M744_RS08340	20.8519	SYNPCC7942_RS07875
M744_RS08345	5.1076	SYNPCC7942_RS07880
M744_RS08350	21.5070	SYNPCC7942_RS07885
M744_RS08355	6.7537	SYNPCC7942_RS07890
M744_RS08360	116.9340	SYNPCC7942_RS07895
M744_RS08365	27.0689	SYNPCC7942_RS07900
M744_RS08370	52.1589	SYNPCC7942_RS07905
M744_RS08375	68.1736	SYNPCC7942_RS07910
M744_RS08380	227.4537	SYNPCC7942_RS07915
M744_RS08385	33.8263	SYNPCC7942_RS07920
M744_RS08390	361.6036	SYNPCC7942_RS07925
M744_RS08395	368.1968	SYNPCC7942_RS07930
M744_RS08400	455.6217	SYNPCC7942_RS07935
M744_RS08405	1462.4620	SYNPCC7942_RS07940
M744_RS08410	15.8615	SYNPCC7942_RS07945
M744_RS08415	36.4290	SYNPCC7942_RS07950
M744_RS08420	66.5708	SYNPCC7942_RS07955
M744_RS08430	30.7824	SYNPCC7942_RS07965
M744_RS08435	38.1899	SYNPCC7942_RS07970
M744_RS08440	4.1323	SYNPCC7942_RS07975
M744_RS08450	11.6845	SYNPCC7942_RS07980
M744_RS08455	5.5575	SYNPCC7942_RS07985
M744_RS08465	20.8799	SYNPCC7942_RS07995
M744_RS08470	119.8856	SYNPCC7942_RS08000
M744_RS08475	200.2196	SYNPCC7942_RS08005
M744_RS08480	29.2076	SYNPCC7942_RS08010
M744_RS08485	76.5495	SYNPCC7942_RS08015
M744_RS08490	213.5027	SYNPCC7942_RS08020
M744_RS08495	36.7469	SYNPCC7942_RS08025
M744_RS08500	173.3038	SYNPCC7942_RS08030
M744_RS08505	162.8855	SYNPCC7942_RS08035
M744_RS08510	150.4857	SYNPCC7942_RS08040
M744_RS08515	47.0238	SYNPCC7942_RS08045
M744_RS08520	33.3675	SYNPCC7942_RS08050
M744_RS08525	86.5368	SYNPCC7942_RS08055
M744_RS08530	174.0207	SYNPCC7942_RS08060
M744_RS08535	24.1554	SYNPCC7942_RS08065
M744_RS08540	32.4971	SYNPCC7942_RS08070
M744_RS08545	50.8523	SYNPCC7942_RS08075
M744_RS08550	46.4502	SYNPCC7942_RS08080
M744_RS08555	9.7753	SYNPCC7942_RS08085
M744_RS08560	81.0260	SYNPCC7942_RS08090
M744_RS08565	56.0872	SYNPCC7942_RS08095
M744_RS08570	230.5280	SYNPCC7942_RS08100
M744_RS08575	338.3449	SYNPCC7942_RS08105
M744_RS08580	152.6877	SYNPCC7942_RS08110
M744_RS08585	40.1087	SYNPCC7942_RS08115
M744_RS08590	125.3272	SYNPCC7942_RS08120
M744_RS08595	233.5306	SYNPCC7942_RS08125
M744_RS08600	14.2343	SYNPCC7942_RS08130
M744_RS08605	544.6448	SYNPCC7942_RS08135
M744_RS08610	295.2655	SYNPCC7942_RS08140
M744_RS08615	239.8472	SYNPCC7942_RS08145
M744_RS08620	128.0421	SYNPCC7942_RS08150
M744_RS08625	203.9635	SYNPCC7942_RS08155
M744_RS08630	89.2422	SYNPCC7942_RS08160
M744_RS08635	210.0889	SYNPCC7942_RS08165
M744_RS08640	27.5706	SYNPCC7942_RS08170
M744_RS08645	12.3118	SYNPCC7942_RS08175
M744_RS08650	151.3995	SYNPCC7942_RS08180
M744_RS08655	55.2728	SYNPCC7942_RS08185
M744_RS08660	11.0232	SYNPCC7942_RS08190
M744_RS08665	79.5349	SYNPCC7942_RS08195
M744_RS08670	3851.6460	SYNPCC7942_RS08200
M744_RS08675	130.6082	SYNPCC7942_RS08205
M744_RS08680	336.0150	SYNPCC7942_RS08210
M744_RS08685	1967.7182	SYNPCC7942_RS08215
M744_RS08690	123.3507	SYNPCC7942_RS08220
M744_RS08695	2567.6625	SYNPCC7942_RS08225
M744_RS08700	1149.4248	SYNPCC7942_RS08230
M744_RS08705	231.0060	SYNPCC7942_RS08235
M744_RS08710	49.3865	SYNPCC7942_RS08240
M744_RS08715	625.0434	SYNPCC7942_RS08245
M744_RS08720	556.6436	SYNPCC7942_RS08250
M744_RS08725	102.8808	SYNPCC7942_RS08255
M744_RS08730	51.3870	SYNPCC7942_RS08260
M744_RS08735	65.7456	SYNPCC7942_RS08265
M744_RS08740	362.7140	SYNPCC7942_RS08270
M744_RS08745	346.0553	SYNPCC7942_RS08275
M744_RS08750	24.5125	SYNPCC7942_RS08280
M744_RS08755	46.1129	SYNPCC7942_RS08285
M744_RS08760	29.7370	SYNPCC7942_RS08290
M744_RS08765	108.2503	SYNPCC7942_RS08295
M744_RS08770	232.2815	SYNPCC7942_RS08300
M744_RS08775	114.4026	SYNPCC7942_RS08305
M744_RS08780	7.9698	SYNPCC7942_RS08310
M744_RS08785	70.2081	SYNPCC7942_RS08315
M744_RS08790	140.6058	SYNPCC7942_RS08320
M744_RS08795	23.7998	SYNPCC7942_RS08325
M744_RS08800	50.0955	SYNPCC7942_RS08330
M744_RS08805	82.5420	SYNPCC7942_RS08335
M744_RS08815	1289.7022	SYNPCC7942_RS07480
M744_RS08820	1113.5696	SYNPCC7942_RS07475
M744_RS08825	185.2490	SYNPCC7942_RS07470
M744_RS08830	96.7762	SYNPCC7942_RS07465
M744_RS08835	41.5212	SYNPCC7942_RS07460
M744_RS08840	24.5512	SYNPCC7942_RS07455
M744_RS08845	34.6067	SYNPCC7942_RS07450
M744_RS08850	67.5229	SYNPCC7942_RS07445
M744_RS08855	226.8405	SYNPCC7942_RS07440
M744_RS08860	174.4042	SYNPCC7942_RS07435
M744_RS08865	76.9750	SYNPCC7942_RS07430
M744_RS08870	119.6244	SYNPCC7942_RS07425
M744_RS08875	39.6989	SYNPCC7942_RS07420
M744_RS08880	105.9718	SYNPCC7942_RS07415
M744_RS08885	257.7762	SYNPCC7942_RS07410
M744_RS08890	76.8198	SYNPCC7942_RS07405
M744_RS08895	333.3767	SYNPCC7942_RS07400
M744_RS08900	147.2096	SYNPCC7942_RS07395
M744_RS08910	3055.8408	SYNPCC7942_RS07385
M744_RS08920	11.1377	SYNPCC7942_RS07375
M744_RS08930	9.7753	SYNPCC7942_RS07370
M744_RS08935	19.2386	SYNPCC7942_RS07365
M744_RS08940	1445.7350	SYNPCC7942_RS07360
M744_RS08945	508.1962	SYNPCC7942_RS07355
M744_RS08950	143.3369	SYNPCC7942_RS07350
M744_RS08955	15.3872	SYNPCC7942_RS07345
M744_RS08960	54.9223	SYNPCC7942_RS07340
M744_RS08965	457.4136	SYNPCC7942_RS07335
M744_RS08970	64.6663	SYNPCC7942_RS07330
M744_RS08975	329.1327	SYNPCC7942_RS07325
M744_RS08980	420.7945	SYNPCC7942_RS07320
M744_RS08985	168.5146	SYNPCC7942_RS07315
M744_RS08990	117.7823	SYNPCC7942_RS07310
M744_RS08995	26.6251	SYNPCC7942_RS07305
M744_RS09000	697.3791	SYNPCC7942_RS07300
M744_RS09005	2906.5035	SYNPCC7942_RS07295
M744_RS09010	221.5584	SYNPCC7942_RS07290
M744_RS09015	29.9154	SYNPCC7942_RS07285
M744_RS09020	318.3749	SYNPCC7942_RS07280
M744_RS09025	88.0277	SYNPCC7942_RS07275
M744_RS09030	621.4587	SYNPCC7942_RS07270
M744_RS09035	310.9799	SYNPCC7942_RS07265
M744_RS09040	377.6108	SYNPCC7942_RS07260
M744_RS09045	7.5137	SYNPCC7942_RS07255
M744_RS09050	82.1377	SYNPCC7942_RS07250
M744_RS09055	739.2544	SYNPCC7942_RS07245
M744_RS09060	647.5277	SYNPCC7942_RS07240
M744_RS09065	166.4060	SYNPCC7942_RS07235
M744_RS09070	23.5854	SYNPCC7942_RS07230
M744_RS09075	554.7444	SYNPCC7942_RS07225
M744_RS09080	202.1288	SYNPCC7942_RS07220
M744_RS09085	2182.1096	SYNPCC7942_RS07215
M744_RS09090	320.8139	SYNPCC7942_RS07210
M744_RS09095	21.4018	SYNPCC7942_RS07205
M744_RS09100	432.1873	SYNPCC7942_RS07200
M744_RS09105	420.5244	SYNPCC7942_RS07195
M744_RS09110	59.2733	SYNPCC7942_RS07190
M744_RS09115	29.4588	SYNPCC7942_RS07185
M744_RS09120	29.9386	SYNPCC7942_RS07180
M744_RS09125	131.7634	SYNPCC7942_RS07175
M744_RS09130	99.6727	SYNPCC7942_RS07170
M744_RS09135	261.4300	SYNPCC7942_RS07165
M744_RS09140	325.9085	SYNPCC7942_RS07160
M744_RS09145	506.3215	SYNPCC7942_RS07155
M744_RS09150	635.1413	SYNPCC7942_RS07150
M744_RS09155	32.1109	SYNPCC7942_RS07145
M744_RS09160	30.4717	SYNPCC7942_RS07140
M744_RS09165	205.8551	SYNPCC7942_RS07135
M744_RS09170	16.9122	SYNPCC7942_RS07130
M744_RS09175	25.6977	SYNPCC7942_RS07125
M744_RS09180	109.8805	SYNPCC7942_RS07120
M744_RS09185	50.7379	SYNPCC7942_RS07115
M744_RS09195	23.6469	SYNPCC7942_RS07105
M744_RS09200	81.6867	SYNPCC7942_RS07100
M744_RS09205	44.3887	SYNPCC7942_RS07095
M744_RS09210	35.6068	SYNPCC7942_RS07090
M744_RS09215	105.5164	SYNPCC7942_RS07085
M744_RS09220	146.8776	SYNPCC7942_RS07080
M744_RS09225	296.7003	SYNPCC7942_RS07075
M744_RS09230	87.1514	SYNPCC7942_RS07070
M744_RS09235	69.6283	SYNPCC7942_RS07065
M744_RS09240	73.8994	SYNPCC7942_RS07060
M744_RS09250	22.0783	SYNPCC7942_RS07050
M744_RS09255	937.2256	SYNPCC7942_RS07045
M744_RS09260	65.2635	SYNPCC7942_RS07040
M744_RS09265	75.8262	SYNPCC7942_RS07035
M744_RS09270	72.9123	SYNPCC7942_RS07030
M744_RS09275	140.8612	SYNPCC7942_RS07025
M744_RS09280	242.7937	SYNPCC7942_RS07020
M744_RS09285	35.3335	SYNPCC7942_RS07015
M744_RS09290	29.2531	SYNPCC7942_RS07010
M744_RS09295	27.8977	SYNPCC7942_RS07005
M744_RS09300	46.2336	SYNPCC7942_RS07000
M744_RS09305	10.5590	SYNPCC7942_RS06995
M744_RS09310	53.1949	SYNPCC7942_RS06990
M744_RS09315	52.6026	SYNPCC7942_RS06985
M744_RS09320	212.4152	SYNPCC7942_RS06975
M744_RS09330	136.3431	SYNPCC7942_RS06965
M744_RS09335	100.5193	SYNPCC7942_RS06960
M744_RS09340	129.2868	SYNPCC7942_RS06955
M744_RS09345	170.4736	SYNPCC7942_RS06950
M744_RS09350	118.6906	SYNPCC7942_RS06940
M744_RS09355	259.0066	SYNPCC7942_RS06935
M744_RS09360	40.7549	SYNPCC7942_RS06930
M744_RS09365	194.0308	SYNPCC7942_RS06925
M744_RS09370	120.8993	SYNPCC7942_RS06920
M744_RS09375	13.1233	SYNPCC7942_RS06915
M744_RS09380	167.5063	SYNPCC7942_RS06910
M744_RS09385	15.3299	SYNPCC7942_RS06905
M744_RS09390	2.3883	SYNPCC7942_RS06900
M744_RS09395	34.4203	SYNPCC7942_RS06895
M744_RS09400	27.2952	SYNPCC7942_RS06890
M744_RS09405	18.6496	SYNPCC7942_RS06885
M744_RS09410	85.2194	SYNPCC7942_RS06880
M744_RS09415	324.4053	SYNPCC7942_RS06875
M744_RS09420	291.6575	SYNPCC7942_RS06870
M744_RS09425	372.9978	SYNPCC7942_RS06865
M744_RS09430	25.1167	SYNPCC7942_RS06860
M744_RS09435	49.0707	SYNPCC7942_RS06855
M744_RS09440	353.6093	SYNPCC7942_RS06850
M744_RS09445	34.3103	SYNPCC7942_RS06845
M744_RS09450	449.5251	SYNPCC7942_RS06840
M744_RS09455	339.6917	SYNPCC7942_RS06835
M744_RS09460	76.6934	SYNPCC7942_RS06830
M744_RS09465	17.8492	SYNPCC7942_RS06825
M744_RS09470	41.4133	SYNPCC7942_RS06820
M744_RS09475	45.6663	SYNPCC7942_RS06815
M744_RS09480	82.3573	SYNPCC7942_RS06810
M744_RS09485	141.1992	SYNPCC7942_RS06805
M744_RS09490	90.7775	SYNPCC7942_RS06800
M744_RS09495	169.6389	SYNPCC7942_RS06795
M744_RS09500	12.6867	SYNPCC7942_RS06790
M744_RS09505	153.6809	SYNPCC7942_RS06785
M744_RS09510	248.3681	SYNPCC7942_RS06780
M744_RS09515	165.1029	SYNPCC7942_RS06775
M744_RS09520	380.7298	SYNPCC7942_RS06770
M744_RS09525	27.8600	SYNPCC7942_RS06765
M744_RS09530	1137.0477	SYNPCC7942_RS06760
M744_RS09535	21.5130	SYNPCC7942_RS06755
M744_RS09540	141.6530	SYNPCC7942_RS06750
M744_RS09545	19.8022	SYNPCC7942_RS06745
M744_RS09550	34.7686	SYNPCC7942_RS06740
M744_RS09555	20.2816	SYNPCC7942_RS06735
M744_RS09560	11.1134	SYNPCC7942_RS06730
M744_RS09565	243.8725	SYNPCC7942_RS06725
M744_RS09570	1297.7209	SYNPCC7942_RS06720
M744_RS09575	118.6113	SYNPCC7942_RS06715
M744_RS09580	64.6765	SYNPCC7942_RS06710
M744_RS09585	21.5889	SYNPCC7942_RS06705
M744_RS09590	55.0210	SYNPCC7942_RS06700
M744_RS09595	32.1547	SYNPCC7942_RS06695
M744_RS09600	60.8111	SYNPCC7942_RS06690
M744_RS09605	37.0448	SYNPCC7942_RS06685
M744_RS09610	154.8395	SYNPCC7942_RS06680
M744_RS09615	99.5384	SYNPCC7942_RS06675
M744_RS09620	47.0526	SYNPCC7942_RS06670
M744_RS09625	43.4134	SYNPCC7942_RS06665
M744_RS09630	66.6276	SYNPCC7942_RS06660
M744_RS09635	93.1744	SYNPCC7942_RS06655
M744_RS09640	9.3495	SYNPCC7942_RS06650
M744_RS09645	58.9063	SYNPCC7942_RS06645
M744_RS09650	296.6761	SYNPCC7942_RS06640
M744_RS09655	273.4242	SYNPCC7942_RS06635
M744_RS09660	8.8648	SYNPCC7942_RS06630
M744_RS09665	204.7838	SYNPCC7942_RS06625
M744_RS09670	377.5659	SYNPCC7942_RS06620
M744_RS09675	207.8223	SYNPCC7942_RS06615
M744_RS09680	236.3018	SYNPCC7942_RS06610
M744_RS09685	17.4314	SYNPCC7942_RS06605
M744_RS09690	309.8555	SYNPCC7942_RS06600
M744_RS09695	7.5537	SYNPCC7942_RS06595
M744_RS09700	167.4628	SYNPCC7942_RS06590
M744_RS09705	19.1052	SYNPCC7942_RS06585
M744_RS09710	8.0485	SYNPCC7942_RS06580
M744_RS09715	10.3953	SYNPCC7942_RS06575
M744_RS09720	6.9518	SYNPCC7942_RS06570
M744_RS09725	112.0214	SYNPCC7942_RS06565
M744_RS09730	86.0848	SYNPCC7942_RS06560
M744_RS09735	43.8343	SYNPCC7942_RS06555
M744_RS09740	2.9947	SYNPCC7942_RS06550
M744_RS09745	395.0905	SYNPCC7942_RS06545
M744_RS09750	606.7919	SYNPCC7942_RS06540
M744_RS09755	17.4190	SYNPCC7942_RS06535
M744_RS09760	129.7955	SYNPCC7942_RS06530
M744_RS09765	80.8892	SYNPCC7942_RS06525
M744_RS09770	32.0294	SYNPCC7942_RS06520
M744_RS09775	15.4089	SYNPCC7942_RS06515
M744_RS09780	42.8435	SYNPCC7942_RS06510
M744_RS09785	49.4768	SYNPCC7942_RS06505
M744_RS09790	114.2500	SYNPCC7942_RS06500
M744_RS09795	93.5498	SYNPCC7942_RS06495
M744_RS09800	68.2111	SYNPCC7942_RS06490
M744_RS09805	20.7836	SYNPCC7942_RS06485
M744_RS09810	33.0067	SYNPCC7942_RS06480
M744_RS09815	41.4799	SYNPCC7942_RS06475
M744_RS09820	36.5575	SYNPCC7942_RS06470
M744_RS09825	59.9848	SYNPCC7942_RS06465
M744_RS09830	60.1036	SYNPCC7942_RS06460
M744_RS09835	137.2870	SYNPCC7942_RS06455
M744_RS09840	251.2175	SYNPCC7942_RS06450
M744_RS09845	15.2680	SYNPCC7942_RS06445
M744_RS09850	151.0644	SYNPCC7942_RS06440
M744_RS09855	119.4857	SYNPCC7942_RS06435
M744_RS09860	92.9477	SYNPCC7942_RS06430
M744_RS09865	517.7025	SYNPCC7942_RS06425
M744_RS09875	43.3256	SYNPCC7942_RS06415
M744_RS09880	18.3283	SYNPCC7942_RS06410
M744_RS09885	2331.7672	SYNPCC7942_RS06405
M744_RS09890	145.2175	SYNPCC7942_RS06400
M744_RS09895	39.5531	SYNPCC7942_RS06395
M744_RS09905	156.2314	SYNPCC7942_RS06385
M744_RS09910	14.2217	SYNPCC7942_RS06380
M744_RS09915	38.7577	SYNPCC7942_RS06375
M744_RS09920	16.6675	SYNPCC7942_RS06370
M744_RS09925	47.3055	SYNPCC7942_RS06365
M744_RS09930	114.4643	SYNPCC7942_RS06360
M744_RS09935	1314.1267	SYNPCC7942_RS06355
M744_RS09940	1153.6335	SYNPCC7942_RS06350
M744_RS09945	647.4140	SYNPCC7942_RS06345
M744_RS09950	1747.6456	SYNPCC7942_RS06340
M744_RS09955	717.4491	SYNPCC7942_RS06335
M744_RS09960	119.2824	SYNPCC7942_RS06330
M744_RS09965	161.3812	SYNPCC7942_RS06325
M744_RS09970	13.0176	SYNPCC7942_RS06320
M744_RS09975	162.8278	SYNPCC7942_RS06315
M744_RS09980	451.0929	SYNPCC7942_RS06310
M744_RS09985	21.0005	SYNPCC7942_RS06305
M744_RS09990	13.9168	SYNPCC7942_RS06300
M744_RS09995	18.5552	SYNPCC7942_RS06295
M744_RS10000	50.3167	SYNPCC7942_RS06290
M744_RS10010	223.3556	SYNPCC7942_RS06280
M744_RS10015	155.0016	SYNPCC7942_RS06275
M744_RS10020	181.2551	SYNPCC7942_RS06270
M744_RS10025	185.2180	SYNPCC7942_RS06265
M744_RS10030	22.0178	SYNPCC7942_RS06260
M744_RS10035	157.6763	SYNPCC7942_RS06255
M744_RS10040	284.0368	SYNPCC7942_RS06250
M744_RS10045	558.1661	SYNPCC7942_RS06245
M744_RS10050	24.2681	SYNPCC7942_RS06240
M744_RS10055	85.4457	SYNPCC7942_RS06235
M744_RS10060	201.7870	SYNPCC7942_RS06230
M744_RS10065	29.1543	SYNPCC7942_RS06225
M744_RS10070	55.8532	SYNPCC7942_RS06220
M744_RS10075	27.1829	SYNPCC7942_RS06215
M744_RS10080	50.5762	SYNPCC7942_RS06210
M744_RS10085	27.9444	SYNPCC7942_RS06205
M744_RS10090	12.0273	SYNPCC7942_RS06200
M744_RS10095	9.8453	SYNPCC7942_RS06195
M744_RS10100	70.9136	SYNPCC7942_RS06190
M744_RS10105	48.6613	SYNPCC7942_RS06185
M744_RS10110	20.6016	SYNPCC7942_RS06180
M744_RS10115	3.9164	SYNPCC7942_RS06175
M744_RS10125	2.9418	SYNPCC7942_RS06165
M744_RS10130	1.9311	SYNPCC7942_RS06160
M744_RS10135	82.6909	SYNPCC7942_RS06155
M744_RS10140	71.0258	SYNPCC7942_RS06150
M744_RS10145	22.2604	SYNPCC7942_RS06145
M744_RS10150	44.7908	SYNPCC7942_RS06140
M744_RS10155	324.4225	SYNPCC7942_RS06135
M744_RS10160	150.8618	SYNPCC7942_RS06130
M744_RS10165	33.6554	SYNPCC7942_RS06125
M744_RS10170	234.8905	SYNPCC7942_RS06120
M744_RS10175	70.2534	SYNPCC7942_RS06115
M744_RS10180	53.6548	SYNPCC7942_RS06110
M744_RS10185	122.3333	SYNPCC7942_RS06105
M744_RS10190	20.2029	SYNPCC7942_RS06100
M744_RS10195	114.4194	SYNPCC7942_RS06095
M744_RS10200	22.9447	SYNPCC7942_RS06090
M744_RS10205	57.9757	SYNPCC7942_RS06085
M744_RS10210	32.3943	SYNPCC7942_RS06080
M744_RS10215	6.1735	SYNPCC7942_RS06075
M744_RS10220	10.7257	SYNPCC7942_RS06070
M744_RS10225	301.3318	SYNPCC7942_RS06065
M744_RS10230	179.7325	SYNPCC7942_RS06060
M744_RS10235	292.8031	SYNPCC7942_RS06055
M744_RS10240	547.0185	SYNPCC7942_RS06050
M744_RS10245	313.8348	SYNPCC7942_RS06045
M744_RS10250	301.4524	SYNPCC7942_RS06040
M744_RS10255	171.5663	SYNPCC7942_RS06035
M744_RS10260	686.6080	SYNPCC7942_RS06030
M744_RS10265	484.4157	SYNPCC7942_RS06025
M744_RS10270	161.7290	SYNPCC7942_RS06020
M744_RS10275	19.5467	SYNPCC7942_RS06015
M744_RS10280	43.0547	SYNPCC7942_RS06010
M744_RS10285	19.3999	SYNPCC7942_RS06005
M744_RS10290	50.8800	SYNPCC7942_RS06000
M744_RS10295	92.1437	SYNPCC7942_RS05995
M744_RS10300	49.8048	SYNPCC7942_RS05990
M744_RS10305	33.1762	SYNPCC7942_RS05985
M744_RS10310	56.9012	SYNPCC7942_RS05980
M744_RS10320	103.7827	SYNPCC7942_RS05970
M744_RS10330	16.1011	SYNPCC7942_RS05960
M744_RS10335	9.1919	SYNPCC7942_RS05955
M744_RS10340	2.6642	SYNPCC7942_RS05950
M744_RS10345	21.5424	SYNPCC7942_RS05945
M744_RS10355	90.6102	SYNPCC7942_RS05935
M744_RS10360	89.8693	SYNPCC7942_RS05930
M744_RS10365	55.3499	SYNPCC7942_RS05925
M744_RS10370	19.7240	SYNPCC7942_RS05920
M744_RS10375	47.5545	SYNPCC7942_RS05915
M744_RS10380	77.0216	SYNPCC7942_RS05910
M744_RS10390	38.7154	SYNPCC7942_RS05900
M744_RS10395	400.4042	SYNPCC7942_RS05895
M744_RS10405	107.6073	SYNPCC7942_RS05885
M744_RS10410	279.6489	SYNPCC7942_RS05880
M744_RS10415	7.2346	SYNPCC7942_RS05875
M744_RS10420	117.3616	SYNPCC7942_RS05870
M744_RS10425	179.3195	SYNPCC7942_RS05865
M744_RS10435	224.7176	SYNPCC7942_RS05855
M744_RS10440	41.3087	SYNPCC7942_RS05850
M744_RS10445	247.6692	SYNPCC7942_RS05845
M744_RS10450	67.2270	SYNPCC7942_RS05840
M744_RS10455	21.8000	SYNPCC7942_RS05835
M744_RS10460	485.7806	SYNPCC7942_RS05830
M744_RS10470	890.7949	SYNPCC7942_RS05820
M744_RS10475	249.9870	SYNPCC7942_RS05815
M744_RS10480	7.1084	SYNPCC7942_RS05810
M744_RS10485	35.4656	SYNPCC7942_RS05805
M744_RS10490	27.5005	SYNPCC7942_RS05800
M744_RS10495	23.2225	SYNPCC7942_RS05795
M744_RS10500	37.1511	SYNPCC7942_RS05790
M744_RS10505	202.1849	SYNPCC7942_RS05785
M744_RS10510	74.5301	SYNPCC7942_RS05780
M744_RS10515	47.1390	SYNPCC7942_RS05775
M744_RS10520	276.6884	SYNPCC7942_RS05770
M744_RS10525	153.1109	SYNPCC7942_RS05765
M744_RS10530	349.1593	SYNPCC7942_RS05760
M744_RS10535	303.5250	SYNPCC7942_RS05755
M744_RS10540	186.6345	SYNPCC7942_RS05750
M744_RS10545	259.0038	SYNPCC7942_RS05745
M744_RS10550	39.2505	SYNPCC7942_RS05740
M744_RS10555	16.3411	SYNPCC7942_RS05735
M744_RS10565	27.5867	SYNPCC7942_RS05725
M744_RS10570	241.5531	SYNPCC7942_RS05720
M744_RS10575	37.9596	SYNPCC7942_RS05715
M744_RS10580	85.0057	SYNPCC7942_RS05710
M744_RS10585	63.4607	SYNPCC7942_RS05705
M744_RS10590	46.8077	SYNPCC7942_RS05700
M744_RS10595	37.4643	SYNPCC7942_RS05695
M744_RS10600	178.5691	SYNPCC7942_RS05690
M744_RS10605	24.6370	SYNPCC7942_RS05685
M744_RS10610	28.9582	SYNPCC7942_RS05680
M744_RS10615	87.3640	SYNPCC7942_RS05675
M744_RS10620	35.8666	SYNPCC7942_RS05670
M744_RS10625	56.4467	SYNPCC7942_RS05665
M744_RS10630	77.1706	SYNPCC7942_RS05660
M744_RS10635	14.9158	SYNPCC7942_RS05655
M744_RS10640	44.7632	SYNPCC7942_RS05650
M744_RS10645	678.7973	SYNPCC7942_RS05645
M744_RS10650	90.8510	SYNPCC7942_RS05640
M744_RS10655	17.7416	SYNPCC7942_RS05635
M744_RS10660	26.5747	SYNPCC7942_RS05630
M744_RS10665	1357.6661	SYNPCC7942_RS05625
M744_RS10670	69.4754	SYNPCC7942_RS05620
M744_RS10675	21.1495	SYNPCC7942_RS05615
M744_RS10680	29.3173	SYNPCC7942_RS05610
M744_RS10685	24.8587	SYNPCC7942_RS05605
M744_RS10690	27.4322	SYNPCC7942_RS05600
M744_RS10695	51.8919	SYNPCC7942_RS05595
M744_RS10700	387.9627	SYNPCC7942_RS05590
M744_RS10705	2198.5555	SYNPCC7942_RS05585
M744_RS10710	74.5145	SYNPCC7942_RS05580
M744_RS10715	205.4016	SYNPCC7942_RS05575
M744_RS10720	171.1557	SYNPCC7942_RS05570
M744_RS10725	4.0626	SYNPCC7942_RS05565
M744_RS10735	87.5449	SYNPCC7942_RS05555
M744_RS10740	68.6554	SYNPCC7942_RS05550
M744_RS10745	33.8135	SYNPCC7942_RS05545
M744_RS10755	143.7787	SYNPCC7942_RS05535
M744_RS10760	226.2403	SYNPCC7942_RS05530
M744_RS10765	10.8881	SYNPCC7942_RS05525
M744_RS10770	10.1031	SYNPCC7942_RS05520
M744_RS10775	6.3285	SYNPCC7942_RS05515
M744_RS10780	9.3747	SYNPCC7942_RS05510
M744_RS10785	15.2371	SYNPCC7942_RS05505
M744_RS10790	9.2621	SYNPCC7942_RS05500
M744_RS10795	135.3698	SYNPCC7942_RS05495
M744_RS10800	44.6293	SYNPCC7942_RS05490
M744_RS10805	34.9939	SYNPCC7942_RS05485
M744_RS10810	216.4636	SYNPCC7942_RS05480
M744_RS10815	28.9457	SYNPCC7942_RS05475
M744_RS10825	322.5722	SYNPCC7942_RS05465
M744_RS10830	117.2541	SYNPCC7942_RS05460
M744_RS10835	31.0022	SYNPCC7942_RS05455
M744_RS10840	125.5664	SYNPCC7942_RS05450
M744_RS10845	25.0573	SYNPCC7942_RS05445
M744_RS10850	2.3660	SYNPCC7942_RS05440
M744_RS10855	23.8533	SYNPCC7942_RS05435
M744_RS10860	1419.9353	SYNPCC7942_RS05430
M744_RS10865	15.7164	SYNPCC7942_RS05425
M744_RS10870	244.9101	SYNPCC7942_RS05420
M744_RS10875	333.5966	SYNPCC7942_RS05415
M744_RS10880	11.5566	SYNPCC7942_RS05410
M744_RS10885	19.5706	SYNPCC7942_RS05405
M744_RS10900	953.0919	SYNPCC7942_RS05390
M744_RS10905	2922.4998	SYNPCC7942_RS05385
M744_RS10910	1812.1991	SYNPCC7942_RS05380
M744_RS10925	45.2345	SYNPCC7942_RS05365
M744_RS10930	103.0838	SYNPCC7942_RS05360
M744_RS10935	135.5813	SYNPCC7942_RS05355
M744_RS10940	34.7720	SYNPCC7942_RS05350
M744_RS10945	16.4251	SYNPCC7942_RS05345
M744_RS10950	72.1572	SYNPCC7942_RS05340
M744_RS10955	9.7920	SYNPCC7942_RS05335
M744_RS10960	12.4263	SYNPCC7942_RS05330
M744_RS10965	121.6996	SYNPCC7942_RS05325
M744_RS10970	357.3994	SYNPCC7942_RS05320
M744_RS10975	80.2066	SYNPCC7942_RS05315
M744_RS10980	93.6443	SYNPCC7942_RS05310
M744_RS10985	183.9721	SYNPCC7942_RS05305
M744_RS10990	308.5371	SYNPCC7942_RS05300
M744_RS11000	241.7939	SYNPCC7942_RS05290
M744_RS11005	198.7915	SYNPCC7942_RS05285
M744_RS11015	11.6555	SYNPCC7942_RS05275
M744_RS11020	156.7714	SYNPCC7942_RS05270
M744_RS11025	21.1978	SYNPCC7942_RS05265
M744_RS11030	45.4313	SYNPCC7942_RS05260
M744_RS11035	69.8083	SYNPCC7942_RS05255
M744_RS11040	37.3975	SYNPCC7942_RS05250
M744_RS11045	25.3653	SYNPCC7942_RS05245
M744_RS11050	142.6631	SYNPCC7942_RS05240
M744_RS11055	19.4118	SYNPCC7942_RS05235
M744_RS11060	65.7969	SYNPCC7942_RS05230
M744_RS11070	104.7904	SYNPCC7942_RS05220
M744_RS11075	543.5075	SYNPCC7942_RS05215
M744_RS11080	806.9984	SYNPCC7942_RS05210
M744_RS11085	22.9589	SYNPCC7942_RS05205
M744_RS11090	51.1878	SYNPCC7942_RS05195
M744_RS11095	45.2810	SYNPCC7942_RS05190
M744_RS11100	101.2363	SYNPCC7942_RS05185
M744_RS11105	16.6636	SYNPCC7942_RS05180
M744_RS11110	14.9680	SYNPCC7942_RS05175
M744_RS11115	44.6886	SYNPCC7942_RS05170
M744_RS11125	47.9825	SYNPCC7942_RS05160
M744_RS11130	6.4199	SYNPCC7942_RS05155
M744_RS11135	2.7471	SYNPCC7942_RS05150
M744_RS11145	5323.3044	SYNPCC7942_RS05140
M744_RS11150	90.4996	SYNPCC7942_RS05135
M744_RS11155	62.0595	SYNPCC7942_RS05130
M744_RS11160	16.3031	SYNPCC7942_RS13725
M744_RS11165	534.3215	SYNPCC7942_RS05125
M744_RS11170	135.2621	SYNPCC7942_RS05120
M744_RS11175	61.3278	SYNPCC7942_RS05115
M744_RS11180	19.8981	SYNPCC7942_RS05110
M744_RS11185	37.2367	SYNPCC7942_RS05105
M744_RS11190	69.6559	SYNPCC7942_RS05100
M744_RS11195	88.5427	SYNPCC7942_RS05095
M744_RS11200	112.2943	SYNPCC7942_RS05090
M744_RS11205	14.0219	SYNPCC7942_RS13875
M744_RS11210	475.9209	SYNPCC7942_RS05080
M744_RS11215	109.5573	SYNPCC7942_RS05075
M744_RS11220	70.4087	SYNPCC7942_RS05070
M744_RS11225	139.4753	SYNPCC7942_RS05065
M744_RS11230	200.6572	SYNPCC7942_RS05060
M744_RS11235	53.9272	SYNPCC7942_RS05055
M744_RS11240	117.5557	SYNPCC7942_RS05050
M744_RS11245	198.9006	SYNPCC7942_RS05045
M744_RS11250	73.4651	SYNPCC7942_RS05040
M744_RS11260	30.9767	SYNPCC7942_RS05030
M744_RS11265	17.6256	SYNPCC7942_RS05025
M744_RS11270	1032.9845	SYNPCC7942_RS05020
M744_RS11275	2000.2401	SYNPCC7942_RS05015
M744_RS11280	75.5774	SYNPCC7942_RS05010
M744_RS11285	7.6379	SYNPCC7942_RS05005
M744_RS11295	27.0987	SYNPCC7942_RS04995
M744_RS11300	606.0032	SYNPCC7942_RS04990
M744_RS11305	31.1355	SYNPCC7942_RS04985
M744_RS11310	66.5729	SYNPCC7942_RS04980
M744_RS11315	26.4580	SYNPCC7942_RS04975
M744_RS11320	192.8855	SYNPCC7942_RS04970
M744_RS11325	20.6517	SYNPCC7942_RS04965
M744_RS11330	114.9252	SYNPCC7942_RS04960
M744_RS11335	127.7675	SYNPCC7942_RS04955
M744_RS11340	49.8980	SYNPCC7942_RS04945
M744_RS11345	55.7394	SYNPCC7942_RS04940
M744_RS11350	36.7250	SYNPCC7942_RS04935
M744_RS11355	99.8325	SYNPCC7942_RS04930
M744_RS11360	32.0647	SYNPCC7942_RS04925
M744_RS11365	121.3530	SYNPCC7942_RS04920
M744_RS11370	456.9827	SYNPCC7942_RS04915
M744_RS11375	32.8257	SYNPCC7942_RS04910
M744_RS11380	36.1715	SYNPCC7942_RS04905
M744_RS11385	6.9964	SYNPCC7942_RS04900
M744_RS11390	45.5495	SYNPCC7942_RS04895
M744_RS11395	51.9545	SYNPCC7942_RS04890
M744_RS11400	82.3918	SYNPCC7942_RS04885
M744_RS11405	40.3949	SYNPCC7942_RS04880
M744_RS11410	32.3880	SYNPCC7942_RS04875
M744_RS11415	41.1300	SYNPCC7942_RS04870
M744_RS11420	28.6241	SYNPCC7942_RS04865
M744_RS11425	14.2096	SYNPCC7942_RS04860
M744_RS11430	42.4905	SYNPCC7942_RS04855
M744_RS11435	367.7271	SYNPCC7942_RS04850
M744_RS11440	1011.5360	SYNPCC7942_RS04845
M744_RS11445	181.7019	SYNPCC7942_RS04840
M744_RS11450	108.0358	SYNPCC7942_RS04835
M744_RS11455	34.9166	SYNPCC7942_RS04830
M744_RS11460	4.4574	SYNPCC7942_RS04825
M744_RS11465	9.9550	SYNPCC7942_RS04820
M744_RS11470	15.0561	SYNPCC7942_RS04815
M744_RS11475	8.7076	SYNPCC7942_RS04810
M744_RS11480	22.9247	SYNPCC7942_RS04805
M744_RS11485	9.8815	SYNPCC7942_RS04800
M744_RS11490	60.0891	SYNPCC7942_RS04795
M744_RS11495	52.0163	SYNPCC7942_RS04790
M744_RS11500	24.1942	SYNPCC7942_RS04785
M744_RS11505	87.5056	SYNPCC7942_RS04780
M744_RS11510	471.2752	SYNPCC7942_RS04775
M744_RS11515	65.9123	SYNPCC7942_RS04770
M744_RS11520	86.3722	SYNPCC7942_RS04765
M744_RS11525	88.1788	SYNPCC7942_RS04760
M744_RS11530	324.7175	SYNPCC7942_RS04755
M744_RS11535	48.4845	SYNPCC7942_RS04750
M744_RS11540	19.5899	SYNPCC7942_RS04745
M744_RS11545	20.2985	SYNPCC7942_RS04740
M744_RS11550	419.1047	SYNPCC7942_RS04735
M744_RS11555	58.3887	SYNPCC7942_RS04730
M744_RS11565	49.3293	SYNPCC7942_RS04720
M744_RS11580	30.2736	SYNPCC7942_RS04705
M744_RS11585	8.1242	SYNPCC7942_RS04700
M744_RS11590	5.6164	SYNPCC7942_RS04695
M744_RS11595	72.9011	SYNPCC7942_RS04690
M744_RS11600	7.5115	SYNPCC7942_RS04685
M744_RS11605	185.4009	SYNPCC7942_RS04680
M744_RS11610	223.0816	SYNPCC7942_RS04675
M744_RS11615	70.8847	SYNPCC7942_RS04670
M744_RS11625	143.1888	SYNPCC7942_RS13975
M744_RS11630	381.2553	SYNPCC7942_RS04660
M744_RS11635	688.1996	SYNPCC7942_RS04655
M744_RS11640	32.9791	SYNPCC7942_RS04650
M744_RS11645	10.4713	SYNPCC7942_RS04645
M744_RS11650	140.9293	SYNPCC7942_RS04640
M744_RS11655	21.8500	SYNPCC7942_RS04635
M744_RS11665	20.2119	SYNPCC7942_RS04625
M744_RS11670	42.5384	SYNPCC7942_RS04620
M744_RS11675	172.0755	SYNPCC7942_RS04615
M744_RS11680	14.2418	SYNPCC7942_RS04610
M744_RS11685	23.0472	SYNPCC7942_RS04605
M744_RS11695	20.9086	SYNPCC7942_RS04595
M744_RS11700	374.3456	SYNPCC7942_RS04590
M744_RS11710	232.4235	SYNPCC7942_RS04580
M744_RS11715	11.4536	SYNPCC7942_RS04575
M744_RS11720	595.4294	SYNPCC7942_RS04570
M744_RS11725	542.8104	SYNPCC7942_RS04565
M744_RS11730	2196.7891	SYNPCC7942_RS04560
M744_RS11735	3130.4657	SYNPCC7942_RS04555
M744_RS11740	453.0455	SYNPCC7942_RS04550
M744_RS11745	52.6499	SYNPCC7942_RS04545
M744_RS11750	21.2045	SYNPCC7942_RS04540
M744_RS11755	18.8907	SYNPCC7942_RS04535
M744_RS11760	20.5143	SYNPCC7942_RS04530
M744_RS11765	629.0621	SYNPCC7942_RS04525
M744_RS11770	314.0866	SYNPCC7942_RS04520
M744_RS11775	370.3385	SYNPCC7942_RS04515
M744_RS11780	25.8856	SYNPCC7942_RS04510
M744_RS11785	68.1103	SYNPCC7942_RS04505
M744_RS11790	23.3967	SYNPCC7942_RS04500
M744_RS11795	13.8824	SYNPCC7942_RS04495
M744_RS11800	39.4420	SYNPCC7942_RS04490
M744_RS11805	20.1525	SYNPCC7942_RS04485
M744_RS11810	17.2929	SYNPCC7942_RS04480
M744_RS11815	89.8235	SYNPCC7942_RS04475
M744_RS11820	7.9710	SYNPCC7942_RS04470
M744_RS11825	52.3916	SYNPCC7942_RS04465
M744_RS11830	30.4530	SYNPCC7942_RS04460
M744_RS11835	181.1428	SYNPCC7942_RS04455
M744_RS11840	312.3327	SYNPCC7942_RS04450
M744_RS11845	124.1378	SYNPCC7942_RS04445
M744_RS11850	295.3138	SYNPCC7942_RS04440
M744_RS11855	251.7963	SYNPCC7942_RS04435
M744_RS11860	566.1336	SYNPCC7942_RS04430
M744_RS11865	1771.3585	SYNPCC7942_RS04425
M744_RS11870	175.6735	SYNPCC7942_RS04420
M744_RS11875	73.8120	SYNPCC7942_RS04415
M744_RS11880	338.8298	SYNPCC7942_RS04410
M744_RS11885	111.7669	SYNPCC7942_RS04405
M744_RS11890	60.4947	SYNPCC7942_RS04400
M744_RS11895	103.7295	SYNPCC7942_RS04395
M744_RS11900	65.1650	SYNPCC7942_RS04390
M744_RS11910	167.8066	SYNPCC7942_RS04380
M744_RS11915	356.4466	SYNPCC7942_RS04375
M744_RS11920	77.0247	SYNPCC7942_RS04370
M744_RS11925	225.4437	SYNPCC7942_RS04365
M744_RS11930	168.8878	SYNPCC7942_RS04360
M744_RS11935	121.6126	SYNPCC7942_RS04355
M744_RS11940	75.0112	SYNPCC7942_RS04350
M744_RS11945	5.4560	SYNPCC7942_RS04345
M744_RS11950	12.5886	SYNPCC7942_RS04340
M744_RS11955	13.1846	SYNPCC7942_RS04335
M744_RS11960	12.7870	SYNPCC7942_RS04330
M744_RS11965	8.5175	SYNPCC7942_RS04325
M744_RS11970	94.9989	SYNPCC7942_RS04320
M744_RS11975	4990.6843	SYNPCC7942_RS04315
M744_RS11980	206.6114	SYNPCC7942_RS04310
M744_RS11990	2.5768	SYNPCC7942_RS04300
M744_RS11995	23.9704	SYNPCC7942_RS04295
M744_RS12000	94.8641	SYNPCC7942_RS04290
M744_RS12005	19.0390	SYNPCC7942_RS04285
M744_RS12010	63.3670	SYNPCC7942_RS04280
M744_RS12015	126.8805	SYNPCC7942_RS04275
M744_RS12020	21.3429	SYNPCC7942_RS04270
M744_RS12025	11.1085	SYNPCC7942_RS04265
M744_RS12030	111.7550	SYNPCC7942_RS04260
M744_RS12035	59.6805	SYNPCC7942_RS04255
M744_RS12040	53.4056	SYNPCC7942_RS04250
M744_RS12045	96.7706	SYNPCC7942_RS04245
M744_RS12050	105.3617	SYNPCC7942_RS04240
M744_RS12055	50.2962	SYNPCC7942_RS04235
M744_RS12060	37.8055	SYNPCC7942_RS04230
M744_RS12065	59.7178	SYNPCC7942_RS04225
M744_RS12070	101.6090	SYNPCC7942_RS04220
M744_RS12075	13.7638	SYNPCC7942_RS04215
M744_RS12080	10.1185	SYNPCC7942_RS04210
M744_RS12085	132.7111	SYNPCC7942_RS04205
M744_RS12090	175.5894	SYNPCC7942_RS04200
M744_RS12095	69.6106	SYNPCC7942_RS04195
M744_RS12100	3.3518	SYNPCC7942_RS04190
M744_RS12105	102.4075	SYNPCC7942_RS04185
M744_RS12110	316.5462	SYNPCC7942_RS04180
M744_RS12115	72.8360	SYNPCC7942_RS04175
M744_RS12120	17.0563	SYNPCC7942_RS04170
M744_RS12125	161.7178	SYNPCC7942_RS04165
M744_RS12130	122.9215	SYNPCC7942_RS04160
M744_RS12135	67.2837	SYNPCC7942_RS04155
M744_RS12140	19.0935	SYNPCC7942_RS04150
M744_RS12145	633.8399	SYNPCC7942_RS04145
M744_RS12150	28.7495	SYNPCC7942_RS04140
M744_RS12155	153.1708	SYNPCC7942_RS04135
M744_RS12160	88.2590	SYNPCC7942_RS04130
M744_RS12165	249.9079	SYNPCC7942_RS04125
M744_RS12170	54.8257	SYNPCC7942_RS04120
M744_RS12175	25.4209	SYNPCC7942_RS04115
M744_RS12180	1097.1935	SYNPCC7942_RS04110
M744_RS12185	93.7972	SYNPCC7942_RS04105
M744_RS12190	136.6322	SYNPCC7942_RS04100
M744_RS12195	51.1335	SYNPCC7942_RS04095
M744_RS12200	830.4430	SYNPCC7942_RS04090
M744_RS12205	43.3073	SYNPCC7942_RS04085
M744_RS12210	109.9849	SYNPCC7942_RS04080
M744_RS12215	81.6910	SYNPCC7942_RS04075
M744_RS12220	11.2986	SYNPCC7942_RS04070
M744_RS12225	18.7122	SYNPCC7942_RS04065
M744_RS12230	38.1033	SYNPCC7942_RS04060
M744_RS12235	306.9223	SYNPCC7942_RS04055
M744_RS12240	348.6482	SYNPCC7942_RS04050
M744_RS12245	157.5025	SYNPCC7942_RS04045
M744_RS12250	1367.9963	SYNPCC7942_RS04040
M744_RS12255	11.9015	SYNPCC7942_RS04035
M744_RS12260	99.8044	SYNPCC7942_RS04030
M744_RS12265	110.9999	SYNPCC7942_RS04025
M744_RS12270	33.1321	SYNPCC7942_RS04020
M744_RS12275	108.1522	SYNPCC7942_RS04015
M744_RS12280	130.0443	SYNPCC7942_RS04010
M744_RS12290	2.7440	SYNPCC7942_RS13700
M744_RS12295	7.2640	SYNPCC7942_RS03970
M744_RS12300	0.8399	SYNPCC7942_RS03965
M744_RS12310	13.2894	SYNPCC7942_RS03955
M744_RS12315	600.2865	SYNPCC7942_RS03950
M744_RS12325	187.9932	SYNPCC7942_RS03940
M744_RS12330	60.0408	SYNPCC7942_RS03935
M744_RS12335	269.3250	SYNPCC7942_RS03930
M744_RS12340	64.0509	SYNPCC7942_RS03925
M744_RS12345	4.7658	SYNPCC7942_RS03920
M744_RS12350	0.1747	SYNPCC7942_RS03915
M744_RS12355	19.3256	SYNPCC7942_RS03910
M744_RS12365	12.3693	SYNPCC7942_RS03900
M744_RS12370	0.5145	SYNPCC7942_RS03895
M744_RS12375	4.8623	SYNPCC7942_RS03890
M744_RS12380	39.2302	SYNPCC7942_RS03885
M744_RS12385	1.1550	SYNPCC7942_RS03880
M744_RS12390	5.9988	SYNPCC7942_RS03875
M744_RS12395	19.1881	SYNPCC7942_RS03870
M744_RS12405	135.3290	SYNPCC7942_RS03860
M744_RS12410	151.5451	SYNPCC7942_RS03855
M744_RS12415	314.4091	SYNPCC7942_RS03850
M744_RS12420	30.6239	SYNPCC7942_RS03845
M744_RS12425	7.9795	SYNPCC7942_RS03840
M744_RS12430	5.2957	SYNPCC7942_RS03835
M744_RS12440	9.6927	SYNPCC7942_RS03825
M744_RS12450	9.7460	SYNPCC7942_RS03815
M744_RS12455	9.1389	SYNPCC7942_RS03810
M744_RS12460	9.1752	SYNPCC7942_RS03805
M744_RS12465	5.8893	SYNPCC7942_RS03800
M744_RS12470	41.3025	SYNPCC7942_RS03795
M744_RS12475	22.2778	SYNPCC7942_RS03790
M744_RS12480	6.4453	SYNPCC7942_RS03785
M744_RS12485	11.8373	SYNPCC7942_RS03780
M744_RS12490	9.3434	SYNPCC7942_RS03775
M744_RS12495	47.9736	SYNPCC7942_RS03770
M744_RS12500	130.1014	SYNPCC7942_RS03765
M744_RS12505	18.0050	SYNPCC7942_RS03760
M744_RS12510	0.3732	SYNPCC7942_RS03755
M744_RS12515	6.7303	SYNPCC7942_RS03750
M744_RS12520	15.7857	SYNPCC7942_RS03745
M744_RS12530	1.9092	SYNPCC7942_RS03730
M744_RS12535	1.8925	SYNPCC7942_RS03725
M744_RS12540	0.9858	SYNPCC7942_RS03720
M744_RS12550	0.2741	SYNPCC7942_RS03710
M744_RS12555	2.8753	SYNPCC7942_RS03705
M744_RS12560	3.3313	SYNPCC7942_RS03700
M744_RS12565	1.2229	SYNPCC7942_RS03695
M744_RS12575	1.0458	SYNPCC7942_RS03685
M744_RS12580	16.4720	SYNPCC7942_RS03680
M744_RS12590	148.6070	SYNPCC7942_RS03670
M744_RS12600	81.8393	SYNPCC7942_RS03660
M744_RS12605	203.7738	SYNPCC7942_RS03655
M744_RS12610	2268.6994	SYNPCC7942_RS03650
M744_RS12615	178.1639	SYNPCC7942_RS03645
M744_RS12620	188.7645	SYNPCC7942_RS03640
M744_RS12625	11.3288	SYNPCC7942_RS03635
M744_RS12630	527.9742	SYNPCC7942_RS03630
M744_RS12635	32.9540	SYNPCC7942_RS03625
M744_RS12640	42.0141	SYNPCC7942_RS03620
M744_RS12645	102.1954	SYNPCC7942_RS03615
M744_RS12650	48.7835	SYNPCC7942_RS03610
M744_RS12655	319.0011	SYNPCC7942_RS03605
M744_RS12660	13.2822	SYNPCC7942_RS03600
M744_RS12665	33.5347	SYNPCC7942_RS03595
M744_RS12670	1037.4311	SYNPCC7942_RS03590
M744_RS12675	84.5421	SYNPCC7942_RS03585
M744_RS12685	6525.2550	SYNPCC7942_RS03575
M744_RS12690	426.6973	SYNPCC7942_RS03570
M744_RS12695	289.3516	SYNPCC7942_RS03565
M744_RS12700	474.3807	SYNPCC7942_RS03560
M744_RS12705	7.4275	SYNPCC7942_RS03555
M744_RS12710	20.3079	SYNPCC7942_RS03550
M744_RS12715	7.4910	SYNPCC7942_RS13620
M744_RS12720	153.6919	SYNPCC7942_RS03540
M744_RS12725	27.0878	SYNPCC7942_RS03535
M744_RS12730	12.3432	SYNPCC7942_RS03530
M744_RS12735	458.4557	SYNPCC7942_RS03525
M744_RS12740	484.5264	SYNPCC7942_RS03520
M744_RS12745	369.2663	SYNPCC7942_RS03515
M744_RS12750	545.7512	SYNPCC7942_RS03510
M744_RS12755	32.7144	SYNPCC7942_RS03505
M744_RS12760	36.7266	SYNPCC7942_RS03500
M744_RS12765	77.1664	SYNPCC7942_RS03495
M744_RS12770	37.3677	SYNPCC7942_RS03490
M744_RS12775	169.2515	SYNPCC7942_RS03485
M744_RS12780	871.4255	SYNPCC7942_RS03480
M744_RS12790	80.8477	SYNPCC7942_RS03470
M744_RS12800	541.6646	SYNPCC7942_RS03465
M744_RS12805	79.6767	SYNPCC7942_RS03460
M744_RS12810	69.8833	SYNPCC7942_RS03455
M744_RS12815	346.6991	SYNPCC7942_RS03450
M744_RS12820	35.8756	SYNPCC7942_RS03445
M744_RS12825	60.0415	SYNPCC7942_RS03440
M744_RS12830	23.3165	SYNPCC7942_RS03435
M744_RS12835	46.8837	SYNPCC7942_RS03430
M744_RS12840	16.0539	SYNPCC7942_RS03425
M744_RS12850	293.8904	SYNPCC7942_RS03415
M744_RS12855	17.4542	SYNPCC7942_RS03410
M744_RS12860	46.2537	SYNPCC7942_RS03405
M744_RS12865	42.0937	SYNPCC7942_RS03400
M744_RS12870	54.2434	SYNPCC7942_RS03395
M744_RS12875	277.0884	SYNPCC7942_RS03390
M744_RS12880	88.4833	SYNPCC7942_RS03385
M744_RS12885	46.6431	SYNPCC7942_RS03380
M744_RS12890	131.8947	SYNPCC7942_RS03375
M744_RS12895	133.1298	SYNPCC7942_RS03370
M744_RS12900	1208.6467	SYNPCC7942_RS03365
M744_RS12905	6515.2586	SYNPCC7942_RS03360
M744_RS12920	326.9345	SYNPCC7942_RS03345
M744_RS12925	107.1495	SYNPCC7942_RS03340
M744_RS12930	235.2882	SYNPCC7942_RS03335
M744_RS12935	86.6895	SYNPCC7942_RS03330
M744_RS12940	1778.0272	SYNPCC7942_RS03325
M744_RS12945	59.1062	SYNPCC7942_RS13685
M744_RS12950	216.8102	SYNPCC7942_RS03320
M744_RS12955	20.4040	SYNPCC7942_RS03315
M744_RS12960	779.1143	SYNPCC7942_RS03310
M744_RS12965	673.2835	SYNPCC7942_RS03305
M744_RS12970	82.3779	SYNPCC7942_RS03300
M744_RS12975	207.8558	SYNPCC7942_RS03295
M744_RS12980	104.0809	SYNPCC7942_RS03290
M744_RS12985	141.4696	SYNPCC7942_RS03285
M744_RS12990	153.6384	SYNPCC7942_RS03280
M744_RS12995	155.9576	SYNPCC7942_RS03275
M744_RS13000	388.7714	SYNPCC7942_RS03270
M744_RS13005	524.7049	SYNPCC7942_RS03265
M744_RS13010	1019.5600	SYNPCC7942_RS03260
M744_RS13015	482.9739	SYNPCC7942_RS03255
M744_RS13020	723.7656	SYNPCC7942_RS03250
M744_RS13025	426.3517	SYNPCC7942_RS03245
M744_RS13030	255.0810	SYNPCC7942_RS03240
M744_RS13035	182.0273	SYNPCC7942_RS03235
M744_RS13040	5.6950	SYNPCC7942_RS03230
M744_RS13045	49.7221	SYNPCC7942_RS03225
M744_RS13050	10.8296	SYNPCC7942_RS03220
M744_RS13060	237.1911	SYNPCC7942_RS03210
M744_RS13065	398.0613	SYNPCC7942_RS03205
M744_RS13070	147.4977	SYNPCC7942_RS03200
M744_RS13075	218.1608	SYNPCC7942_RS03195
M744_RS13080	395.5180	SYNPCC7942_RS03190
M744_RS13085	282.3116	SYNPCC7942_RS03185
M744_RS13090	226.6848	SYNPCC7942_RS03180
M744_RS13095	105.7266	SYNPCC7942_RS03175
M744_RS13100	445.4743	SYNPCC7942_RS03170
M744_RS13105	19.8191	SYNPCC7942_RS03165
M744_RS13110	22.9891	SYNPCC7942_RS03160
M744_RS13115	41.6999	SYNPCC7942_RS03155
M744_RS13120	115.7392	SYNPCC7942_RS03150
M744_RS13125	15.1152	SYNPCC7942_RS03145
M744_RS13130	118.6308	SYNPCC7942_RS03140
M744_RS13140	122.9932	SYNPCC7942_RS03130
M744_RS13145	105.9612	SYNPCC7942_RS03125
M744_RS13150	139.7881	SYNPCC7942_RS03120
M744_RS13160	14.4460	SYNPCC7942_RS03110
M744_RS13165	33.4674	SYNPCC7942_RS03105
M744_RS13170	250.7552	SYNPCC7942_RS03100
M744_RS13175	577.8457	SYNPCC7942_RS03095
M744_RS13180	92.8923	SYNPCC7942_RS03090
M744_RS13185	320.6344	SYNPCC7942_RS03080
M744_RS13190	261.5247	SYNPCC7942_RS03075
M744_RS13200	497.9513	SYNPCC7942_RS03065
M744_RS13205	22.5927	SYNPCC7942_RS03060
M744_RS13210	41.1953	SYNPCC7942_RS03055
M744_RS13215	229.2231	SYNPCC7942_RS03050
M744_RS13220	170.5092	SYNPCC7942_RS03045
M744_RS13230	47.4286	SYNPCC7942_RS03035
M744_RS13235	24.2735	SYNPCC7942_RS03030
M744_RS13240	66.3237	SYNPCC7942_RS03025
M744_RS13245	167.6019	SYNPCC7942_RS03020
M744_RS13250	31.8350	SYNPCC7942_RS03015
M744_RS13255	130.3041	SYNPCC7942_RS03010
M744_RS13290	15.6723	SYNPCC7942_RS13490
M744_RS13295	68.0571	SYNPCC7942_RS13485
M744_RS13300	73.0129	SYNPCC7942_RS13480
M744_RS13315	42.3607	SYNPCC7942_RS13465
M744_RS13320	27.2045	SYNPCC7942_RS13455
M744_RS13325	9.1284	SYNPCC7942_RS13450
M744_RS13330	2.0346	SYNPCC7942_RS13445
M744_RS13335	6.6238	SYNPCC7942_RS13440
M744_RS13340	0.9882	SYNPCC7942_RS13435
M744_RS13345	5.0976	SYNPCC7942_RS13430
M744_RS13350	7.5283	SYNPCC7942_RS13425
M744_RS13355	6.6055	SYNPCC7942_RS13420
M744_RS13360	3.1249	SYNPCC7942_RS13415
M744_RS13365	4.0497	SYNPCC7942_RS13410
M744_RS13370	6.9909	SYNPCC7942_RS13405
M744_RS13375	7.3849	SYNPCC7942_RS13400
M744_RS13380	2.0881	SYNPCC7942_RS13395
M744_RS13385	3.8821	SYNPCC7942_RS13390
M744_RS13395	3.4875	SYNPCC7942_RS13380
M744_RS13400	3.2320	SYNPCC7942_RS13375
M744_RS13405	4.5194	SYNPCC7942_RS13370
M744_RS13410	9.5988	SYNPCC7942_RS13365
M744_RS13415	10.6664	SYNPCC7942_RS13360
M744_RS13420	41.3058	SYNPCC7942_RS13355
M744_RS13425	18.5982	SYNPCC7942_RS13350
M744_RS13430	7.1885	SYNPCC7942_RS13345
M744_RS13440	45.2654	SYNPCC7942_RS13335
M744_RS13445	19.0788	SYNPCC7942_RS13330
M744_RS13450	25.4249	SYNPCC7942_RS13595
M744_RS13455	18.0930	SYNPCC7942_RS13590
M744_RS13470	1.0380	SYNPCC7942_RS13575
M744_RS13475	38.5879	SYNPCC7942_RS13570
M744_RS13480	13.4855	SYNPCC7942_RS13565
M744_RS13485	41.5589	SYNPCC7942_RS13560
M744_RS13490	113.0572	SYNPCC7942_RS13555
M744_RS13495	6.0428	SYNPCC7942_RS13550
M744_RS13500	3.6953	SYNPCC7942_RS13545
M744_RS13505	12.5278	SYNPCC7942_RS13540
M744_RS13510	2.7009	SYNPCC7942_RS13535
M744_RS13520	18.7269	SYNPCC7942_RS13525
M744_RS13525	1.9990	SYNPCC7942_RS13520
M744_RS13540	449.4829	SYNPCC7942_RS13505
M744_RS13545	18.5081	SYNPCC7942_RS13500
M744_RS13550	6.9164	SYNPCC7942_RS13495
M744_RS13590	13.9043	SYNPCC7942_RS13610
M744_RS13595	7.8008	SYNPCC7942_RS13630
M744_RS13600	9.8874	SYNPCC7942_RS13625
M744_RS13605	59.4403	SYNPCC7942_RS13615
M744_RS13615	7.3978	SYNPCC7942_RS13640
M744_RS13625	322.2985	SYNPCC7942_RS13675
M744_RS13630	28.5124	SYNPCC7942_RS13670
M744_RS13635	83.7431	SYNPCC7942_RS13665
M744_RS13640	29.8959	SYNPCC7942_RS00595
M744_RS13645	48.2513	SYNPCC7942_RS13660
M744_RS13655	39.4118	SYNPCC7942_RS13645
M744_RS13660	1890.2528	SYNPCC7942_RS13855
M744_RS13675	32.6325	SYNPCC7942_RS13840
M744_RS13690	112.7209	SYNPCC7942_RS13830
M744_RS13705	379.8090	SYNPCC7942_RS13815
M744_RS13710	3.3242	SYNPCC7942_RS10865
M744_RS13720	6.3881	SYNPCC7942_RS13805
M744_RS13725	314.5814	SYNPCC7942_RS13795
M744_RS13735	9.0990	SYNPCC7942_RS13760
M744_RS13745	1140.7075	SYNPCC7942_RS13770
M744_RS13760	2.8240	SYNPCC7942_RS13785
M744_RS13770	382.5223	SYNPCC7942_RS13750
M744_RS13775	36.3521	SYNPCC7942_RS06420
M744_RS13780	91.1460	SYNPCC7942_RS13745
M744_RS13790	409.8356	SYNPCC7942_RS13735
M744_RS13795	74.4619	SYNPCC7942_RS13730
M744_RS13805	78.6216	SYNPCC7942_RS04950
M744_RS13810	5.5447	SYNPCC7942_RS13715
M744_RS13815	44.6512	SYNPCC7942_RS13710
M744_RS13820	100.9525	SYNPCC7942_RS13695
M744_RS13825	79.9176	SYNPCC7942_RS13690
M744_RS13830	87.3053	SYNPCC7942_RS13680
M744_RS13840	2.5495	SYNPCC7942_RS13860
M744_RS13845	4.7902	SYNPCC7942_RS13880
M744_RS13850	32.1375	SYNPCC7942_RS13870
M744_RS13860	2.3092	SYNPCC7942_RS13515
M744_RS13870	21.0012	SYNPCC7942_RS13930
M744_RS13875	46.9738	SYNPCC7942_RS13925
M744_RS13880	12.7034	SYNPCC7942_RS13920
M744_RS13885	13.2989	SYNPCC7942_RS13915
M744_RS13890	15.4432	SYNPCC7942_RS13910
M744_RS13895	1532.7682	SYNPCC7942_RS13905
M744_RS13900	469.1342	SYNPCC7942_RS14105
M744_RS13905	1214.3302	SYNPCC7942_RS14100
M744_RS13910	18.5927	SYNPCC7942_RS14095
M744_RS13915	43.4304	SYNPCC7942_RS11480
M744_RS13925	16.2039	SYNPCC7942_RS14085
M744_RS13930	5.8852	SYNPCC7942_RS10985
M744_RS13935	2.8644	SYNPCC7942_RS14080
M744_RS13945	1.6000	SYNPCC7942_RS14070
M744_RS13950	37.0982	SYNPCC7942_RS14065
M744_RS13955	7.9807	SYNPCC7942_RS14060
M744_RS13960	11.9497	SYNPCC7942_RS14055
M744_RS13965	10.8849	SYNPCC7942_RS14050
M744_RS13970	5.7228	SYNPCC7942_RS14045
M744_RS13975	3.0452	SYNPCC7942_RS14015
M744_RS13980	13.0012	SYNPCC7942_RS14020
M744_RS13985	14.8586	SYNPCC7942_RS14025
M744_RS13990	6.3427	SYNPCC7942_RS14030
M744_RS13995	4.8462	SYNPCC7942_RS14035
M744_RS14005	3.2990	SYNPCC7942_RS14005
M744_RS14010	79.1333	SYNPCC7942_RS14000
M744_RS14015	20.2430	SYNPCC7942_RS13995
M744_RS14020	21.3336	SYNPCC7942_RS13990
M744_RS14025	9.7213	SYNPCC7942_RS13985
M744_RS14030	28.0099	SYNPCC7942_RS13980
M744_RS14035	3500.5911	SYNPCC7942_RS13970
M744_RS14040	11.2264	SYNPCC7942_RS13965
M744_RS14045	873.6918	SYNPCC7942_RS13960
M744_RS14050	0.6454	SYNPCC7942_RS13940
M744_RS14055	0.6104	SYNPCC7942_RS13935
M744_RS14060	54.7477	SYNPCC7942_RS03735
M744_RS14065	1.3730	SYNPCC7942_RS13460
M744_RS14070	12.0144	SYNPCC7942_RS14125
M744_RS14080	8.7835	SYNPCC7942_RS14115
M744_RS14085	48.8241	SYNPCC7942_RS14145
M744_RS14090	85.3969	SYNPCC7942_RS14140
M744_RS14095	413.5213	SYNPCC7942_RS14135
M744_RS14100	18.9626	SYNPCC7942_RS14130
M744_RS14105	24.9341	SYNPCC7942_RS14200
M744_RS14110	36.8848	SYNPCC7942_RS14195
M744_RS14120	15.4538	SYNPCC7942_RS14190
M744_RS14125	46.1929	SYNPCC7942_RS14185
M744_RS14130	8.9785	SYNPCC7942_RS14180
M744_RS14135	3.1288	SYNPCC7942_RS14170
M744_RS14140	8.8184	SYNPCC7942_RS14175
M744_RS14150	394.2930	SYNPCC7942_RS14160
M744_RS14155	633.4940	SYNPCC7942_RS14155
M744_RS14160	9.3517	SYNPCC7942_RS14150
M744_RS14195	0.1209	SYNPCC7942_RS14295
M744_RS14210	5122.7392	SYNPCC7942_RS00240
