locus_tag	abundance	source_gene_id
M744_RS00005	4.7876	SYNPCC7942_RS02980
M744_RS00010	283.4093	SYNPCC7942_RS02975
M744_RS00020	134.1153	SYNPCC7942_RS02965
M744_RS00025	5.7028	SYNPCC7942_RS02960
M744_RS00030	9.7165	SYNPCC7942_RS02955
M744_RS00035	74.8362	SYNPCC7942_RS02950
M744_RS00040	179.2698	SYNPCC7942_RS02945
M744_RS00045	672.8981	SYNPCC7942_RS02940
M744_RS00050	52.3784	SYNPCC7942_RS02935
M744_RS00055	247.7411	SYNPCC7942_RS02930
M744_RS00060	33.2155	SYNPCC7942_RS02925
M744_RS00065	5.5515	SYNPCC7942_RS02920
M744_RS00075	4.3138	SYNPCC7942_RS02910
M744_RS00080	33.1787	SYNPCC7942_RS02905
M744_RS00085	48.3688	SYNPCC7942_RS02900
M744_RS00090	284.2163	SYNPCC7942_RS02895
M744_RS00095	15.9766	SYNPCC7942_RS02890
M744_RS00100	23.2888	SYNPCC7942_RS02885
M744_RS00105	9.3855	SYNPCC7942_RS02880
M744_RS00110	56.8602	SYNPCC7942_RS02875
M744_RS00115	33.5812	SYNPCC7942_RS02870
M744_RS00120	35.9052	SYNPCC7942_RS02865
M744_RS00125	16.9858	SYNPCC7942_RS02860
M744_RS00130	87.0519	SYNPCC7942_RS02855
M744_RS00135	9.6979	SYNPCC7942_RS02850
M744_RS00140	70.2386	SYNPCC7942_RS02845
M744_RS00145	45.3683	SYNPCC7942_RS02840
M744_RS00150	7.5331	SYNPCC7942_RS02835
M744_RS00155	43.1893	SYNPCC7942_RS02830
M744_RS00160	7.4653	SYNPCC7942_RS02825
M744_RS00165	112.6458	SYNPCC7942_RS02820
M744_RS00170	41.5024	SYNPCC7942_RS02815
M744_RS00175	42.0639	SYNPCC7942_RS02810
M744_RS00180	192.5823	SYNPCC7942_RS02805
M744_RS00185	3.9869	SYNPCC7942_RS02800
M744_RS00190	59.0654	SYNPCC7942_RS02795
M744_RS00195	48.5078	SYNPCC7942_RS02790
M744_RS00200	1.7606	SYNPCC7942_RS02785
M744_RS00205	60.1154	SYNPCC7942_RS02780
M744_RS00210	50.4866	SYNPCC7942_RS02775
M744_RS00215	12.4982	SYNPCC7942_RS02770
M744_RS00220	22.3389	SYNPCC7942_RS02765
M744_RS00225	24.2550	SYNPCC7942_RS02760
M744_RS00230	3.9604	SYNPCC7942_RS02755
M744_RS00235	13.8623	SYNPCC7942_RS02750
M744_RS00240	14.9918	SYNPCC7942_RS02745
M744_RS00245	7.4389	SYNPCC7942_RS02740
M744_RS00250	3071.1839	SYNPCC7942_RS02735
M744_RS00255	524.6370	SYNPCC7942_RS02730
M744_RS00260	57.9251	SYNPCC7942_RS02725
M744_RS00265	1358.6784	SYNPCC7942_RS02720
M744_RS00270	138.6719	SYNPCC7942_RS02715
M744_RS00275	8.5479	SYNPCC7942_RS02710
M744_RS00280	5.5761	SYNPCC7942_RS02705
M744_RS00285	85.2641	SYNPCC7942_RS02700
M744_RS00290	3.8154	SYNPCC7942_RS02695
M744_RS00295	19.2571	SYNPCC7942_RS02690
M744_RS00300	248.4834	SYNPCC7942_RS02685
M744_RS00305	52.9420	SYNPCC7942_RS02680
M744_RS00310	30.2046	SYNPCC7942_RS02675
M744_RS00315	54.9829	SYNPCC7942_RS02670
M744_RS00320	21.0177	SYNPCC7942_RS02665
M744_RS00325	10.6679	SYNPCC7942_RS02660
M744_RS00330	7.9127	SYNPCC7942_RS02655
M744_RS00335	10.1065	SYNPCC7942_RS02645
M744_RS00340	11.1256	SYNPCC7942_RS02640
M744_RS00345	5.0777	SYNPCC7942_RS02635
M744_RS00350	45.8118	SYNPCC7942_RS02630
M744_RS00355	35.1801	SYNPCC7942_RS02625
M744_RS00360	777.5332	SYNPCC7942_RS02620
M744_RS00365	23.9382	SYNPCC7942_RS02615
M744_RS00370	165.5796	SYNPCC7942_RS02610
M744_RS00375	12.7230	SYNPCC7942_RS02605
M744_RS00380	54.2046	SYNPCC7942_RS02600
M744_RS00385	114.9927	SYNPCC7942_RS02595
M744_RS00390	14.4732	SYNPCC7942_RS02590
M744_RS00395	7.3755	SYNPCC7942_RS02585
M744_RS00400	65.9204	SYNPCC7942_RS02580
M744_RS00405	159.3059	SYNPCC7942_RS02575
M744_RS00410	103.9863	SYNPCC7942_RS02570
M744_RS00415	2229.5479	SYNPCC7942_RS02565
M744_RS00420	118.5276	SYNPCC7942_RS02560
M744_RS00425	17.1490	SYNPCC7942_RS02555
M744_RS00430	1.2950	SYNPCC7942_RS02550
M744_RS00435	33.2379	SYNPCC7942_RS02545
M744_RS00440	6.2337	SYNPCC7942_RS02540
M744_RS00445	21.4875	SYNPCC7942_RS02535
M744_RS00450	32.1945	SYNPCC7942_RS02530
M744_RS00455	14.8367	SYNPCC7942_RS02525
M744_RS00460	96.1067	SYNPCC7942_RS02520
M744_RS00465	7.5593	SYNPCC7942_RS02515
M744_RS00470	23.7156	SYNPCC7942_RS02510
M744_RS00475	29.7166	SYNPCC7942_RS02505
M744_RS00485	14.5672	SYNPCC7942_RS02495
M744_RS00490	127.8778	SYNPCC7942_RS02490
M744_RS00495	176.9070	SYNPCC7942_RS02485
M744_RS00500	25.3760	SYNPCC7942_RS02480
M744_RS00505	70.3704	SYNPCC7942_RS02475
M744_RS00510	184.3030	SYNPCC7942_RS02470
M744_RS00515	184.3673	SYNPCC7942_RS02465
M744_RS00520	38.0874	SYNPCC7942_RS02460
M744_RS00525	125.9192	SYNPCC7942_RS02455
M744_RS00530	58.5613	SYNPCC7942_RS02450
M744_RS00535	57.8930	SYNPCC7942_RS02445
M744_RS00540	312.2511	SYNPCC7942_RS02440
M744_RS00545	38.8770	SYNPCC7942_RS02435
M744_RS00550	222.0984	SYNPCC7942_RS02430
M744_RS00555	30.4928	SYNPCC7942_RS02425
M744_RS00560	0.9722	SYNPCC7942_RS02420
M744_RS00565	214.2888	SYNPCC7942_RS02415
M744_RS00570	4.9550	SYNPCC7942_RS02410
M744_RS00575	33.3259	SYNPCC7942_RS02405
M744_RS00590	434.8274	SYNPCC7942_RS02390
M744_RS00595	22.8452	SYNPCC7942_RS02385
M744_RS00600	15.7601	SYNPCC7942_RS02380
M744_RS00605	123.6355	SYNPCC7942_RS02375
M744_RS00610	184.5747	SYNPCC7942_RS02370
M744_RS00615	302.5113	SYNPCC7942_RS02365
M744_RS00620	19.9919	SYNPCC7942_RS02360
M744_RS00625	8.6623	SYNPCC7942_RS02355
M744_RS00630	6.3705	SYNPCC7942_RS02350
M744_RS00635	11.4932	SYNPCC7942_RS02345
M744_RS00640	45.4196	SYNPCC7942_RS02340
M744_RS00645	65.7161	SYNPCC7942_RS02335
M744_RS00650	4.7958	SYNPCC7942_RS02330
M744_RS00655	21.3932	SYNPCC7942_RS02325
M744_RS00660	3.5519	SYNPCC7942_RS02320
M744_RS00665	31.6838	SYNPCC7942_RS02315
M744_RS00675	78.9324	SYNPCC7942_RS02305
M744_RS00680	100.8417	SYNPCC7942_RS02300
M744_RS00685	73.4825	SYNPCC7942_RS02295
M744_RS00690	311.5509	SYNPCC7942_RS02290
M744_RS00695	12.2489	SYNPCC7942_RS02285
M744_RS00700	633.2591	SYNPCC7942_RS02280
M744_RS00705	22.6088	SYNPCC7942_RS02275
M744_RS00710	111.4699	SYNPCC7942_RS02270
M744_RS00715	252.1256	SYNPCC7942_RS02265
M744_RS00720	8384.6600	SYNPCC7942_RS02260
M744_RS00725	8.8013	SYNPCC7942_RS02255
M744_RS00735	41.9699	SYNPCC7942_RS02245
M744_RS00740	14.4978	SYNPCC7942_RS02240
M744_RS00750	1.4359	SYNPCC7942_RS02230
M744_RS00755	18.7095	SYNPCC7942_RS02225
M744_RS00760	19.2366	SYNPCC7942_RS02220
M744_RS00770	7.0855	SYNPCC7942_RS02210
M744_RS00775	38.5035	SYNPCC7942_RS02205
M744_RS00780	31.7979	SYNPCC7942_RS02200
M744_RS00785	922.4319	SYNPCC7942_RS02195
M744_RS00790	498.1263	SYNPCC7942_RS02190
M744_RS00795	66.0852	SYNPCC7942_RS02185
M744_RS00800	43.2832	SYNPCC7942_RS02180
M744_RS00805	13.5193	SYNPCC7942_RS02175
M744_RS00810	290.3472	SYNPCC7942_RS02170
M744_RS00815	24281.2967	SYNPCC7942_RS02165
M744_RS00820	90.3812	SYNPCC7942_RS02160
M744_RS00825	45.8219	SYNPCC7942_RS02155
M744_RS00830	17.5472	SYNPCC7942_RS02150
M744_RS00835	47.7294	SYNPCC7942_RS02145
M744_RS00840	58.8028	SYNPCC7942_RS02140
M744_RS00845	338.3979	SYNPCC7942_RS02135
M744_RS00850	518.8816	SYNPCC7942_RS02130
M744_RS00855	304.1722	SYNPCC7942_RS02125
M744_RS00860	814.2915	SYNPCC7942_RS02120
M744_RS00865	33.9809	SYNPCC7942_RS02115
M744_RS00875	58.7757	SYNPCC7942_RS02105
M744_RS00880	25.4170	SYNPCC7942_RS02100
M744_RS00885	42.6824	SYNPCC7942_RS02095
M744_RS00890	6.6996	SYNPCC7942_RS02090
M744_RS00895	8.5132	SYNPCC7942_RS02085
M744_RS00900	8.9501	SYNPCC7942_RS02080
M744_RS00905	155.4599	SYNPCC7942_RS02075
M744_RS00910	27.7473	SYNPCC7942_RS02070
M744_RS00915	9.3035	SYNPCC7942_RS02065
M744_RS00920	35.4582	SYNPCC7942_RS02060
M744_RS00925	5.6864	SYNPCC7942_RS02055
M744_RS00930	6.1949	SYNPCC7942_RS02050
M744_RS00935	20.2536	SYNPCC7942_RS02045
M744_RS00940	34.4797	SYNPCC7942_RS02040
M744_RS00945	62.4628	SYNPCC7942_RS02035
M744_RS00950	170.1765	SYNPCC7942_RS02030
M744_RS00955	50.8627	SYNPCC7942_RS02025
M744_RS00960	189.9696	SYNPCC7942_RS02020
M744_RS00965	111.9768	SYNPCC7942_RS02015
M744_RS00970	46.0445	SYNPCC7942_RS02010
M744_RS00975	15.1066	SYNPCC7942_RS02005
M744_RS00980	8.8054	SYNPCC7942_RS02000
M744_RS00985	279.3656	SYNPCC7942_RS01995
M744_RS00990	14.4896	SYNPCC7942_RS01990
M744_RS00995	8.2213	SYNPCC7942_RS01985
M744_RS01000	6.0745	SYNPCC7942_RS01980
M744_RS01005	14.5164	SYNPCC7942_RS01975
M744_RS01010	89.9332	SYNPCC7942_RS01970
M744_RS01015	2078.0004	SYNPCC7942_RS01965
M744_RS01020	10.3842	SYNPCC7942_RS01960
M744_RS01025	167.5890	SYNPCC7942_RS01955
M744_RS01030	709.2379	SYNPCC7942_RS01950
M744_RS01035	96.4002	SYNPCC7942_RS01945
M744_RS01040	11.1641	SYNPCC7942_RS01940
M744_RS01045	77.5781	SYNPCC7942_RS01935
M744_RS01050	57.3599	SYNPCC7942_RS01930
M744_RS01055	26.0421	SYNPCC7942_RS01925
M744_RS01060	3.8460	SYNPCC7942_RS01920
M744_RS01065	50.0582	SYNPCC7942_RS01915
M744_RS01070	78.2648	SYNPCC7942_RS01910
M744_RS01075	13.8686	SYNPCC7942_RS01905
M744_RS01080	9.1383	SYNPCC7942_RS01900
M744_RS01090	7.0568	SYNPCC7942_RS01890
M744_RS01095	57.6212	SYNPCC7942_RS01885
M744_RS01100	24.6409	SYNPCC7942_RS01880
M744_RS01105	10.9031	SYNPCC7942_RS01875
M744_RS01110	13.2274	SYNPCC7942_RS01870
M744_RS01115	27.9437	SYNPCC7942_RS01865
M744_RS01120	105.1448	SYNPCC7942_RS01860
M744_RS01125	20.0269	SYNPCC7942_RS01855
M744_RS01130	13.0619	SYNPCC7942_RS01850
M744_RS01135	58.3848	SYNPCC7942_RS01845
M744_RS01140	414.5773	SYNPCC7942_RS01840
M744_RS01145	69.5700	SYNPCC7942_RS01835
M744_RS01150	24.8719	SYNPCC7942_RS01830
M744_RS01155	6.3787	SYNPCC7942_RS01825
M744_RS01160	125.5132	SYNPCC7942_RS01820
M744_RS01170	36.6615	SYNPCC7942_RS01810
M744_RS01175	103.7593	SYNPCC7942_RS01805
M744_RS01180	23.7727	SYNPCC7942_RS01800
M744_RS01185	10.9765	SYNPCC7942_RS01795
M744_RS01190	32.2452	SYNPCC7942_RS01790
M744_RS01195	21.4651	SYNPCC7942_RS01785
M744_RS01200	9.0873	SYNPCC7942_RS01780
M744_RS01205	124.3940	SYNPCC7942_RS01775
M744_RS01210	229.5180	SYNPCC7942_RS01770
M744_RS01215	21.1117	SYNPCC7942_RS01765
M744_RS01220	5.6700	SYNPCC7942_RS01760
M744_RS01225	89.6751	SYNPCC7942_RS01755
M744_RS01230	397.1061	SYNPCC7942_RS01750
M744_RS01235	22.5003	SYNPCC7942_RS01745
M744_RS01240	12.6328	SYNPCC7942_RS01740
M744_RS01245	4.4547	SYNPCC7942_RS01735
M744_RS01250	35.9077	SYNPCC7942_RS01730
M744_RS01255	13.3683	SYNPCC7942_RS01725
M744_RS01260	93.4839	SYNPCC7942_RS01720
M744_RS01265	1484.4729	SYNPCC7942_RS01715
M744_RS01275	999.3447	SYNPCC7942_RS01705
M744_RS01280	578.6701	SYNPCC7942_RS01700
M744_RS01285	676.6769	SYNPCC7942_RS01695
M744_RS01290	1400.8127	SYNPCC7942_RS01690
M744_RS01295	5798.9667	SYNPCC7942_RS01685
M744_RS01300	2398.6393	SYNPCC7942_RS01680
M744_RS01305	84.8345	SYNPCC7942_RS01675
M744_RS01310	4854.6504	SYNPCC7942_RS01670
M744_RS01315	6481.5283	SYNPCC7942_RS01665
M744_RS01320	6872.4430	SYNPCC7942_RS01660
M744_RS01325	956.0923	SYNPCC7942_RS01655
M744_RS01330	159.8840	SYNPCC7942_RS01650
M744_RS01335	115.1652	SYNPCC7942_RS01645
M744_RS01340	107.2623	SYNPCC7942_RS01640
M744_RS01345	1111.7428	SYNPCC7942_RS01635
M744_RS01350	28.1376	SYNPCC7942_RS01630
M744_RS01355	16.8896	SYNPCC7942_RS01625
M744_RS01360	173.2338	SYNPCC7942_RS01620
M744_RS01365	33.7098	SYNPCC7942_RS01615
M744_RS01370	23.1050	SYNPCC7942_RS01610
M744_RS01375	352.6003	SYNPCC7942_RS01605
M744_RS01380	7.8310	SYNPCC7942_RS01600
M744_RS01385	54.5980	SYNPCC7942_RS01595
M744_RS01390	10.7518	SYNPCC7942_RS01590
M744_RS01395	16.4814	SYNPCC7942_RS01585
M744_RS01400	26.9450	SYNPCC7942_RS01580
M744_RS01405	327.3366	SYNPCC7942_RS01575
M744_RS01410	232.1683	SYNPCC7942_RS01570
M744_RS01415	91.9842	SYNPCC7942_RS01565
M744_RS01420	37.3635	SYNPCC7942_RS01560
M744_RS01425	53.5684	SYNPCC7942_RS01555
M744_RS01430	93.6147	SYNPCC7942_RS01550
M744_RS01435	6.8629	SYNPCC7942_RS01545
M744_RS01440	17.2959	SYNPCC7942_RS01540
M744_RS01445	194.1771	SYNPCC7942_RS01535
M744_RS01450	225.4892	SYNPCC7942_RS01530
M744_RS01455	32.2105	SYNPCC7942_RS01525
M744_RS01460	7.4389	SYNPCC7942_RS01520
M744_RS01465	1063.2894	SYNPCC7942_RS01515
M744_RS01470	126.1285	SYNPCC7942_RS01510
M744_RS01475	589.7272	SYNPCC7942_RS01505
M744_RS01480	2549.2851	SYNPCC7942_RS01500
M744_RS01485	3.5030	SYNPCC7942_RS01495
M744_RS01490	33.6805	SYNPCC7942_RS01490
M744_RS01495	114.8518	SYNPCC7942_RS01485
M744_RS01505	24.6147	SYNPCC7942_RS01475
M744_RS01510	600.9086	SYNPCC7942_RS01470
M744_RS01515	138.4868	SYNPCC7942_RS01465
M744_RS01525	15.2800	SYNPCC7942_RS01455
M744_RS01530	49.7543	SYNPCC7942_RS01450
M744_RS01535	80.5875	SYNPCC7942_RS01445
M744_RS01540	7.4307	SYNPCC7942_RS01440
M744_RS01545	501.7844	SYNPCC7942_RS01435
M744_RS01550	76.8604	SYNPCC7942_RS01430
M744_RS01555	19.5717	SYNPCC7942_RS01425
M744_RS01560	13.7974	SYNPCC7942_RS01420
M744_RS01565	8.4558	SYNPCC7942_RS01415
M744_RS01570	51.1792	SYNPCC7942_RS01410
M744_RS01575	74.9884	SYNPCC7942_RS01405
M744_RS01580	3.4620	SYNPCC7942_RS01400
M744_RS01585	3.8359	SYNPCC7942_RS01395
M744_RS01590	3.3006	SYNPCC7942_RS01390
M744_RS01595	15.2617	SYNPCC7942_RS01385
M744_RS01600	30.0108	SYNPCC7942_RS01380
M744_RS01605	113.2845	SYNPCC7942_RS01375
M744_RS01610	16.5933	SYNPCC7942_RS01370
M744_RS01615	12.1896	SYNPCC7942_RS01365
M744_RS01620	131.7194	SYNPCC7942_RS01360
M744_RS01625	14.5732	SYNPCC7942_RS01355
M744_RS01630	10.5046	SYNPCC7942_RS01350
M744_RS01635	30.7314	SYNPCC7942_RS01345
M744_RS01640	71.3161	SYNPCC7942_RS01340
M744_RS01645	229.0524	SYNPCC7942_RS01335
M744_RS01650	7.8351	SYNPCC7942_RS01330
M744_RS01655	5184.2335	SYNPCC7942_RS01325
M744_RS01660	192.9536	SYNPCC7942_RS01320
M744_RS01665	3.2335	SYNPCC7942_RS01315
M744_RS01670	13.5458	SYNPCC7942_RS01310
M744_RS01680	55.5854	SYNPCC7942_RS01300
M744_RS01685	1034.1874	SYNPCC7942_RS01295
M744_RS01690	619.5962	SYNPCC7942_RS01290
M744_RS01695	402.2631	SYNPCC7942_RS01285
M744_RS01700	21.3484	SYNPCC7942_RS01280
M744_RS01705	7.2551	SYNPCC7942_RS01275
M744_RS01710	10.2370	SYNPCC7942_RS01270
M744_RS01715	67.8601	SYNPCC7942_RS01265
M744_RS01720	58.6407	SYNPCC7942_RS01260
M744_RS01725	79.5500	SYNPCC7942_RS01255
M744_RS01730	167.1801	SYNPCC7942_RS01250
M744_RS01735	437.6908	SYNPCC7942_RS01245
M744_RS01740	372.7348	SYNPCC7942_RS01240
M744_RS01745	123.2027	SYNPCC7942_RS01235
M744_RS01755	48.2133	SYNPCC7942_RS01225
M744_RS01760	1112.0264	SYNPCC7942_RS01220
M744_RS01765	20.6722	SYNPCC7942_RS01215
M744_RS01770	37.9704	SYNPCC7942_RS01210
M744_RS01775	24.5879	SYNPCC7942_RS01205
M744_RS01780	66.8204	SYNPCC7942_RS01200
M744_RS01785	8.1762	SYNPCC7942_RS01195
M744_RS01790	15.1103	SYNPCC7942_RS01190
M744_RS01795	52.4836	SYNPCC7942_RS01185
M744_RS01800	70.8407	SYNPCC7942_RS01180
M744_RS01805	7.7330	SYNPCC7942_RS01175
M744_RS01810	38.0230	SYNPCC7942_RS01170
M744_RS01815	74.5335	SYNPCC7942_RS01165
M744_RS01820	2.6348	SYNPCC7942_RS01160
M744_RS01825	87.0736	SYNPCC7942_RS01155
M744_RS01830	37.5335	SYNPCC7942_RS01150
M744_RS01835	379.7130	SYNPCC7942_RS01145
M744_RS01840	71.4328	SYNPCC7942_RS01140
M744_RS01845	47.6601	SYNPCC7942_RS01135
M744_RS01850	12.5247	SYNPCC7942_RS01130
M744_RS01855	36.5344	SYNPCC7942_RS01125
M744_RS01860	30.9155	SYNPCC7942_RS01120
M744_RS01865	5.6413	SYNPCC7942_RS01115
M744_RS01870	9.3956	SYNPCC7942_RS01110
M744_RS01880	57.3722	SYNPCC7942_RS01100
M744_RS01885	16.8486	SYNPCC7942_RS01095
M744_RS01890	103.0282	SYNPCC7942_RS01090
M744_RS01895	37.9209	SYNPCC7942_RS01085
M744_RS01900	6.3809	SYNPCC7942_RS01080
M744_RS01905	59.0351	SYNPCC7942_RS01075
M744_RS01910	31.7613	SYNPCC7942_RS01070
M744_RS01915	3.8195	SYNPCC7942_RS01065
M744_RS01920	3.3334	SYNPCC7942_RS01060
M744_RS01925	36.5285	SYNPCC7942_RS01055
M744_RS01935	2.4205	SYNPCC7942_RS01045
M744_RS01940	14.8837	SYNPCC7942_RS01040
M744_RS01950	6.2888	SYNPCC7942_RS01030
M744_RS01955	80.5096	SYNPCC7942_RS01025
M744_RS01960	64.7294	SYNPCC7942_RS01020
M744_RS01965	24.4429	SYNPCC7942_RS01015
M744_RS01970	97.4046	SYNPCC7942_RS01010
M744_RS01975	61.6406	SYNPCC7942_RS01005
M744_RS01980	73.8293	SYNPCC7942_RS01000
M744_RS01985	79.6115	SYNPCC7942_RS00995
M744_RS01990	175.9174	SYNPCC7942_RS00990
M744_RS01995	146.5722	SYNPCC7942_RS00985
M744_RS02005	55.7446	SYNPCC7942_RS00975
M744_RS02010	210.5292	SYNPCC7942_RS00970
M744_RS02015	7.7024	SYNPCC7942_RS00965
M744_RS02020	447.0972	SYNPCC7942_RS00960
M744_RS02025	3.9973	SYNPCC7942_RS00955
M744_RS02030	32.5762	SYNPCC7942_RS00950
M744_RS02035	2.4082	SYNPCC7942_RS00945
M744_RS02040	28.8056	SYNPCC7942_RS00940
M744_RS02045	10.5538	SYNPCC7942_RS00935
M744_RS02050	7.8187	SYNPCC7942_RS00930
M744_RS02055	12.2712	SYNPCC7942_RS00925
M744_RS02060	79.2370	SYNPCC7942_RS00920
M744_RS02065	25.4192	SYNPCC7942_RS00915
M744_RS02070	6.6381	SYNPCC7942_RS00910
M744_RS02075	28.2848	SYNPCC7942_RS00905
M744_RS02080	21.8465	SYNPCC7942_RS00900
M744_RS02090	0.8354	SYNPCC7942_RS00890
M744_RS02095	7.0996	SYNPCC7942_RS00885
M744_RS02100	9.7531	SYNPCC7942_RS00880
M744_RS02105	11.5484	SYNPCC7942_RS00875
M744_RS02110	50.0724	SYNPCC7942_RS00870
M744_RS02115	44.2775	SYNPCC7942_RS00865
M744_RS02120	638.1800	SYNPCC7942_RS00860
M744_RS02125	260.0732	SYNPCC7942_RS00855
M744_RS02130	37.1151	SYNPCC7942_RS00850
M744_RS02140	125.1654	SYNPCC7942_RS00840
M744_RS02145	37.9502	SYNPCC7942_RS00835
M744_RS02150	59.8008	SYNPCC7942_RS00830
M744_RS02155	138.2786	SYNPCC7942_RS00825
M744_RS02160	69.0214	SYNPCC7942_RS00820
M744_RS02165	68.7853	SYNPCC7942_RS00815
M744_RS02170	22.4679	SYNPCC7942_RS00810
M744_RS02175	6.1643	SYNPCC7942_RS00805
M744_RS02180	588.3243	SYNPCC7942_RS00800
M744_RS02185	257.8838	SYNPCC7942_RS00795
M744_RS02190	560.0373	SYNPCC7942_RS00790
M744_RS02195	1.6973	SYNPCC7942_RS00785
M744_RS02200	14.2425	SYNPCC7942_RS00780
M744_RS02205	87.5097	SYNPCC7942_RS00775
M744_RS02210	93.9006	SYNPCC7942_RS00770
M744_RS02215	67.3932	SYNPCC7942_RS00765
M744_RS02220	19.9188	SYNPCC7942_RS00760
M744_RS02225	4.0913	SYNPCC7942_RS00755
M744_RS02230	75.3582	SYNPCC7942_RS00750
M744_RS02235	65.1562	SYNPCC7942_RS00745
M744_RS02240	22.7005	SYNPCC7942_RS00740
M744_RS02245	8.2150	SYNPCC7942_RS00735
M744_RS02250	23.2620	SYNPCC7942_RS00730
M744_RS02255	361.0865	SYNPCC7942_RS00725
M744_RS02260	391.8707	SYNPCC7942_RS00720
M744_RS02265	214.6057	SYNPCC7942_RS00715
M744_RS02275	464.9592	SYNPCC7942_RS00705
M744_RS02280	39.5838	SYNPCC7942_RS00700
M744_RS02285	250.8819	SYNPCC7942_RS00695
M744_RS02290	16.4505	SYNPCC7942_RS00690
M744_RS02295	7.1876	SYNPCC7942_RS00685
M744_RS02300	58.5953	SYNPCC7942_RS00680
M744_RS02305	42.1452	SYNPCC7942_RS00675
M744_RS02310	17.8741	SYNPCC7942_RS00670
M744_RS02315	44.2387	SYNPCC7942_RS00665
M744_RS02320	42.2398	SYNPCC7942_RS00660
M744_RS02325	5.3472	SYNPCC7942_RS00655
M744_RS02330	33.4031	SYNPCC7942_RS00650
M744_RS02335	87.7802	SYNPCC7942_RS00645
M744_RS02345	116.3156	SYNPCC7942_RS00635
M744_RS02350	9.9063	SYNPCC7942_RS00630
M744_RS02360	39.0854	SYNPCC7942_RS00620
M744_RS02370	3.7379	SYNPCC7942_RS00610
M744_RS02375	1.7260	SYNPCC7942_RS00605
M744_RS02380	1.5299	SYNPCC7942_RS00600
M744_RS02385	689.1057	SYNPCC7942_RS00590
M744_RS02390	7.6554	SYNPCC7942_RS00585
M744_RS02395	8.6153	SYNPCC7942_RS13655
M744_RS02400	120.9081	SYNPCC7942_RS00580
M744_RS02405	5.5824	SYNPCC7942_RS00575
M744_RS02410	25.8177	SYNPCC7942_RS00570
M744_RS02415	11.9283	SYNPCC7942_RS00565
M744_RS02420	12.8207	SYNPCC7942_RS00560
M744_RS02425	72.9097	SYNPCC7942_RS00555
M744_RS02430	0.4473	SYNPCC7942_RS00550
M744_RS02435	7.0467	SYNPCC7942_RS00545
M744_RS02440	5.7069	SYNPCC7942_RS00540
M744_RS02445	24.2367	SYNPCC7942_RS00535
M744_RS02450	17.1815	SYNPCC7942_RS00530
M744_RS02455	1.9649	SYNPCC7942_RS00525
M744_RS02460	32.5497	SYNPCC7942_RS00520
M744_RS02465	230.4291	SYNPCC7942_RS00515
M744_RS02470	6.6791	SYNPCC7942_RS00510
M744_RS02475	15.6497	SYNPCC7942_RS00505
M744_RS02480	369.0919	SYNPCC7942_RS00500
M744_RS02485	76.4389	SYNPCC7942_RS00495
M744_RS02490	76.1914	SYNPCC7942_RS00490
M744_RS02505	2.7329	SYNPCC7942_RS00475
M744_RS02510	4.2281	SYNPCC7942_RS00470
M744_RS02515	30.7317	SYNPCC7942_RS00465
M744_RS02520	5.7375	SYNPCC7942_RS00460
M744_RS02525	44.4373	SYNPCC7942_RS00455
M744_RS02530	77.6273	SYNPCC7942_RS00450
M744_RS02540	79.7461	SYNPCC7942_RS00440
M744_RS02545	29.3632	SYNPCC7942_RS00435
M744_RS02550	107.8786	SYNPCC7942_RS00430
M744_RS02555	127.5247	SYNPCC7942_RS00425
M744_RS02560	18.0516	SYNPCC7942_RS00420
M744_RS02565	12.0427	SYNPCC7942_RS00415
M744_RS02570	3.0598	SYNPCC7942_RS00410
M744_RS02575	166.5464	SYNPCC7942_RS00405
M744_RS02580	9.6468	SYNPCC7942_RS00400
M744_RS02585	24.4817	SYNPCC7942_RS00395
M744_RS02590	97.1804	SYNPCC7942_RS00390
M744_RS02595	13.6050	SYNPCC7942_RS00385
M744_RS02600	48.8612	SYNPCC7942_RS00380
M744_RS02605	45.2273	SYNPCC7942_RS00375
M744_RS02610	204.4826	SYNPCC7942_RS00370
M744_RS02615	0.8783	SYNPCC7942_RS00365
M744_RS02620	219.5774	SYNPCC7942_RS00360
M744_RS02625	21.8100	SYNPCC7942_RS00355
M744_RS02630	46.2566	SYNPCC7942_RS00350
M744_RS02635	3.2313	SYNPCC7942_RS00345
M744_RS02640	2.0772	SYNPCC7942_RS00340
M744_RS02645	7.8045	SYNPCC7942_RS00335
M744_RS02650	14.9086	SYNPCC7942_RS00330
M744_RS02655	40.6197	SYNPCC7942_RS00325
M744_RS02660	272.5941	SYNPCC7942_RS00320
M744_RS02665	0.5454	SYNPCC7942_RS00315
M744_RS02670	19.0361	SYNPCC7942_RS00310
M744_RS02675	7.0612	SYNPCC7942_RS00305
M744_RS02685	5.7170	SYNPCC7942_RS00295
M744_RS02690	3.4497	SYNPCC7942_RS00290
M744_RS02695	18.1928	SYNPCC7942_RS00285
M744_RS02700	17.8107	SYNPCC7942_RS00280
M744_RS02710	14.5631	SYNPCC7942_RS00270
M744_RS02715	17.5248	SYNPCC7942_RS00265
M744_RS02720	52.2066	SYNPCC7942_RS00260
M744_RS02725	69.4287	SYNPCC7942_RS00255
M744_RS02730	164.6140	SYNPCC7942_RS00250
M744_RS02745	203.9610	SYNPCC7942_RS00235
M744_RS02750	42.7987	SYNPCC7942_RS00230
M744_RS02755	6.6340	SYNPCC7942_RS00225
M744_RS02760	23.9423	SYNPCC7942_RS00220
M744_RS02765	2.6083	SYNPCC7942_RS00215
M744_RS02770	139.2692	SYNPCC7942_RS00210
M744_RS02775	25.4290	SYNPCC7942_RS00205
M744_RS02780	16.8694	SYNPCC7942_RS00200
M744_RS02785	242.9796	SYNPCC7942_RS00195
M744_RS02790	5.1104	SYNPCC7942_RS00190
M744_RS02795	2.2896	SYNPCC7942_RS00185
M744_RS02800	9.9369	SYNPCC7942_RS00180
M744_RS02805	3.3640	SYNPCC7942_RS00175
M744_RS02810	3.3763	SYNPCC7942_RS00170
M744_RS02815	1.4196	SYNPCC7942_RS00165
M744_RS02820	16.2991	SYNPCC7942_RS00160
M744_RS02825	14.9921	SYNPCC7942_RS00155
M744_RS02830	3.7703	SYNPCC7942_RS00150
M744_RS02835	3.0639	SYNPCC7942_RS00145
M744_RS02845	27.5641	SYNPCC7942_RS00135
M744_RS02850	20.6271	SYNPCC7942_RS00130
M744_RS02855	13.3172	SYNPCC7942_RS00125
M744_RS02860	55.6055	SYNPCC7942_RS00120
M744_RS02865	42.9683	SYNPCC7942_RS00115
M744_RS02870	5.4046	SYNPCC7942_RS00110
M744_RS02875	12.5780	SYNPCC7942_RS00105
M744_RS02880	216.8685	SYNPCC7942_RS00100
M744_RS02885	171.7238	SYNPCC7942_RS00095
M744_RS02890	4.8816	SYNPCC7942_RS00090
M744_RS02895	5.0553	SYNPCC7942_RS00085
M744_RS02900	9.8347	SYNPCC7942_RS00080
M744_RS02905	8.0678	SYNPCC7942_RS00075
M744_RS02910	42.3636	SYNPCC7942_RS00070
M744_RS02915	340.5529	SYNPCC7942_RS00065
M744_RS02920	280.6840	SYNPCC7942_RS00060
M744_RS02925	8.5479	SYNPCC7942_RS00055
M744_RS02930	27.8311	SYNPCC7942_RS00050
M744_RS02935	232.5394	SYNPCC7942_RS00045
M744_RS02940	9.1771	SYNPCC7942_RS00040
M744_RS02945	4.8428	SYNPCC7942_RS00035
M744_RS02950	1.2235	SYNPCC7942_RS00030
M744_RS02955	23.1129	SYNPCC7942_RS00025
M744_RS02960	427.0841	SYNPCC7942_RS00020
M744_RS02965	275.6877	SYNPCC7942_RS00015
M744_RS02970	14.6835	SYNPCC7942_RS00010
M744_RS02975	110.8280	SYNPCC7942_RS00005
M744_RS02980	7.3509	SYNPCC7942_RS13310
M744_RS02985	190.6921	SYNPCC7942_RS13305
M744_RS02990	11.0947	SYNPCC7942_RS13300
M744_RS02995	22.2472	SYNPCC7942_RS13295
M744_RS03000	220.9418	SYNPCC7942_RS13290
M744_RS03005	34.5371	SYNPCC7942_RS13285
M744_RS03010	11.2871	SYNPCC7942_RS13280
M744_RS03015	255.2509	SYNPCC7942_RS13275
M744_RS03020	121.7904	SYNPCC7942_RS13270
M744_RS03025	40.5888	SYNPCC7942_RS13265
M744_RS03030	117.4006	SYNPCC7942_RS13260
M744_RS03035	427.5193	SYNPCC7942_RS13255
M744_RS03040	132.3725	SYNPCC7942_RS13250
M744_RS03045	156.9781	SYNPCC7942_RS13245
M744_RS03050	13.0783	SYNPCC7942_RS13240
M744_RS03055	11.7587	SYNPCC7942_RS13235
M744_RS03060	6.3134	SYNPCC7942_RS13230
M744_RS03065	213.6555	SYNPCC7942_RS13225
M744_RS03070	35.5903	SYNPCC7942_RS13220
M744_RS03075	17.5144	SYNPCC7942_RS13215
M744_RS03085	578.3061	SYNPCC7942_RS13205
M744_RS03090	17.5680	SYNPCC7942_RS13200
M744_RS03095	5.6025	SYNPCC7942_RS13195
M744_RS03100	9.6449	SYNPCC7942_RS13190
M744_RS03105	57.3782	SYNPCC7942_RS13185
M744_RS03110	79.4085	SYNPCC7942_RS13180
M744_RS03115	8.9523	SYNPCC7942_RS13175
M744_RS03120	4.0402	SYNPCC7942_RS13170
M744_RS03125	1.4318	SYNPCC7942_RS13165
M744_RS03130	15.2721	SYNPCC7942_RS13160
M744_RS03135	302.0747	SYNPCC7942_RS13155
M744_RS03140	16.2913	SYNPCC7942_RS13150
M744_RS03145	9.2588	SYNPCC7942_RS13145
M744_RS03155	186.9009	SYNPCC7942_RS13135
M744_RS03160	26.9264	SYNPCC7942_RS13130
M744_RS03165	33.0318	SYNPCC7942_RS13125
M744_RS03170	19.0771	SYNPCC7942_RS13120
M744_RS03175	123.8761	SYNPCC7942_RS13115
M744_RS03205	7.4165	SYNPCC7942_RS13085
M744_RS03215	10.2146	SYNPCC7942_RS13075
M744_RS03220	137.9807	SYNPCC7942_RS13070
M744_RS03225	57.8826	SYNPCC7942_RS13065
M744_RS03230	95.7827	SYNPCC7942_RS13060
M744_RS03235	74.5146	SYNPCC7942_RS13055
M744_RS03240	10.0185	SYNPCC7942_RS13050
M744_RS03245	13.1681	SYNPCC7942_RS13045
M744_RS03255	301.6639	SYNPCC7942_RS13035
M744_RS03260	240.6112	SYNPCC7942_RS13030
M744_RS03265	33.7360	SYNPCC7942_RS13025
M744_RS03270	166.6181	SYNPCC7942_RS13020
M744_RS03275	918.1612	SYNPCC7942_RS13015
M744_RS03280	9.6245	SYNPCC7942_RS13010
M744_RS03285	453.1306	SYNPCC7942_RS13005
M744_RS03290	5.8497	SYNPCC7942_RS13000
M744_RS03295	11.3094	SYNPCC7942_RS12995
M744_RS03300	13.8279	SYNPCC7942_RS12990
M744_RS03305	19.3060	SYNPCC7942_RS12985
M744_RS03310	17.8949	SYNPCC7942_RS12980
M744_RS03315	2.5960	SYNPCC7942_RS12975
M744_RS03320	4.9919	SYNPCC7942_RS12970
M744_RS03325	8.4193	SYNPCC7942_RS12965
M744_RS03330	4.4547	SYNPCC7942_RS12960
M744_RS03335	8.0271	SYNPCC7942_RS12955
M744_RS03340	0.7374	SYNPCC7942_RS12950
M744_RS03345	58.6325	SYNPCC7942_RS12945
M744_RS03350	6.7667	SYNPCC7942_RS12940
M744_RS03355	8.6481	SYNPCC7942_RS12935
M744_RS03360	58.0084	SYNPCC7942_RS12930
M744_RS03365	1.9813	SYNPCC7942_RS12925
M744_RS03370	28.4950	SYNPCC7942_RS12920
M744_RS03375	9.3896	SYNPCC7942_RS12915
M744_RS03390	312.5198	SYNPCC7942_RS12900
M744_RS03395	18.0109	SYNPCC7942_RS12895
M744_RS03400	48.4567	SYNPCC7942_RS12890
M744_RS03405	456.3890	SYNPCC7942_RS12885
M744_RS03410	131.4426	SYNPCC7942_RS12880
M744_RS03415	20.9686	SYNPCC7942_RS12875
M744_RS03420	90.3270	SYNPCC7942_RS12870
M744_RS03425	32.3697	SYNPCC7942_RS12865
M744_RS03430	19.6590	SYNPCC7942_RS12860
M744_RS03435	77.0785	SYNPCC7942_RS12855
M744_RS03440	1111.7680	SYNPCC7942_RS12850
M744_RS03445	1987.4981	SYNPCC7942_RS12845
M744_RS03450	410.0246	SYNPCC7942_RS12840
M744_RS03455	5.8128	SYNPCC7942_RS12835
M744_RS03460	10.1493	SYNPCC7942_RS12830
M744_RS03465	520.8582	SYNPCC7942_RS12825
M744_RS03470	245.8522	SYNPCC7942_RS12820
M744_RS03475	607.5049	SYNPCC7942_RS12815
M744_RS03485	15.5539	SYNPCC7942_RS12805
M744_RS03490	113.7863	SYNPCC7942_RS12800
M744_RS03495	8.4089	SYNPCC7942_RS12795
M744_RS03500	62.7805	SYNPCC7942_RS12790
M744_RS03505	243.1332	SYNPCC7942_RS12785
M744_RS03510	97.3926	SYNPCC7942_RS12780
M744_RS03515	6.7280	SYNPCC7942_RS12775
M744_RS03525	13.7012	SYNPCC7942_RS12765
M744_RS03530	80.2363	SYNPCC7942_RS12760
M744_RS03535	57.5563	SYNPCC7942_RS12755
M744_RS03545	160.9440	SYNPCC7942_RS12745
M744_RS03550	11.3318	SYNPCC7942_RS12740
M744_RS03555	93.6528	SYNPCC7942_RS12735
M744_RS03560	25.1027	SYNPCC7942_RS12730
M744_RS03565	23.8323	SYNPCC7942_RS12725
M744_RS03575	151.2813	SYNPCC7942_RS12715
M744_RS03580	6.6646	SYNPCC7942_RS12710
M744_RS03585	20.1675	SYNPCC7942_RS12705
M744_RS03590	1671.4604	SYNPCC7942_RS12700
M744_RS03595	32.4107	SYNPCC7942_RS12695
M744_RS03600	507.7222	SYNPCC7942_RS12690
M744_RS03605	22.5555	SYNPCC7942_RS12685
M744_RS03610	194.7823	SYNPCC7942_RS12680
M744_RS03615	130.3654	SYNPCC7942_RS12675
M744_RS03620	884.2455	SYNPCC7942_RS12670
M744_RS03625	286.4321	SYNPCC7942_RS12665
M744_RS03630	38.9486	SYNPCC7942_RS12660
M744_RS03635	45.8831	SYNPCC7942_RS12655
M744_RS03640	4.0074	SYNPCC7942_RS12650
M744_RS03650	653.5886	SYNPCC7942_RS12640
M744_RS03655	5.2737	SYNPCC7942_RS12635
M744_RS03665	99.0190	SYNPCC7942_RS12625
M744_RS03670	112.1625	SYNPCC7942_RS12620
M744_RS03675	21.6303	SYNPCC7942_RS12615
M744_RS03680	633.3549	SYNPCC7942_RS12610
M744_RS03690	19.8163	SYNPCC7942_RS12600
M744_RS03700	115.1132	SYNPCC7942_RS12590
M744_RS03705	129.2450	SYNPCC7942_RS12585
M744_RS03710	33.3908	SYNPCC7942_RS12580
M744_RS03715	115.8433	SYNPCC7942_RS12575
M744_RS03725	130.3017	SYNPCC7942_RS12565
M744_RS03730	123.6620	SYNPCC7942_RS12560
M744_RS03735	96.5008	SYNPCC7942_RS12555
M744_RS03740	105.4654	SYNPCC7942_RS12550
M744_RS03745	6467.0452	SYNPCC7942_RS12545
M744_RS03750	36.6231	SYNPCC7942_RS12540
M744_RS03755	17.4860	SYNPCC7942_RS12535
M744_RS03765	125.6351	SYNPCC7942_RS12530
M744_RS03770	19.9005	SYNPCC7942_RS12525
M744_RS03775	536.6373	SYNPCC7942_RS12520
M744_RS03780	5.7088	SYNPCC7942_RS12515
M744_RS03785	24.6960	SYNPCC7942_RS12510
M744_RS03790	83.4896	SYNPCC7942_RS12505
M744_RS03795	36.9594	SYNPCC7942_RS12500
M744_RS03805	11.7914	SYNPCC7942_RS12490
M744_RS03810	33.9450	SYNPCC7942_RS12485
M744_RS03815	93.1491	SYNPCC7942_RS12480
M744_RS03835	89.0846	SYNPCC7942_RS12465
M744_RS03850	345.8623	SYNPCC7942_RS12455
M744_RS03855	1009.4039	SYNPCC7942_RS12450
M744_RS03860	1519.7287	SYNPCC7942_RS12445
M744_RS03865	123.0659	SYNPCC7942_RS12440
M744_RS03870	9.9350	SYNPCC7942_RS12435
M744_RS03875	397.9535	SYNPCC7942_RS12430
M744_RS03880	13.7012	SYNPCC7942_RS12425
M744_RS03885	166.0225	SYNPCC7942_RS12420
M744_RS03890	183.4452	SYNPCC7942_RS12415
M744_RS03895	268.9758	SYNPCC7942_RS12410
M744_RS03900	229.3771	SYNPCC7942_RS12405
M744_RS03905	1397.8215	SYNPCC7942_RS12400
M744_RS03910	460.7786	SYNPCC7942_RS12395
M744_RS03920	46.6327	SYNPCC7942_RS12385
M744_RS03925	627.6496	SYNPCC7942_RS12380
M744_RS03930	42.0109	SYNPCC7942_RS12375
M744_RS03935	13.6993	SYNPCC7942_RS12370
M744_RS03940	148.0050	SYNPCC7942_RS12365
M744_RS03945	17.9413	SYNPCC7942_RS12360
M744_RS03950	13.3541	SYNPCC7942_RS12355
M744_RS03955	81.9575	SYNPCC7942_RS12350
M744_RS03960	11.5320	SYNPCC7942_RS12345
M744_RS03965	24.4429	SYNPCC7942_RS12340
M744_RS03970	27.8806	SYNPCC7942_RS12335
M744_RS03975	17.0693	SYNPCC7942_RS12330
M744_RS03980	87.1292	SYNPCC7942_RS12325
M744_RS03985	35.8097	SYNPCC7942_RS12320
M744_RS03990	105.2630	SYNPCC7942_RS12315
M744_RS03995	178.0060	SYNPCC7942_RS12310
M744_RS04000	54.4041	SYNPCC7942_RS12305
M744_RS04005	7.5593	SYNPCC7942_RS12300
M744_RS04010	29.0184	SYNPCC7942_RS12295
M744_RS04015	43.9982	SYNPCC7942_RS12290
M744_RS04020	3.2682	SYNPCC7942_RS12285
M744_RS04025	16.4344	SYNPCC7942_RS12280
M744_RS04030	4.5997	SYNPCC7942_RS12275
M744_RS04035	110.8183	SYNPCC7942_RS12270
M744_RS04040	45.6343	SYNPCC7942_RS12265
M744_RS04045	49.4021	SYNPCC7942_RS12260
M744_RS04050	3.1272	SYNPCC7942_RS12255
M744_RS04055	15.3127	SYNPCC7942_RS12250
M744_RS04060	290.4828	SYNPCC7942_RS12245
M744_RS04065	50.5241	SYNPCC7942_RS12240
M744_RS04070	23.1255	SYNPCC7942_RS12235
M744_RS04075	30.7787	SYNPCC7942_RS12230
M744_RS04080	1.2868	SYNPCC7942_RS12225
M744_RS04095	56.2382	SYNPCC7942_RS12210
M744_RS04100	21.9717	SYNPCC7942_RS12205
M744_RS04105	687.4774	SYNPCC7942_RS12200
M744_RS04110	91.8887	SYNPCC7942_RS12195
M744_RS04115	202.6096	SYNPCC7942_RS12190
M744_RS04120	0.9048	SYNPCC7942_RS12185
M744_RS04125	130.0921	SYNPCC7942_RS12180
M744_RS04130	65.2442	SYNPCC7942_RS12175
M744_RS04135	38.0211	SYNPCC7942_RS12170
M744_RS04140	22.4045	SYNPCC7942_RS12165
M744_RS04145	263.6894	SYNPCC7942_RS12160
M744_RS04150	15.7191	SYNPCC7942_RS12155
M744_RS04160	26.8309	SYNPCC7942_RS12145
M744_RS04165	6.1990	SYNPCC7942_RS12140
M744_RS04170	81.6574	SYNPCC7942_RS12135
M744_RS04175	27.4617	SYNPCC7942_RS12130
M744_RS04180	3.2905	SYNPCC7942_RS12125
M744_RS04185	5.4881	SYNPCC7942_RS12120
M744_RS04190	97.5991	SYNPCC7942_RS12115
M744_RS04195	50.5462	SYNPCC7942_RS12110
M744_RS04200	3.3334	SYNPCC7942_RS12105
M744_RS04205	19.2795	SYNPCC7942_RS12100
M744_RS04210	213.7034	SYNPCC7942_RS12095
M744_RS04215	8.2456	SYNPCC7942_RS12090
M744_RS04220	230.6237	SYNPCC7942_RS12085
M744_RS04225	7.6636	SYNPCC7942_RS12080
M744_RS04230	16.6018	SYNPCC7942_RS12075
M744_RS04235	78.6900	SYNPCC7942_RS12070
M744_RS04240	115.4395	SYNPCC7942_RS12065
M744_RS04245	4.9122	SYNPCC7942_RS12060
M744_RS04250	8.2947	SYNPCC7942_RS12055
M744_RS04255	18.2253	SYNPCC7942_RS12050
M744_RS04260	4.3097	SYNPCC7942_RS12045
M744_RS04265	473.3015	SYNPCC7942_RS12040
M744_RS04270	141.6124	SYNPCC7942_RS12035
M744_RS04280	42.3309	SYNPCC7942_RS12025
M744_RS04285	47.4640	SYNPCC7942_RS12020
M744_RS04290	157.2842	SYNPCC7942_RS12015
M744_RS04295	11.8466	SYNPCC7942_RS12010
M744_RS04300	10.7928	SYNPCC7942_RS12005
M744_RS04305	45.2072	SYNPCC7942_RS12000
M744_RS04310	21.5139	SYNPCC7942_RS11995
M744_RS04315	122.6933	SYNPCC7942_RS11990
M744_RS04320	837.4453	SYNPCC7942_RS11985
M744_RS04325	114.2538	SYNPCC7942_RS11980
M744_RS04330	32.6642	SYNPCC7942_RS11975
M744_RS04335	11.4746	SYNPCC7942_RS11970
M744_RS04340	33.7767	SYNPCC7942_RS11965
M744_RS04345	177.8912	SYNPCC7942_RS11960
M744_RS04350	57.9894	SYNPCC7942_RS11955
M744_RS04355	5537.9612	SYNPCC7942_RS11950
M744_RS04360	42.4538	SYNPCC7942_RS11945
M744_RS04365	60.1665	SYNPCC7942_RS11940
M744_RS04370	216.4835	SYNPCC7942_RS11935
M744_RS04375	36.0118	SYNPCC7942_RS11930
M744_RS04380	66.5049	SYNPCC7942_RS11925
M744_RS04385	43.4342	SYNPCC7942_RS11920
M744_RS04390	295.1349	SYNPCC7942_RS11915
M744_RS04395	222.2617	SYNPCC7942_RS11910
M744_RS04400	181.3580	SYNPCC7942_RS11905
M744_RS04405	1922.2127	SYNPCC7942_RS11900
M744_RS04410	16.4445	SYNPCC7942_RS11895
M744_RS04415	66.8586	SYNPCC7942_RS11890
M744_RS04420	33.3993	SYNPCC7942_RS11885
M744_RS04425	113.1095	SYNPCC7942_RS11880
M744_RS04430	36.4244	SYNPCC7942_RS11875
M744_RS04435	157.3633	SYNPCC7942_RS11870
M744_RS04440	178.6305	SYNPCC7942_RS11865
M744_RS04445	192.5376	SYNPCC7942_RS11860
M744_RS04450	2006.5929	SYNPCC7942_RS11855
M744_RS04455	4030.4483	SYNPCC7942_RS11850
M744_RS04460	50.1644	SYNPCC7942_RS11845
M744_RS04465	16.2459	SYNPCC7942_RS11840
M744_RS04470	3.4784	SYNPCC7942_RS11835
M744_RS04475	10.4330	SYNPCC7942_RS11830
M744_RS04480	130.0218	SYNPCC7942_RS11825
M744_RS04485	17.3388	SYNPCC7942_RS11820
M744_RS04490	51.6615	SYNPCC7942_RS11815
M744_RS04495	7.2018	SYNPCC7942_RS11810
M744_RS04500	88.0563	SYNPCC7942_RS11805
M744_RS04505	425.4778	SYNPCC7942_RS11800
M744_RS04510	6.9934	SYNPCC7942_RS11795
M744_RS04520	22.5801	SYNPCC7942_RS11785
M744_RS04525	154.3941	SYNPCC7942_RS11780
M744_RS04530	594.8757	SYNPCC7942_RS11775
M744_RS04535	4587.3373	SYNPCC7942_RS11770
M744_RS04540	2989.3855	SYNPCC7942_RS11765
M744_RS04545	8497.7080	SYNPCC7942_RS11760
M744_RS04550	23.9590	SYNPCC7942_RS11755
M744_RS04555	101.6749	SYNPCC7942_RS11750
M744_RS04565	49.2206	SYNPCC7942_RS11740
M744_RS04570	608.9241	SYNPCC7942_RS11735
M744_RS04575	24.0526	SYNPCC7942_RS11730
M744_RS04580	28.5398	SYNPCC7942_RS11725
M744_RS04585	26.9570	SYNPCC7942_RS11720
M744_RS04590	57.3151	SYNPCC7942_RS11715
M744_RS04600	7.6226	SYNPCC7942_RS11705
M744_RS04605	11.9119	SYNPCC7942_RS11700
M744_RS04610	47.9463	SYNPCC7942_RS11695
M744_RS04615	196.2738	SYNPCC7942_RS11690
M744_RS04620	397.2980	SYNPCC7942_RS11685
M744_RS04625	4.1565	SYNPCC7942_RS11680
M744_RS04630	453.3555	SYNPCC7942_RS11675
M744_RS04635	73.8208	SYNPCC7942_RS11670
M744_RS04640	22.1369	SYNPCC7942_RS11665
M744_RS04645	100.9968	SYNPCC7942_RS11660
M744_RS04650	8.1270	SYNPCC7942_RS11655
M744_RS04655	80.1748	SYNPCC7942_RS11650
M744_RS04660	38.7746	SYNPCC7942_RS11645
M744_RS04665	25.3230	SYNPCC7942_RS11640
M744_RS04670	142.0222	SYNPCC7942_RS11635
M744_RS04675	45.5520	SYNPCC7942_RS11630
M744_RS04680	59.1921	SYNPCC7942_RS11625
M744_RS04685	5.0736	SYNPCC7942_RS11620
M744_RS04690	51.4922	SYNPCC7942_RS11615
M744_RS04695	32.5658	SYNPCC7942_RS11610
M744_RS04700	8.1374	SYNPCC7942_RS11605
M744_RS04705	60.1249	SYNPCC7942_RS11600
M744_RS04710	54.5964	SYNPCC7942_RS11595
M744_RS04715	82.8872	SYNPCC7942_RS11590
M744_RS04720	77.2418	SYNPCC7942_RS11585
M744_RS04725	103.3719	SYNPCC7942_RS11580
M744_RS04730	5.2760	SYNPCC7942_RS11575
M744_RS04735	3.7256	SYNPCC7942_RS11570
M744_RS04750	230.3935	SYNPCC7942_RS11555
M744_RS04755	20.2536	SYNPCC7942_RS11550
M744_RS04760	6.9751	SYNPCC7942_RS11545
M744_RS04765	33.0109	SYNPCC7942_RS11540
M744_RS04770	17.8719	SYNPCC7942_RS11535
M744_RS04775	17.3735	SYNPCC7942_RS11530
M744_RS04780	9.3893	SYNPCC7942_RS11525
M744_RS04785	81.2962	SYNPCC7942_RS11520
M744_RS04790	13.0887	SYNPCC7942_RS11515
M744_RS04795	79.9671	SYNPCC7942_RS11510
M744_RS04800	50.1010	SYNPCC7942_RS11505
M744_RS04805	51.7737	SYNPCC7942_RS11500
M744_RS04810	96.9374	SYNPCC7942_RS11495
M744_RS04815	10.2534	SYNPCC7942_RS11490
M744_RS04820	8.8707	SYNPCC7942_RS11485
M744_RS04830	110.1018	SYNPCC7942_RS11475
M744_RS04835	3.9932	SYNPCC7942_RS11470
M744_RS04840	1181.1128	SYNPCC7942_RS11465
M744_RS04845	27.0058	SYNPCC7942_RS11460
M744_RS04850	92.0596	SYNPCC7942_RS11455
M744_RS04855	631.2118	SYNPCC7942_RS11450
M744_RS04870	11.1439	SYNPCC7942_RS11435
M744_RS04875	12.9188	SYNPCC7942_RS11430
M744_RS04880	594.2875	SYNPCC7942_RS11425
M744_RS04885	218.9189	SYNPCC7942_RS11420
M744_RS04890	61.0732	SYNPCC7942_RS11415
M744_RS04895	56.9006	SYNPCC7942_RS11410
M744_RS04900	38.7588	SYNPCC7942_RS11405
M744_RS04905	383.5717	SYNPCC7942_RS11400
M744_RS04910	293.9202	SYNPCC7942_RS11395
M744_RS04920	59.6375	SYNPCC7942_RS11385
M744_RS04930	84.8849	SYNPCC7942_RS11375
M744_RS04935	42.2984	SYNPCC7942_RS11370
M744_RS04940	19.2792	SYNPCC7942_RS11365
M744_RS04945	5.6782	SYNPCC7942_RS11360
M744_RS04950	22.8295	SYNPCC7942_RS11355
M744_RS04955	15.9848	SYNPCC7942_RS11350
M744_RS04960	111.7543	SYNPCC7942_RS11345
M744_RS04970	2133.3291	SYNPCC7942_RS11335
M744_RS04975	1993.0591	SYNPCC7942_RS11330
M744_RS04980	899.4856	SYNPCC7942_RS11325
M744_RS04985	2283.2749	SYNPCC7942_RS11320
M744_RS04990	563.9384	SYNPCC7942_RS11315
M744_RS04995	1936.5417	SYNPCC7942_RS11310
M744_RS05000	1709.0031	SYNPCC7942_RS11305
M744_RS05005	2150.8354	SYNPCC7942_RS11300
M744_RS05010	593.5921	SYNPCC7942_RS11295
M744_RS05015	441.6608	SYNPCC7942_RS11290
M744_RS05020	1958.0382	SYNPCC7942_RS11285
M744_RS05025	2959.5840	SYNPCC7942_RS11280
M744_RS05030	2627.1036	SYNPCC7942_RS11275
M744_RS05035	1228.3651	SYNPCC7942_RS11270
M744_RS05040	2549.1389	SYNPCC7942_RS11265
M744_RS05045	1363.3801	SYNPCC7942_RS11260
M744_RS05050	1202.7255	SYNPCC7942_RS11255
M744_RS05055	1025.3065	SYNPCC7942_RS11250
M744_RS05060	1475.0859	SYNPCC7942_RS11245
M744_RS05065	337.7168	SYNPCC7942_RS11240
M744_RS05070	816.5577	SYNPCC7942_RS11235
M744_RS05075	957.4196	SYNPCC7942_RS11230
M744_RS05080	3185.4151	SYNPCC7942_RS11225
M744_RS05085	957.5445	SYNPCC7942_RS11220
M744_RS05090	3941.6267	SYNPCC7942_RS11215
M744_RS05095	1401.3096	SYNPCC7942_RS11210
M744_RS05100	657.0592	SYNPCC7942_RS11205
M744_RS05105	1345.1949	SYNPCC7942_RS11200
M744_RS05110	85.0082	SYNPCC7942_RS11195
M744_RS05115	13.3049	SYNPCC7942_RS11190
M744_RS05120	48.2934	SYNPCC7942_RS11185
M744_RS05130	22.8370	SYNPCC7942_RS11175
M744_RS05135	79.6477	SYNPCC7942_RS11170
M744_RS05140	23.7746	SYNPCC7942_RS11165
M744_RS05145	43.7772	SYNPCC7942_RS11160
M744_RS05150	9.8041	SYNPCC7942_RS11155
M744_RS05155	8.8215	SYNPCC7942_RS11150
M744_RS05160	2.0548	SYNPCC7942_RS11145
M744_RS05165	15.7213	SYNPCC7942_RS11140
M744_RS05170	23.2683	SYNPCC7942_RS11135
M744_RS05175	8.7339	SYNPCC7942_RS11130
M744_RS05180	58.9304	SYNPCC7942_RS11125
M744_RS05185	69.8133	SYNPCC7942_RS11120
M744_RS05190	17.8495	SYNPCC7942_RS11115
M744_RS05195	10.2370	SYNPCC7942_RS11110
M744_RS05200	9.5671	SYNPCC7942_RS11105
M744_RS05205	60.5278	SYNPCC7942_RS11100
M744_RS05210	31.1548	SYNPCC7942_RS11095
M744_RS05215	1.7688	SYNPCC7942_RS11090
M744_RS05220	66.5370	SYNPCC7942_RS11085
M744_RS05225	380.2909	SYNPCC7942_RS11080
M744_RS05230	44.8885	SYNPCC7942_RS11075
M744_RS05235	18.5276	SYNPCC7942_RS11070
M744_RS05240	25.6257	SYNPCC7942_RS11065
M744_RS05245	7.8187	SYNPCC7942_RS11060
M744_RS05250	35.0950	SYNPCC7942_RS11055
M744_RS05255	11.2830	SYNPCC7942_RS11050
M744_RS05260	5.9131	SYNPCC7942_RS11045
M744_RS05265	6.9956	SYNPCC7942_RS11040
M744_RS05270	234.2209	SYNPCC7942_RS11035
M744_RS05275	0.8701	SYNPCC7942_RS11030
M744_RS05280	19.5020	SYNPCC7942_RS11025
M744_RS05285	103.9050	SYNPCC7942_RS11020
M744_RS05290	1.8505	SYNPCC7942_RS11015
M744_RS05295	1.4277	SYNPCC7942_RS11010
M744_RS05300	4.0361	SYNPCC7942_RS11005
M744_RS05305	9.3322	SYNPCC7942_RS11000
M744_RS05310	67.9446	SYNPCC7942_RS10995
M744_RS05315	1.0621	SYNPCC7942_RS10990
M744_RS05320	36.8178	SYNPCC7942_RS10980
M744_RS05325	444.7939	SYNPCC7942_RS10975
M744_RS05330	59.9547	SYNPCC7942_RS10970
M744_RS05335	1271.8212	SYNPCC7942_RS10965
M744_RS05345	4633.8862	SYNPCC7942_RS10955
M744_RS05350	13.0168	SYNPCC7942_RS10950
M744_RS05355	6.5013	SYNPCC7942_RS10945
M744_RS05360	3.4274	SYNPCC7942_RS10940
M744_RS05365	37.9965	SYNPCC7942_RS10935
M744_RS05370	40.8933	SYNPCC7942_RS10930
M744_RS05375	49.1146	SYNPCC7942_RS10925
M744_RS05380	163.0674	SYNPCC7942_RS10920
M744_RS05385	92.5199	SYNPCC7942_RS10915
M744_RS05395	6.1725	SYNPCC7942_RS10905
M744_RS05400	13.5622	SYNPCC7942_RS10900
M744_RS05405	21.6690	SYNPCC7942_RS10895
M744_RS05410	4.3220	SYNPCC7942_RS10890
M744_RS05420	478.5664	SYNPCC7942_RS10880
M744_RS05425	55.3401	SYNPCC7942_RS10875
M744_RS05430	17.0876	SYNPCC7942_RS10870
M744_RS05435	2.5204	SYNPCC7942_RS10860
M744_RS05440	17.6862	SYNPCC7942_RS10855
M744_RS05445	27.4800	SYNPCC7942_RS10850
M744_RS05450	21.5259	SYNPCC7942_RS10845
M744_RS05455	2509.1010	SYNPCC7942_RS10840
M744_RS05460	68.2652	SYNPCC7942_RS10835
M744_RS05465	16.8912	SYNPCC7942_RS10830
M744_RS05470	15.4987	SYNPCC7942_RS10825
M744_RS05475	30.7500	SYNPCC7942_RS10820
M744_RS05480	94.5768	SYNPCC7942_RS10815
M744_RS05485	5.6189	SYNPCC7942_RS10810
M744_RS05490	91.7693	SYNPCC7942_RS10805
M744_RS05495	6.4603	SYNPCC7942_RS10800
M744_RS05500	25.9378	SYNPCC7942_RS10795
M744_RS05505	51.8614	SYNPCC7942_RS10790
M744_RS05510	17.6251	SYNPCC7942_RS10785
M744_RS05515	301.9299	SYNPCC7942_RS10780
M744_RS05520	89.3661	SYNPCC7942_RS10775
M744_RS05525	23.0971	SYNPCC7942_RS10770
M744_RS05530	40.4230	SYNPCC7942_RS10765
M744_RS05535	181.8725	SYNPCC7942_RS10760
M744_RS05540	188.6225	SYNPCC7942_RS10755
M744_RS05545	95.9816	SYNPCC7942_RS10750
M744_RS05550	1977.0908	SYNPCC7942_RS10745
M744_RS05555	160.7835	SYNPCC7942_RS10740
M744_RS05560	167.4569	SYNPCC7942_RS10735
M744_RS05565	30.7075	SYNPCC7942_RS10730
M744_RS05570	10.9806	SYNPCC7942_RS10725
M744_RS05580	32.7521	SYNPCC7942_RS10715
M744_RS05585	599.8406	SYNPCC7942_RS10710
M744_RS05590	10.0778	SYNPCC7942_RS10705
M744_RS05595	19.7432	SYNPCC7942_RS10700
M744_RS05600	15.5905	SYNPCC7942_RS10695
M744_RS05605	132.0542	SYNPCC7942_RS10690
M744_RS05610	11.5689	SYNPCC7942_RS10685
M744_RS05615	468.4439	SYNPCC7942_RS10680
M744_RS05620	289.0247	SYNPCC7942_RS10675
M744_RS05625	241.9712	SYNPCC7942_RS10670
M744_RS05630	124.2080	SYNPCC7942_RS10665
M744_RS05640	2.7187	SYNPCC7942_RS10655
M744_RS05645	12.5105	SYNPCC7942_RS10650
M744_RS05650	26.8838	SYNPCC7942_RS10645
M744_RS05655	9.1588	SYNPCC7942_RS10640
M744_RS05660	8.9687	SYNPCC7942_RS10635
M744_RS05665	2.6900	SYNPCC7942_RS10630
M744_RS05670	58.6095	SYNPCC7942_RS10625
M744_RS05675	4.5651	SYNPCC7942_RS10620
M744_RS05680	21.4200	SYNPCC7942_RS10615
M744_RS05685	86.4479	SYNPCC7942_RS10610
M744_RS05690	99.1542	SYNPCC7942_RS10605
M744_RS05695	80.6918	SYNPCC7942_RS10600
M744_RS05700	120.5846	SYNPCC7942_RS10595
M744_RS05705	561.2242	SYNPCC7942_RS10590
M744_RS05710	11.3523	SYNPCC7942_RS10585
M744_RS05715	10.1188	SYNPCC7942_RS10580
M744_RS05720	38.3241	SYNPCC7942_RS10575
M744_RS05725	59.5701	SYNPCC7942_RS10570
M744_RS05730	135.4554	SYNPCC7942_RS10565
M744_RS05735	5.3248	SYNPCC7942_RS10560
M744_RS05740	118.4012	SYNPCC7942_RS10555
M744_RS05750	377.4887	SYNPCC7942_RS10545
M744_RS05755	19.1647	SYNPCC7942_RS10540
M744_RS05760	13.4112	SYNPCC7942_RS10535
M744_RS05765	4.2404	SYNPCC7942_RS10530
M744_RS05770	15.5435	SYNPCC7942_RS10525
M744_RS05775	10.5598	SYNPCC7942_RS10520
M744_RS05780	116.6746	SYNPCC7942_RS10515
M744_RS05790	257.7275	SYNPCC7942_RS10505
M744_RS05795	261.0070	SYNPCC7942_RS10500
M744_RS05800	591.7579	SYNPCC7942_RS10495
M744_RS05805	392.5511	SYNPCC7942_RS10490
M744_RS05810	84.3392	SYNPCC7942_RS10485
M744_RS05815	28.1580	SYNPCC7942_RS10480
M744_RS05820	20.2901	SYNPCC7942_RS10475
M744_RS05825	77.0448	SYNPCC7942_RS10470
M744_RS05830	61.9663	SYNPCC7942_RS10465
M744_RS05835	44.7393	SYNPCC7942_RS10460
M744_RS05840	46.9921	SYNPCC7942_RS10455
M744_RS05845	5.2126	SYNPCC7942_RS10450
M744_RS05850	1105.2463	SYNPCC7942_RS10445
M744_RS05855	25.9217	SYNPCC7942_RS10440
M744_RS05860	77.9855	SYNPCC7942_RS10435
M744_RS05865	55.7420	SYNPCC7942_RS10430
M744_RS05870	87.1209	SYNPCC7942_RS10425
M744_RS05875	143.8690	SYNPCC7942_RS10420
M744_RS05880	167.2826	SYNPCC7942_RS10415
M744_RS05885	17.3921	SYNPCC7942_RS10410
M744_RS05890	22.1551	SYNPCC7942_RS10405
M744_RS05895	102.6976	SYNPCC7942_RS10400
M744_RS05900	35731.6305	SYNPCC7942_RS10395
M744_RS05905	48105.3322	SYNPCC7942_RS10390
M744_RS05910	136.5767	SYNPCC7942_RS10385
M744_RS05915	5.5820	SYNPCC7942_RS10380
M744_RS05920	84.2371	SYNPCC7942_RS10375
M744_RS05925	108.3789	SYNPCC7942_RS10370
M744_RS05930	159.9805	SYNPCC7942_RS10365
M744_RS05935	17.8905	SYNPCC7942_RS10360
M744_RS05940	58.4074	SYNPCC7942_RS10355
M744_RS05945	6.1482	SYNPCC7942_RS10350
M744_RS05950	9.2219	SYNPCC7942_RS10345
M744_RS05955	40.6269	SYNPCC7942_RS10340
M744_RS05960	16.6220	SYNPCC7942_RS10335
M744_RS05965	31.4464	SYNPCC7942_RS10330
M744_RS05970	67.8579	SYNPCC7942_RS10325
M744_RS05975	40.6824	SYNPCC7942_RS10320
M744_RS05980	21.5508	SYNPCC7942_RS10315
M744_RS05985	46.2897	SYNPCC7942_RS10310
M744_RS05990	78.1680	SYNPCC7942_RS10305
M744_RS05995	2605.6408	SYNPCC7942_RS10300
M744_RS06000	163.5277	SYNPCC7942_RS10295
M744_RS06005	22.7986	SYNPCC7942_RS10290
M744_RS06010	4.2810	SYNPCC7942_RS10285
M744_RS06015	350.1240	SYNPCC7942_RS10280
M744_RS06020	12.0017	SYNPCC7942_RS10275
M744_RS06025	12.0446	SYNPCC7942_RS10270
M744_RS06030	68.4222	SYNPCC7942_RS10265
M744_RS06035	318.9668	SYNPCC7942_RS10260
M744_RS06040	18.4702	SYNPCC7942_RS10255
M744_RS06045	1882.6168	SYNPCC7942_RS10250
M744_RS06050	83.5505	SYNPCC7942_RS10245
M744_RS06055	7.4184	SYNPCC7942_RS10240
M744_RS06065	66.5537	SYNPCC7942_RS10230
M744_RS06070	74.8746	SYNPCC7942_RS10225
M744_RS06075	763.4204	SYNPCC7942_RS10220
M744_RS06080	23.3641	SYNPCC7942_RS10215
M744_RS06085	3.6581	SYNPCC7942_RS10210
M744_RS06090	100.9035	SYNPCC7942_RS10205
M744_RS06095	40.7688	SYNPCC7942_RS10200
M744_RS06100	1428.0461	SYNPCC7942_RS10195
M744_RS06105	58.3324	SYNPCC7942_RS10190
M744_RS06110	19.1405	SYNPCC7942_RS10185
M744_RS06115	16.8587	SYNPCC7942_RS10180
M744_RS06120	25.2395	SYNPCC7942_RS10175
M744_RS06125	12.7227	SYNPCC7942_RS10170
M744_RS06130	11.4358	SYNPCC7942_RS10165
M744_RS06135	18.2909	SYNPCC7942_RS10160
M744_RS06140	41.5569	SYNPCC7942_RS10155
M744_RS06145	14.1690	SYNPCC7942_RS10145
M744_RS06150	114.6103	SYNPCC7942_RS10140
M744_RS06155	1235.1385	SYNPCC7942_RS10135
M744_RS06160	4.0421	SYNPCC7942_RS10130
M744_RS06165	11.5323	SYNPCC7942_RS10125
M744_RS06170	66.9172	SYNPCC7942_RS10120
M744_RS06175	24.1138	SYNPCC7942_RS10115
M744_RS06180	15.8093	SYNPCC7942_RS10110
M744_RS06185	5.4575	SYNPCC7942_RS10105
M744_RS06190	22.1104	SYNPCC7942_RS10100
M744_RS06195	110.2559	SYNPCC7942_RS10095
M744_RS06200	7.0404	SYNPCC7942_RS10090
M744_RS06205	55.2726	SYNPCC7942_RS10085
M744_RS06210	16.0971	SYNPCC7942_RS10080
M744_RS06215	433.2827	SYNPCC7942_RS10075
M744_RS06220	113.2668	SYNPCC7942_RS10070
M744_RS06225	22.0325	SYNPCC7942_RS10065
M744_RS06230	124.4697	SYNPCC7942_RS10060
M744_RS06235	309.0984	SYNPCC7942_RS10055
M744_RS06240	104.7164	SYNPCC7942_RS10050
M744_RS06245	12.3551	SYNPCC7942_RS10045
M744_RS06250	114.4115	SYNPCC7942_RS10040
M744_RS06255	14.8270	SYNPCC7942_RS10035
M744_RS06260	52.3377	SYNPCC7942_RS10030
M744_RS06265	1378.4824	SYNPCC7942_RS10025
M744_RS06270	1187.7269	SYNPCC7942_RS10020
M744_RS06275	110.0879	SYNPCC7942_RS10015
M744_RS06280	38.8420	SYNPCC7942_RS10010
M744_RS06285	86.5084	SYNPCC7942_RS10005
M744_RS06290	36.2347	SYNPCC7942_RS10000
M744_RS06300	1513.5503	SYNPCC7942_RS09990
M744_RS06305	22.5697	SYNPCC7942_RS09985
M744_RS06310	30.0007	SYNPCC7942_RS09980
M744_RS06315	24.7635	SYNPCC7942_RS09975
M744_RS06320	93.0000	SYNPCC7942_RS09970
M744_RS06325	99.8638	SYNPCC7942_RS09965
M744_RS06330	19.8249	SYNPCC7942_RS09960
M744_RS06335	37.2803	SYNPCC7942_RS09955
M744_RS06340	18.9727	SYNPCC7942_RS09950
M744_RS06345	9.6878	SYNPCC7942_RS09945
M744_RS06350	167.9436	SYNPCC7942_RS09940
M744_RS06355	25.3126	SYNPCC7942_RS09935
M744_RS06360	17.8700	SYNPCC7942_RS09930
M744_RS06365	354.9756	SYNPCC7942_RS09925
M744_RS06375	20.9667	SYNPCC7942_RS09915
M744_RS06380	18.0131	SYNPCC7942_RS09910
M744_RS06390	8.3540	SYNPCC7942_RS09900
M744_RS06395	26.4891	SYNPCC7942_RS09895
M744_RS06400	80.8876	SYNPCC7942_RS09890
M744_RS06405	22.5697	SYNPCC7942_RS09885
M744_RS06410	54.5025	SYNPCC7942_RS09880
M744_RS06415	5.9660	SYNPCC7942_RS09875
M744_RS06420	41.5957	SYNPCC7942_RS09870
M744_RS06425	397.7514	SYNPCC7942_RS09865
M744_RS06430	137.6942	SYNPCC7942_RS09860
M744_RS06435	59.3923	SYNPCC7942_RS09855
M744_RS06440	2.7329	SYNPCC7942_RS09850
M744_RS06445	4.7694	SYNPCC7942_RS09845
M744_RS06450	1.0703	SYNPCC7942_RS09840
M744_RS06455	3.9828	SYNPCC7942_RS09835
M744_RS06460	160.2337	SYNPCC7942_RS09830
M744_RS06465	28.7160	SYNPCC7942_RS09825
M744_RS06470	8.6929	SYNPCC7942_RS09820
M744_RS06475	28.6870	SYNPCC7942_RS09815
M744_RS06480	26.1342	SYNPCC7942_RS09810
M744_RS06485	81.9821	SYNPCC7942_RS09805
M744_RS06490	57.3678	SYNPCC7942_RS09800
M744_RS06495	116.1150	SYNPCC7942_RS09795
M744_RS06500	161.2270	SYNPCC7942_RS09790
M744_RS06505	14.6145	SYNPCC7942_RS09785
M744_RS06510	21.5098	SYNPCC7942_RS09780
M744_RS06515	5.3125	SYNPCC7942_RS09775
M744_RS06520	32.2534	SYNPCC7942_RS09770
M744_RS06525	34.9721	SYNPCC7942_RS09765
M744_RS06530	142.3217	SYNPCC7942_RS09760
M744_RS06535	180.0692	SYNPCC7942_RS09755
M744_RS06540	7.2387	SYNPCC7942_RS09750
M744_RS06545	432.7698	SYNPCC7942_RS09745
M744_RS06550	81.6978	SYNPCC7942_RS09740
M744_RS06555	47.2515	SYNPCC7942_RS09735
M744_RS06560	15.9830	SYNPCC7942_RS09730
M744_RS06565	58.7104	SYNPCC7942_RS09725
M744_RS06575	91.7538	SYNPCC7942_RS09715
M744_RS06580	32.4413	SYNPCC7942_RS09710
M744_RS06585	296.9135	SYNPCC7942_RS09705
M744_RS06590	16.9712	SYNPCC7942_RS09700
M744_RS06595	278.2027	SYNPCC7942_RS09690
M744_RS06600	24.1894	SYNPCC7942_RS09685
M744_RS06605	25.5172	SYNPCC7942_RS09680
M744_RS06610	48.6011	SYNPCC7942_RS09675
M744_RS06615	1905.0786	SYNPCC7942_RS09670
M744_RS06620	125.7843	SYNPCC7942_RS09665
M744_RS06625	467.8273	SYNPCC7942_RS09660
M744_RS06630	226.7545	SYNPCC7942_RS09655
M744_RS06635	77.4543	SYNPCC7942_RS09650
M744_RS06640	22.9619	SYNPCC7942_RS09645
M744_RS06645	46.4492	SYNPCC7942_RS09640
M744_RS06650	32.3124	SYNPCC7942_RS09635
M744_RS06655	7.6021	SYNPCC7942_RS09630
M744_RS06660	178.9479	SYNPCC7942_RS09625
M744_RS06665	21.4975	SYNPCC7942_RS09620
M744_RS06670	41.5815	SYNPCC7942_RS09615
M744_RS06675	176.0252	SYNPCC7942_RS09610
M744_RS06680	32.8070	SYNPCC7942_RS09605
M744_RS06685	5.4046	SYNPCC7942_RS09600
M744_RS06690	24.1652	SYNPCC7942_RS09595
M744_RS06695	76.5930	SYNPCC7942_RS09590
M744_RS06700	129.6120	SYNPCC7942_RS09585
M744_RS06705	198.0263	SYNPCC7942_RS09580
M744_RS06710	29.7576	SYNPCC7942_RS09575
M744_RS06715	8.5050	SYNPCC7942_RS09570
M744_RS06720	32.0696	SYNPCC7942_RS09565
M744_RS06725	109.5964	SYNPCC7942_RS09560
M744_RS06730	21.7857	SYNPCC7942_RS09555
M744_RS06735	36.6470	SYNPCC7942_RS09550
M744_RS06740	729.3368	SYNPCC7942_RS09545
M744_RS06745	70.5097	SYNPCC7942_RS09540
M744_RS06750	47.7376	SYNPCC7942_RS09535
M744_RS06755	32.8871	SYNPCC7942_RS09530
M744_RS06760	18.2089	SYNPCC7942_RS09525
M744_RS06765	59.1653	SYNPCC7942_RS09520
M744_RS06770	22.6290	SYNPCC7942_RS09515
M744_RS06775	44.7904	SYNPCC7942_RS09510
M744_RS06780	10.6168	SYNPCC7942_RS09505
M744_RS06785	17.0756	SYNPCC7942_RS09500
M744_RS06790	4.5241	SYNPCC7942_RS09495
M744_RS06795	12.1959	SYNPCC7942_RS13800
M744_RS06800	35.0295	SYNPCC7942_RS09490
M744_RS06805	197.0095	SYNPCC7942_RS09485
M744_RS06810	7.5615	SYNPCC7942_RS09480
M744_RS06815	3.9135	SYNPCC7942_RS09475
M744_RS06820	32.1591	SYNPCC7942_RS09470
M744_RS06825	23.8177	SYNPCC7942_RS09465
M744_RS06830	8.8177	SYNPCC7942_RS09460
M744_RS06835	16.8325	SYNPCC7942_RS09455
M744_RS06840	62.7585	SYNPCC7942_RS09450
M744_RS06845	582.8567	SYNPCC7942_RS09445
M744_RS06850	38.7569	SYNPCC7942_RS09440
M744_RS06855	39.0961	SYNPCC7942_RS09435
M744_RS06860	57.3514	SYNPCC7942_RS09430
M744_RS06865	1450.4868	SYNPCC7942_RS09425
M744_RS06870	28.2009	SYNPCC7942_RS09420
M744_RS06875	12.4431	SYNPCC7942_RS09415
M744_RS06880	18.8564	SYNPCC7942_RS09410
M744_RS06885	45.1826	SYNPCC7942_RS09405
M744_RS06890	40.3067	SYNPCC7942_RS09400
M744_RS06895	103.7123	SYNPCC7942_RS09395
M744_RS06900	130.3951	SYNPCC7942_RS09390
M744_RS06905	6.4219	SYNPCC7942_RS09385
M744_RS06910	207.5060	SYNPCC7942_RS09380
M744_RS06920	147.8155	SYNPCC7942_RS09375
M744_RS06925	144.3954	SYNPCC7942_RS09370
M744_RS06930	1408.8050	SYNPCC7942_RS09365
M744_RS06935	546.1283	SYNPCC7942_RS09360
M744_RS06940	36.5997	SYNPCC7942_RS09355
M744_RS06945	7.1488	SYNPCC7942_RS09350
M744_RS06950	31.2342	SYNPCC7942_RS09345
M744_RS06955	54.6904	SYNPCC7942_RS09340
M744_RS06960	45.1394	SYNPCC7942_RS09335
M744_RS06965	10.7641	SYNPCC7942_RS09330
M744_RS06970	244.0619	SYNPCC7942_RS09325
M744_RS06975	40.2436	SYNPCC7942_RS09320
M744_RS06980	38.8695	SYNPCC7942_RS09315
M744_RS06985	26.2098	SYNPCC7942_RS09310
M744_RS06990	34.7574	SYNPCC7942_RS09305
M744_RS06995	24.5633	SYNPCC7942_RS09300
M744_RS07000	120.1392	SYNPCC7942_RS09295
M744_RS07005	666.2275	SYNPCC7942_RS09290
M744_RS07010	653.6894	SYNPCC7942_RS09285
M744_RS07015	98.9537	SYNPCC7942_RS09280
M744_RS07020	35.3334	SYNPCC7942_RS09275
M744_RS07025	171.3726	SYNPCC7942_RS09270
M744_RS07030	37.2106	SYNPCC7942_RS09265
M744_RS07035	15.3414	SYNPCC7942_RS09260
M744_RS07040	91.5281	SYNPCC7942_RS09255
M744_RS07045	91.8887	SYNPCC7942_RS09250
M744_RS07050	290.1750	SYNPCC7942_RS09245
M744_RS07055	2917.3735	SYNPCC7942_RS09240
M744_RS07060	11.7974	SYNPCC7942_RS09235
M744_RS07065	1.2663	SYNPCC7942_RS09230
M744_RS07070	8.7380	SYNPCC7942_RS09225
M744_RS07075	51.9982	SYNPCC7942_RS09220
M744_RS07080	14.6611	SYNPCC7942_RS09215
M744_RS07085	10.1206	SYNPCC7942_RS09210
M744_RS07090	450.4566	SYNPCC7942_RS09205
M744_RS07095	50.1105	SYNPCC7942_RS09200
M744_RS07100	162.2916	SYNPCC7942_RS09195
M744_RS07105	378.9221	SYNPCC7942_RS09190
M744_RS07110	1.6544	SYNPCC7942_RS09185
M744_RS07115	1.5687	SYNPCC7942_RS09180
M744_RS07120	27.9847	SYNPCC7942_RS09175
M744_RS07125	0.5841	SYNPCC7942_RS09170
M744_RS07130	12.1042	SYNPCC7942_RS09165
M744_RS07135	27.8885	SYNPCC7942_RS09160
M744_RS07140	26.0749	SYNPCC7942_RS09155
M744_RS07145	10.5620	SYNPCC7942_RS09150
M744_RS07150	87.9308	SYNPCC7942_RS09145
M744_RS07155	8.2273	SYNPCC7942_RS09140
M744_RS07160	5.6454	SYNPCC7942_RS09135
M744_RS07165	134.8205	SYNPCC7942_RS09130
M744_RS07170	9.5078	SYNPCC7942_RS09125
M744_RS07175	15.9726	SYNPCC7942_RS09120
M744_RS07180	39.5763	SYNPCC7942_RS09115
M744_RS07185	34.5721	SYNPCC7942_RS09110
M744_RS07190	389.9724	SYNPCC7942_RS09105
M744_RS07195	9.5425	SYNPCC7942_RS09100
M744_RS07200	4.0115	SYNPCC7942_RS09095
M744_RS07205	84.5375	SYNPCC7942_RS09090
M744_RS07210	156.4274	SYNPCC7942_RS09085
M744_RS07215	74.5310	SYNPCC7942_RS09080
M744_RS07220	117.3788	SYNPCC7942_RS09075
M744_RS07225	34.9450	SYNPCC7942_RS09070
M744_RS07235	68.3380	SYNPCC7942_RS09060
M744_RS07240	735.6323	SYNPCC7942_RS09055
M744_RS07245	13.3582	SYNPCC7942_RS09050
M744_RS07250	13.8156	SYNPCC7942_RS09045
M744_RS07255	19.3183	SYNPCC7942_RS09040
M744_RS07260	61.1123	SYNPCC7942_RS09035
M744_RS07265	6.3604	SYNPCC7942_RS09030
M744_RS07270	3.4784	SYNPCC7942_RS09025
M744_RS07275	19.7180	SYNPCC7942_RS09020
M744_RS07280	453.3635	SYNPCC7942_RS09015
M744_RS07285	37.7308	SYNPCC7942_RS09010
M744_RS07290	225.5645	SYNPCC7942_RS09005
M744_RS07295	298.1612	SYNPCC7942_RS09000
M744_RS07300	1.3133	SYNPCC7942_RS08995
M744_RS07305	3.5642	SYNPCC7942_RS08990
M744_RS07310	14.8553	SYNPCC7942_RS08985
M744_RS07315	112.3674	SYNPCC7942_RS08980
M744_RS07320	34.2691	SYNPCC7942_RS08975
M744_RS07325	7.8146	SYNPCC7942_RS08970
M744_RS07330	13.7094	SYNPCC7942_RS08965
M744_RS07335	34.9595	SYNPCC7942_RS08960
M744_RS07340	169.1677	SYNPCC7942_RS08955
M744_RS07345	162.8150	SYNPCC7942_RS08950
M744_RS07350	69.3496	SYNPCC7942_RS08945
M744_RS07360	72.3558	SYNPCC7942_RS08935
M744_RS07365	352.2961	SYNPCC7942_RS08930
M744_RS07370	193.1295	SYNPCC7942_RS08925
M744_RS07375	5.8948	SYNPCC7942_RS08920
M744_RS07380	54.7887	SYNPCC7942_RS08915
M744_RS07385	170.0508	SYNPCC7942_RS08910
M744_RS07390	178.6024	SYNPCC7942_RS08905
M744_RS07395	37.1593	SYNPCC7942_RS08900
M744_RS07400	4.8876	SYNPCC7942_RS08895
M744_RS07405	36.0483	SYNPCC7942_RS08890
M744_RS07410	347.1733	SYNPCC7942_RS08885
M744_RS07415	12.5020	SYNPCC7942_RS08880
M744_RS07420	7.7758	SYNPCC7942_RS08875
M744_RS07425	225.3183	SYNPCC7942_RS08870
M744_RS07430	1184.6171	SYNPCC7942_RS08865
M744_RS07435	232.5378	SYNPCC7942_RS08860
M744_RS07440	22.8701	SYNPCC7942_RS08855
M744_RS07445	11.7505	SYNPCC7942_RS08850
M744_RS07450	119.2577	SYNPCC7942_RS08845
M744_RS07455	173.6707	SYNPCC7942_RS08840
M744_RS07460	99.3771	SYNPCC7942_RS08835
M744_RS07465	145.7490	SYNPCC7942_RS08830
M744_RS07470	98.9124	SYNPCC7942_RS08825
M744_RS07475	25.6131	SYNPCC7942_RS08820
M744_RS07480	4.0890	SYNPCC7942_RS08815
M744_RS07485	6.2847	SYNPCC7942_RS08810
M744_RS07490	44.7356	SYNPCC7942_RS08805
M744_RS07495	6.5240	SYNPCC7942_RS08800
M744_RS07500	7.7658	SYNPCC7942_RS08795
M744_RS07505	4.8327	SYNPCC7942_RS08790
M744_RS07510	7.7636	SYNPCC7942_RS08785
M744_RS07515	28.3459	SYNPCC7942_RS08780
M744_RS07520	25.1657	SYNPCC7942_RS08775
M744_RS07525	22.9070	SYNPCC7942_RS08770
M744_RS07530	21.5404	SYNPCC7942_RS08765
M744_RS07540	66.4516	SYNPCC7942_RS08760
M744_RS07545	21.7608	SYNPCC7942_RS08755
M744_RS07550	9.0933	SYNPCC7942_RS08750
M744_RS07555	347.2509	SYNPCC7942_RS08745
M744_RS07560	56.1957	SYNPCC7942_RS08740
M744_RS07565	98.4692	SYNPCC7942_RS08735
M744_RS07570	97.3295	SYNPCC7942_RS08730
M744_RS07575	54.4681	SYNPCC7942_RS08725
M744_RS07580	11.0478	SYNPCC7942_RS08720
M744_RS07585	36.2012	SYNPCC7942_RS08715
M744_RS07590	0.7333	SYNPCC7942_RS08710
M744_RS07595	14.2936	SYNPCC7942_RS08705
M744_RS07600	58.6073	SYNPCC7942_RS08700
M744_RS07605	31.2787	SYNPCC7942_RS08695
M744_RS07610	24.8007	SYNPCC7942_RS08690
M744_RS07615	3.2782	SYNPCC7942_RS08685
M744_RS07620	150.4854	SYNPCC7942_RS08680
M744_RS07625	17.0570	SYNPCC7942_RS08675
M744_RS07630	90.4216	SYNPCC7942_RS08670
M744_RS07635	34.4957	SYNPCC7942_RS08660
M744_RS07640	10.3741	SYNPCC7942_RS08655
M744_RS07645	8.1151	SYNPCC7942_RS08650
M744_RS07650	9.5794	SYNPCC7942_RS08645
M744_RS07655	2.4980	SYNPCC7942_RS08640
M744_RS07660	20.3721	SYNPCC7942_RS08635
M744_RS07665	34.1616	SYNPCC7942_RS08630
M744_RS07670	154.1775	SYNPCC7942_RS08625
M744_RS07675	11.2867	SYNPCC7942_RS08620
M744_RS07680	3.4091	SYNPCC7942_RS08615
M744_RS07685	10.8987	SYNPCC7942_RS08610
M744_RS07690	50.4948	SYNPCC7942_RS08605
M744_RS07695	2.5715	SYNPCC7942_RS08600
M744_RS07700	1.7912	SYNPCC7942_RS08595
M744_RS07705	6.8118	SYNPCC7942_RS08590
M744_RS07710	89.4015	SYNPCC7942_RS08585
M744_RS07715	90.8005	SYNPCC7942_RS08580
M744_RS07720	24.1592	SYNPCC7942_RS08575
M744_RS07725	62.0435	SYNPCC7942_RS08570
M744_RS07730	184.2749	SYNPCC7942_RS08565
M744_RS07735	264.1947	SYNPCC7942_RS08560
M744_RS07740	226.0939	SYNPCC7942_RS08555
M744_RS07745	69.7175	SYNPCC7942_RS08550
M744_RS07750	41.3977	SYNPCC7942_RS08545
M744_RS07755	11.3482	SYNPCC7942_RS08540
M744_RS07760	30.1964	SYNPCC7942_RS08535
M744_RS07765	509.1957	SYNPCC7942_RS08530
M744_RS07770	27.8847	SYNPCC7942_RS08525
M744_RS07775	60.7494	SYNPCC7942_RS08520
M744_RS07780	10.9601	SYNPCC7942_RS08515
M744_RS07785	41.5081	SYNPCC7942_RS08510
M744_RS07790	48.7083	SYNPCC7942_RS08505
M744_RS07795	54.5971	SYNPCC7942_RS08500
M744_RS07800	25.5945	SYNPCC7942_RS08495
M744_RS07805	52.0871	SYNPCC7942_RS08490
M744_RS07810	6.9833	SYNPCC7942_RS08485
M744_RS07820	66.6760	SYNPCC7942_RS08475
M744_RS07825	8.1456	SYNPCC7942_RS08470
M744_RS07830	8.6336	SYNPCC7942_RS08465
M744_RS07835	131.1895	SYNPCC7942_RS08460
M744_RS07840	98.9241	SYNPCC7942_RS08455
M744_RS07845	18.7114	SYNPCC7942_RS08450
M744_RS07850	393.9281	SYNPCC7942_RS08445
M744_RS07855	1.2868	SYNPCC7942_RS08440
M744_RS07860	0.7415	SYNPCC7942_RS08435
M744_RS07865	31.6998	SYNPCC7942_RS08430
M744_RS07870	16.9366	SYNPCC7942_RS08425
M744_RS07875	14.6596	SYNPCC7942_RS08420
M744_RS07880	167.7911	SYNPCC7942_RS08415
M744_RS07885	84.1583	SYNPCC7942_RS08410
M744_RS07890	16.2216	SYNPCC7942_RS08405
M744_RS07895	10.7663	SYNPCC7942_RS08400
M744_RS07905	13.2315	SYNPCC7942_RS08390
M744_RS07910	34.0714	SYNPCC7942_RS08385
M744_RS07915	58.0178	SYNPCC7942_RS08380
M744_RS07920	9.3672	SYNPCC7942_RS08375
M744_RS07925	11.7527	SYNPCC7942_RS08370
M744_RS07930	9.9328	SYNPCC7942_RS08365
M744_RS07935	8.9848	SYNPCC7942_RS08360
M744_RS07940	195.4740	SYNPCC7942_RS08355
M744_RS07950	89.0354	SYNPCC7942_RS08345
M744_RS07960	14130.0669	SYNPCC7942_RS07490
M744_RS07965	19.6694	SYNPCC7942_RS07495
M744_RS07970	87.6953	SYNPCC7942_RS07500
M744_RS07975	7.1406	SYNPCC7942_RS07505
M744_RS07980	6.3727	SYNPCC7942_RS07510
M744_RS07985	2.7370	SYNPCC7942_RS07515
M744_RS07990	4.2810	SYNPCC7942_RS07520
M744_RS07995	1.5810	SYNPCC7942_RS07525
M744_RS08000	5.3677	SYNPCC7942_RS07530
M744_RS08005	0.4902	SYNPCC7942_RS07535
M744_RS08010	5.1328	SYNPCC7942_RS07540
M744_RS08015	9.9410	SYNPCC7942_RS07545
M744_RS08020	28.4301	SYNPCC7942_RS07550
M744_RS08025	18.6726	SYNPCC7942_RS07555
M744_RS08030	97.5020	SYNPCC7942_RS07560
M744_RS08035	4.1054	SYNPCC7942_RS07565
M744_RS08040	35.7769	SYNPCC7942_RS07570
M744_RS08045	47.6585	SYNPCC7942_RS07575
M744_RS08050	4.5979	SYNPCC7942_RS07580
M744_RS08055	109.2569	SYNPCC7942_RS07585
M744_RS08060	8.0066	SYNPCC7942_RS07590
M744_RS08065	22.3490	SYNPCC7942_RS07595
M744_RS08070	1245.4497	SYNPCC7942_RS07600
M744_RS08075	2.5144	SYNPCC7942_RS07605
M744_RS08080	4.7019	SYNPCC7942_RS07610
M744_RS08085	15.5110	SYNPCC7942_RS07615
M744_RS08090	11.5241	SYNPCC7942_RS07620
M744_RS08095	8.1497	SYNPCC7942_RS07625
M744_RS08100	7.9536	SYNPCC7942_RS07630
M744_RS08105	22.5861	SYNPCC7942_RS07635
M744_RS08110	11.1928	SYNPCC7942_RS07640
M744_RS08115	131.2049	SYNPCC7942_RS07645
M744_RS08120	62.1617	SYNPCC7942_RS07650
M744_RS08125	4.3731	SYNPCC7942_RS07655
M744_RS08130	2643.4512	SYNPCC7942_RS07660
M744_RS08135	65.8649	SYNPCC7942_RS07665
M744_RS08140	385.3837	SYNPCC7942_RS07670
M744_RS08145	5.9540	SYNPCC7942_RS07675
M744_RS08150	17.5718	SYNPCC7942_RS07680
M744_RS08155	31.8981	SYNPCC7942_RS07685
M744_RS08160	235.2057	SYNPCC7942_RS07690
M744_RS08165	706.4265	SYNPCC7942_RS07695
M744_RS08175	19.7798	SYNPCC7942_RS07705
M744_RS08180	34.7331	SYNPCC7942_RS07710
M744_RS08185	56.4088	SYNPCC7942_RS07715
M744_RS08190	52.2778	SYNPCC7942_RS07720
M744_RS08195	23.2109	SYNPCC7942_RS07725
M744_RS08200	158.9027	SYNPCC7942_RS07730
M744_RS08205	123.8701	SYNPCC7942_RS07735
M744_RS08210	11.9037	SYNPCC7942_RS07740
M744_RS08215	74.4295	SYNPCC7942_RS07745
M744_RS08220	10.5292	SYNPCC7942_RS07750
M744_RS08225	27.2019	SYNPCC7942_RS07755
M744_RS08230	18.8933	SYNPCC7942_RS07760
M744_RS08235	107.0489	SYNPCC7942_RS07765
M744_RS08240	433.0623	SYNPCC7942_RS07770
M744_RS08245	501.4013	SYNPCC7942_RS07775
M744_RS08265	1270.6720	SYNPCC7942_RS07795
M744_RS08270	22.1022	SYNPCC7942_RS07800
M744_RS08275	67.6259	SYNPCC7942_RS07805
M744_RS08280	25.8032	SYNPCC7942_RS07810
M744_RS08285	7.4634	SYNPCC7942_RS07815
M744_RS08290	2.4857	SYNPCC7942_RS07820
M744_RS08295	5.2860	SYNPCC7942_RS07825
M744_RS08300	2.4305	SYNPCC7942_RS07830
M744_RS08305	37.6025	SYNPCC7942_RS07835
M744_RS08310	26.1361	SYNPCC7942_RS07840
M744_RS08315	8.5744	SYNPCC7942_RS07845
M744_RS08320	11.0317	SYNPCC7942_RS07850
M744_RS08325	0.6475	SYNPCC7942_RS07860
M744_RS08330	11.0541	SYNPCC7942_RS07865
M744_RS08335	82.6981	SYNPCC7942_RS07870
M744_RS08340	4.6937	SYNPCC7942_RS07875
M744_RS08345	0.5760	SYNPCC7942_RS07880
M744_RS08350	5.7967	SYNPCC7942_RS07885
M744_RS08355	0.6270	SYNPCC7942_RS07890
M744_RS08360	112.2914	SYNPCC7942_RS07895
M744_RS08365	8.6112	SYNPCC7942_RS07900
M744_RS08370	11.8403	SYNPCC7942_RS07905
M744_RS08375	17.7575	SYNPCC7942_RS07910
M744_RS08380	635.3995	SYNPCC7942_RS07915
M744_RS08385	14.0508	SYNPCC7942_RS07920
M744_RS08390	235.7470	SYNPCC7942_RS07925
M744_RS08395	199.7554	SYNPCC7942_RS07930
M744_RS08400	92.0233	SYNPCC7942_RS07935
M744_RS08405	1171.7988	SYNPCC7942_RS07940
M744_RS08410	2.4898	SYNPCC7942_RS07945
M744_RS08415	10.4662	SYNPCC7942_RS07950
M744_RS08420	27.4084	SYNPCC7942_RS07955
M744_RS08430	20.8008	SYNPCC7942_RS07965
M744_RS08435	30.8238	SYNPCC7942_RS07970
M744_RS08440	1.1418	SYNPCC7942_RS07975
M744_RS08450	5.2573	SYNPCC7942_RS07980
M744_RS08455	0.6393	SYNPCC7942_RS07985
M744_RS08465	11.2338	SYNPCC7942_RS07995
M744_RS08470	37.8068	SYNPCC7942_RS08000
M744_RS08475	41.0343	SYNPCC7942_RS08005
M744_RS08480	3.4601	SYNPCC7942_RS08010
M744_RS08485	23.6649	SYNPCC7942_RS08015
M744_RS08490	136.5799	SYNPCC7942_RS08020
M744_RS08495	3.6969	SYNPCC7942_RS08025
M744_RS08500	22.2535	SYNPCC7942_RS08030
M744_RS08505	15.7396	SYNPCC7942_RS08035
M744_RS08510	13.6356	SYNPCC7942_RS08040
M744_RS08515	5.3147	SYNPCC7942_RS08045
M744_RS08520	4.1830	SYNPCC7942_RS08050
M744_RS08525	91.6725	SYNPCC7942_RS08055
M744_RS08530	73.9207	SYNPCC7942_RS08060
M744_RS08535	6.3522	SYNPCC7942_RS08065
M744_RS08540	31.5873	SYNPCC7942_RS08070
M744_RS08545	43.6735	SYNPCC7942_RS08075
M744_RS08550	24.4306	SYNPCC7942_RS08080
M744_RS08555	2.4633	SYNPCC7942_RS08085
M744_RS08560	51.3349	SYNPCC7942_RS08090
M744_RS08565	8.8439	SYNPCC7942_RS08095
M744_RS08570	86.4170	SYNPCC7942_RS08100
M744_RS08575	189.8733	SYNPCC7942_RS08105
M744_RS08580	45.1318	SYNPCC7942_RS08110
M744_RS08585	15.3127	SYNPCC7942_RS08115
M744_RS08590	89.4648	SYNPCC7942_RS08120
M744_RS08595	208.7424	SYNPCC7942_RS08125
M744_RS08600	8.7749	SYNPCC7942_RS08130
M744_RS08605	322.6394	SYNPCC7942_RS08135
M744_RS08610	120.6994	SYNPCC7942_RS08140
M744_RS08615	182.9033	SYNPCC7942_RS08145
M744_RS08620	61.4641	SYNPCC7942_RS08150
M744_RS08625	181.8438	SYNPCC7942_RS08155
M744_RS08630	75.4591	SYNPCC7942_RS08160
M744_RS08635	147.6157	SYNPCC7942_RS08165
M744_RS08640	12.4472	SYNPCC7942_RS08170
M744_RS08645	3.8318	SYNPCC7942_RS08175
M744_RS08650	50.9551	SYNPCC7942_RS08180
M744_RS08655	40.7263	SYNPCC7942_RS08185
M744_RS08660	2.5879	SYNPCC7942_RS08190
M744_RS08665	64.4482	SYNPCC7942_RS08195
M744_RS08670	5.8232	SYNPCC7942_RS08200
M744_RS08675	94.1821	SYNPCC7942_RS08205
M744_RS08680	1382.0561	SYNPCC7942_RS08210
M744_RS08685	174.6931	SYNPCC7942_RS08215
M744_RS08690	13.8872	SYNPCC7942_RS08220
M744_RS08695	185.9704	SYNPCC7942_RS08225
M744_RS08700	930.9593	SYNPCC7942_RS08230
M744_RS08705	122.0146	SYNPCC7942_RS08235
M744_RS08710	72.9488	SYNPCC7942_RS08240
M744_RS08715	323.2377	SYNPCC7942_RS08245
M744_RS08720	777.0671	SYNPCC7942_RS08250
M744_RS08725	113.7318	SYNPCC7942_RS08255
M744_RS08730	48.6960	SYNPCC7942_RS08260
M744_RS08735	46.1996	SYNPCC7942_RS08265
M744_RS08740	499.0340	SYNPCC7942_RS08270
M744_RS08745	121.1517	SYNPCC7942_RS08275
M744_RS08750	5.9008	SYNPCC7942_RS08280
M744_RS08755	21.7563	SYNPCC7942_RS08285
M744_RS08760	11.9998	SYNPCC7942_RS08290
M744_RS08765	60.0007	SYNPCC7942_RS08295
M744_RS08770	62.4766	SYNPCC7942_RS08300
M744_RS08775	125.9803	SYNPCC7942_RS08305
M744_RS08780	9.7572	SYNPCC7942_RS08310
M744_RS08785	168.7151	SYNPCC7942_RS08315
M744_RS08790	92.8818	SYNPCC7942_RS08320
M744_RS08795	27.4087	SYNPCC7942_RS08325
M744_RS08800	39.4936	SYNPCC7942_RS08330
M744_RS08805	183.4600	SYNPCC7942_RS08335
M744_RS08815	2.3489	SYNPCC7942_RS07480
M744_RS08820	1.8158	SYNPCC7942_RS07475
M744_RS08825	47.2519	SYNPCC7942_RS07470
M744_RS08830	48.4161	SYNPCC7942_RS07465
M744_RS08835	9.6859	SYNPCC7942_RS07460
M744_RS08840	58.5181	SYNPCC7942_RS07455
M744_RS08845	111.0922	SYNPCC7942_RS07450
M744_RS08850	59.5666	SYNPCC7942_RS07445
M744_RS08855	252.6215	SYNPCC7942_RS07440
M744_RS08860	170.3370	SYNPCC7942_RS07435
M744_RS08865	42.7397	SYNPCC7942_RS07430
M744_RS08870	86.4432	SYNPCC7942_RS07425
M744_RS08875	14.9124	SYNPCC7942_RS07420
M744_RS08880	68.3531	SYNPCC7942_RS07415
M744_RS08885	112.6366	SYNPCC7942_RS07410
M744_RS08890	148.6506	SYNPCC7942_RS07405
M744_RS08895	114.8405	SYNPCC7942_RS07400
M744_RS08900	38.7522	SYNPCC7942_RS07395
M744_RS08910	5968.3786	SYNPCC7942_RS07385
M744_RS08920	2.0589	SYNPCC7942_RS07375
M744_RS08930	4.2158	SYNPCC7942_RS07370
M744_RS08935	18.1153	SYNPCC7942_RS07365
M744_RS08940	522.7986	SYNPCC7942_RS07360
M744_RS08945	102.4920	SYNPCC7942_RS07355
M744_RS08950	36.6120	SYNPCC7942_RS07350
M744_RS08955	13.5256	SYNPCC7942_RS07345
M744_RS08960	44.5801	SYNPCC7942_RS07340
M744_RS08965	633.9996	SYNPCC7942_RS07335
M744_RS08970	44.1439	SYNPCC7942_RS07330
M744_RS08975	113.1432	SYNPCC7942_RS07325
M744_RS08980	350.1440	SYNPCC7942_RS07320
M744_RS08985	11.6118	SYNPCC7942_RS07315
M744_RS08990	10.8766	SYNPCC7942_RS07310
M744_RS08995	39.1084	SYNPCC7942_RS07305
M744_RS09000	2303.0344	SYNPCC7942_RS07300
M744_RS09005	9071.5910	SYNPCC7942_RS07295
M744_RS09010	88.5780	SYNPCC7942_RS07290
M744_RS09015	89.8545	SYNPCC7942_RS07285
M744_RS09020	2015.8141	SYNPCC7942_RS07280
M744_RS09025	441.2319	SYNPCC7942_RS07275
M744_RS09030	1705.5735	SYNPCC7942_RS07270
M744_RS09035	131.7774	SYNPCC7942_RS07265
M744_RS09040	783.6346	SYNPCC7942_RS07260
M744_RS09045	1.4277	SYNPCC7942_RS07255
M744_RS09050	42.0553	SYNPCC7942_RS07250
M744_RS09055	440.6651	SYNPCC7942_RS07245
M744_RS09060	1081.5589	SYNPCC7942_RS07240
M744_RS09065	13.1391	SYNPCC7942_RS07235
M744_RS09070	11.7892	SYNPCC7942_RS07230
M744_RS09075	122.5609	SYNPCC7942_RS07225
M744_RS09080	24.1462	SYNPCC7942_RS07220
M744_RS09085	638.1204	SYNPCC7942_RS07215
M744_RS09090	44.3554	SYNPCC7942_RS07210
M744_RS09095	4.2382	SYNPCC7942_RS07205
M744_RS09100	77.2150	SYNPCC7942_RS07200
M744_RS09105	47.6563	SYNPCC7942_RS07195
M744_RS09110	13.0764	SYNPCC7942_RS07190
M744_RS09115	15.5498	SYNPCC7942_RS07185
M744_RS09120	16.5362	SYNPCC7942_RS07180
M744_RS09125	30.6885	SYNPCC7942_RS07175
M744_RS09130	74.5067	SYNPCC7942_RS07170
M744_RS09135	143.6804	SYNPCC7942_RS07165
M744_RS09140	180.3968	SYNPCC7942_RS07160
M744_RS09145	234.9087	SYNPCC7942_RS07155
M744_RS09150	422.2871	SYNPCC7942_RS07150
M744_RS09155	2.6001	SYNPCC7942_RS07145
M744_RS09160	4.6079	SYNPCC7942_RS07140
M744_RS09165	66.6984	SYNPCC7942_RS07135
M744_RS09170	3.1291	SYNPCC7942_RS07130
M744_RS09175	5.8478	SYNPCC7942_RS07125
M744_RS09180	17.2550	SYNPCC7942_RS07120
M744_RS09185	37.7150	SYNPCC7942_RS07115
M744_RS09195	5.4046	SYNPCC7942_RS07105
M744_RS09200	22.4247	SYNPCC7942_RS07100
M744_RS09205	15.6945	SYNPCC7942_RS07095
M744_RS09210	14.0076	SYNPCC7942_RS07090
M744_RS09215	9.3546	SYNPCC7942_RS07085
M744_RS09220	553.2583	SYNPCC7942_RS07080
M744_RS09225	88.3365	SYNPCC7942_RS07075
M744_RS09230	40.2802	SYNPCC7942_RS07070
M744_RS09235	49.1323	SYNPCC7942_RS07065
M744_RS09240	84.1908	SYNPCC7942_RS07060
M744_RS09250	24.4940	SYNPCC7942_RS07050
M744_RS09255	274.4891	SYNPCC7942_RS07045
M744_RS09260	75.0313	SYNPCC7942_RS07040
M744_RS09265	24.4798	SYNPCC7942_RS07035
M744_RS09270	37.9906	SYNPCC7942_RS07030
M744_RS09275	759.7259	SYNPCC7942_RS07025
M744_RS09280	222.3055	SYNPCC7942_RS07020
M744_RS09285	15.2535	SYNPCC7942_RS07015
M744_RS09290	9.5368	SYNPCC7942_RS07010
M744_RS09295	8.8092	SYNPCC7942_RS07005
M744_RS09300	58.8775	SYNPCC7942_RS07000
M744_RS09305	12.1940	SYNPCC7942_RS06995
M744_RS09310	42.8595	SYNPCC7942_RS06990
M744_RS09315	15.1107	SYNPCC7942_RS06985
M744_RS09320	154.1478	SYNPCC7942_RS06975
M744_RS09330	18.9463	SYNPCC7942_RS06965
M744_RS09335	47.8830	SYNPCC7942_RS06960
M744_RS09340	42.7792	SYNPCC7942_RS06955
M744_RS09345	195.7647	SYNPCC7942_RS06950
M744_RS09350	30.0861	SYNPCC7942_RS06940
M744_RS09355	58.0077	SYNPCC7942_RS06935
M744_RS09360	4.9267	SYNPCC7942_RS06930
M744_RS09365	42.2596	SYNPCC7942_RS06925
M744_RS09370	16.0479	SYNPCC7942_RS06920
M744_RS09375	7.8414	SYNPCC7942_RS06915
M744_RS09380	412.5241	SYNPCC7942_RS06910
M744_RS09385	9.9614	SYNPCC7942_RS06905
M744_RS09390	2.8779	SYNPCC7942_RS06900
M744_RS09395	7.6330	SYNPCC7942_RS06895
M744_RS09400	7.7289	SYNPCC7942_RS06890
M744_RS09405	4.5815	SYNPCC7942_RS06885
M744_RS09410	155.8688	SYNPCC7942_RS06880
M744_RS09415	390.0149	SYNPCC7942_RS06875
M744_RS09420	359.5067	SYNPCC7942_RS06870
M744_RS09425	462.5261	SYNPCC7942_RS06865
M744_RS09430	26.8145	SYNPCC7942_RS06860
M744_RS09435	15.6296	SYNPCC7942_RS06855
M744_RS09440	49.0390	SYNPCC7942_RS06850
M744_RS09445	72.4933	SYNPCC7942_RS06845
M744_RS09450	447.0300	SYNPCC7942_RS06840
M744_RS09455	59.9827	SYNPCC7942_RS06835
M744_RS09460	6.3216	SYNPCC7942_RS06830
M744_RS09465	3.7174	SYNPCC7942_RS06825
M744_RS09470	12.7148	SYNPCC7942_RS06820
M744_RS09475	9.5119	SYNPCC7942_RS06815
M744_RS09480	14.5404	SYNPCC7942_RS06810
M744_RS09485	31.9511	SYNPCC7942_RS06805
M744_RS09490	34.9229	SYNPCC7942_RS06800
M744_RS09495	163.9145	SYNPCC7942_RS06795
M744_RS09500	2.7411	SYNPCC7942_RS06790
M744_RS09505	9.4999	SYNPCC7942_RS06785
M744_RS09510	158.9610	SYNPCC7942_RS06780
M744_RS09515	49.1859	SYNPCC7942_RS06775
M744_RS09520	129.7116	SYNPCC7942_RS06770
M744_RS09525	14.9716	SYNPCC7942_RS06765
M744_RS09530	1244.1685	SYNPCC7942_RS06760
M744_RS09535	37.2289	SYNPCC7942_RS06755
M744_RS09540	23.3641	SYNPCC7942_RS06750
M744_RS09545	13.6766	SYNPCC7942_RS06745
M744_RS09550	7.1734	SYNPCC7942_RS06740
M744_RS09555	7.5473	SYNPCC7942_RS06735
M744_RS09560	10.3965	SYNPCC7942_RS06730
M744_RS09565	73.8923	SYNPCC7942_RS06725
M744_RS09570	1001.1472	SYNPCC7942_RS06720
M744_RS09575	285.9922	SYNPCC7942_RS06715
M744_RS09580	47.7521	SYNPCC7942_RS06710
M744_RS09585	34.7224	SYNPCC7942_RS06705
M744_RS09590	68.7923	SYNPCC7942_RS06700
M744_RS09595	14.1917	SYNPCC7942_RS06695
M744_RS09600	57.0658	SYNPCC7942_RS06690
M744_RS09605	30.8584	SYNPCC7942_RS06685
M744_RS09610	47.5053	SYNPCC7942_RS06680
M744_RS09615	33.6916	SYNPCC7942_RS06675
M744_RS09620	43.2299	SYNPCC7942_RS06670
M744_RS09625	37.9029	SYNPCC7942_RS06665
M744_RS09630	247.1980	SYNPCC7942_RS06660
M744_RS09635	5.9824	SYNPCC7942_RS06655
M744_RS09640	3.7826	SYNPCC7942_RS06650
M744_RS09645	38.4751	SYNPCC7942_RS06645
M744_RS09650	63.0009	SYNPCC7942_RS06640
M744_RS09655	340.9838	SYNPCC7942_RS06635
M744_RS09660	5.6476	SYNPCC7942_RS06630
M744_RS09665	45.0536	SYNPCC7942_RS06625
M744_RS09670	110.8984	SYNPCC7942_RS06620
M744_RS09675	422.5039	SYNPCC7942_RS06615
M744_RS09680	76.6006	SYNPCC7942_RS06610
M744_RS09685	5.8948	SYNPCC7942_RS06605
M744_RS09690	156.2464	SYNPCC7942_RS06600
M744_RS09695	2.2978	SYNPCC7942_RS06595
M744_RS09700	164.2102	SYNPCC7942_RS06590
M744_RS09705	33.0926	SYNPCC7942_RS06585
M744_RS09710	610.0898	SYNPCC7942_RS06580
M744_RS09715	393.2342	SYNPCC7942_RS06575
M744_RS09720	254.9732	SYNPCC7942_RS06570
M744_RS09725	133.6669	SYNPCC7942_RS06565
M744_RS09730	44.3510	SYNPCC7942_RS06560
M744_RS09735	18.5298	SYNPCC7942_RS06555
M744_RS09740	0.2941	SYNPCC7942_RS06550
M744_RS09745	568.2693	SYNPCC7942_RS06545
M744_RS09750	1416.5930	SYNPCC7942_RS06540
M744_RS09755	13.1984	SYNPCC7942_RS06535
M744_RS09760	59.3396	SYNPCC7942_RS06530
M744_RS09765	78.0838	SYNPCC7942_RS06525
M744_RS09770	22.7967	SYNPCC7942_RS06520
M744_RS09775	3.7990	SYNPCC7942_RS06515
M744_RS09780	96.9143	SYNPCC7942_RS06510
M744_RS09785	11.9037	SYNPCC7942_RS06505
M744_RS09790	37.2289	SYNPCC7942_RS06500
M744_RS09795	46.3282	SYNPCC7942_RS06495
M744_RS09800	61.7494	SYNPCC7942_RS06490
M744_RS09805	14.4673	SYNPCC7942_RS06485
M744_RS09810	15.2941	SYNPCC7942_RS06480
M744_RS09815	24.2484	SYNPCC7942_RS06475
M744_RS09820	23.3525	SYNPCC7942_RS06470
M744_RS09825	25.6232	SYNPCC7942_RS06465
M744_RS09830	56.9545	SYNPCC7942_RS06460
M744_RS09835	70.6011	SYNPCC7942_RS06455
M744_RS09840	272.2783	SYNPCC7942_RS06450
M744_RS09845	12.8538	SYNPCC7942_RS06445
M744_RS09850	105.6977	SYNPCC7942_RS06440
M744_RS09855	95.4536	SYNPCC7942_RS06435
M744_RS09860	92.7380	SYNPCC7942_RS06430
M744_RS09865	376.4297	SYNPCC7942_RS06425
M744_RS09875	20.2927	SYNPCC7942_RS06415
M744_RS09880	13.4030	SYNPCC7942_RS06410
M744_RS09885	4045.1980	SYNPCC7942_RS06405
M744_RS09890	137.5297	SYNPCC7942_RS06400
M744_RS09895	29.3320	SYNPCC7942_RS06395
M744_RS09905	135.9513	SYNPCC7942_RS06385
M744_RS09910	2.0119	SYNPCC7942_RS06380
M744_RS09915	29.9291	SYNPCC7942_RS06375
M744_RS09920	4.2669	SYNPCC7942_RS06370
M744_RS09925	10.6149	SYNPCC7942_RS06365
M744_RS09930	29.8736	SYNPCC7942_RS06360
M744_RS09935	1107.6025	SYNPCC7942_RS06355
M744_RS09940	1599.6393	SYNPCC7942_RS06350
M744_RS09945	532.5889	SYNPCC7942_RS06345
M744_RS09950	1509.0856	SYNPCC7942_RS06340
M744_RS09955	595.2030	SYNPCC7942_RS06335
M744_RS09960	89.8504	SYNPCC7942_RS06330
M744_RS09965	14.3096	SYNPCC7942_RS06325
M744_RS09970	9.1443	SYNPCC7942_RS06320
M744_RS09975	327.2835	SYNPCC7942_RS06315
M744_RS09980	1729.1747	SYNPCC7942_RS06310
M744_RS09985	42.0207	SYNPCC7942_RS06305
M744_RS09990	19.7142	SYNPCC7942_RS06300
M744_RS09995	7.8944	SYNPCC7942_RS06295
M744_RS10000	5.1451	SYNPCC7942_RS06290
M744_RS10010	57.0440	SYNPCC7942_RS06280
M744_RS10015	162.0265	SYNPCC7942_RS06275
M744_RS10020	73.9992	SYNPCC7942_RS06270
M744_RS10025	66.8535	SYNPCC7942_RS06265
M744_RS10030	19.0099	SYNPCC7942_RS06260
M744_RS10035	234.5771	SYNPCC7942_RS06255
M744_RS10040	585.1706	SYNPCC7942_RS06250
M744_RS10045	1471.8354	SYNPCC7942_RS06245
M744_RS10050	32.9192	SYNPCC7942_RS06240
M744_RS10055	60.5640	SYNPCC7942_RS06235
M744_RS10060	176.7254	SYNPCC7942_RS06230
M744_RS10065	29.2551	SYNPCC7942_RS06225
M744_RS10070	60.0401	SYNPCC7942_RS06220
M744_RS10075	1.5053	SYNPCC7942_RS06215
M744_RS10080	4.6650	SYNPCC7942_RS06210
M744_RS10085	3.6950	SYNPCC7942_RS06205
M744_RS10090	2.3918	SYNPCC7942_RS06200
M744_RS10095	1.4196	SYNPCC7942_RS06195
M744_RS10100	28.0928	SYNPCC7942_RS06190
M744_RS10105	8.1352	SYNPCC7942_RS06185
M744_RS10110	2.9964	SYNPCC7942_RS06180
M744_RS10115	0.2941	SYNPCC7942_RS06175
M744_RS10125	0.2900	SYNPCC7942_RS06165
M744_RS10130	0.4432	SYNPCC7942_RS06160
M744_RS10135	91.3068	SYNPCC7942_RS06155
M744_RS10140	135.6186	SYNPCC7942_RS06150
M744_RS10145	18.6666	SYNPCC7942_RS06145
M744_RS10150	15.8745	SYNPCC7942_RS06140
M744_RS10155	569.7065	SYNPCC7942_RS06135
M744_RS10160	235.3346	SYNPCC7942_RS06130
M744_RS10165	14.1485	SYNPCC7942_RS06125
M744_RS10170	98.1545	SYNPCC7942_RS06120
M744_RS10175	39.3086	SYNPCC7942_RS06115
M744_RS10180	71.5491	SYNPCC7942_RS06110
M744_RS10185	203.7940	SYNPCC7942_RS06105
M744_RS10190	25.3845	SYNPCC7942_RS06100
M744_RS10195	262.0618	SYNPCC7942_RS06095
M744_RS10200	31.1891	SYNPCC7942_RS06090
M744_RS10205	48.4914	SYNPCC7942_RS06085
M744_RS10210	24.6572	SYNPCC7942_RS06080
M744_RS10215	2.0160	SYNPCC7942_RS06075
M744_RS10220	3.1127	SYNPCC7942_RS06070
M744_RS10225	174.4383	SYNPCC7942_RS06065
M744_RS10230	69.1860	SYNPCC7942_RS06060
M744_RS10235	209.1062	SYNPCC7942_RS06055
M744_RS10240	447.2617	SYNPCC7942_RS06050
M744_RS10245	207.8553	SYNPCC7942_RS06045
M744_RS10250	220.1653	SYNPCC7942_RS06040
M744_RS10255	139.8247	SYNPCC7942_RS06035
M744_RS10260	1404.4249	SYNPCC7942_RS06030
M744_RS10265	1075.2418	SYNPCC7942_RS06025
M744_RS10270	465.7152	SYNPCC7942_RS06020
M744_RS10275	13.0783	SYNPCC7942_RS06015
M744_RS10280	9.2834	SYNPCC7942_RS06010
M744_RS10285	13.2576	SYNPCC7942_RS06005
M744_RS10290	11.8917	SYNPCC7942_RS06000
M744_RS10295	54.9801	SYNPCC7942_RS05995
M744_RS10300	15.7847	SYNPCC7942_RS05990
M744_RS10305	13.9033	SYNPCC7942_RS05985
M744_RS10310	9.0340	SYNPCC7942_RS05980
M744_RS10320	1.9690	SYNPCC7942_RS05970
M744_RS10330	9.3978	SYNPCC7942_RS05960
M744_RS10335	4.6467	SYNPCC7942_RS05955
M744_RS10340	3.0106	SYNPCC7942_RS05950
M744_RS10345	15.8134	SYNPCC7942_RS05945
M744_RS10355	16.1258	SYNPCC7942_RS05935
M744_RS10360	25.0617	SYNPCC7942_RS05930
M744_RS10365	6.3869	SYNPCC7942_RS05925
M744_RS10370	3.2864	SYNPCC7942_RS05920
M744_RS10375	58.3664	SYNPCC7942_RS05915
M744_RS10380	27.4878	SYNPCC7942_RS05910
M744_RS10390	53.4956	SYNPCC7942_RS05900
M744_RS10395	194.6897	SYNPCC7942_RS05895
M744_RS10405	54.6847	SYNPCC7942_RS05885
M744_RS10410	14.8266	SYNPCC7942_RS05880
M744_RS10415	1.4073	SYNPCC7942_RS05875
M744_RS10420	61.1794	SYNPCC7942_RS05870
M744_RS10425	174.4790	SYNPCC7942_RS05865
M744_RS10435	88.5169	SYNPCC7942_RS05855
M744_RS10440	40.3849	SYNPCC7942_RS05850
M744_RS10445	194.4441	SYNPCC7942_RS05845
M744_RS10450	8.5807	SYNPCC7942_RS05840
M744_RS10455	13.0458	SYNPCC7942_RS05835
M744_RS10460	154.3739	SYNPCC7942_RS05830
M744_RS10470	963.0305	SYNPCC7942_RS05820
M744_RS10475	150.0074	SYNPCC7942_RS05815
M744_RS10480	1.8587	SYNPCC7942_RS05810
M744_RS10485	3.4702	SYNPCC7942_RS05805
M744_RS10490	2.7370	SYNPCC7942_RS05800
M744_RS10495	8.0842	SYNPCC7942_RS05795
M744_RS10500	26.4507	SYNPCC7942_RS05790
M744_RS10505	84.8077	SYNPCC7942_RS05785
M744_RS10510	14.9962	SYNPCC7942_RS05780
M744_RS10515	4.6385	SYNPCC7942_RS05775
M744_RS10520	131.4864	SYNPCC7942_RS05770
M744_RS10525	74.9295	SYNPCC7942_RS05765
M744_RS10530	159.7308	SYNPCC7942_RS05760
M744_RS10535	113.7192	SYNPCC7942_RS05755
M744_RS10540	598.0371	SYNPCC7942_RS05750
M744_RS10545	167.0650	SYNPCC7942_RS05745
M744_RS10550	38.7774	SYNPCC7942_RS05740
M744_RS10555	8.9750	SYNPCC7942_RS05735
M744_RS10565	7.9168	SYNPCC7942_RS05725
M744_RS10570	716.5984	SYNPCC7942_RS05720
M744_RS10575	33.5585	SYNPCC7942_RS05715
M744_RS10580	56.8312	SYNPCC7942_RS05710
M744_RS10585	23.7749	SYNPCC7942_RS05705
M744_RS10590	17.0712	SYNPCC7942_RS05700
M744_RS10595	5.9418	SYNPCC7942_RS05695
M744_RS10600	157.1732	SYNPCC7942_RS05690
M744_RS10605	7.2529	SYNPCC7942_RS05685
M744_RS10610	21.1628	SYNPCC7942_RS05680
M744_RS10615	29.4717	SYNPCC7942_RS05675
M744_RS10620	29.9370	SYNPCC7942_RS05670
M744_RS10625	97.2489	SYNPCC7942_RS05665
M744_RS10630	47.8114	SYNPCC7942_RS05660
M744_RS10635	7.3348	SYNPCC7942_RS05655
M744_RS10640	18.6887	SYNPCC7942_RS05650
M744_RS10645	809.7533	SYNPCC7942_RS05645
M744_RS10650	40.8770	SYNPCC7942_RS05640
M744_RS10655	25.5784	SYNPCC7942_RS05635
M744_RS10660	17.6061	SYNPCC7942_RS05630
M744_RS10665	1222.2598	SYNPCC7942_RS05625
M744_RS10670	14.9430	SYNPCC7942_RS05620
M744_RS10675	4.6896	SYNPCC7942_RS05615
M744_RS10680	14.0363	SYNPCC7942_RS05610
M744_RS10685	12.5266	SYNPCC7942_RS05605
M744_RS10690	10.9274	SYNPCC7942_RS05600
M744_RS10695	56.4425	SYNPCC7942_RS05595
M744_RS10700	694.5684	SYNPCC7942_RS05590
M744_RS10705	3304.1112	SYNPCC7942_RS05585
M744_RS10710	98.8320	SYNPCC7942_RS05580
M744_RS10715	418.8394	SYNPCC7942_RS05575
M744_RS10720	227.2284	SYNPCC7942_RS05570
M744_RS10725	5.7334	SYNPCC7942_RS05565
M744_RS10735	85.4924	SYNPCC7942_RS05555
M744_RS10740	62.7544	SYNPCC7942_RS05550
M744_RS10745	49.6168	SYNPCC7942_RS05545
M744_RS10755	24.1484	SYNPCC7942_RS05535
M744_RS10760	52.8355	SYNPCC7942_RS05530
M744_RS10765	5.1186	SYNPCC7942_RS05525
M744_RS10770	7.2346	SYNPCC7942_RS05520
M744_RS10775	2.1711	SYNPCC7942_RS05515
M744_RS10780	2.8902	SYNPCC7942_RS05510
M744_RS10785	30.1655	SYNPCC7942_RS05505
M744_RS10790	21.8837	SYNPCC7942_RS05500
M744_RS10795	60.0953	SYNPCC7942_RS05495
M744_RS10800	13.0067	SYNPCC7942_RS05490
M744_RS10805	25.6783	SYNPCC7942_RS05485
M744_RS10810	535.2940	SYNPCC7942_RS05480
M744_RS10815	2.8085	SYNPCC7942_RS05475
M744_RS10825	70.8546	SYNPCC7942_RS05465
M744_RS10830	21.9263	SYNPCC7942_RS05460
M744_RS10835	9.2219	SYNPCC7942_RS05455
M744_RS10840	33.7174	SYNPCC7942_RS05450
M744_RS10845	11.1297	SYNPCC7942_RS05445
M744_RS10850	2.8697	SYNPCC7942_RS05440
M744_RS10855	30.4458	SYNPCC7942_RS05435
M744_RS10860	825.8372	SYNPCC7942_RS05430
M744_RS10865	6.1009	SYNPCC7942_RS05425
M744_RS10870	94.7256	SYNPCC7942_RS05420
M744_RS10875	129.1861	SYNPCC7942_RS05415
M744_RS10880	7.6208	SYNPCC7942_RS05410
M744_RS10885	17.8804	SYNPCC7942_RS05405
M744_RS10900	1418.3811	SYNPCC7942_RS05390
M744_RS10905	3956.7316	SYNPCC7942_RS05385
M744_RS10910	2531.0946	SYNPCC7942_RS05380
M744_RS10925	12.6839	SYNPCC7942_RS05365
M744_RS10930	25.5150	SYNPCC7942_RS05360
M744_RS10935	34.8110	SYNPCC7942_RS05355
M744_RS10940	9.4813	SYNPCC7942_RS05350
M744_RS10945	2.1099	SYNPCC7942_RS05345
M744_RS10950	6.4502	SYNPCC7942_RS05340
M744_RS10955	9.4813	SYNPCC7942_RS05335
M744_RS10960	11.5894	SYNPCC7942_RS05330
M744_RS10965	82.3548	SYNPCC7942_RS05325
M744_RS10970	167.5650	SYNPCC7942_RS05320
M744_RS10975	30.6031	SYNPCC7942_RS05315
M744_RS10980	33.1660	SYNPCC7942_RS05310
M744_RS10985	99.6835	SYNPCC7942_RS05305
M744_RS10990	232.7203	SYNPCC7942_RS05300
M744_RS11000	133.9381	SYNPCC7942_RS05290
M744_RS11005	129.0676	SYNPCC7942_RS05285
M744_RS11015	1.7077	SYNPCC7942_RS05275
M744_RS11020	55.0526	SYNPCC7942_RS05270
M744_RS11025	3.1291	SYNPCC7942_RS05265
M744_RS11030	28.3727	SYNPCC7942_RS05260
M744_RS11035	16.4095	SYNPCC7942_RS05255
M744_RS11040	11.3728	SYNPCC7942_RS05250
M744_RS11045	13.1987	SYNPCC7942_RS05245
M744_RS11050	69.6542	SYNPCC7942_RS05240
M744_RS11055	5.4270	SYNPCC7942_RS05235
M744_RS11060	15.3903	SYNPCC7942_RS05230
M744_RS11070	28.1092	SYNPCC7942_RS05220
M744_RS11075	352.7665	SYNPCC7942_RS05215
M744_RS11080	598.0698	SYNPCC7942_RS05210
M744_RS11085	8.0454	SYNPCC7942_RS05205
M744_RS11090	6.9896	SYNPCC7942_RS05195
M744_RS11095	6.3645	SYNPCC7942_RS05190
M744_RS11100	31.0586	SYNPCC7942_RS05185
M744_RS11105	5.9499	SYNPCC7942_RS05180
M744_RS11110	5.9988	SYNPCC7942_RS05175
M744_RS11115	110.5204	SYNPCC7942_RS05170
M744_RS11125	24.1819	SYNPCC7942_RS05160
M744_RS11130	4.0320	SYNPCC7942_RS05155
M744_RS11135	1.0233	SYNPCC7942_RS05150
M744_RS11145	6067.5572	SYNPCC7942_RS05140
M744_RS11150	119.7284	SYNPCC7942_RS05135
M744_RS11155	13.6706	SYNPCC7942_RS05130
M744_RS11160	10.0390	SYNPCC7942_RS13725
M744_RS11165	138.5927	SYNPCC7942_RS05125
M744_RS11170	160.9808	SYNPCC7942_RS05120
M744_RS11175	27.3324	SYNPCC7942_RS05115
M744_RS11180	7.7513	SYNPCC7942_RS05110
M744_RS11185	20.4825	SYNPCC7942_RS05105
M744_RS11190	91.3780	SYNPCC7942_RS05100
M744_RS11195	26.8242	SYNPCC7942_RS05095
M744_RS11200	33.8649	SYNPCC7942_RS05090
M744_RS11205	2.0343	SYNPCC7942_RS13875
M744_RS11210	58.5550	SYNPCC7942_RS05080
M744_RS11215	15.9271	SYNPCC7942_RS05075
M744_RS11220	35.3006	SYNPCC7942_RS05070
M744_RS11225	78.1279	SYNPCC7942_RS05065
M744_RS11230	71.8656	SYNPCC7942_RS05060
M744_RS11235	14.5590	SYNPCC7942_RS05055
M744_RS11240	57.8967	SYNPCC7942_RS05050
M744_RS11245	54.5063	SYNPCC7942_RS05045
M744_RS11250	75.8484	SYNPCC7942_RS05040
M744_RS11260	9.6040	SYNPCC7942_RS05030
M744_RS11265	2.7411	SYNPCC7942_RS05025
M744_RS11270	3202.8506	SYNPCC7942_RS05020
M744_RS11275	3490.6938	SYNPCC7942_RS05015
M744_RS11280	25.9400	SYNPCC7942_RS05010
M744_RS11285	2.8227	SYNPCC7942_RS05005
M744_RS11295	32.7048	SYNPCC7942_RS04995
M744_RS11300	364.5428	SYNPCC7942_RS04990
M744_RS11305	10.6149	SYNPCC7942_RS04985
M744_RS11310	21.6101	SYNPCC7942_RS04980
M744_RS11315	7.7636	SYNPCC7942_RS04975
M744_RS11320	346.3307	SYNPCC7942_RS04970
M744_RS11325	7.8944	SYNPCC7942_RS04965
M744_RS11330	44.8494	SYNPCC7942_RS04960
M744_RS11335	82.5077	SYNPCC7942_RS04955
M744_RS11340	24.5022	SYNPCC7942_RS04945
M744_RS11345	30.9158	SYNPCC7942_RS04940
M744_RS11350	25.2253	SYNPCC7942_RS04935
M744_RS11355	26.5100	SYNPCC7942_RS04930
M744_RS11360	7.1164	SYNPCC7942_RS04925
M744_RS11365	46.5634	SYNPCC7942_RS04920
M744_RS11370	245.3008	SYNPCC7942_RS04915
M744_RS11375	23.8423	SYNPCC7942_RS04910
M744_RS11380	22.5681	SYNPCC7942_RS04905
M744_RS11385	2.7839	SYNPCC7942_RS04900
M744_RS11390	35.9749	SYNPCC7942_RS04895
M744_RS11395	43.8283	SYNPCC7942_RS04890
M744_RS11400	23.5665	SYNPCC7942_RS04885
M744_RS11405	15.4414	SYNPCC7942_RS04880
M744_RS11410	15.1636	SYNPCC7942_RS04875
M744_RS11415	17.4082	SYNPCC7942_RS04870
M744_RS11420	26.6036	SYNPCC7942_RS04865
M744_RS11425	14.0076	SYNPCC7942_RS04860
M744_RS11430	16.1317	SYNPCC7942_RS04855
M744_RS11435	176.7771	SYNPCC7942_RS04850
M744_RS11440	1109.9562	SYNPCC7942_RS04845
M744_RS11445	115.7698	SYNPCC7942_RS04840
M744_RS11450	26.9961	SYNPCC7942_RS04835
M744_RS11455	14.5429	SYNPCC7942_RS04830
M744_RS11460	1.1847	SYNPCC7942_RS04825
M744_RS11465	6.1460	SYNPCC7942_RS04820
M744_RS11470	5.4247	SYNPCC7942_RS04815
M744_RS11475	2.3142	SYNPCC7942_RS04810
M744_RS11480	11.1398	SYNPCC7942_RS04805
M744_RS11485	7.0814	SYNPCC7942_RS04800
M744_RS11490	53.1753	SYNPCC7942_RS04795
M744_RS11495	34.7867	SYNPCC7942_RS04790
M744_RS11500	8.6806	SYNPCC7942_RS04785
M744_RS11505	143.1417	SYNPCC7942_RS04780
M744_RS11510	891.1219	SYNPCC7942_RS04775
M744_RS11515	96.8765	SYNPCC7942_RS04770
M744_RS11520	64.0513	SYNPCC7942_RS04765
M744_RS11525	69.9278	SYNPCC7942_RS04760
M744_RS11530	150.2101	SYNPCC7942_RS04755
M744_RS11535	61.1923	SYNPCC7942_RS04750
M744_RS11540	13.2113	SYNPCC7942_RS04745
M744_RS11545	3.5560	SYNPCC7942_RS04740
M744_RS11550	947.1339	SYNPCC7942_RS04735
M744_RS11555	54.4152	SYNPCC7942_RS04730
M744_RS11565	71.0775	SYNPCC7942_RS04720
M744_RS11580	18.3886	SYNPCC7942_RS04705
M744_RS11585	3.1291	SYNPCC7942_RS04700
M744_RS11590	2.0976	SYNPCC7942_RS04695
M744_RS11595	25.1679	SYNPCC7942_RS04690
M744_RS11600	3.8911	SYNPCC7942_RS04685
M744_RS11605	93.0365	SYNPCC7942_RS04680
M744_RS11610	106.5344	SYNPCC7942_RS04675
M744_RS11615	16.4442	SYNPCC7942_RS04670
M744_RS11625	67.0023	SYNPCC7942_RS13975
M744_RS11630	115.7702	SYNPCC7942_RS04660
M744_RS11635	1195.7541	SYNPCC7942_RS04655
M744_RS11640	11.1461	SYNPCC7942_RS04650
M744_RS11645	28.8428	SYNPCC7942_RS04645
M744_RS11650	676.3340	SYNPCC7942_RS04640
M744_RS11655	12.4639	SYNPCC7942_RS04635
M744_RS11665	10.7518	SYNPCC7942_RS04625
M744_RS11670	28.5994	SYNPCC7942_RS04620
M744_RS11675	138.7875	SYNPCC7942_RS04615
M744_RS11680	14.0997	SYNPCC7942_RS04610
M744_RS11685	6.9956	SYNPCC7942_RS04605
M744_RS11695	6.5893	SYNPCC7942_RS04595
M744_RS11700	48.5412	SYNPCC7942_RS04590
M744_RS11710	112.4046	SYNPCC7942_RS04580
M744_RS11715	5.0676	SYNPCC7942_RS04575
M744_RS11720	1054.8410	SYNPCC7942_RS04570
M744_RS11725	1116.7431	SYNPCC7942_RS04565
M744_RS11730	7382.1407	SYNPCC7942_RS04560
M744_RS11735	12221.2298	SYNPCC7942_RS04555
M744_RS11740	1780.9061	SYNPCC7942_RS04550
M744_RS11745	27.3901	SYNPCC7942_RS04545
M744_RS11750	8.6686	SYNPCC7942_RS04540
M744_RS11755	3.3293	SYNPCC7942_RS04535
M744_RS11760	9.7714	SYNPCC7942_RS04530
M744_RS11765	258.2388	SYNPCC7942_RS04525
M744_RS11770	139.6431	SYNPCC7942_RS04520
M744_RS11775	311.8501	SYNPCC7942_RS04515
M744_RS11780	13.0966	SYNPCC7942_RS04510
M744_RS11785	40.2515	SYNPCC7942_RS04505
M744_RS11790	10.8132	SYNPCC7942_RS04500
M744_RS11795	5.1798	SYNPCC7942_RS04495
M744_RS11800	11.6259	SYNPCC7942_RS04490
M744_RS11805	5.2756	SYNPCC7942_RS04485
M744_RS11810	6.4215	SYNPCC7942_RS04480
M744_RS11815	70.3307	SYNPCC7942_RS04475
M744_RS11820	1.0662	SYNPCC7942_RS04470
M744_RS11825	38.6869	SYNPCC7942_RS04465
M744_RS11830	48.3221	SYNPCC7942_RS04460
M744_RS11835	77.8997	SYNPCC7942_RS04455
M744_RS11840	195.9163	SYNPCC7942_RS04450
M744_RS11845	30.6479	SYNPCC7942_RS04445
M744_RS11850	218.0985	SYNPCC7942_RS04440
M744_RS11855	39.2348	SYNPCC7942_RS04435
M744_RS11860	146.5366	SYNPCC7942_RS04430
M744_RS11865	582.1013	SYNPCC7942_RS04425
M744_RS11870	83.7274	SYNPCC7942_RS04420
M744_RS11875	33.6786	SYNPCC7942_RS04415
M744_RS11880	209.9242	SYNPCC7942_RS04410
M744_RS11885	159.6423	SYNPCC7942_RS04405
M744_RS11890	228.5519	SYNPCC7942_RS04400
M744_RS11895	74.5934	SYNPCC7942_RS04395
M744_RS11900	144.6798	SYNPCC7942_RS04390
M744_RS11910	138.7614	SYNPCC7942_RS04380
M744_RS11915	119.5291	SYNPCC7942_RS04375
M744_RS11920	23.6318	SYNPCC7942_RS04370
M744_RS11925	35.5824	SYNPCC7942_RS04365
M744_RS11930	218.5258	SYNPCC7942_RS04360
M744_RS11935	164.6925	SYNPCC7942_RS04355
M744_RS11940	36.7551	SYNPCC7942_RS04350
M744_RS11945	11.1480	SYNPCC7942_RS04345
M744_RS11950	10.4025	SYNPCC7942_RS04340
M744_RS11955	8.0577	SYNPCC7942_RS04335
M744_RS11960	7.3897	SYNPCC7942_RS04330
M744_RS11965	1.8423	SYNPCC7942_RS04325
M744_RS11970	45.8648	SYNPCC7942_RS04320
M744_RS11975	38.6104	SYNPCC7942_RS04315
M744_RS11980	84.8868	SYNPCC7942_RS04310
M744_RS11990	0.0939	SYNPCC7942_RS04300
M744_RS11995	4.2117	SYNPCC7942_RS04295
M744_RS12000	83.3456	SYNPCC7942_RS04290
M744_RS12005	10.8091	SYNPCC7942_RS04285
M744_RS12010	12.9988	SYNPCC7942_RS04280
M744_RS12015	95.3574	SYNPCC7942_RS04275
M744_RS12020	29.0180	SYNPCC7942_RS04270
M744_RS12025	5.9276	SYNPCC7942_RS04265
M744_RS12030	57.1843	SYNPCC7942_RS04260
M744_RS12035	15.7623	SYNPCC7942_RS04255
M744_RS12040	22.5126	SYNPCC7942_RS04250
M744_RS12045	31.2402	SYNPCC7942_RS04245
M744_RS12050	40.5031	SYNPCC7942_RS04240
M744_RS12055	42.1657	SYNPCC7942_RS04235
M744_RS12060	38.2973	SYNPCC7942_RS04230
M744_RS12065	6.7198	SYNPCC7942_RS04225
M744_RS12070	40.4236	SYNPCC7942_RS04220
M744_RS12075	14.2816	SYNPCC7942_RS04215
M744_RS12080	19.4141	SYNPCC7942_RS04210
M744_RS12085	73.0156	SYNPCC7942_RS04205
M744_RS12090	64.5106	SYNPCC7942_RS04200
M744_RS12095	63.4687	SYNPCC7942_RS04195
M744_RS12100	3.4825	SYNPCC7942_RS04190
M744_RS12105	90.7923	SYNPCC7942_RS04185
M744_RS12110	74.1410	SYNPCC7942_RS04180
M744_RS12115	10.0718	SYNPCC7942_RS04175
M744_RS12120	13.4727	SYNPCC7942_RS04170
M744_RS12125	104.3340	SYNPCC7942_RS04165
M744_RS12130	38.2929	SYNPCC7942_RS04160
M744_RS12135	19.3753	SYNPCC7942_RS04155
M744_RS12140	7.5962	SYNPCC7942_RS04150
M744_RS12145	1957.6511	SYNPCC7942_RS04145
M744_RS12150	54.1800	SYNPCC7942_RS04140
M744_RS12155	79.9056	SYNPCC7942_RS04135
M744_RS12160	30.3720	SYNPCC7942_RS04130
M744_RS12165	122.0218	SYNPCC7942_RS04125
M744_RS12170	11.8753	SYNPCC7942_RS04120
M744_RS12175	8.2661	SYNPCC7942_RS04115
M744_RS12180	774.9921	SYNPCC7942_RS04110
M744_RS12185	35.8056	SYNPCC7942_RS04105
M744_RS12190	48.5749	SYNPCC7942_RS04100
M744_RS12195	15.5230	SYNPCC7942_RS04095
M744_RS12200	1216.4628	SYNPCC7942_RS04090
M744_RS12205	14.1873	SYNPCC7942_RS04085
M744_RS12210	223.1750	SYNPCC7942_RS04080
M744_RS12215	36.9553	SYNPCC7942_RS04075
M744_RS12220	5.4311	SYNPCC7942_RS04070
M744_RS12225	3.3293	SYNPCC7942_RS04065
M744_RS12230	25.4148	SYNPCC7942_RS04060
M744_RS12235	104.8567	SYNPCC7942_RS04055
M744_RS12240	510.8583	SYNPCC7942_RS04050
M744_RS12245	20.3028	SYNPCC7942_RS04045
M744_RS12250	106.1306	SYNPCC7942_RS04040
M744_RS12255	6.1542	SYNPCC7942_RS04035
M744_RS12260	59.8661	SYNPCC7942_RS04030
M744_RS12265	122.5965	SYNPCC7942_RS04025
M744_RS12270	16.3319	SYNPCC7942_RS04020
M744_RS12275	24.8164	SYNPCC7942_RS04015
M744_RS12280	66.8330	SYNPCC7942_RS04010
M744_RS12290	2.1916	SYNPCC7942_RS13700
M744_RS12295	3.5500	SYNPCC7942_RS03970
M744_RS12300	0.0980	SYNPCC7942_RS03965
M744_RS12310	3.6764	SYNPCC7942_RS03955
M744_RS12315	114.8641	SYNPCC7942_RS03950
M744_RS12325	15.3023	SYNPCC7942_RS03940
M744_RS12330	7.3550	SYNPCC7942_RS03935
M744_RS12335	80.4245	SYNPCC7942_RS03930
M744_RS12340	5.7517	SYNPCC7942_RS03925
M744_RS12345	0.6781	SYNPCC7942_RS03920
M744_RS12350	0.0000	SYNPCC7942_RS03915
M744_RS12355	1.2153	SYNPCC7942_RS03910
M744_RS12365	1.5687	SYNPCC7942_RS03900
M744_RS12370	0.1532	SYNPCC7942_RS03895
M744_RS12375	1.3133	SYNPCC7942_RS03890
M744_RS12380	13.2293	SYNPCC7942_RS03885
M744_RS12385	0.5882	SYNPCC7942_RS03880
M744_RS12390	3.7092	SYNPCC7942_RS03875
M744_RS12395	14.3812	SYNPCC7942_RS03870
M744_RS12405	14.7819	SYNPCC7942_RS03860
M744_RS12410	29.0244	SYNPCC7942_RS03855
M744_RS12415	178.5533	SYNPCC7942_RS03850
M744_RS12420	6.4014	SYNPCC7942_RS03845
M744_RS12425	1.2194	SYNPCC7942_RS03840
M744_RS12430	1.0233	SYNPCC7942_RS03835
M744_RS12440	7.8127	SYNPCC7942_RS03825
M744_RS12450	4.3996	SYNPCC7942_RS03815
M744_RS12455	4.4160	SYNPCC7942_RS03810
M744_RS12460	4.2709	SYNPCC7942_RS03805
M744_RS12465	3.3192	SYNPCC7942_RS03800
M744_RS12470	33.3498	SYNPCC7942_RS03795
M744_RS12475	4.5140	SYNPCC7942_RS03790
M744_RS12480	1.1131	SYNPCC7942_RS03785
M744_RS12485	3.4069	SYNPCC7942_RS03780
M744_RS12490	1.7524	SYNPCC7942_RS03775
M744_RS12495	7.6677	SYNPCC7942_RS03770
M744_RS12500	15.8641	SYNPCC7942_RS03765
M744_RS12505	8.2112	SYNPCC7942_RS03760
M744_RS12510	0.4902	SYNPCC7942_RS03755
M744_RS12515	0.7679	SYNPCC7942_RS03750
M744_RS12520	17.1200	SYNPCC7942_RS03745
M744_RS12530	1.4501	SYNPCC7942_RS03730
M744_RS12535	0.7843	SYNPCC7942_RS03725
M744_RS12540	0.2349	SYNPCC7942_RS03720
M744_RS12550	0.6740	SYNPCC7942_RS03710
M744_RS12555	0.9170	SYNPCC7942_RS03705
M744_RS12560	0.8742	SYNPCC7942_RS03700
M744_RS12565	0.6434	SYNPCC7942_RS03695
M744_RS12575	0.7292	SYNPCC7942_RS03685
M744_RS12580	7.1264	SYNPCC7942_RS03680
M744_RS12590	221.6921	SYNPCC7942_RS03670
M744_RS12600	42.8173	SYNPCC7942_RS03660
M744_RS12605	138.0968	SYNPCC7942_RS03655
M744_RS12610	1133.2602	SYNPCC7942_RS03650
M744_RS12615	413.5496	SYNPCC7942_RS03645
M744_RS12620	57.0784	SYNPCC7942_RS03640
M744_RS12625	10.7007	SYNPCC7942_RS03635
M744_RS12630	241.6557	SYNPCC7942_RS03630
M744_RS12635	10.8703	SYNPCC7942_RS03625
M744_RS12640	9.7836	SYNPCC7942_RS03620
M744_RS12645	27.2186	SYNPCC7942_RS03615
M744_RS12650	12.3290	SYNPCC7942_RS03610
M744_RS12655	39.1327	SYNPCC7942_RS03605
M744_RS12660	2.1610	SYNPCC7942_RS03600
M744_RS12665	4.0708	SYNPCC7942_RS03595
M744_RS12670	1594.7816	SYNPCC7942_RS03590
M744_RS12675	73.6751	SYNPCC7942_RS03585
M744_RS12685	20649.1484	SYNPCC7942_RS03575
M744_RS12690	1127.9071	SYNPCC7942_RS03570
M744_RS12695	119.4806	SYNPCC7942_RS03565
M744_RS12700	856.9394	SYNPCC7942_RS03560
M744_RS12705	5.0124	SYNPCC7942_RS03555
M744_RS12710	4.1218	SYNPCC7942_RS03550
M744_RS12715	0.5495	SYNPCC7942_RS13620
M744_RS12720	19.1345	SYNPCC7942_RS03540
M744_RS12725	8.4990	SYNPCC7942_RS03535
M744_RS12730	1.3849	SYNPCC7942_RS03530
M744_RS12735	135.8110	SYNPCC7942_RS03525
M744_RS12740	112.6438	SYNPCC7942_RS03520
M744_RS12745	130.7191	SYNPCC7942_RS03515
M744_RS12750	1006.7888	SYNPCC7942_RS03510
M744_RS12755	63.0750	SYNPCC7942_RS03505
M744_RS12760	18.7953	SYNPCC7942_RS03500
M744_RS12765	135.1802	SYNPCC7942_RS03495
M744_RS12770	18.9831	SYNPCC7942_RS03490
M744_RS12775	72.5219	SYNPCC7942_RS03485
M744_RS12780	363.5050	SYNPCC7942_RS03480
M744_RS12790	37.2245	SYNPCC7942_RS03470
M744_RS12800	54.1510	SYNPCC7942_RS03465
M744_RS12805	20.1716	SYNPCC7942_RS03460
M744_RS12810	60.3809	SYNPCC7942_RS03455
M744_RS12815	914.2538	SYNPCC7942_RS03450
M744_RS12820	14.0155	SYNPCC7942_RS03445
M744_RS12825	90.9389	SYNPCC7942_RS03440
M744_RS12830	7.7963	SYNPCC7942_RS03435
M744_RS12835	19.3526	SYNPCC7942_RS03430
M744_RS12840	4.6713	SYNPCC7942_RS03425
M744_RS12850	118.3116	SYNPCC7942_RS03415
M744_RS12855	4.7243	SYNPCC7942_RS03410
M744_RS12860	20.9317	SYNPCC7942_RS03405
M744_RS12865	19.1241	SYNPCC7942_RS03400
M744_RS12870	14.1016	SYNPCC7942_RS03395
M744_RS12875	141.4765	SYNPCC7942_RS03390
M744_RS12880	24.9760	SYNPCC7942_RS03385
M744_RS12885	17.0163	SYNPCC7942_RS03380
M744_RS12890	11.3463	SYNPCC7942_RS03375
M744_RS12895	120.6586	SYNPCC7942_RS03370
M744_RS12900	642.5232	SYNPCC7942_RS03365
M744_RS12905	20915.9032	SYNPCC7942_RS03360
M744_RS12920	220.1587	SYNPCC7942_RS03345
M744_RS12925	54.7020	SYNPCC7942_RS03340
M744_RS12930	31.1444	SYNPCC7942_RS03335
M744_RS12935	3.2946	SYNPCC7942_RS03330
M744_RS12940	1004.2671	SYNPCC7942_RS03325
M744_RS12945	5.0594	SYNPCC7942_RS13685
M744_RS12950	21.9058	SYNPCC7942_RS03320
M744_RS12955	12.4408	SYNPCC7942_RS03315
M744_RS12960	1613.5297	SYNPCC7942_RS03310
M744_RS12965	161.4517	SYNPCC7942_RS03305
M744_RS12970	11.2889	SYNPCC7942_RS03300
M744_RS12975	53.6022	SYNPCC7942_RS03295
M744_RS12980	44.6577	SYNPCC7942_RS03290
M744_RS12985	80.9330	SYNPCC7942_RS03285
M744_RS12990	733.5262	SYNPCC7942_RS03280
M744_RS12995	97.7384	SYNPCC7942_RS03275
M744_RS13000	357.7419	SYNPCC7942_RS03270
M744_RS13005	977.4609	SYNPCC7942_RS03265
M744_RS13010	2490.0163	SYNPCC7942_RS03260
M744_RS13015	1183.5103	SYNPCC7942_RS03255
M744_RS13020	4163.4429	SYNPCC7942_RS03250
M744_RS13025	5383.6864	SYNPCC7942_RS03245
M744_RS13030	2967.3133	SYNPCC7942_RS03240
M744_RS13035	150.6609	SYNPCC7942_RS03235
M744_RS13040	2.3877	SYNPCC7942_RS03230
M744_RS13045	27.7949	SYNPCC7942_RS03225
M744_RS13050	7.7740	SYNPCC7942_RS03220
M744_RS13060	327.9235	SYNPCC7942_RS03210
M744_RS13065	131.2377	SYNPCC7942_RS03205
M744_RS13070	28.0190	SYNPCC7942_RS03200
M744_RS13075	191.8966	SYNPCC7942_RS03195
M744_RS13080	293.5368	SYNPCC7942_RS03190
M744_RS13085	81.3062	SYNPCC7942_RS03185
M744_RS13090	87.3098	SYNPCC7942_RS03180
M744_RS13095	156.6862	SYNPCC7942_RS03175
M744_RS13100	744.4881	SYNPCC7942_RS03170
M744_RS13105	9.5018	SYNPCC7942_RS03165
M744_RS13110	9.8041	SYNPCC7942_RS03160
M744_RS13115	9.0869	SYNPCC7942_RS03155
M744_RS13120	154.9164	SYNPCC7942_RS03150
M744_RS13125	11.0399	SYNPCC7942_RS03145
M744_RS13130	118.6767	SYNPCC7942_RS03140
M744_RS13140	77.3704	SYNPCC7942_RS03130
M744_RS13145	173.1383	SYNPCC7942_RS03125
M744_RS13150	40.7685	SYNPCC7942_RS03120
M744_RS13160	6.2337	SYNPCC7942_RS03110
M744_RS13165	18.8098	SYNPCC7942_RS03105
M744_RS13170	505.3520	SYNPCC7942_RS03100
M744_RS13175	1035.3524	SYNPCC7942_RS03095
M744_RS13180	50.5093	SYNPCC7942_RS03090
M744_RS13185	47.5948	SYNPCC7942_RS03080
M744_RS13190	30.5643	SYNPCC7942_RS03075
M744_RS13200	575.0973	SYNPCC7942_RS03065
M744_RS13205	29.8348	SYNPCC7942_RS03060
M744_RS13210	20.6461	SYNPCC7942_RS03055
M744_RS13215	169.9647	SYNPCC7942_RS03050
M744_RS13220	58.6143	SYNPCC7942_RS03045
M744_RS13230	42.2335	SYNPCC7942_RS03035
M744_RS13235	6.1968	SYNPCC7942_RS03030
M744_RS13240	9.7572	SYNPCC7942_RS03025
M744_RS13245	22.8884	SYNPCC7942_RS03020
M744_RS13250	71.4189	SYNPCC7942_RS03015
M744_RS13255	244.0055	SYNPCC7942_RS03010
M744_RS13290	24.5387	SYNPCC7942_RS13490
M744_RS13295	21.7359	SYNPCC7942_RS13485
M744_RS13300	11.4053	SYNPCC7942_RS13480
M744_RS13315	10.7518	SYNPCC7942_RS13465
M744_RS13320	5.9846	SYNPCC7942_RS13455
M744_RS13325	2.1692	SYNPCC7942_RS13450
M744_RS13330	0.5841	SYNPCC7942_RS13445
M744_RS13335	1.1806	SYNPCC7942_RS13440
M744_RS13340	0.2941	SYNPCC7942_RS13435
M744_RS13345	1.0744	SYNPCC7942_RS13430
M744_RS13350	1.7770	SYNPCC7942_RS13425
M744_RS13355	0.9334	SYNPCC7942_RS13420
M744_RS13360	0.5760	SYNPCC7942_RS13415
M744_RS13365	0.5372	SYNPCC7942_RS13410
M744_RS13370	1.2276	SYNPCC7942_RS13405
M744_RS13375	1.4624	SYNPCC7942_RS13400
M744_RS13380	0.6393	SYNPCC7942_RS13395
M744_RS13385	0.9681	SYNPCC7942_RS13390
M744_RS13395	1.2622	SYNPCC7942_RS13380
M744_RS13400	0.4350	SYNPCC7942_RS13375
M744_RS13405	1.2071	SYNPCC7942_RS13370
M744_RS13410	2.5409	SYNPCC7942_RS13365
M744_RS13415	0.2002	SYNPCC7942_RS13360
M744_RS13420	2.0037	SYNPCC7942_RS13355
M744_RS13425	7.9127	SYNPCC7942_RS13350
M744_RS13430	5.5149	SYNPCC7942_RS13345
M744_RS13440	15.0123	SYNPCC7942_RS13335
M744_RS13445	6.3768	SYNPCC7942_RS13330
M744_RS13450	8.8502	SYNPCC7942_RS13595
M744_RS13455	6.7749	SYNPCC7942_RS13590
M744_RS13470	0.7925	SYNPCC7942_RS13575
M744_RS13475	8.2333	SYNPCC7942_RS13570
M744_RS13480	28.8365	SYNPCC7942_RS13565
M744_RS13485	348.5879	SYNPCC7942_RS13560
M744_RS13490	2420.6194	SYNPCC7942_RS13555
M744_RS13495	3.0065	SYNPCC7942_RS13550
M744_RS13500	1.0662	SYNPCC7942_RS13545
M744_RS13505	2.7921	SYNPCC7942_RS13540
M744_RS13510	1.2317	SYNPCC7942_RS13535
M744_RS13520	1.2868	SYNPCC7942_RS13525
M744_RS13525	0.7374	SYNPCC7942_RS13520
M744_RS13540	73.9055	SYNPCC7942_RS13505
M744_RS13545	5.4903	SYNPCC7942_RS13500
M744_RS13550	2.3407	SYNPCC7942_RS13495
M744_RS13590	9.4690	SYNPCC7942_RS13610
M744_RS13595	0.8865	SYNPCC7942_RS13630
M744_RS13600	4.9244	SYNPCC7942_RS13625
M744_RS13605	91.0508	SYNPCC7942_RS13615
M744_RS13615	11.2502	SYNPCC7942_RS13640
M744_RS13625	270.8637	SYNPCC7942_RS13675
M744_RS13630	5.0859	SYNPCC7942_RS13670
M744_RS13635	9.3300	SYNPCC7942_RS13665
M744_RS13640	16.3871	SYNPCC7942_RS00595
M744_RS13645	8.8868	SYNPCC7942_RS13660
M744_RS13655	3.3028	SYNPCC7942_RS13645
M744_RS13660	835.1806	SYNPCC7942_RS13855
M744_RS13675	4.4569	SYNPCC7942_RS13840
M744_RS13690	15.1066	SYNPCC7942_RS13830
M744_RS13705	553.3159	SYNPCC7942_RS13815
M744_RS13710	0.9886	SYNPCC7942_RS10865
M744_RS13720	2.2773	SYNPCC7942_RS13805
M744_RS13725	189.8378	SYNPCC7942_RS13795
M744_RS13735	1.6667	SYNPCC7942_RS13760
M744_RS13745	4.6120	SYNPCC7942_RS13770
M744_RS13760	1.3502	SYNPCC7942_RS13785
M744_RS13770	109.4877	SYNPCC7942_RS13750
M744_RS13775	16.5119	SYNPCC7942_RS06420
M744_RS13780	182.8952	SYNPCC7942_RS13745
M744_RS13790	691.6493	SYNPCC7942_RS13735
M744_RS13795	13.7318	SYNPCC7942_RS13730
M744_RS13805	13.7176	SYNPCC7942_RS04950
M744_RS13810	2.1692	SYNPCC7942_RS13715
M744_RS13815	9.1831	SYNPCC7942_RS13710
M744_RS13820	108.3660	SYNPCC7942_RS13695
M744_RS13825	13.2803	SYNPCC7942_RS13690
M744_RS13830	50.6449	SYNPCC7942_RS13680
M744_RS13840	0.2941	SYNPCC7942_RS13860
M744_RS13845	0.9763	SYNPCC7942_RS13880
M744_RS13850	10.7764	SYNPCC7942_RS13870
M744_RS13860	0.7292	SYNPCC7942_RS13515
M744_RS13870	17.6106	SYNPCC7942_RS13930
M744_RS13875	39.4000	SYNPCC7942_RS13925
M744_RS13880	3.7461	SYNPCC7942_RS13920
M744_RS13885	5.8784	SYNPCC7942_RS13915
M744_RS13890	3.6357	SYNPCC7942_RS13910
M744_RS13895	405.2322	SYNPCC7942_RS13905
M744_RS13900	92.1425	SYNPCC7942_RS14105
M744_RS13905	152.5496	SYNPCC7942_RS14100
M744_RS13910	3.7133	SYNPCC7942_RS14095
M744_RS13915	35.5682	SYNPCC7942_RS11480
M744_RS13925	7.5511	SYNPCC7942_RS14085
M744_RS13930	3.3129	SYNPCC7942_RS10985
M744_RS13935	0.1961	SYNPCC7942_RS14080
M744_RS13945	0.5331	SYNPCC7942_RS14070
M744_RS13950	7.7677	SYNPCC7942_RS14065
M744_RS13955	1.5810	SYNPCC7942_RS14060
M744_RS13960	1.7301	SYNPCC7942_RS14055
M744_RS13965	2.9841	SYNPCC7942_RS14050
M744_RS13970	4.8141	SYNPCC7942_RS14045
M744_RS13975	1.1377	SYNPCC7942_RS14015
M744_RS13980	3.4110	SYNPCC7942_RS14020
M744_RS13985	20.6271	SYNPCC7942_RS14025
M744_RS13990	1.8117	SYNPCC7942_RS14030
M744_RS13995	1.5769	SYNPCC7942_RS14035
M744_RS14005	0.7802	SYNPCC7942_RS14005
M744_RS14010	8.4662	SYNPCC7942_RS14000
M744_RS14015	1.1254	SYNPCC7942_RS13995
M744_RS14020	1.3685	SYNPCC7942_RS13990
M744_RS14025	2.2896	SYNPCC7942_RS13985
M744_RS14030	7.9105	SYNPCC7942_RS13980
M744_RS14035	7787.7362	SYNPCC7942_RS13970
M744_RS14040	2.8186	SYNPCC7942_RS13965
M744_RS14045	125.5516	SYNPCC7942_RS13960
M744_RS14050	0.0511	SYNPCC7942_RS13940
M744_RS14055	0.5249	SYNPCC7942_RS13935
M744_RS14060	64.3880	SYNPCC7942_RS03735
M744_RS14065	0.1879	SYNPCC7942_RS13460
M744_RS14070	6.3399	SYNPCC7942_RS14125
M744_RS14080	5.8273	SYNPCC7942_RS14115
M744_RS14085	20.1678	SYNPCC7942_RS14145
M744_RS14090	36.1486	SYNPCC7942_RS14140
M744_RS14095	369.0349	SYNPCC7942_RS14135
M744_RS14100	2.0976	SYNPCC7942_RS14130
M744_RS14105	10.6168	SYNPCC7942_RS14200
M744_RS14110	22.0568	SYNPCC7942_RS14195
M744_RS14120	6.4625	SYNPCC7942_RS14190
M744_RS14125	42.8740	SYNPCC7942_RS14185
M744_RS14130	6.7280	SYNPCC7942_RS14180
M744_RS14135	0.9416	SYNPCC7942_RS14170
M744_RS14140	3.3088	SYNPCC7942_RS14175
M744_RS14150	192.0829	SYNPCC7942_RS14160
M744_RS14155	135.5421	SYNPCC7942_RS14155
M744_RS14160	2.2181	SYNPCC7942_RS14150
M744_RS14195	0.0000	SYNPCC7942_RS14295
M744_RS14210	3275.8509	SYNPCC7942_RS00240
