locus_tag	abundance	source_gene_id
M744_RS00005	5.5051	SYNPCC7942_RS02980
M744_RS00010	429.9654	SYNPCC7942_RS02975
M744_RS00020	145.1559	SYNPCC7942_RS02965
M744_RS00025	6.4550	SYNPCC7942_RS02960
M744_RS00030	9.3962	SYNPCC7942_RS02955
M744_RS00035	86.0386	SYNPCC7942_RS02950
M744_RS00040	178.9257	SYNPCC7942_RS02945
M744_RS00045	663.1512	SYNPCC7942_RS02940
M744_RS00050	80.8099	SYNPCC7942_RS02935
M744_RS00055	219.0350	SYNPCC7942_RS02930
M744_RS00060	33.7315	SYNPCC7942_RS02925
M744_RS00065	5.9705	SYNPCC7942_RS02920
M744_RS00075	6.2297	SYNPCC7942_RS02910
M744_RS00080	32.3778	SYNPCC7942_RS02905
M744_RS00085	63.4153	SYNPCC7942_RS02900
M744_RS00090	206.4770	SYNPCC7942_RS02895
M744_RS00095	14.6810	SYNPCC7942_RS02890
M744_RS00100	28.7801	SYNPCC7942_RS02885
M744_RS00105	9.3994	SYNPCC7942_RS02880
M744_RS00110	63.4920	SYNPCC7942_RS02875
M744_RS00115	47.9810	SYNPCC7942_RS02870
M744_RS00120	47.8655	SYNPCC7942_RS02865
M744_RS00125	22.5472	SYNPCC7942_RS02860
M744_RS00130	121.3210	SYNPCC7942_RS02855
M744_RS00135	20.1425	SYNPCC7942_RS02850
M744_RS00140	85.7618	SYNPCC7942_RS02845
M744_RS00145	45.3017	SYNPCC7942_RS02840
M744_RS00150	10.7031	SYNPCC7942_RS02835
M744_RS00155	52.6713	SYNPCC7942_RS02830
M744_RS00160	9.4354	SYNPCC7942_RS02825
M744_RS00165	130.1702	SYNPCC7942_RS02820
M744_RS00170	53.0868	SYNPCC7942_RS02815
M744_RS00175	45.0692	SYNPCC7942_RS02810
M744_RS00180	149.6997	SYNPCC7942_RS02805
M744_RS00185	6.2626	SYNPCC7942_RS02800
M744_RS00190	86.2882	SYNPCC7942_RS02795
M744_RS00195	70.3520	SYNPCC7942_RS02790
M744_RS00200	5.6868	SYNPCC7942_RS02785
M744_RS00205	60.9361	SYNPCC7942_RS02780
M744_RS00210	57.2318	SYNPCC7942_RS02775
M744_RS00215	17.4341	SYNPCC7942_RS02770
M744_RS00220	24.9330	SYNPCC7942_RS02765
M744_RS00225	32.5526	SYNPCC7942_RS02760
M744_RS00230	5.3308	SYNPCC7942_RS02755
M744_RS00235	14.7673	SYNPCC7942_RS02750
M744_RS00240	14.5581	SYNPCC7942_RS02745
M744_RS00245	8.4195	SYNPCC7942_RS02740
M744_RS00250	3183.6321	SYNPCC7942_RS02735
M744_RS00255	629.7110	SYNPCC7942_RS02730
M744_RS00260	83.0586	SYNPCC7942_RS02725
M744_RS00265	1109.2333	SYNPCC7942_RS02720
M744_RS00270	142.1016	SYNPCC7942_RS02715
M744_RS00275	9.3547	SYNPCC7942_RS02710
M744_RS00280	9.9594	SYNPCC7942_RS02705
M744_RS00285	120.9989	SYNPCC7942_RS02700
M744_RS00290	5.4583	SYNPCC7942_RS02695
M744_RS00295	24.7457	SYNPCC7942_RS02690
M744_RS00300	399.7998	SYNPCC7942_RS02685
M744_RS00305	68.1590	SYNPCC7942_RS02680
M744_RS00310	35.3636	SYNPCC7942_RS02675
M744_RS00315	66.1443	SYNPCC7942_RS02670
M744_RS00320	22.6439	SYNPCC7942_RS02665
M744_RS00325	14.4761	SYNPCC7942_RS02660
M744_RS00330	10.9008	SYNPCC7942_RS02655
M744_RS00335	11.8422	SYNPCC7942_RS02645
M744_RS00340	10.7913	SYNPCC7942_RS02640
M744_RS00345	7.0415	SYNPCC7942_RS02635
M744_RS00350	54.8090	SYNPCC7942_RS02630
M744_RS00355	61.3978	SYNPCC7942_RS02625
M744_RS00360	1011.9748	SYNPCC7942_RS02620
M744_RS00365	41.3365	SYNPCC7942_RS02615
M744_RS00370	144.3373	SYNPCC7942_RS02610
M744_RS00375	16.5077	SYNPCC7942_RS02605
M744_RS00380	66.7188	SYNPCC7942_RS02600
M744_RS00385	119.4339	SYNPCC7942_RS02595
M744_RS00390	17.6936	SYNPCC7942_RS02590
M744_RS00395	11.4010	SYNPCC7942_RS02585
M744_RS00400	87.6544	SYNPCC7942_RS02580
M744_RS00405	222.3289	SYNPCC7942_RS02575
M744_RS00410	146.9042	SYNPCC7942_RS02570
M744_RS00415	1773.8509	SYNPCC7942_RS02565
M744_RS00420	118.9856	SYNPCC7942_RS02560
M744_RS00425	17.7892	SYNPCC7942_RS02555
M744_RS00430	2.4800	SYNPCC7942_RS02550
M744_RS00435	36.1078	SYNPCC7942_RS02545
M744_RS00440	7.0436	SYNPCC7942_RS02540
M744_RS00445	18.2152	SYNPCC7942_RS02535
M744_RS00450	34.1897	SYNPCC7942_RS02530
M744_RS00455	24.1402	SYNPCC7942_RS02525
M744_RS00460	106.6230	SYNPCC7942_RS02520
M744_RS00465	12.2927	SYNPCC7942_RS02515
M744_RS00470	27.2321	SYNPCC7942_RS02510
M744_RS00475	30.8723	SYNPCC7942_RS02505
M744_RS00485	26.7381	SYNPCC7942_RS02495
M744_RS00490	108.6475	SYNPCC7942_RS02490
M744_RS00495	154.0036	SYNPCC7942_RS02485
M744_RS00500	39.2750	SYNPCC7942_RS02480
M744_RS00505	91.7531	SYNPCC7942_RS02475
M744_RS00510	223.5961	SYNPCC7942_RS02470
M744_RS00515	215.1955	SYNPCC7942_RS02465
M744_RS00520	51.0229	SYNPCC7942_RS02460
M744_RS00525	156.7231	SYNPCC7942_RS02455
M744_RS00530	79.8901	SYNPCC7942_RS02450
M744_RS00535	62.3050	SYNPCC7942_RS02445
M744_RS00540	379.4097	SYNPCC7942_RS02440
M744_RS00545	56.3110	SYNPCC7942_RS02435
M744_RS00550	210.7188	SYNPCC7942_RS02430
M744_RS00555	30.7596	SYNPCC7942_RS02425
M744_RS00560	0.4527	SYNPCC7942_RS02420
M744_RS00565	220.1222	SYNPCC7942_RS02415
M744_RS00570	4.8303	SYNPCC7942_RS02410
M744_RS00575	47.7573	SYNPCC7942_RS02405
M744_RS00590	506.5644	SYNPCC7942_RS02390
M744_RS00595	30.4982	SYNPCC7942_RS02385
M744_RS00600	29.2688	SYNPCC7942_RS02380
M744_RS00605	188.9210	SYNPCC7942_RS02375
M744_RS00610	347.5526	SYNPCC7942_RS02370
M744_RS00615	344.8040	SYNPCC7942_RS02365
M744_RS00620	22.6874	SYNPCC7942_RS02360
M744_RS00625	12.5105	SYNPCC7942_RS02355
M744_RS00630	9.6268	SYNPCC7942_RS02350
M744_RS00635	19.2514	SYNPCC7942_RS02345
M744_RS00640	54.5301	SYNPCC7942_RS02340
M744_RS00645	80.3604	SYNPCC7942_RS02335
M744_RS00650	5.8749	SYNPCC7942_RS02330
M744_RS00655	16.4024	SYNPCC7942_RS02325
M744_RS00660	6.3615	SYNPCC7942_RS02320
M744_RS00665	44.0482	SYNPCC7942_RS02315
M744_RS00675	79.6448	SYNPCC7942_RS02305
M744_RS00680	133.9797	SYNPCC7942_RS02300
M744_RS00685	88.9101	SYNPCC7942_RS02295
M744_RS00690	404.7416	SYNPCC7942_RS02290
M744_RS00695	17.5469	SYNPCC7942_RS02285
M744_RS00700	893.0096	SYNPCC7942_RS02280
M744_RS00705	29.6416	SYNPCC7942_RS02275
M744_RS00710	249.0217	SYNPCC7942_RS02270
M744_RS00715	518.6259	SYNPCC7942_RS02265
M744_RS00720	6962.6577	SYNPCC7942_RS02260
M744_RS00725	13.1756	SYNPCC7942_RS02255
M744_RS00735	53.4326	SYNPCC7942_RS02245
M744_RS00740	18.1230	SYNPCC7942_RS02240
M744_RS00750	1.6682	SYNPCC7942_RS02230
M744_RS00755	23.7052	SYNPCC7942_RS02225
M744_RS00760	26.9874	SYNPCC7942_RS02220
M744_RS00770	13.2915	SYNPCC7942_RS02210
M744_RS00775	48.1707	SYNPCC7942_RS02205
M744_RS00780	40.9774	SYNPCC7942_RS02200
M744_RS00785	857.3936	SYNPCC7942_RS02195
M744_RS00790	391.7978	SYNPCC7942_RS02190
M744_RS00795	101.4266	SYNPCC7942_RS02185
M744_RS00800	60.3728	SYNPCC7942_RS02180
M744_RS00805	17.8998	SYNPCC7942_RS02175
M744_RS00810	400.1315	SYNPCC7942_RS02170
M744_RS00815	22106.4618	SYNPCC7942_RS02165
M744_RS00820	94.7325	SYNPCC7942_RS02160
M744_RS00825	48.6418	SYNPCC7942_RS02155
M744_RS00830	19.3214	SYNPCC7942_RS02150
M744_RS00835	58.3535	SYNPCC7942_RS02145
M744_RS00840	64.9699	SYNPCC7942_RS02140
M744_RS00845	564.7975	SYNPCC7942_RS02135
M744_RS00850	814.7062	SYNPCC7942_RS02130
M744_RS00855	476.9690	SYNPCC7942_RS02125
M744_RS00860	721.8422	SYNPCC7942_RS02120
M744_RS00865	40.0550	SYNPCC7942_RS02115
M744_RS00875	114.5651	SYNPCC7942_RS02105
M744_RS00880	35.1621	SYNPCC7942_RS02100
M744_RS00885	64.6958	SYNPCC7942_RS02095
M744_RS00890	12.4255	SYNPCC7942_RS02090
M744_RS00895	13.8206	SYNPCC7942_RS02085
M744_RS00900	10.6181	SYNPCC7942_RS02080
M744_RS00905	125.1297	SYNPCC7942_RS02075
M744_RS00910	44.7611	SYNPCC7942_RS02070
M744_RS00915	15.2518	SYNPCC7942_RS02065
M744_RS00920	47.3386	SYNPCC7942_RS02060
M744_RS00925	6.6717	SYNPCC7942_RS02055
M744_RS00930	7.9808	SYNPCC7942_RS02050
M744_RS00935	24.1646	SYNPCC7942_RS02045
M744_RS00940	50.7749	SYNPCC7942_RS02040
M744_RS00945	66.2085	SYNPCC7942_RS02035
M744_RS00950	185.2014	SYNPCC7942_RS02030
M744_RS00955	80.1613	SYNPCC7942_RS02025
M744_RS00960	294.6376	SYNPCC7942_RS02020
M744_RS00965	146.1493	SYNPCC7942_RS02015
M744_RS00970	58.9865	SYNPCC7942_RS02010
M744_RS00975	24.7380	SYNPCC7942_RS02005
M744_RS00980	13.0511	SYNPCC7942_RS02000
M744_RS00985	267.3666	SYNPCC7942_RS01995
M744_RS00990	17.6064	SYNPCC7942_RS01990
M744_RS00995	11.9664	SYNPCC7942_RS01985
M744_RS01000	11.8815	SYNPCC7942_RS01980
M744_RS01005	23.4813	SYNPCC7942_RS01975
M744_RS01010	119.6361	SYNPCC7942_RS01970
M744_RS01015	1677.5220	SYNPCC7942_RS01965
M744_RS01020	19.6669	SYNPCC7942_RS01960
M744_RS01025	233.4536	SYNPCC7942_RS01955
M744_RS01030	737.8355	SYNPCC7942_RS01950
M744_RS01035	110.8273	SYNPCC7942_RS01945
M744_RS01040	16.8585	SYNPCC7942_RS01940
M744_RS01045	90.5231	SYNPCC7942_RS01935
M744_RS01050	60.2202	SYNPCC7942_RS01930
M744_RS01055	26.5499	SYNPCC7942_RS01925
M744_RS01060	6.5878	SYNPCC7942_RS01920
M744_RS01065	84.2253	SYNPCC7942_RS01915
M744_RS01070	124.9130	SYNPCC7942_RS01910
M744_RS01075	36.7015	SYNPCC7942_RS01905
M744_RS01080	24.5416	SYNPCC7942_RS01900
M744_RS01090	11.5245	SYNPCC7942_RS01890
M744_RS01095	47.6830	SYNPCC7942_RS01885
M744_RS01100	23.8565	SYNPCC7942_RS01880
M744_RS01105	11.5010	SYNPCC7942_RS01875
M744_RS01110	18.7824	SYNPCC7942_RS01870
M744_RS01115	31.6660	SYNPCC7942_RS01865
M744_RS01120	154.3206	SYNPCC7942_RS01860
M744_RS01125	27.5432	SYNPCC7942_RS01855
M744_RS01130	16.8794	SYNPCC7942_RS01850
M744_RS01135	69.2205	SYNPCC7942_RS01845
M744_RS01140	431.2401	SYNPCC7942_RS01840
M744_RS01145	82.5939	SYNPCC7942_RS01835
M744_RS01150	30.2791	SYNPCC7942_RS01830
M744_RS01155	10.5871	SYNPCC7942_RS01825
M744_RS01160	114.9707	SYNPCC7942_RS01820
M744_RS01170	54.7465	SYNPCC7942_RS01810
M744_RS01175	109.1968	SYNPCC7942_RS01805
M744_RS01180	51.6252	SYNPCC7942_RS01800
M744_RS01185	13.8449	SYNPCC7942_RS01795
M744_RS01190	28.5388	SYNPCC7942_RS01790
M744_RS01195	24.1854	SYNPCC7942_RS01785
M744_RS01200	11.7252	SYNPCC7942_RS01780
M744_RS01205	141.6500	SYNPCC7942_RS01775
M744_RS01210	191.6538	SYNPCC7942_RS01770
M744_RS01215	25.1484	SYNPCC7942_RS01765
M744_RS01220	8.0850	SYNPCC7942_RS01760
M744_RS01225	107.5439	SYNPCC7942_RS01755
M744_RS01230	433.3157	SYNPCC7942_RS01750
M744_RS01235	42.1558	SYNPCC7942_RS01745
M744_RS01240	17.1199	SYNPCC7942_RS01740
M744_RS01245	3.5213	SYNPCC7942_RS01735
M744_RS01250	42.0895	SYNPCC7942_RS01730
M744_RS01255	11.0972	SYNPCC7942_RS01725
M744_RS01260	85.0673	SYNPCC7942_RS01720
M744_RS01265	1413.7742	SYNPCC7942_RS01715
M744_RS01275	1041.4643	SYNPCC7942_RS01705
M744_RS01280	484.8829	SYNPCC7942_RS01700
M744_RS01285	554.8548	SYNPCC7942_RS01695
M744_RS01290	1238.5015	SYNPCC7942_RS01690
M744_RS01295	4655.7632	SYNPCC7942_RS01685
M744_RS01300	1613.3760	SYNPCC7942_RS01680
M744_RS01305	92.5596	SYNPCC7942_RS01675
M744_RS01310	5161.8368	SYNPCC7942_RS01670
M744_RS01315	5245.7003	SYNPCC7942_RS01665
M744_RS01320	5757.8838	SYNPCC7942_RS01660
M744_RS01325	704.5734	SYNPCC7942_RS01655
M744_RS01330	158.2904	SYNPCC7942_RS01650
M744_RS01335	122.5594	SYNPCC7942_RS01645
M744_RS01340	131.9123	SYNPCC7942_RS01640
M744_RS01345	981.7887	SYNPCC7942_RS01635
M744_RS01350	30.7286	SYNPCC7942_RS01630
M744_RS01355	19.8612	SYNPCC7942_RS01625
M744_RS01360	200.5255	SYNPCC7942_RS01620
M744_RS01365	33.7563	SYNPCC7942_RS01615
M744_RS01370	34.4291	SYNPCC7942_RS01610
M744_RS01375	379.1412	SYNPCC7942_RS01605
M744_RS01380	11.8315	SYNPCC7942_RS01600
M744_RS01385	72.9998	SYNPCC7942_RS01595
M744_RS01390	10.0102	SYNPCC7942_RS01590
M744_RS01395	18.7242	SYNPCC7942_RS01585
M744_RS01400	58.3431	SYNPCC7942_RS01580
M744_RS01405	336.6121	SYNPCC7942_RS01575
M744_RS01410	244.0783	SYNPCC7942_RS01570
M744_RS01415	94.6806	SYNPCC7942_RS01565
M744_RS01420	42.7848	SYNPCC7942_RS01560
M744_RS01425	47.4091	SYNPCC7942_RS01555
M744_RS01430	79.3193	SYNPCC7942_RS01550
M744_RS01435	10.2186	SYNPCC7942_RS01545
M744_RS01440	28.6484	SYNPCC7942_RS01540
M744_RS01445	289.0508	SYNPCC7942_RS01535
M744_RS01450	189.8005	SYNPCC7942_RS01530
M744_RS01455	37.9336	SYNPCC7942_RS01525
M744_RS01460	8.6226	SYNPCC7942_RS01520
M744_RS01465	1187.7343	SYNPCC7942_RS01515
M744_RS01470	170.8349	SYNPCC7942_RS01510
M744_RS01475	862.7174	SYNPCC7942_RS01505
M744_RS01480	2456.8566	SYNPCC7942_RS01500
M744_RS01485	3.5488	SYNPCC7942_RS01495
M744_RS01490	41.9968	SYNPCC7942_RS01490
M744_RS01495	162.2782	SYNPCC7942_RS01485
M744_RS01505	33.2714	SYNPCC7942_RS01475
M744_RS01510	622.5384	SYNPCC7942_RS01470
M744_RS01515	117.4131	SYNPCC7942_RS01465
M744_RS01525	29.6015	SYNPCC7942_RS01455
M744_RS01530	48.7872	SYNPCC7942_RS01450
M744_RS01535	91.5426	SYNPCC7942_RS01445
M744_RS01540	10.8741	SYNPCC7942_RS01440
M744_RS01545	541.9104	SYNPCC7942_RS01435
M744_RS01550	101.3917	SYNPCC7942_RS01430
M744_RS01555	25.0961	SYNPCC7942_RS01425
M744_RS01560	16.1838	SYNPCC7942_RS01420
M744_RS01565	8.4665	SYNPCC7942_RS01415
M744_RS01570	71.6488	SYNPCC7942_RS01410
M744_RS01575	94.2844	SYNPCC7942_RS01405
M744_RS01580	6.0555	SYNPCC7942_RS01400
M744_RS01585	4.5137	SYNPCC7942_RS01395
M744_RS01590	3.8772	SYNPCC7942_RS01390
M744_RS01595	17.4672	SYNPCC7942_RS01385
M744_RS01600	41.2460	SYNPCC7942_RS01380
M744_RS01605	148.7097	SYNPCC7942_RS01375
M744_RS01610	20.1821	SYNPCC7942_RS01370
M744_RS01615	12.6740	SYNPCC7942_RS01365
M744_RS01620	147.3737	SYNPCC7942_RS01360
M744_RS01625	24.8425	SYNPCC7942_RS01355
M744_RS01630	12.2978	SYNPCC7942_RS01350
M744_RS01635	51.9803	SYNPCC7942_RS01345
M744_RS01640	114.3206	SYNPCC7942_RS01340
M744_RS01645	317.6138	SYNPCC7942_RS01335
M744_RS01650	9.3048	SYNPCC7942_RS01330
M744_RS01655	4630.6385	SYNPCC7942_RS01325
M744_RS01660	222.3169	SYNPCC7942_RS01320
M744_RS01665	6.0395	SYNPCC7942_RS01315
M744_RS01670	18.8589	SYNPCC7942_RS01310
M744_RS01680	71.3164	SYNPCC7942_RS01300
M744_RS01685	1152.8877	SYNPCC7942_RS01295
M744_RS01690	876.4338	SYNPCC7942_RS01290
M744_RS01695	459.5287	SYNPCC7942_RS01285
M744_RS01700	26.5777	SYNPCC7942_RS01280
M744_RS01705	10.2173	SYNPCC7942_RS01275
M744_RS01710	14.0723	SYNPCC7942_RS01270
M744_RS01715	77.9178	SYNPCC7942_RS01265
M744_RS01720	70.0023	SYNPCC7942_RS01260
M744_RS01725	83.4908	SYNPCC7942_RS01255
M744_RS01730	163.0803	SYNPCC7942_RS01250
M744_RS01735	393.8850	SYNPCC7942_RS01245
M744_RS01740	374.1759	SYNPCC7942_RS01240
M744_RS01745	149.2836	SYNPCC7942_RS01235
M744_RS01755	56.5106	SYNPCC7942_RS01225
M744_RS01760	984.7301	SYNPCC7942_RS01220
M744_RS01765	21.1253	SYNPCC7942_RS01215
M744_RS01770	42.4920	SYNPCC7942_RS01210
M744_RS01775	31.4888	SYNPCC7942_RS01205
M744_RS01780	63.6127	SYNPCC7942_RS01200
M744_RS01785	11.8080	SYNPCC7942_RS01195
M744_RS01790	17.8761	SYNPCC7942_RS01190
M744_RS01795	88.8466	SYNPCC7942_RS01185
M744_RS01800	77.7669	SYNPCC7942_RS01180
M744_RS01805	8.4110	SYNPCC7942_RS01175
M744_RS01810	51.7489	SYNPCC7942_RS01170
M744_RS01815	131.9508	SYNPCC7942_RS01165
M744_RS01820	2.7074	SYNPCC7942_RS01160
M744_RS01825	88.3117	SYNPCC7942_RS01155
M744_RS01830	49.8768	SYNPCC7942_RS01150
M744_RS01835	417.3129	SYNPCC7942_RS01145
M744_RS01840	99.8338	SYNPCC7942_RS01140
M744_RS01845	52.1724	SYNPCC7942_RS01135
M744_RS01850	18.0837	SYNPCC7942_RS01130
M744_RS01855	39.6181	SYNPCC7942_RS01125
M744_RS01860	33.2289	SYNPCC7942_RS01120
M744_RS01865	5.6336	SYNPCC7942_RS01115
M744_RS01870	9.2070	SYNPCC7942_RS01110
M744_RS01880	78.0074	SYNPCC7942_RS01100
M744_RS01885	21.2592	SYNPCC7942_RS01095
M744_RS01890	123.2726	SYNPCC7942_RS01090
M744_RS01895	53.5825	SYNPCC7942_RS01085
M744_RS01900	8.6544	SYNPCC7942_RS01080
M744_RS01905	78.9763	SYNPCC7942_RS01075
M744_RS01910	41.6898	SYNPCC7942_RS01070
M744_RS01915	3.5213	SYNPCC7942_RS01065
M744_RS01920	4.6454	SYNPCC7942_RS01060
M744_RS01925	40.8422	SYNPCC7942_RS01055
M744_RS01935	4.0089	SYNPCC7942_RS01045
M744_RS01940	30.5239	SYNPCC7942_RS01040
M744_RS01950	14.1287	SYNPCC7942_RS01030
M744_RS01955	83.1955	SYNPCC7942_RS01025
M744_RS01960	59.0747	SYNPCC7942_RS01020
M744_RS01965	18.8316	SYNPCC7942_RS01015
M744_RS01970	85.7035	SYNPCC7942_RS01010
M744_RS01975	59.2684	SYNPCC7942_RS01005
M744_RS01980	104.2976	SYNPCC7942_RS01000
M744_RS01985	101.1351	SYNPCC7942_RS00995
M744_RS01990	165.3164	SYNPCC7942_RS00990
M744_RS01995	214.1506	SYNPCC7942_RS00985
M744_RS02005	63.6710	SYNPCC7942_RS00975
M744_RS02010	230.9755	SYNPCC7942_RS00970
M744_RS02015	9.9188	SYNPCC7942_RS00965
M744_RS02020	505.7455	SYNPCC7942_RS00960
M744_RS02025	5.5507	SYNPCC7942_RS00955
M744_RS02030	40.5200	SYNPCC7942_RS00950
M744_RS02035	3.2992	SYNPCC7942_RS00945
M744_RS02040	24.2367	SYNPCC7942_RS00940
M744_RS02045	12.8378	SYNPCC7942_RS00935
M744_RS02050	8.1360	SYNPCC7942_RS00930
M744_RS02055	18.2402	SYNPCC7942_RS00925
M744_RS02060	105.1592	SYNPCC7942_RS00920
M744_RS02065	51.3320	SYNPCC7942_RS00915
M744_RS02070	11.8029	SYNPCC7942_RS00910
M744_RS02075	24.8860	SYNPCC7942_RS00905
M744_RS02080	28.9874	SYNPCC7942_RS00900
M744_RS02090	1.2241	SYNPCC7942_RS00890
M744_RS02095	9.6564	SYNPCC7942_RS00885
M744_RS02100	8.1464	SYNPCC7942_RS00880
M744_RS02105	11.4542	SYNPCC7942_RS00875
M744_RS02110	48.3912	SYNPCC7942_RS00870
M744_RS02115	39.9075	SYNPCC7942_RS00865
M744_RS02120	728.6179	SYNPCC7942_RS00860
M744_RS02125	248.2898	SYNPCC7942_RS00855
M744_RS02130	34.1229	SYNPCC7942_RS00850
M744_RS02140	130.8654	SYNPCC7942_RS00840
M744_RS02145	39.5128	SYNPCC7942_RS00835
M744_RS02150	90.1170	SYNPCC7942_RS00830
M744_RS02155	169.2087	SYNPCC7942_RS00825
M744_RS02160	74.1894	SYNPCC7942_RS00820
M744_RS02165	77.1795	SYNPCC7942_RS00815
M744_RS02170	42.4856	SYNPCC7942_RS00810
M744_RS02175	9.6479	SYNPCC7942_RS00805
M744_RS02180	714.2502	SYNPCC7942_RS00800
M744_RS02185	282.7546	SYNPCC7942_RS00795
M744_RS02190	506.6826	SYNPCC7942_RS00790
M744_RS02195	1.8881	SYNPCC7942_RS00785
M744_RS02200	16.8786	SYNPCC7942_RS00780
M744_RS02205	102.7149	SYNPCC7942_RS00775
M744_RS02210	112.2885	SYNPCC7942_RS00770
M744_RS02215	90.0745	SYNPCC7942_RS00765
M744_RS02220	23.2737	SYNPCC7942_RS00760
M744_RS02225	5.8492	SYNPCC7942_RS00755
M744_RS02230	98.0280	SYNPCC7942_RS00750
M744_RS02235	91.2245	SYNPCC7942_RS00745
M744_RS02240	22.5506	SYNPCC7942_RS00740
M744_RS02245	9.7254	SYNPCC7942_RS00735
M744_RS02250	25.7796	SYNPCC7942_RS00730
M744_RS02255	403.5467	SYNPCC7942_RS00725
M744_RS02260	449.9139	SYNPCC7942_RS00720
M744_RS02265	285.3302	SYNPCC7942_RS00715
M744_RS02275	520.6376	SYNPCC7942_RS00705
M744_RS02280	45.5347	SYNPCC7942_RS00700
M744_RS02285	309.3166	SYNPCC7942_RS00695
M744_RS02290	20.3731	SYNPCC7942_RS00690
M744_RS02295	6.1894	SYNPCC7942_RS00685
M744_RS02300	65.8373	SYNPCC7942_RS00680
M744_RS02305	50.5138	SYNPCC7942_RS00675
M744_RS02310	17.1645	SYNPCC7942_RS00670
M744_RS02315	68.1406	SYNPCC7942_RS00665
M744_RS02320	45.0628	SYNPCC7942_RS00660
M744_RS02325	9.5904	SYNPCC7942_RS00655
M744_RS02330	49.3141	SYNPCC7942_RS00650
M744_RS02335	113.3248	SYNPCC7942_RS00645
M744_RS02345	138.7580	SYNPCC7942_RS00635
M744_RS02350	10.3375	SYNPCC7942_RS00630
M744_RS02360	60.5660	SYNPCC7942_RS00620
M744_RS02370	8.0550	SYNPCC7942_RS00610
M744_RS02375	2.8487	SYNPCC7942_RS00605
M744_RS02380	2.5171	SYNPCC7942_RS00600
M744_RS02385	808.4888	SYNPCC7942_RS00590
M744_RS02390	8.6629	SYNPCC7942_RS00585
M744_RS02395	9.5904	SYNPCC7942_RS13655
M744_RS02400	130.2725	SYNPCC7942_RS00580
M744_RS02405	4.4202	SYNPCC7942_RS00575
M744_RS02410	29.4863	SYNPCC7942_RS00570
M744_RS02415	16.1932	SYNPCC7942_RS00565
M744_RS02420	12.6901	SYNPCC7942_RS00560
M744_RS02425	71.2303	SYNPCC7942_RS00555
M744_RS02430	0.7193	SYNPCC7942_RS00550
M744_RS02435	14.3307	SYNPCC7942_RS00545
M744_RS02440	12.2067	SYNPCC7942_RS00540
M744_RS02445	46.6137	SYNPCC7942_RS00535
M744_RS02450	26.7020	SYNPCC7942_RS00530
M744_RS02455	2.9390	SYNPCC7942_RS00525
M744_RS02460	41.4618	SYNPCC7942_RS00520
M744_RS02465	291.7709	SYNPCC7942_RS00515
M744_RS02470	7.3146	SYNPCC7942_RS00510
M744_RS02475	20.3384	SYNPCC7942_RS00505
M744_RS02480	431.0482	SYNPCC7942_RS00500
M744_RS02485	104.7956	SYNPCC7942_RS00495
M744_RS02490	95.9124	SYNPCC7942_RS00490
M744_RS02505	4.6316	SYNPCC7942_RS00475
M744_RS02510	6.9990	SYNPCC7942_RS00470
M744_RS02515	38.1156	SYNPCC7942_RS00465
M744_RS02520	9.4226	SYNPCC7942_RS00460
M744_RS02525	47.5692	SYNPCC7942_RS00455
M744_RS02530	71.1195	SYNPCC7942_RS00450
M744_RS02540	86.5579	SYNPCC7942_RS00440
M744_RS02545	44.7875	SYNPCC7942_RS00435
M744_RS02550	144.4329	SYNPCC7942_RS00430
M744_RS02555	170.8458	SYNPCC7942_RS00425
M744_RS02560	25.8424	SYNPCC7942_RS00420
M744_RS02565	13.6867	SYNPCC7942_RS00415
M744_RS02570	4.5201	SYNPCC7942_RS00410
M744_RS02575	278.5902	SYNPCC7942_RS00405
M744_RS02580	9.9316	SYNPCC7942_RS00400
M744_RS02585	32.4149	SYNPCC7942_RS00395
M744_RS02590	119.5143	SYNPCC7942_RS00390
M744_RS02595	20.7718	SYNPCC7942_RS00385
M744_RS02600	77.3457	SYNPCC7942_RS00380
M744_RS02605	53.2549	SYNPCC7942_RS00375
M744_RS02610	238.7733	SYNPCC7942_RS00370
M744_RS02615	1.4440	SYNPCC7942_RS00365
M744_RS02620	256.3169	SYNPCC7942_RS00360
M744_RS02625	26.5647	SYNPCC7942_RS00355
M744_RS02630	87.2702	SYNPCC7942_RS00350
M744_RS02635	7.2486	SYNPCC7942_RS00345
M744_RS02640	1.7128	SYNPCC7942_RS00340
M744_RS02645	9.0560	SYNPCC7942_RS00335
M744_RS02650	15.8455	SYNPCC7942_RS00330
M744_RS02655	46.2537	SYNPCC7942_RS00325
M744_RS02660	387.7495	SYNPCC7942_RS00320
M744_RS02665	1.4344	SYNPCC7942_RS00315
M744_RS02670	37.0069	SYNPCC7942_RS00310
M744_RS02675	12.2863	SYNPCC7942_RS00305
M744_RS02685	9.0042	SYNPCC7942_RS00295
M744_RS02690	6.7398	SYNPCC7942_RS00290
M744_RS02695	33.3133	SYNPCC7942_RS00285
M744_RS02700	33.1751	SYNPCC7942_RS00280
M744_RS02710	27.6348	SYNPCC7942_RS00270
M744_RS02715	36.7769	SYNPCC7942_RS00265
M744_RS02720	69.0397	SYNPCC7942_RS00260
M744_RS02725	105.4692	SYNPCC7942_RS00255
M744_RS02730	278.1259	SYNPCC7942_RS00250
M744_RS02745	281.5469	SYNPCC7942_RS00235
M744_RS02750	50.7877	SYNPCC7942_RS00230
M744_RS02755	10.6096	SYNPCC7942_RS00225
M744_RS02760	26.7453	SYNPCC7942_RS00220
M744_RS02765	4.1067	SYNPCC7942_RS00215
M744_RS02770	147.4463	SYNPCC7942_RS00210
M744_RS02775	28.3071	SYNPCC7942_RS00205
M744_RS02780	15.1732	SYNPCC7942_RS00200
M744_RS02785	195.8067	SYNPCC7942_RS00195
M744_RS02790	5.8006	SYNPCC7942_RS00190
M744_RS02795	3.0686	SYNPCC7942_RS00185
M744_RS02800	9.6714	SYNPCC7942_RS00180
M744_RS02805	5.4179	SYNPCC7942_RS00175
M744_RS02810	7.8322	SYNPCC7942_RS00170
M744_RS02815	3.0304	SYNPCC7942_RS00165
M744_RS02820	30.5482	SYNPCC7942_RS00160
M744_RS02825	20.2149	SYNPCC7942_RS00155
M744_RS02830	5.1884	SYNPCC7942_RS00150
M744_RS02835	4.9960	SYNPCC7942_RS00145
M744_RS02845	39.4212	SYNPCC7942_RS00135
M744_RS02850	28.2596	SYNPCC7942_RS00130
M744_RS02855	21.2964	SYNPCC7942_RS00125
M744_RS02860	59.1837	SYNPCC7942_RS00120
M744_RS02865	48.9357	SYNPCC7942_RS00115
M744_RS02870	6.5803	SYNPCC7942_RS00110
M744_RS02875	16.0147	SYNPCC7942_RS00105
M744_RS02880	220.4994	SYNPCC7942_RS00100
M744_RS02885	236.6883	SYNPCC7942_RS00095
M744_RS02890	8.3527	SYNPCC7942_RS00090
M744_RS02895	6.4985	SYNPCC7942_RS00085
M744_RS02900	21.3709	SYNPCC7942_RS00080
M744_RS02905	11.8793	SYNPCC7942_RS00075
M744_RS02910	73.9019	SYNPCC7942_RS00070
M744_RS02915	367.4812	SYNPCC7942_RS00065
M744_RS02920	239.5348	SYNPCC7942_RS00060
M744_RS02925	13.7006	SYNPCC7942_RS00055
M744_RS02930	30.1984	SYNPCC7942_RS00050
M744_RS02935	285.0350	SYNPCC7942_RS00045
M744_RS02940	8.9996	SYNPCC7942_RS00040
M744_RS02945	5.6357	SYNPCC7942_RS00035
M744_RS02950	2.3950	SYNPCC7942_RS00030
M744_RS02955	35.0512	SYNPCC7942_RS00025
M744_RS02960	465.9868	SYNPCC7942_RS00020
M744_RS02965	354.8532	SYNPCC7942_RS00015
M744_RS02970	21.4805	SYNPCC7942_RS00010
M744_RS02975	130.8141	SYNPCC7942_RS00005
M744_RS02980	11.5924	SYNPCC7942_RS13310
M744_RS02985	240.4020	SYNPCC7942_RS13305
M744_RS02990	20.6422	SYNPCC7942_RS13300
M744_RS02995	29.7928	SYNPCC7942_RS13295
M744_RS03000	216.2995	SYNPCC7942_RS13290
M744_RS03005	65.6473	SYNPCC7942_RS13285
M744_RS03010	13.0821	SYNPCC7942_RS13280
M744_RS03015	266.9134	SYNPCC7942_RS13275
M744_RS03020	127.3294	SYNPCC7942_RS13270
M744_RS03025	58.4574	SYNPCC7942_RS13265
M744_RS03030	179.3056	SYNPCC7942_RS13260
M744_RS03035	513.9147	SYNPCC7942_RS13255
M744_RS03040	139.4347	SYNPCC7942_RS13250
M744_RS03045	180.3301	SYNPCC7942_RS13245
M744_RS03050	15.1783	SYNPCC7942_RS13240
M744_RS03055	17.5936	SYNPCC7942_RS13235
M744_RS03060	6.5889	SYNPCC7942_RS13230
M744_RS03065	210.0541	SYNPCC7942_RS13225
M744_RS03070	44.1008	SYNPCC7942_RS13220
M744_RS03075	20.9100	SYNPCC7942_RS13215
M744_RS03085	623.1991	SYNPCC7942_RS13205
M744_RS03090	25.5549	SYNPCC7942_RS13200
M744_RS03095	8.7353	SYNPCC7942_RS13195
M744_RS03100	11.2164	SYNPCC7942_RS13190
M744_RS03105	78.9118	SYNPCC7942_RS13185
M744_RS03110	93.6755	SYNPCC7942_RS13180
M744_RS03115	14.2890	SYNPCC7942_RS13175
M744_RS03120	7.0404	SYNPCC7942_RS13170
M744_RS03125	1.7638	SYNPCC7942_RS13165
M744_RS03130	21.8778	SYNPCC7942_RS13160
M744_RS03135	308.8884	SYNPCC7942_RS13155
M744_RS03140	21.8690	SYNPCC7942_RS13150
M744_RS03145	10.1748	SYNPCC7942_RS13145
M744_RS03155	199.8486	SYNPCC7942_RS13135
M744_RS03160	32.9889	SYNPCC7942_RS13130
M744_RS03165	39.9476	SYNPCC7942_RS13125
M744_RS03170	20.9396	SYNPCC7942_RS13120
M744_RS03175	137.1093	SYNPCC7942_RS13115
M744_RS03205	13.0227	SYNPCC7942_RS13085
M744_RS03215	8.7629	SYNPCC7942_RS13075
M744_RS03220	219.6293	SYNPCC7942_RS13070
M744_RS03225	111.3711	SYNPCC7942_RS13065
M744_RS03230	130.4740	SYNPCC7942_RS13060
M744_RS03235	106.7708	SYNPCC7942_RS13055
M744_RS03240	15.4316	SYNPCC7942_RS13050
M744_RS03245	14.6778	SYNPCC7942_RS13045
M744_RS03255	286.8518	SYNPCC7942_RS13035
M744_RS03260	233.1781	SYNPCC7942_RS13030
M744_RS03265	38.3695	SYNPCC7942_RS13025
M744_RS03270	194.8579	SYNPCC7942_RS13020
M744_RS03275	996.4054	SYNPCC7942_RS13015
M744_RS03280	12.3766	SYNPCC7942_RS13010
M744_RS03285	424.8511	SYNPCC7942_RS13005
M744_RS03290	7.8883	SYNPCC7942_RS13000
M744_RS03295	12.9506	SYNPCC7942_RS12995
M744_RS03300	12.8771	SYNPCC7942_RS12990
M744_RS03305	23.8712	SYNPCC7942_RS12985
M744_RS03310	21.5900	SYNPCC7942_RS12980
M744_RS03315	2.1187	SYNPCC7942_RS12975
M744_RS03320	5.5051	SYNPCC7942_RS12970
M744_RS03325	12.7900	SYNPCC7942_RS12965
M744_RS03330	5.1034	SYNPCC7942_RS12960
M744_RS03335	12.0832	SYNPCC7942_RS12955
M744_RS03340	0.8575	SYNPCC7942_RS12950
M744_RS03345	62.5925	SYNPCC7942_RS12945
M744_RS03350	6.2319	SYNPCC7942_RS12940
M744_RS03355	15.2972	SYNPCC7942_RS12935
M744_RS03360	79.0521	SYNPCC7942_RS12930
M744_RS03365	1.9880	SYNPCC7942_RS12925
M744_RS03370	34.5403	SYNPCC7942_RS12920
M744_RS03375	11.3724	SYNPCC7942_RS12915
M744_RS03390	321.9305	SYNPCC7942_RS12900
M744_RS03395	21.9991	SYNPCC7942_RS12895
M744_RS03400	50.0660	SYNPCC7942_RS12890
M744_RS03405	510.4617	SYNPCC7942_RS12885
M744_RS03410	160.3290	SYNPCC7942_RS12880
M744_RS03415	35.3542	SYNPCC7942_RS12875
M744_RS03420	135.6491	SYNPCC7942_RS12870
M744_RS03425	59.4208	SYNPCC7942_RS12865
M744_RS03430	26.6360	SYNPCC7942_RS12860
M744_RS03435	84.6857	SYNPCC7942_RS12855
M744_RS03440	934.2835	SYNPCC7942_RS12850
M744_RS03445	2117.0998	SYNPCC7942_RS12845
M744_RS03450	189.6762	SYNPCC7942_RS12840
M744_RS03455	7.2211	SYNPCC7942_RS12835
M744_RS03460	15.4581	SYNPCC7942_RS12830
M744_RS03465	595.2810	SYNPCC7942_RS12825
M744_RS03470	308.2536	SYNPCC7942_RS12820
M744_RS03475	712.3271	SYNPCC7942_RS12815
M744_RS03485	18.8901	SYNPCC7942_RS12805
M744_RS03490	148.5560	SYNPCC7942_RS12800
M744_RS03495	13.5751	SYNPCC7942_RS12795
M744_RS03500	98.6361	SYNPCC7942_RS12790
M744_RS03505	221.0102	SYNPCC7942_RS12785
M744_RS03510	85.6597	SYNPCC7942_RS12780
M744_RS03515	9.6853	SYNPCC7942_RS12775
M744_RS03525	21.1756	SYNPCC7942_RS12765
M744_RS03530	88.3756	SYNPCC7942_RS12760
M744_RS03535	67.0298	SYNPCC7942_RS12755
M744_RS03545	200.9567	SYNPCC7942_RS12745
M744_RS03550	15.6227	SYNPCC7942_RS12740
M744_RS03555	130.7513	SYNPCC7942_RS12735
M744_RS03560	33.3619	SYNPCC7942_RS12730
M744_RS03565	31.9131	SYNPCC7942_RS12725
M744_RS03575	182.0410	SYNPCC7942_RS12715
M744_RS03580	11.7626	SYNPCC7942_RS12710
M744_RS03585	21.0377	SYNPCC7942_RS12705
M744_RS03590	1207.6294	SYNPCC7942_RS12700
M744_RS03595	33.1786	SYNPCC7942_RS12695
M744_RS03600	592.8542	SYNPCC7942_RS12690
M744_RS03605	22.4998	SYNPCC7942_RS12685
M744_RS03610	162.7514	SYNPCC7942_RS12680
M744_RS03615	106.5701	SYNPCC7942_RS12675
M744_RS03620	985.8128	SYNPCC7942_RS12670
M744_RS03625	309.1193	SYNPCC7942_RS12665
M744_RS03630	53.5464	SYNPCC7942_RS12660
M744_RS03635	49.3945	SYNPCC7942_RS12655
M744_RS03640	4.2024	SYNPCC7942_RS12650
M744_RS03650	691.2682	SYNPCC7942_RS12640
M744_RS03655	5.4169	SYNPCC7942_RS12635
M744_RS03665	126.5804	SYNPCC7942_RS12625
M744_RS03670	135.1498	SYNPCC7942_RS12620
M744_RS03675	38.4675	SYNPCC7942_RS12615
M744_RS03680	757.0227	SYNPCC7942_RS12610
M744_RS03690	36.9735	SYNPCC7942_RS12600
M744_RS03700	179.6946	SYNPCC7942_RS12590
M744_RS03705	162.4805	SYNPCC7942_RS12585
M744_RS03710	31.3867	SYNPCC7942_RS12580
M744_RS03715	151.2998	SYNPCC7942_RS12575
M744_RS03725	149.9501	SYNPCC7942_RS12565
M744_RS03730	122.0975	SYNPCC7942_RS12560
M744_RS03735	113.2659	SYNPCC7942_RS12555
M744_RS03740	93.2990	SYNPCC7942_RS12550
M744_RS03745	6597.7860	SYNPCC7942_RS12545
M744_RS03750	74.3575	SYNPCC7942_RS12540
M744_RS03755	31.4132	SYNPCC7942_RS12535
M744_RS03765	224.9830	SYNPCC7942_RS12530
M744_RS03770	32.5130	SYNPCC7942_RS12525
M744_RS03775	744.5820	SYNPCC7942_RS12520
M744_RS03780	9.1092	SYNPCC7942_RS12515
M744_RS03785	25.9180	SYNPCC7942_RS12510
M744_RS03790	122.2367	SYNPCC7942_RS12505
M744_RS03795	51.4897	SYNPCC7942_RS12500
M744_RS03805	16.0019	SYNPCC7942_RS12490
M744_RS03810	46.6183	SYNPCC7942_RS12485
M744_RS03815	102.6361	SYNPCC7942_RS12480
M744_RS03835	89.3763	SYNPCC7942_RS12465
M744_RS03850	255.0205	SYNPCC7942_RS12455
M744_RS03855	966.3743	SYNPCC7942_RS12450
M744_RS03860	1152.9419	SYNPCC7942_RS12445
M744_RS03865	238.1222	SYNPCC7942_RS12440
M744_RS03870	13.0227	SYNPCC7942_RS12435
M744_RS03875	445.3571	SYNPCC7942_RS12430
M744_RS03880	14.2019	SYNPCC7942_RS12425
M744_RS03885	194.1525	SYNPCC7942_RS12420
M744_RS03890	194.0709	SYNPCC7942_RS12415
M744_RS03895	268.5481	SYNPCC7942_RS12410
M744_RS03900	216.7369	SYNPCC7942_RS12405
M744_RS03905	1121.1902	SYNPCC7942_RS12400
M744_RS03910	504.3076	SYNPCC7942_RS12395
M744_RS03920	44.3547	SYNPCC7942_RS12385
M744_RS03925	662.9292	SYNPCC7942_RS12380
M744_RS03930	54.2938	SYNPCC7942_RS12375
M744_RS03935	18.9740	SYNPCC7942_RS12370
M744_RS03940	138.0712	SYNPCC7942_RS12365
M744_RS03945	20.7453	SYNPCC7942_RS12360
M744_RS03950	21.0131	SYNPCC7942_RS12355
M744_RS03955	90.3494	SYNPCC7942_RS12350
M744_RS03960	14.7949	SYNPCC7942_RS12345
M744_RS03965	28.4634	SYNPCC7942_RS12340
M744_RS03970	24.5948	SYNPCC7942_RS12335
M744_RS03975	18.2715	SYNPCC7942_RS12330
M744_RS03980	114.8152	SYNPCC7942_RS12325
M744_RS03985	48.9104	SYNPCC7942_RS12320
M744_RS03990	87.7217	SYNPCC7942_RS12315
M744_RS03995	197.5150	SYNPCC7942_RS12310
M744_RS04000	66.3982	SYNPCC7942_RS12305
M744_RS04005	11.7730	SYNPCC7942_RS12300
M744_RS04010	46.8165	SYNPCC7942_RS12295
M744_RS04015	68.0251	SYNPCC7942_RS12290
M744_RS04020	5.2320	SYNPCC7942_RS12285
M744_RS04025	18.5815	SYNPCC7942_RS12280
M744_RS04030	7.6131	SYNPCC7942_RS12275
M744_RS04035	142.7178	SYNPCC7942_RS12270
M744_RS04040	81.7993	SYNPCC7942_RS12265
M744_RS04045	55.7540	SYNPCC7942_RS12260
M744_RS04050	5.5975	SYNPCC7942_RS12255
M744_RS04055	22.1159	SYNPCC7942_RS12250
M744_RS04060	409.8251	SYNPCC7942_RS12245
M744_RS04065	66.1120	SYNPCC7942_RS12240
M744_RS04070	31.7456	SYNPCC7942_RS12235
M744_RS04075	46.8793	SYNPCC7942_RS12230
M744_RS04080	1.7160	SYNPCC7942_RS12225
M744_RS04095	48.2388	SYNPCC7942_RS12210
M744_RS04100	27.5643	SYNPCC7942_RS12205
M744_RS04105	809.6293	SYNPCC7942_RS12200
M744_RS04110	102.6500	SYNPCC7942_RS12195
M744_RS04115	204.9976	SYNPCC7942_RS12190
M744_RS04120	1.4026	SYNPCC7942_RS12185
M744_RS04125	121.2680	SYNPCC7942_RS12180
M744_RS04130	70.2673	SYNPCC7942_RS12175
M744_RS04135	40.9125	SYNPCC7942_RS12170
M744_RS04140	28.4995	SYNPCC7942_RS12165
M744_RS04145	322.9254	SYNPCC7942_RS12160
M744_RS04150	31.0701	SYNPCC7942_RS12155
M744_RS04160	40.4724	SYNPCC7942_RS12145
M744_RS04165	8.8978	SYNPCC7942_RS12140
M744_RS04170	81.2945	SYNPCC7942_RS12135
M744_RS04175	35.5648	SYNPCC7942_RS12130
M744_RS04180	4.5583	SYNPCC7942_RS12125
M744_RS04185	5.4690	SYNPCC7942_RS12120
M744_RS04190	97.8537	SYNPCC7942_RS12115
M744_RS04195	66.5320	SYNPCC7942_RS12110
M744_RS04200	3.9261	SYNPCC7942_RS12105
M744_RS04205	17.7042	SYNPCC7942_RS12100
M744_RS04210	203.2535	SYNPCC7942_RS12095
M744_RS04215	10.0538	SYNPCC7942_RS12090
M744_RS04220	230.7830	SYNPCC7942_RS12085
M744_RS04225	13.5911	SYNPCC7942_RS12080
M744_RS04230	16.3802	SYNPCC7942_RS12075
M744_RS04235	90.3201	SYNPCC7942_RS12070
M744_RS04240	148.6988	SYNPCC7942_RS12065
M744_RS04245	5.5497	SYNPCC7942_RS12060
M744_RS04250	11.3521	SYNPCC7942_RS12055
M744_RS04255	27.5656	SYNPCC7942_RS12050
M744_RS04260	5.7707	SYNPCC7942_RS12045
M744_RS04265	581.1599	SYNPCC7942_RS12040
M744_RS04270	156.3348	SYNPCC7942_RS12035
M744_RS04280	51.0381	SYNPCC7942_RS12025
M744_RS04285	55.0104	SYNPCC7942_RS12020
M744_RS04290	157.6951	SYNPCC7942_RS12015
M744_RS04295	15.1457	SYNPCC7942_RS12010
M744_RS04300	11.3449	SYNPCC7942_RS12005
M744_RS04305	64.3669	SYNPCC7942_RS12000
M744_RS04310	31.4861	SYNPCC7942_RS11995
M744_RS04315	144.2568	SYNPCC7942_RS11990
M744_RS04320	708.1998	SYNPCC7942_RS11985
M744_RS04325	112.5514	SYNPCC7942_RS11980
M744_RS04330	42.3893	SYNPCC7942_RS11975
M744_RS04335	15.6430	SYNPCC7942_RS11970
M744_RS04340	43.3633	SYNPCC7942_RS11965
M744_RS04345	261.6876	SYNPCC7942_RS11960
M744_RS04350	95.6340	SYNPCC7942_RS11955
M744_RS04355	4645.9676	SYNPCC7942_RS11950
M744_RS04360	63.6819	SYNPCC7942_RS11945
M744_RS04365	79.3473	SYNPCC7942_RS11940
M744_RS04370	237.9076	SYNPCC7942_RS11935
M744_RS04375	39.9484	SYNPCC7942_RS11930
M744_RS04380	84.4268	SYNPCC7942_RS11925
M744_RS04385	51.4731	SYNPCC7942_RS11920
M744_RS04390	356.5027	SYNPCC7942_RS11915
M744_RS04395	226.5854	SYNPCC7942_RS11910
M744_RS04400	189.0177	SYNPCC7942_RS11905
M744_RS04405	1732.9444	SYNPCC7942_RS11900
M744_RS04410	20.6866	SYNPCC7942_RS11895
M744_RS04415	94.9624	SYNPCC7942_RS11890
M744_RS04420	46.7019	SYNPCC7942_RS11885
M744_RS04425	128.2927	SYNPCC7942_RS11880
M744_RS04430	46.5904	SYNPCC7942_RS11875
M744_RS04435	140.7801	SYNPCC7942_RS11870
M744_RS04440	151.4472	SYNPCC7942_RS11865
M744_RS04445	167.0736	SYNPCC7942_RS11860
M744_RS04450	1971.7544	SYNPCC7942_RS11855
M744_RS04455	4050.6191	SYNPCC7942_RS11850
M744_RS04460	62.6420	SYNPCC7942_RS11845
M744_RS04465	23.2836	SYNPCC7942_RS11840
M744_RS04470	5.0556	SYNPCC7942_RS11835
M744_RS04475	15.8247	SYNPCC7942_RS11830
M744_RS04480	142.5589	SYNPCC7942_RS11825
M744_RS04485	19.4839	SYNPCC7942_RS11820
M744_RS04490	48.3129	SYNPCC7942_RS11815
M744_RS04495	7.9660	SYNPCC7942_RS11810
M744_RS04500	105.5432	SYNPCC7942_RS11805
M744_RS04505	437.0858	SYNPCC7942_RS11800
M744_RS04510	11.7658	SYNPCC7942_RS11795
M744_RS04520	24.0149	SYNPCC7942_RS11785
M744_RS04525	161.7727	SYNPCC7942_RS11780
M744_RS04530	480.1708	SYNPCC7942_RS11775
M744_RS04535	4007.9977	SYNPCC7942_RS11770
M744_RS04540	3031.9582	SYNPCC7942_RS11765
M744_RS04545	7818.2289	SYNPCC7942_RS11760
M744_RS04550	29.5938	SYNPCC7942_RS11755
M744_RS04555	112.1220	SYNPCC7942_RS11750
M744_RS04565	72.5894	SYNPCC7942_RS11740
M744_RS04570	703.1746	SYNPCC7942_RS11735
M744_RS04575	39.7055	SYNPCC7942_RS11730
M744_RS04580	31.2945	SYNPCC7942_RS11725
M744_RS04585	27.6030	SYNPCC7942_RS11720
M744_RS04590	76.5532	SYNPCC7942_RS11715
M744_RS04600	11.1533	SYNPCC7942_RS11705
M744_RS04605	15.7087	SYNPCC7942_RS11700
M744_RS04610	65.8204	SYNPCC7942_RS11695
M744_RS04615	225.3327	SYNPCC7942_RS11690
M744_RS04620	462.0662	SYNPCC7942_RS11685
M744_RS04625	4.6762	SYNPCC7942_RS11680
M744_RS04630	363.1241	SYNPCC7942_RS11675
M744_RS04635	75.7344	SYNPCC7942_RS11670
M744_RS04640	35.6043	SYNPCC7942_RS11665
M744_RS04645	112.7723	SYNPCC7942_RS11660
M744_RS04650	9.3812	SYNPCC7942_RS11655
M744_RS04655	106.3320	SYNPCC7942_RS11650
M744_RS04660	44.3752	SYNPCC7942_RS11645
M744_RS04665	33.0939	SYNPCC7942_RS11640
M744_RS04670	168.5534	SYNPCC7942_RS11635
M744_RS04675	58.8561	SYNPCC7942_RS11630
M744_RS04680	73.9232	SYNPCC7942_RS11625
M744_RS04685	9.7010	SYNPCC7942_RS11620
M744_RS04690	82.8700	SYNPCC7942_RS11615
M744_RS04695	49.4645	SYNPCC7942_RS11610
M744_RS04700	8.6555	SYNPCC7942_RS11605
M744_RS04705	69.1050	SYNPCC7942_RS11600
M744_RS04710	52.6817	SYNPCC7942_RS11595
M744_RS04715	81.1113	SYNPCC7942_RS11590
M744_RS04720	68.0415	SYNPCC7942_RS11585
M744_RS04725	118.7731	SYNPCC7942_RS11580
M744_RS04730	8.1571	SYNPCC7942_RS11575
M744_RS04735	5.4954	SYNPCC7942_RS11570
M744_RS04750	253.7043	SYNPCC7942_RS11555
M744_RS04755	23.2956	SYNPCC7942_RS11550
M744_RS04760	13.0706	SYNPCC7942_RS11545
M744_RS04765	38.5738	SYNPCC7942_RS11540
M744_RS04770	25.7371	SYNPCC7942_RS11535
M744_RS04775	16.5023	SYNPCC7942_RS11530
M744_RS04780	13.3966	SYNPCC7942_RS11525
M744_RS04785	97.6255	SYNPCC7942_RS11520
M744_RS04790	16.1940	SYNPCC7942_RS11515
M744_RS04795	103.6512	SYNPCC7942_RS11510
M744_RS04800	59.3309	SYNPCC7942_RS11505
M744_RS04805	67.2874	SYNPCC7942_RS11500
M744_RS04810	131.0027	SYNPCC7942_RS11495
M744_RS04815	14.4264	SYNPCC7942_RS11490
M744_RS04820	16.3888	SYNPCC7942_RS11485
M744_RS04830	143.0335	SYNPCC7942_RS11475
M744_RS04835	7.1276	SYNPCC7942_RS11470
M744_RS04840	1088.8739	SYNPCC7942_RS11465
M744_RS04845	37.8176	SYNPCC7942_RS11460
M744_RS04850	116.8152	SYNPCC7942_RS11455
M744_RS04855	791.5401	SYNPCC7942_RS11450
M744_RS04870	16.2632	SYNPCC7942_RS11435
M744_RS04875	12.1404	SYNPCC7942_RS11430
M744_RS04880	549.1289	SYNPCC7942_RS11425
M744_RS04885	246.4831	SYNPCC7942_RS11420
M744_RS04890	78.1147	SYNPCC7942_RS11415
M744_RS04895	81.8522	SYNPCC7942_RS11410
M744_RS04900	61.8516	SYNPCC7942_RS11405
M744_RS04905	375.5365	SYNPCC7942_RS11400
M744_RS04910	346.3540	SYNPCC7942_RS11395
M744_RS04920	72.3671	SYNPCC7942_RS11385
M744_RS04930	133.9343	SYNPCC7942_RS11375
M744_RS04935	62.1661	SYNPCC7942_RS11370
M744_RS04940	31.4941	SYNPCC7942_RS11365
M744_RS04945	8.1042	SYNPCC7942_RS11360
M744_RS04950	27.8205	SYNPCC7942_RS11355
M744_RS04955	18.2440	SYNPCC7942_RS11350
M744_RS04960	122.8526	SYNPCC7942_RS11345
M744_RS04970	1745.4092	SYNPCC7942_RS11335
M744_RS04975	1963.3376	SYNPCC7942_RS11330
M744_RS04980	916.1582	SYNPCC7942_RS11325
M744_RS04985	1923.9625	SYNPCC7942_RS11320
M744_RS04990	554.6796	SYNPCC7942_RS11315
M744_RS04995	1726.5797	SYNPCC7942_RS11310
M744_RS05000	1526.9694	SYNPCC7942_RS11305
M744_RS05005	2010.2384	SYNPCC7942_RS11300
M744_RS05010	540.7860	SYNPCC7942_RS11295
M744_RS05015	342.2224	SYNPCC7942_RS11290
M744_RS05020	1524.1938	SYNPCC7942_RS11285
M744_RS05025	2974.6497	SYNPCC7942_RS11280
M744_RS05030	2469.9626	SYNPCC7942_RS11275
M744_RS05035	1336.6229	SYNPCC7942_RS11270
M744_RS05040	2286.2016	SYNPCC7942_RS11265
M744_RS05045	1291.8604	SYNPCC7942_RS11260
M744_RS05050	1163.4425	SYNPCC7942_RS11255
M744_RS05055	979.2118	SYNPCC7942_RS11250
M744_RS05060	1535.0853	SYNPCC7942_RS11245
M744_RS05065	338.2716	SYNPCC7942_RS11240
M744_RS05070	864.7788	SYNPCC7942_RS11235
M744_RS05075	940.5453	SYNPCC7942_RS11230
M744_RS05080	3085.5946	SYNPCC7942_RS11225
M744_RS05085	903.6137	SYNPCC7942_RS11220
M744_RS05090	3503.0232	SYNPCC7942_RS11215
M744_RS05095	1400.8231	SYNPCC7942_RS11210
M744_RS05100	670.2333	SYNPCC7942_RS11205
M744_RS05105	1601.3132	SYNPCC7942_RS11200
M744_RS05110	94.1527	SYNPCC7942_RS11195
M744_RS05115	17.4226	SYNPCC7942_RS11190
M744_RS05120	50.2429	SYNPCC7942_RS11185
M744_RS05130	24.1042	SYNPCC7942_RS11175
M744_RS05135	89.8188	SYNPCC7942_RS11170
M744_RS05140	30.3029	SYNPCC7942_RS11165
M744_RS05145	45.2068	SYNPCC7942_RS11160
M744_RS05150	10.6170	SYNPCC7942_RS11155
M744_RS05155	9.5279	SYNPCC7942_RS11150
M744_RS05160	2.2590	SYNPCC7942_RS11145
M744_RS05165	24.2357	SYNPCC7942_RS11140
M744_RS05170	47.0414	SYNPCC7942_RS11135
M744_RS05175	14.6409	SYNPCC7942_RS11130
M744_RS05180	59.0373	SYNPCC7942_RS11125
M744_RS05185	105.5782	SYNPCC7942_RS11120
M744_RS05190	21.3361	SYNPCC7942_RS11115
M744_RS05195	14.9330	SYNPCC7942_RS11110
M744_RS05200	15.6801	SYNPCC7942_RS11105
M744_RS05205	79.9125	SYNPCC7942_RS11100
M744_RS05210	57.8004	SYNPCC7942_RS11095
M744_RS05215	1.3558	SYNPCC7942_RS11090
M744_RS05220	68.4650	SYNPCC7942_RS11085
M744_RS05225	321.8554	SYNPCC7942_RS11080
M744_RS05230	44.7034	SYNPCC7942_RS11075
M744_RS05235	17.3163	SYNPCC7942_RS11070
M744_RS05240	23.5332	SYNPCC7942_RS11065
M744_RS05245	9.1102	SYNPCC7942_RS11060
M744_RS05250	50.4358	SYNPCC7942_RS11055
M744_RS05255	14.5303	SYNPCC7942_RS11050
M744_RS05260	11.9825	SYNPCC7942_RS11045
M744_RS05265	12.7031	SYNPCC7942_RS11040
M744_RS05270	246.8430	SYNPCC7942_RS11035
M744_RS05275	2.0391	SYNPCC7942_RS11030
M744_RS05280	30.4945	SYNPCC7942_RS11025
M744_RS05285	149.6968	SYNPCC7942_RS11020
M744_RS05290	6.1512	SYNPCC7942_RS11015
M744_RS05295	4.0621	SYNPCC7942_RS11010
M744_RS05300	4.9132	SYNPCC7942_RS11005
M744_RS05305	9.3323	SYNPCC7942_RS11000
M744_RS05310	66.9919	SYNPCC7942_RS10995
M744_RS05315	1.8074	SYNPCC7942_RS10990
M744_RS05320	54.7077	SYNPCC7942_RS10980
M744_RS05325	449.6166	SYNPCC7942_RS10975
M744_RS05330	58.2931	SYNPCC7942_RS10970
M744_RS05335	1185.3698	SYNPCC7942_RS10965
M744_RS05345	5083.2911	SYNPCC7942_RS10955
M744_RS05350	12.9525	SYNPCC7942_RS10950
M744_RS05355	6.7834	SYNPCC7942_RS10945
M744_RS05360	6.6931	SYNPCC7942_RS10940
M744_RS05365	44.0452	SYNPCC7942_RS10935
M744_RS05370	47.1572	SYNPCC7942_RS10930
M744_RS05375	64.8170	SYNPCC7942_RS10925
M744_RS05380	225.4050	SYNPCC7942_RS10920
M744_RS05385	116.5173	SYNPCC7942_RS10915
M744_RS05395	7.3114	SYNPCC7942_RS10905
M744_RS05400	17.1602	SYNPCC7942_RS10900
M744_RS05405	30.6949	SYNPCC7942_RS10895
M744_RS05410	6.9416	SYNPCC7942_RS10890
M744_RS05420	644.0177	SYNPCC7942_RS10880
M744_RS05425	68.8620	SYNPCC7942_RS10875
M744_RS05430	21.5635	SYNPCC7942_RS10870
M744_RS05435	2.9815	SYNPCC7942_RS10860
M744_RS05440	22.0608	SYNPCC7942_RS10855
M744_RS05445	50.9232	SYNPCC7942_RS10850
M744_RS05450	31.6579	SYNPCC7942_RS10845
M744_RS05455	2272.5004	SYNPCC7942_RS10840
M744_RS05460	82.5064	SYNPCC7942_RS10835
M744_RS05465	27.8283	SYNPCC7942_RS10830
M744_RS05470	25.5594	SYNPCC7942_RS10825
M744_RS05475	34.0845	SYNPCC7942_RS10820
M744_RS05480	95.7376	SYNPCC7942_RS10815
M744_RS05485	11.0780	SYNPCC7942_RS10810
M744_RS05490	104.0852	SYNPCC7942_RS10805
M744_RS05495	11.9643	SYNPCC7942_RS10800
M744_RS05500	36.7742	SYNPCC7942_RS10795
M744_RS05505	49.6812	SYNPCC7942_RS10790
M744_RS05510	25.0220	SYNPCC7942_RS10785
M744_RS05515	334.0775	SYNPCC7942_RS10780
M744_RS05520	121.2762	SYNPCC7942_RS10775
M744_RS05525	35.5253	SYNPCC7942_RS10770
M744_RS05530	58.4511	SYNPCC7942_RS10765
M744_RS05535	214.1312	SYNPCC7942_RS10760
M744_RS05540	287.5101	SYNPCC7942_RS10755
M744_RS05545	150.4898	SYNPCC7942_RS10750
M744_RS05550	1683.0868	SYNPCC7942_RS10745
M744_RS05555	201.8451	SYNPCC7942_RS10740
M744_RS05560	184.0368	SYNPCC7942_RS10735
M744_RS05565	38.1960	SYNPCC7942_RS10730
M744_RS05570	14.2594	SYNPCC7942_RS10725
M744_RS05580	44.9989	SYNPCC7942_RS10715
M744_RS05585	622.1012	SYNPCC7942_RS10710
M744_RS05590	10.1323	SYNPCC7942_RS10705
M744_RS05595	17.1875	SYNPCC7942_RS10700
M744_RS05600	22.8563	SYNPCC7942_RS10695
M744_RS05605	144.3566	SYNPCC7942_RS10690
M744_RS05610	14.8737	SYNPCC7942_RS10685
M744_RS05615	443.8981	SYNPCC7942_RS10680
M744_RS05620	290.2153	SYNPCC7942_RS10675
M744_RS05625	246.7817	SYNPCC7942_RS10670
M744_RS05630	106.5854	SYNPCC7942_RS10665
M744_RS05640	2.7934	SYNPCC7942_RS10655
M744_RS05645	14.5717	SYNPCC7942_RS10650
M744_RS05650	33.1132	SYNPCC7942_RS10645
M744_RS05655	11.3489	SYNPCC7942_RS10640
M744_RS05660	9.1217	SYNPCC7942_RS10635
M744_RS05665	2.5778	SYNPCC7942_RS10630
M744_RS05670	65.8928	SYNPCC7942_RS10625
M744_RS05675	4.5233	SYNPCC7942_RS10620
M744_RS05680	28.6646	SYNPCC7942_RS10615
M744_RS05685	94.6611	SYNPCC7942_RS10610
M744_RS05690	100.5135	SYNPCC7942_RS10605
M744_RS05695	79.1579	SYNPCC7942_RS10600
M744_RS05700	164.2427	SYNPCC7942_RS10595
M744_RS05705	597.3386	SYNPCC7942_RS10590
M744_RS05710	13.9767	SYNPCC7942_RS10585
M744_RS05715	13.3188	SYNPCC7942_RS10580
M744_RS05720	30.4681	SYNPCC7942_RS10575
M744_RS05725	56.9483	SYNPCC7942_RS10570
M744_RS05730	119.8540	SYNPCC7942_RS10565
M744_RS05735	7.7822	SYNPCC7942_RS10560
M744_RS05740	120.2012	SYNPCC7942_RS10555
M744_RS05750	320.3255	SYNPCC7942_RS10545
M744_RS05755	22.5848	SYNPCC7942_RS10540
M744_RS05760	17.1092	SYNPCC7942_RS10535
M744_RS05765	5.5454	SYNPCC7942_RS10530
M744_RS05770	25.8432	SYNPCC7942_RS10525
M744_RS05775	11.6316	SYNPCC7942_RS10520
M744_RS05780	138.2300	SYNPCC7942_RS10515
M744_RS05790	291.9875	SYNPCC7942_RS10505
M744_RS05795	268.1081	SYNPCC7942_RS10500
M744_RS05800	501.2174	SYNPCC7942_RS10495
M744_RS05805	365.9751	SYNPCC7942_RS10490
M744_RS05810	104.4172	SYNPCC7942_RS10485
M744_RS05815	34.9336	SYNPCC7942_RS10480
M744_RS05820	41.2372	SYNPCC7942_RS10475
M744_RS05825	100.2096	SYNPCC7942_RS10470
M744_RS05830	76.6251	SYNPCC7942_RS10465
M744_RS05835	69.2215	SYNPCC7942_RS10460
M744_RS05840	76.8486	SYNPCC7942_RS10455
M744_RS05845	5.9460	SYNPCC7942_RS10450
M744_RS05850	871.4090	SYNPCC7942_RS10445
M744_RS05855	26.3052	SYNPCC7942_RS10440
M744_RS05860	66.5157	SYNPCC7942_RS10435
M744_RS05865	61.7633	SYNPCC7942_RS10430
M744_RS05870	104.5960	SYNPCC7942_RS10425
M744_RS05875	127.2399	SYNPCC7942_RS10420
M744_RS05880	150.1122	SYNPCC7942_RS10415
M744_RS05885	20.5377	SYNPCC7942_RS10410
M744_RS05890	32.1496	SYNPCC7942_RS10405
M744_RS05895	159.9081	SYNPCC7942_RS10400
M744_RS05900	33743.0851	SYNPCC7942_RS10395
M744_RS05905	45429.8897	SYNPCC7942_RS10390
M744_RS05910	136.7849	SYNPCC7942_RS10385
M744_RS05915	6.8809	SYNPCC7942_RS10380
M744_RS05920	88.1963	SYNPCC7942_RS10375
M744_RS05925	162.5528	SYNPCC7942_RS10370
M744_RS05930	281.1276	SYNPCC7942_RS10365
M744_RS05935	25.6711	SYNPCC7942_RS10360
M744_RS05940	68.7421	SYNPCC7942_RS10355
M744_RS05945	7.3771	SYNPCC7942_RS10350
M744_RS05950	14.6025	SYNPCC7942_RS10345
M744_RS05955	46.3200	SYNPCC7942_RS10340
M744_RS05960	16.3535	SYNPCC7942_RS10335
M744_RS05965	40.8516	SYNPCC7942_RS10330
M744_RS05970	77.2201	SYNPCC7942_RS10325
M744_RS05975	35.5985	SYNPCC7942_RS10320
M744_RS05980	24.4329	SYNPCC7942_RS10315
M744_RS05985	47.5489	SYNPCC7942_RS10310
M744_RS05990	70.6604	SYNPCC7942_RS10305
M744_RS05995	2806.1293	SYNPCC7942_RS10300
M744_RS06000	153.7065	SYNPCC7942_RS10295
M744_RS06005	31.7223	SYNPCC7942_RS10290
M744_RS06010	8.6130	SYNPCC7942_RS10285
M744_RS06015	542.4218	SYNPCC7942_RS10280
M744_RS06020	22.5303	SYNPCC7942_RS10275
M744_RS06025	20.9172	SYNPCC7942_RS10270
M744_RS06030	88.8496	SYNPCC7942_RS10265
M744_RS06035	304.5298	SYNPCC7942_RS10260
M744_RS06040	21.5104	SYNPCC7942_RS10255
M744_RS06045	1916.5917	SYNPCC7942_RS10250
M744_RS06050	114.1635	SYNPCC7942_RS10245
M744_RS06055	13.3009	SYNPCC7942_RS10240
M744_RS06065	135.0015	SYNPCC7942_RS10230
M744_RS06070	109.7283	SYNPCC7942_RS10225
M744_RS06075	838.7965	SYNPCC7942_RS10220
M744_RS06080	30.1148	SYNPCC7942_RS10215
M744_RS06085	6.4868	SYNPCC7942_RS10210
M744_RS06090	123.2746	SYNPCC7942_RS10205
M744_RS06095	56.0513	SYNPCC7942_RS10200
M744_RS06100	1265.4856	SYNPCC7942_RS10195
M744_RS06105	74.3768	SYNPCC7942_RS10190
M744_RS06110	19.3594	SYNPCC7942_RS10185
M744_RS06115	25.6564	SYNPCC7942_RS10180
M744_RS06120	31.1083	SYNPCC7942_RS10175
M744_RS06125	19.0259	SYNPCC7942_RS10170
M744_RS06130	14.7270	SYNPCC7942_RS10165
M744_RS06135	19.8430	SYNPCC7942_RS10160
M744_RS06140	45.9980	SYNPCC7942_RS10155
M744_RS06145	17.4937	SYNPCC7942_RS10145
M744_RS06150	146.7079	SYNPCC7942_RS10140
M744_RS06155	1182.5641	SYNPCC7942_RS10135
M744_RS06160	5.8620	SYNPCC7942_RS10130
M744_RS06165	15.8522	SYNPCC7942_RS10125
M744_RS06170	56.5344	SYNPCC7942_RS10120
M744_RS06175	27.1693	SYNPCC7942_RS10115
M744_RS06180	18.7357	SYNPCC7942_RS10110
M744_RS06185	5.7621	SYNPCC7942_RS10105
M744_RS06190	35.1255	SYNPCC7942_RS10100
M744_RS06195	89.3608	SYNPCC7942_RS10095
M744_RS06200	10.3290	SYNPCC7942_RS10090
M744_RS06205	100.1445	SYNPCC7942_RS10085
M744_RS06210	32.7324	SYNPCC7942_RS10080
M744_RS06215	449.3414	SYNPCC7942_RS10075
M744_RS06220	145.7730	SYNPCC7942_RS10070
M744_RS06225	27.0154	SYNPCC7942_RS10065
M744_RS06230	158.3739	SYNPCC7942_RS10060
M744_RS06235	357.8659	SYNPCC7942_RS10055
M744_RS06240	73.2433	SYNPCC7942_RS10050
M744_RS06245	15.0615	SYNPCC7942_RS10045
M744_RS06250	149.7675	SYNPCC7942_RS10040
M744_RS06255	20.5410	SYNPCC7942_RS10035
M744_RS06260	80.5699	SYNPCC7942_RS10030
M744_RS06265	1315.5269	SYNPCC7942_RS10025
M744_RS06270	1161.5454	SYNPCC7942_RS10020
M744_RS06275	103.4788	SYNPCC7942_RS10015
M744_RS06280	32.6330	SYNPCC7942_RS10010
M744_RS06285	74.8172	SYNPCC7942_RS10005
M744_RS06290	42.3028	SYNPCC7942_RS10000
M744_RS06300	1816.0832	SYNPCC7942_RS09990
M744_RS06305	35.0512	SYNPCC7942_RS09985
M744_RS06310	31.6189	SYNPCC7942_RS09980
M744_RS06315	30.5666	SYNPCC7942_RS09975
M744_RS06320	114.0654	SYNPCC7942_RS09970
M744_RS06325	96.5273	SYNPCC7942_RS09965
M744_RS06330	27.8676	SYNPCC7942_RS09960
M744_RS06335	35.3224	SYNPCC7942_RS09955
M744_RS06340	19.8409	SYNPCC7942_RS09950
M744_RS06345	10.6860	SYNPCC7942_RS09945
M744_RS06350	153.6616	SYNPCC7942_RS09940
M744_RS06355	30.0183	SYNPCC7942_RS09935
M744_RS06360	24.5109	SYNPCC7942_RS09930
M744_RS06365	440.5816	SYNPCC7942_RS09925
M744_RS06375	29.8406	SYNPCC7942_RS09915
M744_RS06380	19.8986	SYNPCC7942_RS09910
M744_RS06390	12.7432	SYNPCC7942_RS09900
M744_RS06395	29.3361	SYNPCC7942_RS09895
M744_RS06400	76.2055	SYNPCC7942_RS09890
M744_RS06405	21.1499	SYNPCC7942_RS09885
M744_RS06410	70.4400	SYNPCC7942_RS09880
M744_RS06415	7.5537	SYNPCC7942_RS09875
M744_RS06420	51.9416	SYNPCC7942_RS09870
M744_RS06425	458.4341	SYNPCC7942_RS09865
M744_RS06430	166.5713	SYNPCC7942_RS09860
M744_RS06435	61.7856	SYNPCC7942_RS09855
M744_RS06440	3.7890	SYNPCC7942_RS09850
M744_RS06445	6.1012	SYNPCC7942_RS09845
M744_RS06450	1.1295	SYNPCC7942_RS09840
M744_RS06455	5.4179	SYNPCC7942_RS09835
M744_RS06460	147.6953	SYNPCC7942_RS09830
M744_RS06465	32.9176	SYNPCC7942_RS09825
M744_RS06470	9.4151	SYNPCC7942_RS09820
M744_RS06475	40.5138	SYNPCC7942_RS09815
M744_RS06480	28.2721	SYNPCC7942_RS09810
M744_RS06485	74.0038	SYNPCC7942_RS09805
M744_RS06490	69.5421	SYNPCC7942_RS09800
M744_RS06495	135.1319	SYNPCC7942_RS09795
M744_RS06500	206.4908	SYNPCC7942_RS09790
M744_RS06505	17.3152	SYNPCC7942_RS09785
M744_RS06510	24.2800	SYNPCC7942_RS09780
M744_RS06515	8.3802	SYNPCC7942_RS09775
M744_RS06520	36.6171	SYNPCC7942_RS09770
M744_RS06525	47.4556	SYNPCC7942_RS09765
M744_RS06530	217.6214	SYNPCC7942_RS09760
M744_RS06535	206.6220	SYNPCC7942_RS09755
M744_RS06540	11.5966	SYNPCC7942_RS09750
M744_RS06545	486.1159	SYNPCC7942_RS09745
M744_RS06550	90.5678	SYNPCC7942_RS09740
M744_RS06555	55.5537	SYNPCC7942_RS09735
M744_RS06560	22.9370	SYNPCC7942_RS09730
M744_RS06565	64.0839	SYNPCC7942_RS09725
M744_RS06575	82.3802	SYNPCC7942_RS09715
M744_RS06580	37.9678	SYNPCC7942_RS09710
M744_RS06585	324.2261	SYNPCC7942_RS09705
M744_RS06590	31.5128	SYNPCC7942_RS09700
M744_RS06595	307.5783	SYNPCC7942_RS09690
M744_RS06600	35.5221	SYNPCC7942_RS09685
M744_RS06605	29.6122	SYNPCC7942_RS09680
M744_RS06610	58.7719	SYNPCC7942_RS09675
M744_RS06615	1857.1393	SYNPCC7942_RS09670
M744_RS06620	158.7447	SYNPCC7942_RS09665
M744_RS06625	629.7235	SYNPCC7942_RS09660
M744_RS06630	322.4958	SYNPCC7942_RS09655
M744_RS06635	134.4316	SYNPCC7942_RS09650
M744_RS06640	53.2883	SYNPCC7942_RS09645
M744_RS06645	61.7222	SYNPCC7942_RS09640
M744_RS06650	38.9178	SYNPCC7942_RS09635
M744_RS06655	7.5823	SYNPCC7942_RS09630
M744_RS06660	235.1873	SYNPCC7942_RS09625
M744_RS06665	27.5953	SYNPCC7942_RS09620
M744_RS06670	40.7589	SYNPCC7942_RS09615
M744_RS06675	232.7446	SYNPCC7942_RS09610
M744_RS06680	28.4570	SYNPCC7942_RS09605
M744_RS06685	9.4047	SYNPCC7942_RS09600
M744_RS06690	36.6270	SYNPCC7942_RS09595
M744_RS06695	113.3651	SYNPCC7942_RS09590
M744_RS06700	127.3688	SYNPCC7942_RS09585
M744_RS06705	213.9799	SYNPCC7942_RS09580
M744_RS06710	59.5803	SYNPCC7942_RS09575
M744_RS06715	17.2185	SYNPCC7942_RS09570
M744_RS06720	43.2995	SYNPCC7942_RS09565
M744_RS06725	85.3257	SYNPCC7942_RS09560
M744_RS06730	24.3311	SYNPCC7942_RS09555
M744_RS06735	41.8854	SYNPCC7942_RS09550
M744_RS06740	872.7575	SYNPCC7942_RS09545
M744_RS06745	83.9661	SYNPCC7942_RS09540
M744_RS06750	44.1636	SYNPCC7942_RS09535
M744_RS06755	41.9257	SYNPCC7942_RS09530
M744_RS06760	24.7829	SYNPCC7942_RS09525
M744_RS06765	74.9702	SYNPCC7942_RS09520
M744_RS06770	23.0295	SYNPCC7942_RS09515
M744_RS06775	44.0017	SYNPCC7942_RS09510
M744_RS06780	17.7360	SYNPCC7942_RS09505
M744_RS06785	28.2809	SYNPCC7942_RS09500
M744_RS06790	8.7150	SYNPCC7942_RS09495
M744_RS06795	17.0317	SYNPCC7942_RS13800
M744_RS06800	69.3925	SYNPCC7942_RS09490
M744_RS06805	321.6541	SYNPCC7942_RS09485
M744_RS06810	7.1137	SYNPCC7942_RS09480
M744_RS06815	4.0461	SYNPCC7942_RS09475
M744_RS06820	37.4430	SYNPCC7942_RS09470
M744_RS06825	38.0520	SYNPCC7942_RS09465
M744_RS06830	13.2774	SYNPCC7942_RS09460
M744_RS06835	24.8943	SYNPCC7942_RS09455
M744_RS06840	64.6848	SYNPCC7942_RS09450
M744_RS06845	579.4249	SYNPCC7942_RS09445
M744_RS06850	38.1089	SYNPCC7942_RS09440
M744_RS06855	42.1502	SYNPCC7942_RS09435
M744_RS06860	94.5826	SYNPCC7942_RS09430
M744_RS06865	1527.5700	SYNPCC7942_RS09425
M744_RS06870	30.9116	SYNPCC7942_RS09420
M744_RS06875	24.2688	SYNPCC7942_RS09415
M744_RS06880	35.4475	SYNPCC7942_RS09410
M744_RS06885	72.6538	SYNPCC7942_RS09405
M744_RS06890	66.3978	SYNPCC7942_RS09400
M744_RS06895	127.6238	SYNPCC7942_RS09395
M744_RS06900	192.1205	SYNPCC7942_RS09390
M744_RS06905	6.9851	SYNPCC7942_RS09385
M744_RS06910	237.5548	SYNPCC7942_RS09380
M744_RS06920	194.5776	SYNPCC7942_RS09375
M744_RS06925	197.7838	SYNPCC7942_RS09370
M744_RS06930	1529.5113	SYNPCC7942_RS09365
M744_RS06935	437.5630	SYNPCC7942_RS09360
M744_RS06940	41.3087	SYNPCC7942_RS09355
M744_RS06945	9.5936	SYNPCC7942_RS09350
M744_RS06950	40.1186	SYNPCC7942_RS09345
M744_RS06955	54.7796	SYNPCC7942_RS09340
M744_RS06960	39.6815	SYNPCC7942_RS09335
M744_RS06965	13.5825	SYNPCC7942_RS09330
M744_RS06970	209.0958	SYNPCC7942_RS09325
M744_RS06975	41.5019	SYNPCC7942_RS09320
M744_RS06980	73.8263	SYNPCC7942_RS09315
M744_RS06985	27.6273	SYNPCC7942_RS09310
M744_RS06990	41.7611	SYNPCC7942_RS09305
M744_RS06995	21.6889	SYNPCC7942_RS09300
M744_RS07000	103.0260	SYNPCC7942_RS09295
M744_RS07005	675.1293	SYNPCC7942_RS09290
M744_RS07010	719.6754	SYNPCC7942_RS09285
M744_RS07015	97.0022	SYNPCC7942_RS09280
M744_RS07020	31.8076	SYNPCC7942_RS09275
M744_RS07025	150.7589	SYNPCC7942_RS09270
M744_RS07030	48.3329	SYNPCC7942_RS09265
M744_RS07035	16.2378	SYNPCC7942_RS09260
M744_RS07040	83.9783	SYNPCC7942_RS09255
M744_RS07045	93.6300	SYNPCC7942_RS09250
M744_RS07050	443.3176	SYNPCC7942_RS09245
M744_RS07055	3324.9180	SYNPCC7942_RS09240
M744_RS07060	14.3379	SYNPCC7942_RS09235
M744_RS07065	1.8446	SYNPCC7942_RS09230
M744_RS07070	11.6052	SYNPCC7942_RS09225
M744_RS07075	67.0619	SYNPCC7942_RS09220
M744_RS07080	21.0353	SYNPCC7942_RS09215
M744_RS07085	15.6876	SYNPCC7942_RS09210
M744_RS07090	468.6984	SYNPCC7942_RS09205
M744_RS07095	98.2933	SYNPCC7942_RS09200
M744_RS07100	232.3038	SYNPCC7942_RS09195
M744_RS07105	418.9365	SYNPCC7942_RS09190
M744_RS07110	3.2046	SYNPCC7942_RS09185
M744_RS07115	2.4853	SYNPCC7942_RS09180
M744_RS07120	23.7098	SYNPCC7942_RS09175
M744_RS07125	1.4908	SYNPCC7942_RS09170
M744_RS07130	16.6915	SYNPCC7942_RS09165
M744_RS07135	33.1460	SYNPCC7942_RS09160
M744_RS07140	31.6309	SYNPCC7942_RS09155
M744_RS07145	11.6062	SYNPCC7942_RS09150
M744_RS07150	174.4377	SYNPCC7942_RS09145
M744_RS07155	15.5134	SYNPCC7942_RS09140
M744_RS07160	8.9021	SYNPCC7942_RS09135
M744_RS07165	207.0674	SYNPCC7942_RS09130
M744_RS07170	16.3538	SYNPCC7942_RS09125
M744_RS07175	26.5593	SYNPCC7942_RS09120
M744_RS07180	49.4726	SYNPCC7942_RS09115
M744_RS07185	34.2146	SYNPCC7942_RS09110
M744_RS07190	433.8096	SYNPCC7942_RS09105
M744_RS07195	21.6886	SYNPCC7942_RS09100
M744_RS07200	5.6421	SYNPCC7942_RS09095
M744_RS07205	96.4723	SYNPCC7942_RS09090
M744_RS07210	190.1261	SYNPCC7942_RS09085
M744_RS07215	85.4734	SYNPCC7942_RS09080
M744_RS07220	133.4464	SYNPCC7942_RS09075
M744_RS07225	44.3418	SYNPCC7942_RS09070
M744_RS07235	82.1843	SYNPCC7942_RS09060
M744_RS07240	739.2336	SYNPCC7942_RS09055
M744_RS07245	19.7089	SYNPCC7942_RS09050
M744_RS07250	21.7824	SYNPCC7942_RS09045
M744_RS07255	28.6003	SYNPCC7942_RS09040
M744_RS07260	82.5804	SYNPCC7942_RS09035
M744_RS07265	9.6406	SYNPCC7942_RS09030
M744_RS07270	3.8029	SYNPCC7942_RS09025
M744_RS07275	30.4378	SYNPCC7942_RS09020
M744_RS07280	471.3725	SYNPCC7942_RS09015
M744_RS07285	49.3852	SYNPCC7942_RS09010
M744_RS07290	409.4114	SYNPCC7942_RS09005
M744_RS07295	301.8708	SYNPCC7942_RS09000
M744_RS07300	1.4472	SYNPCC7942_RS08995
M744_RS07305	5.2819	SYNPCC7942_RS08990
M744_RS07310	17.0410	SYNPCC7942_RS08985
M744_RS07315	112.9731	SYNPCC7942_RS08980
M744_RS07320	43.3743	SYNPCC7942_RS08975
M744_RS07325	11.5659	SYNPCC7942_RS08970
M744_RS07330	23.5120	SYNPCC7942_RS08965
M744_RS07335	44.5527	SYNPCC7942_RS08960
M744_RS07340	189.6767	SYNPCC7942_RS08955
M744_RS07345	212.2646	SYNPCC7942_RS08950
M744_RS07350	58.4794	SYNPCC7942_RS08945
M744_RS07360	101.3724	SYNPCC7942_RS08935
M744_RS07365	358.7850	SYNPCC7942_RS08930
M744_RS07370	177.5680	SYNPCC7942_RS08925
M744_RS07375	5.7442	SYNPCC7942_RS08920
M744_RS07380	72.3261	SYNPCC7942_RS08915
M744_RS07385	155.7199	SYNPCC7942_RS08910
M744_RS07390	177.5408	SYNPCC7942_RS08905
M744_RS07395	46.9372	SYNPCC7942_RS08900
M744_RS07400	7.7066	SYNPCC7942_RS08895
M744_RS07405	44.5527	SYNPCC7942_RS08890
M744_RS07410	508.7853	SYNPCC7942_RS08885
M744_RS07415	14.2936	SYNPCC7942_RS08880
M744_RS07420	10.7656	SYNPCC7942_RS08875
M744_RS07425	253.9944	SYNPCC7942_RS08870
M744_RS07430	1215.8063	SYNPCC7942_RS08865
M744_RS07435	241.6435	SYNPCC7942_RS08860
M744_RS07440	34.8623	SYNPCC7942_RS08855
M744_RS07445	24.7407	SYNPCC7942_RS08850
M744_RS07450	149.9185	SYNPCC7942_RS08845
M744_RS07455	195.3450	SYNPCC7942_RS08840
M744_RS07460	113.9136	SYNPCC7942_RS08835
M744_RS07465	169.2498	SYNPCC7942_RS08830
M744_RS07470	123.7827	SYNPCC7942_RS08825
M744_RS07475	38.1947	SYNPCC7942_RS08820
M744_RS07480	4.2492	SYNPCC7942_RS08815
M744_RS07485	8.2963	SYNPCC7942_RS08810
M744_RS07490	51.1682	SYNPCC7942_RS08805
M744_RS07495	10.0941	SYNPCC7942_RS08800
M744_RS07500	6.8937	SYNPCC7942_RS08795
M744_RS07505	5.7835	SYNPCC7942_RS08790
M744_RS07510	15.2718	SYNPCC7942_RS08785
M744_RS07515	42.7351	SYNPCC7942_RS08780
M744_RS07520	29.0454	SYNPCC7942_RS08775
M744_RS07525	26.4308	SYNPCC7942_RS08770
M744_RS07530	15.4156	SYNPCC7942_RS08765
M744_RS07540	70.1254	SYNPCC7942_RS08760
M744_RS07545	22.9923	SYNPCC7942_RS08755
M744_RS07550	14.9119	SYNPCC7942_RS08750
M744_RS07555	434.1207	SYNPCC7942_RS08745
M744_RS07560	68.1117	SYNPCC7942_RS08740
M744_RS07565	118.0644	SYNPCC7942_RS08735
M744_RS07570	137.5451	SYNPCC7942_RS08730
M744_RS07575	59.6476	SYNPCC7942_RS08725
M744_RS07580	14.9755	SYNPCC7942_RS08720
M744_RS07585	58.7496	SYNPCC7942_RS08715
M744_RS07590	1.2666	SYNPCC7942_RS08710
M744_RS07595	21.0767	SYNPCC7942_RS08705
M744_RS07600	79.0232	SYNPCC7942_RS08700
M744_RS07605	43.2289	SYNPCC7942_RS08695
M744_RS07610	32.7113	SYNPCC7942_RS08690
M744_RS07615	5.8057	SYNPCC7942_RS08685
M744_RS07620	229.6504	SYNPCC7942_RS08680
M744_RS07625	23.5909	SYNPCC7942_RS08675
M744_RS07630	124.7476	SYNPCC7942_RS08670
M744_RS07635	32.1616	SYNPCC7942_RS08660
M744_RS07640	12.3657	SYNPCC7942_RS08655
M744_RS07645	9.9135	SYNPCC7942_RS08650
M744_RS07650	16.3177	SYNPCC7942_RS08645
M744_RS07655	5.9131	SYNPCC7942_RS08640
M744_RS07660	23.6299	SYNPCC7942_RS08635
M744_RS07665	40.6501	SYNPCC7942_RS08630
M744_RS07670	156.2504	SYNPCC7942_RS08625
M744_RS07675	13.4604	SYNPCC7942_RS08620
M744_RS07680	5.2330	SYNPCC7942_RS08615
M744_RS07685	10.8677	SYNPCC7942_RS08610
M744_RS07690	37.8163	SYNPCC7942_RS08605
M744_RS07695	3.1536	SYNPCC7942_RS08600
M744_RS07700	2.0762	SYNPCC7942_RS08595
M744_RS07705	7.6630	SYNPCC7942_RS08590
M744_RS07710	105.2485	SYNPCC7942_RS08585
M744_RS07715	81.4257	SYNPCC7942_RS08580
M744_RS07720	20.2024	SYNPCC7942_RS08575
M744_RS07725	52.2529	SYNPCC7942_RS08570
M744_RS07730	122.0736	SYNPCC7942_RS08565
M744_RS07735	246.1557	SYNPCC7942_RS08560
M744_RS07740	219.5579	SYNPCC7942_RS08555
M744_RS07745	88.4071	SYNPCC7942_RS08550
M744_RS07750	46.7761	SYNPCC7942_RS08545
M744_RS07755	11.7794	SYNPCC7942_RS08540
M744_RS07760	42.2907	SYNPCC7942_RS08535
M744_RS07765	431.2351	SYNPCC7942_RS08530
M744_RS07770	34.6656	SYNPCC7942_RS08525
M744_RS07775	52.7702	SYNPCC7942_RS08520
M744_RS07780	14.5931	SYNPCC7942_RS08515
M744_RS07785	53.3580	SYNPCC7942_RS08510
M744_RS07790	58.8767	SYNPCC7942_RS08505
M744_RS07795	79.8022	SYNPCC7942_RS08500
M744_RS07800	28.7974	SYNPCC7942_RS08495
M744_RS07805	50.7084	SYNPCC7942_RS08490
M744_RS07810	8.3271	SYNPCC7942_RS08485
M744_RS07820	65.9773	SYNPCC7942_RS08475
M744_RS07825	14.5135	SYNPCC7942_RS08470
M744_RS07830	12.1842	SYNPCC7942_RS08465
M744_RS07835	110.8490	SYNPCC7942_RS08460
M744_RS07840	94.8474	SYNPCC7942_RS08455
M744_RS07845	18.2782	SYNPCC7942_RS08450
M744_RS07850	291.3055	SYNPCC7942_RS08445
M744_RS07855	1.8031	SYNPCC7942_RS08440
M744_RS07860	1.4015	SYNPCC7942_RS08435
M744_RS07865	55.5234	SYNPCC7942_RS08430
M744_RS07870	28.2922	SYNPCC7942_RS08425
M744_RS07875	21.1860	SYNPCC7942_RS08420
M744_RS07880	231.0423	SYNPCC7942_RS08415
M744_RS07885	93.5207	SYNPCC7942_RS08410
M744_RS07890	20.0621	SYNPCC7942_RS08405
M744_RS07895	15.9404	SYNPCC7942_RS08400
M744_RS07905	14.6474	SYNPCC7942_RS08390
M744_RS07910	40.9221	SYNPCC7942_RS08385
M744_RS07915	77.7342	SYNPCC7942_RS08380
M744_RS07920	12.5487	SYNPCC7942_RS08375
M744_RS07925	19.3396	SYNPCC7942_RS08370
M744_RS07930	15.2253	SYNPCC7942_RS08365
M744_RS07935	13.1467	SYNPCC7942_RS08360
M744_RS07940	163.0709	SYNPCC7942_RS08355
M744_RS07950	122.0389	SYNPCC7942_RS08345
M744_RS07960	12784.2636	SYNPCC7942_RS07490
M744_RS07965	24.5961	SYNPCC7942_RS07495
M744_RS07970	95.0032	SYNPCC7942_RS07500
M744_RS07975	11.8176	SYNPCC7942_RS07505
M744_RS07980	11.3332	SYNPCC7942_RS07510
M744_RS07985	7.4209	SYNPCC7942_RS07515
M744_RS07990	5.0567	SYNPCC7942_RS07520
M744_RS07995	2.3600	SYNPCC7942_RS07525
M744_RS08000	10.5192	SYNPCC7942_RS07530
M744_RS08005	1.4833	SYNPCC7942_RS07535
M744_RS08010	4.9196	SYNPCC7942_RS07540
M744_RS08015	17.1899	SYNPCC7942_RS07545
M744_RS08020	38.0349	SYNPCC7942_RS07550
M744_RS08025	41.3352	SYNPCC7942_RS07555
M744_RS08030	131.6123	SYNPCC7942_RS07560
M744_RS08035	6.3625	SYNPCC7942_RS07565
M744_RS08040	53.3770	SYNPCC7942_RS07570
M744_RS08045	67.2530	SYNPCC7942_RS07575
M744_RS08050	6.0405	SYNPCC7942_RS07580
M744_RS08055	123.9377	SYNPCC7942_RS07585
M744_RS08060	10.4417	SYNPCC7942_RS07590
M744_RS08065	29.2362	SYNPCC7942_RS07595
M744_RS08070	1558.5499	SYNPCC7942_RS07600
M744_RS08075	3.6105	SYNPCC7942_RS07605
M744_RS08080	4.0089	SYNPCC7942_RS07610
M744_RS08085	16.7225	SYNPCC7942_RS07615
M744_RS08090	10.4917	SYNPCC7942_RS07620
M744_RS08095	8.4727	SYNPCC7942_RS07625
M744_RS08100	8.6405	SYNPCC7942_RS07630
M744_RS08105	25.4330	SYNPCC7942_RS07635
M744_RS08110	13.0959	SYNPCC7942_RS07640
M744_RS08115	118.8137	SYNPCC7942_RS07645
M744_RS08120	60.7424	SYNPCC7942_RS07650
M744_RS08125	7.5452	SYNPCC7942_RS07655
M744_RS08130	2759.2719	SYNPCC7942_RS07660
M744_RS08135	88.3016	SYNPCC7942_RS07665
M744_RS08140	422.5842	SYNPCC7942_RS07670
M744_RS08145	8.4259	SYNPCC7942_RS07675
M744_RS08150	26.0706	SYNPCC7942_RS07680
M744_RS08155	51.2174	SYNPCC7942_RS07685
M744_RS08160	245.8933	SYNPCC7942_RS07690
M744_RS08165	692.8732	SYNPCC7942_RS07695
M744_RS08175	32.3952	SYNPCC7942_RS07705
M744_RS08180	40.8545	SYNPCC7942_RS07710
M744_RS08185	66.4810	SYNPCC7942_RS07715
M744_RS08190	62.1759	SYNPCC7942_RS07720
M744_RS08195	28.2107	SYNPCC7942_RS07725
M744_RS08200	153.1887	SYNPCC7942_RS07730
M744_RS08205	125.0563	SYNPCC7942_RS07735
M744_RS08210	13.3594	SYNPCC7942_RS07740
M744_RS08215	87.6907	SYNPCC7942_RS07745
M744_RS08220	13.4773	SYNPCC7942_RS07750
M744_RS08225	40.1221	SYNPCC7942_RS07755
M744_RS08230	26.7838	SYNPCC7942_RS07760
M744_RS08235	144.4811	SYNPCC7942_RS07765
M744_RS08240	526.1039	SYNPCC7942_RS07770
M744_RS08245	522.4590	SYNPCC7942_RS07775
M744_RS08265	1143.9350	SYNPCC7942_RS07795
M744_RS08270	24.5552	SYNPCC7942_RS07800
M744_RS08275	82.3308	SYNPCC7942_RS07805
M744_RS08280	37.0318	SYNPCC7942_RS07810
M744_RS08285	9.7796	SYNPCC7942_RS07815
M744_RS08290	2.7584	SYNPCC7942_RS07820
M744_RS08295	14.9279	SYNPCC7942_RS07825
M744_RS08300	7.0490	SYNPCC7942_RS07830
M744_RS08305	57.8145	SYNPCC7942_RS07835
M744_RS08310	36.7344	SYNPCC7942_RS07840
M744_RS08315	9.9156	SYNPCC7942_RS07845
M744_RS08320	14.9915	SYNPCC7942_RS07850
M744_RS08325	2.2526	SYNPCC7942_RS07860
M744_RS08330	11.6584	SYNPCC7942_RS07865
M744_RS08335	101.8731	SYNPCC7942_RS07870
M744_RS08340	6.9087	SYNPCC7942_RS07875
M744_RS08345	1.7671	SYNPCC7942_RS07880
M744_RS08350	6.1405	SYNPCC7942_RS07885
M744_RS08355	1.0392	SYNPCC7942_RS07890
M744_RS08360	107.1094	SYNPCC7942_RS07895
M744_RS08365	9.8646	SYNPCC7942_RS07900
M744_RS08370	14.0087	SYNPCC7942_RS07905
M744_RS08375	21.5828	SYNPCC7942_RS07910
M744_RS08380	633.4220	SYNPCC7942_RS07915
M744_RS08385	16.6319	SYNPCC7942_RS07920
M744_RS08390	269.9637	SYNPCC7942_RS07925
M744_RS08395	293.9166	SYNPCC7942_RS07930
M744_RS08400	95.1408	SYNPCC7942_RS07935
M744_RS08405	1038.4349	SYNPCC7942_RS07940
M744_RS08410	3.5638	SYNPCC7942_RS07945
M744_RS08415	16.0879	SYNPCC7942_RS07950
M744_RS08420	33.2917	SYNPCC7942_RS07955
M744_RS08430	21.8610	SYNPCC7942_RS07965
M744_RS08435	31.9965	SYNPCC7942_RS07970
M744_RS08440	1.3165	SYNPCC7942_RS07975
M744_RS08450	9.3080	SYNPCC7942_RS07980
M744_RS08455	1.5343	SYNPCC7942_RS07985
M744_RS08465	16.2803	SYNPCC7942_RS07995
M744_RS08470	56.0980	SYNPCC7942_RS08000
M744_RS08475	46.7782	SYNPCC7942_RS08005
M744_RS08480	3.9633	SYNPCC7942_RS08010
M744_RS08485	34.3717	SYNPCC7942_RS08015
M744_RS08490	175.5908	SYNPCC7942_RS08020
M744_RS08495	8.1828	SYNPCC7942_RS08025
M744_RS08500	22.0194	SYNPCC7942_RS08030
M744_RS08505	18.5756	SYNPCC7942_RS08035
M744_RS08510	20.2574	SYNPCC7942_RS08040
M744_RS08515	7.9575	SYNPCC7942_RS08045
M744_RS08520	6.2965	SYNPCC7942_RS08050
M744_RS08525	148.7159	SYNPCC7942_RS08055
M744_RS08530	106.9905	SYNPCC7942_RS08060
M744_RS08535	11.6180	SYNPCC7942_RS08065
M744_RS08540	58.6346	SYNPCC7942_RS08070
M744_RS08545	67.8584	SYNPCC7942_RS08075
M744_RS08550	25.9901	SYNPCC7942_RS08080
M744_RS08555	3.9229	SYNPCC7942_RS08085
M744_RS08560	84.6710	SYNPCC7942_RS08090
M744_RS08565	12.6486	SYNPCC7942_RS08095
M744_RS08570	105.0708	SYNPCC7942_RS08100
M744_RS08575	222.8355	SYNPCC7942_RS08105
M744_RS08580	61.0510	SYNPCC7942_RS08110
M744_RS08585	23.0995	SYNPCC7942_RS08115
M744_RS08590	119.5611	SYNPCC7942_RS08120
M744_RS08595	268.9027	SYNPCC7942_RS08125
M744_RS08600	12.2436	SYNPCC7942_RS08130
M744_RS08605	372.2905	SYNPCC7942_RS08135
M744_RS08610	167.5438	SYNPCC7942_RS08140
M744_RS08615	222.1189	SYNPCC7942_RS08145
M744_RS08620	67.4742	SYNPCC7942_RS08150
M744_RS08625	180.9848	SYNPCC7942_RS08155
M744_RS08630	82.4273	SYNPCC7942_RS08160
M744_RS08635	173.1321	SYNPCC7942_RS08165
M744_RS08640	15.1890	SYNPCC7942_RS08170
M744_RS08645	5.4869	SYNPCC7942_RS08175
M744_RS08650	54.5143	SYNPCC7942_RS08180
M744_RS08655	45.1173	SYNPCC7942_RS08185
M744_RS08660	3.2025	SYNPCC7942_RS08190
M744_RS08665	137.7124	SYNPCC7942_RS08195
M744_RS08670	14.9458	SYNPCC7942_RS08200
M744_RS08675	97.8322	SYNPCC7942_RS08205
M744_RS08680	1238.5003	SYNPCC7942_RS08210
M744_RS08685	156.3160	SYNPCC7942_RS08215
M744_RS08690	9.2473	SYNPCC7942_RS08220
M744_RS08695	188.9941	SYNPCC7942_RS08225
M744_RS08700	1083.9951	SYNPCC7942_RS08230
M744_RS08705	222.8192	SYNPCC7942_RS08235
M744_RS08710	68.3469	SYNPCC7942_RS08240
M744_RS08715	327.8996	SYNPCC7942_RS08245
M744_RS08720	847.4342	SYNPCC7942_RS08250
M744_RS08725	118.2977	SYNPCC7942_RS08255
M744_RS08730	66.6352	SYNPCC7942_RS08260
M744_RS08735	69.7474	SYNPCC7942_RS08265
M744_RS08740	558.3106	SYNPCC7942_RS08270
M744_RS08745	131.1861	SYNPCC7942_RS08275
M744_RS08750	9.4058	SYNPCC7942_RS08280
M744_RS08755	26.0008	SYNPCC7942_RS08285
M744_RS08760	18.9802	SYNPCC7942_RS08290
M744_RS08765	77.7855	SYNPCC7942_RS08295
M744_RS08770	63.9978	SYNPCC7942_RS08300
M744_RS08775	179.6980	SYNPCC7942_RS08305
M744_RS08780	14.3422	SYNPCC7942_RS08310
M744_RS08785	144.5856	SYNPCC7942_RS08315
M744_RS08790	108.8246	SYNPCC7942_RS08320
M744_RS08795	35.1138	SYNPCC7942_RS08325
M744_RS08800	70.4795	SYNPCC7942_RS08330
M744_RS08805	256.4140	SYNPCC7942_RS08335
M744_RS08815	3.3799	SYNPCC7942_RS07480
M744_RS08820	4.6561	SYNPCC7942_RS07475
M744_RS08825	46.8167	SYNPCC7942_RS07470
M744_RS08830	69.1667	SYNPCC7942_RS07465
M744_RS08835	15.2326	SYNPCC7942_RS07460
M744_RS08840	72.4785	SYNPCC7942_RS07455
M744_RS08845	129.9003	SYNPCC7942_RS07450
M744_RS08850	85.7253	SYNPCC7942_RS07445
M744_RS08855	314.7083	SYNPCC7942_RS07440
M744_RS08860	176.6643	SYNPCC7942_RS07435
M744_RS08865	54.3681	SYNPCC7942_RS07430
M744_RS08870	117.7018	SYNPCC7942_RS07425
M744_RS08875	20.6676	SYNPCC7942_RS07420
M744_RS08880	67.8240	SYNPCC7942_RS07415
M744_RS08885	154.2075	SYNPCC7942_RS07410
M744_RS08890	185.5617	SYNPCC7942_RS07405
M744_RS08895	123.0797	SYNPCC7942_RS07400
M744_RS08900	40.4205	SYNPCC7942_RS07395
M744_RS08910	5278.9255	SYNPCC7942_RS07385
M744_RS08920	2.5671	SYNPCC7942_RS07375
M744_RS08930	4.8314	SYNPCC7942_RS07370
M744_RS08935	18.4244	SYNPCC7942_RS07365
M744_RS08940	583.9305	SYNPCC7942_RS07360
M744_RS08945	187.0674	SYNPCC7942_RS07355
M744_RS08950	45.0697	SYNPCC7942_RS07350
M744_RS08955	13.8460	SYNPCC7942_RS07345
M744_RS08960	61.8337	SYNPCC7942_RS07340
M744_RS08965	701.9941	SYNPCC7942_RS07335
M744_RS08970	44.2842	SYNPCC7942_RS07330
M744_RS08975	138.9602	SYNPCC7942_RS07325
M744_RS08980	373.9927	SYNPCC7942_RS07320
M744_RS08985	17.4162	SYNPCC7942_RS07315
M744_RS08990	17.2813	SYNPCC7942_RS07310
M744_RS08995	38.2420	SYNPCC7942_RS07305
M744_RS09000	2051.6727	SYNPCC7942_RS07300
M744_RS09005	8328.8077	SYNPCC7942_RS07295
M744_RS09010	112.4180	SYNPCC7942_RS07290
M744_RS09015	106.0638	SYNPCC7942_RS07285
M744_RS09020	1917.1609	SYNPCC7942_RS07280
M744_RS09025	377.6870	SYNPCC7942_RS07275
M744_RS09030	1397.3726	SYNPCC7942_RS07270
M744_RS09035	179.4900	SYNPCC7942_RS07265
M744_RS09040	1087.9227	SYNPCC7942_RS07260
M744_RS09045	1.9891	SYNPCC7942_RS07255
M744_RS09050	59.8269	SYNPCC7942_RS07250
M744_RS09055	566.6539	SYNPCC7942_RS07245
M744_RS09060	1025.9234	SYNPCC7942_RS07240
M744_RS09065	21.0617	SYNPCC7942_RS07235
M744_RS09070	12.1725	SYNPCC7942_RS07230
M744_RS09075	131.8890	SYNPCC7942_RS07225
M744_RS09080	29.6878	SYNPCC7942_RS07220
M744_RS09085	682.6441	SYNPCC7942_RS07215
M744_RS09090	52.4976	SYNPCC7942_RS07210
M744_RS09095	5.6857	SYNPCC7942_RS07205
M744_RS09100	127.0266	SYNPCC7942_RS07200
M744_RS09105	70.2288	SYNPCC7942_RS07195
M744_RS09110	21.6557	SYNPCC7942_RS07190
M744_RS09115	14.8512	SYNPCC7942_RS07185
M744_RS09120	21.0099	SYNPCC7942_RS07180
M744_RS09125	38.8801	SYNPCC7942_RS07175
M744_RS09130	74.0523	SYNPCC7942_RS07170
M744_RS09135	290.9228	SYNPCC7942_RS07165
M744_RS09140	284.5241	SYNPCC7942_RS07160
M744_RS09145	460.5211	SYNPCC7942_RS07155
M744_RS09150	341.9608	SYNPCC7942_RS07150
M744_RS09155	3.6234	SYNPCC7942_RS07145
M744_RS09160	5.5083	SYNPCC7942_RS07140
M744_RS09165	83.5709	SYNPCC7942_RS07135
M744_RS09170	4.4744	SYNPCC7942_RS07130
M744_RS09175	7.8279	SYNPCC7942_RS07125
M744_RS09180	22.7409	SYNPCC7942_RS07120
M744_RS09185	39.9933	SYNPCC7942_RS07115
M744_RS09195	8.9478	SYNPCC7942_RS07105
M744_RS09200	25.7240	SYNPCC7942_RS07100
M744_RS09205	17.5554	SYNPCC7942_RS07095
M744_RS09210	15.8501	SYNPCC7942_RS07090
M744_RS09215	20.3213	SYNPCC7942_RS07085
M744_RS09220	566.1844	SYNPCC7942_RS07080
M744_RS09225	137.9064	SYNPCC7942_RS07075
M744_RS09230	47.2387	SYNPCC7942_RS07070
M744_RS09235	77.7837	SYNPCC7942_RS07065
M744_RS09240	111.9326	SYNPCC7942_RS07060
M744_RS09250	22.1263	SYNPCC7942_RS07050
M744_RS09255	368.0604	SYNPCC7942_RS07045
M744_RS09260	83.9076	SYNPCC7942_RS07040
M744_RS09265	30.8446	SYNPCC7942_RS07035
M744_RS09270	52.4762	SYNPCC7942_RS07030
M744_RS09275	594.9427	SYNPCC7942_RS07025
M744_RS09280	347.4458	SYNPCC7942_RS07020
M744_RS09285	18.5192	SYNPCC7942_RS07015
M744_RS09290	15.9946	SYNPCC7942_RS07010
M744_RS09295	16.1528	SYNPCC7942_RS07005
M744_RS09300	60.6221	SYNPCC7942_RS07000
M744_RS09305	18.9385	SYNPCC7942_RS06995
M744_RS09310	59.2043	SYNPCC7942_RS06990
M744_RS09315	17.6233	SYNPCC7942_RS06985
M744_RS09320	176.1355	SYNPCC7942_RS06975
M744_RS09330	29.2084	SYNPCC7942_RS06965
M744_RS09335	67.2794	SYNPCC7942_RS06960
M744_RS09340	58.3982	SYNPCC7942_RS06955
M744_RS09345	260.7913	SYNPCC7942_RS06950
M744_RS09350	32.2762	SYNPCC7942_RS06940
M744_RS09355	85.9012	SYNPCC7942_RS06935
M744_RS09360	8.9010	SYNPCC7942_RS06930
M744_RS09365	78.3483	SYNPCC7942_RS06925
M744_RS09370	24.1167	SYNPCC7942_RS06920
M744_RS09375	12.7737	SYNPCC7942_RS06915
M744_RS09380	390.2487	SYNPCC7942_RS06910
M744_RS09385	11.2768	SYNPCC7942_RS06905
M744_RS09390	2.6988	SYNPCC7942_RS06900
M744_RS09395	11.0026	SYNPCC7942_RS06895
M744_RS09400	10.5703	SYNPCC7942_RS06890
M744_RS09405	9.3748	SYNPCC7942_RS06885
M744_RS09410	162.3365	SYNPCC7942_RS06880
M744_RS09415	432.1921	SYNPCC7942_RS06875
M744_RS09420	425.9191	SYNPCC7942_RS06870
M744_RS09425	491.3323	SYNPCC7942_RS06865
M744_RS09430	43.7952	SYNPCC7942_RS06860
M744_RS09435	21.4281	SYNPCC7942_RS06855
M744_RS09440	63.0150	SYNPCC7942_RS06850
M744_RS09445	68.3103	SYNPCC7942_RS06845
M744_RS09450	436.9225	SYNPCC7942_RS06840
M744_RS09455	85.4376	SYNPCC7942_RS06835
M744_RS09460	10.9762	SYNPCC7942_RS06830
M744_RS09465	7.4995	SYNPCC7942_RS06825
M744_RS09470	14.9488	SYNPCC7942_RS06820
M744_RS09475	10.4893	SYNPCC7942_RS06815
M744_RS09480	19.2407	SYNPCC7942_RS06810
M744_RS09485	37.6907	SYNPCC7942_RS06805
M744_RS09490	45.7979	SYNPCC7942_RS06800
M744_RS09495	125.7433	SYNPCC7942_RS06795
M744_RS09500	4.2820	SYNPCC7942_RS06790
M744_RS09505	18.1759	SYNPCC7942_RS06785
M744_RS09510	209.4520	SYNPCC7942_RS06780
M744_RS09515	81.8153	SYNPCC7942_RS06775
M744_RS09520	184.4388	SYNPCC7942_RS06770
M744_RS09525	21.8522	SYNPCC7942_RS06765
M744_RS09530	1145.6098	SYNPCC7942_RS06760
M744_RS09535	37.3685	SYNPCC7942_RS06755
M744_RS09540	37.9496	SYNPCC7942_RS06750
M744_RS09545	14.4304	SYNPCC7942_RS06745
M744_RS09550	11.7284	SYNPCC7942_RS06740
M744_RS09555	6.1915	SYNPCC7942_RS06735
M744_RS09560	9.2559	SYNPCC7942_RS06730
M744_RS09565	107.9848	SYNPCC7942_RS06725
M744_RS09570	868.4856	SYNPCC7942_RS06720
M744_RS09575	388.5872	SYNPCC7942_RS06715
M744_RS09580	70.2195	SYNPCC7942_RS06710
M744_RS09585	38.8766	SYNPCC7942_RS06705
M744_RS09590	89.1865	SYNPCC7942_RS06700
M744_RS09595	20.6927	SYNPCC7942_RS06695
M744_RS09600	76.2091	SYNPCC7942_RS06690
M744_RS09605	38.1322	SYNPCC7942_RS06685
M744_RS09610	63.3685	SYNPCC7942_RS06680
M744_RS09615	52.9984	SYNPCC7942_RS06675
M744_RS09620	47.5585	SYNPCC7942_RS06670
M744_RS09625	46.7368	SYNPCC7942_RS06665
M744_RS09630	315.0644	SYNPCC7942_RS06660
M744_RS09635	7.6462	SYNPCC7942_RS06655
M744_RS09640	9.8798	SYNPCC7942_RS06650
M744_RS09645	41.7146	SYNPCC7942_RS06645
M744_RS09650	106.5332	SYNPCC7942_RS06640
M744_RS09655	387.3083	SYNPCC7942_RS06635
M744_RS09660	7.7958	SYNPCC7942_RS06630
M744_RS09665	55.3773	SYNPCC7942_RS06625
M744_RS09670	192.5900	SYNPCC7942_RS06620
M744_RS09675	616.2832	SYNPCC7942_RS06615
M744_RS09680	108.6702	SYNPCC7942_RS06610
M744_RS09685	6.5581	SYNPCC7942_RS06605
M744_RS09690	175.0156	SYNPCC7942_RS06600
M744_RS09695	2.7531	SYNPCC7942_RS06595
M744_RS09700	159.0418	SYNPCC7942_RS06590
M744_RS09705	24.7244	SYNPCC7942_RS06585
M744_RS09710	30.3537	SYNPCC7942_RS06580
M744_RS09715	17.6671	SYNPCC7942_RS06575
M744_RS09720	10.2037	SYNPCC7942_RS06570
M744_RS09725	19.6594	SYNPCC7942_RS06565
M744_RS09730	70.1840	SYNPCC7942_RS06560
M744_RS09735	27.5124	SYNPCC7942_RS06555
M744_RS09740	1.0370	SYNPCC7942_RS06550
M744_RS09745	697.7468	SYNPCC7942_RS06545
M744_RS09750	1552.7042	SYNPCC7942_RS06540
M744_RS09755	18.3143	SYNPCC7942_RS06535
M744_RS09760	65.5070	SYNPCC7942_RS06530
M744_RS09765	83.8929	SYNPCC7942_RS06525
M744_RS09770	30.2062	SYNPCC7942_RS06520
M744_RS09775	6.1904	SYNPCC7942_RS06515
M744_RS09780	107.1596	SYNPCC7942_RS06510
M744_RS09785	16.1178	SYNPCC7942_RS06505
M744_RS09790	51.9172	SYNPCC7942_RS06500
M744_RS09795	48.1459	SYNPCC7942_RS06495
M744_RS09800	66.6568	SYNPCC7942_RS06490
M744_RS09805	15.4249	SYNPCC7942_RS06485
M744_RS09810	15.8626	SYNPCC7942_RS06480
M744_RS09815	26.3990	SYNPCC7942_RS06475
M744_RS09820	32.0505	SYNPCC7942_RS06470
M744_RS09825	33.7368	SYNPCC7942_RS06465
M744_RS09830	63.1297	SYNPCC7942_RS06460
M744_RS09835	102.2299	SYNPCC7942_RS06455
M744_RS09840	347.5612	SYNPCC7942_RS06450
M744_RS09845	12.5105	SYNPCC7942_RS06445
M744_RS09850	110.4479	SYNPCC7942_RS06440
M744_RS09855	111.8788	SYNPCC7942_RS06435
M744_RS09860	118.1574	SYNPCC7942_RS06430
M744_RS09865	440.4536	SYNPCC7942_RS06425
M744_RS09875	27.6728	SYNPCC7942_RS06415
M744_RS09880	20.2358	SYNPCC7942_RS06410
M744_RS09885	3011.1781	SYNPCC7942_RS06405
M744_RS09890	189.8861	SYNPCC7942_RS06400
M744_RS09895	26.6785	SYNPCC7942_RS06395
M744_RS09905	131.9738	SYNPCC7942_RS06385
M744_RS09910	3.4417	SYNPCC7942_RS06380
M744_RS09915	38.9517	SYNPCC7942_RS06375
M744_RS09920	5.8099	SYNPCC7942_RS06370
M744_RS09925	15.3410	SYNPCC7942_RS06365
M744_RS09930	43.2212	SYNPCC7942_RS06360
M744_RS09935	1152.0277	SYNPCC7942_RS06355
M744_RS09940	1285.5094	SYNPCC7942_RS06350
M744_RS09945	437.2787	SYNPCC7942_RS06345
M744_RS09950	1169.5879	SYNPCC7942_RS06340
M744_RS09955	457.9422	SYNPCC7942_RS06335
M744_RS09960	116.3316	SYNPCC7942_RS06330
M744_RS09965	14.5220	SYNPCC7942_RS06325
M744_RS09970	11.5066	SYNPCC7942_RS06320
M744_RS09975	426.4544	SYNPCC7942_RS06315
M744_RS09980	1789.5840	SYNPCC7942_RS06310
M744_RS09985	52.7755	SYNPCC7942_RS06305
M744_RS09990	25.1992	SYNPCC7942_RS06300
M744_RS09995	10.5150	SYNPCC7942_RS06295
M744_RS10000	4.7104	SYNPCC7942_RS06290
M744_RS10010	72.2738	SYNPCC7942_RS06280
M744_RS10015	155.8869	SYNPCC7942_RS06275
M744_RS10020	97.8111	SYNPCC7942_RS06270
M744_RS10025	96.3612	SYNPCC7942_RS06265
M744_RS10030	23.8784	SYNPCC7942_RS06260
M744_RS10035	230.9563	SYNPCC7942_RS06255
M744_RS10040	555.9363	SYNPCC7942_RS06250
M744_RS10045	1393.2505	SYNPCC7942_RS06245
M744_RS10050	46.3459	SYNPCC7942_RS06240
M744_RS10055	72.9378	SYNPCC7942_RS06235
M744_RS10060	220.4267	SYNPCC7942_RS06230
M744_RS10065	29.1996	SYNPCC7942_RS06225
M744_RS10070	52.3175	SYNPCC7942_RS06220
M744_RS10075	3.5309	SYNPCC7942_RS06215
M744_RS10080	10.8944	SYNPCC7942_RS06210
M744_RS10085	8.0064	SYNPCC7942_RS06205
M744_RS10090	2.9380	SYNPCC7942_RS06200
M744_RS10095	1.8499	SYNPCC7942_RS06195
M744_RS10100	41.1497	SYNPCC7942_RS06190
M744_RS10105	15.8332	SYNPCC7942_RS06185
M744_RS10110	6.0055	SYNPCC7942_RS06180
M744_RS10115	0.4516	SYNPCC7942_RS06175
M744_RS10125	0.6758	SYNPCC7942_RS06165
M744_RS10130	0.3623	SYNPCC7942_RS06160
M744_RS10135	93.1696	SYNPCC7942_RS06155
M744_RS10140	134.5165	SYNPCC7942_RS06150
M744_RS10145	24.2260	SYNPCC7942_RS06145
M744_RS10150	24.1178	SYNPCC7942_RS06140
M744_RS10155	623.7097	SYNPCC7942_RS06135
M744_RS10160	279.4669	SYNPCC7942_RS06130
M744_RS10165	20.7293	SYNPCC7942_RS06125
M744_RS10170	125.1591	SYNPCC7942_RS06120
M744_RS10175	59.0654	SYNPCC7942_RS06115
M744_RS10180	111.7108	SYNPCC7942_RS06110
M744_RS10185	239.9702	SYNPCC7942_RS06105
M744_RS10190	35.7297	SYNPCC7942_RS06100
M744_RS10195	309.5611	SYNPCC7942_RS06095
M744_RS10200	40.5338	SYNPCC7942_RS06090
M744_RS10205	73.1214	SYNPCC7942_RS06085
M744_RS10210	30.7999	SYNPCC7942_RS06080
M744_RS10215	2.9762	SYNPCC7942_RS06075
M744_RS10220	4.3320	SYNPCC7942_RS06070
M744_RS10225	198.5691	SYNPCC7942_RS06065
M744_RS10230	91.8512	SYNPCC7942_RS06060
M744_RS10235	243.8932	SYNPCC7942_RS06055
M744_RS10240	468.2603	SYNPCC7942_RS06050
M744_RS10245	204.5746	SYNPCC7942_RS06045
M744_RS10250	236.8701	SYNPCC7942_RS06040
M744_RS10255	152.7809	SYNPCC7942_RS06035
M744_RS10260	1345.6799	SYNPCC7942_RS06030
M744_RS10265	1177.7559	SYNPCC7942_RS06025
M744_RS10270	337.5295	SYNPCC7942_RS06020
M744_RS10275	15.2358	SYNPCC7942_RS06015
M744_RS10280	12.8450	SYNPCC7942_RS06010
M744_RS10285	18.4754	SYNPCC7942_RS06005
M744_RS10290	18.0514	SYNPCC7942_RS06000
M744_RS10295	66.1341	SYNPCC7942_RS05995
M744_RS10300	21.8270	SYNPCC7942_RS05990
M744_RS10305	19.4021	SYNPCC7942_RS05985
M744_RS10310	14.7195	SYNPCC7942_RS05980
M744_RS10320	4.8846	SYNPCC7942_RS05970
M744_RS10330	6.5814	SYNPCC7942_RS05960
M744_RS10335	3.5202	SYNPCC7942_RS05955
M744_RS10340	2.4386	SYNPCC7942_RS05950
M744_RS10345	13.1959	SYNPCC7942_RS05945
M744_RS10355	24.7522	SYNPCC7942_RS05935
M744_RS10360	31.6534	SYNPCC7942_RS05930
M744_RS10365	7.9690	SYNPCC7942_RS05925
M744_RS10370	5.9152	SYNPCC7942_RS05920
M744_RS10375	81.2645	SYNPCC7942_RS05915
M744_RS10380	37.0654	SYNPCC7942_RS05910
M744_RS10390	62.1648	SYNPCC7942_RS05900
M744_RS10395	198.9818	SYNPCC7942_RS05895
M744_RS10405	56.4486	SYNPCC7942_RS05885
M744_RS10410	24.4676	SYNPCC7942_RS05880
M744_RS10415	2.5692	SYNPCC7942_RS05875
M744_RS10420	80.3222	SYNPCC7942_RS05870
M744_RS10425	168.4001	SYNPCC7942_RS05865
M744_RS10435	115.3558	SYNPCC7942_RS05855
M744_RS10440	54.0630	SYNPCC7942_RS05850
M744_RS10445	261.5264	SYNPCC7942_RS05845
M744_RS10450	10.9166	SYNPCC7942_RS05840
M744_RS10455	20.2550	SYNPCC7942_RS05835
M744_RS10460	200.1914	SYNPCC7942_RS05830
M744_RS10470	1032.4319	SYNPCC7942_RS05820
M744_RS10475	175.5739	SYNPCC7942_RS05815
M744_RS10480	1.7542	SYNPCC7942_RS05810
M744_RS10485	3.7562	SYNPCC7942_RS05805
M744_RS10490	7.9628	SYNPCC7942_RS05800
M744_RS10495	10.9687	SYNPCC7942_RS05795
M744_RS10500	37.4804	SYNPCC7942_RS05790
M744_RS10505	95.7423	SYNPCC7942_RS05785
M744_RS10510	23.8127	SYNPCC7942_RS05780
M744_RS10515	11.5341	SYNPCC7942_RS05775
M744_RS10520	147.8885	SYNPCC7942_RS05770
M744_RS10525	100.4219	SYNPCC7942_RS05765
M744_RS10530	145.6234	SYNPCC7942_RS05760
M744_RS10535	167.7577	SYNPCC7942_RS05755
M744_RS10540	682.5425	SYNPCC7942_RS05750
M744_RS10545	206.7925	SYNPCC7942_RS05745
M744_RS10550	34.0142	SYNPCC7942_RS05740
M744_RS10555	12.8389	SYNPCC7942_RS05735
M744_RS10565	12.8589	SYNPCC7942_RS05725
M744_RS10570	674.8908	SYNPCC7942_RS05720
M744_RS10575	28.0364	SYNPCC7942_RS05715
M744_RS10580	63.8179	SYNPCC7942_RS05710
M744_RS10585	32.5980	SYNPCC7942_RS05705
M744_RS10590	28.2660	SYNPCC7942_RS05700
M744_RS10595	23.0180	SYNPCC7942_RS05695
M744_RS10600	148.2645	SYNPCC7942_RS05690
M744_RS10605	15.4931	SYNPCC7942_RS05685
M744_RS10610	20.5391	SYNPCC7942_RS05680
M744_RS10615	33.5054	SYNPCC7942_RS05675
M744_RS10620	37.0353	SYNPCC7942_RS05670
M744_RS10625	139.8165	SYNPCC7942_RS05665
M744_RS10630	63.7961	SYNPCC7942_RS05660
M744_RS10635	12.8472	SYNPCC7942_RS05655
M744_RS10640	28.7595	SYNPCC7942_RS05650
M744_RS10645	1040.0928	SYNPCC7942_RS05645
M744_RS10650	77.9154	SYNPCC7942_RS05640
M744_RS10655	22.3529	SYNPCC7942_RS05635
M744_RS10660	18.9326	SYNPCC7942_RS05630
M744_RS10665	595.2653	SYNPCC7942_RS05625
M744_RS10670	17.2802	SYNPCC7942_RS05620
M744_RS10675	6.1362	SYNPCC7942_RS05615
M744_RS10680	17.4330	SYNPCC7942_RS05610
M744_RS10685	14.1966	SYNPCC7942_RS05605
M744_RS10690	11.8548	SYNPCC7942_RS05600
M744_RS10695	69.4467	SYNPCC7942_RS05595
M744_RS10700	950.4093	SYNPCC7942_RS05590
M744_RS10705	3607.6323	SYNPCC7942_RS05585
M744_RS10710	136.2545	SYNPCC7942_RS05580
M744_RS10715	473.8078	SYNPCC7942_RS05575
M744_RS10720	195.6458	SYNPCC7942_RS05570
M744_RS10725	4.9196	SYNPCC7942_RS05565
M744_RS10735	119.1580	SYNPCC7942_RS05555
M744_RS10740	96.8415	SYNPCC7942_RS05550
M744_RS10745	69.2228	SYNPCC7942_RS05545
M744_RS10755	38.6278	SYNPCC7942_RS05535
M744_RS10760	64.1519	SYNPCC7942_RS05530
M744_RS10765	6.9958	SYNPCC7942_RS05525
M744_RS10770	9.8977	SYNPCC7942_RS05520
M744_RS10775	3.9686	SYNPCC7942_RS05515
M744_RS10780	3.9739	SYNPCC7942_RS05510
M744_RS10785	20.9247	SYNPCC7942_RS05505
M744_RS10790	18.9588	SYNPCC7942_RS05500
M744_RS10795	79.0604	SYNPCC7942_RS05495
M744_RS10800	19.0961	SYNPCC7942_RS05490
M744_RS10805	25.9728	SYNPCC7942_RS05485
M744_RS10810	505.8414	SYNPCC7942_RS05480
M744_RS10815	5.3765	SYNPCC7942_RS05475
M744_RS10825	99.2868	SYNPCC7942_RS05465
M744_RS10830	40.7818	SYNPCC7942_RS05460
M744_RS10835	13.3447	SYNPCC7942_RS05455
M744_RS10840	45.0868	SYNPCC7942_RS05450
M744_RS10845	13.0249	SYNPCC7942_RS05445
M744_RS10850	2.8466	SYNPCC7942_RS05440
M744_RS10855	34.4177	SYNPCC7942_RS05435
M744_RS10860	983.0462	SYNPCC7942_RS05430
M744_RS10865	7.7184	SYNPCC7942_RS05425
M744_RS10870	115.1375	SYNPCC7942_RS05420
M744_RS10875	131.6500	SYNPCC7942_RS05415
M744_RS10880	8.9849	SYNPCC7942_RS05410
M744_RS10885	20.3456	SYNPCC7942_RS05405
M744_RS10900	1162.0852	SYNPCC7942_RS05390
M744_RS10905	3137.8897	SYNPCC7942_RS05385
M744_RS10910	2282.6881	SYNPCC7942_RS05380
M744_RS10925	17.5896	SYNPCC7942_RS05365
M744_RS10930	37.1178	SYNPCC7942_RS05360
M744_RS10935	46.1231	SYNPCC7942_RS05355
M744_RS10940	10.3587	SYNPCC7942_RS05350
M744_RS10945	4.7836	SYNPCC7942_RS05345
M744_RS10950	7.4538	SYNPCC7942_RS05340
M744_RS10955	13.8906	SYNPCC7942_RS05335
M744_RS10960	16.2081	SYNPCC7942_RS05330
M744_RS10965	92.4177	SYNPCC7942_RS05325
M744_RS10970	270.1444	SYNPCC7942_RS05320
M744_RS10975	45.2899	SYNPCC7942_RS05315
M744_RS10980	49.2972	SYNPCC7942_RS05310
M744_RS10985	108.5883	SYNPCC7942_RS05305
M744_RS10990	315.7204	SYNPCC7942_RS05300
M744_RS11000	208.4685	SYNPCC7942_RS05290
M744_RS11005	240.1187	SYNPCC7942_RS05285
M744_RS11015	2.2983	SYNPCC7942_RS05275
M744_RS11020	59.0373	SYNPCC7942_RS05270
M744_RS11025	4.5573	SYNPCC7942_RS05265
M744_RS11030	40.6148	SYNPCC7942_RS05260
M744_RS11035	20.4966	SYNPCC7942_RS05255
M744_RS11040	15.9022	SYNPCC7942_RS05250
M744_RS11045	14.5282	SYNPCC7942_RS05245
M744_RS11050	66.7618	SYNPCC7942_RS05240
M744_RS11055	6.7556	SYNPCC7942_RS05235
M744_RS11060	23.3718	SYNPCC7942_RS05230
M744_RS11070	44.2839	SYNPCC7942_RS05220
M744_RS11075	403.5999	SYNPCC7942_RS05215
M744_RS11080	707.6920	SYNPCC7942_RS05210
M744_RS11085	10.6627	SYNPCC7942_RS05205
M744_RS11090	10.0516	SYNPCC7942_RS05195
M744_RS11095	8.8107	SYNPCC7942_RS05190
M744_RS11100	35.4617	SYNPCC7942_RS05185
M744_RS11105	7.7427	SYNPCC7942_RS05180
M744_RS11110	7.3464	SYNPCC7942_RS05175
M744_RS11115	121.2085	SYNPCC7942_RS05170
M744_RS11125	30.3978	SYNPCC7942_RS05160
M744_RS11130	5.9460	SYNPCC7942_RS05155
M744_RS11135	1.5757	SYNPCC7942_RS05150
M744_RS11145	5636.5793	SYNPCC7942_RS05140
M744_RS11150	148.1539	SYNPCC7942_RS05135
M744_RS11155	17.0667	SYNPCC7942_RS05130
M744_RS11160	13.8663	SYNPCC7942_RS13725
M744_RS11165	194.6217	SYNPCC7942_RS05125
M744_RS11170	148.1780	SYNPCC7942_RS05120
M744_RS11175	40.0211	SYNPCC7942_RS05115
M744_RS11180	10.9230	SYNPCC7942_RS05110
M744_RS11185	23.4623	SYNPCC7942_RS05105
M744_RS11190	121.1989	SYNPCC7942_RS05100
M744_RS11195	38.2126	SYNPCC7942_RS05095
M744_RS11200	54.0562	SYNPCC7942_RS05090
M744_RS11205	5.4807	SYNPCC7942_RS13875
M744_RS11210	66.4932	SYNPCC7942_RS05080
M744_RS11215	22.2756	SYNPCC7942_RS05075
M744_RS11220	51.9015	SYNPCC7942_RS05070
M744_RS11225	103.6803	SYNPCC7942_RS05065
M744_RS11230	99.6224	SYNPCC7942_RS05060
M744_RS11235	21.7006	SYNPCC7942_RS05055
M744_RS11240	72.5068	SYNPCC7942_RS05050
M744_RS11245	79.8358	SYNPCC7942_RS05045
M744_RS11250	90.9256	SYNPCC7942_RS05040
M744_RS11260	17.2740	SYNPCC7942_RS05030
M744_RS11265	3.7965	SYNPCC7942_RS05025
M744_RS11270	2949.1620	SYNPCC7942_RS05020
M744_RS11275	2988.5340	SYNPCC7942_RS05015
M744_RS11280	35.5496	SYNPCC7942_RS05010
M744_RS11285	3.9090	SYNPCC7942_RS05005
M744_RS11295	39.4615	SYNPCC7942_RS04995
M744_RS11300	440.9842	SYNPCC7942_RS04990
M744_RS11305	9.3630	SYNPCC7942_RS04985
M744_RS11310	29.2632	SYNPCC7942_RS04980
M744_RS11315	9.4737	SYNPCC7942_RS04975
M744_RS11320	303.7429	SYNPCC7942_RS04970
M744_RS11325	9.6415	SYNPCC7942_RS04965
M744_RS11330	57.7710	SYNPCC7942_RS04960
M744_RS11335	98.7553	SYNPCC7942_RS04955
M744_RS11340	38.2861	SYNPCC7942_RS04945
M744_RS11345	39.0444	SYNPCC7942_RS04940
M744_RS11350	27.9678	SYNPCC7942_RS04935
M744_RS11355	40.4692	SYNPCC7942_RS04930
M744_RS11360	9.9135	SYNPCC7942_RS04925
M744_RS11365	61.5322	SYNPCC7942_RS04920
M744_RS11370	314.2001	SYNPCC7942_RS04915
M744_RS11375	32.0392	SYNPCC7942_RS04910
M744_RS11380	23.4493	SYNPCC7942_RS04905
M744_RS11385	4.8154	SYNPCC7942_RS04900
M744_RS11390	38.6781	SYNPCC7942_RS04895
M744_RS11395	60.5543	SYNPCC7942_RS04890
M744_RS11400	28.7272	SYNPCC7942_RS04885
M744_RS11405	16.8689	SYNPCC7942_RS04880
M744_RS11410	18.1686	SYNPCC7942_RS04875
M744_RS11415	22.9383	SYNPCC7942_RS04870
M744_RS11420	43.7593	SYNPCC7942_RS04865
M744_RS11425	25.8996	SYNPCC7942_RS04860
M744_RS11430	28.4442	SYNPCC7942_RS04855
M744_RS11435	230.6997	SYNPCC7942_RS04850
M744_RS11440	1035.8477	SYNPCC7942_RS04845
M744_RS11445	159.0042	SYNPCC7942_RS04840
M744_RS11450	35.2896	SYNPCC7942_RS04835
M744_RS11455	19.5940	SYNPCC7942_RS04830
M744_RS11460	1.2187	SYNPCC7942_RS04825
M744_RS11465	6.3254	SYNPCC7942_RS04820
M744_RS11470	4.4341	SYNPCC7942_RS04815
M744_RS11475	2.7902	SYNPCC7942_RS04810
M744_RS11480	21.1499	SYNPCC7942_RS04805
M744_RS11485	6.8841	SYNPCC7942_RS04800
M744_RS11490	80.1822	SYNPCC7942_RS04795
M744_RS11495	43.7973	SYNPCC7942_RS04790
M744_RS11500	11.8144	SYNPCC7942_RS04785
M744_RS11505	159.9877	SYNPCC7942_RS04780
M744_RS11510	916.8774	SYNPCC7942_RS04775
M744_RS11515	90.6830	SYNPCC7942_RS04770
M744_RS11520	70.4790	SYNPCC7942_RS04765
M744_RS11525	74.8452	SYNPCC7942_RS04760
M744_RS11530	191.6024	SYNPCC7942_RS04755
M744_RS11535	88.1349	SYNPCC7942_RS04750
M744_RS11540	19.7823	SYNPCC7942_RS04745
M744_RS11545	5.9970	SYNPCC7942_RS04740
M744_RS11550	690.5883	SYNPCC7942_RS04735
M744_RS11555	57.9148	SYNPCC7942_RS04730
M744_RS11565	77.2944	SYNPCC7942_RS04720
M744_RS11580	30.7206	SYNPCC7942_RS04705
M744_RS11585	8.8382	SYNPCC7942_RS04700
M744_RS11590	4.6072	SYNPCC7942_RS04695
M744_RS11595	35.7035	SYNPCC7942_RS04690
M744_RS11600	4.3256	SYNPCC7942_RS04685
M744_RS11605	95.7599	SYNPCC7942_RS04680
M744_RS11610	153.4556	SYNPCC7942_RS04675
M744_RS11615	45.1777	SYNPCC7942_RS04670
M744_RS11625	107.0088	SYNPCC7942_RS13975
M744_RS11630	143.7384	SYNPCC7942_RS04660
M744_RS11635	1352.2451	SYNPCC7942_RS04655
M744_RS11640	19.8515	SYNPCC7942_RS04650
M744_RS11645	27.2717	SYNPCC7942_RS04645
M744_RS11650	375.6074	SYNPCC7942_RS04640
M744_RS11655	13.3827	SYNPCC7942_RS04635
M744_RS11665	15.1316	SYNPCC7942_RS04625
M744_RS11670	45.3217	SYNPCC7942_RS04620
M744_RS11675	155.6393	SYNPCC7942_RS04615
M744_RS11680	29.2806	SYNPCC7942_RS04610
M744_RS11685	11.6020	SYNPCC7942_RS04605
M744_RS11695	8.7543	SYNPCC7942_RS04595
M744_RS11700	63.8022	SYNPCC7942_RS04590
M744_RS11710	118.7910	SYNPCC7942_RS04580
M744_RS11715	7.3996	SYNPCC7942_RS04575
M744_RS11720	1398.9420	SYNPCC7942_RS04570
M744_RS11725	1579.2566	SYNPCC7942_RS04565
M744_RS11730	7433.9110	SYNPCC7942_RS04560
M744_RS11735	12075.1760	SYNPCC7942_RS04555
M744_RS11740	1921.7024	SYNPCC7942_RS04550
M744_RS11745	48.5643	SYNPCC7942_RS04545
M744_RS11750	12.1065	SYNPCC7942_RS04540
M744_RS11755	5.2702	SYNPCC7942_RS04535
M744_RS11760	13.7557	SYNPCC7942_RS04530
M744_RS11765	323.7069	SYNPCC7942_RS04525
M744_RS11770	155.7122	SYNPCC7942_RS04520
M744_RS11775	323.3110	SYNPCC7942_RS04515
M744_RS11780	19.2832	SYNPCC7942_RS04510
M744_RS11785	60.9724	SYNPCC7942_RS04505
M744_RS11790	21.3720	SYNPCC7942_RS04500
M744_RS11795	12.6540	SYNPCC7942_RS04495
M744_RS11800	20.6179	SYNPCC7942_RS04490
M744_RS11805	7.0639	SYNPCC7942_RS04485
M744_RS11810	8.7639	SYNPCC7942_RS04480
M744_RS11815	73.7881	SYNPCC7942_RS04475
M744_RS11820	1.6204	SYNPCC7942_RS04470
M744_RS11825	46.2618	SYNPCC7942_RS04465
M744_RS11830	51.3235	SYNPCC7942_RS04460
M744_RS11835	96.7192	SYNPCC7942_RS04455
M744_RS11840	222.5857	SYNPCC7942_RS04450
M744_RS11845	36.1075	SYNPCC7942_RS04445
M744_RS11850	295.2589	SYNPCC7942_RS04440
M744_RS11855	75.7419	SYNPCC7942_RS04435
M744_RS11860	299.1446	SYNPCC7942_RS04430
M744_RS11865	872.3175	SYNPCC7942_RS04425
M744_RS11870	124.6519	SYNPCC7942_RS04420
M744_RS11875	47.0331	SYNPCC7942_RS04415
M744_RS11880	390.3663	SYNPCC7942_RS04410
M744_RS11885	164.2204	SYNPCC7942_RS04405
M744_RS11890	239.3233	SYNPCC7942_RS04400
M744_RS11895	94.4293	SYNPCC7942_RS04395
M744_RS11900	118.6884	SYNPCC7942_RS04390
M744_RS11910	161.3337	SYNPCC7942_RS04380
M744_RS11915	194.0749	SYNPCC7942_RS04375
M744_RS11920	39.7448	SYNPCC7942_RS04370
M744_RS11925	52.3063	SYNPCC7942_RS04365
M744_RS11930	246.6271	SYNPCC7942_RS04360
M744_RS11935	187.9142	SYNPCC7942_RS04355
M744_RS11940	53.6629	SYNPCC7942_RS04350
M744_RS11945	12.9367	SYNPCC7942_RS04345
M744_RS11950	12.0568	SYNPCC7942_RS04340
M744_RS11955	7.6705	SYNPCC7942_RS04335
M744_RS11960	11.9282	SYNPCC7942_RS04330
M744_RS11965	3.3471	SYNPCC7942_RS04325
M744_RS11970	49.7317	SYNPCC7942_RS04320
M744_RS11975	68.7527	SYNPCC7942_RS04315
M744_RS11980	137.6915	SYNPCC7942_RS04310
M744_RS11990	0.1806	SYNPCC7942_RS04300
M744_RS11995	6.1277	SYNPCC7942_RS04295
M744_RS12000	104.6570	SYNPCC7942_RS04290
M744_RS12005	19.5688	SYNPCC7942_RS04285
M744_RS12010	19.7305	SYNPCC7942_RS04280
M744_RS12015	114.6872	SYNPCC7942_RS04275
M744_RS12020	27.9130	SYNPCC7942_RS04270
M744_RS12025	8.4770	SYNPCC7942_RS04265
M744_RS12030	74.1563	SYNPCC7942_RS04260
M744_RS12035	19.8948	SYNPCC7942_RS04255
M744_RS12040	30.5004	SYNPCC7942_RS04250
M744_RS12045	48.4497	SYNPCC7942_RS04245
M744_RS12050	50.8097	SYNPCC7942_RS04240
M744_RS12055	55.4166	SYNPCC7942_RS04235
M744_RS12060	35.7620	SYNPCC7942_RS04230
M744_RS12065	13.5029	SYNPCC7942_RS04225
M744_RS12070	69.2068	SYNPCC7942_RS04220
M744_RS12075	15.6649	SYNPCC7942_RS04215
M744_RS12080	13.8821	SYNPCC7942_RS04210
M744_RS12085	103.3629	SYNPCC7942_RS04205
M744_RS12090	87.5705	SYNPCC7942_RS04200
M744_RS12095	68.5446	SYNPCC7942_RS04195
M744_RS12100	3.8401	SYNPCC7942_RS04190
M744_RS12105	96.0533	SYNPCC7942_RS04185
M744_RS12110	112.4456	SYNPCC7942_RS04180
M744_RS12115	15.4909	SYNPCC7942_RS04175
M744_RS12120	17.0792	SYNPCC7942_RS04170
M744_RS12125	149.9998	SYNPCC7942_RS04165
M744_RS12130	62.1465	SYNPCC7942_RS04160
M744_RS12135	25.7064	SYNPCC7942_RS04155
M744_RS12140	9.8381	SYNPCC7942_RS04150
M744_RS12145	1938.5766	SYNPCC7942_RS04145
M744_RS12150	48.0419	SYNPCC7942_RS04140
M744_RS12155	96.4563	SYNPCC7942_RS04135
M744_RS12160	36.5115	SYNPCC7942_RS04130
M744_RS12165	128.3731	SYNPCC7942_RS04125
M744_RS12170	16.6790	SYNPCC7942_RS04120
M744_RS12175	9.6393	SYNPCC7942_RS04115
M744_RS12180	973.6257	SYNPCC7942_RS04110
M744_RS12185	34.4417	SYNPCC7942_RS04105
M744_RS12190	56.6992	SYNPCC7942_RS04100
M744_RS12195	20.9204	SYNPCC7942_RS04095
M744_RS12200	1031.2177	SYNPCC7942_RS04090
M744_RS12205	14.2637	SYNPCC7942_RS04085
M744_RS12210	197.1294	SYNPCC7942_RS04080
M744_RS12215	37.0521	SYNPCC7942_RS04075
M744_RS12220	8.4949	SYNPCC7942_RS04070
M744_RS12225	5.2873	SYNPCC7942_RS04065
M744_RS12230	24.0604	SYNPCC7942_RS04060
M744_RS12235	143.7318	SYNPCC7942_RS04055
M744_RS12240	438.2106	SYNPCC7942_RS04050
M744_RS12245	27.0972	SYNPCC7942_RS04045
M744_RS12250	157.8062	SYNPCC7942_RS04040
M744_RS12255	9.6000	SYNPCC7942_RS04035
M744_RS12260	69.6445	SYNPCC7942_RS04030
M744_RS12265	117.9109	SYNPCC7942_RS04025
M744_RS12270	19.4732	SYNPCC7942_RS04020
M744_RS12275	48.0806	SYNPCC7942_RS04015
M744_RS12280	88.3090	SYNPCC7942_RS04010
M744_RS12290	2.0252	SYNPCC7942_RS13700
M744_RS12295	3.5670	SYNPCC7942_RS03970
M744_RS12300	0.2242	SYNPCC7942_RS03965
M744_RS12310	6.6805	SYNPCC7942_RS03955
M744_RS12315	155.4579	SYNPCC7942_RS03950
M744_RS12325	25.5661	SYNPCC7942_RS03940
M744_RS12330	11.6701	SYNPCC7942_RS03935
M744_RS12335	138.9000	SYNPCC7942_RS03930
M744_RS12340	13.9462	SYNPCC7942_RS03925
M744_RS12345	0.7693	SYNPCC7942_RS03920
M744_RS12350	0.0457	SYNPCC7942_RS03915
M744_RS12355	1.7150	SYNPCC7942_RS03910
M744_RS12365	2.9783	SYNPCC7942_RS03900
M744_RS12370	0.1806	SYNPCC7942_RS03895
M744_RS12375	1.4440	SYNPCC7942_RS03890
M744_RS12380	12.1089	SYNPCC7942_RS03885
M744_RS12385	0.3623	SYNPCC7942_RS03880
M744_RS12390	2.8434	SYNPCC7942_RS03875
M744_RS12395	10.9612	SYNPCC7942_RS03870
M744_RS12405	16.6405	SYNPCC7942_RS03860
M744_RS12410	31.6288	SYNPCC7942_RS03855
M744_RS12415	203.4249	SYNPCC7942_RS03850
M744_RS12420	5.3787	SYNPCC7942_RS03845
M744_RS12425	1.4886	SYNPCC7942_RS03840
M744_RS12430	0.6354	SYNPCC7942_RS03835
M744_RS12440	7.9829	SYNPCC7942_RS03825
M744_RS12450	7.0308	SYNPCC7942_RS03815
M744_RS12455	2.4396	SYNPCC7942_RS03810
M744_RS12460	3.7922	SYNPCC7942_RS03805
M744_RS12465	2.0719	SYNPCC7942_RS03800
M744_RS12470	31.3603	SYNPCC7942_RS03795
M744_RS12475	6.3775	SYNPCC7942_RS03790
M744_RS12480	2.7127	SYNPCC7942_RS03785
M744_RS12485	4.0611	SYNPCC7942_RS03780
M744_RS12490	2.2622	SYNPCC7942_RS03775
M744_RS12495	8.5419	SYNPCC7942_RS03770
M744_RS12500	21.2544	SYNPCC7942_RS03765
M744_RS12505	7.5463	SYNPCC7942_RS03760
M744_RS12510	0.1371	SYNPCC7942_RS03755
M744_RS12515	1.9838	SYNPCC7942_RS03750
M744_RS12520	16.8713	SYNPCC7942_RS03745
M744_RS12530	2.7531	SYNPCC7942_RS03730
M744_RS12535	0.8118	SYNPCC7942_RS03725
M744_RS12540	0.1349	SYNPCC7942_RS03720
M744_RS12550	0.0914	SYNPCC7942_RS03710
M744_RS12555	0.9021	SYNPCC7942_RS03705
M744_RS12560	1.3537	SYNPCC7942_RS03700
M744_RS12565	0.4973	SYNPCC7942_RS03695
M744_RS12575	0.3177	SYNPCC7942_RS03685
M744_RS12580	8.0775	SYNPCC7942_RS03680
M744_RS12590	232.2720	SYNPCC7942_RS03670
M744_RS12600	49.7459	SYNPCC7942_RS03660
M744_RS12605	167.4234	SYNPCC7942_RS03655
M744_RS12610	1434.1635	SYNPCC7942_RS03650
M744_RS12615	405.2700	SYNPCC7942_RS03645
M744_RS12620	85.2314	SYNPCC7942_RS03640
M744_RS12625	11.8484	SYNPCC7942_RS03635
M744_RS12630	241.5550	SYNPCC7942_RS03630
M744_RS12635	11.6434	SYNPCC7942_RS03625
M744_RS12640	13.7375	SYNPCC7942_RS03620
M744_RS12645	34.7904	SYNPCC7942_RS03615
M744_RS12650	12.4595	SYNPCC7942_RS03610
M744_RS12655	41.2494	SYNPCC7942_RS03605
M744_RS12660	4.2724	SYNPCC7942_RS03600
M744_RS12665	7.1414	SYNPCC7942_RS03595
M744_RS12670	1503.5749	SYNPCC7942_RS03590
M744_RS12675	104.2740	SYNPCC7942_RS03585
M744_RS12685	17770.1097	SYNPCC7942_RS03575
M744_RS12690	1066.9783	SYNPCC7942_RS03570
M744_RS12695	144.1348	SYNPCC7942_RS03565
M744_RS12700	1048.9416	SYNPCC7942_RS03560
M744_RS12705	6.2615	SYNPCC7942_RS03555
M744_RS12710	4.2353	SYNPCC7942_RS03550
M744_RS12715	1.0849	SYNPCC7942_RS13620
M744_RS12720	23.1791	SYNPCC7942_RS03540
M744_RS12725	11.5603	SYNPCC7942_RS03535
M744_RS12730	2.9422	SYNPCC7942_RS03530
M744_RS12735	171.0855	SYNPCC7942_RS03525
M744_RS12740	139.0716	SYNPCC7942_RS03520
M744_RS12745	152.9166	SYNPCC7942_RS03515
M744_RS12750	1099.9377	SYNPCC7942_RS03510
M744_RS12755	43.4697	SYNPCC7942_RS03505
M744_RS12760	24.4534	SYNPCC7942_RS03500
M744_RS12765	148.8639	SYNPCC7942_RS03495
M744_RS12770	21.7664	SYNPCC7942_RS03490
M744_RS12775	85.4228	SYNPCC7942_RS03485
M744_RS12780	450.1766	SYNPCC7942_RS03480
M744_RS12790	49.7742	SYNPCC7942_RS03470
M744_RS12800	68.1274	SYNPCC7942_RS03465
M744_RS12805	27.9651	SYNPCC7942_RS03460
M744_RS12810	76.0260	SYNPCC7942_RS03455
M744_RS12815	945.8380	SYNPCC7942_RS03450
M744_RS12820	23.0233	SYNPCC7942_RS03445
M744_RS12825	88.5720	SYNPCC7942_RS03440
M744_RS12830	10.4874	SYNPCC7942_RS03435
M744_RS12835	26.7229	SYNPCC7942_RS03430
M744_RS12840	5.3137	SYNPCC7942_RS03425
M744_RS12850	118.0855	SYNPCC7942_RS03415
M744_RS12855	8.6397	SYNPCC7942_RS03410
M744_RS12860	27.2001	SYNPCC7942_RS03405
M744_RS12865	25.2973	SYNPCC7942_RS03400
M744_RS12870	20.0215	SYNPCC7942_RS03395
M744_RS12875	171.6658	SYNPCC7942_RS03390
M744_RS12880	32.6594	SYNPCC7942_RS03385
M744_RS12885	17.5778	SYNPCC7942_RS03380
M744_RS12890	23.0180	SYNPCC7942_RS03375
M744_RS12895	165.2400	SYNPCC7942_RS03370
M744_RS12900	908.0051	SYNPCC7942_RS03365
M744_RS12905	15049.7914	SYNPCC7942_RS03360
M744_RS12920	283.4113	SYNPCC7942_RS03345
M744_RS12925	79.4235	SYNPCC7942_RS03340
M744_RS12930	53.2998	SYNPCC7942_RS03335
M744_RS12935	6.4368	SYNPCC7942_RS03330
M744_RS12940	1131.3420	SYNPCC7942_RS03325
M744_RS12945	13.5518	SYNPCC7942_RS13685
M744_RS12950	34.4874	SYNPCC7942_RS03320
M744_RS12955	20.1016	SYNPCC7942_RS03315
M744_RS12960	1517.1932	SYNPCC7942_RS03310
M744_RS12965	226.9760	SYNPCC7942_RS03305
M744_RS12970	15.7440	SYNPCC7942_RS03300
M744_RS12975	75.6078	SYNPCC7942_RS03295
M744_RS12980	64.3230	SYNPCC7942_RS03290
M744_RS12985	104.7379	SYNPCC7942_RS03285
M744_RS12990	717.2166	SYNPCC7942_RS03280
M744_RS12995	146.2871	SYNPCC7942_RS03275
M744_RS13000	442.7760	SYNPCC7942_RS03270
M744_RS13005	1053.2704	SYNPCC7942_RS03265
M744_RS13010	2441.6661	SYNPCC7942_RS03260
M744_RS13015	1296.0248	SYNPCC7942_RS03255
M744_RS13020	4310.7575	SYNPCC7942_RS03250
M744_RS13025	5159.2913	SYNPCC7942_RS03245
M744_RS13030	2694.8887	SYNPCC7942_RS03240
M744_RS13035	116.8484	SYNPCC7942_RS03235
M744_RS13040	3.5659	SYNPCC7942_RS03230
M744_RS13045	34.4591	SYNPCC7942_RS03225
M744_RS13050	12.7334	SYNPCC7942_RS03220
M744_RS13060	485.4603	SYNPCC7942_RS03210
M744_RS13065	139.6253	SYNPCC7942_RS03205
M744_RS13070	43.3884	SYNPCC7942_RS03200
M744_RS13075	203.6957	SYNPCC7942_RS03195
M744_RS13080	352.9107	SYNPCC7942_RS03190
M744_RS13085	118.1085	SYNPCC7942_RS03185
M744_RS13090	110.4898	SYNPCC7942_RS03180
M744_RS13095	134.5050	SYNPCC7942_RS03175
M744_RS13100	596.3309	SYNPCC7942_RS03170
M744_RS13105	8.9360	SYNPCC7942_RS03165
M744_RS13110	11.7209	SYNPCC7942_RS03160
M744_RS13115	13.5740	SYNPCC7942_RS03155
M744_RS13120	151.9306	SYNPCC7942_RS03150
M744_RS13125	13.4583	SYNPCC7942_RS03145
M744_RS13130	131.6962	SYNPCC7942_RS03140
M744_RS13140	92.2440	SYNPCC7942_RS03130
M744_RS13145	214.3201	SYNPCC7942_RS03125
M744_RS13150	52.6085	SYNPCC7942_RS03120
M744_RS13160	10.2494	SYNPCC7942_RS03110
M744_RS13165	22.8160	SYNPCC7942_RS03105
M744_RS13170	438.9209	SYNPCC7942_RS03100
M744_RS13175	970.9285	SYNPCC7942_RS03095
M744_RS13180	79.9593	SYNPCC7942_RS03090
M744_RS13185	70.0939	SYNPCC7942_RS03080
M744_RS13190	29.4489	SYNPCC7942_RS03075
M744_RS13200	656.8056	SYNPCC7942_RS03065
M744_RS13205	27.8916	SYNPCC7942_RS03060
M744_RS13210	23.0241	SYNPCC7942_RS03055
M744_RS13215	160.1772	SYNPCC7942_RS03050
M744_RS13220	60.7335	SYNPCC7942_RS03045
M744_RS13230	45.2616	SYNPCC7942_RS03035
M744_RS13235	6.7185	SYNPCC7942_RS03030
M744_RS13240	11.7677	SYNPCC7942_RS03025
M744_RS13245	25.8223	SYNPCC7942_RS03020
M744_RS13250	71.5137	SYNPCC7942_RS03015
M744_RS13255	227.4363	SYNPCC7942_RS03010
M744_RS13290	22.8184	SYNPCC7942_RS13490
M744_RS13295	39.6461	SYNPCC7942_RS13485
M744_RS13300	19.5255	SYNPCC7942_RS13480
M744_RS13315	15.9278	SYNPCC7942_RS13465
M744_RS13320	10.2568	SYNPCC7942_RS13455
M744_RS13325	3.1122	SYNPCC7942_RS13450
M744_RS13330	0.9935	SYNPCC7942_RS13445
M744_RS13335	2.3036	SYNPCC7942_RS13440
M744_RS13340	0.7693	SYNPCC7942_RS13435
M744_RS13345	2.4003	SYNPCC7942_RS13430
M744_RS13350	2.3079	SYNPCC7942_RS13425
M744_RS13355	2.0412	SYNPCC7942_RS13420
M744_RS13360	0.7661	SYNPCC7942_RS13415
M744_RS13365	0.8596	SYNPCC7942_RS13410
M744_RS13370	1.3908	SYNPCC7942_RS13405
M744_RS13375	0.9913	SYNPCC7942_RS13400
M744_RS13380	0.7704	SYNPCC7942_RS13395
M744_RS13385	1.7671	SYNPCC7942_RS13390
M744_RS13395	2.3015	SYNPCC7942_RS13380
M744_RS13400	1.0806	SYNPCC7942_RS13375
M744_RS13405	2.3068	SYNPCC7942_RS13370
M744_RS13410	3.7954	SYNPCC7942_RS13365
M744_RS13415	0.6736	SYNPCC7942_RS13360
M744_RS13420	2.5278	SYNPCC7942_RS13355
M744_RS13425	8.3591	SYNPCC7942_RS13350
M744_RS13430	7.3953	SYNPCC7942_RS13345
M744_RS13440	21.4615	SYNPCC7942_RS13335
M744_RS13445	10.6798	SYNPCC7942_RS13330
M744_RS13450	12.4544	SYNPCC7942_RS13595
M744_RS13455	9.7403	SYNPCC7942_RS13590
M744_RS13470	1.0806	SYNPCC7942_RS13575
M744_RS13475	14.3499	SYNPCC7942_RS13570
M744_RS13480	95.9902	SYNPCC7942_RS13565
M744_RS13485	1017.5778	SYNPCC7942_RS13560
M744_RS13490	7027.8385	SYNPCC7942_RS13555
M744_RS13495	5.4658	SYNPCC7942_RS13550
M744_RS13500	2.1719	SYNPCC7942_RS13545
M744_RS13505	3.0750	SYNPCC7942_RS13540
M744_RS13510	1.3080	SYNPCC7942_RS13535
M744_RS13520	3.2950	SYNPCC7942_RS13525
M744_RS13525	0.3166	SYNPCC7942_RS13520
M744_RS13540	144.9504	SYNPCC7942_RS13505
M744_RS13545	10.3164	SYNPCC7942_RS13500
M744_RS13550	4.9292	SYNPCC7942_RS13495
M744_RS13590	13.2499	SYNPCC7942_RS13610
M744_RS13595	1.9423	SYNPCC7942_RS13630
M744_RS13600	3.9697	SYNPCC7942_RS13625
M744_RS13605	77.2805	SYNPCC7942_RS13615
M744_RS13615	14.7259	SYNPCC7942_RS13640
M744_RS13625	321.0941	SYNPCC7942_RS13675
M744_RS13630	10.2451	SYNPCC7942_RS13670
M744_RS13635	12.2120	SYNPCC7942_RS13665
M744_RS13640	23.6534	SYNPCC7942_RS00595
M744_RS13645	15.5591	SYNPCC7942_RS13660
M744_RS13655	5.3787	SYNPCC7942_RS13645
M744_RS13660	1128.9219	SYNPCC7942_RS13855
M744_RS13675	3.4470	SYNPCC7942_RS13840
M744_RS13690	21.3741	SYNPCC7942_RS13830
M744_RS13705	701.7703	SYNPCC7942_RS13815
M744_RS13710	2.4353	SYNPCC7942_RS10865
M744_RS13720	3.3385	SYNPCC7942_RS13805
M744_RS13725	175.2989	SYNPCC7942_RS13795
M744_RS13735	2.8891	SYNPCC7942_RS13760
M744_RS13745	6.2679	SYNPCC7942_RS13770
M744_RS13760	1.4429	SYNPCC7942_RS13785
M744_RS13770	196.9383	SYNPCC7942_RS13750
M744_RS13775	15.5610	SYNPCC7942_RS06420
M744_RS13780	203.9285	SYNPCC7942_RS13745
M744_RS13790	878.9109	SYNPCC7942_RS13735
M744_RS13795	17.6778	SYNPCC7942_RS13730
M744_RS13805	20.5540	SYNPCC7942_RS04950
M744_RS13810	3.6966	SYNPCC7942_RS13715
M744_RS13815	11.7412	SYNPCC7942_RS13710
M744_RS13820	164.1182	SYNPCC7942_RS13695
M744_RS13825	25.9476	SYNPCC7942_RS13690
M744_RS13830	75.2046	SYNPCC7942_RS13680
M744_RS13840	0.4962	SYNPCC7942_RS13860
M744_RS13845	1.5886	SYNPCC7942_RS13880
M744_RS13850	11.3521	SYNPCC7942_RS13870
M744_RS13860	1.2634	SYNPCC7942_RS13515
M744_RS13870	19.1311	SYNPCC7942_RS13930
M744_RS13875	66.6469	SYNPCC7942_RS13925
M744_RS13880	7.9978	SYNPCC7942_RS13920
M744_RS13885	7.5473	SYNPCC7942_RS13915
M744_RS13890	7.5016	SYNPCC7942_RS13910
M744_RS13895	512.7666	SYNPCC7942_RS13905
M744_RS13900	141.0174	SYNPCC7942_RS14105
M744_RS13905	194.4745	SYNPCC7942_RS14100
M744_RS13910	9.1359	SYNPCC7942_RS14095
M744_RS13915	38.9782	SYNPCC7942_RS11480
M744_RS13925	7.3103	SYNPCC7942_RS14085
M744_RS13930	3.4938	SYNPCC7942_RS10985
M744_RS13935	0.5419	SYNPCC7942_RS14080
M744_RS13945	0.9489	SYNPCC7942_RS14070
M744_RS13950	11.8954	SYNPCC7942_RS14065
M744_RS13955	3.8836	SYNPCC7942_RS14060
M744_RS13960	1.6321	SYNPCC7942_RS14055
M744_RS13965	4.2438	SYNPCC7942_RS14050
M744_RS13970	5.9991	SYNPCC7942_RS14045
M744_RS13975	1.0838	SYNPCC7942_RS14015
M744_RS13980	6.5124	SYNPCC7942_RS14020
M744_RS13985	19.2057	SYNPCC7942_RS14025
M744_RS13990	4.0260	SYNPCC7942_RS14030
M744_RS13995	2.3514	SYNPCC7942_RS14035
M744_RS14005	0.7629	SYNPCC7942_RS14005
M744_RS14010	8.0361	SYNPCC7942_RS14000
M744_RS14015	1.4929	SYNPCC7942_RS13995
M744_RS14020	1.9880	SYNPCC7942_RS13990
M744_RS14025	3.5819	SYNPCC7942_RS13985
M744_RS14030	12.7593	SYNPCC7942_RS13980
M744_RS14035	8247.1131	SYNPCC7942_RS13970
M744_RS14040	6.2415	SYNPCC7942_RS13965
M744_RS14045	201.7472	SYNPCC7942_RS13960
M744_RS14050	0.3634	SYNPCC7942_RS13940
M744_RS14055	0.4983	SYNPCC7942_RS13935
M744_RS14060	71.4438	SYNPCC7942_RS03735
M744_RS14065	0.4537	SYNPCC7942_RS13460
M744_RS14070	7.9607	SYNPCC7942_RS14125
M744_RS14080	9.5691	SYNPCC7942_RS14115
M744_RS14085	25.6022	SYNPCC7942_RS14145
M744_RS14090	46.1188	SYNPCC7942_RS14140
M744_RS14095	515.4919	SYNPCC7942_RS14135
M744_RS14100	2.9826	SYNPCC7942_RS14130
M744_RS14105	17.4322	SYNPCC7942_RS14200
M744_RS14110	26.6902	SYNPCC7942_RS14195
M744_RS14120	8.1242	SYNPCC7942_RS14190
M744_RS14125	51.5217	SYNPCC7942_RS14185
M744_RS14130	4.5944	SYNPCC7942_RS14180
M744_RS14135	1.3069	SYNPCC7942_RS14170
M744_RS14140	4.8707	SYNPCC7942_RS14175
M744_RS14150	208.6953	SYNPCC7942_RS14160
M744_RS14155	197.7358	SYNPCC7942_RS14155
M744_RS14160	6.7695	SYNPCC7942_RS14150
M744_RS14195	0.0457	SYNPCC7942_RS14295
M744_RS14210	3092.4587	SYNPCC7942_RS00240
