locus_tag	abundance	source_gene_id
M744_RS00005	3.6111	SYNPCC7942_RS02980
M744_RS00010	387.5659	SYNPCC7942_RS02975
M744_RS00020	87.3970	SYNPCC7942_RS02965
M744_RS00025	4.5018	SYNPCC7942_RS02960
M744_RS00030	13.4450	SYNPCC7942_RS02955
M744_RS00035	43.7792	SYNPCC7942_RS02950
M744_RS00040	106.6577	SYNPCC7942_RS02945
M744_RS00045	482.3335	SYNPCC7942_RS02940
M744_RS00050	37.7066	SYNPCC7942_RS02935
M744_RS00055	195.7261	SYNPCC7942_RS02930
M744_RS00060	28.1414	SYNPCC7942_RS02925
M744_RS00065	13.3119	SYNPCC7942_RS02920
M744_RS00075	10.5238	SYNPCC7942_RS02910
M744_RS00080	43.9273	SYNPCC7942_RS02905
M744_RS00085	51.3501	SYNPCC7942_RS02900
M744_RS00090	337.6757	SYNPCC7942_RS02895
M744_RS00095	14.0550	SYNPCC7942_RS02890
M744_RS00100	14.9627	SYNPCC7942_RS02885
M744_RS00105	6.9416	SYNPCC7942_RS02880
M744_RS00110	80.7017	SYNPCC7942_RS02875
M744_RS00115	32.5826	SYNPCC7942_RS02870
M744_RS00120	21.9381	SYNPCC7942_RS02865
M744_RS00125	8.6261	SYNPCC7942_RS02860
M744_RS00130	60.5818	SYNPCC7942_RS02855
M744_RS00135	9.1320	SYNPCC7942_RS02850
M744_RS00140	44.8396	SYNPCC7942_RS02845
M744_RS00145	36.9999	SYNPCC7942_RS02840
M744_RS00150	7.7064	SYNPCC7942_RS02835
M744_RS00155	46.9671	SYNPCC7942_RS02830
M744_RS00160	4.9496	SYNPCC7942_RS02825
M744_RS00165	79.9569	SYNPCC7942_RS02820
M744_RS00170	35.4826	SYNPCC7942_RS02815
M744_RS00175	19.2588	SYNPCC7942_RS02810
M744_RS00180	413.7047	SYNPCC7942_RS02805
M744_RS00185	2.3889	SYNPCC7942_RS02800
M744_RS00190	57.1980	SYNPCC7942_RS02795
M744_RS00195	45.2001	SYNPCC7942_RS02790
M744_RS00200	1.3239	SYNPCC7942_RS02785
M744_RS00205	59.3689	SYNPCC7942_RS02780
M744_RS00210	24.3316	SYNPCC7942_RS02775
M744_RS00215	8.6092	SYNPCC7942_RS02770
M744_RS00220	21.4926	SYNPCC7942_RS02765
M744_RS00225	10.9207	SYNPCC7942_RS02760
M744_RS00230	2.4034	SYNPCC7942_RS02755
M744_RS00235	6.6415	SYNPCC7942_RS02750
M744_RS00240	9.6499	SYNPCC7942_RS02745
M744_RS00245	6.7963	SYNPCC7942_RS02740
M744_RS00250	2205.7191	SYNPCC7942_RS02735
M744_RS00255	412.3469	SYNPCC7942_RS02730
M744_RS00260	55.2134	SYNPCC7942_RS02725
M744_RS00265	1418.6575	SYNPCC7942_RS02720
M744_RS00270	73.8686	SYNPCC7942_RS02715
M744_RS00275	3.5579	SYNPCC7942_RS02710
M744_RS00280	2.5366	SYNPCC7942_RS02705
M744_RS00285	53.3824	SYNPCC7942_RS02700
M744_RS00290	4.2041	SYNPCC7942_RS02695
M744_RS00295	24.3706	SYNPCC7942_RS02690
M744_RS00300	130.3308	SYNPCC7942_RS02685
M744_RS00305	75.6888	SYNPCC7942_RS02680
M744_RS00310	15.7782	SYNPCC7942_RS02675
M744_RS00315	41.0588	SYNPCC7942_RS02670
M744_RS00320	9.9597	SYNPCC7942_RS02665
M744_RS00325	11.2255	SYNPCC7942_RS02660
M744_RS00330	9.9742	SYNPCC7942_RS02655
M744_RS00335	6.0896	SYNPCC7942_RS02645
M744_RS00340	10.1848	SYNPCC7942_RS02640
M744_RS00345	3.5360	SYNPCC7942_RS02635
M744_RS00350	27.7252	SYNPCC7942_RS02630
M744_RS00355	25.2683	SYNPCC7942_RS02625
M744_RS00360	786.0707	SYNPCC7942_RS02620
M744_RS00365	37.0653	SYNPCC7942_RS02615
M744_RS00370	105.9118	SYNPCC7942_RS02610
M744_RS00375	11.1312	SYNPCC7942_RS02605
M744_RS00380	48.0369	SYNPCC7942_RS02600
M744_RS00385	123.8658	SYNPCC7942_RS02595
M744_RS00390	9.9089	SYNPCC7942_RS02590
M744_RS00395	8.5511	SYNPCC7942_RS02585
M744_RS00400	27.8073	SYNPCC7942_RS02580
M744_RS00405	104.7793	SYNPCC7942_RS02575
M744_RS00410	55.9848	SYNPCC7942_RS02570
M744_RS00415	1222.1145	SYNPCC7942_RS02565
M744_RS00420	88.0784	SYNPCC7942_RS02560
M744_RS00425	8.0379	SYNPCC7942_RS02555
M744_RS00430	1.1691	SYNPCC7942_RS02550
M744_RS00435	35.8283	SYNPCC7942_RS02545
M744_RS00440	4.8576	SYNPCC7942_RS02540
M744_RS00445	20.8467	SYNPCC7942_RS02535
M744_RS00450	54.2552	SYNPCC7942_RS02530
M744_RS00455	14.0985	SYNPCC7942_RS02525
M744_RS00460	96.8962	SYNPCC7942_RS02520
M744_RS00465	7.3481	SYNPCC7942_RS02515
M744_RS00470	30.1890	SYNPCC7942_RS02510
M744_RS00475	39.9891	SYNPCC7942_RS02505
M744_RS00485	19.7888	SYNPCC7942_RS02495
M744_RS00490	112.4929	SYNPCC7942_RS02490
M744_RS00495	242.1080	SYNPCC7942_RS02485
M744_RS00500	31.4601	SYNPCC7942_RS02480
M744_RS00505	24.6631	SYNPCC7942_RS02475
M744_RS00510	57.5653	SYNPCC7942_RS02470
M744_RS00515	107.5749	SYNPCC7942_RS02465
M744_RS00520	20.3794	SYNPCC7942_RS02460
M744_RS00525	48.3172	SYNPCC7942_RS02455
M744_RS00530	54.0854	SYNPCC7942_RS02450
M744_RS00535	53.6929	SYNPCC7942_RS02445
M744_RS00540	244.3853	SYNPCC7942_RS02440
M744_RS00545	28.8359	SYNPCC7942_RS02435
M744_RS00550	243.5983	SYNPCC7942_RS02430
M744_RS00555	29.6107	SYNPCC7942_RS02425
M744_RS00560	1.4571	SYNPCC7942_RS02420
M744_RS00565	180.8969	SYNPCC7942_RS02415
M744_RS00570	2.6890	SYNPCC7942_RS02410
M744_RS00575	24.9949	SYNPCC7942_RS02405
M744_RS00590	268.0859	SYNPCC7942_RS02390
M744_RS00595	21.5507	SYNPCC7942_RS02385
M744_RS00600	15.8460	SYNPCC7942_RS02380
M744_RS00605	68.5435	SYNPCC7942_RS02375
M744_RS00610	263.0283	SYNPCC7942_RS02370
M744_RS00615	203.8365	SYNPCC7942_RS02365
M744_RS00620	9.3788	SYNPCC7942_RS02360
M744_RS00625	9.8315	SYNPCC7942_RS02355
M744_RS00630	7.6580	SYNPCC7942_RS02350
M744_RS00635	8.4106	SYNPCC7942_RS02345
M744_RS00640	40.6378	SYNPCC7942_RS02340
M744_RS00645	32.5729	SYNPCC7942_RS02335
M744_RS00650	3.1779	SYNPCC7942_RS02330
M744_RS00655	17.8042	SYNPCC7942_RS02325
M744_RS00660	4.2114	SYNPCC7942_RS02320
M744_RS00665	32.8683	SYNPCC7942_RS02315
M744_RS00675	95.3231	SYNPCC7942_RS02305
M744_RS00680	106.1709	SYNPCC7942_RS02300
M744_RS00685	49.8931	SYNPCC7942_RS02295
M744_RS00690	347.8196	SYNPCC7942_RS02290
M744_RS00695	13.7986	SYNPCC7942_RS02285
M744_RS00700	576.9309	SYNPCC7942_RS02280
M744_RS00705	18.9562	SYNPCC7942_RS02275
M744_RS00710	110.3941	SYNPCC7942_RS02270
M744_RS00715	297.6671	SYNPCC7942_RS02265
M744_RS00720	5978.0156	SYNPCC7942_RS02260
M744_RS00725	3.0811	SYNPCC7942_RS02255
M744_RS00735	31.4525	SYNPCC7942_RS02245
M744_RS00740	10.6762	SYNPCC7942_RS02240
M744_RS00750	0.6099	SYNPCC7942_RS02230
M744_RS00755	9.4151	SYNPCC7942_RS02225
M744_RS00760	13.6678	SYNPCC7942_RS02220
M744_RS00770	17.9131	SYNPCC7942_RS02210
M744_RS00775	25.7625	SYNPCC7942_RS02205
M744_RS00780	70.3241	SYNPCC7942_RS02200
M744_RS00785	1706.2108	SYNPCC7942_RS02195
M744_RS00790	335.6380	SYNPCC7942_RS02190
M744_RS00795	65.5843	SYNPCC7942_RS02185
M744_RS00800	43.5375	SYNPCC7942_RS02180
M744_RS00805	10.8335	SYNPCC7942_RS02175
M744_RS00810	92.9938	SYNPCC7942_RS02170
M744_RS00815	36825.3581	SYNPCC7942_RS02165
M744_RS00820	105.8664	SYNPCC7942_RS02160
M744_RS00825	71.6841	SYNPCC7942_RS02155
M744_RS00830	19.2418	SYNPCC7942_RS02150
M744_RS00835	58.2096	SYNPCC7942_RS02145
M744_RS00840	45.1445	SYNPCC7942_RS02140
M744_RS00845	465.8668	SYNPCC7942_RS02135
M744_RS00850	818.3535	SYNPCC7942_RS02130
M744_RS00855	766.8094	SYNPCC7942_RS02125
M744_RS00860	1581.5541	SYNPCC7942_RS02120
M744_RS00865	59.7224	SYNPCC7942_RS02115
M744_RS00875	60.2281	SYNPCC7942_RS02105
M744_RS00880	23.2475	SYNPCC7942_RS02100
M744_RS00885	33.8220	SYNPCC7942_RS02095
M744_RS00890	4.2405	SYNPCC7942_RS02090
M744_RS00895	5.0537	SYNPCC7942_RS02085
M744_RS00900	7.0674	SYNPCC7942_RS02080
M744_RS00905	243.4091	SYNPCC7942_RS02075
M744_RS00910	52.1488	SYNPCC7942_RS02070
M744_RS00915	8.2196	SYNPCC7942_RS02065
M744_RS00920	30.8136	SYNPCC7942_RS02060
M744_RS00925	3.3062	SYNPCC7942_RS02055
M744_RS00930	5.6684	SYNPCC7942_RS02050
M744_RS00935	24.9441	SYNPCC7942_RS02045
M744_RS00940	32.2003	SYNPCC7942_RS02040
M744_RS00945	25.5661	SYNPCC7942_RS02035
M744_RS00950	132.5693	SYNPCC7942_RS02030
M744_RS00955	30.3463	SYNPCC7942_RS02025
M744_RS00960	118.7961	SYNPCC7942_RS02020
M744_RS00965	107.8246	SYNPCC7942_RS02015
M744_RS00970	45.1542	SYNPCC7942_RS02010
M744_RS00975	8.9238	SYNPCC7942_RS02005
M744_RS00980	5.2328	SYNPCC7942_RS02000
M744_RS00985	551.4808	SYNPCC7942_RS01995
M744_RS00990	16.8432	SYNPCC7942_RS01990
M744_RS00995	7.8638	SYNPCC7942_RS01985
M744_RS01000	4.2913	SYNPCC7942_RS01980
M744_RS01005	12.6634	SYNPCC7942_RS01975
M744_RS01010	84.2914	SYNPCC7942_RS01970
M744_RS01015	2643.6871	SYNPCC7942_RS01965
M744_RS01020	5.7797	SYNPCC7942_RS01960
M744_RS01025	164.0306	SYNPCC7942_RS01955
M744_RS01030	486.9187	SYNPCC7942_RS01950
M744_RS01035	98.8206	SYNPCC7942_RS01945
M744_RS01040	11.4967	SYNPCC7942_RS01940
M744_RS01045	72.2330	SYNPCC7942_RS01935
M744_RS01050	41.6347	SYNPCC7942_RS01930
M744_RS01055	19.9703	SYNPCC7942_RS01925
M744_RS01060	4.6616	SYNPCC7942_RS01920
M744_RS01065	51.4621	SYNPCC7942_RS01915
M744_RS01070	40.9257	SYNPCC7942_RS01910
M744_RS01075	21.1009	SYNPCC7942_RS01905
M744_RS01080	9.4685	SYNPCC7942_RS01900
M744_RS01090	8.1349	SYNPCC7942_RS01890
M744_RS01095	76.8420	SYNPCC7942_RS01885
M744_RS01100	48.0659	SYNPCC7942_RS01880
M744_RS01105	7.4257	SYNPCC7942_RS01875
M744_RS01110	9.8557	SYNPCC7942_RS01870
M744_RS01115	13.7791	SYNPCC7942_RS01865
M744_RS01120	33.3400	SYNPCC7942_RS01860
M744_RS01125	7.5272	SYNPCC7942_RS01855
M744_RS01130	6.1332	SYNPCC7942_RS01850
M744_RS01135	43.0392	SYNPCC7942_RS01845
M744_RS01140	316.7177	SYNPCC7942_RS01840
M744_RS01145	59.7365	SYNPCC7942_RS01835
M744_RS01150	16.8770	SYNPCC7942_RS01830
M744_RS01155	3.1925	SYNPCC7942_RS01825
M744_RS01160	86.2758	SYNPCC7942_RS01820
M744_RS01170	37.7620	SYNPCC7942_RS01810
M744_RS01175	96.9223	SYNPCC7942_RS01805
M744_RS01180	25.5881	SYNPCC7942_RS01800
M744_RS01185	13.6144	SYNPCC7942_RS01795
M744_RS01190	26.2390	SYNPCC7942_RS01790
M744_RS01195	12.5640	SYNPCC7942_RS01785
M744_RS01200	7.2005	SYNPCC7942_RS01780
M744_RS01205	245.1897	SYNPCC7942_RS01775
M744_RS01210	170.2042	SYNPCC7942_RS01770
M744_RS01215	19.5080	SYNPCC7942_RS01765
M744_RS01220	2.6866	SYNPCC7942_RS01760
M744_RS01225	61.5012	SYNPCC7942_RS01755
M744_RS01230	470.8961	SYNPCC7942_RS01750
M744_RS01235	6.8012	SYNPCC7942_RS01745
M744_RS01240	8.7204	SYNPCC7942_RS01740
M744_RS01245	3.7322	SYNPCC7942_RS01735
M744_RS01250	23.9686	SYNPCC7942_RS01730
M744_RS01255	9.7201	SYNPCC7942_RS01725
M744_RS01260	50.2389	SYNPCC7942_RS01720
M744_RS01265	926.5200	SYNPCC7942_RS01715
M744_RS01275	461.7811	SYNPCC7942_RS01705
M744_RS01280	264.6828	SYNPCC7942_RS01700
M744_RS01285	364.4229	SYNPCC7942_RS01695
M744_RS01290	919.5692	SYNPCC7942_RS01690
M744_RS01295	2928.3334	SYNPCC7942_RS01685
M744_RS01300	1314.2492	SYNPCC7942_RS01680
M744_RS01305	57.8390	SYNPCC7942_RS01675
M744_RS01310	4771.7368	SYNPCC7942_RS01670
M744_RS01315	6755.0796	SYNPCC7942_RS01665
M744_RS01320	6612.3345	SYNPCC7942_RS01660
M744_RS01325	960.6813	SYNPCC7942_RS01655
M744_RS01330	206.5720	SYNPCC7942_RS01650
M744_RS01335	103.4725	SYNPCC7942_RS01645
M744_RS01340	83.2753	SYNPCC7942_RS01640
M744_RS01345	1169.3391	SYNPCC7942_RS01635
M744_RS01350	18.9490	SYNPCC7942_RS01630
M744_RS01355	15.0908	SYNPCC7942_RS01625
M744_RS01360	121.6261	SYNPCC7942_RS01620
M744_RS01365	30.4987	SYNPCC7942_RS01615
M744_RS01370	50.8104	SYNPCC7942_RS01610
M744_RS01375	380.4866	SYNPCC7942_RS01605
M744_RS01380	3.7733	SYNPCC7942_RS01600
M744_RS01385	64.6766	SYNPCC7942_RS01595
M744_RS01390	21.9939	SYNPCC7942_RS01590
M744_RS01395	12.0993	SYNPCC7942_RS01585
M744_RS01400	14.8367	SYNPCC7942_RS01580
M744_RS01405	358.5253	SYNPCC7942_RS01575
M744_RS01410	250.5173	SYNPCC7942_RS01570
M744_RS01415	120.6962	SYNPCC7942_RS01565
M744_RS01420	34.7949	SYNPCC7942_RS01560
M744_RS01425	41.2742	SYNPCC7942_RS01555
M744_RS01430	108.7541	SYNPCC7942_RS01550
M744_RS01435	1.7983	SYNPCC7942_RS01545
M744_RS01440	13.7718	SYNPCC7942_RS01540
M744_RS01445	135.3048	SYNPCC7942_RS01535
M744_RS01450	118.5658	SYNPCC7942_RS01530
M744_RS01455	12.8181	SYNPCC7942_RS01525
M744_RS01460	4.5745	SYNPCC7942_RS01520
M744_RS01465	705.0588	SYNPCC7942_RS01515
M744_RS01470	94.2553	SYNPCC7942_RS01510
M744_RS01475	378.5746	SYNPCC7942_RS01505
M744_RS01480	2079.4151	SYNPCC7942_RS01500
M744_RS01485	2.4349	SYNPCC7942_RS01495
M744_RS01490	43.7140	SYNPCC7942_RS01490
M744_RS01495	162.6271	SYNPCC7942_RS01485
M744_RS01505	19.8300	SYNPCC7942_RS01475
M744_RS01510	503.4906	SYNPCC7942_RS01470
M744_RS01515	56.0260	SYNPCC7942_RS01465
M744_RS01525	7.5612	SYNPCC7942_RS01455
M744_RS01530	32.3263	SYNPCC7942_RS01450
M744_RS01535	60.8187	SYNPCC7942_RS01445
M744_RS01540	5.5789	SYNPCC7942_RS01440
M744_RS01545	294.5607	SYNPCC7942_RS01435
M744_RS01550	42.0192	SYNPCC7942_RS01430
M744_RS01555	9.4998	SYNPCC7942_RS01425
M744_RS01560	21.9963	SYNPCC7942_RS01420
M744_RS01565	10.9206	SYNPCC7942_RS01415
M744_RS01570	42.2108	SYNPCC7942_RS01410
M744_RS01575	96.7051	SYNPCC7942_RS01405
M744_RS01580	3.1682	SYNPCC7942_RS01400
M744_RS01585	1.3312	SYNPCC7942_RS01395
M744_RS01590	1.5563	SYNPCC7942_RS01390
M744_RS01595	11.7533	SYNPCC7942_RS01385
M744_RS01600	21.1296	SYNPCC7942_RS01380
M744_RS01605	86.5324	SYNPCC7942_RS01375
M744_RS01610	16.7004	SYNPCC7942_RS01370
M744_RS01615	4.8358	SYNPCC7942_RS01365
M744_RS01620	354.9933	SYNPCC7942_RS01360
M744_RS01625	11.7992	SYNPCC7942_RS01355
M744_RS01630	6.6076	SYNPCC7942_RS01350
M744_RS01635	21.4467	SYNPCC7942_RS01345
M744_RS01640	43.9072	SYNPCC7942_RS01340
M744_RS01645	163.9855	SYNPCC7942_RS01335
M744_RS01650	5.1553	SYNPCC7942_RS01330
M744_RS01655	6827.7551	SYNPCC7942_RS01325
M744_RS01660	97.4212	SYNPCC7942_RS01320
M744_RS01665	3.2723	SYNPCC7942_RS01315
M744_RS01670	10.4874	SYNPCC7942_RS01310
M744_RS01680	55.5860	SYNPCC7942_RS01300
M744_RS01685	1120.8058	SYNPCC7942_RS01295
M744_RS01690	449.8841	SYNPCC7942_RS01290
M744_RS01695	670.0269	SYNPCC7942_RS01285
M744_RS01700	36.6591	SYNPCC7942_RS01280
M744_RS01705	2.9601	SYNPCC7942_RS01275
M744_RS01710	4.7584	SYNPCC7942_RS01270
M744_RS01715	27.0328	SYNPCC7942_RS01265
M744_RS01720	24.1525	SYNPCC7942_RS01260
M744_RS01725	31.8518	SYNPCC7942_RS01255
M744_RS01730	361.7817	SYNPCC7942_RS01250
M744_RS01735	890.2374	SYNPCC7942_RS01245
M744_RS01740	382.0010	SYNPCC7942_RS01240
M744_RS01745	99.4301	SYNPCC7942_RS01235
M744_RS01755	42.4071	SYNPCC7942_RS01225
M744_RS01760	1170.9379	SYNPCC7942_RS01220
M744_RS01765	21.2896	SYNPCC7942_RS01215
M744_RS01770	23.4025	SYNPCC7942_RS01210
M744_RS01775	12.2978	SYNPCC7942_RS01205
M744_RS01780	134.9426	SYNPCC7942_RS01200
M744_RS01785	4.5986	SYNPCC7942_RS01195
M744_RS01790	11.2378	SYNPCC7942_RS01190
M744_RS01795	39.1904	SYNPCC7942_RS01185
M744_RS01800	42.8961	SYNPCC7942_RS01180
M744_RS01805	1.8782	SYNPCC7942_RS01175
M744_RS01810	66.9008	SYNPCC7942_RS01170
M744_RS01815	80.7610	SYNPCC7942_RS01165
M744_RS01820	1.8201	SYNPCC7942_RS01160
M744_RS01825	76.6893	SYNPCC7942_RS01155
M744_RS01830	59.1537	SYNPCC7942_RS01150
M744_RS01835	372.8760	SYNPCC7942_RS01145
M744_RS01840	87.4232	SYNPCC7942_RS01140
M744_RS01845	44.5276	SYNPCC7942_RS01135
M744_RS01850	14.2607	SYNPCC7942_RS01130
M744_RS01855	27.2142	SYNPCC7942_RS01125
M744_RS01860	26.1230	SYNPCC7942_RS01120
M744_RS01865	3.5652	SYNPCC7942_RS01115
M744_RS01870	9.2917	SYNPCC7942_RS01110
M744_RS01880	17.2692	SYNPCC7942_RS01100
M744_RS01885	14.1082	SYNPCC7942_RS01095
M744_RS01890	136.3069	SYNPCC7942_RS01090
M744_RS01895	62.7235	SYNPCC7942_RS01085
M744_RS01900	5.6031	SYNPCC7942_RS01080
M744_RS01905	40.2987	SYNPCC7942_RS01075
M744_RS01910	20.9362	SYNPCC7942_RS01070
M744_RS01915	6.0122	SYNPCC7942_RS01065
M744_RS01920	3.7249	SYNPCC7942_RS01060
M744_RS01925	16.3663	SYNPCC7942_RS01055
M744_RS01935	1.5079	SYNPCC7942_RS01045
M744_RS01940	10.6665	SYNPCC7942_RS01040
M744_RS01950	6.7818	SYNPCC7942_RS01030
M744_RS01955	67.6005	SYNPCC7942_RS01025
M744_RS01960	42.2401	SYNPCC7942_RS01020
M744_RS01965	13.3023	SYNPCC7942_RS01015
M744_RS01970	66.5182	SYNPCC7942_RS01010
M744_RS01975	51.9793	SYNPCC7942_RS01005
M744_RS01980	21.2506	SYNPCC7942_RS01000
M744_RS01985	25.2129	SYNPCC7942_RS00995
M744_RS01990	259.3214	SYNPCC7942_RS00990
M744_RS01995	108.0758	SYNPCC7942_RS00985
M744_RS02005	50.2853	SYNPCC7942_RS00975
M744_RS02010	189.1374	SYNPCC7942_RS00970
M744_RS02015	4.0154	SYNPCC7942_RS00965
M744_RS02020	346.0403	SYNPCC7942_RS00960
M744_RS02025	3.4562	SYNPCC7942_RS00955
M744_RS02030	29.6810	SYNPCC7942_RS00950
M744_RS02035	2.1299	SYNPCC7942_RS00945
M744_RS02040	28.0566	SYNPCC7942_RS00940
M744_RS02045	10.9715	SYNPCC7942_RS00935
M744_RS02050	11.8887	SYNPCC7942_RS00930
M744_RS02055	33.0185	SYNPCC7942_RS00925
M744_RS02060	171.4386	SYNPCC7942_RS00920
M744_RS02065	36.4267	SYNPCC7942_RS00915
M744_RS02070	9.2821	SYNPCC7942_RS00910
M744_RS02075	46.4541	SYNPCC7942_RS00905
M744_RS02080	31.0704	SYNPCC7942_RS00900
M744_RS02090	0.4260	SYNPCC7942_RS00890
M744_RS02095	4.9593	SYNPCC7942_RS00885
M744_RS02100	5.0948	SYNPCC7942_RS00880
M744_RS02105	5.9105	SYNPCC7942_RS00875
M744_RS02110	47.7993	SYNPCC7942_RS00870
M744_RS02115	48.7823	SYNPCC7942_RS00865
M744_RS02120	379.9162	SYNPCC7942_RS00860
M744_RS02125	240.9959	SYNPCC7942_RS00855
M744_RS02130	25.6121	SYNPCC7942_RS00850
M744_RS02140	83.6374	SYNPCC7942_RS00840
M744_RS02145	22.8774	SYNPCC7942_RS00835
M744_RS02150	48.2547	SYNPCC7942_RS00830
M744_RS02155	58.7143	SYNPCC7942_RS00825
M744_RS02160	19.8658	SYNPCC7942_RS00820
M744_RS02165	56.9241	SYNPCC7942_RS00815
M744_RS02170	16.9546	SYNPCC7942_RS00810
M744_RS02175	5.6442	SYNPCC7942_RS00805
M744_RS02180	400.1690	SYNPCC7942_RS00800
M744_RS02185	210.4953	SYNPCC7942_RS00795
M744_RS02190	496.7162	SYNPCC7942_RS00790
M744_RS02195	1.2707	SYNPCC7942_RS00785
M744_RS02200	11.0852	SYNPCC7942_RS00780
M744_RS02205	97.2724	SYNPCC7942_RS00775
M744_RS02210	64.0383	SYNPCC7942_RS00770
M744_RS02215	73.7316	SYNPCC7942_RS00765
M744_RS02220	12.9732	SYNPCC7942_RS00760
M744_RS02225	1.4159	SYNPCC7942_RS00755
M744_RS02230	64.0353	SYNPCC7942_RS00750
M744_RS02235	64.1003	SYNPCC7942_RS00745
M744_RS02240	19.6218	SYNPCC7942_RS00740
M744_RS02245	6.8157	SYNPCC7942_RS00735
M744_RS02250	12.6100	SYNPCC7942_RS00730
M744_RS02255	276.2397	SYNPCC7942_RS00725
M744_RS02260	225.8751	SYNPCC7942_RS00720
M744_RS02265	135.4275	SYNPCC7942_RS00715
M744_RS02275	455.0183	SYNPCC7942_RS00705
M744_RS02280	25.7234	SYNPCC7942_RS00700
M744_RS02285	188.8712	SYNPCC7942_RS00695
M744_RS02290	12.7043	SYNPCC7942_RS00690
M744_RS02295	4.8625	SYNPCC7942_RS00685
M744_RS02300	82.1447	SYNPCC7942_RS00680
M744_RS02305	38.8344	SYNPCC7942_RS00675
M744_RS02310	12.1599	SYNPCC7942_RS00670
M744_RS02315	33.1225	SYNPCC7942_RS00665
M744_RS02320	59.9837	SYNPCC7942_RS00660
M744_RS02325	4.6205	SYNPCC7942_RS00655
M744_RS02330	25.4161	SYNPCC7942_RS00650
M744_RS02335	9.0035	SYNPCC7942_RS00645
M744_RS02345	88.4638	SYNPCC7942_RS00635
M744_RS02350	7.3071	SYNPCC7942_RS00630
M744_RS02360	47.3425	SYNPCC7942_RS00620
M744_RS02370	3.4345	SYNPCC7942_RS00610
M744_RS02375	1.3191	SYNPCC7942_RS00605
M744_RS02380	0.7164	SYNPCC7942_RS00600
M744_RS02385	587.8048	SYNPCC7942_RS00590
M744_RS02390	8.2727	SYNPCC7942_RS00585
M744_RS02395	3.1174	SYNPCC7942_RS13655
M744_RS02400	82.8952	SYNPCC7942_RS00580
M744_RS02405	4.1097	SYNPCC7942_RS00575
M744_RS02410	8.2581	SYNPCC7942_RS00570
M744_RS02415	11.8524	SYNPCC7942_RS00565
M744_RS02420	9.7952	SYNPCC7942_RS00560
M744_RS02425	77.7128	SYNPCC7942_RS00555
M744_RS02430	0.4720	SYNPCC7942_RS00550
M744_RS02435	6.0073	SYNPCC7942_RS00545
M744_RS02440	4.0928	SYNPCC7942_RS00540
M744_RS02445	13.2224	SYNPCC7942_RS00535
M744_RS02450	14.5440	SYNPCC7942_RS00530
M744_RS02455	0.8592	SYNPCC7942_RS00525
M744_RS02460	22.0590	SYNPCC7942_RS00520
M744_RS02465	112.0162	SYNPCC7942_RS00515
M744_RS02470	15.7059	SYNPCC7942_RS00510
M744_RS02475	17.2184	SYNPCC7942_RS00505
M744_RS02480	250.1191	SYNPCC7942_RS00500
M744_RS02485	38.3165	SYNPCC7942_RS00495
M744_RS02490	190.1509	SYNPCC7942_RS00490
M744_RS02505	1.6434	SYNPCC7942_RS00475
M744_RS02510	3.9912	SYNPCC7942_RS00470
M744_RS02515	14.2243	SYNPCC7942_RS00465
M744_RS02520	3.4297	SYNPCC7942_RS00460
M744_RS02525	40.7029	SYNPCC7942_RS00455
M744_RS02530	66.0852	SYNPCC7942_RS00450
M744_RS02540	163.4857	SYNPCC7942_RS00440
M744_RS02545	24.7699	SYNPCC7942_RS00435
M744_RS02550	98.2300	SYNPCC7942_RS00430
M744_RS02555	118.1063	SYNPCC7942_RS00425
M744_RS02560	14.9481	SYNPCC7942_RS00420
M744_RS02565	6.3631	SYNPCC7942_RS00415
M744_RS02570	2.9262	SYNPCC7942_RS00410
M744_RS02575	99.1595	SYNPCC7942_RS00405
M744_RS02580	8.1372	SYNPCC7942_RS00400
M744_RS02585	23.7243	SYNPCC7942_RS00395
M744_RS02590	80.8416	SYNPCC7942_RS00390
M744_RS02595	11.7895	SYNPCC7942_RS00385
M744_RS02600	41.4100	SYNPCC7942_RS00380
M744_RS02605	18.2276	SYNPCC7942_RS00375
M744_RS02610	119.6138	SYNPCC7942_RS00370
M744_RS02615	1.3578	SYNPCC7942_RS00365
M744_RS02620	165.5111	SYNPCC7942_RS00360
M744_RS02625	19.0071	SYNPCC7942_RS00355
M744_RS02630	38.0017	SYNPCC7942_RS00350
M744_RS02635	2.8125	SYNPCC7942_RS00345
M744_RS02640	3.4273	SYNPCC7942_RS00340
M744_RS02645	4.3009	SYNPCC7942_RS00335
M744_RS02650	12.8013	SYNPCC7942_RS00330
M744_RS02655	21.0959	SYNPCC7942_RS00325
M744_RS02660	368.0357	SYNPCC7942_RS00320
M744_RS02665	0.4211	SYNPCC7942_RS00315
M744_RS02670	25.6897	SYNPCC7942_RS00310
M744_RS02675	8.2632	SYNPCC7942_RS00305
M744_RS02685	5.7313	SYNPCC7942_RS00295
M744_RS02690	4.6132	SYNPCC7942_RS00290
M744_RS02695	13.4572	SYNPCC7942_RS00285
M744_RS02700	21.6382	SYNPCC7942_RS00280
M744_RS02710	18.3464	SYNPCC7942_RS00270
M744_RS02715	29.7706	SYNPCC7942_RS00265
M744_RS02720	65.0109	SYNPCC7942_RS00260
M744_RS02725	73.2675	SYNPCC7942_RS00255
M744_RS02730	112.6508	SYNPCC7942_RS00250
M744_RS02745	190.3531	SYNPCC7942_RS00235
M744_RS02750	35.9183	SYNPCC7942_RS00230
M744_RS02755	4.6156	SYNPCC7942_RS00225
M744_RS02760	11.0296	SYNPCC7942_RS00220
M744_RS02765	1.7620	SYNPCC7942_RS00215
M744_RS02770	116.7382	SYNPCC7942_RS00210
M744_RS02775	18.1138	SYNPCC7942_RS00205
M744_RS02780	17.3539	SYNPCC7942_RS00200
M744_RS02785	301.3151	SYNPCC7942_RS00195
M744_RS02790	4.3615	SYNPCC7942_RS00190
M744_RS02795	2.1759	SYNPCC7942_RS00185
M744_RS02800	18.4650	SYNPCC7942_RS00180
M744_RS02805	6.3268	SYNPCC7942_RS00175
M744_RS02810	8.6891	SYNPCC7942_RS00170
M744_RS02815	1.3191	SYNPCC7942_RS00165
M744_RS02820	15.7347	SYNPCC7942_RS00160
M744_RS02825	13.8250	SYNPCC7942_RS00155
M744_RS02830	2.6793	SYNPCC7942_RS00150
M744_RS02835	2.0307	SYNPCC7942_RS00145
M744_RS02845	17.2208	SYNPCC7942_RS00135
M744_RS02850	14.2413	SYNPCC7942_RS00130
M744_RS02855	8.8366	SYNPCC7942_RS00125
M744_RS02860	35.6275	SYNPCC7942_RS00120
M744_RS02865	23.5475	SYNPCC7942_RS00115
M744_RS02870	2.7737	SYNPCC7942_RS00110
M744_RS02875	4.5502	SYNPCC7942_RS00105
M744_RS02880	91.6779	SYNPCC7942_RS00100
M744_RS02885	107.3420	SYNPCC7942_RS00095
M744_RS02890	1.9943	SYNPCC7942_RS00090
M744_RS02895	2.4422	SYNPCC7942_RS00085
M744_RS02900	14.8585	SYNPCC7942_RS00080
M744_RS02905	8.0816	SYNPCC7942_RS00075
M744_RS02910	20.1952	SYNPCC7942_RS00070
M744_RS02915	148.2647	SYNPCC7942_RS00065
M744_RS02920	187.3643	SYNPCC7942_RS00060
M744_RS02925	6.9754	SYNPCC7942_RS00055
M744_RS02930	28.1534	SYNPCC7942_RS00050
M744_RS02935	177.5251	SYNPCC7942_RS00045
M744_RS02940	8.1179	SYNPCC7942_RS00040
M744_RS02945	3.1513	SYNPCC7942_RS00035
M744_RS02950	0.8471	SYNPCC7942_RS00030
M744_RS02955	18.7360	SYNPCC7942_RS00025
M744_RS02960	227.3034	SYNPCC7942_RS00020
M744_RS02965	186.1605	SYNPCC7942_RS00015
M744_RS02970	10.8166	SYNPCC7942_RS00010
M744_RS02975	64.9645	SYNPCC7942_RS00005
M744_RS02980	6.4382	SYNPCC7942_RS13310
M744_RS02985	145.7629	SYNPCC7942_RS13305
M744_RS02990	9.4418	SYNPCC7942_RS13300
M744_RS02995	34.6986	SYNPCC7942_RS13295
M744_RS03000	327.3808	SYNPCC7942_RS13290
M744_RS03005	27.5724	SYNPCC7942_RS13285
M744_RS03010	5.6491	SYNPCC7942_RS13280
M744_RS03015	167.0283	SYNPCC7942_RS13275
M744_RS03020	194.6581	SYNPCC7942_RS13270
M744_RS03025	140.9032	SYNPCC7942_RS13265
M744_RS03030	632.0189	SYNPCC7942_RS13260
M744_RS03035	1365.5455	SYNPCC7942_RS13255
M744_RS03040	507.8034	SYNPCC7942_RS13250
M744_RS03045	584.7390	SYNPCC7942_RS13245
M744_RS03050	26.1303	SYNPCC7942_RS13240
M744_RS03055	7.5588	SYNPCC7942_RS13235
M744_RS03060	2.1686	SYNPCC7942_RS13230
M744_RS03065	134.9267	SYNPCC7942_RS13225
M744_RS03070	23.1775	SYNPCC7942_RS13220
M744_RS03075	16.8771	SYNPCC7942_RS13215
M744_RS03085	589.3715	SYNPCC7942_RS13205
M744_RS03090	8.2122	SYNPCC7942_RS13200
M744_RS03095	14.6940	SYNPCC7942_RS13195
M744_RS03100	29.0975	SYNPCC7942_RS13190
M744_RS03105	65.3102	SYNPCC7942_RS13185
M744_RS03110	75.0477	SYNPCC7942_RS13180
M744_RS03115	7.6628	SYNPCC7942_RS13175
M744_RS03120	2.9141	SYNPCC7942_RS13170
M744_RS03125	0.8084	SYNPCC7942_RS13165
M744_RS03130	15.7542	SYNPCC7942_RS13160
M744_RS03135	298.1276	SYNPCC7942_RS13155
M744_RS03140	8.7230	SYNPCC7942_RS13150
M744_RS03145	6.7068	SYNPCC7942_RS13145
M744_RS03155	118.2943	SYNPCC7942_RS13135
M744_RS03160	18.4212	SYNPCC7942_RS13130
M744_RS03165	28.4633	SYNPCC7942_RS13125
M744_RS03170	19.0748	SYNPCC7942_RS13120
M744_RS03175	91.7044	SYNPCC7942_RS13115
M744_RS03205	4.7173	SYNPCC7942_RS13085
M744_RS03215	2.5486	SYNPCC7942_RS13075
M744_RS03220	62.5868	SYNPCC7942_RS13070
M744_RS03225	54.2181	SYNPCC7942_RS13065
M744_RS03230	35.5840	SYNPCC7942_RS13060
M744_RS03235	38.2899	SYNPCC7942_RS13055
M744_RS03240	7.4958	SYNPCC7942_RS13050
M744_RS03245	7.3384	SYNPCC7942_RS13045
M744_RS03255	186.9822	SYNPCC7942_RS13035
M744_RS03260	167.3306	SYNPCC7942_RS13030
M744_RS03265	24.5109	SYNPCC7942_RS13025
M744_RS03270	120.5363	SYNPCC7942_RS13020
M744_RS03275	603.7121	SYNPCC7942_RS13015
M744_RS03280	6.8762	SYNPCC7942_RS13010
M744_RS03285	220.0221	SYNPCC7942_RS13005
M744_RS03290	4.9278	SYNPCC7942_RS13000
M744_RS03295	13.3410	SYNPCC7942_RS12995
M744_RS03300	11.9711	SYNPCC7942_RS12990
M744_RS03305	16.3956	SYNPCC7942_RS12985
M744_RS03310	26.3384	SYNPCC7942_RS12980
M744_RS03315	1.8806	SYNPCC7942_RS12975
M744_RS03320	2.7253	SYNPCC7942_RS12970
M744_RS03325	12.9683	SYNPCC7942_RS12965
M744_RS03330	2.2195	SYNPCC7942_RS12960
M744_RS03335	3.7322	SYNPCC7942_RS12955
M744_RS03340	0.4236	SYNPCC7942_RS12950
M744_RS03345	43.0045	SYNPCC7942_RS12945
M744_RS03350	4.4946	SYNPCC7942_RS12940
M744_RS03355	3.3353	SYNPCC7942_RS12935
M744_RS03360	68.7503	SYNPCC7942_RS12930
M744_RS03365	1.5999	SYNPCC7942_RS12925
M744_RS03370	25.0265	SYNPCC7942_RS12920
M744_RS03375	8.6044	SYNPCC7942_RS12915
M744_RS03390	236.9835	SYNPCC7942_RS12900
M744_RS03395	24.6612	SYNPCC7942_RS12895
M744_RS03400	40.3495	SYNPCC7942_RS12890
M744_RS03405	475.0605	SYNPCC7942_RS12885
M744_RS03410	149.8566	SYNPCC7942_RS12880
M744_RS03415	24.7603	SYNPCC7942_RS12875
M744_RS03420	172.0542	SYNPCC7942_RS12870
M744_RS03425	39.7229	SYNPCC7942_RS12865
M744_RS03430	35.8360	SYNPCC7942_RS12860
M744_RS03435	75.0261	SYNPCC7942_RS12855
M744_RS03440	752.0593	SYNPCC7942_RS12850
M744_RS03445	1453.3279	SYNPCC7942_RS12845
M744_RS03450	4797.2930	SYNPCC7942_RS12840
M744_RS03455	3.6548	SYNPCC7942_RS12835
M744_RS03460	13.2104	SYNPCC7942_RS12830
M744_RS03465	470.9304	SYNPCC7942_RS12825
M744_RS03470	186.7833	SYNPCC7942_RS12820
M744_RS03475	300.9606	SYNPCC7942_RS12815
M744_RS03485	9.2602	SYNPCC7942_RS12805
M744_RS03490	112.1985	SYNPCC7942_RS12800
M744_RS03495	7.5757	SYNPCC7942_RS12795
M744_RS03500	73.7026	SYNPCC7942_RS12790
M744_RS03505	193.1876	SYNPCC7942_RS12785
M744_RS03510	71.7387	SYNPCC7942_RS12780
M744_RS03515	3.7878	SYNPCC7942_RS12775
M744_RS03525	10.7923	SYNPCC7942_RS12765
M744_RS03530	69.9237	SYNPCC7942_RS12760
M744_RS03535	50.0138	SYNPCC7942_RS12755
M744_RS03545	148.3005	SYNPCC7942_RS12745
M744_RS03550	10.3397	SYNPCC7942_RS12740
M744_RS03555	96.6599	SYNPCC7942_RS12735
M744_RS03560	16.1244	SYNPCC7942_RS12730
M744_RS03565	13.6096	SYNPCC7942_RS12725
M744_RS03575	141.8510	SYNPCC7942_RS12715
M744_RS03580	5.9298	SYNPCC7942_RS12710
M744_RS03585	23.3103	SYNPCC7942_RS12705
M744_RS03590	4025.5085	SYNPCC7942_RS12700
M744_RS03595	194.5874	SYNPCC7942_RS12695
M744_RS03600	629.4053	SYNPCC7942_RS12690
M744_RS03605	35.2309	SYNPCC7942_RS12685
M744_RS03610	389.5504	SYNPCC7942_RS12680
M744_RS03615	230.7366	SYNPCC7942_RS12675
M744_RS03620	796.8268	SYNPCC7942_RS12670
M744_RS03625	278.7691	SYNPCC7942_RS12665
M744_RS03630	35.2381	SYNPCC7942_RS12660
M744_RS03635	32.5029	SYNPCC7942_RS12655
M744_RS03640	3.0787	SYNPCC7942_RS12650
M744_RS03650	670.3157	SYNPCC7942_RS12640
M744_RS03655	3.7613	SYNPCC7942_RS12635
M744_RS03665	91.7799	SYNPCC7942_RS12625
M744_RS03670	102.5721	SYNPCC7942_RS12620
M744_RS03675	42.0274	SYNPCC7942_RS12615
M744_RS03680	195.6913	SYNPCC7942_RS12610
M744_RS03690	8.6479	SYNPCC7942_RS12600
M744_RS03700	66.9774	SYNPCC7942_RS12590
M744_RS03705	114.3301	SYNPCC7942_RS12585
M744_RS03710	59.8964	SYNPCC7942_RS12580
M744_RS03715	48.1940	SYNPCC7942_RS12575
M744_RS03725	104.2732	SYNPCC7942_RS12565
M744_RS03730	120.5122	SYNPCC7942_RS12560
M744_RS03735	63.1423	SYNPCC7942_RS12555
M744_RS03740	88.4255	SYNPCC7942_RS12550
M744_RS03745	8795.3846	SYNPCC7942_RS12545
M744_RS03750	24.0850	SYNPCC7942_RS12540
M744_RS03755	7.0771	SYNPCC7942_RS12535
M744_RS03765	96.1718	SYNPCC7942_RS12530
M744_RS03770	20.1519	SYNPCC7942_RS12525
M744_RS03775	252.5215	SYNPCC7942_RS12520
M744_RS03780	2.5583	SYNPCC7942_RS12515
M744_RS03785	37.3244	SYNPCC7942_RS12510
M744_RS03790	45.9429	SYNPCC7942_RS12505
M744_RS03795	18.8377	SYNPCC7942_RS12500
M744_RS03805	12.0970	SYNPCC7942_RS12490
M744_RS03810	24.7505	SYNPCC7942_RS12485
M744_RS03815	45.4737	SYNPCC7942_RS12480
M744_RS03835	50.3264	SYNPCC7942_RS12465
M744_RS03850	184.5407	SYNPCC7942_RS12455
M744_RS03855	414.9149	SYNPCC7942_RS12450
M744_RS03860	1351.1579	SYNPCC7942_RS12445
M744_RS03865	168.4552	SYNPCC7942_RS12440
M744_RS03870	9.1465	SYNPCC7942_RS12435
M744_RS03875	380.9352	SYNPCC7942_RS12430
M744_RS03880	10.0250	SYNPCC7942_RS12425
M744_RS03885	60.6487	SYNPCC7942_RS12420
M744_RS03890	84.3610	SYNPCC7942_RS12415
M744_RS03895	121.2927	SYNPCC7942_RS12410
M744_RS03900	120.7068	SYNPCC7942_RS12405
M744_RS03905	1430.8137	SYNPCC7942_RS12400
M744_RS03910	176.2244	SYNPCC7942_RS12395
M744_RS03920	35.1941	SYNPCC7942_RS12385
M744_RS03925	512.7725	SYNPCC7942_RS12380
M744_RS03930	31.3219	SYNPCC7942_RS12375
M744_RS03935	13.4815	SYNPCC7942_RS12370
M744_RS03940	123.8996	SYNPCC7942_RS12365
M744_RS03945	19.5541	SYNPCC7942_RS12360
M744_RS03950	13.6266	SYNPCC7942_RS12355
M744_RS03955	160.6276	SYNPCC7942_RS12350
M744_RS03960	8.1299	SYNPCC7942_RS12345
M744_RS03965	16.6350	SYNPCC7942_RS12340
M744_RS03970	15.1781	SYNPCC7942_RS12335
M744_RS03975	12.0848	SYNPCC7942_RS12330
M744_RS03980	82.9940	SYNPCC7942_RS12325
M744_RS03985	14.8610	SYNPCC7942_RS12320
M744_RS03990	98.7774	SYNPCC7942_RS12315
M744_RS03995	160.3967	SYNPCC7942_RS12310
M744_RS04000	35.5138	SYNPCC7942_RS12305
M744_RS04005	4.9665	SYNPCC7942_RS12300
M744_RS04010	31.4741	SYNPCC7942_RS12295
M744_RS04015	6.0266	SYNPCC7942_RS12290
M744_RS04020	3.3062	SYNPCC7942_RS12285
M744_RS04025	8.5124	SYNPCC7942_RS12280
M744_RS04030	1.4764	SYNPCC7942_RS12275
M744_RS04035	86.9655	SYNPCC7942_RS12270
M744_RS04040	12.9608	SYNPCC7942_RS12265
M744_RS04045	82.3358	SYNPCC7942_RS12260
M744_RS04050	2.7979	SYNPCC7942_RS12255
M744_RS04055	5.1529	SYNPCC7942_RS12250
M744_RS04060	124.2471	SYNPCC7942_RS12245
M744_RS04065	20.2872	SYNPCC7942_RS12240
M744_RS04070	14.3601	SYNPCC7942_RS12235
M744_RS04075	38.9000	SYNPCC7942_RS12230
M744_RS04080	0.6220	SYNPCC7942_RS12225
M744_RS04095	66.3489	SYNPCC7942_RS12210
M744_RS04100	14.6625	SYNPCC7942_RS12205
M744_RS04105	383.3270	SYNPCC7942_RS12200
M744_RS04110	32.8972	SYNPCC7942_RS12195
M744_RS04115	212.9741	SYNPCC7942_RS12190
M744_RS04120	0.8423	SYNPCC7942_RS12185
M744_RS04125	128.3737	SYNPCC7942_RS12180
M744_RS04130	68.4096	SYNPCC7942_RS12175
M744_RS04135	27.5580	SYNPCC7942_RS12170
M744_RS04140	18.0680	SYNPCC7942_RS12165
M744_RS04145	184.2591	SYNPCC7942_RS12160
M744_RS04150	21.1422	SYNPCC7942_RS12155
M744_RS04160	14.9820	SYNPCC7942_RS12145
M744_RS04165	10.7827	SYNPCC7942_RS12140
M744_RS04170	184.5677	SYNPCC7942_RS12135
M744_RS04175	60.5991	SYNPCC7942_RS12130
M744_RS04180	4.4922	SYNPCC7942_RS12125
M744_RS04185	15.3768	SYNPCC7942_RS12120
M744_RS04190	356.8579	SYNPCC7942_RS12115
M744_RS04195	53.1852	SYNPCC7942_RS12110
M744_RS04200	2.1686	SYNPCC7942_RS12105
M744_RS04205	17.2765	SYNPCC7942_RS12100
M744_RS04210	109.7882	SYNPCC7942_RS12095
M744_RS04215	3.4030	SYNPCC7942_RS12090
M744_RS04220	138.3135	SYNPCC7942_RS12085
M744_RS04225	4.5309	SYNPCC7942_RS12080
M744_RS04230	5.8548	SYNPCC7942_RS12075
M744_RS04235	33.9791	SYNPCC7942_RS12070
M744_RS04240	56.6433	SYNPCC7942_RS12065
M744_RS04245	2.7810	SYNPCC7942_RS12060
M744_RS04250	5.5789	SYNPCC7942_RS12055
M744_RS04255	13.6773	SYNPCC7942_RS12050
M744_RS04260	3.3376	SYNPCC7942_RS12045
M744_RS04265	322.7287	SYNPCC7942_RS12040
M744_RS04270	107.6450	SYNPCC7942_RS12035
M744_RS04280	60.5015	SYNPCC7942_RS12025
M744_RS04285	60.3201	SYNPCC7942_RS12020
M744_RS04290	130.0411	SYNPCC7942_RS12015
M744_RS04295	13.2005	SYNPCC7942_RS12010
M744_RS04300	9.2991	SYNPCC7942_RS12005
M744_RS04305	23.2596	SYNPCC7942_RS12000
M744_RS04310	12.8933	SYNPCC7942_RS11995
M744_RS04315	118.4566	SYNPCC7942_RS11990
M744_RS04320	545.2685	SYNPCC7942_RS11985
M744_RS04325	74.7862	SYNPCC7942_RS11980
M744_RS04330	20.5053	SYNPCC7942_RS11975
M744_RS04335	9.1150	SYNPCC7942_RS11970
M744_RS04340	19.9554	SYNPCC7942_RS11965
M744_RS04345	180.9084	SYNPCC7942_RS11960
M744_RS04350	61.0555	SYNPCC7942_RS11955
M744_RS04355	14367.9860	SYNPCC7942_RS11950
M744_RS04360	73.1872	SYNPCC7942_RS11945
M744_RS04365	94.6645	SYNPCC7942_RS11940
M744_RS04370	335.7303	SYNPCC7942_RS11935
M744_RS04375	25.6413	SYNPCC7942_RS11930
M744_RS04380	56.2029	SYNPCC7942_RS11925
M744_RS04385	41.9085	SYNPCC7942_RS11920
M744_RS04390	241.9597	SYNPCC7942_RS11915
M744_RS04395	271.5054	SYNPCC7942_RS11910
M744_RS04400	149.1316	SYNPCC7942_RS11905
M744_RS04405	2000.6493	SYNPCC7942_RS11900
M744_RS04410	11.7387	SYNPCC7942_RS11895
M744_RS04415	59.3090	SYNPCC7942_RS11890
M744_RS04420	27.8922	SYNPCC7942_RS11885
M744_RS04425	132.7991	SYNPCC7942_RS11880
M744_RS04430	32.0115	SYNPCC7942_RS11875
M744_RS04435	227.7677	SYNPCC7942_RS11870
M744_RS04440	237.0680	SYNPCC7942_RS11865
M744_RS04445	195.3527	SYNPCC7942_RS11860
M744_RS04450	1231.0630	SYNPCC7942_RS11855
M744_RS04455	2226.8038	SYNPCC7942_RS11850
M744_RS04460	31.4697	SYNPCC7942_RS11845
M744_RS04465	7.0892	SYNPCC7942_RS11840
M744_RS04470	4.1147	SYNPCC7942_RS11835
M744_RS04475	12.2084	SYNPCC7942_RS11830
M744_RS04480	127.1866	SYNPCC7942_RS11825
M744_RS04485	16.1655	SYNPCC7942_RS11820
M744_RS04490	36.5160	SYNPCC7942_RS11815
M744_RS04495	4.5018	SYNPCC7942_RS11810
M744_RS04500	105.1720	SYNPCC7942_RS11805
M744_RS04505	429.9617	SYNPCC7942_RS11800
M744_RS04510	6.4889	SYNPCC7942_RS11795
M744_RS04520	22.7778	SYNPCC7942_RS11785
M744_RS04525	135.8111	SYNPCC7942_RS11780
M744_RS04530	370.6518	SYNPCC7942_RS11775
M744_RS04535	3210.1315	SYNPCC7942_RS11770
M744_RS04540	2329.2376	SYNPCC7942_RS11765
M744_RS04545	8991.0244	SYNPCC7942_RS11760
M744_RS04550	9.9452	SYNPCC7942_RS11755
M744_RS04555	91.9149	SYNPCC7942_RS11750
M744_RS04565	47.7103	SYNPCC7942_RS11740
M744_RS04570	517.2980	SYNPCC7942_RS11735
M744_RS04575	39.5850	SYNPCC7942_RS11730
M744_RS04580	82.7740	SYNPCC7942_RS11725
M744_RS04585	76.9506	SYNPCC7942_RS11720
M744_RS04590	36.9467	SYNPCC7942_RS11715
M744_RS04600	6.0195	SYNPCC7942_RS11705
M744_RS04605	20.7498	SYNPCC7942_RS11700
M744_RS04610	92.8717	SYNPCC7942_RS11695
M744_RS04615	133.7152	SYNPCC7942_RS11690
M744_RS04620	349.1032	SYNPCC7942_RS11685
M744_RS04625	2.7689	SYNPCC7942_RS11680
M744_RS04630	790.6436	SYNPCC7942_RS11675
M744_RS04635	32.1710	SYNPCC7942_RS11670
M744_RS04640	46.2069	SYNPCC7942_RS11665
M744_RS04645	93.5713	SYNPCC7942_RS11660
M744_RS04650	3.1779	SYNPCC7942_RS11655
M744_RS04655	45.2535	SYNPCC7942_RS11650
M744_RS04660	35.2373	SYNPCC7942_RS11645
M744_RS04665	18.8327	SYNPCC7942_RS11640
M744_RS04670	104.6416	SYNPCC7942_RS11635
M744_RS04675	36.6611	SYNPCC7942_RS11630
M744_RS04680	40.6183	SYNPCC7942_RS11625
M744_RS04685	5.6710	SYNPCC7942_RS11620
M744_RS04690	41.7340	SYNPCC7942_RS11615
M744_RS04695	21.0306	SYNPCC7942_RS11610
M744_RS04700	5.0876	SYNPCC7942_RS11605
M744_RS04705	79.8064	SYNPCC7942_RS11600
M744_RS04710	38.4495	SYNPCC7942_RS11595
M744_RS04715	77.1683	SYNPCC7942_RS11590
M744_RS04720	28.9083	SYNPCC7942_RS11585
M744_RS04725	54.7360	SYNPCC7942_RS11580
M744_RS04730	5.1360	SYNPCC7942_RS11575
M744_RS04735	1.8491	SYNPCC7942_RS11570
M744_RS04750	204.8772	SYNPCC7942_RS11555
M744_RS04755	18.0291	SYNPCC7942_RS11550
M744_RS04760	3.9161	SYNPCC7942_RS11545
M744_RS04765	26.3239	SYNPCC7942_RS11540
M744_RS04770	13.5080	SYNPCC7942_RS11535
M744_RS04775	9.8024	SYNPCC7942_RS11530
M744_RS04780	7.2417	SYNPCC7942_RS11525
M744_RS04785	79.3408	SYNPCC7942_RS11520
M744_RS04790	9.2216	SYNPCC7942_RS11515
M744_RS04795	60.1480	SYNPCC7942_RS11510
M744_RS04800	46.1633	SYNPCC7942_RS11505
M744_RS04805	36.5064	SYNPCC7942_RS11500
M744_RS04810	92.1571	SYNPCC7942_RS11495
M744_RS04815	6.3050	SYNPCC7942_RS11490
M744_RS04820	6.1477	SYNPCC7942_RS11485
M744_RS04830	64.4059	SYNPCC7942_RS11475
M744_RS04835	3.8193	SYNPCC7942_RS11470
M744_RS04840	927.1111	SYNPCC7942_RS11465
M744_RS04845	88.5731	SYNPCC7942_RS11460
M744_RS04850	85.7337	SYNPCC7942_RS11455
M744_RS04855	394.7002	SYNPCC7942_RS11450
M744_RS04870	5.5571	SYNPCC7942_RS11435
M744_RS04875	6.5107	SYNPCC7942_RS11430
M744_RS04880	474.1720	SYNPCC7942_RS11425
M744_RS04885	133.6924	SYNPCC7942_RS11420
M744_RS04890	158.4753	SYNPCC7942_RS11415
M744_RS04895	31.5396	SYNPCC7942_RS11410
M744_RS04900	11.6031	SYNPCC7942_RS11405
M744_RS04905	369.4726	SYNPCC7942_RS11400
M744_RS04910	347.1240	SYNPCC7942_RS11395
M744_RS04920	84.7367	SYNPCC7942_RS11385
M744_RS04930	45.4608	SYNPCC7942_RS11375
M744_RS04935	25.7354	SYNPCC7942_RS11370
M744_RS04940	16.2963	SYNPCC7942_RS11365
M744_RS04945	3.8798	SYNPCC7942_RS11360
M744_RS04950	17.5282	SYNPCC7942_RS11355
M744_RS04955	11.0901	SYNPCC7942_RS11350
M744_RS04960	84.0221	SYNPCC7942_RS11345
M744_RS04970	925.7264	SYNPCC7942_RS11335
M744_RS04975	929.9098	SYNPCC7942_RS11330
M744_RS04980	486.3336	SYNPCC7942_RS11325
M744_RS04985	1353.6755	SYNPCC7942_RS11320
M744_RS04990	447.2904	SYNPCC7942_RS11315
M744_RS04995	1399.0305	SYNPCC7942_RS11310
M744_RS05000	1454.3038	SYNPCC7942_RS11305
M744_RS05005	1635.4665	SYNPCC7942_RS11300
M744_RS05010	473.0684	SYNPCC7942_RS11295
M744_RS05015	400.9253	SYNPCC7942_RS11290
M744_RS05020	1564.1893	SYNPCC7942_RS11285
M744_RS05025	2480.3117	SYNPCC7942_RS11280
M744_RS05030	2208.1052	SYNPCC7942_RS11275
M744_RS05035	1236.2457	SYNPCC7942_RS11270
M744_RS05040	2254.4333	SYNPCC7942_RS11265
M744_RS05045	1115.5417	SYNPCC7942_RS11260
M744_RS05050	1039.4430	SYNPCC7942_RS11255
M744_RS05055	917.9686	SYNPCC7942_RS11250
M744_RS05060	1110.8727	SYNPCC7942_RS11245
M744_RS05065	235.8140	SYNPCC7942_RS11240
M744_RS05070	544.9493	SYNPCC7942_RS11235
M744_RS05075	610.7489	SYNPCC7942_RS11230
M744_RS05080	1864.9016	SYNPCC7942_RS11225
M744_RS05085	542.9013	SYNPCC7942_RS11220
M744_RS05090	2432.1920	SYNPCC7942_RS11215
M744_RS05095	951.7110	SYNPCC7942_RS11210
M744_RS05100	553.1258	SYNPCC7942_RS11205
M744_RS05105	964.5474	SYNPCC7942_RS11200
M744_RS05110	37.0168	SYNPCC7942_RS11195
M744_RS05115	9.9597	SYNPCC7942_RS11190
M744_RS05120	32.0066	SYNPCC7942_RS11185
M744_RS05130	34.4684	SYNPCC7942_RS11175
M744_RS05135	65.9546	SYNPCC7942_RS11170
M744_RS05140	10.1921	SYNPCC7942_RS11165
M744_RS05145	23.4992	SYNPCC7942_RS11160
M744_RS05150	9.6426	SYNPCC7942_RS11155
M744_RS05155	6.5035	SYNPCC7942_RS11150
M744_RS05160	0.8495	SYNPCC7942_RS11145
M744_RS05165	9.2893	SYNPCC7942_RS11140
M744_RS05170	16.7392	SYNPCC7942_RS11135
M744_RS05175	6.5422	SYNPCC7942_RS11130
M744_RS05180	69.3312	SYNPCC7942_RS11125
M744_RS05185	105.1061	SYNPCC7942_RS11120
M744_RS05190	28.3859	SYNPCC7942_RS11115
M744_RS05195	15.2385	SYNPCC7942_RS11110
M744_RS05200	14.0476	SYNPCC7942_RS11105
M744_RS05205	50.8436	SYNPCC7942_RS11100
M744_RS05210	20.1034	SYNPCC7942_RS11095
M744_RS05215	0.7939	SYNPCC7942_RS11090
M744_RS05220	61.0439	SYNPCC7942_RS11085
M744_RS05225	199.4308	SYNPCC7942_RS11080
M744_RS05230	32.2293	SYNPCC7942_RS11075
M744_RS05235	13.5515	SYNPCC7942_RS11070
M744_RS05240	18.4212	SYNPCC7942_RS11065
M744_RS05245	5.4071	SYNPCC7942_RS11060
M744_RS05250	22.0009	SYNPCC7942_RS11055
M744_RS05255	17.1073	SYNPCC7942_RS11050
M744_RS05260	15.1807	SYNPCC7942_RS11045
M744_RS05265	19.2882	SYNPCC7942_RS11040
M744_RS05270	259.9841	SYNPCC7942_RS11035
M744_RS05275	0.4744	SYNPCC7942_RS11030
M744_RS05280	19.9050	SYNPCC7942_RS11025
M744_RS05285	57.5025	SYNPCC7942_RS11020
M744_RS05290	5.1384	SYNPCC7942_RS11015
M744_RS05295	1.5127	SYNPCC7942_RS11010
M744_RS05300	2.7326	SYNPCC7942_RS11005
M744_RS05305	4.0081	SYNPCC7942_RS11000
M744_RS05310	38.2971	SYNPCC7942_RS10995
M744_RS05315	0.7551	SYNPCC7942_RS10990
M744_RS05320	37.7578	SYNPCC7942_RS10980
M744_RS05325	521.1501	SYNPCC7942_RS10975
M744_RS05330	45.9306	SYNPCC7942_RS10970
M744_RS05335	1483.8546	SYNPCC7942_RS10965
M744_RS05345	2926.9693	SYNPCC7942_RS10955
M744_RS05350	12.7456	SYNPCC7942_RS10950
M744_RS05355	6.8351	SYNPCC7942_RS10945
M744_RS05360	5.1239	SYNPCC7942_RS10940
M744_RS05365	91.1676	SYNPCC7942_RS10935
M744_RS05370	83.3023	SYNPCC7942_RS10930
M744_RS05375	55.1914	SYNPCC7942_RS10925
M744_RS05380	114.0179	SYNPCC7942_RS10920
M744_RS05385	68.5930	SYNPCC7942_RS10915
M744_RS05395	3.7056	SYNPCC7942_RS10905
M744_RS05400	9.8484	SYNPCC7942_RS10900
M744_RS05405	17.1844	SYNPCC7942_RS10895
M744_RS05410	3.4901	SYNPCC7942_RS10890
M744_RS05420	390.9416	SYNPCC7942_RS10880
M744_RS05425	56.8010	SYNPCC7942_RS10875
M744_RS05430	14.4180	SYNPCC7942_RS10870
M744_RS05435	2.1082	SYNPCC7942_RS10860
M744_RS05440	16.0567	SYNPCC7942_RS10855
M744_RS05445	27.7011	SYNPCC7942_RS10850
M744_RS05450	26.0649	SYNPCC7942_RS10845
M744_RS05455	1981.3888	SYNPCC7942_RS10840
M744_RS05460	56.7450	SYNPCC7942_RS10835
M744_RS05465	15.1152	SYNPCC7942_RS10830
M744_RS05470	11.7484	SYNPCC7942_RS10825
M744_RS05475	38.2778	SYNPCC7942_RS10820
M744_RS05480	33.6865	SYNPCC7942_RS10815
M744_RS05485	2.6842	SYNPCC7942_RS10810
M744_RS05490	32.7981	SYNPCC7942_RS10805
M744_RS05495	6.2953	SYNPCC7942_RS10800
M744_RS05500	16.7584	SYNPCC7942_RS10795
M744_RS05505	38.7958	SYNPCC7942_RS10790
M744_RS05510	7.8249	SYNPCC7942_RS10785
M744_RS05515	109.9002	SYNPCC7942_RS10780
M744_RS05520	58.4822	SYNPCC7942_RS10775
M744_RS05525	16.4730	SYNPCC7942_RS10770
M744_RS05530	24.9053	SYNPCC7942_RS10765
M744_RS05535	125.7565	SYNPCC7942_RS10760
M744_RS05540	97.7780	SYNPCC7942_RS10755
M744_RS05545	58.5095	SYNPCC7942_RS10750
M744_RS05550	707.3654	SYNPCC7942_RS10745
M744_RS05555	71.8839	SYNPCC7942_RS10740
M744_RS05560	136.0606	SYNPCC7942_RS10735
M744_RS05565	16.7802	SYNPCC7942_RS10730
M744_RS05570	16.5724	SYNPCC7942_RS10725
M744_RS05580	31.0142	SYNPCC7942_RS10715
M744_RS05585	473.0050	SYNPCC7942_RS10710
M744_RS05590	5.4192	SYNPCC7942_RS10705
M744_RS05595	9.3232	SYNPCC7942_RS10700
M744_RS05600	8.7834	SYNPCC7942_RS10695
M744_RS05605	100.6482	SYNPCC7942_RS10690
M744_RS05610	9.9259	SYNPCC7942_RS10685
M744_RS05615	158.6196	SYNPCC7942_RS10680
M744_RS05620	145.6547	SYNPCC7942_RS10675
M744_RS05625	164.4877	SYNPCC7942_RS10670
M744_RS05630	89.4219	SYNPCC7942_RS10665
M744_RS05640	0.9488	SYNPCC7942_RS10655
M744_RS05645	8.0767	SYNPCC7942_RS10650
M744_RS05650	15.3742	SYNPCC7942_RS10645
M744_RS05655	4.8141	SYNPCC7942_RS10640
M744_RS05660	4.3349	SYNPCC7942_RS10635
M744_RS05665	3.5676	SYNPCC7942_RS10630
M744_RS05670	113.6337	SYNPCC7942_RS10625
M744_RS05675	4.0324	SYNPCC7942_RS10620
M744_RS05680	22.8022	SYNPCC7942_RS10615
M744_RS05685	77.8138	SYNPCC7942_RS10610
M744_RS05690	63.8649	SYNPCC7942_RS10605
M744_RS05695	37.6725	SYNPCC7942_RS10600
M744_RS05700	94.7379	SYNPCC7942_RS10595
M744_RS05705	651.9492	SYNPCC7942_RS10590
M744_RS05710	5.9637	SYNPCC7942_RS10585
M744_RS05715	13.6289	SYNPCC7942_RS10580
M744_RS05720	32.5223	SYNPCC7942_RS10575
M744_RS05725	34.3887	SYNPCC7942_RS10570
M744_RS05730	51.6089	SYNPCC7942_RS10565
M744_RS05735	5.3950	SYNPCC7942_RS10560
M744_RS05740	776.6767	SYNPCC7942_RS10555
M744_RS05750	604.9333	SYNPCC7942_RS10545
M744_RS05755	25.1936	SYNPCC7942_RS10540
M744_RS05760	14.6288	SYNPCC7942_RS10535
M744_RS05765	4.0613	SYNPCC7942_RS10530
M744_RS05770	9.7637	SYNPCC7942_RS10525
M744_RS05775	5.0924	SYNPCC7942_RS10520
M744_RS05780	73.4168	SYNPCC7942_RS10515
M744_RS05790	198.1856	SYNPCC7942_RS10505
M744_RS05795	197.8755	SYNPCC7942_RS10500
M744_RS05800	455.1179	SYNPCC7942_RS10495
M744_RS05805	286.3930	SYNPCC7942_RS10490
M744_RS05810	75.6216	SYNPCC7942_RS10485
M744_RS05815	24.6488	SYNPCC7942_RS10480
M744_RS05820	19.9920	SYNPCC7942_RS10475
M744_RS05825	66.0225	SYNPCC7942_RS10470
M744_RS05830	53.1802	SYNPCC7942_RS10465
M744_RS05835	25.2781	SYNPCC7942_RS10460
M744_RS05840	43.0096	SYNPCC7942_RS10455
M744_RS05845	4.2308	SYNPCC7942_RS10450
M744_RS05850	554.8839	SYNPCC7942_RS10445
M744_RS05855	17.8790	SYNPCC7942_RS10440
M744_RS05860	88.4251	SYNPCC7942_RS10435
M744_RS05865	63.1612	SYNPCC7942_RS10430
M744_RS05870	75.2268	SYNPCC7942_RS10425
M744_RS05875	134.8349	SYNPCC7942_RS10420
M744_RS05880	134.7190	SYNPCC7942_RS10415
M744_RS05885	16.1995	SYNPCC7942_RS10410
M744_RS05890	16.1316	SYNPCC7942_RS10405
M744_RS05895	96.8624	SYNPCC7942_RS10400
M744_RS05900	38025.8942	SYNPCC7942_RS10395
M744_RS05905	47415.4670	SYNPCC7942_RS10390
M744_RS05910	123.6797	SYNPCC7942_RS10385
M744_RS05915	5.8839	SYNPCC7942_RS10380
M744_RS05920	35.2086	SYNPCC7942_RS10375
M744_RS05925	78.3591	SYNPCC7942_RS10370
M744_RS05930	61.3576	SYNPCC7942_RS10365
M744_RS05935	4.5406	SYNPCC7942_RS10360
M744_RS05940	26.4351	SYNPCC7942_RS10355
M744_RS05945	3.0085	SYNPCC7942_RS10350
M744_RS05950	8.0210	SYNPCC7942_RS10345
M744_RS05955	41.1557	SYNPCC7942_RS10340
M744_RS05960	13.3603	SYNPCC7942_RS10335
M744_RS05965	18.1162	SYNPCC7942_RS10330
M744_RS05970	42.8858	SYNPCC7942_RS10325
M744_RS05975	16.7970	SYNPCC7942_RS10320
M744_RS05980	15.3328	SYNPCC7942_RS10315
M744_RS05985	31.6678	SYNPCC7942_RS10310
M744_RS05990	60.1479	SYNPCC7942_RS10305
M744_RS05995	3250.1671	SYNPCC7942_RS10300
M744_RS06000	145.0712	SYNPCC7942_RS10295
M744_RS06005	19.6727	SYNPCC7942_RS10290
M744_RS06010	4.4196	SYNPCC7942_RS10285
M744_RS06015	220.0196	SYNPCC7942_RS10280
M744_RS06020	14.4543	SYNPCC7942_RS10275
M744_RS06025	10.1824	SYNPCC7942_RS10270
M744_RS06030	51.0719	SYNPCC7942_RS10265
M744_RS06035	160.1182	SYNPCC7942_RS10260
M744_RS06040	9.4249	SYNPCC7942_RS10255
M744_RS06045	1904.7887	SYNPCC7942_RS10250
M744_RS06050	73.0706	SYNPCC7942_RS10245
M744_RS06055	6.7020	SYNPCC7942_RS10240
M744_RS06065	70.9138	SYNPCC7942_RS10230
M744_RS06070	77.9646	SYNPCC7942_RS10225
M744_RS06075	767.7312	SYNPCC7942_RS10220
M744_RS06080	24.2593	SYNPCC7942_RS10215
M744_RS06085	4.2284	SYNPCC7942_RS10210
M744_RS06090	31.6218	SYNPCC7942_RS10205
M744_RS06095	33.7881	SYNPCC7942_RS10200
M744_RS06100	1706.1484	SYNPCC7942_RS10195
M744_RS06105	36.6587	SYNPCC7942_RS10190
M744_RS06110	16.5260	SYNPCC7942_RS10185
M744_RS06115	16.6544	SYNPCC7942_RS10180
M744_RS06120	20.1034	SYNPCC7942_RS10175
M744_RS06125	10.3010	SYNPCC7942_RS10170
M744_RS06130	13.5614	SYNPCC7942_RS10165
M744_RS06135	16.6496	SYNPCC7942_RS10160
M744_RS06140	46.8678	SYNPCC7942_RS10155
M744_RS06145	7.9146	SYNPCC7942_RS10145
M744_RS06150	95.6327	SYNPCC7942_RS10140
M744_RS06155	444.5492	SYNPCC7942_RS10135
M744_RS06160	2.2606	SYNPCC7942_RS10130
M744_RS06165	3.2070	SYNPCC7942_RS10125
M744_RS06170	57.7476	SYNPCC7942_RS10120
M744_RS06175	18.8836	SYNPCC7942_RS10115
M744_RS06180	7.1110	SYNPCC7942_RS10110
M744_RS06185	2.8730	SYNPCC7942_RS10105
M744_RS06190	21.8871	SYNPCC7942_RS10100
M744_RS06195	63.8005	SYNPCC7942_RS10095
M744_RS06200	15.2846	SYNPCC7942_RS10090
M744_RS06205	56.1087	SYNPCC7942_RS10085
M744_RS06210	15.9187	SYNPCC7942_RS10080
M744_RS06215	1058.9292	SYNPCC7942_RS10075
M744_RS06220	185.5056	SYNPCC7942_RS10070
M744_RS06225	17.4120	SYNPCC7942_RS10065
M744_RS06230	85.5352	SYNPCC7942_RS10060
M744_RS06235	90.1578	SYNPCC7942_RS10055
M744_RS06240	62.2225	SYNPCC7942_RS10050
M744_RS06245	8.3842	SYNPCC7942_RS10045
M744_RS06250	115.3536	SYNPCC7942_RS10040
M744_RS06255	8.1905	SYNPCC7942_RS10035
M744_RS06260	41.0466	SYNPCC7942_RS10030
M744_RS06265	608.2843	SYNPCC7942_RS10025
M744_RS06270	3163.2987	SYNPCC7942_RS10020
M744_RS06275	216.0219	SYNPCC7942_RS10015
M744_RS06280	34.2966	SYNPCC7942_RS10010
M744_RS06285	46.3908	SYNPCC7942_RS10005
M744_RS06290	24.8909	SYNPCC7942_RS10000
M744_RS06300	920.9007	SYNPCC7942_RS09990
M744_RS06305	16.3471	SYNPCC7942_RS09985
M744_RS06310	18.1043	SYNPCC7942_RS09980
M744_RS06315	21.3984	SYNPCC7942_RS09975
M744_RS06320	83.6012	SYNPCC7942_RS09970
M744_RS06325	73.2154	SYNPCC7942_RS09965
M744_RS06330	17.7123	SYNPCC7942_RS09960
M744_RS06335	32.0188	SYNPCC7942_RS09955
M744_RS06340	15.0908	SYNPCC7942_RS09950
M744_RS06345	6.7576	SYNPCC7942_RS09945
M744_RS06350	104.5976	SYNPCC7942_RS09940
M744_RS06355	21.0642	SYNPCC7942_RS09935
M744_RS06360	16.1341	SYNPCC7942_RS09930
M744_RS06365	278.9981	SYNPCC7942_RS09925
M744_RS06375	8.5970	SYNPCC7942_RS09915
M744_RS06380	8.6769	SYNPCC7942_RS09910
M744_RS06390	8.9117	SYNPCC7942_RS09900
M744_RS06395	41.6402	SYNPCC7942_RS09895
M744_RS06400	126.2945	SYNPCC7942_RS09890
M744_RS06405	19.8760	SYNPCC7942_RS09885
M744_RS06410	28.2600	SYNPCC7942_RS09880
M744_RS06415	11.5330	SYNPCC7942_RS09875
M744_RS06420	26.2389	SYNPCC7942_RS09870
M744_RS06425	367.5440	SYNPCC7942_RS09865
M744_RS06430	90.3730	SYNPCC7942_RS09860
M744_RS06435	37.4741	SYNPCC7942_RS09855
M744_RS06440	4.1194	SYNPCC7942_RS09850
M744_RS06445	4.6713	SYNPCC7942_RS09845
M744_RS06450	0.5712	SYNPCC7942_RS09840
M744_RS06455	2.3380	SYNPCC7942_RS09835
M744_RS06460	128.3704	SYNPCC7942_RS09830
M744_RS06465	22.7973	SYNPCC7942_RS09825
M744_RS06470	5.9904	SYNPCC7942_RS09820
M744_RS06475	16.3905	SYNPCC7942_RS09815
M744_RS06480	14.8634	SYNPCC7942_RS09810
M744_RS06485	39.3815	SYNPCC7942_RS09805
M744_RS06490	32.5537	SYNPCC7942_RS09800
M744_RS06495	75.9046	SYNPCC7942_RS09795
M744_RS06500	113.3649	SYNPCC7942_RS09790
M744_RS06505	9.3231	SYNPCC7942_RS09785
M744_RS06510	16.9691	SYNPCC7942_RS09780
M744_RS06515	3.8266	SYNPCC7942_RS09775
M744_RS06520	10.9327	SYNPCC7942_RS09770
M744_RS06525	13.0819	SYNPCC7942_RS09765
M744_RS06530	209.2327	SYNPCC7942_RS09760
M744_RS06535	184.1990	SYNPCC7942_RS09755
M744_RS06540	5.6298	SYNPCC7942_RS09750
M744_RS06545	229.0433	SYNPCC7942_RS09745
M744_RS06550	47.5940	SYNPCC7942_RS09740
M744_RS06555	15.9573	SYNPCC7942_RS09735
M744_RS06560	10.1704	SYNPCC7942_RS09730
M744_RS06565	49.2226	SYNPCC7942_RS09725
M744_RS06575	170.2746	SYNPCC7942_RS09715
M744_RS06580	34.5385	SYNPCC7942_RS09710
M744_RS06585	568.6158	SYNPCC7942_RS09705
M744_RS06590	8.1542	SYNPCC7942_RS09700
M744_RS06595	142.4264	SYNPCC7942_RS09690
M744_RS06600	9.2844	SYNPCC7942_RS09685
M744_RS06605	13.4547	SYNPCC7942_RS09680
M744_RS06610	50.2633	SYNPCC7942_RS09675
M744_RS06615	1833.7764	SYNPCC7942_RS09670
M744_RS06620	99.9587	SYNPCC7942_RS09665
M744_RS06625	162.8138	SYNPCC7942_RS09660
M744_RS06630	158.9761	SYNPCC7942_RS09655
M744_RS06635	39.4349	SYNPCC7942_RS09650
M744_RS06640	15.0571	SYNPCC7942_RS09645
M744_RS06645	20.4496	SYNPCC7942_RS09640
M744_RS06650	29.9737	SYNPCC7942_RS09635
M744_RS06655	5.8283	SYNPCC7942_RS09630
M744_RS06660	142.2442	SYNPCC7942_RS09625
M744_RS06665	11.3781	SYNPCC7942_RS09620
M744_RS06670	32.0622	SYNPCC7942_RS09615
M744_RS06675	138.9924	SYNPCC7942_RS09610
M744_RS06680	26.4833	SYNPCC7942_RS09605
M744_RS06685	3.9258	SYNPCC7942_RS09600
M744_RS06690	24.0513	SYNPCC7942_RS09595
M744_RS06695	89.4447	SYNPCC7942_RS09590
M744_RS06700	165.2687	SYNPCC7942_RS09585
M744_RS06705	166.0507	SYNPCC7942_RS09580
M744_RS06710	20.7933	SYNPCC7942_RS09575
M744_RS06715	6.1042	SYNPCC7942_RS09570
M744_RS06720	17.5887	SYNPCC7942_RS09565
M744_RS06725	47.7002	SYNPCC7942_RS09560
M744_RS06730	9.9596	SYNPCC7942_RS09555
M744_RS06735	30.0172	SYNPCC7942_RS09550
M744_RS06740	884.1527	SYNPCC7942_RS09545
M744_RS06745	56.3269	SYNPCC7942_RS09540
M744_RS06750	23.8113	SYNPCC7942_RS09535
M744_RS06755	23.2742	SYNPCC7942_RS09530
M744_RS06760	12.6875	SYNPCC7942_RS09525
M744_RS06765	44.3240	SYNPCC7942_RS09520
M744_RS06770	13.7596	SYNPCC7942_RS09515
M744_RS06775	24.6320	SYNPCC7942_RS09510
M744_RS06780	7.7572	SYNPCC7942_RS09505
M744_RS06785	8.8343	SYNPCC7942_RS09500
M744_RS06790	3.8024	SYNPCC7942_RS09495
M744_RS06795	11.6879	SYNPCC7942_RS13800
M744_RS06800	28.6765	SYNPCC7942_RS09490
M744_RS06805	88.6764	SYNPCC7942_RS09485
M744_RS06810	1.1884	SYNPCC7942_RS09480
M744_RS06815	0.9391	SYNPCC7942_RS09475
M744_RS06820	23.9516	SYNPCC7942_RS09470
M744_RS06825	23.5911	SYNPCC7942_RS09465
M744_RS06830	4.6761	SYNPCC7942_RS09460
M744_RS06835	15.0691	SYNPCC7942_RS09455
M744_RS06840	31.5590	SYNPCC7942_RS09450
M744_RS06845	377.3712	SYNPCC7942_RS09445
M744_RS06850	15.2264	SYNPCC7942_RS09440
M744_RS06855	27.1175	SYNPCC7942_RS09435
M744_RS06860	44.2708	SYNPCC7942_RS09430
M744_RS06865	2098.6141	SYNPCC7942_RS09425
M744_RS06870	16.0808	SYNPCC7942_RS09420
M744_RS06875	4.2041	SYNPCC7942_RS09415
M744_RS06880	8.6286	SYNPCC7942_RS09410
M744_RS06885	26.4087	SYNPCC7942_RS09405
M744_RS06890	41.8022	SYNPCC7942_RS09400
M744_RS06895	102.1030	SYNPCC7942_RS09395
M744_RS06900	109.9204	SYNPCC7942_RS09390
M744_RS06905	5.4748	SYNPCC7942_RS09385
M744_RS06910	701.6115	SYNPCC7942_RS09380
M744_RS06920	113.6533	SYNPCC7942_RS09375
M744_RS06925	60.9181	SYNPCC7942_RS09370
M744_RS06930	582.3329	SYNPCC7942_RS09365
M744_RS06935	1440.8235	SYNPCC7942_RS09360
M744_RS06940	40.2551	SYNPCC7942_RS09355
M744_RS06945	9.2627	SYNPCC7942_RS09350
M744_RS06950	25.4936	SYNPCC7942_RS09345
M744_RS06955	44.1279	SYNPCC7942_RS09340
M744_RS06960	14.5244	SYNPCC7942_RS09335
M744_RS06965	5.1675	SYNPCC7942_RS09330
M744_RS06970	835.0149	SYNPCC7942_RS09325
M744_RS06975	55.3562	SYNPCC7942_RS09320
M744_RS06980	51.0034	SYNPCC7942_RS09315
M744_RS06985	18.6390	SYNPCC7942_RS09310
M744_RS06990	22.4222	SYNPCC7942_RS09305
M744_RS06995	13.7039	SYNPCC7942_RS09300
M744_RS07000	36.6996	SYNPCC7942_RS09295
M744_RS07005	435.3725	SYNPCC7942_RS09290
M744_RS07010	843.9147	SYNPCC7942_RS09285
M744_RS07015	72.2835	SYNPCC7942_RS09280
M744_RS07020	20.7278	SYNPCC7942_RS09275
M744_RS07025	135.2060	SYNPCC7942_RS09270
M744_RS07030	26.9144	SYNPCC7942_RS09265
M744_RS07035	10.9690	SYNPCC7942_RS09260
M744_RS07040	113.9209	SYNPCC7942_RS09255
M744_RS07045	111.7868	SYNPCC7942_RS09250
M744_RS07050	80.1702	SYNPCC7942_RS09245
M744_RS07055	2743.3492	SYNPCC7942_RS09240
M744_RS07060	8.0936	SYNPCC7942_RS09235
M744_RS07065	0.5204	SYNPCC7942_RS09230
M744_RS07070	10.0831	SYNPCC7942_RS09225
M744_RS07075	25.2950	SYNPCC7942_RS09220
M744_RS07080	9.8169	SYNPCC7942_RS09215
M744_RS07085	6.2856	SYNPCC7942_RS09210
M744_RS07090	387.0139	SYNPCC7942_RS09205
M744_RS07095	53.8019	SYNPCC7942_RS09200
M744_RS07100	124.3847	SYNPCC7942_RS09195
M744_RS07105	448.0884	SYNPCC7942_RS09190
M744_RS07110	1.7886	SYNPCC7942_RS09185
M744_RS07115	2.0742	SYNPCC7942_RS09180
M744_RS07120	26.8125	SYNPCC7942_RS09175
M744_RS07125	0.7116	SYNPCC7942_RS09170
M744_RS07130	9.7007	SYNPCC7942_RS09165
M744_RS07135	18.8909	SYNPCC7942_RS09160
M744_RS07140	10.9642	SYNPCC7942_RS09155
M744_RS07145	9.6910	SYNPCC7942_RS09150
M744_RS07150	133.4255	SYNPCC7942_RS09145
M744_RS07155	12.7626	SYNPCC7942_RS09140
M744_RS07160	13.0143	SYNPCC7942_RS09135
M744_RS07165	13.2295	SYNPCC7942_RS09130
M744_RS07170	7.7282	SYNPCC7942_RS09125
M744_RS07175	15.2798	SYNPCC7942_RS09120
M744_RS07180	18.5302	SYNPCC7942_RS09115
M744_RS07185	21.6211	SYNPCC7942_RS09110
M744_RS07190	497.9849	SYNPCC7942_RS09105
M744_RS07195	7.7428	SYNPCC7942_RS09100
M744_RS07200	3.3715	SYNPCC7942_RS09095
M744_RS07205	41.9562	SYNPCC7942_RS09090
M744_RS07210	188.9401	SYNPCC7942_RS09085
M744_RS07215	63.8270	SYNPCC7942_RS09080
M744_RS07220	106.4467	SYNPCC7942_RS09075
M744_RS07225	65.2649	SYNPCC7942_RS09070
M744_RS07235	39.7444	SYNPCC7942_RS09060
M744_RS07240	661.8257	SYNPCC7942_RS09055
M744_RS07245	7.8782	SYNPCC7942_RS09050
M744_RS07250	12.5883	SYNPCC7942_RS09045
M744_RS07255	3.7322	SYNPCC7942_RS09040
M744_RS07260	13.8323	SYNPCC7942_RS09035
M744_RS07265	10.1485	SYNPCC7942_RS09030
M744_RS07270	6.2711	SYNPCC7942_RS09025
M744_RS07275	13.2538	SYNPCC7942_RS09020
M744_RS07280	296.6540	SYNPCC7942_RS09015
M744_RS07285	16.5358	SYNPCC7942_RS09010
M744_RS07290	201.0608	SYNPCC7942_RS09005
M744_RS07295	260.4367	SYNPCC7942_RS09000
M744_RS07300	1.1327	SYNPCC7942_RS08995
M744_RS07305	2.2485	SYNPCC7942_RS08990
M744_RS07310	10.8988	SYNPCC7942_RS08985
M744_RS07315	100.5417	SYNPCC7942_RS08980
M744_RS07320	28.5384	SYNPCC7942_RS08975
M744_RS07325	8.5972	SYNPCC7942_RS08970
M744_RS07330	5.1021	SYNPCC7942_RS08965
M744_RS07335	23.3251	SYNPCC7942_RS08960
M744_RS07340	128.0729	SYNPCC7942_RS08955
M744_RS07345	60.6735	SYNPCC7942_RS08950
M744_RS07350	39.6669	SYNPCC7942_RS08945
M744_RS07360	51.4616	SYNPCC7942_RS08935
M744_RS07365	620.0730	SYNPCC7942_RS08930
M744_RS07370	114.2471	SYNPCC7942_RS08925
M744_RS07375	4.1606	SYNPCC7942_RS08920
M744_RS07380	47.7969	SYNPCC7942_RS08915
M744_RS07385	111.6096	SYNPCC7942_RS08910
M744_RS07390	132.1127	SYNPCC7942_RS08905
M744_RS07395	30.3585	SYNPCC7942_RS08900
M744_RS07400	4.2501	SYNPCC7942_RS08895
M744_RS07405	34.7174	SYNPCC7942_RS08890
M744_RS07410	508.6247	SYNPCC7942_RS08885
M744_RS07415	15.9308	SYNPCC7942_RS08880
M744_RS07420	4.4098	SYNPCC7942_RS08875
M744_RS07425	185.4008	SYNPCC7942_RS08870
M744_RS07430	410.4561	SYNPCC7942_RS08865
M744_RS07435	62.7233	SYNPCC7942_RS08860
M744_RS07440	7.4812	SYNPCC7942_RS08855
M744_RS07445	7.3699	SYNPCC7942_RS08850
M744_RS07450	88.4514	SYNPCC7942_RS08845
M744_RS07455	137.4109	SYNPCC7942_RS08840
M744_RS07460	73.6031	SYNPCC7942_RS08835
M744_RS07465	146.4124	SYNPCC7942_RS08830
M744_RS07470	135.7685	SYNPCC7942_RS08825
M744_RS07475	31.0144	SYNPCC7942_RS08820
M744_RS07480	3.8145	SYNPCC7942_RS08815
M744_RS07485	6.8447	SYNPCC7942_RS08810
M744_RS07490	46.2432	SYNPCC7942_RS08805
M744_RS07495	5.0876	SYNPCC7942_RS08800
M744_RS07500	7.4378	SYNPCC7942_RS08795
M744_RS07505	3.7782	SYNPCC7942_RS08790
M744_RS07510	6.5858	SYNPCC7942_RS08785
M744_RS07515	50.0822	SYNPCC7942_RS08780
M744_RS07520	72.3982	SYNPCC7942_RS08775
M744_RS07525	26.7015	SYNPCC7942_RS08770
M744_RS07530	17.9444	SYNPCC7942_RS08765
M744_RS07540	45.2290	SYNPCC7942_RS08760
M744_RS07545	19.8760	SYNPCC7942_RS08755
M744_RS07550	18.6077	SYNPCC7942_RS08750
M744_RS07555	137.2089	SYNPCC7942_RS08745
M744_RS07560	90.1268	SYNPCC7942_RS08740
M744_RS07565	111.1162	SYNPCC7942_RS08735
M744_RS07570	92.1770	SYNPCC7942_RS08730
M744_RS07575	36.5280	SYNPCC7942_RS08725
M744_RS07580	2.6260	SYNPCC7942_RS08720
M744_RS07585	3.5191	SYNPCC7942_RS08715
M744_RS07590	0.7043	SYNPCC7942_RS08710
M744_RS07595	15.9067	SYNPCC7942_RS08705
M744_RS07600	52.6819	SYNPCC7942_RS08700
M744_RS07605	24.1040	SYNPCC7942_RS08695
M744_RS07610	12.6221	SYNPCC7942_RS08690
M744_RS07615	1.7838	SYNPCC7942_RS08685
M744_RS07620	81.3132	SYNPCC7942_RS08680
M744_RS07625	13.5733	SYNPCC7942_RS08675
M744_RS07630	46.7732	SYNPCC7942_RS08670
M744_RS07635	38.5296	SYNPCC7942_RS08660
M744_RS07640	6.5834	SYNPCC7942_RS08655
M744_RS07645	3.5530	SYNPCC7942_RS08650
M744_RS07650	6.2565	SYNPCC7942_RS08645
M744_RS07655	2.3187	SYNPCC7942_RS08640
M744_RS07660	23.2233	SYNPCC7942_RS08635
M744_RS07665	18.1551	SYNPCC7942_RS08630
M744_RS07670	57.1415	SYNPCC7942_RS08625
M744_RS07675	5.5643	SYNPCC7942_RS08620
M744_RS07680	2.0307	SYNPCC7942_RS08615
M744_RS07685	6.2396	SYNPCC7942_RS08610
M744_RS07690	42.9346	SYNPCC7942_RS08605
M744_RS07695	1.1691	SYNPCC7942_RS08600
M744_RS07700	2.6818	SYNPCC7942_RS08595
M744_RS07705	7.8467	SYNPCC7942_RS08590
M744_RS07710	70.9552	SYNPCC7942_RS08585
M744_RS07715	83.7368	SYNPCC7942_RS08580
M744_RS07720	16.5358	SYNPCC7942_RS08575
M744_RS07725	40.5795	SYNPCC7942_RS08570
M744_RS07730	71.6004	SYNPCC7942_RS08565
M744_RS07735	89.8719	SYNPCC7942_RS08560
M744_RS07740	167.8588	SYNPCC7942_RS08555
M744_RS07745	72.3953	SYNPCC7942_RS08550
M744_RS07750	30.5620	SYNPCC7942_RS08545
M744_RS07755	8.4955	SYNPCC7942_RS08540
M744_RS07760	29.1943	SYNPCC7942_RS08535
M744_RS07765	558.3464	SYNPCC7942_RS08530
M744_RS07770	33.1350	SYNPCC7942_RS08525
M744_RS07775	54.6423	SYNPCC7942_RS08520
M744_RS07780	6.6632	SYNPCC7942_RS08515
M744_RS07785	25.5252	SYNPCC7942_RS08510
M744_RS07790	45.0796	SYNPCC7942_RS08505
M744_RS07795	31.1039	SYNPCC7942_RS08500
M744_RS07800	28.3834	SYNPCC7942_RS08495
M744_RS07805	32.9145	SYNPCC7942_RS08490
M744_RS07810	6.5616	SYNPCC7942_RS08485
M744_RS07820	40.9448	SYNPCC7942_RS08475
M744_RS07825	8.8246	SYNPCC7942_RS08470
M744_RS07830	5.3418	SYNPCC7942_RS08465
M744_RS07835	85.8568	SYNPCC7942_RS08460
M744_RS07840	43.9408	SYNPCC7942_RS08455
M744_RS07845	18.7383	SYNPCC7942_RS08450
M744_RS07850	1556.1642	SYNPCC7942_RS08445
M744_RS07855	7.3024	SYNPCC7942_RS08440
M744_RS07860	4.3737	SYNPCC7942_RS08435
M744_RS07865	32.4764	SYNPCC7942_RS08430
M744_RS07870	10.7682	SYNPCC7942_RS08425
M744_RS07875	11.2909	SYNPCC7942_RS08420
M744_RS07880	112.2867	SYNPCC7942_RS08415
M744_RS07885	82.5459	SYNPCC7942_RS08410
M744_RS07890	13.9146	SYNPCC7942_RS08405
M744_RS07895	13.7185	SYNPCC7942_RS08400
M744_RS07905	17.8211	SYNPCC7942_RS08390
M744_RS07910	35.8408	SYNPCC7942_RS08385
M744_RS07915	62.5348	SYNPCC7942_RS08380
M744_RS07920	5.2764	SYNPCC7942_RS08375
M744_RS07925	16.7126	SYNPCC7942_RS08370
M744_RS07930	5.0754	SYNPCC7942_RS08365
M744_RS07935	14.6724	SYNPCC7942_RS08360
M744_RS07940	162.7784	SYNPCC7942_RS08355
M744_RS07950	40.3617	SYNPCC7942_RS08345
M744_RS07960	2707.8883	SYNPCC7942_RS07490
M744_RS07965	9.0834	SYNPCC7942_RS07495
M744_RS07970	80.7767	SYNPCC7942_RS07500
M744_RS07975	3.7661	SYNPCC7942_RS07505
M744_RS07980	4.1631	SYNPCC7942_RS07510
M744_RS07985	2.3502	SYNPCC7942_RS07515
M744_RS07990	2.2534	SYNPCC7942_RS07520
M744_RS07995	1.6386	SYNPCC7942_RS07525
M744_RS08000	4.1412	SYNPCC7942_RS07530
M744_RS08005	0.7987	SYNPCC7942_RS07535
M744_RS08010	7.9774	SYNPCC7942_RS07540
M744_RS08015	8.3841	SYNPCC7942_RS07545
M744_RS08020	7.7063	SYNPCC7942_RS07550
M744_RS08025	13.7209	SYNPCC7942_RS07555
M744_RS08030	83.3856	SYNPCC7942_RS07560
M744_RS08035	2.6092	SYNPCC7942_RS07565
M744_RS08040	29.4288	SYNPCC7942_RS07570
M744_RS08045	18.2689	SYNPCC7942_RS07575
M744_RS08050	3.9331	SYNPCC7942_RS07580
M744_RS08055	77.2625	SYNPCC7942_RS07585
M744_RS08060	8.0355	SYNPCC7942_RS07590
M744_RS08065	22.7560	SYNPCC7942_RS07595
M744_RS08070	906.8200	SYNPCC7942_RS07600
M744_RS08075	2.8850	SYNPCC7942_RS07605
M744_RS08080	2.2679	SYNPCC7942_RS07610
M744_RS08085	10.7391	SYNPCC7942_RS07615
M744_RS08090	7.1400	SYNPCC7942_RS07620
M744_RS08095	5.1553	SYNPCC7942_RS07625
M744_RS08100	4.4172	SYNPCC7942_RS07630
M744_RS08105	15.6378	SYNPCC7942_RS07635
M744_RS08110	8.3406	SYNPCC7942_RS07640
M744_RS08115	114.2288	SYNPCC7942_RS07645
M744_RS08120	70.4590	SYNPCC7942_RS07650
M744_RS08125	4.2477	SYNPCC7942_RS07655
M744_RS08130	1994.2627	SYNPCC7942_RS07660
M744_RS08135	41.6953	SYNPCC7942_RS07665
M744_RS08140	309.9703	SYNPCC7942_RS07670
M744_RS08145	5.8670	SYNPCC7942_RS07675
M744_RS08150	12.1962	SYNPCC7942_RS07680
M744_RS08155	41.6473	SYNPCC7942_RS07685
M744_RS08160	255.0009	SYNPCC7942_RS07690
M744_RS08165	1073.7282	SYNPCC7942_RS07695
M744_RS08175	15.4491	SYNPCC7942_RS07705
M744_RS08180	19.1134	SYNPCC7942_RS07710
M744_RS08185	54.9057	SYNPCC7942_RS07715
M744_RS08190	74.2705	SYNPCC7942_RS07720
M744_RS08195	16.0443	SYNPCC7942_RS07725
M744_RS08200	50.2486	SYNPCC7942_RS07730
M744_RS08205	79.0025	SYNPCC7942_RS07735
M744_RS08210	6.5930	SYNPCC7942_RS07740
M744_RS08215	55.9271	SYNPCC7942_RS07745
M744_RS08220	8.1881	SYNPCC7942_RS07750
M744_RS08225	27.2144	SYNPCC7942_RS07755
M744_RS08230	16.0906	SYNPCC7942_RS07760
M744_RS08235	100.5536	SYNPCC7942_RS07765
M744_RS08240	376.7632	SYNPCC7942_RS07770
M744_RS08245	307.6038	SYNPCC7942_RS07775
M744_RS08265	459.5519	SYNPCC7942_RS07795
M744_RS08270	18.9828	SYNPCC7942_RS07800
M744_RS08275	75.2124	SYNPCC7942_RS07805
M744_RS08280	17.3734	SYNPCC7942_RS07810
M744_RS08285	5.4578	SYNPCC7942_RS07815
M744_RS08290	2.9334	SYNPCC7942_RS07820
M744_RS08295	4.6640	SYNPCC7942_RS07825
M744_RS08300	1.0407	SYNPCC7942_RS07830
M744_RS08305	27.3740	SYNPCC7942_RS07835
M744_RS08310	11.7096	SYNPCC7942_RS07840
M744_RS08315	6.3220	SYNPCC7942_RS07845
M744_RS08320	5.7387	SYNPCC7942_RS07850
M744_RS08325	0.0920	SYNPCC7942_RS07860
M744_RS08330	8.0041	SYNPCC7942_RS07865
M744_RS08335	99.9102	SYNPCC7942_RS07870
M744_RS08340	3.8677	SYNPCC7942_RS07875
M744_RS08345	0.7455	SYNPCC7942_RS07880
M744_RS08350	5.6395	SYNPCC7942_RS07885
M744_RS08355	0.2396	SYNPCC7942_RS07890
M744_RS08360	67.8274	SYNPCC7942_RS07895
M744_RS08365	7.2949	SYNPCC7942_RS07900
M744_RS08370	8.2946	SYNPCC7942_RS07905
M744_RS08375	12.8036	SYNPCC7942_RS07910
M744_RS08380	263.6585	SYNPCC7942_RS07915
M744_RS08385	10.2793	SYNPCC7942_RS07920
M744_RS08390	136.4519	SYNPCC7942_RS07925
M744_RS08395	159.9570	SYNPCC7942_RS07930
M744_RS08400	175.5392	SYNPCC7942_RS07935
M744_RS08405	2804.9870	SYNPCC7942_RS07940
M744_RS08410	3.4950	SYNPCC7942_RS07945
M744_RS08415	17.0396	SYNPCC7942_RS07950
M744_RS08420	16.3107	SYNPCC7942_RS07955
M744_RS08430	15.9549	SYNPCC7942_RS07965
M744_RS08435	20.2656	SYNPCC7942_RS07970
M744_RS08440	0.4187	SYNPCC7942_RS07975
M744_RS08450	4.3712	SYNPCC7942_RS07980
M744_RS08455	0.2299	SYNPCC7942_RS07985
M744_RS08465	12.2808	SYNPCC7942_RS07995
M744_RS08470	29.4122	SYNPCC7942_RS08000
M744_RS08475	62.3606	SYNPCC7942_RS08005
M744_RS08480	55.4466	SYNPCC7942_RS08010
M744_RS08485	823.0899	SYNPCC7942_RS08015
M744_RS08490	6602.0882	SYNPCC7942_RS08020
M744_RS08495	9.9114	SYNPCC7942_RS08025
M744_RS08500	65.5317	SYNPCC7942_RS08030
M744_RS08505	37.8234	SYNPCC7942_RS08035
M744_RS08510	23.0349	SYNPCC7942_RS08040
M744_RS08515	4.8092	SYNPCC7942_RS08045
M744_RS08520	2.9746	SYNPCC7942_RS08050
M744_RS08525	65.2673	SYNPCC7942_RS08055
M744_RS08530	76.2121	SYNPCC7942_RS08060
M744_RS08535	5.3515	SYNPCC7942_RS08065
M744_RS08540	18.2784	SYNPCC7942_RS08070
M744_RS08545	42.9328	SYNPCC7942_RS08075
M744_RS08550	17.1578	SYNPCC7942_RS08080
M744_RS08555	2.1566	SYNPCC7942_RS08085
M744_RS08560	48.1969	SYNPCC7942_RS08090
M744_RS08565	6.6415	SYNPCC7942_RS08095
M744_RS08570	224.9884	SYNPCC7942_RS08100
M744_RS08575	431.5523	SYNPCC7942_RS08105
M744_RS08580	31.4356	SYNPCC7942_RS08110
M744_RS08585	10.8747	SYNPCC7942_RS08115
M744_RS08590	77.8532	SYNPCC7942_RS08120
M744_RS08595	200.6545	SYNPCC7942_RS08125
M744_RS08600	5.1263	SYNPCC7942_RS08130
M744_RS08605	276.3419	SYNPCC7942_RS08135
M744_RS08610	83.9603	SYNPCC7942_RS08140
M744_RS08615	86.3869	SYNPCC7942_RS08145
M744_RS08620	25.1910	SYNPCC7942_RS08150
M744_RS08625	58.2650	SYNPCC7942_RS08155
M744_RS08630	18.5083	SYNPCC7942_RS08160
M744_RS08635	46.0665	SYNPCC7942_RS08165
M744_RS08640	7.9726	SYNPCC7942_RS08170
M744_RS08645	2.6890	SYNPCC7942_RS08175
M744_RS08650	29.6518	SYNPCC7942_RS08180
M744_RS08655	18.2226	SYNPCC7942_RS08185
M744_RS08660	1.1835	SYNPCC7942_RS08190
M744_RS08665	25.5102	SYNPCC7942_RS08195
M744_RS08670	5.2425	SYNPCC7942_RS08200
M744_RS08675	47.4365	SYNPCC7942_RS08205
M744_RS08680	565.9887	SYNPCC7942_RS08210
M744_RS08685	185.4757	SYNPCC7942_RS08215
M744_RS08690	15.5411	SYNPCC7942_RS08220
M744_RS08695	331.1174	SYNPCC7942_RS08225
M744_RS08700	762.0074	SYNPCC7942_RS08230
M744_RS08705	97.5904	SYNPCC7942_RS08235
M744_RS08710	27.0958	SYNPCC7942_RS08240
M744_RS08715	215.8777	SYNPCC7942_RS08245
M744_RS08720	495.8850	SYNPCC7942_RS08250
M744_RS08725	52.5455	SYNPCC7942_RS08255
M744_RS08730	25.6386	SYNPCC7942_RS08260
M744_RS08735	19.9630	SYNPCC7942_RS08265
M744_RS08740	299.5070	SYNPCC7942_RS08270
M744_RS08745	67.3993	SYNPCC7942_RS08275
M744_RS08750	5.3779	SYNPCC7942_RS08280
M744_RS08755	22.6811	SYNPCC7942_RS08285
M744_RS08760	9.4829	SYNPCC7942_RS08290
M744_RS08765	45.7831	SYNPCC7942_RS08295
M744_RS08770	56.6776	SYNPCC7942_RS08300
M744_RS08775	116.5235	SYNPCC7942_RS08305
M744_RS08780	6.7844	SYNPCC7942_RS08310
M744_RS08785	86.6575	SYNPCC7942_RS08315
M744_RS08790	73.5810	SYNPCC7942_RS08320
M744_RS08795	13.0094	SYNPCC7942_RS08325
M744_RS08800	25.4064	SYNPCC7942_RS08330
M744_RS08805	72.4719	SYNPCC7942_RS08335
M744_RS08815	1.1351	SYNPCC7942_RS07480
M744_RS08820	1.1763	SYNPCC7942_RS07475
M744_RS08825	43.5783	SYNPCC7942_RS07470
M744_RS08830	36.5277	SYNPCC7942_RS07465
M744_RS08835	4.6543	SYNPCC7942_RS07460
M744_RS08840	16.0830	SYNPCC7942_RS07455
M744_RS08845	30.6680	SYNPCC7942_RS07450
M744_RS08850	30.3781	SYNPCC7942_RS07445
M744_RS08855	271.2102	SYNPCC7942_RS07440
M744_RS08860	43.2660	SYNPCC7942_RS07435
M744_RS08865	31.4623	SYNPCC7942_RS07430
M744_RS08870	95.6060	SYNPCC7942_RS07425
M744_RS08875	12.0533	SYNPCC7942_RS07420
M744_RS08880	37.4888	SYNPCC7942_RS07415
M744_RS08885	107.1151	SYNPCC7942_RS07410
M744_RS08890	127.9206	SYNPCC7942_RS07405
M744_RS08895	147.5457	SYNPCC7942_RS07400
M744_RS08900	43.6588	SYNPCC7942_RS07395
M744_RS08910	5021.8886	SYNPCC7942_RS07385
M744_RS08920	1.9314	SYNPCC7942_RS07375
M744_RS08930	2.4881	SYNPCC7942_RS07370
M744_RS08935	7.9218	SYNPCC7942_RS07365
M744_RS08940	120.6016	SYNPCC7942_RS07360
M744_RS08945	61.3774	SYNPCC7942_RS07355
M744_RS08950	39.0162	SYNPCC7942_RS07350
M744_RS08955	13.4886	SYNPCC7942_RS07345
M744_RS08960	35.4145	SYNPCC7942_RS07340
M744_RS08965	714.8791	SYNPCC7942_RS07335
M744_RS08970	30.8476	SYNPCC7942_RS07330
M744_RS08975	97.1194	SYNPCC7942_RS07325
M744_RS08980	346.4438	SYNPCC7942_RS07320
M744_RS08985	13.2660	SYNPCC7942_RS07315
M744_RS08990	10.3447	SYNPCC7942_RS07310
M744_RS08995	12.9683	SYNPCC7942_RS07305
M744_RS09000	1862.3200	SYNPCC7942_RS07300
M744_RS09005	7127.4952	SYNPCC7942_RS07295
M744_RS09010	43.9581	SYNPCC7942_RS07290
M744_RS09015	43.3215	SYNPCC7942_RS07285
M744_RS09020	836.2342	SYNPCC7942_RS07280
M744_RS09025	210.9704	SYNPCC7942_RS07275
M744_RS09030	986.0235	SYNPCC7942_RS07270
M744_RS09035	1716.0388	SYNPCC7942_RS07265
M744_RS09040	2513.8305	SYNPCC7942_RS07260
M744_RS09045	1.1279	SYNPCC7942_RS07255
M744_RS09050	26.9118	SYNPCC7942_RS07250
M744_RS09055	351.0655	SYNPCC7942_RS07245
M744_RS09060	728.8094	SYNPCC7942_RS07240
M744_RS09065	11.7363	SYNPCC7942_RS07235
M744_RS09070	5.7096	SYNPCC7942_RS07230
M744_RS09075	163.0323	SYNPCC7942_RS07225
M744_RS09080	35.3130	SYNPCC7942_RS07220
M744_RS09085	571.6266	SYNPCC7942_RS07215
M744_RS09090	44.4379	SYNPCC7942_RS07210
M744_RS09095	5.1553	SYNPCC7942_RS07205
M744_RS09100	133.5512	SYNPCC7942_RS07200
M744_RS09105	48.7245	SYNPCC7942_RS07195
M744_RS09110	15.5799	SYNPCC7942_RS07190
M744_RS09115	13.6798	SYNPCC7942_RS07185
M744_RS09120	11.9226	SYNPCC7942_RS07180
M744_RS09125	38.3481	SYNPCC7942_RS07175
M744_RS09130	65.1775	SYNPCC7942_RS07170
M744_RS09135	141.6012	SYNPCC7942_RS07165
M744_RS09140	120.2873	SYNPCC7942_RS07160
M744_RS09145	140.5849	SYNPCC7942_RS07155
M744_RS09150	753.4884	SYNPCC7942_RS07150
M744_RS09155	2.6673	SYNPCC7942_RS07145
M744_RS09160	3.7637	SYNPCC7942_RS07140
M744_RS09165	52.1102	SYNPCC7942_RS07135
M744_RS09170	2.8681	SYNPCC7942_RS07130
M744_RS09175	4.2066	SYNPCC7942_RS07125
M744_RS09180	22.1413	SYNPCC7942_RS07120
M744_RS09185	27.9260	SYNPCC7942_RS07115
M744_RS09195	5.3078	SYNPCC7942_RS07105
M744_RS09200	17.8332	SYNPCC7942_RS07100
M744_RS09205	9.3038	SYNPCC7942_RS07095
M744_RS09210	13.4837	SYNPCC7942_RS07090
M744_RS09215	16.7489	SYNPCC7942_RS07085
M744_RS09220	442.0332	SYNPCC7942_RS07080
M744_RS09225	58.3186	SYNPCC7942_RS07075
M744_RS09230	27.6210	SYNPCC7942_RS07070
M744_RS09235	20.4592	SYNPCC7942_RS07065
M744_RS09240	55.4940	SYNPCC7942_RS07060
M744_RS09250	15.8993	SYNPCC7942_RS07050
M744_RS09255	284.5590	SYNPCC7942_RS07045
M744_RS09260	57.7904	SYNPCC7942_RS07040
M744_RS09265	16.8239	SYNPCC7942_RS07035
M744_RS09270	32.9411	SYNPCC7942_RS07030
M744_RS09275	1318.7454	SYNPCC7942_RS07025
M744_RS09280	120.6396	SYNPCC7942_RS07020
M744_RS09285	13.0215	SYNPCC7942_RS07015
M744_RS09290	10.2090	SYNPCC7942_RS07010
M744_RS09295	8.2195	SYNPCC7942_RS07005
M744_RS09300	27.5045	SYNPCC7942_RS07000
M744_RS09305	3.3982	SYNPCC7942_RS06995
M744_RS09310	32.3745	SYNPCC7942_RS06990
M744_RS09315	9.8968	SYNPCC7942_RS06985
M744_RS09320	117.1596	SYNPCC7942_RS06975
M744_RS09330	30.2908	SYNPCC7942_RS06965
M744_RS09335	47.2937	SYNPCC7942_RS06960
M744_RS09340	18.1430	SYNPCC7942_RS06955
M744_RS09345	169.2258	SYNPCC7942_RS06950
M744_RS09350	29.3542	SYNPCC7942_RS06940
M744_RS09355	117.9156	SYNPCC7942_RS06935
M744_RS09360	3.3764	SYNPCC7942_RS06930
M744_RS09365	22.5261	SYNPCC7942_RS06925
M744_RS09370	16.9668	SYNPCC7942_RS06920
M744_RS09375	4.8117	SYNPCC7942_RS06915
M744_RS09380	513.6150	SYNPCC7942_RS06910
M744_RS09385	6.8375	SYNPCC7942_RS06905
M744_RS09390	0.9512	SYNPCC7942_RS06900
M744_RS09395	6.2687	SYNPCC7942_RS06895
M744_RS09400	5.9516	SYNPCC7942_RS06890
M744_RS09405	4.3736	SYNPCC7942_RS06885
M744_RS09410	111.1157	SYNPCC7942_RS06880
M744_RS09415	260.1600	SYNPCC7942_RS06875
M744_RS09420	217.4527	SYNPCC7942_RS06870
M744_RS09425	269.1327	SYNPCC7942_RS06865
M744_RS09430	7.6483	SYNPCC7942_RS06860
M744_RS09435	10.1631	SYNPCC7942_RS06855
M744_RS09440	46.4250	SYNPCC7942_RS06850
M744_RS09445	37.0191	SYNPCC7942_RS06845
M744_RS09450	277.8594	SYNPCC7942_RS06840
M744_RS09455	21.2965	SYNPCC7942_RS06835
M744_RS09460	2.9915	SYNPCC7942_RS06830
M744_RS09465	2.1178	SYNPCC7942_RS06825
M744_RS09470	5.4192	SYNPCC7942_RS06820
M744_RS09475	7.1787	SYNPCC7942_RS06815
M744_RS09480	12.4358	SYNPCC7942_RS06810
M744_RS09485	28.9836	SYNPCC7942_RS06805
M744_RS09490	27.5073	SYNPCC7942_RS06800
M744_RS09495	112.4296	SYNPCC7942_RS06795
M744_RS09500	1.4450	SYNPCC7942_RS06790
M744_RS09505	12.9586	SYNPCC7942_RS06785
M744_RS09510	96.6756	SYNPCC7942_RS06780
M744_RS09515	46.2191	SYNPCC7942_RS06775
M744_RS09520	101.3596	SYNPCC7942_RS06770
M744_RS09525	14.5924	SYNPCC7942_RS06765
M744_RS09530	1077.5330	SYNPCC7942_RS06760
M744_RS09535	23.5743	SYNPCC7942_RS06755
M744_RS09540	14.6624	SYNPCC7942_RS06750
M744_RS09545	6.7431	SYNPCC7942_RS06745
M744_RS09550	5.8960	SYNPCC7942_RS06740
M744_RS09555	2.3042	SYNPCC7942_RS06735
M744_RS09560	3.5264	SYNPCC7942_RS06730
M744_RS09565	47.2887	SYNPCC7942_RS06725
M744_RS09570	1477.3462	SYNPCC7942_RS06720
M744_RS09575	71.0754	SYNPCC7942_RS06715
M744_RS09580	20.9577	SYNPCC7942_RS06710
M744_RS09585	16.4583	SYNPCC7942_RS06705
M744_RS09590	65.2888	SYNPCC7942_RS06700
M744_RS09595	4.4994	SYNPCC7942_RS06695
M744_RS09600	26.1665	SYNPCC7942_RS06690
M744_RS09605	17.1870	SYNPCC7942_RS06685
M744_RS09610	53.3421	SYNPCC7942_RS06680
M744_RS09615	22.7540	SYNPCC7942_RS06675
M744_RS09620	25.2612	SYNPCC7942_RS06670
M744_RS09625	35.1139	SYNPCC7942_RS06665
M744_RS09630	224.9085	SYNPCC7942_RS06660
M744_RS09635	9.7976	SYNPCC7942_RS06655
M744_RS09640	2.1783	SYNPCC7942_RS06650
M744_RS09645	26.4665	SYNPCC7942_RS06645
M744_RS09650	80.8501	SYNPCC7942_RS06640
M744_RS09655	305.5520	SYNPCC7942_RS06635
M744_RS09660	5.0295	SYNPCC7942_RS06630
M744_RS09665	52.5364	SYNPCC7942_RS06625
M744_RS09670	68.5731	SYNPCC7942_RS06620
M744_RS09675	180.8140	SYNPCC7942_RS06615
M744_RS09680	62.8369	SYNPCC7942_RS06610
M744_RS09685	11.0829	SYNPCC7942_RS06605
M744_RS09690	195.5068	SYNPCC7942_RS06600
M744_RS09695	2.3429	SYNPCC7942_RS06595
M744_RS09700	73.6412	SYNPCC7942_RS06590
M744_RS09705	24.4720	SYNPCC7942_RS06585
M744_RS09710	15.7831	SYNPCC7942_RS06580
M744_RS09715	244.3264	SYNPCC7942_RS06575
M744_RS09720	196.6409	SYNPCC7942_RS06570
M744_RS09725	122.1654	SYNPCC7942_RS06565
M744_RS09730	21.8049	SYNPCC7942_RS06560
M744_RS09735	9.1126	SYNPCC7942_RS06555
M744_RS09740	0.4768	SYNPCC7942_RS06550
M744_RS09745	558.1709	SYNPCC7942_RS06545
M744_RS09750	1263.5212	SYNPCC7942_RS06540
M744_RS09755	6.1041	SYNPCC7942_RS06535
M744_RS09760	49.4697	SYNPCC7942_RS06530
M744_RS09765	67.0460	SYNPCC7942_RS06525
M744_RS09770	17.1263	SYNPCC7942_RS06520
M744_RS09775	4.1388	SYNPCC7942_RS06515
M744_RS09780	87.3927	SYNPCC7942_RS06510
M744_RS09785	7.5467	SYNPCC7942_RS06505
M744_RS09790	22.2285	SYNPCC7942_RS06500
M744_RS09795	32.6697	SYNPCC7942_RS06495
M744_RS09800	46.7297	SYNPCC7942_RS06490
M744_RS09805	10.9157	SYNPCC7942_RS06485
M744_RS09810	9.2482	SYNPCC7942_RS06480
M744_RS09815	14.6986	SYNPCC7942_RS06475
M744_RS09820	19.3389	SYNPCC7942_RS06470
M744_RS09825	17.2595	SYNPCC7942_RS06465
M744_RS09830	38.5951	SYNPCC7942_RS06460
M744_RS09835	63.5074	SYNPCC7942_RS06455
M744_RS09840	163.3960	SYNPCC7942_RS06450
M744_RS09845	7.9024	SYNPCC7942_RS06445
M744_RS09850	66.4339	SYNPCC7942_RS06440
M744_RS09855	78.4504	SYNPCC7942_RS06435
M744_RS09860	99.3479	SYNPCC7942_RS06430
M744_RS09865	449.4532	SYNPCC7942_RS06425
M744_RS09875	12.7601	SYNPCC7942_RS06415
M744_RS09880	2.1371	SYNPCC7942_RS06410
M744_RS09885	4394.5326	SYNPCC7942_RS06405
M744_RS09890	250.2086	SYNPCC7942_RS06400
M744_RS09895	16.5382	SYNPCC7942_RS06395
M744_RS09905	63.5942	SYNPCC7942_RS06385
M744_RS09910	2.2703	SYNPCC7942_RS06380
M744_RS09915	22.0544	SYNPCC7942_RS06375
M744_RS09920	3.7298	SYNPCC7942_RS06370
M744_RS09925	8.2631	SYNPCC7942_RS06365
M744_RS09930	28.6376	SYNPCC7942_RS06360
M744_RS09935	384.6869	SYNPCC7942_RS06355
M744_RS09940	1386.6125	SYNPCC7942_RS06350
M744_RS09945	568.3079	SYNPCC7942_RS06345
M744_RS09950	1737.3366	SYNPCC7942_RS06340
M744_RS09955	636.7927	SYNPCC7942_RS06335
M744_RS09960	74.0849	SYNPCC7942_RS06330
M744_RS09965	13.8516	SYNPCC7942_RS06325
M744_RS09970	7.7959	SYNPCC7942_RS06320
M744_RS09975	230.1572	SYNPCC7942_RS06315
M744_RS09980	896.8671	SYNPCC7942_RS06310
M744_RS09985	23.0612	SYNPCC7942_RS06305
M744_RS09990	9.8581	SYNPCC7942_RS06300
M744_RS09995	10.4801	SYNPCC7942_RS06295
M744_RS10000	11.1071	SYNPCC7942_RS06290
M744_RS10010	59.0861	SYNPCC7942_RS06280
M744_RS10015	235.9347	SYNPCC7942_RS06275
M744_RS10020	21.2023	SYNPCC7942_RS06270
M744_RS10025	18.0025	SYNPCC7942_RS06265
M744_RS10030	6.2446	SYNPCC7942_RS06260
M744_RS10035	121.4718	SYNPCC7942_RS06255
M744_RS10040	475.9976	SYNPCC7942_RS06250
M744_RS10045	1299.4630	SYNPCC7942_RS06245
M744_RS10050	30.9878	SYNPCC7942_RS06240
M744_RS10055	42.1504	SYNPCC7942_RS06235
M744_RS10060	71.2795	SYNPCC7942_RS06230
M744_RS10065	7.6289	SYNPCC7942_RS06225
M744_RS10070	18.2444	SYNPCC7942_RS06220
M744_RS10075	2.7083	SYNPCC7942_RS06215
M744_RS10080	6.6318	SYNPCC7942_RS06210
M744_RS10085	3.7007	SYNPCC7942_RS06205
M744_RS10090	2.3526	SYNPCC7942_RS06200
M744_RS10095	1.3312	SYNPCC7942_RS06195
M744_RS10100	20.8417	SYNPCC7942_RS06190
M744_RS10105	10.7948	SYNPCC7942_RS06185
M744_RS10110	2.0427	SYNPCC7942_RS06180
M744_RS10115	0.2832	SYNPCC7942_RS06175
M744_RS10125	0.7164	SYNPCC7942_RS06165
M744_RS10130	0.2420	SYNPCC7942_RS06160
M744_RS10135	42.5713	SYNPCC7942_RS06155
M744_RS10140	59.5281	SYNPCC7942_RS06150
M744_RS10145	10.0202	SYNPCC7942_RS06145
M744_RS10150	7.9823	SYNPCC7942_RS06140
M744_RS10155	515.6819	SYNPCC7942_RS06135
M744_RS10160	189.3192	SYNPCC7942_RS06130
M744_RS10165	24.9272	SYNPCC7942_RS06125
M744_RS10170	125.9261	SYNPCC7942_RS06120
M744_RS10175	32.3310	SYNPCC7942_RS06115
M744_RS10180	43.1200	SYNPCC7942_RS06110
M744_RS10185	142.8823	SYNPCC7942_RS06105
M744_RS10190	22.1292	SYNPCC7942_RS06100
M744_RS10195	135.9599	SYNPCC7942_RS06095
M744_RS10200	18.0291	SYNPCC7942_RS06090
M744_RS10205	41.8793	SYNPCC7942_RS06085
M744_RS10210	9.2651	SYNPCC7942_RS06080
M744_RS10215	2.2267	SYNPCC7942_RS06075
M744_RS10220	2.8294	SYNPCC7942_RS06070
M744_RS10225	130.1864	SYNPCC7942_RS06065
M744_RS10230	63.0474	SYNPCC7942_RS06060
M744_RS10235	90.1380	SYNPCC7942_RS06055
M744_RS10240	173.5359	SYNPCC7942_RS06050
M744_RS10245	81.5363	SYNPCC7942_RS06045
M744_RS10250	144.0521	SYNPCC7942_RS06040
M744_RS10255	86.8230	SYNPCC7942_RS06035
M744_RS10260	1176.6457	SYNPCC7942_RS06030
M744_RS10265	851.0123	SYNPCC7942_RS06025
M744_RS10270	300.1500	SYNPCC7942_RS06020
M744_RS10275	6.3050	SYNPCC7942_RS06015
M744_RS10280	7.0044	SYNPCC7942_RS06010
M744_RS10285	7.5515	SYNPCC7942_RS06005
M744_RS10290	6.9658	SYNPCC7942_RS06000
M744_RS10295	19.7208	SYNPCC7942_RS05995
M744_RS10300	7.1328	SYNPCC7942_RS05990
M744_RS10305	9.4902	SYNPCC7942_RS05985
M744_RS10310	9.9186	SYNPCC7942_RS05980
M744_RS10320	2.8052	SYNPCC7942_RS05970
M744_RS10330	6.2396	SYNPCC7942_RS05960
M744_RS10335	1.9895	SYNPCC7942_RS05955
M744_RS10340	2.5099	SYNPCC7942_RS05950
M744_RS10345	12.6221	SYNPCC7942_RS05945
M744_RS10355	10.4341	SYNPCC7942_RS05935
M744_RS10360	20.2001	SYNPCC7942_RS05930
M744_RS10365	8.0138	SYNPCC7942_RS05925
M744_RS10370	3.1948	SYNPCC7942_RS05920
M744_RS10375	21.2454	SYNPCC7942_RS05915
M744_RS10380	103.9227	SYNPCC7942_RS05910
M744_RS10390	23.5452	SYNPCC7942_RS05900
M744_RS10395	135.4127	SYNPCC7942_RS05895
M744_RS10405	43.0242	SYNPCC7942_RS05885
M744_RS10410	20.9797	SYNPCC7942_RS05880
M744_RS10415	0.5180	SYNPCC7942_RS05875
M744_RS10420	35.2064	SYNPCC7942_RS05870
M744_RS10425	89.9136	SYNPCC7942_RS05865
M744_RS10435	56.8784	SYNPCC7942_RS05855
M744_RS10440	33.3960	SYNPCC7942_RS05850
M744_RS10445	143.7561	SYNPCC7942_RS05845
M744_RS10450	7.6967	SYNPCC7942_RS05840
M744_RS10455	4.4897	SYNPCC7942_RS05835
M744_RS10460	115.3569	SYNPCC7942_RS05830
M744_RS10470	594.3456	SYNPCC7942_RS05820
M744_RS10475	114.3687	SYNPCC7942_RS05815
M744_RS10480	0.9948	SYNPCC7942_RS05810
M744_RS10485	2.8875	SYNPCC7942_RS05805
M744_RS10490	3.4393	SYNPCC7942_RS05800
M744_RS10495	7.3119	SYNPCC7942_RS05795
M744_RS10500	18.5615	SYNPCC7942_RS05790
M744_RS10505	41.8406	SYNPCC7942_RS05785
M744_RS10510	12.4043	SYNPCC7942_RS05780
M744_RS10515	3.2505	SYNPCC7942_RS05775
M744_RS10520	110.7717	SYNPCC7942_RS05770
M744_RS10525	57.0357	SYNPCC7942_RS05765
M744_RS10530	245.7029	SYNPCC7942_RS05760
M744_RS10535	93.4285	SYNPCC7942_RS05755
M744_RS10540	403.7329	SYNPCC7942_RS05750
M744_RS10545	109.6556	SYNPCC7942_RS05745
M744_RS10550	35.0756	SYNPCC7942_RS05740
M744_RS10555	8.1009	SYNPCC7942_RS05735
M744_RS10565	5.8572	SYNPCC7942_RS05725
M744_RS10570	236.4222	SYNPCC7942_RS05720
M744_RS10575	28.1147	SYNPCC7942_RS05715
M744_RS10580	48.5570	SYNPCC7942_RS05710
M744_RS10585	18.2035	SYNPCC7942_RS05705
M744_RS10590	12.6656	SYNPCC7942_RS05700
M744_RS10595	5.0513	SYNPCC7942_RS05695
M744_RS10600	125.0567	SYNPCC7942_RS05690
M744_RS10605	5.2207	SYNPCC7942_RS05685
M744_RS10610	23.4824	SYNPCC7942_RS05680
M744_RS10615	27.5509	SYNPCC7942_RS05675
M744_RS10620	20.7788	SYNPCC7942_RS05670
M744_RS10625	39.3111	SYNPCC7942_RS05665
M744_RS10630	19.2150	SYNPCC7942_RS05660
M744_RS10635	5.5644	SYNPCC7942_RS05655
M744_RS10640	27.7178	SYNPCC7942_RS05650
M744_RS10645	433.2580	SYNPCC7942_RS05645
M744_RS10650	29.3469	SYNPCC7942_RS05640
M744_RS10655	37.2637	SYNPCC7942_RS05635
M744_RS10660	27.2774	SYNPCC7942_RS05630
M744_RS10665	765.9640	SYNPCC7942_RS05625
M744_RS10670	12.4986	SYNPCC7942_RS05620
M744_RS10675	3.7757	SYNPCC7942_RS05615
M744_RS10680	7.3652	SYNPCC7942_RS05610
M744_RS10685	8.2680	SYNPCC7942_RS05605
M744_RS10690	2.8197	SYNPCC7942_RS05600
M744_RS10695	26.2729	SYNPCC7942_RS05595
M744_RS10700	553.3537	SYNPCC7942_RS05590
M744_RS10705	2985.1122	SYNPCC7942_RS05585
M744_RS10710	54.8041	SYNPCC7942_RS05580
M744_RS10715	420.0894	SYNPCC7942_RS05575
M744_RS10720	77.3637	SYNPCC7942_RS05570
M744_RS10725	2.5946	SYNPCC7942_RS05565
M744_RS10735	262.3254	SYNPCC7942_RS05555
M744_RS10740	43.0678	SYNPCC7942_RS05550
M744_RS10745	27.9141	SYNPCC7942_RS05545
M744_RS10755	16.2648	SYNPCC7942_RS05535
M744_RS10760	59.3640	SYNPCC7942_RS05530
M744_RS10765	5.2933	SYNPCC7942_RS05525
M744_RS10770	3.8338	SYNPCC7942_RS05520
M744_RS10775	1.5515	SYNPCC7942_RS05515
M744_RS10780	2.5559	SYNPCC7942_RS05510
M744_RS10785	21.5315	SYNPCC7942_RS05505
M744_RS10790	25.6608	SYNPCC7942_RS05500
M744_RS10795	67.5708	SYNPCC7942_RS05495
M744_RS10800	14.9917	SYNPCC7942_RS05490
M744_RS10805	14.7617	SYNPCC7942_RS05485
M744_RS10810	311.2549	SYNPCC7942_RS05480
M744_RS10815	3.5604	SYNPCC7942_RS05475
M744_RS10825	58.2698	SYNPCC7942_RS05465
M744_RS10830	20.9847	SYNPCC7942_RS05460
M744_RS10835	7.5781	SYNPCC7942_RS05455
M744_RS10840	32.0114	SYNPCC7942_RS05450
M744_RS10845	10.2889	SYNPCC7942_RS05445
M744_RS10850	1.2683	SYNPCC7942_RS05440
M744_RS10855	17.8476	SYNPCC7942_RS05435
M744_RS10860	852.6762	SYNPCC7942_RS05430
M744_RS10865	3.2554	SYNPCC7942_RS05425
M744_RS10870	88.2608	SYNPCC7942_RS05420
M744_RS10875	100.8585	SYNPCC7942_RS05415
M744_RS10880	7.0264	SYNPCC7942_RS05410
M744_RS10885	26.5997	SYNPCC7942_RS05405
M744_RS10900	1048.2490	SYNPCC7942_RS05390
M744_RS10905	3353.0115	SYNPCC7942_RS05385
M744_RS10910	2376.4376	SYNPCC7942_RS05380
M744_RS10925	11.5135	SYNPCC7942_RS05365
M744_RS10930	25.8881	SYNPCC7942_RS05360
M744_RS10935	30.1018	SYNPCC7942_RS05355
M744_RS10940	7.9968	SYNPCC7942_RS05350
M744_RS10945	3.1925	SYNPCC7942_RS05345
M744_RS10950	12.1358	SYNPCC7942_RS05340
M744_RS10955	1.6555	SYNPCC7942_RS05335
M744_RS10960	3.6692	SYNPCC7942_RS05330
M744_RS10965	40.4222	SYNPCC7942_RS05325
M744_RS10970	10.5500	SYNPCC7942_RS05320
M744_RS10975	27.1879	SYNPCC7942_RS05315
M744_RS10980	41.9808	SYNPCC7942_RS05310
M744_RS10985	72.8974	SYNPCC7942_RS05305
M744_RS10990	69.1551	SYNPCC7942_RS05300
M744_RS11000	103.2186	SYNPCC7942_RS05290
M744_RS11005	83.1291	SYNPCC7942_RS05285
M744_RS11015	1.3675	SYNPCC7942_RS05275
M744_RS11020	46.8458	SYNPCC7942_RS05270
M744_RS11025	2.3090	SYNPCC7942_RS05265
M744_RS11030	28.8483	SYNPCC7942_RS05260
M744_RS11035	19.7211	SYNPCC7942_RS05255
M744_RS11040	5.9540	SYNPCC7942_RS05250
M744_RS11045	6.2058	SYNPCC7942_RS05245
M744_RS11050	47.0302	SYNPCC7942_RS05240
M744_RS11055	4.3494	SYNPCC7942_RS05235
M744_RS11060	11.9444	SYNPCC7942_RS05230
M744_RS11070	17.6734	SYNPCC7942_RS05220
M744_RS11075	157.6577	SYNPCC7942_RS05215
M744_RS11080	467.6458	SYNPCC7942_RS05210
M744_RS11085	4.8867	SYNPCC7942_RS05205
M744_RS11090	5.1457	SYNPCC7942_RS05195
M744_RS11095	3.9645	SYNPCC7942_RS05190
M744_RS11100	29.2089	SYNPCC7942_RS05185
M744_RS11105	5.4603	SYNPCC7942_RS05180
M744_RS11110	3.0957	SYNPCC7942_RS05175
M744_RS11115	26.9066	SYNPCC7942_RS05170
M744_RS11125	9.5362	SYNPCC7942_RS05160
M744_RS11130	2.1275	SYNPCC7942_RS05155
M744_RS11135	1.1472	SYNPCC7942_RS05150
M744_RS11145	6518.8701	SYNPCC7942_RS05140
M744_RS11150	77.7850	SYNPCC7942_RS05135
M744_RS11155	7.7693	SYNPCC7942_RS05130
M744_RS11160	6.3993	SYNPCC7942_RS13725
M744_RS11165	73.2838	SYNPCC7942_RS05125
M744_RS11170	118.0745	SYNPCC7942_RS05120
M744_RS11175	17.3055	SYNPCC7942_RS05115
M744_RS11180	6.3921	SYNPCC7942_RS05110
M744_RS11185	16.8917	SYNPCC7942_RS05105
M744_RS11190	59.5792	SYNPCC7942_RS05100
M744_RS11195	21.3933	SYNPCC7942_RS05095
M744_RS11200	30.5618	SYNPCC7942_RS05090
M744_RS11205	2.1202	SYNPCC7942_RS13875
M744_RS11210	82.0280	SYNPCC7942_RS05080
M744_RS11215	19.5395	SYNPCC7942_RS05075
M744_RS11220	33.3719	SYNPCC7942_RS05070
M744_RS11225	25.5829	SYNPCC7942_RS05065
M744_RS11230	51.6335	SYNPCC7942_RS05060
M744_RS11235	10.2575	SYNPCC7942_RS05055
M744_RS11240	35.1168	SYNPCC7942_RS05050
M744_RS11245	39.4735	SYNPCC7942_RS05045
M744_RS11250	38.2875	SYNPCC7942_RS05040
M744_RS11260	8.6479	SYNPCC7942_RS05030
M744_RS11265	1.8322	SYNPCC7942_RS05025
M744_RS11270	2205.4450	SYNPCC7942_RS05020
M744_RS11275	2550.5752	SYNPCC7942_RS05015
M744_RS11280	26.0263	SYNPCC7942_RS05010
M744_RS11285	2.3114	SYNPCC7942_RS05005
M744_RS11295	20.6819	SYNPCC7942_RS04995
M744_RS11300	250.1689	SYNPCC7942_RS04990
M744_RS11305	2.1759	SYNPCC7942_RS04985
M744_RS11310	3.8774	SYNPCC7942_RS04980
M744_RS11315	2.6115	SYNPCC7942_RS04975
M744_RS11320	293.6105	SYNPCC7942_RS04970
M744_RS11325	8.7205	SYNPCC7942_RS04965
M744_RS11330	33.4661	SYNPCC7942_RS04960
M744_RS11335	58.4678	SYNPCC7942_RS04955
M744_RS11340	9.2821	SYNPCC7942_RS04945
M744_RS11345	24.5057	SYNPCC7942_RS04940
M744_RS11350	9.8339	SYNPCC7942_RS04935
M744_RS11355	17.5693	SYNPCC7942_RS04930
M744_RS11360	5.7556	SYNPCC7942_RS04925
M744_RS11365	32.0359	SYNPCC7942_RS04920
M744_RS11370	142.6341	SYNPCC7942_RS04915
M744_RS11375	17.7217	SYNPCC7942_RS04910
M744_RS11380	18.6680	SYNPCC7942_RS04905
M744_RS11385	0.9439	SYNPCC7942_RS04900
M744_RS11390	28.2816	SYNPCC7942_RS04895
M744_RS11395	32.1084	SYNPCC7942_RS04890
M744_RS11400	20.4932	SYNPCC7942_RS04885
M744_RS11405	10.5430	SYNPCC7942_RS04880
M744_RS11410	9.8872	SYNPCC7942_RS04875
M744_RS11415	14.8682	SYNPCC7942_RS04870
M744_RS11420	62.6313	SYNPCC7942_RS04865
M744_RS11425	14.3648	SYNPCC7942_RS04860
M744_RS11430	14.8005	SYNPCC7942_RS04855
M744_RS11435	227.2548	SYNPCC7942_RS04850
M744_RS11440	719.4233	SYNPCC7942_RS04845
M744_RS11445	49.0240	SYNPCC7942_RS04840
M744_RS11450	32.8248	SYNPCC7942_RS04835
M744_RS11455	10.2527	SYNPCC7942_RS04830
M744_RS11460	1.3239	SYNPCC7942_RS04825
M744_RS11465	8.7277	SYNPCC7942_RS04820
M744_RS11470	4.7100	SYNPCC7942_RS04815
M744_RS11475	2.6938	SYNPCC7942_RS04810
M744_RS11480	2.7447	SYNPCC7942_RS04805
M744_RS11485	3.3522	SYNPCC7942_RS04800
M744_RS11490	19.4475	SYNPCC7942_RS04795
M744_RS11495	14.3626	SYNPCC7942_RS04790
M744_RS11500	5.4555	SYNPCC7942_RS04785
M744_RS11505	74.6402	SYNPCC7942_RS04780
M744_RS11510	380.3325	SYNPCC7942_RS04775
M744_RS11515	63.9917	SYNPCC7942_RS04770
M744_RS11520	39.3788	SYNPCC7942_RS04765
M744_RS11525	39.0932	SYNPCC7942_RS04760
M744_RS11530	148.9606	SYNPCC7942_RS04755
M744_RS11535	35.2742	SYNPCC7942_RS04750
M744_RS11540	6.1501	SYNPCC7942_RS04745
M744_RS11545	4.1921	SYNPCC7942_RS04740
M744_RS11550	751.5317	SYNPCC7942_RS04735
M744_RS11555	40.4999	SYNPCC7942_RS04730
M744_RS11565	75.1683	SYNPCC7942_RS04720
M744_RS11580	18.2856	SYNPCC7942_RS04705
M744_RS11585	3.7443	SYNPCC7942_RS04700
M744_RS11590	0.8447	SYNPCC7942_RS04695
M744_RS11595	13.3191	SYNPCC7942_RS04690
M744_RS11600	3.0593	SYNPCC7942_RS04685
M744_RS11605	82.4832	SYNPCC7942_RS04680
M744_RS11610	90.5062	SYNPCC7942_RS04675
M744_RS11615	10.6108	SYNPCC7942_RS04670
M744_RS11625	154.3115	SYNPCC7942_RS13975
M744_RS11630	115.8524	SYNPCC7942_RS04660
M744_RS11635	639.4214	SYNPCC7942_RS04655
M744_RS11640	9.3353	SYNPCC7942_RS04650
M744_RS11645	46.3401	SYNPCC7942_RS04645
M744_RS11650	5561.3067	SYNPCC7942_RS04640
M744_RS11655	11.7847	SYNPCC7942_RS04635
M744_RS11665	8.2728	SYNPCC7942_RS04625
M744_RS11670	14.7882	SYNPCC7942_RS04620
M744_RS11675	95.4952	SYNPCC7942_RS04615
M744_RS11680	7.6290	SYNPCC7942_RS04610
M744_RS11685	3.4199	SYNPCC7942_RS04605
M744_RS11695	3.4490	SYNPCC7942_RS04595
M744_RS11700	3.2940	SYNPCC7942_RS04590
M744_RS11710	112.7470	SYNPCC7942_RS04580
M744_RS11715	3.5482	SYNPCC7942_RS04575
M744_RS11720	705.8125	SYNPCC7942_RS04570
M744_RS11725	685.1142	SYNPCC7942_RS04565
M744_RS11730	4091.5999	SYNPCC7942_RS04560
M744_RS11735	9077.9367	SYNPCC7942_RS04555
M744_RS11740	1244.2404	SYNPCC7942_RS04550
M744_RS11745	18.8377	SYNPCC7942_RS04545
M744_RS11750	8.6504	SYNPCC7942_RS04540
M744_RS11755	2.1371	SYNPCC7942_RS04535
M744_RS11760	2.8680	SYNPCC7942_RS04530
M744_RS11765	50.2855	SYNPCC7942_RS04525
M744_RS11770	81.0811	SYNPCC7942_RS04520
M744_RS11775	189.4759	SYNPCC7942_RS04515
M744_RS11780	10.4340	SYNPCC7942_RS04510
M744_RS11785	29.6493	SYNPCC7942_RS04505
M744_RS11790	10.6497	SYNPCC7942_RS04500
M744_RS11795	3.9428	SYNPCC7942_RS04495
M744_RS11800	7.7959	SYNPCC7942_RS04490
M744_RS11805	2.5366	SYNPCC7942_RS04485
M744_RS11810	2.0040	SYNPCC7942_RS04480
M744_RS11815	11.7652	SYNPCC7942_RS04475
M744_RS11820	0.4260	SYNPCC7942_RS04470
M744_RS11825	14.6189	SYNPCC7942_RS04465
M744_RS11830	19.2129	SYNPCC7942_RS04460
M744_RS11835	78.7075	SYNPCC7942_RS04455
M744_RS11840	163.9278	SYNPCC7942_RS04450
M744_RS11845	24.7020	SYNPCC7942_RS04445
M744_RS11850	147.2032	SYNPCC7942_RS04440
M744_RS11855	25.2176	SYNPCC7942_RS04435
M744_RS11860	104.9082	SYNPCC7942_RS04430
M744_RS11865	899.6147	SYNPCC7942_RS04425
M744_RS11870	232.4371	SYNPCC7942_RS04420
M744_RS11875	96.2320	SYNPCC7942_RS04415
M744_RS11880	477.0333	SYNPCC7942_RS04410
M744_RS11885	93.3937	SYNPCC7942_RS04405
M744_RS11890	78.0146	SYNPCC7942_RS04400
M744_RS11895	36.2956	SYNPCC7942_RS04395
M744_RS11900	85.4531	SYNPCC7942_RS04390
M744_RS11910	52.5308	SYNPCC7942_RS04380
M744_RS11915	68.5297	SYNPCC7942_RS04375
M744_RS11920	16.6689	SYNPCC7942_RS04370
M744_RS11925	31.9897	SYNPCC7942_RS04365
M744_RS11930	130.9307	SYNPCC7942_RS04360
M744_RS11935	68.6775	SYNPCC7942_RS04355
M744_RS11940	16.0734	SYNPCC7942_RS04350
M744_RS11945	6.5590	SYNPCC7942_RS04345
M744_RS11950	8.6210	SYNPCC7942_RS04340
M744_RS11955	11.8959	SYNPCC7942_RS04335
M744_RS11960	8.1977	SYNPCC7942_RS04330
M744_RS11965	3.5071	SYNPCC7942_RS04325
M744_RS11970	31.2539	SYNPCC7942_RS04320
M744_RS11975	117.3338	SYNPCC7942_RS04315
M744_RS11980	73.3635	SYNPCC7942_RS04310
M744_RS11990	0.3752	SYNPCC7942_RS04300
M744_RS11995	4.5285	SYNPCC7942_RS04295
M744_RS12000	50.5007	SYNPCC7942_RS04290
M744_RS12005	2.5051	SYNPCC7942_RS04285
M744_RS12010	12.6729	SYNPCC7942_RS04280
M744_RS12015	34.7175	SYNPCC7942_RS04275
M744_RS12020	19.8033	SYNPCC7942_RS04270
M744_RS12025	3.1489	SYNPCC7942_RS04265
M744_RS12030	24.8593	SYNPCC7942_RS04260
M744_RS12035	11.8888	SYNPCC7942_RS04255
M744_RS12040	12.3268	SYNPCC7942_RS04250
M744_RS12045	19.6775	SYNPCC7942_RS04245
M744_RS12050	34.5508	SYNPCC7942_RS04240
M744_RS12055	38.5901	SYNPCC7942_RS04235
M744_RS12060	22.6156	SYNPCC7942_RS04230
M744_RS12065	4.4196	SYNPCC7942_RS04225
M744_RS12070	18.2058	SYNPCC7942_RS04220
M744_RS12075	7.2950	SYNPCC7942_RS04215
M744_RS12080	10.0638	SYNPCC7942_RS04210
M744_RS12085	47.9109	SYNPCC7942_RS04205
M744_RS12090	53.5650	SYNPCC7942_RS04200
M744_RS12095	50.9146	SYNPCC7942_RS04195
M744_RS12100	1.7039	SYNPCC7942_RS04190
M744_RS12105	44.3454	SYNPCC7942_RS04185
M744_RS12110	36.2954	SYNPCC7942_RS04180
M744_RS12115	8.9771	SYNPCC7942_RS04175
M744_RS12120	6.4623	SYNPCC7942_RS04170
M744_RS12125	58.3742	SYNPCC7942_RS04165
M744_RS12130	38.9000	SYNPCC7942_RS04160
M744_RS12135	16.9278	SYNPCC7942_RS04155
M744_RS12140	5.3587	SYNPCC7942_RS04150
M744_RS12145	1357.9781	SYNPCC7942_RS04145
M744_RS12150	45.8436	SYNPCC7942_RS04140
M744_RS12155	66.2837	SYNPCC7942_RS04135
M744_RS12160	31.4162	SYNPCC7942_RS04130
M744_RS12165	152.3445	SYNPCC7942_RS04125
M744_RS12170	11.3176	SYNPCC7942_RS04120
M744_RS12175	5.4241	SYNPCC7942_RS04115
M744_RS12180	1037.1373	SYNPCC7942_RS04110
M744_RS12185	25.9317	SYNPCC7942_RS04105
M744_RS12190	30.0029	SYNPCC7942_RS04100
M744_RS12195	8.7327	SYNPCC7942_RS04095
M744_RS12200	482.9023	SYNPCC7942_RS04090
M744_RS12205	9.8581	SYNPCC7942_RS04085
M744_RS12210	114.3127	SYNPCC7942_RS04080
M744_RS12215	19.7088	SYNPCC7942_RS04075
M744_RS12220	5.3248	SYNPCC7942_RS04070
M744_RS12225	3.5386	SYNPCC7942_RS04065
M744_RS12230	32.8103	SYNPCC7942_RS04060
M744_RS12235	81.3096	SYNPCC7942_RS04055
M744_RS12240	1811.8395	SYNPCC7942_RS04050
M744_RS12245	56.0975	SYNPCC7942_RS04045
M744_RS12250	85.2910	SYNPCC7942_RS04040
M744_RS12255	4.6979	SYNPCC7942_RS04035
M744_RS12260	60.7529	SYNPCC7942_RS04030
M744_RS12265	105.5301	SYNPCC7942_RS04025
M744_RS12270	10.2914	SYNPCC7942_RS04020
M744_RS12275	25.8737	SYNPCC7942_RS04015
M744_RS12280	38.8078	SYNPCC7942_RS04010
M744_RS12290	1.8322	SYNPCC7942_RS13700
M744_RS12295	2.0186	SYNPCC7942_RS03970
M744_RS12300	0.0944	SYNPCC7942_RS03965
M744_RS12310	6.4382	SYNPCC7942_RS03955
M744_RS12315	105.2565	SYNPCC7942_RS03950
M744_RS12325	18.7580	SYNPCC7942_RS03940
M744_RS12330	7.9800	SYNPCC7942_RS03935
M744_RS12335	92.4413	SYNPCC7942_RS03930
M744_RS12340	7.0094	SYNPCC7942_RS03925
M744_RS12345	0.5688	SYNPCC7942_RS03920
M744_RS12350	0.0000	SYNPCC7942_RS03915
M744_RS12355	1.8491	SYNPCC7942_RS03910
M744_RS12365	1.9968	SYNPCC7942_RS03900
M744_RS12370	0.0460	SYNPCC7942_RS03895
M744_RS12375	2.2897	SYNPCC7942_RS03890
M744_RS12380	16.9765	SYNPCC7942_RS03885
M744_RS12385	0.7092	SYNPCC7942_RS03880
M744_RS12390	5.9082	SYNPCC7942_RS03875
M744_RS12395	28.7927	SYNPCC7942_RS03870
M744_RS12405	15.2797	SYNPCC7942_RS03860
M744_RS12410	29.5744	SYNPCC7942_RS03855
M744_RS12415	186.6847	SYNPCC7942_RS03850
M744_RS12420	7.9049	SYNPCC7942_RS03845
M744_RS12425	1.6410	SYNPCC7942_RS03840
M744_RS12430	0.8544	SYNPCC7942_RS03835
M744_RS12440	4.6277	SYNPCC7942_RS03825
M744_RS12450	3.5022	SYNPCC7942_RS03815
M744_RS12455	6.4793	SYNPCC7942_RS03810
M744_RS12460	7.1255	SYNPCC7942_RS03805
M744_RS12465	5.9807	SYNPCC7942_RS03800
M744_RS12470	83.3744	SYNPCC7942_RS03795
M744_RS12475	8.1735	SYNPCC7942_RS03790
M744_RS12480	3.0666	SYNPCC7942_RS03785
M744_RS12485	1.9484	SYNPCC7942_RS03780
M744_RS12490	0.9948	SYNPCC7942_RS03775
M744_RS12495	6.5011	SYNPCC7942_RS03770
M744_RS12500	14.2583	SYNPCC7942_RS03765
M744_RS12505	7.0747	SYNPCC7942_RS03760
M744_RS12510	0.0944	SYNPCC7942_RS03755
M744_RS12515	0.9464	SYNPCC7942_RS03750
M744_RS12520	7.4353	SYNPCC7942_RS03745
M744_RS12530	3.4926	SYNPCC7942_RS03730
M744_RS12535	1.1763	SYNPCC7942_RS03725
M744_RS12540	0.1864	SYNPCC7942_RS03720
M744_RS12550	0.6075	SYNPCC7942_RS03710
M744_RS12555	0.7043	SYNPCC7942_RS03705
M744_RS12560	1.0771	SYNPCC7942_RS03700
M744_RS12565	0.3703	SYNPCC7942_RS03695
M744_RS12575	0.0944	SYNPCC7942_RS03685
M744_RS12580	3.3038	SYNPCC7942_RS03680
M744_RS12590	84.4023	SYNPCC7942_RS03670
M744_RS12600	27.4008	SYNPCC7942_RS03660
M744_RS12605	116.2178	SYNPCC7942_RS03655
M744_RS12610	1547.2766	SYNPCC7942_RS03650
M744_RS12615	231.4510	SYNPCC7942_RS03645
M744_RS12620	41.7535	SYNPCC7942_RS03640
M744_RS12625	2.6212	SYNPCC7942_RS03635
M744_RS12630	34.0542	SYNPCC7942_RS03630
M744_RS12635	5.5475	SYNPCC7942_RS03625
M744_RS12640	5.9637	SYNPCC7942_RS03620
M744_RS12645	25.1888	SYNPCC7942_RS03615
M744_RS12650	10.9546	SYNPCC7942_RS03610
M744_RS12655	63.8403	SYNPCC7942_RS03605
M744_RS12660	1.8080	SYNPCC7942_RS03600
M744_RS12665	2.9165	SYNPCC7942_RS03595
M744_RS12670	2248.3552	SYNPCC7942_RS03590
M744_RS12675	58.3934	SYNPCC7942_RS03585
M744_RS12685	18762.7104	SYNPCC7942_RS03575
M744_RS12690	1447.3117	SYNPCC7942_RS03570
M744_RS12695	108.2087	SYNPCC7942_RS03565
M744_RS12700	456.3818	SYNPCC7942_RS03560
M744_RS12705	1.3215	SYNPCC7942_RS03555
M744_RS12710	3.4466	SYNPCC7942_RS03550
M744_RS12715	0.5204	SYNPCC7942_RS13620
M744_RS12720	7.6895	SYNPCC7942_RS03540
M744_RS12725	3.3885	SYNPCC7942_RS03535
M744_RS12730	1.5127	SYNPCC7942_RS03530
M744_RS12735	114.1514	SYNPCC7942_RS03525
M744_RS12740	127.2476	SYNPCC7942_RS03520
M744_RS12745	152.9709	SYNPCC7942_RS03515
M744_RS12750	989.8588	SYNPCC7942_RS03510
M744_RS12755	38.2945	SYNPCC7942_RS03505
M744_RS12760	12.7237	SYNPCC7942_RS03500
M744_RS12765	86.8397	SYNPCC7942_RS03495
M744_RS12770	18.4819	SYNPCC7942_RS03490
M744_RS12775	148.2023	SYNPCC7942_RS03485
M744_RS12780	548.9090	SYNPCC7942_RS03480
M744_RS12790	42.0730	SYNPCC7942_RS03470
M744_RS12800	170.1324	SYNPCC7942_RS03465
M744_RS12805	28.1710	SYNPCC7942_RS03460
M744_RS12810	116.3136	SYNPCC7942_RS03455
M744_RS12815	1729.2711	SYNPCC7942_RS03450
M744_RS12820	9.4369	SYNPCC7942_RS03445
M744_RS12825	25.0068	SYNPCC7942_RS03440
M744_RS12830	3.9041	SYNPCC7942_RS03435
M744_RS12835	10.4584	SYNPCC7942_RS03430
M744_RS12840	5.1723	SYNPCC7942_RS03425
M744_RS12850	141.6075	SYNPCC7942_RS03415
M744_RS12855	4.4026	SYNPCC7942_RS03410
M744_RS12860	15.2143	SYNPCC7942_RS03405
M744_RS12865	8.2704	SYNPCC7942_RS03400
M744_RS12870	11.2328	SYNPCC7942_RS03395
M744_RS12875	191.1268	SYNPCC7942_RS03390
M744_RS12880	27.1491	SYNPCC7942_RS03385
M744_RS12885	21.4131	SYNPCC7942_RS03380
M744_RS12890	12.3705	SYNPCC7942_RS03375
M744_RS12895	128.4746	SYNPCC7942_RS03370
M744_RS12900	693.4561	SYNPCC7942_RS03365
M744_RS12905	17732.2824	SYNPCC7942_RS03360
M744_RS12920	187.7033	SYNPCC7942_RS03345
M744_RS12925	41.0518	SYNPCC7942_RS03340
M744_RS12930	15.9815	SYNPCC7942_RS03335
M744_RS12935	1.6967	SYNPCC7942_RS03330
M744_RS12940	416.8026	SYNPCC7942_RS03325
M744_RS12945	5.4095	SYNPCC7942_RS13685
M744_RS12950	21.5531	SYNPCC7942_RS03320
M744_RS12955	23.0780	SYNPCC7942_RS03315
M744_RS12960	2538.6542	SYNPCC7942_RS03310
M744_RS12965	252.2865	SYNPCC7942_RS03305
M744_RS12970	13.0337	SYNPCC7942_RS03300
M744_RS12975	43.7552	SYNPCC7942_RS03295
M744_RS12980	30.2204	SYNPCC7942_RS03290
M744_RS12985	46.9672	SYNPCC7942_RS03285
M744_RS12990	217.3770	SYNPCC7942_RS03280
M744_RS12995	103.3392	SYNPCC7942_RS03275
M744_RS13000	261.6298	SYNPCC7942_RS03270
M744_RS13005	646.2955	SYNPCC7942_RS03265
M744_RS13010	1720.7855	SYNPCC7942_RS03260
M744_RS13015	868.5401	SYNPCC7942_RS03255
M744_RS13020	2900.9952	SYNPCC7942_RS03250
M744_RS13025	3498.4597	SYNPCC7942_RS03245
M744_RS13030	2037.0905	SYNPCC7942_RS03240
M744_RS13035	101.7752	SYNPCC7942_RS03235
M744_RS13040	1.1182	SYNPCC7942_RS03230
M744_RS13045	26.3409	SYNPCC7942_RS03225
M744_RS13050	2.3453	SYNPCC7942_RS03220
M744_RS13060	329.7887	SYNPCC7942_RS03210
M744_RS13065	92.7339	SYNPCC7942_RS03205
M744_RS13070	33.7153	SYNPCC7942_RS03200
M744_RS13075	256.1643	SYNPCC7942_RS03195
M744_RS13080	205.3423	SYNPCC7942_RS03190
M744_RS13085	87.1887	SYNPCC7942_RS03185
M744_RS13090	131.8805	SYNPCC7942_RS03180
M744_RS13095	94.1752	SYNPCC7942_RS03175
M744_RS13100	580.7057	SYNPCC7942_RS03170
M744_RS13105	9.7928	SYNPCC7942_RS03165
M744_RS13110	7.2417	SYNPCC7942_RS03160
M744_RS13115	7.6555	SYNPCC7942_RS03155
M744_RS13120	150.7463	SYNPCC7942_RS03150
M744_RS13125	12.7673	SYNPCC7942_RS03145
M744_RS13130	48.0411	SYNPCC7942_RS03140
M744_RS13140	22.7388	SYNPCC7942_RS03130
M744_RS13145	125.8771	SYNPCC7942_RS03125
M744_RS13150	29.9785	SYNPCC7942_RS03120
M744_RS13160	4.2937	SYNPCC7942_RS03110
M744_RS13165	8.2462	SYNPCC7942_RS03105
M744_RS13170	336.6455	SYNPCC7942_RS03100
M744_RS13175	987.9156	SYNPCC7942_RS03095
M744_RS13180	41.8403	SYNPCC7942_RS03090
M744_RS13185	44.2539	SYNPCC7942_RS03080
M744_RS13190	53.8601	SYNPCC7942_RS03075
M744_RS13200	104.7787	SYNPCC7942_RS03065
M744_RS13205	26.3356	SYNPCC7942_RS03060
M744_RS13210	9.5846	SYNPCC7942_RS03055
M744_RS13215	163.9377	SYNPCC7942_RS03050
M744_RS13220	48.5812	SYNPCC7942_RS03045
M744_RS13230	37.9825	SYNPCC7942_RS03035
M744_RS13235	2.8851	SYNPCC7942_RS03030
M744_RS13240	8.5633	SYNPCC7942_RS03025
M744_RS13245	32.5055	SYNPCC7942_RS03020
M744_RS13250	24.0121	SYNPCC7942_RS03015
M744_RS13255	95.2231	SYNPCC7942_RS03010
M744_RS13290	12.6536	SYNPCC7942_RS13490
M744_RS13295	32.2993	SYNPCC7942_RS13485
M744_RS13300	19.6487	SYNPCC7942_RS13480
M744_RS13315	7.8685	SYNPCC7942_RS13465
M744_RS13320	4.7705	SYNPCC7942_RS13455
M744_RS13325	1.4087	SYNPCC7942_RS13450
M744_RS13330	0.3292	SYNPCC7942_RS13445
M744_RS13335	1.0335	SYNPCC7942_RS13440
M744_RS13340	0.2784	SYNPCC7942_RS13435
M744_RS13345	0.9899	SYNPCC7942_RS13430
M744_RS13350	1.0795	SYNPCC7942_RS13425
M744_RS13355	1.3651	SYNPCC7942_RS13420
M744_RS13360	0.7140	SYNPCC7942_RS13415
M744_RS13365	0.2348	SYNPCC7942_RS13410
M744_RS13370	0.9536	SYNPCC7942_RS13405
M744_RS13375	0.6656	SYNPCC7942_RS13400
M744_RS13380	0.7116	SYNPCC7942_RS13395
M744_RS13385	1.0698	SYNPCC7942_RS13390
M744_RS13395	7.7235	SYNPCC7942_RS13380
M744_RS13400	2.9045	SYNPCC7942_RS13375
M744_RS13405	2.9432	SYNPCC7942_RS13370
M744_RS13410	1.9750	SYNPCC7942_RS13365
M744_RS13415	0.2372	SYNPCC7942_RS13360
M744_RS13420	1.4740	SYNPCC7942_RS13355
M744_RS13425	4.2985	SYNPCC7942_RS13350
M744_RS13430	4.5285	SYNPCC7942_RS13345
M744_RS13440	15.7033	SYNPCC7942_RS13335
M744_RS13445	6.4284	SYNPCC7942_RS13330
M744_RS13450	6.1090	SYNPCC7942_RS13595
M744_RS13455	5.4749	SYNPCC7942_RS13590
M744_RS13470	0.4696	SYNPCC7942_RS13575
M744_RS13475	10.9763	SYNPCC7942_RS13570
M744_RS13480	84.3058	SYNPCC7942_RS13565
M744_RS13485	1483.1058	SYNPCC7942_RS13560
M744_RS13490	8375.4427	SYNPCC7942_RS13555
M744_RS13495	2.5438	SYNPCC7942_RS13550
M744_RS13500	1.3651	SYNPCC7942_RS13545
M744_RS13505	2.0718	SYNPCC7942_RS13540
M744_RS13510	1.1327	SYNPCC7942_RS13535
M744_RS13520	1.5006	SYNPCC7942_RS13525
M744_RS13525	0.3752	SYNPCC7942_RS13520
M744_RS13540	174.0147	SYNPCC7942_RS13505
M744_RS13545	4.4365	SYNPCC7942_RS13500
M744_RS13550	2.7689	SYNPCC7942_RS13495
M744_RS13590	3.1343	SYNPCC7942_RS13610
M744_RS13595	1.2731	SYNPCC7942_RS13630
M744_RS13600	2.4518	SYNPCC7942_RS13625
M744_RS13605	97.3101	SYNPCC7942_RS13615
M744_RS13615	4.5357	SYNPCC7942_RS13640
M744_RS13625	387.9607	SYNPCC7942_RS13675
M744_RS13630	4.7682	SYNPCC7942_RS13670
M744_RS13635	10.4703	SYNPCC7942_RS13665
M744_RS13640	13.0409	SYNPCC7942_RS00595
M744_RS13645	9.3208	SYNPCC7942_RS13660
M744_RS13655	4.5164	SYNPCC7942_RS13645
M744_RS13660	1115.4371	SYNPCC7942_RS13855
M744_RS13675	4.9908	SYNPCC7942_RS13840
M744_RS13690	10.0468	SYNPCC7942_RS13830
M744_RS13705	381.9418	SYNPCC7942_RS13815
M744_RS13710	0.1912	SYNPCC7942_RS10865
M744_RS13720	2.1202	SYNPCC7942_RS13805
M744_RS13725	288.8887	SYNPCC7942_RS13795
M744_RS13735	1.4691	SYNPCC7942_RS13760
M744_RS13745	4.3204	SYNPCC7942_RS13770
M744_RS13760	0.9004	SYNPCC7942_RS13785
M744_RS13770	508.0471	SYNPCC7942_RS13750
M744_RS13775	12.8133	SYNPCC7942_RS06420
M744_RS13780	184.9315	SYNPCC7942_RS13745
M744_RS13790	563.6453	SYNPCC7942_RS13735
M744_RS13795	12.3752	SYNPCC7942_RS13730
M744_RS13805	14.5511	SYNPCC7942_RS04950
M744_RS13810	0.7600	SYNPCC7942_RS13715
M744_RS13815	10.7924	SYNPCC7942_RS13710
M744_RS13820	76.8938	SYNPCC7942_RS13695
M744_RS13825	14.7788	SYNPCC7942_RS13690
M744_RS13830	52.3448	SYNPCC7942_RS13680
M744_RS13840	0.3316	SYNPCC7942_RS13860
M744_RS13845	0.8060	SYNPCC7942_RS13880
M744_RS13850	8.5268	SYNPCC7942_RS13870
M744_RS13860	0.5155	SYNPCC7942_RS13515
M744_RS13870	16.1315	SYNPCC7942_RS13930
M744_RS13875	58.0689	SYNPCC7942_RS13925
M744_RS13880	1.8274	SYNPCC7942_RS13920
M744_RS13885	3.3860	SYNPCC7942_RS13915
M744_RS13890	6.8593	SYNPCC7942_RS13910
M744_RS13895	1236.5024	SYNPCC7942_RS13905
M744_RS13900	200.4340	SYNPCC7942_RS14105
M744_RS13905	200.1608	SYNPCC7942_RS14100
M744_RS13910	5.3199	SYNPCC7942_RS14095
M744_RS13915	12.8448	SYNPCC7942_RS11480
M744_RS13925	6.2130	SYNPCC7942_RS14085
M744_RS13930	2.6261	SYNPCC7942_RS10985
M744_RS13935	0.2856	SYNPCC7942_RS14080
M744_RS13945	0.0944	SYNPCC7942_RS14070
M744_RS13950	9.2216	SYNPCC7942_RS14065
M744_RS13955	1.9750	SYNPCC7942_RS14060
M744_RS13960	3.7928	SYNPCC7942_RS14055
M744_RS13965	3.0230	SYNPCC7942_RS14050
M744_RS13970	4.5236	SYNPCC7942_RS14045
M744_RS13975	0.4211	SYNPCC7942_RS14015
M744_RS13980	2.7302	SYNPCC7942_RS14020
M744_RS13985	14.2801	SYNPCC7942_RS14025
M744_RS13990	1.3747	SYNPCC7942_RS14030
M744_RS13995	40.7790	SYNPCC7942_RS14035
M744_RS14005	0.5155	SYNPCC7942_RS14005
M744_RS14010	6.6778	SYNPCC7942_RS14000
M744_RS14015	1.5103	SYNPCC7942_RS13995
M744_RS14020	1.8322	SYNPCC7942_RS13990
M744_RS14025	2.7011	SYNPCC7942_RS13985
M744_RS14030	15.6548	SYNPCC7942_RS13980
M744_RS14035	18126.2478	SYNPCC7942_RS13970
M744_RS14040	2.5825	SYNPCC7942_RS13965
M744_RS14045	131.9143	SYNPCC7942_RS13960
M744_RS14050	0.0460	SYNPCC7942_RS13940
M744_RS14055	0.6656	SYNPCC7942_RS13935
M744_RS14060	54.7022	SYNPCC7942_RS03735
M744_RS14065	0.3316	SYNPCC7942_RS13460
M744_RS14070	9.7081	SYNPCC7942_RS14125
M744_RS14080	6.3536	SYNPCC7942_RS14115
M744_RS14085	15.6668	SYNPCC7942_RS14145
M744_RS14090	38.0214	SYNPCC7942_RS14140
M744_RS14095	338.6632	SYNPCC7942_RS14135
M744_RS14100	1.3747	SYNPCC7942_RS14130
M744_RS14105	6.7310	SYNPCC7942_RS14200
M744_RS14110	20.8998	SYNPCC7942_RS14195
M744_RS14120	4.9472	SYNPCC7942_RS14190
M744_RS14125	26.0960	SYNPCC7942_RS14185
M744_RS14130	3.8677	SYNPCC7942_RS14180
M744_RS14135	0.3268	SYNPCC7942_RS14170
M744_RS14140	1.7886	SYNPCC7942_RS14175
M744_RS14150	320.5846	SYNPCC7942_RS14160
M744_RS14155	39.6912	SYNPCC7942_RS14155
M744_RS14160	1.9048	SYNPCC7942_RS14150
M744_RS14195	0.0000	SYNPCC7942_RS14295
M744_RS14210	3213.4768	SYNPCC7942_RS00240
