locus_tag	abundance	source_gene_id
M744_RS00005	5.8849	SYNPCC7942_RS02980
M744_RS00010	329.5582	SYNPCC7942_RS02975
M744_RS00020	160.1623	SYNPCC7942_RS02965
M744_RS00025	10.3135	SYNPCC7942_RS02960
M744_RS00030	11.1747	SYNPCC7942_RS02955
M744_RS00035	57.7496	SYNPCC7942_RS02950
M744_RS00040	201.7521	SYNPCC7942_RS02945
M744_RS00045	886.0485	SYNPCC7942_RS02940
M744_RS00050	50.4397	SYNPCC7942_RS02935
M744_RS00055	317.9602	SYNPCC7942_RS02930
M744_RS00060	42.3359	SYNPCC7942_RS02925
M744_RS00065	7.9189	SYNPCC7942_RS02920
M744_RS00075	18.4266	SYNPCC7942_RS02910
M744_RS00080	65.9450	SYNPCC7942_RS02905
M744_RS00085	65.1345	SYNPCC7942_RS02900
M744_RS00090	645.1185	SYNPCC7942_RS02895
M744_RS00095	32.2037	SYNPCC7942_RS02890
M744_RS00100	25.2780	SYNPCC7942_RS02885
M744_RS00105	9.2609	SYNPCC7942_RS02880
M744_RS00110	109.0232	SYNPCC7942_RS02875
M744_RS00115	44.9032	SYNPCC7942_RS02870
M744_RS00120	44.8090	SYNPCC7942_RS02865
M744_RS00125	14.6060	SYNPCC7942_RS02860
M744_RS00130	127.3803	SYNPCC7942_RS02855
M744_RS00135	16.0727	SYNPCC7942_RS02850
M744_RS00140	69.0667	SYNPCC7942_RS02845
M744_RS00145	49.8705	SYNPCC7942_RS02840
M744_RS00150	19.0447	SYNPCC7942_RS02835
M744_RS00155	48.3771	SYNPCC7942_RS02830
M744_RS00160	6.6113	SYNPCC7942_RS02825
M744_RS00165	141.4400	SYNPCC7942_RS02820
M744_RS00170	40.6057	SYNPCC7942_RS02815
M744_RS00175	41.1982	SYNPCC7942_RS02810
M744_RS00180	156.6370	SYNPCC7942_RS02805
M744_RS00185	3.5191	SYNPCC7942_RS02800
M744_RS00190	54.8793	SYNPCC7942_RS02795
M744_RS00195	56.5076	SYNPCC7942_RS02790
M744_RS00200	4.1743	SYNPCC7942_RS02785
M744_RS00205	80.2924	SYNPCC7942_RS02780
M744_RS00210	37.4887	SYNPCC7942_RS02775
M744_RS00215	8.9476	SYNPCC7942_RS02770
M744_RS00220	27.2308	SYNPCC7942_RS02765
M744_RS00225	23.6821	SYNPCC7942_RS02760
M744_RS00230	4.1983	SYNPCC7942_RS02755
M744_RS00235	9.4475	SYNPCC7942_RS02750
M744_RS00240	11.5093	SYNPCC7942_RS02745
M744_RS00245	7.2175	SYNPCC7942_RS02740
M744_RS00250	2214.8141	SYNPCC7942_RS02735
M744_RS00255	592.4383	SYNPCC7942_RS02730
M744_RS00260	73.7170	SYNPCC7942_RS02725
M744_RS00265	1191.2404	SYNPCC7942_RS02720
M744_RS00270	115.1167	SYNPCC7942_RS02715
M744_RS00275	5.3406	SYNPCC7942_RS02710
M744_RS00280	7.0494	SYNPCC7942_RS02705
M744_RS00285	151.8358	SYNPCC7942_RS02700
M744_RS00290	5.7463	SYNPCC7942_RS02695
M744_RS00295	26.8990	SYNPCC7942_RS02690
M744_RS00300	314.3567	SYNPCC7942_RS02685
M744_RS00305	137.9302	SYNPCC7942_RS02680
M744_RS00310	41.3277	SYNPCC7942_RS02675
M744_RS00315	68.9357	SYNPCC7942_RS02670
M744_RS00320	11.7921	SYNPCC7942_RS02665
M744_RS00325	19.0356	SYNPCC7942_RS02660
M744_RS00330	9.8282	SYNPCC7942_RS02655
M744_RS00335	10.6008	SYNPCC7942_RS02645
M744_RS00340	11.9473	SYNPCC7942_RS02640
M744_RS00345	7.1640	SYNPCC7942_RS02635
M744_RS00350	72.1248	SYNPCC7942_RS02630
M744_RS00355	41.3333	SYNPCC7942_RS02625
M744_RS00360	2021.8028	SYNPCC7942_RS02620
M744_RS00365	66.7906	SYNPCC7942_RS02615
M744_RS00370	168.4471	SYNPCC7942_RS02610
M744_RS00375	21.2857	SYNPCC7942_RS02605
M744_RS00380	70.0519	SYNPCC7942_RS02600
M744_RS00385	98.4923	SYNPCC7942_RS02595
M744_RS00390	22.9456	SYNPCC7942_RS02590
M744_RS00395	17.3980	SYNPCC7942_RS02585
M744_RS00400	48.0802	SYNPCC7942_RS02580
M744_RS00405	171.1950	SYNPCC7942_RS02575
M744_RS00410	117.0990	SYNPCC7942_RS02570
M744_RS00415	1804.6394	SYNPCC7942_RS02565
M744_RS00420	153.1286	SYNPCC7942_RS02560
M744_RS00425	23.0195	SYNPCC7942_RS02555
M744_RS00430	2.0312	SYNPCC7942_RS02550
M744_RS00435	35.5620	SYNPCC7942_RS02545
M744_RS00440	9.1685	SYNPCC7942_RS02540
M744_RS00445	30.3110	SYNPCC7942_RS02535
M744_RS00450	67.7000	SYNPCC7942_RS02530
M744_RS00455	20.5409	SYNPCC7942_RS02525
M744_RS00460	85.7623	SYNPCC7942_RS02520
M744_RS00465	7.0845	SYNPCC7942_RS02515
M744_RS00470	32.7359	SYNPCC7942_RS02510
M744_RS00475	41.8360	SYNPCC7942_RS02505
M744_RS00485	24.3032	SYNPCC7942_RS02495
M744_RS00490	134.9536	SYNPCC7942_RS02490
M744_RS00495	214.0183	SYNPCC7942_RS02485
M744_RS00500	51.3029	SYNPCC7942_RS02480
M744_RS00505	53.4884	SYNPCC7942_RS02475
M744_RS00510	119.8899	SYNPCC7942_RS02470
M744_RS00515	168.5250	SYNPCC7942_RS02465
M744_RS00520	37.2872	SYNPCC7942_RS02460
M744_RS00525	116.2286	SYNPCC7942_RS02455
M744_RS00530	95.3052	SYNPCC7942_RS02450
M744_RS00535	67.7942	SYNPCC7942_RS02445
M744_RS00540	269.0982	SYNPCC7942_RS02440
M744_RS00545	36.4083	SYNPCC7942_RS02435
M744_RS00550	300.0686	SYNPCC7942_RS02430
M744_RS00555	47.8151	SYNPCC7942_RS02425
M744_RS00560	0.3373	SYNPCC7942_RS02420
M744_RS00565	130.3472	SYNPCC7942_RS02415
M744_RS00570	3.1439	SYNPCC7942_RS02410
M744_RS00575	46.5150	SYNPCC7942_RS02405
M744_RS00590	310.9574	SYNPCC7942_RS02390
M744_RS00595	18.6584	SYNPCC7942_RS02385
M744_RS00600	28.6356	SYNPCC7942_RS02380
M744_RS00605	195.4940	SYNPCC7942_RS02375
M744_RS00610	299.5750	SYNPCC7942_RS02370
M744_RS00615	275.2304	SYNPCC7942_RS02365
M744_RS00620	16.9534	SYNPCC7942_RS02360
M744_RS00625	14.6605	SYNPCC7942_RS02355
M744_RS00630	13.7087	SYNPCC7942_RS02350
M744_RS00635	14.3583	SYNPCC7942_RS02345
M744_RS00640	57.6370	SYNPCC7942_RS02340
M744_RS00645	67.5576	SYNPCC7942_RS02335
M744_RS00650	5.0477	SYNPCC7942_RS02330
M744_RS00655	25.2735	SYNPCC7942_RS02325
M744_RS00660	5.7435	SYNPCC7942_RS02320
M744_RS00665	45.8293	SYNPCC7942_RS02315
M744_RS00675	94.1988	SYNPCC7942_RS02305
M744_RS00680	96.2826	SYNPCC7942_RS02300
M744_RS00685	77.8166	SYNPCC7942_RS02295
M744_RS00690	330.9182	SYNPCC7942_RS02290
M744_RS00695	11.9362	SYNPCC7942_RS02285
M744_RS00700	981.5262	SYNPCC7942_RS02280
M744_RS00705	38.6087	SYNPCC7942_RS02275
M744_RS00710	158.1820	SYNPCC7942_RS02270
M744_RS00715	267.0128	SYNPCC7942_RS02265
M744_RS00720	6287.1442	SYNPCC7942_RS02260
M744_RS00725	9.4697	SYNPCC7942_RS02255
M744_RS00735	66.3018	SYNPCC7942_RS02245
M744_RS00740	24.5009	SYNPCC7942_RS02240
M744_RS00750	1.1450	SYNPCC7942_RS02230
M744_RS00755	20.4697	SYNPCC7942_RS02225
M744_RS00760	20.3783	SYNPCC7942_RS02220
M744_RS00770	13.5812	SYNPCC7942_RS02210
M744_RS00775	33.0945	SYNPCC7942_RS02205
M744_RS00780	48.7697	SYNPCC7942_RS02200
M744_RS00785	1140.1794	SYNPCC7942_RS02195
M744_RS00790	411.9337	SYNPCC7942_RS02190
M744_RS00795	76.3539	SYNPCC7942_RS02185
M744_RS00800	49.6004	SYNPCC7942_RS02180
M744_RS00805	15.6023	SYNPCC7942_RS02175
M744_RS00810	152.9971	SYNPCC7942_RS02170
M744_RS00815	53880.6348	SYNPCC7942_RS02165
M744_RS00820	78.7286	SYNPCC7942_RS02160
M744_RS00825	58.6275	SYNPCC7942_RS02155
M744_RS00830	18.6538	SYNPCC7942_RS02150
M744_RS00835	68.6749	SYNPCC7942_RS02145
M744_RS00840	74.9285	SYNPCC7942_RS02140
M744_RS00845	665.3782	SYNPCC7942_RS02135
M744_RS00850	1175.5004	SYNPCC7942_RS02130
M744_RS00855	1020.4630	SYNPCC7942_RS02125
M744_RS00860	1044.1806	SYNPCC7942_RS02120
M744_RS00865	48.2107	SYNPCC7942_RS02115
M744_RS00875	118.3737	SYNPCC7942_RS02105
M744_RS00880	33.9373	SYNPCC7942_RS02100
M744_RS00885	61.2910	SYNPCC7942_RS02095
M744_RS00890	14.8178	SYNPCC7942_RS02090
M744_RS00895	12.5896	SYNPCC7942_RS02085
M744_RS00900	16.2067	SYNPCC7942_RS02080
M744_RS00905	311.2824	SYNPCC7942_RS02075
M744_RS00910	93.9706	SYNPCC7942_RS02070
M744_RS00915	15.6346	SYNPCC7942_RS02065
M744_RS00920	42.8210	SYNPCC7942_RS02060
M744_RS00925	5.0015	SYNPCC7942_RS02055
M744_RS00930	13.1035	SYNPCC7942_RS02050
M744_RS00935	23.0721	SYNPCC7942_RS02045
M744_RS00940	45.5213	SYNPCC7942_RS02040
M744_RS00945	63.8666	SYNPCC7942_RS02035
M744_RS00950	114.1686	SYNPCC7942_RS02030
M744_RS00955	44.3543	SYNPCC7942_RS02025
M744_RS00960	154.7051	SYNPCC7942_RS02020
M744_RS00965	133.7735	SYNPCC7942_RS02015
M744_RS00970	62.5728	SYNPCC7942_RS02010
M744_RS00975	17.3276	SYNPCC7942_RS02005
M744_RS00980	12.9048	SYNPCC7942_RS02000
M744_RS00985	486.7816	SYNPCC7942_RS01995
M744_RS00990	15.3907	SYNPCC7942_RS01990
M744_RS00995	18.2102	SYNPCC7942_RS01985
M744_RS01000	11.4214	SYNPCC7942_RS01980
M744_RS01005	18.2047	SYNPCC7942_RS01975
M744_RS01010	112.3831	SYNPCC7942_RS01970
M744_RS01015	3257.7446	SYNPCC7942_RS01965
M744_RS01020	11.8466	SYNPCC7942_RS01960
M744_RS01025	313.8435	SYNPCC7942_RS01955
M744_RS01030	884.6517	SYNPCC7942_RS01950
M744_RS01035	92.9001	SYNPCC7942_RS01945
M744_RS01040	13.7614	SYNPCC7942_RS01940
M744_RS01045	86.6283	SYNPCC7942_RS01935
M744_RS01050	63.3113	SYNPCC7942_RS01930
M744_RS01055	28.9737	SYNPCC7942_RS01925
M744_RS01060	6.3692	SYNPCC7942_RS01920
M744_RS01065	86.0320	SYNPCC7942_RS01915
M744_RS01070	64.1365	SYNPCC7942_RS01910
M744_RS01075	17.8083	SYNPCC7942_RS01905
M744_RS01080	20.6260	SYNPCC7942_RS01900
M744_RS01090	13.3991	SYNPCC7942_RS01890
M744_RS01095	93.9900	SYNPCC7942_RS01885
M744_RS01100	27.6910	SYNPCC7942_RS01880
M744_RS01105	9.6000	SYNPCC7942_RS01875
M744_RS01110	19.7277	SYNPCC7942_RS01870
M744_RS01115	26.2392	SYNPCC7942_RS01865
M744_RS01120	82.8984	SYNPCC7942_RS01860
M744_RS01125	13.9647	SYNPCC7942_RS01855
M744_RS01130	15.4036	SYNPCC7942_RS01850
M744_RS01135	78.9255	SYNPCC7942_RS01845
M744_RS01140	551.4603	SYNPCC7942_RS01840
M744_RS01145	75.2789	SYNPCC7942_RS01835
M744_RS01150	29.8518	SYNPCC7942_RS01830
M744_RS01155	10.1378	SYNPCC7942_RS01825
M744_RS01160	124.2989	SYNPCC7942_RS01820
M744_RS01170	32.1416	SYNPCC7942_RS01810
M744_RS01175	77.4949	SYNPCC7942_RS01805
M744_RS01180	30.8637	SYNPCC7942_RS01800
M744_RS01185	23.1312	SYNPCC7942_RS01795
M744_RS01190	28.0236	SYNPCC7942_RS01790
M744_RS01195	31.9467	SYNPCC7942_RS01785
M744_RS01200	12.3309	SYNPCC7942_RS01780
M744_RS01205	256.3307	SYNPCC7942_RS01775
M744_RS01210	214.0057	SYNPCC7942_RS01770
M744_RS01215	32.1287	SYNPCC7942_RS01765
M744_RS01220	9.7469	SYNPCC7942_RS01760
M744_RS01225	139.1601	SYNPCC7942_RS01755
M744_RS01230	459.4949	SYNPCC7942_RS01750
M744_RS01235	20.2119	SYNPCC7942_RS01745
M744_RS01240	19.2601	SYNPCC7942_RS01740
M744_RS01245	3.2659	SYNPCC7942_RS01735
M744_RS01250	40.8980	SYNPCC7942_RS01730
M744_RS01255	10.4834	SYNPCC7942_RS01725
M744_RS01260	83.5750	SYNPCC7942_RS01720
M744_RS01265	1274.4088	SYNPCC7942_RS01715
M744_RS01275	1326.3269	SYNPCC7942_RS01705
M744_RS01280	542.9944	SYNPCC7942_RS01700
M744_RS01285	726.9391	SYNPCC7942_RS01695
M744_RS01290	1379.1809	SYNPCC7942_RS01690
M744_RS01295	6941.5550	SYNPCC7942_RS01685
M744_RS01300	1580.5956	SYNPCC7942_RS01680
M744_RS01305	127.7147	SYNPCC7942_RS01675
M744_RS01310	6506.1847	SYNPCC7942_RS01670
M744_RS01315	8707.0465	SYNPCC7942_RS01665
M744_RS01320	10245.4143	SYNPCC7942_RS01660
M744_RS01325	1115.3532	SYNPCC7942_RS01655
M744_RS01330	233.2322	SYNPCC7942_RS01650
M744_RS01335	128.8014	SYNPCC7942_RS01645
M744_RS01340	118.9934	SYNPCC7942_RS01640
M744_RS01345	843.9023	SYNPCC7942_RS01635
M744_RS01350	31.6335	SYNPCC7942_RS01630
M744_RS01355	15.7677	SYNPCC7942_RS01625
M744_RS01360	203.5286	SYNPCC7942_RS01620
M744_RS01365	28.4599	SYNPCC7942_RS01615
M744_RS01370	33.6840	SYNPCC7942_RS01610
M744_RS01375	415.9648	SYNPCC7942_RS01605
M744_RS01380	9.8126	SYNPCC7942_RS01600
M744_RS01385	110.7585	SYNPCC7942_RS01595
M744_RS01390	11.4982	SYNPCC7942_RS01590
M744_RS01395	17.8499	SYNPCC7942_RS01585
M744_RS01400	16.3259	SYNPCC7942_RS01580
M744_RS01405	652.5690	SYNPCC7942_RS01575
M744_RS01410	211.1953	SYNPCC7942_RS01570
M744_RS01415	83.9177	SYNPCC7942_RS01565
M744_RS01420	35.3966	SYNPCC7942_RS01560
M744_RS01425	31.1021	SYNPCC7942_RS01555
M744_RS01430	48.5627	SYNPCC7942_RS01550
M744_RS01435	3.4128	SYNPCC7942_RS01545
M744_RS01440	15.3907	SYNPCC7942_RS01540
M744_RS01445	189.8881	SYNPCC7942_RS01535
M744_RS01450	166.9925	SYNPCC7942_RS01530
M744_RS01455	29.6326	SYNPCC7942_RS01525
M744_RS01460	10.5435	SYNPCC7942_RS01520
M744_RS01465	829.7184	SYNPCC7942_RS01515
M744_RS01470	113.3877	SYNPCC7942_RS01510
M744_RS01475	368.0906	SYNPCC7942_RS01505
M744_RS01480	2866.0803	SYNPCC7942_RS01500
M744_RS01485	6.7527	SYNPCC7942_RS01495
M744_RS01490	26.8861	SYNPCC7942_RS01490
M744_RS01495	111.8508	SYNPCC7942_RS01485
M744_RS01505	29.2898	SYNPCC7942_RS01475
M744_RS01510	661.5074	SYNPCC7942_RS01470
M744_RS01515	113.3899	SYNPCC7942_RS01465
M744_RS01525	32.7054	SYNPCC7942_RS01455
M744_RS01530	46.0795	SYNPCC7942_RS01450
M744_RS01535	100.6059	SYNPCC7942_RS01445
M744_RS01540	11.9390	SYNPCC7942_RS01440
M744_RS01545	479.0080	SYNPCC7942_RS01435
M744_RS01550	82.1702	SYNPCC7942_RS01430
M744_RS01555	21.2506	SYNPCC7942_RS01425
M744_RS01560	20.8015	SYNPCC7942_RS01420
M744_RS01565	8.3903	SYNPCC7942_RS01415
M744_RS01570	69.9631	SYNPCC7942_RS01410
M744_RS01575	162.4116	SYNPCC7942_RS01405
M744_RS01580	4.7972	SYNPCC7942_RS01400
M744_RS01585	3.4813	SYNPCC7942_RS01395
M744_RS01590	4.3869	SYNPCC7942_RS01390
M744_RS01595	25.8964	SYNPCC7942_RS01385
M744_RS01600	29.3673	SYNPCC7942_RS01380
M744_RS01605	163.8795	SYNPCC7942_RS01375
M744_RS01610	32.9790	SYNPCC7942_RS01370
M744_RS01615	7.5198	SYNPCC7942_RS01365
M744_RS01620	250.6415	SYNPCC7942_RS01360
M744_RS01625	24.1608	SYNPCC7942_RS01355
M744_RS01630	13.2817	SYNPCC7942_RS01350
M744_RS01635	60.6580	SYNPCC7942_RS01345
M744_RS01640	116.3173	SYNPCC7942_RS01340
M744_RS01645	257.3904	SYNPCC7942_RS01335
M744_RS01650	11.8400	SYNPCC7942_RS01330
M744_RS01655	5667.4309	SYNPCC7942_RS01325
M744_RS01660	185.0262	SYNPCC7942_RS01320
M744_RS01665	13.2560	SYNPCC7942_RS01315
M744_RS01670	21.2044	SYNPCC7942_RS01310
M744_RS01680	109.8142	SYNPCC7942_RS01300
M744_RS01685	1142.6935	SYNPCC7942_RS01295
M744_RS01690	331.8762	SYNPCC7942_RS01290
M744_RS01695	314.9338	SYNPCC7942_RS01285
M744_RS01700	35.1757	SYNPCC7942_RS01280
M744_RS01705	10.0297	SYNPCC7942_RS01275
M744_RS01710	14.7317	SYNPCC7942_RS01270
M744_RS01715	60.4759	SYNPCC7942_RS01265
M744_RS01720	52.2260	SYNPCC7942_RS01260
M744_RS01725	60.5969	SYNPCC7942_RS01255
M744_RS01730	327.0537	SYNPCC7942_RS01250
M744_RS01735	707.2265	SYNPCC7942_RS01245
M744_RS01740	223.0141	SYNPCC7942_RS01240
M744_RS01745	130.4862	SYNPCC7942_RS01235
M744_RS01755	43.5317	SYNPCC7942_RS01225
M744_RS01760	1348.5315	SYNPCC7942_RS01220
M744_RS01765	32.4531	SYNPCC7942_RS01215
M744_RS01770	38.6855	SYNPCC7942_RS01210
M744_RS01775	27.0894	SYNPCC7942_RS01205
M744_RS01780	182.4449	SYNPCC7942_RS01200
M744_RS01785	8.3275	SYNPCC7942_RS01195
M744_RS01790	23.6664	SYNPCC7942_RS01190
M744_RS01795	52.2972	SYNPCC7942_RS01185
M744_RS01800	59.2006	SYNPCC7942_RS01180
M744_RS01805	6.9976	SYNPCC7942_RS01175
M744_RS01810	77.5485	SYNPCC7942_RS01170
M744_RS01815	57.8420	SYNPCC7942_RS01165
M744_RS01820	2.6357	SYNPCC7942_RS01160
M744_RS01825	88.3553	SYNPCC7942_RS01155
M744_RS01830	54.3211	SYNPCC7942_RS01150
M744_RS01835	383.1073	SYNPCC7942_RS01145
M744_RS01840	114.7461	SYNPCC7942_RS01140
M744_RS01845	61.2707	SYNPCC7942_RS01135
M744_RS01850	21.0686	SYNPCC7942_RS01130
M744_RS01855	38.9877	SYNPCC7942_RS01125
M744_RS01860	40.8008	SYNPCC7942_RS01120
M744_RS01865	3.9165	SYNPCC7942_RS01115
M744_RS01870	9.0695	SYNPCC7942_RS01110
M744_RS01880	21.8190	SYNPCC7942_RS01100
M744_RS01885	16.2141	SYNPCC7942_RS01095
M744_RS01890	113.8017	SYNPCC7942_RS01090
M744_RS01895	60.5295	SYNPCC7942_RS01085
M744_RS01900	9.6712	SYNPCC7942_RS01080
M744_RS01905	60.5249	SYNPCC7942_RS01075
M744_RS01910	33.9373	SYNPCC7942_RS01070
M744_RS01915	4.0774	SYNPCC7942_RS01065
M744_RS01920	6.0596	SYNPCC7942_RS01060
M744_RS01925	29.3536	SYNPCC7942_RS01055
M744_RS01935	2.8417	SYNPCC7942_RS01045
M744_RS01940	16.2178	SYNPCC7942_RS01040
M744_RS01950	7.4892	SYNPCC7942_RS01030
M744_RS01955	40.4673	SYNPCC7942_RS01025
M744_RS01960	30.1363	SYNPCC7942_RS01020
M744_RS01965	6.8757	SYNPCC7942_RS01015
M744_RS01970	47.5851	SYNPCC7942_RS01010
M744_RS01975	36.4270	SYNPCC7942_RS01005
M744_RS01980	31.7434	SYNPCC7942_RS01000
M744_RS01985	52.2631	SYNPCC7942_RS00995
M744_RS01990	147.0031	SYNPCC7942_RS00990
M744_RS01995	126.6648	SYNPCC7942_RS00985
M744_RS02005	71.3937	SYNPCC7942_RS00975
M744_RS02010	194.5641	SYNPCC7942_RS00970
M744_RS02015	10.2857	SYNPCC7942_RS00965
M744_RS02020	391.2984	SYNPCC7942_RS00960
M744_RS02025	4.7270	SYNPCC7942_RS00955
M744_RS02030	66.0495	SYNPCC7942_RS00950
M744_RS02035	1.8113	SYNPCC7942_RS00945
M744_RS02040	39.7464	SYNPCC7942_RS00940
M744_RS02045	9.6333	SYNPCC7942_RS00935
M744_RS02050	10.5879	SYNPCC7942_RS00930
M744_RS02055	26.0395	SYNPCC7942_RS00925
M744_RS02060	164.3503	SYNPCC7942_RS00920
M744_RS02065	58.3957	SYNPCC7942_RS00915
M744_RS02070	14.3732	SYNPCC7942_RS00910
M744_RS02075	42.2703	SYNPCC7942_RS00905
M744_RS02080	42.6326	SYNPCC7942_RS00900
M744_RS02090	1.9093	SYNPCC7942_RS00890
M744_RS02095	11.3346	SYNPCC7942_RS00885
M744_RS02100	10.6008	SYNPCC7942_RS00880
M744_RS02105	12.6025	SYNPCC7942_RS00875
M744_RS02110	59.8291	SYNPCC7942_RS00870
M744_RS02115	55.6833	SYNPCC7942_RS00865
M744_RS02120	483.4852	SYNPCC7942_RS00860
M744_RS02125	321.5965	SYNPCC7942_RS00855
M744_RS02130	51.1302	SYNPCC7942_RS00850
M744_RS02140	72.5016	SYNPCC7942_RS00840
M744_RS02145	28.5088	SYNPCC7942_RS00835
M744_RS02150	92.7258	SYNPCC7942_RS00830
M744_RS02155	101.4509	SYNPCC7942_RS00825
M744_RS02160	24.0850	SYNPCC7942_RS00820
M744_RS02165	66.1473	SYNPCC7942_RS00815
M744_RS02170	21.9753	SYNPCC7942_RS00810
M744_RS02175	10.2552	SYNPCC7942_RS00805
M744_RS02180	544.0825	SYNPCC7942_RS00800
M744_RS02185	403.6467	SYNPCC7942_RS00795
M744_RS02190	521.7873	SYNPCC7942_RS00790
M744_RS02195	1.6644	SYNPCC7942_RS00785
M744_RS02200	21.5566	SYNPCC7942_RS00780
M744_RS02205	150.2507	SYNPCC7942_RS00775
M744_RS02210	121.0849	SYNPCC7942_RS00770
M744_RS02215	93.7683	SYNPCC7942_RS00765
M744_RS02220	31.5530	SYNPCC7942_RS00760
M744_RS02225	6.2712	SYNPCC7942_RS00755
M744_RS02230	74.6207	SYNPCC7942_RS00750
M744_RS02235	59.7359	SYNPCC7942_RS00745
M744_RS02240	22.8125	SYNPCC7942_RS00740
M744_RS02245	11.5267	SYNPCC7942_RS00735
M744_RS02250	26.7179	SYNPCC7942_RS00730
M744_RS02255	449.9025	SYNPCC7942_RS00725
M744_RS02260	362.8857	SYNPCC7942_RS00720
M744_RS02265	223.2582	SYNPCC7942_RS00715
M744_RS02275	539.5589	SYNPCC7942_RS00705
M744_RS02280	42.9717	SYNPCC7942_RS00700
M744_RS02285	221.5577	SYNPCC7942_RS00695
M744_RS02290	27.9453	SYNPCC7942_RS00690
M744_RS02295	6.2907	SYNPCC7942_RS00685
M744_RS02300	98.0414	SYNPCC7942_RS00680
M744_RS02305	54.7092	SYNPCC7942_RS00675
M744_RS02310	14.2134	SYNPCC7942_RS00670
M744_RS02315	53.2483	SYNPCC7942_RS00665
M744_RS02320	96.7718	SYNPCC7942_RS00660
M744_RS02325	8.5345	SYNPCC7942_RS00655
M744_RS02330	35.4474	SYNPCC7942_RS00650
M744_RS02335	28.5596	SYNPCC7942_RS00645
M744_RS02345	126.2990	SYNPCC7942_RS00635
M744_RS02350	12.2791	SYNPCC7942_RS00630
M744_RS02360	80.2849	SYNPCC7942_RS00620
M744_RS02370	4.0746	SYNPCC7942_RS00610
M744_RS02375	3.4563	SYNPCC7942_RS00605
M744_RS02380	1.3382	SYNPCC7942_RS00600
M744_RS02385	534.2142	SYNPCC7942_RS00590
M744_RS02390	6.7583	SYNPCC7942_RS00585
M744_RS02395	5.4090	SYNPCC7942_RS13655
M744_RS02400	144.7367	SYNPCC7942_RS00580
M744_RS02405	4.1476	SYNPCC7942_RS00575
M744_RS02410	22.7736	SYNPCC7942_RS00570
M744_RS02415	14.9665	SYNPCC7942_RS00565
M744_RS02420	14.3861	SYNPCC7942_RS00560
M744_RS02425	100.4526	SYNPCC7942_RS00555
M744_RS02430	0.4297	SYNPCC7942_RS00550
M744_RS02435	6.9921	SYNPCC7942_RS00545
M744_RS02440	9.8015	SYNPCC7942_RS00540
M744_RS02445	28.3795	SYNPCC7942_RS00535
M744_RS02450	23.0074	SYNPCC7942_RS00530
M744_RS02455	2.0368	SYNPCC7942_RS00525
M744_RS02460	32.4458	SYNPCC7942_RS00520
M744_RS02465	180.3415	SYNPCC7942_RS00515
M744_RS02470	22.5565	SYNPCC7942_RS00510
M744_RS02475	15.6384	SYNPCC7942_RS00505
M744_RS02480	423.7789	SYNPCC7942_RS00500
M744_RS02485	72.4584	SYNPCC7942_RS00495
M744_RS02490	134.6734	SYNPCC7942_RS00490
M744_RS02505	3.4406	SYNPCC7942_RS00475
M744_RS02510	5.6188	SYNPCC7942_RS00470
M744_RS02515	49.7430	SYNPCC7942_RS00465
M744_RS02520	9.9651	SYNPCC7942_RS00460
M744_RS02525	59.1128	SYNPCC7942_RS00455
M744_RS02530	96.5628	SYNPCC7942_RS00450
M744_RS02540	365.1813	SYNPCC7942_RS00440
M744_RS02545	30.5272	SYNPCC7942_RS00435
M744_RS02550	106.3022	SYNPCC7942_RS00430
M744_RS02555	143.8762	SYNPCC7942_RS00425
M744_RS02560	21.8412	SYNPCC7942_RS00420
M744_RS02565	8.4605	SYNPCC7942_RS00415
M744_RS02570	4.4119	SYNPCC7942_RS00410
M744_RS02575	175.5567	SYNPCC7942_RS00405
M744_RS02580	9.7608	SYNPCC7942_RS00400
M744_RS02585	25.0202	SYNPCC7942_RS00395
M744_RS02590	56.8743	SYNPCC7942_RS00390
M744_RS02595	17.0051	SYNPCC7942_RS00385
M744_RS02600	84.0499	SYNPCC7942_RS00380
M744_RS02605	32.5945	SYNPCC7942_RS00375
M744_RS02610	203.3556	SYNPCC7942_RS00370
M744_RS02615	1.1395	SYNPCC7942_RS00365
M744_RS02620	182.3085	SYNPCC7942_RS00360
M744_RS02625	30.4052	SYNPCC7942_RS00355
M744_RS02630	48.9980	SYNPCC7942_RS00350
M744_RS02635	3.8648	SYNPCC7942_RS00345
M744_RS02640	1.5285	SYNPCC7942_RS00340
M744_RS02645	7.5660	SYNPCC7942_RS00335
M744_RS02650	20.9845	SYNPCC7942_RS00330
M744_RS02655	41.4903	SYNPCC7942_RS00325
M744_RS02660	381.6171	SYNPCC7942_RS00320
M744_RS02665	0.5194	SYNPCC7942_RS00315
M744_RS02670	40.6132	SYNPCC7942_RS00310
M744_RS02675	9.0778	SYNPCC7942_RS00305
M744_RS02685	4.4922	SYNPCC7942_RS00295
M744_RS02690	3.7863	SYNPCC7942_RS00290
M744_RS02695	22.9668	SYNPCC7942_RS00285
M744_RS02700	28.5616	SYNPCC7942_RS00280
M744_RS02710	26.5728	SYNPCC7942_RS00270
M744_RS02715	72.3844	SYNPCC7942_RS00265
M744_RS02720	82.0417	SYNPCC7942_RS00260
M744_RS02725	121.9295	SYNPCC7942_RS00255
M744_RS02730	197.6002	SYNPCC7942_RS00250
M744_RS02745	306.7279	SYNPCC7942_RS00235
M744_RS02750	67.7452	SYNPCC7942_RS00230
M744_RS02755	9.7959	SYNPCC7942_RS00225
M744_RS02760	19.0512	SYNPCC7942_RS00220
M744_RS02765	4.8490	SYNPCC7942_RS00215
M744_RS02770	121.7508	SYNPCC7942_RS00210
M744_RS02775	63.6780	SYNPCC7942_RS00205
M744_RS02780	20.6167	SYNPCC7942_RS00200
M744_RS02785	313.8223	SYNPCC7942_RS00195
M744_RS02790	8.7489	SYNPCC7942_RS00190
M744_RS02795	3.5626	SYNPCC7942_RS00185
M744_RS02800	48.4205	SYNPCC7942_RS00180
M744_RS02805	4.5717	SYNPCC7942_RS00175
M744_RS02810	5.5181	SYNPCC7942_RS00170
M744_RS02815	2.8038	SYNPCC7942_RS00165
M744_RS02820	17.7158	SYNPCC7942_RS00160
M744_RS02825	14.0341	SYNPCC7942_RS00155
M744_RS02830	5.1835	SYNPCC7942_RS00150
M744_RS02835	3.4896	SYNPCC7942_RS00145
M744_RS02845	29.1724	SYNPCC7942_RS00135
M744_RS02850	26.9101	SYNPCC7942_RS00130
M744_RS02855	14.7678	SYNPCC7942_RS00125
M744_RS02860	67.1039	SYNPCC7942_RS00120
M744_RS02865	54.5069	SYNPCC7942_RS00115
M744_RS02870	6.2879	SYNPCC7942_RS00110
M744_RS02875	9.4179	SYNPCC7942_RS00105
M744_RS02880	131.5176	SYNPCC7942_RS00100
M744_RS02885	159.8583	SYNPCC7942_RS00095
M744_RS02890	5.0255	SYNPCC7942_RS00090
M744_RS02895	6.4459	SYNPCC7942_RS00085
M744_RS02900	21.1888	SYNPCC7942_RS00080
M744_RS02905	17.3942	SYNPCC7942_RS00075
M744_RS02910	158.2024	SYNPCC7942_RS00070
M744_RS02915	505.9928	SYNPCC7942_RS00065
M744_RS02920	214.6989	SYNPCC7942_RS00060
M744_RS02925	31.5384	SYNPCC7942_RS00055
M744_RS02930	30.3174	SYNPCC7942_RS00050
M744_RS02935	200.0213	SYNPCC7942_RS00045
M744_RS02940	14.5747	SYNPCC7942_RS00040
M744_RS02945	4.4165	SYNPCC7942_RS00035
M744_RS02950	2.3224	SYNPCC7942_RS00030
M744_RS02955	19.2601	SYNPCC7942_RS00025
M744_RS02960	427.2048	SYNPCC7942_RS00020
M744_RS02965	214.3688	SYNPCC7942_RS00015
M744_RS02970	12.9749	SYNPCC7942_RS00010
M744_RS02975	81.4039	SYNPCC7942_RS00005
M744_RS02980	8.8690	SYNPCC7942_RS13310
M744_RS02985	196.2702	SYNPCC7942_RS13305
M744_RS02990	16.4830	SYNPCC7942_RS13300
M744_RS02995	36.2255	SYNPCC7942_RS13295
M744_RS03000	294.9511	SYNPCC7942_RS13290
M744_RS03005	61.9850	SYNPCC7942_RS13285
M744_RS03010	9.0917	SYNPCC7942_RS13280
M744_RS03015	231.4302	SYNPCC7942_RS13275
M744_RS03020	161.2535	SYNPCC7942_RS13270
M744_RS03025	68.6211	SYNPCC7942_RS13265
M744_RS03030	286.8470	SYNPCC7942_RS13260
M744_RS03035	818.5460	SYNPCC7942_RS13255
M744_RS03040	251.6270	SYNPCC7942_RS13250
M744_RS03045	289.8370	SYNPCC7942_RS13245
M744_RS03050	12.2162	SYNPCC7942_RS13240
M744_RS03055	13.1514	SYNPCC7942_RS13235
M744_RS03060	6.1031	SYNPCC7942_RS13230
M744_RS03065	256.1385	SYNPCC7942_RS13225
M744_RS03070	31.1465	SYNPCC7942_RS13220
M744_RS03075	31.7581	SYNPCC7942_RS13215
M744_RS03085	868.1648	SYNPCC7942_RS13205
M744_RS03090	17.0329	SYNPCC7942_RS13200
M744_RS03095	9.3339	SYNPCC7942_RS13195
M744_RS03100	19.6668	SYNPCC7942_RS13190
M744_RS03105	128.8448	SYNPCC7942_RS13185
M744_RS03110	94.5611	SYNPCC7942_RS13180
M744_RS03115	11.5037	SYNPCC7942_RS13175
M744_RS03120	5.4903	SYNPCC7942_RS13170
M744_RS03125	2.1348	SYNPCC7942_RS13165
M744_RS03130	21.4142	SYNPCC7942_RS13160
M744_RS03135	325.6284	SYNPCC7942_RS13155
M744_RS03140	22.1553	SYNPCC7942_RS13150
M744_RS03145	11.4871	SYNPCC7942_RS13145
M744_RS03155	171.5022	SYNPCC7942_RS13135
M744_RS03160	25.1154	SYNPCC7942_RS13130
M744_RS03165	38.3898	SYNPCC7942_RS13125
M744_RS03170	19.7544	SYNPCC7942_RS13120
M744_RS03175	129.3838	SYNPCC7942_RS13115
M744_RS03205	8.1038	SYNPCC7942_RS13085
M744_RS03215	6.7259	SYNPCC7942_RS13075
M744_RS03220	70.2469	SYNPCC7942_RS13070
M744_RS03225	89.0135	SYNPCC7942_RS13065
M744_RS03230	80.0011	SYNPCC7942_RS13060
M744_RS03235	60.3899	SYNPCC7942_RS13055
M744_RS03240	13.5221	SYNPCC7942_RS13050
M744_RS03245	12.8992	SYNPCC7942_RS13045
M744_RS03255	242.2611	SYNPCC7942_RS13035
M744_RS03260	212.5604	SYNPCC7942_RS13030
M744_RS03265	39.2011	SYNPCC7942_RS13025
M744_RS03270	248.6475	SYNPCC7942_RS13020
M744_RS03275	945.6321	SYNPCC7942_RS13015
M744_RS03280	12.5831	SYNPCC7942_RS13010
M744_RS03285	383.1535	SYNPCC7942_RS13005
M744_RS03290	6.8045	SYNPCC7942_RS13000
M744_RS03295	14.1126	SYNPCC7942_RS12995
M744_RS03300	12.3761	SYNPCC7942_RS12990
M744_RS03305	22.9289	SYNPCC7942_RS12985
M744_RS03310	35.2865	SYNPCC7942_RS12980
M744_RS03315	3.5525	SYNPCC7942_RS12975
M744_RS03320	3.3833	SYNPCC7942_RS12970
M744_RS03325	16.9766	SYNPCC7942_RS12965
M744_RS03330	4.3703	SYNPCC7942_RS12960
M744_RS03335	11.2477	SYNPCC7942_RS12955
M744_RS03340	1.4250	SYNPCC7942_RS12950
M744_RS03345	48.6367	SYNPCC7942_RS12945
M744_RS03350	6.3063	SYNPCC7942_RS12940
M744_RS03355	13.2088	SYNPCC7942_RS12935
M744_RS03360	115.7204	SYNPCC7942_RS12930
M744_RS03365	1.7651	SYNPCC7942_RS12925
M744_RS03370	29.5458	SYNPCC7942_RS12920
M744_RS03375	11.1507	SYNPCC7942_RS12915
M744_RS03390	283.4680	SYNPCC7942_RS12900
M744_RS03395	26.7318	SYNPCC7942_RS12895
M744_RS03400	47.4113	SYNPCC7942_RS12890
M744_RS03405	479.8146	SYNPCC7942_RS12885
M744_RS03410	122.8369	SYNPCC7942_RS12880
M744_RS03415	29.1095	SYNPCC7942_RS12875
M744_RS03420	162.7934	SYNPCC7942_RS12870
M744_RS03425	56.3422	SYNPCC7942_RS12865
M744_RS03430	35.9584	SYNPCC7942_RS12860
M744_RS03435	77.8685	SYNPCC7942_RS12855
M744_RS03440	688.5766	SYNPCC7942_RS12850
M744_RS03445	1949.0421	SYNPCC7942_RS12845
M744_RS03450	885.8048	SYNPCC7942_RS12840
M744_RS03455	6.0697	SYNPCC7942_RS12835
M744_RS03460	19.2896	SYNPCC7942_RS12830
M744_RS03465	482.8591	SYNPCC7942_RS12825
M744_RS03470	285.1076	SYNPCC7942_RS12820
M744_RS03475	588.4812	SYNPCC7942_RS12815
M744_RS03485	12.5758	SYNPCC7942_RS12805
M744_RS03490	149.3859	SYNPCC7942_RS12800
M744_RS03495	10.9548	SYNPCC7942_RS12795
M744_RS03500	112.8185	SYNPCC7942_RS12790
M744_RS03505	307.5273	SYNPCC7942_RS12785
M744_RS03510	98.7595	SYNPCC7942_RS12780
M744_RS03515	8.1694	SYNPCC7942_RS12775
M744_RS03525	21.7432	SYNPCC7942_RS12765
M744_RS03530	102.4636	SYNPCC7942_RS12760
M744_RS03535	71.4520	SYNPCC7942_RS12755
M744_RS03545	203.0306	SYNPCC7942_RS12745
M744_RS03550	12.6237	SYNPCC7942_RS12740
M744_RS03555	112.3422	SYNPCC7942_RS12735
M744_RS03560	36.4732	SYNPCC7942_RS12730
M744_RS03565	20.8292	SYNPCC7942_RS12725
M744_RS03575	136.2456	SYNPCC7942_RS12715
M744_RS03580	10.7857	SYNPCC7942_RS12710
M744_RS03585	36.1960	SYNPCC7942_RS12705
M744_RS03590	3079.5680	SYNPCC7942_RS12700
M744_RS03595	151.0612	SYNPCC7942_RS12695
M744_RS03600	748.9453	SYNPCC7942_RS12690
M744_RS03605	31.2008	SYNPCC7942_RS12685
M744_RS03610	247.3746	SYNPCC7942_RS12680
M744_RS03615	139.9482	SYNPCC7942_RS12675
M744_RS03620	986.7488	SYNPCC7942_RS12670
M744_RS03625	292.2621	SYNPCC7942_RS12665
M744_RS03630	57.7405	SYNPCC7942_RS12660
M744_RS03635	40.6771	SYNPCC7942_RS12655
M744_RS03640	3.5893	SYNPCC7942_RS12650
M744_RS03650	690.0839	SYNPCC7942_RS12640
M744_RS03655	4.8379	SYNPCC7942_RS12635
M744_RS03665	117.0113	SYNPCC7942_RS12625
M744_RS03670	133.8874	SYNPCC7942_RS12620
M744_RS03675	38.3870	SYNPCC7942_RS12615
M744_RS03680	613.3525	SYNPCC7942_RS12610
M744_RS03690	28.2177	SYNPCC7942_RS12600
M744_RS03700	47.2828	SYNPCC7942_RS12590
M744_RS03705	88.0367	SYNPCC7942_RS12585
M744_RS03710	47.8216	SYNPCC7942_RS12580
M744_RS03715	92.6405	SYNPCC7942_RS12575
M744_RS03725	134.2495	SYNPCC7942_RS12565
M744_RS03730	153.8663	SYNPCC7942_RS12560
M744_RS03735	114.2342	SYNPCC7942_RS12555
M744_RS03740	132.7939	SYNPCC7942_RS12550
M744_RS03745	7886.1632	SYNPCC7942_RS12545
M744_RS03750	26.1486	SYNPCC7942_RS12540
M744_RS03755	9.5020	SYNPCC7942_RS12535
M744_RS03765	118.8903	SYNPCC7942_RS12530
M744_RS03770	26.8778	SYNPCC7942_RS12525
M744_RS03775	577.2594	SYNPCC7942_RS12520
M744_RS03780	8.3163	SYNPCC7942_RS12515
M744_RS03785	25.3964	SYNPCC7942_RS12510
M744_RS03790	91.0753	SYNPCC7942_RS12505
M744_RS03795	58.6813	SYNPCC7942_RS12500
M744_RS03805	13.3650	SYNPCC7942_RS12490
M744_RS03810	44.4141	SYNPCC7942_RS12485
M744_RS03815	84.4787	SYNPCC7942_RS12480
M744_RS03835	101.6502	SYNPCC7942_RS12465
M744_RS03850	262.8095	SYNPCC7942_RS12455
M744_RS03855	982.2179	SYNPCC7942_RS12450
M744_RS03860	1214.5605	SYNPCC7942_RS12445
M744_RS03865	160.0774	SYNPCC7942_RS12440
M744_RS03870	13.9389	SYNPCC7942_RS12435
M744_RS03875	424.9540	SYNPCC7942_RS12430
M744_RS03880	17.1844	SYNPCC7942_RS12425
M744_RS03885	98.0460	SYNPCC7942_RS12420
M744_RS03890	191.9430	SYNPCC7942_RS12415
M744_RS03895	248.0550	SYNPCC7942_RS12410
M744_RS03900	168.7003	SYNPCC7942_RS12405
M744_RS03905	1153.9477	SYNPCC7942_RS12400
M744_RS03910	486.4875	SYNPCC7942_RS12395
M744_RS03920	56.9475	SYNPCC7942_RS12385
M744_RS03925	606.4546	SYNPCC7942_RS12380
M744_RS03930	65.3259	SYNPCC7942_RS12375
M744_RS03935	21.7054	SYNPCC7942_RS12370
M744_RS03940	117.3588	SYNPCC7942_RS12365
M744_RS03945	22.2376	SYNPCC7942_RS12360
M744_RS03950	17.9893	SYNPCC7942_RS12355
M744_RS03955	135.5874	SYNPCC7942_RS12350
M744_RS03960	16.1032	SYNPCC7942_RS12345
M744_RS03965	25.7688	SYNPCC7942_RS12340
M744_RS03970	31.2286	SYNPCC7942_RS12335
M744_RS03975	27.6688	SYNPCC7942_RS12330
M744_RS03980	105.9758	SYNPCC7942_RS12325
M744_RS03985	14.6560	SYNPCC7942_RS12320
M744_RS03990	132.2488	SYNPCC7942_RS12315
M744_RS03995	191.6802	SYNPCC7942_RS12310
M744_RS04000	63.4222	SYNPCC7942_RS12305
M744_RS04005	9.2553	SYNPCC7942_RS12300
M744_RS04010	40.8460	SYNPCC7942_RS12295
M744_RS04015	7.4496	SYNPCC7942_RS12290
M744_RS04020	4.9091	SYNPCC7942_RS12285
M744_RS04025	22.7451	SYNPCC7942_RS12280
M744_RS04030	3.0460	SYNPCC7942_RS12275
M744_RS04035	90.5964	SYNPCC7942_RS12270
M744_RS04040	30.5439	SYNPCC7942_RS12265
M744_RS04045	75.2160	SYNPCC7942_RS12260
M744_RS04050	4.6965	SYNPCC7942_RS12255
M744_RS04055	9.8366	SYNPCC7942_RS12250
M744_RS04060	314.3601	SYNPCC7942_RS12245
M744_RS04065	32.5539	SYNPCC7942_RS12240
M744_RS04070	27.0330	SYNPCC7942_RS12235
M744_RS04075	56.0317	SYNPCC7942_RS12230
M744_RS04080	0.9029	SYNPCC7942_RS12225
M744_RS04095	71.1644	SYNPCC7942_RS12210
M744_RS04100	31.5243	SYNPCC7942_RS12205
M744_RS04105	258.8561	SYNPCC7942_RS12200
M744_RS04110	57.6519	SYNPCC7942_RS12195
M744_RS04115	226.9949	SYNPCC7942_RS12190
M744_RS04120	1.4278	SYNPCC7942_RS12185
M744_RS04125	182.1663	SYNPCC7942_RS12180
M744_RS04130	121.3697	SYNPCC7942_RS12175
M744_RS04135	35.5897	SYNPCC7942_RS12170
M744_RS04140	22.6027	SYNPCC7942_RS12165
M744_RS04145	197.4892	SYNPCC7942_RS12160
M744_RS04150	27.2825	SYNPCC7942_RS12155
M744_RS04160	22.5610	SYNPCC7942_RS12145
M744_RS04165	13.5377	SYNPCC7942_RS12140
M744_RS04170	229.7198	SYNPCC7942_RS12135
M744_RS04175	65.6965	SYNPCC7942_RS12130
M744_RS04180	5.2186	SYNPCC7942_RS12125
M744_RS04185	6.7555	SYNPCC7942_RS12120
M744_RS04190	211.9504	SYNPCC7942_RS12115
M744_RS04195	82.9234	SYNPCC7942_RS12110
M744_RS04200	4.4192	SYNPCC7942_RS12105
M744_RS04205	24.0924	SYNPCC7942_RS12100
M744_RS04210	163.8565	SYNPCC7942_RS12095
M744_RS04215	10.6720	SYNPCC7942_RS12090
M744_RS04220	331.2177	SYNPCC7942_RS12085
M744_RS04225	13.0590	SYNPCC7942_RS12080
M744_RS04230	15.9535	SYNPCC7942_RS12075
M744_RS04235	91.8616	SYNPCC7942_RS12070
M744_RS04240	85.9138	SYNPCC7942_RS12065
M744_RS04245	3.9600	SYNPCC7942_RS12060
M744_RS04250	8.6426	SYNPCC7942_RS12055
M744_RS04255	23.1377	SYNPCC7942_RS12050
M744_RS04260	3.0137	SYNPCC7942_RS12045
M744_RS04265	547.3111	SYNPCC7942_RS12040
M744_RS04270	176.0493	SYNPCC7942_RS12035
M744_RS04280	85.4133	SYNPCC7942_RS12025
M744_RS04285	55.4780	SYNPCC7942_RS12020
M744_RS04290	118.0205	SYNPCC7942_RS12015
M744_RS04295	12.7227	SYNPCC7942_RS12010
M744_RS04300	6.5401	SYNPCC7942_RS12005
M744_RS04305	36.3725	SYNPCC7942_RS12000
M744_RS04310	33.4724	SYNPCC7942_RS11995
M744_RS04315	171.7132	SYNPCC7942_RS11990
M744_RS04320	655.1829	SYNPCC7942_RS11985
M744_RS04325	123.0579	SYNPCC7942_RS11980
M744_RS04330	34.1506	SYNPCC7942_RS11975
M744_RS04335	10.6637	SYNPCC7942_RS11970
M744_RS04340	18.6372	SYNPCC7942_RS11965
M744_RS04345	228.3658	SYNPCC7942_RS11960
M744_RS04350	62.3337	SYNPCC7942_RS11955
M744_RS04355	7552.0933	SYNPCC7942_RS11950
M744_RS04360	69.5934	SYNPCC7942_RS11945
M744_RS04365	67.6667	SYNPCC7942_RS11940
M744_RS04370	355.1936	SYNPCC7942_RS11935
M744_RS04375	44.8829	SYNPCC7942_RS11930
M744_RS04380	99.4139	SYNPCC7942_RS11925
M744_RS04385	47.3041	SYNPCC7942_RS11920
M744_RS04390	220.7699	SYNPCC7942_RS11915
M744_RS04395	240.6233	SYNPCC7942_RS11910
M744_RS04400	234.3754	SYNPCC7942_RS11905
M744_RS04405	2010.0593	SYNPCC7942_RS11900
M744_RS04410	22.6027	SYNPCC7942_RS11895
M744_RS04415	74.9287	SYNPCC7942_RS11890
M744_RS04420	46.3141	SYNPCC7942_RS11885
M744_RS04425	324.8184	SYNPCC7942_RS11880
M744_RS04430	83.9724	SYNPCC7942_RS11875
M744_RS04435	178.8125	SYNPCC7942_RS11870
M744_RS04440	232.7295	SYNPCC7942_RS11865
M744_RS04445	192.1438	SYNPCC7942_RS11860
M744_RS04450	1678.3428	SYNPCC7942_RS11855
M744_RS04455	3580.3757	SYNPCC7942_RS11850
M744_RS04460	52.0959	SYNPCC7942_RS11845
M744_RS04465	16.7039	SYNPCC7942_RS11840
M744_RS04470	5.2759	SYNPCC7942_RS11835
M744_RS04475	19.6602	SYNPCC7942_RS11830
M744_RS04480	99.6465	SYNPCC7942_RS11825
M744_RS04485	28.7787	SYNPCC7942_RS11820
M744_RS04490	35.9511	SYNPCC7942_RS11815
M744_RS04495	4.6503	SYNPCC7942_RS11810
M744_RS04500	138.5678	SYNPCC7942_RS11805
M744_RS04505	566.7177	SYNPCC7942_RS11800
M744_RS04510	8.5890	SYNPCC7942_RS11795
M744_RS04520	21.3347	SYNPCC7942_RS11785
M744_RS04525	129.6295	SYNPCC7942_RS11780
M744_RS04530	409.0858	SYNPCC7942_RS11775
M744_RS04535	3696.9670	SYNPCC7942_RS11770
M744_RS04540	2993.5999	SYNPCC7942_RS11765
M744_RS04545	9415.3874	SYNPCC7942_RS11760
M744_RS04550	16.5034	SYNPCC7942_RS11755
M744_RS04555	228.1379	SYNPCC7942_RS11750
M744_RS04565	77.2639	SYNPCC7942_RS11740
M744_RS04570	535.2822	SYNPCC7942_RS11735
M744_RS04575	34.1213	SYNPCC7942_RS11730
M744_RS04580	27.0414	SYNPCC7942_RS11725
M744_RS04585	23.5195	SYNPCC7942_RS11720
M744_RS04590	49.5406	SYNPCC7942_RS11715
M744_RS04600	10.8051	SYNPCC7942_RS11705
M744_RS04605	30.1234	SYNPCC7942_RS11700
M744_RS04610	116.7166	SYNPCC7942_RS11695
M744_RS04615	180.1318	SYNPCC7942_RS11690
M744_RS04620	372.0032	SYNPCC7942_RS11685
M744_RS04625	5.5208	SYNPCC7942_RS11680
M744_RS04630	597.8438	SYNPCC7942_RS11675
M744_RS04635	41.7787	SYNPCC7942_RS11670
M744_RS04640	72.4205	SYNPCC7942_RS11665
M744_RS04645	177.4819	SYNPCC7942_RS11660
M744_RS04650	9.1980	SYNPCC7942_RS11655
M744_RS04655	92.7442	SYNPCC7942_RS11650
M744_RS04660	74.3916	SYNPCC7942_RS11645
M744_RS04665	37.1320	SYNPCC7942_RS11640
M744_RS04670	102.3746	SYNPCC7942_RS11635
M744_RS04675	45.7366	SYNPCC7942_RS11630
M744_RS04680	47.6656	SYNPCC7942_RS11625
M744_RS04685	11.1414	SYNPCC7942_RS11620
M744_RS04690	55.6694	SYNPCC7942_RS11615
M744_RS04695	34.3541	SYNPCC7942_RS11610
M744_RS04700	8.3320	SYNPCC7942_RS11605
M744_RS04705	130.9354	SYNPCC7942_RS11600
M744_RS04710	50.6735	SYNPCC7942_RS11595
M744_RS04715	185.9720	SYNPCC7942_RS11590
M744_RS04720	104.3985	SYNPCC7942_RS11585
M744_RS04725	85.2172	SYNPCC7942_RS11580
M744_RS04730	12.1008	SYNPCC7942_RS11575
M744_RS04735	5.3767	SYNPCC7942_RS11570
M744_RS04750	211.9494	SYNPCC7942_RS11555
M744_RS04755	21.4531	SYNPCC7942_RS11550
M744_RS04760	8.1149	SYNPCC7942_RS11545
M744_RS04765	35.3845	SYNPCC7942_RS11540
M744_RS04770	18.5531	SYNPCC7942_RS11535
M744_RS04775	14.4795	SYNPCC7942_RS11530
M744_RS04780	12.5296	SYNPCC7942_RS11525
M744_RS04785	136.7178	SYNPCC7942_RS11520
M744_RS04790	14.7595	SYNPCC7942_RS11515
M744_RS04795	68.5557	SYNPCC7942_RS11510
M744_RS04800	80.7894	SYNPCC7942_RS11505
M744_RS04805	40.4691	SYNPCC7942_RS11500
M744_RS04810	131.6731	SYNPCC7942_RS11495
M744_RS04815	10.4807	SYNPCC7942_RS11490
M744_RS04820	9.6896	SYNPCC7942_RS11485
M744_RS04830	120.8511	SYNPCC7942_RS11475
M744_RS04835	5.0366	SYNPCC7942_RS11470
M744_RS04840	1184.5573	SYNPCC7942_RS11465
M744_RS04845	47.9067	SYNPCC7942_RS11460
M744_RS04850	98.7640	SYNPCC7942_RS11455
M744_RS04855	642.0568	SYNPCC7942_RS11450
M744_RS04870	11.1775	SYNPCC7942_RS11435
M744_RS04875	12.7901	SYNPCC7942_RS11430
M744_RS04880	1032.9955	SYNPCC7942_RS11425
M744_RS04885	230.0603	SYNPCC7942_RS11420
M744_RS04890	192.1234	SYNPCC7942_RS11415
M744_RS04895	62.3557	SYNPCC7942_RS11410
M744_RS04900	24.0184	SYNPCC7942_RS11405
M744_RS04905	422.3743	SYNPCC7942_RS11400
M744_RS04910	445.6750	SYNPCC7942_RS11395
M744_RS04920	91.7091	SYNPCC7942_RS11385
M744_RS04930	111.3186	SYNPCC7942_RS11375
M744_RS04935	89.6429	SYNPCC7942_RS11370
M744_RS04940	25.9999	SYNPCC7942_RS11365
M744_RS04945	7.6177	SYNPCC7942_RS11360
M744_RS04950	29.5662	SYNPCC7942_RS11355
M744_RS04955	13.6986	SYNPCC7942_RS11350
M744_RS04960	106.7688	SYNPCC7942_RS11345
M744_RS04970	1511.0322	SYNPCC7942_RS11335
M744_RS04975	1279.4656	SYNPCC7942_RS11330
M744_RS04980	527.5299	SYNPCC7942_RS11325
M744_RS04985	1299.3786	SYNPCC7942_RS11320
M744_RS04990	440.5304	SYNPCC7942_RS11315
M744_RS04995	1446.9681	SYNPCC7942_RS11310
M744_RS05000	1152.2516	SYNPCC7942_RS11305
M744_RS05005	1630.1658	SYNPCC7942_RS11300
M744_RS05010	476.0170	SYNPCC7942_RS11295
M744_RS05015	305.3919	SYNPCC7942_RS11290
M744_RS05020	1423.3715	SYNPCC7942_RS11285
M744_RS05025	2869.2209	SYNPCC7942_RS11280
M744_RS05030	2232.1153	SYNPCC7942_RS11275
M744_RS05035	1155.9714	SYNPCC7942_RS11270
M744_RS05040	2038.6248	SYNPCC7942_RS11265
M744_RS05045	970.1034	SYNPCC7942_RS11260
M744_RS05050	953.0661	SYNPCC7942_RS11255
M744_RS05055	783.6045	SYNPCC7942_RS11250
M744_RS05060	1489.9658	SYNPCC7942_RS11245
M744_RS05065	276.0302	SYNPCC7942_RS11240
M744_RS05070	779.1982	SYNPCC7942_RS11235
M744_RS05075	837.6494	SYNPCC7942_RS11230
M744_RS05080	2754.6574	SYNPCC7942_RS11225
M744_RS05085	684.4988	SYNPCC7942_RS11220
M744_RS05090	3663.6141	SYNPCC7942_RS11215
M744_RS05095	1296.8592	SYNPCC7942_RS11210
M744_RS05100	440.9375	SYNPCC7942_RS11205
M744_RS05105	1279.4078	SYNPCC7942_RS11200
M744_RS05110	68.5444	SYNPCC7942_RS11195
M744_RS05115	22.4595	SYNPCC7942_RS11190
M744_RS05120	81.9364	SYNPCC7942_RS11185
M744_RS05130	43.0651	SYNPCC7942_RS11175
M744_RS05135	103.3681	SYNPCC7942_RS11170
M744_RS05140	25.6699	SYNPCC7942_RS11165
M744_RS05145	41.2787	SYNPCC7942_RS11160
M744_RS05150	14.4962	SYNPCC7942_RS11155
M744_RS05155	12.4990	SYNPCC7942_RS11150
M744_RS05160	2.4037	SYNPCC7942_RS11145
M744_RS05165	18.2019	SYNPCC7942_RS11140
M744_RS05170	20.7618	SYNPCC7942_RS11135
M744_RS05175	8.9531	SYNPCC7942_RS11130
M744_RS05180	57.1720	SYNPCC7942_RS11125
M744_RS05185	108.1034	SYNPCC7942_RS11120
M744_RS05190	20.8487	SYNPCC7942_RS11115
M744_RS05195	10.4261	SYNPCC7942_RS11110
M744_RS05200	9.5704	SYNPCC7942_RS11105
M744_RS05205	64.2761	SYNPCC7942_RS11100
M744_RS05210	22.3495	SYNPCC7942_RS11095
M744_RS05215	1.1801	SYNPCC7942_RS11090
M744_RS05220	58.5934	SYNPCC7942_RS11085
M744_RS05225	489.7037	SYNPCC7942_RS11080
M744_RS05230	66.1917	SYNPCC7942_RS11075
M744_RS05235	21.6740	SYNPCC7942_RS11070
M744_RS05240	33.8994	SYNPCC7942_RS11065
M744_RS05245	10.1794	SYNPCC7942_RS11060
M744_RS05250	132.0847	SYNPCC7942_RS11055
M744_RS05255	12.1774	SYNPCC7942_RS11050
M744_RS05260	9.5722	SYNPCC7942_RS11045
M744_RS05265	12.0943	SYNPCC7942_RS11040
M744_RS05270	201.5996	SYNPCC7942_RS11035
M744_RS05275	0.6663	SYNPCC7942_RS11030
M744_RS05280	13.7281	SYNPCC7942_RS11025
M744_RS05285	99.6762	SYNPCC7942_RS11020
M744_RS05290	1.9176	SYNPCC7942_RS11015
M744_RS05295	1.0526	SYNPCC7942_RS11010
M744_RS05300	3.9405	SYNPCC7942_RS11005
M744_RS05305	4.3564	SYNPCC7942_RS11000
M744_RS05310	70.5491	SYNPCC7942_RS10995
M744_RS05315	1.2347	SYNPCC7942_RS10990
M744_RS05320	88.5245	SYNPCC7942_RS10980
M744_RS05325	631.4253	SYNPCC7942_RS10975
M744_RS05330	80.7204	SYNPCC7942_RS10970
M744_RS05335	1485.8033	SYNPCC7942_RS10965
M744_RS05345	4542.0302	SYNPCC7942_RS10955
M744_RS05350	19.2055	SYNPCC7942_RS10950
M744_RS05355	8.7627	SYNPCC7942_RS10945
M744_RS05360	8.5206	SYNPCC7942_RS10940
M744_RS05365	59.0592	SYNPCC7942_RS10935
M744_RS05370	45.6813	SYNPCC7942_RS10930
M744_RS05375	64.0089	SYNPCC7942_RS10925
M744_RS05380	159.2917	SYNPCC7942_RS10920
M744_RS05385	101.8804	SYNPCC7942_RS10915
M744_RS05395	5.4423	SYNPCC7942_RS10905
M744_RS05400	11.5999	SYNPCC7942_RS10900
M744_RS05405	22.3318	SYNPCC7942_RS10895
M744_RS05410	5.8877	SYNPCC7942_RS10890
M744_RS05420	399.9142	SYNPCC7942_RS10880
M744_RS05425	63.0876	SYNPCC7942_RS10875
M744_RS05430	18.0476	SYNPCC7942_RS10870
M744_RS05435	2.8723	SYNPCC7942_RS10860
M744_RS05440	29.6566	SYNPCC7942_RS10855
M744_RS05445	58.8244	SYNPCC7942_RS10850
M744_RS05450	37.5230	SYNPCC7942_RS10845
M744_RS05455	2959.0724	SYNPCC7942_RS10840
M744_RS05460	50.7133	SYNPCC7942_RS10835
M744_RS05465	22.8827	SYNPCC7942_RS10830
M744_RS05470	22.2580	SYNPCC7942_RS10825
M744_RS05475	26.0405	SYNPCC7942_RS10820
M744_RS05480	75.0266	SYNPCC7942_RS10815
M744_RS05485	9.4290	SYNPCC7942_RS10810
M744_RS05490	83.5288	SYNPCC7942_RS10805
M744_RS05495	12.1756	SYNPCC7942_RS10800
M744_RS05500	27.5534	SYNPCC7942_RS10795
M744_RS05505	53.6243	SYNPCC7942_RS10790
M744_RS05510	11.0667	SYNPCC7942_RS10785
M744_RS05515	201.1913	SYNPCC7942_RS10780
M744_RS05520	91.3285	SYNPCC7942_RS10775
M744_RS05525	29.5670	SYNPCC7942_RS10770
M744_RS05530	24.7503	SYNPCC7942_RS10765
M744_RS05535	194.5802	SYNPCC7942_RS10760
M744_RS05540	233.4807	SYNPCC7942_RS10755
M744_RS05545	136.2952	SYNPCC7942_RS10750
M744_RS05550	1517.0981	SYNPCC7942_RS10745
M744_RS05555	206.6789	SYNPCC7942_RS10740
M744_RS05560	156.5053	SYNPCC7942_RS10735
M744_RS05565	25.5959	SYNPCC7942_RS10730
M744_RS05570	16.1512	SYNPCC7942_RS10725
M744_RS05580	35.0065	SYNPCC7942_RS10715
M744_RS05585	698.9413	SYNPCC7942_RS10710
M744_RS05590	10.4410	SYNPCC7942_RS10705
M744_RS05595	20.4420	SYNPCC7942_RS10700
M744_RS05600	14.7189	SYNPCC7942_RS10695
M744_RS05605	123.9423	SYNPCC7942_RS10690
M744_RS05610	16.8582	SYNPCC7942_RS10685
M744_RS05615	194.3399	SYNPCC7942_RS10680
M744_RS05620	190.1759	SYNPCC7942_RS10675
M744_RS05625	143.9103	SYNPCC7942_RS10670
M744_RS05630	49.6486	SYNPCC7942_RS10665
M744_RS05640	1.7050	SYNPCC7942_RS10655
M744_RS05645	12.3899	SYNPCC7942_RS10650
M744_RS05650	33.1194	SYNPCC7942_RS10645
M744_RS05655	8.5890	SYNPCC7942_RS10640
M744_RS05660	9.9022	SYNPCC7942_RS10635
M744_RS05665	4.0441	SYNPCC7942_RS10630
M744_RS05670	108.9222	SYNPCC7942_RS10625
M744_RS05675	7.8210	SYNPCC7942_RS10620
M744_RS05680	30.8423	SYNPCC7942_RS10615
M744_RS05685	88.2086	SYNPCC7942_RS10610
M744_RS05690	83.5091	SYNPCC7942_RS10605
M744_RS05695	53.6732	SYNPCC7942_RS10600
M744_RS05700	152.9612	SYNPCC7942_RS10595
M744_RS05705	982.4458	SYNPCC7942_RS10590
M744_RS05710	8.0502	SYNPCC7942_RS10585
M744_RS05715	17.9653	SYNPCC7942_RS10580
M744_RS05720	25.7936	SYNPCC7942_RS10575
M744_RS05725	63.7260	SYNPCC7942_RS10570
M744_RS05730	82.8946	SYNPCC7942_RS10565
M744_RS05735	9.4281	SYNPCC7942_RS10560
M744_RS05740	369.2234	SYNPCC7942_RS10555
M744_RS05750	701.2874	SYNPCC7942_RS10545
M744_RS05755	21.4688	SYNPCC7942_RS10540
M744_RS05760	9.6656	SYNPCC7942_RS10535
M744_RS05765	6.2601	SYNPCC7942_RS10530
M744_RS05770	19.3552	SYNPCC7942_RS10525
M744_RS05775	5.4958	SYNPCC7942_RS10520
M744_RS05780	107.9787	SYNPCC7942_RS10515
M744_RS05790	300.3242	SYNPCC7942_RS10505
M744_RS05795	271.7374	SYNPCC7942_RS10500
M744_RS05800	615.5184	SYNPCC7942_RS10495
M744_RS05805	390.1147	SYNPCC7942_RS10490
M744_RS05810	110.9793	SYNPCC7942_RS10485
M744_RS05815	24.5526	SYNPCC7942_RS10480
M744_RS05820	30.7832	SYNPCC7942_RS10475
M744_RS05825	116.5261	SYNPCC7942_RS10470
M744_RS05830	64.1676	SYNPCC7942_RS10465
M744_RS05835	49.7928	SYNPCC7942_RS10460
M744_RS05840	116.9877	SYNPCC7942_RS10455
M744_RS05845	8.6186	SYNPCC7942_RS10450
M744_RS05850	1129.5093	SYNPCC7942_RS10445
M744_RS05855	27.0977	SYNPCC7942_RS10440
M744_RS05860	81.5630	SYNPCC7942_RS10435
M744_RS05865	143.1498	SYNPCC7942_RS10430
M744_RS05870	95.8041	SYNPCC7942_RS10425
M744_RS05875	191.9549	SYNPCC7942_RS10420
M744_RS05880	155.9508	SYNPCC7942_RS10415
M744_RS05885	22.4752	SYNPCC7942_RS10410
M744_RS05890	26.9369	SYNPCC7942_RS10405
M744_RS05895	155.5889	SYNPCC7942_RS10400
M744_RS05900	41162.0964	SYNPCC7942_RS10395
M744_RS05905	53692.1146	SYNPCC7942_RS10390
M744_RS05910	248.1408	SYNPCC7942_RS10385
M744_RS05915	10.7968	SYNPCC7942_RS10380
M744_RS05920	78.8313	SYNPCC7942_RS10375
M744_RS05925	145.0119	SYNPCC7942_RS10370
M744_RS05930	215.5475	SYNPCC7942_RS10365
M744_RS05935	13.4102	SYNPCC7942_RS10360
M744_RS05940	59.7715	SYNPCC7942_RS10355
M744_RS05945	6.9653	SYNPCC7942_RS10350
M744_RS05950	14.5330	SYNPCC7942_RS10345
M744_RS05955	36.1811	SYNPCC7942_RS10340
M744_RS05960	24.9740	SYNPCC7942_RS10335
M744_RS05965	42.6621	SYNPCC7942_RS10330
M744_RS05970	70.8210	SYNPCC7942_RS10325
M744_RS05975	28.8795	SYNPCC7942_RS10320
M744_RS05980	40.2353	SYNPCC7942_RS10315
M744_RS05985	59.7700	SYNPCC7942_RS10310
M744_RS05990	72.2337	SYNPCC7942_RS10305
M744_RS05995	3631.9547	SYNPCC7942_RS10300
M744_RS06000	253.9298	SYNPCC7942_RS10295
M744_RS06005	39.8363	SYNPCC7942_RS10290
M744_RS06010	7.5382	SYNPCC7942_RS10285
M744_RS06015	796.2539	SYNPCC7942_RS10280
M744_RS06020	22.5214	SYNPCC7942_RS10275
M744_RS06025	21.0908	SYNPCC7942_RS10270
M744_RS06030	96.0748	SYNPCC7942_RS10265
M744_RS06035	202.7750	SYNPCC7942_RS10260
M744_RS06040	14.2197	SYNPCC7942_RS10255
M744_RS06045	1695.4788	SYNPCC7942_RS10250
M744_RS06050	121.7096	SYNPCC7942_RS10245
M744_RS06055	14.4111	SYNPCC7942_RS10240
M744_RS06065	98.9665	SYNPCC7942_RS10230
M744_RS06070	124.9773	SYNPCC7942_RS10225
M744_RS06075	998.4314	SYNPCC7942_RS10220
M744_RS06080	27.8592	SYNPCC7942_RS10215
M744_RS06085	5.6622	SYNPCC7942_RS10210
M744_RS06090	161.8738	SYNPCC7942_RS10205
M744_RS06095	56.8331	SYNPCC7942_RS10200
M744_RS06100	2027.1344	SYNPCC7942_RS10195
M744_RS06105	76.9274	SYNPCC7942_RS10190
M744_RS06110	13.5110	SYNPCC7942_RS10185
M744_RS06115	31.4578	SYNPCC7942_RS10180
M744_RS06120	41.4979	SYNPCC7942_RS10175
M744_RS06125	11.5019	SYNPCC7942_RS10170
M744_RS06130	13.5895	SYNPCC7942_RS10165
M744_RS06135	20.5937	SYNPCC7942_RS10160
M744_RS06140	37.3935	SYNPCC7942_RS10155
M744_RS06145	16.2353	SYNPCC7942_RS10145
M744_RS06150	167.2063	SYNPCC7942_RS10140
M744_RS06155	980.8537	SYNPCC7942_RS10135
M744_RS06160	7.6796	SYNPCC7942_RS10130
M744_RS06165	5.4173	SYNPCC7942_RS10125
M744_RS06170	101.1391	SYNPCC7942_RS10120
M744_RS06175	35.2893	SYNPCC7942_RS10115
M744_RS06180	14.0950	SYNPCC7942_RS10110
M744_RS06185	6.4699	SYNPCC7942_RS10105
M744_RS06190	29.4857	SYNPCC7942_RS10100
M744_RS06195	106.2641	SYNPCC7942_RS10095
M744_RS06200	14.4166	SYNPCC7942_RS10090
M744_RS06205	86.5248	SYNPCC7942_RS10085
M744_RS06210	28.4553	SYNPCC7942_RS10080
M744_RS06215	1454.1901	SYNPCC7942_RS10075
M744_RS06220	188.0615	SYNPCC7942_RS10070
M744_RS06225	16.2676	SYNPCC7942_RS10065
M744_RS06230	186.0660	SYNPCC7942_RS10060
M744_RS06235	139.8685	SYNPCC7942_RS10055
M744_RS06240	102.5326	SYNPCC7942_RS10050
M744_RS06245	19.6906	SYNPCC7942_RS10045
M744_RS06250	144.2274	SYNPCC7942_RS10040
M744_RS06255	19.4292	SYNPCC7942_RS10035
M744_RS06260	87.0323	SYNPCC7942_RS10030
M744_RS06265	1096.3655	SYNPCC7942_RS10025
M744_RS06270	2729.3110	SYNPCC7942_RS10020
M744_RS06275	159.0051	SYNPCC7942_RS10015
M744_RS06280	43.1095	SYNPCC7942_RS10010
M744_RS06285	67.1676	SYNPCC7942_RS10005
M744_RS06290	52.3989	SYNPCC7942_RS10000
M744_RS06300	1208.9093	SYNPCC7942_RS09990
M744_RS06305	27.9008	SYNPCC7942_RS09985
M744_RS06310	34.0759	SYNPCC7942_RS09980
M744_RS06315	26.8371	SYNPCC7942_RS09975
M744_RS06320	117.8968	SYNPCC7942_RS09970
M744_RS06325	87.2732	SYNPCC7942_RS09965
M744_RS06330	26.4425	SYNPCC7942_RS09960
M744_RS06335	19.8246	SYNPCC7942_RS09955
M744_RS06340	20.9808	SYNPCC7942_RS09950
M744_RS06345	11.6534	SYNPCC7942_RS09945
M744_RS06350	129.5304	SYNPCC7942_RS09940
M744_RS06355	21.5122	SYNPCC7942_RS09935
M744_RS06360	20.3376	SYNPCC7942_RS09930
M744_RS06365	333.3088	SYNPCC7942_RS09925
M744_RS06375	20.3922	SYNPCC7942_RS09915
M744_RS06380	18.8876	SYNPCC7942_RS09910
M744_RS06390	9.0049	SYNPCC7942_RS09900
M744_RS06395	56.0983	SYNPCC7942_RS09895
M744_RS06400	124.8684	SYNPCC7942_RS09890
M744_RS06405	25.3621	SYNPCC7942_RS09885
M744_RS06410	71.6136	SYNPCC7942_RS09880
M744_RS06415	11.1396	SYNPCC7942_RS09875
M744_RS06420	41.2565	SYNPCC7942_RS09870
M744_RS06425	355.7142	SYNPCC7942_RS09865
M744_RS06430	122.6503	SYNPCC7942_RS09860
M744_RS06435	55.7749	SYNPCC7942_RS09855
M744_RS06440	6.2306	SYNPCC7942_RS09850
M744_RS06445	5.1807	SYNPCC7942_RS09845
M744_RS06450	0.9491	SYNPCC7942_RS09840
M744_RS06455	5.3767	SYNPCC7942_RS09835
M744_RS06460	143.4276	SYNPCC7942_RS09830
M744_RS06465	55.9080	SYNPCC7942_RS09825
M744_RS06470	12.5619	SYNPCC7942_RS09820
M744_RS06475	29.4458	SYNPCC7942_RS09815
M744_RS06480	20.0632	SYNPCC7942_RS09810
M744_RS06485	75.4914	SYNPCC7942_RS09805
M744_RS06490	52.2353	SYNPCC7942_RS09800
M744_RS06495	107.0877	SYNPCC7942_RS09795
M744_RS06500	150.1667	SYNPCC7942_RS09790
M744_RS06505	9.7654	SYNPCC7942_RS09785
M744_RS06510	22.2939	SYNPCC7942_RS09780
M744_RS06515	8.7138	SYNPCC7942_RS09775
M744_RS06520	26.5127	SYNPCC7942_RS09770
M744_RS06525	34.4271	SYNPCC7942_RS09765
M744_RS06530	120.7373	SYNPCC7942_RS09760
M744_RS06535	147.4441	SYNPCC7942_RS09755
M744_RS06540	8.3764	SYNPCC7942_RS09750
M744_RS06545	340.1803	SYNPCC7942_RS09745
M744_RS06550	103.4476	SYNPCC7942_RS09740
M744_RS06555	48.6516	SYNPCC7942_RS09735
M744_RS06560	20.7563	SYNPCC7942_RS09730
M744_RS06565	64.6475	SYNPCC7942_RS09725
M744_RS06575	143.5422	SYNPCC7942_RS09715
M744_RS06580	63.5146	SYNPCC7942_RS09710
M744_RS06585	535.7011	SYNPCC7942_RS09705
M744_RS06590	14.0748	SYNPCC7942_RS09700
M744_RS06595	222.5447	SYNPCC7942_RS09690
M744_RS06600	23.1617	SYNPCC7942_RS09685
M744_RS06605	23.9659	SYNPCC7942_RS09680
M744_RS06610	85.8170	SYNPCC7942_RS09675
M744_RS06615	2825.0597	SYNPCC7942_RS09670
M744_RS06620	153.7203	SYNPCC7942_RS09665
M744_RS06625	435.1491	SYNPCC7942_RS09660
M744_RS06630	287.6088	SYNPCC7942_RS09655
M744_RS06635	99.4240	SYNPCC7942_RS09650
M744_RS06640	43.5946	SYNPCC7942_RS09645
M744_RS06645	49.7393	SYNPCC7942_RS09640
M744_RS06650	59.2153	SYNPCC7942_RS09635
M744_RS06655	7.3895	SYNPCC7942_RS09630
M744_RS06660	187.9538	SYNPCC7942_RS09625
M744_RS06665	18.5549	SYNPCC7942_RS09620
M744_RS06670	45.3958	SYNPCC7942_RS09615
M744_RS06675	200.2775	SYNPCC7942_RS09610
M744_RS06680	31.6944	SYNPCC7942_RS09605
M744_RS06685	5.2029	SYNPCC7942_RS09600
M744_RS06690	25.4333	SYNPCC7942_RS09595
M744_RS06695	111.4175	SYNPCC7942_RS09590
M744_RS06700	122.6837	SYNPCC7942_RS09585
M744_RS06705	240.4184	SYNPCC7942_RS09580
M744_RS06710	46.8604	SYNPCC7942_RS09575
M744_RS06715	16.1716	SYNPCC7942_RS09570
M744_RS06720	24.6423	SYNPCC7942_RS09565
M744_RS06725	92.5693	SYNPCC7942_RS09560
M744_RS06730	22.2664	SYNPCC7942_RS09555
M744_RS06735	46.2618	SYNPCC7942_RS09550
M744_RS06740	1064.4033	SYNPCC7942_RS09545
M744_RS06745	84.1275	SYNPCC7942_RS09540
M744_RS06750	43.3782	SYNPCC7942_RS09535
M744_RS06755	33.1139	SYNPCC7942_RS09530
M744_RS06760	21.6453	SYNPCC7942_RS09525
M744_RS06765	72.0259	SYNPCC7942_RS09520
M744_RS06770	23.9639	SYNPCC7942_RS09515
M744_RS06775	35.6183	SYNPCC7942_RS09510
M744_RS06780	10.3319	SYNPCC7942_RS09505
M744_RS06785	16.6688	SYNPCC7942_RS09500
M744_RS06790	8.5456	SYNPCC7942_RS09495
M744_RS06795	20.0188	SYNPCC7942_RS13800
M744_RS06800	28.0283	SYNPCC7942_RS09490
M744_RS06805	137.8239	SYNPCC7942_RS09485
M744_RS06810	3.0922	SYNPCC7942_RS09480
M744_RS06815	2.3418	SYNPCC7942_RS09475
M744_RS06820	22.4565	SYNPCC7942_RS09470
M744_RS06825	26.2716	SYNPCC7942_RS09465
M744_RS06830	10.4918	SYNPCC7942_RS09460
M744_RS06835	30.7999	SYNPCC7942_RS09455
M744_RS06840	65.3895	SYNPCC7942_RS09450
M744_RS06845	566.0887	SYNPCC7942_RS09445
M744_RS06850	26.6763	SYNPCC7942_RS09440
M744_RS06855	46.7413	SYNPCC7942_RS09435
M744_RS06860	88.6235	SYNPCC7942_RS09430
M744_RS06865	2624.8676	SYNPCC7942_RS09425
M744_RS06870	34.8828	SYNPCC7942_RS09420
M744_RS06875	13.3650	SYNPCC7942_RS09415
M744_RS06880	18.7601	SYNPCC7942_RS09410
M744_RS06885	44.9918	SYNPCC7942_RS09405
M744_RS06890	68.0502	SYNPCC7942_RS09400
M744_RS06895	145.0363	SYNPCC7942_RS09395
M744_RS06900	212.3157	SYNPCC7942_RS09390
M744_RS06905	7.7702	SYNPCC7942_RS09385
M744_RS06910	447.8647	SYNPCC7942_RS09380
M744_RS06920	145.8577	SYNPCC7942_RS09375
M744_RS06925	98.1154	SYNPCC7942_RS09370
M744_RS06930	796.1783	SYNPCC7942_RS09365
M744_RS06935	962.4200	SYNPCC7942_RS09360
M744_RS06940	42.8719	SYNPCC7942_RS09355
M744_RS06945	8.2184	SYNPCC7942_RS09350
M744_RS06950	26.5210	SYNPCC7942_RS09345
M744_RS06955	65.0181	SYNPCC7942_RS09340
M744_RS06960	17.0587	SYNPCC7942_RS09335
M744_RS06965	11.1942	SYNPCC7942_RS09330
M744_RS06970	691.4501	SYNPCC7942_RS09325
M744_RS06975	55.6214	SYNPCC7942_RS09320
M744_RS06980	64.1864	SYNPCC7942_RS09315
M744_RS06985	21.4733	SYNPCC7942_RS09310
M744_RS06990	39.9416	SYNPCC7942_RS09305
M744_RS06995	20.6075	SYNPCC7942_RS09300
M744_RS07000	112.2684	SYNPCC7942_RS09295
M744_RS07005	746.8945	SYNPCC7942_RS09290
M744_RS07010	775.8196	SYNPCC7942_RS09285
M744_RS07015	69.6894	SYNPCC7942_RS09280
M744_RS07020	31.5576	SYNPCC7942_RS09275
M744_RS07025	169.3964	SYNPCC7942_RS09270
M744_RS07030	52.8120	SYNPCC7942_RS09265
M744_RS07035	13.7743	SYNPCC7942_RS09260
M744_RS07040	68.8930	SYNPCC7942_RS09255
M744_RS07045	143.7699	SYNPCC7942_RS09250
M744_RS07050	145.6003	SYNPCC7942_RS09245
M744_RS07055	2466.3220	SYNPCC7942_RS09240
M744_RS07060	15.2531	SYNPCC7942_RS09235
M744_RS07065	1.2809	SYNPCC7942_RS09230
M744_RS07070	9.6250	SYNPCC7942_RS09225
M744_RS07075	44.0687	SYNPCC7942_RS09220
M744_RS07080	13.0684	SYNPCC7942_RS09215
M744_RS07085	10.9437	SYNPCC7942_RS09210
M744_RS07090	995.1538	SYNPCC7942_RS09205
M744_RS07095	102.8166	SYNPCC7942_RS09200
M744_RS07100	172.9762	SYNPCC7942_RS09195
M744_RS07105	369.4621	SYNPCC7942_RS09190
M744_RS07110	4.0579	SYNPCC7942_RS09185
M744_RS07115	3.3315	SYNPCC7942_RS09180
M744_RS07120	27.9710	SYNPCC7942_RS09175
M744_RS07125	1.6154	SYNPCC7942_RS09170
M744_RS07130	22.3126	SYNPCC7942_RS09165
M744_RS07135	20.7396	SYNPCC7942_RS09160
M744_RS07140	21.4021	SYNPCC7942_RS09155
M744_RS07145	8.2701	SYNPCC7942_RS09150
M744_RS07150	94.7515	SYNPCC7942_RS09145
M744_RS07155	16.3943	SYNPCC7942_RS09140
M744_RS07160	27.0914	SYNPCC7942_RS09135
M744_RS07165	38.7731	SYNPCC7942_RS09130
M744_RS07170	10.6692	SYNPCC7942_RS09125
M744_RS07175	27.0459	SYNPCC7942_RS09120
M744_RS07180	45.7553	SYNPCC7942_RS09115
M744_RS07185	42.3508	SYNPCC7942_RS09110
M744_RS07190	638.3930	SYNPCC7942_RS09105
M744_RS07195	10.0954	SYNPCC7942_RS09100
M744_RS07200	9.4041	SYNPCC7942_RS09095
M744_RS07205	47.8234	SYNPCC7942_RS09090
M744_RS07210	261.2810	SYNPCC7942_RS09085
M744_RS07215	85.4591	SYNPCC7942_RS09080
M744_RS07220	153.7092	SYNPCC7942_RS09075
M744_RS07225	65.1310	SYNPCC7942_RS09070
M744_RS07235	75.5301	SYNPCC7942_RS09060
M744_RS07240	830.9544	SYNPCC7942_RS09055
M744_RS07245	15.4682	SYNPCC7942_RS09050
M744_RS07250	18.4902	SYNPCC7942_RS09045
M744_RS07255	8.0909	SYNPCC7942_RS09040
M744_RS07260	26.1708	SYNPCC7942_RS09035
M744_RS07265	6.6547	SYNPCC7942_RS09030
M744_RS07270	2.7198	SYNPCC7942_RS09025
M744_RS07275	18.5854	SYNPCC7942_RS09020
M744_RS07280	239.4193	SYNPCC7942_RS09015
M744_RS07285	23.6109	SYNPCC7942_RS09010
M744_RS07290	336.2616	SYNPCC7942_RS09005
M744_RS07295	266.3895	SYNPCC7942_RS09000
M744_RS07300	2.1126	SYNPCC7942_RS08995
M744_RS07305	4.0496	SYNPCC7942_RS08990
M744_RS07310	18.1946	SYNPCC7942_RS08985
M744_RS07315	100.3019	SYNPCC7942_RS08980
M744_RS07320	36.6765	SYNPCC7942_RS08975
M744_RS07325	16.1568	SYNPCC7942_RS08970
M744_RS07330	10.6637	SYNPCC7942_RS08965
M744_RS07335	39.6290	SYNPCC7942_RS08960
M744_RS07340	165.9528	SYNPCC7942_RS08955
M744_RS07345	233.5931	SYNPCC7942_RS08950
M744_RS07350	66.3682	SYNPCC7942_RS08945
M744_RS07360	85.4411	SYNPCC7942_RS08935
M744_RS07365	461.7798	SYNPCC7942_RS08930
M744_RS07370	165.2478	SYNPCC7942_RS08925
M744_RS07375	5.5643	SYNPCC7942_RS08920
M744_RS07380	83.3670	SYNPCC7942_RS08915
M744_RS07385	172.9722	SYNPCC7942_RS08910
M744_RS07390	179.4069	SYNPCC7942_RS08905
M744_RS07395	39.1200	SYNPCC7942_RS08900
M744_RS07400	7.6556	SYNPCC7942_RS08895
M744_RS07405	52.1485	SYNPCC7942_RS08890
M744_RS07410	261.8751	SYNPCC7942_RS08885
M744_RS07415	17.1059	SYNPCC7942_RS08880
M744_RS07420	15.0885	SYNPCC7942_RS08875
M744_RS07425	220.1706	SYNPCC7942_RS08870
M744_RS07430	823.9853	SYNPCC7942_RS08865
M744_RS07435	167.3437	SYNPCC7942_RS08860
M744_RS07440	21.9475	SYNPCC7942_RS08855
M744_RS07445	18.0661	SYNPCC7942_RS08850
M744_RS07450	97.9960	SYNPCC7942_RS08845
M744_RS07455	179.3577	SYNPCC7942_RS08840
M744_RS07460	92.4779	SYNPCC7942_RS08835
M744_RS07465	130.9935	SYNPCC7942_RS08830
M744_RS07470	117.7468	SYNPCC7942_RS08825
M744_RS07475	35.6350	SYNPCC7942_RS08820
M744_RS07480	4.9737	SYNPCC7942_RS08815
M744_RS07485	8.7350	SYNPCC7942_RS08810
M744_RS07490	58.1821	SYNPCC7942_RS08805
M744_RS07495	11.7911	SYNPCC7942_RS08800
M744_RS07500	7.9846	SYNPCC7942_RS08795
M744_RS07505	6.3775	SYNPCC7942_RS08790
M744_RS07510	12.1589	SYNPCC7942_RS08785
M744_RS07515	49.2550	SYNPCC7942_RS08780
M744_RS07520	38.4537	SYNPCC7942_RS08775
M744_RS07525	26.3150	SYNPCC7942_RS08770
M744_RS07530	25.8870	SYNPCC7942_RS08765
M744_RS07540	57.0583	SYNPCC7942_RS08760
M744_RS07545	15.4248	SYNPCC7942_RS08755
M744_RS07550	23.9972	SYNPCC7942_RS08750
M744_RS07555	313.3787	SYNPCC7942_RS08745
M744_RS07560	121.9924	SYNPCC7942_RS08740
M744_RS07565	140.9936	SYNPCC7942_RS08735
M744_RS07570	103.0484	SYNPCC7942_RS08730
M744_RS07575	50.7482	SYNPCC7942_RS08725
M744_RS07580	7.6483	SYNPCC7942_RS08720
M744_RS07585	11.0740	SYNPCC7942_RS08715
M744_RS07590	1.3298	SYNPCC7942_RS08710
M744_RS07595	16.5653	SYNPCC7942_RS08705
M744_RS07600	69.8189	SYNPCC7942_RS08700
M744_RS07605	41.2399	SYNPCC7942_RS08695
M744_RS07610	22.2025	SYNPCC7942_RS08690
M744_RS07615	2.7309	SYNPCC7942_RS08685
M744_RS07620	277.5992	SYNPCC7942_RS08680
M744_RS07625	28.3434	SYNPCC7942_RS08675
M744_RS07630	79.3219	SYNPCC7942_RS08670
M744_RS07635	42.9865	SYNPCC7942_RS08660
M744_RS07640	18.3147	SYNPCC7942_RS08655
M744_RS07645	4.8896	SYNPCC7942_RS08650
M744_RS07650	10.3264	SYNPCC7942_RS08645
M744_RS07655	3.1439	SYNPCC7942_RS08640
M744_RS07660	19.8524	SYNPCC7942_RS08635
M744_RS07665	39.1846	SYNPCC7942_RS08630
M744_RS07670	123.0220	SYNPCC7942_RS08625
M744_RS07675	21.2294	SYNPCC7942_RS08620
M744_RS07680	6.2111	SYNPCC7942_RS08615
M744_RS07685	10.9409	SYNPCC7942_RS08610
M744_RS07690	46.3633	SYNPCC7942_RS08605
M744_RS07695	2.1893	SYNPCC7942_RS08600
M744_RS07700	3.0644	SYNPCC7942_RS08595
M744_RS07705	8.9614	SYNPCC7942_RS08590
M744_RS07710	80.2803	SYNPCC7942_RS08585
M744_RS07715	69.4122	SYNPCC7942_RS08580
M744_RS07720	22.7330	SYNPCC7942_RS08575
M744_RS07725	89.0845	SYNPCC7942_RS08570
M744_RS07730	99.7548	SYNPCC7942_RS08565
M744_RS07735	142.6229	SYNPCC7942_RS08560
M744_RS07740	234.1497	SYNPCC7942_RS08555
M744_RS07745	117.4095	SYNPCC7942_RS08550
M744_RS07750	44.1278	SYNPCC7942_RS08545
M744_RS07755	11.5315	SYNPCC7942_RS08540
M744_RS07760	36.0794	SYNPCC7942_RS08535
M744_RS07765	426.2880	SYNPCC7942_RS08530
M744_RS07770	58.7661	SYNPCC7942_RS08525
M744_RS07775	85.9590	SYNPCC7942_RS08520
M744_RS07780	25.0157	SYNPCC7942_RS08515
M744_RS07785	71.0982	SYNPCC7942_RS08510
M744_RS07790	85.5241	SYNPCC7942_RS08505
M744_RS07795	77.2861	SYNPCC7942_RS08500
M744_RS07800	23.9214	SYNPCC7942_RS08495
M744_RS07805	66.0937	SYNPCC7942_RS08490
M744_RS07810	14.7807	SYNPCC7942_RS08485
M744_RS07820	65.9256	SYNPCC7942_RS08475
M744_RS07825	22.3042	SYNPCC7942_RS08470
M744_RS07830	12.3410	SYNPCC7942_RS08465
M744_RS07835	106.7357	SYNPCC7942_RS08460
M744_RS07840	47.0223	SYNPCC7942_RS08455
M744_RS07845	33.3523	SYNPCC7942_RS08450
M744_RS07850	827.2867	SYNPCC7942_RS08445
M744_RS07855	4.5828	SYNPCC7942_RS08440
M744_RS07860	3.5275	SYNPCC7942_RS08435
M744_RS07865	38.7761	SYNPCC7942_RS08430
M744_RS07870	20.5409	SYNPCC7942_RS08425
M744_RS07875	17.6936	SYNPCC7942_RS08420
M744_RS07880	181.8962	SYNPCC7942_RS08415
M744_RS07885	76.9081	SYNPCC7942_RS08410
M744_RS07890	12.0499	SYNPCC7942_RS08405
M744_RS07895	17.4811	SYNPCC7942_RS08400
M744_RS07905	18.9338	SYNPCC7942_RS08390
M744_RS07910	43.2850	SYNPCC7942_RS08385
M744_RS07915	101.0025	SYNPCC7942_RS08380
M744_RS07920	10.5241	SYNPCC7942_RS08375
M744_RS07925	20.3210	SYNPCC7942_RS08370
M744_RS07930	8.8718	SYNPCC7942_RS08365
M744_RS07935	25.7070	SYNPCC7942_RS08360
M744_RS07940	187.1039	SYNPCC7942_RS08355
M744_RS07950	83.2958	SYNPCC7942_RS08345
M744_RS07960	9830.9422	SYNPCC7942_RS07490
M744_RS07965	13.8410	SYNPCC7942_RS07495
M744_RS07970	86.6218	SYNPCC7942_RS07500
M744_RS07975	8.7239	SYNPCC7942_RS07505
M744_RS07980	10.4003	SYNPCC7942_RS07510
M744_RS07985	6.0430	SYNPCC7942_RS07515
M744_RS07990	4.7510	SYNPCC7942_RS07520
M744_RS07995	1.2864	SYNPCC7942_RS07525
M744_RS08000	7.3488	SYNPCC7942_RS07530
M744_RS08005	1.2263	SYNPCC7942_RS07535
M744_RS08010	4.4248	SYNPCC7942_RS07540
M744_RS08015	4.7944	SYNPCC7942_RS07545
M744_RS08020	22.2783	SYNPCC7942_RS07550
M744_RS08025	19.3959	SYNPCC7942_RS07555
M744_RS08030	87.5595	SYNPCC7942_RS07560
M744_RS08035	6.4560	SYNPCC7942_RS07565
M744_RS08040	35.9493	SYNPCC7942_RS07570
M744_RS08045	52.1273	SYNPCC7942_RS07575
M744_RS08050	6.1982	SYNPCC7942_RS07580
M744_RS08055	126.5921	SYNPCC7942_RS07585
M744_RS08060	10.3069	SYNPCC7942_RS07590
M744_RS08065	19.5077	SYNPCC7942_RS07595
M744_RS08070	983.9515	SYNPCC7942_RS07600
M744_RS08075	4.1152	SYNPCC7942_RS07605
M744_RS08080	2.6375	SYNPCC7942_RS07610
M744_RS08085	17.2796	SYNPCC7942_RS07615
M744_RS08090	9.7525	SYNPCC7942_RS07620
M744_RS08095	10.2774	SYNPCC7942_RS07625
M744_RS08100	13.4019	SYNPCC7942_RS07630
M744_RS08105	36.5757	SYNPCC7942_RS07635
M744_RS08110	20.8709	SYNPCC7942_RS07640
M744_RS08115	127.0057	SYNPCC7942_RS07645
M744_RS08120	81.1037	SYNPCC7942_RS07650
M744_RS08125	8.9125	SYNPCC7942_RS07655
M744_RS08130	1771.7712	SYNPCC7942_RS07660
M744_RS08135	75.6539	SYNPCC7942_RS07665
M744_RS08140	418.3295	SYNPCC7942_RS07670
M744_RS08145	7.6796	SYNPCC7942_RS07675
M744_RS08150	16.9774	SYNPCC7942_RS07680
M744_RS08155	64.1541	SYNPCC7942_RS07685
M744_RS08160	227.1975	SYNPCC7942_RS07690
M744_RS08165	693.4688	SYNPCC7942_RS07695
M744_RS08175	29.5154	SYNPCC7942_RS07705
M744_RS08180	73.6311	SYNPCC7942_RS07710
M744_RS08185	66.7499	SYNPCC7942_RS07715
M744_RS08190	64.9636	SYNPCC7942_RS07720
M744_RS08195	16.5865	SYNPCC7942_RS07725
M744_RS08200	84.3040	SYNPCC7942_RS07730
M744_RS08205	142.3300	SYNPCC7942_RS07735
M744_RS08210	10.0380	SYNPCC7942_RS07740
M744_RS08215	85.9582	SYNPCC7942_RS07745
M744_RS08220	8.9743	SYNPCC7942_RS07750
M744_RS08225	33.6694	SYNPCC7942_RS07755
M744_RS08230	19.1686	SYNPCC7942_RS07760
M744_RS08235	134.0394	SYNPCC7942_RS07765
M744_RS08240	430.9986	SYNPCC7942_RS07770
M744_RS08245	352.7810	SYNPCC7942_RS07775
M744_RS08265	563.0825	SYNPCC7942_RS07795
M744_RS08270	23.8669	SYNPCC7942_RS07800
M744_RS08275	77.6040	SYNPCC7942_RS07805
M744_RS08280	37.0804	SYNPCC7942_RS07810
M744_RS08285	11.7504	SYNPCC7942_RS07815
M744_RS08290	3.3038	SYNPCC7942_RS07820
M744_RS08295	7.9172	SYNPCC7942_RS07825
M744_RS08300	3.8453	SYNPCC7942_RS07830
M744_RS08305	39.5838	SYNPCC7942_RS07835
M744_RS08310	20.6593	SYNPCC7942_RS07840
M744_RS08315	13.6117	SYNPCC7942_RS07845
M744_RS08320	13.7910	SYNPCC7942_RS07850
M744_RS08325	0.6986	SYNPCC7942_RS07860
M744_RS08330	9.8828	SYNPCC7942_RS07865
M744_RS08335	80.5685	SYNPCC7942_RS07870
M744_RS08340	7.4430	SYNPCC7942_RS07875
M744_RS08345	1.1367	SYNPCC7942_RS07880
M744_RS08350	4.4460	SYNPCC7942_RS07885
M744_RS08355	0.7097	SYNPCC7942_RS07890
M744_RS08360	119.0386	SYNPCC7942_RS07895
M744_RS08365	12.6220	SYNPCC7942_RS07900
M744_RS08370	18.7334	SYNPCC7942_RS07905
M744_RS08375	18.4284	SYNPCC7942_RS07910
M744_RS08380	425.9555	SYNPCC7942_RS07915
M744_RS08385	24.5397	SYNPCC7942_RS07920
M744_RS08390	164.7189	SYNPCC7942_RS07925
M744_RS08395	259.9289	SYNPCC7942_RS07930
M744_RS08400	115.4225	SYNPCC7942_RS07935
M744_RS08405	1735.5682	SYNPCC7942_RS07940
M744_RS08410	3.9322	SYNPCC7942_RS07945
M744_RS08415	18.6455	SYNPCC7942_RS07950
M744_RS08420	27.0053	SYNPCC7942_RS07955
M744_RS08430	7.3349	SYNPCC7942_RS07965
M744_RS08435	18.7619	SYNPCC7942_RS07970
M744_RS08440	0.9897	SYNPCC7942_RS07975
M744_RS08450	18.6400	SYNPCC7942_RS07980
M744_RS08455	1.0387	SYNPCC7942_RS07985
M744_RS08465	16.0043	SYNPCC7942_RS07995
M744_RS08470	41.4338	SYNPCC7942_RS08000
M744_RS08475	52.6302	SYNPCC7942_RS08005
M744_RS08480	6.4681	SYNPCC7942_RS08010
M744_RS08485	31.6704	SYNPCC7942_RS08015
M744_RS08490	233.2927	SYNPCC7942_RS08020
M744_RS08495	7.1418	SYNPCC7942_RS08025
M744_RS08500	22.5075	SYNPCC7942_RS08030
M744_RS08505	14.8029	SYNPCC7942_RS08035
M744_RS08510	15.7409	SYNPCC7942_RS08040
M744_RS08515	6.7628	SYNPCC7942_RS08045
M744_RS08520	3.5136	SYNPCC7942_RS08050
M744_RS08525	83.6755	SYNPCC7942_RS08055
M744_RS08530	100.7427	SYNPCC7942_RS08060
M744_RS08535	7.9328	SYNPCC7942_RS08065
M744_RS08540	19.7628	SYNPCC7942_RS08070
M744_RS08545	53.7742	SYNPCC7942_RS08075
M744_RS08550	20.8737	SYNPCC7942_RS08080
M744_RS08555	2.9046	SYNPCC7942_RS08085
M744_RS08560	63.5245	SYNPCC7942_RS08090
M744_RS08565	7.6233	SYNPCC7942_RS08095
M744_RS08570	152.3544	SYNPCC7942_RS08100
M744_RS08575	238.4669	SYNPCC7942_RS08105
M744_RS08580	28.4341	SYNPCC7942_RS08110
M744_RS08585	14.2152	SYNPCC7942_RS08115
M744_RS08590	97.4796	SYNPCC7942_RS08120
M744_RS08595	194.9637	SYNPCC7942_RS08125
M744_RS08600	12.2892	SYNPCC7942_RS08130
M744_RS08605	377.6526	SYNPCC7942_RS08135
M744_RS08610	127.2133	SYNPCC7942_RS08140
M744_RS08615	115.0122	SYNPCC7942_RS08145
M744_RS08620	50.0218	SYNPCC7942_RS08150
M744_RS08625	99.4755	SYNPCC7942_RS08155
M744_RS08630	39.7216	SYNPCC7942_RS08160
M744_RS08635	107.2144	SYNPCC7942_RS08165
M744_RS08640	13.2688	SYNPCC7942_RS08170
M744_RS08645	5.8849	SYNPCC7942_RS08175
M744_RS08650	126.7694	SYNPCC7942_RS08180
M744_RS08655	44.7128	SYNPCC7942_RS08185
M744_RS08660	2.8122	SYNPCC7942_RS08190
M744_RS08665	51.9664	SYNPCC7942_RS08195
M744_RS08670	8.3848	SYNPCC7942_RS08200
M744_RS08675	87.1356	SYNPCC7942_RS08205
M744_RS08680	1122.3822	SYNPCC7942_RS08210
M744_RS08685	212.6990	SYNPCC7942_RS08215
M744_RS08690	16.4322	SYNPCC7942_RS08220
M744_RS08695	373.6975	SYNPCC7942_RS08225
M744_RS08700	990.4416	SYNPCC7942_RS08230
M744_RS08705	178.7132	SYNPCC7942_RS08235
M744_RS08710	42.6889	SYNPCC7942_RS08240
M744_RS08715	298.6558	SYNPCC7942_RS08245
M744_RS08720	701.6584	SYNPCC7942_RS08250
M744_RS08725	92.9798	SYNPCC7942_RS08255
M744_RS08730	50.0940	SYNPCC7942_RS08260
M744_RS08735	36.7292	SYNPCC7942_RS08265
M744_RS08740	454.6841	SYNPCC7942_RS08270
M744_RS08745	99.7926	SYNPCC7942_RS08275
M744_RS08750	9.6684	SYNPCC7942_RS08280
M744_RS08755	23.7717	SYNPCC7942_RS08285
M744_RS08760	19.9420	SYNPCC7942_RS08290
M744_RS08765	97.9073	SYNPCC7942_RS08295
M744_RS08770	53.0837	SYNPCC7942_RS08300
M744_RS08775	182.6061	SYNPCC7942_RS08305
M744_RS08780	10.9354	SYNPCC7942_RS08310
M744_RS08785	447.5026	SYNPCC7942_RS08315
M744_RS08790	234.3267	SYNPCC7942_RS08320
M744_RS08795	29.3610	SYNPCC7942_RS08325
M744_RS08800	31.1362	SYNPCC7942_RS08330
M744_RS08805	181.6588	SYNPCC7942_RS08335
M744_RS08815	6.9375	SYNPCC7942_RS07480
M744_RS08820	6.9108	SYNPCC7942_RS07475
M744_RS08825	32.1380	SYNPCC7942_RS07470
M744_RS08830	54.1383	SYNPCC7942_RS07465
M744_RS08835	8.1740	SYNPCC7942_RS07460
M744_RS08840	26.2374	SYNPCC7942_RS07455
M744_RS08845	34.1915	SYNPCC7942_RS07450
M744_RS08850	38.9036	SYNPCC7942_RS07445
M744_RS08855	387.4457	SYNPCC7942_RS07440
M744_RS08860	87.2613	SYNPCC7942_RS07435
M744_RS08865	40.3435	SYNPCC7942_RS07430
M744_RS08870	110.2790	SYNPCC7942_RS07425
M744_RS08875	27.7243	SYNPCC7942_RS07420
M744_RS08880	69.8550	SYNPCC7942_RS07415
M744_RS08885	141.6169	SYNPCC7942_RS07410
M744_RS08890	185.9333	SYNPCC7942_RS07405
M744_RS08895	154.7479	SYNPCC7942_RS07400
M744_RS08900	56.1279	SYNPCC7942_RS07395
M744_RS08910	4980.9774	SYNPCC7942_RS07385
M744_RS08920	3.3777	SYNPCC7942_RS07375
M744_RS08930	3.2631	SYNPCC7942_RS07370
M744_RS08935	15.6882	SYNPCC7942_RS07365
M744_RS08940	367.8491	SYNPCC7942_RS07360
M744_RS08945	84.6726	SYNPCC7942_RS07355
M744_RS08950	76.5109	SYNPCC7942_RS07350
M744_RS08955	16.9423	SYNPCC7942_RS07345
M744_RS08960	48.4935	SYNPCC7942_RS07340
M744_RS08965	679.2424	SYNPCC7942_RS07335
M744_RS08970	49.8408	SYNPCC7942_RS07330
M744_RS08975	118.1829	SYNPCC7942_RS07325
M744_RS08980	427.7496	SYNPCC7942_RS07320
M744_RS08985	12.8207	SYNPCC7942_RS07315
M744_RS08990	13.5895	SYNPCC7942_RS07310
M744_RS08995	26.7705	SYNPCC7942_RS07305
M744_RS09000	2053.2240	SYNPCC7942_RS07300
M744_RS09005	7454.1700	SYNPCC7942_RS07295
M744_RS09010	75.3721	SYNPCC7942_RS07290
M744_RS09015	81.8329	SYNPCC7942_RS07285
M744_RS09020	1452.3960	SYNPCC7942_RS07280
M744_RS09025	283.3556	SYNPCC7942_RS07275
M744_RS09030	1150.1265	SYNPCC7942_RS07270
M744_RS09035	904.0059	SYNPCC7942_RS07265
M744_RS09040	3188.7115	SYNPCC7942_RS07260
M744_RS09045	0.8595	SYNPCC7942_RS07255
M744_RS09050	58.5520	SYNPCC7942_RS07250
M744_RS09055	396.4547	SYNPCC7942_RS07245
M744_RS09060	1145.5767	SYNPCC7942_RS07240
M744_RS09065	21.9124	SYNPCC7942_RS07235
M744_RS09070	8.1075	SYNPCC7942_RS07230
M744_RS09075	161.2990	SYNPCC7942_RS07225
M744_RS09080	53.1329	SYNPCC7942_RS07220
M744_RS09085	659.1855	SYNPCC7942_RS07215
M744_RS09090	38.4545	SYNPCC7942_RS07210
M744_RS09095	7.6038	SYNPCC7942_RS07205
M744_RS09100	113.9663	SYNPCC7942_RS07200
M744_RS09105	40.9026	SYNPCC7942_RS07195
M744_RS09110	20.7941	SYNPCC7942_RS07190
M744_RS09115	18.4145	SYNPCC7942_RS07185
M744_RS09120	21.4983	SYNPCC7942_RS07180
M744_RS09125	123.9506	SYNPCC7942_RS07175
M744_RS09130	45.1988	SYNPCC7942_RS07170
M744_RS09135	316.7870	SYNPCC7942_RS07165
M744_RS09140	265.3631	SYNPCC7942_RS07160
M744_RS09145	515.0408	SYNPCC7942_RS07155
M744_RS09150	471.3391	SYNPCC7942_RS07150
M744_RS09155	4.7833	SYNPCC7942_RS07145
M744_RS09160	5.7897	SYNPCC7942_RS07140
M744_RS09165	74.3686	SYNPCC7942_RS07135
M744_RS09170	3.9701	SYNPCC7942_RS07130
M744_RS09175	6.1733	SYNPCC7942_RS07125
M744_RS09180	9.7876	SYNPCC7942_RS07120
M744_RS09185	24.9536	SYNPCC7942_RS07115
M744_RS09195	7.4975	SYNPCC7942_RS07105
M744_RS09200	30.7822	SYNPCC7942_RS07100
M744_RS09205	13.1330	SYNPCC7942_RS07095
M744_RS09210	11.4853	SYNPCC7942_RS07090
M744_RS09215	11.9473	SYNPCC7942_RS07085
M744_RS09220	587.4587	SYNPCC7942_RS07080
M744_RS09225	132.7060	SYNPCC7942_RS07075
M744_RS09230	36.1662	SYNPCC7942_RS07070
M744_RS09235	38.6809	SYNPCC7942_RS07065
M744_RS09240	118.2450	SYNPCC7942_RS07060
M744_RS09250	17.0725	SYNPCC7942_RS07050
M744_RS09255	328.3551	SYNPCC7942_RS07045
M744_RS09260	88.9027	SYNPCC7942_RS07040
M744_RS09265	27.6171	SYNPCC7942_RS07035
M744_RS09270	44.3846	SYNPCC7942_RS07030
M744_RS09275	886.9802	SYNPCC7942_RS07025
M744_RS09280	184.9911	SYNPCC7942_RS07020
M744_RS09285	27.7132	SYNPCC7942_RS07015
M744_RS09290	13.2209	SYNPCC7942_RS07010
M744_RS09295	11.5037	SYNPCC7942_RS07005
M744_RS09300	73.7503	SYNPCC7942_RS07000
M744_RS09305	10.6220	SYNPCC7942_RS06995
M744_RS09310	39.5626	SYNPCC7942_RS06990
M744_RS09315	14.1450	SYNPCC7942_RS06985
M744_RS09320	104.0066	SYNPCC7942_RS06975
M744_RS09330	27.2391	SYNPCC7942_RS06965
M744_RS09335	63.1891	SYNPCC7942_RS06960
M744_RS09340	74.6235	SYNPCC7942_RS06955
M744_RS09345	208.9600	SYNPCC7942_RS06950
M744_RS09350	43.4355	SYNPCC7942_RS06940
M744_RS09355	120.0581	SYNPCC7942_RS06935
M744_RS09360	6.0051	SYNPCC7942_RS06930
M744_RS09365	45.8929	SYNPCC7942_RS06925
M744_RS09370	18.8285	SYNPCC7942_RS06920
M744_RS09375	7.8589	SYNPCC7942_RS06915
M744_RS09380	783.0933	SYNPCC7942_RS06910
M744_RS09385	12.2329	SYNPCC7942_RS06905
M744_RS09390	2.6680	SYNPCC7942_RS06900
M744_RS09395	16.2030	SYNPCC7942_RS06895
M744_RS09400	14.3889	SYNPCC7942_RS06890
M744_RS09405	8.8329	SYNPCC7942_RS06885
M744_RS09410	129.7209	SYNPCC7942_RS06880
M744_RS09415	382.8636	SYNPCC7942_RS06875
M744_RS09420	305.2462	SYNPCC7942_RS06870
M744_RS09425	423.9746	SYNPCC7942_RS06865
M744_RS09430	20.6851	SYNPCC7942_RS06860
M744_RS09435	23.1831	SYNPCC7942_RS06855
M744_RS09440	72.1266	SYNPCC7942_RS06850
M744_RS09445	88.4470	SYNPCC7942_RS06845
M744_RS09450	469.5607	SYNPCC7942_RS06840
M744_RS09455	51.5653	SYNPCC7942_RS06835
M744_RS09460	5.0911	SYNPCC7942_RS06830
M744_RS09465	4.8379	SYNPCC7942_RS06825
M744_RS09470	11.3457	SYNPCC7942_RS06820
M744_RS09475	11.0879	SYNPCC7942_RS06815
M744_RS09480	20.0243	SYNPCC7942_RS06810
M744_RS09485	42.5679	SYNPCC7942_RS06805
M744_RS09490	60.2144	SYNPCC7942_RS06800
M744_RS09495	133.8463	SYNPCC7942_RS06795
M744_RS09500	3.9461	SYNPCC7942_RS06790
M744_RS09505	21.9679	SYNPCC7942_RS06785
M744_RS09510	174.2981	SYNPCC7942_RS06780
M744_RS09515	73.9528	SYNPCC7942_RS06775
M744_RS09520	119.5635	SYNPCC7942_RS06770
M744_RS09525	23.9982	SYNPCC7942_RS06765
M744_RS09530	1381.6790	SYNPCC7942_RS06760
M744_RS09535	46.6971	SYNPCC7942_RS06755
M744_RS09540	14.8602	SYNPCC7942_RS06750
M744_RS09545	12.3725	SYNPCC7942_RS06745
M744_RS09550	8.2434	SYNPCC7942_RS06740
M744_RS09555	6.9108	SYNPCC7942_RS06735
M744_RS09560	9.9918	SYNPCC7942_RS06730
M744_RS09565	70.8364	SYNPCC7942_RS06725
M744_RS09570	1087.8548	SYNPCC7942_RS06720
M744_RS09575	179.5655	SYNPCC7942_RS06715
M744_RS09580	55.5752	SYNPCC7942_RS06710
M744_RS09585	24.0148	SYNPCC7942_RS06705
M744_RS09590	97.0352	SYNPCC7942_RS06700
M744_RS09595	9.7451	SYNPCC7942_RS06695
M744_RS09600	54.1631	SYNPCC7942_RS06690
M744_RS09605	44.6527	SYNPCC7942_RS06685
M744_RS09610	62.2383	SYNPCC7942_RS06680
M744_RS09615	44.7368	SYNPCC7942_RS06675
M744_RS09620	30.4431	SYNPCC7942_RS06670
M744_RS09625	26.0655	SYNPCC7942_RS06665
M744_RS09630	163.2552	SYNPCC7942_RS06660
M744_RS09635	8.2729	SYNPCC7942_RS06655
M744_RS09640	3.1679	SYNPCC7942_RS06650
M744_RS09645	39.3566	SYNPCC7942_RS06645
M744_RS09650	121.6802	SYNPCC7942_RS06640
M744_RS09655	294.0833	SYNPCC7942_RS06635
M744_RS09660	8.7304	SYNPCC7942_RS06630
M744_RS09665	65.5966	SYNPCC7942_RS06625
M744_RS09670	104.3053	SYNPCC7942_RS06620
M744_RS09675	310.7382	SYNPCC7942_RS06615
M744_RS09680	79.7584	SYNPCC7942_RS06610
M744_RS09685	10.7874	SYNPCC7942_RS06605
M744_RS09690	121.7639	SYNPCC7942_RS06600
M744_RS09695	3.6060	SYNPCC7942_RS06595
M744_RS09700	151.2924	SYNPCC7942_RS06590
M744_RS09705	22.9658	SYNPCC7942_RS06585
M744_RS09710	11.9122	SYNPCC7942_RS06580
M744_RS09715	9.9234	SYNPCC7942_RS06575
M744_RS09720	9.0973	SYNPCC7942_RS06570
M744_RS09725	13.4499	SYNPCC7942_RS06565
M744_RS09730	31.4051	SYNPCC7942_RS06560
M744_RS09735	10.7107	SYNPCC7942_RS06555
M744_RS09740	0.7097	SYNPCC7942_RS06550
M744_RS09745	538.1860	SYNPCC7942_RS06545
M744_RS09750	1251.7148	SYNPCC7942_RS06540
M744_RS09755	13.5784	SYNPCC7942_RS06535
M744_RS09760	78.8967	SYNPCC7942_RS06530
M744_RS09765	122.7263	SYNPCC7942_RS06525
M744_RS09770	31.6333	SYNPCC7942_RS06520
M744_RS09775	9.1463	SYNPCC7942_RS06515
M744_RS09780	171.1097	SYNPCC7942_RS06510
M744_RS09785	9.4207	SYNPCC7942_RS06505
M744_RS09790	40.5625	SYNPCC7942_RS06500
M744_RS09795	60.1840	SYNPCC7942_RS06495
M744_RS09800	91.8735	SYNPCC7942_RS06490
M744_RS09805	14.0220	SYNPCC7942_RS06485
M744_RS09810	18.4228	SYNPCC7942_RS06480
M744_RS09815	22.3154	SYNPCC7942_RS06475
M744_RS09820	24.3807	SYNPCC7942_RS06470
M744_RS09825	23.4326	SYNPCC7942_RS06465
M744_RS09830	80.0650	SYNPCC7942_RS06460
M744_RS09835	104.4828	SYNPCC7942_RS06455
M744_RS09840	213.8920	SYNPCC7942_RS06450
M744_RS09845	8.9281	SYNPCC7942_RS06445
M744_RS09850	101.1344	SYNPCC7942_RS06440
M744_RS09855	111.4367	SYNPCC7942_RS06435
M744_RS09860	105.3264	SYNPCC7942_RS06430
M744_RS09865	298.4375	SYNPCC7942_RS06425
M744_RS09875	25.3179	SYNPCC7942_RS06415
M744_RS09880	6.0485	SYNPCC7942_RS06410
M744_RS09885	6070.2079	SYNPCC7942_RS06405
M744_RS09890	281.1084	SYNPCC7942_RS06400
M744_RS09895	30.6926	SYNPCC7942_RS06395
M744_RS09905	168.5659	SYNPCC7942_RS06385
M744_RS09910	4.4303	SYNPCC7942_RS06380
M744_RS09915	43.3709	SYNPCC7942_RS06375
M744_RS09920	7.1095	SYNPCC7942_RS06370
M744_RS09925	11.9223	SYNPCC7942_RS06365
M744_RS09930	37.8816	SYNPCC7942_RS06360
M744_RS09935	888.0134	SYNPCC7942_RS06355
M744_RS09940	2405.4887	SYNPCC7942_RS06350
M744_RS09945	815.9478	SYNPCC7942_RS06345
M744_RS09950	1929.2764	SYNPCC7942_RS06340
M744_RS09955	777.3912	SYNPCC7942_RS06335
M744_RS09960	134.0763	SYNPCC7942_RS06330
M744_RS09965	26.0062	SYNPCC7942_RS06325
M744_RS09970	15.3445	SYNPCC7942_RS06320
M744_RS09975	302.6495	SYNPCC7942_RS06315
M744_RS09980	1495.5757	SYNPCC7942_RS06310
M744_RS09985	47.7459	SYNPCC7942_RS06305
M744_RS09990	19.5466	SYNPCC7942_RS06300
M744_RS09995	18.8914	SYNPCC7942_RS06295
M744_RS10000	7.5309	SYNPCC7942_RS06290
M744_RS10010	85.2808	SYNPCC7942_RS06280
M744_RS10015	445.1309	SYNPCC7942_RS06275
M744_RS10020	41.7693	SYNPCC7942_RS06270
M744_RS10025	44.8552	SYNPCC7942_RS06265
M744_RS10030	15.3130	SYNPCC7942_RS06260
M744_RS10035	174.0613	SYNPCC7942_RS06255
M744_RS10040	333.5568	SYNPCC7942_RS06250
M744_RS10045	929.2258	SYNPCC7942_RS06245
M744_RS10050	44.5742	SYNPCC7942_RS06240
M744_RS10055	68.8506	SYNPCC7942_RS06235
M744_RS10060	153.1740	SYNPCC7942_RS06230
M744_RS10065	12.8641	SYNPCC7942_RS06225
M744_RS10070	21.1204	SYNPCC7942_RS06220
M744_RS10075	2.4887	SYNPCC7942_RS06215
M744_RS10080	11.2967	SYNPCC7942_RS06210
M744_RS10085	5.9182	SYNPCC7942_RS06205
M744_RS10090	2.4287	SYNPCC7942_RS06200
M744_RS10095	1.6505	SYNPCC7942_RS06195
M744_RS10100	32.0113	SYNPCC7942_RS06190
M744_RS10105	21.8144	SYNPCC7942_RS06185
M744_RS10110	3.6550	SYNPCC7942_RS06180
M744_RS10115	0.8511	SYNPCC7942_RS06175
M744_RS10125	0.5166	SYNPCC7942_RS06165
M744_RS10130	0.0462	SYNPCC7942_RS06160
M744_RS10135	65.8453	SYNPCC7942_RS06155
M744_RS10140	81.0658	SYNPCC7942_RS06150
M744_RS10145	20.3293	SYNPCC7942_RS06145
M744_RS10150	14.5535	SYNPCC7942_RS06140
M744_RS10155	664.8469	SYNPCC7942_RS06135
M744_RS10160	239.5349	SYNPCC7942_RS06130
M744_RS10165	18.1372	SYNPCC7942_RS06125
M744_RS10170	130.8626	SYNPCC7942_RS06120
M744_RS10175	68.6630	SYNPCC7942_RS06115
M744_RS10180	219.1176	SYNPCC7942_RS06110
M744_RS10185	314.9766	SYNPCC7942_RS06105
M744_RS10190	38.8380	SYNPCC7942_RS06100
M744_RS10195	201.6728	SYNPCC7942_RS06095
M744_RS10200	27.5062	SYNPCC7942_RS06090
M744_RS10205	46.1785	SYNPCC7942_RS06085
M744_RS10210	21.0196	SYNPCC7942_RS06080
M744_RS10215	2.1810	SYNPCC7942_RS06075
M744_RS10220	2.8094	SYNPCC7942_RS06070
M744_RS10225	182.7880	SYNPCC7942_RS06065
M744_RS10230	81.3754	SYNPCC7942_RS06060
M744_RS10235	157.0588	SYNPCC7942_RS06055
M744_RS10240	322.8757	SYNPCC7942_RS06050
M744_RS10245	157.9305	SYNPCC7942_RS06045
M744_RS10250	276.4918	SYNPCC7942_RS06040
M744_RS10255	133.4297	SYNPCC7942_RS06035
M744_RS10260	1048.6578	SYNPCC7942_RS06030
M744_RS10265	1235.9630	SYNPCC7942_RS06025
M744_RS10270	219.7077	SYNPCC7942_RS06020
M744_RS10275	10.0297	SYNPCC7942_RS06015
M744_RS10280	11.4297	SYNPCC7942_RS06010
M744_RS10285	16.2954	SYNPCC7942_RS06005
M744_RS10290	18.5642	SYNPCC7942_RS06000
M744_RS10295	44.7239	SYNPCC7942_RS05995
M744_RS10300	14.9176	SYNPCC7942_RS05990
M744_RS10305	24.5453	SYNPCC7942_RS05985
M744_RS10310	16.1919	SYNPCC7942_RS05980
M744_RS10320	5.2380	SYNPCC7942_RS05970
M744_RS10330	7.4107	SYNPCC7942_RS05960
M744_RS10335	3.0164	SYNPCC7942_RS05955
M744_RS10340	2.1264	SYNPCC7942_RS05950
M744_RS10345	11.1553	SYNPCC7942_RS05945
M744_RS10355	15.0691	SYNPCC7942_RS05935
M744_RS10360	13.5544	SYNPCC7942_RS05930
M744_RS10365	3.5792	SYNPCC7942_RS05925
M744_RS10370	4.8517	SYNPCC7942_RS05920
M744_RS10375	17.1124	SYNPCC7942_RS05915
M744_RS10380	67.6806	SYNPCC7942_RS05910
M744_RS10390	32.2128	SYNPCC7942_RS05900
M744_RS10395	153.0453	SYNPCC7942_RS05895
M744_RS10405	81.4807	SYNPCC7942_RS05885
M744_RS10410	15.8371	SYNPCC7942_RS05880
M744_RS10415	4.9091	SYNPCC7942_RS05875
M744_RS10420	74.7631	SYNPCC7942_RS05870
M744_RS10425	146.6106	SYNPCC7942_RS05865
M744_RS10435	79.4181	SYNPCC7942_RS05855
M744_RS10440	56.1519	SYNPCC7942_RS05850
M744_RS10445	213.8825	SYNPCC7942_RS05845
M744_RS10450	15.8315	SYNPCC7942_RS05840
M744_RS10455	11.2459	SYNPCC7942_RS05835
M744_RS10460	176.5703	SYNPCC7942_RS05830
M744_RS10470	963.2924	SYNPCC7942_RS05820
M744_RS10475	137.0632	SYNPCC7942_RS05815
M744_RS10480	3.2853	SYNPCC7942_RS05810
M744_RS10485	8.9392	SYNPCC7942_RS05805
M744_RS10490	8.5307	SYNPCC7942_RS05800
M744_RS10495	10.9253	SYNPCC7942_RS05795
M744_RS10500	38.2419	SYNPCC7942_RS05790
M744_RS10505	97.1569	SYNPCC7942_RS05785
M744_RS10510	23.6147	SYNPCC7942_RS05780
M744_RS10515	20.2286	SYNPCC7942_RS05775
M744_RS10520	93.3679	SYNPCC7942_RS05770
M744_RS10525	124.5101	SYNPCC7942_RS05765
M744_RS10530	321.5951	SYNPCC7942_RS05760
M744_RS10535	173.5894	SYNPCC7942_RS05755
M744_RS10540	607.5931	SYNPCC7942_RS05750
M744_RS10545	229.1100	SYNPCC7942_RS05745
M744_RS10550	17.5550	SYNPCC7942_RS05740
M744_RS10555	12.8280	SYNPCC7942_RS05735
M744_RS10565	15.2521	SYNPCC7942_RS05725
M744_RS10570	495.0553	SYNPCC7942_RS05720
M744_RS10575	23.2107	SYNPCC7942_RS05715
M744_RS10580	73.9536	SYNPCC7942_RS05710
M744_RS10585	32.1426	SYNPCC7942_RS05705
M744_RS10590	32.0474	SYNPCC7942_RS05700
M744_RS10595	17.4783	SYNPCC7942_RS05695
M744_RS10600	108.0767	SYNPCC7942_RS05690
M744_RS10605	16.9793	SYNPCC7942_RS05685
M744_RS10610	37.1006	SYNPCC7942_RS05680
M744_RS10615	44.3467	SYNPCC7942_RS05675
M744_RS10620	45.9217	SYNPCC7942_RS05670
M744_RS10625	67.6824	SYNPCC7942_RS05665
M744_RS10630	35.7809	SYNPCC7942_RS05660
M744_RS10635	6.3803	SYNPCC7942_RS05655
M744_RS10640	48.0213	SYNPCC7942_RS05650
M744_RS10645	699.9183	SYNPCC7942_RS05645
M744_RS10650	59.7006	SYNPCC7942_RS05640
M744_RS10655	39.1180	SYNPCC7942_RS05635
M744_RS10660	40.0828	SYNPCC7942_RS05630
M744_RS10665	910.5109	SYNPCC7942_RS05625
M744_RS10670	13.0194	SYNPCC7942_RS05620
M744_RS10675	5.0042	SYNPCC7942_RS05615
M744_RS10680	14.3593	SYNPCC7942_RS05610
M744_RS10685	18.7445	SYNPCC7942_RS05605
M744_RS10690	6.4644	SYNPCC7942_RS05600
M744_RS10695	47.6580	SYNPCC7942_RS05595
M744_RS10700	613.4885	SYNPCC7942_RS05590
M744_RS10705	3551.8455	SYNPCC7942_RS05585
M744_RS10710	107.2584	SYNPCC7942_RS05580
M744_RS10715	459.9495	SYNPCC7942_RS05575
M744_RS10720	158.0864	SYNPCC7942_RS05570
M744_RS10725	2.9074	SYNPCC7942_RS05565
M744_RS10735	257.8124	SYNPCC7942_RS05555
M744_RS10740	78.9328	SYNPCC7942_RS05550
M744_RS10745	44.0457	SYNPCC7942_RS05545
M744_RS10755	27.7622	SYNPCC7942_RS05535
M744_RS10760	65.6420	SYNPCC7942_RS05530
M744_RS10765	2.9831	SYNPCC7942_RS05525
M744_RS10770	24.7385	SYNPCC7942_RS05520
M744_RS10775	6.7934	SYNPCC7942_RS05515
M744_RS10780	7.2860	SYNPCC7942_RS05510
M744_RS10785	35.3466	SYNPCC7942_RS05505
M744_RS10790	23.9787	SYNPCC7942_RS05500
M744_RS10795	58.6424	SYNPCC7942_RS05495
M744_RS10800	24.6155	SYNPCC7942_RS05490
M744_RS10805	30.0209	SYNPCC7942_RS05485
M744_RS10810	498.6375	SYNPCC7942_RS05480
M744_RS10815	3.7178	SYNPCC7942_RS05475
M744_RS10825	69.0078	SYNPCC7942_RS05465
M744_RS10830	25.2596	SYNPCC7942_RS05460
M744_RS10835	7.2259	SYNPCC7942_RS05455
M744_RS10840	34.1425	SYNPCC7942_RS05450
M744_RS10845	10.4327	SYNPCC7942_RS05445
M744_RS10850	1.7512	SYNPCC7942_RS05440
M744_RS10855	23.8308	SYNPCC7942_RS05435
M744_RS10860	596.4931	SYNPCC7942_RS05430
M744_RS10865	4.2862	SYNPCC7942_RS05425
M744_RS10870	136.0487	SYNPCC7942_RS05420
M744_RS10875	180.2964	SYNPCC7942_RS05415
M744_RS10880	12.0203	SYNPCC7942_RS05410
M744_RS10885	36.8381	SYNPCC7942_RS05405
M744_RS10900	2361.8199	SYNPCC7942_RS05390
M744_RS10905	6112.1891	SYNPCC7942_RS05385
M744_RS10910	4174.1679	SYNPCC7942_RS05380
M744_RS10925	22.0556	SYNPCC7942_RS05365
M744_RS10930	36.9251	SYNPCC7942_RS05360
M744_RS10935	51.2731	SYNPCC7942_RS05355
M744_RS10940	13.1681	SYNPCC7942_RS05350
M744_RS10945	5.3499	SYNPCC7942_RS05345
M744_RS10950	11.3530	SYNPCC7942_RS05340
M744_RS10955	4.0847	SYNPCC7942_RS05335
M744_RS10960	13.0507	SYNPCC7942_RS05330
M744_RS10965	74.0690	SYNPCC7942_RS05325
M744_RS10970	65.8320	SYNPCC7942_RS05320
M744_RS10975	43.9311	SYNPCC7942_RS05315
M744_RS10980	62.2974	SYNPCC7942_RS05310
M744_RS10985	170.9674	SYNPCC7942_RS05305
M744_RS10990	202.6681	SYNPCC7942_RS05300
M744_RS11000	193.4796	SYNPCC7942_RS05290
M744_RS11005	179.0362	SYNPCC7942_RS05285
M744_RS11015	2.6541	SYNPCC7942_RS05275
M744_RS11020	67.2544	SYNPCC7942_RS05270
M744_RS11025	4.3130	SYNPCC7942_RS05265
M744_RS11030	35.8567	SYNPCC7942_RS05260
M744_RS11035	17.7916	SYNPCC7942_RS05255
M744_RS11040	8.6481	SYNPCC7942_RS05250
M744_RS11045	13.6773	SYNPCC7942_RS05245
M744_RS11050	62.2789	SYNPCC7942_RS05240
M744_RS11055	13.0969	SYNPCC7942_RS05235
M744_RS11060	16.4322	SYNPCC7942_RS05230
M744_RS11070	38.9796	SYNPCC7942_RS05220
M744_RS11075	275.2165	SYNPCC7942_RS05215
M744_RS11080	581.4984	SYNPCC7942_RS05210
M744_RS11085	7.0032	SYNPCC7942_RS05205
M744_RS11090	7.7480	SYNPCC7942_RS05195
M744_RS11095	6.3636	SYNPCC7942_RS05190
M744_RS11100	27.3214	SYNPCC7942_RS05185
M744_RS11105	6.1760	SYNPCC7942_RS05180
M744_RS11110	7.0327	SYNPCC7942_RS05175
M744_RS11115	41.2177	SYNPCC7942_RS05170
M744_RS11125	29.5412	SYNPCC7942_RS05160
M744_RS11130	8.9624	SYNPCC7942_RS05155
M744_RS11135	1.1395	SYNPCC7942_RS05150
M744_RS11145	7785.4397	SYNPCC7942_RS05140
M744_RS11150	112.3444	SYNPCC7942_RS05135
M744_RS11155	10.4612	SYNPCC7942_RS05130
M744_RS11160	2.6541	SYNPCC7942_RS13725
M744_RS11165	86.4730	SYNPCC7942_RS05125
M744_RS11170	56.8743	SYNPCC7942_RS05120
M744_RS11175	26.9379	SYNPCC7942_RS05115
M744_RS11180	9.6268	SYNPCC7942_RS05110
M744_RS11185	21.3431	SYNPCC7942_RS05105
M744_RS11190	92.6251	SYNPCC7942_RS05100
M744_RS11195	32.8061	SYNPCC7942_RS05095
M744_RS11200	52.2030	SYNPCC7942_RS05090
M744_RS11205	3.9951	SYNPCC7942_RS13875
M744_RS11210	92.6112	SYNPCC7942_RS05080
M744_RS11215	20.8495	SYNPCC7942_RS05075
M744_RS11220	43.7748	SYNPCC7942_RS05070
M744_RS11225	61.0036	SYNPCC7942_RS05065
M744_RS11230	83.3753	SYNPCC7942_RS05060
M744_RS11235	14.8214	SYNPCC7942_RS05055
M744_RS11240	43.9410	SYNPCC7942_RS05050
M744_RS11245	66.7166	SYNPCC7942_RS05045
M744_RS11250	82.6378	SYNPCC7942_RS05040
M744_RS11260	21.4365	SYNPCC7942_RS05030
M744_RS11265	4.9580	SYNPCC7942_RS05025
M744_RS11270	2385.6633	SYNPCC7942_RS05020
M744_RS11275	3179.7678	SYNPCC7942_RS05015
M744_RS11280	36.4048	SYNPCC7942_RS05010
M744_RS11285	7.2370	SYNPCC7942_RS05005
M744_RS11295	36.4575	SYNPCC7942_RS04995
M744_RS11300	343.9138	SYNPCC7942_RS04990
M744_RS11305	3.4073	SYNPCC7942_RS04985
M744_RS11310	8.9854	SYNPCC7942_RS04980
M744_RS11315	6.4293	SYNPCC7942_RS04975
M744_RS11320	313.7566	SYNPCC7942_RS04970
M744_RS11325	9.3985	SYNPCC7942_RS04965
M744_RS11330	54.6011	SYNPCC7942_RS04960
M744_RS11335	91.1328	SYNPCC7942_RS04955
M744_RS11340	17.8424	SYNPCC7942_RS04945
M744_RS11345	64.5089	SYNPCC7942_RS04940
M744_RS11350	26.0653	SYNPCC7942_RS04935
M744_RS11355	20.4596	SYNPCC7942_RS04930
M744_RS11360	8.0631	SYNPCC7942_RS04925
M744_RS11365	44.9724	SYNPCC7942_RS04920
M744_RS11370	232.6032	SYNPCC7942_RS04915
M744_RS11375	20.5631	SYNPCC7942_RS04910
M744_RS11380	23.1849	SYNPCC7942_RS04905
M744_RS11385	2.7087	SYNPCC7942_RS04900
M744_RS11390	42.4117	SYNPCC7942_RS04895
M744_RS11395	25.4010	SYNPCC7942_RS04890
M744_RS11400	39.2049	SYNPCC7942_RS04885
M744_RS11405	15.4276	SYNPCC7942_RS04880
M744_RS11410	15.2095	SYNPCC7942_RS04875
M744_RS11415	21.0168	SYNPCC7942_RS04870
M744_RS11420	32.0668	SYNPCC7942_RS04865
M744_RS11425	19.3747	SYNPCC7942_RS04860
M744_RS11430	30.4431	SYNPCC7942_RS04855
M744_RS11435	367.2647	SYNPCC7942_RS04850
M744_RS11440	839.0526	SYNPCC7942_RS04845
M744_RS11445	77.4523	SYNPCC7942_RS04840
M744_RS11450	17.4616	SYNPCC7942_RS04835
M744_RS11455	20.1953	SYNPCC7942_RS04830
M744_RS11460	1.3538	SYNPCC7942_RS04825
M744_RS11465	6.6391	SYNPCC7942_RS04820
M744_RS11470	5.3194	SYNPCC7942_RS04815
M744_RS11475	1.5720	SYNPCC7942_RS04810
M744_RS11480	5.1207	SYNPCC7942_RS04805
M744_RS11485	5.3239	SYNPCC7942_RS04800
M744_RS11490	47.1821	SYNPCC7942_RS04795
M744_RS11495	35.5269	SYNPCC7942_RS04790
M744_RS11500	8.9365	SYNPCC7942_RS04785
M744_RS11505	130.2383	SYNPCC7942_RS04780
M744_RS11510	794.6575	SYNPCC7942_RS04775
M744_RS11515	108.8679	SYNPCC7942_RS04770
M744_RS11520	64.1587	SYNPCC7942_RS04765
M744_RS11525	68.8494	SYNPCC7942_RS04760
M744_RS11530	208.5283	SYNPCC7942_RS04755
M744_RS11535	51.7437	SYNPCC7942_RS04750
M744_RS11540	12.3031	SYNPCC7942_RS04745
M744_RS11545	6.7555	SYNPCC7942_RS04740
M744_RS11550	1497.9815	SYNPCC7942_RS04735
M744_RS11555	50.0319	SYNPCC7942_RS04730
M744_RS11565	53.1925	SYNPCC7942_RS04720
M744_RS11580	25.6320	SYNPCC7942_RS04705
M744_RS11585	4.3102	SYNPCC7942_RS04700
M744_RS11590	1.9444	SYNPCC7942_RS04695
M744_RS11595	32.0992	SYNPCC7942_RS04690
M744_RS11600	4.2455	SYNPCC7942_RS04685
M744_RS11605	116.6619	SYNPCC7942_RS04680
M744_RS11610	144.2710	SYNPCC7942_RS04675
M744_RS11615	75.8500	SYNPCC7942_RS04670
M744_RS11625	67.6021	SYNPCC7942_RS13975
M744_RS11630	118.1544	SYNPCC7942_RS04660
M744_RS11635	1071.9929	SYNPCC7942_RS04655
M744_RS11640	19.1621	SYNPCC7942_RS04650
M744_RS11645	68.3863	SYNPCC7942_RS04645
M744_RS11650	1379.7673	SYNPCC7942_RS04640
M744_RS11655	18.1696	SYNPCC7942_RS04635
M744_RS11665	10.3938	SYNPCC7942_RS04625
M744_RS11670	28.6568	SYNPCC7942_RS04620
M744_RS11675	177.1022	SYNPCC7942_RS04615
M744_RS11680	13.4824	SYNPCC7942_RS04610
M744_RS11685	10.5981	SYNPCC7942_RS04605
M744_RS11695	7.6990	SYNPCC7942_RS04595
M744_RS11700	13.6708	SYNPCC7942_RS04590
M744_RS11710	158.5961	SYNPCC7942_RS04580
M744_RS11715	4.2372	SYNPCC7942_RS04575
M744_RS11720	1089.3397	SYNPCC7942_RS04570
M744_RS11725	1375.9541	SYNPCC7942_RS04565
M744_RS11730	5036.3920	SYNPCC7942_RS04560
M744_RS11735	10328.5424	SYNPCC7942_RS04555
M744_RS11740	1698.8218	SYNPCC7942_RS04550
M744_RS11745	37.2383	SYNPCC7942_RS04545
M744_RS11750	24.4001	SYNPCC7942_RS04540
M744_RS11755	6.4376	SYNPCC7942_RS04535
M744_RS11760	7.1112	SYNPCC7942_RS04530
M744_RS11765	119.8770	SYNPCC7942_RS04525
M744_RS11770	113.5644	SYNPCC7942_RS04520
M744_RS11775	241.6199	SYNPCC7942_RS04515
M744_RS11780	13.9407	SYNPCC7942_RS04510
M744_RS11785	38.8509	SYNPCC7942_RS04505
M744_RS11790	14.1634	SYNPCC7942_RS04500
M744_RS11795	7.9356	SYNPCC7942_RS04495
M744_RS11800	23.5556	SYNPCC7942_RS04490
M744_RS11805	5.2547	SYNPCC7942_RS04485
M744_RS11810	4.8629	SYNPCC7942_RS04480
M744_RS11815	33.4502	SYNPCC7942_RS04475
M744_RS11820	1.2920	SYNPCC7942_RS04470
M744_RS11825	46.9687	SYNPCC7942_RS04465
M744_RS11830	33.2129	SYNPCC7942_RS04460
M744_RS11835	130.5544	SYNPCC7942_RS04455
M744_RS11840	174.3867	SYNPCC7942_RS04450
M744_RS11845	50.6901	SYNPCC7942_RS04445
M744_RS11850	224.3832	SYNPCC7942_RS04440
M744_RS11855	24.7938	SYNPCC7942_RS04435
M744_RS11860	104.5853	SYNPCC7942_RS04430
M744_RS11865	365.4544	SYNPCC7942_RS04425
M744_RS11870	53.8295	SYNPCC7942_RS04420
M744_RS11875	15.8722	SYNPCC7942_RS04415
M744_RS11880	162.4549	SYNPCC7942_RS04410
M744_RS11885	173.8489	SYNPCC7942_RS04405
M744_RS11890	175.9567	SYNPCC7942_RS04400
M744_RS11895	65.3610	SYNPCC7942_RS04395
M744_RS11900	145.0341	SYNPCC7942_RS04390
M744_RS11910	129.3588	SYNPCC7942_RS04380
M744_RS11915	165.7468	SYNPCC7942_RS04375
M744_RS11920	23.8391	SYNPCC7942_RS04370
M744_RS11925	39.2437	SYNPCC7942_RS04365
M744_RS11930	157.9192	SYNPCC7942_RS04360
M744_RS11935	112.9294	SYNPCC7942_RS04355
M744_RS11940	25.7881	SYNPCC7942_RS04350
M744_RS11945	7.1630	SYNPCC7942_RS04345
M744_RS11950	11.3300	SYNPCC7942_RS04340
M744_RS11955	9.2516	SYNPCC7942_RS04335
M744_RS11960	7.7157	SYNPCC7942_RS04330
M744_RS11965	2.5451	SYNPCC7942_RS04325
M744_RS11970	41.8516	SYNPCC7942_RS04320
M744_RS11975	96.0879	SYNPCC7942_RS04315
M744_RS11980	82.9279	SYNPCC7942_RS04310
M744_RS11990	0.1442	SYNPCC7942_RS04300
M744_RS11995	5.0772	SYNPCC7942_RS04295
M744_RS12000	86.8361	SYNPCC7942_RS04290
M744_RS12005	10.3587	SYNPCC7942_RS04285
M744_RS12010	17.5515	SYNPCC7942_RS04280
M744_RS12015	83.0443	SYNPCC7942_RS04275
M744_RS12020	35.2118	SYNPCC7942_RS04270
M744_RS12025	9.7914	SYNPCC7942_RS04265
M744_RS12030	53.2602	SYNPCC7942_RS04260
M744_RS12035	29.7177	SYNPCC7942_RS04255
M744_RS12040	19.7933	SYNPCC7942_RS04250
M744_RS12045	46.3560	SYNPCC7942_RS04245
M744_RS12050	39.1586	SYNPCC7942_RS04240
M744_RS12055	48.8972	SYNPCC7942_RS04235
M744_RS12060	27.2308	SYNPCC7942_RS04230
M744_RS12065	7.3534	SYNPCC7942_RS04225
M744_RS12070	45.1749	SYNPCC7942_RS04220
M744_RS12075	18.9689	SYNPCC7942_RS04215
M744_RS12080	11.1091	SYNPCC7942_RS04210
M744_RS12085	63.7176	SYNPCC7942_RS04205
M744_RS12090	101.2680	SYNPCC7942_RS04200
M744_RS12095	71.0803	SYNPCC7942_RS04195
M744_RS12100	2.6301	SYNPCC7942_RS04190
M744_RS12105	67.9310	SYNPCC7942_RS04185
M744_RS12110	41.5199	SYNPCC7942_RS04180
M744_RS12115	7.6907	SYNPCC7942_RS04175
M744_RS12120	13.0424	SYNPCC7942_RS04170
M744_RS12125	99.0190	SYNPCC7942_RS04165
M744_RS12130	41.9819	SYNPCC7942_RS04160
M744_RS12135	22.6739	SYNPCC7942_RS04155
M744_RS12140	8.0530	SYNPCC7942_RS04150
M744_RS12145	1724.5249	SYNPCC7942_RS04145
M744_RS12150	53.4626	SYNPCC7942_RS04140
M744_RS12155	93.5529	SYNPCC7942_RS04135
M744_RS12160	37.5544	SYNPCC7942_RS04130
M744_RS12165	119.8372	SYNPCC7942_RS04125
M744_RS12170	17.2371	SYNPCC7942_RS04120
M744_RS12175	14.3899	SYNPCC7942_RS04115
M744_RS12180	780.9920	SYNPCC7942_RS04110
M744_RS12185	26.9767	SYNPCC7942_RS04105
M744_RS12190	39.3010	SYNPCC7942_RS04100
M744_RS12195	13.0951	SYNPCC7942_RS04095
M744_RS12200	681.0386	SYNPCC7942_RS04090
M744_RS12205	25.7966	SYNPCC7942_RS04085
M744_RS12210	194.0234	SYNPCC7942_RS04080
M744_RS12215	34.5084	SYNPCC7942_RS04075
M744_RS12220	16.6365	SYNPCC7942_RS04070
M744_RS12225	4.8462	SYNPCC7942_RS04065
M744_RS12230	32.1019	SYNPCC7942_RS04060
M744_RS12235	150.9145	SYNPCC7942_RS04055
M744_RS12240	756.2461	SYNPCC7942_RS04050
M744_RS12245	38.4943	SYNPCC7942_RS04045
M744_RS12250	135.9563	SYNPCC7942_RS04040
M744_RS12255	7.1418	SYNPCC7942_RS04035
M744_RS12260	53.2796	SYNPCC7942_RS04030
M744_RS12265	160.4266	SYNPCC7942_RS04025
M744_RS12270	20.8108	SYNPCC7942_RS04020
M744_RS12275	31.3561	SYNPCC7942_RS04015
M744_RS12280	74.0488	SYNPCC7942_RS04010
M744_RS12290	2.3196	SYNPCC7942_RS13700
M744_RS12295	2.2762	SYNPCC7942_RS03970
M744_RS12300	0.8511	SYNPCC7942_RS03965
M744_RS12310	5.1262	SYNPCC7942_RS03955
M744_RS12315	147.1679	SYNPCC7942_RS03950
M744_RS12325	24.9490	SYNPCC7942_RS03940
M744_RS12330	10.4973	SYNPCC7942_RS03935
M744_RS12335	151.9050	SYNPCC7942_RS03930
M744_RS12340	12.5869	SYNPCC7942_RS03925
M744_RS12345	0.5683	SYNPCC7942_RS03920
M744_RS12350	0.0000	SYNPCC7942_RS03915
M744_RS12355	1.0415	SYNPCC7942_RS03910
M744_RS12365	1.4306	SYNPCC7942_RS03900
M744_RS12370	0.0924	SYNPCC7942_RS03895
M744_RS12375	1.4685	SYNPCC7942_RS03890
M744_RS12380	8.3875	SYNPCC7942_RS03885
M744_RS12385	0.2366	SYNPCC7942_RS03880
M744_RS12390	1.8002	SYNPCC7942_RS03875
M744_RS12395	4.2188	SYNPCC7942_RS03870
M744_RS12405	17.8257	SYNPCC7942_RS03860
M744_RS12410	33.6352	SYNPCC7942_RS03855
M744_RS12415	183.9014	SYNPCC7942_RS03850
M744_RS12420	4.9987	SYNPCC7942_RS03845
M744_RS12425	0.8105	SYNPCC7942_RS03840
M744_RS12430	0.6229	SYNPCC7942_RS03835
M744_RS12440	5.8092	SYNPCC7942_RS03825
M744_RS12450	4.5828	SYNPCC7942_RS03815
M744_RS12455	2.4175	SYNPCC7942_RS03810
M744_RS12460	2.0886	SYNPCC7942_RS03805
M744_RS12465	1.6210	SYNPCC7942_RS03800
M744_RS12470	12.8363	SYNPCC7942_RS03795
M744_RS12475	4.0117	SYNPCC7942_RS03790
M744_RS12480	0.6635	SYNPCC7942_RS03785
M744_RS12485	2.2299	SYNPCC7942_RS03780
M744_RS12490	1.2836	SYNPCC7942_RS03775
M744_RS12495	9.3339	SYNPCC7942_RS03770
M744_RS12500	19.7443	SYNPCC7942_RS03765
M744_RS12505	7.2592	SYNPCC7942_RS03760
M744_RS12510	0.1959	SYNPCC7942_RS03755
M744_RS12515	1.3871	SYNPCC7942_RS03750
M744_RS12520	7.4892	SYNPCC7942_RS03745
M744_RS12530	1.6182	SYNPCC7942_RS03730
M744_RS12535	0.3807	SYNPCC7942_RS03725
M744_RS12540	0.0462	SYNPCC7942_RS03720
M744_RS12550	0.2800	SYNPCC7942_RS03710
M744_RS12555	0.9925	SYNPCC7942_RS03705
M744_RS12560	1.0415	SYNPCC7942_RS03700
M744_RS12565	0.3807	SYNPCC7942_RS03695
M744_RS12575	0.3318	SYNPCC7942_RS03685
M744_RS12580	5.1290	SYNPCC7942_RS03680
M744_RS12590	203.8220	SYNPCC7942_RS03670
M744_RS12600	41.3444	SYNPCC7942_RS03660
M744_RS12605	133.8392	SYNPCC7942_RS03655
M744_RS12610	1680.4648	SYNPCC7942_RS03650
M744_RS12615	380.5879	SYNPCC7942_RS03645
M744_RS12620	93.0546	SYNPCC7942_RS03640
M744_RS12625	6.7037	SYNPCC7942_RS03635
M744_RS12630	129.2831	SYNPCC7942_RS03630
M744_RS12635	11.8244	SYNPCC7942_RS03625
M744_RS12640	14.8731	SYNPCC7942_RS03620
M744_RS12645	51.7160	SYNPCC7942_RS03615
M744_RS12650	19.6880	SYNPCC7942_RS03610
M744_RS12655	80.7000	SYNPCC7942_RS03605
M744_RS12660	3.9867	SYNPCC7942_RS03600
M744_RS12665	6.5022	SYNPCC7942_RS03595
M744_RS12670	1574.6449	SYNPCC7942_RS03590
M744_RS12675	113.6352	SYNPCC7942_RS03585
M744_RS12685	17534.1686	SYNPCC7942_RS03575
M744_RS12690	963.0960	SYNPCC7942_RS03570
M744_RS12695	128.7249	SYNPCC7942_RS03565
M744_RS12700	724.3888	SYNPCC7942_RS03560
M744_RS12705	2.1699	SYNPCC7942_RS03555
M744_RS12710	4.9876	SYNPCC7942_RS03550
M744_RS12715	0.8105	SYNPCC7942_RS13620
M744_RS12720	24.3161	SYNPCC7942_RS03540
M744_RS12725	7.0401	SYNPCC7942_RS03535
M744_RS12730	2.7087	SYNPCC7942_RS03530
M744_RS12735	150.8746	SYNPCC7942_RS03525
M744_RS12740	194.1061	SYNPCC7942_RS03520
M744_RS12745	163.6112	SYNPCC7942_RS03515
M744_RS12750	1356.7196	SYNPCC7942_RS03510
M744_RS12755	47.9741	SYNPCC7942_RS03505
M744_RS12760	22.2386	SYNPCC7942_RS03500
M744_RS12765	158.9740	SYNPCC7942_RS03495
M744_RS12770	26.0249	SYNPCC7942_RS03490
M744_RS12775	181.8179	SYNPCC7942_RS03485
M744_RS12780	488.9570	SYNPCC7942_RS03480
M744_RS12790	61.8651	SYNPCC7942_RS03470
M744_RS12800	86.6652	SYNPCC7942_RS03465
M744_RS12805	22.3411	SYNPCC7942_RS03460
M744_RS12810	115.0705	SYNPCC7942_RS03455
M744_RS12815	1226.3591	SYNPCC7942_RS03450
M744_RS12820	21.0981	SYNPCC7942_RS03445
M744_RS12825	27.1679	SYNPCC7942_RS03440
M744_RS12830	5.7057	SYNPCC7942_RS03435
M744_RS12835	21.4549	SYNPCC7942_RS03430
M744_RS12840	7.6778	SYNPCC7942_RS03425
M744_RS12850	132.3296	SYNPCC7942_RS03415
M744_RS12855	7.4624	SYNPCC7942_RS03410
M744_RS12860	26.4231	SYNPCC7942_RS03405
M744_RS12865	15.6346	SYNPCC7942_RS03400
M744_RS12870	23.2061	SYNPCC7942_RS03395
M744_RS12875	211.8919	SYNPCC7942_RS03390
M744_RS12880	40.1623	SYNPCC7942_RS03385
M744_RS12885	16.9645	SYNPCC7942_RS03380
M744_RS12890	24.7781	SYNPCC7942_RS03375
M744_RS12895	122.5171	SYNPCC7942_RS03370
M744_RS12900	883.1967	SYNPCC7942_RS03365
M744_RS12905	16322.9712	SYNPCC7942_RS03360
M744_RS12920	300.1047	SYNPCC7942_RS03345
M744_RS12925	66.2232	SYNPCC7942_RS03340
M744_RS12930	30.2740	SYNPCC7942_RS03335
M744_RS12935	4.7399	SYNPCC7942_RS03330
M744_RS12940	1296.1384	SYNPCC7942_RS03325
M744_RS12945	11.9400	SYNPCC7942_RS13685
M744_RS12950	28.8444	SYNPCC7942_RS03320
M744_RS12955	25.3762	SYNPCC7942_RS03315
M744_RS12960	2038.8474	SYNPCC7942_RS03310
M744_RS12965	288.9633	SYNPCC7942_RS03305
M744_RS12970	19.6491	SYNPCC7942_RS03300
M744_RS12975	57.2489	SYNPCC7942_RS03295
M744_RS12980	62.0552	SYNPCC7942_RS03290
M744_RS12985	74.2215	SYNPCC7942_RS03285
M744_RS12990	541.4006	SYNPCC7942_RS03280
M744_RS12995	93.1091	SYNPCC7942_RS03275
M744_RS13000	302.2269	SYNPCC7942_RS03270
M744_RS13005	1022.9061	SYNPCC7942_RS03265
M744_RS13010	2338.9902	SYNPCC7942_RS03260
M744_RS13015	1086.8153	SYNPCC7942_RS03255
M744_RS13020	3710.7492	SYNPCC7942_RS03250
M744_RS13025	4048.5603	SYNPCC7942_RS03245
M744_RS13030	1817.9428	SYNPCC7942_RS03240
M744_RS13035	189.1177	SYNPCC7942_RS03235
M744_RS13040	3.7751	SYNPCC7942_RS03230
M744_RS13045	33.5224	SYNPCC7942_RS03225
M744_RS13050	4.8629	SYNPCC7942_RS03220
M744_RS13060	272.7052	SYNPCC7942_RS03210
M744_RS13065	104.0510	SYNPCC7942_RS03205
M744_RS13070	37.6154	SYNPCC7942_RS03200
M744_RS13075	122.9510	SYNPCC7942_RS03195
M744_RS13080	302.4296	SYNPCC7942_RS03190
M744_RS13085	115.5098	SYNPCC7942_RS03185
M744_RS13090	164.3071	SYNPCC7942_RS03180
M744_RS13095	110.3604	SYNPCC7942_RS03175
M744_RS13100	633.7758	SYNPCC7942_RS03170
M744_RS13105	12.7033	SYNPCC7942_RS03165
M744_RS13110	12.1054	SYNPCC7942_RS03160
M744_RS13115	19.3275	SYNPCC7942_RS03155
M744_RS13120	223.9882	SYNPCC7942_RS03150
M744_RS13125	21.7627	SYNPCC7942_RS03145
M744_RS13130	108.6406	SYNPCC7942_RS03140
M744_RS13140	33.5381	SYNPCC7942_RS03130
M744_RS13145	190.1562	SYNPCC7942_RS03125
M744_RS13150	54.7481	SYNPCC7942_RS03120
M744_RS13160	9.2303	SYNPCC7942_RS03110
M744_RS13165	17.4136	SYNPCC7942_RS03105
M744_RS13170	362.7974	SYNPCC7942_RS03100
M744_RS13175	1010.8459	SYNPCC7942_RS03095
M744_RS13180	88.2770	SYNPCC7942_RS03090
M744_RS13185	89.4867	SYNPCC7942_RS03080
M744_RS13190	33.0687	SYNPCC7942_RS03075
M744_RS13200	336.0621	SYNPCC7942_RS03065
M744_RS13205	26.0413	SYNPCC7942_RS03060
M744_RS13210	12.7098	SYNPCC7942_RS03055
M744_RS13215	206.6291	SYNPCC7942_RS03050
M744_RS13220	68.2442	SYNPCC7942_RS03045
M744_RS13230	59.3486	SYNPCC7942_RS03035
M744_RS13235	4.0903	SYNPCC7942_RS03030
M744_RS13240	11.6221	SYNPCC7942_RS03025
M744_RS13245	29.9616	SYNPCC7942_RS03020
M744_RS13250	63.7974	SYNPCC7942_RS03015
M744_RS13255	181.7159	SYNPCC7942_RS03010
M744_RS13290	16.0237	SYNPCC7942_RS13490
M744_RS13295	28.5467	SYNPCC7942_RS13485
M744_RS13300	23.2284	SYNPCC7942_RS13480
M744_RS13315	7.1991	SYNPCC7942_RS13465
M744_RS13320	3.3888	SYNPCC7942_RS13455
M744_RS13325	2.2494	SYNPCC7942_RS13450
M744_RS13330	0.7670	SYNPCC7942_RS13445
M744_RS13335	1.7947	SYNPCC7942_RS13440
M744_RS13340	0.3401	SYNPCC7942_RS13435
M744_RS13345	1.4796	SYNPCC7942_RS13430
M744_RS13350	1.4796	SYNPCC7942_RS13425
M744_RS13355	2.1348	SYNPCC7942_RS13420
M744_RS13360	0.5249	SYNPCC7942_RS13415
M744_RS13365	1.0849	SYNPCC7942_RS13410
M744_RS13370	1.5636	SYNPCC7942_RS13405
M744_RS13375	0.6145	SYNPCC7942_RS13400
M744_RS13380	0.3345	SYNPCC7942_RS13395
M744_RS13385	1.2836	SYNPCC7942_RS13390
M744_RS13395	6.2907	SYNPCC7942_RS13380
M744_RS13400	1.7679	SYNPCC7942_RS13375
M744_RS13405	1.7679	SYNPCC7942_RS13370
M744_RS13410	3.4646	SYNPCC7942_RS13365
M744_RS13415	0.2366	SYNPCC7942_RS13360
M744_RS13420	1.9093	SYNPCC7942_RS13355
M744_RS13425	3.6171	SYNPCC7942_RS13350
M744_RS13430	5.3572	SYNPCC7942_RS13345
M744_RS13440	16.7334	SYNPCC7942_RS13335
M744_RS13445	6.5901	SYNPCC7942_RS13330
M744_RS13450	6.7259	SYNPCC7942_RS13595
M744_RS13455	3.0894	SYNPCC7942_RS13590
M744_RS13470	0.6145	SYNPCC7942_RS13575
M744_RS13475	8.9430	SYNPCC7942_RS13570
M744_RS13480	33.0344	SYNPCC7942_RS13565
M744_RS13485	678.9316	SYNPCC7942_RS13560
M744_RS13490	4181.4578	SYNPCC7942_RS13555
M744_RS13495	2.3251	SYNPCC7942_RS13550
M744_RS13500	1.4740	SYNPCC7942_RS13545
M744_RS13505	1.8520	SYNPCC7942_RS13540
M744_RS13510	0.4242	SYNPCC7942_RS13535
M744_RS13520	1.5609	SYNPCC7942_RS13525
M744_RS13525	0.1414	SYNPCC7942_RS13520
M744_RS13540	247.9588	SYNPCC7942_RS13505
M744_RS13545	2.7059	SYNPCC7942_RS13500
M744_RS13550	3.7825	SYNPCC7942_RS13495
M744_RS13590	9.5649	SYNPCC7942_RS13610
M744_RS13595	1.1968	SYNPCC7942_RS13630
M744_RS13600	3.0755	SYNPCC7942_RS13625
M744_RS13605	189.0326	SYNPCC7942_RS13615
M744_RS13615	7.1908	SYNPCC7942_RS13640
M744_RS13625	264.2541	SYNPCC7942_RS13675
M744_RS13630	8.5373	SYNPCC7942_RS13670
M744_RS13635	9.8717	SYNPCC7942_RS13665
M744_RS13640	18.0087	SYNPCC7942_RS00595
M744_RS13645	15.2816	SYNPCC7942_RS13660
M744_RS13655	7.8192	SYNPCC7942_RS13645
M744_RS13660	1359.7662	SYNPCC7942_RS13855
M744_RS13675	6.9292	SYNPCC7942_RS13840
M744_RS13690	17.5596	SYNPCC7942_RS13830
M744_RS13705	630.1531	SYNPCC7942_RS13815
M744_RS13710	1.1339	SYNPCC7942_RS10865
M744_RS13720	4.8028	SYNPCC7942_RS13805
M744_RS13725	180.7162	SYNPCC7942_RS13795
M744_RS13735	1.8030	SYNPCC7942_RS13760
M744_RS13745	7.3728	SYNPCC7942_RS13770
M744_RS13760	1.0359	SYNPCC7942_RS13785
M744_RS13770	219.6677	SYNPCC7942_RS13750
M744_RS13775	10.8541	SYNPCC7942_RS06420
M744_RS13780	173.5132	SYNPCC7942_RS13745
M744_RS13790	855.8035	SYNPCC7942_RS13735
M744_RS13795	14.1311	SYNPCC7942_RS13730
M744_RS13805	17.2611	SYNPCC7942_RS04950
M744_RS13810	1.2725	SYNPCC7942_RS13715
M744_RS13815	12.7255	SYNPCC7942_RS13710
M744_RS13820	65.7102	SYNPCC7942_RS13695
M744_RS13825	26.2466	SYNPCC7942_RS13690
M744_RS13830	93.5730	SYNPCC7942_RS13680
M744_RS13840	0.6691	SYNPCC7942_RS13860
M744_RS13845	2.0424	SYNPCC7942_RS13880
M744_RS13850	6.8312	SYNPCC7942_RS13870
M744_RS13860	0.7153	SYNPCC7942_RS13515
M744_RS13870	16.7362	SYNPCC7942_RS13930
M744_RS13875	53.7121	SYNPCC7942_RS13925
M744_RS13880	8.2674	SYNPCC7942_RS13920
M744_RS13885	4.8305	SYNPCC7942_RS13915
M744_RS13890	7.6011	SYNPCC7942_RS13910
M744_RS13895	751.4933	SYNPCC7942_RS13905
M744_RS13900	245.3370	SYNPCC7942_RS14105
M744_RS13905	156.9408	SYNPCC7942_RS14100
M744_RS13910	6.2222	SYNPCC7942_RS14095
M744_RS13915	16.5542	SYNPCC7942_RS11480
M744_RS13925	8.0002	SYNPCC7942_RS14085
M744_RS13930	3.8342	SYNPCC7942_RS10985
M744_RS13935	0.2883	SYNPCC7942_RS14080
M744_RS13945	0.6608	SYNPCC7942_RS14070
M744_RS13950	10.1277	SYNPCC7942_RS14065
M744_RS13955	1.6616	SYNPCC7942_RS14060
M744_RS13960	4.8785	SYNPCC7942_RS14055
M744_RS13965	5.4913	SYNPCC7942_RS14050
M744_RS13970	11.5620	SYNPCC7942_RS14045
M744_RS13975	1.4657	SYNPCC7942_RS14015
M744_RS13980	4.5672	SYNPCC7942_RS14020
M744_RS13985	13.1699	SYNPCC7942_RS14025
M744_RS13990	3.1384	SYNPCC7942_RS14030
M744_RS13995	1.6533	SYNPCC7942_RS14035
M744_RS14005	0.8456	SYNPCC7942_RS14005
M744_RS14010	30.0975	SYNPCC7942_RS14000
M744_RS14015	3.2770	SYNPCC7942_RS13995
M744_RS14020	5.9016	SYNPCC7942_RS13990
M744_RS14025	4.9202	SYNPCC7942_RS13985
M744_RS14030	7.8293	SYNPCC7942_RS13980
M744_RS14035	3821.5823	SYNPCC7942_RS13970
M744_RS14040	6.6659	SYNPCC7942_RS13965
M744_RS14045	124.2778	SYNPCC7942_RS13960
M744_RS14050	0.0980	SYNPCC7942_RS13940
M744_RS14055	0.4676	SYNPCC7942_RS13935
M744_RS14060	59.4261	SYNPCC7942_RS03735
M744_RS14065	0.0490	SYNPCC7942_RS13460
M744_RS14070	6.7388	SYNPCC7942_RS14125
M744_RS14080	10.8568	SYNPCC7942_RS14115
M744_RS14085	11.9981	SYNPCC7942_RS14145
M744_RS14090	28.9181	SYNPCC7942_RS14140
M744_RS14095	310.2081	SYNPCC7942_RS14135
M744_RS14100	2.8612	SYNPCC7942_RS14130
M744_RS14105	10.2986	SYNPCC7942_RS14200
M744_RS14110	22.8827	SYNPCC7942_RS14195
M744_RS14120	7.2415	SYNPCC7942_RS14190
M744_RS14125	25.1543	SYNPCC7942_RS14185
M744_RS14130	4.6881	SYNPCC7942_RS14180
M744_RS14135	0.8077	SYNPCC7942_RS14170
M744_RS14140	2.1921	SYNPCC7942_RS14175
M744_RS14150	692.7686	SYNPCC7942_RS14160
M744_RS14155	114.5843	SYNPCC7942_RS14155
M744_RS14160	3.1689	SYNPCC7942_RS14150
M744_RS14195	0.0000	SYNPCC7942_RS14295
M744_RS14210	3279.5932	SYNPCC7942_RS00240
