locus_tag	abundance	source_gene_id
M744_RS00005	26.3070	SYNPCC7942_RS02980
M744_RS00010	724.9107	SYNPCC7942_RS02975
M744_RS00020	82.0088	SYNPCC7942_RS02965
M744_RS00025	15.8396	SYNPCC7942_RS02960
M744_RS00030	83.0087	SYNPCC7942_RS02955
M744_RS00035	162.2040	SYNPCC7942_RS02950
M744_RS00040	618.6402	SYNPCC7942_RS02945
M744_RS00045	1735.2533	SYNPCC7942_RS02940
M744_RS00050	50.7871	SYNPCC7942_RS02935
M744_RS00055	292.4047	SYNPCC7942_RS02930
M744_RS00060	54.1508	SYNPCC7942_RS02925
M744_RS00065	63.6850	SYNPCC7942_RS02920
M744_RS00075	26.2496	SYNPCC7942_RS02910
M744_RS00080	123.9966	SYNPCC7942_RS02905
M744_RS00085	186.6445	SYNPCC7942_RS02900
M744_RS00090	808.1576	SYNPCC7942_RS02895
M744_RS00095	71.0844	SYNPCC7942_RS02890
M744_RS00100	61.7813	SYNPCC7942_RS02885
M744_RS00105	32.1707	SYNPCC7942_RS02880
M744_RS00110	169.4497	SYNPCC7942_RS02875
M744_RS00115	89.7378	SYNPCC7942_RS02870
M744_RS00120	101.3797	SYNPCC7942_RS02865
M744_RS00125	37.6376	SYNPCC7942_RS02860
M744_RS00130	211.7669	SYNPCC7942_RS02855
M744_RS00135	45.0381	SYNPCC7942_RS02850
M744_RS00140	251.8845	SYNPCC7942_RS02845
M744_RS00145	144.6789	SYNPCC7942_RS02840
M744_RS00150	50.6976	SYNPCC7942_RS02835
M744_RS00155	196.7376	SYNPCC7942_RS02830
M744_RS00160	14.5745	SYNPCC7942_RS02825
M744_RS00165	178.5820	SYNPCC7942_RS02820
M744_RS00170	205.3666	SYNPCC7942_RS02815
M744_RS00175	49.6960	SYNPCC7942_RS02810
M744_RS00180	180.0370	SYNPCC7942_RS02805
M744_RS00185	17.9366	SYNPCC7942_RS02800
M744_RS00190	230.9507	SYNPCC7942_RS02795
M744_RS00195	248.0623	SYNPCC7942_RS02790
M744_RS00200	8.2119	SYNPCC7942_RS02785
M744_RS00205	152.1165	SYNPCC7942_RS02780
M744_RS00210	36.1550	SYNPCC7942_RS02775
M744_RS00215	8.0585	SYNPCC7942_RS02770
M744_RS00220	37.6500	SYNPCC7942_RS02765
M744_RS00225	55.7906	SYNPCC7942_RS02760
M744_RS00230	5.2818	SYNPCC7942_RS02755
M744_RS00235	18.2196	SYNPCC7942_RS02750
M744_RS00240	21.5354	SYNPCC7942_RS02745
M744_RS00245	11.4693	SYNPCC7942_RS02740
M744_RS00250	1317.4151	SYNPCC7942_RS02735
M744_RS00255	458.2105	SYNPCC7942_RS02730
M744_RS00260	79.2159	SYNPCC7942_RS02725
M744_RS00265	895.4804	SYNPCC7942_RS02720
M744_RS00270	141.0338	SYNPCC7942_RS02715
M744_RS00275	8.1912	SYNPCC7942_RS02710
M744_RS00280	14.3276	SYNPCC7942_RS02705
M744_RS00285	93.8643	SYNPCC7942_RS02700
M744_RS00290	21.4220	SYNPCC7942_RS02695
M744_RS00295	98.4202	SYNPCC7942_RS02690
M744_RS00300	202.7110	SYNPCC7942_RS02685
M744_RS00305	207.5616	SYNPCC7942_RS02680
M744_RS00310	17.8475	SYNPCC7942_RS02675
M744_RS00315	71.7561	SYNPCC7942_RS02670
M744_RS00320	29.5660	SYNPCC7942_RS02665
M744_RS00325	48.6500	SYNPCC7942_RS02660
M744_RS00330	24.9105	SYNPCC7942_RS02655
M744_RS00335	8.9644	SYNPCC7942_RS02645
M744_RS00340	14.4817	SYNPCC7942_RS02640
M744_RS00345	19.8853	SYNPCC7942_RS02635
M744_RS00350	37.8327	SYNPCC7942_RS02630
M744_RS00355	148.3202	SYNPCC7942_RS02625
M744_RS00360	472.8623	SYNPCC7942_RS02620
M744_RS00365	22.3311	SYNPCC7942_RS02615
M744_RS00370	177.5201	SYNPCC7942_RS02610
M744_RS00375	37.1698	SYNPCC7942_RS02605
M744_RS00380	175.2971	SYNPCC7942_RS02600
M744_RS00385	160.9043	SYNPCC7942_RS02595
M744_RS00390	26.0510	SYNPCC7942_RS02590
M744_RS00395	39.4745	SYNPCC7942_RS02585
M744_RS00400	16.3835	SYNPCC7942_RS02580
M744_RS00405	66.0520	SYNPCC7942_RS02575
M744_RS00410	59.9777	SYNPCC7942_RS02570
M744_RS00415	235.2329	SYNPCC7942_RS02565
M744_RS00420	162.6158	SYNPCC7942_RS02560
M744_RS00425	21.6112	SYNPCC7942_RS02555
M744_RS00430	2.9470	SYNPCC7942_RS02550
M744_RS00435	82.9356	SYNPCC7942_RS02545
M744_RS00440	16.5330	SYNPCC7942_RS02540
M744_RS00445	56.8744	SYNPCC7942_RS02535
M744_RS00450	142.0473	SYNPCC7942_RS02530
M744_RS00455	70.7394	SYNPCC7942_RS02525
M744_RS00460	333.2575	SYNPCC7942_RS02520
M744_RS00465	58.0153	SYNPCC7942_RS02515
M744_RS00470	105.4343	SYNPCC7942_RS02510
M744_RS00475	48.5329	SYNPCC7942_RS02505
M744_RS00485	115.4732	SYNPCC7942_RS02495
M744_RS00490	164.5785	SYNPCC7942_RS02490
M744_RS00495	189.2375	SYNPCC7942_RS02485
M744_RS00500	310.7282	SYNPCC7942_RS02480
M744_RS00505	49.5999	SYNPCC7942_RS02475
M744_RS00510	43.0438	SYNPCC7942_RS02470
M744_RS00515	81.4500	SYNPCC7942_RS02465
M744_RS00520	121.5691	SYNPCC7942_RS02460
M744_RS00525	339.3759	SYNPCC7942_RS02455
M744_RS00530	158.2439	SYNPCC7942_RS02450
M744_RS00535	216.2838	SYNPCC7942_RS02445
M744_RS00540	246.8420	SYNPCC7942_RS02440
M744_RS00545	58.3268	SYNPCC7942_RS02435
M744_RS00550	321.2028	SYNPCC7942_RS02430
M744_RS00555	57.5864	SYNPCC7942_RS02425
M744_RS00560	2.1352	SYNPCC7942_RS02420
M744_RS00565	750.8306	SYNPCC7942_RS02415
M744_RS00570	7.8343	SYNPCC7942_RS02410
M744_RS00575	68.6649	SYNPCC7942_RS02405
M744_RS00590	410.5638	SYNPCC7942_RS02390
M744_RS00595	116.7968	SYNPCC7942_RS02385
M744_RS00600	58.4612	SYNPCC7942_RS02380
M744_RS00605	345.2975	SYNPCC7942_RS02375
M744_RS00610	63.5821	SYNPCC7942_RS02370
M744_RS00615	101.1629	SYNPCC7942_RS02365
M744_RS00620	21.2346	SYNPCC7942_RS02360
M744_RS00625	11.0839	SYNPCC7942_RS02355
M744_RS00630	24.7325	SYNPCC7942_RS02350
M744_RS00635	36.9421	SYNPCC7942_RS02345
M744_RS00640	61.0513	SYNPCC7942_RS02340
M744_RS00645	53.0376	SYNPCC7942_RS02335
M744_RS00650	13.6842	SYNPCC7942_RS02330
M744_RS00655	25.8882	SYNPCC7942_RS02325
M744_RS00660	9.8695	SYNPCC7942_RS02320
M744_RS00665	87.8154	SYNPCC7942_RS02315
M744_RS00675	69.8318	SYNPCC7942_RS02305
M744_RS00680	457.0863	SYNPCC7942_RS02300
M744_RS00685	101.8684	SYNPCC7942_RS02295
M744_RS00690	864.3462	SYNPCC7942_RS02290
M744_RS00695	29.4330	SYNPCC7942_RS02285
M744_RS00700	592.5072	SYNPCC7942_RS02280
M744_RS00705	84.2771	SYNPCC7942_RS02275
M744_RS00710	148.6879	SYNPCC7942_RS02270
M744_RS00715	431.9992	SYNPCC7942_RS02265
M744_RS00720	2133.3846	SYNPCC7942_RS02260
M744_RS00725	20.0274	SYNPCC7942_RS02255
M744_RS00735	62.6548	SYNPCC7942_RS02245
M744_RS00740	14.8826	SYNPCC7942_RS02240
M744_RS00750	3.4011	SYNPCC7942_RS02230
M744_RS00755	49.8341	SYNPCC7942_RS02225
M744_RS00760	55.2929	SYNPCC7942_RS02220
M744_RS00770	36.5479	SYNPCC7942_RS02210
M744_RS00775	48.1298	SYNPCC7942_RS02205
M744_RS00780	45.1928	SYNPCC7942_RS02200
M744_RS00785	654.5503	SYNPCC7942_RS02195
M744_RS00790	269.4547	SYNPCC7942_RS02190
M744_RS00795	137.2767	SYNPCC7942_RS02185
M744_RS00800	56.2273	SYNPCC7942_RS02180
M744_RS00805	20.5747	SYNPCC7942_RS02175
M744_RS00810	295.2067	SYNPCC7942_RS02170
M744_RS00815	15576.3254	SYNPCC7942_RS02165
M744_RS00820	236.5729	SYNPCC7942_RS02160
M744_RS00825	282.9267	SYNPCC7942_RS02155
M744_RS00830	36.0825	SYNPCC7942_RS02150
M744_RS00835	95.8049	SYNPCC7942_RS02145
M744_RS00840	355.2354	SYNPCC7942_RS02140
M744_RS00845	39257.5449	SYNPCC7942_RS02135
M744_RS00850	26156.4223	SYNPCC7942_RS02130
M744_RS00855	12463.1905	SYNPCC7942_RS02125
M744_RS00860	379.5227	SYNPCC7942_RS02120
M744_RS00865	53.8528	SYNPCC7942_RS02115
M744_RS00875	144.0357	SYNPCC7942_RS02105
M744_RS00880	34.4082	SYNPCC7942_RS02100
M744_RS00885	55.9489	SYNPCC7942_RS02095
M744_RS00890	30.6542	SYNPCC7942_RS02090
M744_RS00895	34.5267	SYNPCC7942_RS02085
M744_RS00900	21.2098	SYNPCC7942_RS02080
M744_RS00905	69.7625	SYNPCC7942_RS02075
M744_RS00910	128.6049	SYNPCC7942_RS02070
M744_RS00915	39.9616	SYNPCC7942_RS02065
M744_RS00920	274.9960	SYNPCC7942_RS02060
M744_RS00925	27.2502	SYNPCC7942_RS02055
M744_RS00930	57.4148	SYNPCC7942_RS02050
M744_RS00935	100.3127	SYNPCC7942_RS02045
M744_RS00940	148.7537	SYNPCC7942_RS02040
M744_RS00945	62.7638	SYNPCC7942_RS02035
M744_RS00950	29.6024	SYNPCC7942_RS02030
M744_RS00955	45.6599	SYNPCC7942_RS02025
M744_RS00960	147.9757	SYNPCC7942_RS02020
M744_RS00965	268.6883	SYNPCC7942_RS02015
M744_RS00970	100.2394	SYNPCC7942_RS02010
M744_RS00975	8.4037	SYNPCC7942_RS02005
M744_RS00980	33.2096	SYNPCC7942_RS02000
M744_RS00985	652.9111	SYNPCC7942_RS01995
M744_RS00990	137.6238	SYNPCC7942_RS01990
M744_RS00995	26.7529	SYNPCC7942_RS01985
M744_RS01000	43.4084	SYNPCC7942_RS01980
M744_RS01005	30.0184	SYNPCC7942_RS01975
M744_RS01010	151.4763	SYNPCC7942_RS01970
M744_RS01015	523.4872	SYNPCC7942_RS01965
M744_RS01020	27.3527	SYNPCC7942_RS01960
M744_RS01025	161.3058	SYNPCC7942_RS01955
M744_RS01030	354.1105	SYNPCC7942_RS01950
M744_RS01035	106.5118	SYNPCC7942_RS01945
M744_RS01040	20.6345	SYNPCC7942_RS01940
M744_RS01045	121.5174	SYNPCC7942_RS01935
M744_RS01050	108.3133	SYNPCC7942_RS01930
M744_RS01055	100.3215	SYNPCC7942_RS01925
M744_RS01060	31.2975	SYNPCC7942_RS01920
M744_RS01065	48.1728	SYNPCC7942_RS01915
M744_RS01070	44.8239	SYNPCC7942_RS01910
M744_RS01075	76.9736	SYNPCC7942_RS01905
M744_RS01080	62.5354	SYNPCC7942_RS01900
M744_RS01090	79.1124	SYNPCC7942_RS01890
M744_RS01095	318.4014	SYNPCC7942_RS01885
M744_RS01100	206.7823	SYNPCC7942_RS01880
M744_RS01105	23.2225	SYNPCC7942_RS01875
M744_RS01110	38.8690	SYNPCC7942_RS01870
M744_RS01115	93.8254	SYNPCC7942_RS01865
M744_RS01120	221.3178	SYNPCC7942_RS01860
M744_RS01125	124.7152	SYNPCC7942_RS01855
M744_RS01130	9.8659	SYNPCC7942_RS01850
M744_RS01135	31.2637	SYNPCC7942_RS01845
M744_RS01140	575.3172	SYNPCC7942_RS01840
M744_RS01145	184.8744	SYNPCC7942_RS01835
M744_RS01150	54.3515	SYNPCC7942_RS01830
M744_RS01155	13.7277	SYNPCC7942_RS01825
M744_RS01160	93.4061	SYNPCC7942_RS01820
M744_RS01170	52.0190	SYNPCC7942_RS01810
M744_RS01175	131.4122	SYNPCC7942_RS01805
M744_RS01180	52.2299	SYNPCC7942_RS01800
M744_RS01185	29.7825	SYNPCC7942_RS01795
M744_RS01190	85.5250	SYNPCC7942_RS01790
M744_RS01195	47.9078	SYNPCC7942_RS01785
M744_RS01200	34.8492	SYNPCC7942_RS01780
M744_RS01205	96.8862	SYNPCC7942_RS01775
M744_RS01210	398.0849	SYNPCC7942_RS01770
M744_RS01215	111.5993	SYNPCC7942_RS01765
M744_RS01220	17.3494	SYNPCC7942_RS01760
M744_RS01225	255.0759	SYNPCC7942_RS01755
M744_RS01230	303.2771	SYNPCC7942_RS01750
M744_RS01235	289.8104	SYNPCC7942_RS01745
M744_RS01240	35.7240	SYNPCC7942_RS01740
M744_RS01245	17.0385	SYNPCC7942_RS01735
M744_RS01250	30.3906	SYNPCC7942_RS01730
M744_RS01255	5.9352	SYNPCC7942_RS01725
M744_RS01260	50.9473	SYNPCC7942_RS01720
M744_RS01265	251.8188	SYNPCC7942_RS01715
M744_RS01275	300.5637	SYNPCC7942_RS01705
M744_RS01280	159.2343	SYNPCC7942_RS01700
M744_RS01285	213.0566	SYNPCC7942_RS01695
M744_RS01290	569.7041	SYNPCC7942_RS01690
M744_RS01295	2182.0688	SYNPCC7942_RS01685
M744_RS01300	783.4940	SYNPCC7942_RS01680
M744_RS01305	24.0208	SYNPCC7942_RS01675
M744_RS01310	2086.2796	SYNPCC7942_RS01670
M744_RS01315	1366.7146	SYNPCC7942_RS01665
M744_RS01320	1524.1181	SYNPCC7942_RS01660
M744_RS01325	144.5721	SYNPCC7942_RS01655
M744_RS01330	139.6938	SYNPCC7942_RS01650
M744_RS01335	208.2122	SYNPCC7942_RS01645
M744_RS01340	182.4596	SYNPCC7942_RS01640
M744_RS01345	510.0516	SYNPCC7942_RS01635
M744_RS01350	17.5620	SYNPCC7942_RS01630
M744_RS01355	15.9805	SYNPCC7942_RS01625
M744_RS01360	51.7007	SYNPCC7942_RS01620
M744_RS01365	69.2854	SYNPCC7942_RS01615
M744_RS01370	23.2057	SYNPCC7942_RS01610
M744_RS01375	292.3099	SYNPCC7942_RS01605
M744_RS01380	13.8915	SYNPCC7942_RS01600
M744_RS01385	104.6707	SYNPCC7942_RS01595
M744_RS01390	86.7135	SYNPCC7942_RS01590
M744_RS01395	41.6498	SYNPCC7942_RS01585
M744_RS01400	19.0819	SYNPCC7942_RS01580
M744_RS01405	719.9839	SYNPCC7942_RS01575
M744_RS01410	357.2643	SYNPCC7942_RS01570
M744_RS01415	205.7222	SYNPCC7942_RS01565
M744_RS01420	81.4279	SYNPCC7942_RS01560
M744_RS01425	137.9051	SYNPCC7942_RS01555
M744_RS01430	473.4895	SYNPCC7942_RS01550
M744_RS01435	20.1341	SYNPCC7942_RS01545
M744_RS01440	100.4143	SYNPCC7942_RS01540
M744_RS01445	335.1976	SYNPCC7942_RS01535
M744_RS01450	193.9609	SYNPCC7942_RS01530
M744_RS01455	46.4611	SYNPCC7942_RS01525
M744_RS01460	20.7820	SYNPCC7942_RS01520
M744_RS01465	1366.9835	SYNPCC7942_RS01515
M744_RS01470	171.4389	SYNPCC7942_RS01510
M744_RS01475	116.2591	SYNPCC7942_RS01505
M744_RS01480	420.2498	SYNPCC7942_RS01500
M744_RS01485	9.2397	SYNPCC7942_RS01495
M744_RS01490	62.0624	SYNPCC7942_RS01490
M744_RS01495	228.0135	SYNPCC7942_RS01485
M744_RS01505	38.8342	SYNPCC7942_RS01475
M744_RS01510	706.9982	SYNPCC7942_RS01470
M744_RS01515	43.5687	SYNPCC7942_RS01465
M744_RS01525	15.5760	SYNPCC7942_RS01455
M744_RS01530	27.9601	SYNPCC7942_RS01450
M744_RS01535	53.2909	SYNPCC7942_RS01445
M744_RS01540	15.1200	SYNPCC7942_RS01440
M744_RS01545	589.4724	SYNPCC7942_RS01435
M744_RS01550	151.7385	SYNPCC7942_RS01430
M744_RS01555	36.0059	SYNPCC7942_RS01425
M744_RS01560	99.2603	SYNPCC7942_RS01420
M744_RS01565	53.4453	SYNPCC7942_RS01415
M744_RS01570	66.5289	SYNPCC7942_RS01410
M744_RS01575	116.3946	SYNPCC7942_RS01405
M744_RS01580	14.7112	SYNPCC7942_RS01400
M744_RS01585	11.9247	SYNPCC7942_RS01395
M744_RS01590	6.6704	SYNPCC7942_RS01390
M744_RS01595	25.0542	SYNPCC7942_RS01385
M744_RS01600	14.4512	SYNPCC7942_RS01380
M744_RS01605	49.5873	SYNPCC7942_RS01375
M744_RS01610	49.8377	SYNPCC7942_RS01370
M744_RS01615	15.4108	SYNPCC7942_RS01365
M744_RS01620	265.6284	SYNPCC7942_RS01360
M744_RS01625	72.2768	SYNPCC7942_RS01355
M744_RS01630	28.1590	SYNPCC7942_RS01350
M744_RS01635	49.9419	SYNPCC7942_RS01345
M744_RS01640	79.3083	SYNPCC7942_RS01340
M744_RS01645	481.2494	SYNPCC7942_RS01335
M744_RS01650	20.8392	SYNPCC7942_RS01330
M744_RS01655	6444.1502	SYNPCC7942_RS01325
M744_RS01660	133.0799	SYNPCC7942_RS01320
M744_RS01665	32.7647	SYNPCC7942_RS01315
M744_RS01670	69.0123	SYNPCC7942_RS01310
M744_RS01680	225.3003	SYNPCC7942_RS01300
M744_RS01685	1078.9440	SYNPCC7942_RS01295
M744_RS01690	450.1705	SYNPCC7942_RS01290
M744_RS01695	942.2417	SYNPCC7942_RS01285
M744_RS01700	94.1807	SYNPCC7942_RS01280
M744_RS01705	16.6098	SYNPCC7942_RS01275
M744_RS01710	23.4499	SYNPCC7942_RS01270
M744_RS01715	54.8004	SYNPCC7942_RS01265
M744_RS01720	31.0925	SYNPCC7942_RS01260
M744_RS01725	55.8336	SYNPCC7942_RS01255
M744_RS01730	1095.7829	SYNPCC7942_RS01250
M744_RS01735	2706.2437	SYNPCC7942_RS01245
M744_RS01740	295.8669	SYNPCC7942_RS01240
M744_RS01745	138.1417	SYNPCC7942_RS01235
M744_RS01755	72.2147	SYNPCC7942_RS01225
M744_RS01760	451.5490	SYNPCC7942_RS01220
M744_RS01765	17.7293	SYNPCC7942_RS01215
M744_RS01770	48.8354	SYNPCC7942_RS01210
M744_RS01775	24.0476	SYNPCC7942_RS01205
M744_RS01780	86.5000	SYNPCC7942_RS01200
M744_RS01785	20.6900	SYNPCC7942_RS01195
M744_RS01790	35.9674	SYNPCC7942_RS01190
M744_RS01795	66.7582	SYNPCC7942_RS01185
M744_RS01800	25.9272	SYNPCC7942_RS01180
M744_RS01805	5.2674	SYNPCC7942_RS01175
M744_RS01810	58.7666	SYNPCC7942_RS01170
M744_RS01815	79.3711	SYNPCC7942_RS01165
M744_RS01820	9.1606	SYNPCC7942_RS01160
M744_RS01825	85.7727	SYNPCC7942_RS01155
M744_RS01830	46.4174	SYNPCC7942_RS01150
M744_RS01835	408.4087	SYNPCC7942_RS01145
M744_RS01840	165.4849	SYNPCC7942_RS01140
M744_RS01845	122.9634	SYNPCC7942_RS01135
M744_RS01850	35.2917	SYNPCC7942_RS01130
M744_RS01855	66.8861	SYNPCC7942_RS01125
M744_RS01860	53.3577	SYNPCC7942_RS01120
M744_RS01865	18.1182	SYNPCC7942_RS01115
M744_RS01870	20.2325	SYNPCC7942_RS01110
M744_RS01880	166.5997	SYNPCC7942_RS01100
M744_RS01885	46.1101	SYNPCC7942_RS01095
M744_RS01890	144.3529	SYNPCC7942_RS01090
M744_RS01895	46.7439	SYNPCC7942_RS01085
M744_RS01900	27.3284	SYNPCC7942_RS01080
M744_RS01905	92.2154	SYNPCC7942_RS01075
M744_RS01910	50.7105	SYNPCC7942_RS01070
M744_RS01915	8.4866	SYNPCC7942_RS01065
M744_RS01920	10.2417	SYNPCC7942_RS01060
M744_RS01925	62.8205	SYNPCC7942_RS01055
M744_RS01935	5.7483	SYNPCC7942_RS01045
M744_RS01940	36.8631	SYNPCC7942_RS01040
M744_RS01950	24.8287	SYNPCC7942_RS01030
M744_RS01955	166.1565	SYNPCC7942_RS01025
M744_RS01960	77.2187	SYNPCC7942_RS01020
M744_RS01965	26.2023	SYNPCC7942_RS01015
M744_RS01970	104.4283	SYNPCC7942_RS01010
M744_RS01975	106.5495	SYNPCC7942_RS01005
M744_RS01980	302.4703	SYNPCC7942_RS01000
M744_RS01985	170.2962	SYNPCC7942_RS00995
M744_RS01990	342.1451	SYNPCC7942_RS00990
M744_RS01995	155.7313	SYNPCC7942_RS00985
M744_RS02005	127.9658	SYNPCC7942_RS00975
M744_RS02010	185.1506	SYNPCC7942_RS00970
M744_RS02015	12.9988	SYNPCC7942_RS00965
M744_RS02020	640.5506	SYNPCC7942_RS00960
M744_RS02025	31.4300	SYNPCC7942_RS00955
M744_RS02030	62.3619	SYNPCC7942_RS00950
M744_RS02035	3.9295	SYNPCC7942_RS00945
M744_RS02040	30.5255	SYNPCC7942_RS00940
M744_RS02045	39.5320	SYNPCC7942_RS00935
M744_RS02050	23.5801	SYNPCC7942_RS00930
M744_RS02055	23.0236	SYNPCC7942_RS00925
M744_RS02060	121.1597	SYNPCC7942_RS00920
M744_RS02065	55.1603	SYNPCC7942_RS00915
M744_RS02070	10.2778	SYNPCC7942_RS00910
M744_RS02075	73.0944	SYNPCC7942_RS00905
M744_RS02080	105.9459	SYNPCC7942_RS00900
M744_RS02090	2.8013	SYNPCC7942_RS00890
M744_RS02095	17.6994	SYNPCC7942_RS00885
M744_RS02100	9.5729	SYNPCC7942_RS00880
M744_RS02105	7.9964	SYNPCC7942_RS00875
M744_RS02110	42.4272	SYNPCC7942_RS00870
M744_RS02115	68.1173	SYNPCC7942_RS00865
M744_RS02120	798.3317	SYNPCC7942_RS00860
M744_RS02125	301.8399	SYNPCC7942_RS00855
M744_RS02130	45.8989	SYNPCC7942_RS00850
M744_RS02140	103.3363	SYNPCC7942_RS00840
M744_RS02145	85.6635	SYNPCC7942_RS00835
M744_RS02150	275.6454	SYNPCC7942_RS00830
M744_RS02155	102.8555	SYNPCC7942_RS00825
M744_RS02160	38.9242	SYNPCC7942_RS00820
M744_RS02165	44.4776	SYNPCC7942_RS00815
M744_RS02170	78.7736	SYNPCC7942_RS00810
M744_RS02175	18.1358	SYNPCC7942_RS00805
M744_RS02180	599.7215	SYNPCC7942_RS00800
M744_RS02185	452.0437	SYNPCC7942_RS00795
M744_RS02190	314.0589	SYNPCC7942_RS00790
M744_RS02195	2.9135	SYNPCC7942_RS00785
M744_RS02200	36.1447	SYNPCC7942_RS00780
M744_RS02205	182.9879	SYNPCC7942_RS00775
M744_RS02210	130.9947	SYNPCC7942_RS00770
M744_RS02215	139.4189	SYNPCC7942_RS00765
M744_RS02220	29.5725	SYNPCC7942_RS00760
M744_RS02225	6.2668	SYNPCC7942_RS00755
M744_RS02230	82.9776	SYNPCC7942_RS00750
M744_RS02235	237.8991	SYNPCC7942_RS00745
M744_RS02240	65.4096	SYNPCC7942_RS00740
M744_RS02245	17.8071	SYNPCC7942_RS00735
M744_RS02250	53.1702	SYNPCC7942_RS00730
M744_RS02255	319.8285	SYNPCC7942_RS00725
M744_RS02260	303.1626	SYNPCC7942_RS00720
M744_RS02265	165.0538	SYNPCC7942_RS00715
M744_RS02275	797.2327	SYNPCC7942_RS00705
M744_RS02280	58.8769	SYNPCC7942_RS00700
M744_RS02285	398.3116	SYNPCC7942_RS00695
M744_RS02290	32.5397	SYNPCC7942_RS00690
M744_RS02295	9.3077	SYNPCC7942_RS00685
M744_RS02300	75.1057	SYNPCC7942_RS00680
M744_RS02305	71.9335	SYNPCC7942_RS00675
M744_RS02310	28.4042	SYNPCC7942_RS00670
M744_RS02315	125.5994	SYNPCC7942_RS00665
M744_RS02320	106.4491	SYNPCC7942_RS00660
M744_RS02325	21.3766	SYNPCC7942_RS00655
M744_RS02330	93.1729	SYNPCC7942_RS00650
M744_RS02335	37.2411	SYNPCC7942_RS00645
M744_RS02345	237.4383	SYNPCC7942_RS00635
M744_RS02350	20.3152	SYNPCC7942_RS00630
M744_RS02360	30.7744	SYNPCC7942_RS00620
M744_RS02370	9.6532	SYNPCC7942_RS00610
M744_RS02375	12.7418	SYNPCC7942_RS00605
M744_RS02380	7.7339	SYNPCC7942_RS00600
M744_RS02385	712.7778	SYNPCC7942_RS00590
M744_RS02390	44.6634	SYNPCC7942_RS00585
M744_RS02395	18.8929	SYNPCC7942_RS13655
M744_RS02400	136.4124	SYNPCC7942_RS00580
M744_RS02405	3.5460	SYNPCC7942_RS00575
M744_RS02410	14.2213	SYNPCC7942_RS00570
M744_RS02415	38.2028	SYNPCC7942_RS00565
M744_RS02420	33.8647	SYNPCC7942_RS00560
M744_RS02425	160.3985	SYNPCC7942_RS00555
M744_RS02430	2.7715	SYNPCC7942_RS00550
M744_RS02435	65.1335	SYNPCC7942_RS00545
M744_RS02440	40.7808	SYNPCC7942_RS00540
M744_RS02445	79.4363	SYNPCC7942_RS00535
M744_RS02450	37.4208	SYNPCC7942_RS00530
M744_RS02455	10.0870	SYNPCC7942_RS00525
M744_RS02460	104.6126	SYNPCC7942_RS00520
M744_RS02465	492.4571	SYNPCC7942_RS00515
M744_RS02470	68.6746	SYNPCC7942_RS00510
M744_RS02475	25.2363	SYNPCC7942_RS00505
M744_RS02480	360.4439	SYNPCC7942_RS00500
M744_RS02485	78.4712	SYNPCC7942_RS00495
M744_RS02490	268.1308	SYNPCC7942_RS00490
M744_RS02505	8.4076	SYNPCC7942_RS00475
M744_RS02510	25.1782	SYNPCC7942_RS00470
M744_RS02515	87.9210	SYNPCC7942_RS00465
M744_RS02520	66.9866	SYNPCC7942_RS00460
M744_RS02525	61.9742	SYNPCC7942_RS00455
M744_RS02530	103.2607	SYNPCC7942_RS00450
M744_RS02540	116.7209	SYNPCC7942_RS00440
M744_RS02545	101.1668	SYNPCC7942_RS00435
M744_RS02550	335.3690	SYNPCC7942_RS00430
M744_RS02555	412.5122	SYNPCC7942_RS00425
M744_RS02560	85.7726	SYNPCC7942_RS00420
M744_RS02565	33.0439	SYNPCC7942_RS00415
M744_RS02570	13.7328	SYNPCC7942_RS00410
M744_RS02575	177.3393	SYNPCC7942_RS00405
M744_RS02580	44.0573	SYNPCC7942_RS00400
M744_RS02585	200.0358	SYNPCC7942_RS00395
M744_RS02590	189.7683	SYNPCC7942_RS00390
M744_RS02595	32.1278	SYNPCC7942_RS00385
M744_RS02600	28.3472	SYNPCC7942_RS00380
M744_RS02605	54.8108	SYNPCC7942_RS00375
M744_RS02610	273.4730	SYNPCC7942_RS00370
M744_RS02615	2.2780	SYNPCC7942_RS00365
M744_RS02620	193.6577	SYNPCC7942_RS00360
M744_RS02625	32.6749	SYNPCC7942_RS00355
M744_RS02630	33.2302	SYNPCC7942_RS00350
M744_RS02635	6.6420	SYNPCC7942_RS00345
M744_RS02640	19.6292	SYNPCC7942_RS00340
M744_RS02645	28.1941	SYNPCC7942_RS00335
M744_RS02650	31.9999	SYNPCC7942_RS00330
M744_RS02655	65.5061	SYNPCC7942_RS00325
M744_RS02660	437.5619	SYNPCC7942_RS00320
M744_RS02665	6.8575	SYNPCC7942_RS00315
M744_RS02670	34.7262	SYNPCC7942_RS00310
M744_RS02675	27.5748	SYNPCC7942_RS00305
M744_RS02685	27.8435	SYNPCC7942_RS00295
M744_RS02690	22.1802	SYNPCC7942_RS00290
M744_RS02695	45.9236	SYNPCC7942_RS00285
M744_RS02700	49.8055	SYNPCC7942_RS00280
M744_RS02710	68.9665	SYNPCC7942_RS00270
M744_RS02715	36.3962	SYNPCC7942_RS00265
M744_RS02720	63.6293	SYNPCC7942_RS00260
M744_RS02725	60.8456	SYNPCC7942_RS00255
M744_RS02730	410.8337	SYNPCC7942_RS00250
M744_RS02745	1592.5950	SYNPCC7942_RS00235
M744_RS02750	188.8114	SYNPCC7942_RS00230
M744_RS02755	59.5974	SYNPCC7942_RS00225
M744_RS02760	73.6525	SYNPCC7942_RS00220
M744_RS02765	10.0317	SYNPCC7942_RS00215
M744_RS02770	146.9292	SYNPCC7942_RS00210
M744_RS02775	90.3906	SYNPCC7942_RS00205
M744_RS02780	37.1462	SYNPCC7942_RS00200
M744_RS02785	582.8962	SYNPCC7942_RS00195
M744_RS02790	23.5713	SYNPCC7942_RS00190
M744_RS02795	18.0089	SYNPCC7942_RS00185
M744_RS02800	22.4080	SYNPCC7942_RS00180
M744_RS02805	92.2227	SYNPCC7942_RS00175
M744_RS02810	138.0547	SYNPCC7942_RS00170
M744_RS02815	17.7091	SYNPCC7942_RS00165
M744_RS02820	40.9783	SYNPCC7942_RS00160
M744_RS02825	19.1925	SYNPCC7942_RS00155
M744_RS02830	6.2920	SYNPCC7942_RS00150
M744_RS02835	4.7708	SYNPCC7942_RS00145
M744_RS02845	111.4841	SYNPCC7942_RS00135
M744_RS02850	105.0502	SYNPCC7942_RS00130
M744_RS02855	44.0699	SYNPCC7942_RS00125
M744_RS02860	59.5167	SYNPCC7942_RS00120
M744_RS02865	60.0870	SYNPCC7942_RS00115
M744_RS02870	7.6132	SYNPCC7942_RS00110
M744_RS02875	7.7902	SYNPCC7942_RS00105
M744_RS02880	166.9434	SYNPCC7942_RS00100
M744_RS02885	121.6638	SYNPCC7942_RS00095
M744_RS02890	28.0606	SYNPCC7942_RS00090
M744_RS02895	41.2277	SYNPCC7942_RS00085
M744_RS02900	51.6839	SYNPCC7942_RS00080
M744_RS02905	41.8691	SYNPCC7942_RS00075
M744_RS02910	73.8044	SYNPCC7942_RS00070
M744_RS02915	168.4367	SYNPCC7942_RS00065
M744_RS02920	89.6729	SYNPCC7942_RS00060
M744_RS02925	86.0618	SYNPCC7942_RS00055
M744_RS02930	45.7447	SYNPCC7942_RS00050
M744_RS02935	115.2301	SYNPCC7942_RS00045
M744_RS02940	46.0228	SYNPCC7942_RS00040
M744_RS02945	19.9652	SYNPCC7942_RS00035
M744_RS02950	8.6781	SYNPCC7942_RS00030
M744_RS02955	85.8551	SYNPCC7942_RS00025
M744_RS02960	509.7894	SYNPCC7942_RS00020
M744_RS02965	315.7756	SYNPCC7942_RS00015
M744_RS02970	108.9585	SYNPCC7942_RS00010
M744_RS02975	191.3400	SYNPCC7942_RS00005
M744_RS02980	31.1788	SYNPCC7942_RS13310
M744_RS02985	257.9779	SYNPCC7942_RS13305
M744_RS02990	58.6530	SYNPCC7942_RS13300
M744_RS02995	37.3414	SYNPCC7942_RS13295
M744_RS03000	248.4498	SYNPCC7942_RS13290
M744_RS03005	356.2393	SYNPCC7942_RS13285
M744_RS03010	15.7288	SYNPCC7942_RS13280
M744_RS03015	247.1286	SYNPCC7942_RS13275
M744_RS03020	239.9888	SYNPCC7942_RS13270
M744_RS03025	109.7926	SYNPCC7942_RS13265
M744_RS03030	236.2713	SYNPCC7942_RS13260
M744_RS03035	232.7785	SYNPCC7942_RS13255
M744_RS03040	28.3101	SYNPCC7942_RS13250
M744_RS03045	51.1984	SYNPCC7942_RS13245
M744_RS03050	14.4825	SYNPCC7942_RS13240
M744_RS03055	37.4610	SYNPCC7942_RS13235
M744_RS03060	11.3030	SYNPCC7942_RS13230
M744_RS03065	227.0187	SYNPCC7942_RS13225
M744_RS03070	91.2066	SYNPCC7942_RS13220
M744_RS03075	51.1317	SYNPCC7942_RS13215
M744_RS03085	896.7373	SYNPCC7942_RS13205
M744_RS03090	30.6236	SYNPCC7942_RS13200
M744_RS03095	68.6997	SYNPCC7942_RS13195
M744_RS03100	119.2522	SYNPCC7942_RS13190
M744_RS03105	49.9698	SYNPCC7942_RS13185
M744_RS03110	90.4937	SYNPCC7942_RS13180
M744_RS03115	23.3448	SYNPCC7942_RS13175
M744_RS03120	21.1379	SYNPCC7942_RS13170
M744_RS03125	12.8092	SYNPCC7942_RS13165
M744_RS03130	42.7949	SYNPCC7942_RS13160
M744_RS03135	521.0450	SYNPCC7942_RS13155
M744_RS03140	26.0661	SYNPCC7942_RS13150
M744_RS03145	17.6967	SYNPCC7942_RS13145
M744_RS03155	349.4357	SYNPCC7942_RS13135
M744_RS03160	69.0556	SYNPCC7942_RS13130
M744_RS03165	42.0052	SYNPCC7942_RS13125
M744_RS03170	33.5828	SYNPCC7942_RS13120
M744_RS03175	146.7552	SYNPCC7942_RS13115
M744_RS03205	36.5695	SYNPCC7942_RS13085
M744_RS03215	21.7584	SYNPCC7942_RS13075
M744_RS03220	37.4814	SYNPCC7942_RS13070
M744_RS03225	247.3159	SYNPCC7942_RS13065
M744_RS03230	53.0536	SYNPCC7942_RS13060
M744_RS03235	49.6071	SYNPCC7942_RS13055
M744_RS03240	12.0737	SYNPCC7942_RS13050
M744_RS03245	11.5792	SYNPCC7942_RS13045
M744_RS03255	82.8627	SYNPCC7942_RS13035
M744_RS03260	69.9126	SYNPCC7942_RS13030
M744_RS03265	109.1425	SYNPCC7942_RS13025
M744_RS03270	418.8549	SYNPCC7942_RS13020
M744_RS03275	633.5266	SYNPCC7942_RS13015
M744_RS03280	22.7314	SYNPCC7942_RS13010
M744_RS03285	326.0770	SYNPCC7942_RS13005
M744_RS03290	20.9863	SYNPCC7942_RS13000
M744_RS03295	249.2923	SYNPCC7942_RS12995
M744_RS03300	107.8251	SYNPCC7942_RS12990
M744_RS03305	265.2707	SYNPCC7942_RS12985
M744_RS03310	211.7109	SYNPCC7942_RS12980
M744_RS03315	21.8516	SYNPCC7942_RS12975
M744_RS03320	21.5667	SYNPCC7942_RS12970
M744_RS03325	93.5103	SYNPCC7942_RS12965
M744_RS03330	18.2291	SYNPCC7942_RS12960
M744_RS03335	23.7945	SYNPCC7942_RS12955
M744_RS03340	3.6350	SYNPCC7942_RS12950
M744_RS03345	93.7647	SYNPCC7942_RS12945
M744_RS03350	31.3978	SYNPCC7942_RS12940
M744_RS03355	24.4614	SYNPCC7942_RS12935
M744_RS03360	69.5475	SYNPCC7942_RS12930
M744_RS03365	3.4448	SYNPCC7942_RS12925
M744_RS03370	71.6262	SYNPCC7942_RS12920
M744_RS03375	20.4675	SYNPCC7942_RS12915
M744_RS03390	196.8322	SYNPCC7942_RS12900
M744_RS03395	71.2934	SYNPCC7942_RS12895
M744_RS03400	34.9165	SYNPCC7942_RS12890
M744_RS03405	584.4473	SYNPCC7942_RS12885
M744_RS03410	191.9199	SYNPCC7942_RS12880
M744_RS03415	52.6860	SYNPCC7942_RS12875
M744_RS03420	245.4542	SYNPCC7942_RS12870
M744_RS03425	180.4387	SYNPCC7942_RS12865
M744_RS03430	63.2882	SYNPCC7942_RS12860
M744_RS03435	106.1892	SYNPCC7942_RS12855
M744_RS03440	242.4800	SYNPCC7942_RS12850
M744_RS03445	294.6209	SYNPCC7942_RS12845
M744_RS03450	440.9514	SYNPCC7942_RS12840
M744_RS03455	23.1118	SYNPCC7942_RS12835
M744_RS03460	24.2588	SYNPCC7942_RS12830
M744_RS03465	1378.4448	SYNPCC7942_RS12825
M744_RS03470	640.3347	SYNPCC7942_RS12820
M744_RS03475	503.5423	SYNPCC7942_RS12815
M744_RS03485	31.8208	SYNPCC7942_RS12805
M744_RS03490	60.4312	SYNPCC7942_RS12800
M744_RS03495	14.0171	SYNPCC7942_RS12795
M744_RS03500	203.6230	SYNPCC7942_RS12790
M744_RS03505	96.9683	SYNPCC7942_RS12785
M744_RS03510	77.0342	SYNPCC7942_RS12780
M744_RS03515	16.9357	SYNPCC7942_RS12775
M744_RS03525	69.9570	SYNPCC7942_RS12765
M744_RS03530	46.5029	SYNPCC7942_RS12760
M744_RS03535	124.4155	SYNPCC7942_RS12755
M744_RS03545	374.4319	SYNPCC7942_RS12745
M744_RS03550	36.0579	SYNPCC7942_RS12740
M744_RS03555	104.9243	SYNPCC7942_RS12735
M744_RS03560	60.3297	SYNPCC7942_RS12730
M744_RS03565	106.3813	SYNPCC7942_RS12725
M744_RS03575	289.1739	SYNPCC7942_RS12715
M744_RS03580	10.0879	SYNPCC7942_RS12710
M744_RS03585	5.1780	SYNPCC7942_RS12705
M744_RS03590	208.2011	SYNPCC7942_RS12700
M744_RS03595	25.5710	SYNPCC7942_RS12695
M744_RS03600	973.1004	SYNPCC7942_RS12690
M744_RS03605	62.1949	SYNPCC7942_RS12685
M744_RS03610	568.3460	SYNPCC7942_RS12680
M744_RS03615	382.1007	SYNPCC7942_RS12675
M744_RS03620	243.1610	SYNPCC7942_RS12670
M744_RS03625	223.0095	SYNPCC7942_RS12665
M744_RS03630	85.6008	SYNPCC7942_RS12660
M744_RS03635	55.5843	SYNPCC7942_RS12655
M744_RS03640	8.0194	SYNPCC7942_RS12650
M744_RS03650	343.9791	SYNPCC7942_RS12640
M744_RS03655	10.0313	SYNPCC7942_RS12635
M744_RS03665	93.5819	SYNPCC7942_RS12625
M744_RS03670	130.5750	SYNPCC7942_RS12620
M744_RS03675	134.4666	SYNPCC7942_RS12615
M744_RS03680	2315.7776	SYNPCC7942_RS12610
M744_RS03690	149.6045	SYNPCC7942_RS12600
M744_RS03700	197.2581	SYNPCC7942_RS12590
M744_RS03705	159.7503	SYNPCC7942_RS12585
M744_RS03710	45.6077	SYNPCC7942_RS12580
M744_RS03715	59.4447	SYNPCC7942_RS12575
M744_RS03725	217.0824	SYNPCC7942_RS12565
M744_RS03730	208.3349	SYNPCC7942_RS12560
M744_RS03735	198.2048	SYNPCC7942_RS12555
M744_RS03740	79.5184	SYNPCC7942_RS12550
M744_RS03745	4048.5386	SYNPCC7942_RS12545
M744_RS03750	23.5669	SYNPCC7942_RS12540
M744_RS03755	210.3814	SYNPCC7942_RS12535
M744_RS03765	740.5668	SYNPCC7942_RS12530
M744_RS03770	64.8130	SYNPCC7942_RS12525
M744_RS03775	231.5307	SYNPCC7942_RS12520
M744_RS03780	7.0530	SYNPCC7942_RS12515
M744_RS03785	159.5191	SYNPCC7942_RS12510
M744_RS03790	157.3516	SYNPCC7942_RS12505
M744_RS03795	59.8137	SYNPCC7942_RS12500
M744_RS03805	127.1659	SYNPCC7942_RS12490
M744_RS03810	34.8252	SYNPCC7942_RS12485
M744_RS03815	96.3261	SYNPCC7942_RS12480
M744_RS03835	165.2444	SYNPCC7942_RS12465
M744_RS03850	247.8524	SYNPCC7942_RS12455
M744_RS03855	384.1143	SYNPCC7942_RS12450
M744_RS03860	601.6776	SYNPCC7942_RS12445
M744_RS03865	364.4567	SYNPCC7942_RS12440
M744_RS03870	61.9219	SYNPCC7942_RS12435
M744_RS03875	1013.5505	SYNPCC7942_RS12430
M744_RS03880	17.8515	SYNPCC7942_RS12425
M744_RS03885	90.0337	SYNPCC7942_RS12420
M744_RS03890	137.6070	SYNPCC7942_RS12415
M744_RS03895	162.1570	SYNPCC7942_RS12410
M744_RS03900	130.2567	SYNPCC7942_RS12405
M744_RS03905	1196.4433	SYNPCC7942_RS12400
M744_RS03910	193.0725	SYNPCC7942_RS12395
M744_RS03920	55.4390	SYNPCC7942_RS12385
M744_RS03925	588.8075	SYNPCC7942_RS12380
M744_RS03930	35.3527	SYNPCC7942_RS12375
M744_RS03935	23.5778	SYNPCC7942_RS12370
M744_RS03940	173.5418	SYNPCC7942_RS12365
M744_RS03945	101.2352	SYNPCC7942_RS12360
M744_RS03950	69.2310	SYNPCC7942_RS12355
M744_RS03955	225.5940	SYNPCC7942_RS12350
M744_RS03960	36.1587	SYNPCC7942_RS12345
M744_RS03965	88.3337	SYNPCC7942_RS12340
M744_RS03970	89.7332	SYNPCC7942_RS12335
M744_RS03975	88.8983	SYNPCC7942_RS12330
M744_RS03980	92.9967	SYNPCC7942_RS12325
M744_RS03985	31.9819	SYNPCC7942_RS12320
M744_RS03990	68.2259	SYNPCC7942_RS12315
M744_RS03995	272.2230	SYNPCC7942_RS12310
M744_RS04000	133.9883	SYNPCC7942_RS12305
M744_RS04005	102.3334	SYNPCC7942_RS12300
M744_RS04010	150.7276	SYNPCC7942_RS12295
M744_RS04015	72.9964	SYNPCC7942_RS12290
M744_RS04020	15.6964	SYNPCC7942_RS12285
M744_RS04025	57.2123	SYNPCC7942_RS12280
M744_RS04030	16.5882	SYNPCC7942_RS12275
M744_RS04035	116.0949	SYNPCC7942_RS12270
M744_RS04040	44.2641	SYNPCC7942_RS12265
M744_RS04045	61.2464	SYNPCC7942_RS12260
M744_RS04050	16.1413	SYNPCC7942_RS12255
M744_RS04055	125.8764	SYNPCC7942_RS12250
M744_RS04060	228.1492	SYNPCC7942_RS12245
M744_RS04065	15.9762	SYNPCC7942_RS12240
M744_RS04070	87.3933	SYNPCC7942_RS12235
M744_RS04075	168.4016	SYNPCC7942_RS12230
M744_RS04080	3.2985	SYNPCC7942_RS12225
M744_RS04095	51.4370	SYNPCC7942_RS12210
M744_RS04100	62.6926	SYNPCC7942_RS12205
M744_RS04105	292.0462	SYNPCC7942_RS12200
M744_RS04110	22.0753	SYNPCC7942_RS12195
M744_RS04115	851.0608	SYNPCC7942_RS12190
M744_RS04120	6.1681	SYNPCC7942_RS12185
M744_RS04125	136.9426	SYNPCC7942_RS12180
M744_RS04130	80.2238	SYNPCC7942_RS12175
M744_RS04135	60.9167	SYNPCC7942_RS12170
M744_RS04140	79.0268	SYNPCC7942_RS12165
M744_RS04145	132.0446	SYNPCC7942_RS12160
M744_RS04150	81.3700	SYNPCC7942_RS12155
M744_RS04160	60.9276	SYNPCC7942_RS12145
M744_RS04165	55.3867	SYNPCC7942_RS12140
M744_RS04170	171.6226	SYNPCC7942_RS12135
M744_RS04175	135.0825	SYNPCC7942_RS12130
M744_RS04180	31.1740	SYNPCC7942_RS12125
M744_RS04185	44.0992	SYNPCC7942_RS12120
M744_RS04190	508.4082	SYNPCC7942_RS12115
M744_RS04195	146.2228	SYNPCC7942_RS12110
M744_RS04200	12.9213	SYNPCC7942_RS12105
M744_RS04205	36.9609	SYNPCC7942_RS12100
M744_RS04210	352.3148	SYNPCC7942_RS12095
M744_RS04215	15.9806	SYNPCC7942_RS12090
M744_RS04220	219.1954	SYNPCC7942_RS12085
M744_RS04225	34.2955	SYNPCC7942_RS12080
M744_RS04230	38.5146	SYNPCC7942_RS12075
M744_RS04235	79.9854	SYNPCC7942_RS12070
M744_RS04240	136.2312	SYNPCC7942_RS12065
M744_RS04245	10.6228	SYNPCC7942_RS12060
M744_RS04250	25.7142	SYNPCC7942_RS12055
M744_RS04255	31.8912	SYNPCC7942_RS12050
M744_RS04260	6.8227	SYNPCC7942_RS12045
M744_RS04265	916.3729	SYNPCC7942_RS12040
M744_RS04270	248.0585	SYNPCC7942_RS12035
M744_RS04280	107.8728	SYNPCC7942_RS12025
M744_RS04285	294.7642	SYNPCC7942_RS12020
M744_RS04290	233.4536	SYNPCC7942_RS12015
M744_RS04295	59.7288	SYNPCC7942_RS12010
M744_RS04300	35.7795	SYNPCC7942_RS12005
M744_RS04305	90.3634	SYNPCC7942_RS12000
M744_RS04310	39.7736	SYNPCC7942_RS11995
M744_RS04315	72.3318	SYNPCC7942_RS11990
M744_RS04320	253.6842	SYNPCC7942_RS11985
M744_RS04325	63.1536	SYNPCC7942_RS11980
M744_RS04330	463.7067	SYNPCC7942_RS11975
M744_RS04335	29.7630	SYNPCC7942_RS11970
M744_RS04340	65.1926	SYNPCC7942_RS11965
M744_RS04345	166.3581	SYNPCC7942_RS11960
M744_RS04350	88.1948	SYNPCC7942_RS11955
M744_RS04355	1608.1560	SYNPCC7942_RS11950
M744_RS04360	69.9472	SYNPCC7942_RS11945
M744_RS04365	128.3784	SYNPCC7942_RS11940
M744_RS04370	629.4597	SYNPCC7942_RS11935
M744_RS04375	55.7313	SYNPCC7942_RS11930
M744_RS04380	290.1807	SYNPCC7942_RS11925
M744_RS04385	122.9471	SYNPCC7942_RS11920
M744_RS04390	159.7468	SYNPCC7942_RS11915
M744_RS04395	173.3098	SYNPCC7942_RS11910
M744_RS04400	82.6012	SYNPCC7942_RS11905
M744_RS04405	551.7655	SYNPCC7942_RS11900
M744_RS04410	35.0093	SYNPCC7942_RS11895
M744_RS04415	213.3698	SYNPCC7942_RS11890
M744_RS04420	95.7697	SYNPCC7942_RS11885
M744_RS04425	486.7946	SYNPCC7942_RS11880
M744_RS04430	69.8204	SYNPCC7942_RS11875
M744_RS04435	823.6587	SYNPCC7942_RS11870
M744_RS04440	907.1634	SYNPCC7942_RS11865
M744_RS04445	834.5809	SYNPCC7942_RS11860
M744_RS04450	485.9541	SYNPCC7942_RS11855
M744_RS04455	1760.8087	SYNPCC7942_RS11850
M744_RS04460	100.5337	SYNPCC7942_RS11845
M744_RS04465	37.5212	SYNPCC7942_RS11840
M744_RS04470	28.9129	SYNPCC7942_RS11835
M744_RS04475	60.3091	SYNPCC7942_RS11830
M744_RS04480	409.7705	SYNPCC7942_RS11825
M744_RS04485	129.6413	SYNPCC7942_RS11820
M744_RS04490	100.4311	SYNPCC7942_RS11815
M744_RS04495	21.0538	SYNPCC7942_RS11810
M744_RS04500	63.8073	SYNPCC7942_RS11805
M744_RS04505	199.0239	SYNPCC7942_RS11800
M744_RS04510	8.9393	SYNPCC7942_RS11795
M744_RS04520	20.7835	SYNPCC7942_RS11785
M744_RS04525	316.9715	SYNPCC7942_RS11780
M744_RS04530	100.9730	SYNPCC7942_RS11775
M744_RS04535	738.5013	SYNPCC7942_RS11770
M744_RS04540	2162.5558	SYNPCC7942_RS11765
M744_RS04545	6444.8480	SYNPCC7942_RS11760
M744_RS04550	17.7658	SYNPCC7942_RS11755
M744_RS04555	113.9245	SYNPCC7942_RS11750
M744_RS04565	66.9827	SYNPCC7942_RS11740
M744_RS04570	376.6661	SYNPCC7942_RS11735
M744_RS04575	158.2429	SYNPCC7942_RS11730
M744_RS04580	257.8467	SYNPCC7942_RS11725
M744_RS04585	192.7636	SYNPCC7942_RS11720
M744_RS04590	38.3589	SYNPCC7942_RS11715
M744_RS04600	19.7186	SYNPCC7942_RS11705
M744_RS04605	98.9342	SYNPCC7942_RS11700
M744_RS04610	352.7846	SYNPCC7942_RS11695
M744_RS04615	224.7778	SYNPCC7942_RS11690
M744_RS04620	526.3514	SYNPCC7942_RS11685
M744_RS04625	8.3875	SYNPCC7942_RS11680
M744_RS04630	1459.6026	SYNPCC7942_RS11675
M744_RS04635	53.7214	SYNPCC7942_RS11670
M744_RS04640	12.9493	SYNPCC7942_RS11665
M744_RS04645	24.3549	SYNPCC7942_RS11660
M744_RS04650	33.0055	SYNPCC7942_RS11655
M744_RS04655	370.1907	SYNPCC7942_RS11650
M744_RS04660	63.0503	SYNPCC7942_RS11645
M744_RS04665	18.5828	SYNPCC7942_RS11640
M744_RS04670	147.7730	SYNPCC7942_RS11635
M744_RS04675	65.5169	SYNPCC7942_RS11630
M744_RS04680	72.9270	SYNPCC7942_RS11625
M744_RS04685	13.9197	SYNPCC7942_RS11620
M744_RS04690	140.6212	SYNPCC7942_RS11615
M744_RS04695	60.8469	SYNPCC7942_RS11610
M744_RS04700	11.9262	SYNPCC7942_RS11605
M744_RS04705	180.2589	SYNPCC7942_RS11600
M744_RS04710	73.3904	SYNPCC7942_RS11595
M744_RS04715	147.5005	SYNPCC7942_RS11590
M744_RS04720	235.9634	SYNPCC7942_RS11585
M744_RS04725	139.3139	SYNPCC7942_RS11580
M744_RS04730	6.1884	SYNPCC7942_RS11575
M744_RS04735	12.3082	SYNPCC7942_RS11570
M744_RS04750	237.9689	SYNPCC7942_RS11555
M744_RS04755	44.1114	SYNPCC7942_RS11550
M744_RS04760	12.2766	SYNPCC7942_RS11545
M744_RS04765	60.7872	SYNPCC7942_RS11540
M744_RS04770	44.0460	SYNPCC7942_RS11535
M744_RS04775	59.0987	SYNPCC7942_RS11530
M744_RS04780	48.6040	SYNPCC7942_RS11525
M744_RS04785	471.6071	SYNPCC7942_RS11520
M744_RS04790	24.2173	SYNPCC7942_RS11515
M744_RS04795	202.7786	SYNPCC7942_RS11510
M744_RS04800	425.0765	SYNPCC7942_RS11505
M744_RS04805	87.5369	SYNPCC7942_RS11500
M744_RS04810	194.3985	SYNPCC7942_RS11495
M744_RS04815	35.4386	SYNPCC7942_RS11490
M744_RS04820	20.3478	SYNPCC7942_RS11485
M744_RS04830	169.6013	SYNPCC7942_RS11475
M744_RS04835	29.7666	SYNPCC7942_RS11470
M744_RS04840	851.9186	SYNPCC7942_RS11465
M744_RS04845	1232.6773	SYNPCC7942_RS11460
M744_RS04850	250.2924	SYNPCC7942_RS11455
M744_RS04855	981.7619	SYNPCC7942_RS11450
M744_RS04870	18.2763	SYNPCC7942_RS11435
M744_RS04875	14.8448	SYNPCC7942_RS11430
M744_RS04880	302.9010	SYNPCC7942_RS11425
M744_RS04885	188.8714	SYNPCC7942_RS11420
M744_RS04890	2777.9030	SYNPCC7942_RS11415
M744_RS04895	68.5750	SYNPCC7942_RS11410
M744_RS04900	44.6711	SYNPCC7942_RS11405
M744_RS04905	278.2695	SYNPCC7942_RS11400
M744_RS04910	315.9508	SYNPCC7942_RS11395
M744_RS04920	101.6511	SYNPCC7942_RS11385
M744_RS04930	139.7826	SYNPCC7942_RS11375
M744_RS04935	42.6513	SYNPCC7942_RS11370
M744_RS04940	67.1659	SYNPCC7942_RS11365
M744_RS04945	11.4903	SYNPCC7942_RS11360
M744_RS04950	53.1391	SYNPCC7942_RS11355
M744_RS04955	9.6901	SYNPCC7942_RS11350
M744_RS04960	52.6331	SYNPCC7942_RS11345
M744_RS04970	273.1064	SYNPCC7942_RS11335
M744_RS04975	269.6980	SYNPCC7942_RS11330
M744_RS04980	147.5206	SYNPCC7942_RS11325
M744_RS04985	312.9725	SYNPCC7942_RS11320
M744_RS04990	91.0843	SYNPCC7942_RS11315
M744_RS04995	228.6123	SYNPCC7942_RS11310
M744_RS05000	249.6309	SYNPCC7942_RS11305
M744_RS05005	354.5471	SYNPCC7942_RS11300
M744_RS05010	94.4176	SYNPCC7942_RS11295
M744_RS05015	112.8913	SYNPCC7942_RS11290
M744_RS05020	241.3022	SYNPCC7942_RS11285
M744_RS05025	505.3026	SYNPCC7942_RS11280
M744_RS05030	371.1694	SYNPCC7942_RS11275
M744_RS05035	226.4455	SYNPCC7942_RS11270
M744_RS05040	407.5274	SYNPCC7942_RS11265
M744_RS05045	207.0690	SYNPCC7942_RS11260
M744_RS05050	233.7605	SYNPCC7942_RS11255
M744_RS05055	261.4251	SYNPCC7942_RS11250
M744_RS05060	639.3600	SYNPCC7942_RS11245
M744_RS05065	144.0324	SYNPCC7942_RS11240
M744_RS05070	300.8750	SYNPCC7942_RS11235
M744_RS05075	319.3052	SYNPCC7942_RS11230
M744_RS05080	1027.8774	SYNPCC7942_RS11225
M744_RS05085	306.3014	SYNPCC7942_RS11220
M744_RS05090	1375.5367	SYNPCC7942_RS11215
M744_RS05095	496.9095	SYNPCC7942_RS11210
M744_RS05100	235.2757	SYNPCC7942_RS11205
M744_RS05105	490.8302	SYNPCC7942_RS11200
M744_RS05110	69.0495	SYNPCC7942_RS11195
M744_RS05115	102.4921	SYNPCC7942_RS11190
M744_RS05120	114.3275	SYNPCC7942_RS11185
M744_RS05130	122.5400	SYNPCC7942_RS11175
M744_RS05135	156.3952	SYNPCC7942_RS11170
M744_RS05140	22.8579	SYNPCC7942_RS11165
M744_RS05145	43.5497	SYNPCC7942_RS11160
M744_RS05150	37.8896	SYNPCC7942_RS11155
M744_RS05155	35.8433	SYNPCC7942_RS11150
M744_RS05160	4.5165	SYNPCC7942_RS11145
M744_RS05165	80.4504	SYNPCC7942_RS11140
M744_RS05170	189.7717	SYNPCC7942_RS11135
M744_RS05175	14.1307	SYNPCC7942_RS11130
M744_RS05180	148.7239	SYNPCC7942_RS11125
M744_RS05185	133.1534	SYNPCC7942_RS11120
M744_RS05190	53.3276	SYNPCC7942_RS11115
M744_RS05195	24.8987	SYNPCC7942_RS11110
M744_RS05200	115.2253	SYNPCC7942_RS11105
M744_RS05205	69.8370	SYNPCC7942_RS11100
M744_RS05210	52.9220	SYNPCC7942_RS11095
M744_RS05215	4.3258	SYNPCC7942_RS11090
M744_RS05220	186.3122	SYNPCC7942_RS11085
M744_RS05225	1106.9822	SYNPCC7942_RS11080
M744_RS05230	212.5437	SYNPCC7942_RS11075
M744_RS05235	110.2425	SYNPCC7942_RS11070
M744_RS05240	74.0849	SYNPCC7942_RS11065
M744_RS05245	24.7581	SYNPCC7942_RS11060
M744_RS05250	3581.5323	SYNPCC7942_RS11055
M744_RS05255	3166.8400	SYNPCC7942_RS11050
M744_RS05260	1711.8461	SYNPCC7942_RS11045
M744_RS05265	1211.4557	SYNPCC7942_RS11040
M744_RS05270	3042.8141	SYNPCC7942_RS11035
M744_RS05275	17.0858	SYNPCC7942_RS11030
M744_RS05280	441.6561	SYNPCC7942_RS11025
M744_RS05285	177.9104	SYNPCC7942_RS11020
M744_RS05290	8.7956	SYNPCC7942_RS11015
M744_RS05295	8.2540	SYNPCC7942_RS11010
M744_RS05300	9.6166	SYNPCC7942_RS11005
M744_RS05305	24.6942	SYNPCC7942_RS11000
M744_RS05310	28.8667	SYNPCC7942_RS10995
M744_RS05315	4.3494	SYNPCC7942_RS10990
M744_RS05320	35.0734	SYNPCC7942_RS10980
M744_RS05325	155.1712	SYNPCC7942_RS10975
M744_RS05330	23.6598	SYNPCC7942_RS10970
M744_RS05335	515.9618	SYNPCC7942_RS10965
M744_RS05345	1067.9972	SYNPCC7942_RS10955
M744_RS05350	32.6800	SYNPCC7942_RS10950
M744_RS05355	21.3368	SYNPCC7942_RS10945
M744_RS05360	15.5886	SYNPCC7942_RS10940
M744_RS05365	115.6378	SYNPCC7942_RS10935
M744_RS05370	145.7135	SYNPCC7942_RS10930
M744_RS05375	91.5668	SYNPCC7942_RS10925
M744_RS05380	365.9095	SYNPCC7942_RS10920
M744_RS05385	182.4002	SYNPCC7942_RS10915
M744_RS05395	20.1027	SYNPCC7942_RS10905
M744_RS05400	27.7332	SYNPCC7942_RS10900
M744_RS05405	19.9400	SYNPCC7942_RS10895
M744_RS05410	15.0583	SYNPCC7942_RS10890
M744_RS05420	678.5448	SYNPCC7942_RS10880
M744_RS05425	67.3691	SYNPCC7942_RS10875
M744_RS05430	54.5828	SYNPCC7942_RS10870
M744_RS05435	8.2010	SYNPCC7942_RS10860
M744_RS05440	25.4223	SYNPCC7942_RS10855
M744_RS05445	54.9328	SYNPCC7942_RS10850
M744_RS05450	81.6227	SYNPCC7942_RS10845
M744_RS05455	996.9944	SYNPCC7942_RS10840
M744_RS05460	57.8225	SYNPCC7942_RS10835
M744_RS05465	26.3828	SYNPCC7942_RS10830
M744_RS05470	54.4815	SYNPCC7942_RS10825
M744_RS05475	55.0112	SYNPCC7942_RS10820
M744_RS05480	113.7747	SYNPCC7942_RS10815
M744_RS05485	16.3766	SYNPCC7942_RS10810
M744_RS05490	152.7551	SYNPCC7942_RS10805
M744_RS05495	54.1372	SYNPCC7942_RS10800
M744_RS05500	113.4081	SYNPCC7942_RS10795
M744_RS05505	176.1077	SYNPCC7942_RS10790
M744_RS05510	316.6613	SYNPCC7942_RS10785
M744_RS05515	123.0125	SYNPCC7942_RS10780
M744_RS05520	132.2267	SYNPCC7942_RS10775
M744_RS05525	29.8055	SYNPCC7942_RS10770
M744_RS05530	37.9666	SYNPCC7942_RS10765
M744_RS05535	263.5623	SYNPCC7942_RS10760
M744_RS05540	1547.1905	SYNPCC7942_RS10755
M744_RS05545	1171.5562	SYNPCC7942_RS10750
M744_RS05550	4118.7255	SYNPCC7942_RS10745
M744_RS05555	364.2459	SYNPCC7942_RS10740
M744_RS05560	190.5661	SYNPCC7942_RS10735
M744_RS05565	27.5867	SYNPCC7942_RS10730
M744_RS05570	49.5429	SYNPCC7942_RS10725
M744_RS05580	203.0407	SYNPCC7942_RS10715
M744_RS05585	1105.0418	SYNPCC7942_RS10710
M744_RS05590	19.9078	SYNPCC7942_RS10705
M744_RS05595	13.8893	SYNPCC7942_RS10700
M744_RS05600	26.9917	SYNPCC7942_RS10695
M744_RS05605	217.1841	SYNPCC7942_RS10690
M744_RS05610	15.2352	SYNPCC7942_RS10685
M744_RS05615	35.1883	SYNPCC7942_RS10680
M744_RS05620	12.5662	SYNPCC7942_RS10675
M744_RS05625	16.1312	SYNPCC7942_RS10670
M744_RS05630	25.5836	SYNPCC7942_RS10665
M744_RS05640	7.4936	SYNPCC7942_RS10655
M744_RS05645	40.1045	SYNPCC7942_RS10650
M744_RS05650	57.7555	SYNPCC7942_RS10645
M744_RS05655	9.4748	SYNPCC7942_RS10640
M744_RS05660	10.2860	SYNPCC7942_RS10635
M744_RS05665	13.8370	SYNPCC7942_RS10630
M744_RS05670	192.5763	SYNPCC7942_RS10625
M744_RS05675	12.9684	SYNPCC7942_RS10620
M744_RS05680	21.0151	SYNPCC7942_RS10615
M744_RS05685	74.9383	SYNPCC7942_RS10610
M744_RS05690	77.7120	SYNPCC7942_RS10605
M744_RS05695	62.4303	SYNPCC7942_RS10600
M744_RS05700	156.6373	SYNPCC7942_RS10595
M744_RS05705	716.1230	SYNPCC7942_RS10590
M744_RS05710	114.8136	SYNPCC7942_RS10585
M744_RS05715	40.3770	SYNPCC7942_RS10580
M744_RS05720	24.6503	SYNPCC7942_RS10575
M744_RS05725	19.5085	SYNPCC7942_RS10570
M744_RS05730	67.3754	SYNPCC7942_RS10565
M744_RS05735	28.6180	SYNPCC7942_RS10560
M744_RS05740	3426.1013	SYNPCC7942_RS10555
M744_RS05750	690.4580	SYNPCC7942_RS10545
M744_RS05755	167.9128	SYNPCC7942_RS10540
M744_RS05760	95.2835	SYNPCC7942_RS10535
M744_RS05765	39.4887	SYNPCC7942_RS10530
M744_RS05770	35.2111	SYNPCC7942_RS10525
M744_RS05775	23.2432	SYNPCC7942_RS10520
M744_RS05780	244.9099	SYNPCC7942_RS10515
M744_RS05790	349.4514	SYNPCC7942_RS10505
M744_RS05795	636.4493	SYNPCC7942_RS10500
M744_RS05800	958.3925	SYNPCC7942_RS10495
M744_RS05805	613.7315	SYNPCC7942_RS10490
M744_RS05810	209.1548	SYNPCC7942_RS10485
M744_RS05815	54.0789	SYNPCC7942_RS10480
M744_RS05820	71.3511	SYNPCC7942_RS10475
M744_RS05825	115.5581	SYNPCC7942_RS10470
M744_RS05830	161.4534	SYNPCC7942_RS10465
M744_RS05835	63.3209	SYNPCC7942_RS10460
M744_RS05840	74.2850	SYNPCC7942_RS10455
M744_RS05845	18.1093	SYNPCC7942_RS10450
M744_RS05850	721.8876	SYNPCC7942_RS10445
M744_RS05855	21.4257	SYNPCC7942_RS10440
M744_RS05860	45.9637	SYNPCC7942_RS10435
M744_RS05865	162.7561	SYNPCC7942_RS10430
M744_RS05870	150.6055	SYNPCC7942_RS10425
M744_RS05875	86.1802	SYNPCC7942_RS10420
M744_RS05880	250.7239	SYNPCC7942_RS10415
M744_RS05885	21.3972	SYNPCC7942_RS10410
M744_RS05890	59.6715	SYNPCC7942_RS10405
M744_RS05895	101.2567	SYNPCC7942_RS10400
M744_RS05900	8405.4406	SYNPCC7942_RS10395
M744_RS05905	11277.5579	SYNPCC7942_RS10390
M744_RS05910	333.9470	SYNPCC7942_RS10385
M744_RS05915	27.4747	SYNPCC7942_RS10380
M744_RS05920	117.5338	SYNPCC7942_RS10375
M744_RS05925	316.6749	SYNPCC7942_RS10370
M744_RS05930	133.3998	SYNPCC7942_RS10365
M744_RS05935	10.1710	SYNPCC7942_RS10360
M744_RS05940	47.9348	SYNPCC7942_RS10355
M744_RS05945	4.1732	SYNPCC7942_RS10350
M744_RS05950	22.0728	SYNPCC7942_RS10345
M744_RS05955	72.6479	SYNPCC7942_RS10340
M744_RS05960	35.0191	SYNPCC7942_RS10335
M744_RS05965	45.3648	SYNPCC7942_RS10330
M744_RS05970	95.0812	SYNPCC7942_RS10325
M744_RS05975	19.4499	SYNPCC7942_RS10320
M744_RS05980	18.3923	SYNPCC7942_RS10315
M744_RS05985	31.9243	SYNPCC7942_RS10310
M744_RS05990	60.8154	SYNPCC7942_RS10305
M744_RS05995	1331.4167	SYNPCC7942_RS10300
M744_RS06000	286.4986	SYNPCC7942_RS10295
M744_RS06005	66.2934	SYNPCC7942_RS10290
M744_RS06010	16.8990	SYNPCC7942_RS10285
M744_RS06015	153.9431	SYNPCC7942_RS10280
M744_RS06020	26.9802	SYNPCC7942_RS10275
M744_RS06025	22.3253	SYNPCC7942_RS10270
M744_RS06030	88.2541	SYNPCC7942_RS10265
M744_RS06035	199.9547	SYNPCC7942_RS10260
M744_RS06040	13.2665	SYNPCC7942_RS10255
M744_RS06045	2676.5702	SYNPCC7942_RS10250
M744_RS06050	148.2608	SYNPCC7942_RS10245
M744_RS06055	34.7195	SYNPCC7942_RS10240
M744_RS06065	94.1937	SYNPCC7942_RS10230
M744_RS06070	111.3537	SYNPCC7942_RS10225
M744_RS06075	1391.9723	SYNPCC7942_RS10220
M744_RS06080	43.2670	SYNPCC7942_RS10215
M744_RS06085	9.7969	SYNPCC7942_RS10210
M744_RS06090	45.6743	SYNPCC7942_RS10205
M744_RS06095	107.4665	SYNPCC7942_RS10200
M744_RS06100	393.4874	SYNPCC7942_RS10195
M744_RS06105	104.7019	SYNPCC7942_RS10190
M744_RS06110	22.6510	SYNPCC7942_RS10185
M744_RS06115	72.9838	SYNPCC7942_RS10180
M744_RS06120	82.2590	SYNPCC7942_RS10175
M744_RS06125	52.0162	SYNPCC7942_RS10170
M744_RS06130	40.7787	SYNPCC7942_RS10165
M744_RS06135	34.2188	SYNPCC7942_RS10160
M744_RS06140	138.0889	SYNPCC7942_RS10155
M744_RS06145	26.2964	SYNPCC7942_RS10145
M744_RS06150	146.3827	SYNPCC7942_RS10140
M744_RS06155	1262.2619	SYNPCC7942_RS10135
M744_RS06160	13.9981	SYNPCC7942_RS10130
M744_RS06165	28.2176	SYNPCC7942_RS10125
M744_RS06170	115.6934	SYNPCC7942_RS10120
M744_RS06175	44.6888	SYNPCC7942_RS10115
M744_RS06180	27.3206	SYNPCC7942_RS10110
M744_RS06185	16.4881	SYNPCC7942_RS10105
M744_RS06190	24.7557	SYNPCC7942_RS10100
M744_RS06195	123.6570	SYNPCC7942_RS10095
M744_RS06200	22.8121	SYNPCC7942_RS10090
M744_RS06205	83.6181	SYNPCC7942_RS10085
M744_RS06210	60.9374	SYNPCC7942_RS10080
M744_RS06215	1342.1217	SYNPCC7942_RS10075
M744_RS06220	484.3734	SYNPCC7942_RS10070
M744_RS06225	57.8422	SYNPCC7942_RS10065
M744_RS06230	165.3783	SYNPCC7942_RS10060
M744_RS06235	202.3967	SYNPCC7942_RS10055
M744_RS06240	84.2332	SYNPCC7942_RS10050
M744_RS06245	15.3109	SYNPCC7942_RS10045
M744_RS06250	159.6379	SYNPCC7942_RS10040
M744_RS06255	25.6535	SYNPCC7942_RS10035
M744_RS06260	57.0374	SYNPCC7942_RS10030
M744_RS06265	746.6678	SYNPCC7942_RS10025
M744_RS06270	2024.4060	SYNPCC7942_RS10020
M744_RS06275	140.2988	SYNPCC7942_RS10015
M744_RS06280	85.7699	SYNPCC7942_RS10010
M744_RS06285	63.9458	SYNPCC7942_RS10005
M744_RS06290	45.2443	SYNPCC7942_RS10000
M744_RS06300	268.6998	SYNPCC7942_RS09990
M744_RS06305	98.9902	SYNPCC7942_RS09985
M744_RS06310	35.9476	SYNPCC7942_RS09980
M744_RS06315	31.7842	SYNPCC7942_RS09975
M744_RS06320	124.3158	SYNPCC7942_RS09970
M744_RS06325	119.1283	SYNPCC7942_RS09965
M744_RS06330	49.6441	SYNPCC7942_RS09960
M744_RS06335	45.6549	SYNPCC7942_RS09955
M744_RS06340	14.4619	SYNPCC7942_RS09950
M744_RS06345	71.6781	SYNPCC7942_RS09945
M744_RS06350	87.2090	SYNPCC7942_RS09940
M744_RS06355	121.0793	SYNPCC7942_RS09935
M744_RS06360	27.1776	SYNPCC7942_RS09930
M744_RS06365	460.0190	SYNPCC7942_RS09925
M744_RS06375	21.8591	SYNPCC7942_RS09915
M744_RS06380	43.9125	SYNPCC7942_RS09910
M744_RS06390	38.1823	SYNPCC7942_RS09900
M744_RS06395	194.1843	SYNPCC7942_RS09895
M744_RS06400	400.3930	SYNPCC7942_RS09890
M744_RS06405	43.3421	SYNPCC7942_RS09885
M744_RS06410	361.4191	SYNPCC7942_RS09880
M744_RS06415	17.6743	SYNPCC7942_RS09875
M744_RS06420	82.3521	SYNPCC7942_RS09870
M744_RS06425	334.0441	SYNPCC7942_RS09865
M744_RS06430	185.7471	SYNPCC7942_RS09860
M744_RS06435	77.4185	SYNPCC7942_RS09855
M744_RS06440	9.8412	SYNPCC7942_RS09850
M744_RS06445	24.2690	SYNPCC7942_RS09845
M744_RS06450	4.4003	SYNPCC7942_RS09840
M744_RS06455	7.8854	SYNPCC7942_RS09835
M744_RS06460	249.8132	SYNPCC7942_RS09830
M744_RS06465	81.9705	SYNPCC7942_RS09825
M744_RS06470	68.4999	SYNPCC7942_RS09820
M744_RS06475	97.5762	SYNPCC7942_RS09815
M744_RS06480	76.8708	SYNPCC7942_RS09810
M744_RS06485	50.4971	SYNPCC7942_RS09805
M744_RS06490	85.8224	SYNPCC7942_RS09800
M744_RS06495	160.1801	SYNPCC7942_RS09795
M744_RS06500	322.2845	SYNPCC7942_RS09790
M744_RS06505	49.2072	SYNPCC7942_RS09785
M744_RS06510	14.3150	SYNPCC7942_RS09780
M744_RS06515	22.4011	SYNPCC7942_RS09775
M744_RS06520	47.6163	SYNPCC7942_RS09770
M744_RS06525	52.4752	SYNPCC7942_RS09765
M744_RS06530	677.6419	SYNPCC7942_RS09760
M744_RS06535	447.7933	SYNPCC7942_RS09755
M744_RS06540	17.3067	SYNPCC7942_RS09750
M744_RS06545	341.8891	SYNPCC7942_RS09745
M744_RS06550	96.2058	SYNPCC7942_RS09740
M744_RS06555	52.7447	SYNPCC7942_RS09735
M744_RS06560	39.6778	SYNPCC7942_RS09730
M744_RS06565	62.5303	SYNPCC7942_RS09725
M744_RS06575	459.1674	SYNPCC7942_RS09715
M744_RS06580	67.8125	SYNPCC7942_RS09710
M744_RS06585	306.9405	SYNPCC7942_RS09705
M744_RS06590	98.4034	SYNPCC7942_RS09700
M744_RS06595	447.6675	SYNPCC7942_RS09690
M744_RS06600	27.9590	SYNPCC7942_RS09685
M744_RS06605	37.5318	SYNPCC7942_RS09680
M744_RS06610	120.8697	SYNPCC7942_RS09675
M744_RS06615	1123.8994	SYNPCC7942_RS09670
M744_RS06620	116.2851	SYNPCC7942_RS09665
M744_RS06625	391.2267	SYNPCC7942_RS09660
M744_RS06630	295.1495	SYNPCC7942_RS09655
M744_RS06635	122.8140	SYNPCC7942_RS09650
M744_RS06640	42.9081	SYNPCC7942_RS09645
M744_RS06645	35.6445	SYNPCC7942_RS09640
M744_RS06650	44.7650	SYNPCC7942_RS09635
M744_RS06655	12.3691	SYNPCC7942_RS09630
M744_RS06660	377.6912	SYNPCC7942_RS09625
M744_RS06665	30.4157	SYNPCC7942_RS09620
M744_RS06670	48.9243	SYNPCC7942_RS09615
M744_RS06675	154.4235	SYNPCC7942_RS09610
M744_RS06680	48.7737	SYNPCC7942_RS09605
M744_RS06685	20.4536	SYNPCC7942_RS09600
M744_RS06690	48.1683	SYNPCC7942_RS09595
M744_RS06695	184.7951	SYNPCC7942_RS09590
M744_RS06700	682.9782	SYNPCC7942_RS09585
M744_RS06705	294.6846	SYNPCC7942_RS09580
M744_RS06710	29.4742	SYNPCC7942_RS09575
M744_RS06715	18.1247	SYNPCC7942_RS09570
M744_RS06720	59.0449	SYNPCC7942_RS09565
M744_RS06725	34.2545	SYNPCC7942_RS09560
M744_RS06730	21.3780	SYNPCC7942_RS09555
M744_RS06735	56.4601	SYNPCC7942_RS09550
M744_RS06740	502.4040	SYNPCC7942_RS09545
M744_RS06745	40.8935	SYNPCC7942_RS09540
M744_RS06750	33.8875	SYNPCC7942_RS09535
M744_RS06755	74.6013	SYNPCC7942_RS09530
M744_RS06760	55.8412	SYNPCC7942_RS09525
M744_RS06765	163.8389	SYNPCC7942_RS09520
M744_RS06770	32.6340	SYNPCC7942_RS09515
M744_RS06775	120.0266	SYNPCC7942_RS09510
M744_RS06780	19.1896	SYNPCC7942_RS09505
M744_RS06785	42.5618	SYNPCC7942_RS09500
M744_RS06790	25.3160	SYNPCC7942_RS09495
M744_RS06795	69.4457	SYNPCC7942_RS13800
M744_RS06800	407.0794	SYNPCC7942_RS09490
M744_RS06805	1349.3975	SYNPCC7942_RS09485
M744_RS06810	8.0736	SYNPCC7942_RS09480
M744_RS06815	6.1655	SYNPCC7942_RS09475
M744_RS06820	26.1568	SYNPCC7942_RS09470
M744_RS06825	86.4906	SYNPCC7942_RS09465
M744_RS06830	16.3521	SYNPCC7942_RS09460
M744_RS06835	42.3297	SYNPCC7942_RS09455
M744_RS06840	73.1528	SYNPCC7942_RS09450
M744_RS06845	456.1625	SYNPCC7942_RS09445
M744_RS06850	38.8460	SYNPCC7942_RS09440
M744_RS06855	105.5016	SYNPCC7942_RS09435
M744_RS06860	185.6299	SYNPCC7942_RS09430
M744_RS06865	764.4738	SYNPCC7942_RS09425
M744_RS06870	31.7823	SYNPCC7942_RS09420
M744_RS06875	12.1950	SYNPCC7942_RS09415
M744_RS06880	10.3734	SYNPCC7942_RS09410
M744_RS06885	24.3057	SYNPCC7942_RS09405
M744_RS06890	25.1271	SYNPCC7942_RS09400
M744_RS06895	44.5998	SYNPCC7942_RS09395
M744_RS06900	96.5601	SYNPCC7942_RS09390
M744_RS06905	20.6660	SYNPCC7942_RS09385
M744_RS06910	1798.3192	SYNPCC7942_RS09380
M744_RS06920	334.0816	SYNPCC7942_RS09375
M744_RS06925	327.1527	SYNPCC7942_RS09370
M744_RS06930	1323.6727	SYNPCC7942_RS09365
M744_RS06935	64.0561	SYNPCC7942_RS09360
M744_RS06940	56.6955	SYNPCC7942_RS09355
M744_RS06945	11.3968	SYNPCC7942_RS09350
M744_RS06950	74.8661	SYNPCC7942_RS09345
M744_RS06955	76.3250	SYNPCC7942_RS09340
M744_RS06960	19.1883	SYNPCC7942_RS09335
M744_RS06965	62.4929	SYNPCC7942_RS09330
M744_RS06970	690.5031	SYNPCC7942_RS09325
M744_RS06975	186.2622	SYNPCC7942_RS09320
M744_RS06980	177.9026	SYNPCC7942_RS09315
M744_RS06985	47.0925	SYNPCC7942_RS09310
M744_RS06990	31.0873	SYNPCC7942_RS09305
M744_RS06995	44.8959	SYNPCC7942_RS09300
M744_RS07000	108.1295	SYNPCC7942_RS09295
M744_RS07005	691.4237	SYNPCC7942_RS09290
M744_RS07010	877.2555	SYNPCC7942_RS09285
M744_RS07015	125.1621	SYNPCC7942_RS09280
M744_RS07020	65.2060	SYNPCC7942_RS09275
M744_RS07025	242.0938	SYNPCC7942_RS09270
M744_RS07030	79.8972	SYNPCC7942_RS09265
M744_RS07035	11.9807	SYNPCC7942_RS09260
M744_RS07040	76.6316	SYNPCC7942_RS09255
M744_RS07045	86.0725	SYNPCC7942_RS09250
M744_RS07050	614.2253	SYNPCC7942_RS09245
M744_RS07055	3001.3489	SYNPCC7942_RS09240
M744_RS07060	17.8126	SYNPCC7942_RS09235
M744_RS07065	4.2088	SYNPCC7942_RS09230
M744_RS07070	17.0412	SYNPCC7942_RS09225
M744_RS07075	111.3120	SYNPCC7942_RS09220
M744_RS07080	27.3187	SYNPCC7942_RS09215
M744_RS07085	19.1335	SYNPCC7942_RS09210
M744_RS07090	459.4651	SYNPCC7942_RS09205
M744_RS07095	218.0481	SYNPCC7942_RS09200
M744_RS07100	263.1612	SYNPCC7942_RS09195
M744_RS07105	827.7333	SYNPCC7942_RS09190
M744_RS07110	6.8787	SYNPCC7942_RS09185
M744_RS07115	6.3684	SYNPCC7942_RS09180
M744_RS07120	44.1207	SYNPCC7942_RS09175
M744_RS07125	6.7458	SYNPCC7942_RS09170
M744_RS07130	57.0096	SYNPCC7942_RS09165
M744_RS07135	125.2617	SYNPCC7942_RS09160
M744_RS07140	46.2341	SYNPCC7942_RS09155
M744_RS07145	22.0826	SYNPCC7942_RS09150
M744_RS07150	835.6100	SYNPCC7942_RS09145
M744_RS07155	56.8044	SYNPCC7942_RS09140
M744_RS07160	30.7217	SYNPCC7942_RS09135
M744_RS07165	484.3920	SYNPCC7942_RS09130
M744_RS07170	18.1331	SYNPCC7942_RS09125
M744_RS07175	35.2952	SYNPCC7942_RS09120
M744_RS07180	53.5517	SYNPCC7942_RS09115
M744_RS07185	45.8341	SYNPCC7942_RS09110
M744_RS07190	467.1796	SYNPCC7942_RS09105
M744_RS07195	71.8269	SYNPCC7942_RS09100
M744_RS07200	7.2493	SYNPCC7942_RS09095
M744_RS07205	117.0530	SYNPCC7942_RS09090
M744_RS07210	263.7753	SYNPCC7942_RS09085
M744_RS07215	93.3646	SYNPCC7942_RS09080
M744_RS07220	99.4061	SYNPCC7942_RS09075
M744_RS07225	71.7195	SYNPCC7942_RS09070
M744_RS07235	279.4360	SYNPCC7942_RS09060
M744_RS07240	639.6724	SYNPCC7942_RS09055
M744_RS07245	19.8088	SYNPCC7942_RS09050
M744_RS07250	108.6216	SYNPCC7942_RS09045
M744_RS07255	33.1155	SYNPCC7942_RS09040
M744_RS07260	177.3041	SYNPCC7942_RS09035
M744_RS07265	45.3596	SYNPCC7942_RS09030
M744_RS07270	21.4220	SYNPCC7942_RS09025
M744_RS07275	29.5779	SYNPCC7942_RS09020
M744_RS07280	288.2049	SYNPCC7942_RS09015
M744_RS07285	25.6188	SYNPCC7942_RS09010
M744_RS07290	319.3960	SYNPCC7942_RS09005
M744_RS07295	350.2192	SYNPCC7942_RS09000
M744_RS07300	9.3086	SYNPCC7942_RS08995
M744_RS07305	14.6291	SYNPCC7942_RS08990
M744_RS07310	26.9622	SYNPCC7942_RS08985
M744_RS07315	93.7171	SYNPCC7942_RS08980
M744_RS07320	38.8245	SYNPCC7942_RS08975
M744_RS07325	33.6958	SYNPCC7942_RS08970
M744_RS07330	26.8276	SYNPCC7942_RS08965
M744_RS07335	44.0242	SYNPCC7942_RS08960
M744_RS07340	266.8739	SYNPCC7942_RS08955
M744_RS07345	244.7176	SYNPCC7942_RS08950
M744_RS07350	81.9824	SYNPCC7942_RS08945
M744_RS07360	269.9867	SYNPCC7942_RS08935
M744_RS07365	1098.9902	SYNPCC7942_RS08930
M744_RS07370	165.5822	SYNPCC7942_RS08925
M744_RS07375	9.4168	SYNPCC7942_RS08920
M744_RS07380	144.6702	SYNPCC7942_RS08915
M744_RS07385	691.8690	SYNPCC7942_RS08910
M744_RS07390	530.1031	SYNPCC7942_RS08905
M744_RS07395	206.8484	SYNPCC7942_RS08900
M744_RS07400	40.2821	SYNPCC7942_RS08895
M744_RS07405	164.2059	SYNPCC7942_RS08890
M744_RS07410	1553.4553	SYNPCC7942_RS08885
M744_RS07415	25.4611	SYNPCC7942_RS08880
M744_RS07420	12.8643	SYNPCC7942_RS08875
M744_RS07425	203.6946	SYNPCC7942_RS08870
M744_RS07430	834.8872	SYNPCC7942_RS08865
M744_RS07435	156.6892	SYNPCC7942_RS08860
M744_RS07440	34.4483	SYNPCC7942_RS08855
M744_RS07445	60.8832	SYNPCC7942_RS08850
M744_RS07450	457.2768	SYNPCC7942_RS08845
M744_RS07455	524.0594	SYNPCC7942_RS08840
M744_RS07460	244.6090	SYNPCC7942_RS08835
M744_RS07465	355.7972	SYNPCC7942_RS08830
M744_RS07470	439.7061	SYNPCC7942_RS08825
M744_RS07475	158.6784	SYNPCC7942_RS08820
M744_RS07480	29.7554	SYNPCC7942_RS08815
M744_RS07485	11.6301	SYNPCC7942_RS08810
M744_RS07490	49.9803	SYNPCC7942_RS08805
M744_RS07495	28.1996	SYNPCC7942_RS08800
M744_RS07500	26.5112	SYNPCC7942_RS08795
M744_RS07505	16.8145	SYNPCC7942_RS08790
M744_RS07510	30.1751	SYNPCC7942_RS08785
M744_RS07515	122.7954	SYNPCC7942_RS08780
M744_RS07520	125.6658	SYNPCC7942_RS08775
M744_RS07525	59.9098	SYNPCC7942_RS08770
M744_RS07530	35.2925	SYNPCC7942_RS08765
M744_RS07540	84.7342	SYNPCC7942_RS08760
M744_RS07545	67.3439	SYNPCC7942_RS08755
M744_RS07550	67.5598	SYNPCC7942_RS08750
M744_RS07555	274.7498	SYNPCC7942_RS08745
M744_RS07560	64.8845	SYNPCC7942_RS08740
M744_RS07565	87.9326	SYNPCC7942_RS08735
M744_RS07570	557.6959	SYNPCC7942_RS08730
M744_RS07575	29.2838	SYNPCC7942_RS08725
M744_RS07580	10.2235	SYNPCC7942_RS08720
M744_RS07585	34.5653	SYNPCC7942_RS08715
M744_RS07590	4.4927	SYNPCC7942_RS08710
M744_RS07595	104.4291	SYNPCC7942_RS08705
M744_RS07600	285.8093	SYNPCC7942_RS08700
M744_RS07605	43.9924	SYNPCC7942_RS08695
M744_RS07610	27.5768	SYNPCC7942_RS08690
M744_RS07615	29.2750	SYNPCC7942_RS08685
M744_RS07620	114.3514	SYNPCC7942_RS08680
M744_RS07625	97.8877	SYNPCC7942_RS08675
M744_RS07630	209.3965	SYNPCC7942_RS08670
M744_RS07635	70.5718	SYNPCC7942_RS08660
M744_RS07640	9.5359	SYNPCC7942_RS08655
M744_RS07645	33.0943	SYNPCC7942_RS08650
M744_RS07650	41.6322	SYNPCC7942_RS08645
M744_RS07655	14.6172	SYNPCC7942_RS08640
M744_RS07660	133.4479	SYNPCC7942_RS08635
M744_RS07665	37.3336	SYNPCC7942_RS08630
M744_RS07670	81.7762	SYNPCC7942_RS08625
M744_RS07675	15.6815	SYNPCC7942_RS08620
M744_RS07680	15.0043	SYNPCC7942_RS08615
M744_RS07685	27.0355	SYNPCC7942_RS08610
M744_RS07690	24.1325	SYNPCC7942_RS08605
M744_RS07695	3.8278	SYNPCC7942_RS08600
M744_RS07700	6.9923	SYNPCC7942_RS08595
M744_RS07705	12.3234	SYNPCC7942_RS08590
M744_RS07710	60.9069	SYNPCC7942_RS08585
M744_RS07715	62.6766	SYNPCC7942_RS08580
M744_RS07720	7.6722	SYNPCC7942_RS08575
M744_RS07725	23.9948	SYNPCC7942_RS08570
M744_RS07730	54.1363	SYNPCC7942_RS08565
M744_RS07735	54.1610	SYNPCC7942_RS08560
M744_RS07740	266.9711	SYNPCC7942_RS08555
M744_RS07745	320.0099	SYNPCC7942_RS08550
M744_RS07750	132.1994	SYNPCC7942_RS08545
M744_RS07755	76.4265	SYNPCC7942_RS08540
M744_RS07760	114.2750	SYNPCC7942_RS08535
M744_RS07765	763.0616	SYNPCC7942_RS08530
M744_RS07770	72.0721	SYNPCC7942_RS08525
M744_RS07775	97.6200	SYNPCC7942_RS08520
M744_RS07780	52.0227	SYNPCC7942_RS08515
M744_RS07785	137.1102	SYNPCC7942_RS08510
M744_RS07790	229.8437	SYNPCC7942_RS08505
M744_RS07795	34.1078	SYNPCC7942_RS08500
M744_RS07800	92.1323	SYNPCC7942_RS08495
M744_RS07805	32.2194	SYNPCC7942_RS08490
M744_RS07810	15.5080	SYNPCC7942_RS08485
M744_RS07820	124.1831	SYNPCC7942_RS08475
M744_RS07825	1095.5693	SYNPCC7942_RS08470
M744_RS07830	24.6248	SYNPCC7942_RS08465
M744_RS07835	123.1116	SYNPCC7942_RS08460
M744_RS07840	32.3078	SYNPCC7942_RS08455
M744_RS07845	40.4213	SYNPCC7942_RS08450
M744_RS07850	357.8530	SYNPCC7942_RS08445
M744_RS07855	4.6095	SYNPCC7942_RS08440
M744_RS07860	5.2950	SYNPCC7942_RS08435
M744_RS07865	220.7318	SYNPCC7942_RS08430
M744_RS07870	50.6181	SYNPCC7942_RS08425
M744_RS07875	73.5573	SYNPCC7942_RS08420
M744_RS07880	122.1535	SYNPCC7942_RS08415
M744_RS07885	41.2718	SYNPCC7942_RS08410
M744_RS07890	37.8454	SYNPCC7942_RS08405
M744_RS07895	55.4530	SYNPCC7942_RS08400
M744_RS07905	56.2042	SYNPCC7942_RS08390
M744_RS07910	69.1337	SYNPCC7942_RS08385
M744_RS07915	207.2587	SYNPCC7942_RS08380
M744_RS07920	51.8592	SYNPCC7942_RS08375
M744_RS07925	80.1819	SYNPCC7942_RS08370
M744_RS07930	47.2904	SYNPCC7942_RS08365
M744_RS07935	10.4879	SYNPCC7942_RS08360
M744_RS07940	151.0539	SYNPCC7942_RS08355
M744_RS07950	144.2767	SYNPCC7942_RS08345
M744_RS07960	2301.3351	SYNPCC7942_RS07490
M744_RS07965	49.6323	SYNPCC7942_RS07495
M744_RS07970	209.7044	SYNPCC7942_RS07500
M744_RS07975	32.8531	SYNPCC7942_RS07505
M744_RS07980	30.3537	SYNPCC7942_RS07510
M744_RS07985	17.1513	SYNPCC7942_RS07515
M744_RS07990	10.8058	SYNPCC7942_RS07520
M744_RS07995	7.0115	SYNPCC7942_RS07525
M744_RS08000	25.3786	SYNPCC7942_RS07530
M744_RS08005	4.3342	SYNPCC7942_RS07535
M744_RS08010	22.6541	SYNPCC7942_RS07540
M744_RS08015	10.5107	SYNPCC7942_RS07545
M744_RS08020	29.8455	SYNPCC7942_RS07550
M744_RS08025	108.8441	SYNPCC7942_RS07555
M744_RS08030	96.1698	SYNPCC7942_RS07560
M744_RS08035	20.0941	SYNPCC7942_RS07565
M744_RS08040	159.1329	SYNPCC7942_RS07570
M744_RS08045	66.9148	SYNPCC7942_RS07575
M744_RS08050	11.1098	SYNPCC7942_RS07580
M744_RS08055	177.2754	SYNPCC7942_RS07585
M744_RS08060	16.3206	SYNPCC7942_RS07590
M744_RS08065	33.1374	SYNPCC7942_RS07595
M744_RS08070	283.2127	SYNPCC7942_RS07600
M744_RS08075	19.3915	SYNPCC7942_RS07605
M744_RS08080	8.4290	SYNPCC7942_RS07610
M744_RS08085	45.6524	SYNPCC7942_RS07615
M744_RS08090	32.0512	SYNPCC7942_RS07620
M744_RS08095	13.9805	SYNPCC7942_RS07625
M744_RS08100	23.6922	SYNPCC7942_RS07630
M744_RS08105	33.0059	SYNPCC7942_RS07635
M744_RS08110	14.4347	SYNPCC7942_RS07640
M744_RS08115	140.8578	SYNPCC7942_RS07645
M744_RS08120	83.8339	SYNPCC7942_RS07650
M744_RS08125	30.4052	SYNPCC7942_RS07655
M744_RS08130	264.4229	SYNPCC7942_RS07660
M744_RS08135	74.1170	SYNPCC7942_RS07665
M744_RS08140	301.3712	SYNPCC7942_RS07670
M744_RS08145	22.1219	SYNPCC7942_RS07675
M744_RS08150	27.3610	SYNPCC7942_RS07680
M744_RS08155	63.3968	SYNPCC7942_RS07685
M744_RS08160	185.8644	SYNPCC7942_RS07690
M744_RS08165	1217.2752	SYNPCC7942_RS07695
M744_RS08175	68.6122	SYNPCC7942_RS07705
M744_RS08180	67.8564	SYNPCC7942_RS07710
M744_RS08185	224.1632	SYNPCC7942_RS07715
M744_RS08190	57.2233	SYNPCC7942_RS07720
M744_RS08195	66.7918	SYNPCC7942_RS07725
M744_RS08200	98.4838	SYNPCC7942_RS07730
M744_RS08205	123.0356	SYNPCC7942_RS07735
M744_RS08210	23.1383	SYNPCC7942_RS07740
M744_RS08215	278.9500	SYNPCC7942_RS07745
M744_RS08220	37.0764	SYNPCC7942_RS07750
M744_RS08225	101.3335	SYNPCC7942_RS07755
M744_RS08230	63.7957	SYNPCC7942_RS07760
M744_RS08235	366.9027	SYNPCC7942_RS07765
M744_RS08240	392.6347	SYNPCC7942_RS07770
M744_RS08245	165.4005	SYNPCC7942_RS07775
M744_RS08265	1740.7332	SYNPCC7942_RS07795
M744_RS08270	18.1351	SYNPCC7942_RS07800
M744_RS08275	193.0477	SYNPCC7942_RS07805
M744_RS08280	35.2876	SYNPCC7942_RS07810
M744_RS08285	14.0638	SYNPCC7942_RS07815
M744_RS08290	7.8007	SYNPCC7942_RS07820
M744_RS08295	34.7220	SYNPCC7942_RS07825
M744_RS08300	8.0867	SYNPCC7942_RS07830
M744_RS08305	75.3826	SYNPCC7942_RS07835
M744_RS08310	85.6404	SYNPCC7942_RS07840
M744_RS08315	38.5036	SYNPCC7942_RS07845
M744_RS08320	54.4319	SYNPCC7942_RS07850
M744_RS08325	131.0743	SYNPCC7942_RS07860
M744_RS08330	2269.4978	SYNPCC7942_RS07865
M744_RS08335	30619.9020	SYNPCC7942_RS07870
M744_RS08340	31.2694	SYNPCC7942_RS07875
M744_RS08345	6.9706	SYNPCC7942_RS07880
M744_RS08350	31.1132	SYNPCC7942_RS07885
M744_RS08355	6.7833	SYNPCC7942_RS07890
M744_RS08360	123.8213	SYNPCC7942_RS07895
M744_RS08365	25.9603	SYNPCC7942_RS07900
M744_RS08370	49.1800	SYNPCC7942_RS07905
M744_RS08375	67.2530	SYNPCC7942_RS07910
M744_RS08380	209.6260	SYNPCC7942_RS07915
M744_RS08385	34.8364	SYNPCC7942_RS07920
M744_RS08390	280.8342	SYNPCC7942_RS07925
M744_RS08395	307.1236	SYNPCC7942_RS07930
M744_RS08400	471.1283	SYNPCC7942_RS07935
M744_RS08405	1681.4507	SYNPCC7942_RS07940
M744_RS08410	16.0924	SYNPCC7942_RS07945
M744_RS08415	38.9885	SYNPCC7942_RS07950
M744_RS08420	63.3013	SYNPCC7942_RS07955
M744_RS08430	92.0285	SYNPCC7942_RS07965
M744_RS08435	118.8142	SYNPCC7942_RS07970
M744_RS08440	7.2065	SYNPCC7942_RS07975
M744_RS08450	22.7758	SYNPCC7942_RS07980
M744_RS08455	6.1044	SYNPCC7942_RS07985
M744_RS08465	16.6167	SYNPCC7942_RS07995
M744_RS08470	123.9041	SYNPCC7942_RS08000
M744_RS08475	171.6093	SYNPCC7942_RS08005
M744_RS08480	32.8025	SYNPCC7942_RS08010
M744_RS08485	66.9480	SYNPCC7942_RS08015
M744_RS08490	170.7258	SYNPCC7942_RS08020
M744_RS08495	37.6163	SYNPCC7942_RS08025
M744_RS08500	265.3095	SYNPCC7942_RS08030
M744_RS08505	246.7090	SYNPCC7942_RS08035
M744_RS08510	236.0110	SYNPCC7942_RS08040
M744_RS08515	67.3557	SYNPCC7942_RS08045
M744_RS08520	44.1801	SYNPCC7942_RS08050
M744_RS08525	71.8205	SYNPCC7942_RS08055
M744_RS08530	158.2743	SYNPCC7942_RS08060
M744_RS08535	22.4768	SYNPCC7942_RS08065
M744_RS08540	30.7643	SYNPCC7942_RS08070
M744_RS08545	53.0835	SYNPCC7942_RS08075
M744_RS08550	40.1677	SYNPCC7942_RS08080
M744_RS08555	8.8424	SYNPCC7942_RS08085
M744_RS08560	71.5229	SYNPCC7942_RS08090
M744_RS08565	66.9491	SYNPCC7942_RS08095
M744_RS08570	185.2180	SYNPCC7942_RS08100
M744_RS08575	273.0477	SYNPCC7942_RS08105
M744_RS08580	204.9778	SYNPCC7942_RS08110
M744_RS08585	38.3605	SYNPCC7942_RS08115
M744_RS08590	106.8965	SYNPCC7942_RS08120
M744_RS08595	187.2680	SYNPCC7942_RS08125
M744_RS08600	12.8876	SYNPCC7942_RS08130
M744_RS08605	420.3101	SYNPCC7942_RS08135
M744_RS08610	229.9403	SYNPCC7942_RS08140
M744_RS08615	209.1973	SYNPCC7942_RS08145
M744_RS08620	118.7306	SYNPCC7942_RS08150
M744_RS08625	183.7292	SYNPCC7942_RS08155
M744_RS08630	74.7911	SYNPCC7942_RS08160
M744_RS08635	213.2346	SYNPCC7942_RS08165
M744_RS08640	24.3826	SYNPCC7942_RS08170
M744_RS08645	11.2805	SYNPCC7942_RS08175
M744_RS08650	116.3161	SYNPCC7942_RS08180
M744_RS08655	46.5565	SYNPCC7942_RS08185
M744_RS08660	9.9217	SYNPCC7942_RS08190
M744_RS08665	56.5257	SYNPCC7942_RS08195
M744_RS08670	4801.8150	SYNPCC7942_RS08200
M744_RS08675	133.1590	SYNPCC7942_RS08205
M744_RS08680	268.8639	SYNPCC7942_RS08210
M744_RS08685	1390.7474	SYNPCC7942_RS08215
M744_RS08690	94.1114	SYNPCC7942_RS08220
M744_RS08695	1884.7527	SYNPCC7942_RS08225
M744_RS08700	975.9571	SYNPCC7942_RS08230
M744_RS08705	198.7106	SYNPCC7942_RS08235
M744_RS08710	45.2788	SYNPCC7942_RS08240
M744_RS08715	679.7544	SYNPCC7942_RS08245
M744_RS08720	555.6792	SYNPCC7942_RS08250
M744_RS08725	91.6139	SYNPCC7942_RS08255
M744_RS08730	49.2686	SYNPCC7942_RS08260
M744_RS08735	54.3860	SYNPCC7942_RS08265
M744_RS08740	408.1496	SYNPCC7942_RS08270
M744_RS08745	314.9405	SYNPCC7942_RS08275
M744_RS08750	19.9246	SYNPCC7942_RS08280
M744_RS08755	42.0362	SYNPCC7942_RS08285
M744_RS08760	27.4590	SYNPCC7942_RS08290
M744_RS08765	98.6149	SYNPCC7942_RS08295
M744_RS08770	248.6756	SYNPCC7942_RS08300
M744_RS08775	130.7392	SYNPCC7942_RS08305
M744_RS08780	8.8666	SYNPCC7942_RS08310
M744_RS08785	50.6637	SYNPCC7942_RS08315
M744_RS08790	130.7070	SYNPCC7942_RS08320
M744_RS08795	23.0959	SYNPCC7942_RS08325
M744_RS08800	46.0461	SYNPCC7942_RS08330
M744_RS08805	49.1459	SYNPCC7942_RS08335
M744_RS08815	1116.7363	SYNPCC7942_RS07480
M744_RS08820	1110.5821	SYNPCC7942_RS07475
M744_RS08825	211.7494	SYNPCC7942_RS07470
M744_RS08830	101.8747	SYNPCC7942_RS07465
M744_RS08835	41.9251	SYNPCC7942_RS07460
M744_RS08840	21.5295	SYNPCC7942_RS07455
M744_RS08845	28.5285	SYNPCC7942_RS07450
M744_RS08850	60.1650	SYNPCC7942_RS07445
M744_RS08855	175.5838	SYNPCC7942_RS07440
M744_RS08860	130.3840	SYNPCC7942_RS07435
M744_RS08865	74.5924	SYNPCC7942_RS07430
M744_RS08870	102.1646	SYNPCC7942_RS07425
M744_RS08875	39.3713	SYNPCC7942_RS07420
M744_RS08880	90.5867	SYNPCC7942_RS07415
M744_RS08885	271.8037	SYNPCC7942_RS07410
M744_RS08890	56.1207	SYNPCC7942_RS07405
M744_RS08895	270.8261	SYNPCC7942_RS07400
M744_RS08900	125.9780	SYNPCC7942_RS07395
M744_RS08910	3494.9956	SYNPCC7942_RS07385
M744_RS08920	13.0966	SYNPCC7942_RS07375
M744_RS08930	10.9874	SYNPCC7942_RS07370
M744_RS08935	17.8530	SYNPCC7942_RS07365
M744_RS08940	2320.0462	SYNPCC7942_RS07360
M744_RS08945	783.6764	SYNPCC7942_RS07355
M744_RS08950	128.3679	SYNPCC7942_RS07350
M744_RS08955	14.0271	SYNPCC7942_RS07345
M744_RS08960	51.1830	SYNPCC7942_RS07340
M744_RS08965	406.6758	SYNPCC7942_RS07335
M744_RS08970	83.8207	SYNPCC7942_RS07330
M744_RS08975	336.2421	SYNPCC7942_RS07325
M744_RS08980	356.6061	SYNPCC7942_RS07320
M744_RS08985	167.4998	SYNPCC7942_RS07315
M744_RS08990	115.7080	SYNPCC7942_RS07310
M744_RS08995	27.2297	SYNPCC7942_RS07305
M744_RS09000	806.1348	SYNPCC7942_RS07300
M744_RS09005	3379.3257	SYNPCC7942_RS07295
M744_RS09010	231.2128	SYNPCC7942_RS07290
M744_RS09015	28.1896	SYNPCC7942_RS07285
M744_RS09020	330.0741	SYNPCC7942_RS07280
M744_RS09025	85.6955	SYNPCC7942_RS07275
M744_RS09030	616.6626	SYNPCC7942_RS07270
M744_RS09035	266.5481	SYNPCC7942_RS07265
M744_RS09040	355.0508	SYNPCC7942_RS07260
M744_RS09045	6.1207	SYNPCC7942_RS07255
M744_RS09050	66.9088	SYNPCC7942_RS07250
M744_RS09055	719.9947	SYNPCC7942_RS07245
M744_RS09060	620.4169	SYNPCC7942_RS07240
M744_RS09065	144.3177	SYNPCC7942_RS07235
M744_RS09070	24.0273	SYNPCC7942_RS07230
M744_RS09075	469.7981	SYNPCC7942_RS07225
M744_RS09080	139.7915	SYNPCC7942_RS07220
M744_RS09085	1956.0969	SYNPCC7942_RS07215
M744_RS09090	912.1027	SYNPCC7942_RS07210
M744_RS09095	21.0892	SYNPCC7942_RS07205
M744_RS09100	577.4774	SYNPCC7942_RS07200
M744_RS09105	416.8140	SYNPCC7942_RS07195
M744_RS09110	44.7501	SYNPCC7942_RS07190
M744_RS09115	27.3381	SYNPCC7942_RS07185
M744_RS09120	28.8158	SYNPCC7942_RS07180
M744_RS09125	129.5931	SYNPCC7942_RS07175
M744_RS09130	107.0174	SYNPCC7942_RS07170
M744_RS09135	164.3876	SYNPCC7942_RS07165
M744_RS09140	191.6613	SYNPCC7942_RS07160
M744_RS09145	315.4174	SYNPCC7942_RS07155
M744_RS09150	583.1877	SYNPCC7942_RS07150
M744_RS09155	41.6744	SYNPCC7942_RS07145
M744_RS09160	35.8711	SYNPCC7942_RS07140
M744_RS09165	203.8494	SYNPCC7942_RS07135
M744_RS09170	17.0374	SYNPCC7942_RS07130
M744_RS09175	23.2785	SYNPCC7942_RS07125
M744_RS09180	150.7270	SYNPCC7942_RS07120
M744_RS09185	49.2926	SYNPCC7942_RS07115
M744_RS09195	21.5188	SYNPCC7942_RS07105
M744_RS09200	72.6487	SYNPCC7942_RS07100
M744_RS09205	47.0475	SYNPCC7942_RS07095
M744_RS09210	30.3304	SYNPCC7942_RS07090
M744_RS09215	74.8913	SYNPCC7942_RS07085
M744_RS09220	104.4856	SYNPCC7942_RS07080
M744_RS09225	289.7282	SYNPCC7942_RS07075
M744_RS09230	88.7737	SYNPCC7942_RS07070
M744_RS09235	60.2647	SYNPCC7942_RS07065
M744_RS09240	58.5982	SYNPCC7942_RS07060
M744_RS09250	21.1250	SYNPCC7942_RS07050
M744_RS09255	982.1220	SYNPCC7942_RS07045
M744_RS09260	57.2985	SYNPCC7942_RS07040
M744_RS09265	81.7392	SYNPCC7942_RS07035
M744_RS09270	70.9891	SYNPCC7942_RS07030
M744_RS09275	109.9274	SYNPCC7942_RS07025
M744_RS09280	207.5403	SYNPCC7942_RS07020
M744_RS09285	32.1860	SYNPCC7942_RS07015
M744_RS09290	32.0314	SYNPCC7942_RS07010
M744_RS09295	21.4386	SYNPCC7942_RS07005
M744_RS09300	37.5666	SYNPCC7942_RS07000
M744_RS09305	9.9771	SYNPCC7942_RS06995
M744_RS09310	46.7282	SYNPCC7942_RS06990
M744_RS09315	38.0830	SYNPCC7942_RS06985
M744_RS09320	224.1385	SYNPCC7942_RS06975
M744_RS09330	115.3891	SYNPCC7942_RS06965
M744_RS09335	93.0384	SYNPCC7942_RS06960
M744_RS09340	151.4522	SYNPCC7942_RS06955
M744_RS09345	150.1695	SYNPCC7942_RS06950
M744_RS09350	105.5461	SYNPCC7942_RS06940
M744_RS09355	357.2080	SYNPCC7942_RS06935
M744_RS09360	49.6439	SYNPCC7942_RS06930
M744_RS09365	240.1399	SYNPCC7942_RS06925
M744_RS09370	109.8238	SYNPCC7942_RS06920
M744_RS09375	10.6610	SYNPCC7942_RS06915
M744_RS09380	134.0969	SYNPCC7942_RS06910
M744_RS09385	12.5212	SYNPCC7942_RS06905
M744_RS09390	1.8509	SYNPCC7942_RS06900
M744_RS09395	28.8929	SYNPCC7942_RS06895
M744_RS09400	22.3990	SYNPCC7942_RS06890
M744_RS09405	18.0660	SYNPCC7942_RS06885
M744_RS09410	66.8243	SYNPCC7942_RS06880
M744_RS09415	286.8662	SYNPCC7942_RS06875
M744_RS09420	249.2636	SYNPCC7942_RS06870
M744_RS09425	375.3435	SYNPCC7942_RS06865
M744_RS09430	23.1622	SYNPCC7942_RS06860
M744_RS09435	59.2000	SYNPCC7942_RS06855
M744_RS09440	323.1840	SYNPCC7942_RS06850
M744_RS09445	29.4216	SYNPCC7942_RS06845
M744_RS09450	251.7909	SYNPCC7942_RS06840
M744_RS09455	425.9383	SYNPCC7942_RS06835
M744_RS09460	74.1165	SYNPCC7942_RS06830
M744_RS09465	15.7075	SYNPCC7942_RS06825
M744_RS09470	35.5556	SYNPCC7942_RS06820
M744_RS09475	43.7382	SYNPCC7942_RS06815
M744_RS09480	77.1572	SYNPCC7942_RS06810
M744_RS09485	142.2446	SYNPCC7942_RS06805
M744_RS09490	70.1425	SYNPCC7942_RS06800
M744_RS09495	134.5783	SYNPCC7942_RS06795
M744_RS09500	10.3530	SYNPCC7942_RS06790
M744_RS09505	114.8026	SYNPCC7942_RS06785
M744_RS09510	270.8165	SYNPCC7942_RS06780
M744_RS09515	186.0076	SYNPCC7942_RS06775
M744_RS09520	351.6691	SYNPCC7942_RS06770
M744_RS09525	22.5905	SYNPCC7942_RS06765
M744_RS09530	762.9085	SYNPCC7942_RS06760
M744_RS09535	21.0547	SYNPCC7942_RS06755
M744_RS09540	157.0584	SYNPCC7942_RS06750
M744_RS09545	21.6053	SYNPCC7942_RS06745
M744_RS09550	31.4403	SYNPCC7942_RS06740
M744_RS09555	17.0304	SYNPCC7942_RS06735
M744_RS09560	9.3555	SYNPCC7942_RS06730
M744_RS09565	270.0886	SYNPCC7942_RS06725
M744_RS09570	1273.8086	SYNPCC7942_RS06720
M744_RS09575	102.9507	SYNPCC7942_RS06715
M744_RS09580	58.0288	SYNPCC7942_RS06710
M744_RS09585	20.5388	SYNPCC7942_RS06705
M744_RS09590	58.7221	SYNPCC7942_RS06700
M744_RS09595	33.9206	SYNPCC7942_RS06695
M744_RS09600	50.1610	SYNPCC7942_RS06690
M744_RS09605	32.0998	SYNPCC7942_RS06685
M744_RS09610	121.0180	SYNPCC7942_RS06680
M744_RS09615	110.6431	SYNPCC7942_RS06675
M744_RS09620	46.3984	SYNPCC7942_RS06670
M744_RS09625	54.8143	SYNPCC7942_RS06665
M744_RS09630	94.2569	SYNPCC7942_RS06660
M744_RS09635	81.4343	SYNPCC7942_RS06655
M744_RS09640	9.2419	SYNPCC7942_RS06650
M744_RS09645	61.0151	SYNPCC7942_RS06645
M744_RS09650	267.3925	SYNPCC7942_RS06640
M744_RS09655	239.6060	SYNPCC7942_RS06635
M744_RS09660	6.7496	SYNPCC7942_RS06630
M744_RS09665	185.7756	SYNPCC7942_RS06625
M744_RS09670	408.4471	SYNPCC7942_RS06620
M744_RS09675	193.3226	SYNPCC7942_RS06615
M744_RS09680	263.6199	SYNPCC7942_RS06610
M744_RS09685	17.8388	SYNPCC7942_RS06605
M744_RS09690	306.6828	SYNPCC7942_RS06600
M744_RS09695	6.1296	SYNPCC7942_RS06595
M744_RS09700	149.1252	SYNPCC7942_RS06590
M744_RS09705	14.9513	SYNPCC7942_RS06585
M744_RS09710	6.7303	SYNPCC7942_RS06580
M744_RS09715	9.1200	SYNPCC7942_RS06575
M744_RS09720	6.5041	SYNPCC7942_RS06570
M744_RS09725	99.9762	SYNPCC7942_RS06565
M744_RS09730	99.4547	SYNPCC7942_RS06560
M744_RS09735	53.7071	SYNPCC7942_RS06555
M744_RS09740	3.6095	SYNPCC7942_RS06550
M744_RS09745	397.2722	SYNPCC7942_RS06545
M744_RS09750	532.9892	SYNPCC7942_RS06540
M744_RS09755	23.8540	SYNPCC7942_RS06535
M744_RS09760	123.2954	SYNPCC7942_RS06530
M744_RS09765	54.3917	SYNPCC7942_RS06525
M744_RS09770	33.3649	SYNPCC7942_RS06520
M744_RS09775	13.5903	SYNPCC7942_RS06515
M744_RS09780	38.7261	SYNPCC7942_RS06510
M744_RS09785	61.1488	SYNPCC7942_RS06505
M744_RS09790	121.3216	SYNPCC7942_RS06500
M744_RS09795	94.7412	SYNPCC7942_RS06495
M744_RS09800	43.5501	SYNPCC7942_RS06490
M744_RS09805	15.5128	SYNPCC7942_RS06485
M744_RS09810	30.5814	SYNPCC7942_RS06480
M744_RS09815	40.7576	SYNPCC7942_RS06475
M744_RS09820	38.0751	SYNPCC7942_RS06470
M744_RS09825	60.1552	SYNPCC7942_RS06465
M744_RS09830	44.5849	SYNPCC7942_RS06460
M744_RS09835	108.6649	SYNPCC7942_RS06455
M744_RS09840	253.8069	SYNPCC7942_RS06450
M744_RS09845	14.0226	SYNPCC7942_RS06445
M744_RS09850	144.8188	SYNPCC7942_RS06440
M744_RS09855	108.0314	SYNPCC7942_RS06435
M744_RS09860	77.4121	SYNPCC7942_RS06430
M744_RS09865	505.2998	SYNPCC7942_RS06425
M744_RS09875	38.7907	SYNPCC7942_RS06415
M744_RS09880	20.5473	SYNPCC7942_RS06410
M744_RS09885	1692.3036	SYNPCC7942_RS06405
M744_RS09890	117.4592	SYNPCC7942_RS06400
M744_RS09895	45.5912	SYNPCC7942_RS06395
M744_RS09905	193.0182	SYNPCC7942_RS06385
M744_RS09910	19.4971	SYNPCC7942_RS06380
M744_RS09915	34.3155	SYNPCC7942_RS06375
M744_RS09920	15.5548	SYNPCC7942_RS06370
M744_RS09925	33.6605	SYNPCC7942_RS06365
M744_RS09930	83.5625	SYNPCC7942_RS06360
M744_RS09935	326.9503	SYNPCC7942_RS06355
M744_RS09940	325.9223	SYNPCC7942_RS06350
M744_RS09945	195.2531	SYNPCC7942_RS06345
M744_RS09950	516.4633	SYNPCC7942_RS06340
M744_RS09955	199.2328	SYNPCC7942_RS06335
M744_RS09960	49.8007	SYNPCC7942_RS06330
M744_RS09965	125.7226	SYNPCC7942_RS06325
M744_RS09970	11.3397	SYNPCC7942_RS06320
M744_RS09975	95.4511	SYNPCC7942_RS06315
M744_RS09980	252.4826	SYNPCC7942_RS06310
M744_RS09985	15.9991	SYNPCC7942_RS06305
M744_RS09990	10.6838	SYNPCC7942_RS06300
M744_RS09995	16.8380	SYNPCC7942_RS06295
M744_RS10000	37.8766	SYNPCC7942_RS06290
M744_RS10010	195.3912	SYNPCC7942_RS06280
M744_RS10015	87.6322	SYNPCC7942_RS06275
M744_RS10020	220.8827	SYNPCC7942_RS06270
M744_RS10025	217.4039	SYNPCC7942_RS06265
M744_RS10030	20.8613	SYNPCC7942_RS06260
M744_RS10035	157.9352	SYNPCC7942_RS06255
M744_RS10040	338.5705	SYNPCC7942_RS06250
M744_RS10045	623.6211	SYNPCC7942_RS06245
M744_RS10050	23.6569	SYNPCC7942_RS06240
M744_RS10055	73.9071	SYNPCC7942_RS06235
M744_RS10060	197.3933	SYNPCC7942_RS06230
M744_RS10065	25.9235	SYNPCC7942_RS06225
M744_RS10070	56.0310	SYNPCC7942_RS06220
M744_RS10075	25.9724	SYNPCC7942_RS06215
M744_RS10080	52.9051	SYNPCC7942_RS06210
M744_RS10085	30.4372	SYNPCC7942_RS06205
M744_RS10090	11.2433	SYNPCC7942_RS06200
M744_RS10095	9.0667	SYNPCC7942_RS06195
M744_RS10100	80.7088	SYNPCC7942_RS06190
M744_RS10105	44.8648	SYNPCC7942_RS06185
M744_RS10110	19.4106	SYNPCC7942_RS06180
M744_RS10115	4.2968	SYNPCC7942_RS06175
M744_RS10125	3.1270	SYNPCC7942_RS06165
M744_RS10130	2.1491	SYNPCC7942_RS06160
M744_RS10135	96.6703	SYNPCC7942_RS06155
M744_RS10140	76.4027	SYNPCC7942_RS06150
M744_RS10145	22.5937	SYNPCC7942_RS06145
M744_RS10150	47.5409	SYNPCC7942_RS06140
M744_RS10155	270.1684	SYNPCC7942_RS06135
M744_RS10160	113.9021	SYNPCC7942_RS06130
M744_RS10165	31.0307	SYNPCC7942_RS06125
M744_RS10170	243.8848	SYNPCC7942_RS06120
M744_RS10175	58.8432	SYNPCC7942_RS06115
M744_RS10180	36.8663	SYNPCC7942_RS06110
M744_RS10185	91.8281	SYNPCC7942_RS06105
M744_RS10190	13.5788	SYNPCC7942_RS06100
M744_RS10195	97.6583	SYNPCC7942_RS06095
M744_RS10200	23.3919	SYNPCC7942_RS06090
M744_RS10205	73.2535	SYNPCC7942_RS06085
M744_RS10210	35.1984	SYNPCC7942_RS06080
M744_RS10215	5.3010	SYNPCC7942_RS06075
M744_RS10220	9.3982	SYNPCC7942_RS06070
M744_RS10225	307.9065	SYNPCC7942_RS06065
M744_RS10230	192.8675	SYNPCC7942_RS06060
M744_RS10235	290.7668	SYNPCC7942_RS06055
M744_RS10240	585.7129	SYNPCC7942_RS06050
M744_RS10245	334.6130	SYNPCC7942_RS06045
M744_RS10250	272.0451	SYNPCC7942_RS06040
M744_RS10255	157.0144	SYNPCC7942_RS06035
M744_RS10260	596.9660	SYNPCC7942_RS06030
M744_RS10265	413.9166	SYNPCC7942_RS06025
M744_RS10270	146.5669	SYNPCC7942_RS06020
M744_RS10275	18.3282	SYNPCC7942_RS06015
M744_RS10280	48.7464	SYNPCC7942_RS06010
M744_RS10285	19.4857	SYNPCC7942_RS06005
M744_RS10290	40.2128	SYNPCC7942_RS06000
M744_RS10295	77.3396	SYNPCC7942_RS05995
M744_RS10300	64.1693	SYNPCC7942_RS05990
M744_RS10305	26.1791	SYNPCC7942_RS05985
M744_RS10310	60.0851	SYNPCC7942_RS05980
M744_RS10320	111.2778	SYNPCC7942_RS05970
M744_RS10330	16.4909	SYNPCC7942_RS05960
M744_RS10335	8.4911	SYNPCC7942_RS05955
M744_RS10340	2.4113	SYNPCC7942_RS05950
M744_RS10345	18.5703	SYNPCC7942_RS05945
M744_RS10355	118.9357	SYNPCC7942_RS05935
M744_RS10360	207.7744	SYNPCC7942_RS05930
M744_RS10365	131.3952	SYNPCC7942_RS05925
M744_RS10370	29.8799	SYNPCC7942_RS05920
M744_RS10375	61.2991	SYNPCC7942_RS05915
M744_RS10380	99.0716	SYNPCC7942_RS05910
M744_RS10390	39.5455	SYNPCC7942_RS05900
M744_RS10395	362.4906	SYNPCC7942_RS05895
M744_RS10405	107.1422	SYNPCC7942_RS05885
M744_RS10410	294.2561	SYNPCC7942_RS05880
M744_RS10415	10.7854	SYNPCC7942_RS05875
M744_RS10420	114.7139	SYNPCC7942_RS05870
M744_RS10425	190.8152	SYNPCC7942_RS05865
M744_RS10435	222.4199	SYNPCC7942_RS05855
M744_RS10440	32.1879	SYNPCC7942_RS05850
M744_RS10445	251.7590	SYNPCC7942_RS05845
M744_RS10450	82.5654	SYNPCC7942_RS05840
M744_RS10455	21.7463	SYNPCC7942_RS05835
M744_RS10460	489.9765	SYNPCC7942_RS05830
M744_RS10470	569.7352	SYNPCC7942_RS05820
M744_RS10475	243.9377	SYNPCC7942_RS05815
M744_RS10480	7.0098	SYNPCC7942_RS05810
M744_RS10485	15.8400	SYNPCC7942_RS05805
M744_RS10490	17.2708	SYNPCC7942_RS05800
M744_RS10495	19.1348	SYNPCC7942_RS05795
M744_RS10500	26.7732	SYNPCC7942_RS05790
M744_RS10505	201.3872	SYNPCC7942_RS05785
M744_RS10510	76.9880	SYNPCC7942_RS05780
M744_RS10515	20.9359	SYNPCC7942_RS05775
M744_RS10520	279.2458	SYNPCC7942_RS05770
M744_RS10525	148.8198	SYNPCC7942_RS05765
M744_RS10530	266.4089	SYNPCC7942_RS05760
M744_RS10535	248.7871	SYNPCC7942_RS05755
M744_RS10540	163.1949	SYNPCC7942_RS05750
M744_RS10545	266.8529	SYNPCC7942_RS05745
M744_RS10550	48.0951	SYNPCC7942_RS05740
M744_RS10555	14.9442	SYNPCC7942_RS05735
M744_RS10565	22.4519	SYNPCC7942_RS05725
M744_RS10570	175.2609	SYNPCC7942_RS05720
M744_RS10575	36.4598	SYNPCC7942_RS05715
M744_RS10580	71.1943	SYNPCC7942_RS05710
M744_RS10585	58.2338	SYNPCC7942_RS05705
M744_RS10590	39.5794	SYNPCC7942_RS05700
M744_RS10595	35.7268	SYNPCC7942_RS05695
M744_RS10600	149.2110	SYNPCC7942_RS05690
M744_RS10605	20.2071	SYNPCC7942_RS05685
M744_RS10610	26.3721	SYNPCC7942_RS05680
M744_RS10615	80.2016	SYNPCC7942_RS05675
M744_RS10620	25.6561	SYNPCC7942_RS05670
M744_RS10625	54.3665	SYNPCC7942_RS05665
M744_RS10630	96.9598	SYNPCC7942_RS05660
M744_RS10635	16.4062	SYNPCC7942_RS05655
M744_RS10640	36.3290	SYNPCC7942_RS05650
M744_RS10645	624.6058	SYNPCC7942_RS05645
M744_RS10650	101.0393	SYNPCC7942_RS05640
M744_RS10655	13.4373	SYNPCC7942_RS05635
M744_RS10660	22.3613	SYNPCC7942_RS05630
M744_RS10665	1805.9713	SYNPCC7942_RS05625
M744_RS10670	69.8488	SYNPCC7942_RS05620
M744_RS10675	19.4423	SYNPCC7942_RS05615
M744_RS10680	24.3937	SYNPCC7942_RS05610
M744_RS10685	16.8365	SYNPCC7942_RS05605
M744_RS10690	30.1482	SYNPCC7942_RS05600
M744_RS10695	59.9731	SYNPCC7942_RS05595
M744_RS10700	422.1304	SYNPCC7942_RS05590
M744_RS10705	1678.9421	SYNPCC7942_RS05585
M744_RS10710	58.1262	SYNPCC7942_RS05580
M744_RS10715	147.5801	SYNPCC7942_RS05575
M744_RS10720	175.7141	SYNPCC7942_RS05570
M744_RS10725	4.1667	SYNPCC7942_RS05565
M744_RS10735	111.9825	SYNPCC7942_RS05555
M744_RS10740	75.8755	SYNPCC7942_RS05550
M744_RS10745	36.2137	SYNPCC7942_RS05545
M744_RS10755	145.2541	SYNPCC7942_RS05535
M744_RS10760	218.3111	SYNPCC7942_RS05530
M744_RS10765	10.5852	SYNPCC7942_RS05525
M744_RS10770	24.5839	SYNPCC7942_RS05520
M744_RS10775	10.7825	SYNPCC7942_RS05515
M744_RS10780	16.4546	SYNPCC7942_RS05510
M744_RS10785	31.2124	SYNPCC7942_RS05505
M744_RS10790	10.2239	SYNPCC7942_RS05500
M744_RS10795	148.3529	SYNPCC7942_RS05495
M744_RS10800	42.4315	SYNPCC7942_RS05490
M744_RS10805	37.2220	SYNPCC7942_RS05485
M744_RS10810	172.8786	SYNPCC7942_RS05480
M744_RS10815	24.9174	SYNPCC7942_RS05475
M744_RS10825	324.0324	SYNPCC7942_RS05465
M744_RS10830	105.4611	SYNPCC7942_RS05460
M744_RS10835	34.9433	SYNPCC7942_RS05455
M744_RS10840	129.4202	SYNPCC7942_RS05450
M744_RS10845	25.2116	SYNPCC7942_RS05445
M744_RS10850	2.3893	SYNPCC7942_RS05440
M744_RS10855	22.8146	SYNPCC7942_RS05435
M744_RS10860	1272.1392	SYNPCC7942_RS05430
M744_RS10865	15.3981	SYNPCC7942_RS05425
M744_RS10870	211.3424	SYNPCC7942_RS05420
M744_RS10875	336.5354	SYNPCC7942_RS05415
M744_RS10880	11.1041	SYNPCC7942_RS05410
M744_RS10885	22.7334	SYNPCC7942_RS05405
M744_RS10900	738.5189	SYNPCC7942_RS05390
M744_RS10905	2427.6043	SYNPCC7942_RS05385
M744_RS10910	1523.3016	SYNPCC7942_RS05380
M744_RS10925	37.4275	SYNPCC7942_RS05365
M744_RS10930	89.6701	SYNPCC7942_RS05360
M744_RS10935	113.8161	SYNPCC7942_RS05355
M744_RS10940	34.1651	SYNPCC7942_RS05350
M744_RS10945	18.7403	SYNPCC7942_RS05345
M744_RS10950	62.0442	SYNPCC7942_RS05340
M744_RS10955	5.4987	SYNPCC7942_RS05335
M744_RS10960	9.4760	SYNPCC7942_RS05330
M744_RS10965	104.8770	SYNPCC7942_RS05325
M744_RS10970	274.2827	SYNPCC7942_RS05320
M744_RS10975	69.6195	SYNPCC7942_RS05315
M744_RS10980	59.5252	SYNPCC7942_RS05310
M744_RS10985	124.7489	SYNPCC7942_RS05305
M744_RS10990	228.0398	SYNPCC7942_RS05300
M744_RS11000	214.4206	SYNPCC7942_RS05290
M744_RS11005	145.9728	SYNPCC7942_RS05285
M744_RS11015	10.5844	SYNPCC7942_RS05275
M744_RS11020	160.0364	SYNPCC7942_RS05270
M744_RS11025	21.2374	SYNPCC7942_RS05265
M744_RS11030	41.4616	SYNPCC7942_RS05260
M744_RS11035	73.2792	SYNPCC7942_RS05255
M744_RS11040	33.7555	SYNPCC7942_RS05250
M744_RS11045	18.6801	SYNPCC7942_RS05245
M744_RS11050	114.7073	SYNPCC7942_RS05240
M744_RS11055	20.5200	SYNPCC7942_RS05235
M744_RS11060	80.6129	SYNPCC7942_RS05230
M744_RS11070	118.8128	SYNPCC7942_RS05220
M744_RS11075	738.5925	SYNPCC7942_RS05215
M744_RS11080	1013.0496	SYNPCC7942_RS05210
M744_RS11085	25.5029	SYNPCC7942_RS05205
M744_RS11090	45.0816	SYNPCC7942_RS05195
M744_RS11095	46.5270	SYNPCC7942_RS05190
M744_RS11100	83.5485	SYNPCC7942_RS05185
M744_RS11105	14.7027	SYNPCC7942_RS05180
M744_RS11110	15.3447	SYNPCC7942_RS05175
M744_RS11115	57.3147	SYNPCC7942_RS05170
M744_RS11125	47.2983	SYNPCC7942_RS05160
M744_RS11130	5.3206	SYNPCC7942_RS05155
M744_RS11135	2.5011	SYNPCC7942_RS05150
M744_RS11145	3587.0840	SYNPCC7942_RS05140
M744_RS11150	65.3273	SYNPCC7942_RS05135
M744_RS11155	72.4364	SYNPCC7942_RS05130
M744_RS11160	30.5686	SYNPCC7942_RS13725
M744_RS11165	604.5484	SYNPCC7942_RS05125
M744_RS11170	159.8326	SYNPCC7942_RS05120
M744_RS11175	83.8413	SYNPCC7942_RS05115
M744_RS11180	16.8965	SYNPCC7942_RS05110
M744_RS11185	34.2557	SYNPCC7942_RS05105
M744_RS11190	69.0110	SYNPCC7942_RS05100
M744_RS11195	99.4951	SYNPCC7942_RS05095
M744_RS11200	129.7913	SYNPCC7942_RS05090
M744_RS11205	12.9703	SYNPCC7942_RS13875
M744_RS11210	489.4298	SYNPCC7942_RS05080
M744_RS11215	101.6430	SYNPCC7942_RS05075
M744_RS11220	72.4217	SYNPCC7942_RS05070
M744_RS11225	144.9820	SYNPCC7942_RS05065
M744_RS11230	177.6175	SYNPCC7942_RS05060
M744_RS11235	46.4316	SYNPCC7942_RS05055
M744_RS11240	115.6598	SYNPCC7942_RS05050
M744_RS11245	207.4105	SYNPCC7942_RS05045
M744_RS11250	64.5476	SYNPCC7942_RS05040
M744_RS11260	33.8286	SYNPCC7942_RS05030
M744_RS11265	20.4493	SYNPCC7942_RS05025
M744_RS11270	924.8740	SYNPCC7942_RS05020
M744_RS11275	1711.4745	SYNPCC7942_RS05015
M744_RS11280	79.5767	SYNPCC7942_RS05010
M744_RS11285	6.0975	SYNPCC7942_RS05005
M744_RS11295	22.4742	SYNPCC7942_RS04995
M744_RS11300	572.1456	SYNPCC7942_RS04990
M744_RS11305	32.2079	SYNPCC7942_RS04985
M744_RS11310	75.8611	SYNPCC7942_RS04980
M744_RS11315	27.3584	SYNPCC7942_RS04975
M744_RS11320	142.5121	SYNPCC7942_RS04970
M744_RS11325	22.8268	SYNPCC7942_RS04965
M744_RS11330	112.3367	SYNPCC7942_RS04960
M744_RS11335	139.5744	SYNPCC7942_RS04955
M744_RS11340	51.5056	SYNPCC7942_RS04945
M744_RS11345	53.5546	SYNPCC7942_RS04940
M744_RS11350	30.0230	SYNPCC7942_RS04935
M744_RS11355	110.3721	SYNPCC7942_RS04930
M744_RS11360	25.5764	SYNPCC7942_RS04925
M744_RS11365	97.0111	SYNPCC7942_RS04920
M744_RS11370	429.1561	SYNPCC7942_RS04915
M744_RS11375	38.6372	SYNPCC7942_RS04910
M744_RS11380	33.3011	SYNPCC7942_RS04905
M744_RS11385	6.1013	SYNPCC7942_RS04900
M744_RS11390	59.4555	SYNPCC7942_RS04895
M744_RS11395	42.6256	SYNPCC7942_RS04890
M744_RS11400	74.3867	SYNPCC7942_RS04885
M744_RS11405	40.1154	SYNPCC7942_RS04880
M744_RS11410	30.8772	SYNPCC7942_RS04875
M744_RS11415	38.1006	SYNPCC7942_RS04870
M744_RS11420	33.3973	SYNPCC7942_RS04865
M744_RS11425	14.8139	SYNPCC7942_RS04860
M744_RS11430	31.1497	SYNPCC7942_RS04855
M744_RS11435	313.0786	SYNPCC7942_RS04850
M744_RS11440	955.2612	SYNPCC7942_RS04845
M744_RS11445	184.2721	SYNPCC7942_RS04840
M744_RS11450	114.7173	SYNPCC7942_RS04835
M744_RS11455	26.8201	SYNPCC7942_RS04830
M744_RS11460	4.5237	SYNPCC7942_RS04825
M744_RS11465	11.1222	SYNPCC7942_RS04820
M744_RS11470	17.6712	SYNPCC7942_RS04815
M744_RS11475	9.7388	SYNPCC7942_RS04810
M744_RS11480	21.4829	SYNPCC7942_RS04805
M744_RS11485	9.7344	SYNPCC7942_RS04800
M744_RS11490	50.5522	SYNPCC7942_RS04795
M744_RS11495	43.6255	SYNPCC7942_RS04790
M744_RS11500	20.5096	SYNPCC7942_RS04785
M744_RS11505	78.6754	SYNPCC7942_RS04780
M744_RS11510	426.2773	SYNPCC7942_RS04775
M744_RS11515	53.8774	SYNPCC7942_RS04770
M744_RS11520	95.9607	SYNPCC7942_RS04765
M744_RS11525	78.2155	SYNPCC7942_RS04760
M744_RS11530	325.3677	SYNPCC7942_RS04755
M744_RS11535	40.3539	SYNPCC7942_RS04750
M744_RS11540	18.5525	SYNPCC7942_RS04745
M744_RS11545	21.8865	SYNPCC7942_RS04740
M744_RS11550	227.2531	SYNPCC7942_RS04735
M744_RS11555	35.2391	SYNPCC7942_RS04730
M744_RS11565	39.0635	SYNPCC7942_RS04720
M744_RS11580	21.5188	SYNPCC7942_RS04705
M744_RS11585	6.8141	SYNPCC7942_RS04700
M744_RS11590	4.4002	SYNPCC7942_RS04695
M744_RS11595	74.7046	SYNPCC7942_RS04690
M744_RS11600	4.9932	SYNPCC7942_RS04685
M744_RS11605	149.4697	SYNPCC7942_RS04680
M744_RS11610	210.9095	SYNPCC7942_RS04675
M744_RS11615	69.6089	SYNPCC7942_RS04670
M744_RS11625	109.8077	SYNPCC7942_RS13975
M744_RS11630	345.9917	SYNPCC7942_RS04660
M744_RS11635	672.2501	SYNPCC7942_RS04655
M744_RS11640	37.9668	SYNPCC7942_RS04650
M744_RS11645	8.2774	SYNPCC7942_RS04645
M744_RS11650	172.4541	SYNPCC7942_RS04640
M744_RS11655	17.7229	SYNPCC7942_RS04635
M744_RS11665	13.3364	SYNPCC7942_RS04625
M744_RS11670	31.3600	SYNPCC7942_RS04620
M744_RS11675	124.6452	SYNPCC7942_RS04615
M744_RS11680	12.1378	SYNPCC7942_RS04610
M744_RS11685	22.9233	SYNPCC7942_RS04605
M744_RS11695	19.4564	SYNPCC7942_RS04595
M744_RS11700	351.4498	SYNPCC7942_RS04590
M744_RS11710	189.4056	SYNPCC7942_RS04580
M744_RS11715	8.6576	SYNPCC7942_RS04575
M744_RS11720	517.2789	SYNPCC7942_RS04570
M744_RS11725	464.3233	SYNPCC7942_RS04565
M744_RS11730	2305.0384	SYNPCC7942_RS04560
M744_RS11735	3104.4162	SYNPCC7942_RS04555
M744_RS11740	462.6851	SYNPCC7942_RS04550
M744_RS11745	49.1034	SYNPCC7942_RS04545
M744_RS11750	15.6593	SYNPCC7942_RS04540
M744_RS11755	15.8726	SYNPCC7942_RS04535
M744_RS11760	18.4090	SYNPCC7942_RS04530
M744_RS11765	659.8737	SYNPCC7942_RS04525
M744_RS11770	280.1472	SYNPCC7942_RS04520
M744_RS11775	342.6789	SYNPCC7942_RS04515
M744_RS11780	24.9414	SYNPCC7942_RS04510
M744_RS11785	64.2149	SYNPCC7942_RS04505
M744_RS11790	21.6609	SYNPCC7942_RS04500
M744_RS11795	12.6445	SYNPCC7942_RS04495
M744_RS11800	33.8923	SYNPCC7942_RS04490
M744_RS11805	17.0075	SYNPCC7942_RS04485
M744_RS11810	17.8492	SYNPCC7942_RS04480
M744_RS11815	83.2577	SYNPCC7942_RS04475
M744_RS11820	7.2833	SYNPCC7942_RS04470
M744_RS11825	49.9612	SYNPCC7942_RS04465
M744_RS11830	31.6601	SYNPCC7942_RS04460
M744_RS11835	142.7777	SYNPCC7942_RS04455
M744_RS11840	312.2280	SYNPCC7942_RS04450
M744_RS11845	96.5564	SYNPCC7942_RS04445
M744_RS11850	269.5967	SYNPCC7942_RS04440
M744_RS11855	239.4011	SYNPCC7942_RS04435
M744_RS11860	404.3015	SYNPCC7942_RS04430
M744_RS11865	1234.5265	SYNPCC7942_RS04425
M744_RS11870	120.9601	SYNPCC7942_RS04420
M744_RS11875	48.8479	SYNPCC7942_RS04415
M744_RS11880	225.2504	SYNPCC7942_RS04410
M744_RS11885	101.4262	SYNPCC7942_RS04405
M744_RS11890	55.0727	SYNPCC7942_RS04400
M744_RS11895	95.1194	SYNPCC7942_RS04395
M744_RS11900	63.0933	SYNPCC7942_RS04390
M744_RS11910	165.9203	SYNPCC7942_RS04380
M744_RS11915	339.3021	SYNPCC7942_RS04375
M744_RS11920	72.6104	SYNPCC7942_RS04370
M744_RS11925	230.4639	SYNPCC7942_RS04365
M744_RS11930	143.6868	SYNPCC7942_RS04360
M744_RS11935	119.2967	SYNPCC7942_RS04355
M744_RS11940	81.3087	SYNPCC7942_RS04350
M744_RS11945	3.2511	SYNPCC7942_RS04345
M744_RS11950	9.4726	SYNPCC7942_RS04340
M744_RS11955	11.0377	SYNPCC7942_RS04335
M744_RS11960	10.8490	SYNPCC7942_RS04330
M744_RS11965	7.6857	SYNPCC7942_RS04325
M744_RS11970	89.9025	SYNPCC7942_RS04320
M744_RS11975	10897.2101	SYNPCC7942_RS04315
M744_RS11980	198.2923	SYNPCC7942_RS04310
M744_RS11990	2.7225	SYNPCC7942_RS04300
M744_RS11995	21.9431	SYNPCC7942_RS04295
M744_RS12000	75.8192	SYNPCC7942_RS04290
M744_RS12005	24.0742	SYNPCC7942_RS04285
M744_RS12010	56.6563	SYNPCC7942_RS04280
M744_RS12015	81.6316	SYNPCC7942_RS04275
M744_RS12020	20.8422	SYNPCC7942_RS04270
M744_RS12025	9.2804	SYNPCC7942_RS04265
M744_RS12030	95.0562	SYNPCC7942_RS04260
M744_RS12035	51.4355	SYNPCC7942_RS04255
M744_RS12040	41.5599	SYNPCC7942_RS04250
M744_RS12045	75.9888	SYNPCC7942_RS04245
M744_RS12050	81.2867	SYNPCC7942_RS04240
M744_RS12055	33.3535	SYNPCC7942_RS04235
M744_RS12060	27.5784	SYNPCC7942_RS04230
M744_RS12065	57.0435	SYNPCC7942_RS04225
M744_RS12070	90.8148	SYNPCC7942_RS04220
M744_RS12075	8.5045	SYNPCC7942_RS04215
M744_RS12080	8.6448	SYNPCC7942_RS04210
M744_RS12085	131.0362	SYNPCC7942_RS04205
M744_RS12090	180.1156	SYNPCC7942_RS04200
M744_RS12095	57.7964	SYNPCC7942_RS04195
M744_RS12100	3.2300	SYNPCC7942_RS04190
M744_RS12105	104.0047	SYNPCC7942_RS04185
M744_RS12110	284.9613	SYNPCC7942_RS04180
M744_RS12115	86.7338	SYNPCC7942_RS04175
M744_RS12120	13.7331	SYNPCC7942_RS04170
M744_RS12125	141.8481	SYNPCC7942_RS04165
M744_RS12130	112.6698	SYNPCC7942_RS04160
M744_RS12135	65.1327	SYNPCC7942_RS04155
M744_RS12140	16.3159	SYNPCC7942_RS04150
M744_RS12145	352.8111	SYNPCC7942_RS04145
M744_RS12150	24.5967	SYNPCC7942_RS04140
M744_RS12155	133.9246	SYNPCC7942_RS04135
M744_RS12160	65.4588	SYNPCC7942_RS04130
M744_RS12165	185.5584	SYNPCC7942_RS04125
M744_RS12170	47.0586	SYNPCC7942_RS04120
M744_RS12175	27.5080	SYNPCC7942_RS04115
M744_RS12180	912.1351	SYNPCC7942_RS04110
M744_RS12185	91.1360	SYNPCC7942_RS04105
M744_RS12190	150.7235	SYNPCC7942_RS04100
M744_RS12195	57.7149	SYNPCC7942_RS04095
M744_RS12200	686.8280	SYNPCC7942_RS04090
M744_RS12205	40.2629	SYNPCC7942_RS04085
M744_RS12210	111.6114	SYNPCC7942_RS04080
M744_RS12215	73.0202	SYNPCC7942_RS04075
M744_RS12220	8.3020	SYNPCC7942_RS04070
M744_RS12225	17.3937	SYNPCC7942_RS04065
M744_RS12230	31.0959	SYNPCC7942_RS04060
M744_RS12235	303.2237	SYNPCC7942_RS04055
M744_RS12240	230.2558	SYNPCC7942_RS04050
M744_RS12245	152.4413	SYNPCC7942_RS04045
M744_RS12250	1520.7484	SYNPCC7942_RS04040
M744_RS12255	12.0333	SYNPCC7942_RS04035
M744_RS12260	96.9947	SYNPCC7942_RS04030
M744_RS12265	88.5036	SYNPCC7942_RS04025
M744_RS12270	21.7252	SYNPCC7942_RS04020
M744_RS12275	101.8063	SYNPCC7942_RS04015
M744_RS12280	125.2311	SYNPCC7942_RS04010
M744_RS12290	2.4507	SYNPCC7942_RS13700
M744_RS12295	7.0365	SYNPCC7942_RS03970
M744_RS12300	0.6998	SYNPCC7942_RS03965
M744_RS12310	10.4070	SYNPCC7942_RS03955
M744_RS12315	663.7316	SYNPCC7942_RS03950
M744_RS12325	190.8966	SYNPCC7942_RS03940
M744_RS12330	51.7808	SYNPCC7942_RS03935
M744_RS12335	248.1092	SYNPCC7942_RS03930
M744_RS12340	51.9630	SYNPCC7942_RS03925
M744_RS12345	9.0401	SYNPCC7942_RS03920
M744_RS12350	0.1077	SYNPCC7942_RS03915
M744_RS12355	18.0675	SYNPCC7942_RS03910
M744_RS12365	12.3897	SYNPCC7942_RS03900
M744_RS12370	0.6700	SYNPCC7942_RS03895
M744_RS12375	5.5579	SYNPCC7942_RS03890
M744_RS12380	45.0500	SYNPCC7942_RS03885
M744_RS12385	1.1634	SYNPCC7942_RS03880
M744_RS12390	7.3268	SYNPCC7942_RS03875
M744_RS12395	26.9917	SYNPCC7942_RS03870
M744_RS12405	157.0295	SYNPCC7942_RS03860
M744_RS12410	169.1161	SYNPCC7942_RS03855
M744_RS12415	331.8149	SYNPCC7942_RS03850
M744_RS12420	34.6711	SYNPCC7942_RS03845
M744_RS12425	9.0542	SYNPCC7942_RS03840
M744_RS12430	5.3027	SYNPCC7942_RS03835
M744_RS12440	8.3817	SYNPCC7942_RS03825
M744_RS12450	12.8349	SYNPCC7942_RS03815
M744_RS12455	11.7015	SYNPCC7942_RS03810
M744_RS12460	11.8233	SYNPCC7942_RS03805
M744_RS12465	8.1989	SYNPCC7942_RS03800
M744_RS12470	52.8908	SYNPCC7942_RS03795
M744_RS12475	33.4507	SYNPCC7942_RS03790
M744_RS12480	13.3485	SYNPCC7942_RS03785
M744_RS12485	14.5871	SYNPCC7942_RS03780
M744_RS12490	10.0120	SYNPCC7942_RS03775
M744_RS12495	48.2140	SYNPCC7942_RS03770
M744_RS12500	144.5475	SYNPCC7942_RS03765
M744_RS12505	19.6447	SYNPCC7942_RS03760
M744_RS12510	0.2552	SYNPCC7942_RS03755
M744_RS12515	8.0315	SYNPCC7942_RS03750
M744_RS12520	20.9263	SYNPCC7942_RS03745
M744_RS12530	2.2927	SYNPCC7942_RS03730
M744_RS12535	2.0903	SYNPCC7942_RS03725
M744_RS12540	1.0291	SYNPCC7942_RS03720
M744_RS12550	0.3591	SYNPCC7942_RS03710
M744_RS12555	3.1745	SYNPCC7942_RS03705
M744_RS12560	4.1170	SYNPCC7942_RS03700
M744_RS12565	1.3406	SYNPCC7942_RS03695
M744_RS12575	1.3736	SYNPCC7942_RS03685
M744_RS12580	17.3392	SYNPCC7942_RS03680
M744_RS12590	145.1865	SYNPCC7942_RS03670
M744_RS12600	83.4474	SYNPCC7942_RS03660
M744_RS12605	205.9308	SYNPCC7942_RS03655
M744_RS12610	1788.6395	SYNPCC7942_RS03650
M744_RS12615	139.7345	SYNPCC7942_RS03645
M744_RS12620	137.9302	SYNPCC7942_RS03640
M744_RS12625	10.7533	SYNPCC7942_RS03635
M744_RS12630	611.1134	SYNPCC7942_RS03630
M744_RS12635	29.4121	SYNPCC7942_RS03625
M744_RS12640	36.2823	SYNPCC7942_RS03620
M744_RS12645	84.2334	SYNPCC7942_RS03615
M744_RS12650	38.9190	SYNPCC7942_RS03610
M744_RS12655	249.1181	SYNPCC7942_RS03605
M744_RS12660	10.5388	SYNPCC7942_RS03600
M744_RS12665	29.7092	SYNPCC7942_RS03595
M744_RS12670	1075.5788	SYNPCC7942_RS03590
M744_RS12675	71.2946	SYNPCC7942_RS03585
M744_RS12685	4801.3539	SYNPCC7942_RS03575
M744_RS12690	323.0380	SYNPCC7942_RS03570
M744_RS12695	285.5107	SYNPCC7942_RS03565
M744_RS12700	391.1084	SYNPCC7942_RS03560
M744_RS12705	5.9445	SYNPCC7942_RS03555
M744_RS12710	23.4103	SYNPCC7942_RS03550
M744_RS12715	6.7756	SYNPCC7942_RS13620
M744_RS12720	151.7843	SYNPCC7942_RS03540
M744_RS12725	24.0098	SYNPCC7942_RS03535
M744_RS12730	11.9398	SYNPCC7942_RS03530
M744_RS12735	432.1886	SYNPCC7942_RS03525
M744_RS12740	547.2313	SYNPCC7942_RS03520
M744_RS12745	441.5658	SYNPCC7942_RS03515
M744_RS12750	414.6714	SYNPCC7942_RS03510
M744_RS12755	26.5354	SYNPCC7942_RS03505
M744_RS12760	31.0502	SYNPCC7942_RS03500
M744_RS12765	65.5357	SYNPCC7942_RS03495
M744_RS12770	32.6245	SYNPCC7942_RS03490
M744_RS12775	112.7387	SYNPCC7942_RS03485
M744_RS12780	855.9905	SYNPCC7942_RS03480
M744_RS12790	66.9493	SYNPCC7942_RS03470
M744_RS12800	608.8011	SYNPCC7942_RS03465
M744_RS12805	99.6446	SYNPCC7942_RS03460
M744_RS12810	52.0038	SYNPCC7942_RS03455
M744_RS12815	218.4389	SYNPCC7942_RS03450
M744_RS12820	26.3212	SYNPCC7942_RS03445
M744_RS12825	72.0629	SYNPCC7942_RS03440
M744_RS12830	20.6833	SYNPCC7942_RS03435
M744_RS12835	34.9471	SYNPCC7942_RS03430
M744_RS12840	12.5319	SYNPCC7942_RS03425
M744_RS12850	308.8086	SYNPCC7942_RS03415
M744_RS12855	19.2207	SYNPCC7942_RS03410
M744_RS12860	41.1360	SYNPCC7942_RS03405
M744_RS12865	41.0674	SYNPCC7942_RS03400
M744_RS12870	51.6258	SYNPCC7942_RS03395
M744_RS12875	226.0489	SYNPCC7942_RS03390
M744_RS12880	91.4899	SYNPCC7942_RS03385
M744_RS12885	39.5103	SYNPCC7942_RS03380
M744_RS12890	145.3400	SYNPCC7942_RS03375
M744_RS12895	139.8408	SYNPCC7942_RS03370
M744_RS12900	1354.9381	SYNPCC7942_RS03365
M744_RS12905	4872.0816	SYNPCC7942_RS03360
M744_RS12920	301.6724	SYNPCC7942_RS03345
M744_RS12925	83.5350	SYNPCC7942_RS03340
M744_RS12930	240.5963	SYNPCC7942_RS03335
M744_RS12935	173.8248	SYNPCC7942_RS03330
M744_RS12940	1431.1282	SYNPCC7942_RS03325
M744_RS12945	45.9122	SYNPCC7942_RS13685
M744_RS12950	231.4527	SYNPCC7942_RS03320
M744_RS12955	13.0914	SYNPCC7942_RS03315
M744_RS12960	590.5142	SYNPCC7942_RS03310
M744_RS12965	666.6046	SYNPCC7942_RS03305
M744_RS12970	74.4176	SYNPCC7942_RS03300
M744_RS12975	212.8249	SYNPCC7942_RS03295
M744_RS12980	91.4372	SYNPCC7942_RS03290
M744_RS12985	143.5921	SYNPCC7942_RS03285
M744_RS12990	114.5666	SYNPCC7942_RS03280
M744_RS12995	154.2199	SYNPCC7942_RS03275
M744_RS13000	394.2114	SYNPCC7942_RS03270
M744_RS13005	515.2938	SYNPCC7942_RS03265
M744_RS13010	1022.6993	SYNPCC7942_RS03260
M744_RS13015	498.3347	SYNPCC7942_RS03255
M744_RS13020	678.4885	SYNPCC7942_RS03250
M744_RS13025	296.7461	SYNPCC7942_RS03245
M744_RS13030	174.4607	SYNPCC7942_RS03240
M744_RS13035	224.3503	SYNPCC7942_RS03235
M744_RS13040	5.0756	SYNPCC7942_RS03230
M744_RS13045	50.0651	SYNPCC7942_RS03225
M744_RS13050	10.5432	SYNPCC7942_RS03220
M744_RS13060	185.4003	SYNPCC7942_RS03210
M744_RS13065	428.3118	SYNPCC7942_RS03205
M744_RS13070	165.4461	SYNPCC7942_RS03200
M744_RS13075	227.3580	SYNPCC7942_RS03195
M744_RS13080	361.3863	SYNPCC7942_RS03190
M744_RS13085	262.8035	SYNPCC7942_RS03185
M744_RS13090	147.8563	SYNPCC7942_RS03180
M744_RS13095	91.5498	SYNPCC7942_RS03175
M744_RS13100	363.0496	SYNPCC7942_RS03170
M744_RS13105	21.2184	SYNPCC7942_RS03165
M744_RS13110	23.4945	SYNPCC7942_RS03160
M744_RS13115	41.6265	SYNPCC7942_RS03155
M744_RS13120	114.9094	SYNPCC7942_RS03150
M744_RS13125	14.5741	SYNPCC7942_RS03145
M744_RS13130	102.5290	SYNPCC7942_RS03140
M744_RS13140	121.0339	SYNPCC7942_RS03130
M744_RS13145	101.1873	SYNPCC7942_RS03125
M744_RS13150	140.9075	SYNPCC7942_RS03120
M744_RS13160	14.9330	SYNPCC7942_RS03110
M744_RS13165	33.6803	SYNPCC7942_RS03105
M744_RS13170	230.1131	SYNPCC7942_RS03100
M744_RS13175	631.7678	SYNPCC7942_RS03095
M744_RS13180	105.9945	SYNPCC7942_RS03090
M744_RS13185	267.0663	SYNPCC7942_RS03080
M744_RS13190	250.8430	SYNPCC7942_RS03075
M744_RS13200	684.7247	SYNPCC7942_RS03065
M744_RS13205	19.5428	SYNPCC7942_RS03060
M744_RS13210	38.2165	SYNPCC7942_RS03055
M744_RS13215	219.4123	SYNPCC7942_RS03050
M744_RS13220	177.8848	SYNPCC7942_RS03045
M744_RS13230	38.9187	SYNPCC7942_RS03035
M744_RS13235	19.3579	SYNPCC7942_RS03030
M744_RS13240	53.8798	SYNPCC7942_RS03025
M744_RS13245	183.8135	SYNPCC7942_RS03020
M744_RS13250	33.6784	SYNPCC7942_RS03015
M744_RS13255	145.8387	SYNPCC7942_RS03010
M744_RS13290	30.7320	SYNPCC7942_RS13490
M744_RS13295	86.2812	SYNPCC7942_RS13485
M744_RS13300	85.3704	SYNPCC7942_RS13480
M744_RS13315	52.9546	SYNPCC7942_RS13465
M744_RS13320	31.4032	SYNPCC7942_RS13455
M744_RS13325	13.9329	SYNPCC7942_RS13450
M744_RS13330	2.9774	SYNPCC7942_RS13445
M744_RS13335	9.7571	SYNPCC7942_RS13440
M744_RS13340	1.4835	SYNPCC7942_RS13435
M744_RS13345	7.2068	SYNPCC7942_RS13430
M744_RS13350	10.5477	SYNPCC7942_RS13425
M744_RS13355	9.5661	SYNPCC7942_RS13420
M744_RS13360	4.5326	SYNPCC7942_RS13415
M744_RS13365	6.8130	SYNPCC7942_RS13410
M744_RS13370	9.0291	SYNPCC7942_RS13405
M744_RS13375	9.3016	SYNPCC7942_RS13400
M744_RS13380	2.9609	SYNPCC7942_RS13395
M744_RS13385	5.6312	SYNPCC7942_RS13390
M744_RS13395	6.3258	SYNPCC7942_RS13380
M744_RS13400	5.1129	SYNPCC7942_RS13375
M744_RS13405	7.4203	SYNPCC7942_RS13370
M744_RS13410	16.4291	SYNPCC7942_RS13365
M744_RS13415	22.7484	SYNPCC7942_RS13360
M744_RS13420	81.4649	SYNPCC7942_RS13355
M744_RS13425	34.7462	SYNPCC7942_RS13350
M744_RS13430	8.5321	SYNPCC7942_RS13345
M744_RS13440	66.4959	SYNPCC7942_RS13335
M744_RS13445	28.2990	SYNPCC7942_RS13330
M744_RS13450	34.9923	SYNPCC7942_RS13595
M744_RS13455	28.0635	SYNPCC7942_RS13590
M744_RS13470	1.3319	SYNPCC7942_RS13575
M744_RS13475	51.9259	SYNPCC7942_RS13570
M744_RS13480	19.0171	SYNPCC7942_RS13565
M744_RS13485	73.8284	SYNPCC7942_RS13560
M744_RS13490	205.6296	SYNPCC7942_RS13555
M744_RS13495	9.8996	SYNPCC7942_RS13550
M744_RS13500	6.4415	SYNPCC7942_RS13545
M744_RS13505	18.7594	SYNPCC7942_RS13540
M744_RS13510	3.6415	SYNPCC7942_RS13535
M744_RS13520	21.4102	SYNPCC7942_RS13525
M744_RS13525	3.0910	SYNPCC7942_RS13520
M744_RS13540	456.6620	SYNPCC7942_RS13505
M744_RS13545	28.5995	SYNPCC7942_RS13500
M744_RS13550	10.3670	SYNPCC7942_RS13495
M744_RS13590	11.7875	SYNPCC7942_RS13610
M744_RS13595	6.4467	SYNPCC7942_RS13630
M744_RS13600	10.5386	SYNPCC7942_RS13625
M744_RS13605	43.4134	SYNPCC7942_RS13615
M744_RS13615	8.2541	SYNPCC7942_RS13640
M744_RS13625	217.0353	SYNPCC7942_RS13675
M744_RS13630	26.5152	SYNPCC7942_RS13670
M744_RS13635	80.2622	SYNPCC7942_RS13665
M744_RS13640	21.6601	SYNPCC7942_RS00595
M744_RS13645	48.0933	SYNPCC7942_RS13660
M744_RS13655	38.4115	SYNPCC7942_RS13645
M744_RS13660	1444.2873	SYNPCC7942_RS13855
M744_RS13675	23.7550	SYNPCC7942_RS13840
M744_RS13690	96.4093	SYNPCC7942_RS13830
M744_RS13705	340.9135	SYNPCC7942_RS13815
M744_RS13710	3.0511	SYNPCC7942_RS10865
M744_RS13720	5.3868	SYNPCC7942_RS13805
M744_RS13725	279.4187	SYNPCC7942_RS13795
M744_RS13735	7.4619	SYNPCC7942_RS13760
M744_RS13745	2475.0536	SYNPCC7942_RS13770
M744_RS13760	2.8831	SYNPCC7942_RS13785
M744_RS13770	1114.8007	SYNPCC7942_RS13750
M744_RS13775	37.8067	SYNPCC7942_RS06420
M744_RS13780	86.1851	SYNPCC7942_RS13745
M744_RS13790	350.7797	SYNPCC7942_RS13735
M744_RS13795	86.9043	SYNPCC7942_RS13730
M744_RS13805	76.6897	SYNPCC7942_RS04950
M744_RS13810	5.1947	SYNPCC7942_RS13715
M744_RS13815	45.1445	SYNPCC7942_RS13710
M744_RS13820	114.2072	SYNPCC7942_RS13695
M744_RS13825	69.1472	SYNPCC7942_RS13690
M744_RS13830	70.0704	SYNPCC7942_RS13680
M744_RS13840	4.0267	SYNPCC7942_RS13860
M744_RS13845	4.9183	SYNPCC7942_RS13880
M744_RS13850	32.6873	SYNPCC7942_RS13870
M744_RS13860	3.5388	SYNPCC7942_RS13515
M744_RS13870	19.6256	SYNPCC7942_RS13930
M744_RS13875	25.8982	SYNPCC7942_RS13925
M744_RS13880	12.6153	SYNPCC7942_RS13920
M744_RS13885	11.9274	SYNPCC7942_RS13915
M744_RS13890	12.2625	SYNPCC7942_RS13910
M744_RS13895	1248.2225	SYNPCC7942_RS13905
M744_RS13900	341.8788	SYNPCC7942_RS14105
M744_RS13905	1328.3595	SYNPCC7942_RS14100
M744_RS13910	17.8113	SYNPCC7942_RS14095
M744_RS13915	47.5428	SYNPCC7942_RS11480
M744_RS13925	12.5357	SYNPCC7942_RS14085
M744_RS13930	5.6179	SYNPCC7942_RS10985
M744_RS13935	2.5394	SYNPCC7942_RS14080
M744_RS13945	1.4273	SYNPCC7942_RS14070
M744_RS13950	31.0496	SYNPCC7942_RS14065
M744_RS13955	8.5340	SYNPCC7942_RS14060
M744_RS13960	7.0189	SYNPCC7942_RS14055
M744_RS13965	8.8425	SYNPCC7942_RS14050
M744_RS13970	7.3093	SYNPCC7942_RS14045
M744_RS13975	2.2109	SYNPCC7942_RS14015
M744_RS13980	22.7933	SYNPCC7942_RS14020
M744_RS13985	32.0699	SYNPCC7942_RS14025
M744_RS13990	8.4472	SYNPCC7942_RS14030
M744_RS13995	4.9262	SYNPCC7942_RS14035
M744_RS14005	3.6547	SYNPCC7942_RS14005
M744_RS14010	34.9300	SYNPCC7942_RS14000
M744_RS14015	9.0474	SYNPCC7942_RS13995
M744_RS14020	9.7934	SYNPCC7942_RS13990
M744_RS14025	8.5836	SYNPCC7942_RS13985
M744_RS14030	21.0093	SYNPCC7942_RS13980
M744_RS14035	1474.5981	SYNPCC7942_RS13970
M744_RS14040	10.1523	SYNPCC7942_RS13965
M744_RS14045	879.4944	SYNPCC7942_RS13960
M744_RS14050	1.4125	SYNPCC7942_RS13940
M744_RS14055	0.7493	SYNPCC7942_RS13935
M744_RS14060	63.4052	SYNPCC7942_RS03735
M744_RS14065	1.6771	SYNPCC7942_RS13460
M744_RS14070	19.7254	SYNPCC7942_RS14125
M744_RS14080	7.1875	SYNPCC7942_RS14115
M744_RS14085	60.4142	SYNPCC7942_RS14145
M744_RS14090	85.0267	SYNPCC7942_RS14140
M744_RS14095	501.1197	SYNPCC7942_RS14135
M744_RS14100	20.6001	SYNPCC7942_RS14130
M744_RS14105	23.2320	SYNPCC7942_RS14200
M744_RS14110	33.7531	SYNPCC7942_RS14195
M744_RS14120	13.7729	SYNPCC7942_RS14190
M744_RS14125	66.9725	SYNPCC7942_RS14185
M744_RS14130	9.5010	SYNPCC7942_RS14180
M744_RS14135	3.2162	SYNPCC7942_RS14170
M744_RS14140	12.1982	SYNPCC7942_RS14175
M744_RS14150	136.6599	SYNPCC7942_RS14160
M744_RS14155	553.1223	SYNPCC7942_RS14155
M744_RS14160	8.9693	SYNPCC7942_RS14150
M744_RS14195	0.1241	SYNPCC7942_RS14295
M744_RS14210	5212.3585	SYNPCC7942_RS00240
