locus_tag	abundance	source_gene_id
M744_RS00005	25.9496	SYNPCC7942_RS02980
M744_RS00010	1192.8679	SYNPCC7942_RS02975
M744_RS00020	120.7276	SYNPCC7942_RS02965
M744_RS00025	15.4800	SYNPCC7942_RS02960
M744_RS00030	79.4407	SYNPCC7942_RS02955
M744_RS00035	154.0071	SYNPCC7942_RS02950
M744_RS00040	597.4859	SYNPCC7942_RS02945
M744_RS00045	1561.2727	SYNPCC7942_RS02940
M744_RS00050	59.2621	SYNPCC7942_RS02935
M744_RS00055	311.4116	SYNPCC7942_RS02930
M744_RS00060	67.0810	SYNPCC7942_RS02925
M744_RS00065	76.0281	SYNPCC7942_RS02920
M744_RS00075	30.9704	SYNPCC7942_RS02910
M744_RS00080	133.7108	SYNPCC7942_RS02905
M744_RS00085	189.2277	SYNPCC7942_RS02900
M744_RS00090	875.3832	SYNPCC7942_RS02895
M744_RS00095	74.8731	SYNPCC7942_RS02890
M744_RS00100	77.5390	SYNPCC7942_RS02885
M744_RS00105	39.1137	SYNPCC7942_RS02880
M744_RS00110	186.8052	SYNPCC7942_RS02875
M744_RS00115	92.8336	SYNPCC7942_RS02870
M744_RS00120	97.2171	SYNPCC7942_RS02865
M744_RS00125	45.1862	SYNPCC7942_RS02860
M744_RS00130	252.7701	SYNPCC7942_RS02855
M744_RS00135	48.8034	SYNPCC7942_RS02850
M744_RS00140	264.2806	SYNPCC7942_RS02845
M744_RS00145	143.8355	SYNPCC7942_RS02840
M744_RS00150	40.6666	SYNPCC7942_RS02835
M744_RS00155	131.3928	SYNPCC7942_RS02830
M744_RS00160	13.0274	SYNPCC7942_RS02825
M744_RS00165	237.8392	SYNPCC7942_RS02820
M744_RS00170	252.6234	SYNPCC7942_RS02815
M744_RS00175	59.3605	SYNPCC7942_RS02810
M744_RS00180	151.2142	SYNPCC7942_RS02805
M744_RS00185	17.2609	SYNPCC7942_RS02800
M744_RS00190	194.3419	SYNPCC7942_RS02795
M744_RS00195	190.4253	SYNPCC7942_RS02790
M744_RS00200	7.1081	SYNPCC7942_RS02785
M744_RS00205	139.1085	SYNPCC7942_RS02780
M744_RS00210	34.7678	SYNPCC7942_RS02775
M744_RS00215	8.1279	SYNPCC7942_RS02770
M744_RS00220	43.8623	SYNPCC7942_RS02765
M744_RS00225	71.7970	SYNPCC7942_RS02760
M744_RS00230	5.5502	SYNPCC7942_RS02755
M744_RS00235	15.5340	SYNPCC7942_RS02750
M744_RS00240	18.9770	SYNPCC7942_RS02745
M744_RS00245	8.3024	SYNPCC7942_RS02740
M744_RS00250	1283.5909	SYNPCC7942_RS02735
M744_RS00255	526.2279	SYNPCC7942_RS02730
M744_RS00260	117.8116	SYNPCC7942_RS02725
M744_RS00265	1227.2105	SYNPCC7942_RS02720
M744_RS00270	146.4981	SYNPCC7942_RS02715
M744_RS00275	7.6351	SYNPCC7942_RS02710
M744_RS00280	13.7069	SYNPCC7942_RS02705
M744_RS00285	107.5247	SYNPCC7942_RS02700
M744_RS00290	27.7287	SYNPCC7942_RS02695
M744_RS00295	100.9121	SYNPCC7942_RS02690
M744_RS00300	192.8152	SYNPCC7942_RS02685
M744_RS00305	339.6790	SYNPCC7942_RS02680
M744_RS00310	17.3538	SYNPCC7942_RS02675
M744_RS00315	73.9629	SYNPCC7942_RS02670
M744_RS00320	26.5564	SYNPCC7942_RS02665
M744_RS00325	58.7648	SYNPCC7942_RS02660
M744_RS00330	22.3104	SYNPCC7942_RS02655
M744_RS00335	10.8100	SYNPCC7942_RS02645
M744_RS00340	18.2477	SYNPCC7942_RS02640
M744_RS00345	21.1663	SYNPCC7942_RS02635
M744_RS00350	46.0293	SYNPCC7942_RS02630
M744_RS00355	125.0752	SYNPCC7942_RS02625
M744_RS00360	531.7188	SYNPCC7942_RS02620
M744_RS00365	25.7891	SYNPCC7942_RS02615
M744_RS00370	186.1046	SYNPCC7942_RS02610
M744_RS00375	40.3048	SYNPCC7942_RS02605
M744_RS00380	178.7737	SYNPCC7942_RS02600
M744_RS00385	179.1374	SYNPCC7942_RS02595
M744_RS00390	33.7152	SYNPCC7942_RS02590
M744_RS00395	37.5443	SYNPCC7942_RS02585
M744_RS00400	27.1864	SYNPCC7942_RS02580
M744_RS00405	76.4090	SYNPCC7942_RS02575
M744_RS00410	80.9574	SYNPCC7942_RS02570
M744_RS00415	284.5012	SYNPCC7942_RS02565
M744_RS00420	184.5214	SYNPCC7942_RS02560
M744_RS00425	26.8524	SYNPCC7942_RS02555
M744_RS00430	4.5161	SYNPCC7942_RS02550
M744_RS00435	82.7581	SYNPCC7942_RS02545
M744_RS00440	19.2504	SYNPCC7942_RS02540
M744_RS00445	108.1767	SYNPCC7942_RS02535
M744_RS00450	158.7185	SYNPCC7942_RS02530
M744_RS00455	56.5300	SYNPCC7942_RS02525
M744_RS00460	274.5876	SYNPCC7942_RS02520
M744_RS00465	48.2098	SYNPCC7942_RS02515
M744_RS00470	104.3847	SYNPCC7942_RS02510
M744_RS00475	69.5924	SYNPCC7942_RS02505
M744_RS00485	87.7065	SYNPCC7942_RS02495
M744_RS00490	168.4279	SYNPCC7942_RS02490
M744_RS00495	233.9432	SYNPCC7942_RS02485
M744_RS00500	320.0565	SYNPCC7942_RS02480
M744_RS00505	58.5745	SYNPCC7942_RS02475
M744_RS00510	59.9635	SYNPCC7942_RS02470
M744_RS00515	80.4995	SYNPCC7942_RS02465
M744_RS00520	99.6105	SYNPCC7942_RS02460
M744_RS00525	266.4440	SYNPCC7942_RS02455
M744_RS00530	143.5905	SYNPCC7942_RS02450
M744_RS00535	202.8166	SYNPCC7942_RS02445
M744_RS00540	264.3115	SYNPCC7942_RS02440
M744_RS00545	58.8714	SYNPCC7942_RS02435
M744_RS00550	312.0521	SYNPCC7942_RS02430
M744_RS00555	67.3960	SYNPCC7942_RS02425
M744_RS00560	2.4177	SYNPCC7942_RS02420
M744_RS00565	518.6734	SYNPCC7942_RS02415
M744_RS00570	8.8768	SYNPCC7942_RS02410
M744_RS00575	70.7411	SYNPCC7942_RS02405
M744_RS00590	459.3409	SYNPCC7942_RS02390
M744_RS00595	121.9755	SYNPCC7942_RS02385
M744_RS00600	70.5389	SYNPCC7942_RS02380
M744_RS00605	315.6947	SYNPCC7942_RS02375
M744_RS00610	62.0955	SYNPCC7942_RS02370
M744_RS00615	161.4991	SYNPCC7942_RS02365
M744_RS00620	20.8585	SYNPCC7942_RS02360
M744_RS00625	12.3732	SYNPCC7942_RS02355
M744_RS00630	28.0869	SYNPCC7942_RS02350
M744_RS00635	37.6777	SYNPCC7942_RS02345
M744_RS00640	78.9104	SYNPCC7942_RS02340
M744_RS00645	65.4229	SYNPCC7942_RS02335
M744_RS00650	16.3818	SYNPCC7942_RS02330
M744_RS00655	29.9168	SYNPCC7942_RS02325
M744_RS00660	11.1583	SYNPCC7942_RS02320
M744_RS00665	93.8601	SYNPCC7942_RS02315
M744_RS00675	85.6469	SYNPCC7942_RS02305
M744_RS00680	415.7559	SYNPCC7942_RS02300
M744_RS00685	105.2200	SYNPCC7942_RS02295
M744_RS00690	767.0713	SYNPCC7942_RS02290
M744_RS00695	36.4119	SYNPCC7942_RS02285
M744_RS00700	611.3191	SYNPCC7942_RS02280
M744_RS00705	88.1932	SYNPCC7942_RS02275
M744_RS00710	245.8048	SYNPCC7942_RS02270
M744_RS00715	696.4244	SYNPCC7942_RS02265
M744_RS00720	2539.5764	SYNPCC7942_RS02260
M744_RS00725	20.7894	SYNPCC7942_RS02255
M744_RS00735	71.2995	SYNPCC7942_RS02245
M744_RS00740	14.5626	SYNPCC7942_RS02240
M744_RS00750	3.1540	SYNPCC7942_RS02230
M744_RS00755	47.6754	SYNPCC7942_RS02225
M744_RS00760	59.0552	SYNPCC7942_RS02220
M744_RS00770	41.6039	SYNPCC7942_RS02210
M744_RS00775	52.5740	SYNPCC7942_RS02205
M744_RS00780	60.1008	SYNPCC7942_RS02200
M744_RS00785	735.7019	SYNPCC7942_RS02195
M744_RS00790	273.8147	SYNPCC7942_RS02190
M744_RS00795	151.4777	SYNPCC7942_RS02185
M744_RS00800	58.5087	SYNPCC7942_RS02180
M744_RS00805	21.6117	SYNPCC7942_RS02175
M744_RS00810	235.5127	SYNPCC7942_RS02170
M744_RS00815	13149.1646	SYNPCC7942_RS02165
M744_RS00820	240.5822	SYNPCC7942_RS02160
M744_RS00825	227.9545	SYNPCC7942_RS02155
M744_RS00830	31.7262	SYNPCC7942_RS02150
M744_RS00835	85.8074	SYNPCC7942_RS02145
M744_RS00840	211.7667	SYNPCC7942_RS02140
M744_RS00845	22797.0328	SYNPCC7942_RS02135
M744_RS00850	13798.2629	SYNPCC7942_RS02130
M744_RS00855	6947.3704	SYNPCC7942_RS02125
M744_RS00860	360.9501	SYNPCC7942_RS02120
M744_RS00865	65.6370	SYNPCC7942_RS02115
M744_RS00875	126.9713	SYNPCC7942_RS02105
M744_RS00880	48.1672	SYNPCC7942_RS02100
M744_RS00885	67.4855	SYNPCC7942_RS02095
M744_RS00890	28.5114	SYNPCC7942_RS02090
M744_RS00895	34.5046	SYNPCC7942_RS02085
M744_RS00900	22.2332	SYNPCC7942_RS02080
M744_RS00905	99.9480	SYNPCC7942_RS02075
M744_RS00910	171.8850	SYNPCC7942_RS02070
M744_RS00915	39.1855	SYNPCC7942_RS02065
M744_RS00920	231.7602	SYNPCC7942_RS02060
M744_RS00925	26.4678	SYNPCC7942_RS02055
M744_RS00930	61.9044	SYNPCC7942_RS02050
M744_RS00935	120.7716	SYNPCC7942_RS02045
M744_RS00940	161.3180	SYNPCC7942_RS02040
M744_RS00945	78.6660	SYNPCC7942_RS02035
M744_RS00950	49.7139	SYNPCC7942_RS02030
M744_RS00955	49.9603	SYNPCC7942_RS02025
M744_RS00960	153.0044	SYNPCC7942_RS02020
M744_RS00965	265.2900	SYNPCC7942_RS02015
M744_RS00970	113.6059	SYNPCC7942_RS02010
M744_RS00975	10.3124	SYNPCC7942_RS02005
M744_RS00980	32.2123	SYNPCC7942_RS02000
M744_RS00985	672.8075	SYNPCC7942_RS01995
M744_RS00990	100.3064	SYNPCC7942_RS01990
M744_RS00995	26.1610	SYNPCC7942_RS01985
M744_RS01000	44.3580	SYNPCC7942_RS01980
M744_RS01005	33.8647	SYNPCC7942_RS01975
M744_RS01010	173.7163	SYNPCC7942_RS01970
M744_RS01015	736.5331	SYNPCC7942_RS01965
M744_RS01020	26.9734	SYNPCC7942_RS01960
M744_RS01025	164.2653	SYNPCC7942_RS01955
M744_RS01030	302.6936	SYNPCC7942_RS01950
M744_RS01035	104.2456	SYNPCC7942_RS01945
M744_RS01040	19.9220	SYNPCC7942_RS01940
M744_RS01045	114.7481	SYNPCC7942_RS01935
M744_RS01050	101.9900	SYNPCC7942_RS01930
M744_RS01055	104.7288	SYNPCC7942_RS01925
M744_RS01060	32.5971	SYNPCC7942_RS01920
M744_RS01065	65.2327	SYNPCC7942_RS01915
M744_RS01070	55.6312	SYNPCC7942_RS01910
M744_RS01075	112.0620	SYNPCC7942_RS01905
M744_RS01080	83.4942	SYNPCC7942_RS01900
M744_RS01090	69.6673	SYNPCC7942_RS01890
M744_RS01095	266.6752	SYNPCC7942_RS01885
M744_RS01100	117.2045	SYNPCC7942_RS01880
M744_RS01105	20.6093	SYNPCC7942_RS01875
M744_RS01110	41.8307	SYNPCC7942_RS01870
M744_RS01115	86.4156	SYNPCC7942_RS01865
M744_RS01120	205.0978	SYNPCC7942_RS01860
M744_RS01125	93.1891	SYNPCC7942_RS01855
M744_RS01130	10.1913	SYNPCC7942_RS01850
M744_RS01135	33.0867	SYNPCC7942_RS01845
M744_RS01140	515.6282	SYNPCC7942_RS01840
M744_RS01145	188.5831	SYNPCC7942_RS01835
M744_RS01150	43.3355	SYNPCC7942_RS01830
M744_RS01155	16.6908	SYNPCC7942_RS01825
M744_RS01160	101.0461	SYNPCC7942_RS01820
M744_RS01170	57.6891	SYNPCC7942_RS01810
M744_RS01175	146.2345	SYNPCC7942_RS01805
M744_RS01180	66.9518	SYNPCC7942_RS01800
M744_RS01185	29.9429	SYNPCC7942_RS01795
M744_RS01190	88.4299	SYNPCC7942_RS01790
M744_RS01195	51.8784	SYNPCC7942_RS01785
M744_RS01200	32.6919	SYNPCC7942_RS01780
M744_RS01205	120.3757	SYNPCC7942_RS01775
M744_RS01210	479.5645	SYNPCC7942_RS01770
M744_RS01215	111.5107	SYNPCC7942_RS01765
M744_RS01220	18.6477	SYNPCC7942_RS01760
M744_RS01225	268.2248	SYNPCC7942_RS01755
M744_RS01230	426.7154	SYNPCC7942_RS01750
M744_RS01235	217.6015	SYNPCC7942_RS01745
M744_RS01240	36.7712	SYNPCC7942_RS01740
M744_RS01245	20.4422	SYNPCC7942_RS01735
M744_RS01250	36.1764	SYNPCC7942_RS01730
M744_RS01255	6.3838	SYNPCC7942_RS01725
M744_RS01260	48.8651	SYNPCC7942_RS01720
M744_RS01265	270.5079	SYNPCC7942_RS01715
M744_RS01275	278.6090	SYNPCC7942_RS01705
M744_RS01280	179.1953	SYNPCC7942_RS01700
M744_RS01285	231.3657	SYNPCC7942_RS01695
M744_RS01290	656.2238	SYNPCC7942_RS01690
M744_RS01295	2133.1852	SYNPCC7942_RS01685
M744_RS01300	914.5179	SYNPCC7942_RS01680
M744_RS01305	25.1521	SYNPCC7942_RS01675
M744_RS01310	1837.7483	SYNPCC7942_RS01670
M744_RS01315	1253.7891	SYNPCC7942_RS01665
M744_RS01320	1311.1678	SYNPCC7942_RS01660
M744_RS01325	136.0843	SYNPCC7942_RS01655
M744_RS01330	147.9177	SYNPCC7942_RS01650
M744_RS01335	180.3976	SYNPCC7942_RS01645
M744_RS01340	166.5702	SYNPCC7942_RS01640
M744_RS01345	585.0612	SYNPCC7942_RS01635
M744_RS01350	22.2472	SYNPCC7942_RS01630
M744_RS01355	17.6848	SYNPCC7942_RS01625
M744_RS01360	51.7705	SYNPCC7942_RS01620
M744_RS01365	69.9563	SYNPCC7942_RS01615
M744_RS01370	25.5556	SYNPCC7942_RS01610
M744_RS01375	355.6772	SYNPCC7942_RS01605
M744_RS01380	16.5540	SYNPCC7942_RS01600
M744_RS01385	121.1202	SYNPCC7942_RS01595
M744_RS01390	96.2149	SYNPCC7942_RS01590
M744_RS01395	42.4611	SYNPCC7942_RS01585
M744_RS01400	19.6785	SYNPCC7942_RS01580
M744_RS01405	462.7468	SYNPCC7942_RS01575
M744_RS01410	242.4630	SYNPCC7942_RS01570
M744_RS01415	150.9847	SYNPCC7942_RS01565
M744_RS01420	66.9267	SYNPCC7942_RS01560
M744_RS01425	116.4883	SYNPCC7942_RS01555
M744_RS01430	412.4514	SYNPCC7942_RS01550
M744_RS01435	19.5510	SYNPCC7942_RS01545
M744_RS01440	89.2562	SYNPCC7942_RS01540
M744_RS01445	329.5724	SYNPCC7942_RS01535
M744_RS01450	216.4190	SYNPCC7942_RS01530
M744_RS01455	49.1996	SYNPCC7942_RS01525
M744_RS01460	24.3702	SYNPCC7942_RS01520
M744_RS01465	1430.1740	SYNPCC7942_RS01515
M744_RS01470	162.7121	SYNPCC7942_RS01510
M744_RS01475	110.9244	SYNPCC7942_RS01505
M744_RS01480	528.7050	SYNPCC7942_RS01500
M744_RS01485	12.6932	SYNPCC7942_RS01495
M744_RS01490	75.3745	SYNPCC7942_RS01490
M744_RS01495	187.7955	SYNPCC7942_RS01485
M744_RS01505	40.1987	SYNPCC7942_RS01475
M744_RS01510	694.5669	SYNPCC7942_RS01470
M744_RS01515	53.6867	SYNPCC7942_RS01465
M744_RS01525	16.5238	SYNPCC7942_RS01455
M744_RS01530	41.0897	SYNPCC7942_RS01450
M744_RS01535	83.0651	SYNPCC7942_RS01445
M744_RS01540	16.9213	SYNPCC7942_RS01440
M744_RS01545	594.4450	SYNPCC7942_RS01435
M744_RS01550	139.6412	SYNPCC7942_RS01430
M744_RS01555	35.3167	SYNPCC7942_RS01425
M744_RS01560	114.8264	SYNPCC7942_RS01420
M744_RS01565	57.0921	SYNPCC7942_RS01415
M744_RS01570	71.7551	SYNPCC7942_RS01410
M744_RS01575	142.9376	SYNPCC7942_RS01405
M744_RS01580	14.5911	SYNPCC7942_RS01400
M744_RS01585	15.4060	SYNPCC7942_RS01395
M744_RS01590	7.5902	SYNPCC7942_RS01390
M744_RS01595	34.1738	SYNPCC7942_RS01385
M744_RS01600	17.7840	SYNPCC7942_RS01380
M744_RS01605	60.5725	SYNPCC7942_RS01375
M744_RS01610	49.5245	SYNPCC7942_RS01370
M744_RS01615	16.3034	SYNPCC7942_RS01365
M744_RS01620	243.6154	SYNPCC7942_RS01360
M744_RS01625	64.8412	SYNPCC7942_RS01355
M744_RS01630	28.3350	SYNPCC7942_RS01350
M744_RS01635	54.2159	SYNPCC7942_RS01345
M744_RS01640	85.6926	SYNPCC7942_RS01340
M744_RS01645	466.5243	SYNPCC7942_RS01335
M744_RS01650	22.4508	SYNPCC7942_RS01330
M744_RS01655	6177.3683	SYNPCC7942_RS01325
M744_RS01660	147.5602	SYNPCC7942_RS01320
M744_RS01665	33.7025	SYNPCC7942_RS01315
M744_RS01670	74.7362	SYNPCC7942_RS01310
M744_RS01680	247.5375	SYNPCC7942_RS01300
M744_RS01685	979.5999	SYNPCC7942_RS01295
M744_RS01690	253.1769	SYNPCC7942_RS01290
M744_RS01695	724.3719	SYNPCC7942_RS01285
M744_RS01700	94.9222	SYNPCC7942_RS01280
M744_RS01705	19.2047	SYNPCC7942_RS01275
M744_RS01710	28.5819	SYNPCC7942_RS01270
M744_RS01715	66.6586	SYNPCC7942_RS01265
M744_RS01720	39.8758	SYNPCC7942_RS01260
M744_RS01725	80.0732	SYNPCC7942_RS01255
M744_RS01730	1045.8993	SYNPCC7942_RS01250
M744_RS01735	2687.0098	SYNPCC7942_RS01245
M744_RS01740	271.9947	SYNPCC7942_RS01240
M744_RS01745	163.3792	SYNPCC7942_RS01235
M744_RS01755	76.9265	SYNPCC7942_RS01225
M744_RS01760	553.6703	SYNPCC7942_RS01220
M744_RS01765	23.3900	SYNPCC7942_RS01215
M744_RS01770	52.3717	SYNPCC7942_RS01210
M744_RS01775	23.9510	SYNPCC7942_RS01205
M744_RS01780	108.9015	SYNPCC7942_RS01200
M744_RS01785	21.7651	SYNPCC7942_RS01195
M744_RS01790	37.7459	SYNPCC7942_RS01190
M744_RS01795	70.7019	SYNPCC7942_RS01185
M744_RS01800	36.8706	SYNPCC7942_RS01180
M744_RS01805	5.6786	SYNPCC7942_RS01175
M744_RS01810	65.3222	SYNPCC7942_RS01170
M744_RS01815	82.1430	SYNPCC7942_RS01165
M744_RS01820	10.6160	SYNPCC7942_RS01160
M744_RS01825	94.3138	SYNPCC7942_RS01155
M744_RS01830	45.1200	SYNPCC7942_RS01150
M744_RS01835	437.7979	SYNPCC7942_RS01145
M744_RS01840	159.8512	SYNPCC7942_RS01140
M744_RS01845	118.1633	SYNPCC7942_RS01135
M744_RS01850	40.3170	SYNPCC7942_RS01130
M744_RS01855	72.9758	SYNPCC7942_RS01125
M744_RS01860	51.9830	SYNPCC7942_RS01120
M744_RS01865	20.4301	SYNPCC7942_RS01115
M744_RS01870	24.7392	SYNPCC7942_RS01110
M744_RS01880	175.8142	SYNPCC7942_RS01100
M744_RS01885	51.0550	SYNPCC7942_RS01095
M744_RS01890	142.1002	SYNPCC7942_RS01090
M744_RS01895	59.4471	SYNPCC7942_RS01085
M744_RS01900	30.6968	SYNPCC7942_RS01080
M744_RS01905	96.2440	SYNPCC7942_RS01075
M744_RS01910	50.7810	SYNPCC7942_RS01070
M744_RS01915	10.8268	SYNPCC7942_RS01065
M744_RS01920	11.2221	SYNPCC7942_RS01060
M744_RS01925	58.4224	SYNPCC7942_RS01055
M744_RS01935	5.4448	SYNPCC7942_RS01045
M744_RS01940	28.9115	SYNPCC7942_RS01040
M744_RS01950	28.8244	SYNPCC7942_RS01030
M744_RS01955	106.7196	SYNPCC7942_RS01025
M744_RS01960	40.9056	SYNPCC7942_RS01020
M744_RS01965	16.0487	SYNPCC7942_RS01015
M744_RS01970	63.1475	SYNPCC7942_RS01010
M744_RS01975	75.0889	SYNPCC7942_RS01005
M744_RS01980	212.3029	SYNPCC7942_RS01000
M744_RS01985	116.2749	SYNPCC7942_RS00995
M744_RS01990	224.8484	SYNPCC7942_RS00990
M744_RS01995	158.1225	SYNPCC7942_RS00985
M744_RS02005	134.7171	SYNPCC7942_RS00975
M744_RS02010	233.0112	SYNPCC7942_RS00970
M744_RS02015	13.5413	SYNPCC7942_RS00965
M744_RS02020	693.2435	SYNPCC7942_RS00960
M744_RS02025	29.3726	SYNPCC7942_RS00955
M744_RS02030	63.9558	SYNPCC7942_RS00950
M744_RS02035	4.5988	SYNPCC7942_RS00945
M744_RS02040	30.5938	SYNPCC7942_RS00940
M744_RS02045	38.0403	SYNPCC7942_RS00935
M744_RS02050	25.7196	SYNPCC7942_RS00930
M744_RS02055	20.8511	SYNPCC7942_RS00925
M744_RS02060	123.4593	SYNPCC7942_RS00920
M744_RS02065	51.6316	SYNPCC7942_RS00915
M744_RS02070	9.5617	SYNPCC7942_RS00910
M744_RS02075	73.4531	SYNPCC7942_RS00905
M744_RS02080	103.3439	SYNPCC7942_RS00900
M744_RS02090	2.6189	SYNPCC7942_RS00890
M744_RS02095	17.3530	SYNPCC7942_RS00885
M744_RS02100	11.4185	SYNPCC7942_RS00880
M744_RS02105	10.0486	SYNPCC7942_RS00875
M744_RS02110	54.9863	SYNPCC7942_RS00870
M744_RS02115	61.2044	SYNPCC7942_RS00865
M744_RS02120	1031.5392	SYNPCC7942_RS00860
M744_RS02125	334.3797	SYNPCC7942_RS00855
M744_RS02130	46.2171	SYNPCC7942_RS00850
M744_RS02140	136.6615	SYNPCC7942_RS00840
M744_RS02145	95.6905	SYNPCC7942_RS00835
M744_RS02150	223.7263	SYNPCC7942_RS00830
M744_RS02155	114.9014	SYNPCC7942_RS00825
M744_RS02160	43.3959	SYNPCC7942_RS00820
M744_RS02165	52.2233	SYNPCC7942_RS00815
M744_RS02170	76.8745	SYNPCC7942_RS00810
M744_RS02175	18.1643	SYNPCC7942_RS00805
M744_RS02180	596.4139	SYNPCC7942_RS00800
M744_RS02185	511.2709	SYNPCC7942_RS00795
M744_RS02190	286.8216	SYNPCC7942_RS00790
M744_RS02195	2.8889	SYNPCC7942_RS00785
M744_RS02200	35.9261	SYNPCC7942_RS00780
M744_RS02205	192.0187	SYNPCC7942_RS00775
M744_RS02210	146.7008	SYNPCC7942_RS00770
M744_RS02215	142.2245	SYNPCC7942_RS00765
M744_RS02220	35.3414	SYNPCC7942_RS00760
M744_RS02225	6.3398	SYNPCC7942_RS00755
M744_RS02230	98.7454	SYNPCC7942_RS00750
M744_RS02235	206.7309	SYNPCC7942_RS00745
M744_RS02240	63.2438	SYNPCC7942_RS00740
M744_RS02245	22.7598	SYNPCC7942_RS00735
M744_RS02250	52.6419	SYNPCC7942_RS00730
M744_RS02255	385.3349	SYNPCC7942_RS00725
M744_RS02260	337.7528	SYNPCC7942_RS00720
M744_RS02265	163.4395	SYNPCC7942_RS00715
M744_RS02275	1060.8011	SYNPCC7942_RS00705
M744_RS02280	66.5404	SYNPCC7942_RS00700
M744_RS02285	427.9970	SYNPCC7942_RS00695
M744_RS02290	32.5695	SYNPCC7942_RS00690
M744_RS02295	11.7304	SYNPCC7942_RS00685
M744_RS02300	81.2376	SYNPCC7942_RS00680
M744_RS02305	67.5029	SYNPCC7942_RS00675
M744_RS02310	30.9654	SYNPCC7942_RS00670
M744_RS02315	111.9824	SYNPCC7942_RS00665
M744_RS02320	117.8494	SYNPCC7942_RS00660
M744_RS02325	23.6410	SYNPCC7942_RS00655
M744_RS02330	104.9762	SYNPCC7942_RS00650
M744_RS02335	50.1554	SYNPCC7942_RS00645
M744_RS02345	281.7039	SYNPCC7942_RS00635
M744_RS02350	26.3823	SYNPCC7942_RS00630
M744_RS02360	36.0874	SYNPCC7942_RS00620
M744_RS02370	11.4612	SYNPCC7942_RS00610
M744_RS02375	13.0438	SYNPCC7942_RS00605
M744_RS02380	7.2983	SYNPCC7942_RS00600
M744_RS02385	826.3162	SYNPCC7942_RS00590
M744_RS02390	42.2547	SYNPCC7942_RS00585
M744_RS02395	17.9616	SYNPCC7942_RS13655
M744_RS02400	138.4033	SYNPCC7942_RS00580
M744_RS02405	4.4201	SYNPCC7942_RS00575
M744_RS02410	14.7004	SYNPCC7942_RS00570
M744_RS02415	41.8578	SYNPCC7942_RS00565
M744_RS02420	29.3081	SYNPCC7942_RS00560
M744_RS02425	120.6433	SYNPCC7942_RS00555
M744_RS02430	2.4507	SYNPCC7942_RS00550
M744_RS02435	61.5249	SYNPCC7942_RS00545
M744_RS02440	35.9719	SYNPCC7942_RS00540
M744_RS02445	78.4440	SYNPCC7942_RS00535
M744_RS02450	40.9443	SYNPCC7942_RS00530
M744_RS02455	9.4525	SYNPCC7942_RS00525
M744_RS02460	95.3136	SYNPCC7942_RS00520
M744_RS02465	471.4448	SYNPCC7942_RS00515
M744_RS02470	116.3963	SYNPCC7942_RS00510
M744_RS02475	30.9820	SYNPCC7942_RS00505
M744_RS02480	442.4301	SYNPCC7942_RS00500
M744_RS02485	70.8552	SYNPCC7942_RS00495
M744_RS02490	202.9081	SYNPCC7942_RS00490
M744_RS02505	8.6839	SYNPCC7942_RS00475
M744_RS02510	25.1853	SYNPCC7942_RS00470
M744_RS02515	90.0911	SYNPCC7942_RS00465
M744_RS02520	44.5304	SYNPCC7942_RS00460
M744_RS02525	70.7200	SYNPCC7942_RS00455
M744_RS02530	117.3123	SYNPCC7942_RS00450
M744_RS02540	147.0249	SYNPCC7942_RS00440
M744_RS02545	91.2840	SYNPCC7942_RS00435
M744_RS02550	301.4995	SYNPCC7942_RS00430
M744_RS02555	432.1680	SYNPCC7942_RS00425
M744_RS02560	88.5760	SYNPCC7942_RS00420
M744_RS02565	35.1656	SYNPCC7942_RS00415
M744_RS02570	13.9677	SYNPCC7942_RS00410
M744_RS02575	182.6084	SYNPCC7942_RS00405
M744_RS02580	41.8197	SYNPCC7942_RS00400
M744_RS02585	183.0355	SYNPCC7942_RS00395
M744_RS02590	175.6048	SYNPCC7942_RS00390
M744_RS02595	31.1892	SYNPCC7942_RS00385
M744_RS02600	42.0124	SYNPCC7942_RS00380
M744_RS02605	55.6879	SYNPCC7942_RS00375
M744_RS02610	267.6507	SYNPCC7942_RS00370
M744_RS02615	1.9132	SYNPCC7942_RS00365
M744_RS02620	232.5500	SYNPCC7942_RS00360
M744_RS02625	39.0764	SYNPCC7942_RS00355
M744_RS02630	48.5259	SYNPCC7942_RS00350
M744_RS02635	9.0922	SYNPCC7942_RS00345
M744_RS02640	26.3348	SYNPCC7942_RS00340
M744_RS02645	29.2828	SYNPCC7942_RS00335
M744_RS02650	32.2975	SYNPCC7942_RS00330
M744_RS02655	61.2286	SYNPCC7942_RS00325
M744_RS02660	461.2158	SYNPCC7942_RS00320
M744_RS02665	6.2062	SYNPCC7942_RS00315
M744_RS02670	38.2104	SYNPCC7942_RS00310
M744_RS02675	28.9457	SYNPCC7942_RS00305
M744_RS02685	26.5667	SYNPCC7942_RS00295
M744_RS02690	22.3212	SYNPCC7942_RS00290
M744_RS02695	44.8789	SYNPCC7942_RS00285
M744_RS02700	56.6193	SYNPCC7942_RS00280
M744_RS02710	67.4767	SYNPCC7942_RS00270
M744_RS02715	44.8755	SYNPCC7942_RS00265
M744_RS02720	64.7324	SYNPCC7942_RS00260
M744_RS02725	83.3297	SYNPCC7942_RS00255
M744_RS02730	361.3061	SYNPCC7942_RS00250
M744_RS02745	976.1243	SYNPCC7942_RS00235
M744_RS02750	184.8937	SYNPCC7942_RS00230
M744_RS02755	48.9128	SYNPCC7942_RS00225
M744_RS02760	59.3258	SYNPCC7942_RS00220
M744_RS02765	9.9201	SYNPCC7942_RS00215
M744_RS02770	152.5844	SYNPCC7942_RS00210
M744_RS02775	65.5292	SYNPCC7942_RS00205
M744_RS02780	59.3945	SYNPCC7942_RS00200
M744_RS02785	723.4798	SYNPCC7942_RS00195
M744_RS02790	19.3566	SYNPCC7942_RS00190
M744_RS02795	14.0293	SYNPCC7942_RS00185
M744_RS02800	21.5033	SYNPCC7942_RS00180
M744_RS02805	83.6039	SYNPCC7942_RS00175
M744_RS02810	114.2249	SYNPCC7942_RS00170
M744_RS02815	17.4861	SYNPCC7942_RS00165
M744_RS02820	39.3920	SYNPCC7942_RS00160
M744_RS02825	20.0548	SYNPCC7942_RS00155
M744_RS02830	6.5564	SYNPCC7942_RS00150
M744_RS02835	5.3771	SYNPCC7942_RS00145
M744_RS02845	99.6791	SYNPCC7942_RS00135
M744_RS02850	101.5145	SYNPCC7942_RS00130
M744_RS02855	41.6121	SYNPCC7942_RS00125
M744_RS02860	62.4133	SYNPCC7942_RS00120
M744_RS02865	55.8599	SYNPCC7942_RS00115
M744_RS02870	7.8126	SYNPCC7942_RS00110
M744_RS02875	9.8803	SYNPCC7942_RS00105
M744_RS02880	167.7750	SYNPCC7942_RS00100
M744_RS02885	130.0759	SYNPCC7942_RS00095
M744_RS02890	22.1496	SYNPCC7942_RS00090
M744_RS02895	36.4400	SYNPCC7942_RS00085
M744_RS02900	63.8461	SYNPCC7942_RS00080
M744_RS02905	57.7971	SYNPCC7942_RS00075
M744_RS02910	120.2246	SYNPCC7942_RS00070
M744_RS02915	422.6035	SYNPCC7942_RS00065
M744_RS02920	124.5731	SYNPCC7942_RS00060
M744_RS02925	77.0824	SYNPCC7942_RS00055
M744_RS02930	49.7549	SYNPCC7942_RS00050
M744_RS02935	149.2821	SYNPCC7942_RS00045
M744_RS02940	45.0638	SYNPCC7942_RS00040
M744_RS02945	20.7025	SYNPCC7942_RS00035
M744_RS02950	10.7189	SYNPCC7942_RS00030
M744_RS02955	72.7353	SYNPCC7942_RS00025
M744_RS02960	423.2292	SYNPCC7942_RS00020
M744_RS02965	346.8013	SYNPCC7942_RS00015
M744_RS02970	89.0299	SYNPCC7942_RS00010
M744_RS02975	203.5807	SYNPCC7942_RS00005
M744_RS02980	26.8517	SYNPCC7942_RS13310
M744_RS02985	258.8377	SYNPCC7942_RS13305
M744_RS02990	56.4989	SYNPCC7942_RS13300
M744_RS02995	45.2292	SYNPCC7942_RS13295
M744_RS03000	254.9561	SYNPCC7942_RS13290
M744_RS03005	259.2689	SYNPCC7942_RS13285
M744_RS03010	15.5962	SYNPCC7942_RS13280
M744_RS03015	282.9876	SYNPCC7942_RS13275
M744_RS03020	263.4793	SYNPCC7942_RS13270
M744_RS03025	92.1875	SYNPCC7942_RS13265
M744_RS03030	190.2019	SYNPCC7942_RS13260
M744_RS03035	176.1795	SYNPCC7942_RS13255
M744_RS03040	26.2584	SYNPCC7942_RS13250
M744_RS03045	46.0607	SYNPCC7942_RS13245
M744_RS03050	14.1052	SYNPCC7942_RS13240
M744_RS03055	35.9322	SYNPCC7942_RS13235
M744_RS03060	12.0358	SYNPCC7942_RS13230
M744_RS03065	243.3730	SYNPCC7942_RS13225
M744_RS03070	91.3177	SYNPCC7942_RS13220
M744_RS03075	60.5519	SYNPCC7942_RS13215
M744_RS03085	821.4594	SYNPCC7942_RS13205
M744_RS03090	45.5375	SYNPCC7942_RS13200
M744_RS03095	112.8812	SYNPCC7942_RS13195
M744_RS03100	173.7396	SYNPCC7942_RS13190
M744_RS03105	71.8706	SYNPCC7942_RS13185
M744_RS03110	99.4304	SYNPCC7942_RS13180
M744_RS03115	22.6427	SYNPCC7942_RS13175
M744_RS03120	17.9783	SYNPCC7942_RS13170
M744_RS03125	9.8170	SYNPCC7942_RS13165
M744_RS03130	44.7972	SYNPCC7942_RS13160
M744_RS03135	500.8435	SYNPCC7942_RS13155
M744_RS03140	26.1664	SYNPCC7942_RS13150
M744_RS03145	22.3033	SYNPCC7942_RS13145
M744_RS03155	346.7680	SYNPCC7942_RS13135
M744_RS03160	65.0575	SYNPCC7942_RS13130
M744_RS03165	47.0121	SYNPCC7942_RS13125
M744_RS03170	41.3476	SYNPCC7942_RS13120
M744_RS03175	120.7773	SYNPCC7942_RS13115
M744_RS03205	36.9353	SYNPCC7942_RS13085
M744_RS03215	18.1656	SYNPCC7942_RS13075
M744_RS03220	28.9346	SYNPCC7942_RS13070
M744_RS03225	236.2230	SYNPCC7942_RS13065
M744_RS03230	69.8566	SYNPCC7942_RS13060
M744_RS03235	54.2736	SYNPCC7942_RS13055
M744_RS03240	14.8491	SYNPCC7942_RS13050
M744_RS03245	16.5713	SYNPCC7942_RS13045
M744_RS03255	122.4703	SYNPCC7942_RS13035
M744_RS03260	94.0868	SYNPCC7942_RS13030
M744_RS03265	96.7001	SYNPCC7942_RS13025
M744_RS03270	383.7957	SYNPCC7942_RS13020
M744_RS03275	660.0592	SYNPCC7942_RS13015
M744_RS03280	22.0866	SYNPCC7942_RS13010
M744_RS03285	314.3586	SYNPCC7942_RS13005
M744_RS03290	20.5239	SYNPCC7942_RS13000
M744_RS03295	259.0070	SYNPCC7942_RS12995
M744_RS03300	112.9225	SYNPCC7942_RS12990
M744_RS03305	260.8176	SYNPCC7942_RS12985
M744_RS03310	247.0172	SYNPCC7942_RS12980
M744_RS03315	28.9386	SYNPCC7942_RS12975
M744_RS03320	32.0877	SYNPCC7942_RS12970
M744_RS03325	92.7728	SYNPCC7942_RS12965
M744_RS03330	18.1518	SYNPCC7942_RS12960
M744_RS03335	25.7358	SYNPCC7942_RS12955
M744_RS03340	4.4351	SYNPCC7942_RS12950
M744_RS03345	104.4699	SYNPCC7942_RS12945
M744_RS03350	35.0060	SYNPCC7942_RS12940
M744_RS03355	21.7645	SYNPCC7942_RS12935
M744_RS03360	87.6540	SYNPCC7942_RS12930
M744_RS03365	3.5391	SYNPCC7942_RS12925
M744_RS03370	73.5996	SYNPCC7942_RS12920
M744_RS03375	27.4942	SYNPCC7942_RS12915
M744_RS03390	238.0712	SYNPCC7942_RS12900
M744_RS03395	62.9830	SYNPCC7942_RS12895
M744_RS03400	36.0847	SYNPCC7942_RS12890
M744_RS03405	560.1455	SYNPCC7942_RS12885
M744_RS03410	214.8034	SYNPCC7942_RS12880
M744_RS03415	56.0901	SYNPCC7942_RS12875
M744_RS03420	254.3536	SYNPCC7942_RS12870
M744_RS03425	171.6586	SYNPCC7942_RS12865
M744_RS03430	63.5598	SYNPCC7942_RS12860
M744_RS03435	91.6629	SYNPCC7942_RS12855
M744_RS03440	246.8467	SYNPCC7942_RS12850
M744_RS03445	340.5427	SYNPCC7942_RS12845
M744_RS03450	296.7206	SYNPCC7942_RS12840
M744_RS03455	21.7508	SYNPCC7942_RS12835
M744_RS03460	31.2605	SYNPCC7942_RS12830
M744_RS03465	1287.5172	SYNPCC7942_RS12825
M744_RS03470	552.7289	SYNPCC7942_RS12820
M744_RS03475	503.9342	SYNPCC7942_RS12815
M744_RS03485	36.0567	SYNPCC7942_RS12805
M744_RS03490	81.0658	SYNPCC7942_RS12800
M744_RS03495	14.4487	SYNPCC7942_RS12795
M744_RS03500	194.2634	SYNPCC7942_RS12790
M744_RS03505	120.4649	SYNPCC7942_RS12785
M744_RS03510	81.1684	SYNPCC7942_RS12780
M744_RS03515	20.9110	SYNPCC7942_RS12775
M744_RS03525	63.6991	SYNPCC7942_RS12765
M744_RS03530	57.5699	SYNPCC7942_RS12760
M744_RS03535	147.7093	SYNPCC7942_RS12755
M744_RS03545	433.1365	SYNPCC7942_RS12745
M744_RS03550	37.4037	SYNPCC7942_RS12740
M744_RS03555	106.6493	SYNPCC7942_RS12735
M744_RS03560	49.8972	SYNPCC7942_RS12730
M744_RS03565	102.0230	SYNPCC7942_RS12725
M744_RS03575	306.7849	SYNPCC7942_RS12715
M744_RS03580	13.6285	SYNPCC7942_RS12710
M744_RS03585	6.6317	SYNPCC7942_RS12705
M744_RS03590	260.1176	SYNPCC7942_RS12700
M744_RS03595	28.5929	SYNPCC7942_RS12695
M744_RS03600	1005.1861	SYNPCC7942_RS12690
M744_RS03605	69.6579	SYNPCC7942_RS12685
M744_RS03610	605.4794	SYNPCC7942_RS12680
M744_RS03615	421.0949	SYNPCC7942_RS12675
M744_RS03620	245.4144	SYNPCC7942_RS12670
M744_RS03625	232.5959	SYNPCC7942_RS12665
M744_RS03630	96.8144	SYNPCC7942_RS12660
M744_RS03635	65.2109	SYNPCC7942_RS12655
M744_RS03640	9.3130	SYNPCC7942_RS12650
M744_RS03650	378.2730	SYNPCC7942_RS12640
M744_RS03655	9.9496	SYNPCC7942_RS12635
M744_RS03665	110.9309	SYNPCC7942_RS12625
M744_RS03670	141.4917	SYNPCC7942_RS12620
M744_RS03675	190.0992	SYNPCC7942_RS12615
M744_RS03680	1905.5942	SYNPCC7942_RS12610
M744_RS03690	136.9441	SYNPCC7942_RS12600
M744_RS03700	152.6313	SYNPCC7942_RS12590
M744_RS03705	161.2462	SYNPCC7942_RS12585
M744_RS03710	51.7990	SYNPCC7942_RS12580
M744_RS03715	87.0768	SYNPCC7942_RS12575
M744_RS03725	252.4184	SYNPCC7942_RS12565
M744_RS03730	221.5958	SYNPCC7942_RS12560
M744_RS03735	221.7497	SYNPCC7942_RS12555
M744_RS03740	111.7283	SYNPCC7942_RS12550
M744_RS03745	2777.0124	SYNPCC7942_RS12545
M744_RS03750	25.0468	SYNPCC7942_RS12540
M744_RS03755	127.1797	SYNPCC7942_RS12535
M744_RS03765	436.1943	SYNPCC7942_RS12530
M744_RS03770	52.1807	SYNPCC7942_RS12525
M744_RS03775	325.2261	SYNPCC7942_RS12520
M744_RS03780	7.4799	SYNPCC7942_RS12515
M744_RS03785	170.0567	SYNPCC7942_RS12510
M744_RS03790	192.5049	SYNPCC7942_RS12505
M744_RS03795	61.5191	SYNPCC7942_RS12500
M744_RS03805	128.7545	SYNPCC7942_RS12490
M744_RS03810	46.0555	SYNPCC7942_RS12485
M744_RS03815	96.2728	SYNPCC7942_RS12480
M744_RS03835	192.0421	SYNPCC7942_RS12465
M744_RS03850	224.8827	SYNPCC7942_RS12455
M744_RS03855	369.3993	SYNPCC7942_RS12450
M744_RS03860	752.6642	SYNPCC7942_RS12445
M744_RS03865	354.3492	SYNPCC7942_RS12440
M744_RS03870	58.8292	SYNPCC7942_RS12435
M744_RS03875	1188.7489	SYNPCC7942_RS12430
M744_RS03880	20.7486	SYNPCC7942_RS12425
M744_RS03885	95.9560	SYNPCC7942_RS12420
M744_RS03890	120.2423	SYNPCC7942_RS12415
M744_RS03895	131.7949	SYNPCC7942_RS12410
M744_RS03900	117.7746	SYNPCC7942_RS12405
M744_RS03905	1223.6894	SYNPCC7942_RS12400
M744_RS03910	210.1173	SYNPCC7942_RS12395
M744_RS03920	61.4201	SYNPCC7942_RS12385
M744_RS03925	591.1045	SYNPCC7942_RS12380
M744_RS03930	37.8254	SYNPCC7942_RS12375
M744_RS03935	33.5807	SYNPCC7942_RS12370
M744_RS03940	179.7102	SYNPCC7942_RS12365
M744_RS03945	111.3863	SYNPCC7942_RS12360
M744_RS03950	69.0422	SYNPCC7942_RS12355
M744_RS03955	217.1519	SYNPCC7942_RS12350
M744_RS03960	32.7775	SYNPCC7942_RS12345
M744_RS03965	99.1217	SYNPCC7942_RS12340
M744_RS03970	90.3058	SYNPCC7942_RS12335
M744_RS03975	98.8772	SYNPCC7942_RS12330
M744_RS03980	95.5191	SYNPCC7942_RS12325
M744_RS03985	37.7879	SYNPCC7942_RS12320
M744_RS03990	72.0134	SYNPCC7942_RS12315
M744_RS03995	261.6243	SYNPCC7942_RS12310
M744_RS04000	136.0182	SYNPCC7942_RS12305
M744_RS04005	92.6422	SYNPCC7942_RS12300
M744_RS04010	221.9136	SYNPCC7942_RS12295
M744_RS04015	500.3389	SYNPCC7942_RS12290
M744_RS04020	17.0670	SYNPCC7942_RS12285
M744_RS04025	51.5783	SYNPCC7942_RS12280
M744_RS04030	15.6899	SYNPCC7942_RS12275
M744_RS04035	137.6019	SYNPCC7942_RS12270
M744_RS04040	39.1585	SYNPCC7942_RS12265
M744_RS04045	62.3619	SYNPCC7942_RS12260
M744_RS04050	14.0248	SYNPCC7942_RS12255
M744_RS04055	102.7279	SYNPCC7942_RS12250
M744_RS04060	264.6642	SYNPCC7942_RS12245
M744_RS04065	20.2128	SYNPCC7942_RS12240
M744_RS04070	87.1313	SYNPCC7942_RS12235
M744_RS04075	187.4622	SYNPCC7942_RS12230
M744_RS04080	3.8621	SYNPCC7942_RS12225
M744_RS04095	59.4700	SYNPCC7942_RS12210
M744_RS04100	69.6127	SYNPCC7942_RS12205
M744_RS04105	175.1475	SYNPCC7942_RS12200
M744_RS04110	29.5114	SYNPCC7942_RS12195
M744_RS04115	623.4316	SYNPCC7942_RS12190
M744_RS04120	6.1653	SYNPCC7942_RS12185
M744_RS04125	156.5944	SYNPCC7942_RS12180
M744_RS04130	94.0637	SYNPCC7942_RS12175
M744_RS04135	67.6361	SYNPCC7942_RS12170
M744_RS04140	84.5721	SYNPCC7942_RS12165
M744_RS04145	167.4558	SYNPCC7942_RS12160
M744_RS04150	85.1751	SYNPCC7942_RS12155
M744_RS04160	62.6579	SYNPCC7942_RS12145
M744_RS04165	59.0908	SYNPCC7942_RS12140
M744_RS04170	285.2261	SYNPCC7942_RS12135
M744_RS04175	199.6663	SYNPCC7942_RS12130
M744_RS04180	34.2002	SYNPCC7942_RS12125
M744_RS04185	51.6241	SYNPCC7942_RS12120
M744_RS04190	525.9144	SYNPCC7942_RS12115
M744_RS04195	149.9164	SYNPCC7942_RS12110
M744_RS04200	14.5623	SYNPCC7942_RS12105
M744_RS04205	35.8467	SYNPCC7942_RS12100
M744_RS04210	316.2421	SYNPCC7942_RS12095
M744_RS04215	19.5421	SYNPCC7942_RS12090
M744_RS04220	249.6666	SYNPCC7942_RS12085
M744_RS04225	28.2246	SYNPCC7942_RS12080
M744_RS04230	35.9702	SYNPCC7942_RS12075
M744_RS04235	77.5656	SYNPCC7942_RS12070
M744_RS04240	157.2628	SYNPCC7942_RS12065
M744_RS04245	10.9747	SYNPCC7942_RS12060
M744_RS04250	24.4419	SYNPCC7942_RS12055
M744_RS04255	30.1998	SYNPCC7942_RS12050
M744_RS04260	7.1723	SYNPCC7942_RS12045
M744_RS04265	725.5053	SYNPCC7942_RS12040
M744_RS04270	213.2625	SYNPCC7942_RS12035
M744_RS04280	94.9681	SYNPCC7942_RS12025
M744_RS04285	275.6476	SYNPCC7942_RS12020
M744_RS04290	186.4156	SYNPCC7942_RS12015
M744_RS04295	49.9226	SYNPCC7942_RS12010
M744_RS04300	34.0397	SYNPCC7942_RS12005
M744_RS04305	94.3286	SYNPCC7942_RS12000
M744_RS04310	41.1330	SYNPCC7942_RS11995
M744_RS04315	90.9701	SYNPCC7942_RS11990
M744_RS04320	263.9654	SYNPCC7942_RS11985
M744_RS04325	74.3374	SYNPCC7942_RS11980
M744_RS04330	301.1120	SYNPCC7942_RS11975
M744_RS04335	30.3348	SYNPCC7942_RS11970
M744_RS04340	56.8637	SYNPCC7942_RS11965
M744_RS04345	202.5090	SYNPCC7942_RS11960
M744_RS04350	74.6098	SYNPCC7942_RS11955
M744_RS04355	1543.8652	SYNPCC7942_RS11950
M744_RS04360	69.1997	SYNPCC7942_RS11945
M744_RS04365	134.2981	SYNPCC7942_RS11940
M744_RS04370	695.9425	SYNPCC7942_RS11935
M744_RS04375	65.6570	SYNPCC7942_RS11930
M744_RS04380	259.5179	SYNPCC7942_RS11925
M744_RS04385	142.5465	SYNPCC7942_RS11920
M744_RS04390	172.4224	SYNPCC7942_RS11915
M744_RS04395	238.1383	SYNPCC7942_RS11910
M744_RS04400	114.4807	SYNPCC7942_RS11905
M744_RS04405	781.8924	SYNPCC7942_RS11900
M744_RS04410	40.4660	SYNPCC7942_RS11895
M744_RS04415	237.4883	SYNPCC7942_RS11890
M744_RS04420	98.1651	SYNPCC7942_RS11885
M744_RS04425	442.9557	SYNPCC7942_RS11880
M744_RS04430	68.3460	SYNPCC7942_RS11875
M744_RS04435	764.7688	SYNPCC7942_RS11870
M744_RS04440	891.0156	SYNPCC7942_RS11865
M744_RS04445	820.7851	SYNPCC7942_RS11860
M744_RS04450	702.7819	SYNPCC7942_RS11855
M744_RS04455	1813.9470	SYNPCC7942_RS11850
M744_RS04460	106.2521	SYNPCC7942_RS11845
M744_RS04465	36.1404	SYNPCC7942_RS11840
M744_RS04470	32.9669	SYNPCC7942_RS11835
M744_RS04475	71.2012	SYNPCC7942_RS11830
M744_RS04480	391.9134	SYNPCC7942_RS11825
M744_RS04485	103.2022	SYNPCC7942_RS11820
M744_RS04490	110.9784	SYNPCC7942_RS11815
M744_RS04495	23.2507	SYNPCC7942_RS11810
M744_RS04500	82.8332	SYNPCC7942_RS11805
M744_RS04505	260.6218	SYNPCC7942_RS11800
M744_RS04510	10.1935	SYNPCC7942_RS11795
M744_RS04520	18.1970	SYNPCC7942_RS11785
M744_RS04525	271.7232	SYNPCC7942_RS11780
M744_RS04530	136.3972	SYNPCC7942_RS11775
M744_RS04535	1023.8181	SYNPCC7942_RS11770
M744_RS04540	1324.9632	SYNPCC7942_RS11765
M744_RS04545	4374.0071	SYNPCC7942_RS11760
M744_RS04550	19.8965	SYNPCC7942_RS11755
M744_RS04555	146.7314	SYNPCC7942_RS11750
M744_RS04565	67.0122	SYNPCC7942_RS11740
M744_RS04570	350.8411	SYNPCC7942_RS11735
M744_RS04575	144.7807	SYNPCC7942_RS11730
M744_RS04580	184.0791	SYNPCC7942_RS11725
M744_RS04585	123.2182	SYNPCC7942_RS11720
M744_RS04590	42.6821	SYNPCC7942_RS11715
M744_RS04600	23.1371	SYNPCC7942_RS11705
M744_RS04605	106.1328	SYNPCC7942_RS11700
M744_RS04610	316.7060	SYNPCC7942_RS11695
M744_RS04615	266.0345	SYNPCC7942_RS11690
M744_RS04620	610.2198	SYNPCC7942_RS11685
M744_RS04625	9.8918	SYNPCC7942_RS11680
M744_RS04630	1941.3129	SYNPCC7942_RS11675
M744_RS04635	64.1534	SYNPCC7942_RS11670
M744_RS04640	14.0871	SYNPCC7942_RS11665
M744_RS04645	24.8832	SYNPCC7942_RS11660
M744_RS04650	35.4446	SYNPCC7942_RS11655
M744_RS04655	422.4150	SYNPCC7942_RS11650
M744_RS04660	67.0501	SYNPCC7942_RS11645
M744_RS04665	21.7684	SYNPCC7942_RS11640
M744_RS04670	172.1215	SYNPCC7942_RS11635
M744_RS04675	76.1988	SYNPCC7942_RS11630
M744_RS04680	86.5656	SYNPCC7942_RS11625
M744_RS04685	15.5304	SYNPCC7942_RS11620
M744_RS04690	140.7202	SYNPCC7942_RS11615
M744_RS04695	65.4713	SYNPCC7942_RS11610
M744_RS04700	15.6779	SYNPCC7942_RS11605
M744_RS04705	182.4806	SYNPCC7942_RS11600
M744_RS04710	80.6163	SYNPCC7942_RS11595
M744_RS04715	123.8509	SYNPCC7942_RS11590
M744_RS04720	490.6977	SYNPCC7942_RS11585
M744_RS04725	126.9572	SYNPCC7942_RS11580
M744_RS04730	7.5819	SYNPCC7942_RS11575
M744_RS04735	12.8155	SYNPCC7942_RS11570
M744_RS04750	248.6896	SYNPCC7942_RS11555
M744_RS04755	39.0360	SYNPCC7942_RS11550
M744_RS04760	13.5552	SYNPCC7942_RS11545
M744_RS04765	56.5922	SYNPCC7942_RS11540
M744_RS04770	44.0319	SYNPCC7942_RS11535
M744_RS04775	59.8372	SYNPCC7942_RS11530
M744_RS04780	53.0284	SYNPCC7942_RS11525
M744_RS04785	553.6776	SYNPCC7942_RS11520
M744_RS04790	24.7518	SYNPCC7942_RS11515
M744_RS04795	208.0008	SYNPCC7942_RS11510
M744_RS04800	374.3890	SYNPCC7942_RS11505
M744_RS04805	83.9756	SYNPCC7942_RS11500
M744_RS04810	171.4989	SYNPCC7942_RS11495
M744_RS04815	29.9009	SYNPCC7942_RS11490
M744_RS04820	21.0038	SYNPCC7942_RS11485
M744_RS04830	175.4601	SYNPCC7942_RS11475
M744_RS04835	35.2183	SYNPCC7942_RS11470
M744_RS04840	1241.5048	SYNPCC7942_RS11465
M744_RS04845	874.8350	SYNPCC7942_RS11460
M744_RS04850	218.4989	SYNPCC7942_RS11455
M744_RS04855	804.3001	SYNPCC7942_RS11450
M744_RS04870	19.6652	SYNPCC7942_RS11435
M744_RS04875	17.1274	SYNPCC7942_RS11430
M744_RS04880	262.3268	SYNPCC7942_RS11425
M744_RS04885	296.5059	SYNPCC7942_RS11420
M744_RS04890	4255.7634	SYNPCC7942_RS11415
M744_RS04895	77.3361	SYNPCC7942_RS11410
M744_RS04900	49.2715	SYNPCC7942_RS11405
M744_RS04905	340.3952	SYNPCC7942_RS11400
M744_RS04910	349.3073	SYNPCC7942_RS11395
M744_RS04920	112.7166	SYNPCC7942_RS11385
M744_RS04930	143.4002	SYNPCC7942_RS11375
M744_RS04935	52.0369	SYNPCC7942_RS11370
M744_RS04940	70.9688	SYNPCC7942_RS11365
M744_RS04945	13.6133	SYNPCC7942_RS11360
M744_RS04950	59.6572	SYNPCC7942_RS11355
M744_RS04955	14.0383	SYNPCC7942_RS11350
M744_RS04960	64.6840	SYNPCC7942_RS11345
M744_RS04970	342.5844	SYNPCC7942_RS11335
M744_RS04975	308.5755	SYNPCC7942_RS11330
M744_RS04980	157.4513	SYNPCC7942_RS11325
M744_RS04985	354.1401	SYNPCC7942_RS11320
M744_RS04990	93.7159	SYNPCC7942_RS11315
M744_RS04995	232.8284	SYNPCC7942_RS11310
M744_RS05000	269.0893	SYNPCC7942_RS11305
M744_RS05005	365.5844	SYNPCC7942_RS11300
M744_RS05010	103.5897	SYNPCC7942_RS11295
M744_RS05015	120.5398	SYNPCC7942_RS11290
M744_RS05020	258.2498	SYNPCC7942_RS11285
M744_RS05025	492.6832	SYNPCC7942_RS11280
M744_RS05030	418.5526	SYNPCC7942_RS11275
M744_RS05035	270.5653	SYNPCC7942_RS11270
M744_RS05040	491.8416	SYNPCC7942_RS11265
M744_RS05045	268.4392	SYNPCC7942_RS11260
M744_RS05050	285.0188	SYNPCC7942_RS11255
M744_RS05055	290.9497	SYNPCC7942_RS11250
M744_RS05060	631.6234	SYNPCC7942_RS11245
M744_RS05065	148.0304	SYNPCC7942_RS11240
M744_RS05070	360.0757	SYNPCC7942_RS11235
M744_RS05075	325.4007	SYNPCC7942_RS11230
M744_RS05080	971.6189	SYNPCC7942_RS11225
M744_RS05085	294.1804	SYNPCC7942_RS11220
M744_RS05090	1233.2337	SYNPCC7942_RS11215
M744_RS05095	479.6735	SYNPCC7942_RS11210
M744_RS05100	235.0632	SYNPCC7942_RS11205
M744_RS05105	458.5212	SYNPCC7942_RS11200
M744_RS05110	72.9432	SYNPCC7942_RS11195
M744_RS05115	101.4551	SYNPCC7942_RS11190
M744_RS05120	144.6173	SYNPCC7942_RS11185
M744_RS05130	152.1317	SYNPCC7942_RS11175
M744_RS05135	181.2883	SYNPCC7942_RS11170
M744_RS05140	27.0358	SYNPCC7942_RS11165
M744_RS05145	53.3369	SYNPCC7942_RS11160
M744_RS05150	44.2497	SYNPCC7942_RS11155
M744_RS05155	49.2766	SYNPCC7942_RS11150
M744_RS05160	5.1333	SYNPCC7942_RS11145
M744_RS05165	83.1310	SYNPCC7942_RS11140
M744_RS05170	242.0713	SYNPCC7942_RS11135
M744_RS05175	15.5469	SYNPCC7942_RS11130
M744_RS05180	183.1892	SYNPCC7942_RS11125
M744_RS05185	135.2507	SYNPCC7942_RS11120
M744_RS05190	65.2131	SYNPCC7942_RS11115
M744_RS05195	28.1535	SYNPCC7942_RS11110
M744_RS05200	84.3216	SYNPCC7942_RS11105
M744_RS05205	73.0678	SYNPCC7942_RS11100
M744_RS05210	58.5755	SYNPCC7942_RS11095
M744_RS05215	4.6389	SYNPCC7942_RS11090
M744_RS05220	205.4408	SYNPCC7942_RS11085
M744_RS05225	874.9828	SYNPCC7942_RS11080
M744_RS05230	176.5464	SYNPCC7942_RS11075
M744_RS05235	92.4736	SYNPCC7942_RS11070
M744_RS05240	68.0034	SYNPCC7942_RS11065
M744_RS05245	26.1171	SYNPCC7942_RS11060
M744_RS05250	4489.1179	SYNPCC7942_RS11055
M744_RS05255	1665.2332	SYNPCC7942_RS11050
M744_RS05260	935.8973	SYNPCC7942_RS11045
M744_RS05265	664.3739	SYNPCC7942_RS11040
M744_RS05270	2045.1212	SYNPCC7942_RS11035
M744_RS05275	15.7969	SYNPCC7942_RS11030
M744_RS05280	367.1260	SYNPCC7942_RS11025
M744_RS05285	182.2100	SYNPCC7942_RS11020
M744_RS05290	7.1838	SYNPCC7942_RS11015
M744_RS05295	8.0305	SYNPCC7942_RS11010
M744_RS05300	12.7079	SYNPCC7942_RS11005
M744_RS05305	24.4477	SYNPCC7942_RS11000
M744_RS05310	42.2187	SYNPCC7942_RS10995
M744_RS05315	4.5194	SYNPCC7942_RS10990
M744_RS05320	38.5396	SYNPCC7942_RS10980
M744_RS05325	206.3827	SYNPCC7942_RS10975
M744_RS05330	23.1203	SYNPCC7942_RS10970
M744_RS05335	677.5582	SYNPCC7942_RS10965
M744_RS05345	1362.6389	SYNPCC7942_RS10955
M744_RS05350	37.7263	SYNPCC7942_RS10950
M744_RS05355	22.5216	SYNPCC7942_RS10945
M744_RS05360	15.3644	SYNPCC7942_RS10940
M744_RS05365	92.5550	SYNPCC7942_RS10935
M744_RS05370	131.8137	SYNPCC7942_RS10930
M744_RS05375	112.4912	SYNPCC7942_RS10925
M744_RS05380	398.5832	SYNPCC7942_RS10920
M744_RS05385	205.6589	SYNPCC7942_RS10915
M744_RS05395	22.6970	SYNPCC7942_RS10905
M744_RS05400	30.7266	SYNPCC7942_RS10900
M744_RS05405	24.1889	SYNPCC7942_RS10895
M744_RS05410	19.7991	SYNPCC7942_RS10890
M744_RS05420	627.4260	SYNPCC7942_RS10880
M744_RS05425	81.5507	SYNPCC7942_RS10875
M744_RS05430	51.6707	SYNPCC7942_RS10870
M744_RS05435	8.9959	SYNPCC7942_RS10860
M744_RS05440	27.4507	SYNPCC7942_RS10855
M744_RS05445	60.0773	SYNPCC7942_RS10850
M744_RS05450	75.2261	SYNPCC7942_RS10845
M744_RS05455	1365.2590	SYNPCC7942_RS10840
M744_RS05460	68.8279	SYNPCC7942_RS10835
M744_RS05465	30.4623	SYNPCC7942_RS10830
M744_RS05470	67.7551	SYNPCC7942_RS10825
M744_RS05475	61.2921	SYNPCC7942_RS10820
M744_RS05480	116.2240	SYNPCC7942_RS10815
M744_RS05485	17.2382	SYNPCC7942_RS10810
M744_RS05490	130.7846	SYNPCC7942_RS10805
M744_RS05495	50.8707	SYNPCC7942_RS10800
M744_RS05500	97.0693	SYNPCC7942_RS10795
M744_RS05505	153.1267	SYNPCC7942_RS10790
M744_RS05510	209.8042	SYNPCC7942_RS10785
M744_RS05515	133.9410	SYNPCC7942_RS10780
M744_RS05520	114.7987	SYNPCC7942_RS10775
M744_RS05525	25.0954	SYNPCC7942_RS10770
M744_RS05530	49.2762	SYNPCC7942_RS10765
M744_RS05535	238.4718	SYNPCC7942_RS10760
M744_RS05540	1075.3409	SYNPCC7942_RS10755
M744_RS05545	834.3015	SYNPCC7942_RS10750
M744_RS05550	2868.6576	SYNPCC7942_RS10745
M744_RS05555	307.4308	SYNPCC7942_RS10740
M744_RS05560	226.2499	SYNPCC7942_RS10735
M744_RS05565	33.0752	SYNPCC7942_RS10730
M744_RS05570	65.7082	SYNPCC7942_RS10725
M744_RS05580	164.3171	SYNPCC7942_RS10715
M744_RS05585	1292.7853	SYNPCC7942_RS10710
M744_RS05590	22.1778	SYNPCC7942_RS10705
M744_RS05595	15.5838	SYNPCC7942_RS10700
M744_RS05600	34.1386	SYNPCC7942_RS10695
M744_RS05605	242.8149	SYNPCC7942_RS10690
M744_RS05610	16.4258	SYNPCC7942_RS10685
M744_RS05615	57.7789	SYNPCC7942_RS10680
M744_RS05620	19.8983	SYNPCC7942_RS10675
M744_RS05625	23.5401	SYNPCC7942_RS10670
M744_RS05630	28.0203	SYNPCC7942_RS10665
M744_RS05640	9.2936	SYNPCC7942_RS10655
M744_RS05645	37.1943	SYNPCC7942_RS10650
M744_RS05650	64.2353	SYNPCC7942_RS10645
M744_RS05655	8.8384	SYNPCC7942_RS10640
M744_RS05660	10.7594	SYNPCC7942_RS10635
M744_RS05665	15.0947	SYNPCC7942_RS10630
M744_RS05670	183.5140	SYNPCC7942_RS10625
M744_RS05675	13.7982	SYNPCC7942_RS10620
M744_RS05680	13.3739	SYNPCC7942_RS10615
M744_RS05685	51.5309	SYNPCC7942_RS10610
M744_RS05690	54.9389	SYNPCC7942_RS10605
M744_RS05695	45.3512	SYNPCC7942_RS10600
M744_RS05700	189.7473	SYNPCC7942_RS10595
M744_RS05705	784.5434	SYNPCC7942_RS10590
M744_RS05710	102.1788	SYNPCC7942_RS10585
M744_RS05715	48.0126	SYNPCC7942_RS10580
M744_RS05720	36.7603	SYNPCC7942_RS10575
M744_RS05725	39.5561	SYNPCC7942_RS10570
M744_RS05730	89.2282	SYNPCC7942_RS10565
M744_RS05735	30.0185	SYNPCC7942_RS10560
M744_RS05740	4968.9358	SYNPCC7942_RS10555
M744_RS05750	772.7338	SYNPCC7942_RS10545
M744_RS05755	155.1317	SYNPCC7942_RS10540
M744_RS05760	93.4846	SYNPCC7942_RS10535
M744_RS05765	38.6857	SYNPCC7942_RS10530
M744_RS05770	43.2420	SYNPCC7942_RS10525
M744_RS05775	25.0186	SYNPCC7942_RS10520
M744_RS05780	266.4305	SYNPCC7942_RS10515
M744_RS05790	409.7988	SYNPCC7942_RS10505
M744_RS05795	632.2078	SYNPCC7942_RS10500
M744_RS05800	909.2718	SYNPCC7942_RS10495
M744_RS05805	618.0116	SYNPCC7942_RS10490
M744_RS05810	210.8856	SYNPCC7942_RS10485
M744_RS05815	59.3332	SYNPCC7942_RS10480
M744_RS05820	93.8438	SYNPCC7942_RS10475
M744_RS05825	115.7341	SYNPCC7942_RS10470
M744_RS05830	145.2542	SYNPCC7942_RS10465
M744_RS05835	77.6436	SYNPCC7942_RS10460
M744_RS05840	82.8437	SYNPCC7942_RS10455
M744_RS05845	22.8639	SYNPCC7942_RS10450
M744_RS05850	791.1614	SYNPCC7942_RS10445
M744_RS05855	30.5012	SYNPCC7942_RS10440
M744_RS05860	53.6684	SYNPCC7942_RS10435
M744_RS05865	170.6942	SYNPCC7942_RS10430
M744_RS05870	155.3407	SYNPCC7942_RS10425
M744_RS05875	89.9431	SYNPCC7942_RS10420
M744_RS05880	290.7864	SYNPCC7942_RS10415
M744_RS05885	30.0084	SYNPCC7942_RS10410
M744_RS05890	66.0627	SYNPCC7942_RS10405
M744_RS05895	117.2835	SYNPCC7942_RS10400
M744_RS05900	11118.9535	SYNPCC7942_RS10395
M744_RS05905	13899.2629	SYNPCC7942_RS10390
M744_RS05910	366.0475	SYNPCC7942_RS10385
M744_RS05915	43.5917	SYNPCC7942_RS10380
M744_RS05920	115.3175	SYNPCC7942_RS10375
M744_RS05925	352.9493	SYNPCC7942_RS10370
M744_RS05930	191.2774	SYNPCC7942_RS10365
M744_RS05935	11.3400	SYNPCC7942_RS10360
M744_RS05940	51.2901	SYNPCC7942_RS10355
M744_RS05945	5.0803	SYNPCC7942_RS10350
M744_RS05950	32.3536	SYNPCC7942_RS10345
M744_RS05955	117.7691	SYNPCC7942_RS10340
M744_RS05960	38.9382	SYNPCC7942_RS10335
M744_RS05965	43.0037	SYNPCC7942_RS10330
M744_RS05970	82.5052	SYNPCC7942_RS10325
M744_RS05975	21.3846	SYNPCC7942_RS10320
M744_RS05980	24.8549	SYNPCC7942_RS10315
M744_RS05985	37.5707	SYNPCC7942_RS10310
M744_RS05990	80.0798	SYNPCC7942_RS10305
M744_RS05995	1653.9344	SYNPCC7942_RS10300
M744_RS06000	312.5208	SYNPCC7942_RS10295
M744_RS06005	67.6056	SYNPCC7942_RS10290
M744_RS06010	18.8978	SYNPCC7942_RS10285
M744_RS06015	213.0001	SYNPCC7942_RS10280
M744_RS06020	33.2274	SYNPCC7942_RS10275
M744_RS06025	21.8435	SYNPCC7942_RS10270
M744_RS06030	73.0607	SYNPCC7942_RS10265
M744_RS06035	174.8884	SYNPCC7942_RS10260
M744_RS06040	13.5934	SYNPCC7942_RS10255
M744_RS06045	2710.4783	SYNPCC7942_RS10250
M744_RS06050	154.5985	SYNPCC7942_RS10245
M744_RS06055	35.5684	SYNPCC7942_RS10240
M744_RS06065	90.4037	SYNPCC7942_RS10230
M744_RS06070	109.2318	SYNPCC7942_RS10225
M744_RS06075	1313.4931	SYNPCC7942_RS10220
M744_RS06080	54.8245	SYNPCC7942_RS10215
M744_RS06085	11.5567	SYNPCC7942_RS10210
M744_RS06090	60.4680	SYNPCC7942_RS10205
M744_RS06095	114.6005	SYNPCC7942_RS10200
M744_RS06100	531.4345	SYNPCC7942_RS10195
M744_RS06105	103.5663	SYNPCC7942_RS10190
M744_RS06110	31.2181	SYNPCC7942_RS10185
M744_RS06115	78.5242	SYNPCC7942_RS10180
M744_RS06120	97.2465	SYNPCC7942_RS10175
M744_RS06125	39.0335	SYNPCC7942_RS10170
M744_RS06130	27.2481	SYNPCC7942_RS10165
M744_RS06135	30.4510	SYNPCC7942_RS10160
M744_RS06140	123.0875	SYNPCC7942_RS10155
M744_RS06145	27.1461	SYNPCC7942_RS10145
M744_RS06150	161.1256	SYNPCC7942_RS10140
M744_RS06155	1823.2454	SYNPCC7942_RS10135
M744_RS06160	15.8769	SYNPCC7942_RS10130
M744_RS06165	23.2462	SYNPCC7942_RS10125
M744_RS06170	125.8510	SYNPCC7942_RS10120
M744_RS06175	61.6768	SYNPCC7942_RS10115
M744_RS06180	25.3568	SYNPCC7942_RS10110
M744_RS06185	15.7139	SYNPCC7942_RS10105
M744_RS06190	27.3003	SYNPCC7942_RS10100
M744_RS06195	174.9087	SYNPCC7942_RS10095
M744_RS06200	20.2958	SYNPCC7942_RS10090
M744_RS06205	73.3141	SYNPCC7942_RS10085
M744_RS06210	49.7983	SYNPCC7942_RS10080
M744_RS06215	1517.0109	SYNPCC7942_RS10075
M744_RS06220	423.9179	SYNPCC7942_RS10070
M744_RS06225	62.3841	SYNPCC7942_RS10065
M744_RS06230	194.0184	SYNPCC7942_RS10060
M744_RS06235	231.8668	SYNPCC7942_RS10055
M744_RS06240	106.0662	SYNPCC7942_RS10050
M744_RS06245	20.6248	SYNPCC7942_RS10045
M744_RS06250	172.2965	SYNPCC7942_RS10040
M744_RS06255	24.2686	SYNPCC7942_RS10035
M744_RS06260	60.7579	SYNPCC7942_RS10030
M744_RS06265	932.0717	SYNPCC7942_RS10025
M744_RS06270	1858.1564	SYNPCC7942_RS10020
M744_RS06275	153.1551	SYNPCC7942_RS10015
M744_RS06280	86.9491	SYNPCC7942_RS10010
M744_RS06285	72.0289	SYNPCC7942_RS10005
M744_RS06290	58.2128	SYNPCC7942_RS10000
M744_RS06300	291.1524	SYNPCC7942_RS09990
M744_RS06305	95.3510	SYNPCC7942_RS09985
M744_RS06310	37.4283	SYNPCC7942_RS09980
M744_RS06315	28.7673	SYNPCC7942_RS09975
M744_RS06320	135.1839	SYNPCC7942_RS09970
M744_RS06325	124.4939	SYNPCC7942_RS09965
M744_RS06330	55.6472	SYNPCC7942_RS09960
M744_RS06335	47.2533	SYNPCC7942_RS09955
M744_RS06340	15.8238	SYNPCC7942_RS09950
M744_RS06345	72.3511	SYNPCC7942_RS09945
M744_RS06350	115.3118	SYNPCC7942_RS09940
M744_RS06355	117.4784	SYNPCC7942_RS09935
M744_RS06360	34.0582	SYNPCC7942_RS09930
M744_RS06365	497.4142	SYNPCC7942_RS09925
M744_RS06375	20.8127	SYNPCC7942_RS09915
M744_RS06380	36.7924	SYNPCC7942_RS09910
M744_RS06390	44.6748	SYNPCC7942_RS09900
M744_RS06395	195.6921	SYNPCC7942_RS09895
M744_RS06400	395.7063	SYNPCC7942_RS09890
M744_RS06405	50.0498	SYNPCC7942_RS09885
M744_RS06410	348.3061	SYNPCC7942_RS09880
M744_RS06415	19.2329	SYNPCC7942_RS09875
M744_RS06420	81.2323	SYNPCC7942_RS09870
M744_RS06425	372.9484	SYNPCC7942_RS09865
M744_RS06430	176.3534	SYNPCC7942_RS09860
M744_RS06435	87.9172	SYNPCC7942_RS09855
M744_RS06440	11.2498	SYNPCC7942_RS09850
M744_RS06445	28.2318	SYNPCC7942_RS09845
M744_RS06450	4.9338	SYNPCC7942_RS09840
M744_RS06455	8.3004	SYNPCC7942_RS09835
M744_RS06460	275.6920	SYNPCC7942_RS09830
M744_RS06465	81.4534	SYNPCC7942_RS09825
M744_RS06470	70.2083	SYNPCC7942_RS09820
M744_RS06475	121.2413	SYNPCC7942_RS09815
M744_RS06480	105.8257	SYNPCC7942_RS09810
M744_RS06485	57.7349	SYNPCC7942_RS09805
M744_RS06490	82.2240	SYNPCC7942_RS09800
M744_RS06495	155.5508	SYNPCC7942_RS09795
M744_RS06500	315.0605	SYNPCC7942_RS09790
M744_RS06505	55.7063	SYNPCC7942_RS09785
M744_RS06510	17.5747	SYNPCC7942_RS09780
M744_RS06515	21.6777	SYNPCC7942_RS09775
M744_RS06520	46.9074	SYNPCC7942_RS09770
M744_RS06525	53.4766	SYNPCC7942_RS09765
M744_RS06530	687.2101	SYNPCC7942_RS09760
M744_RS06535	438.6980	SYNPCC7942_RS09755
M744_RS06540	20.9920	SYNPCC7942_RS09750
M744_RS06545	322.4124	SYNPCC7942_RS09745
M744_RS06550	126.1329	SYNPCC7942_RS09740
M744_RS06555	55.0968	SYNPCC7942_RS09735
M744_RS06560	36.4555	SYNPCC7942_RS09730
M744_RS06565	63.9718	SYNPCC7942_RS09725
M744_RS06575	499.9599	SYNPCC7942_RS09715
M744_RS06580	67.7543	SYNPCC7942_RS09710
M744_RS06585	329.9269	SYNPCC7942_RS09705
M744_RS06590	87.2380	SYNPCC7942_RS09700
M744_RS06595	488.9229	SYNPCC7942_RS09690
M744_RS06600	36.7075	SYNPCC7942_RS09685
M744_RS06605	41.5678	SYNPCC7942_RS09680
M744_RS06610	129.5025	SYNPCC7942_RS09675
M744_RS06615	1250.5867	SYNPCC7942_RS09670
M744_RS06620	140.7310	SYNPCC7942_RS09665
M744_RS06625	434.3481	SYNPCC7942_RS09660
M744_RS06630	365.2381	SYNPCC7942_RS09655
M744_RS06635	148.3943	SYNPCC7942_RS09650
M744_RS06640	54.2345	SYNPCC7942_RS09645
M744_RS06645	39.3931	SYNPCC7942_RS09640
M744_RS06650	54.9717	SYNPCC7942_RS09635
M744_RS06655	13.6702	SYNPCC7942_RS09630
M744_RS06660	414.5130	SYNPCC7942_RS09625
M744_RS06665	38.0874	SYNPCC7942_RS09620
M744_RS06670	75.8724	SYNPCC7942_RS09615
M744_RS06675	169.2254	SYNPCC7942_RS09610
M744_RS06680	46.7407	SYNPCC7942_RS09605
M744_RS06685	20.7901	SYNPCC7942_RS09600
M744_RS06690	52.0569	SYNPCC7942_RS09595
M744_RS06695	189.1808	SYNPCC7942_RS09590
M744_RS06700	553.9674	SYNPCC7942_RS09585
M744_RS06705	221.6615	SYNPCC7942_RS09580
M744_RS06710	33.5608	SYNPCC7942_RS09575
M744_RS06715	20.6029	SYNPCC7942_RS09570
M744_RS06720	63.5551	SYNPCC7942_RS09565
M744_RS06725	41.0255	SYNPCC7942_RS09560
M744_RS06730	22.5852	SYNPCC7942_RS09555
M744_RS06735	62.7662	SYNPCC7942_RS09550
M744_RS06740	543.8721	SYNPCC7942_RS09545
M744_RS06745	41.3381	SYNPCC7942_RS09540
M744_RS06750	35.1271	SYNPCC7942_RS09535
M744_RS06755	84.5180	SYNPCC7942_RS09530
M744_RS06760	56.0418	SYNPCC7942_RS09525
M744_RS06765	159.1689	SYNPCC7942_RS09520
M744_RS06770	39.6526	SYNPCC7942_RS09515
M744_RS06775	123.5303	SYNPCC7942_RS09510
M744_RS06780	20.7858	SYNPCC7942_RS09505
M744_RS06785	42.3963	SYNPCC7942_RS09500
M744_RS06790	27.1160	SYNPCC7942_RS09495
M744_RS06795	76.6906	SYNPCC7942_RS13800
M744_RS06800	449.1359	SYNPCC7942_RS09490
M744_RS06805	1357.6022	SYNPCC7942_RS09485
M744_RS06810	6.7627	SYNPCC7942_RS09480
M744_RS06815	6.2369	SYNPCC7942_RS09475
M744_RS06820	28.9596	SYNPCC7942_RS09470
M744_RS06825	93.3392	SYNPCC7942_RS09465
M744_RS06830	16.6941	SYNPCC7942_RS09460
M744_RS06835	45.8234	SYNPCC7942_RS09455
M744_RS06840	79.2013	SYNPCC7942_RS09450
M744_RS06845	487.9681	SYNPCC7942_RS09445
M744_RS06850	40.3728	SYNPCC7942_RS09440
M744_RS06855	117.6384	SYNPCC7942_RS09435
M744_RS06860	159.4329	SYNPCC7942_RS09430
M744_RS06865	925.0999	SYNPCC7942_RS09425
M744_RS06870	39.4453	SYNPCC7942_RS09420
M744_RS06875	12.4631	SYNPCC7942_RS09415
M744_RS06880	10.9809	SYNPCC7942_RS09410
M744_RS06885	28.0992	SYNPCC7942_RS09405
M744_RS06890	28.8291	SYNPCC7942_RS09400
M744_RS06895	40.8823	SYNPCC7942_RS09395
M744_RS06900	99.7046	SYNPCC7942_RS09390
M744_RS06905	22.4632	SYNPCC7942_RS09385
M744_RS06910	1426.3697	SYNPCC7942_RS09380
M744_RS06920	337.0015	SYNPCC7942_RS09375
M744_RS06925	329.2447	SYNPCC7942_RS09370
M744_RS06930	1333.6644	SYNPCC7942_RS09365
M744_RS06935	94.4441	SYNPCC7942_RS09360
M744_RS06940	60.4168	SYNPCC7942_RS09355
M744_RS06945	13.8788	SYNPCC7942_RS09350
M744_RS06950	66.9314	SYNPCC7942_RS09345
M744_RS06955	72.3788	SYNPCC7942_RS09340
M744_RS06960	21.3840	SYNPCC7942_RS09335
M744_RS06965	59.9361	SYNPCC7942_RS09330
M744_RS06970	1080.0293	SYNPCC7942_RS09325
M744_RS06975	210.3804	SYNPCC7942_RS09320
M744_RS06980	158.7484	SYNPCC7942_RS09315
M744_RS06985	48.7351	SYNPCC7942_RS09310
M744_RS06990	32.9547	SYNPCC7942_RS09305
M744_RS06995	51.4182	SYNPCC7942_RS09300
M744_RS07000	113.1410	SYNPCC7942_RS09295
M744_RS07005	776.0939	SYNPCC7942_RS09290
M744_RS07010	868.1186	SYNPCC7942_RS09285
M744_RS07015	132.3839	SYNPCC7942_RS09280
M744_RS07020	59.9997	SYNPCC7942_RS09275
M744_RS07025	220.8241	SYNPCC7942_RS09270
M744_RS07030	79.2801	SYNPCC7942_RS09265
M744_RS07035	12.6685	SYNPCC7942_RS09260
M744_RS07040	81.7214	SYNPCC7942_RS09255
M744_RS07045	100.4466	SYNPCC7942_RS09250
M744_RS07050	346.5155	SYNPCC7942_RS09245
M744_RS07055	3529.2214	SYNPCC7942_RS09240
M744_RS07060	17.7099	SYNPCC7942_RS09235
M744_RS07065	4.8483	SYNPCC7942_RS09230
M744_RS07070	17.2014	SYNPCC7942_RS09225
M744_RS07075	113.3304	SYNPCC7942_RS09220
M744_RS07080	30.9431	SYNPCC7942_RS09215
M744_RS07085	19.9307	SYNPCC7942_RS09210
M744_RS07090	421.0853	SYNPCC7942_RS09205
M744_RS07095	188.8982	SYNPCC7942_RS09200
M744_RS07100	266.7922	SYNPCC7942_RS09195
M744_RS07105	725.3307	SYNPCC7942_RS09190
M744_RS07110	8.0126	SYNPCC7942_RS09185
M744_RS07115	6.8853	SYNPCC7942_RS09180
M744_RS07120	45.4252	SYNPCC7942_RS09175
M744_RS07125	6.5377	SYNPCC7942_RS09170
M744_RS07130	52.3856	SYNPCC7942_RS09165
M744_RS07135	110.2310	SYNPCC7942_RS09160
M744_RS07140	50.2768	SYNPCC7942_RS09155
M744_RS07145	24.8263	SYNPCC7942_RS09150
M744_RS07150	1223.3143	SYNPCC7942_RS09145
M744_RS07155	77.4294	SYNPCC7942_RS09140
M744_RS07160	74.2292	SYNPCC7942_RS09135
M744_RS07165	436.4198	SYNPCC7942_RS09130
M744_RS07170	21.5320	SYNPCC7942_RS09125
M744_RS07175	42.1846	SYNPCC7942_RS09120
M744_RS07180	47.6969	SYNPCC7942_RS09115
M744_RS07185	42.8475	SYNPCC7942_RS09110
M744_RS07190	550.3162	SYNPCC7942_RS09105
M744_RS07195	102.1082	SYNPCC7942_RS09100
M744_RS07200	9.2613	SYNPCC7942_RS09095
M744_RS07205	125.5225	SYNPCC7942_RS09090
M744_RS07210	305.7194	SYNPCC7942_RS09085
M744_RS07215	110.4731	SYNPCC7942_RS09080
M744_RS07220	111.9641	SYNPCC7942_RS09075
M744_RS07225	119.4306	SYNPCC7942_RS09070
M744_RS07235	259.5442	SYNPCC7942_RS09060
M744_RS07240	1049.7005	SYNPCC7942_RS09055
M744_RS07245	25.0905	SYNPCC7942_RS09050
M744_RS07250	112.2428	SYNPCC7942_RS09045
M744_RS07255	33.6554	SYNPCC7942_RS09040
M744_RS07260	131.3415	SYNPCC7942_RS09035
M744_RS07265	33.3227	SYNPCC7942_RS09030
M744_RS07270	16.3808	SYNPCC7942_RS09025
M744_RS07275	34.6690	SYNPCC7942_RS09020
M744_RS07280	362.1658	SYNPCC7942_RS09015
M744_RS07285	37.9645	SYNPCC7942_RS09010
M744_RS07290	352.9766	SYNPCC7942_RS09005
M744_RS07295	413.6312	SYNPCC7942_RS09000
M744_RS07300	9.3682	SYNPCC7942_RS08995
M744_RS07305	19.2313	SYNPCC7942_RS08990
M744_RS07310	34.2551	SYNPCC7942_RS08985
M744_RS07315	79.8423	SYNPCC7942_RS08980
M744_RS07320	39.3096	SYNPCC7942_RS08975
M744_RS07325	41.9717	SYNPCC7942_RS08970
M744_RS07330	25.0887	SYNPCC7942_RS08965
M744_RS07335	47.1880	SYNPCC7942_RS08960
M744_RS07340	291.3238	SYNPCC7942_RS08955
M744_RS07345	240.8546	SYNPCC7942_RS08950
M744_RS07350	88.0199	SYNPCC7942_RS08945
M744_RS07360	263.3732	SYNPCC7942_RS08935
M744_RS07365	1687.0482	SYNPCC7942_RS08930
M744_RS07370	186.3011	SYNPCC7942_RS08925
M744_RS07375	10.7398	SYNPCC7942_RS08920
M744_RS07380	139.0338	SYNPCC7942_RS08915
M744_RS07385	570.8689	SYNPCC7942_RS08910
M744_RS07390	484.5370	SYNPCC7942_RS08905
M744_RS07395	209.2817	SYNPCC7942_RS08900
M744_RS07400	44.2646	SYNPCC7942_RS08895
M744_RS07405	143.1476	SYNPCC7942_RS08890
M744_RS07410	1360.7252	SYNPCC7942_RS08885
M744_RS07415	25.0043	SYNPCC7942_RS08880
M744_RS07420	14.4470	SYNPCC7942_RS08875
M744_RS07425	243.0222	SYNPCC7942_RS08870
M744_RS07430	979.6947	SYNPCC7942_RS08865
M744_RS07435	170.4589	SYNPCC7942_RS08860
M744_RS07440	34.8913	SYNPCC7942_RS08855
M744_RS07445	55.4252	SYNPCC7942_RS08850
M744_RS07450	433.8298	SYNPCC7942_RS08845
M744_RS07455	527.4485	SYNPCC7942_RS08840
M744_RS07460	256.4017	SYNPCC7942_RS08835
M744_RS07465	448.9268	SYNPCC7942_RS08830
M744_RS07470	426.1396	SYNPCC7942_RS08825
M744_RS07475	136.0534	SYNPCC7942_RS08820
M744_RS07480	25.8431	SYNPCC7942_RS08815
M744_RS07485	14.4006	SYNPCC7942_RS08810
M744_RS07490	51.3476	SYNPCC7942_RS08805
M744_RS07495	34.6839	SYNPCC7942_RS08800
M744_RS07500	32.2935	SYNPCC7942_RS08795
M744_RS07505	17.0264	SYNPCC7942_RS08790
M744_RS07510	24.6799	SYNPCC7942_RS08785
M744_RS07515	92.0942	SYNPCC7942_RS08780
M744_RS07520	71.1648	SYNPCC7942_RS08775
M744_RS07525	55.7436	SYNPCC7942_RS08770
M744_RS07530	35.3296	SYNPCC7942_RS08765
M744_RS07540	89.4542	SYNPCC7942_RS08760
M744_RS07545	80.0565	SYNPCC7942_RS08755
M744_RS07550	75.6000	SYNPCC7942_RS08750
M744_RS07555	334.9086	SYNPCC7942_RS08745
M744_RS07560	68.1513	SYNPCC7942_RS08740
M744_RS07565	93.5840	SYNPCC7942_RS08735
M744_RS07570	566.7523	SYNPCC7942_RS08730
M744_RS07575	27.6977	SYNPCC7942_RS08725
M744_RS07580	12.3335	SYNPCC7942_RS08720
M744_RS07585	42.4809	SYNPCC7942_RS08715
M744_RS07590	4.6595	SYNPCC7942_RS08710
M744_RS07595	114.9590	SYNPCC7942_RS08705
M744_RS07600	261.9499	SYNPCC7942_RS08700
M744_RS07605	44.7541	SYNPCC7942_RS08695
M744_RS07610	33.6700	SYNPCC7942_RS08690
M744_RS07615	27.3262	SYNPCC7942_RS08685
M744_RS07620	110.0255	SYNPCC7942_RS08680
M744_RS07625	97.4896	SYNPCC7942_RS08675
M744_RS07630	213.0032	SYNPCC7942_RS08670
M744_RS07635	76.3069	SYNPCC7942_RS08660
M744_RS07640	12.7439	SYNPCC7942_RS08655
M744_RS07645	30.3944	SYNPCC7942_RS08650
M744_RS07650	39.2611	SYNPCC7942_RS08645
M744_RS07655	12.1181	SYNPCC7942_RS08640
M744_RS07660	159.0522	SYNPCC7942_RS08635
M744_RS07665	40.9068	SYNPCC7942_RS08630
M744_RS07670	85.9527	SYNPCC7942_RS08625
M744_RS07675	15.1698	SYNPCC7942_RS08620
M744_RS07680	12.9363	SYNPCC7942_RS08615
M744_RS07685	25.6485	SYNPCC7942_RS08610
M744_RS07690	21.6619	SYNPCC7942_RS08605
M744_RS07695	3.6608	SYNPCC7942_RS08600
M744_RS07700	6.7292	SYNPCC7942_RS08595
M744_RS07705	9.9663	SYNPCC7942_RS08590
M744_RS07710	63.2147	SYNPCC7942_RS08585
M744_RS07715	56.6318	SYNPCC7942_RS08580
M744_RS07720	7.7549	SYNPCC7942_RS08575
M744_RS07725	25.8748	SYNPCC7942_RS08570
M744_RS07730	56.3253	SYNPCC7942_RS08565
M744_RS07735	94.3275	SYNPCC7942_RS08560
M744_RS07740	304.7880	SYNPCC7942_RS08555
M744_RS07745	298.3753	SYNPCC7942_RS08550
M744_RS07750	142.8531	SYNPCC7942_RS08545
M744_RS07755	76.3667	SYNPCC7942_RS08540
M744_RS07760	99.1669	SYNPCC7942_RS08535
M744_RS07765	734.3184	SYNPCC7942_RS08530
M744_RS07770	72.9914	SYNPCC7942_RS08525
M744_RS07775	103.6071	SYNPCC7942_RS08520
M744_RS07780	52.3894	SYNPCC7942_RS08515
M744_RS07785	146.3610	SYNPCC7942_RS08510
M744_RS07790	248.8989	SYNPCC7942_RS08505
M744_RS07795	46.3713	SYNPCC7942_RS08500
M744_RS07800	80.1057	SYNPCC7942_RS08495
M744_RS07805	37.1054	SYNPCC7942_RS08490
M744_RS07810	20.3078	SYNPCC7942_RS08485
M744_RS07820	98.5235	SYNPCC7942_RS08475
M744_RS07825	902.2754	SYNPCC7942_RS08470
M744_RS07830	33.4373	SYNPCC7942_RS08465
M744_RS07835	118.8225	SYNPCC7942_RS08460
M744_RS07840	35.0060	SYNPCC7942_RS08455
M744_RS07845	46.6094	SYNPCC7942_RS08450
M744_RS07850	505.6816	SYNPCC7942_RS08445
M744_RS07855	6.4585	SYNPCC7942_RS08440
M744_RS07860	7.4148	SYNPCC7942_RS08435
M744_RS07865	200.3482	SYNPCC7942_RS08430
M744_RS07870	55.3471	SYNPCC7942_RS08425
M744_RS07875	73.7915	SYNPCC7942_RS08420
M744_RS07880	148.4975	SYNPCC7942_RS08415
M744_RS07885	32.3338	SYNPCC7942_RS08410
M744_RS07890	33.2497	SYNPCC7942_RS08405
M744_RS07895	63.9257	SYNPCC7942_RS08400
M744_RS07905	54.9325	SYNPCC7942_RS08390
M744_RS07910	69.1444	SYNPCC7942_RS08385
M744_RS07915	227.4724	SYNPCC7942_RS08380
M744_RS07920	52.7244	SYNPCC7942_RS08375
M744_RS07925	96.2127	SYNPCC7942_RS08370
M744_RS07930	45.9022	SYNPCC7942_RS08365
M744_RS07935	16.8014	SYNPCC7942_RS08360
M744_RS07940	194.3227	SYNPCC7942_RS08355
M744_RS07950	177.6653	SYNPCC7942_RS08345
M744_RS07960	2116.0067	SYNPCC7942_RS07490
M744_RS07965	48.6028	SYNPCC7942_RS07495
M744_RS07970	230.1738	SYNPCC7942_RS07500
M744_RS07975	33.7870	SYNPCC7942_RS07505
M744_RS07980	29.7802	SYNPCC7942_RS07510
M744_RS07985	18.0234	SYNPCC7942_RS07515
M744_RS07990	10.2220	SYNPCC7942_RS07520
M744_RS07995	8.0712	SYNPCC7942_RS07525
M744_RS08000	27.2683	SYNPCC7942_RS07530
M744_RS08005	5.2275	SYNPCC7942_RS07535
M744_RS08010	11.7440	SYNPCC7942_RS07540
M744_RS08015	4.3499	SYNPCC7942_RS07545
M744_RS08020	26.9510	SYNPCC7942_RS07550
M744_RS08025	81.4260	SYNPCC7942_RS07555
M744_RS08030	93.6331	SYNPCC7942_RS07560
M744_RS08035	16.6540	SYNPCC7942_RS07565
M744_RS08040	115.5383	SYNPCC7942_RS07570
M744_RS08045	66.2472	SYNPCC7942_RS07575
M744_RS08050	11.0284	SYNPCC7942_RS07580
M744_RS08055	143.3833	SYNPCC7942_RS07585
M744_RS08060	15.9712	SYNPCC7942_RS07590
M744_RS08065	34.8600	SYNPCC7942_RS07595
M744_RS08070	332.5539	SYNPCC7942_RS07600
M744_RS08075	17.2668	SYNPCC7942_RS07605
M744_RS08080	6.7440	SYNPCC7942_RS07610
M744_RS08085	43.6704	SYNPCC7942_RS07615
M744_RS08090	29.1685	SYNPCC7942_RS07620
M744_RS08095	20.2159	SYNPCC7942_RS07625
M744_RS08100	31.2291	SYNPCC7942_RS07630
M744_RS08105	45.3587	SYNPCC7942_RS07635
M744_RS08110	23.9461	SYNPCC7942_RS07640
M744_RS08115	191.3144	SYNPCC7942_RS07645
M744_RS08120	115.3687	SYNPCC7942_RS07650
M744_RS08125	34.7614	SYNPCC7942_RS07655
M744_RS08130	616.7198	SYNPCC7942_RS07660
M744_RS08135	113.4767	SYNPCC7942_RS07665
M744_RS08140	411.6501	SYNPCC7942_RS07670
M744_RS08145	23.2897	SYNPCC7942_RS07675
M744_RS08150	31.6715	SYNPCC7942_RS07680
M744_RS08155	67.9801	SYNPCC7942_RS07685
M744_RS08160	239.5362	SYNPCC7942_RS07690
M744_RS08165	1052.3379	SYNPCC7942_RS07695
M744_RS08175	72.9835	SYNPCC7942_RS07705
M744_RS08180	75.0615	SYNPCC7942_RS07710
M744_RS08185	261.0675	SYNPCC7942_RS07715
M744_RS08190	55.1510	SYNPCC7942_RS07720
M744_RS08195	60.5102	SYNPCC7942_RS07725
M744_RS08200	106.6792	SYNPCC7942_RS07730
M744_RS08205	137.5164	SYNPCC7942_RS07735
M744_RS08210	29.8708	SYNPCC7942_RS07740
M744_RS08215	270.3754	SYNPCC7942_RS07745
M744_RS08220	40.4596	SYNPCC7942_RS07750
M744_RS08225	110.4453	SYNPCC7942_RS07755
M744_RS08230	59.8650	SYNPCC7942_RS07760
M744_RS08235	369.4414	SYNPCC7942_RS07765
M744_RS08240	539.0174	SYNPCC7942_RS07770
M744_RS08245	238.5543	SYNPCC7942_RS07775
M744_RS08265	1737.7514	SYNPCC7942_RS07795
M744_RS08270	25.2736	SYNPCC7942_RS07800
M744_RS08275	184.1233	SYNPCC7942_RS07805
M744_RS08280	38.1319	SYNPCC7942_RS07810
M744_RS08285	14.8996	SYNPCC7942_RS07815
M744_RS08290	7.3320	SYNPCC7942_RS07820
M744_RS08295	26.3623	SYNPCC7942_RS07825
M744_RS08300	8.7613	SYNPCC7942_RS07830
M744_RS08305	83.3356	SYNPCC7942_RS07835
M744_RS08310	78.0878	SYNPCC7942_RS07840
M744_RS08315	39.5306	SYNPCC7942_RS07845
M744_RS08320	48.1595	SYNPCC7942_RS07850
M744_RS08325	59.1264	SYNPCC7942_RS07860
M744_RS08330	1128.8500	SYNPCC7942_RS07865
M744_RS08335	16368.4986	SYNPCC7942_RS07870
M744_RS08340	19.9949	SYNPCC7942_RS07875
M744_RS08345	5.4779	SYNPCC7942_RS07880
M744_RS08350	23.3437	SYNPCC7942_RS07885
M744_RS08355	5.5734	SYNPCC7942_RS07890
M744_RS08360	101.8708	SYNPCC7942_RS07895
M744_RS08365	25.4549	SYNPCC7942_RS07900
M744_RS08370	50.8183	SYNPCC7942_RS07905
M744_RS08375	63.3814	SYNPCC7942_RS07910
M744_RS08380	238.4590	SYNPCC7942_RS07915
M744_RS08385	34.2217	SYNPCC7942_RS07920
M744_RS08390	403.5496	SYNPCC7942_RS07925
M744_RS08395	348.9240	SYNPCC7942_RS07930
M744_RS08400	449.1165	SYNPCC7942_RS07935
M744_RS08405	1319.3446	SYNPCC7942_RS07940
M744_RS08410	16.1517	SYNPCC7942_RS07945
M744_RS08415	34.4225	SYNPCC7942_RS07950
M744_RS08420	63.0215	SYNPCC7942_RS07955
M744_RS08430	30.6941	SYNPCC7942_RS07965
M744_RS08435	33.4857	SYNPCC7942_RS07970
M744_RS08440	3.8552	SYNPCC7942_RS07975
M744_RS08450	10.8206	SYNPCC7942_RS07980
M744_RS08455	5.0567	SYNPCC7942_RS07985
M744_RS08465	19.7164	SYNPCC7942_RS07995
M744_RS08470	124.7433	SYNPCC7942_RS08000
M744_RS08475	171.2643	SYNPCC7942_RS08005
M744_RS08480	26.2432	SYNPCC7942_RS08010
M744_RS08485	64.3764	SYNPCC7942_RS08015
M744_RS08490	192.1302	SYNPCC7942_RS08020
M744_RS08495	34.1597	SYNPCC7942_RS08025
M744_RS08500	166.6284	SYNPCC7942_RS08030
M744_RS08505	146.8073	SYNPCC7942_RS08035
M744_RS08510	141.6592	SYNPCC7942_RS08040
M744_RS08515	43.0958	SYNPCC7942_RS08045
M744_RS08520	32.2452	SYNPCC7942_RS08050
M744_RS08525	86.0379	SYNPCC7942_RS08055
M744_RS08530	164.5109	SYNPCC7942_RS08060
M744_RS08535	21.4138	SYNPCC7942_RS08065
M744_RS08540	32.4228	SYNPCC7942_RS08070
M744_RS08545	47.2002	SYNPCC7942_RS08075
M744_RS08550	45.9254	SYNPCC7942_RS08080
M744_RS08555	9.3357	SYNPCC7942_RS08085
M744_RS08560	78.6437	SYNPCC7942_RS08090
M744_RS08565	53.8410	SYNPCC7942_RS08095
M744_RS08570	206.4448	SYNPCC7942_RS08100
M744_RS08575	282.5844	SYNPCC7942_RS08105
M744_RS08580	148.4322	SYNPCC7942_RS08110
M744_RS08585	40.9374	SYNPCC7942_RS08115
M744_RS08590	113.7771	SYNPCC7942_RS08120
M744_RS08595	225.3108	SYNPCC7942_RS08125
M744_RS08600	13.7172	SYNPCC7942_RS08130
M744_RS08605	517.2125	SYNPCC7942_RS08135
M744_RS08610	296.9998	SYNPCC7942_RS08140
M744_RS08615	236.3372	SYNPCC7942_RS08145
M744_RS08620	129.7822	SYNPCC7942_RS08150
M744_RS08625	221.4737	SYNPCC7942_RS08155
M744_RS08630	94.6279	SYNPCC7942_RS08160
M744_RS08635	222.7602	SYNPCC7942_RS08165
M744_RS08640	26.6493	SYNPCC7942_RS08170
M744_RS08645	11.8441	SYNPCC7942_RS08175
M744_RS08650	148.3107	SYNPCC7942_RS08180
M744_RS08655	56.3130	SYNPCC7942_RS08185
M744_RS08660	10.4836	SYNPCC7942_RS08190
M744_RS08665	73.8778	SYNPCC7942_RS08195
M744_RS08670	3567.1689	SYNPCC7942_RS08200
M744_RS08675	127.9069	SYNPCC7942_RS08205
M744_RS08680	319.4415	SYNPCC7942_RS08210
M744_RS08685	2031.6748	SYNPCC7942_RS08215
M744_RS08690	136.1371	SYNPCC7942_RS08220
M744_RS08695	2540.2068	SYNPCC7942_RS08225
M744_RS08700	1054.8710	SYNPCC7942_RS08230
M744_RS08705	212.5015	SYNPCC7942_RS08235
M744_RS08710	48.5820	SYNPCC7942_RS08240
M744_RS08715	568.2393	SYNPCC7942_RS08245
M744_RS08720	564.2754	SYNPCC7942_RS08250
M744_RS08725	96.8333	SYNPCC7942_RS08255
M744_RS08730	49.4739	SYNPCC7942_RS08260
M744_RS08735	62.8612	SYNPCC7942_RS08265
M744_RS08740	353.6278	SYNPCC7942_RS08270
M744_RS08745	343.8828	SYNPCC7942_RS08275
M744_RS08750	22.3746	SYNPCC7942_RS08280
M744_RS08755	41.7768	SYNPCC7942_RS08285
M744_RS08760	28.9247	SYNPCC7942_RS08290
M744_RS08765	108.5876	SYNPCC7942_RS08295
M744_RS08770	226.3840	SYNPCC7942_RS08300
M744_RS08775	107.1661	SYNPCC7942_RS08305
M744_RS08780	8.0732	SYNPCC7942_RS08310
M744_RS08785	68.5336	SYNPCC7942_RS08315
M744_RS08790	124.0872	SYNPCC7942_RS08320
M744_RS08795	20.8335	SYNPCC7942_RS08325
M744_RS08800	45.3152	SYNPCC7942_RS08330
M744_RS08805	75.8113	SYNPCC7942_RS08335
M744_RS08815	1288.7755	SYNPCC7942_RS07480
M744_RS08820	1111.1851	SYNPCC7942_RS07475
M744_RS08825	186.4082	SYNPCC7942_RS07470
M744_RS08830	90.9967	SYNPCC7942_RS07465
M744_RS08835	43.9115	SYNPCC7942_RS07460
M744_RS08840	24.1037	SYNPCC7942_RS07455
M744_RS08845	37.5911	SYNPCC7942_RS07450
M744_RS08850	70.9859	SYNPCC7942_RS07445
M744_RS08855	226.3496	SYNPCC7942_RS07440
M744_RS08860	163.3493	SYNPCC7942_RS07435
M744_RS08865	78.0841	SYNPCC7942_RS07430
M744_RS08870	107.1246	SYNPCC7942_RS07425
M744_RS08875	38.4450	SYNPCC7942_RS07420
M744_RS08880	107.1762	SYNPCC7942_RS07415
M744_RS08885	224.9046	SYNPCC7942_RS07410
M744_RS08890	66.7405	SYNPCC7942_RS07405
M744_RS08895	292.8973	SYNPCC7942_RS07400
M744_RS08900	138.3036	SYNPCC7942_RS07395
M744_RS08910	2798.4852	SYNPCC7942_RS07385
M744_RS08920	11.3392	SYNPCC7942_RS07375
M744_RS08930	10.5539	SYNPCC7942_RS07370
M744_RS08935	20.3832	SYNPCC7942_RS07365
M744_RS08940	1594.6984	SYNPCC7942_RS07360
M744_RS08945	443.9302	SYNPCC7942_RS07355
M744_RS08950	124.0562	SYNPCC7942_RS07350
M744_RS08955	16.0952	SYNPCC7942_RS07345
M744_RS08960	53.9280	SYNPCC7942_RS07340
M744_RS08965	443.7433	SYNPCC7942_RS07335
M744_RS08970	66.3324	SYNPCC7942_RS07330
M744_RS08975	314.4791	SYNPCC7942_RS07325
M744_RS08980	394.5677	SYNPCC7942_RS07320
M744_RS08985	163.2366	SYNPCC7942_RS07315
M744_RS08990	112.4810	SYNPCC7942_RS07310
M744_RS08995	27.6512	SYNPCC7942_RS07305
M744_RS09000	631.2154	SYNPCC7942_RS07300
M744_RS09005	2777.1285	SYNPCC7942_RS07295
M744_RS09010	198.2793	SYNPCC7942_RS07290
M744_RS09015	28.0019	SYNPCC7942_RS07285
M744_RS09020	300.8038	SYNPCC7942_RS07280
M744_RS09025	90.9699	SYNPCC7942_RS07275
M744_RS09030	581.9595	SYNPCC7942_RS07270
M744_RS09035	299.7502	SYNPCC7942_RS07265
M744_RS09040	319.4159	SYNPCC7942_RS07260
M744_RS09045	7.8123	SYNPCC7942_RS07255
M744_RS09050	68.9689	SYNPCC7942_RS07250
M744_RS09055	734.9677	SYNPCC7942_RS07245
M744_RS09060	619.6269	SYNPCC7942_RS07240
M744_RS09065	150.4838	SYNPCC7942_RS07235
M744_RS09070	23.2204	SYNPCC7942_RS07230
M744_RS09075	553.5847	SYNPCC7942_RS07225
M744_RS09080	192.5038	SYNPCC7942_RS07220
M744_RS09085	2155.8414	SYNPCC7942_RS07215
M744_RS09090	318.7117	SYNPCC7942_RS07210
M744_RS09095	18.6399	SYNPCC7942_RS07205
M744_RS09100	428.5872	SYNPCC7942_RS07200
M744_RS09105	386.5832	SYNPCC7942_RS07195
M744_RS09110	58.6983	SYNPCC7942_RS07190
M744_RS09115	29.5913	SYNPCC7942_RS07185
M744_RS09120	30.0033	SYNPCC7942_RS07180
M744_RS09125	119.6136	SYNPCC7942_RS07175
M744_RS09130	101.5972	SYNPCC7942_RS07170
M744_RS09135	261.3713	SYNPCC7942_RS07165
M744_RS09140	330.8693	SYNPCC7942_RS07160
M744_RS09145	477.4696	SYNPCC7942_RS07155
M744_RS09150	640.8168	SYNPCC7942_RS07150
M744_RS09155	31.5099	SYNPCC7942_RS07145
M744_RS09160	28.2779	SYNPCC7942_RS07140
M744_RS09165	193.2995	SYNPCC7942_RS07135
M744_RS09170	16.2504	SYNPCC7942_RS07130
M744_RS09175	24.6378	SYNPCC7942_RS07125
M744_RS09180	109.4056	SYNPCC7942_RS07120
M744_RS09185	44.9961	SYNPCC7942_RS07115
M744_RS09195	22.7002	SYNPCC7942_RS07105
M744_RS09200	78.7577	SYNPCC7942_RS07100
M744_RS09205	48.4248	SYNPCC7942_RS07095
M744_RS09210	37.5263	SYNPCC7942_RS07090
M744_RS09215	104.6922	SYNPCC7942_RS07085
M744_RS09220	136.4856	SYNPCC7942_RS07080
M744_RS09225	267.7897	SYNPCC7942_RS07075
M744_RS09230	87.6705	SYNPCC7942_RS07070
M744_RS09235	66.4375	SYNPCC7942_RS07065
M744_RS09240	70.6825	SYNPCC7942_RS07060
M744_RS09250	22.4096	SYNPCC7942_RS07050
M744_RS09255	871.7202	SYNPCC7942_RS07045
M744_RS09260	62.9735	SYNPCC7942_RS07040
M744_RS09265	72.5345	SYNPCC7942_RS07035
M744_RS09270	70.1170	SYNPCC7942_RS07030
M744_RS09275	117.6793	SYNPCC7942_RS07025
M744_RS09280	228.2687	SYNPCC7942_RS07020
M744_RS09285	33.0396	SYNPCC7942_RS07015
M744_RS09290	29.7855	SYNPCC7942_RS07010
M744_RS09295	26.1166	SYNPCC7942_RS07005
M744_RS09300	43.3276	SYNPCC7942_RS07000
M744_RS09305	10.7081	SYNPCC7942_RS06995
M744_RS09310	51.2777	SYNPCC7942_RS06990
M744_RS09315	44.4778	SYNPCC7942_RS06985
M744_RS09320	208.7123	SYNPCC7942_RS06975
M744_RS09330	125.8131	SYNPCC7942_RS06965
M744_RS09335	93.3859	SYNPCC7942_RS06960
M744_RS09340	140.4854	SYNPCC7942_RS06955
M744_RS09345	164.6536	SYNPCC7942_RS06950
M744_RS09350	110.6956	SYNPCC7942_RS06940
M744_RS09355	219.4290	SYNPCC7942_RS06935
M744_RS09360	35.8546	SYNPCC7942_RS06930
M744_RS09365	176.4945	SYNPCC7942_RS06925
M744_RS09370	126.9312	SYNPCC7942_RS06920
M744_RS09375	12.2283	SYNPCC7942_RS06915
M744_RS09380	152.8621	SYNPCC7942_RS06910
M744_RS09385	16.0612	SYNPCC7942_RS06905
M744_RS09390	2.4886	SYNPCC7942_RS06900
M744_RS09395	33.4696	SYNPCC7942_RS06895
M744_RS09400	25.7187	SYNPCC7942_RS06890
M744_RS09405	19.6994	SYNPCC7942_RS06885
M744_RS09410	86.2052	SYNPCC7942_RS06880
M744_RS09415	306.2863	SYNPCC7942_RS06875
M744_RS09420	288.4684	SYNPCC7942_RS06870
M744_RS09425	387.8613	SYNPCC7942_RS06865
M744_RS09430	25.5748	SYNPCC7942_RS06860
M744_RS09435	49.2856	SYNPCC7942_RS06855
M744_RS09440	325.8556	SYNPCC7942_RS06850
M744_RS09445	31.4014	SYNPCC7942_RS06845
M744_RS09450	423.3959	SYNPCC7942_RS06840
M744_RS09455	323.2905	SYNPCC7942_RS06835
M744_RS09460	74.7554	SYNPCC7942_RS06830
M744_RS09465	17.3970	SYNPCC7942_RS06825
M744_RS09470	43.0215	SYNPCC7942_RS06820
M744_RS09475	49.4724	SYNPCC7942_RS06815
M744_RS09480	79.2531	SYNPCC7942_RS06810
M744_RS09485	136.7379	SYNPCC7942_RS06805
M744_RS09490	89.3989	SYNPCC7942_RS06800
M744_RS09495	186.6641	SYNPCC7942_RS06795
M744_RS09500	13.0523	SYNPCC7942_RS06790
M744_RS09505	150.1183	SYNPCC7942_RS06785
M744_RS09510	242.2579	SYNPCC7942_RS06780
M744_RS09515	150.9864	SYNPCC7942_RS06775
M744_RS09520	362.5702	SYNPCC7942_RS06770
M744_RS09525	27.8785	SYNPCC7942_RS06765
M744_RS09530	1100.6990	SYNPCC7942_RS06760
M744_RS09535	23.6864	SYNPCC7942_RS06755
M744_RS09540	131.8012	SYNPCC7942_RS06750
M744_RS09545	19.2693	SYNPCC7942_RS06745
M744_RS09550	34.8841	SYNPCC7942_RS06740
M744_RS09555	15.1213	SYNPCC7942_RS06735
M744_RS09560	9.9803	SYNPCC7942_RS06730
M744_RS09565	236.4798	SYNPCC7942_RS06725
M744_RS09570	1143.8644	SYNPCC7942_RS06720
M744_RS09575	119.8857	SYNPCC7942_RS06715
M744_RS09580	64.0491	SYNPCC7942_RS06710
M744_RS09585	21.8291	SYNPCC7942_RS06705
M744_RS09590	51.5672	SYNPCC7942_RS06700
M744_RS09595	30.3874	SYNPCC7942_RS06695
M744_RS09600	62.6918	SYNPCC7942_RS06690
M744_RS09605	36.7765	SYNPCC7942_RS06685
M744_RS09610	150.7975	SYNPCC7942_RS06680
M744_RS09615	103.1028	SYNPCC7942_RS06675
M744_RS09620	42.1908	SYNPCC7942_RS06670
M744_RS09625	42.5421	SYNPCC7942_RS06665
M744_RS09630	63.8041	SYNPCC7942_RS06660
M744_RS09635	89.8957	SYNPCC7942_RS06655
M744_RS09640	9.8218	SYNPCC7942_RS06650
M744_RS09645	56.6871	SYNPCC7942_RS06645
M744_RS09650	256.1905	SYNPCC7942_RS06640
M744_RS09655	262.3801	SYNPCC7942_RS06635
M744_RS09660	8.3213	SYNPCC7942_RS06630
M744_RS09665	196.0463	SYNPCC7942_RS06625
M744_RS09670	378.8555	SYNPCC7942_RS06620
M744_RS09675	212.6057	SYNPCC7942_RS06615
M744_RS09680	227.3374	SYNPCC7942_RS06610
M744_RS09685	18.4100	SYNPCC7942_RS06605
M744_RS09690	313.6012	SYNPCC7942_RS06600
M744_RS09695	7.5801	SYNPCC7942_RS06595
M744_RS09700	143.6348	SYNPCC7942_RS06590
M744_RS09705	19.7754	SYNPCC7942_RS06585
M744_RS09710	8.3632	SYNPCC7942_RS06580
M744_RS09715	9.7203	SYNPCC7942_RS06575
M744_RS09720	6.6303	SYNPCC7942_RS06570
M744_RS09725	112.3163	SYNPCC7942_RS06565
M744_RS09730	81.5644	SYNPCC7942_RS06560
M744_RS09735	41.0433	SYNPCC7942_RS06555
M744_RS09740	2.6333	SYNPCC7942_RS06550
M744_RS09745	384.3277	SYNPCC7942_RS06545
M744_RS09750	602.5963	SYNPCC7942_RS06540
M744_RS09755	16.9379	SYNPCC7942_RS06535
M744_RS09760	134.1436	SYNPCC7942_RS06530
M744_RS09765	69.8055	SYNPCC7942_RS06525
M744_RS09770	31.5620	SYNPCC7942_RS06520
M744_RS09775	13.9743	SYNPCC7942_RS06515
M744_RS09780	42.8967	SYNPCC7942_RS06510
M744_RS09785	55.4221	SYNPCC7942_RS06505
M744_RS09790	110.7591	SYNPCC7942_RS06500
M744_RS09795	95.0594	SYNPCC7942_RS06495
M744_RS09800	59.9345	SYNPCC7942_RS06490
M744_RS09805	22.4215	SYNPCC7942_RS06485
M744_RS09810	34.3465	SYNPCC7942_RS06480
M744_RS09815	43.8362	SYNPCC7942_RS06475
M744_RS09820	31.3565	SYNPCC7942_RS06470
M744_RS09825	57.3188	SYNPCC7942_RS06465
M744_RS09830	56.5555	SYNPCC7942_RS06460
M744_RS09835	131.4673	SYNPCC7942_RS06455
M744_RS09840	236.3617	SYNPCC7942_RS06450
M744_RS09845	15.6385	SYNPCC7942_RS06445
M744_RS09850	155.9002	SYNPCC7942_RS06440
M744_RS09855	125.8167	SYNPCC7942_RS06435
M744_RS09860	87.4553	SYNPCC7942_RS06430
M744_RS09865	515.1903	SYNPCC7942_RS06425
M744_RS09875	43.5809	SYNPCC7942_RS06415
M744_RS09880	19.4922	SYNPCC7942_RS06410
M744_RS09885	1848.3466	SYNPCC7942_RS06405
M744_RS09890	115.9720	SYNPCC7942_RS06400
M744_RS09895	36.8485	SYNPCC7942_RS06395
M744_RS09905	153.6280	SYNPCC7942_RS06385
M744_RS09910	13.2286	SYNPCC7942_RS06380
M744_RS09915	37.9409	SYNPCC7942_RS06375
M744_RS09920	16.2807	SYNPCC7942_RS06370
M744_RS09925	47.0884	SYNPCC7942_RS06365
M744_RS09930	102.2171	SYNPCC7942_RS06360
M744_RS09935	1205.3696	SYNPCC7942_RS06355
M744_RS09940	1095.4650	SYNPCC7942_RS06350
M744_RS09945	597.7863	SYNPCC7942_RS06345
M744_RS09950	1546.2573	SYNPCC7942_RS06340
M744_RS09955	633.3700	SYNPCC7942_RS06335
M744_RS09960	115.0645	SYNPCC7942_RS06330
M744_RS09965	151.2462	SYNPCC7942_RS06325
M744_RS09970	11.0816	SYNPCC7942_RS06320
M744_RS09975	166.5735	SYNPCC7942_RS06315
M744_RS09980	447.4873	SYNPCC7942_RS06310
M744_RS09985	21.1464	SYNPCC7942_RS06305
M744_RS09990	12.9827	SYNPCC7942_RS06300
M744_RS09995	17.1313	SYNPCC7942_RS06295
M744_RS10000	46.3780	SYNPCC7942_RS06290
M744_RS10010	224.9629	SYNPCC7942_RS06280
M744_RS10015	123.7423	SYNPCC7942_RS06275
M744_RS10020	196.3328	SYNPCC7942_RS06270
M744_RS10025	187.7984	SYNPCC7942_RS06265
M744_RS10030	21.9243	SYNPCC7942_RS06260
M744_RS10035	149.5471	SYNPCC7942_RS06255
M744_RS10040	320.4891	SYNPCC7942_RS06250
M744_RS10045	582.0587	SYNPCC7942_RS06245
M744_RS10050	23.4278	SYNPCC7942_RS06240
M744_RS10055	86.1841	SYNPCC7942_RS06235
M744_RS10060	224.1216	SYNPCC7942_RS06230
M744_RS10065	33.3204	SYNPCC7942_RS06225
M744_RS10070	64.4293	SYNPCC7942_RS06220
M744_RS10075	24.7526	SYNPCC7942_RS06215
M744_RS10080	46.3723	SYNPCC7942_RS06210
M744_RS10085	25.4809	SYNPCC7942_RS06205
M744_RS10090	11.6479	SYNPCC7942_RS06200
M744_RS10095	9.5496	SYNPCC7942_RS06195
M744_RS10100	61.9475	SYNPCC7942_RS06190
M744_RS10105	42.6676	SYNPCC7942_RS06185
M744_RS10110	18.8247	SYNPCC7942_RS06180
M744_RS10115	3.4947	SYNPCC7942_RS06175
M744_RS10125	2.7965	SYNPCC7942_RS06165
M744_RS10130	1.8416	SYNPCC7942_RS06160
M744_RS10135	80.8536	SYNPCC7942_RS06155
M744_RS10140	72.4560	SYNPCC7942_RS06150
M744_RS10145	21.2005	SYNPCC7942_RS06145
M744_RS10150	39.2464	SYNPCC7942_RS06140
M744_RS10155	333.1011	SYNPCC7942_RS06135
M744_RS10160	147.0474	SYNPCC7942_RS06130
M744_RS10165	34.7084	SYNPCC7942_RS06125
M744_RS10170	213.5227	SYNPCC7942_RS06120
M744_RS10175	64.7301	SYNPCC7942_RS06115
M744_RS10180	47.4578	SYNPCC7942_RS06110
M744_RS10185	125.7972	SYNPCC7942_RS06105
M744_RS10190	21.2473	SYNPCC7942_RS06100
M744_RS10195	130.9730	SYNPCC7942_RS06095
M744_RS10200	22.6712	SYNPCC7942_RS06090
M744_RS10205	53.3044	SYNPCC7942_RS06085
M744_RS10210	33.9054	SYNPCC7942_RS06080
M744_RS10215	6.5565	SYNPCC7942_RS06075
M744_RS10220	11.4596	SYNPCC7942_RS06070
M744_RS10225	297.3803	SYNPCC7942_RS06065
M744_RS10230	186.2155	SYNPCC7942_RS06060
M744_RS10235	287.3258	SYNPCC7942_RS06055
M744_RS10240	549.2319	SYNPCC7942_RS06050
M744_RS10245	319.8709	SYNPCC7942_RS06045
M744_RS10250	278.3665	SYNPCC7942_RS06040
M744_RS10255	192.5418	SYNPCC7942_RS06035
M744_RS10260	683.0585	SYNPCC7942_RS06030
M744_RS10265	417.2951	SYNPCC7942_RS06025
M744_RS10270	169.7092	SYNPCC7942_RS06020
M744_RS10275	19.1508	SYNPCC7942_RS06015
M744_RS10280	43.3837	SYNPCC7942_RS06010
M744_RS10285	19.0012	SYNPCC7942_RS06005
M744_RS10290	45.9447	SYNPCC7942_RS06000
M744_RS10295	83.7329	SYNPCC7942_RS05995
M744_RS10300	45.4032	SYNPCC7942_RS05990
M744_RS10305	30.2376	SYNPCC7942_RS05985
M744_RS10310	53.7030	SYNPCC7942_RS05980
M744_RS10320	88.1527	SYNPCC7942_RS05970
M744_RS10330	15.9755	SYNPCC7942_RS05960
M744_RS10335	8.2148	SYNPCC7942_RS05955
M744_RS10340	2.5720	SYNPCC7942_RS05950
M744_RS10345	19.6402	SYNPCC7942_RS05945
M744_RS10355	79.9102	SYNPCC7942_RS05935
M744_RS10360	78.1254	SYNPCC7942_RS05930
M744_RS10365	52.5053	SYNPCC7942_RS05925
M744_RS10370	17.6999	SYNPCC7942_RS05920
M744_RS10375	35.5616	SYNPCC7942_RS05915
M744_RS10380	70.8052	SYNPCC7942_RS05910
M744_RS10390	39.8317	SYNPCC7942_RS05900
M744_RS10395	392.5969	SYNPCC7942_RS05895
M744_RS10405	105.0551	SYNPCC7942_RS05885
M744_RS10410	233.3441	SYNPCC7942_RS05880
M744_RS10415	7.4152	SYNPCC7942_RS05875
M744_RS10420	110.2389	SYNPCC7942_RS05870
M744_RS10425	160.3020	SYNPCC7942_RS05865
M744_RS10435	220.1285	SYNPCC7942_RS05855
M744_RS10440	38.2341	SYNPCC7942_RS05850
M744_RS10445	243.1496	SYNPCC7942_RS05845
M744_RS10450	64.6027	SYNPCC7942_RS05840
M744_RS10455	20.8848	SYNPCC7942_RS05835
M744_RS10460	456.8321	SYNPCC7942_RS05830
M744_RS10470	895.6065	SYNPCC7942_RS05820
M744_RS10475	260.1414	SYNPCC7942_RS05815
M744_RS10480	7.7321	SYNPCC7942_RS05810
M744_RS10485	31.8669	SYNPCC7942_RS05805
M744_RS10490	24.7040	SYNPCC7942_RS05800
M744_RS10495	21.8931	SYNPCC7942_RS05795
M744_RS10500	34.1300	SYNPCC7942_RS05790
M744_RS10505	199.4237	SYNPCC7942_RS05785
M744_RS10510	69.9700	SYNPCC7942_RS05780
M744_RS10515	41.3859	SYNPCC7942_RS05775
M744_RS10520	306.7448	SYNPCC7942_RS05770
M744_RS10525	149.5990	SYNPCC7942_RS05765
M744_RS10530	333.6855	SYNPCC7942_RS05760
M744_RS10535	274.8127	SYNPCC7942_RS05755
M744_RS10540	167.3107	SYNPCC7942_RS05750
M744_RS10545	245.0003	SYNPCC7942_RS05745
M744_RS10550	44.9922	SYNPCC7942_RS05740
M744_RS10555	14.5460	SYNPCC7942_RS05735
M744_RS10565	25.9082	SYNPCC7942_RS05725
M744_RS10570	272.2767	SYNPCC7942_RS05720
M744_RS10575	41.7540	SYNPCC7942_RS05715
M744_RS10580	77.5951	SYNPCC7942_RS05710
M744_RS10585	64.7907	SYNPCC7942_RS05705
M744_RS10590	41.9591	SYNPCC7942_RS05700
M744_RS10595	38.1610	SYNPCC7942_RS05695
M744_RS10600	184.1059	SYNPCC7942_RS05690
M744_RS10605	21.1551	SYNPCC7942_RS05685
M744_RS10610	23.7661	SYNPCC7942_RS05680
M744_RS10615	86.0714	SYNPCC7942_RS05675
M744_RS10620	32.6344	SYNPCC7942_RS05670
M744_RS10625	63.4330	SYNPCC7942_RS05665
M744_RS10630	82.8962	SYNPCC7942_RS05660
M744_RS10635	15.6065	SYNPCC7942_RS05655
M744_RS10640	44.0029	SYNPCC7942_RS05650
M744_RS10645	592.6287	SYNPCC7942_RS05645
M744_RS10650	88.1665	SYNPCC7942_RS05640
M744_RS10655	17.6489	SYNPCC7942_RS05635
M744_RS10660	25.4033	SYNPCC7942_RS05630
M744_RS10665	1493.2762	SYNPCC7942_RS05625
M744_RS10670	71.9321	SYNPCC7942_RS05620
M744_RS10675	22.1623	SYNPCC7942_RS05615
M744_RS10680	29.8548	SYNPCC7942_RS05610
M744_RS10685	21.0240	SYNPCC7942_RS05605
M744_RS10690	25.4277	SYNPCC7942_RS05600
M744_RS10695	52.5501	SYNPCC7942_RS05595
M744_RS10700	334.4049	SYNPCC7942_RS05590
M744_RS10705	1858.5999	SYNPCC7942_RS05585
M744_RS10710	68.7062	SYNPCC7942_RS05580
M744_RS10715	200.6096	SYNPCC7942_RS05575
M744_RS10720	168.4340	SYNPCC7942_RS05570
M744_RS10725	4.0720	SYNPCC7942_RS05565
M744_RS10735	82.9823	SYNPCC7942_RS05555
M744_RS10740	61.8835	SYNPCC7942_RS05550
M744_RS10745	33.9159	SYNPCC7942_RS05545
M744_RS10755	143.6726	SYNPCC7942_RS05535
M744_RS10760	206.1282	SYNPCC7942_RS05530
M744_RS10765	10.7780	SYNPCC7942_RS05525
M744_RS10770	8.8189	SYNPCC7942_RS05520
M744_RS10775	6.9311	SYNPCC7942_RS05515
M744_RS10780	10.4796	SYNPCC7942_RS05510
M744_RS10785	15.3750	SYNPCC7942_RS05505
M744_RS10790	9.0470	SYNPCC7942_RS05500
M744_RS10795	144.6926	SYNPCC7942_RS05495
M744_RS10800	43.4403	SYNPCC7942_RS05490
M744_RS10805	32.9108	SYNPCC7942_RS05485
M744_RS10810	212.6037	SYNPCC7942_RS05480
M744_RS10815	27.2183	SYNPCC7942_RS05475
M744_RS10825	288.1919	SYNPCC7942_RS05465
M744_RS10830	103.3127	SYNPCC7942_RS05460
M744_RS10835	34.4200	SYNPCC7942_RS05455
M744_RS10840	126.2069	SYNPCC7942_RS05450
M744_RS10845	26.1500	SYNPCC7942_RS05445
M744_RS10850	2.6524	SYNPCC7942_RS05440
M744_RS10855	24.4552	SYNPCC7942_RS05435
M744_RS10860	1419.5403	SYNPCC7942_RS05430
M744_RS10865	17.3502	SYNPCC7942_RS05425
M744_RS10870	231.9407	SYNPCC7942_RS05420
M744_RS10875	352.0718	SYNPCC7942_RS05415
M744_RS10880	9.6609	SYNPCC7942_RS05410
M744_RS10885	19.7589	SYNPCC7942_RS05405
M744_RS10900	814.3276	SYNPCC7942_RS05390
M744_RS10905	2592.7125	SYNPCC7942_RS05385
M744_RS10910	1686.9117	SYNPCC7942_RS05380
M744_RS10925	42.1397	SYNPCC7942_RS05365
M744_RS10930	101.8605	SYNPCC7942_RS05360
M744_RS10935	128.8181	SYNPCC7942_RS05355
M744_RS10940	35.7142	SYNPCC7942_RS05350
M744_RS10945	17.2212	SYNPCC7942_RS05345
M744_RS10950	59.6791	SYNPCC7942_RS05340
M744_RS10955	8.3301	SYNPCC7942_RS05335
M744_RS10960	10.7138	SYNPCC7942_RS05330
M744_RS10965	125.1067	SYNPCC7942_RS05325
M744_RS10970	251.7053	SYNPCC7942_RS05320
M744_RS10975	69.9854	SYNPCC7942_RS05315
M744_RS10980	83.6271	SYNPCC7942_RS05310
M744_RS10985	170.4969	SYNPCC7942_RS05305
M744_RS10990	276.9172	SYNPCC7942_RS05300
M744_RS11000	239.5013	SYNPCC7942_RS05290
M744_RS11005	169.4346	SYNPCC7942_RS05285
M744_RS11015	11.4642	SYNPCC7942_RS05275
M744_RS11020	149.4929	SYNPCC7942_RS05270
M744_RS11025	21.2246	SYNPCC7942_RS05265
M744_RS11030	43.6314	SYNPCC7942_RS05260
M744_RS11035	68.0742	SYNPCC7942_RS05255
M744_RS11040	36.8314	SYNPCC7942_RS05250
M744_RS11045	24.9228	SYNPCC7942_RS05245
M744_RS11050	147.0121	SYNPCC7942_RS05240
M744_RS11055	19.7172	SYNPCC7942_RS05235
M744_RS11060	58.9666	SYNPCC7942_RS05230
M744_RS11070	91.2029	SYNPCC7942_RS05220
M744_RS11075	540.7610	SYNPCC7942_RS05215
M744_RS11080	754.3688	SYNPCC7942_RS05210
M744_RS11085	22.7010	SYNPCC7942_RS05205
M744_RS11090	52.5118	SYNPCC7942_RS05195
M744_RS11095	45.1415	SYNPCC7942_RS05190
M744_RS11100	89.9564	SYNPCC7942_RS05185
M744_RS11105	17.2403	SYNPCC7942_RS05180
M744_RS11110	13.2636	SYNPCC7942_RS05175
M744_RS11115	40.5198	SYNPCC7942_RS05170
M744_RS11125	46.7801	SYNPCC7942_RS05160
M744_RS11130	6.4187	SYNPCC7942_RS05155
M744_RS11135	2.8896	SYNPCC7942_RS05150
M744_RS11145	4681.2918	SYNPCC7942_RS05140
M744_RS11150	87.3864	SYNPCC7942_RS05135
M744_RS11155	61.0284	SYNPCC7942_RS05130
M744_RS11160	16.0092	SYNPCC7942_RS13725
M744_RS11165	531.1644	SYNPCC7942_RS05125
M744_RS11170	156.9122	SYNPCC7942_RS05120
M744_RS11175	56.1217	SYNPCC7942_RS05115
M744_RS11180	19.2726	SYNPCC7942_RS05110
M744_RS11185	37.3648	SYNPCC7942_RS05105
M744_RS11190	69.2749	SYNPCC7942_RS05100
M744_RS11195	85.8280	SYNPCC7942_RS05095
M744_RS11200	103.6996	SYNPCC7942_RS05090
M744_RS11205	11.6872	SYNPCC7942_RS13875
M744_RS11210	403.9175	SYNPCC7942_RS05080
M744_RS11215	113.7191	SYNPCC7942_RS05075
M744_RS11220	64.3945	SYNPCC7942_RS05070
M744_RS11225	146.3749	SYNPCC7942_RS05065
M744_RS11230	192.2816	SYNPCC7942_RS05060
M744_RS11235	51.1999	SYNPCC7942_RS05055
M744_RS11240	119.8585	SYNPCC7942_RS05050
M744_RS11245	184.0568	SYNPCC7942_RS05045
M744_RS11250	75.3870	SYNPCC7942_RS05040
M744_RS11260	27.5117	SYNPCC7942_RS05030
M744_RS11265	19.5256	SYNPCC7942_RS05025
M744_RS11270	1053.8947	SYNPCC7942_RS05020
M744_RS11275	2013.5952	SYNPCC7942_RS05015
M744_RS11280	73.4394	SYNPCC7942_RS05010
M744_RS11285	7.4438	SYNPCC7942_RS05005
M744_RS11295	25.7433	SYNPCC7942_RS04995
M744_RS11300	612.6234	SYNPCC7942_RS04990
M744_RS11305	34.7395	SYNPCC7942_RS04985
M744_RS11310	71.3930	SYNPCC7942_RS04980
M744_RS11315	25.4727	SYNPCC7942_RS04975
M744_RS11320	190.5505	SYNPCC7942_RS04970
M744_RS11325	21.4358	SYNPCC7942_RS04965
M744_RS11330	110.5746	SYNPCC7942_RS04960
M744_RS11335	120.9154	SYNPCC7942_RS04955
M744_RS11340	51.7387	SYNPCC7942_RS04945
M744_RS11345	53.0956	SYNPCC7942_RS04940
M744_RS11350	40.4411	SYNPCC7942_RS04935
M744_RS11355	99.0992	SYNPCC7942_RS04930
M744_RS11360	29.4974	SYNPCC7942_RS04925
M744_RS11365	111.6928	SYNPCC7942_RS04920
M744_RS11370	436.1158	SYNPCC7942_RS04915
M744_RS11375	32.5704	SYNPCC7942_RS04910
M744_RS11380	39.4459	SYNPCC7942_RS04905
M744_RS11385	7.4745	SYNPCC7942_RS04900
M744_RS11390	46.8013	SYNPCC7942_RS04895
M744_RS11395	50.7995	SYNPCC7942_RS04890
M744_RS11400	79.6403	SYNPCC7942_RS04885
M744_RS11405	38.5790	SYNPCC7942_RS04880
M744_RS11410	30.5561	SYNPCC7942_RS04875
M744_RS11415	39.7187	SYNPCC7942_RS04870
M744_RS11420	27.5135	SYNPCC7942_RS04865
M744_RS11425	12.5450	SYNPCC7942_RS04860
M744_RS11430	40.3932	SYNPCC7942_RS04855
M744_RS11435	387.0671	SYNPCC7942_RS04850
M744_RS11440	945.8536	SYNPCC7942_RS04845
M744_RS11445	183.2534	SYNPCC7942_RS04840
M744_RS11450	91.0017	SYNPCC7942_RS04835
M744_RS11455	34.2834	SYNPCC7942_RS04830
M744_RS11460	4.5953	SYNPCC7942_RS04825
M744_RS11465	9.9467	SYNPCC7942_RS04820
M744_RS11470	14.2760	SYNPCC7942_RS04815
M744_RS11475	8.6657	SYNPCC7942_RS04810
M744_RS11480	20.7768	SYNPCC7942_RS04805
M744_RS11485	11.1495	SYNPCC7942_RS04800
M744_RS11490	56.2586	SYNPCC7942_RS04795
M744_RS11495	51.9717	SYNPCC7942_RS04790
M744_RS11500	25.6935	SYNPCC7942_RS04785
M744_RS11505	84.5245	SYNPCC7942_RS04780
M744_RS11510	440.3929	SYNPCC7942_RS04775
M744_RS11515	63.3734	SYNPCC7942_RS04770
M744_RS11520	85.7106	SYNPCC7942_RS04765
M744_RS11525	89.3891	SYNPCC7942_RS04760
M744_RS11530	310.1766	SYNPCC7942_RS04755
M744_RS11535	47.5793	SYNPCC7942_RS04750
M744_RS11540	19.1722	SYNPCC7942_RS04745
M744_RS11545	20.8086	SYNPCC7942_RS04740
M744_RS11550	342.2878	SYNPCC7942_RS04735
M744_RS11555	59.2655	SYNPCC7942_RS04730
M744_RS11565	51.6535	SYNPCC7942_RS04720
M744_RS11580	25.8739	SYNPCC7942_RS04705
M744_RS11585	9.5661	SYNPCC7942_RS04700
M744_RS11590	5.4273	SYNPCC7942_RS04695
M744_RS11595	72.6810	SYNPCC7942_RS04690
M744_RS11600	8.4210	SYNPCC7942_RS04685
M744_RS11605	177.6500	SYNPCC7942_RS04680
M744_RS11610	212.8178	SYNPCC7942_RS04675
M744_RS11615	65.8632	SYNPCC7942_RS04670
M744_RS11625	100.1803	SYNPCC7942_RS13975
M744_RS11630	358.3403	SYNPCC7942_RS04660
M744_RS11635	646.3231	SYNPCC7942_RS04655
M744_RS11640	30.8197	SYNPCC7942_RS04650
M744_RS11645	10.1457	SYNPCC7942_RS04645
M744_RS11650	118.2936	SYNPCC7942_RS04640
M744_RS11655	20.6178	SYNPCC7942_RS04635
M744_RS11665	19.7161	SYNPCC7942_RS04625
M744_RS11670	37.9282	SYNPCC7942_RS04620
M744_RS11675	172.6762	SYNPCC7942_RS04615
M744_RS11680	15.2138	SYNPCC7942_RS04610
M744_RS11685	22.6264	SYNPCC7942_RS04605
M744_RS11695	20.3937	SYNPCC7942_RS04595
M744_RS11700	331.9842	SYNPCC7942_RS04590
M744_RS11710	238.0529	SYNPCC7942_RS04580
M744_RS11715	12.3368	SYNPCC7942_RS04575
M744_RS11720	560.2542	SYNPCC7942_RS04570
M744_RS11725	523.7263	SYNPCC7942_RS04565
M744_RS11730	2227.8452	SYNPCC7942_RS04560
M744_RS11735	2925.9722	SYNPCC7942_RS04555
M744_RS11740	402.9818	SYNPCC7942_RS04550
M744_RS11745	50.7850	SYNPCC7942_RS04545
M744_RS11750	19.3405	SYNPCC7942_RS04540
M744_RS11755	16.8930	SYNPCC7942_RS04535
M744_RS11760	21.5621	SYNPCC7942_RS04530
M744_RS11765	651.8535	SYNPCC7942_RS04525
M744_RS11770	317.7099	SYNPCC7942_RS04520
M744_RS11775	376.7299	SYNPCC7942_RS04515
M744_RS11780	25.8633	SYNPCC7942_RS04510
M744_RS11785	64.1039	SYNPCC7942_RS04505
M744_RS11790	21.6618	SYNPCC7942_RS04500
M744_RS11795	11.7214	SYNPCC7942_RS04495
M744_RS11800	32.9704	SYNPCC7942_RS04490
M744_RS11805	17.9602	SYNPCC7942_RS04485
M744_RS11810	18.2038	SYNPCC7942_RS04480
M744_RS11815	93.0075	SYNPCC7942_RS04475
M744_RS11820	9.2450	SYNPCC7942_RS04470
M744_RS11825	48.8721	SYNPCC7942_RS04465
M744_RS11830	30.3700	SYNPCC7942_RS04460
M744_RS11835	159.3582	SYNPCC7942_RS04455
M744_RS11840	323.7521	SYNPCC7942_RS04450
M744_RS11845	122.6130	SYNPCC7942_RS04445
M744_RS11850	305.2697	SYNPCC7942_RS04440
M744_RS11855	223.3138	SYNPCC7942_RS04435
M744_RS11860	440.3949	SYNPCC7942_RS04430
M744_RS11865	1416.0077	SYNPCC7942_RS04425
M744_RS11870	135.4459	SYNPCC7942_RS04420
M744_RS11875	60.0346	SYNPCC7942_RS04415
M744_RS11880	246.1123	SYNPCC7942_RS04410
M744_RS11885	107.1615	SYNPCC7942_RS04405
M744_RS11890	64.9193	SYNPCC7942_RS04400
M744_RS11895	110.0123	SYNPCC7942_RS04395
M744_RS11900	69.8442	SYNPCC7942_RS04390
M744_RS11910	162.7518	SYNPCC7942_RS04380
M744_RS11915	335.8304	SYNPCC7942_RS04375
M744_RS11920	78.8617	SYNPCC7942_RS04370
M744_RS11925	200.3894	SYNPCC7942_RS04365
M744_RS11930	185.1914	SYNPCC7942_RS04360
M744_RS11935	130.8989	SYNPCC7942_RS04355
M744_RS11940	71.8176	SYNPCC7942_RS04350
M744_RS11945	5.1075	SYNPCC7942_RS04345
M744_RS11950	12.0317	SYNPCC7942_RS04340
M744_RS11955	13.1609	SYNPCC7942_RS04335
M744_RS11960	13.2336	SYNPCC7942_RS04330
M744_RS11965	8.0777	SYNPCC7942_RS04325
M744_RS11970	93.7644	SYNPCC7942_RS04320
M744_RS11975	4192.7434	SYNPCC7942_RS04315
M744_RS11980	181.4889	SYNPCC7942_RS04310
M744_RS11990	2.4685	SYNPCC7942_RS04300
M744_RS11995	23.2234	SYNPCC7942_RS04295
M744_RS12000	97.1288	SYNPCC7942_RS04290
M744_RS12005	19.6265	SYNPCC7942_RS04285
M744_RS12010	59.3001	SYNPCC7942_RS04280
M744_RS12015	136.4067	SYNPCC7942_RS04275
M744_RS12020	22.0816	SYNPCC7942_RS04270
M744_RS12025	10.8237	SYNPCC7942_RS04265
M744_RS12030	108.5489	SYNPCC7942_RS04260
M744_RS12035	63.9394	SYNPCC7942_RS04255
M744_RS12040	51.3255	SYNPCC7942_RS04250
M744_RS12045	97.7415	SYNPCC7942_RS04245
M744_RS12050	109.2300	SYNPCC7942_RS04240
M744_RS12055	49.1463	SYNPCC7942_RS04235
M744_RS12060	42.5798	SYNPCC7942_RS04230
M744_RS12065	58.1513	SYNPCC7942_RS04225
M744_RS12070	97.5267	SYNPCC7942_RS04220
M744_RS12075	12.2075	SYNPCC7942_RS04215
M744_RS12080	9.9150	SYNPCC7942_RS04210
M744_RS12085	128.6194	SYNPCC7942_RS04205
M744_RS12090	162.6199	SYNPCC7942_RS04200
M744_RS12095	69.1077	SYNPCC7942_RS04195
M744_RS12100	3.3271	SYNPCC7942_RS04190
M744_RS12105	104.4175	SYNPCC7942_RS04185
M744_RS12110	299.2411	SYNPCC7942_RS04180
M744_RS12115	78.2701	SYNPCC7942_RS04175
M744_RS12120	16.4592	SYNPCC7942_RS04170
M744_RS12125	150.9652	SYNPCC7942_RS04165
M744_RS12130	121.2803	SYNPCC7942_RS04160
M744_RS12135	59.1805	SYNPCC7942_RS04155
M744_RS12140	18.2080	SYNPCC7942_RS04150
M744_RS12145	583.0591	SYNPCC7942_RS04145
M744_RS12150	28.2533	SYNPCC7942_RS04140
M744_RS12155	156.2659	SYNPCC7942_RS04135
M744_RS12160	83.0885	SYNPCC7942_RS04130
M744_RS12165	227.1348	SYNPCC7942_RS04125
M744_RS12170	48.8949	SYNPCC7942_RS04120
M744_RS12175	25.8516	SYNPCC7942_RS04115
M744_RS12180	1113.2954	SYNPCC7942_RS04110
M744_RS12185	89.6694	SYNPCC7942_RS04105
M744_RS12190	130.0791	SYNPCC7942_RS04100
M744_RS12195	51.8440	SYNPCC7942_RS04095
M744_RS12200	802.6506	SYNPCC7942_RS04090
M744_RS12205	38.5622	SYNPCC7942_RS04085
M744_RS12210	109.8858	SYNPCC7942_RS04080
M744_RS12215	84.2790	SYNPCC7942_RS04075
M744_RS12220	11.0061	SYNPCC7942_RS04070
M744_RS12225	17.8481	SYNPCC7942_RS04065
M744_RS12230	41.7451	SYNPCC7942_RS04060
M744_RS12235	294.0196	SYNPCC7942_RS04055
M744_RS12240	267.7476	SYNPCC7942_RS04050
M744_RS12245	155.0949	SYNPCC7942_RS04045
M744_RS12250	1290.7173	SYNPCC7942_RS04040
M744_RS12255	12.8792	SYNPCC7942_RS04035
M744_RS12260	103.8376	SYNPCC7942_RS04030
M744_RS12265	114.3281	SYNPCC7942_RS04025
M744_RS12270	34.1323	SYNPCC7942_RS04020
M744_RS12275	104.9235	SYNPCC7942_RS04015
M744_RS12280	115.1543	SYNPCC7942_RS04010
M744_RS12290	2.7572	SYNPCC7942_RS13700
M744_RS12295	6.7717	SYNPCC7942_RS03970
M744_RS12300	0.9460	SYNPCC7942_RS03965
M744_RS12310	11.5308	SYNPCC7942_RS03955
M744_RS12315	523.1942	SYNPCC7942_RS03950
M744_RS12325	161.1492	SYNPCC7942_RS03940
M744_RS12330	52.0315	SYNPCC7942_RS03935
M744_RS12335	231.5925	SYNPCC7942_RS03930
M744_RS12340	56.5413	SYNPCC7942_RS03925
M744_RS12345	4.1004	SYNPCC7942_RS03920
M744_RS12350	0.1249	SYNPCC7942_RS03915
M744_RS12355	19.5919	SYNPCC7942_RS03910
M744_RS12365	12.3730	SYNPCC7942_RS03900
M744_RS12370	0.5897	SYNPCC7942_RS03895
M744_RS12375	5.1716	SYNPCC7942_RS03890
M744_RS12380	39.7426	SYNPCC7942_RS03885
M744_RS12385	1.3774	SYNPCC7942_RS03880
M744_RS12390	5.9026	SYNPCC7942_RS03875
M744_RS12395	18.2041	SYNPCC7942_RS03870
M744_RS12405	134.7259	SYNPCC7942_RS03860
M744_RS12410	157.6036	SYNPCC7942_RS03855
M744_RS12415	292.4978	SYNPCC7942_RS03850
M744_RS12420	32.8059	SYNPCC7942_RS03845
M744_RS12425	7.1862	SYNPCC7942_RS03840
M744_RS12430	5.0444	SYNPCC7942_RS03835
M744_RS12440	10.4666	SYNPCC7942_RS03825
M744_RS12450	9.7661	SYNPCC7942_RS03815
M744_RS12455	8.5840	SYNPCC7942_RS03810
M744_RS12460	8.5762	SYNPCC7942_RS03805
M744_RS12465	6.3569	SYNPCC7942_RS03800
M744_RS12470	37.8039	SYNPCC7942_RS03795
M744_RS12475	19.9179	SYNPCC7942_RS03790
M744_RS12480	6.1832	SYNPCC7942_RS03785
M744_RS12485	13.2034	SYNPCC7942_RS03780
M744_RS12490	9.0565	SYNPCC7942_RS03775
M744_RS12495	49.1529	SYNPCC7942_RS03770
M744_RS12500	136.1553	SYNPCC7942_RS03765
M744_RS12505	17.6133	SYNPCC7942_RS03760
M744_RS12510	0.3186	SYNPCC7942_RS03755
M744_RS12515	6.5005	SYNPCC7942_RS03750
M744_RS12520	14.2924	SYNPCC7942_RS03745
M744_RS12530	1.7696	SYNPCC7942_RS03730
M744_RS12535	1.9849	SYNPCC7942_RS03725
M744_RS12540	1.0156	SYNPCC7942_RS03720
M744_RS12550	0.2932	SYNPCC7942_RS03710
M744_RS12555	2.5598	SYNPCC7942_RS03705
M744_RS12560	3.4083	SYNPCC7942_RS03700
M744_RS12565	1.1077	SYNPCC7942_RS03695
M744_RS12575	1.1318	SYNPCC7942_RS03685
M744_RS12580	17.1644	SYNPCC7942_RS03680
M744_RS12590	160.8375	SYNPCC7942_RS03670
M744_RS12600	77.0414	SYNPCC7942_RS03660
M744_RS12605	203.8954	SYNPCC7942_RS03655
M744_RS12610	2391.9268	SYNPCC7942_RS03650
M744_RS12615	174.4165	SYNPCC7942_RS03645
M744_RS12620	176.7965	SYNPCC7942_RS03640
M744_RS12625	11.9359	SYNPCC7942_RS03635
M744_RS12630	553.7459	SYNPCC7942_RS03630
M744_RS12635	31.4181	SYNPCC7942_RS03625
M744_RS12640	36.9658	SYNPCC7942_RS03620
M744_RS12645	93.2527	SYNPCC7942_RS03615
M744_RS12650	46.4028	SYNPCC7942_RS03610
M744_RS12655	292.0232	SYNPCC7942_RS03605
M744_RS12660	12.7121	SYNPCC7942_RS03600
M744_RS12665	34.0661	SYNPCC7942_RS03595
M744_RS12670	843.0253	SYNPCC7942_RS03590
M744_RS12675	93.1295	SYNPCC7942_RS03585
M744_RS12685	5852.5423	SYNPCC7942_RS03575
M744_RS12690	398.3828	SYNPCC7942_RS03570
M744_RS12695	295.3209	SYNPCC7942_RS03565
M744_RS12700	485.6431	SYNPCC7942_RS03560
M744_RS12705	7.3571	SYNPCC7942_RS03555
M744_RS12710	18.0855	SYNPCC7942_RS03550
M744_RS12715	8.8984	SYNPCC7942_RS13620
M744_RS12720	138.9278	SYNPCC7942_RS03540
M744_RS12725	29.2270	SYNPCC7942_RS03535
M744_RS12730	11.4925	SYNPCC7942_RS03530
M744_RS12735	429.5582	SYNPCC7942_RS03525
M744_RS12740	452.5988	SYNPCC7942_RS03520
M744_RS12745	356.3311	SYNPCC7942_RS03515
M744_RS12750	482.0085	SYNPCC7942_RS03510
M744_RS12755	35.0975	SYNPCC7942_RS03505
M744_RS12760	36.2149	SYNPCC7942_RS03500
M744_RS12765	83.0222	SYNPCC7942_RS03495
M744_RS12770	35.6335	SYNPCC7942_RS03490
M744_RS12775	136.2480	SYNPCC7942_RS03485
M744_RS12780	830.4512	SYNPCC7942_RS03480
M744_RS12790	69.7738	SYNPCC7942_RS03470
M744_RS12800	490.7205	SYNPCC7942_RS03465
M744_RS12805	80.9678	SYNPCC7942_RS03460
M744_RS12810	63.4600	SYNPCC7942_RS03455
M744_RS12815	301.1822	SYNPCC7942_RS03450
M744_RS12820	33.8546	SYNPCC7942_RS03445
M744_RS12825	68.0799	SYNPCC7942_RS03440
M744_RS12830	25.2431	SYNPCC7942_RS03435
M744_RS12835	47.6489	SYNPCC7942_RS03430
M744_RS12840	15.9790	SYNPCC7942_RS03425
M744_RS12850	307.6535	SYNPCC7942_RS03415
M744_RS12855	16.9413	SYNPCC7942_RS03410
M744_RS12860	50.2002	SYNPCC7942_RS03405
M744_RS12865	40.7628	SYNPCC7942_RS03400
M744_RS12870	54.9021	SYNPCC7942_RS03395
M744_RS12875	250.5887	SYNPCC7942_RS03390
M744_RS12880	92.8846	SYNPCC7942_RS03385
M744_RS12885	43.9581	SYNPCC7942_RS03380
M744_RS12890	128.7572	SYNPCC7942_RS03375
M744_RS12895	131.6523	SYNPCC7942_RS03370
M744_RS12900	1083.0707	SYNPCC7942_RS03365
M744_RS12905	5612.7133	SYNPCC7942_RS03360
M744_RS12920	308.5164	SYNPCC7942_RS03345
M744_RS12925	111.9665	SYNPCC7942_RS03340
M744_RS12930	223.5475	SYNPCC7942_RS03335
M744_RS12935	75.2319	SYNPCC7942_RS03330
M744_RS12940	1673.8566	SYNPCC7942_RS03325
M744_RS12945	54.9153	SYNPCC7942_RS13685
M744_RS12950	208.3113	SYNPCC7942_RS03320
M744_RS12955	20.8225	SYNPCC7942_RS03315
M744_RS12960	760.0418	SYNPCC7942_RS03310
M744_RS12965	624.7216	SYNPCC7942_RS03305
M744_RS12970	73.0292	SYNPCC7942_RS03300
M744_RS12975	202.8110	SYNPCC7942_RS03295
M744_RS12980	102.7314	SYNPCC7942_RS03290
M744_RS12985	141.0467	SYNPCC7942_RS03285
M744_RS12990	162.3986	SYNPCC7942_RS03280
M744_RS12995	149.4143	SYNPCC7942_RS03275
M744_RS13000	391.1549	SYNPCC7942_RS03270
M744_RS13005	489.8011	SYNPCC7942_RS03265
M744_RS13010	906.4550	SYNPCC7942_RS03260
M744_RS13015	453.9500	SYNPCC7942_RS03255
M744_RS13020	684.8439	SYNPCC7942_RS03250
M744_RS13025	403.0845	SYNPCC7942_RS03245
M744_RS13030	241.8144	SYNPCC7942_RS03240
M744_RS13035	176.1490	SYNPCC7942_RS03235
M744_RS13040	5.6522	SYNPCC7942_RS03230
M744_RS13045	48.9163	SYNPCC7942_RS03225
M744_RS13050	10.8327	SYNPCC7942_RS03220
M744_RS13060	245.4157	SYNPCC7942_RS03210
M744_RS13065	415.0398	SYNPCC7942_RS03205
M744_RS13070	142.0942	SYNPCC7942_RS03200
M744_RS13075	200.9509	SYNPCC7942_RS03195
M744_RS13080	402.6843	SYNPCC7942_RS03190
M744_RS13085	281.0537	SYNPCC7942_RS03185
M744_RS13090	212.9361	SYNPCC7942_RS03180
M744_RS13095	109.4825	SYNPCC7942_RS03175
M744_RS13100	496.8923	SYNPCC7942_RS03170
M744_RS13105	20.6072	SYNPCC7942_RS03165
M744_RS13110	24.1920	SYNPCC7942_RS03160
M744_RS13115	43.1940	SYNPCC7942_RS03155
M744_RS13120	112.4900	SYNPCC7942_RS03150
M744_RS13125	14.1773	SYNPCC7942_RS03145
M744_RS13130	117.3116	SYNPCC7942_RS03140
M744_RS13140	117.2534	SYNPCC7942_RS03130
M744_RS13145	107.1244	SYNPCC7942_RS03125
M744_RS13150	127.5006	SYNPCC7942_RS03120
M744_RS13160	13.3788	SYNPCC7942_RS03110
M744_RS13165	31.8720	SYNPCC7942_RS03105
M744_RS13170	267.7367	SYNPCC7942_RS03100
M744_RS13175	540.7480	SYNPCC7942_RS03095
M744_RS13180	81.9753	SYNPCC7942_RS03090
M744_RS13185	306.5035	SYNPCC7942_RS03080
M744_RS13190	273.5980	SYNPCC7942_RS03075
M744_RS13200	521.3906	SYNPCC7942_RS03065
M744_RS13205	23.9742	SYNPCC7942_RS03060
M744_RS13210	42.2561	SYNPCC7942_RS03055
M744_RS13215	197.0913	SYNPCC7942_RS03050
M744_RS13220	164.3731	SYNPCC7942_RS03045
M744_RS13230	44.7520	SYNPCC7942_RS03035
M744_RS13235	25.4297	SYNPCC7942_RS03030
M744_RS13240	60.7215	SYNPCC7942_RS03025
M744_RS13245	165.0099	SYNPCC7942_RS03020
M744_RS13250	31.6928	SYNPCC7942_RS03015
M744_RS13255	124.9722	SYNPCC7942_RS03010
M744_RS13290	15.0004	SYNPCC7942_RS13490
M744_RS13295	59.3768	SYNPCC7942_RS13485
M744_RS13300	64.0109	SYNPCC7942_RS13480
M744_RS13315	41.4005	SYNPCC7942_RS13465
M744_RS13320	25.9534	SYNPCC7942_RS13455
M744_RS13325	8.4917	SYNPCC7942_RS13450
M744_RS13330	1.9911	SYNPCC7942_RS13445
M744_RS13335	6.3890	SYNPCC7942_RS13440
M744_RS13340	1.0242	SYNPCC7942_RS13435
M744_RS13345	4.8160	SYNPCC7942_RS13430
M744_RS13350	6.9022	SYNPCC7942_RS13425
M744_RS13355	6.1609	SYNPCC7942_RS13420
M744_RS13360	2.7235	SYNPCC7942_RS13415
M744_RS13365	3.8343	SYNPCC7942_RS13410
M744_RS13370	6.6072	SYNPCC7942_RS13405
M744_RS13375	6.9725	SYNPCC7942_RS13400
M744_RS13380	1.8158	SYNPCC7942_RS13395
M744_RS13385	3.2653	SYNPCC7942_RS13390
M744_RS13395	3.6238	SYNPCC7942_RS13380
M744_RS13400	3.0151	SYNPCC7942_RS13375
M744_RS13405	4.7838	SYNPCC7942_RS13370
M744_RS13410	9.1971	SYNPCC7942_RS13365
M744_RS13415	12.6887	SYNPCC7942_RS13360
M744_RS13420	35.0535	SYNPCC7942_RS13355
M744_RS13425	19.1826	SYNPCC7942_RS13350
M744_RS13430	7.2337	SYNPCC7942_RS13345
M744_RS13440	39.3151	SYNPCC7942_RS13335
M744_RS13445	16.1390	SYNPCC7942_RS13330
M744_RS13450	23.5704	SYNPCC7942_RS13595
M744_RS13455	18.7707	SYNPCC7942_RS13590
M744_RS13470	1.0118	SYNPCC7942_RS13575
M744_RS13475	37.0054	SYNPCC7942_RS13570
M744_RS13480	14.8045	SYNPCC7942_RS13565
M744_RS13485	58.3267	SYNPCC7942_RS13560
M744_RS13490	162.7719	SYNPCC7942_RS13555
M744_RS13495	5.1501	SYNPCC7942_RS13550
M744_RS13500	3.1171	SYNPCC7942_RS13545
M744_RS13505	12.7244	SYNPCC7942_RS13540
M744_RS13510	2.9751	SYNPCC7942_RS13535
M744_RS13520	19.0654	SYNPCC7942_RS13525
M744_RS13525	1.9778	SYNPCC7942_RS13520
M744_RS13540	404.2583	SYNPCC7942_RS13505
M744_RS13545	17.0944	SYNPCC7942_RS13500
M744_RS13550	5.9345	SYNPCC7942_RS13495
M744_RS13590	13.8768	SYNPCC7942_RS13610
M744_RS13595	7.7240	SYNPCC7942_RS13630
M744_RS13600	9.6124	SYNPCC7942_RS13625
M744_RS13605	55.1210	SYNPCC7942_RS13615
M744_RS13615	6.6712	SYNPCC7942_RS13640
M744_RS13625	317.1706	SYNPCC7942_RS13675
M744_RS13630	26.3079	SYNPCC7942_RS13670
M744_RS13635	93.8270	SYNPCC7942_RS13665
M744_RS13640	27.1225	SYNPCC7942_RS00595
M744_RS13645	44.5023	SYNPCC7942_RS13660
M744_RS13655	34.2954	SYNPCC7942_RS13645
M744_RS13660	1655.9377	SYNPCC7942_RS13855
M744_RS13675	33.1596	SYNPCC7942_RS13840
M744_RS13690	102.7990	SYNPCC7942_RS13830
M744_RS13705	365.9644	SYNPCC7942_RS13815
M744_RS13710	3.2534	SYNPCC7942_RS10865
M744_RS13720	6.7986	SYNPCC7942_RS13805
M744_RS13725	310.7533	SYNPCC7942_RS13795
M744_RS13735	7.3642	SYNPCC7942_RS13760
M744_RS13745	960.4413	SYNPCC7942_RS13770
M744_RS13760	3.1196	SYNPCC7942_RS13785
M744_RS13770	549.1970	SYNPCC7942_RS13750
M744_RS13775	40.3616	SYNPCC7942_RS06420
M744_RS13780	87.8915	SYNPCC7942_RS13745
M744_RS13790	357.8622	SYNPCC7942_RS13735
M744_RS13795	70.5776	SYNPCC7942_RS13730
M744_RS13805	76.9894	SYNPCC7942_RS04950
M744_RS13810	5.2206	SYNPCC7942_RS13715
M744_RS13815	45.6374	SYNPCC7942_RS13710
M744_RS13820	98.3008	SYNPCC7942_RS13695
M744_RS13825	70.0151	SYNPCC7942_RS13690
M744_RS13830	83.0259	SYNPCC7942_RS13680
M744_RS13840	2.2876	SYNPCC7942_RS13860
M744_RS13845	4.9687	SYNPCC7942_RS13880
M744_RS13850	39.6270	SYNPCC7942_RS13870
M744_RS13860	2.1061	SYNPCC7942_RS13515
M744_RS13870	20.5542	SYNPCC7942_RS13930
M744_RS13875	43.8554	SYNPCC7942_RS13925
M744_RS13880	11.8133	SYNPCC7942_RS13920
M744_RS13885	14.2537	SYNPCC7942_RS13915
M744_RS13890	15.0202	SYNPCC7942_RS13910
M744_RS13895	1207.5161	SYNPCC7942_RS13905
M744_RS13900	443.6579	SYNPCC7942_RS14105
M744_RS13905	1133.6470	SYNPCC7942_RS14100
M744_RS13910	17.6402	SYNPCC7942_RS14095
M744_RS13915	46.3684	SYNPCC7942_RS11480
M744_RS13925	16.9747	SYNPCC7942_RS14085
M744_RS13930	5.5220	SYNPCC7942_RS10985
M744_RS13935	2.2537	SYNPCC7942_RS14080
M744_RS13945	1.3177	SYNPCC7942_RS14070
M744_RS13950	41.1034	SYNPCC7942_RS14065
M744_RS13955	8.8209	SYNPCC7942_RS14060
M744_RS13960	10.1629	SYNPCC7942_RS14055
M744_RS13965	10.3858	SYNPCC7942_RS14050
M744_RS13970	5.2524	SYNPCC7942_RS14045
M744_RS13975	3.0309	SYNPCC7942_RS14015
M744_RS13980	10.0113	SYNPCC7942_RS14020
M744_RS13985	12.2953	SYNPCC7942_RS14025
M744_RS13990	5.6679	SYNPCC7942_RS14030
M744_RS13995	4.8121	SYNPCC7942_RS14035
M744_RS14005	3.2976	SYNPCC7942_RS14005
M744_RS14010	68.7508	SYNPCC7942_RS14000
M744_RS14015	22.9892	SYNPCC7942_RS13995
M744_RS14020	21.7315	SYNPCC7942_RS13990
M744_RS14025	8.3190	SYNPCC7942_RS13985
M744_RS14030	20.0966	SYNPCC7942_RS13980
M744_RS14035	1534.2997	SYNPCC7942_RS13970
M744_RS14040	9.3175	SYNPCC7942_RS13965
M744_RS14045	793.3470	SYNPCC7942_RS13960
M744_RS14050	0.7137	SYNPCC7942_RS13940
M744_RS14055	0.7424	SYNPCC7942_RS13935
M744_RS14060	43.2038	SYNPCC7942_RS03735
M744_RS14065	1.3950	SYNPCC7942_RS13460
M744_RS14070	11.1364	SYNPCC7942_RS14125
M744_RS14080	10.2206	SYNPCC7942_RS14115
M744_RS14085	55.2600	SYNPCC7942_RS14145
M744_RS14090	97.4009	SYNPCC7942_RS14140
M744_RS14095	430.9961	SYNPCC7942_RS14135
M744_RS14100	18.6758	SYNPCC7942_RS14130
M744_RS14105	24.0037	SYNPCC7942_RS14200
M744_RS14110	35.8612	SYNPCC7942_RS14195
M744_RS14120	17.3962	SYNPCC7942_RS14190
M744_RS14125	41.3898	SYNPCC7942_RS14185
M744_RS14130	10.2368	SYNPCC7942_RS14180
M744_RS14135	2.9349	SYNPCC7942_RS14170
M744_RS14140	9.0152	SYNPCC7942_RS14175
M744_RS14150	259.4545	SYNPCC7942_RS14160
M744_RS14155	529.7323	SYNPCC7942_RS14155
M744_RS14160	8.6834	SYNPCC7942_RS14150
M744_RS14195	0.0643	SYNPCC7942_RS14295
M744_RS14210	4873.6555	SYNPCC7942_RS00240
