locus_tag	abundance	source_gene_id
M744_RS00010	164.375000	Tan2018_dRNAseq_TSS_count_sum_1TSS
M744_RS00015	843.750000	Tan2018_dRNAseq_TSS_count_sum_1TSS
M744_RS00020	884.125000	Tan2018_dRNAseq_TSS_count_sum_1TSS
M744_RS00025	208.000000	Tan2018_dRNAseq_TSS_count_sum_1TSS
M744_RS00040	567.250000	Tan2018_dRNAseq_TSS_count_sum_2TSS
M744_RS00045	10009.250000	Tan2018_dRNAseq_TSS_count_sum_3TSS
M744_RS00050	256.125000	Tan2018_dRNAseq_TSS_count_sum_1TSS
M744_RS00055	1189.125000	Tan2018_dRNAseq_TSS_count_sum_2TSS
M744_RS00060	542.250000	Tan2018_dRNAseq_TSS_count_sum_2TSS
M744_RS00075	341.750000	Tan2018_dRNAseq_TSS_count_sum_1TSS
M744_RS00080	224.500000	Tan2018_dRNAseq_TSS_count_sum_1TSS
M744_RS00085	1666.750000	Tan2018_dRNAseq_TSS_count_sum_1TSS
M744_RS00105	3573.375000	Tan2018_dRNAseq_TSS_count_sum_1TSS
M744_RS00110	1736.375000	Tan2018_dRNAseq_TSS_count_sum_1TSS
M744_RS00115	503.750000	Tan2018_dRNAseq_TSS_count_sum_2TSS
M744_RS00120	513.125000	Tan2018_dRNAseq_TSS_count_sum_3TSS
M744_RS00125	596.500000	Tan2018_dRNAseq_TSS_count_sum_2TSS
M744_RS00130	1733.875000	Tan2018_dRNAseq_TSS_count_sum_4TSS
M744_RS00135	164.250000	Tan2018_dRNAseq_TSS_count_sum_1TSS
M744_RS00140	319.750000	Tan2018_dRNAseq_TSS_count_sum_1TSS
M744_RS00145	164.500000	Tan2018_dRNAseq_TSS_count_sum_1TSS
M744_RS00150	1004.000000	Tan2018_dRNAseq_TSS_count_sum_2TSS
M744_RS00160	492.375000	Tan2018_dRNAseq_TSS_count_sum_1TSS
M744_RS00165	12024.250000	Tan2018_dRNAseq_TSS_count_sum_1TSS
M744_RS00175	575.875000	Tan2018_dRNAseq_TSS_count_sum_2TSS
M744_RS00180	92846.250000	Tan2018_dRNAseq_TSS_count_sum_1TSS
M744_RS00185	406.500000	Tan2018_dRNAseq_TSS_count_sum_2TSS
M744_RS00190	28272.375000	Tan2018_dRNAseq_TSS_count_sum_2TSS
M744_RS00195	7159.250000	Tan2018_dRNAseq_TSS_count_sum_1TSS
M744_RS00200	2796.250000	Tan2018_dRNAseq_TSS_count_sum_1TSS
M744_RS00205	4491.875000	Tan2018_dRNAseq_TSS_count_sum_3TSS
M744_RS00210	227.500000	Tan2018_dRNAseq_TSS_count_sum_1TSS
M744_RS00215	211.875000	Tan2018_dRNAseq_TSS_count_sum_1TSS
M744_RS00225	110.125000	Tan2018_dRNAseq_TSS_count_sum_1TSS
M744_RS00235	1425.000000	Tan2018_dRNAseq_TSS_count_sum_2TSS
M744_RS00245	1492.500000	Tan2018_dRNAseq_TSS_count_sum_3TSS
M744_RS00250	6476.250000	Tan2018_dRNAseq_TSS_count_sum_3TSS
M744_RS00255	327.375000	Tan2018_dRNAseq_TSS_count_sum_1TSS
M744_RS00260	30924.500000	Tan2018_dRNAseq_TSS_count_sum_1TSS
M744_RS00270	362.875000	Tan2018_dRNAseq_TSS_count_sum_2TSS
M744_RS00285	1411.250000	Tan2018_dRNAseq_TSS_count_sum_2TSS
M744_RS00290	811.875000	Tan2018_dRNAseq_TSS_count_sum_2TSS
M744_RS00295	172.750000	Tan2018_dRNAseq_TSS_count_sum_1TSS
M744_RS00300	780.250000	Tan2018_dRNAseq_TSS_count_sum_3TSS
M744_RS00305	861.625000	Tan2018_dRNAseq_TSS_count_sum_1TSS
M744_RS00315	479.875000	Tan2018_dRNAseq_TSS_count_sum_2TSS
M744_RS00325	784.250000	Tan2018_dRNAseq_TSS_count_sum_2TSS
M744_RS00330	1505.375000	Tan2018_dRNAseq_TSS_count_sum_2TSS
M744_RS00340	725.625000	Tan2018_dRNAseq_TSS_count_sum_1TSS
M744_RS00345	1313.500000	Tan2018_dRNAseq_TSS_count_sum_2TSS
M744_RS00350	792.375000	Tan2018_dRNAseq_TSS_count_sum_1TSS
M744_RS00355	397.000000	Tan2018_dRNAseq_TSS_count_sum_1TSS
M744_RS00380	6875.125000	Tan2018_dRNAseq_TSS_count_sum_2TSS
M744_RS00395	1447.500000	Tan2018_dRNAseq_TSS_count_sum_2TSS
M744_RS00400	516.375000	Tan2018_dRNAseq_TSS_count_sum_2TSS
M744_RS00405	1223.500000	Tan2018_dRNAseq_TSS_count_sum_3TSS
M744_RS00410	1044.375000	Tan2018_dRNAseq_TSS_count_sum_2TSS
M744_RS00440	547.375000	Tan2018_dRNAseq_TSS_count_sum_1TSS
M744_RS00445	134.750000	Tan2018_dRNAseq_TSS_count_sum_1TSS
M744_RS00450	438.250000	Tan2018_dRNAseq_TSS_count_sum_1TSS
M744_RS00465	1130.625000	Tan2018_dRNAseq_TSS_count_sum_2TSS
M744_RS00470	5425.125000	Tan2018_dRNAseq_TSS_count_sum_3TSS
M744_RS00475	5942.625000	Tan2018_dRNAseq_TSS_count_sum_4TSS
M744_RS00485	2144.000000	Tan2018_dRNAseq_TSS_count_sum_3TSS
M744_RS00490	365.250000	Tan2018_dRNAseq_TSS_count_sum_1TSS
M744_RS00495	2452.000000	Tan2018_dRNAseq_TSS_count_sum_4TSS
M744_RS00500	159.500000	Tan2018_dRNAseq_TSS_count_sum_1TSS
M744_RS00510	502.375000	Tan2018_dRNAseq_TSS_count_sum_2TSS
M744_RS00520	245.750000	Tan2018_dRNAseq_TSS_count_sum_1TSS
M744_RS00525	2807.750000	Tan2018_dRNAseq_TSS_count_sum_4TSS
M744_RS00530	1082.250000	Tan2018_dRNAseq_TSS_count_sum_3TSS
M744_RS00535	2516.500000	Tan2018_dRNAseq_TSS_count_sum_6TSS
M744_RS00555	239.000000	Tan2018_dRNAseq_TSS_count_sum_1TSS
M744_RS00565	8806.000000	Tan2018_dRNAseq_TSS_count_sum_2TSS
M744_RS00570	254.000000	Tan2018_dRNAseq_TSS_count_sum_1TSS
M744_RS00575	841.500000	Tan2018_dRNAseq_TSS_count_sum_1TSS
M744_RS00580	1247.125000	Tan2018_dRNAseq_TSS_count_sum_2TSS
M744_RS00590	388.125000	Tan2018_dRNAseq_TSS_count_sum_2TSS
M744_RS00605	3929.125000	Tan2018_dRNAseq_TSS_count_sum_4TSS
M744_RS00610	315.500000	Tan2018_dRNAseq_TSS_count_sum_1TSS
M744_RS00620	706.875000	Tan2018_dRNAseq_TSS_count_sum_1TSS
M744_RS00635	313.000000	Tan2018_dRNAseq_TSS_count_sum_1TSS
M744_RS00645	667.750000	Tan2018_dRNAseq_TSS_count_sum_1TSS
M744_RS00650	1009.000000	Tan2018_dRNAseq_TSS_count_sum_2TSS
M744_RS00655	591.000000	Tan2018_dRNAseq_TSS_count_sum_2TSS
M744_RS00660	465.375000	Tan2018_dRNAseq_TSS_count_sum_1TSS
M744_RS00665	686.000000	Tan2018_dRNAseq_TSS_count_sum_2TSS
M744_RS00670	5778.250000	Tan2018_dRNAseq_TSS_count_sum_2TSS
M744_RS00675	1800.500000	Tan2018_dRNAseq_TSS_count_sum_2TSS
M744_RS00715	17267.000000	Tan2018_dRNAseq_TSS_count_sum_1TSS
M744_RS00720	11550.875000	Tan2018_dRNAseq_TSS_count_sum_5TSS
M744_RS00725	170.125000	Tan2018_dRNAseq_TSS_count_sum_1TSS
M744_RS00730	572.000000	Tan2018_dRNAseq_TSS_count_sum_1TSS
M744_RS00735	199.375000	Tan2018_dRNAseq_TSS_count_sum_1TSS
M744_RS00755	296.000000	Tan2018_dRNAseq_TSS_count_sum_1TSS
M744_RS00760	1298.750000	Tan2018_dRNAseq_TSS_count_sum_1TSS
M744_RS00770	457.750000	Tan2018_dRNAseq_TSS_count_sum_1TSS
M744_RS00775	250.750000	Tan2018_dRNAseq_TSS_count_sum_1TSS
M744_RS00780	631.125000	Tan2018_dRNAseq_TSS_count_sum_1TSS
M744_RS00785	3463.375000	Tan2018_dRNAseq_TSS_count_sum_2TSS
M744_RS00810	145.500000	Tan2018_dRNAseq_TSS_count_sum_1TSS
M744_RS00815	41662.500000	Tan2018_dRNAseq_TSS_count_sum_1TSS
M744_RS00825	1727.250000	Tan2018_dRNAseq_TSS_count_sum_3TSS
M744_RS00835	125.125000	Tan2018_dRNAseq_TSS_count_sum_1TSS
M744_RS00840	986.750000	Tan2018_dRNAseq_TSS_count_sum_2TSS
M744_RS00845	729.000000	Tan2018_dRNAseq_TSS_count_sum_2TSS
M744_RS00850	7623.875000	Tan2018_dRNAseq_TSS_count_sum_3TSS
M744_RS00855	126.500000	Tan2018_dRNAseq_TSS_count_sum_1TSS
M744_RS00865	2560.250000	Tan2018_dRNAseq_TSS_count_sum_4TSS
M744_RS00885	165.250000	Tan2018_dRNAseq_TSS_count_sum_1TSS
M744_RS00910	542.875000	Tan2018_dRNAseq_TSS_count_sum_1TSS
M744_RS00915	910.750000	Tan2018_dRNAseq_TSS_count_sum_4TSS
M744_RS00930	359.875000	Tan2018_dRNAseq_TSS_count_sum_1TSS
M744_RS00935	181.000000	Tan2018_dRNAseq_TSS_count_sum_1TSS
M744_RS00940	586.750000	Tan2018_dRNAseq_TSS_count_sum_1TSS
M744_RS00945	735.875000	Tan2018_dRNAseq_TSS_count_sum_3TSS
M744_RS00950	2008.500000	Tan2018_dRNAseq_TSS_count_sum_3TSS
M744_RS00955	392.000000	Tan2018_dRNAseq_TSS_count_sum_2TSS
M744_RS00960	723.500000	Tan2018_dRNAseq_TSS_count_sum_3TSS
M744_RS00965	4689.375000	Tan2018_dRNAseq_TSS_count_sum_2TSS
M744_RS00970	116.875000	Tan2018_dRNAseq_TSS_count_sum_1TSS
M744_RS00975	228.125000	Tan2018_dRNAseq_TSS_count_sum_1TSS
M744_RS00990	215.250000	Tan2018_dRNAseq_TSS_count_sum_1TSS
M744_RS00995	343.750000	Tan2018_dRNAseq_TSS_count_sum_2TSS
M744_RS01005	4991.375000	Tan2018_dRNAseq_TSS_count_sum_3TSS
M744_RS01010	3251.250000	Tan2018_dRNAseq_TSS_count_sum_4TSS
M744_RS01015	157.125000	Tan2018_dRNAseq_TSS_count_sum_1TSS
M744_RS01020	440.250000	Tan2018_dRNAseq_TSS_count_sum_1TSS
M744_RS01045	657.875000	Tan2018_dRNAseq_TSS_count_sum_2TSS
M744_RS01050	603.250000	Tan2018_dRNAseq_TSS_count_sum_1TSS
M744_RS01055	1109.250000	Tan2018_dRNAseq_TSS_count_sum_4TSS
M744_RS01065	294.875000	Tan2018_dRNAseq_TSS_count_sum_1TSS
M744_RS01070	1413.125000	Tan2018_dRNAseq_TSS_count_sum_4TSS
M744_RS01075	421.500000	Tan2018_dRNAseq_TSS_count_sum_1TSS
M744_RS01080	2153.750000	Tan2018_dRNAseq_TSS_count_sum_1TSS
M744_RS01090	4117.625000	Tan2018_dRNAseq_TSS_count_sum_5TSS
M744_RS01095	1051.500000	Tan2018_dRNAseq_TSS_count_sum_2TSS
M744_RS01100	238.125000	Tan2018_dRNAseq_TSS_count_sum_1TSS
M744_RS01105	644.500000	Tan2018_dRNAseq_TSS_count_sum_1TSS
M744_RS01110	687.750000	Tan2018_dRNAseq_TSS_count_sum_3TSS
M744_RS01115	3288.250000	Tan2018_dRNAseq_TSS_count_sum_3TSS
M744_RS01120	1946.500000	Tan2018_dRNAseq_TSS_count_sum_2TSS
M744_RS01125	1431.000000	Tan2018_dRNAseq_TSS_count_sum_1TSS
M744_RS01135	881.000000	Tan2018_dRNAseq_TSS_count_sum_1TSS
M744_RS01140	1264.000000	Tan2018_dRNAseq_TSS_count_sum_1TSS
M744_RS01145	340.625000	Tan2018_dRNAseq_TSS_count_sum_1TSS
M744_RS01150	455.125000	Tan2018_dRNAseq_TSS_count_sum_2TSS
M744_RS01155	589.000000	Tan2018_dRNAseq_TSS_count_sum_1TSS
M744_RS01160	1557.125000	Tan2018_dRNAseq_TSS_count_sum_1TSS
M744_RS01180	390.250000	Tan2018_dRNAseq_TSS_count_sum_1TSS
M744_RS01190	543.250000	Tan2018_dRNAseq_TSS_count_sum_1TSS
M744_RS01195	1665.500000	Tan2018_dRNAseq_TSS_count_sum_3TSS
M744_RS01200	40476.875000	Tan2018_dRNAseq_TSS_count_sum_1TSS
M744_RS01210	44906.875000	Tan2018_dRNAseq_TSS_count_sum_2TSS
M744_RS01215	285.625000	Tan2018_dRNAseq_TSS_count_sum_1TSS
M744_RS01225	782.500000	Tan2018_dRNAseq_TSS_count_sum_2TSS
M744_RS01230	1250.625000	Tan2018_dRNAseq_TSS_count_sum_3TSS
M744_RS01235	884.000000	Tan2018_dRNAseq_TSS_count_sum_2TSS
M744_RS01240	227.500000	Tan2018_dRNAseq_TSS_count_sum_1TSS
M744_RS01245	3409.375000	Tan2018_dRNAseq_TSS_count_sum_2TSS
M744_RS01250	174.625000	Tan2018_dRNAseq_TSS_count_sum_1TSS
M744_RS01255	321.250000	Tan2018_dRNAseq_TSS_count_sum_1TSS
M744_RS01260	3507.000000	Tan2018_dRNAseq_TSS_count_sum_1TSS
M744_RS01280	4084.125000	Tan2018_dRNAseq_TSS_count_sum_3TSS
M744_RS01285	204.500000	Tan2018_dRNAseq_TSS_count_sum_1TSS
M744_RS01290	15503.125000	Tan2018_dRNAseq_TSS_count_sum_4TSS
M744_RS01295	1117.375000	Tan2018_dRNAseq_TSS_count_sum_2TSS
M744_RS01300	17080.000000	Tan2018_dRNAseq_TSS_count_sum_2TSS
M744_RS01305	2761.000000	Tan2018_dRNAseq_TSS_count_sum_3TSS
M744_RS01310	2303.000000	Tan2018_dRNAseq_TSS_count_sum_2TSS
M744_RS01320	372.875000	Tan2018_dRNAseq_TSS_count_sum_1TSS
M744_RS01335	6882.625000	Tan2018_dRNAseq_TSS_count_sum_3TSS
M744_RS01340	814.375000	Tan2018_dRNAseq_TSS_count_sum_3TSS
M744_RS01350	297.750000	Tan2018_dRNAseq_TSS_count_sum_1TSS
M744_RS01355	1172.625000	Tan2018_dRNAseq_TSS_count_sum_1TSS
M744_RS01360	1621.750000	Tan2018_dRNAseq_TSS_count_sum_3TSS
M744_RS01365	1246.750000	Tan2018_dRNAseq_TSS_count_sum_2TSS
M744_RS01380	355.500000	Tan2018_dRNAseq_TSS_count_sum_1TSS
M744_RS01385	3366.125000	Tan2018_dRNAseq_TSS_count_sum_1TSS
M744_RS01395	835.250000	Tan2018_dRNAseq_TSS_count_sum_1TSS
M744_RS01400	210.625000	Tan2018_dRNAseq_TSS_count_sum_1TSS
M744_RS01405	140.375000	Tan2018_dRNAseq_TSS_count_sum_1TSS
M744_RS01410	1370.875000	Tan2018_dRNAseq_TSS_count_sum_1TSS
M744_RS01415	1902.250000	Tan2018_dRNAseq_TSS_count_sum_2TSS
M744_RS01420	669.375000	Tan2018_dRNAseq_TSS_count_sum_1TSS
M744_RS01425	2582.625000	Tan2018_dRNAseq_TSS_count_sum_2TSS
M744_RS01430	1073.125000	Tan2018_dRNAseq_TSS_count_sum_2TSS
M744_RS01435	932.625000	Tan2018_dRNAseq_TSS_count_sum_2TSS
M744_RS01440	210.875000	Tan2018_dRNAseq_TSS_count_sum_1TSS
M744_RS01445	1975.625000	Tan2018_dRNAseq_TSS_count_sum_3TSS
M744_RS01455	1958.000000	Tan2018_dRNAseq_TSS_count_sum_1TSS
M744_RS01460	2977.125000	Tan2018_dRNAseq_TSS_count_sum_3TSS
M744_RS01465	6298.250000	Tan2018_dRNAseq_TSS_count_sum_5TSS
M744_RS01470	1451.875000	Tan2018_dRNAseq_TSS_count_sum_3TSS
M744_RS01475	5321.250000	Tan2018_dRNAseq_TSS_count_sum_1TSS
M744_RS01480	7511.625000	Tan2018_dRNAseq_TSS_count_sum_1TSS
M744_RS01490	193.750000	Tan2018_dRNAseq_TSS_count_sum_1TSS
M744_RS01495	7356.875000	Tan2018_dRNAseq_TSS_count_sum_1TSS
M744_RS01505	459.625000	Tan2018_dRNAseq_TSS_count_sum_2TSS
M744_RS01510	3343.625000	Tan2018_dRNAseq_TSS_count_sum_2TSS
M744_RS01515	843.000000	Tan2018_dRNAseq_TSS_count_sum_1TSS
M744_RS01525	326.375000	Tan2018_dRNAseq_TSS_count_sum_1TSS
M744_RS01530	1723.000000	Tan2018_dRNAseq_TSS_count_sum_1TSS
M744_RS01535	5957.625000	Tan2018_dRNAseq_TSS_count_sum_1TSS
M744_RS01550	402.625000	Tan2018_dRNAseq_TSS_count_sum_1TSS
M744_RS01555	844.375000	Tan2018_dRNAseq_TSS_count_sum_2TSS
M744_RS01560	523.875000	Tan2018_dRNAseq_TSS_count_sum_2TSS
M744_RS01580	941.000000	Tan2018_dRNAseq_TSS_count_sum_1TSS
M744_RS01590	247.625000	Tan2018_dRNAseq_TSS_count_sum_1TSS
M744_RS01605	373.125000	Tan2018_dRNAseq_TSS_count_sum_2TSS
M744_RS01610	281.875000	Tan2018_dRNAseq_TSS_count_sum_1TSS
M744_RS01620	10637.625000	Tan2018_dRNAseq_TSS_count_sum_3TSS
M744_RS01630	271.750000	Tan2018_dRNAseq_TSS_count_sum_1TSS
M744_RS01635	18668.250000	Tan2018_dRNAseq_TSS_count_sum_2TSS
M744_RS01640	225.000000	Tan2018_dRNAseq_TSS_count_sum_1TSS
M744_RS01645	2122.125000	Tan2018_dRNAseq_TSS_count_sum_3TSS
M744_RS01650	200.750000	Tan2018_dRNAseq_TSS_count_sum_1TSS
M744_RS01655	1644.750000	Tan2018_dRNAseq_TSS_count_sum_1TSS
M744_RS01660	1996.750000	Tan2018_dRNAseq_TSS_count_sum_1TSS
M744_RS01675	469.500000	Tan2018_dRNAseq_TSS_count_sum_1TSS
M744_RS01680	172.375000	Tan2018_dRNAseq_TSS_count_sum_1TSS
M744_RS01685	6633.750000	Tan2018_dRNAseq_TSS_count_sum_5TSS
M744_RS01695	1299.750000	Tan2018_dRNAseq_TSS_count_sum_8TSS
M744_RS01700	106.375000	Tan2018_dRNAseq_TSS_count_sum_1TSS
M744_RS01710	1861.500000	Tan2018_dRNAseq_TSS_count_sum_2TSS
M744_RS01720	596.000000	Tan2018_dRNAseq_TSS_count_sum_2TSS
M744_RS01725	1188.000000	Tan2018_dRNAseq_TSS_count_sum_1TSS
M744_RS01730	208.250000	Tan2018_dRNAseq_TSS_count_sum_1TSS
M744_RS01735	619.375000	Tan2018_dRNAseq_TSS_count_sum_2TSS
M744_RS01745	1110.375000	Tan2018_dRNAseq_TSS_count_sum_4TSS
M744_RS01755	422.875000	Tan2018_dRNAseq_TSS_count_sum_1TSS
M744_RS01765	979.375000	Tan2018_dRNAseq_TSS_count_sum_1TSS
M744_RS01770	2537.750000	Tan2018_dRNAseq_TSS_count_sum_1TSS
M744_RS01775	208.750000	Tan2018_dRNAseq_TSS_count_sum_1TSS
M744_RS01780	16750.875000	Tan2018_dRNAseq_TSS_count_sum_1TSS
M744_RS01785	905.000000	Tan2018_dRNAseq_TSS_count_sum_1TSS
M744_RS01790	2242.000000	Tan2018_dRNAseq_TSS_count_sum_1TSS
M744_RS01800	118.625000	Tan2018_dRNAseq_TSS_count_sum_1TSS
M744_RS01805	515.000000	Tan2018_dRNAseq_TSS_count_sum_1TSS
M744_RS01810	1738.125000	Tan2018_dRNAseq_TSS_count_sum_4TSS
M744_RS01815	675.750000	Tan2018_dRNAseq_TSS_count_sum_1TSS
M744_RS01820	1715.125000	Tan2018_dRNAseq_TSS_count_sum_1TSS
M744_RS01825	289.000000	Tan2018_dRNAseq_TSS_count_sum_1TSS
M744_RS01830	126.000000	Tan2018_dRNAseq_TSS_count_sum_1TSS
M744_RS01835	23043.875000	Tan2018_dRNAseq_TSS_count_sum_1TSS
M744_RS01855	317.250000	Tan2018_dRNAseq_TSS_count_sum_1TSS
M744_RS01860	361.750000	Tan2018_dRNAseq_TSS_count_sum_2TSS
M744_RS01880	3356.375000	Tan2018_dRNAseq_TSS_count_sum_2TSS
M744_RS01885	204.875000	Tan2018_dRNAseq_TSS_count_sum_1TSS
M744_RS01895	2805.625000	Tan2018_dRNAseq_TSS_count_sum_1TSS
M744_RS01905	3578.250000	Tan2018_dRNAseq_TSS_count_sum_2TSS
M744_RS01910	1179.250000	Tan2018_dRNAseq_TSS_count_sum_2TSS
M744_RS01915	1911.000000	Tan2018_dRNAseq_TSS_count_sum_1TSS
M744_RS01925	2420.750000	Tan2018_dRNAseq_TSS_count_sum_4TSS
M744_RS01935	1059.750000	Tan2018_dRNAseq_TSS_count_sum_2TSS
M744_RS01940	1622.000000	Tan2018_dRNAseq_TSS_count_sum_1TSS
M744_RS01945	227.500000	Tan2018_dRNAseq_TSS_count_sum_1TSS
M744_RS01950	209.750000	Tan2018_dRNAseq_TSS_count_sum_1TSS
M744_RS01955	551.750000	Tan2018_dRNAseq_TSS_count_sum_1TSS
M744_RS01960	1041.375000	Tan2018_dRNAseq_TSS_count_sum_1TSS
M744_RS01970	351.750000	Tan2018_dRNAseq_TSS_count_sum_1TSS
M744_RS01975	890.000000	Tan2018_dRNAseq_TSS_count_sum_2TSS
M744_RS01980	404.500000	Tan2018_dRNAseq_TSS_count_sum_2TSS
M744_RS01990	22576.500000	Tan2018_dRNAseq_TSS_count_sum_2TSS
M744_RS01995	4892.625000	Tan2018_dRNAseq_TSS_count_sum_3TSS
M744_RS02000	223.125000	Tan2018_dRNAseq_TSS_count_sum_1TSS
M744_RS02005	1745.875000	Tan2018_dRNAseq_TSS_count_sum_2TSS
M744_RS02010	3908.375000	Tan2018_dRNAseq_TSS_count_sum_2TSS
M744_RS02015	567.750000	Tan2018_dRNAseq_TSS_count_sum_3TSS
M744_RS02025	2346.500000	Tan2018_dRNAseq_TSS_count_sum_5TSS
M744_RS02040	616.875000	Tan2018_dRNAseq_TSS_count_sum_1TSS
M744_RS02045	1020.750000	Tan2018_dRNAseq_TSS_count_sum_2TSS
M744_RS02050	790.250000	Tan2018_dRNAseq_TSS_count_sum_2TSS
M744_RS02055	808.625000	Tan2018_dRNAseq_TSS_count_sum_2TSS
M744_RS02060	103.625000	Tan2018_dRNAseq_TSS_count_sum_1TSS
M744_RS02065	132.750000	Tan2018_dRNAseq_TSS_count_sum_1TSS
M744_RS02070	319.000000	Tan2018_dRNAseq_TSS_count_sum_1TSS
M744_RS02090	535.000000	Tan2018_dRNAseq_TSS_count_sum_1TSS
M744_RS02110	1323.125000	Tan2018_dRNAseq_TSS_count_sum_2TSS
M744_RS02120	1072.625000	Tan2018_dRNAseq_TSS_count_sum_1TSS
M744_RS02125	4246.125000	Tan2018_dRNAseq_TSS_count_sum_1TSS
M744_RS02140	366.500000	Tan2018_dRNAseq_TSS_count_sum_1TSS
M744_RS02150	578.250000	Tan2018_dRNAseq_TSS_count_sum_1TSS
M744_RS02155	350.375000	Tan2018_dRNAseq_TSS_count_sum_2TSS
M744_RS02160	9703.250000	Tan2018_dRNAseq_TSS_count_sum_2TSS
M744_RS02165	358.125000	Tan2018_dRNAseq_TSS_count_sum_2TSS
M744_RS02170	769.375000	Tan2018_dRNAseq_TSS_count_sum_2TSS
M744_RS02180	1774.625000	Tan2018_dRNAseq_TSS_count_sum_5TSS
M744_RS02190	658.625000	Tan2018_dRNAseq_TSS_count_sum_1TSS
M744_RS02195	547.125000	Tan2018_dRNAseq_TSS_count_sum_1TSS
M744_RS02200	520.500000	Tan2018_dRNAseq_TSS_count_sum_1TSS
M744_RS02210	277.625000	Tan2018_dRNAseq_TSS_count_sum_1TSS
M744_RS02215	2460.125000	Tan2018_dRNAseq_TSS_count_sum_8TSS
M744_RS02220	659.250000	Tan2018_dRNAseq_TSS_count_sum_2TSS
M744_RS02230	558.500000	Tan2018_dRNAseq_TSS_count_sum_2TSS
M744_RS02235	364.625000	Tan2018_dRNAseq_TSS_count_sum_2TSS
M744_RS02240	558.000000	Tan2018_dRNAseq_TSS_count_sum_2TSS
M744_RS02250	743.500000	Tan2018_dRNAseq_TSS_count_sum_1TSS
M744_RS02260	404.250000	Tan2018_dRNAseq_TSS_count_sum_2TSS
M744_RS02265	302.625000	Tan2018_dRNAseq_TSS_count_sum_1TSS
M744_RS02275	42740.125000	Tan2018_dRNAseq_TSS_count_sum_5TSS
M744_RS02280	3866.875000	Tan2018_dRNAseq_TSS_count_sum_2TSS
M744_RS02285	5822.375000	Tan2018_dRNAseq_TSS_count_sum_1TSS
M744_RS02290	295.750000	Tan2018_dRNAseq_TSS_count_sum_1TSS
M744_RS02295	488.125000	Tan2018_dRNAseq_TSS_count_sum_1TSS
M744_RS02300	1290.125000	Tan2018_dRNAseq_TSS_count_sum_4TSS
M744_RS02305	1371.250000	Tan2018_dRNAseq_TSS_count_sum_4TSS
M744_RS02310	393.875000	Tan2018_dRNAseq_TSS_count_sum_2TSS
M744_RS02315	951.625000	Tan2018_dRNAseq_TSS_count_sum_3TSS
M744_RS02325	449.000000	Tan2018_dRNAseq_TSS_count_sum_2TSS
M744_RS02330	1570.375000	Tan2018_dRNAseq_TSS_count_sum_4TSS
M744_RS02335	708.125000	Tan2018_dRNAseq_TSS_count_sum_1TSS
M744_RS02340	171.500000	Tan2018_dRNAseq_TSS_count_sum_1TSS
M744_RS02360	243.250000	Tan2018_dRNAseq_TSS_count_sum_1TSS
M744_RS02375	217.250000	Tan2018_dRNAseq_TSS_count_sum_1TSS
M744_RS02380	1117.750000	Tan2018_dRNAseq_TSS_count_sum_1TSS
M744_RS02385	1671.500000	Tan2018_dRNAseq_TSS_count_sum_2TSS
M744_RS02390	435.750000	Tan2018_dRNAseq_TSS_count_sum_2TSS
M744_RS02400	1825.500000	Tan2018_dRNAseq_TSS_count_sum_1TSS
M744_RS02405	2149.375000	Tan2018_dRNAseq_TSS_count_sum_1TSS
M744_RS02410	320.750000	Tan2018_dRNAseq_TSS_count_sum_2TSS
M744_RS02415	999.375000	Tan2018_dRNAseq_TSS_count_sum_1TSS
M744_RS02420	273.250000	Tan2018_dRNAseq_TSS_count_sum_1TSS
M744_RS02425	1407.125000	Tan2018_dRNAseq_TSS_count_sum_1TSS
M744_RS02430	548.500000	Tan2018_dRNAseq_TSS_count_sum_1TSS
M744_RS02440	315.750000	Tan2018_dRNAseq_TSS_count_sum_1TSS
M744_RS02460	1312.250000	Tan2018_dRNAseq_TSS_count_sum_2TSS
M744_RS02465	3978.000000	Tan2018_dRNAseq_TSS_count_sum_3TSS
M744_RS02470	100.750000	Tan2018_dRNAseq_TSS_count_sum_1TSS
M744_RS02475	189.375000	Tan2018_dRNAseq_TSS_count_sum_1TSS
M744_RS02480	220.625000	Tan2018_dRNAseq_TSS_count_sum_1TSS
M744_RS02485	99.250000	Tan2018_dRNAseq_TSS_count_sum_1TSS
M744_RS02500	3863.375000	Tan2018_dRNAseq_TSS_count_sum_2TSS
M744_RS02510	242.375000	Tan2018_dRNAseq_TSS_count_sum_1TSS
M744_RS02520	2729.000000	Tan2018_dRNAseq_TSS_count_sum_1TSS
M744_RS02525	653.000000	Tan2018_dRNAseq_TSS_count_sum_2TSS
M744_RS02540	8647.750000	Tan2018_dRNAseq_TSS_count_sum_1TSS
M744_RS02545	1989.375000	Tan2018_dRNAseq_TSS_count_sum_2TSS
M744_RS02550	8524.125000	Tan2018_dRNAseq_TSS_count_sum_3TSS
M744_RS02555	1310.250000	Tan2018_dRNAseq_TSS_count_sum_6TSS
M744_RS02560	2221.625000	Tan2018_dRNAseq_TSS_count_sum_1TSS
M744_RS02570	325.125000	Tan2018_dRNAseq_TSS_count_sum_1TSS
M744_RS02575	5029.000000	Tan2018_dRNAseq_TSS_count_sum_4TSS
M744_RS02585	562.000000	Tan2018_dRNAseq_TSS_count_sum_1TSS
M744_RS02600	908.500000	Tan2018_dRNAseq_TSS_count_sum_2TSS
M744_RS02605	494.625000	Tan2018_dRNAseq_TSS_count_sum_3TSS
M744_RS02610	866.500000	Tan2018_dRNAseq_TSS_count_sum_2TSS
M744_RS02615	163.250000	Tan2018_dRNAseq_TSS_count_sum_1TSS
M744_RS02625	358.000000	Tan2018_dRNAseq_TSS_count_sum_1TSS
M744_RS02640	2878.500000	Tan2018_dRNAseq_TSS_count_sum_2TSS
M744_RS02645	1256.875000	Tan2018_dRNAseq_TSS_count_sum_2TSS
M744_RS02650	1079.000000	Tan2018_dRNAseq_TSS_count_sum_1TSS
M744_RS02660	1488.875000	Tan2018_dRNAseq_TSS_count_sum_2TSS
M744_RS02675	986.500000	Tan2018_dRNAseq_TSS_count_sum_2TSS
M744_RS02710	586.000000	Tan2018_dRNAseq_TSS_count_sum_1TSS
M744_RS02720	649.375000	Tan2018_dRNAseq_TSS_count_sum_1TSS
M744_RS02730	3670.625000	Tan2018_dRNAseq_TSS_count_sum_6TSS
M744_RS02745	3512.125000	Tan2018_dRNAseq_TSS_count_sum_5TSS
M744_RS02750	2810.000000	Tan2018_dRNAseq_TSS_count_sum_3TSS
M744_RS02755	1458.375000	Tan2018_dRNAseq_TSS_count_sum_1TSS
M744_RS02760	2291.375000	Tan2018_dRNAseq_TSS_count_sum_4TSS
M744_RS02770	386.500000	Tan2018_dRNAseq_TSS_count_sum_1TSS
M744_RS02775	640.125000	Tan2018_dRNAseq_TSS_count_sum_2TSS
M744_RS02780	1811.750000	Tan2018_dRNAseq_TSS_count_sum_1TSS
M744_RS02785	1627.625000	Tan2018_dRNAseq_TSS_count_sum_2TSS
M744_RS02790	826.000000	Tan2018_dRNAseq_TSS_count_sum_2TSS
M744_RS02795	237.500000	Tan2018_dRNAseq_TSS_count_sum_1TSS
M744_RS02800	212.750000	Tan2018_dRNAseq_TSS_count_sum_1TSS
M744_RS02820	992.000000	Tan2018_dRNAseq_TSS_count_sum_2TSS
M744_RS02840	2470.125000	Tan2018_dRNAseq_TSS_count_sum_3TSS
M744_RS02845	595.000000	Tan2018_dRNAseq_TSS_count_sum_1TSS
M744_RS02850	1218.875000	Tan2018_dRNAseq_TSS_count_sum_1TSS
M744_RS02865	367.500000	Tan2018_dRNAseq_TSS_count_sum_1TSS
M744_RS02870	130.750000	Tan2018_dRNAseq_TSS_count_sum_1TSS
M744_RS02880	914.250000	Tan2018_dRNAseq_TSS_count_sum_3TSS
M744_RS02885	417.500000	Tan2018_dRNAseq_TSS_count_sum_1TSS
M744_RS02895	1085.375000	Tan2018_dRNAseq_TSS_count_sum_3TSS
M744_RS02900	411.875000	Tan2018_dRNAseq_TSS_count_sum_1TSS
M744_RS02905	1239.625000	Tan2018_dRNAseq_TSS_count_sum_2TSS
M744_RS02930	369.250000	Tan2018_dRNAseq_TSS_count_sum_1TSS
M744_RS02935	4367.875000	Tan2018_dRNAseq_TSS_count_sum_1TSS
M744_RS02950	164.750000	Tan2018_dRNAseq_TSS_count_sum_1TSS
M744_RS02960	1253.125000	Tan2018_dRNAseq_TSS_count_sum_4TSS
M744_RS02965	1370.250000	Tan2018_dRNAseq_TSS_count_sum_2TSS
M744_RS02970	1415.875000	Tan2018_dRNAseq_TSS_count_sum_2TSS
M744_RS02975	2342.875000	Tan2018_dRNAseq_TSS_count_sum_2TSS
M744_RS02985	4626.625000	Tan2018_dRNAseq_TSS_count_sum_2TSS
M744_RS02990	732.375000	Tan2018_dRNAseq_TSS_count_sum_1TSS
M744_RS02995	301.625000	Tan2018_dRNAseq_TSS_count_sum_1TSS
M744_RS03000	9770.625000	Tan2018_dRNAseq_TSS_count_sum_2TSS
M744_RS03010	783.250000	Tan2018_dRNAseq_TSS_count_sum_2TSS
M744_RS03015	167.250000	Tan2018_dRNAseq_TSS_count_sum_1TSS
M744_RS03020	482.875000	Tan2018_dRNAseq_TSS_count_sum_1TSS
M744_RS03030	186.625000	Tan2018_dRNAseq_TSS_count_sum_1TSS
M744_RS03035	5693.250000	Tan2018_dRNAseq_TSS_count_sum_2TSS
M744_RS03050	112.125000	Tan2018_dRNAseq_TSS_count_sum_1TSS
M744_RS03055	182.000000	Tan2018_dRNAseq_TSS_count_sum_1TSS
M744_RS03065	7739.125000	Tan2018_dRNAseq_TSS_count_sum_2TSS
M744_RS03070	2571.625000	Tan2018_dRNAseq_TSS_count_sum_5TSS
M744_RS03085	3066.250000	Tan2018_dRNAseq_TSS_count_sum_1TSS
M744_RS03090	957.125000	Tan2018_dRNAseq_TSS_count_sum_1TSS
M744_RS03095	1005.625000	Tan2018_dRNAseq_TSS_count_sum_2TSS
M744_RS03100	1273.750000	Tan2018_dRNAseq_TSS_count_sum_3TSS
M744_RS03105	1047.875000	Tan2018_dRNAseq_TSS_count_sum_1TSS
M744_RS03110	557.250000	Tan2018_dRNAseq_TSS_count_sum_2TSS
M744_RS03115	316.625000	Tan2018_dRNAseq_TSS_count_sum_1TSS
M744_RS03135	3340.625000	Tan2018_dRNAseq_TSS_count_sum_1TSS
M744_RS03145	1018.125000	Tan2018_dRNAseq_TSS_count_sum_2TSS
M744_RS03160	137.875000	Tan2018_dRNAseq_TSS_count_sum_1TSS
M744_RS03165	246.750000	Tan2018_dRNAseq_TSS_count_sum_1TSS
M744_RS03175	256.125000	Tan2018_dRNAseq_TSS_count_sum_1TSS
M744_RS03205	2076.375000	Tan2018_dRNAseq_TSS_count_sum_4TSS
M744_RS03225	408.125000	Tan2018_dRNAseq_TSS_count_sum_2TSS
M744_RS03235	2266.625000	Tan2018_dRNAseq_TSS_count_sum_2TSS
M744_RS03240	2162.875000	Tan2018_dRNAseq_TSS_count_sum_3TSS
M744_RS03245	952.000000	Tan2018_dRNAseq_TSS_count_sum_2TSS
M744_RS03255	209.125000	Tan2018_dRNAseq_TSS_count_sum_1TSS
M744_RS03265	2140.750000	Tan2018_dRNAseq_TSS_count_sum_5TSS
M744_RS03270	373.500000	Tan2018_dRNAseq_TSS_count_sum_1TSS
M744_RS03280	383.625000	Tan2018_dRNAseq_TSS_count_sum_1TSS
M744_RS03290	429.000000	Tan2018_dRNAseq_TSS_count_sum_3TSS
M744_RS03325	172.750000	Tan2018_dRNAseq_TSS_count_sum_1TSS
M744_RS03335	1861.875000	Tan2018_dRNAseq_TSS_count_sum_4TSS
M744_RS03340	379.000000	Tan2018_dRNAseq_TSS_count_sum_1TSS
M744_RS03345	1141.000000	Tan2018_dRNAseq_TSS_count_sum_1TSS
M744_RS03350	3859.750000	Tan2018_dRNAseq_TSS_count_sum_2TSS
M744_RS03355	327.625000	Tan2018_dRNAseq_TSS_count_sum_2TSS
M744_RS03360	3676.750000	Tan2018_dRNAseq_TSS_count_sum_2TSS
M744_RS03390	23022.375000	Tan2018_dRNAseq_TSS_count_sum_1TSS
M744_RS03410	276.375000	Tan2018_dRNAseq_TSS_count_sum_1TSS
M744_RS03420	2107.875000	Tan2018_dRNAseq_TSS_count_sum_7TSS
M744_RS03425	407.625000	Tan2018_dRNAseq_TSS_count_sum_1TSS
M744_RS03430	751.625000	Tan2018_dRNAseq_TSS_count_sum_1TSS
M744_RS03435	2902.500000	Tan2018_dRNAseq_TSS_count_sum_2TSS
M744_RS03440	3060.875000	Tan2018_dRNAseq_TSS_count_sum_2TSS
M744_RS03445	33096.375000	Tan2018_dRNAseq_TSS_count_sum_1TSS
M744_RS03455	589.750000	Tan2018_dRNAseq_TSS_count_sum_2TSS
M744_RS03460	166.000000	Tan2018_dRNAseq_TSS_count_sum_1TSS
M744_RS03465	1749.875000	Tan2018_dRNAseq_TSS_count_sum_1TSS
M744_RS03470	7366.000000	Tan2018_dRNAseq_TSS_count_sum_4TSS
M744_RS03475	7865.625000	Tan2018_dRNAseq_TSS_count_sum_2TSS
M744_RS03490	399.375000	Tan2018_dRNAseq_TSS_count_sum_2TSS
M744_RS03495	1157.000000	Tan2018_dRNAseq_TSS_count_sum_1TSS
M744_RS03500	246.500000	Tan2018_dRNAseq_TSS_count_sum_1TSS
M744_RS03530	2122.375000	Tan2018_dRNAseq_TSS_count_sum_2TSS
M744_RS03535	2285.375000	Tan2018_dRNAseq_TSS_count_sum_1TSS
M744_RS03545	131.125000	Tan2018_dRNAseq_TSS_count_sum_1TSS
M744_RS03550	1297.750000	Tan2018_dRNAseq_TSS_count_sum_2TSS
M744_RS03555	2499.000000	Tan2018_dRNAseq_TSS_count_sum_2TSS
M744_RS03560	198.250000	Tan2018_dRNAseq_TSS_count_sum_1TSS
M744_RS03580	220.000000	Tan2018_dRNAseq_TSS_count_sum_1TSS
M744_RS03585	1065.750000	Tan2018_dRNAseq_TSS_count_sum_1TSS
M744_RS03595	2737.000000	Tan2018_dRNAseq_TSS_count_sum_3TSS
M744_RS03600	2938.500000	Tan2018_dRNAseq_TSS_count_sum_1TSS
M744_RS03635	187.250000	Tan2018_dRNAseq_TSS_count_sum_1TSS
M744_RS03650	3240.000000	Tan2018_dRNAseq_TSS_count_sum_5TSS
M744_RS03655	742.125000	Tan2018_dRNAseq_TSS_count_sum_3TSS
M744_RS03670	2744.125000	Tan2018_dRNAseq_TSS_count_sum_1TSS
M744_RS03675	93.750000	Tan2018_dRNAseq_TSS_count_sum_1TSS
M744_RS03680	199.125000	Tan2018_dRNAseq_TSS_count_sum_1TSS
M744_RS03690	272.500000	Tan2018_dRNAseq_TSS_count_sum_1TSS
M744_RS03705	364.000000	Tan2018_dRNAseq_TSS_count_sum_1TSS
M744_RS03710	817.625000	Tan2018_dRNAseq_TSS_count_sum_1TSS
M744_RS03715	872.125000	Tan2018_dRNAseq_TSS_count_sum_3TSS
M744_RS03720	1307.625000	Tan2018_dRNAseq_TSS_count_sum_3TSS
M744_RS03725	626.250000	Tan2018_dRNAseq_TSS_count_sum_1TSS
M744_RS03730	1718.500000	Tan2018_dRNAseq_TSS_count_sum_3TSS
M744_RS03735	621.750000	Tan2018_dRNAseq_TSS_count_sum_2TSS
M744_RS03740	8571.750000	Tan2018_dRNAseq_TSS_count_sum_2TSS
M744_RS03745	4860.250000	Tan2018_dRNAseq_TSS_count_sum_1TSS
M744_RS03750	736.750000	Tan2018_dRNAseq_TSS_count_sum_1TSS
M744_RS03755	3178.250000	Tan2018_dRNAseq_TSS_count_sum_2TSS
M744_RS03770	555.375000	Tan2018_dRNAseq_TSS_count_sum_2TSS
M744_RS03780	208.125000	Tan2018_dRNAseq_TSS_count_sum_1TSS
M744_RS03795	286.375000	Tan2018_dRNAseq_TSS_count_sum_1TSS
M744_RS03805	1517.625000	Tan2018_dRNAseq_TSS_count_sum_2TSS
M744_RS03810	1292.250000	Tan2018_dRNAseq_TSS_count_sum_3TSS
M744_RS03815	1018.375000	Tan2018_dRNAseq_TSS_count_sum_1TSS
M744_RS03820	1909.125000	Tan2018_dRNAseq_TSS_count_sum_2TSS
M744_RS03830	450.375000	Tan2018_dRNAseq_TSS_count_sum_2TSS
M744_RS03835	2554.875000	Tan2018_dRNAseq_TSS_count_sum_1TSS
M744_RS03840	365.125000	Tan2018_dRNAseq_TSS_count_sum_2TSS
M744_RS03850	182.250000	Tan2018_dRNAseq_TSS_count_sum_1TSS
M744_RS03855	843.500000	Tan2018_dRNAseq_TSS_count_sum_4TSS
M744_RS03860	16464.625000	Tan2018_dRNAseq_TSS_count_sum_3TSS
M744_RS03865	4671.500000	Tan2018_dRNAseq_TSS_count_sum_4TSS
M744_RS03870	942.250000	Tan2018_dRNAseq_TSS_count_sum_1TSS
M744_RS03875	590.375000	Tan2018_dRNAseq_TSS_count_sum_1TSS
M744_RS03880	578.000000	Tan2018_dRNAseq_TSS_count_sum_4TSS
M744_RS03890	1146.000000	Tan2018_dRNAseq_TSS_count_sum_2TSS
M744_RS03900	2710.125000	Tan2018_dRNAseq_TSS_count_sum_2TSS
M744_RS03905	840.500000	Tan2018_dRNAseq_TSS_count_sum_2TSS
M744_RS03910	2616.375000	Tan2018_dRNAseq_TSS_count_sum_4TSS
M744_RS03925	186.250000	Tan2018_dRNAseq_TSS_count_sum_1TSS
M744_RS03930	181.625000	Tan2018_dRNAseq_TSS_count_sum_1TSS
M744_RS03935	866.500000	Tan2018_dRNAseq_TSS_count_sum_3TSS
M744_RS03940	7369.000000	Tan2018_dRNAseq_TSS_count_sum_1TSS
M744_RS03950	650.750000	Tan2018_dRNAseq_TSS_count_sum_1TSS
M744_RS03955	741.875000	Tan2018_dRNAseq_TSS_count_sum_3TSS
M744_RS03960	544.125000	Tan2018_dRNAseq_TSS_count_sum_1TSS
M744_RS03970	446.625000	Tan2018_dRNAseq_TSS_count_sum_1TSS
M744_RS03975	541.250000	Tan2018_dRNAseq_TSS_count_sum_1TSS
M744_RS03985	663.875000	Tan2018_dRNAseq_TSS_count_sum_1TSS
M744_RS03990	348.375000	Tan2018_dRNAseq_TSS_count_sum_1TSS
M744_RS03995	379.000000	Tan2018_dRNAseq_TSS_count_sum_1TSS
M744_RS04010	1302.375000	Tan2018_dRNAseq_TSS_count_sum_3TSS
M744_RS04015	679.500000	Tan2018_dRNAseq_TSS_count_sum_1TSS
M744_RS04030	328.625000	Tan2018_dRNAseq_TSS_count_sum_2TSS
M744_RS04035	241.750000	Tan2018_dRNAseq_TSS_count_sum_1TSS
M744_RS04040	689.625000	Tan2018_dRNAseq_TSS_count_sum_1TSS
M744_RS04055	1068.750000	Tan2018_dRNAseq_TSS_count_sum_2TSS
M744_RS04060	179.375000	Tan2018_dRNAseq_TSS_count_sum_1TSS
M744_RS04065	199.125000	Tan2018_dRNAseq_TSS_count_sum_1TSS
M744_RS04070	348.000000	Tan2018_dRNAseq_TSS_count_sum_1TSS
M744_RS04075	990.750000	Tan2018_dRNAseq_TSS_count_sum_2TSS
M744_RS04095	779.625000	Tan2018_dRNAseq_TSS_count_sum_2TSS
M744_RS04100	481.375000	Tan2018_dRNAseq_TSS_count_sum_2TSS
M744_RS04105	649.750000	Tan2018_dRNAseq_TSS_count_sum_8TSS
M744_RS04110	263.750000	Tan2018_dRNAseq_TSS_count_sum_1TSS
M744_RS04145	223.750000	Tan2018_dRNAseq_TSS_count_sum_1TSS
M744_RS04150	1643.750000	Tan2018_dRNAseq_TSS_count_sum_2TSS
M744_RS04160	564.750000	Tan2018_dRNAseq_TSS_count_sum_3TSS
M744_RS04165	638.750000	Tan2018_dRNAseq_TSS_count_sum_1TSS
M744_RS04180	184.750000	Tan2018_dRNAseq_TSS_count_sum_1TSS
M744_RS04190	86.875000	Tan2018_dRNAseq_TSS_count_sum_1TSS
M744_RS04195	3450.875000	Tan2018_dRNAseq_TSS_count_sum_2TSS
M744_RS04200	176.000000	Tan2018_dRNAseq_TSS_count_sum_1TSS
M744_RS04205	1288.250000	Tan2018_dRNAseq_TSS_count_sum_1TSS
M744_RS04210	175.250000	Tan2018_dRNAseq_TSS_count_sum_1TSS
M744_RS04215	639.875000	Tan2018_dRNAseq_TSS_count_sum_1TSS
M744_RS04220	3076.500000	Tan2018_dRNAseq_TSS_count_sum_2TSS
M744_RS04225	1037.625000	Tan2018_dRNAseq_TSS_count_sum_2TSS
M744_RS04235	414.500000	Tan2018_dRNAseq_TSS_count_sum_1TSS
M744_RS04240	2489.625000	Tan2018_dRNAseq_TSS_count_sum_2TSS
M744_RS04245	1771.250000	Tan2018_dRNAseq_TSS_count_sum_2TSS
M744_RS04250	144.125000	Tan2018_dRNAseq_TSS_count_sum_1TSS
M744_RS04260	353.625000	Tan2018_dRNAseq_TSS_count_sum_1TSS
M744_RS04265	593.750000	Tan2018_dRNAseq_TSS_count_sum_3TSS
M744_RS04270	2435.625000	Tan2018_dRNAseq_TSS_count_sum_2TSS
M744_RS04285	1069.375000	Tan2018_dRNAseq_TSS_count_sum_2TSS
M744_RS04290	5036.000000	Tan2018_dRNAseq_TSS_count_sum_3TSS
M744_RS04295	404.750000	Tan2018_dRNAseq_TSS_count_sum_2TSS
M744_RS04305	444.000000	Tan2018_dRNAseq_TSS_count_sum_2TSS
M744_RS04310	1998.250000	Tan2018_dRNAseq_TSS_count_sum_3TSS
M744_RS04315	1176.375000	Tan2018_dRNAseq_TSS_count_sum_4TSS
M744_RS04320	1647.625000	Tan2018_dRNAseq_TSS_count_sum_5TSS
M744_RS04325	1321.375000	Tan2018_dRNAseq_TSS_count_sum_1TSS
M744_RS04350	1599.250000	Tan2018_dRNAseq_TSS_count_sum_2TSS
M744_RS04360	825.375000	Tan2018_dRNAseq_TSS_count_sum_1TSS
M744_RS04370	1794.125000	Tan2018_dRNAseq_TSS_count_sum_4TSS
M744_RS04375	440.625000	Tan2018_dRNAseq_TSS_count_sum_2TSS
M744_RS04380	495.875000	Tan2018_dRNAseq_TSS_count_sum_1TSS
M744_RS04385	1540.250000	Tan2018_dRNAseq_TSS_count_sum_3TSS
M744_RS04390	244.000000	Tan2018_dRNAseq_TSS_count_sum_1TSS
M744_RS04395	1939.750000	Tan2018_dRNAseq_TSS_count_sum_4TSS
M744_RS04410	1731.875000	Tan2018_dRNAseq_TSS_count_sum_2TSS
M744_RS04415	3726.750000	Tan2018_dRNAseq_TSS_count_sum_3TSS
M744_RS04420	606.500000	Tan2018_dRNAseq_TSS_count_sum_1TSS
M744_RS04425	5933.250000	Tan2018_dRNAseq_TSS_count_sum_2TSS
M744_RS04440	242.750000	Tan2018_dRNAseq_TSS_count_sum_2TSS
M744_RS04450	1948.375000	Tan2018_dRNAseq_TSS_count_sum_5TSS
M744_RS04455	8398.625000	Tan2018_dRNAseq_TSS_count_sum_1TSS
M744_RS04465	363.500000	Tan2018_dRNAseq_TSS_count_sum_1TSS
M744_RS04470	1244.125000	Tan2018_dRNAseq_TSS_count_sum_2TSS
M744_RS04475	310.500000	Tan2018_dRNAseq_TSS_count_sum_1TSS
M744_RS04480	557.375000	Tan2018_dRNAseq_TSS_count_sum_2TSS
M744_RS04485	374.500000	Tan2018_dRNAseq_TSS_count_sum_1TSS
M744_RS04490	502.500000	Tan2018_dRNAseq_TSS_count_sum_2TSS
M744_RS04495	760.250000	Tan2018_dRNAseq_TSS_count_sum_1TSS
M744_RS04500	643.000000	Tan2018_dRNAseq_TSS_count_sum_2TSS
M744_RS04505	810.250000	Tan2018_dRNAseq_TSS_count_sum_1TSS
M744_RS04525	1432.125000	Tan2018_dRNAseq_TSS_count_sum_1TSS
M744_RS04530	5049.000000	Tan2018_dRNAseq_TSS_count_sum_2TSS
M744_RS04535	14504.625000	Tan2018_dRNAseq_TSS_count_sum_2TSS
M744_RS04550	463.625000	Tan2018_dRNAseq_TSS_count_sum_1TSS
M744_RS04555	3064.125000	Tan2018_dRNAseq_TSS_count_sum_1TSS
M744_RS04575	537.625000	Tan2018_dRNAseq_TSS_count_sum_2TSS
M744_RS04585	173.625000	Tan2018_dRNAseq_TSS_count_sum_1TSS
M744_RS04590	199.750000	Tan2018_dRNAseq_TSS_count_sum_1TSS
M744_RS04600	882.000000	Tan2018_dRNAseq_TSS_count_sum_2TSS
M744_RS04610	8564.625000	Tan2018_dRNAseq_TSS_count_sum_1TSS
M744_RS04620	51578.750000	Tan2018_dRNAseq_TSS_count_sum_1TSS
M744_RS04625	156.375000	Tan2018_dRNAseq_TSS_count_sum_1TSS
M744_RS04630	444.625000	Tan2018_dRNAseq_TSS_count_sum_2TSS
M744_RS04635	1110.125000	Tan2018_dRNAseq_TSS_count_sum_2TSS
M744_RS04645	593.000000	Tan2018_dRNAseq_TSS_count_sum_1TSS
M744_RS04650	637.500000	Tan2018_dRNAseq_TSS_count_sum_1TSS
M744_RS04655	1761.500000	Tan2018_dRNAseq_TSS_count_sum_2TSS
M744_RS04660	384.625000	Tan2018_dRNAseq_TSS_count_sum_1TSS
M744_RS04690	935.500000	Tan2018_dRNAseq_TSS_count_sum_2TSS
M744_RS04700	427.250000	Tan2018_dRNAseq_TSS_count_sum_2TSS
M744_RS04710	1561.250000	Tan2018_dRNAseq_TSS_count_sum_1TSS
M744_RS04715	3936.250000	Tan2018_dRNAseq_TSS_count_sum_2TSS
M744_RS04720	3141.250000	Tan2018_dRNAseq_TSS_count_sum_3TSS
M744_RS04725	1710.000000	Tan2018_dRNAseq_TSS_count_sum_4TSS
M744_RS04735	367.250000	Tan2018_dRNAseq_TSS_count_sum_2TSS
M744_RS04750	2206.375000	Tan2018_dRNAseq_TSS_count_sum_1TSS
M744_RS04755	458.250000	Tan2018_dRNAseq_TSS_count_sum_1TSS
M744_RS04760	316.375000	Tan2018_dRNAseq_TSS_count_sum_1TSS
M744_RS04765	419.125000	Tan2018_dRNAseq_TSS_count_sum_1TSS
M744_RS04780	185.875000	Tan2018_dRNAseq_TSS_count_sum_1TSS
M744_RS04790	706.375000	Tan2018_dRNAseq_TSS_count_sum_3TSS
M744_RS04795	949.875000	Tan2018_dRNAseq_TSS_count_sum_1TSS
M744_RS04800	178.750000	Tan2018_dRNAseq_TSS_count_sum_1TSS
M744_RS04805	529.875000	Tan2018_dRNAseq_TSS_count_sum_2TSS
M744_RS04810	1537.500000	Tan2018_dRNAseq_TSS_count_sum_2TSS
M744_RS04820	987.375000	Tan2018_dRNAseq_TSS_count_sum_1TSS
M744_RS04835	544.500000	Tan2018_dRNAseq_TSS_count_sum_2TSS
M744_RS04840	12254.750000	Tan2018_dRNAseq_TSS_count_sum_3TSS
M744_RS04845	218.250000	Tan2018_dRNAseq_TSS_count_sum_1TSS
M744_RS04850	106.875000	Tan2018_dRNAseq_TSS_count_sum_1TSS
M744_RS04855	987.125000	Tan2018_dRNAseq_TSS_count_sum_4TSS
M744_RS04870	555.125000	Tan2018_dRNAseq_TSS_count_sum_1TSS
M744_RS04875	225.625000	Tan2018_dRNAseq_TSS_count_sum_1TSS
M744_RS04890	1444.375000	Tan2018_dRNAseq_TSS_count_sum_1TSS
M744_RS04895	393.500000	Tan2018_dRNAseq_TSS_count_sum_2TSS
M744_RS04900	659.375000	Tan2018_dRNAseq_TSS_count_sum_4TSS
M744_RS04920	145.500000	Tan2018_dRNAseq_TSS_count_sum_1TSS
M744_RS04930	848.125000	Tan2018_dRNAseq_TSS_count_sum_2TSS
M744_RS04935	549.375000	Tan2018_dRNAseq_TSS_count_sum_1TSS
M744_RS04960	2628.500000	Tan2018_dRNAseq_TSS_count_sum_2TSS
M744_RS04995	131.000000	Tan2018_dRNAseq_TSS_count_sum_1TSS
M744_RS05030	606.000000	Tan2018_dRNAseq_TSS_count_sum_1TSS
M744_RS05035	234.625000	Tan2018_dRNAseq_TSS_count_sum_1TSS
M744_RS05050	338.500000	Tan2018_dRNAseq_TSS_count_sum_1TSS
M744_RS05055	861.000000	Tan2018_dRNAseq_TSS_count_sum_2TSS
M744_RS05080	805.625000	Tan2018_dRNAseq_TSS_count_sum_1TSS
M744_RS05085	1286.875000	Tan2018_dRNAseq_TSS_count_sum_1TSS
M744_RS05110	5652.625000	Tan2018_dRNAseq_TSS_count_sum_5TSS
M744_RS05115	341.375000	Tan2018_dRNAseq_TSS_count_sum_1TSS
M744_RS05130	601.250000	Tan2018_dRNAseq_TSS_count_sum_1TSS
M744_RS05145	892.875000	Tan2018_dRNAseq_TSS_count_sum_1TSS
M744_RS05155	587.000000	Tan2018_dRNAseq_TSS_count_sum_1TSS
M744_RS05160	214.875000	Tan2018_dRNAseq_TSS_count_sum_1TSS
M744_RS05165	152.250000	Tan2018_dRNAseq_TSS_count_sum_1TSS
M744_RS05170	264.000000	Tan2018_dRNAseq_TSS_count_sum_2TSS
M744_RS05175	424.000000	Tan2018_dRNAseq_TSS_count_sum_1TSS
M744_RS05180	4623.625000	Tan2018_dRNAseq_TSS_count_sum_2TSS
M744_RS05195	136.375000	Tan2018_dRNAseq_TSS_count_sum_1TSS
M744_RS05200	606.500000	Tan2018_dRNAseq_TSS_count_sum_2TSS
M744_RS05205	642.625000	Tan2018_dRNAseq_TSS_count_sum_2TSS
M744_RS05215	2644.125000	Tan2018_dRNAseq_TSS_count_sum_1TSS
M744_RS05220	909.625000	Tan2018_dRNAseq_TSS_count_sum_2TSS
M744_RS05225	922.875000	Tan2018_dRNAseq_TSS_count_sum_1TSS
M744_RS05230	1254.375000	Tan2018_dRNAseq_TSS_count_sum_3TSS
M744_RS05240	673.250000	Tan2018_dRNAseq_TSS_count_sum_1TSS
M744_RS05245	460.625000	Tan2018_dRNAseq_TSS_count_sum_2TSS
M744_RS05250	1916.000000	Tan2018_dRNAseq_TSS_count_sum_2TSS
M744_RS05260	262.875000	Tan2018_dRNAseq_TSS_count_sum_1TSS
M744_RS05265	1715.500000	Tan2018_dRNAseq_TSS_count_sum_1TSS
M744_RS05285	408.000000	Tan2018_dRNAseq_TSS_count_sum_2TSS
M744_RS05300	224.875000	Tan2018_dRNAseq_TSS_count_sum_1TSS
M744_RS05310	1521.125000	Tan2018_dRNAseq_TSS_count_sum_3TSS
M744_RS05315	101.500000	Tan2018_dRNAseq_TSS_count_sum_1TSS
M744_RS05325	2565.625000	Tan2018_dRNAseq_TSS_count_sum_4TSS
M744_RS05330	923.875000	Tan2018_dRNAseq_TSS_count_sum_2TSS
M744_RS05335	1910.625000	Tan2018_dRNAseq_TSS_count_sum_3TSS
M744_RS05345	239.500000	Tan2018_dRNAseq_TSS_count_sum_1TSS
M744_RS05350	386.250000	Tan2018_dRNAseq_TSS_count_sum_2TSS
M744_RS05360	753.750000	Tan2018_dRNAseq_TSS_count_sum_2TSS
M744_RS05365	1013.875000	Tan2018_dRNAseq_TSS_count_sum_2TSS
M744_RS05370	456.750000	Tan2018_dRNAseq_TSS_count_sum_2TSS
M744_RS05375	187.000000	Tan2018_dRNAseq_TSS_count_sum_1TSS
M744_RS05380	2380.125000	Tan2018_dRNAseq_TSS_count_sum_2TSS
M744_RS05385	1621.000000	Tan2018_dRNAseq_TSS_count_sum_1TSS
M744_RS05400	544.000000	Tan2018_dRNAseq_TSS_count_sum_2TSS
M744_RS05410	293.375000	Tan2018_dRNAseq_TSS_count_sum_1TSS
M744_RS05420	4502.000000	Tan2018_dRNAseq_TSS_count_sum_2TSS
M744_RS05425	689.500000	Tan2018_dRNAseq_TSS_count_sum_2TSS
M744_RS05430	810.125000	Tan2018_dRNAseq_TSS_count_sum_1TSS
M744_RS05435	572.750000	Tan2018_dRNAseq_TSS_count_sum_2TSS
M744_RS05440	346.500000	Tan2018_dRNAseq_TSS_count_sum_2TSS
M744_RS05445	998.750000	Tan2018_dRNAseq_TSS_count_sum_3TSS
M744_RS05450	162.625000	Tan2018_dRNAseq_TSS_count_sum_1TSS
M744_RS05455	4390.250000	Tan2018_dRNAseq_TSS_count_sum_3TSS
M744_RS05460	176.875000	Tan2018_dRNAseq_TSS_count_sum_1TSS
M744_RS05470	722.000000	Tan2018_dRNAseq_TSS_count_sum_1TSS
M744_RS05480	1141.625000	Tan2018_dRNAseq_TSS_count_sum_2TSS
M744_RS05485	703.375000	Tan2018_dRNAseq_TSS_count_sum_1TSS
M744_RS05490	2128.125000	Tan2018_dRNAseq_TSS_count_sum_3TSS
M744_RS05495	929.000000	Tan2018_dRNAseq_TSS_count_sum_2TSS
M744_RS05500	9434.000000	Tan2018_dRNAseq_TSS_count_sum_3TSS
M744_RS05510	7197.875000	Tan2018_dRNAseq_TSS_count_sum_1TSS
M744_RS05520	1212.125000	Tan2018_dRNAseq_TSS_count_sum_2TSS
M744_RS05525	244.000000	Tan2018_dRNAseq_TSS_count_sum_1TSS
M744_RS05535	2462.375000	Tan2018_dRNAseq_TSS_count_sum_2TSS
M744_RS05540	211.125000	Tan2018_dRNAseq_TSS_count_sum_1TSS
M744_RS05545	181.250000	Tan2018_dRNAseq_TSS_count_sum_1TSS
M744_RS05565	610.750000	Tan2018_dRNAseq_TSS_count_sum_2TSS
M744_RS05570	340.125000	Tan2018_dRNAseq_TSS_count_sum_1TSS
M744_RS05580	5383.500000	Tan2018_dRNAseq_TSS_count_sum_5TSS
M744_RS05585	5161.125000	Tan2018_dRNAseq_TSS_count_sum_1TSS
M744_RS05590	170.125000	Tan2018_dRNAseq_TSS_count_sum_1TSS
M744_RS05595	452.875000	Tan2018_dRNAseq_TSS_count_sum_1TSS
M744_RS05600	995.125000	Tan2018_dRNAseq_TSS_count_sum_3TSS
M744_RS05605	352.500000	Tan2018_dRNAseq_TSS_count_sum_2TSS
M744_RS05615	609.500000	Tan2018_dRNAseq_TSS_count_sum_2TSS
M744_RS05640	1679.000000	Tan2018_dRNAseq_TSS_count_sum_3TSS
M744_RS05645	408.250000	Tan2018_dRNAseq_TSS_count_sum_1TSS
M744_RS05660	172.000000	Tan2018_dRNAseq_TSS_count_sum_1TSS
M744_RS05665	269.500000	Tan2018_dRNAseq_TSS_count_sum_1TSS
M744_RS05670	1170.750000	Tan2018_dRNAseq_TSS_count_sum_5TSS
M744_RS05680	174.500000	Tan2018_dRNAseq_TSS_count_sum_1TSS
M744_RS05685	1303.875000	Tan2018_dRNAseq_TSS_count_sum_1TSS
M744_RS05690	781.125000	Tan2018_dRNAseq_TSS_count_sum_2TSS
M744_RS05695	2742.375000	Tan2018_dRNAseq_TSS_count_sum_3TSS
M744_RS05700	3850.500000	Tan2018_dRNAseq_TSS_count_sum_3TSS
M744_RS05710	1416.750000	Tan2018_dRNAseq_TSS_count_sum_2TSS
M744_RS05715	899.875000	Tan2018_dRNAseq_TSS_count_sum_2TSS
M744_RS05720	238.250000	Tan2018_dRNAseq_TSS_count_sum_1TSS
M744_RS05730	973.500000	Tan2018_dRNAseq_TSS_count_sum_2TSS
M744_RS05735	1162.000000	Tan2018_dRNAseq_TSS_count_sum_1TSS
M744_RS05740	107.375000	Tan2018_dRNAseq_TSS_count_sum_1TSS
M744_RS05745	160.875000	Tan2018_dRNAseq_TSS_count_sum_1TSS
M744_RS05750	602.625000	Tan2018_dRNAseq_TSS_count_sum_2TSS
M744_RS05755	242.500000	Tan2018_dRNAseq_TSS_count_sum_1TSS
M744_RS05760	515.875000	Tan2018_dRNAseq_TSS_count_sum_2TSS
M744_RS05765	1860.000000	Tan2018_dRNAseq_TSS_count_sum_4TSS
M744_RS05770	276.000000	Tan2018_dRNAseq_TSS_count_sum_1TSS
M744_RS05780	2596.875000	Tan2018_dRNAseq_TSS_count_sum_5TSS
M744_RS05785	3713.250000	Tan2018_dRNAseq_TSS_count_sum_4TSS
M744_RS05790	3531.375000	Tan2018_dRNAseq_TSS_count_sum_2TSS
M744_RS05795	957.500000	Tan2018_dRNAseq_TSS_count_sum_2TSS
M744_RS05805	243.500000	Tan2018_dRNAseq_TSS_count_sum_1TSS
M744_RS05815	2006.125000	Tan2018_dRNAseq_TSS_count_sum_1TSS
M744_RS05820	332.750000	Tan2018_dRNAseq_TSS_count_sum_1TSS
M744_RS05825	3356.250000	Tan2018_dRNAseq_TSS_count_sum_2TSS
M744_RS05830	368.875000	Tan2018_dRNAseq_TSS_count_sum_2TSS
M744_RS05850	174.750000	Tan2018_dRNAseq_TSS_count_sum_1TSS
M744_RS05860	1432.250000	Tan2018_dRNAseq_TSS_count_sum_1TSS
M744_RS05865	9721.625000	Tan2018_dRNAseq_TSS_count_sum_3TSS
M744_RS05870	787.250000	Tan2018_dRNAseq_TSS_count_sum_1TSS
M744_RS05880	775.875000	Tan2018_dRNAseq_TSS_count_sum_2TSS
M744_RS05890	2164.250000	Tan2018_dRNAseq_TSS_count_sum_1TSS
M744_RS05895	1999.000000	Tan2018_dRNAseq_TSS_count_sum_3TSS
M744_RS05900	915.000000	Tan2018_dRNAseq_TSS_count_sum_5TSS
M744_RS05905	549.625000	Tan2018_dRNAseq_TSS_count_sum_2TSS
M744_RS05910	5021.000000	Tan2018_dRNAseq_TSS_count_sum_7TSS
M744_RS05915	1017.250000	Tan2018_dRNAseq_TSS_count_sum_1TSS
M744_RS05920	3962.750000	Tan2018_dRNAseq_TSS_count_sum_1TSS
M744_RS05925	779.375000	Tan2018_dRNAseq_TSS_count_sum_2TSS
M744_RS05940	448.000000	Tan2018_dRNAseq_TSS_count_sum_3TSS
M744_RS05945	227.875000	Tan2018_dRNAseq_TSS_count_sum_1TSS
M744_RS05950	806.875000	Tan2018_dRNAseq_TSS_count_sum_1TSS
M744_RS05960	402.125000	Tan2018_dRNAseq_TSS_count_sum_1TSS
M744_RS05970	376.000000	Tan2018_dRNAseq_TSS_count_sum_2TSS
M744_RS05975	180.000000	Tan2018_dRNAseq_TSS_count_sum_1TSS
M744_RS05980	744.250000	Tan2018_dRNAseq_TSS_count_sum_1TSS
M744_RS05985	255.250000	Tan2018_dRNAseq_TSS_count_sum_1TSS
M744_RS06005	1159.250000	Tan2018_dRNAseq_TSS_count_sum_2TSS
M744_RS06010	1555.125000	Tan2018_dRNAseq_TSS_count_sum_2TSS
M744_RS06015	1141.625000	Tan2018_dRNAseq_TSS_count_sum_1TSS
M744_RS06020	775.375000	Tan2018_dRNAseq_TSS_count_sum_1TSS
M744_RS06025	379.250000	Tan2018_dRNAseq_TSS_count_sum_2TSS
M744_RS06045	1221.375000	Tan2018_dRNAseq_TSS_count_sum_3TSS
M744_RS06065	1374.125000	Tan2018_dRNAseq_TSS_count_sum_1TSS
M744_RS06085	833.000000	Tan2018_dRNAseq_TSS_count_sum_1TSS
M744_RS06090	407.000000	Tan2018_dRNAseq_TSS_count_sum_1TSS
M744_RS06100	22410.750000	Tan2018_dRNAseq_TSS_count_sum_5TSS
M744_RS06105	682.875000	Tan2018_dRNAseq_TSS_count_sum_2TSS
M744_RS06110	3598.875000	Tan2018_dRNAseq_TSS_count_sum_1TSS
M744_RS06125	653.250000	Tan2018_dRNAseq_TSS_count_sum_3TSS
M744_RS06130	1981.250000	Tan2018_dRNAseq_TSS_count_sum_1TSS
M744_RS06135	516.250000	Tan2018_dRNAseq_TSS_count_sum_1TSS
M744_RS06140	2253.500000	Tan2018_dRNAseq_TSS_count_sum_2TSS
M744_RS06150	1338.250000	Tan2018_dRNAseq_TSS_count_sum_1TSS
M744_RS06155	1923.375000	Tan2018_dRNAseq_TSS_count_sum_2TSS
M744_RS06160	568.125000	Tan2018_dRNAseq_TSS_count_sum_1TSS
M744_RS06170	272.875000	Tan2018_dRNAseq_TSS_count_sum_1TSS
M744_RS06180	186.500000	Tan2018_dRNAseq_TSS_count_sum_1TSS
M744_RS06185	516.875000	Tan2018_dRNAseq_TSS_count_sum_2TSS
M744_RS06210	306.750000	Tan2018_dRNAseq_TSS_count_sum_1TSS
M744_RS06215	10574.500000	Tan2018_dRNAseq_TSS_count_sum_1TSS
M744_RS06220	1499.500000	Tan2018_dRNAseq_TSS_count_sum_3TSS
M744_RS06225	394.125000	Tan2018_dRNAseq_TSS_count_sum_1TSS
M744_RS06230	3440.625000	Tan2018_dRNAseq_TSS_count_sum_3TSS
M744_RS06235	2278.500000	Tan2018_dRNAseq_TSS_count_sum_3TSS
M744_RS06250	4969.500000	Tan2018_dRNAseq_TSS_count_sum_4TSS
M744_RS06270	1138.125000	Tan2018_dRNAseq_TSS_count_sum_3TSS
M744_RS06295	1208.625000	Tan2018_dRNAseq_TSS_count_sum_4TSS
M744_RS06300	11275.125000	Tan2018_dRNAseq_TSS_count_sum_1TSS
M744_RS06305	1480.500000	Tan2018_dRNAseq_TSS_count_sum_4TSS
M744_RS06310	775.375000	Tan2018_dRNAseq_TSS_count_sum_2TSS
M744_RS06315	497.250000	Tan2018_dRNAseq_TSS_count_sum_2TSS
M744_RS06320	12816.875000	Tan2018_dRNAseq_TSS_count_sum_3TSS
M744_RS06325	1030.250000	Tan2018_dRNAseq_TSS_count_sum_1TSS
M744_RS06335	1406.375000	Tan2018_dRNAseq_TSS_count_sum_2TSS
M744_RS06340	146.000000	Tan2018_dRNAseq_TSS_count_sum_1TSS
M744_RS06350	2972.750000	Tan2018_dRNAseq_TSS_count_sum_4TSS
M744_RS06365	3894.375000	Tan2018_dRNAseq_TSS_count_sum_3TSS
M744_RS06370	299.875000	Tan2018_dRNAseq_TSS_count_sum_2TSS
M744_RS06390	627.500000	Tan2018_dRNAseq_TSS_count_sum_1TSS
M744_RS06395	1287.250000	Tan2018_dRNAseq_TSS_count_sum_2TSS
M744_RS06405	173.375000	Tan2018_dRNAseq_TSS_count_sum_1TSS
M744_RS06420	1311.250000	Tan2018_dRNAseq_TSS_count_sum_4TSS
M744_RS06425	5776.000000	Tan2018_dRNAseq_TSS_count_sum_1TSS
M744_RS06430	568.125000	Tan2018_dRNAseq_TSS_count_sum_2TSS
M744_RS06440	747.750000	Tan2018_dRNAseq_TSS_count_sum_1TSS
M744_RS06445	299.250000	Tan2018_dRNAseq_TSS_count_sum_1TSS
M744_RS06450	483.750000	Tan2018_dRNAseq_TSS_count_sum_2TSS
M744_RS06455	568.625000	Tan2018_dRNAseq_TSS_count_sum_1TSS
M744_RS06470	1146.250000	Tan2018_dRNAseq_TSS_count_sum_2TSS
M744_RS06475	3411.000000	Tan2018_dRNAseq_TSS_count_sum_5TSS
M744_RS06480	442.375000	Tan2018_dRNAseq_TSS_count_sum_1TSS
M744_RS06485	878.250000	Tan2018_dRNAseq_TSS_count_sum_1TSS
M744_RS06490	859.750000	Tan2018_dRNAseq_TSS_count_sum_3TSS
M744_RS06495	264.250000	Tan2018_dRNAseq_TSS_count_sum_1TSS
M744_RS06500	1728.000000	Tan2018_dRNAseq_TSS_count_sum_4TSS
M744_RS06505	2269.875000	Tan2018_dRNAseq_TSS_count_sum_2TSS
M744_RS06510	759.125000	Tan2018_dRNAseq_TSS_count_sum_1TSS
M744_RS06525	882.250000	Tan2018_dRNAseq_TSS_count_sum_1TSS
M744_RS06535	502.375000	Tan2018_dRNAseq_TSS_count_sum_1TSS
M744_RS06540	136.625000	Tan2018_dRNAseq_TSS_count_sum_1TSS
M744_RS06545	1229.625000	Tan2018_dRNAseq_TSS_count_sum_3TSS
M744_RS06550	165.500000	Tan2018_dRNAseq_TSS_count_sum_1TSS
M744_RS06555	215.000000	Tan2018_dRNAseq_TSS_count_sum_1TSS
M744_RS06560	1642.000000	Tan2018_dRNAseq_TSS_count_sum_2TSS
M744_RS06565	462.250000	Tan2018_dRNAseq_TSS_count_sum_1TSS
M744_RS06570	180.750000	Tan2018_dRNAseq_TSS_count_sum_1TSS
M744_RS06575	1770.875000	Tan2018_dRNAseq_TSS_count_sum_2TSS
M744_RS06580	1520.500000	Tan2018_dRNAseq_TSS_count_sum_1TSS
M744_RS06585	24626.250000	Tan2018_dRNAseq_TSS_count_sum_1TSS
M744_RS06595	1114.625000	Tan2018_dRNAseq_TSS_count_sum_3TSS
M744_RS06610	224.375000	Tan2018_dRNAseq_TSS_count_sum_1TSS
M744_RS06615	444.125000	Tan2018_dRNAseq_TSS_count_sum_1TSS
M744_RS06625	687.625000	Tan2018_dRNAseq_TSS_count_sum_2TSS
M744_RS06630	790.500000	Tan2018_dRNAseq_TSS_count_sum_2TSS
M744_RS06640	165.000000	Tan2018_dRNAseq_TSS_count_sum_1TSS
M744_RS06650	768.875000	Tan2018_dRNAseq_TSS_count_sum_2TSS
M744_RS06665	579.375000	Tan2018_dRNAseq_TSS_count_sum_2TSS
M744_RS06670	280.625000	Tan2018_dRNAseq_TSS_count_sum_2TSS
M744_RS06675	152.250000	Tan2018_dRNAseq_TSS_count_sum_1TSS
M744_RS06685	2062.000000	Tan2018_dRNAseq_TSS_count_sum_2TSS
M744_RS06690	950.375000	Tan2018_dRNAseq_TSS_count_sum_1TSS
M744_RS06695	1132.750000	Tan2018_dRNAseq_TSS_count_sum_2TSS
M744_RS06700	210.875000	Tan2018_dRNAseq_TSS_count_sum_1TSS
M744_RS06705	179.375000	Tan2018_dRNAseq_TSS_count_sum_1TSS
M744_RS06715	325.375000	Tan2018_dRNAseq_TSS_count_sum_1TSS
M744_RS06720	2507.375000	Tan2018_dRNAseq_TSS_count_sum_2TSS
M744_RS06745	1612.250000	Tan2018_dRNAseq_TSS_count_sum_4TSS
M744_RS06750	2103.125000	Tan2018_dRNAseq_TSS_count_sum_1TSS
M744_RS06760	266.875000	Tan2018_dRNAseq_TSS_count_sum_1TSS
M744_RS06765	260.000000	Tan2018_dRNAseq_TSS_count_sum_1TSS
M744_RS06800	394.000000	Tan2018_dRNAseq_TSS_count_sum_1TSS
M744_RS06805	407.875000	Tan2018_dRNAseq_TSS_count_sum_1TSS
M744_RS06815	779.500000	Tan2018_dRNAseq_TSS_count_sum_1TSS
M744_RS06820	349.250000	Tan2018_dRNAseq_TSS_count_sum_1TSS
M744_RS06835	296.500000	Tan2018_dRNAseq_TSS_count_sum_1TSS
M744_RS06840	363.875000	Tan2018_dRNAseq_TSS_count_sum_1TSS
M744_RS06845	1376.125000	Tan2018_dRNAseq_TSS_count_sum_3TSS
M744_RS06850	419.125000	Tan2018_dRNAseq_TSS_count_sum_2TSS
M744_RS06860	780.250000	Tan2018_dRNAseq_TSS_count_sum_2TSS
M744_RS06865	4445.125000	Tan2018_dRNAseq_TSS_count_sum_1TSS
M744_RS06875	645.000000	Tan2018_dRNAseq_TSS_count_sum_2TSS
M744_RS06885	2303.875000	Tan2018_dRNAseq_TSS_count_sum_1TSS
M744_RS06890	594.000000	Tan2018_dRNAseq_TSS_count_sum_1TSS
M744_RS06895	507.125000	Tan2018_dRNAseq_TSS_count_sum_2TSS
M744_RS06900	7944.250000	Tan2018_dRNAseq_TSS_count_sum_1TSS
M744_RS06905	748.125000	Tan2018_dRNAseq_TSS_count_sum_3TSS
M744_RS06910	1463.750000	Tan2018_dRNAseq_TSS_count_sum_3TSS
M744_RS06925	1564.500000	Tan2018_dRNAseq_TSS_count_sum_1TSS
M744_RS06935	5173.875000	Tan2018_dRNAseq_TSS_count_sum_2TSS
M744_RS06950	983.625000	Tan2018_dRNAseq_TSS_count_sum_2TSS
M744_RS06955	815.000000	Tan2018_dRNAseq_TSS_count_sum_4TSS
M744_RS06965	4310.125000	Tan2018_dRNAseq_TSS_count_sum_2TSS
M744_RS06985	675.375000	Tan2018_dRNAseq_TSS_count_sum_2TSS
M744_RS06990	632.125000	Tan2018_dRNAseq_TSS_count_sum_2TSS
M744_RS06995	10023.750000	Tan2018_dRNAseq_TSS_count_sum_3TSS
M744_RS07005	11909.000000	Tan2018_dRNAseq_TSS_count_sum_2TSS
M744_RS07010	5359.375000	Tan2018_dRNAseq_TSS_count_sum_3TSS
M744_RS07015	995.375000	Tan2018_dRNAseq_TSS_count_sum_1TSS
M744_RS07025	2240.375000	Tan2018_dRNAseq_TSS_count_sum_2TSS
M744_RS07035	3807.750000	Tan2018_dRNAseq_TSS_count_sum_2TSS
M744_RS07040	382.500000	Tan2018_dRNAseq_TSS_count_sum_1TSS
M744_RS07045	3741.750000	Tan2018_dRNAseq_TSS_count_sum_2TSS
M744_RS07050	5049.500000	Tan2018_dRNAseq_TSS_count_sum_3TSS
M744_RS07060	1125.500000	Tan2018_dRNAseq_TSS_count_sum_1TSS
M744_RS07065	619.500000	Tan2018_dRNAseq_TSS_count_sum_1TSS
M744_RS07075	1202.375000	Tan2018_dRNAseq_TSS_count_sum_6TSS
M744_RS07085	248.000000	Tan2018_dRNAseq_TSS_count_sum_1TSS
M744_RS07090	1298.625000	Tan2018_dRNAseq_TSS_count_sum_2TSS
M744_RS07095	514.125000	Tan2018_dRNAseq_TSS_count_sum_2TSS
M744_RS07100	1126.625000	Tan2018_dRNAseq_TSS_count_sum_3TSS
M744_RS07105	10638.000000	Tan2018_dRNAseq_TSS_count_sum_5TSS
M744_RS07120	3593.625000	Tan2018_dRNAseq_TSS_count_sum_1TSS
M744_RS07125	162.625000	Tan2018_dRNAseq_TSS_count_sum_1TSS
M744_RS07135	318.375000	Tan2018_dRNAseq_TSS_count_sum_1TSS
M744_RS07140	631.375000	Tan2018_dRNAseq_TSS_count_sum_2TSS
M744_RS07150	14171.125000	Tan2018_dRNAseq_TSS_count_sum_1TSS
M744_RS07155	386.500000	Tan2018_dRNAseq_TSS_count_sum_1TSS
M744_RS07160	482.125000	Tan2018_dRNAseq_TSS_count_sum_2TSS
M744_RS07165	454.875000	Tan2018_dRNAseq_TSS_count_sum_1TSS
M744_RS07180	211.750000	Tan2018_dRNAseq_TSS_count_sum_1TSS
M744_RS07185	1993.375000	Tan2018_dRNAseq_TSS_count_sum_1TSS
M744_RS07190	4115.875000	Tan2018_dRNAseq_TSS_count_sum_4TSS
M744_RS07195	749.000000	Tan2018_dRNAseq_TSS_count_sum_2TSS
M744_RS07200	540.250000	Tan2018_dRNAseq_TSS_count_sum_1TSS
M744_RS07205	1345.125000	Tan2018_dRNAseq_TSS_count_sum_2TSS
M744_RS07210	2202.375000	Tan2018_dRNAseq_TSS_count_sum_4TSS
M744_RS07230	3810.250000	Tan2018_dRNAseq_TSS_count_sum_3TSS
M744_RS07235	2159.000000	Tan2018_dRNAseq_TSS_count_sum_3TSS
M744_RS07240	139.375000	Tan2018_dRNAseq_TSS_count_sum_1TSS
M744_RS07250	2771.125000	Tan2018_dRNAseq_TSS_count_sum_4TSS
M744_RS07270	850.500000	Tan2018_dRNAseq_TSS_count_sum_2TSS
M744_RS07280	87914.375000	Tan2018_dRNAseq_TSS_count_sum_1TSS
M744_RS07285	162.375000	Tan2018_dRNAseq_TSS_count_sum_1TSS
M744_RS07290	53303.625000	Tan2018_dRNAseq_TSS_count_sum_1TSS
M744_RS07295	2944.000000	Tan2018_dRNAseq_TSS_count_sum_3TSS
M744_RS07305	530.125000	Tan2018_dRNAseq_TSS_count_sum_2TSS
M744_RS07325	525.750000	Tan2018_dRNAseq_TSS_count_sum_2TSS
M744_RS07330	914.875000	Tan2018_dRNAseq_TSS_count_sum_2TSS
M744_RS07335	11782.250000	Tan2018_dRNAseq_TSS_count_sum_1TSS
M744_RS07340	1347.875000	Tan2018_dRNAseq_TSS_count_sum_4TSS
M744_RS07345	2791.250000	Tan2018_dRNAseq_TSS_count_sum_5TSS
M744_RS07350	2983.500000	Tan2018_dRNAseq_TSS_count_sum_1TSS
M744_RS07365	3533.375000	Tan2018_dRNAseq_TSS_count_sum_3TSS
M744_RS07375	1560.875000	Tan2018_dRNAseq_TSS_count_sum_2TSS
M744_RS07380	8735.750000	Tan2018_dRNAseq_TSS_count_sum_1TSS
M744_RS07395	1799.375000	Tan2018_dRNAseq_TSS_count_sum_1TSS
M744_RS07405	543.500000	Tan2018_dRNAseq_TSS_count_sum_3TSS
M744_RS07410	340.000000	Tan2018_dRNAseq_TSS_count_sum_2TSS
M744_RS07420	375.875000	Tan2018_dRNAseq_TSS_count_sum_2TSS
M744_RS07425	3896.125000	Tan2018_dRNAseq_TSS_count_sum_2TSS
M744_RS07430	20034.375000	Tan2018_dRNAseq_TSS_count_sum_3TSS
M744_RS07435	148.875000	Tan2018_dRNAseq_TSS_count_sum_1TSS
M744_RS07445	848.625000	Tan2018_dRNAseq_TSS_count_sum_2TSS
M744_RS07450	922.625000	Tan2018_dRNAseq_TSS_count_sum_3TSS
M744_RS07460	496.750000	Tan2018_dRNAseq_TSS_count_sum_1TSS
M744_RS07465	215.750000	Tan2018_dRNAseq_TSS_count_sum_1TSS
M744_RS07470	8526.000000	Tan2018_dRNAseq_TSS_count_sum_1TSS
M744_RS07475	334.000000	Tan2018_dRNAseq_TSS_count_sum_1TSS
M744_RS07490	1574.250000	Tan2018_dRNAseq_TSS_count_sum_2TSS
M744_RS07495	917.250000	Tan2018_dRNAseq_TSS_count_sum_1TSS
M744_RS07500	1365.000000	Tan2018_dRNAseq_TSS_count_sum_1TSS
M744_RS07505	420.375000	Tan2018_dRNAseq_TSS_count_sum_1TSS
M744_RS07510	802.500000	Tan2018_dRNAseq_TSS_count_sum_1TSS
M744_RS07515	137.375000	Tan2018_dRNAseq_TSS_count_sum_1TSS
M744_RS07525	181.500000	Tan2018_dRNAseq_TSS_count_sum_1TSS
M744_RS07530	2115.625000	Tan2018_dRNAseq_TSS_count_sum_7TSS
M744_RS07545	3814.750000	Tan2018_dRNAseq_TSS_count_sum_2TSS
M744_RS07550	2872.750000	Tan2018_dRNAseq_TSS_count_sum_2TSS
M744_RS07565	360.750000	Tan2018_dRNAseq_TSS_count_sum_2TSS
M744_RS07570	4516.125000	Tan2018_dRNAseq_TSS_count_sum_1TSS
M744_RS07575	162.375000	Tan2018_dRNAseq_TSS_count_sum_1TSS
M744_RS07580	542.750000	Tan2018_dRNAseq_TSS_count_sum_1TSS
M744_RS07585	1358.750000	Tan2018_dRNAseq_TSS_count_sum_2TSS
M744_RS07595	586.750000	Tan2018_dRNAseq_TSS_count_sum_2TSS
M744_RS07600	3240.250000	Tan2018_dRNAseq_TSS_count_sum_1TSS
M744_RS07605	706.375000	Tan2018_dRNAseq_TSS_count_sum_1TSS
M744_RS07610	1896.875000	Tan2018_dRNAseq_TSS_count_sum_4TSS
M744_RS07615	205.750000	Tan2018_dRNAseq_TSS_count_sum_1TSS
M744_RS07620	1740.875000	Tan2018_dRNAseq_TSS_count_sum_6TSS
M744_RS07625	3454.875000	Tan2018_dRNAseq_TSS_count_sum_2TSS
M744_RS07630	4236.375000	Tan2018_dRNAseq_TSS_count_sum_4TSS
M744_RS07635	288.625000	Tan2018_dRNAseq_TSS_count_sum_1TSS
M744_RS07650	1330.125000	Tan2018_dRNAseq_TSS_count_sum_1TSS
M744_RS07665	294.625000	Tan2018_dRNAseq_TSS_count_sum_1TSS
M744_RS07670	618.875000	Tan2018_dRNAseq_TSS_count_sum_3TSS
M744_RS07685	1043.375000	Tan2018_dRNAseq_TSS_count_sum_3TSS
M744_RS07690	370.500000	Tan2018_dRNAseq_TSS_count_sum_1TSS
M744_RS07710	927.250000	Tan2018_dRNAseq_TSS_count_sum_2TSS
M744_RS07720	155.125000	Tan2018_dRNAseq_TSS_count_sum_1TSS
M744_RS07725	1545.875000	Tan2018_dRNAseq_TSS_count_sum_4TSS
M744_RS07730	725.375000	Tan2018_dRNAseq_TSS_count_sum_2TSS
M744_RS07740	5052.250000	Tan2018_dRNAseq_TSS_count_sum_2TSS
M744_RS07750	161.125000	Tan2018_dRNAseq_TSS_count_sum_1TSS
M744_RS07760	437.875000	Tan2018_dRNAseq_TSS_count_sum_2TSS
M744_RS07775	4312.375000	Tan2018_dRNAseq_TSS_count_sum_1TSS
M744_RS07780	1054.750000	Tan2018_dRNAseq_TSS_count_sum_2TSS
M744_RS07795	2135.500000	Tan2018_dRNAseq_TSS_count_sum_4TSS
M744_RS07820	580.750000	Tan2018_dRNAseq_TSS_count_sum_1TSS
M744_RS07825	154.125000	Tan2018_dRNAseq_TSS_count_sum_1TSS
M744_RS07830	1004.875000	Tan2018_dRNAseq_TSS_count_sum_2TSS
M744_RS07835	1306.375000	Tan2018_dRNAseq_TSS_count_sum_2TSS
M744_RS07845	478.750000	Tan2018_dRNAseq_TSS_count_sum_2TSS
M744_RS07850	1103.250000	Tan2018_dRNAseq_TSS_count_sum_2TSS
M744_RS07860	322.875000	Tan2018_dRNAseq_TSS_count_sum_1TSS
M744_RS07865	5484.250000	Tan2018_dRNAseq_TSS_count_sum_3TSS
M744_RS07870	1280.875000	Tan2018_dRNAseq_TSS_count_sum_1TSS
M744_RS07875	3431.375000	Tan2018_dRNAseq_TSS_count_sum_2TSS
M744_RS07880	2528.625000	Tan2018_dRNAseq_TSS_count_sum_3TSS
M744_RS07885	934.750000	Tan2018_dRNAseq_TSS_count_sum_1TSS
M744_RS07890	249.000000	Tan2018_dRNAseq_TSS_count_sum_1TSS
M744_RS07895	11316.500000	Tan2018_dRNAseq_TSS_count_sum_4TSS
M744_RS07900	4250.125000	Tan2018_dRNAseq_TSS_count_sum_2TSS
M744_RS07905	314.875000	Tan2018_dRNAseq_TSS_count_sum_1TSS
M744_RS07910	328.875000	Tan2018_dRNAseq_TSS_count_sum_2TSS
M744_RS07915	1478.250000	Tan2018_dRNAseq_TSS_count_sum_4TSS
M744_RS07920	131.500000	Tan2018_dRNAseq_TSS_count_sum_1TSS
M744_RS07925	2456.125000	Tan2018_dRNAseq_TSS_count_sum_5TSS
M744_RS07930	288.500000	Tan2018_dRNAseq_TSS_count_sum_2TSS
M744_RS07935	120.375000	Tan2018_dRNAseq_TSS_count_sum_1TSS
M744_RS07940	3601.875000	Tan2018_dRNAseq_TSS_count_sum_3TSS
M744_RS07950	920.375000	Tan2018_dRNAseq_TSS_count_sum_1TSS
M744_RS07955	20939.000000	Tan2018_dRNAseq_TSS_count_sum_6TSS
M744_RS07960	2711.125000	Tan2018_dRNAseq_TSS_count_sum_14TSS
M744_RS07965	1292.625000	Tan2018_dRNAseq_TSS_count_sum_1TSS
M744_RS07975	1542.625000	Tan2018_dRNAseq_TSS_count_sum_4TSS
M744_RS07995	384.500000	Tan2018_dRNAseq_TSS_count_sum_1TSS
M744_RS08005	1066.375000	Tan2018_dRNAseq_TSS_count_sum_5TSS
M744_RS08010	7440.250000	Tan2018_dRNAseq_TSS_count_sum_3TSS
M744_RS08015	577.750000	Tan2018_dRNAseq_TSS_count_sum_1TSS
M744_RS08020	3270.250000	Tan2018_dRNAseq_TSS_count_sum_4TSS
M744_RS08030	1012.875000	Tan2018_dRNAseq_TSS_count_sum_1TSS
M744_RS08035	427.875000	Tan2018_dRNAseq_TSS_count_sum_2TSS
M744_RS08040	11536.625000	Tan2018_dRNAseq_TSS_count_sum_1TSS
M744_RS08045	1058.000000	Tan2018_dRNAseq_TSS_count_sum_3TSS
M744_RS08050	871.125000	Tan2018_dRNAseq_TSS_count_sum_3TSS
M744_RS08055	1920.625000	Tan2018_dRNAseq_TSS_count_sum_3TSS
M744_RS08060	200.125000	Tan2018_dRNAseq_TSS_count_sum_1TSS
M744_RS08065	560.125000	Tan2018_dRNAseq_TSS_count_sum_1TSS
M744_RS08070	228.000000	Tan2018_dRNAseq_TSS_count_sum_1TSS
M744_RS08075	380.750000	Tan2018_dRNAseq_TSS_count_sum_2TSS
M744_RS08090	6431.375000	Tan2018_dRNAseq_TSS_count_sum_1TSS
M744_RS08100	313.625000	Tan2018_dRNAseq_TSS_count_sum_1TSS
M744_RS08105	768.500000	Tan2018_dRNAseq_TSS_count_sum_2TSS
M744_RS08110	156.750000	Tan2018_dRNAseq_TSS_count_sum_1TSS
M744_RS08115	207.125000	Tan2018_dRNAseq_TSS_count_sum_1TSS
M744_RS08120	1233.875000	Tan2018_dRNAseq_TSS_count_sum_2TSS
M744_RS08130	16283.000000	Tan2018_dRNAseq_TSS_count_sum_3TSS
M744_RS08135	253.125000	Tan2018_dRNAseq_TSS_count_sum_1TSS
M744_RS08140	2337.875000	Tan2018_dRNAseq_TSS_count_sum_2TSS
M744_RS08145	149.875000	Tan2018_dRNAseq_TSS_count_sum_1TSS
M744_RS08150	132.125000	Tan2018_dRNAseq_TSS_count_sum_1TSS
M744_RS08160	2696.250000	Tan2018_dRNAseq_TSS_count_sum_3TSS
M744_RS08165	6028.500000	Tan2018_dRNAseq_TSS_count_sum_2TSS
M744_RS08175	304.500000	Tan2018_dRNAseq_TSS_count_sum_1TSS
M744_RS08180	15776.875000	Tan2018_dRNAseq_TSS_count_sum_3TSS
M744_RS08190	4925.750000	Tan2018_dRNAseq_TSS_count_sum_3TSS
M744_RS08195	2643.250000	Tan2018_dRNAseq_TSS_count_sum_3TSS
M744_RS08200	814.125000	Tan2018_dRNAseq_TSS_count_sum_2TSS
M744_RS08205	566.500000	Tan2018_dRNAseq_TSS_count_sum_1TSS
M744_RS08210	421.750000	Tan2018_dRNAseq_TSS_count_sum_1TSS
M744_RS08220	852.750000	Tan2018_dRNAseq_TSS_count_sum_2TSS
M744_RS08225	731.250000	Tan2018_dRNAseq_TSS_count_sum_2TSS
M744_RS08230	2024.500000	Tan2018_dRNAseq_TSS_count_sum_3TSS
M744_RS08235	7318.000000	Tan2018_dRNAseq_TSS_count_sum_2TSS
M744_RS08245	1778.875000	Tan2018_dRNAseq_TSS_count_sum_2TSS
M744_RS08250	4079.875000	Tan2018_dRNAseq_TSS_count_sum_5TSS
M744_RS08265	374.875000	Tan2018_dRNAseq_TSS_count_sum_1TSS
M744_RS08270	172.125000	Tan2018_dRNAseq_TSS_count_sum_1TSS
M744_RS08275	250.125000	Tan2018_dRNAseq_TSS_count_sum_1TSS
M744_RS08280	429.500000	Tan2018_dRNAseq_TSS_count_sum_1TSS
M744_RS08285	528.125000	Tan2018_dRNAseq_TSS_count_sum_1TSS
M744_RS08290	241.625000	Tan2018_dRNAseq_TSS_count_sum_1TSS
M744_RS08310	169.875000	Tan2018_dRNAseq_TSS_count_sum_1TSS
M744_RS08320	158.250000	Tan2018_dRNAseq_TSS_count_sum_1TSS
M744_RS08335	1847.000000	Tan2018_dRNAseq_TSS_count_sum_3TSS
M744_RS08350	6945.875000	Tan2018_dRNAseq_TSS_count_sum_2TSS
M744_RS08355	7461.250000	Tan2018_dRNAseq_TSS_count_sum_4TSS
M744_RS08360	1432.625000	Tan2018_dRNAseq_TSS_count_sum_4TSS
M744_RS08375	218.125000	Tan2018_dRNAseq_TSS_count_sum_2TSS
M744_RS08380	11613.875000	Tan2018_dRNAseq_TSS_count_sum_2TSS
M744_RS08385	242.625000	Tan2018_dRNAseq_TSS_count_sum_1TSS
M744_RS08390	3715.000000	Tan2018_dRNAseq_TSS_count_sum_2TSS
M744_RS08395	155.625000	Tan2018_dRNAseq_TSS_count_sum_1TSS
M744_RS08400	542.500000	Tan2018_dRNAseq_TSS_count_sum_2TSS
M744_RS08405	19059.375000	Tan2018_dRNAseq_TSS_count_sum_5TSS
M744_RS08415	150.125000	Tan2018_dRNAseq_TSS_count_sum_1TSS
M744_RS08420	1405.875000	Tan2018_dRNAseq_TSS_count_sum_3TSS
M744_RS08435	8487.125000	Tan2018_dRNAseq_TSS_count_sum_2TSS
M744_RS08450	193.875000	Tan2018_dRNAseq_TSS_count_sum_1TSS
M744_RS08470	989.250000	Tan2018_dRNAseq_TSS_count_sum_3TSS
M744_RS08475	323.625000	Tan2018_dRNAseq_TSS_count_sum_1TSS
M744_RS08490	2314.750000	Tan2018_dRNAseq_TSS_count_sum_5TSS
M744_RS08505	140.750000	Tan2018_dRNAseq_TSS_count_sum_1TSS
M744_RS08510	927.125000	Tan2018_dRNAseq_TSS_count_sum_1TSS
M744_RS08515	433.625000	Tan2018_dRNAseq_TSS_count_sum_1TSS
M744_RS08520	1965.375000	Tan2018_dRNAseq_TSS_count_sum_4TSS
M744_RS08525	1093.375000	Tan2018_dRNAseq_TSS_count_sum_3TSS
M744_RS08530	4420.625000	Tan2018_dRNAseq_TSS_count_sum_4TSS
M744_RS08540	589.000000	Tan2018_dRNAseq_TSS_count_sum_1TSS
M744_RS08545	537.625000	Tan2018_dRNAseq_TSS_count_sum_2TSS
M744_RS08550	3313.375000	Tan2018_dRNAseq_TSS_count_sum_5TSS
M744_RS08560	652.250000	Tan2018_dRNAseq_TSS_count_sum_2TSS
M744_RS08565	780.750000	Tan2018_dRNAseq_TSS_count_sum_3TSS
M744_RS08570	956.375000	Tan2018_dRNAseq_TSS_count_sum_2TSS
M744_RS08575	2303.875000	Tan2018_dRNAseq_TSS_count_sum_5TSS
M744_RS08580	1575.625000	Tan2018_dRNAseq_TSS_count_sum_5TSS
M744_RS08585	5951.250000	Tan2018_dRNAseq_TSS_count_sum_2TSS
M744_RS08595	2492.500000	Tan2018_dRNAseq_TSS_count_sum_1TSS
M744_RS08605	414.625000	Tan2018_dRNAseq_TSS_count_sum_2TSS
M744_RS08610	166.125000	Tan2018_dRNAseq_TSS_count_sum_1TSS
M744_RS08655	411.250000	Tan2018_dRNAseq_TSS_count_sum_1TSS
M744_RS08665	89.125000	Tan2018_dRNAseq_TSS_count_sum_1TSS
M744_RS08670	200.625000	Tan2018_dRNAseq_TSS_count_sum_1TSS
M744_RS08675	385.750000	Tan2018_dRNAseq_TSS_count_sum_1TSS
M744_RS08680	3737.125000	Tan2018_dRNAseq_TSS_count_sum_5TSS
M744_RS08685	379.000000	Tan2018_dRNAseq_TSS_count_sum_1TSS
M744_RS08695	206.375000	Tan2018_dRNAseq_TSS_count_sum_1TSS
M744_RS08700	137.375000	Tan2018_dRNAseq_TSS_count_sum_1TSS
M744_RS08715	194.750000	Tan2018_dRNAseq_TSS_count_sum_1TSS
M744_RS08720	772.250000	Tan2018_dRNAseq_TSS_count_sum_1TSS
M744_RS08735	886.625000	Tan2018_dRNAseq_TSS_count_sum_3TSS
M744_RS08740	3183.375000	Tan2018_dRNAseq_TSS_count_sum_3TSS
M744_RS08745	1247.000000	Tan2018_dRNAseq_TSS_count_sum_5TSS
M744_RS08750	202.625000	Tan2018_dRNAseq_TSS_count_sum_1TSS
M744_RS08755	385.500000	Tan2018_dRNAseq_TSS_count_sum_2TSS
M744_RS08760	812.750000	Tan2018_dRNAseq_TSS_count_sum_1TSS
M744_RS08765	773.625000	Tan2018_dRNAseq_TSS_count_sum_3TSS
M744_RS08770	1297.125000	Tan2018_dRNAseq_TSS_count_sum_3TSS
M744_RS08775	220.125000	Tan2018_dRNAseq_TSS_count_sum_1TSS
M744_RS08795	146.375000	Tan2018_dRNAseq_TSS_count_sum_1TSS
M744_RS08805	323.000000	Tan2018_dRNAseq_TSS_count_sum_1TSS
M744_RS08810	152.875000	Tan2018_dRNAseq_TSS_count_sum_1TSS
M744_RS08815	228.500000	Tan2018_dRNAseq_TSS_count_sum_1TSS
M744_RS08820	573.125000	Tan2018_dRNAseq_TSS_count_sum_1TSS
M744_RS08830	304.250000	Tan2018_dRNAseq_TSS_count_sum_1TSS
M744_RS08835	316.000000	Tan2018_dRNAseq_TSS_count_sum_1TSS
M744_RS08850	9236.125000	Tan2018_dRNAseq_TSS_count_sum_3TSS
M744_RS08855	1319.375000	Tan2018_dRNAseq_TSS_count_sum_4TSS
M744_RS08860	930.625000	Tan2018_dRNAseq_TSS_count_sum_1TSS
M744_RS08865	1914.625000	Tan2018_dRNAseq_TSS_count_sum_5TSS
M744_RS08870	2058.625000	Tan2018_dRNAseq_TSS_count_sum_3TSS
M744_RS08875	808.125000	Tan2018_dRNAseq_TSS_count_sum_1TSS
M744_RS08880	998.750000	Tan2018_dRNAseq_TSS_count_sum_2TSS
M744_RS08885	6032.125000	Tan2018_dRNAseq_TSS_count_sum_4TSS
M744_RS08890	1681.250000	Tan2018_dRNAseq_TSS_count_sum_2TSS
M744_RS08895	392.875000	Tan2018_dRNAseq_TSS_count_sum_2TSS
M744_RS08900	365.750000	Tan2018_dRNAseq_TSS_count_sum_1TSS
M744_RS08910	35414.125000	Tan2018_dRNAseq_TSS_count_sum_2TSS
M744_RS08920	577.125000	Tan2018_dRNAseq_TSS_count_sum_3TSS
M744_RS08935	238.250000	Tan2018_dRNAseq_TSS_count_sum_2TSS
M744_RS08945	157.625000	Tan2018_dRNAseq_TSS_count_sum_1TSS
M744_RS08950	1235.375000	Tan2018_dRNAseq_TSS_count_sum_2TSS
M744_RS08960	808.125000	Tan2018_dRNAseq_TSS_count_sum_4TSS
M744_RS08965	1271.125000	Tan2018_dRNAseq_TSS_count_sum_2TSS
M744_RS08970	1767.750000	Tan2018_dRNAseq_TSS_count_sum_1TSS
M744_RS08975	718.500000	Tan2018_dRNAseq_TSS_count_sum_1TSS
M744_RS08980	3280.750000	Tan2018_dRNAseq_TSS_count_sum_6TSS
M744_RS08990	697.500000	Tan2018_dRNAseq_TSS_count_sum_2TSS
M744_RS08995	444.750000	Tan2018_dRNAseq_TSS_count_sum_1TSS
M744_RS09000	588.875000	Tan2018_dRNAseq_TSS_count_sum_2TSS
M744_RS09010	4018.000000	Tan2018_dRNAseq_TSS_count_sum_2TSS
M744_RS09020	677.000000	Tan2018_dRNAseq_TSS_count_sum_4TSS
M744_RS09025	435.750000	Tan2018_dRNAseq_TSS_count_sum_1TSS
M744_RS09030	930.500000	Tan2018_dRNAseq_TSS_count_sum_2TSS
M744_RS09040	2326.750000	Tan2018_dRNAseq_TSS_count_sum_1TSS
M744_RS09050	1301.125000	Tan2018_dRNAseq_TSS_count_sum_2TSS
M744_RS09055	2172.500000	Tan2018_dRNAseq_TSS_count_sum_2TSS
M744_RS09060	928.375000	Tan2018_dRNAseq_TSS_count_sum_2TSS
M744_RS09070	1670.750000	Tan2018_dRNAseq_TSS_count_sum_4TSS
M744_RS09080	479.875000	Tan2018_dRNAseq_TSS_count_sum_1TSS
M744_RS09085	206.875000	Tan2018_dRNAseq_TSS_count_sum_1TSS
M744_RS09090	517.375000	Tan2018_dRNAseq_TSS_count_sum_2TSS
M744_RS09095	161.750000	Tan2018_dRNAseq_TSS_count_sum_1TSS
M744_RS09100	1452.750000	Tan2018_dRNAseq_TSS_count_sum_2TSS
M744_RS09105	207.625000	Tan2018_dRNAseq_TSS_count_sum_1TSS
M744_RS09110	340.875000	Tan2018_dRNAseq_TSS_count_sum_1TSS
M744_RS09115	260.625000	Tan2018_dRNAseq_TSS_count_sum_1TSS
M744_RS09120	171.875000	Tan2018_dRNAseq_TSS_count_sum_1TSS
M744_RS09125	409.375000	Tan2018_dRNAseq_TSS_count_sum_2TSS
M744_RS09135	229.250000	Tan2018_dRNAseq_TSS_count_sum_1TSS
M744_RS09145	3477.125000	Tan2018_dRNAseq_TSS_count_sum_4TSS
M744_RS09150	21560.250000	Tan2018_dRNAseq_TSS_count_sum_1TSS
M744_RS09155	253.375000	Tan2018_dRNAseq_TSS_count_sum_1TSS
M744_RS09160	173.750000	Tan2018_dRNAseq_TSS_count_sum_1TSS
M744_RS09165	2215.750000	Tan2018_dRNAseq_TSS_count_sum_4TSS
M744_RS09170	902.250000	Tan2018_dRNAseq_TSS_count_sum_3TSS
M744_RS09175	731.000000	Tan2018_dRNAseq_TSS_count_sum_2TSS
M744_RS09180	1070.875000	Tan2018_dRNAseq_TSS_count_sum_2TSS
M744_RS09190	3308.625000	Tan2018_dRNAseq_TSS_count_sum_21TSS
M744_RS09195	1156.000000	Tan2018_dRNAseq_TSS_count_sum_3TSS
M744_RS09200	623.750000	Tan2018_dRNAseq_TSS_count_sum_1TSS
M744_RS09215	2095.875000	Tan2018_dRNAseq_TSS_count_sum_4TSS
M744_RS09225	2133.250000	Tan2018_dRNAseq_TSS_count_sum_2TSS
M744_RS09230	233.750000	Tan2018_dRNAseq_TSS_count_sum_1TSS
M744_RS09235	3549.875000	Tan2018_dRNAseq_TSS_count_sum_3TSS
M744_RS09240	1089.000000	Tan2018_dRNAseq_TSS_count_sum_1TSS
M744_RS09250	1003.625000	Tan2018_dRNAseq_TSS_count_sum_2TSS
M744_RS09255	3497.250000	Tan2018_dRNAseq_TSS_count_sum_3TSS
M744_RS09270	1988.500000	Tan2018_dRNAseq_TSS_count_sum_3TSS
M744_RS09280	380.875000	Tan2018_dRNAseq_TSS_count_sum_2TSS
M744_RS09285	137.750000	Tan2018_dRNAseq_TSS_count_sum_1TSS
M744_RS09290	2342.125000	Tan2018_dRNAseq_TSS_count_sum_2TSS
M744_RS09295	493.125000	Tan2018_dRNAseq_TSS_count_sum_1TSS
M744_RS09300	1549.500000	Tan2018_dRNAseq_TSS_count_sum_2TSS
M744_RS09305	165.125000	Tan2018_dRNAseq_TSS_count_sum_1TSS
M744_RS09310	113.375000	Tan2018_dRNAseq_TSS_count_sum_1TSS
M744_RS09320	4333.875000	Tan2018_dRNAseq_TSS_count_sum_1TSS
M744_RS09325	1793.000000	Tan2018_dRNAseq_TSS_count_sum_1TSS
M744_RS09330	3935.750000	Tan2018_dRNAseq_TSS_count_sum_2TSS
M744_RS09335	2909.625000	Tan2018_dRNAseq_TSS_count_sum_1TSS
M744_RS09340	4174.875000	Tan2018_dRNAseq_TSS_count_sum_4TSS
M744_RS09345	353.500000	Tan2018_dRNAseq_TSS_count_sum_1TSS
M744_RS09355	502.375000	Tan2018_dRNAseq_TSS_count_sum_2TSS
M744_RS09365	2164.000000	Tan2018_dRNAseq_TSS_count_sum_4TSS
M744_RS09370	325.250000	Tan2018_dRNAseq_TSS_count_sum_1TSS
M744_RS09375	423.500000	Tan2018_dRNAseq_TSS_count_sum_2TSS
M744_RS09380	3298.875000	Tan2018_dRNAseq_TSS_count_sum_2TSS
M744_RS09395	296.125000	Tan2018_dRNAseq_TSS_count_sum_2TSS
M744_RS09415	404.375000	Tan2018_dRNAseq_TSS_count_sum_2TSS
M744_RS09420	223.000000	Tan2018_dRNAseq_TSS_count_sum_1TSS
M744_RS09425	13556.500000	Tan2018_dRNAseq_TSS_count_sum_4TSS
M744_RS09430	240.750000	Tan2018_dRNAseq_TSS_count_sum_1TSS
M744_RS09435	2027.250000	Tan2018_dRNAseq_TSS_count_sum_3TSS
M744_RS09445	133.750000	Tan2018_dRNAseq_TSS_count_sum_1TSS
M744_RS09450	3087.625000	Tan2018_dRNAseq_TSS_count_sum_2TSS
M744_RS09455	2209.375000	Tan2018_dRNAseq_TSS_count_sum_4TSS
M744_RS09460	252.375000	Tan2018_dRNAseq_TSS_count_sum_1TSS
M744_RS09465	4279.500000	Tan2018_dRNAseq_TSS_count_sum_2TSS
M744_RS09485	162.625000	Tan2018_dRNAseq_TSS_count_sum_1TSS
M744_RS09490	1355.250000	Tan2018_dRNAseq_TSS_count_sum_1TSS
M744_RS09495	1480.875000	Tan2018_dRNAseq_TSS_count_sum_1TSS
M744_RS09505	575.875000	Tan2018_dRNAseq_TSS_count_sum_2TSS
M744_RS09510	1129.250000	Tan2018_dRNAseq_TSS_count_sum_2TSS
M744_RS09515	4363.875000	Tan2018_dRNAseq_TSS_count_sum_2TSS
M744_RS09520	929.000000	Tan2018_dRNAseq_TSS_count_sum_1TSS
M744_RS09525	560.125000	Tan2018_dRNAseq_TSS_count_sum_1TSS
M744_RS09530	2453.125000	Tan2018_dRNAseq_TSS_count_sum_1TSS
M744_RS09540	410.250000	Tan2018_dRNAseq_TSS_count_sum_2TSS
M744_RS09545	698.000000	Tan2018_dRNAseq_TSS_count_sum_2TSS
M744_RS09550	677.625000	Tan2018_dRNAseq_TSS_count_sum_4TSS
M744_RS09555	460.000000	Tan2018_dRNAseq_TSS_count_sum_2TSS
M744_RS09560	670.500000	Tan2018_dRNAseq_TSS_count_sum_1TSS
M744_RS09565	286.375000	Tan2018_dRNAseq_TSS_count_sum_1TSS
M744_RS09570	762.875000	Tan2018_dRNAseq_TSS_count_sum_4TSS
M744_RS09575	2993.875000	Tan2018_dRNAseq_TSS_count_sum_4TSS
M744_RS09580	879.875000	Tan2018_dRNAseq_TSS_count_sum_2TSS
M744_RS09585	198.875000	Tan2018_dRNAseq_TSS_count_sum_1TSS
M744_RS09590	8230.625000	Tan2018_dRNAseq_TSS_count_sum_6TSS
M744_RS09595	765.750000	Tan2018_dRNAseq_TSS_count_sum_3TSS
M744_RS09600	836.000000	Tan2018_dRNAseq_TSS_count_sum_2TSS
M744_RS09605	809.375000	Tan2018_dRNAseq_TSS_count_sum_3TSS
M744_RS09615	2606.875000	Tan2018_dRNAseq_TSS_count_sum_2TSS
M744_RS09620	331.250000	Tan2018_dRNAseq_TSS_count_sum_1TSS
M744_RS09625	1470.000000	Tan2018_dRNAseq_TSS_count_sum_1TSS
M744_RS09630	770.875000	Tan2018_dRNAseq_TSS_count_sum_2TSS
M744_RS09635	1537.375000	Tan2018_dRNAseq_TSS_count_sum_4TSS
M744_RS09645	931.625000	Tan2018_dRNAseq_TSS_count_sum_1TSS
M744_RS09650	8416.000000	Tan2018_dRNAseq_TSS_count_sum_4TSS
M744_RS09655	975.250000	Tan2018_dRNAseq_TSS_count_sum_2TSS
M744_RS09660	202.000000	Tan2018_dRNAseq_TSS_count_sum_1TSS
M744_RS09665	441.125000	Tan2018_dRNAseq_TSS_count_sum_1TSS
M744_RS09670	1276.875000	Tan2018_dRNAseq_TSS_count_sum_3TSS
M744_RS09675	392.875000	Tan2018_dRNAseq_TSS_count_sum_2TSS
M744_RS09685	195.375000	Tan2018_dRNAseq_TSS_count_sum_1TSS
M744_RS09690	4313.750000	Tan2018_dRNAseq_TSS_count_sum_3TSS
M744_RS09695	236.625000	Tan2018_dRNAseq_TSS_count_sum_1TSS
M744_RS09700	727.125000	Tan2018_dRNAseq_TSS_count_sum_3TSS
M744_RS09705	1802.500000	Tan2018_dRNAseq_TSS_count_sum_3TSS
M744_RS09715	412.125000	Tan2018_dRNAseq_TSS_count_sum_1TSS
M744_RS09720	292.375000	Tan2018_dRNAseq_TSS_count_sum_1TSS
M744_RS09735	296.375000	Tan2018_dRNAseq_TSS_count_sum_1TSS
M744_RS09740	619.875000	Tan2018_dRNAseq_TSS_count_sum_1TSS
M744_RS09745	220.375000	Tan2018_dRNAseq_TSS_count_sum_1TSS
M744_RS09755	634.000000	Tan2018_dRNAseq_TSS_count_sum_1TSS
M744_RS09760	728.500000	Tan2018_dRNAseq_TSS_count_sum_2TSS
M744_RS09765	1327.000000	Tan2018_dRNAseq_TSS_count_sum_1TSS
M744_RS09770	171.625000	Tan2018_dRNAseq_TSS_count_sum_1TSS
M744_RS09780	1771.000000	Tan2018_dRNAseq_TSS_count_sum_2TSS
M744_RS09785	2985.875000	Tan2018_dRNAseq_TSS_count_sum_1TSS
M744_RS09790	909.375000	Tan2018_dRNAseq_TSS_count_sum_2TSS
M744_RS09810	333.375000	Tan2018_dRNAseq_TSS_count_sum_1TSS
M744_RS09815	439.500000	Tan2018_dRNAseq_TSS_count_sum_2TSS
M744_RS09820	190.250000	Tan2018_dRNAseq_TSS_count_sum_1TSS
M744_RS09825	357.625000	Tan2018_dRNAseq_TSS_count_sum_2TSS
M744_RS09830	547.500000	Tan2018_dRNAseq_TSS_count_sum_1TSS
M744_RS09835	411.875000	Tan2018_dRNAseq_TSS_count_sum_1TSS
M744_RS09840	847.500000	Tan2018_dRNAseq_TSS_count_sum_2TSS
M744_RS09845	156.875000	Tan2018_dRNAseq_TSS_count_sum_1TSS
M744_RS09850	155.250000	Tan2018_dRNAseq_TSS_count_sum_1TSS
M744_RS09855	765.125000	Tan2018_dRNAseq_TSS_count_sum_1TSS
M744_RS09860	122.125000	Tan2018_dRNAseq_TSS_count_sum_1TSS
M744_RS09865	5175.625000	Tan2018_dRNAseq_TSS_count_sum_4TSS
M744_RS09875	936.750000	Tan2018_dRNAseq_TSS_count_sum_3TSS
M744_RS09880	1440.250000	Tan2018_dRNAseq_TSS_count_sum_3TSS
M744_RS09890	418.000000	Tan2018_dRNAseq_TSS_count_sum_1TSS
M744_RS09895	991.875000	Tan2018_dRNAseq_TSS_count_sum_2TSS
M744_RS09900	757.375000	Tan2018_dRNAseq_TSS_count_sum_1TSS
M744_RS09905	757.000000	Tan2018_dRNAseq_TSS_count_sum_2TSS
M744_RS09910	3178.375000	Tan2018_dRNAseq_TSS_count_sum_4TSS
M744_RS09915	736.000000	Tan2018_dRNAseq_TSS_count_sum_1TSS
M744_RS09925	1499.750000	Tan2018_dRNAseq_TSS_count_sum_1TSS
M744_RS09930	232.625000	Tan2018_dRNAseq_TSS_count_sum_1TSS
M744_RS09950	552.125000	Tan2018_dRNAseq_TSS_count_sum_2TSS
M744_RS09955	134.500000	Tan2018_dRNAseq_TSS_count_sum_1TSS
M744_RS09960	379.000000	Tan2018_dRNAseq_TSS_count_sum_2TSS
M744_RS09965	1569.000000	Tan2018_dRNAseq_TSS_count_sum_3TSS
M744_RS09990	350.375000	Tan2018_dRNAseq_TSS_count_sum_2TSS
M744_RS10000	289.125000	Tan2018_dRNAseq_TSS_count_sum_1TSS
M744_RS10010	1419.625000	Tan2018_dRNAseq_TSS_count_sum_3TSS
M744_RS10025	1386.250000	Tan2018_dRNAseq_TSS_count_sum_1TSS
M744_RS10030	571.375000	Tan2018_dRNAseq_TSS_count_sum_2TSS
M744_RS10040	2093.000000	Tan2018_dRNAseq_TSS_count_sum_3TSS
M744_RS10045	27754.875000	Tan2018_dRNAseq_TSS_count_sum_1TSS
M744_RS10050	560.500000	Tan2018_dRNAseq_TSS_count_sum_2TSS
M744_RS10070	113.250000	Tan2018_dRNAseq_TSS_count_sum_1TSS
M744_RS10080	787.875000	Tan2018_dRNAseq_TSS_count_sum_1TSS
M744_RS10110	143.000000	Tan2018_dRNAseq_TSS_count_sum_1TSS
M744_RS10115	475.125000	Tan2018_dRNAseq_TSS_count_sum_1TSS
M744_RS10125	436.125000	Tan2018_dRNAseq_TSS_count_sum_1TSS
M744_RS10135	1352.500000	Tan2018_dRNAseq_TSS_count_sum_5TSS
M744_RS10160	208.625000	Tan2018_dRNAseq_TSS_count_sum_1TSS
M744_RS10165	6201.125000	Tan2018_dRNAseq_TSS_count_sum_4TSS
M744_RS10170	853.625000	Tan2018_dRNAseq_TSS_count_sum_2TSS
M744_RS10175	2222.750000	Tan2018_dRNAseq_TSS_count_sum_2TSS
M744_RS10180	465.000000	Tan2018_dRNAseq_TSS_count_sum_1TSS
M744_RS10185	1248.750000	Tan2018_dRNAseq_TSS_count_sum_2TSS
M744_RS10190	3337.000000	Tan2018_dRNAseq_TSS_count_sum_1TSS
M744_RS10210	974.000000	Tan2018_dRNAseq_TSS_count_sum_2TSS
M744_RS10225	286.250000	Tan2018_dRNAseq_TSS_count_sum_1TSS
M744_RS10230	4156.750000	Tan2018_dRNAseq_TSS_count_sum_1TSS
M744_RS10235	338.125000	Tan2018_dRNAseq_TSS_count_sum_2TSS
M744_RS10240	238.750000	Tan2018_dRNAseq_TSS_count_sum_1TSS
M744_RS10245	4162.125000	Tan2018_dRNAseq_TSS_count_sum_2TSS
M744_RS10255	307.500000	Tan2018_dRNAseq_TSS_count_sum_1TSS
M744_RS10275	478.875000	Tan2018_dRNAseq_TSS_count_sum_2TSS
M744_RS10285	4146.125000	Tan2018_dRNAseq_TSS_count_sum_2TSS
M744_RS10300	2815.625000	Tan2018_dRNAseq_TSS_count_sum_1TSS
M744_RS10305	799.375000	Tan2018_dRNAseq_TSS_count_sum_1TSS
M744_RS10310	12822.500000	Tan2018_dRNAseq_TSS_count_sum_2TSS
M744_RS10330	202.125000	Tan2018_dRNAseq_TSS_count_sum_1TSS
M744_RS10335	106.375000	Tan2018_dRNAseq_TSS_count_sum_1TSS
M744_RS10345	3471.750000	Tan2018_dRNAseq_TSS_count_sum_3TSS
M744_RS10350	27330.000000	Tan2018_dRNAseq_TSS_count_sum_1TSS
M744_RS10355	570.500000	Tan2018_dRNAseq_TSS_count_sum_2TSS
M744_RS10360	1128.625000	Tan2018_dRNAseq_TSS_count_sum_2TSS
M744_RS10365	1002.500000	Tan2018_dRNAseq_TSS_count_sum_3TSS
M744_RS10370	118.750000	Tan2018_dRNAseq_TSS_count_sum_1TSS
M744_RS10375	1836.250000	Tan2018_dRNAseq_TSS_count_sum_3TSS
M744_RS10380	1460.750000	Tan2018_dRNAseq_TSS_count_sum_4TSS
M744_RS10390	403.250000	Tan2018_dRNAseq_TSS_count_sum_2TSS
M744_RS10395	170.000000	Tan2018_dRNAseq_TSS_count_sum_1TSS
M744_RS10405	376.375000	Tan2018_dRNAseq_TSS_count_sum_1TSS
M744_RS10410	4132.250000	Tan2018_dRNAseq_TSS_count_sum_3TSS
M744_RS10435	853.250000	Tan2018_dRNAseq_TSS_count_sum_2TSS
M744_RS10440	1114.875000	Tan2018_dRNAseq_TSS_count_sum_3TSS
M744_RS10445	1331.000000	Tan2018_dRNAseq_TSS_count_sum_1TSS
M744_RS10455	195.250000	Tan2018_dRNAseq_TSS_count_sum_1TSS
M744_RS10460	1171.000000	Tan2018_dRNAseq_TSS_count_sum_2TSS
M744_RS10465	3034.500000	Tan2018_dRNAseq_TSS_count_sum_3TSS
M744_RS10470	1796.500000	Tan2018_dRNAseq_TSS_count_sum_1TSS
M744_RS10475	1230.875000	Tan2018_dRNAseq_TSS_count_sum_2TSS
M744_RS10495	692.750000	Tan2018_dRNAseq_TSS_count_sum_2TSS
M744_RS10500	2883.375000	Tan2018_dRNAseq_TSS_count_sum_2TSS
M744_RS10505	1592.750000	Tan2018_dRNAseq_TSS_count_sum_4TSS
M744_RS10510	874.500000	Tan2018_dRNAseq_TSS_count_sum_1TSS
M744_RS10520	4539.625000	Tan2018_dRNAseq_TSS_count_sum_3TSS
M744_RS10525	9297.625000	Tan2018_dRNAseq_TSS_count_sum_4TSS
M744_RS10530	4668.125000	Tan2018_dRNAseq_TSS_count_sum_1TSS
M744_RS10535	1855.000000	Tan2018_dRNAseq_TSS_count_sum_4TSS
M744_RS10545	727.250000	Tan2018_dRNAseq_TSS_count_sum_3TSS
M744_RS10555	289.625000	Tan2018_dRNAseq_TSS_count_sum_1TSS
M744_RS10565	1664.375000	Tan2018_dRNAseq_TSS_count_sum_3TSS
M744_RS10570	7409.750000	Tan2018_dRNAseq_TSS_count_sum_3TSS
M744_RS10595	1326.250000	Tan2018_dRNAseq_TSS_count_sum_2TSS
M744_RS10600	1108.500000	Tan2018_dRNAseq_TSS_count_sum_1TSS
M744_RS10605	491.875000	Tan2018_dRNAseq_TSS_count_sum_3TSS
M744_RS10610	17521.500000	Tan2018_dRNAseq_TSS_count_sum_1TSS
M744_RS10620	176.750000	Tan2018_dRNAseq_TSS_count_sum_1TSS
M744_RS10635	117.750000	Tan2018_dRNAseq_TSS_count_sum_1TSS
M744_RS10640	2547.125000	Tan2018_dRNAseq_TSS_count_sum_3TSS
M744_RS10645	765.125000	Tan2018_dRNAseq_TSS_count_sum_2TSS
M744_RS10650	1690.625000	Tan2018_dRNAseq_TSS_count_sum_3TSS
M744_RS10655	303.375000	Tan2018_dRNAseq_TSS_count_sum_1TSS
M744_RS10670	2774.250000	Tan2018_dRNAseq_TSS_count_sum_2TSS
M744_RS10675	323.500000	Tan2018_dRNAseq_TSS_count_sum_1TSS
M744_RS10685	2620.625000	Tan2018_dRNAseq_TSS_count_sum_1TSS
M744_RS10690	520.500000	Tan2018_dRNAseq_TSS_count_sum_3TSS
M744_RS10695	202.875000	Tan2018_dRNAseq_TSS_count_sum_1TSS
M744_RS10700	4552.750000	Tan2018_dRNAseq_TSS_count_sum_5TSS
M744_RS10705	34139.375000	Tan2018_dRNAseq_TSS_count_sum_1TSS
M744_RS10710	1226.875000	Tan2018_dRNAseq_TSS_count_sum_2TSS
M744_RS10715	5906.875000	Tan2018_dRNAseq_TSS_count_sum_1TSS
M744_RS10720	801.375000	Tan2018_dRNAseq_TSS_count_sum_1TSS
M744_RS10725	545.375000	Tan2018_dRNAseq_TSS_count_sum_1TSS
M744_RS10730	1141.625000	Tan2018_dRNAseq_TSS_count_sum_2TSS
M744_RS10735	3549.750000	Tan2018_dRNAseq_TSS_count_sum_7TSS
M744_RS10740	327.500000	Tan2018_dRNAseq_TSS_count_sum_1TSS
M744_RS10745	481.500000	Tan2018_dRNAseq_TSS_count_sum_1TSS
M744_RS10755	187.375000	Tan2018_dRNAseq_TSS_count_sum_1TSS
M744_RS10760	9274.000000	Tan2018_dRNAseq_TSS_count_sum_1TSS
M744_RS10765	288.500000	Tan2018_dRNAseq_TSS_count_sum_1TSS
M744_RS10785	317.500000	Tan2018_dRNAseq_TSS_count_sum_2TSS
M744_RS10795	828.375000	Tan2018_dRNAseq_TSS_count_sum_1TSS
M744_RS10805	458.750000	Tan2018_dRNAseq_TSS_count_sum_2TSS
M744_RS10810	1805.875000	Tan2018_dRNAseq_TSS_count_sum_3TSS
M744_RS10815	195.500000	Tan2018_dRNAseq_TSS_count_sum_1TSS
M744_RS10825	1479.000000	Tan2018_dRNAseq_TSS_count_sum_4TSS
M744_RS10830	1633.500000	Tan2018_dRNAseq_TSS_count_sum_2TSS
M744_RS10840	5548.125000	Tan2018_dRNAseq_TSS_count_sum_2TSS
M744_RS10855	577.250000	Tan2018_dRNAseq_TSS_count_sum_3TSS
M744_RS10860	3644.750000	Tan2018_dRNAseq_TSS_count_sum_3TSS
M744_RS10865	294.000000	Tan2018_dRNAseq_TSS_count_sum_1TSS
M744_RS10870	11447.625000	Tan2018_dRNAseq_TSS_count_sum_2TSS
M744_RS10875	3661.375000	Tan2018_dRNAseq_TSS_count_sum_1TSS
M744_RS10880	319.625000	Tan2018_dRNAseq_TSS_count_sum_1TSS
M744_RS10885	670.375000	Tan2018_dRNAseq_TSS_count_sum_1TSS
M744_RS10895	12626.750000	Tan2018_dRNAseq_TSS_count_sum_5TSS
M744_RS10900	637.375000	Tan2018_dRNAseq_TSS_count_sum_3TSS
M744_RS10905	598.000000	Tan2018_dRNAseq_TSS_count_sum_3TSS
M744_RS10910	897.000000	Tan2018_dRNAseq_TSS_count_sum_2TSS
M744_RS10920	65055.375000	Tan2018_dRNAseq_TSS_count_sum_3TSS
M744_RS10925	1109.250000	Tan2018_dRNAseq_TSS_count_sum_2TSS
M744_RS10930	2079.875000	Tan2018_dRNAseq_TSS_count_sum_3TSS
M744_RS10940	545.125000	Tan2018_dRNAseq_TSS_count_sum_1TSS
M744_RS10945	7896.250000	Tan2018_dRNAseq_TSS_count_sum_1TSS
M744_RS10950	4462.250000	Tan2018_dRNAseq_TSS_count_sum_3TSS
M744_RS10965	2423.375000	Tan2018_dRNAseq_TSS_count_sum_2TSS
M744_RS10970	693.500000	Tan2018_dRNAseq_TSS_count_sum_1TSS
M744_RS10975	953.625000	Tan2018_dRNAseq_TSS_count_sum_5TSS
M744_RS10985	653.000000	Tan2018_dRNAseq_TSS_count_sum_2TSS
M744_RS10990	400.250000	Tan2018_dRNAseq_TSS_count_sum_1TSS
M744_RS11000	293.000000	Tan2018_dRNAseq_TSS_count_sum_2TSS
M744_RS11005	2374.625000	Tan2018_dRNAseq_TSS_count_sum_6TSS
M744_RS11010	917.875000	Tan2018_dRNAseq_TSS_count_sum_3TSS
M744_RS11015	481.375000	Tan2018_dRNAseq_TSS_count_sum_2TSS
M744_RS11020	817.875000	Tan2018_dRNAseq_TSS_count_sum_4TSS
M744_RS11025	326.125000	Tan2018_dRNAseq_TSS_count_sum_1TSS
M744_RS11040	3072.375000	Tan2018_dRNAseq_TSS_count_sum_1TSS
M744_RS11050	657.250000	Tan2018_dRNAseq_TSS_count_sum_3TSS
M744_RS11055	981.375000	Tan2018_dRNAseq_TSS_count_sum_2TSS
M744_RS11060	462.375000	Tan2018_dRNAseq_TSS_count_sum_2TSS
M744_RS11075	463.375000	Tan2018_dRNAseq_TSS_count_sum_2TSS
M744_RS11080	238.750000	Tan2018_dRNAseq_TSS_count_sum_1TSS
M744_RS11085	196.250000	Tan2018_dRNAseq_TSS_count_sum_1TSS
M744_RS11110	537.625000	Tan2018_dRNAseq_TSS_count_sum_1TSS
M744_RS11115	281.500000	Tan2018_dRNAseq_TSS_count_sum_1TSS
M744_RS11125	1232.375000	Tan2018_dRNAseq_TSS_count_sum_2TSS
M744_RS11140	988.750000	Tan2018_dRNAseq_TSS_count_sum_1TSS
M744_RS11145	2119.625000	Tan2018_dRNAseq_TSS_count_sum_1TSS
M744_RS11150	3591.000000	Tan2018_dRNAseq_TSS_count_sum_2TSS
M744_RS11155	4564.000000	Tan2018_dRNAseq_TSS_count_sum_9TSS
M744_RS11165	2753.375000	Tan2018_dRNAseq_TSS_count_sum_5TSS
M744_RS11170	94.375000	Tan2018_dRNAseq_TSS_count_sum_1TSS
M744_RS11175	738.250000	Tan2018_dRNAseq_TSS_count_sum_2TSS
M744_RS11180	621.500000	Tan2018_dRNAseq_TSS_count_sum_1TSS
M744_RS11195	2277.375000	Tan2018_dRNAseq_TSS_count_sum_6TSS
M744_RS11205	426.500000	Tan2018_dRNAseq_TSS_count_sum_2TSS
M744_RS11210	357.000000	Tan2018_dRNAseq_TSS_count_sum_1TSS
M744_RS11220	464.500000	Tan2018_dRNAseq_TSS_count_sum_2TSS
M744_RS11225	3015.375000	Tan2018_dRNAseq_TSS_count_sum_6TSS
M744_RS11230	1076.875000	Tan2018_dRNAseq_TSS_count_sum_5TSS
M744_RS11235	480.750000	Tan2018_dRNAseq_TSS_count_sum_3TSS
M744_RS11240	2620.625000	Tan2018_dRNAseq_TSS_count_sum_1TSS
M744_RS11250	422.250000	Tan2018_dRNAseq_TSS_count_sum_2TSS
M744_RS11255	510.625000	Tan2018_dRNAseq_TSS_count_sum_1TSS
M744_RS11265	527.000000	Tan2018_dRNAseq_TSS_count_sum_1TSS
M744_RS11270	11401.875000	Tan2018_dRNAseq_TSS_count_sum_4TSS
M744_RS11275	219.875000	Tan2018_dRNAseq_TSS_count_sum_1TSS
M744_RS11280	1510.500000	Tan2018_dRNAseq_TSS_count_sum_3TSS
M744_RS11300	482.625000	Tan2018_dRNAseq_TSS_count_sum_1TSS
M744_RS11305	289.875000	Tan2018_dRNAseq_TSS_count_sum_1TSS
M744_RS11310	523.625000	Tan2018_dRNAseq_TSS_count_sum_1TSS
M744_RS11315	2613.875000	Tan2018_dRNAseq_TSS_count_sum_1TSS
M744_RS11320	904.875000	Tan2018_dRNAseq_TSS_count_sum_1TSS
M744_RS11325	225.750000	Tan2018_dRNAseq_TSS_count_sum_1TSS
M744_RS11335	2998.625000	Tan2018_dRNAseq_TSS_count_sum_1TSS
M744_RS11345	1494.500000	Tan2018_dRNAseq_TSS_count_sum_2TSS
M744_RS11350	693.750000	Tan2018_dRNAseq_TSS_count_sum_3TSS
M744_RS11360	746.750000	Tan2018_dRNAseq_TSS_count_sum_1TSS
M744_RS11365	131.750000	Tan2018_dRNAseq_TSS_count_sum_1TSS
M744_RS11370	4825.875000	Tan2018_dRNAseq_TSS_count_sum_1TSS
M744_RS11375	121.125000	Tan2018_dRNAseq_TSS_count_sum_1TSS
M744_RS11380	821.500000	Tan2018_dRNAseq_TSS_count_sum_1TSS
M744_RS11395	1430.750000	Tan2018_dRNAseq_TSS_count_sum_1TSS
M744_RS11415	180.625000	Tan2018_dRNAseq_TSS_count_sum_1TSS
M744_RS11420	1592.625000	Tan2018_dRNAseq_TSS_count_sum_5TSS
M744_RS11430	752.500000	Tan2018_dRNAseq_TSS_count_sum_1TSS
M744_RS11435	9980.750000	Tan2018_dRNAseq_TSS_count_sum_5TSS
M744_RS11440	204.375000	Tan2018_dRNAseq_TSS_count_sum_1TSS
M744_RS11445	634.625000	Tan2018_dRNAseq_TSS_count_sum_1TSS
M744_RS11455	2177.875000	Tan2018_dRNAseq_TSS_count_sum_2TSS
M744_RS11475	216.875000	Tan2018_dRNAseq_TSS_count_sum_1TSS
M744_RS11480	1227.625000	Tan2018_dRNAseq_TSS_count_sum_2TSS
M744_RS11490	126.500000	Tan2018_dRNAseq_TSS_count_sum_1TSS
M744_RS11495	10213.000000	Tan2018_dRNAseq_TSS_count_sum_1TSS
M744_RS11500	2353.125000	Tan2018_dRNAseq_TSS_count_sum_2TSS
M744_RS11505	77.375000	Tan2018_dRNAseq_TSS_count_sum_1TSS
M744_RS11510	3203.500000	Tan2018_dRNAseq_TSS_count_sum_3TSS
M744_RS11515	4746.375000	Tan2018_dRNAseq_TSS_count_sum_1TSS
M744_RS11520	443.125000	Tan2018_dRNAseq_TSS_count_sum_2TSS
M744_RS11525	356.625000	Tan2018_dRNAseq_TSS_count_sum_1TSS
M744_RS11530	1390.500000	Tan2018_dRNAseq_TSS_count_sum_4TSS
M744_RS11540	245.750000	Tan2018_dRNAseq_TSS_count_sum_1TSS
M744_RS11555	454.625000	Tan2018_dRNAseq_TSS_count_sum_1TSS
M744_RS11560	691.000000	Tan2018_dRNAseq_TSS_count_sum_2TSS
M744_RS11595	2024.250000	Tan2018_dRNAseq_TSS_count_sum_4TSS
M744_RS11600	127.750000	Tan2018_dRNAseq_TSS_count_sum_1TSS
M744_RS11605	4522.250000	Tan2018_dRNAseq_TSS_count_sum_1TSS
M744_RS11610	2535.500000	Tan2018_dRNAseq_TSS_count_sum_1TSS
M744_RS11615	19291.750000	Tan2018_dRNAseq_TSS_count_sum_3TSS
M744_RS11625	323995.750000	Tan2018_dRNAseq_TSS_count_sum_1TSS
M744_RS11630	5218.375000	Tan2018_dRNAseq_TSS_count_sum_2TSS
M744_RS11635	480.375000	Tan2018_dRNAseq_TSS_count_sum_1TSS
M744_RS11640	1151.000000	Tan2018_dRNAseq_TSS_count_sum_3TSS
M744_RS11645	1313.875000	Tan2018_dRNAseq_TSS_count_sum_1TSS
M744_RS11675	5802.625000	Tan2018_dRNAseq_TSS_count_sum_2TSS
M744_RS11680	142.375000	Tan2018_dRNAseq_TSS_count_sum_1TSS
M744_RS11685	1784.000000	Tan2018_dRNAseq_TSS_count_sum_2TSS
M744_RS11690	10153.750000	Tan2018_dRNAseq_TSS_count_sum_2TSS
M744_RS11695	475.625000	Tan2018_dRNAseq_TSS_count_sum_2TSS
M744_RS11700	5760.000000	Tan2018_dRNAseq_TSS_count_sum_4TSS
M744_RS11705	77652.875000	Tan2018_dRNAseq_TSS_count_sum_5TSS
M744_RS11725	1104.625000	Tan2018_dRNAseq_TSS_count_sum_1TSS
M744_RS11730	1256.375000	Tan2018_dRNAseq_TSS_count_sum_3TSS
M744_RS11735	568.000000	Tan2018_dRNAseq_TSS_count_sum_1TSS
M744_RS11750	6076.125000	Tan2018_dRNAseq_TSS_count_sum_3TSS
M744_RS11755	11262.750000	Tan2018_dRNAseq_TSS_count_sum_1TSS
M744_RS11760	1291.875000	Tan2018_dRNAseq_TSS_count_sum_4TSS
M744_RS11765	15852.500000	Tan2018_dRNAseq_TSS_count_sum_6TSS
M744_RS11770	1395.750000	Tan2018_dRNAseq_TSS_count_sum_2TSS
M744_RS11775	1495.750000	Tan2018_dRNAseq_TSS_count_sum_1TSS
M744_RS11785	573.875000	Tan2018_dRNAseq_TSS_count_sum_2TSS
M744_RS11810	869.000000	Tan2018_dRNAseq_TSS_count_sum_3TSS
M744_RS11815	134.625000	Tan2018_dRNAseq_TSS_count_sum_1TSS
M744_RS11820	2693.375000	Tan2018_dRNAseq_TSS_count_sum_2TSS
M744_RS11825	861.625000	Tan2018_dRNAseq_TSS_count_sum_1TSS
M744_RS11830	1157.250000	Tan2018_dRNAseq_TSS_count_sum_2TSS
M744_RS11835	6054.500000	Tan2018_dRNAseq_TSS_count_sum_2TSS
M744_RS11840	3979.250000	Tan2018_dRNAseq_TSS_count_sum_3TSS
M744_RS11845	381.250000	Tan2018_dRNAseq_TSS_count_sum_1TSS
M744_RS11850	1086.250000	Tan2018_dRNAseq_TSS_count_sum_3TSS
M744_RS11860	110.875000	Tan2018_dRNAseq_TSS_count_sum_1TSS
M744_RS11865	1456.500000	Tan2018_dRNAseq_TSS_count_sum_1TSS
M744_RS11875	214.125000	Tan2018_dRNAseq_TSS_count_sum_1TSS
M744_RS11880	3094.875000	Tan2018_dRNAseq_TSS_count_sum_2TSS
M744_RS11885	4286.625000	Tan2018_dRNAseq_TSS_count_sum_6TSS
M744_RS11890	2942.000000	Tan2018_dRNAseq_TSS_count_sum_3TSS
M744_RS11895	5403.750000	Tan2018_dRNAseq_TSS_count_sum_3TSS
M744_RS11910	868.500000	Tan2018_dRNAseq_TSS_count_sum_2TSS
M744_RS11915	1654.875000	Tan2018_dRNAseq_TSS_count_sum_1TSS
M744_RS11920	1442.000000	Tan2018_dRNAseq_TSS_count_sum_1TSS
M744_RS11935	2367.625000	Tan2018_dRNAseq_TSS_count_sum_3TSS
M744_RS11940	5608.625000	Tan2018_dRNAseq_TSS_count_sum_1TSS
M744_RS11965	6832.375000	Tan2018_dRNAseq_TSS_count_sum_3TSS
M744_RS11970	1888.750000	Tan2018_dRNAseq_TSS_count_sum_3TSS
M744_RS11975	4776.250000	Tan2018_dRNAseq_TSS_count_sum_2TSS
M744_RS11980	4579.625000	Tan2018_dRNAseq_TSS_count_sum_4TSS
M744_RS12000	5273.375000	Tan2018_dRNAseq_TSS_count_sum_6TSS
M744_RS12005	4609.000000	Tan2018_dRNAseq_TSS_count_sum_1TSS
M744_RS12015	307.500000	Tan2018_dRNAseq_TSS_count_sum_2TSS
M744_RS12020	574.000000	Tan2018_dRNAseq_TSS_count_sum_1TSS
M744_RS12030	1405.500000	Tan2018_dRNAseq_TSS_count_sum_4TSS
M744_RS12040	772.250000	Tan2018_dRNAseq_TSS_count_sum_2TSS
M744_RS12045	1452.250000	Tan2018_dRNAseq_TSS_count_sum_2TSS
M744_RS12050	4642.500000	Tan2018_dRNAseq_TSS_count_sum_1TSS
M744_RS12055	126.125000	Tan2018_dRNAseq_TSS_count_sum_1TSS
M744_RS12060	2093.125000	Tan2018_dRNAseq_TSS_count_sum_1TSS
M744_RS12070	875.250000	Tan2018_dRNAseq_TSS_count_sum_2TSS
M744_RS12075	251.875000	Tan2018_dRNAseq_TSS_count_sum_1TSS
M744_RS12080	3200.375000	Tan2018_dRNAseq_TSS_count_sum_3TSS
M744_RS12085	765.750000	Tan2018_dRNAseq_TSS_count_sum_2TSS
M744_RS12090	2590.625000	Tan2018_dRNAseq_TSS_count_sum_4TSS
M744_RS12095	145.000000	Tan2018_dRNAseq_TSS_count_sum_1TSS
M744_RS12105	1957.250000	Tan2018_dRNAseq_TSS_count_sum_3TSS
M744_RS12110	84.625000	Tan2018_dRNAseq_TSS_count_sum_1TSS
M744_RS12115	578.875000	Tan2018_dRNAseq_TSS_count_sum_1TSS
M744_RS12125	415.500000	Tan2018_dRNAseq_TSS_count_sum_2TSS
M744_RS12135	239.625000	Tan2018_dRNAseq_TSS_count_sum_1TSS
M744_RS12140	622.250000	Tan2018_dRNAseq_TSS_count_sum_2TSS
M744_RS12145	1278.500000	Tan2018_dRNAseq_TSS_count_sum_3TSS
M744_RS12155	1254.000000	Tan2018_dRNAseq_TSS_count_sum_1TSS
M744_RS12160	1347.625000	Tan2018_dRNAseq_TSS_count_sum_1TSS
M744_RS12165	615.625000	Tan2018_dRNAseq_TSS_count_sum_2TSS
M744_RS12170	219.625000	Tan2018_dRNAseq_TSS_count_sum_1TSS
M744_RS12195	609.250000	Tan2018_dRNAseq_TSS_count_sum_2TSS
M744_RS12210	2879.125000	Tan2018_dRNAseq_TSS_count_sum_3TSS
M744_RS12215	3143.375000	Tan2018_dRNAseq_TSS_count_sum_3TSS
M744_RS12220	420.875000	Tan2018_dRNAseq_TSS_count_sum_1TSS
M744_RS12225	545.750000	Tan2018_dRNAseq_TSS_count_sum_2TSS
M744_RS12230	231.250000	Tan2018_dRNAseq_TSS_count_sum_1TSS
M744_RS12235	5679.500000	Tan2018_dRNAseq_TSS_count_sum_3TSS
M744_RS12240	1193.625000	Tan2018_dRNAseq_TSS_count_sum_5TSS
M744_RS12245	227.250000	Tan2018_dRNAseq_TSS_count_sum_1TSS
M744_RS12250	11493.500000	Tan2018_dRNAseq_TSS_count_sum_5TSS
M744_RS12255	508.750000	Tan2018_dRNAseq_TSS_count_sum_1TSS
M744_RS12260	391.250000	Tan2018_dRNAseq_TSS_count_sum_1TSS
M744_RS12265	168.875000	Tan2018_dRNAseq_TSS_count_sum_1TSS
M744_RS12270	1502.625000	Tan2018_dRNAseq_TSS_count_sum_2TSS
M744_RS12275	4410.875000	Tan2018_dRNAseq_TSS_count_sum_1TSS
M744_RS12280	1193.500000	Tan2018_dRNAseq_TSS_count_sum_2TSS
M744_RS12335	542.500000	Tan2018_dRNAseq_TSS_count_sum_1TSS
M744_RS12340	418.250000	Tan2018_dRNAseq_TSS_count_sum_1TSS
M744_RS12345	1178.875000	Tan2018_dRNAseq_TSS_count_sum_1TSS
M744_RS12355	735.250000	Tan2018_dRNAseq_TSS_count_sum_1TSS
M744_RS12365	562.625000	Tan2018_dRNAseq_TSS_count_sum_1TSS
M744_RS12380	142.750000	Tan2018_dRNAseq_TSS_count_sum_1TSS
M744_RS12390	186.500000	Tan2018_dRNAseq_TSS_count_sum_1TSS
M744_RS12395	581.250000	Tan2018_dRNAseq_TSS_count_sum_2TSS
M744_RS12405	312.500000	Tan2018_dRNAseq_TSS_count_sum_1TSS
M744_RS12410	1185.250000	Tan2018_dRNAseq_TSS_count_sum_2TSS
M744_RS12415	40390.250000	Tan2018_dRNAseq_TSS_count_sum_4TSS
M744_RS12420	366.750000	Tan2018_dRNAseq_TSS_count_sum_1TSS
M744_RS12425	481.625000	Tan2018_dRNAseq_TSS_count_sum_2TSS
M744_RS12450	674.250000	Tan2018_dRNAseq_TSS_count_sum_1TSS
M744_RS12465	748.125000	Tan2018_dRNAseq_TSS_count_sum_1TSS
M744_RS12470	1452.250000	Tan2018_dRNAseq_TSS_count_sum_2TSS
M744_RS12480	235.250000	Tan2018_dRNAseq_TSS_count_sum_1TSS
M744_RS12485	559.250000	Tan2018_dRNAseq_TSS_count_sum_1TSS
M744_RS12490	1018.250000	Tan2018_dRNAseq_TSS_count_sum_2TSS
M744_RS12495	4185.500000	Tan2018_dRNAseq_TSS_count_sum_2TSS
M744_RS12500	4955.625000	Tan2018_dRNAseq_TSS_count_sum_3TSS
M744_RS12515	6904.000000	Tan2018_dRNAseq_TSS_count_sum_4TSS
M744_RS12535	618.750000	Tan2018_dRNAseq_TSS_count_sum_1TSS
M744_RS12555	646.000000	Tan2018_dRNAseq_TSS_count_sum_2TSS
M744_RS12560	174.250000	Tan2018_dRNAseq_TSS_count_sum_1TSS
M744_RS12580	2206.250000	Tan2018_dRNAseq_TSS_count_sum_2TSS
M744_RS12590	5349.875000	Tan2018_dRNAseq_TSS_count_sum_1TSS
M744_RS12610	227.750000	Tan2018_dRNAseq_TSS_count_sum_1TSS
M744_RS12620	204.750000	Tan2018_dRNAseq_TSS_count_sum_1TSS
M744_RS12630	868.875000	Tan2018_dRNAseq_TSS_count_sum_1TSS
M744_RS12645	334.875000	Tan2018_dRNAseq_TSS_count_sum_1TSS
M744_RS12655	2122.125000	Tan2018_dRNAseq_TSS_count_sum_4TSS
M744_RS12665	822.375000	Tan2018_dRNAseq_TSS_count_sum_3TSS
M744_RS12680	282.875000	Tan2018_dRNAseq_TSS_count_sum_1TSS
M744_RS12700	3522.125000	Tan2018_dRNAseq_TSS_count_sum_2TSS
M744_RS12725	233.875000	Tan2018_dRNAseq_TSS_count_sum_1TSS
M744_RS12730	250.875000	Tan2018_dRNAseq_TSS_count_sum_2TSS
M744_RS12735	1012.500000	Tan2018_dRNAseq_TSS_count_sum_2TSS
M744_RS12740	631.875000	Tan2018_dRNAseq_TSS_count_sum_2TSS
M744_RS12745	9547.875000	Tan2018_dRNAseq_TSS_count_sum_2TSS
M744_RS12750	2130.375000	Tan2018_dRNAseq_TSS_count_sum_1TSS
M744_RS12755	977.000000	Tan2018_dRNAseq_TSS_count_sum_2TSS
M744_RS12760	372.375000	Tan2018_dRNAseq_TSS_count_sum_1TSS
M744_RS12765	997.000000	Tan2018_dRNAseq_TSS_count_sum_1TSS
M744_RS12770	769.125000	Tan2018_dRNAseq_TSS_count_sum_2TSS
M744_RS12780	67015.750000	Tan2018_dRNAseq_TSS_count_sum_2TSS
M744_RS12790	411.375000	Tan2018_dRNAseq_TSS_count_sum_1TSS
M744_RS12800	1370.625000	Tan2018_dRNAseq_TSS_count_sum_1TSS
M744_RS12805	322.375000	Tan2018_dRNAseq_TSS_count_sum_1TSS
M744_RS12810	295.875000	Tan2018_dRNAseq_TSS_count_sum_1TSS
M744_RS12815	3879.000000	Tan2018_dRNAseq_TSS_count_sum_2TSS
M744_RS12820	485.875000	Tan2018_dRNAseq_TSS_count_sum_2TSS
M744_RS12825	80.625000	Tan2018_dRNAseq_TSS_count_sum_1TSS
M744_RS12830	2619.875000	Tan2018_dRNAseq_TSS_count_sum_2TSS
M744_RS12835	1055.375000	Tan2018_dRNAseq_TSS_count_sum_3TSS
M744_RS12840	4805.250000	Tan2018_dRNAseq_TSS_count_sum_3TSS
M744_RS12850	14986.250000	Tan2018_dRNAseq_TSS_count_sum_4TSS
M744_RS12865	356.250000	Tan2018_dRNAseq_TSS_count_sum_2TSS
M744_RS12870	830.125000	Tan2018_dRNAseq_TSS_count_sum_1TSS
M744_RS12875	1383.000000	Tan2018_dRNAseq_TSS_count_sum_2TSS
M744_RS12880	1160.500000	Tan2018_dRNAseq_TSS_count_sum_2TSS
M744_RS12885	1184.500000	Tan2018_dRNAseq_TSS_count_sum_3TSS
M744_RS12890	4448.750000	Tan2018_dRNAseq_TSS_count_sum_2TSS
M744_RS12900	848.625000	Tan2018_dRNAseq_TSS_count_sum_1TSS
M744_RS12905	649.750000	Tan2018_dRNAseq_TSS_count_sum_3TSS
M744_RS12910	19256.750000	Tan2018_dRNAseq_TSS_count_sum_1TSS
M744_RS12920	1224.625000	Tan2018_dRNAseq_TSS_count_sum_1TSS
M744_RS12925	1087.125000	Tan2018_dRNAseq_TSS_count_sum_2TSS
M744_RS12930	8060.000000	Tan2018_dRNAseq_TSS_count_sum_6TSS
M744_RS12945	482.625000	Tan2018_dRNAseq_TSS_count_sum_3TSS
M744_RS12950	1884.500000	Tan2018_dRNAseq_TSS_count_sum_1TSS
M744_RS12955	6078.375000	Tan2018_dRNAseq_TSS_count_sum_3TSS
M744_RS12960	4717.750000	Tan2018_dRNAseq_TSS_count_sum_3TSS
M744_RS12965	267.375000	Tan2018_dRNAseq_TSS_count_sum_2TSS
M744_RS12975	1084.625000	Tan2018_dRNAseq_TSS_count_sum_1TSS
M744_RS12985	2779.250000	Tan2018_dRNAseq_TSS_count_sum_2TSS
M744_RS12990	10965.625000	Tan2018_dRNAseq_TSS_count_sum_3TSS
M744_RS13000	924.750000	Tan2018_dRNAseq_TSS_count_sum_3TSS
M744_RS13020	185.000000	Tan2018_dRNAseq_TSS_count_sum_1TSS
M744_RS13030	10517.750000	Tan2018_dRNAseq_TSS_count_sum_1TSS
M744_RS13035	11090.750000	Tan2018_dRNAseq_TSS_count_sum_2TSS
M744_RS13045	3315.000000	Tan2018_dRNAseq_TSS_count_sum_1TSS
M744_RS13060	1441.000000	Tan2018_dRNAseq_TSS_count_sum_4TSS
M744_RS13065	718.375000	Tan2018_dRNAseq_TSS_count_sum_2TSS
M744_RS13070	23003.375000	Tan2018_dRNAseq_TSS_count_sum_2TSS
M744_RS13075	11997.500000	Tan2018_dRNAseq_TSS_count_sum_3TSS
M744_RS13080	828.625000	Tan2018_dRNAseq_TSS_count_sum_3TSS
M744_RS13085	1404.250000	Tan2018_dRNAseq_TSS_count_sum_2TSS
M744_RS13090	827.875000	Tan2018_dRNAseq_TSS_count_sum_1TSS
M744_RS13100	3453.125000	Tan2018_dRNAseq_TSS_count_sum_1TSS
M744_RS13105	238.125000	Tan2018_dRNAseq_TSS_count_sum_1TSS
M744_RS13115	489.875000	Tan2018_dRNAseq_TSS_count_sum_1TSS
M744_RS13130	591.750000	Tan2018_dRNAseq_TSS_count_sum_2TSS
M744_RS13135	1449.500000	Tan2018_dRNAseq_TSS_count_sum_2TSS
M744_RS13140	4974.125000	Tan2018_dRNAseq_TSS_count_sum_4TSS
M744_RS13150	3149.000000	Tan2018_dRNAseq_TSS_count_sum_3TSS
M744_RS13155	903.500000	Tan2018_dRNAseq_TSS_count_sum_1TSS
M744_RS13160	336.875000	Tan2018_dRNAseq_TSS_count_sum_1TSS
M744_RS13165	2041.750000	Tan2018_dRNAseq_TSS_count_sum_4TSS
M744_RS13170	4480.750000	Tan2018_dRNAseq_TSS_count_sum_2TSS
M744_RS13175	152.375000	Tan2018_dRNAseq_TSS_count_sum_1TSS
M744_RS13180	134.000000	Tan2018_dRNAseq_TSS_count_sum_1TSS
M744_RS13185	508.375000	Tan2018_dRNAseq_TSS_count_sum_3TSS
M744_RS13200	7627.000000	Tan2018_dRNAseq_TSS_count_sum_4TSS
M744_RS13210	364.625000	Tan2018_dRNAseq_TSS_count_sum_2TSS
M744_RS13220	1652.625000	Tan2018_dRNAseq_TSS_count_sum_2TSS
M744_RS13245	419.625000	Tan2018_dRNAseq_TSS_count_sum_1TSS
M744_RS13250	172.750000	Tan2018_dRNAseq_TSS_count_sum_1TSS
M744_RS13255	662.875000	Tan2018_dRNAseq_TSS_count_sum_2TSS
M744_RS13295	1398.250000	Tan2018_dRNAseq_TSS_count_sum_2TSS
M744_RS13300	2304.500000	Tan2018_dRNAseq_TSS_count_sum_3TSS
M744_RS13315	5033.250000	Tan2018_dRNAseq_TSS_count_sum_2TSS
M744_RS13320	4465.750000	Tan2018_dRNAseq_TSS_count_sum_4TSS
M744_RS13325	314.250000	Tan2018_dRNAseq_TSS_count_sum_1TSS
M744_RS13330	493.375000	Tan2018_dRNAseq_TSS_count_sum_1TSS
M744_RS13335	172.250000	Tan2018_dRNAseq_TSS_count_sum_1TSS
M744_RS13350	681.750000	Tan2018_dRNAseq_TSS_count_sum_2TSS
M744_RS13370	544.250000	Tan2018_dRNAseq_TSS_count_sum_1TSS
M744_RS13375	1085.125000	Tan2018_dRNAseq_TSS_count_sum_1TSS
M744_RS13400	159.125000	Tan2018_dRNAseq_TSS_count_sum_1TSS
M744_RS13415	813.625000	Tan2018_dRNAseq_TSS_count_sum_1TSS
M744_RS13425	6332.750000	Tan2018_dRNAseq_TSS_count_sum_2TSS
M744_RS13440	2090.875000	Tan2018_dRNAseq_TSS_count_sum_1TSS
M744_RS13455	443.125000	Tan2018_dRNAseq_TSS_count_sum_2TSS
M744_RS13470	772.375000	Tan2018_dRNAseq_TSS_count_sum_1TSS
M744_RS13475	382.125000	Tan2018_dRNAseq_TSS_count_sum_1TSS
M744_RS13490	400.625000	Tan2018_dRNAseq_TSS_count_sum_2TSS
M744_RS13495	198.250000	Tan2018_dRNAseq_TSS_count_sum_1TSS
M744_RS13510	370.625000	Tan2018_dRNAseq_TSS_count_sum_1TSS
M744_RS13515	403.000000	Tan2018_dRNAseq_TSS_count_sum_1TSS
M744_RS13520	514.750000	Tan2018_dRNAseq_TSS_count_sum_2TSS
M744_RS13525	2138.875000	Tan2018_dRNAseq_TSS_count_sum_2TSS
M744_RS13540	1763.750000	Tan2018_dRNAseq_TSS_count_sum_3TSS
M744_RS13545	2052.125000	Tan2018_dRNAseq_TSS_count_sum_2TSS
M744_RS13590	1289.500000	Tan2018_dRNAseq_TSS_count_sum_2TSS
M744_RS13595	454.125000	Tan2018_dRNAseq_TSS_count_sum_1TSS
M744_RS13600	1252.625000	Tan2018_dRNAseq_TSS_count_sum_1TSS
M744_RS13605	121.000000	Tan2018_dRNAseq_TSS_count_sum_1TSS
M744_RS13625	12015.750000	Tan2018_dRNAseq_TSS_count_sum_1TSS
M744_RS13630	173.625000	Tan2018_dRNAseq_TSS_count_sum_1TSS
M744_RS13635	8296.125000	Tan2018_dRNAseq_TSS_count_sum_2TSS
M744_RS13640	417.250000	Tan2018_dRNAseq_TSS_count_sum_2TSS
M744_RS13645	178.625000	Tan2018_dRNAseq_TSS_count_sum_1TSS
M744_RS13660	308.875000	Tan2018_dRNAseq_TSS_count_sum_2TSS
M744_RS13675	129.875000	Tan2018_dRNAseq_TSS_count_sum_1TSS
M744_RS13725	118495.625000	Tan2018_dRNAseq_TSS_count_sum_2TSS
M744_RS13760	329.875000	Tan2018_dRNAseq_TSS_count_sum_1TSS
M744_RS13770	503.375000	Tan2018_dRNAseq_TSS_count_sum_1TSS
M744_RS13790	28100.375000	Tan2018_dRNAseq_TSS_count_sum_1TSS
M744_RS13810	1334.250000	Tan2018_dRNAseq_TSS_count_sum_2TSS
M744_RS13815	2894.750000	Tan2018_dRNAseq_TSS_count_sum_1TSS
M744_RS13825	129.375000	Tan2018_dRNAseq_TSS_count_sum_1TSS
M744_RS13845	174.375000	Tan2018_dRNAseq_TSS_count_sum_1TSS
M744_RS13860	5966.375000	Tan2018_dRNAseq_TSS_count_sum_4TSS
