protein_accession	rel606_legacy_locus_tag
YP_003043230.1	ECB_00001
YP_003043231.1	ECB_00002
YP_003043232.1	ECB_00003
YP_003043233.1	ECB_00004
YP_003043234.1	ECB_00005
YP_003043235.1	ECB_00006
YP_003043236.1	ECB_00007
YP_003043237.1	ECB_00008
YP_003043238.1	ECB_00009
YP_003043239.1	ECB_00010
YP_003043242.1	ECB_00013
YP_003043243.1	ECB_00014
YP_003043244.1	ECB_00015
YP_003043245.1	ECB_00016
YP_003043246.1	ECB_00017
YP_003043248.1	ECB_00018
YP_003043249.1	ECB_00019
YP_003043250.1	ECB_00020
YP_003043251.1	ECB_00021
YP_003043252.1	ECB_00022
YP_003043253.1	ECB_00023
YP_003043254.1	ECB_00024
YP_003043255.1	ECB_00025
YP_003043256.1	ECB_00026
YP_003043257.1	ECB_00027
YP_003043258.1	ECB_00028
YP_003043259.1	ECB_00029
YP_003043260.1	ECB_00030
YP_003043261.1	ECB_00031
YP_003043262.1	ECB_00032
YP_003043263.1	ECB_00033
YP_003043264.1	ECB_00034
YP_003043265.1	ECB_00035
YP_003043266.1	ECB_00036
YP_003043267.1	ECB_00037
YP_003043268.1	ECB_00038
YP_003043269.1	ECB_00039
YP_003043270.1	ECB_00040
YP_003043271.1	ECB_00041
YP_003043272.1	ECB_00043
YP_003043273.1	ECB_00044
YP_003043274.1	ECB_00045
YP_003043275.1	ECB_00046
YP_003043276.1	ECB_00047
YP_003043277.1	ECB_00048
YP_003043278.1	ECB_00049
YP_003043279.1	ECB_00050
YP_003043280.1	ECB_00051
YP_003043281.1	ECB_00052
YP_003043282.1	ECB_00053
YP_003043283.1	ECB_00054
YP_003043284.1	ECB_00055
YP_003043285.1	ECB_00056
YP_003043286.1	ECB_00057
YP_003043287.1	ECB_00058
YP_003043288.1	ECB_00059
YP_003043289.1	ECB_00060
YP_003043290.1	ECB_00061
YP_003043291.1	ECB_00062
YP_003043292.1	ECB_00063
YP_003043293.1	ECB_00064
YP_003043294.1	ECB_00065
YP_003043295.1	ECB_00066
YP_003043296.1	ECB_00067
YP_003043297.1	ECB_00068
YP_003043298.1	ECB_00069
YP_003043299.1	ECB_00070
YP_003043300.1	ECB_00071
YP_003043301.1	ECB_00072
YP_003043302.1	ECB_00073
YP_003043303.1	ECB_00074
YP_003043304.1	ECB_00075
YP_003043305.1	ECB_00076
YP_003043306.1	ECB_00077
YP_003043307.1	ECB_00078
YP_003043308.1	ECB_00079
YP_003043309.1	ECB_00080
YP_003043310.1	ECB_00081
YP_003043311.1	ECB_00082
YP_003043312.1	ECB_00083
YP_003043313.1	ECB_00084
YP_003043314.1	ECB_00085
YP_003043315.1	ECB_00086
YP_003043316.1	ECB_00087
YP_003043317.1	ECB_00088
YP_003043318.1	ECB_00089
YP_003043319.1	ECB_00090
YP_003043320.1	ECB_00091
YP_003043321.1	ECB_00092
YP_003043322.1	ECB_00093
YP_003043323.1	ECB_00094
YP_003043324.1	ECB_00095
YP_003043325.1	ECB_00096
YP_003043326.1	ECB_00097
YP_003043327.1	ECB_00098
YP_003043328.1	ECB_00099
YP_003043329.1	ECB_00100
YP_003043330.1	ECB_00101
YP_003043331.1	ECB_00102
YP_003043332.1	ECB_00103
YP_003043333.1	ECB_00104
YP_003043334.1	ECB_00105
YP_003043335.1	ECB_00106
YP_003043336.1	ECB_00107
YP_003043337.1	ECB_00108
YP_003043338.1	ECB_00109
YP_003043339.1	ECB_00110
YP_003043340.1	ECB_00111
YP_003043341.1	ECB_00112
YP_003043342.1	ECB_00113
YP_003043343.1	ECB_00114
YP_003043344.1	ECB_00115
YP_003043345.1	ECB_00116
YP_003043346.1	ECB_00117
YP_003043347.1	ECB_00118
YP_003043348.1	ECB_00119
YP_003043349.1	ECB_00120
YP_003043350.1	ECB_00121
YP_003043351.1	ECB_00122
YP_003043352.1	ECB_00123
YP_003043353.1	ECB_00124
YP_003043354.1	ECB_00125
YP_003043355.1	ECB_00126
YP_003043356.1	ECB_00127
YP_003043357.1	ECB_00128
YP_003043358.1	ECB_00129
YP_003043359.1	ECB_00130
YP_003043360.1	ECB_00131
YP_003043361.1	ECB_00132
YP_003043362.1	ECB_00133
YP_003043363.1	ECB_00134
YP_003043364.1	ECB_00135
YP_003043365.1	ECB_00136
YP_003043366.1	ECB_00137
YP_003043367.1	ECB_00138
YP_003043368.1	ECB_00139
YP_003043369.1	ECB_00140
YP_003043370.1	ECB_00141
YP_003043371.1	ECB_00142
YP_003043372.1	ECB_00143
YP_003043373.1	ECB_00144
YP_003043374.1	ECB_00145
YP_003043375.1	ECB_00146
YP_003043376.1	ECB_00147
YP_003043377.1	ECB_00148
YP_003043378.1	ECB_00149
YP_003043379.1	ECB_00150
YP_003043380.1	ECB_00151
YP_003043381.1	ECB_00152
YP_003043382.1	ECB_00153
YP_003043383.1	ECB_00154
YP_003043384.1	ECB_00155
YP_003043385.1	ECB_00156
YP_003043386.1	ECB_00157
YP_003043387.1	ECB_00158
YP_003043388.1	ECB_00159
YP_003043389.1	ECB_00160
YP_003043390.1	ECB_00161
YP_003043391.1	ECB_00162
YP_003043392.1	ECB_00163
YP_003043393.1	ECB_00164
YP_003043394.1	ECB_00165
YP_003043395.1	ECB_00166
YP_003043396.1	ECB_00167
YP_003043397.1	ECB_00168
YP_003043398.1	ECB_00169
YP_003043399.1	ECB_00170
YP_003043400.1	ECB_00171
YP_003043401.1	ECB_00172
YP_003043402.1	ECB_00173
YP_003043403.1	ECB_00174
YP_003043404.1	ECB_00175
YP_003043405.1	ECB_00176
YP_003043406.1	ECB_00177
YP_003043407.1	ECB_00178
YP_003043408.1	ECB_00179
YP_003043409.1	ECB_00180
YP_003043410.1	ECB_00181
YP_003043411.1	ECB_00182
YP_003043412.1	ECB_00183
YP_003043413.1	ECB_00184
YP_003043414.1	ECB_00185
YP_003043415.1	ECB_00186
YP_003043416.1	ECB_00187
YP_003043417.1	ECB_00188
YP_003043418.1	ECB_00189
YP_003043419.1	ECB_00190
YP_003043420.1	ECB_00191
YP_003043421.1	ECB_00192
YP_003043422.1	ECB_00193
YP_003043423.1	ECB_00194
YP_003043424.1	ECB_00195
YP_003043425.1	ECB_00196
YP_003043426.1	ECB_00197
YP_003043427.1	ECB_00198
YP_003043428.1	ECB_00199
YP_003043429.1	ECB_00200
YP_003043430.1	ECB_00201
YP_003043431.1	ECB_00202
YP_003043432.1	ECB_00203
YP_003043433.1	ECB_00204
YP_003043434.1	ECB_00205
YP_003043435.1	ECB_00206
YP_003043436.1	ECB_00207
YP_003043437.1	ECB_00208
YP_003043438.1	ECB_00209
YP_003043439.1	ECB_00210
YP_003043440.1	ECB_00211
YP_003043441.1	ECB_00212
YP_003043442.1	ECB_00213
YP_003043443.1	ECB_00214
YP_003043444.1	ECB_00215
YP_003043445.1	ECB_00216
YP_003043446.1	ECB_00217
YP_003043447.1	ECB_00218
YP_003043448.1	ECB_00219
YP_003043449.1	ECB_00220
YP_003043450.1	ECB_00221
YP_003043451.1	ECB_00222
YP_003043452.1	ECB_00223
YP_003043453.1	ECB_00226
YP_003043454.1	ECB_00227
YP_003043455.1	ECB_00228
YP_003043456.1	ECB_00229
YP_003043457.1	ECB_00230
YP_003043458.1	ECB_00231
YP_003043459.1	ECB_00232
YP_003043460.1	ECB_00233
YP_003043461.1	ECB_00234
YP_003043462.1	ECB_00235
YP_003043463.1	ECB_00236
YP_003043464.1	ECB_00237
YP_003043465.1	ECB_00238
YP_003043466.1	ECB_00239
YP_003043467.1	ECB_00240
YP_003043468.1	ECB_00241
YP_003043469.1	ECB_00242
YP_003043470.1	ECB_00243
YP_003043471.1	ECB_00244
YP_003043472.1	ECB_00245
YP_003043473.1	ECB_00246
YP_003043474.1	ECB_00247
YP_003043475.1	ECB_00248
YP_003043476.1	ECB_00249
YP_003043477.1	ECB_00250
YP_003043478.1	ECB_00251
YP_003043479.1	ECB_00252
YP_003043480.1	ECB_00253
YP_003043481.1	ECB_00254
YP_003043482.1	ECB_00255
YP_003043483.1	ECB_00256
YP_003043484.1	ECB_00257
YP_003043485.1	ECB_00258
YP_003043486.1	ECB_00259
YP_003043487.1	ECB_00260
YP_003043488.1	ECB_00261
YP_003043489.1	ECB_00262
YP_003043490.1	ECB_00263
YP_003043491.1	ECB_00264
YP_003043492.1	ECB_00265
YP_003043493.1	ECB_00266
YP_003043494.1	ECB_00267
YP_003043495.1	ECB_00268
YP_003043496.1	ECB_00269
YP_003043497.1	ECB_00270
YP_003043498.1	ECB_00271
YP_003043499.1	ECB_00272
YP_003043500.1	ECB_00273
YP_003043501.1	ECB_00274
YP_003043502.1	ECB_00275
YP_003043503.1	ECB_00276
YP_003043504.1	ECB_00277
YP_003043505.1	ECB_00278
YP_003043506.1	ECB_00279
YP_003043507.1	ECB_00280
YP_003043508.1	ECB_00281
YP_003043509.1	ECB_00282
YP_003043510.1	ECB_00283
YP_003043511.1	ECB_00284
YP_003043512.1	ECB_00285
YP_003043513.1	ECB_00286
YP_003043514.1	ECB_00287
YP_003043515.1	ECB_00288
YP_003043516.1	ECB_00289
YP_003043517.1	ECB_00290
YP_003043518.1	ECB_00291
YP_003043519.1	ECB_00292
YP_003043520.1	ECB_00293
YP_003043521.1	ECB_00294
YP_003043522.1	ECB_00295
YP_003043523.1	ECB_00296
YP_003043524.1	ECB_00297
YP_003043525.1	ECB_00298
YP_003043526.1	ECB_00299
YP_003043527.1	ECB_00300
YP_003043528.1	ECB_00301
YP_003043529.1	ECB_00302
YP_003043530.1	ECB_00303
YP_003043531.1	ECB_00304
YP_003043532.1	ECB_00305
YP_003043533.1	ECB_00306
YP_003043534.1	ECB_00307
YP_003043535.1	ECB_00308
YP_003043536.1	ECB_00309
YP_003043537.1	ECB_00310
YP_003043538.1	ECB_00311
YP_003043539.1	ECB_00312
YP_003043540.1	ECB_00313
YP_003043541.1	ECB_00314
YP_003043542.1	ECB_00315
YP_003043543.1	ECB_00316
YP_003043544.1	ECB_00317
YP_003043545.1	ECB_00318
YP_003043546.1	ECB_00319
YP_003043547.1	ECB_00320
YP_003043548.1	ECB_00321
YP_003043549.1	ECB_00322
YP_003043550.1	ECB_00323
YP_003043551.1	ECB_00324
YP_003043552.1	ECB_00325
YP_003043553.1	ECB_00326
YP_003043554.1	ECB_00327
YP_003043555.1	ECB_00328
YP_003043556.1	ECB_00329
YP_003043557.1	ECB_00330
YP_003043558.1	ECB_00331
YP_003043559.1	ECB_00332
YP_003043560.1	ECB_00333
YP_003043561.1	ECB_00334
YP_003043562.1	ECB_00335
YP_003043563.1	ECB_00336
YP_003043564.1	ECB_00337
YP_003043565.1	ECB_00338
YP_003043566.1	ECB_00339
YP_003043567.1	ECB_00340
YP_003043568.1	ECB_00341
YP_003043569.1	ECB_00342
YP_003043570.1	ECB_00343
YP_003043571.1	ECB_00344
YP_003043572.1	ECB_00345
YP_003043573.1	ECB_00346
YP_003043574.1	ECB_00347
YP_003043575.1	ECB_00348
YP_003043576.1	ECB_00349
YP_003043577.1	ECB_00350
YP_003043578.1	ECB_00351
YP_003043579.1	ECB_00353
YP_003043580.1	ECB_00354
YP_003043581.1	ECB_00355
YP_003043582.1	ECB_00356
YP_003043583.1	ECB_00357
YP_003043584.1	ECB_00358
YP_003043585.1	ECB_00359
YP_003043586.1	ECB_00360
YP_003043587.1	ECB_00361
YP_003043588.1	ECB_00362
YP_003043589.1	ECB_00363
YP_003043590.1	ECB_00364
YP_003043591.1	ECB_00365
YP_003043592.1	ECB_00366
YP_003043593.1	ECB_00367
YP_003043594.1	ECB_00368
YP_003043595.1	ECB_00369
YP_003043596.1	ECB_00370
YP_003043597.1	ECB_00371
YP_003043598.1	ECB_00372
YP_003043599.1	ECB_00373
YP_003043600.1	ECB_00374
YP_003043601.1	ECB_00375
YP_003043602.1	ECB_00376
YP_003043603.1	ECB_00377
YP_003043604.1	ECB_00378
YP_003043605.1	ECB_00379
YP_003043606.1	ECB_00380
YP_003043607.1	ECB_00381
YP_003043608.1	ECB_00382
YP_003043609.1	ECB_00383
YP_003043610.1	ECB_00384
YP_003043611.1	ECB_00385
YP_003043612.1	ECB_00386
YP_003043613.1	ECB_00387
YP_003043614.1	ECB_00388
YP_003043615.1	ECB_00389
YP_003043616.1	ECB_00390
YP_003043617.1	ECB_00391
YP_003043618.1	ECB_00392
YP_003043619.1	ECB_00393
YP_003043620.1	ECB_00394
YP_003043621.1	ECB_00395
YP_003043622.1	ECB_00396
YP_003043623.1	ECB_00397
YP_003043624.1	ECB_00398
YP_003043625.1	ECB_00399
YP_003043626.1	ECB_00400
YP_003043627.1	ECB_00401
YP_003043628.1	ECB_00402
YP_003043629.1	ECB_00403
YP_003043630.1	ECB_00404
YP_003043631.1	ECB_00405
YP_003043632.1	ECB_00406
YP_003043633.1	ECB_00407
YP_003043634.1	ECB_00408
YP_003043635.1	ECB_00409
YP_003043636.1	ECB_00410
YP_003043637.1	ECB_00411
YP_003043638.1	ECB_00412
YP_003043639.1	ECB_00413
YP_003043640.1	ECB_00414
YP_003043641.1	ECB_00415
YP_003043642.1	ECB_00416
YP_003043643.1	ECB_00417
YP_003043644.1	ECB_00418
YP_003043645.1	ECB_00419
YP_003043646.1	ECB_00420
YP_003043647.1	ECB_00421
YP_003043648.1	ECB_00422
YP_003043649.1	ECB_00423
YP_003043650.1	ECB_00424
YP_003043651.1	ECB_00425
YP_003043652.1	ECB_00426
YP_003043653.1	ECB_00427
YP_003043654.1	ECB_00428
YP_003043655.1	ECB_00429
YP_003043656.1	ECB_00430
YP_003043657.1	ECB_00431
YP_003043658.1	ECB_00432
YP_003043659.1	ECB_00433
YP_003043660.1	ECB_00434
YP_003043661.1	ECB_00435
YP_003043662.1	ECB_00436
YP_003043663.1	ECB_00437
YP_003043664.1	ECB_00438
YP_003043665.1	ECB_00439
YP_003043666.1	ECB_00440
YP_003043667.1	ECB_00441
YP_003043668.1	ECB_00442
YP_003043669.1	ECB_00443
YP_003043670.1	ECB_00444
YP_003043671.1	ECB_00445
YP_003043672.1	ECB_00446
YP_003043673.1	ECB_00447
YP_003043674.1	ECB_00448
YP_003043675.1	ECB_00449
YP_003043676.1	ECB_00450
YP_003043677.1	ECB_00451
YP_003043678.1	ECB_00452
YP_003043679.1	ECB_00453
YP_003043680.1	ECB_00454
YP_003043681.1	ECB_00455
YP_003043682.1	ECB_00456
YP_003043683.1	ECB_00457
YP_003043684.1	ECB_00458
YP_003043685.1	ECB_00459
YP_003043686.1	ECB_00460
YP_003043687.1	ECB_00461
YP_003043688.1	ECB_00462
YP_003043689.1	ECB_00463
YP_003043690.1	ECB_00464
YP_003043691.1	ECB_00465
YP_003043692.1	ECB_00466
YP_003043693.1	ECB_00467
YP_003043694.1	ECB_00468
YP_003043695.1	ECB_00469
YP_003043696.1	ECB_00470
YP_003043697.1	ECB_00471
YP_003043698.1	ECB_00472
YP_003043699.1	ECB_00473
YP_003043700.1	ECB_00474
YP_003043701.1	ECB_00475
YP_003043702.1	ECB_00476
YP_003043703.1	ECB_00477
YP_003043704.1	ECB_00478
YP_003043705.1	ECB_00479
YP_003043706.1	ECB_00480
YP_003043707.1	ECB_00481
YP_003043708.1	ECB_00482
YP_003043709.1	ECB_00483
YP_003043710.1	ECB_00484
YP_003043711.1	ECB_00485
YP_003043712.1	ECB_00486
YP_003043713.1	ECB_00487
YP_003043714.1	ECB_00488
YP_003043715.1	ECB_00489
YP_003043716.1	ECB_00490
YP_003043717.1	ECB_00492
YP_003043718.1	ECB_00493
YP_003043719.1	ECB_00494
YP_003043720.1	ECB_00495
YP_003043721.1	ECB_00496
YP_003043722.1	ECB_00497
YP_003043723.1	ECB_00498
YP_003043724.1	ECB_00499
YP_003043725.1	ECB_00500
YP_003043726.1	ECB_00501
YP_003043727.1	ECB_00502
YP_003043728.1	ECB_00504
YP_003043729.1	ECB_00505
YP_003043730.1	ECB_00506
YP_003043731.1	ECB_00507
YP_003043732.1	ECB_00508
YP_003043733.1	ECB_00509
YP_003043734.1	ECB_00510
YP_003043735.1	ECB_00511
YP_003043736.1	ECB_00512
YP_003043737.1	ECB_00513
YP_003043738.1	ECB_00514
YP_003043739.1	ECB_00515
YP_003043740.1	ECB_00516
YP_003043741.1	ECB_00517
YP_003043742.1	ECB_00518
YP_003043743.1	ECB_00519
YP_003043744.1	ECB_00520
YP_003043745.1	ECB_00521
YP_003043746.1	ECB_00522
YP_003043747.1	ECB_00524
YP_003043748.1	ECB_00525
YP_003043749.1	ECB_00526
YP_003043750.1	ECB_00527
YP_003043751.1	ECB_00528
YP_003043752.1	ECB_00529
YP_003043753.1	ECB_00530
YP_003043754.1	ECB_00531
YP_003043755.1	ECB_00532
YP_003043756.1	ECB_00533
YP_003043757.1	ECB_00534
YP_003043758.1	ECB_00535
YP_003043759.1	ECB_00536
YP_003043760.1	ECB_00537
YP_003043761.1	ECB_00538
YP_003043762.1	ECB_00539
YP_003043763.1	ECB_00540
YP_003043764.1	ECB_00541
YP_003043765.1	ECB_00542
YP_003043766.1	ECB_00543
YP_003043767.1	ECB_00545
YP_003043768.1	ECB_00546
YP_003043769.1	ECB_00547
YP_003043770.1	ECB_00548
YP_003043771.1	ECB_00549
YP_003043772.1	ECB_00550
YP_003043773.1	ECB_00551
YP_003043774.1	ECB_00552
YP_003043775.1	ECB_00553
YP_003043776.1	ECB_00554
YP_003043777.1	ECB_00555
YP_003043778.1	ECB_00556
YP_003043779.1	ECB_00557
YP_003043780.1	ECB_00558
YP_003043781.1	ECB_00559
YP_003043782.1	ECB_00560
YP_003043783.1	ECB_00561
YP_003043784.1	ECB_00562
YP_003043785.1	ECB_00563
YP_003043786.1	ECB_00564
YP_003043787.1	ECB_00566
YP_003043788.1	ECB_00567
YP_003043789.1	ECB_00568
YP_003043790.1	ECB_00569
YP_003043791.1	ECB_00570
YP_003043792.1	ECB_00571
YP_003043793.1	ECB_00572
YP_003043794.1	ECB_00573
YP_003043795.1	ECB_00574
YP_003043796.1	ECB_00575
YP_003043797.1	ECB_00576
YP_003043798.1	ECB_00577
YP_003043799.1	ECB_00578
YP_003043800.1	ECB_00579
YP_003043801.1	ECB_00580
YP_003043802.1	ECB_00581
YP_003043803.1	ECB_00582
YP_003043804.1	ECB_00583
YP_003043805.1	ECB_00584
YP_003043806.1	ECB_00585
YP_003043807.1	ECB_00586
YP_003043808.1	ECB_00587
YP_003043809.1	ECB_00588
YP_003043810.1	ECB_00589
YP_003043811.1	ECB_00590
YP_003043812.1	ECB_00591
YP_003043813.1	ECB_00592
YP_003043814.1	ECB_00593
YP_003043815.1	ECB_00594
YP_003043816.1	ECB_00595
YP_003043817.1	ECB_00596
YP_003043818.1	ECB_00597
YP_003043819.1	ECB_00598
YP_003043820.1	ECB_00599
YP_003043821.1	ECB_00600
YP_003043822.1	ECB_00601
YP_003043823.1	ECB_00602
YP_003043824.1	ECB_00603
YP_003043825.1	ECB_00604
YP_003043826.1	ECB_00605
YP_003043827.1	ECB_00606
YP_003043828.1	ECB_00607
YP_003043829.1	ECB_00608
YP_003043830.1	ECB_00609
YP_003043831.1	ECB_00610
YP_003043832.1	ECB_00611
YP_003043833.1	ECB_00612
YP_003043834.1	ECB_00614
YP_003043835.1	ECB_00615
YP_003043836.1	ECB_00616
YP_003043837.1	ECB_00617
YP_003043838.1	ECB_00619
YP_003043839.1	ECB_00620
YP_003043840.1	ECB_00621
YP_003043841.1	ECB_00622
YP_003043842.1	ECB_00623
YP_003043843.1	ECB_00624
YP_003043844.1	ECB_00625
YP_003043845.1	ECB_00626
YP_003043846.1	ECB_00627
YP_003043847.1	ECB_00628
YP_003043848.1	ECB_00629
YP_003043849.1	ECB_00630
YP_003043850.1	ECB_00631
YP_003043851.1	ECB_00632
YP_003043852.1	ECB_00633
YP_003043853.1	ECB_00634
YP_003043854.1	ECB_00635
YP_003043855.1	ECB_00636
YP_003043856.1	ECB_00637
YP_003043857.1	ECB_00638
YP_003043858.1	ECB_00639
YP_003043859.1	ECB_00640
YP_003043860.1	ECB_00641
YP_003043861.1	ECB_00642
YP_003043862.1	ECB_00643
YP_003043863.1	ECB_00644
YP_003043864.1	ECB_00645
YP_003043865.1	ECB_00646
YP_003043866.1	ECB_00647
YP_003043867.1	ECB_00648
YP_003043868.1	ECB_00649
YP_003043869.1	ECB_00650
YP_003043870.1	ECB_00651
YP_003043871.1	ECB_00652
YP_003043872.1	ECB_00653
YP_003043873.1	ECB_00654
YP_003043874.1	ECB_00655
YP_003043875.1	ECB_00656
YP_003043876.1	ECB_00657
YP_003043877.1	ECB_00658
YP_003043878.1	ECB_00659
YP_003043879.1	ECB_00660
YP_003043880.1	ECB_00661
YP_003043881.1	ECB_00662
YP_003043882.1	ECB_00663
YP_003043883.1	ECB_00664
YP_003043884.1	ECB_00666
YP_003043885.1	ECB_00667
YP_003043886.1	ECB_00668
YP_003043887.1	ECB_00669
YP_003043888.1	ECB_00670
YP_003043889.1	ECB_00671
YP_003043890.1	ECB_00672
YP_003043891.1	ECB_00673
YP_003043892.1	ECB_00674
YP_003043893.1	ECB_00675
YP_003043894.1	ECB_00676
YP_003043895.1	ECB_00677
YP_003043896.1	ECB_00678
YP_003043897.1	ECB_00679
YP_003043898.1	ECB_00680
YP_003043899.1	ECB_00681
YP_003043900.1	ECB_00682
YP_003043901.1	ECB_00683
YP_003043902.1	ECB_00684
YP_003043903.1	ECB_00685
YP_003043904.1	ECB_00686
YP_003043905.1	ECB_00687
YP_003043906.1	ECB_00688
YP_003043907.1	ECB_00689
YP_003043908.1	ECB_00690
YP_003043909.1	ECB_00691
YP_003043910.1	ECB_00692
YP_003043911.1	ECB_00693
YP_003043912.1	ECB_00694
YP_003043913.1	ECB_00695
YP_003043914.1	ECB_00696
YP_003043915.1	ECB_00697
YP_003043916.1	ECB_00698
YP_003043917.1	ECB_00699
YP_003043918.1	ECB_00700
YP_003043919.1	ECB_00701
YP_003043920.1	ECB_00702
YP_003043921.1	ECB_00703
YP_003043922.1	ECB_00704
YP_003043923.1	ECB_00705
YP_003043924.1	ECB_00706
YP_003043925.1	ECB_00707
YP_003043926.1	ECB_00708
YP_003043927.1	ECB_00709
YP_003043928.1	ECB_00710
YP_003043929.1	ECB_00711
YP_003043930.1	ECB_00712
YP_003043931.1	ECB_00713
YP_003043932.1	ECB_00714
YP_003043933.1	ECB_00715
YP_003043934.1	ECB_00716
YP_003043935.1	ECB_00717
YP_003043936.1	ECB_00718
YP_003043937.1	ECB_00719
YP_003043938.1	ECB_00720
YP_003043939.1	ECB_00721
YP_003043940.1	ECB_00722
YP_003043941.1	ECB_00723
YP_003043942.1	ECB_00724
YP_003043943.1	ECB_00725
YP_003043944.1	ECB_00726
YP_003043945.1	ECB_00727
YP_003043946.1	ECB_00728
YP_003043947.1	ECB_00729
YP_003043948.1	ECB_00730
YP_003043949.1	ECB_00731
YP_003043950.1	ECB_00732
YP_003043951.1	ECB_00733
YP_003043952.1	ECB_00734
YP_003043953.1	ECB_00735
YP_003043954.1	ECB_00736
YP_003043955.1	ECB_00737
YP_003043956.1	ECB_00738
YP_003043957.1	ECB_00739
YP_003043958.1	ECB_00740
YP_003043959.1	ECB_00741
YP_003043960.1	ECB_00742
YP_003043961.1	ECB_00743
YP_003043962.1	ECB_00744
YP_003043963.1	ECB_00745
YP_003043964.1	ECB_00746
YP_003043965.1	ECB_00747
YP_003043966.1	ECB_00748
YP_003043967.1	ECB_00749
YP_003043968.1	ECB_00750
YP_003043969.1	ECB_00751
YP_003043970.1	ECB_00752
YP_003043971.1	ECB_00753
YP_003043972.1	ECB_00754
YP_003043973.1	ECB_00755
YP_003043974.1	ECB_00756
YP_003043975.1	ECB_00757
YP_003043976.1	ECB_00758
YP_003043977.1	ECB_00759
YP_003043978.1	ECB_00760
YP_003043979.1	ECB_00761
YP_003043980.1	ECB_00762
YP_003043981.1	ECB_00763
YP_003043982.1	ECB_00764
YP_003043983.1	ECB_00765
YP_003043984.1	ECB_00766
YP_003043985.1	ECB_00767
YP_003043986.1	ECB_00768
YP_003043987.1	ECB_00769
YP_003043988.1	ECB_00770
YP_003043989.1	ECB_00771
YP_003043990.1	ECB_00772
YP_003043991.1	ECB_00773
YP_003043992.1	ECB_00774
YP_003043993.1	ECB_00775
YP_003043994.1	ECB_00776
YP_003043995.1	ECB_00777
YP_003043996.1	ECB_00778
YP_003043997.1	ECB_00779
YP_003043998.1	ECB_00780
YP_003043999.1	ECB_00781
YP_003044000.1	ECB_00782
YP_003044001.1	ECB_00783
YP_003044002.1	ECB_00784
YP_003044003.1	ECB_00785
YP_003044004.1	ECB_00786
YP_003044005.1	ECB_00787
YP_003044006.1	ECB_00788
YP_003044007.1	ECB_00789
YP_003044008.1	ECB_00790
YP_003044009.1	ECB_00791
YP_003044010.1	ECB_00792
YP_003044011.1	ECB_00793
YP_003044012.1	ECB_00794
YP_003044013.1	ECB_00795
YP_003044014.1	ECB_00796
YP_003044015.1	ECB_00797
YP_003044016.1	ECB_00798
YP_003044017.1	ECB_00799
YP_003044018.1	ECB_00800
YP_003044019.1	ECB_00801
YP_003044020.1	ECB_00802
YP_003044021.1	ECB_00803
YP_003044022.1	ECB_00804
YP_003044023.1	ECB_00805
YP_003044024.1	ECB_00806
YP_003044025.1	ECB_00807
YP_003044026.1	ECB_00808
YP_003044027.1	ECB_00809
YP_003044028.1	ECB_00810
YP_003044029.1	ECB_00811
YP_003044030.1	ECB_00812
YP_003044031.1	ECB_00813
YP_003044032.1	ECB_00814
YP_003044033.1	ECB_00815
YP_003044034.1	ECB_00816
YP_003044035.1	ECB_00817
YP_003044036.1	ECB_00818
YP_003044037.1	ECB_00819
YP_003044038.1	ECB_00820
YP_003044039.1	ECB_00821
YP_003044040.1	ECB_00822
YP_003044041.1	ECB_00823
YP_003044042.1	ECB_00824
YP_003044043.1	ECB_00825
YP_003044044.1	ECB_00826
YP_003044045.1	ECB_00827
YP_003044046.1	ECB_00828
YP_003044047.1	ECB_00829
YP_003044048.1	ECB_00830
YP_003044049.1	ECB_00831
YP_003044050.1	ECB_00832
YP_003044051.1	ECB_00833
YP_003044052.1	ECB_00834
YP_003044053.1	ECB_00835
YP_003044054.1	ECB_00836
YP_003044055.1	ECB_00837
YP_003044056.1	ECB_00838
YP_003044057.1	ECB_00839
YP_003044058.1	ECB_00840
YP_003044059.1	ECB_00841
YP_003044060.1	ECB_00842
YP_003044061.1	ECB_00843
YP_003044062.1	ECB_00844
YP_003044063.1	ECB_00845
YP_003044064.1	ECB_00846
YP_003044065.1	ECB_00847
YP_003044066.1	ECB_00848
YP_003044067.1	ECB_00849
YP_003044068.1	ECB_00850
YP_003044069.1	ECB_00851
YP_003044070.1	ECB_00852
YP_003044071.1	ECB_00853
YP_003044072.1	ECB_00854
YP_003044073.1	ECB_00855
YP_003044074.1	ECB_00856
YP_003044075.1	ECB_00857
YP_003044076.1	ECB_00858
YP_003044077.1	ECB_00859
YP_003044078.1	ECB_00860
YP_003044079.1	ECB_00861
YP_003044080.1	ECB_00862
YP_003044081.1	ECB_00863
YP_003044082.1	ECB_00864
YP_003044083.1	ECB_00865
YP_003044084.1	ECB_00866
YP_003044085.1	ECB_00867
YP_003044086.1	ECB_00868
YP_003044087.1	ECB_00869
YP_003044088.1	ECB_00870
YP_003044089.1	ECB_00871
YP_003044090.1	ECB_00872
YP_003044091.1	ECB_00873
YP_003044092.1	ECB_00874
YP_003044093.1	ECB_00875
YP_003044094.1	ECB_00876
YP_003044095.1	ECB_00877
YP_003044096.1	ECB_00878
YP_003044097.1	ECB_00879
YP_003044098.1	ECB_00880
YP_003044099.1	ECB_00881
YP_003044100.1	ECB_00882
YP_003044101.1	ECB_00883
YP_003044102.1	ECB_00884
YP_003044103.1	ECB_00885
YP_003044104.1	ECB_00886
YP_003044105.1	ECB_00887
YP_003044106.1	ECB_00888
YP_003044107.1	ECB_00889
YP_003044108.1	ECB_00890
YP_003044109.1	ECB_00891
YP_003044110.1	ECB_00892
YP_003044111.1	ECB_00893
YP_003044112.1	ECB_00894
YP_003044113.1	ECB_00895
YP_003044114.1	ECB_00896
YP_003044115.1	ECB_00897
YP_003044116.1	ECB_00898
YP_003044117.1	ECB_00899
YP_003044118.1	ECB_00900
YP_003044119.1	ECB_00901
YP_003044120.1	ECB_00902
YP_003044121.1	ECB_00903
YP_003044122.1	ECB_00904
YP_003044123.1	ECB_00905
YP_003044124.1	ECB_00906
YP_003044125.1	ECB_00907
YP_003044126.1	ECB_00908
YP_003044127.1	ECB_00909
YP_003044128.1	ECB_00910
YP_003044129.1	ECB_00911
YP_003044130.1	ECB_00912
YP_003044131.1	ECB_00913
YP_003044132.1	ECB_00914
YP_003044133.1	ECB_00915
YP_003044134.1	ECB_00916
YP_003044135.1	ECB_00917
YP_003044136.1	ECB_00918
YP_003044137.1	ECB_00919
YP_003044138.1	ECB_00920
YP_003044139.1	ECB_00921
YP_003044140.1	ECB_00922
YP_003044141.1	ECB_00923
YP_003044142.1	ECB_00924
YP_003044143.1	ECB_00925
YP_003044144.1	ECB_00926
YP_003044145.1	ECB_00927
YP_003044146.1	ECB_00928
YP_003044147.1	ECB_00929
YP_003044148.1	ECB_00930
YP_003044149.1	ECB_00931
YP_003044150.1	ECB_00932
YP_003044151.1	ECB_00933
YP_003044152.1	ECB_00934
YP_003044153.1	ECB_00935
YP_003044154.1	ECB_00936
YP_003044155.1	ECB_00937
YP_003044156.1	ECB_00938
YP_003044157.1	ECB_00939
YP_003044158.1	ECB_00940
YP_003044159.1	ECB_00941
YP_003044160.1	ECB_00942
YP_003044161.1	ECB_00943
YP_003044162.1	ECB_00944
YP_003044163.1	ECB_00945
YP_003044164.1	ECB_00946
YP_003044165.1	ECB_00947
YP_003044166.1	ECB_00948
YP_003044167.1	ECB_00949
YP_003044168.1	ECB_00950
YP_003044169.1	ECB_00951
YP_003044170.1	ECB_00952
YP_003044171.1	ECB_00953
YP_003044172.1	ECB_00954
YP_003044173.1	ECB_00955
YP_003044174.1	ECB_00956
YP_003044175.1	ECB_00957
YP_003044176.1	ECB_00958
YP_003044177.1	ECB_00959
YP_003044178.1	ECB_00960
YP_003044179.1	ECB_00961
YP_003044180.1	ECB_00962
YP_003044181.1	ECB_00963
YP_003044182.1	ECB_00964
YP_003044183.1	ECB_00965
YP_003044184.1	ECB_00966
YP_003044185.1	ECB_00967
YP_003044186.1	ECB_00968
YP_003044187.1	ECB_00969
YP_003044188.1	ECB_00970
YP_003044189.1	ECB_00971
YP_003044190.1	ECB_00972
YP_003044191.1	ECB_00973
YP_003044192.1	ECB_00974
YP_003044193.1	ECB_00975
YP_003044194.1	ECB_00976
YP_003044195.1	ECB_00977
YP_003044196.1	ECB_00978
YP_003044197.1	ECB_00979
YP_003044198.1	ECB_00980
YP_003044199.1	ECB_00981
YP_003044200.1	ECB_00982
YP_003044201.1	ECB_00983
YP_003044202.1	ECB_00984
YP_003044203.1	ECB_00985
YP_003044204.1	ECB_00986
YP_003044205.1	ECB_00987
YP_003044206.1	ECB_00988
YP_003044207.1	ECB_00989
YP_003044209.1	ECB_00991
YP_003044210.1	ECB_00992
YP_003044211.1	ECB_00993
YP_003044212.1	ECB_00994
YP_003044213.1	ECB_00995
YP_003044214.1	ECB_00996
YP_003044215.1	ECB_00997
YP_003044216.1	ECB_00998
YP_003044217.1	ECB_00999
YP_003044218.1	ECB_01000
YP_003044219.1	ECB_01001
YP_003044220.1	ECB_01002
YP_003044221.1	ECB_01003
YP_003044222.1	ECB_01004
YP_003044223.1	ECB_01005
YP_003044224.1	ECB_01006
YP_003044225.1	ECB_01007
YP_003044226.1	ECB_01008
YP_003044227.1	ECB_01009
YP_003044228.1	ECB_01010
YP_003044229.1	ECB_01011
YP_003044230.1	ECB_01012
YP_003044231.1	ECB_01013
YP_003044232.1	ECB_01014
YP_003044233.1	ECB_01015
YP_003044234.1	ECB_01016
YP_003044235.1	ECB_01017
YP_003044236.1	ECB_01018
YP_003044237.1	ECB_01019
YP_003044238.1	ECB_01020
YP_003044239.1	ECB_01021
YP_003044240.1	ECB_01022
YP_003044241.1	ECB_01023
YP_003044242.1	ECB_01024
YP_003044243.1	ECB_01025
YP_003044244.1	ECB_01026
YP_003044245.1	ECB_01027
YP_003044246.1	ECB_01028
YP_003044247.1	ECB_01029
YP_003044248.1	ECB_01030
YP_003044249.1	ECB_01031
YP_003044250.1	ECB_01032
YP_003044251.1	ECB_01033
YP_003044252.1	ECB_01034
YP_003044253.1	ECB_01035
YP_003044254.1	ECB_01036
YP_003044255.1	ECB_01037
YP_003044256.1	ECB_01038
YP_003044257.1	ECB_01039
YP_003044258.1	ECB_01040
YP_003044259.1	ECB_01041
YP_003044260.1	ECB_01042
YP_003044261.1	ECB_01043
YP_003044262.1	ECB_01044
YP_003044263.1	ECB_01045
YP_003044264.1	ECB_01046
YP_003044265.1	ECB_01047
YP_003044266.1	ECB_01048
YP_003044267.1	ECB_01049
YP_003044268.1	ECB_01050
YP_003044269.1	ECB_01051
YP_003044270.1	ECB_01052
YP_003044271.1	ECB_01053
YP_003044272.1	ECB_01054
YP_003044273.1	ECB_01055
YP_003044274.1	ECB_01056
YP_003044275.1	ECB_01057
YP_003044276.1	ECB_01058
YP_003044277.1	ECB_01059
YP_003044278.1	ECB_01060
YP_003044279.1	ECB_01061
YP_003044280.1	ECB_01062
YP_003044281.1	ECB_01063
YP_003044282.1	ECB_01064
YP_003044283.1	ECB_01065
YP_003044284.1	ECB_01066
YP_003044285.1	ECB_01067
YP_003044286.1	ECB_01068
YP_003044287.1	ECB_01069
YP_003044288.1	ECB_01070
YP_003044289.1	ECB_01071
YP_003044290.1	ECB_01072
YP_003044291.1	ECB_01073
YP_003044292.1	ECB_01074
YP_003044293.1	ECB_01075
YP_003044294.1	ECB_01076
YP_003044295.1	ECB_01077
YP_003044296.1	ECB_01078
YP_003044297.1	ECB_01079
YP_003044298.1	ECB_01080
YP_003044299.1	ECB_01081
YP_003044300.1	ECB_01082
YP_003044301.1	ECB_01083
YP_003044302.1	ECB_01084
YP_003044303.1	ECB_01085
YP_003044304.1	ECB_01086
YP_003044305.1	ECB_01087
YP_003044306.1	ECB_01088
YP_003044307.1	ECB_01089
YP_003044308.1	ECB_01090
YP_003044309.1	ECB_01091
YP_003044310.1	ECB_01092
YP_003044311.1	ECB_01093
YP_003044312.1	ECB_01094
YP_003044313.1	ECB_01095
YP_003044314.1	ECB_01096
YP_003044315.1	ECB_01097
YP_003044316.1	ECB_01098
YP_003044317.1	ECB_01099
YP_003044318.1	ECB_01100
YP_003044319.1	ECB_01101
YP_003044320.1	ECB_01102
YP_003044321.1	ECB_01103
YP_003044322.1	ECB_01104
YP_003044323.1	ECB_01105
YP_003044324.1	ECB_01106
YP_003044325.1	ECB_01107
YP_003044326.1	ECB_01108
YP_003044327.1	ECB_01109
YP_003044328.1	ECB_01110
YP_003044329.1	ECB_01111
YP_003044330.1	ECB_01112
YP_003044331.1	ECB_01113
YP_003044332.1	ECB_01114
YP_003044333.1	ECB_01116
YP_003044334.1	ECB_01117
YP_003044335.1	ECB_01118
YP_003044336.1	ECB_01119
YP_003044337.1	ECB_01120
YP_003044338.1	ECB_01121
YP_003044339.1	ECB_01122
YP_003044340.1	ECB_01123
YP_003044341.1	ECB_01124
YP_003044342.1	ECB_01125
YP_003044343.1	ECB_01126
YP_003044344.1	ECB_01127
YP_003044345.1	ECB_01128
YP_003044346.1	ECB_01129
YP_003044347.1	ECB_01130
YP_003044348.1	ECB_01131
YP_003044349.1	ECB_01132
YP_003044350.1	ECB_01133
YP_003044351.1	ECB_01134
YP_003044352.1	ECB_01135
YP_003044353.1	ECB_01136
YP_003044354.1	ECB_01137
YP_003044355.1	ECB_01138
YP_003044356.1	ECB_01139
YP_003044357.1	ECB_01140
YP_003044358.1	ECB_01141
YP_003044359.1	ECB_01142
YP_003044360.1	ECB_01143
YP_003044361.1	ECB_01144
YP_003044362.1	ECB_01146
YP_003044363.1	ECB_01147
YP_003044364.1	ECB_01148
YP_003044365.1	ECB_01149
YP_003044366.1	ECB_01150
YP_003044367.1	ECB_01151
YP_003044368.1	ECB_01152
YP_003044369.1	ECB_01153
YP_003044370.1	ECB_01154
YP_003044371.1	ECB_01155
YP_003044372.1	ECB_01156
YP_003044373.1	ECB_01158
YP_003044374.1	ECB_01159
YP_003044375.1	ECB_01160
YP_003044376.1	ECB_01161
YP_003044377.1	ECB_01162
YP_003044378.1	ECB_01163
YP_003044379.1	ECB_01164
YP_003044380.1	ECB_01165
YP_003044381.1	ECB_01166
YP_003044382.1	ECB_01167
YP_003044383.1	ECB_01168
YP_003044384.1	ECB_01169
YP_003044385.1	ECB_01170
YP_003044386.1	ECB_01171
YP_003044387.1	ECB_01172
YP_003044388.1	ECB_01173
YP_003044389.1	ECB_01174
YP_003044390.1	ECB_01175
YP_003044391.1	ECB_01176
YP_003044392.1	ECB_01177
YP_003044393.1	ECB_01178
YP_003044394.1	ECB_01179
YP_003044395.1	ECB_01180
YP_003044396.1	ECB_01181
YP_003044397.1	ECB_01182
YP_003044398.1	ECB_01183
YP_003044399.1	ECB_01184
YP_003044400.1	ECB_01185
YP_003044401.1	ECB_01186
YP_003044402.1	ECB_01187
YP_003044403.1	ECB_01188
YP_003044404.1	ECB_01189
YP_003044405.1	ECB_01190
YP_003044406.1	ECB_01191
YP_003044407.1	ECB_01192
YP_003044408.1	ECB_01193
YP_003044409.1	ECB_01194
YP_003044410.1	ECB_01195
YP_003044411.1	ECB_01196
YP_003044412.1	ECB_01197
YP_003044413.1	ECB_01198
YP_003044414.1	ECB_01199
YP_003044415.1	ECB_01200
YP_003044416.1	ECB_01201
YP_003044417.1	ECB_01202
YP_003044418.1	ECB_01203
YP_003044419.1	ECB_01204
YP_003044420.1	ECB_01205
YP_003044421.1	ECB_01208
YP_003044422.1	ECB_01209
YP_003044423.1	ECB_01210
YP_003044424.1	ECB_01211
YP_003044425.1	ECB_01212
YP_003044426.1	ECB_01213
YP_003044427.1	ECB_01214
YP_003044428.1	ECB_01215
YP_003044429.1	ECB_01216
YP_003044430.1	ECB_01217
YP_003044431.1	ECB_01218
YP_003044432.1	ECB_01219
YP_003044433.1	ECB_01220
YP_003044434.1	ECB_01221
YP_003044435.1	ECB_01222
YP_003044436.1	ECB_01223
YP_003044437.1	ECB_01224
YP_003044438.1	ECB_01225
YP_003044439.1	ECB_01226
YP_003044440.1	ECB_01227
YP_003044441.1	ECB_01228
YP_003044442.1	ECB_01229
YP_003044443.1	ECB_01230
YP_003044444.1	ECB_01231
YP_003044445.1	ECB_01232
YP_003044446.1	ECB_01233
YP_003044447.1	ECB_01234
YP_003044448.1	ECB_01235
YP_003044449.1	ECB_01236
YP_003044450.1	ECB_01237
YP_003044451.1	ECB_01238
YP_003044453.1	ECB_01240
YP_003044454.1	ECB_01241
YP_003044455.1	ECB_01243
YP_003044456.1	ECB_01244
YP_003044457.1	ECB_01245
YP_003044458.1	ECB_01246
YP_003044459.1	ECB_01247
YP_003044460.1	ECB_01248
YP_003044461.1	ECB_01249
YP_003044462.1	ECB_01250
YP_003044463.1	ECB_01251
YP_003044464.1	ECB_01253
YP_003044465.1	ECB_01254
YP_003044466.1	ECB_01255
YP_003044467.1	ECB_01256
YP_003044468.1	ECB_01257
YP_003044469.1	ECB_01258
YP_003044470.1	ECB_01259
YP_003044471.1	ECB_01260
YP_003044472.1	ECB_01261
YP_003044473.1	ECB_01262
YP_003044474.1	ECB_01263
YP_003044475.1	ECB_01264
YP_003044476.1	ECB_01265
YP_003044477.1	ECB_01266
YP_003044478.1	ECB_01267
YP_003044479.1	ECB_01268
YP_003044480.1	ECB_01269
YP_003044481.1	ECB_01270
YP_003044482.1	ECB_01271
YP_003044483.1	ECB_01272
YP_003044484.1	ECB_01273
YP_003044485.1	ECB_01274
YP_003044486.1	ECB_01275
YP_003044487.1	ECB_01276
YP_003044488.1	ECB_01277
YP_003044489.1	ECB_01278
YP_003044490.1	ECB_01279
YP_003044491.1	ECB_01280
YP_003044492.1	ECB_01281
YP_003044493.1	ECB_01282
YP_003044494.1	ECB_01283
YP_003044495.1	ECB_01284
YP_003044496.1	ECB_01285
YP_003044497.1	ECB_01286
YP_003044498.1	ECB_01287
YP_003044499.1	ECB_01288
YP_003044500.1	ECB_01289
YP_003044501.1	ECB_01290
YP_003044502.1	ECB_01291
YP_003044503.1	ECB_01292
YP_003044504.1	ECB_01293
YP_003044505.1	ECB_01294
YP_003044506.1	ECB_01295
YP_003044507.1	ECB_01296
YP_003044508.1	ECB_01297
YP_003044509.1	ECB_01298
YP_003044510.1	ECB_01299
YP_003044511.1	ECB_01300
YP_003044512.1	ECB_01301
YP_003044513.1	ECB_01302
YP_003044514.1	ECB_01303
YP_003044515.1	ECB_01305
YP_003044516.1	ECB_01306
YP_003044517.1	ECB_01307
YP_003044518.1	ECB_01308
YP_003044519.1	ECB_01309
YP_003044520.1	ECB_01310
YP_003044521.1	ECB_01311
YP_003044522.1	ECB_01312
YP_003044523.1	ECB_01313
YP_003044524.1	ECB_01314
YP_003044525.1	ECB_01315
YP_003044526.1	ECB_01316
YP_003044527.1	ECB_01317
YP_003044528.1	ECB_01318
YP_003044529.1	ECB_01319
YP_003044530.1	ECB_01320
YP_003044531.1	ECB_01321
YP_003044532.1	ECB_01322
YP_003044533.1	ECB_01323
YP_003044534.1	ECB_01324
YP_003044535.1	ECB_01325
YP_003044536.1	ECB_01326
YP_003044537.1	ECB_01327
YP_003044538.1	ECB_01328
YP_003044539.1	ECB_01329
YP_003044540.1	ECB_01330
YP_003044541.1	ECB_01331
YP_003044542.1	ECB_01332
YP_003044543.1	ECB_01333
YP_003044544.1	ECB_01334
YP_003044545.1	ECB_01335
YP_003044546.1	ECB_01336
YP_003044547.1	ECB_01337
YP_003044548.1	ECB_01338
YP_003044549.1	ECB_01339
YP_003044550.1	ECB_01340
YP_003044551.1	ECB_01341
YP_003044552.1	ECB_01342
YP_003044553.1	ECB_01343
YP_003044554.1	ECB_01344
YP_003044555.1	ECB_01345
YP_003044556.1	ECB_01346
YP_003044557.1	ECB_01347
YP_003044558.1	ECB_01348
YP_003044559.1	ECB_01349
YP_003044560.1	ECB_01350
YP_003044561.1	ECB_01351
YP_003044562.1	ECB_01352
YP_003044563.1	ECB_01353
YP_003044564.1	ECB_01354
YP_003044565.1	ECB_01355
YP_003044566.1	ECB_01356
YP_003044567.1	ECB_01357
YP_003044568.1	ECB_01358
YP_003044569.1	ECB_01359
YP_003044570.1	ECB_01360
YP_003044571.1	ECB_01361
YP_003044572.1	ECB_01362
YP_003044573.1	ECB_01363
YP_003044574.1	ECB_01364
YP_003044575.1	ECB_01365
YP_003044576.1	ECB_01366
YP_003044577.1	ECB_01367
YP_003044578.1	ECB_01368
YP_003044579.1	ECB_01369
YP_003044580.1	ECB_01370
YP_003044581.1	ECB_01371
YP_003044582.1	ECB_01372
YP_003044583.1	ECB_01373
YP_003044584.1	ECB_01374
YP_003044585.1	ECB_01375
YP_003044586.1	ECB_01376
YP_003044587.1	ECB_01377
YP_003044588.1	ECB_01378
YP_003044589.1	ECB_01379
YP_003044590.1	ECB_01380
YP_003044591.1	ECB_01381
YP_003044592.1	ECB_01382
YP_003044593.1	ECB_01383
YP_003044594.1	ECB_01384
YP_003044595.1	ECB_01385
YP_003044596.1	ECB_01386
YP_003044597.1	ECB_01387
YP_003044598.1	ECB_01388
YP_003044599.1	ECB_01390
YP_003044600.1	ECB_01391
YP_003044601.1	ECB_01392
YP_003044602.1	ECB_01393
YP_003044603.1	ECB_01394
YP_003044604.1	ECB_01395
YP_003044605.1	ECB_01396
YP_003044606.1	ECB_01397
YP_003044607.1	ECB_01398
YP_003044608.1	ECB_01399
YP_003044609.1	ECB_01400
YP_003044610.1	ECB_01401
YP_003044611.1	ECB_01402
YP_003044612.1	ECB_01403
YP_003044613.1	ECB_01404
YP_003044614.1	ECB_01405
YP_003044615.1	ECB_01406
YP_003044616.1	ECB_01407
YP_003044617.1	ECB_01408
YP_003044618.1	ECB_01409
YP_003044619.1	ECB_01410
YP_003044620.1	ECB_01411
YP_003044621.1	ECB_01412
YP_003044622.1	ECB_01413
YP_003044623.1	ECB_01414
YP_003044624.1	ECB_01415
YP_003044625.1	ECB_01416
YP_003044626.1	ECB_01417
YP_003044627.1	ECB_01418
YP_003044628.1	ECB_01419
YP_003044629.1	ECB_01420
YP_003044630.1	ECB_01421
YP_003044631.1	ECB_01423
YP_003044632.1	ECB_01424
YP_003044633.1	ECB_01425
YP_003044634.1	ECB_01426
YP_003044635.1	ECB_01427
YP_003044636.1	ECB_01428
YP_003044637.1	ECB_01429
YP_003044638.1	ECB_01430
YP_003044639.1	ECB_01431
YP_003044640.1	ECB_01432
YP_003044641.1	ECB_01433
YP_003044642.1	ECB_01434
YP_003044643.1	ECB_01435
YP_003044644.1	ECB_01436
YP_003044645.1	ECB_01437
YP_003044646.1	ECB_01438
YP_003044647.1	ECB_01439
YP_003044648.1	ECB_01440
YP_003044649.1	ECB_01441
YP_003044650.1	ECB_01442
YP_003044651.1	ECB_01443
YP_003044652.1	ECB_01444
YP_003044653.1	ECB_01445
YP_003044654.1	ECB_01446
YP_003044655.1	ECB_01447
YP_003044656.1	ECB_01448
YP_003044657.1	ECB_01449
YP_003044658.1	ECB_01450
YP_003044659.1	ECB_01451
YP_003044660.1	ECB_01452
YP_003044661.1	ECB_01453
YP_003044662.1	ECB_01454
YP_003044663.1	ECB_01455
YP_003044664.1	ECB_01456
YP_003044665.1	ECB_01457
YP_003044666.1	ECB_01458
YP_003044667.1	ECB_01459
YP_003044668.1	ECB_01460
YP_003044669.1	ECB_01461
YP_003044670.1	ECB_01462
YP_003044671.1	ECB_01463
YP_003044672.1	ECB_01468
YP_003044673.1	ECB_01469
YP_003044674.1	ECB_01470
YP_003044675.1	ECB_01472
YP_003044676.1	ECB_01473
YP_003044677.1	ECB_01474
YP_003044678.1	ECB_01475
YP_003044679.1	ECB_01476
YP_003044680.1	ECB_01477
YP_003044681.1	ECB_01478
YP_003044682.1	ECB_01479
YP_003044683.1	ECB_01480
YP_003044684.1	ECB_01481
YP_003044685.1	ECB_01482
YP_003044686.1	ECB_01483
YP_003044687.1	ECB_01484
YP_003044688.1	ECB_01485
YP_003044689.1	ECB_01486
YP_003044690.1	ECB_01487
YP_003044691.1	ECB_01488
YP_003044692.1	ECB_01489
YP_003044693.1	ECB_01490
YP_003044694.1	ECB_01491
YP_003044695.1	ECB_01492
YP_003044696.1	ECB_01493
YP_003044697.1	ECB_01494
YP_003044698.1	ECB_01495
YP_003044699.1	ECB_01496
YP_003044700.1	ECB_01497
YP_003044701.1	ECB_01498
YP_003044702.1	ECB_01499
YP_003044703.1	ECB_01500
YP_003044704.1	ECB_01501
YP_003044705.1	ECB_01502
YP_003044706.1	ECB_01503
YP_003044707.1	ECB_01504
YP_003044708.1	ECB_01505
YP_003044709.1	ECB_01506
YP_003044710.1	ECB_01507
YP_003044711.1	ECB_01508
YP_003044712.1	ECB_01509
YP_003044713.1	ECB_01510
YP_003044714.1	ECB_01511
YP_003044715.1	ECB_01512
YP_003044716.1	ECB_01513
YP_003044717.1	ECB_01514
YP_003044718.1	ECB_01515
YP_003044719.1	ECB_01516
YP_003044720.1	ECB_01517
YP_003044721.1	ECB_01518
YP_003044722.1	ECB_01519
YP_003044723.1	ECB_01520
YP_003044724.1	ECB_01521
YP_003044725.1	ECB_01522
YP_003044726.1	ECB_01523
YP_003044727.1	ECB_01524
YP_003044728.1	ECB_01525
YP_003044729.1	ECB_01527
YP_003044730.1	ECB_01528
YP_003044731.1	ECB_01529
YP_003044732.1	ECB_01530
YP_003044733.1	ECB_01531
YP_003044734.1	ECB_01532
YP_003044735.1	ECB_01533
YP_003044736.1	ECB_01534
YP_003044737.1	ECB_01535
YP_003044738.1	ECB_01536
YP_003044739.1	ECB_01537
YP_003044740.1	ECB_01538
YP_003044741.1	ECB_01539
YP_003044742.1	ECB_01540
YP_003044743.1	ECB_01541
YP_003044744.1	ECB_01542
YP_003044745.1	ECB_01543
YP_003044746.1	ECB_01544
YP_003044747.1	ECB_01545
YP_003044748.1	ECB_01546
YP_003044749.1	ECB_01549
YP_003044750.1	ECB_01550
YP_003044751.1	ECB_01551
YP_003044752.1	ECB_01552
YP_003044753.1	ECB_01553
YP_003044754.1	ECB_01554
YP_003044755.1	ECB_01555
YP_003044756.1	ECB_01556
YP_003044757.1	ECB_01557
YP_003044758.1	ECB_01558
YP_003044759.1	ECB_01559
YP_003044760.1	ECB_01560
YP_003044761.1	ECB_01561
YP_003044762.1	ECB_01562
YP_003044763.1	ECB_01563
YP_003044764.1	ECB_01564
YP_003044765.1	ECB_01565
YP_003044766.1	ECB_01566
YP_003044767.1	ECB_01567
YP_003044768.1	ECB_01568
YP_003044769.1	ECB_01569
YP_003044770.1	ECB_01570
YP_003044771.1	ECB_01571
YP_003044772.1	ECB_01572
YP_003044773.1	ECB_01573
YP_003044774.1	ECB_01574
YP_003044775.1	ECB_01575
YP_003044776.1	ECB_01576
YP_003044777.1	ECB_01577
YP_003044778.1	ECB_01578
YP_003044779.1	ECB_01579
YP_003044780.1	ECB_01580
YP_003044781.1	ECB_01581
YP_003044782.1	ECB_01582
YP_003044783.1	ECB_01583
YP_003044784.1	ECB_01584
YP_003044785.1	ECB_01585
YP_003044786.1	ECB_01586
YP_003044787.1	ECB_01587
YP_003044788.1	ECB_01588
YP_003044789.1	ECB_01589
YP_003044790.1	ECB_01590
YP_003044791.1	ECB_01591
YP_003044792.1	ECB_01592
YP_003044793.1	ECB_01593
YP_003044794.1	ECB_01594
YP_003044795.1	ECB_01595
YP_003044796.1	ECB_01596
YP_003044797.1	ECB_01597
YP_003044798.1	ECB_01598
YP_003044799.1	ECB_01599
YP_003044800.1	ECB_01600
YP_003044801.1	ECB_01601
YP_003044802.1	ECB_01602
YP_003044803.1	ECB_01603
YP_003044804.1	ECB_01604
YP_003044805.1	ECB_01605
YP_003044806.1	ECB_01606
YP_003044807.1	ECB_01607
YP_003044808.1	ECB_01608
YP_003044809.1	ECB_01609
YP_003044810.1	ECB_01610
YP_003044811.1	ECB_01611
YP_003044812.1	ECB_01612
YP_003044813.1	ECB_01613
YP_003044814.1	ECB_01614
YP_003044815.1	ECB_01615
YP_003044816.1	ECB_01616
YP_003044817.1	ECB_01617
YP_003044818.1	ECB_01618
YP_003044819.1	ECB_01619
YP_003044820.1	ECB_01620
YP_003044821.1	ECB_01621
YP_003044822.1	ECB_01622
YP_003044823.1	ECB_01623
YP_003044824.1	ECB_01624
YP_003044825.1	ECB_01625
YP_003044826.1	ECB_01626
YP_003044827.1	ECB_01627
YP_003044828.1	ECB_01628
YP_003044829.1	ECB_01629
YP_003044830.1	ECB_01630
YP_003044831.1	ECB_01631
YP_003044832.1	ECB_01632
YP_003044833.1	ECB_01633
YP_003044834.1	ECB_01634
YP_003044835.1	ECB_01635
YP_003044836.1	ECB_01636
YP_003044837.1	ECB_01637
YP_003044838.1	ECB_01638
YP_003044839.1	ECB_01639
YP_003044840.1	ECB_01640
YP_003044841.1	ECB_01641
YP_003044842.1	ECB_01642
YP_003044843.1	ECB_01643
YP_003044844.1	ECB_01644
YP_003044845.1	ECB_01645
YP_003044846.1	ECB_01646
YP_003044847.1	ECB_01647
YP_003044848.1	ECB_01648
YP_003044849.1	ECB_01649
YP_003044850.1	ECB_01650
YP_003044851.1	ECB_01651
YP_003044852.1	ECB_01652
YP_003044853.1	ECB_01653
YP_003044854.1	ECB_01654
YP_003044855.1	ECB_01655
YP_003044856.1	ECB_01656
YP_003044857.1	ECB_01657
YP_003044858.1	ECB_01658
YP_003044859.1	ECB_01660
YP_003044860.1	ECB_01661
YP_003044861.1	ECB_01662
YP_003044862.1	ECB_01663
YP_003044863.1	ECB_01664
YP_003044864.1	ECB_01665
YP_003044865.1	ECB_01666
YP_003044866.1	ECB_01667
YP_003044867.1	ECB_01668
YP_003044868.1	ECB_01669
YP_003044869.1	ECB_01670
YP_003044870.1	ECB_01671
YP_003044871.1	ECB_01672
YP_003044872.1	ECB_01673
YP_003044873.1	ECB_01674
YP_003044874.1	ECB_01675
YP_003044875.1	ECB_01676
YP_003044876.1	ECB_01677
YP_003044877.1	ECB_01678
YP_003044878.1	ECB_01679
YP_003044879.1	ECB_01680
YP_003044880.1	ECB_01681
YP_003044881.1	ECB_01682
YP_003044882.1	ECB_01683
YP_003044884.1	ECB_01685
YP_003044885.1	ECB_01686
YP_003044886.1	ECB_01687
YP_003044887.1	ECB_01688
YP_003044888.1	ECB_01690
YP_003044889.1	ECB_01691
YP_003044890.1	ECB_01692
YP_003044891.1	ECB_01693
YP_003044892.1	ECB_01694
YP_003044893.1	ECB_01695
YP_003044894.1	ECB_01696
YP_003044895.1	ECB_01697
YP_003044896.1	ECB_01698
YP_003044897.1	ECB_01699
YP_003044898.1	ECB_01700
YP_003044899.1	ECB_01701
YP_003044900.1	ECB_01702
YP_003044901.1	ECB_01703
YP_003044902.1	ECB_01704
YP_003044903.1	ECB_01705
YP_003044904.1	ECB_01706
YP_003044905.1	ECB_01707
YP_003044906.1	ECB_01708
YP_003044907.1	ECB_01709
YP_003044908.1	ECB_01710
YP_003044909.1	ECB_01711
YP_003044910.1	ECB_01712
YP_003044911.1	ECB_01713
YP_003044912.1	ECB_01714
YP_003044913.1	ECB_01715
YP_003044914.1	ECB_01716
YP_003044915.1	ECB_01717
YP_003044916.1	ECB_01718
YP_003044917.1	ECB_01719
YP_003044918.1	ECB_01721
YP_003044919.1	ECB_01722
YP_003044920.1	ECB_01723
YP_003044921.1	ECB_01724
YP_003044922.1	ECB_01725
YP_003044923.1	ECB_01726
YP_003044924.1	ECB_01727
YP_003044925.1	ECB_01728
YP_003044926.1	ECB_01729
YP_003044927.1	ECB_01730
YP_003044928.1	ECB_01731
YP_003044929.1	ECB_01732
YP_003044930.1	ECB_01733
YP_003044931.1	ECB_01734
YP_003044932.1	ECB_01735
YP_003044933.1	ECB_01736
YP_003044934.1	ECB_01737
YP_003044935.1	ECB_01738
YP_003044936.1	ECB_01739
YP_003044937.1	ECB_01740
YP_003044938.1	ECB_01741
YP_003044939.1	ECB_01742
YP_003044940.1	ECB_01743
YP_003044941.1	ECB_01744
YP_003044942.1	ECB_01745
YP_003044943.1	ECB_01746
YP_003044944.1	ECB_01747
YP_003044945.1	ECB_01748
YP_003044946.1	ECB_01749
YP_003044947.1	ECB_01750
YP_003044948.1	ECB_01751
YP_003044949.1	ECB_01752
YP_003044950.1	ECB_01753
YP_003044951.1	ECB_01754
YP_003044952.1	ECB_01755
YP_003044953.1	ECB_01756
YP_003044954.1	ECB_01757
YP_003044955.1	ECB_01758
YP_003044956.1	ECB_01759
YP_003044957.1	ECB_01760
YP_003044958.1	ECB_01761
YP_003044959.1	ECB_01762
YP_003044960.1	ECB_01763
YP_003044961.1	ECB_01764
YP_003044962.1	ECB_01765
YP_003044963.1	ECB_01766
YP_003044964.1	ECB_01767
YP_003044965.1	ECB_01768
YP_003044966.1	ECB_01769
YP_003044967.1	ECB_01770
YP_003044968.1	ECB_01771
YP_003044969.1	ECB_01772
YP_003044970.1	ECB_01773
YP_003044971.1	ECB_01774
YP_003044972.1	ECB_01775
YP_003044973.1	ECB_01776
YP_003044974.1	ECB_01777
YP_003044975.1	ECB_01778
YP_003044976.1	ECB_01779
YP_003044977.1	ECB_01780
YP_003044978.1	ECB_01781
YP_003044979.1	ECB_01782
YP_003044980.1	ECB_01783
YP_003044981.1	ECB_01784
YP_003044982.1	ECB_01785
YP_003044983.1	ECB_01786
YP_003044984.1	ECB_01787
YP_003044985.1	ECB_01788
YP_003044986.1	ECB_01789
YP_003044987.1	ECB_01790
YP_003044988.1	ECB_01791
YP_003044989.1	ECB_01792
YP_003044990.1	ECB_01793
YP_003044991.1	ECB_01794
YP_003044992.1	ECB_01795
YP_003044993.1	ECB_01796
YP_003044994.1	ECB_01797
YP_003044995.1	ECB_01798
YP_003044996.1	ECB_01799
YP_003044997.1	ECB_01800
YP_003044998.1	ECB_01801
YP_003044999.1	ECB_01802
YP_003045000.1	ECB_01803
YP_003045001.1	ECB_01804
YP_003045002.1	ECB_01805
YP_003045003.1	ECB_01806
YP_003045004.1	ECB_01807
YP_003045005.1	ECB_01808
YP_003045006.1	ECB_01809
YP_003045007.1	ECB_01810
YP_003045008.1	ECB_01811
YP_003045009.1	ECB_01812
YP_003045010.1	ECB_01813
YP_003045011.1	ECB_01814
YP_003045012.1	ECB_01815
YP_003045013.1	ECB_01816
YP_003045014.1	ECB_01817
YP_003045015.1	ECB_01818
YP_003045016.1	ECB_01819
YP_003045017.1	ECB_01820
YP_003045018.1	ECB_01821
YP_003045019.1	ECB_01822
YP_003045020.1	ECB_01823
YP_003045021.1	ECB_01824
YP_003045022.1	ECB_01825
YP_003045023.1	ECB_01826
YP_003045024.1	ECB_01827
YP_003045025.1	ECB_01828
YP_003045026.1	ECB_01829
YP_003045027.1	ECB_01830
YP_003045028.1	ECB_01831
YP_003045029.1	ECB_01832
YP_003045030.1	ECB_01833
YP_003045031.1	ECB_01834
YP_003045032.1	ECB_01835
YP_003045033.1	ECB_01836
YP_003045034.1	ECB_01837
YP_003045035.1	ECB_01838
YP_003045036.1	ECB_01839
YP_003045037.1	ECB_01840
YP_003045038.1	ECB_01841
YP_003045039.1	ECB_01842
YP_003045040.1	ECB_01843
YP_003045041.1	ECB_01844
YP_003045042.1	ECB_01845
YP_003045043.1	ECB_01846
YP_003045044.1	ECB_01847
YP_003045045.1	ECB_01848
YP_003045046.1	ECB_01849
YP_003045047.1	ECB_01850
YP_003045048.1	ECB_01851
YP_003045049.1	ECB_01852
YP_003045050.1	ECB_01853
YP_003045051.1	ECB_01854
YP_003045052.1	ECB_01855
YP_003045053.1	ECB_01856
YP_003045054.1	ECB_01857
YP_003045055.1	ECB_01858
YP_003045056.1	ECB_01859
YP_003045057.1	ECB_01860
YP_003045058.1	ECB_01861
YP_003045059.1	ECB_01862
YP_003045060.1	ECB_01863
YP_003045061.1	ECB_01864
YP_003045062.1	ECB_01865
YP_003045063.1	ECB_01866
YP_003045064.1	ECB_01867
YP_003045065.1	ECB_01868
YP_003045066.1	ECB_01869
YP_003045067.1	ECB_01870
YP_003045068.1	ECB_01871
YP_003045069.1	ECB_01872
YP_003045070.1	ECB_01873
YP_003045071.1	ECB_01874
YP_003045072.1	ECB_01875
YP_003045073.1	ECB_01876
YP_003045074.1	ECB_01877
YP_003045075.1	ECB_01878
YP_003045076.1	ECB_01879
YP_003045077.1	ECB_01880
YP_003045078.1	ECB_01881
YP_003045079.1	ECB_01882
YP_003045080.1	ECB_01883
YP_003045081.1	ECB_01884
YP_003045082.1	ECB_01885
YP_003045083.1	ECB_01886
YP_003045084.1	ECB_01887
YP_003045085.1	ECB_01888
YP_003045086.1	ECB_01889
YP_003045087.1	ECB_01890
YP_003045088.1	ECB_01891
YP_003045089.1	ECB_01893
YP_003045090.1	ECB_01894
YP_003045091.1	ECB_01895
YP_003045092.1	ECB_01896
YP_003045093.1	ECB_01897
YP_003045094.1	ECB_01898
YP_003045095.1	ECB_01899
YP_003045096.1	ECB_01900
YP_003045097.1	ECB_01901
YP_003045098.1	ECB_01902
YP_003045099.1	ECB_01904
YP_003045100.1	ECB_01906
YP_003045101.1	ECB_01907
YP_003045102.1	ECB_01908
YP_003045103.1	ECB_01909
YP_003045104.1	ECB_01910
YP_003045105.1	ECB_01911
YP_003045106.1	ECB_01912
YP_003045107.1	ECB_01913
YP_003045108.1	ECB_01914
YP_003045109.1	ECB_01915
YP_003045110.1	ECB_01916
YP_003045111.1	ECB_01917
YP_003045112.1	ECB_01918
YP_003045113.1	ECB_01919
YP_003045115.1	ECB_01921
YP_003045116.1	ECB_01922
YP_003045117.1	ECB_01923
YP_003045118.1	ECB_01924
YP_003045119.1	ECB_01925
YP_003045120.1	ECB_01926
YP_003045121.1	ECB_01927
YP_003045122.1	ECB_01928
YP_003045123.1	ECB_01929
YP_003045124.1	ECB_01930
YP_003045125.1	ECB_01931
YP_003045126.1	ECB_01932
YP_003045127.1	ECB_01933
YP_003045128.1	ECB_01934
YP_003045129.1	ECB_01935
YP_003045130.1	ECB_01936
YP_003045131.1	ECB_01937
YP_003045132.1	ECB_01938
YP_003045133.1	ECB_01939
YP_003045134.1	ECB_01940
YP_003045135.1	ECB_01941
YP_003045136.1	ECB_01942
YP_003045137.1	ECB_01943
YP_003045138.1	ECB_01944
YP_003045139.1	ECB_01945
YP_003045140.1	ECB_01946
YP_003045141.1	ECB_01947
YP_003045142.1	ECB_01948
YP_003045143.1	ECB_01949
YP_003045144.1	ECB_01950
YP_003045145.1	ECB_01951
YP_003045146.1	ECB_01952
YP_003045147.1	ECB_01953
YP_003045148.1	ECB_01954
YP_003045149.1	ECB_01955
YP_003045150.1	ECB_01956
YP_003045151.1	ECB_01957
YP_003045152.1	ECB_01958
YP_003045153.1	ECB_01959
YP_003045154.1	ECB_01960
YP_003045155.1	ECB_01961
YP_003045156.1	ECB_01962
YP_003045157.1	ECB_01963
YP_003045158.1	ECB_01964
YP_003045159.1	ECB_01965
YP_003045160.1	ECB_01966
YP_003045161.1	ECB_01967
YP_003045162.1	ECB_01968
YP_003045163.1	ECB_01969
YP_003045164.1	ECB_01970
YP_003045165.1	ECB_01971
YP_003045166.1	ECB_01972
YP_003045167.1	ECB_01973
YP_003045168.1	ECB_01974
YP_003045169.1	ECB_01975
YP_003045170.1	ECB_01976
YP_003045171.1	ECB_01977
YP_003045172.1	ECB_01978
YP_003045173.1	ECB_01979
YP_003045174.1	ECB_01980
YP_003045175.1	ECB_01981
YP_003045176.1	ECB_01982
YP_003045177.1	ECB_01983
YP_003045178.1	ECB_01984
YP_003045179.1	ECB_01985
YP_003045180.1	ECB_01986
YP_003045181.1	ECB_01987
YP_003045182.1	ECB_01988
YP_003045183.1	ECB_01989
YP_003045184.1	ECB_01990
YP_003045185.1	ECB_01991
YP_003045186.1	ECB_01992
YP_003045187.1	ECB_01993
YP_003045188.1	ECB_01994
YP_003045189.1	ECB_01995
YP_003045190.1	ECB_01996
YP_003045191.1	ECB_01997
YP_003045192.1	ECB_01998
YP_003045193.1	ECB_01999
YP_003045194.1	ECB_02000
YP_003045195.1	ECB_02001
YP_003045196.1	ECB_02002
YP_003045197.1	ECB_02003
YP_003045198.1	ECB_02004
YP_003045199.1	ECB_02005
YP_003045200.1	ECB_02006
YP_003045201.1	ECB_02007
YP_003045202.1	ECB_02008
YP_003045203.1	ECB_02009
YP_003045204.1	ECB_02010
YP_003045205.1	ECB_02011
YP_003045206.1	ECB_02012
YP_003045207.1	ECB_02013
YP_003045208.1	ECB_02014
YP_003045209.1	ECB_02015
YP_003045210.1	ECB_02016
YP_003045211.1	ECB_02017
YP_003045212.1	ECB_02018
YP_003045213.1	ECB_02019
YP_003045214.1	ECB_02020
YP_003045215.1	ECB_02022
YP_003045216.1	ECB_02023
YP_003045217.1	ECB_02024
YP_003045218.1	ECB_02025
YP_003045219.1	ECB_02026
YP_003045220.1	ECB_02027
YP_003045221.1	ECB_02028
YP_003045222.1	ECB_02029
YP_003045223.1	ECB_02030
YP_003045224.1	ECB_02031
YP_003045225.1	ECB_02032
YP_003045226.1	ECB_02033
YP_003045227.1	ECB_02034
YP_003045228.1	ECB_02035
YP_003045229.1	ECB_02036
YP_003045230.1	ECB_02037
YP_003045231.1	ECB_02038
YP_003045232.1	ECB_02039
YP_003045233.1	ECB_02040
YP_003045234.1	ECB_02041
YP_003045235.1	ECB_02042
YP_003045236.1	ECB_02043
YP_003045237.1	ECB_02044
YP_003045238.1	ECB_02045
YP_003045239.1	ECB_02046
YP_003045240.1	ECB_02047
YP_003045241.1	ECB_02048
YP_003045242.1	ECB_02049
YP_003045243.1	ECB_02050
YP_003045244.1	ECB_02051
YP_003045245.1	ECB_02052
YP_003045246.1	ECB_02053
YP_003045247.1	ECB_02054
YP_003045248.1	ECB_02055
YP_003045249.1	ECB_02056
YP_003045250.1	ECB_02057
YP_003045251.1	ECB_02058
YP_003045252.1	ECB_02059
YP_003045253.1	ECB_02060
YP_003045254.1	ECB_02061
YP_003045255.1	ECB_02062
YP_003045256.1	ECB_02063
YP_003045257.1	ECB_02064
YP_003045258.1	ECB_02065
YP_003045259.1	ECB_02066
YP_003045260.1	ECB_02067
YP_003045261.1	ECB_02068
YP_003045262.1	ECB_02069
YP_003045263.1	ECB_02070
YP_003045264.1	ECB_02071
YP_003045265.1	ECB_02072
YP_003045266.1	ECB_02073
YP_003045267.1	ECB_02074
YP_003045268.1	ECB_02075
YP_003045269.1	ECB_02076
YP_003045270.1	ECB_02077
YP_003045271.1	ECB_02078
YP_003045272.1	ECB_02079
YP_003045273.1	ECB_02080
YP_003045274.1	ECB_02081
YP_003045275.1	ECB_02082
YP_003045276.1	ECB_02083
YP_003045277.1	ECB_02084
YP_003045278.1	ECB_02085
YP_003045279.1	ECB_02086
YP_003045280.1	ECB_02087
YP_003045281.1	ECB_02088
YP_003045282.1	ECB_02089
YP_003045283.1	ECB_02090
YP_003045284.1	ECB_02091
YP_003045285.1	ECB_02092
YP_003045286.1	ECB_02093
YP_003045287.1	ECB_02094
YP_003045288.1	ECB_02095
YP_003045289.1	ECB_02096
YP_003045290.1	ECB_02097
YP_003045291.1	ECB_02098
YP_003045292.1	ECB_02099
YP_003045293.1	ECB_02100
YP_003045294.1	ECB_02101
YP_003045295.1	ECB_02102
YP_003045296.1	ECB_02103
YP_003045297.1	ECB_02104
YP_003045298.1	ECB_02105
YP_003045299.1	ECB_02106
YP_003045300.1	ECB_02107
YP_003045301.1	ECB_02108
YP_003045302.1	ECB_02109
YP_003045303.1	ECB_02110
YP_003045304.1	ECB_02111
YP_003045305.1	ECB_02112
YP_003045306.1	ECB_02113
YP_003045307.1	ECB_02114
YP_003045308.1	ECB_02115
YP_003045309.1	ECB_02116
YP_003045310.1	ECB_02117
YP_003045311.1	ECB_02118
YP_003045312.1	ECB_02119
YP_003045313.1	ECB_02120
YP_003045314.1	ECB_02121
YP_003045315.1	ECB_02122
YP_003045316.1	ECB_02123
YP_003045317.1	ECB_02124
YP_003045318.1	ECB_02125
YP_003045319.1	ECB_02126
YP_003045320.1	ECB_02127
YP_003045321.1	ECB_02128
YP_003045322.1	ECB_02129
YP_003045323.1	ECB_02130
YP_003045324.1	ECB_02131
YP_003045325.1	ECB_02132
YP_003045326.1	ECB_02133
YP_003045327.1	ECB_02134
YP_003045328.1	ECB_02135
YP_003045329.1	ECB_02136
YP_003045330.1	ECB_02137
YP_003045331.1	ECB_02138
YP_003045332.1	ECB_02139
YP_003045333.1	ECB_02140
YP_003045334.1	ECB_02141
YP_003045335.1	ECB_02142
YP_003045336.1	ECB_02143
YP_003045337.1	ECB_02144
YP_003045338.1	ECB_02145
YP_003045339.1	ECB_02146
YP_003045340.1	ECB_02147
YP_003045341.1	ECB_02148
YP_003045342.1	ECB_02149
YP_003045343.1	ECB_02150
YP_003045344.1	ECB_02151
YP_003045345.1	ECB_02152
YP_003045346.1	ECB_02153
YP_003045347.1	ECB_02154
YP_003045348.1	ECB_02155
YP_003045349.1	ECB_02156
YP_003045350.1	ECB_02157
YP_003045351.1	ECB_02158
YP_003045352.1	ECB_02159
YP_003045353.1	ECB_02160
YP_003045354.1	ECB_02161
YP_003045355.1	ECB_02162
YP_003045356.1	ECB_02163
YP_003045357.1	ECB_02164
YP_003045358.1	ECB_02165
YP_003045359.1	ECB_02166
YP_003045360.1	ECB_02167
YP_003045361.1	ECB_02168
YP_003045362.1	ECB_02169
YP_003045363.1	ECB_02170
YP_003045364.1	ECB_02171
YP_003045365.1	ECB_02172
YP_003045366.1	ECB_02173
YP_003045367.1	ECB_02174
YP_003045368.1	ECB_02175
YP_003045369.1	ECB_02176
YP_003045370.1	ECB_02177
YP_003045371.1	ECB_02178
YP_003045372.1	ECB_02179
YP_003045373.1	ECB_02180
YP_003045374.1	ECB_02181
YP_003045375.1	ECB_02182
YP_003045376.1	ECB_02183
YP_003045377.1	ECB_02184
YP_003045378.1	ECB_02185
YP_003045379.1	ECB_02186
YP_003045380.1	ECB_02187
YP_003045381.1	ECB_02188
YP_003045382.1	ECB_02189
YP_003045383.1	ECB_02190
YP_003045384.1	ECB_02191
YP_003045385.1	ECB_02192
YP_003045386.1	ECB_02193
YP_003045387.1	ECB_02194
YP_003045388.1	ECB_02195
YP_003045389.1	ECB_02196
YP_003045390.1	ECB_02198
YP_003045391.1	ECB_02199
YP_003045392.1	ECB_02200
YP_003045393.1	ECB_02201
YP_003045394.1	ECB_02202
YP_003045395.1	ECB_02203
YP_003045396.1	ECB_02204
YP_003045397.1	ECB_02205
YP_003045398.1	ECB_02206
YP_003045399.1	ECB_02207
YP_003045400.1	ECB_02208
YP_003045401.1	ECB_02209
YP_003045402.1	ECB_02210
YP_003045403.1	ECB_02211
YP_003045404.1	ECB_02212
YP_003045405.1	ECB_02213
YP_003045406.1	ECB_02214
YP_003045407.1	ECB_02215
YP_003045408.1	ECB_02216
YP_003045409.1	ECB_02217
YP_003045410.1	ECB_02218
YP_003045411.1	ECB_02219
YP_003045412.1	ECB_02220
YP_003045413.1	ECB_02221
YP_003045414.1	ECB_02222
YP_003045415.1	ECB_02223
YP_003045416.1	ECB_02224
YP_003045417.1	ECB_02225
YP_003045418.1	ECB_02226
YP_003045419.1	ECB_02227
YP_003045420.1	ECB_02228
YP_003045421.1	ECB_02229
YP_003045422.1	ECB_02230
YP_003045423.1	ECB_02231
YP_003045424.1	ECB_02232
YP_003045425.1	ECB_02233
YP_003045426.1	ECB_02234
YP_003045427.1	ECB_02235
YP_003045428.1	ECB_02236
YP_003045429.1	ECB_02237
YP_003045430.1	ECB_02238
YP_003045431.1	ECB_02239
YP_003045432.1	ECB_02240
YP_003045433.1	ECB_02241
YP_003045434.1	ECB_02242
YP_003045435.1	ECB_02243
YP_003045436.1	ECB_02244
YP_003045437.1	ECB_02245
YP_003045438.1	ECB_02246
YP_003045439.1	ECB_02247
YP_003045440.1	ECB_02248
YP_003045441.1	ECB_02249
YP_003045442.1	ECB_02250
YP_003045443.1	ECB_02251
YP_003045444.1	ECB_02252
YP_003045445.1	ECB_02253
YP_003045446.1	ECB_02254
YP_003045447.1	ECB_02255
YP_003045448.1	ECB_02256
YP_003045449.1	ECB_02257
YP_003045450.1	ECB_02258
YP_003045451.1	ECB_02259
YP_003045452.1	ECB_02260
YP_003045453.1	ECB_02261
YP_003045454.1	ECB_02262
YP_003045455.1	ECB_02263
YP_003045456.1	ECB_02264
YP_003045457.1	ECB_02265
YP_003045458.1	ECB_02266
YP_003045459.1	ECB_02267
YP_003045460.1	ECB_02268
YP_003045461.1	ECB_02270
YP_003045462.1	ECB_02271
YP_003045463.1	ECB_02272
YP_003045464.1	ECB_02273
YP_003045465.1	ECB_02274
YP_003045466.1	ECB_02275
YP_003045467.1	ECB_02276
YP_003045468.1	ECB_02277
YP_003045469.1	ECB_02278
YP_003045470.1	ECB_02279
YP_003045471.1	ECB_02280
YP_003045472.1	ECB_02281
YP_003045473.1	ECB_02282
YP_003045474.1	ECB_02283
YP_003045475.1	ECB_02284
YP_003045476.1	ECB_02285
YP_003045477.1	ECB_02286
YP_003045478.1	ECB_02287
YP_003045479.1	ECB_02288
YP_003045480.1	ECB_02289
YP_003045481.1	ECB_02290
YP_003045482.1	ECB_02291
YP_003045483.1	ECB_02292
YP_003045484.1	ECB_02293
YP_003045485.1	ECB_02294
YP_003045486.1	ECB_02295
YP_003045487.1	ECB_02296
YP_003045488.1	ECB_02297
YP_003045489.1	ECB_02298
YP_003045490.1	ECB_02299
YP_003045491.1	ECB_02300
YP_003045492.1	ECB_02301
YP_003045493.1	ECB_02302
YP_003045494.1	ECB_02303
YP_003045495.1	ECB_02304
YP_003045496.1	ECB_02305
YP_003045497.1	ECB_02306
YP_003045498.1	ECB_02307
YP_003045499.1	ECB_02308
YP_003045500.1	ECB_02309
YP_003045501.1	ECB_02310
YP_003045502.1	ECB_02311
YP_003045503.1	ECB_02312
YP_003045504.1	ECB_02313
YP_003045505.1	ECB_02314
YP_003045506.1	ECB_02315
YP_003045507.1	ECB_02316
YP_003045508.1	ECB_02317
YP_003045509.1	ECB_02318
YP_003045510.1	ECB_02319
YP_003045511.1	ECB_02320
YP_003045512.1	ECB_02321
YP_003045513.1	ECB_02322
YP_003045514.1	ECB_02323
YP_003045515.1	ECB_02324
YP_003045516.1	ECB_02325
YP_003045517.1	ECB_02326
YP_003045518.1	ECB_02327
YP_003045519.1	ECB_02328
YP_003045520.1	ECB_02329
YP_003045521.1	ECB_02330
YP_003045522.1	ECB_02331
YP_003045523.1	ECB_02332
YP_003045524.1	ECB_02333
YP_003045525.1	ECB_02334
YP_003045526.1	ECB_02335
YP_003045527.1	ECB_02336
YP_003045528.1	ECB_02337
YP_003045529.1	ECB_02338
YP_003045530.1	ECB_02339
YP_003045531.1	ECB_02340
YP_003045532.1	ECB_02341
YP_003045533.1	ECB_02342
YP_003045534.1	ECB_02343
YP_003045535.1	ECB_02344
YP_003045536.1	ECB_02345
YP_003045537.1	ECB_02346
YP_003045538.1	ECB_02347
YP_003045539.1	ECB_02348
YP_003045540.1	ECB_02349
YP_003045541.1	ECB_02350
YP_003045542.1	ECB_02351
YP_003045543.1	ECB_02352
YP_003045544.1	ECB_02353
YP_003045545.1	ECB_02354
YP_003045546.1	ECB_02355
YP_003045547.1	ECB_02356
YP_003045548.1	ECB_02357
YP_003045549.1	ECB_02358
YP_003045550.1	ECB_02359
YP_003045551.1	ECB_02360
YP_003045552.1	ECB_02361
YP_003045553.1	ECB_02362
YP_003045554.1	ECB_02363
YP_003045555.1	ECB_02364
YP_003045556.1	ECB_02365
YP_003045557.1	ECB_02366
YP_003045558.1	ECB_02367
YP_003045559.1	ECB_02368
YP_003045560.1	ECB_02369
YP_003045561.1	ECB_02370
YP_003045562.1	ECB_02371
YP_003045563.1	ECB_02372
YP_003045564.1	ECB_02373
YP_003045565.1	ECB_02374
YP_003045566.1	ECB_02376
YP_003045567.1	ECB_02377
YP_003045568.1	ECB_02378
YP_003045569.1	ECB_02379
YP_003045570.1	ECB_02380
YP_003045571.1	ECB_02381
YP_003045572.1	ECB_02382
YP_003045573.1	ECB_02383
YP_003045574.1	ECB_02384
YP_003045575.1	ECB_02385
YP_003045576.1	ECB_02386
YP_003045577.1	ECB_02387
YP_003045578.1	ECB_02388
YP_003045579.1	ECB_02389
YP_003045580.1	ECB_02390
YP_003045581.1	ECB_02391
YP_003045582.1	ECB_02392
YP_003045583.1	ECB_02393
YP_003045584.1	ECB_02394
YP_003045585.1	ECB_02395
YP_003045586.1	ECB_02396
YP_003045587.1	ECB_02397
YP_003045588.1	ECB_02398
YP_003045589.1	ECB_02399
YP_003045590.1	ECB_02400
YP_003045591.1	ECB_02401
YP_003045592.1	ECB_02402
YP_003045593.1	ECB_02403
YP_003045594.1	ECB_02404
YP_003045595.1	ECB_02405
YP_003045596.1	ECB_02406
YP_003045597.1	ECB_02407
YP_003045598.1	ECB_02408
YP_003045599.1	ECB_02409
YP_003045600.1	ECB_02410
YP_003045601.1	ECB_02411
YP_003045602.1	ECB_02412
YP_003045603.1	ECB_02413
YP_003045604.1	ECB_02414
YP_003045605.1	ECB_02415
YP_003045606.1	ECB_02416
YP_003045607.1	ECB_02417
YP_003045608.1	ECB_02418
YP_003045609.1	ECB_02419
YP_003045610.1	ECB_02420
YP_003045611.1	ECB_02421
YP_003045612.1	ECB_02422
YP_003045613.1	ECB_02423
YP_003045614.1	ECB_02424
YP_003045615.1	ECB_02425
YP_003045616.1	ECB_02426
YP_003045617.1	ECB_02427
YP_003045618.1	ECB_02428
YP_003045619.1	ECB_02429
YP_003045620.1	ECB_02430
YP_003045621.1	ECB_02431
YP_003045622.1	ECB_02432
YP_003045623.1	ECB_02433
YP_003045624.1	ECB_02434
YP_003045625.1	ECB_02435
YP_003045626.1	ECB_02436
YP_003045627.1	ECB_02437
YP_003045628.1	ECB_02438
YP_003045629.1	ECB_02439
YP_003045630.1	ECB_02440
YP_003045631.1	ECB_02441
YP_003045632.1	ECB_02442
YP_003045633.1	ECB_02443
YP_003045634.1	ECB_02444
YP_003045635.1	ECB_02445
YP_003045636.1	ECB_02446
YP_003045637.1	ECB_02447
YP_003045638.1	ECB_02448
YP_003045639.1	ECB_02449
YP_003045640.1	ECB_02451
YP_003045641.1	ECB_02452
YP_003045642.1	ECB_02453
YP_003045643.1	ECB_02454
YP_003045644.1	ECB_02455
YP_003045645.1	ECB_02456
YP_003045646.1	ECB_02457
YP_003045647.1	ECB_02458
YP_003045648.1	ECB_02459
YP_003045649.1	ECB_02460
YP_003045650.1	ECB_02461
YP_003045651.1	ECB_02462
YP_003045652.1	ECB_02463
YP_003045653.1	ECB_02464
YP_003045654.1	ECB_02465
YP_003045655.1	ECB_02466
YP_003045656.1	ECB_02467
YP_003045657.1	ECB_02468
YP_003045658.1	ECB_02469
YP_003045659.1	ECB_02470
YP_003045660.1	ECB_02471
YP_003045661.1	ECB_02472
YP_003045662.1	ECB_02473
YP_003045663.1	ECB_02474
YP_003045664.1	ECB_02475
YP_003045665.1	ECB_02476
YP_003045666.1	ECB_02477
YP_003045667.1	ECB_02478
YP_003045668.1	ECB_02479
YP_003045669.1	ECB_02480
YP_003045670.1	ECB_02481
YP_003045671.1	ECB_02482
YP_003045672.1	ECB_02483
YP_003045673.1	ECB_02484
YP_003045674.1	ECB_02485
YP_003045675.1	ECB_02486
YP_003045677.1	ECB_02488
YP_003045678.1	ECB_02489
YP_003045679.1	ECB_02490
YP_003045680.1	ECB_02491
YP_003045681.1	ECB_02492
YP_003045682.1	ECB_02493
YP_003045683.1	ECB_02494
YP_003045684.1	ECB_02495
YP_003045685.1	ECB_02496
YP_003045686.1	ECB_02497
YP_003045687.1	ECB_02498
YP_003045688.1	ECB_02499
YP_003045689.1	ECB_02500
YP_003045690.1	ECB_02501
YP_003045691.1	ECB_02502
YP_003045692.1	ECB_02503
YP_003045693.1	ECB_02504
YP_003045694.1	ECB_02505
YP_003045695.1	ECB_02506
YP_003045696.1	ECB_02507
YP_003045697.1	ECB_02508
YP_003045698.1	ECB_02509
YP_003045699.1	ECB_02510
YP_003045700.1	ECB_02511
YP_003045701.1	ECB_02512
YP_003045702.1	ECB_02513
YP_003045703.1	ECB_02514
YP_003045704.1	ECB_02515
YP_003045705.1	ECB_02516
YP_003045706.1	ECB_02517
YP_003045707.1	ECB_02518
YP_003045708.1	ECB_02519
YP_003045709.1	ECB_02520
YP_003045710.1	ECB_02521
YP_003045711.1	ECB_02522
YP_003045712.1	ECB_02523
YP_003045713.1	ECB_02524
YP_003045714.1	ECB_02525
YP_003045715.1	ECB_02526
YP_003045716.1	ECB_02527
YP_003045717.1	ECB_02528
YP_003045718.1	ECB_02529
YP_003045719.1	ECB_02530
YP_003045720.1	ECB_02531
YP_003045721.1	ECB_02532
YP_003045722.1	ECB_02533
YP_003045723.1	ECB_02534
YP_003045724.1	ECB_02535
YP_003045725.1	ECB_02536
YP_003045726.1	ECB_02537
YP_003045727.1	ECB_02538
YP_003045728.1	ECB_02539
YP_003045729.1	ECB_02540
YP_003045730.1	ECB_02541
YP_003045731.1	ECB_02542
YP_003045732.1	ECB_02543
YP_003045733.1	ECB_02544
YP_003045734.1	ECB_02545
YP_003045735.1	ECB_02546
YP_003045736.1	ECB_02547
YP_003045737.1	ECB_02548
YP_003045738.1	ECB_02549
YP_003045739.1	ECB_02550
YP_003045740.1	ECB_02551
YP_003045741.1	ECB_02552
YP_003045742.1	ECB_02553
YP_003045743.1	ECB_02554
YP_003045744.1	ECB_02555
YP_003045745.1	ECB_02556
YP_003045746.1	ECB_02557
YP_003045747.1	ECB_02558
YP_003045748.1	ECB_02559
YP_003045749.1	ECB_02560
YP_003045750.1	ECB_02561
YP_003045751.1	ECB_02562
YP_003045752.1	ECB_02563
YP_003045753.1	ECB_02564
YP_003045754.1	ECB_02565
YP_003045755.1	ECB_02566
YP_003045756.1	ECB_02567
YP_003045757.1	ECB_02568
YP_003045758.1	ECB_02569
YP_003045759.1	ECB_02570
YP_003045760.1	ECB_02571
YP_003045761.1	ECB_02572
YP_003045762.1	ECB_02573
YP_003045763.1	ECB_02574
YP_003045764.1	ECB_02575
YP_003045765.1	ECB_02576
YP_003045766.1	ECB_02577
YP_003045767.1	ECB_02578
YP_003045768.1	ECB_02579
YP_003045769.1	ECB_02580
YP_003045770.1	ECB_02581
YP_003045771.1	ECB_02582
YP_003045772.1	ECB_02583
YP_003045773.1	ECB_02584
YP_003045774.1	ECB_02585
YP_003045775.1	ECB_02586
YP_003045776.1	ECB_02587
YP_003045777.1	ECB_02588
YP_003045778.1	ECB_02589
YP_003045779.1	ECB_02590
YP_003045780.1	ECB_02591
YP_003045781.1	ECB_02592
YP_003045782.1	ECB_02593
YP_003045783.1	ECB_02594
YP_003045784.1	ECB_02595
YP_003045785.1	ECB_02596
YP_003045786.1	ECB_02597
YP_003045787.1	ECB_02598
YP_003045788.1	ECB_02599
YP_003045789.1	ECB_02600
YP_003045790.1	ECB_02601
YP_003045791.1	ECB_02602
YP_003045792.1	ECB_02603
YP_003045793.1	ECB_02604
YP_003045794.1	ECB_02605
YP_003045795.1	ECB_02606
YP_003045796.1	ECB_02607
YP_003045797.1	ECB_02608
YP_003045798.1	ECB_02609
YP_003045799.1	ECB_02610
YP_003045800.1	ECB_02611
YP_003045801.1	ECB_02612
YP_003045802.1	ECB_02613
YP_003045803.1	ECB_02614
YP_003045804.1	ECB_02615
YP_003045805.1	ECB_02616
YP_003045806.1	ECB_02617
YP_003045807.1	ECB_02618
YP_003045808.1	ECB_02619
YP_003045809.1	ECB_02620
YP_003045811.1	ECB_02622
YP_003045812.1	ECB_02623
YP_003045813.1	ECB_02624
YP_003045814.1	ECB_02625
YP_003045815.1	ECB_02626
YP_003045816.1	ECB_02627
YP_003045817.1	ECB_02628
YP_003045818.1	ECB_02629
YP_003045819.1	ECB_02630
YP_003045820.1	ECB_02631
YP_003045821.1	ECB_02632
YP_003045822.1	ECB_02633
YP_003045823.1	ECB_02634
YP_003045824.1	ECB_02635
YP_003045825.1	ECB_02636
YP_003045826.1	ECB_02637
YP_003045827.1	ECB_02638
YP_003045828.1	ECB_02639
YP_003045829.1	ECB_02640
YP_003045830.1	ECB_02641
YP_003045831.1	ECB_02642
YP_003045832.1	ECB_02643
YP_003045833.1	ECB_02644
YP_003045834.1	ECB_02646
YP_003045835.1	ECB_02647
YP_003045836.1	ECB_02648
YP_003045837.1	ECB_02649
YP_003045838.1	ECB_02650
YP_003045839.1	ECB_02651
YP_003045840.1	ECB_02652
YP_003045841.1	ECB_02653
YP_003045842.1	ECB_02654
YP_003045843.1	ECB_02655
YP_003045844.1	ECB_02656
YP_003045845.1	ECB_02657
YP_003045846.1	ECB_02658
YP_003045847.1	ECB_02659
YP_003045848.1	ECB_02660
YP_003045849.1	ECB_02661
YP_003045850.1	ECB_02662
YP_003045851.1	ECB_02663
YP_003045852.1	ECB_02664
YP_003045853.1	ECB_02665
YP_003045854.1	ECB_02666
YP_003045855.1	ECB_02667
YP_003045856.1	ECB_02668
YP_003045857.1	ECB_02669
YP_003045858.1	ECB_02670
YP_003045859.1	ECB_02671
YP_003045860.1	ECB_02672
YP_003045861.1	ECB_02673
YP_003045862.1	ECB_02674
YP_003045863.1	ECB_02675
YP_003045864.1	ECB_02676
YP_003045865.1	ECB_02677
YP_003045866.1	ECB_02678
YP_003045867.1	ECB_02679
YP_003045868.1	ECB_02680
YP_003045869.1	ECB_02681
YP_003045870.1	ECB_02682
YP_003045871.1	ECB_02683
YP_003045872.1	ECB_02684
YP_003045873.1	ECB_02685
YP_003045874.1	ECB_02686
YP_003045875.1	ECB_02687
YP_003045876.1	ECB_02688
YP_003045877.1	ECB_02689
YP_003045878.1	ECB_02690
YP_003045879.1	ECB_02691
YP_003045880.1	ECB_02692
YP_003045881.1	ECB_02693
YP_003045882.1	ECB_02694
YP_003045883.1	ECB_02695
YP_003045884.1	ECB_02696
YP_003045885.1	ECB_02697
YP_003045886.1	ECB_02698
YP_003045887.1	ECB_02699
YP_003045888.1	ECB_02700
YP_003045889.1	ECB_02701
YP_003045890.1	ECB_02702
YP_003045891.1	ECB_02703
YP_003045892.1	ECB_02704
YP_003045893.1	ECB_02705
YP_003045894.1	ECB_02706
YP_003045895.1	ECB_02707
YP_003045896.1	ECB_02708
YP_003045897.1	ECB_02709
YP_003045898.1	ECB_02710
YP_003045899.1	ECB_02711
YP_003045900.1	ECB_02712
YP_003045901.1	ECB_02713
YP_003045902.1	ECB_02714
YP_003045903.1	ECB_02715
YP_003045904.1	ECB_02716
YP_003045905.1	ECB_02717
YP_003045906.1	ECB_02718
YP_003045907.1	ECB_02719
YP_003045908.1	ECB_02720
YP_003045909.1	ECB_02721
YP_003045910.1	ECB_02722
YP_003045911.1	ECB_02723
YP_003045912.1	ECB_02724
YP_003045913.1	ECB_02725
YP_003045914.1	ECB_02726
YP_003045915.1	ECB_02727
YP_003045916.1	ECB_02728
YP_003045917.1	ECB_02729
YP_003045918.1	ECB_02730
YP_003045919.1	ECB_02731
YP_003045920.1	ECB_02732
YP_003045921.1	ECB_02733
YP_003045922.1	ECB_02734
YP_003045923.1	ECB_02735
YP_003045924.1	ECB_02736
YP_003045925.1	ECB_02737
YP_003045926.1	ECB_02738
YP_003045927.1	ECB_02739
YP_003045928.1	ECB_02740
YP_003045929.1	ECB_02741
YP_003045930.1	ECB_02742
YP_003045931.1	ECB_02743
YP_003045932.1	ECB_02744
YP_003045933.1	ECB_02745
YP_003045934.1	ECB_02746
YP_003045935.1	ECB_02747
YP_003045936.1	ECB_02748
YP_003045937.1	ECB_02749
YP_003045938.1	ECB_02750
YP_003045939.1	ECB_02751
YP_003045940.1	ECB_02752
YP_003045941.1	ECB_02753
YP_003045942.1	ECB_02754
YP_003045943.1	ECB_02755
YP_003045944.1	ECB_02756
YP_003045945.1	ECB_02757
YP_003045946.1	ECB_02758
YP_003045947.1	ECB_02759
YP_003045948.1	ECB_02760
YP_003045949.1	ECB_02761
YP_003045950.1	ECB_02762
YP_003045951.1	ECB_02763
YP_003045952.1	ECB_02764
YP_003045953.1	ECB_02765
YP_003045954.1	ECB_02766
YP_003045955.1	ECB_02767
YP_003045956.1	ECB_02768
YP_003045957.1	ECB_02769
YP_003045958.1	ECB_02770
YP_003045959.1	ECB_02771
YP_003045960.1	ECB_02772
YP_003045961.1	ECB_02773
YP_003045962.1	ECB_02774
YP_003045963.1	ECB_02775
YP_003045964.1	ECB_02776
YP_003045965.1	ECB_02777
YP_003045966.1	ECB_02778
YP_003045967.1	ECB_02779
YP_003045968.1	ECB_02780
YP_003045969.1	ECB_02781
YP_003045970.1	ECB_02782
YP_003045971.1	ECB_02783
YP_003045972.1	ECB_02784
YP_003045973.1	ECB_02785
YP_003045974.1	ECB_02786
YP_003045975.1	ECB_02787
YP_003045976.1	ECB_02788
YP_003045977.1	ECB_02789
YP_003045978.1	ECB_02790
YP_003045979.1	ECB_02791
YP_003045980.1	ECB_02792
YP_003045981.1	ECB_02793
YP_003045982.1	ECB_02794
YP_003045983.1	ECB_02795
YP_003045984.1	ECB_02796
YP_003045985.1	ECB_02797
YP_003045986.1	ECB_02798
YP_003045987.1	ECB_02800
YP_003045988.1	ECB_02801
YP_003045989.1	ECB_02802
YP_003045990.1	ECB_02803
YP_003045991.1	ECB_02804
YP_003045992.1	ECB_02805
YP_003045993.1	ECB_02806
YP_003045994.1	ECB_02807
YP_003045995.1	ECB_02808
YP_003045996.1	ECB_02809
YP_003045997.1	ECB_02810
YP_003045998.1	ECB_02811
YP_003045999.1	ECB_02812
YP_003046000.1	ECB_02813
YP_003046001.1	ECB_02814
YP_003046002.1	ECB_02815
YP_003046003.1	ECB_02816
YP_003046004.1	ECB_02817
YP_003046005.1	ECB_02818
YP_003046006.1	ECB_02819
YP_003046007.1	ECB_02820
YP_003046008.1	ECB_02821
YP_003046009.1	ECB_02822
YP_003046010.1	ECB_02823
YP_003046011.1	ECB_02824
YP_003046012.1	ECB_02825
YP_003046013.1	ECB_02826
YP_003046014.1	ECB_02827
YP_003046015.1	ECB_02828
YP_003046016.1	ECB_02829
YP_003046017.1	ECB_02831
YP_003046018.1	ECB_02832
YP_003046019.1	ECB_02833
YP_003046020.1	ECB_02834
YP_003046021.1	ECB_02835
YP_003046022.1	ECB_02836
YP_003046023.1	ECB_02837
YP_003046024.1	ECB_02838
YP_003046025.1	ECB_02839
YP_003046026.1	ECB_02840
YP_003046027.1	ECB_02841
YP_003046028.1	ECB_02842
YP_003046029.1	ECB_02843
YP_003046030.1	ECB_02844
YP_003046031.1	ECB_02845
YP_003046032.1	ECB_02846
YP_003046033.1	ECB_02847
YP_003046034.1	ECB_02848
YP_003046035.1	ECB_02849
YP_003046036.1	ECB_02850
YP_003046037.1	ECB_02851
YP_003046038.1	ECB_02852
YP_003046039.1	ECB_02853
YP_003046040.1	ECB_02854
YP_003046041.1	ECB_02855
YP_003046042.1	ECB_02856
YP_003046043.1	ECB_02857
YP_003046044.1	ECB_02858
YP_003046045.1	ECB_02859
YP_003046046.1	ECB_02860
YP_003046047.1	ECB_02861
YP_003046048.1	ECB_02862
YP_003046049.1	ECB_02863
YP_003046050.1	ECB_02864
YP_003046051.1	ECB_02865
YP_003046052.1	ECB_02866
YP_003046053.1	ECB_02867
YP_003046054.1	ECB_02868
YP_003046055.1	ECB_02869
YP_003046056.1	ECB_02870
YP_003046057.1	ECB_02871
YP_003046058.1	ECB_02872
YP_003046059.1	ECB_02874
YP_003046060.1	ECB_02875
YP_003046061.1	ECB_02876
YP_003046062.1	ECB_02877
YP_003046063.1	ECB_02878
YP_003046064.1	ECB_02879
YP_003046065.1	ECB_02880
YP_003046066.1	ECB_02881
YP_003046067.1	ECB_02882
YP_003046068.1	ECB_02883
YP_003046069.1	ECB_02884
YP_003046070.1	ECB_02885
YP_003046071.1	ECB_02886
YP_003046072.1	ECB_02887
YP_003046073.1	ECB_02888
YP_003046074.1	ECB_02889
YP_003046075.1	ECB_02890
YP_003046076.1	ECB_02891
YP_003046077.1	ECB_02892
YP_003046078.1	ECB_02893
YP_003046079.1	ECB_02894
YP_003046080.1	ECB_02895
YP_003046081.1	ECB_02896
YP_003046082.1	ECB_02897
YP_003046083.1	ECB_02898
YP_003046084.1	ECB_02899
YP_003046085.1	ECB_02900
YP_003046086.1	ECB_02901
YP_003046087.1	ECB_02902
YP_003046088.1	ECB_02903
YP_003046089.1	ECB_02904
YP_003046090.1	ECB_02905
YP_003046091.1	ECB_02906
YP_003046092.1	ECB_02907
YP_003046093.1	ECB_02908
YP_003046094.1	ECB_02909
YP_003046095.1	ECB_02910
YP_003046096.1	ECB_02911
YP_003046097.1	ECB_02912
YP_003046098.1	ECB_02913
YP_003046099.1	ECB_02914
YP_003046100.1	ECB_02915
YP_003046101.1	ECB_02916
YP_003046102.1	ECB_02917
YP_003046103.1	ECB_02918
YP_003046104.1	ECB_02919
YP_003046105.1	ECB_02920
YP_003046106.1	ECB_02921
YP_003046107.1	ECB_02922
YP_003046108.1	ECB_02923
YP_003046109.1	ECB_02924
YP_003046110.1	ECB_02925
YP_003046111.1	ECB_02926
YP_003046112.1	ECB_02927
YP_003046113.1	ECB_02928
YP_003046114.1	ECB_02929
YP_003046115.1	ECB_02930
YP_003046116.1	ECB_02931
YP_003046117.1	ECB_02932
YP_003046118.1	ECB_02933
YP_003046119.1	ECB_02934
YP_003046120.1	ECB_02935
YP_003046121.1	ECB_02936
YP_003046122.1	ECB_02937
YP_003046123.1	ECB_02938
YP_003046124.1	ECB_02939
YP_003046125.1	ECB_02940
YP_003046126.1	ECB_02941
YP_003046127.1	ECB_02942
YP_003046128.1	ECB_02943
YP_003046129.1	ECB_02944
YP_003046130.1	ECB_02945
YP_003046131.1	ECB_02946
YP_003046132.1	ECB_02947
YP_003046133.1	ECB_02948
YP_003046134.1	ECB_02949
YP_003046135.1	ECB_02950
YP_003046136.1	ECB_02951
YP_003046137.1	ECB_02952
YP_003046138.1	ECB_02953
YP_003046139.1	ECB_02954
YP_003046140.1	ECB_02955
YP_003046141.1	ECB_02956
YP_003046142.1	ECB_02957
YP_003046143.1	ECB_02958
YP_003046144.1	ECB_02959
YP_003046145.1	ECB_02960
YP_003046146.1	ECB_02961
YP_003046147.1	ECB_02962
YP_003046148.1	ECB_02963
YP_003046149.1	ECB_02964
YP_003046150.1	ECB_02965
YP_003046151.1	ECB_02966
YP_003046152.1	ECB_02967
YP_003046153.1	ECB_02968
YP_003046154.1	ECB_02969
YP_003046155.1	ECB_02970
YP_003046156.1	ECB_02971
YP_003046157.1	ECB_02972
YP_003046158.1	ECB_02973
YP_003046159.1	ECB_02974
YP_003046160.1	ECB_02975
YP_003046161.1	ECB_02976
YP_003046162.1	ECB_02977
YP_003046163.1	ECB_02978
YP_003046164.1	ECB_02979
YP_003046165.1	ECB_02980
YP_003046166.1	ECB_02981
YP_003046167.1	ECB_02982
YP_003046168.1	ECB_02983
YP_003046169.1	ECB_02984
YP_003046170.1	ECB_02985
YP_003046171.1	ECB_02986
YP_003046172.1	ECB_02987
YP_003046173.1	ECB_02988
YP_003046174.1	ECB_02989
YP_003046175.1	ECB_02990
YP_003046176.1	ECB_02991
YP_003046177.1	ECB_02992
YP_003046178.1	ECB_02993
YP_003046179.1	ECB_02994
YP_003046180.1	ECB_02995
YP_003046181.1	ECB_02996
YP_003046182.1	ECB_02997
YP_003046183.1	ECB_02998
YP_003046184.1	ECB_02999
YP_003046185.1	ECB_03000
YP_003046186.1	ECB_03001
YP_003046187.1	ECB_03002
YP_003046188.1	ECB_03003
YP_003046189.1	ECB_03004
YP_003046190.1	ECB_03005
YP_003046191.1	ECB_03006
YP_003046192.1	ECB_03007
YP_003046193.1	ECB_03008
YP_003046194.1	ECB_03009
YP_003046195.1	ECB_03010
YP_003046196.1	ECB_03011
YP_003046197.1	ECB_03012
YP_003046198.1	ECB_03013
YP_003046199.1	ECB_03014
YP_003046200.1	ECB_03015
YP_003046201.1	ECB_03016
YP_003046202.1	ECB_03017
YP_003046203.1	ECB_03018
YP_003046204.1	ECB_03019
YP_003046205.1	ECB_03020
YP_003046206.1	ECB_03021
YP_003046207.1	ECB_03022
YP_003046208.1	ECB_03023
YP_003046209.1	ECB_03024
YP_003046210.1	ECB_03025
YP_003046211.1	ECB_03026
YP_003046212.1	ECB_03027
YP_003046213.1	ECB_03028
YP_003046214.1	ECB_03029
YP_003046215.1	ECB_03030
YP_003046216.1	ECB_03031
YP_003046217.1	ECB_03032
YP_003046218.1	ECB_03033
YP_003046219.1	ECB_03034
YP_003046220.1	ECB_03035
YP_003046221.1	ECB_03036
YP_003046222.1	ECB_03037
YP_003046223.1	ECB_03038
YP_003046224.1	ECB_03039
YP_003046225.1	ECB_03040
YP_003046226.1	ECB_03041
YP_003046227.1	ECB_03042
YP_003046228.1	ECB_03043
YP_003046229.1	ECB_03044
YP_003046230.1	ECB_03045
YP_003046231.1	ECB_03046
YP_003046232.1	ECB_03047
YP_003046233.1	ECB_03048
YP_003046234.1	ECB_03049
YP_003046235.1	ECB_03050
YP_003046236.1	ECB_03051
YP_003046237.1	ECB_03052
YP_003046238.1	ECB_03053
YP_003046239.1	ECB_03054
YP_003046240.1	ECB_03055
YP_003046241.1	ECB_03056
YP_003046242.1	ECB_03057
YP_003046243.1	ECB_03058
YP_003046244.1	ECB_03059
YP_003046245.1	ECB_03060
YP_003046246.1	ECB_03061
YP_003046247.1	ECB_03062
YP_003046248.1	ECB_03063
YP_003046249.1	ECB_03064
YP_003046250.1	ECB_03065
YP_003046251.1	ECB_03066
YP_003046252.1	ECB_03067
YP_003046253.1	ECB_03068
YP_003046254.1	ECB_03069
YP_003046255.1	ECB_03070
YP_003046256.1	ECB_03071
YP_003046257.1	ECB_03072
YP_003046258.1	ECB_03073
YP_003046259.1	ECB_03074
YP_003046260.1	ECB_03075
YP_003046261.1	ECB_03076
YP_003046262.1	ECB_03077
YP_003046263.1	ECB_03078
YP_003046264.1	ECB_03079
YP_003046265.1	ECB_03080
YP_003046266.1	ECB_03081
YP_003046267.1	ECB_03082
YP_003046268.1	ECB_03083
YP_003046269.1	ECB_03084
YP_003046270.1	ECB_03085
YP_003046271.1	ECB_03086
YP_003046272.1	ECB_03087
YP_003046273.1	ECB_03088
YP_003046274.1	ECB_03089
YP_003046275.1	ECB_03090
YP_003046276.1	ECB_03091
YP_003046277.1	ECB_03092
YP_003046278.1	ECB_03093
YP_003046279.1	ECB_03094
YP_003046280.1	ECB_03095
YP_003046281.1	ECB_03096
YP_003046282.1	ECB_03097
YP_003046283.1	ECB_03098
YP_003046284.1	ECB_03099
YP_003046285.1	ECB_03100
YP_003046286.1	ECB_03101
YP_003046287.1	ECB_03102
YP_003046288.1	ECB_03103
YP_003046289.1	ECB_03104
YP_003046290.1	ECB_03105
YP_003046291.1	ECB_03106
YP_003046292.1	ECB_03107
YP_003046293.1	ECB_03108
YP_003046294.1	ECB_03109
YP_003046295.1	ECB_03110
YP_003046296.1	ECB_03111
YP_003046297.1	ECB_03112
YP_003046298.1	ECB_03113
YP_003046299.1	ECB_03114
YP_003046300.1	ECB_03115
YP_003046301.1	ECB_03116
YP_003046302.1	ECB_03117
YP_003046303.1	ECB_03118
YP_003046304.1	ECB_03119
YP_003046305.1	ECB_03120
YP_003046306.1	ECB_03121
YP_003046307.1	ECB_03122
YP_003046308.1	ECB_03123
YP_003046309.1	ECB_03124
YP_003046310.1	ECB_03125
YP_003046311.1	ECB_03126
YP_003046312.1	ECB_03127
YP_003046313.1	ECB_03128
YP_003046314.1	ECB_03129
YP_003046315.1	ECB_03130
YP_003046316.1	ECB_03131
YP_003046317.1	ECB_03132
YP_003046318.1	ECB_03133
YP_003046319.1	ECB_03134
YP_003046320.1	ECB_03135
YP_003046321.1	ECB_03136
YP_003046322.1	ECB_03137
YP_003046323.1	ECB_03138
YP_003046324.1	ECB_03139
YP_003046325.1	ECB_03140
YP_003046326.1	ECB_03141
YP_003046327.1	ECB_03142
YP_003046328.1	ECB_03143
YP_003046329.1	ECB_03144
YP_003046330.1	ECB_03145
YP_003046331.1	ECB_03146
YP_003046332.1	ECB_03147
YP_003046333.1	ECB_03148
YP_003046334.1	ECB_03149
YP_003046335.1	ECB_03150
YP_003046336.1	ECB_03151
YP_003046337.1	ECB_03152
YP_003046338.1	ECB_03153
YP_003046339.1	ECB_03154
YP_003046340.1	ECB_03155
YP_003046341.1	ECB_03156
YP_003046342.1	ECB_03157
YP_003046343.1	ECB_03158
YP_003046344.1	ECB_03159
YP_003046345.1	ECB_03160
YP_003046346.1	ECB_03161
YP_003046347.1	ECB_03162
YP_003046348.1	ECB_03163
YP_003046349.1	ECB_03164
YP_003046350.1	ECB_03165
YP_003046351.1	ECB_03166
YP_003046352.1	ECB_03167
YP_003046353.1	ECB_03168
YP_003046354.1	ECB_03169
YP_003046355.1	ECB_03170
YP_003046356.1	ECB_03171
YP_003046357.1	ECB_03172
YP_003046358.1	ECB_03173
YP_003046359.1	ECB_03174
YP_003046360.1	ECB_03175
YP_003046361.1	ECB_03176
YP_003046362.1	ECB_03177
YP_003046363.1	ECB_03178
YP_003046364.1	ECB_03179
YP_003046365.1	ECB_03180
YP_003046366.1	ECB_03181
YP_003046367.1	ECB_03182
YP_003046368.1	ECB_03183
YP_003046369.1	ECB_03184
YP_003046370.1	ECB_03185
YP_003046371.1	ECB_03186
YP_003046372.1	ECB_03187
YP_003046373.1	ECB_03188
YP_003046374.1	ECB_03189
YP_003046375.1	ECB_03190
YP_003046376.1	ECB_03191
YP_003046377.1	ECB_03192
YP_003046378.1	ECB_03193
YP_003046379.1	ECB_03194
YP_003046380.1	ECB_03195
YP_003046381.1	ECB_03196
YP_003046382.1	ECB_03197
YP_003046383.1	ECB_03198
YP_003046384.1	ECB_03199
YP_003046385.1	ECB_03200
YP_003046386.1	ECB_03201
YP_003046387.1	ECB_03202
YP_003046388.1	ECB_03203
YP_003046389.1	ECB_03204
YP_003046390.1	ECB_03205
YP_003046391.1	ECB_03206
YP_003046392.1	ECB_03207
YP_003046393.1	ECB_03208
YP_003046394.1	ECB_03209
YP_003046395.1	ECB_03210
YP_003046396.1	ECB_03211
YP_003046397.1	ECB_03212
YP_003046398.1	ECB_03213
YP_003046399.1	ECB_03214
YP_003046400.1	ECB_03215
YP_003046401.1	ECB_03216
YP_003046402.1	ECB_03217
YP_003046403.1	ECB_03218
YP_003046404.1	ECB_03219
YP_003046405.1	ECB_03220
YP_003046406.1	ECB_03221
YP_003046407.1	ECB_03222
YP_003046408.1	ECB_03223
YP_003046409.1	ECB_03224
YP_003046410.1	ECB_03225
YP_003046411.1	ECB_03227
YP_003046412.1	ECB_03228
YP_003046413.1	ECB_03229
YP_003046414.1	ECB_03230
YP_003046415.1	ECB_03231
YP_003046416.1	ECB_03232
YP_003046417.1	ECB_03233
YP_003046418.1	ECB_03234
YP_003046419.1	ECB_03235
YP_003046420.1	ECB_03236
YP_003046421.1	ECB_03237
YP_003046422.1	ECB_03238
YP_003046423.1	ECB_03239
YP_003046424.1	ECB_03240
YP_003046425.1	ECB_03241
YP_003046426.1	ECB_03242
YP_003046427.1	ECB_03243
YP_003046428.1	ECB_03244
YP_003046429.1	ECB_03245
YP_003046430.1	ECB_03246
YP_003046431.1	ECB_03247
YP_003046432.1	ECB_03248
YP_003046433.1	ECB_03249
YP_003046434.1	ECB_03250
YP_003046435.1	ECB_03251
YP_003046436.1	ECB_03252
YP_003046437.1	ECB_03253
YP_003046438.1	ECB_03254
YP_003046439.1	ECB_03255
YP_003046440.1	ECB_03256
YP_003046441.1	ECB_03257
YP_003046442.1	ECB_03258
YP_003046443.1	ECB_03259
YP_003046444.1	ECB_03260
YP_003046445.1	ECB_03261
YP_003046446.1	ECB_03262
YP_003046447.1	ECB_03263
YP_003046448.1	ECB_03264
YP_003046449.1	ECB_03265
YP_003046450.1	ECB_03266
YP_003046451.1	ECB_03267
YP_003046452.1	ECB_03268
YP_003046453.1	ECB_03269
YP_003046454.1	ECB_03270
YP_003046455.1	ECB_03271
YP_003046456.1	ECB_03272
YP_003046457.1	ECB_03273
YP_003046458.1	ECB_03274
YP_003046459.1	ECB_03275
YP_003046460.1	ECB_03276
YP_003046461.1	ECB_03277
YP_003046462.1	ECB_03279
YP_003046463.1	ECB_03280
YP_003046464.1	ECB_03281
YP_003046465.1	ECB_03282
YP_003046466.1	ECB_03283
YP_003046467.1	ECB_03284
YP_003046468.1	ECB_03285
YP_003046469.1	ECB_03286
YP_003046470.1	ECB_03287
YP_003046471.1	ECB_03288
YP_003046472.1	ECB_03289
YP_003046473.1	ECB_03290
YP_003046474.1	ECB_03291
YP_003046475.1	ECB_03292
YP_003046476.1	ECB_03293
YP_003046477.1	ECB_03294
YP_003046478.1	ECB_03295
YP_003046479.1	ECB_03296
YP_003046480.1	ECB_03297
YP_003046481.1	ECB_03298
YP_003046482.1	ECB_03299
YP_003046483.1	ECB_03300
YP_003046484.1	ECB_03301
YP_003046485.1	ECB_03302
YP_003046486.1	ECB_03303
YP_003046487.1	ECB_03304
YP_003046488.1	ECB_03305
YP_003046489.1	ECB_03306
YP_003046490.1	ECB_03307
YP_003046491.1	ECB_03308
YP_003046492.1	ECB_03309
YP_003046493.1	ECB_03310
YP_003046494.1	ECB_03311
YP_003046495.1	ECB_03312
YP_003046496.1	ECB_03313
YP_003046497.1	ECB_03314
YP_003046498.1	ECB_03315
YP_003046499.1	ECB_03316
YP_003046500.1	ECB_03317
YP_003046501.1	ECB_03318
YP_003046502.1	ECB_03319
YP_003046503.1	ECB_03320
YP_003046504.1	ECB_03321
YP_003046505.1	ECB_03322
YP_003046506.1	ECB_03323
YP_003046507.1	ECB_03324
YP_003046508.1	ECB_03325
YP_003046509.1	ECB_03326
YP_003046510.1	ECB_03327
YP_003046511.1	ECB_03328
YP_003046512.1	ECB_03329
YP_003046513.1	ECB_03330
YP_003046514.1	ECB_03331
YP_003046515.1	ECB_03332
YP_003046516.1	ECB_03334
YP_003046517.1	ECB_03335
YP_003046518.1	ECB_03336
YP_003046519.1	ECB_03337
YP_003046520.1	ECB_03338
YP_003046521.1	ECB_03339
YP_003046522.1	ECB_03340
YP_003046523.1	ECB_03341
YP_003046524.1	ECB_03342
YP_003046525.1	ECB_03343
YP_003046526.1	ECB_03344
YP_003046527.1	ECB_03345
YP_003046528.1	ECB_03346
YP_003046529.1	ECB_03347
YP_003046530.1	ECB_03348
YP_003046531.1	ECB_03349
YP_003046532.1	ECB_03350
YP_003046533.1	ECB_03351
YP_003046534.1	ECB_03352
YP_003046535.1	ECB_03353
YP_003046536.1	ECB_03354
YP_003046537.1	ECB_03355
YP_003046538.1	ECB_03356
YP_003046539.1	ECB_03357
YP_003046540.1	ECB_03358
YP_003046541.1	ECB_03359
YP_003046542.1	ECB_03360
YP_003046543.1	ECB_03361
YP_003046544.1	ECB_03362
YP_003046545.1	ECB_03363
YP_003046546.1	ECB_03364
YP_003046547.1	ECB_03365
YP_003046548.1	ECB_03366
YP_003046549.1	ECB_03367
YP_003046550.1	ECB_03368
YP_003046551.1	ECB_03369
YP_003046552.1	ECB_03370
YP_003046553.1	ECB_03371
YP_003046554.1	ECB_03372
YP_003046555.1	ECB_03373
YP_003046556.1	ECB_03374
YP_003046557.1	ECB_03375
YP_003046558.1	ECB_03376
YP_003046559.1	ECB_03377
YP_003046560.1	ECB_03378
YP_003046561.1	ECB_03379
YP_003046562.1	ECB_03380
YP_003046563.1	ECB_03381
YP_003046564.1	ECB_03383
YP_003046565.1	ECB_03384
YP_003046566.1	ECB_03385
YP_003046567.1	ECB_03386
YP_003046568.1	ECB_03387
YP_003046569.1	ECB_03388
YP_003046571.1	ECB_03390
YP_003046572.1	ECB_03391
YP_003046573.1	ECB_03392
YP_003046574.1	ECB_03393
YP_003046575.1	ECB_03394
YP_003046576.1	ECB_03395
YP_003046577.1	ECB_03396
YP_003046578.1	ECB_03397
YP_003046579.1	ECB_03398
YP_003046580.1	ECB_03399
YP_003046581.1	ECB_03400
YP_003046582.1	ECB_03401
YP_003046583.1	ECB_03402
YP_003046584.1	ECB_03403
YP_003046585.1	ECB_03404
YP_003046586.1	ECB_03405
YP_003046587.1	ECB_03406
YP_003046588.1	ECB_03407
YP_003046589.1	ECB_03408
YP_003046590.1	ECB_03409
YP_003046591.1	ECB_03410
YP_003046592.1	ECB_03411
YP_003046593.1	ECB_03412
YP_003046594.1	ECB_03413
YP_003046595.1	ECB_03414
YP_003046596.1	ECB_03415
YP_003046597.1	ECB_03416
YP_003046598.1	ECB_03417
YP_003046599.1	ECB_03418
YP_003046600.1	ECB_03420
YP_003046601.1	ECB_03421
YP_003046602.1	ECB_03422
YP_003046603.1	ECB_03423
YP_003046604.1	ECB_03424
YP_003046605.1	ECB_03425
YP_003046606.1	ECB_03426
YP_003046607.1	ECB_03427
YP_003046608.1	ECB_03428
YP_003046609.1	ECB_03429
YP_003046610.1	ECB_03430
YP_003046611.1	ECB_03431
YP_003046612.1	ECB_03432
YP_003046613.1	ECB_03433
YP_003046614.1	ECB_03434
YP_003046615.1	ECB_03435
YP_003046616.1	ECB_03436
YP_003046617.1	ECB_03437
YP_003046618.1	ECB_03438
YP_003046619.1	ECB_03439
YP_003046620.1	ECB_03440
YP_003046621.1	ECB_03441
YP_003046622.1	ECB_03442
YP_003046623.1	ECB_03443
YP_003046624.1	ECB_03444
YP_003046625.1	ECB_03445
YP_003046626.1	ECB_03446
YP_003046627.1	ECB_03447
YP_003046628.1	ECB_03448
YP_003046629.1	ECB_03449
YP_003046630.1	ECB_03450
YP_003046631.1	ECB_03451
YP_003046632.1	ECB_03452
YP_003046633.1	ECB_03453
YP_003046634.1	ECB_03454
YP_003046635.1	ECB_03455
YP_003046636.1	ECB_03456
YP_003046637.1	ECB_03457
YP_003046638.1	ECB_03458
YP_003046639.1	ECB_03459
YP_003046640.1	ECB_03460
YP_003046641.1	ECB_03461
YP_003046642.1	ECB_03462
YP_003046643.1	ECB_03463
YP_003046644.1	ECB_03464
YP_003046645.1	ECB_03465
YP_003046646.1	ECB_03466
YP_003046647.1	ECB_03467
YP_003046648.1	ECB_03468
YP_003046649.1	ECB_03469
YP_003046650.1	ECB_03470
YP_003046651.1	ECB_03471
YP_003046652.1	ECB_03472
YP_003046653.1	ECB_03473
YP_003046654.1	ECB_03474
YP_003046655.1	ECB_03475
YP_003046656.1	ECB_03476
YP_003046657.1	ECB_03477
YP_003046658.1	ECB_03478
YP_003046659.1	ECB_03479
YP_003046660.1	ECB_03480
YP_003046661.1	ECB_03481
YP_003046662.1	ECB_03482
YP_003046663.1	ECB_03484
YP_003046664.1	ECB_03485
YP_003046665.1	ECB_03486
YP_003046666.1	ECB_03487
YP_003046667.1	ECB_03488
YP_003046668.1	ECB_03489
YP_003046669.1	ECB_03490
YP_003046670.1	ECB_03491
YP_003046671.1	ECB_03492
YP_003046672.1	ECB_03493
YP_003046673.1	ECB_03494
YP_003046674.1	ECB_03495
YP_003046675.1	ECB_03496
YP_003046676.1	ECB_03497
YP_003046677.1	ECB_03498
YP_003046678.1	ECB_03499
YP_003046679.1	ECB_03500
YP_003046680.1	ECB_03501
YP_003046681.1	ECB_03502
YP_003046682.1	ECB_03503
YP_003046683.1	ECB_03504
YP_003046684.1	ECB_03505
YP_003046685.1	ECB_03506
YP_003046686.1	ECB_03507
YP_003046687.1	ECB_03508
YP_003046688.1	ECB_03509
YP_003046689.1	ECB_03510
YP_003046690.1	ECB_03511
YP_003046691.1	ECB_03512
YP_003046692.1	ECB_03513
YP_003046693.1	ECB_03514
YP_003046694.1	ECB_03515
YP_003046695.1	ECB_03516
YP_003046696.1	ECB_03517
YP_003046697.1	ECB_03518
YP_003046698.1	ECB_03519
YP_003046699.1	ECB_03520
YP_003046700.1	ECB_03521
YP_003046701.1	ECB_03522
YP_003046702.1	ECB_03523
YP_003046703.1	ECB_03524
YP_003046704.1	ECB_03525
YP_003046705.1	ECB_03526
YP_003046706.1	ECB_03527
YP_003046707.1	ECB_03530
YP_003046708.1	ECB_03531
YP_003046709.1	ECB_03532
YP_003046710.1	ECB_03533
YP_003046711.1	ECB_03534
YP_003046712.1	ECB_03535
YP_003046713.1	ECB_03536
YP_003046714.1	ECB_03537
YP_003046715.1	ECB_03538
YP_003046716.1	ECB_03539
YP_003046717.1	ECB_03540
YP_003046718.1	ECB_03541
YP_003046719.1	ECB_03542
YP_003046720.1	ECB_03543
YP_003046721.1	ECB_03544
YP_003046722.1	ECB_03545
YP_003046723.1	ECB_03546
YP_003046724.1	ECB_03547
YP_003046725.1	ECB_03548
YP_003046726.1	ECB_03549
YP_003046727.1	ECB_03550
YP_003046728.1	ECB_03551
YP_003046729.1	ECB_03552
YP_003046730.1	ECB_03553
YP_003046731.1	ECB_03554
YP_003046732.1	ECB_03555
YP_003046733.1	ECB_03556
YP_003046734.1	ECB_03557
YP_003046735.1	ECB_03558
YP_003046736.1	ECB_03559
YP_003046737.1	ECB_03560
YP_003046738.1	ECB_03561
YP_003046739.1	ECB_03562
YP_003046740.1	ECB_03563
YP_003046741.1	ECB_03564
YP_003046742.1	ECB_03565
YP_003046743.1	ECB_03566
YP_003046744.1	ECB_03568
YP_003046745.1	ECB_03569
YP_003046746.1	ECB_03570
YP_003046747.1	ECB_03571
YP_003046748.1	ECB_03572
YP_003046749.1	ECB_03573
YP_003046750.1	ECB_03574
YP_003046751.1	ECB_03575
YP_003046752.1	ECB_03576
YP_003046753.1	ECB_03577
YP_003046754.1	ECB_03578
YP_003046755.1	ECB_03579
YP_003046756.1	ECB_03580
YP_003046757.1	ECB_03581
YP_003046758.1	ECB_03582
YP_003046759.1	ECB_03583
YP_003046760.1	ECB_03584
YP_003046761.1	ECB_03585
YP_003046762.1	ECB_03586
YP_003046763.1	ECB_03587
YP_003046764.1	ECB_03588
YP_003046765.1	ECB_03589
YP_003046766.1	ECB_03590
YP_003046767.1	ECB_03591
YP_003046768.1	ECB_03592
YP_003046769.1	ECB_03593
YP_003046770.1	ECB_03594
YP_003046771.1	ECB_03595
YP_003046772.1	ECB_03596
YP_003046773.1	ECB_03597
YP_003046774.1	ECB_03598
YP_003046775.1	ECB_03599
YP_003046776.1	ECB_03600
YP_003046777.1	ECB_03601
YP_003046778.1	ECB_03602
YP_003046779.1	ECB_03603
YP_003046780.1	ECB_03604
YP_003046781.1	ECB_03605
YP_003046782.1	ECB_03606
YP_003046783.1	ECB_03607
YP_003046784.1	ECB_03608
YP_003046785.1	ECB_03609
YP_003046786.1	ECB_03610
YP_003046787.1	ECB_03611
YP_003046788.1	ECB_03612
YP_003046789.1	ECB_03613
YP_003046790.1	ECB_03614
YP_003046791.1	ECB_03615
YP_003046792.1	ECB_03616
YP_003046793.1	ECB_03617
YP_003046794.1	ECB_03618
YP_003046795.1	ECB_03619
YP_003046796.1	ECB_03620
YP_003046797.1	ECB_03621
YP_003046798.1	ECB_03622
YP_003046799.1	ECB_03623
YP_003046800.1	ECB_03625
YP_003046801.1	ECB_03626
YP_003046802.1	ECB_03627
YP_003046803.1	ECB_03628
YP_003046804.1	ECB_03629
YP_003046805.1	ECB_03630
YP_003046806.1	ECB_03631
YP_003046807.1	ECB_03632
YP_003046808.1	ECB_03633
YP_003046809.1	ECB_03634
YP_003046810.1	ECB_03635
YP_003046811.1	ECB_03636
YP_003046812.1	ECB_03637
YP_003046813.1	ECB_03638
YP_003046814.1	ECB_03639
YP_003046815.1	ECB_03640
YP_003046816.1	ECB_03641
YP_003046817.1	ECB_03642
YP_003046818.1	ECB_03643
YP_003046819.1	ECB_03644
YP_003046820.1	ECB_03645
YP_003046821.1	ECB_03646
YP_003046822.1	ECB_03647
YP_003046823.1	ECB_03648
YP_003046824.1	ECB_03649
YP_003046825.1	ECB_03650
YP_003046826.1	ECB_03651
YP_003046827.1	ECB_03652
YP_003046828.1	ECB_03653
YP_003046829.1	ECB_03654
YP_003046830.1	ECB_03656
YP_003046831.1	ECB_03657
YP_003046832.1	ECB_03658
YP_003046833.1	ECB_03659
YP_003046834.1	ECB_03660
YP_003046835.1	ECB_03661
YP_003046836.1	ECB_03662
YP_003046837.1	ECB_03663
YP_003046838.1	ECB_03664
YP_003046839.1	ECB_03665
YP_003046840.1	ECB_03666
YP_003046841.1	ECB_03667
YP_003046842.1	ECB_03668
YP_003046843.1	ECB_03669
YP_003046844.1	ECB_03670
YP_003046845.1	ECB_03671
YP_003046846.1	ECB_03672
YP_003046847.1	ECB_03673
YP_003046848.1	ECB_03674
YP_003046849.1	ECB_03675
YP_003046850.1	ECB_03676
YP_003046851.1	ECB_03677
YP_003046852.1	ECB_03678
YP_003046853.1	ECB_03679
YP_003046854.1	ECB_03680
YP_003046855.1	ECB_03681
YP_003046856.1	ECB_03682
YP_003046857.1	ECB_03683
YP_003046858.1	ECB_03684
YP_003046859.1	ECB_03685
YP_003046860.1	ECB_03686
YP_003046861.1	ECB_03687
YP_003046862.1	ECB_03688
YP_003046863.1	ECB_03689
YP_003046864.1	ECB_03690
YP_003046865.1	ECB_03691
YP_003046866.1	ECB_03692
YP_003046867.1	ECB_03693
YP_003046868.1	ECB_03694
YP_003046869.1	ECB_03695
YP_003046870.1	ECB_03696
YP_003046871.1	ECB_03697
YP_003046872.1	ECB_03698
YP_003046873.1	ECB_03699
YP_003046874.1	ECB_03700
YP_003046875.1	ECB_03701
YP_003046876.1	ECB_03702
YP_003046877.1	ECB_03703
YP_003046878.1	ECB_03704
YP_003046879.1	ECB_03705
YP_003046880.1	ECB_03706
YP_003046881.1	ECB_03707
YP_003046882.1	ECB_03708
YP_003046883.1	ECB_03709
YP_003046884.1	ECB_03710
YP_003046885.1	ECB_03711
YP_003046886.1	ECB_03712
YP_003046887.1	ECB_03713
YP_003046888.1	ECB_03714
YP_003046889.1	ECB_03715
YP_003046890.1	ECB_03716
YP_003046891.1	ECB_03717
YP_003046892.1	ECB_03718
YP_003046893.1	ECB_03719
YP_003046894.1	ECB_03720
YP_003046895.1	ECB_03721
YP_003046896.1	ECB_03722
YP_003046897.1	ECB_03723
YP_003046898.1	ECB_03724
YP_003046899.1	ECB_03725
YP_003046900.1	ECB_03726
YP_003046901.1	ECB_03727
YP_003046902.1	ECB_03728
YP_003046903.1	ECB_03729
YP_003046904.1	ECB_03730
YP_003046905.1	ECB_03731
YP_003046906.1	ECB_03732
YP_003046907.1	ECB_03733
YP_003046908.1	ECB_03734
YP_003046909.1	ECB_03735
YP_003046910.1	ECB_03736
YP_003046911.1	ECB_03737
YP_003046912.1	ECB_03738
YP_003046913.1	ECB_03739
YP_003046914.1	ECB_03740
YP_003046915.1	ECB_03741
YP_003046916.1	ECB_03742
YP_003046917.1	ECB_03743
YP_003046918.1	ECB_03744
YP_003046919.1	ECB_03745
YP_003046920.1	ECB_03746
YP_003046921.1	ECB_03747
YP_003046922.1	ECB_03748
YP_003046923.1	ECB_03749
YP_003046924.1	ECB_03750
YP_003046925.1	ECB_03751
YP_003046926.1	ECB_03752
YP_003046927.1	ECB_03753
YP_003046928.1	ECB_03754
YP_003046929.1	ECB_03755
YP_003046930.1	ECB_03756
YP_003046931.1	ECB_03757
YP_003046932.1	ECB_03758
YP_003046933.1	ECB_03759
YP_003046934.1	ECB_03760
YP_003046935.1	ECB_03761
YP_003046936.1	ECB_03762
YP_003046937.1	ECB_03763
YP_003046938.1	ECB_03764
YP_003046939.1	ECB_03765
YP_003046940.1	ECB_03766
YP_003046941.1	ECB_03767
YP_003046942.1	ECB_03768
YP_003046943.1	ECB_03769
YP_003046944.1	ECB_03770
YP_003046945.1	ECB_03771
YP_003046946.1	ECB_03772
YP_003046947.1	ECB_03774
YP_003046948.1	ECB_03775
YP_003046949.1	ECB_03776
YP_003046950.1	ECB_03777
YP_003046951.1	ECB_03778
YP_003046952.1	ECB_03779
YP_003046953.1	ECB_03780
YP_003046954.1	ECB_03781
YP_003046955.1	ECB_03782
YP_003046956.1	ECB_03783
YP_003046957.1	ECB_03784
YP_003046958.1	ECB_03785
YP_003046959.1	ECB_03786
YP_003046960.1	ECB_03787
YP_003046961.1	ECB_03788
YP_003046962.1	ECB_03789
YP_003046963.1	ECB_03790
YP_003046964.1	ECB_03791
YP_003046965.1	ECB_03792
YP_003046966.1	ECB_03793
YP_003046967.1	ECB_03794
YP_003046968.1	ECB_03795
YP_003046969.1	ECB_03796
YP_003046970.1	ECB_03797
YP_003046971.1	ECB_03798
YP_003046972.1	ECB_03799
YP_003046973.1	ECB_03800
YP_003046974.1	ECB_03801
YP_003046975.1	ECB_03802
YP_003046976.1	ECB_03803
YP_003046977.1	ECB_03804
YP_003046978.1	ECB_03805
YP_003046979.1	ECB_03806
YP_003046980.1	ECB_03807
YP_003046981.1	ECB_03808
YP_003046982.1	ECB_03809
YP_003046983.1	ECB_03810
YP_003046984.1	ECB_03811
YP_003046985.1	ECB_03812
YP_003046986.1	ECB_03813
YP_003046987.1	ECB_03814
YP_003046988.1	ECB_03815
YP_003046989.1	ECB_03816
YP_003046990.1	ECB_03817
YP_003046991.1	ECB_03818
YP_003046992.1	ECB_03819
YP_003046993.1	ECB_03820
YP_003046994.1	ECB_03821
YP_003046995.1	ECB_03822
YP_003046996.1	ECB_03823
YP_003046997.1	ECB_03824
YP_003046998.1	ECB_03825
YP_003046999.1	ECB_03826
YP_003047000.1	ECB_03827
YP_003047001.1	ECB_03828
YP_003047002.1	ECB_03829
YP_003047003.1	ECB_03830
YP_003047004.1	ECB_03831
YP_003047005.1	ECB_03832
YP_003047006.1	ECB_03833
YP_003047007.1	ECB_03834
YP_003047008.1	ECB_03835
YP_003047009.1	ECB_03836
YP_003047010.1	ECB_03837
YP_003047011.1	ECB_03838
YP_003047012.1	ECB_03839
YP_003047013.1	ECB_03840
YP_003047014.1	ECB_03841
YP_003047015.1	ECB_03842
YP_003047016.1	ECB_03843
YP_003047017.1	ECB_03844
YP_003047018.1	ECB_03845
YP_003047019.1	ECB_03846
YP_003047020.1	ECB_03847
YP_003047021.1	ECB_03848
YP_003047022.1	ECB_03849
YP_003047023.1	ECB_03850
YP_003047024.1	ECB_03851
YP_003047025.1	ECB_03852
YP_003047026.1	ECB_03853
YP_003047027.1	ECB_03854
YP_003047028.1	ECB_03855
YP_003047029.1	ECB_03856
YP_003047030.1	ECB_03857
YP_003047031.1	ECB_03858
YP_003047032.1	ECB_03859
YP_003047033.1	ECB_03860
YP_003047034.1	ECB_03861
YP_003047035.1	ECB_03862
YP_003047036.1	ECB_03863
YP_003047037.1	ECB_03864
YP_003047038.1	ECB_03865
YP_003047039.1	ECB_03866
YP_003047040.1	ECB_03867
YP_003047041.1	ECB_03868
YP_003047042.1	ECB_03869
YP_003047043.1	ECB_03870
YP_003047044.1	ECB_03871
YP_003047045.1	ECB_03872
YP_003047046.1	ECB_03873
YP_003047047.1	ECB_03874
YP_003047048.1	ECB_03875
YP_003047049.1	ECB_03876
YP_003047050.1	ECB_03877
YP_003047051.1	ECB_03878
YP_003047052.1	ECB_03879
YP_003047053.1	ECB_03880
YP_003047054.1	ECB_03881
YP_003047055.1	ECB_03882
YP_003047056.1	ECB_03883
YP_003047057.1	ECB_03884
YP_003047058.1	ECB_03885
YP_003047059.1	ECB_03886
YP_003047060.1	ECB_03887
YP_003047061.1	ECB_03888
YP_003047062.1	ECB_03890
YP_003047063.1	ECB_03891
YP_003047064.1	ECB_03892
YP_003047065.1	ECB_03893
YP_003047066.1	ECB_03894
YP_003047067.1	ECB_03895
YP_003047068.1	ECB_03896
YP_003047069.1	ECB_03897
YP_003047071.1	ECB_03899
YP_003047072.1	ECB_03900
YP_003047073.1	ECB_03901
YP_003047074.1	ECB_03902
YP_003047075.1	ECB_03903
YP_003047076.1	ECB_03904
YP_003047077.1	ECB_03905
YP_003047078.1	ECB_03906
YP_003047079.1	ECB_03907
YP_003047080.1	ECB_03908
YP_003047081.1	ECB_03909
YP_003047082.1	ECB_03910
YP_003047083.1	ECB_03911
YP_003047084.1	ECB_03912
YP_003047085.1	ECB_03913
YP_003047086.1	ECB_03914
YP_003047087.1	ECB_03915
YP_003047088.1	ECB_03916
YP_003047089.1	ECB_03917
YP_003047090.1	ECB_03918
YP_003047091.1	ECB_03919
YP_003047092.1	ECB_03920
YP_003047093.1	ECB_03921
YP_003047094.1	ECB_03922
YP_003047095.1	ECB_03923
YP_003047096.1	ECB_03924
YP_003047097.1	ECB_03925
YP_003047098.1	ECB_03926
YP_003047099.1	ECB_03927
YP_003047100.1	ECB_03928
YP_003047101.1	ECB_03929
YP_003047102.1	ECB_03930
YP_003047103.1	ECB_03931
YP_003047104.1	ECB_03932
YP_003047105.1	ECB_03934
YP_003047106.1	ECB_03935
YP_003047107.1	ECB_03936
YP_003047108.1	ECB_03937
YP_003047109.1	ECB_03938
YP_003047110.1	ECB_03939
YP_003047111.1	ECB_03940
YP_003047112.1	ECB_03941
YP_003047113.1	ECB_03942
YP_003047114.1	ECB_03943
YP_003047115.1	ECB_03944
YP_003047116.1	ECB_03945
YP_003047117.1	ECB_03946
YP_003047118.1	ECB_03947
YP_003047119.1	ECB_03948
YP_003047120.1	ECB_03949
YP_003047121.1	ECB_03950
YP_003047122.1	ECB_03951
YP_003047123.1	ECB_03952
YP_003047124.1	ECB_03953
YP_003047125.1	ECB_03954
YP_003047126.1	ECB_03955
YP_003047127.1	ECB_03956
YP_003047128.1	ECB_03957
YP_003047129.1	ECB_03958
YP_003047130.1	ECB_03959
YP_003047131.1	ECB_03960
YP_003047132.1	ECB_03961
YP_003047133.1	ECB_03962
YP_003047134.1	ECB_03963
YP_003047135.1	ECB_03964
YP_003047136.1	ECB_03965
YP_003047137.1	ECB_03966
YP_003047138.1	ECB_03967
YP_003047139.1	ECB_03968
YP_003047140.1	ECB_03969
YP_003047141.1	ECB_03970
YP_003047142.1	ECB_03971
YP_003047143.1	ECB_03972
YP_003047144.1	ECB_03973
YP_003047145.1	ECB_03974
YP_003047146.1	ECB_03975
YP_003047147.1	ECB_03976
YP_003047148.1	ECB_03977
YP_003047149.1	ECB_03978
YP_003047150.1	ECB_03979
YP_003047151.1	ECB_03980
YP_003047152.1	ECB_03981
YP_003047153.1	ECB_03982
YP_003047154.1	ECB_03983
YP_003047155.1	ECB_03984
YP_003047156.1	ECB_03985
YP_003047157.1	ECB_03986
YP_003047158.1	ECB_03987
YP_003047159.1	ECB_03988
YP_003047160.1	ECB_03989
YP_003047161.1	ECB_03990
YP_003047162.1	ECB_03991
YP_003047163.1	ECB_03992
YP_003047164.1	ECB_03993
YP_003047165.1	ECB_03994
YP_003047166.1	ECB_03995
YP_003047167.1	ECB_03997
YP_003047168.1	ECB_03998
YP_003047169.1	ECB_03999
YP_003047170.1	ECB_04000
YP_003047171.1	ECB_04001
YP_003047172.1	ECB_04002
YP_003047173.1	ECB_04003
YP_003047174.1	ECB_04004
YP_003047175.1	ECB_04005
YP_003047176.1	ECB_04006
YP_003047177.1	ECB_04007
YP_003047178.1	ECB_04008
YP_003047179.1	ECB_04009
YP_003047180.1	ECB_04010
YP_003047181.1	ECB_04011
YP_003047182.1	ECB_04012
YP_003047183.1	ECB_04013
YP_003047184.1	ECB_04014
YP_003047185.1	ECB_04015
YP_003047186.1	ECB_04016
YP_003047187.1	ECB_04017
YP_003047188.1	ECB_04018
YP_003047189.1	ECB_04019
YP_003047190.1	ECB_04020
YP_003047191.1	ECB_04021
YP_003047192.1	ECB_04022
YP_003047193.1	ECB_04023
YP_003047194.1	ECB_04024
YP_003047195.1	ECB_04025
YP_003047196.1	ECB_04026
YP_003047197.1	ECB_04027
YP_003047198.1	ECB_04028
YP_003047199.1	ECB_04029
YP_003047200.1	ECB_04030
YP_003047201.1	ECB_04031
YP_003047202.1	ECB_04032
YP_003047203.1	ECB_04033
YP_003047204.1	ECB_04034
YP_003047205.1	ECB_04035
YP_003047206.1	ECB_04036
YP_003047207.1	ECB_04037
YP_003047208.1	ECB_04038
YP_003047209.1	ECB_04039
YP_003047210.1	ECB_04040
YP_003047211.1	ECB_04041
YP_003047212.1	ECB_04042
YP_003047213.1	ECB_04043
YP_003047214.1	ECB_04044
YP_003047215.1	ECB_04045
YP_003047216.1	ECB_04046
YP_003047217.1	ECB_04047
YP_003047218.1	ECB_04048
YP_003047219.1	ECB_04049
YP_003047220.1	ECB_04050
YP_003047221.1	ECB_04051
YP_003047222.1	ECB_04052
YP_003047223.1	ECB_04053
YP_003047224.1	ECB_04054
YP_003047225.1	ECB_04055
YP_003047226.1	ECB_04056
YP_003047227.1	ECB_04057
YP_003047228.1	ECB_04058
YP_003047229.1	ECB_04059
YP_003047230.1	ECB_04060
YP_003047231.1	ECB_04061
YP_003047232.1	ECB_04062
YP_003047233.1	ECB_04063
YP_003047234.1	ECB_04064
YP_003047235.1	ECB_04065
YP_003047236.1	ECB_04066
YP_003047237.1	ECB_04067
YP_003047238.1	ECB_04068
YP_003047239.1	ECB_04069
YP_003047240.1	ECB_04070
YP_003047241.1	ECB_04071
YP_003047242.1	ECB_04072
YP_003047243.1	ECB_04073
YP_003047244.1	ECB_04074
YP_003047245.1	ECB_04075
YP_003047246.1	ECB_04076
YP_003047247.1	ECB_04077
YP_003047248.1	ECB_04078
YP_003047249.1	ECB_04079
YP_003047250.1	ECB_04080
YP_003047251.1	ECB_04081
YP_003047252.1	ECB_04082
YP_003047253.1	ECB_04083
YP_003047254.1	ECB_04084
YP_003047255.1	ECB_04085
YP_003047256.1	ECB_04086
YP_003047257.1	ECB_04087
YP_003047258.1	ECB_04088
YP_003047259.1	ECB_04089
YP_003047260.1	ECB_04090
YP_003047261.1	ECB_04091
YP_003047262.1	ECB_04092
YP_003047265.1	ECB_04095
YP_003047266.1	ECB_04096
YP_003047267.1	ECB_04097
YP_003047268.1	ECB_04098
YP_003047269.1	ECB_04099
YP_003047270.1	ECB_04100
YP_003047271.1	ECB_04101
YP_003047272.1	ECB_04102
YP_003047273.1	ECB_04103
YP_003047274.1	ECB_04105
YP_003047275.1	ECB_04106
YP_003047276.1	ECB_04107
YP_003047277.1	ECB_04108
YP_003047278.1	ECB_04109
YP_003047279.1	ECB_04110
YP_003047280.1	ECB_04111
YP_003047281.1	ECB_04112
YP_003047282.1	ECB_04113
YP_003047283.1	ECB_04114
YP_003047284.1	ECB_04115
YP_003047285.1	ECB_04116
YP_003047286.1	ECB_04117
YP_003047287.1	ECB_04118
YP_003047288.1	ECB_04119
YP_003047289.1	ECB_04120
YP_003047290.1	ECB_04121
YP_003047291.1	ECB_04122
YP_003047292.1	ECB_04123
YP_003047293.1	ECB_04124
YP_003047294.1	ECB_04125
YP_003047295.1	ECB_04126
YP_003047296.1	ECB_04127
YP_003047297.1	ECB_04128
YP_003047298.1	ECB_04129
YP_003047299.1	ECB_04130
YP_003047300.1	ECB_04131
YP_003047301.1	ECB_04132
YP_003047302.1	ECB_04133
YP_003047303.1	ECB_04134
YP_003047304.1	ECB_04135
YP_003047305.1	ECB_04136
YP_003047306.1	ECB_04137
YP_003047307.1	ECB_04139
YP_003047308.1	ECB_04140
YP_003047309.1	ECB_04141
YP_003047310.1	ECB_04142
YP_003047311.1	ECB_04145
YP_003047312.1	ECB_04146
YP_003047313.1	ECB_04147
YP_003047314.1	ECB_04148
YP_003047315.1	ECB_04149
YP_003047316.1	ECB_04150
YP_003047317.1	ECB_04152
YP_003047318.1	ECB_04153
YP_003047319.1	ECB_04154
YP_003047320.1	ECB_04155
YP_003047321.1	ECB_04156
YP_003047322.1	ECB_04157
YP_003047323.1	ECB_04158
YP_003047324.1	ECB_04159
YP_003047325.1	ECB_04160
YP_003047326.1	ECB_04162
YP_003047327.1	ECB_04163
YP_003047328.1	ECB_04164
YP_003047329.1	ECB_04165
YP_003047330.1	ECB_04166
YP_003047331.1	ECB_04167
YP_003047332.1	ECB_04168
YP_003047333.1	ECB_04169
YP_003047334.1	ECB_04170
YP_003047335.1	ECB_04171
YP_003047336.1	ECB_04172
YP_003047337.1	ECB_04173
YP_003047338.1	ECB_04174
YP_003047339.1	ECB_04176
YP_003047340.1	ECB_04177
YP_003047341.1	ECB_04178
YP_003047342.1	ECB_04180
YP_003047343.1	ECB_04181
YP_003047344.1	ECB_04182
YP_003047345.1	ECB_04183
YP_003047346.1	ECB_04184
YP_003047347.1	ECB_04185
YP_003047348.1	ECB_04186
YP_003047349.1	ECB_04187
YP_003047350.1	ECB_04188
YP_003047351.1	ECB_04189
YP_003047352.1	ECB_04190
YP_003047353.1	ECB_04191
YP_003047354.1	ECB_04192
YP_003047355.1	ECB_04193
YP_003047356.1	ECB_04194
YP_003047357.1	ECB_04195
YP_003047358.1	ECB_04196
YP_003047359.1	ECB_04197
YP_003047360.1	ECB_04198
YP_003047361.1	ECB_04199
YP_003047362.1	ECB_04200
YP_003047363.1	ECB_04201
YP_003047364.1	ECB_04202
YP_003047365.1	ECB_04203
YP_003047366.1	ECB_04204
YP_003047367.1	ECB_04205
YP_003047368.1	ECB_04206
YP_003047369.1	ECB_04207
YP_003047370.1	ECB_04208
YP_003047371.1	ECB_04209
YP_003047372.1	ECB_04211
YP_003047373.1	ECB_04212
YP_003047374.1	ECB_04213
YP_003047375.1	ECB_04214
YP_003047376.1	ECB_04215
YP_003047377.1	ECB_04216
YP_003047378.1	ECB_04217
YP_003047379.1	ECB_04218
YP_003047380.1	ECB_04219
YP_003047381.1	ECB_04220
YP_003047382.1	ECB_04221
YP_003047383.1	ECB_04222
YP_003047384.1	ECB_04223
YP_003047385.1	ECB_04224
YP_003047386.1	ECB_04225
YP_003047387.1	ECB_04226
YP_003047388.1	ECB_04227
YP_003047389.1	ECB_04228
YP_003047390.1	ECB_04229
YP_003047391.1	ECB_04230
YP_003047392.1	ECB_04231
YP_003047393.1	ECB_04232
YP_003047394.1	ECB_04233
YP_003047395.1	ECB_04235
YP_003047396.1	ECB_04236
YP_003047397.1	ECB_04237
YP_003047398.1	ECB_04238
YP_003047399.1	ECB_04239
YP_003047400.1	ECB_04240
YP_003047401.1	ECB_04241
YP_003047402.1	ECB_04242
YP_003047403.1	ECB_04243
YP_003047404.1	ECB_04244
YP_003047405.1	ECB_04245
YP_003047406.1	ECB_04246
YP_003047407.1	ECB_04247
YP_003047408.1	ECB_04248
YP_003047409.1	ECB_04249
YP_003047410.1	ECB_04250
YP_003047411.1	ECB_04251
YP_003047412.1	ECB_04252
YP_003047413.1	ECB_04253
YP_003047414.1	ECB_04254
YP_003047415.1	ECB_04255
YP_003047416.1	ECB_04256
YP_003047417.1	ECB_04257
YP_003047418.1	ECB_04258
YP_003047419.1	ECB_04259
YP_003047420.1	ECB_04260
YP_003047421.1	ECB_04261
YP_003047422.1	ECB_04262
YP_003047423.1	ECB_04263
YP_003047424.1	ECB_04264
YP_003047425.1	ECB_04265
YP_003047426.1	ECB_04266
YP_003047427.1	ECB_04267
YP_003047428.1	ECB_04268
YP_003047429.1	ECB_04269
YP_003047430.1	ECB_04270
YP_003047431.1	ECB_04271
YP_003047432.1	ECB_04272
YP_003047433.1	ECB_04273
YP_003047434.1	ECB_04274
YP_003047435.1	ECB_04275
YP_003047436.1	ECB_04277
YP_003047437.1	ECB_04278
YP_003047438.1	ECB_04279
