strain	assay	conditions	replicates	build	licence	artifact	checksum	per_gene_table	mapping_route	status	source
PCC 7942	transcriptomics (array)	incubation medium=EPA Very Soft Water (pH 6.4± 0.3)/EPA Very Soft Water (pH 6.4± 0.3) + 5 mg/L Z-COTE/EPA Very Soft Water (pH 6.4± 0.3) + 5 mg/L ZnCl2/EPA Very Soft Water (pH 6.4± 0.3) + 5 mg/l Z-COTE HP1; incubation condition=5 h, 20°C, 100 rpm agitation, continuous light	16 samples total; per-condition replicate count not stated in repository metadata	not stated in GEO metadata	"REPOSITORY TERMS (governs the deposited files) = NCBI asserts no licence and grants no permission. Quoted: ""Therefore, NCBI itself places no restrictions on the use or distribution of the data contained therein. Nor do we accept data when the submitter has requested restrictions on reuse or redistribution."" and ""However, some submitters of the original data (or the country of origin of such data) may claim patent, copyright, or other intellectual property rights in all or a portion of the data (that has been submitted). NCBI is not in a position to assess the validity of such claims and since there is no transfer of rights from submitters to NCBI, NCBI has no rights to transfer to a third party. Therefore, NCBI cannot provide comment or unrestricted permission concerning the use, copying, or distribution of the information contained in the molecular databases."" [NCBI 'Policies and Disclaimers', https://www.ncbi.nlm.nih.gov/home/about/policies/, section 'Molecular Data Usage' (retrieved 2026-10-03, page SHA-256 8ad8f6f186ca51ec73a5fb8935ecfa17b8cbaad300b7025b381898ab72621869)] ;; PER-FILE NOTICE = none. The GEO/RefSeq record carries no per-file licence field and the retrieved record contains no per-file notice. ;; ARTICLE TERMS = not read: PMID 31161548 / doi:10.1007/s11356-019-05057-6 has no PMC deposit, so the per-article <permissions> block is unavailable by the Europe PMC route; Europe PMC's search record reports license as empty [Europe PMC resultType=core record for PMID 31161548, retrieved 2026-10-03]. Source-side limitation, not a sandbox block ;; DIVERGENCE = NOT ASSESSED: the article terms could not be read, so article-vs-artifact divergence is unestablished for this row. ;; RECOMMENDATION (not a permission; the decision belongs in docs/validation/source-ledger.md): NCBI asserts no licence over submitter-contributed GEO data and refuses submissions carrying reuse restrictions, but it also disclaims the ability to grant permission. There is therefore NO affirmative grant attached to this artifact. Treat the governing grant as the article licence where one exists and the deposited files are the article's data, and record the absence of a per-file notice explicitly."	GEO GSE102914 (series record, status Public on Jun 05 2019, last update Jul 25 2021); supplementary files: GSE102914_RAW.tar; article PMID 31161548		none found (raw only: GSE102914_RAW.tar)	PCC 7942 RefSeq locus tags -> existing exact shared-protein crosswalk	escalate: the artifact's repository terms were located and quoted, but the repository supplies no affirmative grant and the article's governing notice could not be read from any deposit route available to this session. Nothing in this row licenses redistribution and the divergence is unestablished. Source-side restriction, not a sandbox block.	GEO SOFT record https://www.ncbi.nlm.nih.gov/geo/query/acc.cgi?acc=GSE102914&targ=all&form=text&view=brief (retrieved 2026-10-03) | NCBI 'Policies and Disclaimers', https://www.ncbi.nlm.nih.gov/home/about/policies/, section 'Molecular Data Usage' (retrieved 2026-10-03, page SHA-256 8ad8f6f186ca51ec73a5fb8935ecfa17b8cbaad300b7025b381898ab72621869)
PCC 7942	transcriptomics (RNA-seq)	genotype=rel-/wild type; time point=subjective dawn (CT=0)/subjective dusk (CT=12h)	8 samples total; per-condition replicate count not stated in repository metadata	not stated in GEO metadata	"REPOSITORY TERMS (governs the deposited files) = NCBI asserts no licence and grants no permission. Quoted: ""Therefore, NCBI itself places no restrictions on the use or distribution of the data contained therein. Nor do we accept data when the submitter has requested restrictions on reuse or redistribution."" and ""However, some submitters of the original data (or the country of origin of such data) may claim patent, copyright, or other intellectual property rights in all or a portion of the data (that has been submitted). NCBI is not in a position to assess the validity of such claims and since there is no transfer of rights from submitters to NCBI, NCBI has no rights to transfer to a third party. Therefore, NCBI cannot provide comment or unrestricted permission concerning the use, copying, or distribution of the information contained in the molecular databases."" [NCBI 'Policies and Disclaimers', https://www.ncbi.nlm.nih.gov/home/about/policies/, section 'Molecular Data Usage' (retrieved 2026-10-03, page SHA-256 8ad8f6f186ca51ec73a5fb8935ecfa17b8cbaad300b7025b381898ab72621869)] ;; PER-FILE NOTICE = none. The GEO/RefSeq record carries no per-file licence field and the retrieved record contains no per-file notice. ;; ARTICLE TERMS = not read: PMID 29241543 / doi:10.1016/j.celrep.2017.11.067 has no PMC deposit, so the per-article <permissions> block is unavailable by the Europe PMC route; Europe PMC's search record reports license ""cc by-nc-nd"" [Europe PMC resultType=core record for PMID 29241543, retrieved 2026-10-03]. Source-side limitation, not a sandbox block ;; DIVERGENCE = NOT ASSESSED: the article terms could not be read, so article-vs-artifact divergence is unestablished for this row. ;; RECOMMENDATION (not a permission; the decision belongs in docs/validation/source-ledger.md): NCBI asserts no licence over submitter-contributed GEO data and refuses submissions carrying reuse restrictions, but it also disclaims the ability to grant permission. There is therefore NO affirmative grant attached to this artifact. Treat the governing grant as the article licence where one exists and the deposited files are the article's data, and record the absence of a per-file notice explicitly."	GEO GSE103462 (series record, status Public on Dec 12 2017, last update Jul 20 2022); supplementary files: GSE103462_Expression.xls.gz; article PMID 29241543		GSE103462_Expression.xls.gz	PCC 7942 RefSeq locus tags -> existing exact shared-protein crosswalk	escalate: the artifact's repository terms were located and quoted, but the repository supplies no affirmative grant and the article's governing notice could not be read from any deposit route available to this session. Nothing in this row licenses redistribution and the divergence is unestablished. Source-side restriction, not a sandbox block.	GEO SOFT record https://www.ncbi.nlm.nih.gov/geo/query/acc.cgi?acc=GSE103462&targ=all&form=text&view=brief (retrieved 2026-10-03) | NCBI 'Policies and Disclaimers', https://www.ncbi.nlm.nih.gov/home/about/policies/, section 'Molecular Data Usage' (retrieved 2026-10-03, page SHA-256 8ad8f6f186ca51ec73a5fb8935ecfa17b8cbaad300b7025b381898ab72621869)
PCC 7942	transcriptomics (RNA-seq)	genotype=rel- + relA+/rel- + relAE335Q; time point=subjective dawn (CT=0)/subjective dusk (CT=12h)	8 samples total; per-condition replicate count not stated in repository metadata	not stated in GEO metadata	"REPOSITORY TERMS (governs the deposited files) = NCBI asserts no licence and grants no permission. Quoted: ""Therefore, NCBI itself places no restrictions on the use or distribution of the data contained therein. Nor do we accept data when the submitter has requested restrictions on reuse or redistribution."" and ""However, some submitters of the original data (or the country of origin of such data) may claim patent, copyright, or other intellectual property rights in all or a portion of the data (that has been submitted). NCBI is not in a position to assess the validity of such claims and since there is no transfer of rights from submitters to NCBI, NCBI has no rights to transfer to a third party. Therefore, NCBI cannot provide comment or unrestricted permission concerning the use, copying, or distribution of the information contained in the molecular databases."" [NCBI 'Policies and Disclaimers', https://www.ncbi.nlm.nih.gov/home/about/policies/, section 'Molecular Data Usage' (retrieved 2026-10-03, page SHA-256 8ad8f6f186ca51ec73a5fb8935ecfa17b8cbaad300b7025b381898ab72621869)] ;; PER-FILE NOTICE = none. The GEO/RefSeq record carries no per-file licence field and the retrieved record contains no per-file notice. ;; ARTICLE TERMS = not read: PMID 29241543 / doi:10.1016/j.celrep.2017.11.067 has no PMC deposit, so the per-article <permissions> block is unavailable by the Europe PMC route; Europe PMC's search record reports license ""cc by-nc-nd"" [Europe PMC resultType=core record for PMID 29241543, retrieved 2026-10-03]. Source-side limitation, not a sandbox block ;; DIVERGENCE = NOT ASSESSED: the article terms could not be read, so article-vs-artifact divergence is unestablished for this row. ;; RECOMMENDATION (not a permission; the decision belongs in docs/validation/source-ledger.md): NCBI asserts no licence over submitter-contributed GEO data and refuses submissions carrying reuse restrictions, but it also disclaims the ability to grant permission. There is therefore NO affirmative grant attached to this artifact. Treat the governing grant as the article licence where one exists and the deposited files are the article's data, and record the absence of a per-file notice explicitly."	GEO GSE103463 (series record, status Public on Dec 12 2017, last update Jul 20 2022); supplementary files: GSE103463_Expression.xls.gz; article PMID 29241543		GSE103463_Expression.xls.gz	PCC 7942 RefSeq locus tags -> existing exact shared-protein crosswalk	escalate: the artifact's repository terms were located and quoted, but the repository supplies no affirmative grant and the article's governing notice could not be read from any deposit route available to this session. Nothing in this row licenses redistribution and the divergence is unestablished. Source-side restriction, not a sandbox block.	GEO SOFT record https://www.ncbi.nlm.nih.gov/geo/query/acc.cgi?acc=GSE103463&targ=all&form=text&view=brief (retrieved 2026-10-03) | NCBI 'Policies and Disclaimers', https://www.ncbi.nlm.nih.gov/home/about/policies/, section 'Molecular Data Usage' (retrieved 2026-10-03, page SHA-256 8ad8f6f186ca51ec73a5fb8935ecfa17b8cbaad300b7025b381898ab72621869)
PCC 7942	transcriptomics (RNA-seq)	genotype=rel-/rel- + relA+/rel- + relAE335Q/rel- relA+; time point=0 (pre-induction)/1 h/30 min/combined; strain=PCC 7942; chip antibody=Mouse IgG whole molecule (Jackson ImmunoResearch, cat. 015-000-003 , Lot 111338)/anti-E. coli RNA polymerase β monoclonal antibody (BioLegend, cat. 663905, Lot B194049)	106 samples total; per-condition replicate count not stated in repository metadata	not stated in GEO metadata	"REPOSITORY TERMS (governs the deposited files) = NCBI asserts no licence and grants no permission. Quoted: ""Therefore, NCBI itself places no restrictions on the use or distribution of the data contained therein. Nor do we accept data when the submitter has requested restrictions on reuse or redistribution."" and ""However, some submitters of the original data (or the country of origin of such data) may claim patent, copyright, or other intellectual property rights in all or a portion of the data (that has been submitted). NCBI is not in a position to assess the validity of such claims and since there is no transfer of rights from submitters to NCBI, NCBI has no rights to transfer to a third party. Therefore, NCBI cannot provide comment or unrestricted permission concerning the use, copying, or distribution of the information contained in the molecular databases."" [NCBI 'Policies and Disclaimers', https://www.ncbi.nlm.nih.gov/home/about/policies/, section 'Molecular Data Usage' (retrieved 2026-10-03, page SHA-256 8ad8f6f186ca51ec73a5fb8935ecfa17b8cbaad300b7025b381898ab72621869)] ;; PER-FILE NOTICE = none. The GEO/RefSeq record carries no per-file licence field and the retrieved record contains no per-file notice. ;; ARTICLE TERMS = not read: PMID 29241543 / doi:10.1016/j.celrep.2017.11.067 has no PMC deposit, so the per-article <permissions> block is unavailable by the Europe PMC route; Europe PMC's search record reports license ""cc by-nc-nd"" [Europe PMC resultType=core record for PMID 29241543, retrieved 2026-10-03]. Source-side limitation, not a sandbox block ;; DIVERGENCE = NOT ASSESSED: the article terms could not be read, so article-vs-artifact divergence is unestablished for this row. ;; RECOMMENDATION (not a permission; the decision belongs in docs/validation/source-ledger.md): NCBI asserts no licence over submitter-contributed GEO data and refuses submissions carrying reuse restrictions, but it also disclaims the ability to grant permission. There is therefore NO affirmative grant attached to this artifact. Treat the governing grant as the article licence where one exists and the deposited files are the article's data, and record the absence of a per-file notice explicitly."	GEO GSE103606 (series record, status Public on Dec 12 2017, last update Jul 20 2022); supplementary files: no series-level supplementary file; article PMID 29241543		none found	PCC 7942 RefSeq locus tags -> existing exact shared-protein crosswalk	escalate: the artifact's repository terms were located and quoted, but the repository supplies no affirmative grant and the article's governing notice could not be read from any deposit route available to this session. Nothing in this row licenses redistribution and the divergence is unestablished. Source-side restriction, not a sandbox block.	GEO SOFT record https://www.ncbi.nlm.nih.gov/geo/query/acc.cgi?acc=GSE103606&targ=all&form=text&view=brief (retrieved 2026-10-03) | NCBI 'Policies and Disclaimers', https://www.ncbi.nlm.nih.gov/home/about/policies/, section 'Molecular Data Usage' (retrieved 2026-10-03, page SHA-256 8ad8f6f186ca51ec73a5fb8935ecfa17b8cbaad300b7025b381898ab72621869)
PCC 7942	transcriptomics (RNA-seq)	strain=PCC 7942; genotype=wild type + relA+/wild type + relAE335Q; time point=0 (pre-induction)/1 h/30 min	6 samples total; per-condition replicate count not stated in repository metadata	not stated in GEO metadata	"REPOSITORY TERMS (governs the deposited files) = NCBI asserts no licence and grants no permission. Quoted: ""Therefore, NCBI itself places no restrictions on the use or distribution of the data contained therein. Nor do we accept data when the submitter has requested restrictions on reuse or redistribution."" and ""However, some submitters of the original data (or the country of origin of such data) may claim patent, copyright, or other intellectual property rights in all or a portion of the data (that has been submitted). NCBI is not in a position to assess the validity of such claims and since there is no transfer of rights from submitters to NCBI, NCBI has no rights to transfer to a third party. Therefore, NCBI cannot provide comment or unrestricted permission concerning the use, copying, or distribution of the information contained in the molecular databases."" [NCBI 'Policies and Disclaimers', https://www.ncbi.nlm.nih.gov/home/about/policies/, section 'Molecular Data Usage' (retrieved 2026-10-03, page SHA-256 8ad8f6f186ca51ec73a5fb8935ecfa17b8cbaad300b7025b381898ab72621869)] ;; PER-FILE NOTICE = none. The GEO/RefSeq record carries no per-file licence field and the retrieved record contains no per-file notice. ;; ARTICLE TERMS = not read: PMID 29241543 / doi:10.1016/j.celrep.2017.11.067 has no PMC deposit, so the per-article <permissions> block is unavailable by the Europe PMC route; Europe PMC's search record reports license ""cc by-nc-nd"" [Europe PMC resultType=core record for PMID 29241543, retrieved 2026-10-03]. Source-side limitation, not a sandbox block ;; DIVERGENCE = NOT ASSESSED: the article terms could not be read, so article-vs-artifact divergence is unestablished for this row. ;; RECOMMENDATION (not a permission; the decision belongs in docs/validation/source-ledger.md): NCBI asserts no licence over submitter-contributed GEO data and refuses submissions carrying reuse restrictions, but it also disclaims the ability to grant permission. There is therefore NO affirmative grant attached to this artifact. Treat the governing grant as the article licence where one exists and the deposited files are the article's data, and record the absence of a per-file notice explicitly."	GEO GSE103644 (series record, status Public on Dec 12 2017, last update Jul 20 2022); supplementary files: GSE103644_Expression.xls.gz; article PMID 29241543		GSE103644_Expression.xls.gz	PCC 7942 RefSeq locus tags -> existing exact shared-protein crosswalk	escalate: the artifact's repository terms were located and quoted, but the repository supplies no affirmative grant and the article's governing notice could not be read from any deposit route available to this session. Nothing in this row licenses redistribution and the divergence is unestablished. Source-side restriction, not a sandbox block.	GEO SOFT record https://www.ncbi.nlm.nih.gov/geo/query/acc.cgi?acc=GSE103644&targ=all&form=text&view=brief (retrieved 2026-10-03) | NCBI 'Policies and Disclaimers', https://www.ncbi.nlm.nih.gov/home/about/policies/, section 'Molecular Data Usage' (retrieved 2026-10-03, page SHA-256 8ad8f6f186ca51ec73a5fb8935ecfa17b8cbaad300b7025b381898ab72621869)
PCC 7942	transcriptomics (RNA-seq)	genotype=rel- replicate 1/rel- replicate 2/wild type replicate 1/wild type replicate 2; time point=darkness, 1 h/darkness, 12 h/darkness, 15 min/darkness, 2 h	36 samples total; per-condition replicate count not stated in repository metadata	not stated in GEO metadata	"REPOSITORY TERMS (governs the deposited files) = NCBI asserts no licence and grants no permission. Quoted: ""Therefore, NCBI itself places no restrictions on the use or distribution of the data contained therein. Nor do we accept data when the submitter has requested restrictions on reuse or redistribution."" and ""However, some submitters of the original data (or the country of origin of such data) may claim patent, copyright, or other intellectual property rights in all or a portion of the data (that has been submitted). NCBI is not in a position to assess the validity of such claims and since there is no transfer of rights from submitters to NCBI, NCBI has no rights to transfer to a third party. Therefore, NCBI cannot provide comment or unrestricted permission concerning the use, copying, or distribution of the information contained in the molecular databases."" [NCBI 'Policies and Disclaimers', https://www.ncbi.nlm.nih.gov/home/about/policies/, section 'Molecular Data Usage' (retrieved 2026-10-03, page SHA-256 8ad8f6f186ca51ec73a5fb8935ecfa17b8cbaad300b7025b381898ab72621869)] ;; PER-FILE NOTICE = none. The GEO/RefSeq record carries no per-file licence field and the retrieved record contains no per-file notice. ;; ARTICLE TERMS = not read: PMID 29241543 / doi:10.1016/j.celrep.2017.11.067 has no PMC deposit, so the per-article <permissions> block is unavailable by the Europe PMC route; Europe PMC's search record reports license ""cc by-nc-nd"" [Europe PMC resultType=core record for PMID 29241543, retrieved 2026-10-03]. Source-side limitation, not a sandbox block ;; DIVERGENCE = NOT ASSESSED: the article terms could not be read, so article-vs-artifact divergence is unestablished for this row. ;; RECOMMENDATION (not a permission; the decision belongs in docs/validation/source-ledger.md): NCBI asserts no licence over submitter-contributed GEO data and refuses submissions carrying reuse restrictions, but it also disclaims the ability to grant permission. There is therefore NO affirmative grant attached to this artifact. Treat the governing grant as the article licence where one exists and the deposited files are the article's data, and record the absence of a per-file notice explicitly."	GEO GSE103704 (series record, status Public on Dec 12 2017, last update Jul 20 2022); supplementary files: GSE103704_Expression.xls.gz; article PMID 29241543		GSE103704_Expression.xls.gz	PCC 7942 RefSeq locus tags -> existing exact shared-protein crosswalk	escalate: the artifact's repository terms were located and quoted, but the repository supplies no affirmative grant and the article's governing notice could not be read from any deposit route available to this session. Nothing in this row licenses redistribution and the divergence is unestablished. Source-side restriction, not a sandbox block.	GEO SOFT record https://www.ncbi.nlm.nih.gov/geo/query/acc.cgi?acc=GSE103704&targ=all&form=text&view=brief (retrieved 2026-10-03) | NCBI 'Policies and Disclaimers', https://www.ncbi.nlm.nih.gov/home/about/policies/, section 'Molecular Data Usage' (retrieved 2026-10-03, page SHA-256 8ad8f6f186ca51ec73a5fb8935ecfa17b8cbaad300b7025b381898ab72621869)
PCC 7942	transcriptomics (RNA-seq)	hours since light onset (dawn)=0.5/10/12/2; perturbation=15 minutes in High Light pulse/15 minutes in Shade pulse/15 minutes since return to Clear Day/15 minutes since return to Low Light; light period=3rd/4th; replicate=1/2	60 samples total; per-condition replicate count not stated in repository metadata	not stated in GEO metadata	"REPOSITORY TERMS (governs the deposited files) = NCBI asserts no licence and grants no permission. Quoted: ""Therefore, NCBI itself places no restrictions on the use or distribution of the data contained therein. Nor do we accept data when the submitter has requested restrictions on reuse or redistribution."" and ""However, some submitters of the original data (or the country of origin of such data) may claim patent, copyright, or other intellectual property rights in all or a portion of the data (that has been submitted). NCBI is not in a position to assess the validity of such claims and since there is no transfer of rights from submitters to NCBI, NCBI has no rights to transfer to a third party. Therefore, NCBI cannot provide comment or unrestricted permission concerning the use, copying, or distribution of the information contained in the molecular databases."" [NCBI 'Policies and Disclaimers', https://www.ncbi.nlm.nih.gov/home/about/policies/, section 'Molecular Data Usage' (retrieved 2026-10-03, page SHA-256 8ad8f6f186ca51ec73a5fb8935ecfa17b8cbaad300b7025b381898ab72621869)] ;; PER-FILE NOTICE = none. The GEO/RefSeq record carries no per-file licence field and the retrieved record contains no per-file notice. ;; ARTICLE TERMS (open licence) = ""This article is distributed under the terms of the Creative Commons Attribution License , which permits unrestricted use and redistribution provided that the original author and source are credited."" [PMC5785211 <permissions> block, Europe PMC/NCBI PMC record, retrieved 2026-10-03] ;; DIVERGENCE = the article is openly licensed while the GEO files carry no licence of their own; the article licence covers the article and its own supplements, not the independently deposited GEO files. ;; RECOMMENDATION (not a permission; the decision belongs in docs/validation/source-ledger.md): NCBI asserts no licence over submitter-contributed GEO data and refuses submissions carrying reuse restrictions, but it also disclaims the ability to grant permission. There is therefore NO affirmative grant attached to this artifact. Treat the governing grant as the article licence where one exists and the deposited files are the article's data, and record the absence of a per-file notice explicitly."	GEO GSE104203 (series record, status Public on Dec 16 2017, last update May 15 2019); supplementary files: GSE104203_Natural_light_RNAseq_processed.xlsx; article PMID 29239721		none found (raw only: GSE104203_Natural_light_RNAseq_processed.xlsx)	PCC 7942 RefSeq locus tags -> existing exact shared-protein crosswalk	candidate: governing terms located and quoted for both the artifact and the article (or the article is not applicable). No affirmative grant over the deposited files is asserted by the repository; this row is evidence, not permission.	GEO SOFT record https://www.ncbi.nlm.nih.gov/geo/query/acc.cgi?acc=GSE104203&targ=all&form=text&view=brief (retrieved 2026-10-03) | NCBI 'Policies and Disclaimers', https://www.ncbi.nlm.nih.gov/home/about/policies/, section 'Molecular Data Usage' (retrieved 2026-10-03, page SHA-256 8ad8f6f186ca51ec73a5fb8935ecfa17b8cbaad300b7025b381898ab72621869) | PMC5785211 <permissions> block via Europe PMC fullTextXML or NCBI efetch db=pmc (retrieved 2026-10-03)
PCC 7942	transcriptomics (RNA-seq)	hours since light onset (dawn)=0.5/10/12/2; perturbation=15 minutes in High Light pulse/15 minutes in Shade pulse/15 minutes since return to Clear Day/15 minutes since return to Low Light; chip antibody=FLAG M2 mouse monoclonal antibody (Sigma-Aldrich, catalog number F1804, lot number SLBN5629V)/Rabbit Igg (Sigma Aldrich, catalog number I5006)/anti-RpaA (made in-house)/anti-RpaB (made in-house); replicate=1/2; light period=3rd/4th	97 samples total; per-condition replicate count not stated in repository metadata	not stated in GEO metadata	"REPOSITORY TERMS (governs the deposited files) = NCBI asserts no licence and grants no permission. Quoted: ""Therefore, NCBI itself places no restrictions on the use or distribution of the data contained therein. Nor do we accept data when the submitter has requested restrictions on reuse or redistribution."" and ""However, some submitters of the original data (or the country of origin of such data) may claim patent, copyright, or other intellectual property rights in all or a portion of the data (that has been submitted). NCBI is not in a position to assess the validity of such claims and since there is no transfer of rights from submitters to NCBI, NCBI has no rights to transfer to a third party. Therefore, NCBI cannot provide comment or unrestricted permission concerning the use, copying, or distribution of the information contained in the molecular databases."" [NCBI 'Policies and Disclaimers', https://www.ncbi.nlm.nih.gov/home/about/policies/, section 'Molecular Data Usage' (retrieved 2026-10-03, page SHA-256 8ad8f6f186ca51ec73a5fb8935ecfa17b8cbaad300b7025b381898ab72621869)] ;; PER-FILE NOTICE = none. The GEO/RefSeq record carries no per-file licence field and the retrieved record contains no per-file notice. ;; ARTICLE TERMS (open licence) = ""This article is distributed under the terms of the Creative Commons Attribution License , which permits unrestricted use and redistribution provided that the original author and source are credited."" [PMC5785211 <permissions> block, Europe PMC/NCBI PMC record, retrieved 2026-10-03] ;; DIVERGENCE = the article is openly licensed while the GEO files carry no licence of their own; the article licence covers the article and its own supplements, not the independently deposited GEO files. ;; RECOMMENDATION (not a permission; the decision belongs in docs/validation/source-ledger.md): NCBI asserts no licence over submitter-contributed GEO data and refuses submissions carrying reuse restrictions, but it also disclaims the ability to grant permission. There is therefore NO affirmative grant attached to this artifact. Treat the governing grant as the article licence where one exists and the deposited files are the article's data, and record the absence of a per-file notice explicitly."	GEO GSE104204 (series record, status Public on Dec 16 2017, last update May 15 2019); supplementary files: no series-level supplementary file; article PMID 29239721		none found	PCC 7942 RefSeq locus tags -> existing exact shared-protein crosswalk	candidate: governing terms located and quoted for both the artifact and the article (or the article is not applicable). No affirmative grant over the deposited files is asserted by the repository; this row is evidence, not permission.	GEO SOFT record https://www.ncbi.nlm.nih.gov/geo/query/acc.cgi?acc=GSE104204&targ=all&form=text&view=brief (retrieved 2026-10-03) | NCBI 'Policies and Disclaimers', https://www.ncbi.nlm.nih.gov/home/about/policies/, section 'Molecular Data Usage' (retrieved 2026-10-03, page SHA-256 8ad8f6f186ca51ec73a5fb8935ecfa17b8cbaad300b7025b381898ab72621869) | PMC5785211 <permissions> block via Europe PMC fullTextXML or NCBI efetch db=pmc (retrieved 2026-10-03)
PCC 7942	transcriptomics (RNA-seq)	genotype=rel- relA+/rel- relAE335Q; time point=darkness, 1 h/darkness, 12 h/darkness, 15 min/darkness, 2 h	36 samples total; per-condition replicate count not stated in repository metadata	not stated in GEO metadata	"REPOSITORY TERMS (governs the deposited files) = NCBI asserts no licence and grants no permission. Quoted: ""Therefore, NCBI itself places no restrictions on the use or distribution of the data contained therein. Nor do we accept data when the submitter has requested restrictions on reuse or redistribution."" and ""However, some submitters of the original data (or the country of origin of such data) may claim patent, copyright, or other intellectual property rights in all or a portion of the data (that has been submitted). NCBI is not in a position to assess the validity of such claims and since there is no transfer of rights from submitters to NCBI, NCBI has no rights to transfer to a third party. Therefore, NCBI cannot provide comment or unrestricted permission concerning the use, copying, or distribution of the information contained in the molecular databases."" [NCBI 'Policies and Disclaimers', https://www.ncbi.nlm.nih.gov/home/about/policies/, section 'Molecular Data Usage' (retrieved 2026-10-03, page SHA-256 8ad8f6f186ca51ec73a5fb8935ecfa17b8cbaad300b7025b381898ab72621869)] ;; PER-FILE NOTICE = none. The GEO/RefSeq record carries no per-file licence field and the retrieved record contains no per-file notice. ;; ARTICLE TERMS = not read: PMID 29241543 / doi:10.1016/j.celrep.2017.11.067 has no PMC deposit, so the per-article <permissions> block is unavailable by the Europe PMC route; Europe PMC's search record reports license ""cc by-nc-nd"" [Europe PMC resultType=core record for PMID 29241543, retrieved 2026-10-03]. Source-side limitation, not a sandbox block ;; DIVERGENCE = NOT ASSESSED: the article terms could not be read, so article-vs-artifact divergence is unestablished for this row. ;; RECOMMENDATION (not a permission; the decision belongs in docs/validation/source-ledger.md): NCBI asserts no licence over submitter-contributed GEO data and refuses submissions carrying reuse restrictions, but it also disclaims the ability to grant permission. There is therefore NO affirmative grant attached to this artifact. Treat the governing grant as the article licence where one exists and the deposited files are the article's data, and record the absence of a per-file notice explicitly."	GEO GSE105774 (series record, status Public on Dec 12 2017, last update Jul 20 2022); supplementary files: GSE105774_Expression.xls.gz; article PMID 29241543		GSE105774_Expression.xls.gz	PCC 7942 RefSeq locus tags -> existing exact shared-protein crosswalk	escalate: the artifact's repository terms were located and quoted, but the repository supplies no affirmative grant and the article's governing notice could not be read from any deposit route available to this session. Nothing in this row licenses redistribution and the divergence is unestablished. Source-side restriction, not a sandbox block.	GEO SOFT record https://www.ncbi.nlm.nih.gov/geo/query/acc.cgi?acc=GSE105774&targ=all&form=text&view=brief (retrieved 2026-10-03) | NCBI 'Policies and Disclaimers', https://www.ncbi.nlm.nih.gov/home/about/policies/, section 'Molecular Data Usage' (retrieved 2026-10-03, page SHA-256 8ad8f6f186ca51ec73a5fb8935ecfa17b8cbaad300b7025b381898ab72621869)
PCC 7942	transcriptomics (RNA-seq)	strain=PCC 7942; sample type=Cyanobacterial cell; genotype/variation=OsTPX-expressing/wild type; growth condition=normal/stress; 2.5 mM H2O2 for 2 days	4 samples total; per-condition replicate count not stated in repository metadata	not stated in GEO metadata	"REPOSITORY TERMS (governs the deposited files) = NCBI asserts no licence and grants no permission. Quoted: ""Therefore, NCBI itself places no restrictions on the use or distribution of the data contained therein. Nor do we accept data when the submitter has requested restrictions on reuse or redistribution."" and ""However, some submitters of the original data (or the country of origin of such data) may claim patent, copyright, or other intellectual property rights in all or a portion of the data (that has been submitted). NCBI is not in a position to assess the validity of such claims and since there is no transfer of rights from submitters to NCBI, NCBI has no rights to transfer to a third party. Therefore, NCBI cannot provide comment or unrestricted permission concerning the use, copying, or distribution of the information contained in the molecular databases."" [NCBI 'Policies and Disclaimers', https://www.ncbi.nlm.nih.gov/home/about/policies/, section 'Molecular Data Usage' (retrieved 2026-10-03, page SHA-256 8ad8f6f186ca51ec73a5fb8935ecfa17b8cbaad300b7025b381898ab72621869)] ;; PER-FILE NOTICE = none. The GEO/RefSeq record carries no per-file licence field and the retrieved record contains no per-file notice. ;; ARTICLE TERMS (open licence) = ""This is an open-access article distributed under the terms of the Creative Commons Attribution License (CC BY). The use, distribution or reproduction in other forums is permitted, provided the original author(s) and the copyright owner(s) are credited and that the original publication in this journal is cited, in accordance with accepted academic practice. No use, distribution or reproduction is permitted which does "" [PMC6297720 <permissions> block, Europe PMC/NCBI PMC record, retrieved 2026-10-03] ;; DIVERGENCE = the article is openly licensed while the GEO files carry no licence of their own; the article licence covers the article and its own supplements, not the independently deposited GEO files. ;; RECOMMENDATION (not a permission; the decision belongs in docs/validation/source-ledger.md): NCBI asserts no licence over submitter-contributed GEO data and refuses submissions carrying reuse restrictions, but it also disclaims the ability to grant permission. There is therefore NO affirmative grant attached to this artifact. Treat the governing grant as the article licence where one exists and the deposited files are the article's data, and record the absence of a per-file notice explicitly."	GEO GSE122841 (series record, status Public on Dec 26 2018, last update Jan 15 2019); supplementary files: GSE122841_RAW.tar; article PMID 30619416		none found (raw only: GSE122841_RAW.tar)	PCC 7942 RefSeq locus tags -> existing exact shared-protein crosswalk	candidate: governing terms located and quoted for both the artifact and the article (or the article is not applicable). No affirmative grant over the deposited files is asserted by the repository; this row is evidence, not permission.	GEO SOFT record https://www.ncbi.nlm.nih.gov/geo/query/acc.cgi?acc=GSE122841&targ=all&form=text&view=brief (retrieved 2026-10-03) | NCBI 'Policies and Disclaimers', https://www.ncbi.nlm.nih.gov/home/about/policies/, section 'Molecular Data Usage' (retrieved 2026-10-03, page SHA-256 8ad8f6f186ca51ec73a5fb8935ecfa17b8cbaad300b7025b381898ab72621869) | PMC6297720 <permissions> block via Europe PMC fullTextXML or NCBI efetch db=pmc (retrieved 2026-10-03)
PCC 7942	transcriptomics (RNA-seq)	strain=PCC 7942; genotype/variation=transgenic microalgae (TA)/wild type; treatment=normal/stressed; 2.5 mM H2O2 at 7 days	4 samples total; per-condition replicate count not stated in repository metadata	not stated in GEO metadata	"REPOSITORY TERMS (governs the deposited files) = NCBI asserts no licence and grants no permission. Quoted: ""Therefore, NCBI itself places no restrictions on the use or distribution of the data contained therein. Nor do we accept data when the submitter has requested restrictions on reuse or redistribution."" and ""However, some submitters of the original data (or the country of origin of such data) may claim patent, copyright, or other intellectual property rights in all or a portion of the data (that has been submitted). NCBI is not in a position to assess the validity of such claims and since there is no transfer of rights from submitters to NCBI, NCBI has no rights to transfer to a third party. Therefore, NCBI cannot provide comment or unrestricted permission concerning the use, copying, or distribution of the information contained in the molecular databases."" [NCBI 'Policies and Disclaimers', https://www.ncbi.nlm.nih.gov/home/about/policies/, section 'Molecular Data Usage' (retrieved 2026-10-03, page SHA-256 8ad8f6f186ca51ec73a5fb8935ecfa17b8cbaad300b7025b381898ab72621869)] ;; PER-FILE NOTICE = none. The GEO/RefSeq record carries no per-file licence field and the retrieved record contains no per-file notice. ;; ARTICLE TERMS (open licence) = ""https://creativecommons.org/licenses/by/4.0/ This is an open-access article distributed under the terms of the Creative Commons Attribution License (CC BY). The use, distribution or reproduction in other forums is permitted, provided the original author(s) and the copyright owner(s) are credited and that the original publication in this journal is cited, in accordance with accepted academic practice. No use, distribu"" [PMC7063034 <permissions> block, Europe PMC/NCBI PMC record, retrieved 2026-10-03] ;; DIVERGENCE = the article is openly licensed while the GEO files carry no licence of their own; the article licence covers the article and its own supplements, not the independently deposited GEO files. ;; RECOMMENDATION (not a permission; the decision belongs in docs/validation/source-ledger.md): NCBI asserts no licence over submitter-contributed GEO data and refuses submissions carrying reuse restrictions, but it also disclaims the ability to grant permission. There is therefore NO affirmative grant attached to this artifact. Treat the governing grant as the article licence where one exists and the deposited files are the article's data, and record the absence of a per-file notice explicitly."	GEO GSE140121 (series record, status Public on Nov 25 2019, last update Nov 28 2019); supplementary files: GSE140121_RAW.tar		none found (raw only: GSE140121_RAW.tar)	PCC 7942 RefSeq locus tags -> existing exact shared-protein crosswalk	candidate: governing terms located and quoted for both the artifact and the article (or the article is not applicable). No affirmative grant over the deposited files is asserted by the repository; this row is evidence, not permission.	GEO SOFT record https://www.ncbi.nlm.nih.gov/geo/query/acc.cgi?acc=GSE140121&targ=all&form=text&view=brief (retrieved 2026-10-03) | NCBI 'Policies and Disclaimers', https://www.ncbi.nlm.nih.gov/home/about/policies/, section 'Molecular Data Usage' (retrieved 2026-10-03, page SHA-256 8ad8f6f186ca51ec73a5fb8935ecfa17b8cbaad300b7025b381898ab72621869) | PMC7063034 <permissions> block via Europe PMC fullTextXML or NCBI efetch db=pmc (retrieved 2026-10-03)
PCC 7942	transcriptomics (array)	experiment=1/2; strain=AMC 408; reference=average of samples in experiment 1/average of samples in experiment 2	23 samples total; per-condition replicate count not stated in repository metadata	not stated in GEO metadata	"REPOSITORY TERMS (governs the deposited files) = NCBI asserts no licence and grants no permission. Quoted: ""Therefore, NCBI itself places no restrictions on the use or distribution of the data contained therein. Nor do we accept data when the submitter has requested restrictions on reuse or redistribution."" and ""However, some submitters of the original data (or the country of origin of such data) may claim patent, copyright, or other intellectual property rights in all or a portion of the data (that has been submitted). NCBI is not in a position to assess the validity of such claims and since there is no transfer of rights from submitters to NCBI, NCBI has no rights to transfer to a third party. Therefore, NCBI cannot provide comment or unrestricted permission concerning the use, copying, or distribution of the information contained in the molecular databases."" [NCBI 'Policies and Disclaimers', https://www.ncbi.nlm.nih.gov/home/about/policies/, section 'Molecular Data Usage' (retrieved 2026-10-03, page SHA-256 8ad8f6f186ca51ec73a5fb8935ecfa17b8cbaad300b7025b381898ab72621869)] ;; PER-FILE NOTICE = none. The GEO/RefSeq record carries no per-file licence field and the retrieved record contains no per-file notice. ;; ARTICLE TERMS = not read: PMC2799730 carries no <permissions> block in any record this session could retrieve (Europe PMC fullTextXML returns HTTP 500 for this non-open-access deposit; NCBI efetch returns front matter without a permissions block). Source-side limitation, not a sandbox block ;; DIVERGENCE = NOT ASSESSED: the article terms could not be read, so article-vs-artifact divergence is unestablished for this row. ;; RECOMMENDATION (not a permission; the decision belongs in docs/validation/source-ledger.md): NCBI asserts no licence over submitter-contributed GEO data and refuses submissions carrying reuse restrictions, but it also disclaims the ability to grant permission. There is therefore NO affirmative grant attached to this artifact. Treat the governing grant as the article licence where one exists and the deposited files are the article's data, and record the absence of a per-file notice explicitly."	GEO GSE18902 (series record, status Public on Nov 30 2009, last update Mar 21 2012); supplementary files: GSE18902_RAW.tar; article PMID 20018699		none found (raw only: GSE18902_RAW.tar)	PCC 7942 RefSeq locus tags -> existing exact shared-protein crosswalk	escalate: the artifact's repository terms were located and quoted, but the repository supplies no affirmative grant and the article's governing notice could not be read from any deposit route available to this session. Nothing in this row licenses redistribution and the divergence is unestablished. Source-side restriction, not a sandbox block.	GEO SOFT record https://www.ncbi.nlm.nih.gov/geo/query/acc.cgi?acc=GSE18902&targ=all&form=text&view=brief (retrieved 2026-10-03) | NCBI 'Policies and Disclaimers', https://www.ncbi.nlm.nih.gov/home/about/policies/, section 'Molecular Data Usage' (retrieved 2026-10-03, page SHA-256 8ad8f6f186ca51ec73a5fb8935ecfa17b8cbaad300b7025b381898ab72621869) | PMC2799730 <permissions> block via Europe PMC fullTextXML or NCBI efetch db=pmc (retrieved 2026-10-03)
PCC 7942	transcriptomics (RNA-seq)	cell type=Cyanobacterial cell; strain=PCC 7942; genotype=RB-TnSeq Library 1.0/RB-TnSeq Library 2.0; growth vessel=bubbling tube/flask; treatment=Conditioned Media/Fresh BG-11; fraction=Biofilm/Settled Cells/Supernatant	25 samples total; per-condition replicate count not stated in repository metadata	not stated in GEO metadata	"REPOSITORY TERMS (governs the deposited files) = NCBI asserts no licence and grants no permission. Quoted: ""Therefore, NCBI itself places no restrictions on the use or distribution of the data contained therein. Nor do we accept data when the submitter has requested restrictions on reuse or redistribution."" and ""However, some submitters of the original data (or the country of origin of such data) may claim patent, copyright, or other intellectual property rights in all or a portion of the data (that has been submitted). NCBI is not in a position to assess the validity of such claims and since there is no transfer of rights from submitters to NCBI, NCBI has no rights to transfer to a third party. Therefore, NCBI cannot provide comment or unrestricted permission concerning the use, copying, or distribution of the information contained in the molecular databases."" [NCBI 'Policies and Disclaimers', https://www.ncbi.nlm.nih.gov/home/about/policies/, section 'Molecular Data Usage' (retrieved 2026-10-03, page SHA-256 8ad8f6f186ca51ec73a5fb8935ecfa17b8cbaad300b7025b381898ab72621869)] ;; PER-FILE NOTICE = none. The GEO/RefSeq record carries no per-file licence field and the retrieved record contains no per-file notice. ;; ARTICLE TERMS (open licence) = ""https://creativecommons.org/licenses/by/4.0/ This is an open-access article distributed under the terms of the Creative Commons Attribution License (CC BY). The use, distribution or reproduction in other forums is permitted, provided the original author(s) and the copyright owner(s) are credited and that the original publication in this journal is cited, in accordance with accepted academic practice. No use, distribu"" [PMC9260433 <permissions> block, Europe PMC/NCBI PMC record, retrieved 2026-10-03] ;; DIVERGENCE = the article is openly licensed while the GEO files carry no licence of their own; the article licence covers the article and its own supplements, not the independently deposited GEO files. ;; RECOMMENDATION (not a permission; the decision belongs in docs/validation/source-ledger.md): NCBI asserts no licence over submitter-contributed GEO data and refuses submissions carrying reuse restrictions, but it also disclaims the ability to grant permission. There is therefore NO affirmative grant attached to this artifact. Treat the governing grant as the article licence where one exists and the deposited files are the article's data, and record the absence of a per-file notice explicitly."	GEO GSE205443 (series record, status Public on Jun 06 2022, last update Jul 15 2022); supplementary files: GSE205443_Counts.txt.gz; GSE205443_RAW.tar; article PMID 35814646		GSE205443_Counts.txt.gz	PCC 7942 RefSeq locus tags -> existing exact shared-protein crosswalk	candidate: governing terms located and quoted for both the artifact and the article (or the article is not applicable). No affirmative grant over the deposited files is asserted by the repository; this row is evidence, not permission.	GEO SOFT record https://www.ncbi.nlm.nih.gov/geo/query/acc.cgi?acc=GSE205443&targ=all&form=text&view=brief (retrieved 2026-10-03) | NCBI 'Policies and Disclaimers', https://www.ncbi.nlm.nih.gov/home/about/policies/, section 'Molecular Data Usage' (retrieved 2026-10-03, page SHA-256 8ad8f6f186ca51ec73a5fb8935ecfa17b8cbaad300b7025b381898ab72621869) | PMC9260433 <permissions> block via Europe PMC fullTextXML or NCBI efetch db=pmc (retrieved 2026-10-03)
PCC 7942	transcriptomics (RNA-seq)	cell type=Cyanobacterial cell; strain=PCC 7942; genotype=RB-TnSeq Library 1.0/RB-TnSeq Library 2.0/Wild Type/pilB::Tn5; growth vessel=bubbling tube/flask; treatment=Conditioned Media/Conditioned Media (CM)/Fresh BG-11; fraction=Biofilm/Settled Cells/Supernatant	46 samples total; per-condition replicate count not stated in repository metadata	not stated in GEO metadata	"REPOSITORY TERMS (governs the deposited files) = NCBI asserts no licence and grants no permission. Quoted: ""Therefore, NCBI itself places no restrictions on the use or distribution of the data contained therein. Nor do we accept data when the submitter has requested restrictions on reuse or redistribution."" and ""However, some submitters of the original data (or the country of origin of such data) may claim patent, copyright, or other intellectual property rights in all or a portion of the data (that has been submitted). NCBI is not in a position to assess the validity of such claims and since there is no transfer of rights from submitters to NCBI, NCBI has no rights to transfer to a third party. Therefore, NCBI cannot provide comment or unrestricted permission concerning the use, copying, or distribution of the information contained in the molecular databases."" [NCBI 'Policies and Disclaimers', https://www.ncbi.nlm.nih.gov/home/about/policies/, section 'Molecular Data Usage' (retrieved 2026-10-03, page SHA-256 8ad8f6f186ca51ec73a5fb8935ecfa17b8cbaad300b7025b381898ab72621869)] ;; PER-FILE NOTICE = none. The GEO/RefSeq record carries no per-file licence field and the retrieved record contains no per-file notice. ;; ARTICLE TERMS (open licence) = ""https://creativecommons.org/licenses/by/4.0/ This is an open-access article distributed under the terms of the Creative Commons Attribution License (CC BY). The use, distribution or reproduction in other forums is permitted, provided the original author(s) and the copyright owner(s) are credited and that the original publication in this journal is cited, in accordance with accepted academic practice. No use, distribu"" [PMC9260433 <permissions> block, Europe PMC/NCBI PMC record, retrieved 2026-10-03] ;; DIVERGENCE = the article is openly licensed while the GEO files carry no licence of their own; the article licence covers the article and its own supplements, not the independently deposited GEO files. ;; RECOMMENDATION (not a permission; the decision belongs in docs/validation/source-ledger.md): NCBI asserts no licence over submitter-contributed GEO data and refuses submissions carrying reuse restrictions, but it also disclaims the ability to grant permission. There is therefore NO affirmative grant attached to this artifact. Treat the governing grant as the article licence where one exists and the deposited files are the article's data, and record the absence of a per-file notice explicitly."	GEO GSE205445 (series record, status Public on Jun 06 2022, last update Jul 15 2022); supplementary files: GSE205445_RAW.tar; article PMID 35814646		none found (raw only: GSE205445_RAW.tar)	PCC 7942 RefSeq locus tags -> existing exact shared-protein crosswalk	candidate: governing terms located and quoted for both the artifact and the article (or the article is not applicable). No affirmative grant over the deposited files is asserted by the repository; this row is evidence, not permission.	GEO SOFT record https://www.ncbi.nlm.nih.gov/geo/query/acc.cgi?acc=GSE205445&targ=all&form=text&view=brief (retrieved 2026-10-03) | NCBI 'Policies and Disclaimers', https://www.ncbi.nlm.nih.gov/home/about/policies/, section 'Molecular Data Usage' (retrieved 2026-10-03, page SHA-256 8ad8f6f186ca51ec73a5fb8935ecfa17b8cbaad300b7025b381898ab72621869) | PMC9260433 <permissions> block via Europe PMC fullTextXML or NCBI efetch db=pmc (retrieved 2026-10-03)
PCC 7942	transcriptomics (RNA-seq)	cell type=bacterial cell; genotype=Synpcc7942_0808 locus knocked into ectABC/WT; treatment=0 mM NaCl/300 mM NaCl	12 samples total; per-condition replicate count not stated in repository metadata	not stated in GEO metadata	"REPOSITORY TERMS (governs the deposited files) = NCBI asserts no licence and grants no permission. Quoted: ""Therefore, NCBI itself places no restrictions on the use or distribution of the data contained therein. Nor do we accept data when the submitter has requested restrictions on reuse or redistribution."" and ""However, some submitters of the original data (or the country of origin of such data) may claim patent, copyright, or other intellectual property rights in all or a portion of the data (that has been submitted). NCBI is not in a position to assess the validity of such claims and since there is no transfer of rights from submitters to NCBI, NCBI has no rights to transfer to a third party. Therefore, NCBI cannot provide comment or unrestricted permission concerning the use, copying, or distribution of the information contained in the molecular databases."" [NCBI 'Policies and Disclaimers', https://www.ncbi.nlm.nih.gov/home/about/policies/, section 'Molecular Data Usage' (retrieved 2026-10-03, page SHA-256 8ad8f6f186ca51ec73a5fb8935ecfa17b8cbaad300b7025b381898ab72621869)] ;; PER-FILE NOTICE = none. The GEO/RefSeq record carries no per-file licence field and the retrieved record contains no per-file notice. ;; ARTICLE TERMS (open licence) = ""https://creativecommons.org/licenses/by/4.0/ This is an open-access article distributed under the terms of the Creative Commons Attribution License (CC BY). The use, distribution or reproduction in other forums is permitted, provided the original author(s) and the copyright owner(s) are credited and that the original publication in this journal is cited, in accordance with accepted academic practice. No use, distribu"" [PMC9932913 <permissions> block, Europe PMC/NCBI PMC record, retrieved 2026-10-03] ;; DIVERGENCE = the article is openly licensed while the GEO files carry no licence of their own; the article licence covers the article and its own supplements, not the independently deposited GEO files. ;; RECOMMENDATION (not a permission; the decision belongs in docs/validation/source-ledger.md): NCBI asserts no licence over submitter-contributed GEO data and refuses submissions carrying reuse restrictions, but it also disclaims the ability to grant permission. There is therefore NO affirmative grant attached to this artifact. Treat the governing grant as the article licence where one exists and the deposited files are the article's data, and record the absence of a per-file notice explicitly."	GEO GSE222067 (series record, status Public on Jan 08 2023, last update Jun 02 2023); supplementary files: GSE222067_counts.xlsx; article PMID 36819058		GSE222067_counts.xlsx	PCC 7942 RefSeq locus tags -> existing exact shared-protein crosswalk	candidate: governing terms located and quoted for both the artifact and the article (or the article is not applicable). No affirmative grant over the deposited files is asserted by the repository; this row is evidence, not permission.	GEO SOFT record https://www.ncbi.nlm.nih.gov/geo/query/acc.cgi?acc=GSE222067&targ=all&form=text&view=brief (retrieved 2026-10-03) | NCBI 'Policies and Disclaimers', https://www.ncbi.nlm.nih.gov/home/about/policies/, section 'Molecular Data Usage' (retrieved 2026-10-03, page SHA-256 8ad8f6f186ca51ec73a5fb8935ecfa17b8cbaad300b7025b381898ab72621869) | PMC9932913 <permissions> block via Europe PMC fullTextXML or NCBI efetch db=pmc (retrieved 2026-10-03)
PCC 7942	transcriptomics (RNA-seq)	cell type=bacterial cell; genotype=WT; stress=0.4 M NaCl stress for 1 day/0.4 M NaCl stress for 3 day/50 mg/L streptomycin stress for 1 day/50 mg/L streptomycin stress for 3 day; time=Day 0/Day 1/Day 3	10 samples total; per-condition replicate count not stated in repository metadata	not stated in GEO metadata	"REPOSITORY TERMS (governs the deposited files) = NCBI asserts no licence and grants no permission. Quoted: ""Therefore, NCBI itself places no restrictions on the use or distribution of the data contained therein. Nor do we accept data when the submitter has requested restrictions on reuse or redistribution."" and ""However, some submitters of the original data (or the country of origin of such data) may claim patent, copyright, or other intellectual property rights in all or a portion of the data (that has been submitted). NCBI is not in a position to assess the validity of such claims and since there is no transfer of rights from submitters to NCBI, NCBI has no rights to transfer to a third party. Therefore, NCBI cannot provide comment or unrestricted permission concerning the use, copying, or distribution of the information contained in the molecular databases."" [NCBI 'Policies and Disclaimers', https://www.ncbi.nlm.nih.gov/home/about/policies/, section 'Molecular Data Usage' (retrieved 2026-10-03, page SHA-256 8ad8f6f186ca51ec73a5fb8935ecfa17b8cbaad300b7025b381898ab72621869)] ;; PER-FILE NOTICE = none. The GEO/RefSeq record carries no per-file licence field and the retrieved record contains no per-file notice. ;; ARTICLE TERMS = not applicable: the deposit has no linked publication, so no article licence governs it ;; DIVERGENCE = not assessable: no article exists to diverge from. ;; RECOMMENDATION (not a permission; the decision belongs in docs/validation/source-ledger.md): NCBI asserts no licence over submitter-contributed GEO data and refuses submissions carrying reuse restrictions, but it also disclaims the ability to grant permission. There is therefore NO affirmative grant attached to this artifact. Treat the governing grant as the article licence where one exists and the deposited files are the article's data, and record the absence of a per-file notice explicitly."	GEO GSE225426 (series record, status Public on May 17 2023, last update Dec 04 2023); supplementary files: GSE225426_Processed_data_A.xlsx; GSE225426_Processed_data_B.xlsx		none found (raw only: GSE225426_Processed_data_A.xlsx, GSE225426_Processed_data_B.xlsx)	PCC 7942 RefSeq locus tags -> existing exact shared-protein crosswalk	candidate: governing terms located and quoted for both the artifact and the article (or the article is not applicable). No affirmative grant over the deposited files is asserted by the repository; this row is evidence, not permission.	GEO SOFT record https://www.ncbi.nlm.nih.gov/geo/query/acc.cgi?acc=GSE225426&targ=all&form=text&view=brief (retrieved 2026-10-03) | NCBI 'Policies and Disclaimers', https://www.ncbi.nlm.nih.gov/home/about/policies/, section 'Molecular Data Usage' (retrieved 2026-10-03, page SHA-256 8ad8f6f186ca51ec73a5fb8935ecfa17b8cbaad300b7025b381898ab72621869)
Synechococcus elongatus	transcriptomics (RNA-seq)	strain=PCC 7942; genotype=WT/del(xpk); treatment=Dark 12hr/Dark 1hr/Light 12 hr/Light 1hr	24 samples total; per-condition replicate count not stated in repository metadata	not stated in GEO metadata	"REPOSITORY TERMS (governs the deposited files) = NCBI asserts no licence and grants no permission. Quoted: ""Therefore, NCBI itself places no restrictions on the use or distribution of the data contained therein. Nor do we accept data when the submitter has requested restrictions on reuse or redistribution."" and ""However, some submitters of the original data (or the country of origin of such data) may claim patent, copyright, or other intellectual property rights in all or a portion of the data (that has been submitted). NCBI is not in a position to assess the validity of such claims and since there is no transfer of rights from submitters to NCBI, NCBI has no rights to transfer to a third party. Therefore, NCBI cannot provide comment or unrestricted permission concerning the use, copying, or distribution of the information contained in the molecular databases."" [NCBI 'Policies and Disclaimers', https://www.ncbi.nlm.nih.gov/home/about/policies/, section 'Molecular Data Usage' (retrieved 2026-10-03, page SHA-256 8ad8f6f186ca51ec73a5fb8935ecfa17b8cbaad300b7025b381898ab72621869)] ;; PER-FILE NOTICE = none. The GEO/RefSeq record carries no per-file licence field and the retrieved record contains no per-file notice. ;; ARTICLE TERMS (open licence) = ""Open Access This article is licensed under a Creative Commons Attribution 4.0 International License, which permits use, sharing, adaptation, distribution and reproduction in any medium or format, as long as you give appropriate credit to the original author(s) and the source, provide a link to the Creative Commons license, and indicate if changes were made. The images or other third party material in this article are"" [PMC10365998 <permissions> block, Europe PMC/NCBI PMC record, retrieved 2026-10-03] ;; DIVERGENCE = the article is openly licensed while the GEO files carry no licence of their own; the article licence covers the article and its own supplements, not the independently deposited GEO files. ;; RECOMMENDATION (not a permission; the decision belongs in docs/validation/source-ledger.md): NCBI asserts no licence over submitter-contributed GEO data and refuses submissions carrying reuse restrictions, but it also disclaims the ability to grant permission. There is therefore NO affirmative grant attached to this artifact. Treat the governing grant as the article licence where one exists and the deposited files are the article's data, and record the absence of a per-file notice explicitly."	GEO GSE227397 (series record, status Public on Aug 08 2023, last update Aug 09 2023); supplementary files: GSE227397_RAW.tar; article PMID 37349485		none found (raw only: GSE227397_RAW.tar)	none	candidate: governing terms located and quoted for both the artifact and the article (or the article is not applicable). No affirmative grant over the deposited files is asserted by the repository; this row is evidence, not permission.	GEO SOFT record https://www.ncbi.nlm.nih.gov/geo/query/acc.cgi?acc=GSE227397&targ=all&form=text&view=brief (retrieved 2026-10-03) | NCBI 'Policies and Disclaimers', https://www.ncbi.nlm.nih.gov/home/about/policies/, section 'Molecular Data Usage' (retrieved 2026-10-03, page SHA-256 8ad8f6f186ca51ec73a5fb8935ecfa17b8cbaad300b7025b381898ab72621869) | PMC10365998 <permissions> block via Europe PMC fullTextXML or NCBI efetch db=pmc (retrieved 2026-10-03)
PCC 7942	transcriptomics (RNA-seq)	cell type=cyanobacteria; time=collected after 12h in LL (with one 12h dark pulse before); genotype=kaiA over-expression and labA knock-out/kaiA over-expression through Zinc induction/labA knock-out/wild-type	12 samples total; per-condition replicate count not stated in repository metadata	not stated in GEO metadata	"REPOSITORY TERMS (governs the deposited files) = NCBI asserts no licence and grants no permission. Quoted: ""Therefore, NCBI itself places no restrictions on the use or distribution of the data contained therein. Nor do we accept data when the submitter has requested restrictions on reuse or redistribution."" and ""However, some submitters of the original data (or the country of origin of such data) may claim patent, copyright, or other intellectual property rights in all or a portion of the data (that has been submitted). NCBI is not in a position to assess the validity of such claims and since there is no transfer of rights from submitters to NCBI, NCBI has no rights to transfer to a third party. Therefore, NCBI cannot provide comment or unrestricted permission concerning the use, copying, or distribution of the information contained in the molecular databases."" [NCBI 'Policies and Disclaimers', https://www.ncbi.nlm.nih.gov/home/about/policies/, section 'Molecular Data Usage' (retrieved 2026-10-03, page SHA-256 8ad8f6f186ca51ec73a5fb8935ecfa17b8cbaad300b7025b381898ab72621869)] ;; PER-FILE NOTICE = none. The GEO/RefSeq record carries no per-file licence field and the retrieved record contains no per-file notice. ;; ARTICLE TERMS (open licence) = ""https://creativecommons.org/licenses/by-nc-nd/4.0/ This article is distributed under Creative Commons Attribution-NonCommercial-NoDerivatives License 4.0 (CC BY-NC-ND) ."" [PMC11127020 <permissions> block, Europe PMC/NCBI PMC record, retrieved 2026-10-03] ;; DIVERGENCE = the article is openly licensed while the GEO files carry no licence of their own; the article licence covers the article and its own supplements, not the independently deposited GEO files. ;; RECOMMENDATION (not a permission; the decision belongs in docs/validation/source-ledger.md): NCBI asserts no licence over submitter-contributed GEO data and refuses submissions carrying reuse restrictions, but it also disclaims the ability to grant permission. There is therefore NO affirmative grant attached to this artifact. Treat the governing grant as the article licence where one exists and the deposited files are the article's data, and record the absence of a per-file notice explicitly."	GEO GSE237858 (series record, status Public on Apr 09 2024, last update Jul 10 2024); supplementary files: GSE237858_transcript_count_matrix.csv.gz; article PMID 38739791		GSE237858_transcript_count_matrix.csv.gz	PCC 7942 RefSeq locus tags -> existing exact shared-protein crosswalk	candidate: governing terms located and quoted for both the artifact and the article (or the article is not applicable). No affirmative grant over the deposited files is asserted by the repository; this row is evidence, not permission.	GEO SOFT record https://www.ncbi.nlm.nih.gov/geo/query/acc.cgi?acc=GSE237858&targ=all&form=text&view=brief (retrieved 2026-10-03) | NCBI 'Policies and Disclaimers', https://www.ncbi.nlm.nih.gov/home/about/policies/, section 'Molecular Data Usage' (retrieved 2026-10-03, page SHA-256 8ad8f6f186ca51ec73a5fb8935ecfa17b8cbaad300b7025b381898ab72621869) | PMC11127020 <permissions> block via Europe PMC fullTextXML or NCBI efetch db=pmc (retrieved 2026-10-03)
PCC 7942	transcriptomics (RNA-seq)	cell type=bacterial cells; time=collected 1h before midday of their respective photoperiod; genotype=kaiABC knock-out/wild-type; treatment=1 cycle of LD16:8/1 cycle of LD8:16/4 cycles of LD16:8/4 cycles of LD8:16	36 samples total; per-condition replicate count not stated in repository metadata	not stated in GEO metadata	"REPOSITORY TERMS (governs the deposited files) = NCBI asserts no licence and grants no permission. Quoted: ""Therefore, NCBI itself places no restrictions on the use or distribution of the data contained therein. Nor do we accept data when the submitter has requested restrictions on reuse or redistribution."" and ""However, some submitters of the original data (or the country of origin of such data) may claim patent, copyright, or other intellectual property rights in all or a portion of the data (that has been submitted). NCBI is not in a position to assess the validity of such claims and since there is no transfer of rights from submitters to NCBI, NCBI has no rights to transfer to a third party. Therefore, NCBI cannot provide comment or unrestricted permission concerning the use, copying, or distribution of the information contained in the molecular databases."" [NCBI 'Policies and Disclaimers', https://www.ncbi.nlm.nih.gov/home/about/policies/, section 'Molecular Data Usage' (retrieved 2026-10-03, page SHA-256 8ad8f6f186ca51ec73a5fb8935ecfa17b8cbaad300b7025b381898ab72621869)] ;; PER-FILE NOTICE = none. The GEO/RefSeq record carries no per-file licence field and the retrieved record contains no per-file notice. ;; ARTICLE TERMS (NOT an open licence) = ""This file is available for text mining. It may also be used consistent with the principles of fair use under the copyright law."" [PMC11473183 <permissions> block, Europe PMC/NCBI PMC record, retrieved 2026-10-03] ;; DIVERGENCE = YES and it matters: NCBI asserts no restriction over the deposited files while the article itself is under an all-rights-reserved or non-open notice. The article notice does not reach the GEO files, but no affirmative grant covers them either. ;; RECOMMENDATION (not a permission; the decision belongs in docs/validation/source-ledger.md): NCBI asserts no licence over submitter-contributed GEO data and refuses submissions carrying reuse restrictions, but it also disclaims the ability to grant permission. There is therefore NO affirmative grant attached to this artifact. Treat the governing grant as the article licence where one exists and the deposited files are the article's data, and record the absence of a per-file notice explicitly."	GEO GSE252562 (series record, status Public on Jun 01 2024, last update Feb 24 2026); supplementary files: GSE252562_transcript_count_matrix.csv.gz; article PMID 39236161		GSE252562_transcript_count_matrix.csv.gz	PCC 7942 RefSeq locus tags -> existing exact shared-protein crosswalk	escalate: the repository supplies no affirmative grant over the deposited files and the article carries a non-open notice. Nothing in this row licenses redistribution of the artifact; whether use without a grant is acceptable is a lab decision and belongs in source-ledger.md.	GEO SOFT record https://www.ncbi.nlm.nih.gov/geo/query/acc.cgi?acc=GSE252562&targ=all&form=text&view=brief (retrieved 2026-10-03) | NCBI 'Policies and Disclaimers', https://www.ncbi.nlm.nih.gov/home/about/policies/, section 'Molecular Data Usage' (retrieved 2026-10-03, page SHA-256 8ad8f6f186ca51ec73a5fb8935ecfa17b8cbaad300b7025b381898ab72621869) | PMC11473183 <permissions> block via Europe PMC fullTextXML or NCBI efetch db=pmc (retrieved 2026-10-03)
PCC 7942	transcriptomics (RNA-seq)	cell type=bacterial cell; genotype=pilB-mutant/sigF1-mutant/sigF2-mutant/wild-type	32 samples total; per-condition replicate count not stated in repository metadata	not stated in GEO metadata	"REPOSITORY TERMS (governs the deposited files) = NCBI asserts no licence and grants no permission. Quoted: ""Therefore, NCBI itself places no restrictions on the use or distribution of the data contained therein. Nor do we accept data when the submitter has requested restrictions on reuse or redistribution."" and ""However, some submitters of the original data (or the country of origin of such data) may claim patent, copyright, or other intellectual property rights in all or a portion of the data (that has been submitted). NCBI is not in a position to assess the validity of such claims and since there is no transfer of rights from submitters to NCBI, NCBI has no rights to transfer to a third party. Therefore, NCBI cannot provide comment or unrestricted permission concerning the use, copying, or distribution of the information contained in the molecular databases."" [NCBI 'Policies and Disclaimers', https://www.ncbi.nlm.nih.gov/home/about/policies/, section 'Molecular Data Usage' (retrieved 2026-10-03, page SHA-256 8ad8f6f186ca51ec73a5fb8935ecfa17b8cbaad300b7025b381898ab72621869)] ;; PER-FILE NOTICE = none. The GEO/RefSeq record carries no per-file licence field and the retrieved record contains no per-file notice. ;; ARTICLE TERMS (open licence) = ""This is an open access article under the CC BY-NC-ND license (http://creativecommons.org/licenses/by-nc-nd/4.0/)."" [PMC11345509 <permissions> block, Europe PMC/NCBI PMC record, retrieved 2026-10-03] ;; DIVERGENCE = the article is openly licensed while the GEO files carry no licence of their own; the article licence covers the article and its own supplements, not the independently deposited GEO files. ;; RECOMMENDATION (not a permission; the decision belongs in docs/validation/source-ledger.md): NCBI asserts no licence over submitter-contributed GEO data and refuses submissions carrying reuse restrictions, but it also disclaims the ability to grant permission. There is therefore NO affirmative grant attached to this artifact. Treat the governing grant as the article licence where one exists and the deposited files are the article's data, and record the absence of a per-file notice explicitly."	GEO GSE254350 (series record, status Public on Sep 13 2024, last update Sep 13 2024); supplementary files: GSE254350_normalized_counts.xlsx; article PMID 39188729		GSE254350_normalized_counts.xlsx	PCC 7942 RefSeq locus tags -> existing exact shared-protein crosswalk	candidate: governing terms located and quoted for both the artifact and the article (or the article is not applicable). No affirmative grant over the deposited files is asserted by the repository; this row is evidence, not permission.	GEO SOFT record https://www.ncbi.nlm.nih.gov/geo/query/acc.cgi?acc=GSE254350&targ=all&form=text&view=brief (retrieved 2026-10-03) | NCBI 'Policies and Disclaimers', https://www.ncbi.nlm.nih.gov/home/about/policies/, section 'Molecular Data Usage' (retrieved 2026-10-03, page SHA-256 8ad8f6f186ca51ec73a5fb8935ecfa17b8cbaad300b7025b381898ab72621869) | PMC11345509 <permissions> block via Europe PMC fullTextXML or NCBI efetch db=pmc (retrieved 2026-10-03)
Synechococcus elongatus	transcriptomics (RNA-seq)	cell line=strain PCC 7942 (FACHB-805); genotype=cscB-sps; treatment=day induced sucrose production 0h circadian time 4h/day induced sucrose production 12h circadian time 16h/day induced sucrose production 16h circadian time 20h/day induced sucrose production 2h circadian time 6h	30 samples total; per-condition replicate count not stated in repository metadata	not stated in GEO metadata	"REPOSITORY TERMS (governs the deposited files) = NCBI asserts no licence and grants no permission. Quoted: ""Therefore, NCBI itself places no restrictions on the use or distribution of the data contained therein. Nor do we accept data when the submitter has requested restrictions on reuse or redistribution."" and ""However, some submitters of the original data (or the country of origin of such data) may claim patent, copyright, or other intellectual property rights in all or a portion of the data (that has been submitted). NCBI is not in a position to assess the validity of such claims and since there is no transfer of rights from submitters to NCBI, NCBI has no rights to transfer to a third party. Therefore, NCBI cannot provide comment or unrestricted permission concerning the use, copying, or distribution of the information contained in the molecular databases."" [NCBI 'Policies and Disclaimers', https://www.ncbi.nlm.nih.gov/home/about/policies/, section 'Molecular Data Usage' (retrieved 2026-10-03, page SHA-256 8ad8f6f186ca51ec73a5fb8935ecfa17b8cbaad300b7025b381898ab72621869)] ;; PER-FILE NOTICE = none. The GEO/RefSeq record carries no per-file licence field and the retrieved record contains no per-file notice. ;; ARTICLE TERMS (open licence) = ""Open Access This article is licensed under a Creative Commons Attribution 4.0 International License, which permits use, sharing, adaptation, distribution and reproduction in any medium or format, as long as you give appropriate credit to the original author(s) and the source, provide a link to the Creative Commons licence, and indicate if changes were made. The images or other third party material in this article are"" [PMC11889915 <permissions> block, Europe PMC/NCBI PMC record, retrieved 2026-10-03] ;; DIVERGENCE = the article is openly licensed while the GEO files carry no licence of their own; the article licence covers the article and its own supplements, not the independently deposited GEO files. ;; RECOMMENDATION (not a permission; the decision belongs in docs/validation/source-ledger.md): NCBI asserts no licence over submitter-contributed GEO data and refuses submissions carrying reuse restrictions, but it also disclaims the ability to grant permission. There is therefore NO affirmative grant attached to this artifact. Treat the governing grant as the article licence where one exists and the deposited files are the article's data, and record the absence of a per-file notice explicitly."	GEO GSE288532 (series record, status Public on Mar 13 2025, last update Mar 14 2025); supplementary files: GSE288532_rna_seq_counts.csv.gz; article PMID 40055679		GSE288532_rna_seq_counts.csv.gz	none	candidate: governing terms located and quoted for both the artifact and the article (or the article is not applicable). No affirmative grant over the deposited files is asserted by the repository; this row is evidence, not permission.	GEO SOFT record https://www.ncbi.nlm.nih.gov/geo/query/acc.cgi?acc=GSE288532&targ=all&form=text&view=brief (retrieved 2026-10-03) | NCBI 'Policies and Disclaimers', https://www.ncbi.nlm.nih.gov/home/about/policies/, section 'Molecular Data Usage' (retrieved 2026-10-03, page SHA-256 8ad8f6f186ca51ec73a5fb8935ecfa17b8cbaad300b7025b381898ab72621869) | PMC11889915 <permissions> block via Europe PMC fullTextXML or NCBI efetch db=pmc (retrieved 2026-10-03)
PCC 7942	transcriptomics (RNA-seq)	cell type=axenic; genotype=cscB-sps; treatment=AD1 biofilm high light 445% O2 air saturation/AD1 high light 0% O2 air saturation/AD1 high light 234% O2 air saturation/AD1 high light 281% O2 air saturation	23 samples total; per-condition replicate count not stated in repository metadata	not stated in GEO metadata	"REPOSITORY TERMS (governs the deposited files) = NCBI asserts no licence and grants no permission. Quoted: ""Therefore, NCBI itself places no restrictions on the use or distribution of the data contained therein. Nor do we accept data when the submitter has requested restrictions on reuse or redistribution."" and ""However, some submitters of the original data (or the country of origin of such data) may claim patent, copyright, or other intellectual property rights in all or a portion of the data (that has been submitted). NCBI is not in a position to assess the validity of such claims and since there is no transfer of rights from submitters to NCBI, NCBI has no rights to transfer to a third party. Therefore, NCBI cannot provide comment or unrestricted permission concerning the use, copying, or distribution of the information contained in the molecular databases."" [NCBI 'Policies and Disclaimers', https://www.ncbi.nlm.nih.gov/home/about/policies/, section 'Molecular Data Usage' (retrieved 2026-10-03, page SHA-256 8ad8f6f186ca51ec73a5fb8935ecfa17b8cbaad300b7025b381898ab72621869)] ;; PER-FILE NOTICE = none. The GEO/RefSeq record carries no per-file licence field and the retrieved record contains no per-file notice. ;; ARTICLE TERMS = not applicable: the deposit has no linked publication, so no article licence governs it ;; DIVERGENCE = not assessable: no article exists to diverge from. ;; RECOMMENDATION (not a permission; the decision belongs in docs/validation/source-ledger.md): NCBI asserts no licence over submitter-contributed GEO data and refuses submissions carrying reuse restrictions, but it also disclaims the ability to grant permission. There is therefore NO affirmative grant attached to this artifact. Treat the governing grant as the article licence where one exists and the deposited files are the article's data, and record the absence of a per-file notice explicitly."	GEO GSE311172 (series record, status Public on Nov 26 2025, last update Nov 26 2025); supplementary files: GSE311172_rna_seq_counts.csv.gz		GSE311172_rna_seq_counts.csv.gz	PCC 7942 RefSeq locus tags -> existing exact shared-protein crosswalk	candidate: governing terms located and quoted for both the artifact and the article (or the article is not applicable). No affirmative grant over the deposited files is asserted by the repository; this row is evidence, not permission.	GEO SOFT record https://www.ncbi.nlm.nih.gov/geo/query/acc.cgi?acc=GSE311172&targ=all&form=text&view=brief (retrieved 2026-10-03) | NCBI 'Policies and Disclaimers', https://www.ncbi.nlm.nih.gov/home/about/policies/, section 'Molecular Data Usage' (retrieved 2026-10-03, page SHA-256 8ad8f6f186ca51ec73a5fb8935ecfa17b8cbaad300b7025b381898ab72621869)
PCC 7942	transcriptomics (RNA-seq)	cell type=PcyX over expression/PebA-PebB over expression/PebS over expression/WT (control)	12 samples total; per-condition replicate count not stated in repository metadata	not stated in GEO metadata	"REPOSITORY TERMS (governs the deposited files) = NCBI asserts no licence and grants no permission. Quoted: ""Therefore, NCBI itself places no restrictions on the use or distribution of the data contained therein. Nor do we accept data when the submitter has requested restrictions on reuse or redistribution."" and ""However, some submitters of the original data (or the country of origin of such data) may claim patent, copyright, or other intellectual property rights in all or a portion of the data (that has been submitted). NCBI is not in a position to assess the validity of such claims and since there is no transfer of rights from submitters to NCBI, NCBI has no rights to transfer to a third party. Therefore, NCBI cannot provide comment or unrestricted permission concerning the use, copying, or distribution of the information contained in the molecular databases."" [NCBI 'Policies and Disclaimers', https://www.ncbi.nlm.nih.gov/home/about/policies/, section 'Molecular Data Usage' (retrieved 2026-10-03, page SHA-256 8ad8f6f186ca51ec73a5fb8935ecfa17b8cbaad300b7025b381898ab72621869)] ;; PER-FILE NOTICE = none. The GEO/RefSeq record carries no per-file licence field and the retrieved record contains no per-file notice. ;; ARTICLE TERMS (open licence) = ""Open Access This article is licensed under a Creative Commons Attribution 4.0 International License, which permits use, sharing, adaptation, distribution and reproduction in any medium or format, as long as you give appropriate credit to the original author(s) and the source, provide a link to the Creative Commons licence, and indicate if changes were made. The images or other third party material in this article are"" [PMC13197396 <permissions> block, Europe PMC/NCBI PMC record, retrieved 2026-10-03] ;; DIVERGENCE = the article is openly licensed while the GEO files carry no licence of their own; the article licence covers the article and its own supplements, not the independently deposited GEO files. ;; RECOMMENDATION (not a permission; the decision belongs in docs/validation/source-ledger.md): NCBI asserts no licence over submitter-contributed GEO data and refuses submissions carrying reuse restrictions, but it also disclaims the ability to grant permission. There is therefore NO affirmative grant attached to this artifact. Treat the governing grant as the article licence where one exists and the deposited files are the article's data, and record the absence of a per-file notice explicitly."	GEO GSE327989 (series record, status Public on Apr 19 2026, last update Apr 19 2026); supplementary files: GSE327989_TPM_values_260414.csv.gz		GSE327989_TPM_values_260414.csv.gz	PCC 7942 RefSeq locus tags -> existing exact shared-protein crosswalk	candidate: governing terms located and quoted for both the artifact and the article (or the article is not applicable). No affirmative grant over the deposited files is asserted by the repository; this row is evidence, not permission.	GEO SOFT record https://www.ncbi.nlm.nih.gov/geo/query/acc.cgi?acc=GSE327989&targ=all&form=text&view=brief (retrieved 2026-10-03) | NCBI 'Policies and Disclaimers', https://www.ncbi.nlm.nih.gov/home/about/policies/, section 'Molecular Data Usage' (retrieved 2026-10-03, page SHA-256 8ad8f6f186ca51ec73a5fb8935ecfa17b8cbaad300b7025b381898ab72621869) | PMC13197396 <permissions> block via Europe PMC fullTextXML or NCBI efetch db=pmc (retrieved 2026-10-03)
PCC 7942	transcriptomics (RNA-seq)	cell type=axenic/co-culture; genotype=cscB+ delta-sps/cscB+ delta-sps, WT; treatment=S.e + R.t co-culture day 4/S.e + R.t co-culture day 6/S.e + R.t co-culture day 8/S.e MBR axenic day 4	36 samples total; per-condition replicate count not stated in repository metadata	not stated in GEO metadata	"REPOSITORY TERMS (governs the deposited files) = NCBI asserts no licence and grants no permission. Quoted: ""Therefore, NCBI itself places no restrictions on the use or distribution of the data contained therein. Nor do we accept data when the submitter has requested restrictions on reuse or redistribution."" and ""However, some submitters of the original data (or the country of origin of such data) may claim patent, copyright, or other intellectual property rights in all or a portion of the data (that has been submitted). NCBI is not in a position to assess the validity of such claims and since there is no transfer of rights from submitters to NCBI, NCBI has no rights to transfer to a third party. Therefore, NCBI cannot provide comment or unrestricted permission concerning the use, copying, or distribution of the information contained in the molecular databases."" [NCBI 'Policies and Disclaimers', https://www.ncbi.nlm.nih.gov/home/about/policies/, section 'Molecular Data Usage' (retrieved 2026-10-03, page SHA-256 8ad8f6f186ca51ec73a5fb8935ecfa17b8cbaad300b7025b381898ab72621869)] ;; PER-FILE NOTICE = none. The GEO/RefSeq record carries no per-file licence field and the retrieved record contains no per-file notice. ;; ARTICLE TERMS (open licence) = ""Open Access This article is licensed under a Creative Commons Attribution-NonCommercial-NoDerivatives 4.0 International License, which permits any non-commercial use, sharing, distribution and reproduction in any medium or format, as long as you give appropriate credit to the original author(s) and the source, provide a link to the Creative Commons licence, and indicate if you modified the licensed material. You do n"" [PMC11511929 <permissions> block, Europe PMC/NCBI PMC record, retrieved 2026-10-03] ;; DIVERGENCE = the article is openly licensed while the GEO files carry no licence of their own; the article licence covers the article and its own supplements, not the independently deposited GEO files. ;; RECOMMENDATION (not a permission; the decision belongs in docs/validation/source-ledger.md): NCBI asserts no licence over submitter-contributed GEO data and refuses submissions carrying reuse restrictions, but it also disclaims the ability to grant permission. There is therefore NO affirmative grant attached to this artifact. Treat the governing grant as the article licence where one exists and the deposited files are the article's data, and record the absence of a per-file notice explicitly."	GEO GSE335065 (series record, status Public on Jun 11 2026, last update Sep 27 2026); supplementary files: GSE335065_rna_seq_counts_092726.csv.gz; article PMID 39455633		GSE335065_rna_seq_counts_092726.csv.gz	PCC 7942 RefSeq locus tags -> existing exact shared-protein crosswalk	candidate: governing terms located and quoted for both the artifact and the article (or the article is not applicable). No affirmative grant over the deposited files is asserted by the repository; this row is evidence, not permission.	GEO SOFT record https://www.ncbi.nlm.nih.gov/geo/query/acc.cgi?acc=GSE335065&targ=all&form=text&view=brief (retrieved 2026-10-03) | NCBI 'Policies and Disclaimers', https://www.ncbi.nlm.nih.gov/home/about/policies/, section 'Molecular Data Usage' (retrieved 2026-10-03, page SHA-256 8ad8f6f186ca51ec73a5fb8935ecfa17b8cbaad300b7025b381898ab72621869) | PMC11511929 <permissions> block via Europe PMC fullTextXML or NCBI efetch db=pmc (retrieved 2026-10-03)
PCC 7942	transcriptomics (RNA-seq)	strain=7942/SE01/SE02; genotype=delta-aas/delta-aas, 'tesA/wild type; ffa production=No/Yes	17 samples total; per-condition replicate count not stated in repository metadata	not stated in GEO metadata	"REPOSITORY TERMS (governs the deposited files) = NCBI asserts no licence and grants no permission. Quoted: ""Therefore, NCBI itself places no restrictions on the use or distribution of the data contained therein. Nor do we accept data when the submitter has requested restrictions on reuse or redistribution."" and ""However, some submitters of the original data (or the country of origin of such data) may claim patent, copyright, or other intellectual property rights in all or a portion of the data (that has been submitted). NCBI is not in a position to assess the validity of such claims and since there is no transfer of rights from submitters to NCBI, NCBI has no rights to transfer to a third party. Therefore, NCBI cannot provide comment or unrestricted permission concerning the use, copying, or distribution of the information contained in the molecular databases."" [NCBI 'Policies and Disclaimers', https://www.ncbi.nlm.nih.gov/home/about/policies/, section 'Molecular Data Usage' (retrieved 2026-10-03, page SHA-256 8ad8f6f186ca51ec73a5fb8935ecfa17b8cbaad300b7025b381898ab72621869)] ;; PER-FILE NOTICE = none. The GEO/RefSeq record carries no per-file licence field and the retrieved record contains no per-file notice. ;; ARTICLE TERMS (open licence) = ""https://creativecommons.org/licenses/by/2.0/ This is an Open Access article distributed under the terms of the Creative Commons Attribution License ( http://creativecommons.org/licenses/by/2.0 ), which permits unrestricted use, distribution, and reproduction in any medium, provided the original work is properly cited."" [PMC3750487 <permissions> block, Europe PMC/NCBI PMC record, retrieved 2026-10-03] ;; DIVERGENCE = the article is openly licensed while the GEO files carry no licence of their own; the article licence covers the article and its own supplements, not the independently deposited GEO files. ;; RECOMMENDATION (not a permission; the decision belongs in docs/validation/source-ledger.md): NCBI asserts no licence over submitter-contributed GEO data and refuses submissions carrying reuse restrictions, but it also disclaims the ability to grant permission. There is therefore NO affirmative grant attached to this artifact. Treat the governing grant as the article licence where one exists and the deposited files are the article's data, and record the absence of a per-file notice explicitly."	GEO GSE45762 (series record, status Public on Aug 22 2013, last update May 15 2019); supplementary files: GSE45762_Processed_Counts.xlsx.gz; article PMID 23919451		GSE45762_Processed_Counts.xlsx.gz	PCC 7942 RefSeq locus tags -> existing exact shared-protein crosswalk	candidate: governing terms located and quoted for both the artifact and the article (or the article is not applicable). No affirmative grant over the deposited files is asserted by the repository; this row is evidence, not permission.	GEO SOFT record https://www.ncbi.nlm.nih.gov/geo/query/acc.cgi?acc=GSE45762&targ=all&form=text&view=brief (retrieved 2026-10-03) | NCBI 'Policies and Disclaimers', https://www.ncbi.nlm.nih.gov/home/about/policies/, section 'Molecular Data Usage' (retrieved 2026-10-03, page SHA-256 8ad8f6f186ca51ec73a5fb8935ecfa17b8cbaad300b7025b381898ab72621869) | PMC3750487 <permissions> block via Europe PMC fullTextXML or NCBI efetch db=pmc (retrieved 2026-10-03)
PCC 7942	transcriptomics (array)	strain=rpaA::KmR (EOC 66); time in ll=24 h/28 h/32 h/36 h; reference pool composition=pool of samples 24 h through 72 h; reference pool construction=Equal mass quantities of each time point were mixed to prepare this background pool	13 samples total; per-condition replicate count not stated in repository metadata	not stated in GEO metadata	"REPOSITORY TERMS (governs the deposited files) = NCBI asserts no licence and grants no permission. Quoted: ""Therefore, NCBI itself places no restrictions on the use or distribution of the data contained therein. Nor do we accept data when the submitter has requested restrictions on reuse or redistribution."" and ""However, some submitters of the original data (or the country of origin of such data) may claim patent, copyright, or other intellectual property rights in all or a portion of the data (that has been submitted). NCBI is not in a position to assess the validity of such claims and since there is no transfer of rights from submitters to NCBI, NCBI has no rights to transfer to a third party. Therefore, NCBI cannot provide comment or unrestricted permission concerning the use, copying, or distribution of the information contained in the molecular databases."" [NCBI 'Policies and Disclaimers', https://www.ncbi.nlm.nih.gov/home/about/policies/, section 'Molecular Data Usage' (retrieved 2026-10-03, page SHA-256 8ad8f6f186ca51ec73a5fb8935ecfa17b8cbaad300b7025b381898ab72621869)] ;; PER-FILE NOTICE = none. The GEO/RefSeq record carries no per-file licence field and the retrieved record contains no per-file notice. ;; ARTICLE TERMS (NOT an open licence) = ""© 2013 Elsevier Inc. All rights reserved."" [PMC3935230 <permissions> block, Europe PMC/NCBI PMC record, retrieved 2026-10-03] ;; DIVERGENCE = YES and it matters: NCBI asserts no restriction over the deposited files while the article itself is under an all-rights-reserved or non-open notice. The article notice does not reach the GEO files, but no affirmative grant covers them either. ;; RECOMMENDATION (not a permission; the decision belongs in docs/validation/source-ledger.md): NCBI asserts no licence over submitter-contributed GEO data and refuses submissions carrying reuse restrictions, but it also disclaims the ability to grant permission. There is therefore NO affirmative grant attached to this artifact. Treat the governing grant as the article licence where one exists and the deposited files are the article's data, and record the absence of a per-file notice explicitly."	GEO GSE50908 (series record, status Public on Dec 04 2013, last update Mar 05 2014); supplementary files: GSE50908_RAW.tar; article PMID 24315105		none found (raw only: GSE50908_RAW.tar)	PCC 7942 RefSeq locus tags -> existing exact shared-protein crosswalk	escalate: the repository supplies no affirmative grant over the deposited files and the article carries a non-open notice. Nothing in this row licenses redistribution of the artifact; whether use without a grant is acceptable is a lab decision and belongs in source-ledger.md.	GEO SOFT record https://www.ncbi.nlm.nih.gov/geo/query/acc.cgi?acc=GSE50908&targ=all&form=text&view=brief (retrieved 2026-10-03) | NCBI 'Policies and Disclaimers', https://www.ncbi.nlm.nih.gov/home/about/policies/, section 'Molecular Data Usage' (retrieved 2026-10-03, page SHA-256 8ad8f6f186ca51ec73a5fb8935ecfa17b8cbaad300b7025b381898ab72621869) | PMC3935230 <permissions> block via Europe PMC fullTextXML or NCBI efetch db=pmc (retrieved 2026-10-03)
PCC 7942	transcriptomics (array)	strain=AMC408/rpaA::KmR (EOC 66); time=20-h pool (T = 24, 28, 32, 36, 40, 44 h)	2 samples total; per-condition replicate count not stated in repository metadata	not stated in GEO metadata	"REPOSITORY TERMS (governs the deposited files) = NCBI asserts no licence and grants no permission. Quoted: ""Therefore, NCBI itself places no restrictions on the use or distribution of the data contained therein. Nor do we accept data when the submitter has requested restrictions on reuse or redistribution."" and ""However, some submitters of the original data (or the country of origin of such data) may claim patent, copyright, or other intellectual property rights in all or a portion of the data (that has been submitted). NCBI is not in a position to assess the validity of such claims and since there is no transfer of rights from submitters to NCBI, NCBI has no rights to transfer to a third party. Therefore, NCBI cannot provide comment or unrestricted permission concerning the use, copying, or distribution of the information contained in the molecular databases."" [NCBI 'Policies and Disclaimers', https://www.ncbi.nlm.nih.gov/home/about/policies/, section 'Molecular Data Usage' (retrieved 2026-10-03, page SHA-256 8ad8f6f186ca51ec73a5fb8935ecfa17b8cbaad300b7025b381898ab72621869)] ;; PER-FILE NOTICE = none. The GEO/RefSeq record carries no per-file licence field and the retrieved record contains no per-file notice. ;; ARTICLE TERMS (NOT an open licence) = ""© 2013 Elsevier Inc. All rights reserved."" [PMC3935230 <permissions> block, Europe PMC/NCBI PMC record, retrieved 2026-10-03] ;; DIVERGENCE = YES and it matters: NCBI asserts no restriction over the deposited files while the article itself is under an all-rights-reserved or non-open notice. The article notice does not reach the GEO files, but no affirmative grant covers them either. ;; RECOMMENDATION (not a permission; the decision belongs in docs/validation/source-ledger.md): NCBI asserts no licence over submitter-contributed GEO data and refuses submissions carrying reuse restrictions, but it also disclaims the ability to grant permission. There is therefore NO affirmative grant attached to this artifact. Treat the governing grant as the article licence where one exists and the deposited files are the article's data, and record the absence of a per-file notice explicitly."	GEO GSE50919 (series record, status Public on Dec 04 2013, last update Mar 05 2014); supplementary files: GSE50919_RAW.tar; GSE50919_log2_rpaA-_vs_wild-type_by_microarray_for_GEO_deposit.txt.gz; article PMID 24315105		none found (raw only: GSE50919_RAW.tar, GSE50919_log2_rpaA-_vs_wild-type_by_microarray_for_GEO_deposit.txt.gz)	PCC 7942 RefSeq locus tags -> existing exact shared-protein crosswalk	escalate: the repository supplies no affirmative grant over the deposited files and the article carries a non-open notice. Nothing in this row licenses redistribution of the artifact; whether use without a grant is acceptable is a lab decision and belongs in source-ledger.md.	GEO SOFT record https://www.ncbi.nlm.nih.gov/geo/query/acc.cgi?acc=GSE50919&targ=all&form=text&view=brief (retrieved 2026-10-03) | NCBI 'Policies and Disclaimers', https://www.ncbi.nlm.nih.gov/home/about/policies/, section 'Molecular Data Usage' (retrieved 2026-10-03, page SHA-256 8ad8f6f186ca51ec73a5fb8935ecfa17b8cbaad300b7025b381898ab72621869) | PMC3935230 <permissions> block via Europe PMC fullTextXML or NCBI efetch db=pmc (retrieved 2026-10-03)
PCC 7942	transcriptomics (array)	strain=kaiBC::CmR Ptrc::kaiBC (EOC72)/rpaA::CmR kaiBC::GmR Ptrc::kaiBC (EOC101); time=24 h/28 h/32 h/36 h	49 samples total; per-condition replicate count not stated in repository metadata	not stated in GEO metadata	"REPOSITORY TERMS (governs the deposited files) = NCBI asserts no licence and grants no permission. Quoted: ""Therefore, NCBI itself places no restrictions on the use or distribution of the data contained therein. Nor do we accept data when the submitter has requested restrictions on reuse or redistribution."" and ""However, some submitters of the original data (or the country of origin of such data) may claim patent, copyright, or other intellectual property rights in all or a portion of the data (that has been submitted). NCBI is not in a position to assess the validity of such claims and since there is no transfer of rights from submitters to NCBI, NCBI has no rights to transfer to a third party. Therefore, NCBI cannot provide comment or unrestricted permission concerning the use, copying, or distribution of the information contained in the molecular databases."" [NCBI 'Policies and Disclaimers', https://www.ncbi.nlm.nih.gov/home/about/policies/, section 'Molecular Data Usage' (retrieved 2026-10-03, page SHA-256 8ad8f6f186ca51ec73a5fb8935ecfa17b8cbaad300b7025b381898ab72621869)] ;; PER-FILE NOTICE = none. The GEO/RefSeq record carries no per-file licence field and the retrieved record contains no per-file notice. ;; ARTICLE TERMS (NOT an open licence) = ""© 2013 Elsevier Inc. All rights reserved."" [PMC3935230 <permissions> block, Europe PMC/NCBI PMC record, retrieved 2026-10-03] ;; DIVERGENCE = YES and it matters: NCBI asserts no restriction over the deposited files while the article itself is under an all-rights-reserved or non-open notice. The article notice does not reach the GEO files, but no affirmative grant covers them either. ;; RECOMMENDATION (not a permission; the decision belongs in docs/validation/source-ledger.md): NCBI asserts no licence over submitter-contributed GEO data and refuses submissions carrying reuse restrictions, but it also disclaims the ability to grant permission. There is therefore NO affirmative grant attached to this artifact. Treat the governing grant as the article licence where one exists and the deposited files are the article's data, and record the absence of a per-file notice explicitly."	GEO GSE50920 (series record, status Public on Dec 04 2013, last update Mar 05 2014); supplementary files: GSE50920_RAW.tar; article PMID 24315105		none found (raw only: GSE50920_RAW.tar)	PCC 7942 RefSeq locus tags -> existing exact shared-protein crosswalk	escalate: the repository supplies no affirmative grant over the deposited files and the article carries a non-open notice. Nothing in this row licenses redistribution of the artifact; whether use without a grant is acceptable is a lab decision and belongs in source-ledger.md.	GEO SOFT record https://www.ncbi.nlm.nih.gov/geo/query/acc.cgi?acc=GSE50920&targ=all&form=text&view=brief (retrieved 2026-10-03) | NCBI 'Policies and Disclaimers', https://www.ncbi.nlm.nih.gov/home/about/policies/, section 'Molecular Data Usage' (retrieved 2026-10-03, page SHA-256 8ad8f6f186ca51ec73a5fb8935ecfa17b8cbaad300b7025b381898ab72621869) | PMC3935230 <permissions> block via Europe PMC fullTextXML or NCBI efetch db=pmc (retrieved 2026-10-03)
PCC 7942	transcriptomics (RNA-seq)	strain=AMC408/EOC113/EOC339/EOC346; time in ll=24 h/28 h/32 h/36 h; reference pool composition=pool of samples 24 h through 72 h; reference pool construction=Equal mass quantities of each time point were mixed to prepare this background pool; time=20-h pool (T = 24, 28, 32, 36, 40, 44 h)/24 h/28 h/32 h; time in ll (zt)=24 h/24 hours/28 h/28 hours	108 samples total; per-condition replicate count not stated in repository metadata	not stated in GEO metadata	"REPOSITORY TERMS (governs the deposited files) = NCBI asserts no licence and grants no permission. Quoted: ""Therefore, NCBI itself places no restrictions on the use or distribution of the data contained therein. Nor do we accept data when the submitter has requested restrictions on reuse or redistribution."" and ""However, some submitters of the original data (or the country of origin of such data) may claim patent, copyright, or other intellectual property rights in all or a portion of the data (that has been submitted). NCBI is not in a position to assess the validity of such claims and since there is no transfer of rights from submitters to NCBI, NCBI has no rights to transfer to a third party. Therefore, NCBI cannot provide comment or unrestricted permission concerning the use, copying, or distribution of the information contained in the molecular databases."" [NCBI 'Policies and Disclaimers', https://www.ncbi.nlm.nih.gov/home/about/policies/, section 'Molecular Data Usage' (retrieved 2026-10-03, page SHA-256 8ad8f6f186ca51ec73a5fb8935ecfa17b8cbaad300b7025b381898ab72621869)] ;; PER-FILE NOTICE = none. The GEO/RefSeq record carries no per-file licence field and the retrieved record contains no per-file notice. ;; ARTICLE TERMS (NOT an open licence) = ""© 2013 Elsevier Inc. All rights reserved."" [PMC3935230 <permissions> block, Europe PMC/NCBI PMC record, retrieved 2026-10-03] ;; DIVERGENCE = YES and it matters: NCBI asserts no restriction over the deposited files while the article itself is under an all-rights-reserved or non-open notice. The article notice does not reach the GEO files, but no affirmative grant covers them either. ;; RECOMMENDATION (not a permission; the decision belongs in docs/validation/source-ledger.md): NCBI asserts no licence over submitter-contributed GEO data and refuses submissions carrying reuse restrictions, but it also disclaims the ability to grant permission. There is therefore NO affirmative grant attached to this artifact. Treat the governing grant as the article licence where one exists and the deposited files are the article's data, and record the absence of a per-file notice explicitly."	GEO GSE50922 (series record, status Public on Dec 04 2013, last update May 15 2019); supplementary files: GSE50922_RAW.tar; article PMID 24315105		none found (raw only: GSE50922_RAW.tar)	PCC 7942 RefSeq locus tags -> existing exact shared-protein crosswalk	escalate: the repository supplies no affirmative grant over the deposited files and the article carries a non-open notice. Nothing in this row licenses redistribution of the artifact; whether use without a grant is acceptable is a lab decision and belongs in source-ledger.md.	GEO SOFT record https://www.ncbi.nlm.nih.gov/geo/query/acc.cgi?acc=GSE50922&targ=all&form=text&view=brief (retrieved 2026-10-03) | NCBI 'Policies and Disclaimers', https://www.ncbi.nlm.nih.gov/home/about/policies/, section 'Molecular Data Usage' (retrieved 2026-10-03, page SHA-256 8ad8f6f186ca51ec73a5fb8935ecfa17b8cbaad300b7025b381898ab72621869) | PMC3935230 <permissions> block via Europe PMC fullTextXML or NCBI efetch db=pmc (retrieved 2026-10-03)
PCC 7942	transcriptomics (RNA-seq)	strain=EOC113/EOC339/EOC346; time in ll (zt)=24 hours/28 hours/32 hours/36 hours; time since iptg addition=0 hours/0.5 hours/12 hours/2 hours	18 samples total; per-condition replicate count not stated in repository metadata	not stated in GEO metadata	"REPOSITORY TERMS (governs the deposited files) = NCBI asserts no licence and grants no permission. Quoted: ""Therefore, NCBI itself places no restrictions on the use or distribution of the data contained therein. Nor do we accept data when the submitter has requested restrictions on reuse or redistribution."" and ""However, some submitters of the original data (or the country of origin of such data) may claim patent, copyright, or other intellectual property rights in all or a portion of the data (that has been submitted). NCBI is not in a position to assess the validity of such claims and since there is no transfer of rights from submitters to NCBI, NCBI has no rights to transfer to a third party. Therefore, NCBI cannot provide comment or unrestricted permission concerning the use, copying, or distribution of the information contained in the molecular databases."" [NCBI 'Policies and Disclaimers', https://www.ncbi.nlm.nih.gov/home/about/policies/, section 'Molecular Data Usage' (retrieved 2026-10-03, page SHA-256 8ad8f6f186ca51ec73a5fb8935ecfa17b8cbaad300b7025b381898ab72621869)] ;; PER-FILE NOTICE = none. The GEO/RefSeq record carries no per-file licence field and the retrieved record contains no per-file notice. ;; ARTICLE TERMS (NOT an open licence) = ""© 2013 Elsevier Inc. All rights reserved."" [PMC3935230 <permissions> block, Europe PMC/NCBI PMC record, retrieved 2026-10-03] ;; DIVERGENCE = YES and it matters: NCBI asserts no restriction over the deposited files while the article itself is under an all-rights-reserved or non-open notice. The article notice does not reach the GEO files, but no affirmative grant covers them either. ;; RECOMMENDATION (not a permission; the decision belongs in docs/validation/source-ledger.md): NCBI asserts no licence over submitter-contributed GEO data and refuses submissions carrying reuse restrictions, but it also disclaims the ability to grant permission. There is therefore NO affirmative grant attached to this artifact. Treat the governing grant as the article licence where one exists and the deposited files are the article's data, and record the absence of a per-file notice explicitly."	GEO GSE51112 (series record, status Public on Dec 04 2013, last update May 15 2019); supplementary files: GSE51112_RNAseq_ProcessedData.txt.gz; article PMID 24315105		none found (raw only: GSE51112_RNAseq_ProcessedData.txt.gz)	PCC 7942 RefSeq locus tags -> existing exact shared-protein crosswalk	escalate: the repository supplies no affirmative grant over the deposited files and the article carries a non-open notice. Nothing in this row licenses redistribution of the artifact; whether use without a grant is acceptable is a lab decision and belongs in source-ledger.md.	GEO SOFT record https://www.ncbi.nlm.nih.gov/geo/query/acc.cgi?acc=GSE51112&targ=all&form=text&view=brief (retrieved 2026-10-03) | NCBI 'Policies and Disclaimers', https://www.ncbi.nlm.nih.gov/home/about/policies/, section 'Molecular Data Usage' (retrieved 2026-10-03, page SHA-256 8ad8f6f186ca51ec73a5fb8935ecfa17b8cbaad300b7025b381898ab72621869) | PMC3935230 <permissions> block via Europe PMC fullTextXML or NCBI efetch db=pmc (retrieved 2026-10-03)
PCC 7942	transcriptomics (array)	strain=wild-type (AMC 408); time in ll=36 h/40 h/44 h/48 h; time=pool of samples 36 h through 64 h; pool construction=Equal mass quantities of each time point were mixed to prepare this background pool.	7 samples total; per-condition replicate count not stated in repository metadata	not stated in GEO metadata	"REPOSITORY TERMS (governs the deposited files) = NCBI asserts no licence and grants no permission. Quoted: ""Therefore, NCBI itself places no restrictions on the use or distribution of the data contained therein. Nor do we accept data when the submitter has requested restrictions on reuse or redistribution."" and ""However, some submitters of the original data (or the country of origin of such data) may claim patent, copyright, or other intellectual property rights in all or a portion of the data (that has been submitted). NCBI is not in a position to assess the validity of such claims and since there is no transfer of rights from submitters to NCBI, NCBI has no rights to transfer to a third party. Therefore, NCBI cannot provide comment or unrestricted permission concerning the use, copying, or distribution of the information contained in the molecular databases."" [NCBI 'Policies and Disclaimers', https://www.ncbi.nlm.nih.gov/home/about/policies/, section 'Molecular Data Usage' (retrieved 2026-10-03, page SHA-256 8ad8f6f186ca51ec73a5fb8935ecfa17b8cbaad300b7025b381898ab72621869)] ;; PER-FILE NOTICE = none. The GEO/RefSeq record carries no per-file licence field and the retrieved record contains no per-file notice. ;; ARTICLE TERMS (NOT an open licence) = ""© 2013 Elsevier Inc. All rights reserved."" [PMC3935230 <permissions> block, Europe PMC/NCBI PMC record, retrieved 2026-10-03] ;; DIVERGENCE = YES and it matters: NCBI asserts no restriction over the deposited files while the article itself is under an all-rights-reserved or non-open notice. The article notice does not reach the GEO files, but no affirmative grant covers them either. ;; RECOMMENDATION (not a permission; the decision belongs in docs/validation/source-ledger.md): NCBI asserts no licence over submitter-contributed GEO data and refuses submissions carrying reuse restrictions, but it also disclaims the ability to grant permission. There is therefore NO affirmative grant attached to this artifact. Treat the governing grant as the article licence where one exists and the deposited files are the article's data, and record the absence of a per-file notice explicitly."	GEO GSE52486 (series record, status Public on Mar 06 2014, last update Mar 06 2014); supplementary files: GSE52486_RAW.tar; article PMID 24315105		none found (raw only: GSE52486_RAW.tar)	PCC 7942 RefSeq locus tags -> existing exact shared-protein crosswalk	escalate: the repository supplies no affirmative grant over the deposited files and the article carries a non-open notice. Nothing in this row licenses redistribution of the artifact; whether use without a grant is acceptable is a lab decision and belongs in source-ledger.md.	GEO SOFT record https://www.ncbi.nlm.nih.gov/geo/query/acc.cgi?acc=GSE52486&targ=all&form=text&view=brief (retrieved 2026-10-03) | NCBI 'Policies and Disclaimers', https://www.ncbi.nlm.nih.gov/home/about/policies/, section 'Molecular Data Usage' (retrieved 2026-10-03, page SHA-256 8ad8f6f186ca51ec73a5fb8935ecfa17b8cbaad300b7025b381898ab72621869) | PMC3935230 <permissions> block via Europe PMC fullTextXML or NCBI efetch db=pmc (retrieved 2026-10-03)
PCC 7942	transcriptomics (array)	genotype/variation=WT/cikA null; time point=12h Light/16h Light/20h Light/24h Light	12 samples total; per-condition replicate count not stated in repository metadata	not stated in GEO metadata	"REPOSITORY TERMS (governs the deposited files) = NCBI asserts no licence and grants no permission. Quoted: ""Therefore, NCBI itself places no restrictions on the use or distribution of the data contained therein. Nor do we accept data when the submitter has requested restrictions on reuse or redistribution."" and ""However, some submitters of the original data (or the country of origin of such data) may claim patent, copyright, or other intellectual property rights in all or a portion of the data (that has been submitted). NCBI is not in a position to assess the validity of such claims and since there is no transfer of rights from submitters to NCBI, NCBI has no rights to transfer to a third party. Therefore, NCBI cannot provide comment or unrestricted permission concerning the use, copying, or distribution of the information contained in the molecular databases."" [NCBI 'Policies and Disclaimers', https://www.ncbi.nlm.nih.gov/home/about/policies/, section 'Molecular Data Usage' (retrieved 2026-10-03, page SHA-256 8ad8f6f186ca51ec73a5fb8935ecfa17b8cbaad300b7025b381898ab72621869)] ;; PER-FILE NOTICE = none. The GEO/RefSeq record carries no per-file licence field and the retrieved record contains no per-file notice. ;; ARTICLE TERMS (NOT an open licence) = ""This file is available for text mining. It may also be used consistent with the principles of fair use under the copyright law."" [PMC4477845 <permissions> block, Europe PMC/NCBI PMC record, retrieved 2026-10-03] ;; DIVERGENCE = YES and it matters: NCBI asserts no restriction over the deposited files while the article itself is under an all-rights-reserved or non-open notice. The article notice does not reach the GEO files, but no affirmative grant covers them either. ;; RECOMMENDATION (not a permission; the decision belongs in docs/validation/source-ledger.md): NCBI asserts no licence over submitter-contributed GEO data and refuses submissions carrying reuse restrictions, but it also disclaims the ability to grant permission. There is therefore NO affirmative grant attached to this artifact. Treat the governing grant as the article licence where one exists and the deposited files are the article's data, and record the absence of a per-file notice explicitly."	GEO GSE59112 (series record, status Public on Jul 08 2014, last update Dec 24 2014); supplementary files: GSE59112_RAW.tar; article PMID 25127221		none found (raw only: GSE59112_RAW.tar)	PCC 7942 RefSeq locus tags -> existing exact shared-protein crosswalk	escalate: the repository supplies no affirmative grant over the deposited files and the article carries a non-open notice. Nothing in this row licenses redistribution of the artifact; whether use without a grant is acceptable is a lab decision and belongs in source-ledger.md.	GEO SOFT record https://www.ncbi.nlm.nih.gov/geo/query/acc.cgi?acc=GSE59112&targ=all&form=text&view=brief (retrieved 2026-10-03) | NCBI 'Policies and Disclaimers', https://www.ncbi.nlm.nih.gov/home/about/policies/, section 'Molecular Data Usage' (retrieved 2026-10-03, page SHA-256 8ad8f6f186ca51ec73a5fb8935ecfa17b8cbaad300b7025b381898ab72621869) | PMC4477845 <permissions> block via Europe PMC fullTextXML or NCBI efetch db=pmc (retrieved 2026-10-03)
PCC 7942	transcriptomics (RNA-seq)	strain=PCC 7942; treatment=Control/N-minus/N-plus; time=24h/48h	6 samples total; per-condition replicate count not stated in repository metadata	not stated in GEO metadata	"REPOSITORY TERMS (governs the deposited files) = NCBI asserts no licence and grants no permission. Quoted: ""Therefore, NCBI itself places no restrictions on the use or distribution of the data contained therein. Nor do we accept data when the submitter has requested restrictions on reuse or redistribution."" and ""However, some submitters of the original data (or the country of origin of such data) may claim patent, copyright, or other intellectual property rights in all or a portion of the data (that has been submitted). NCBI is not in a position to assess the validity of such claims and since there is no transfer of rights from submitters to NCBI, NCBI has no rights to transfer to a third party. Therefore, NCBI cannot provide comment or unrestricted permission concerning the use, copying, or distribution of the information contained in the molecular databases."" [NCBI 'Policies and Disclaimers', https://www.ncbi.nlm.nih.gov/home/about/policies/, section 'Molecular Data Usage' (retrieved 2026-10-03, page SHA-256 8ad8f6f186ca51ec73a5fb8935ecfa17b8cbaad300b7025b381898ab72621869)] ;; PER-FILE NOTICE = none. The GEO/RefSeq record carries no per-file licence field and the retrieved record contains no per-file notice. ;; ARTICLE TERMS (open licence) = ""This work is licensed under a Creative Commons Attribution 4.0 International License. The images or other third party material in this article are included in the article’s Creative Commons license, unless indicated otherwise in the credit line; if the material is not included under the Creative Commons license, users will need to obtain permission from the license holder to reproduce the material. To view a copy of "" [PMC4973221 <permissions> block, Europe PMC/NCBI PMC record, retrieved 2026-10-03] ;; DIVERGENCE = the article is openly licensed while the GEO files carry no licence of their own; the article licence covers the article and its own supplements, not the independently deposited GEO files. ;; RECOMMENDATION (not a permission; the decision belongs in docs/validation/source-ledger.md): NCBI asserts no licence over submitter-contributed GEO data and refuses submissions carrying reuse restrictions, but it also disclaims the ability to grant permission. There is therefore NO affirmative grant attached to this artifact. Treat the governing grant as the article licence where one exists and the deposited files are the article's data, and record the absence of a per-file notice explicitly."	GEO GSE79726 (series record, status Public on Feb 14 2017, last update May 15 2019); supplementary files: GSE79726_Se7942-N-starv2016.txt.gz; article PMID 27488818		none found (raw only: GSE79726_Se7942-N-starv2016.txt.gz)	PCC 7942 RefSeq locus tags -> existing exact shared-protein crosswalk	candidate: governing terms located and quoted for both the artifact and the article (or the article is not applicable). No affirmative grant over the deposited files is asserted by the repository; this row is evidence, not permission.	GEO SOFT record https://www.ncbi.nlm.nih.gov/geo/query/acc.cgi?acc=GSE79726&targ=all&form=text&view=brief (retrieved 2026-10-03) | NCBI 'Policies and Disclaimers', https://www.ncbi.nlm.nih.gov/home/about/policies/, section 'Molecular Data Usage' (retrieved 2026-10-03, page SHA-256 8ad8f6f186ca51ec73a5fb8935ecfa17b8cbaad300b7025b381898ab72621869) | PMC4973221 <permissions> block via Europe PMC fullTextXML or NCBI efetch db=pmc (retrieved 2026-10-03)
PCC 7942	transcriptomics (RNA-seq)	"genotype=""clock rescue""/rpaA- ""clock rescue""; time point=darknes 11 h 50 min/darkness 1 h/darkness 15 min/darkness 2h"	24 samples total; per-condition replicate count not stated in repository metadata	not stated in GEO metadata	"REPOSITORY TERMS (governs the deposited files) = NCBI asserts no licence and grants no permission. Quoted: ""Therefore, NCBI itself places no restrictions on the use or distribution of the data contained therein. Nor do we accept data when the submitter has requested restrictions on reuse or redistribution."" and ""However, some submitters of the original data (or the country of origin of such data) may claim patent, copyright, or other intellectual property rights in all or a portion of the data (that has been submitted). NCBI is not in a position to assess the validity of such claims and since there is no transfer of rights from submitters to NCBI, NCBI has no rights to transfer to a third party. Therefore, NCBI cannot provide comment or unrestricted permission concerning the use, copying, or distribution of the information contained in the molecular databases."" [NCBI 'Policies and Disclaimers', https://www.ncbi.nlm.nih.gov/home/about/policies/, section 'Molecular Data Usage' (retrieved 2026-10-03, page SHA-256 8ad8f6f186ca51ec73a5fb8935ecfa17b8cbaad300b7025b381898ab72621869)] ;; PER-FILE NOTICE = none. The GEO/RefSeq record carries no per-file licence field and the retrieved record contains no per-file notice. ;; ARTICLE TERMS (open licence) = ""https://creativecommons.org/licenses/by/4.0/ This article is distributed under the terms of the Creative Commons Attribution License , which permits unrestricted use and redistribution provided that the original author and source are credited."" [PMC5400509 <permissions> block, Europe PMC/NCBI PMC record, retrieved 2026-10-03] ;; DIVERGENCE = the article is openly licensed while the GEO files carry no licence of their own; the article licence covers the article and its own supplements, not the independently deposited GEO files. ;; RECOMMENDATION (not a permission; the decision belongs in docs/validation/source-ledger.md): NCBI asserts no licence over submitter-contributed GEO data and refuses submissions carrying reuse restrictions, but it also disclaims the ability to grant permission. There is therefore NO affirmative grant attached to this artifact. Treat the governing grant as the article licence where one exists and the deposited files are the article's data, and record the absence of a per-file notice explicitly."	GEO GSE89999 (series record, status Public on Feb 15 2017, last update May 15 2019); supplementary files: GSE89999_Expression_timecourse.xls.gz; article PMID 28430105		GSE89999_Expression_timecourse.xls.gz	PCC 7942 RefSeq locus tags -> existing exact shared-protein crosswalk	candidate: governing terms located and quoted for both the artifact and the article (or the article is not applicable). No affirmative grant over the deposited files is asserted by the repository; this row is evidence, not permission.	GEO SOFT record https://www.ncbi.nlm.nih.gov/geo/query/acc.cgi?acc=GSE89999&targ=all&form=text&view=brief (retrieved 2026-10-03) | NCBI 'Policies and Disclaimers', https://www.ncbi.nlm.nih.gov/home/about/policies/, section 'Molecular Data Usage' (retrieved 2026-10-03, page SHA-256 8ad8f6f186ca51ec73a5fb8935ecfa17b8cbaad300b7025b381898ab72621869) | PMC5400509 <permissions> block via Europe PMC fullTextXML or NCBI efetch db=pmc (retrieved 2026-10-03)
PCC 6301	annotation (RefSeq PGAP)	not applicable	not applicable	GCF_022984195.1 (ASM2298419v1), annotation release GCF_022984195.1-RS_2026_04_14	"REPOSITORY TERMS (governs the deposited files) = NCBI asserts no licence and grants no permission. Quoted: ""Therefore, NCBI itself places no restrictions on the use or distribution of the data contained therein. Nor do we accept data when the submitter has requested restrictions on reuse or redistribution."" and ""However, some submitters of the original data (or the country of origin of such data) may claim patent, copyright, or other intellectual property rights in all or a portion of the data (that has been submitted). NCBI is not in a position to assess the validity of such claims and since there is no transfer of rights from submitters to NCBI, NCBI has no rights to transfer to a third party. Therefore, NCBI cannot provide comment or unrestricted permission concerning the use, copying, or distribution of the information contained in the molecular databases."" [NCBI 'Policies and Disclaimers', https://www.ncbi.nlm.nih.gov/home/about/policies/, section 'Molecular Data Usage' (retrieved 2026-10-03, page SHA-256 8ad8f6f186ca51ec73a5fb8935ecfa17b8cbaad300b7025b381898ab72621869)] ;; ANNOTATION-LAYER TERMS = ""Information that is created by or for the US government on this site is within the public domain."" [NCBI 'Policies and Disclaimers', https://www.ncbi.nlm.nih.gov/home/about/policies/, section 'Copyright Status of Webpages' (retrieved 2026-10-03, page SHA-256 8ad8f6f186ca51ec73a5fb8935ecfa17b8cbaad300b7025b381898ab72621869)] ;; PER-FILE NOTICE = none. The NCBI Datasets/RefSeq record carries no per-file licence field. ;; ARTICLE TERMS = not applicable: the deposit has no linked publication, so no article licence governs it ;; DIVERGENCE = not applicable: no article governs this artifact. ;; RECOMMENDATION (not a permission): a RefSeq PGAP annotation is produced by NCBI, i.e. created by or for the US government, so the public-domain statement applies to the annotation layer itself. The underlying submitted assembly sequence is submitter data and falls under the Molecular Data Usage paragraph instead; the two layers in one GCF accession do not share a status."	RefSeq assembly GCF_022984195.1 (versioned accession); GCF_022984195.1 (ASM2298419v1), annotation release GCF_022984195.1-RS_2026_04_14		yes - RefSeq feature table / GFF per assembly	own RefSeq locus tags; crosswalk target	candidate: governing terms located and quoted for both the artifact and the article (or the article is not applicable). No affirmative grant over the deposited files is asserted by the repository; this row is evidence, not permission.	https://www.ncbi.nlm.nih.gov/datasets/genome/GCF_022984195.1/ (retrieved 2026-10-03) | NCBI 'Policies and Disclaimers', https://www.ncbi.nlm.nih.gov/home/about/policies/, section 'Molecular Data Usage' (retrieved 2026-10-03, page SHA-256 8ad8f6f186ca51ec73a5fb8935ecfa17b8cbaad300b7025b381898ab72621869) | NCBI 'Policies and Disclaimers', https://www.ncbi.nlm.nih.gov/home/about/policies/, section 'Copyright Status of Webpages' (retrieved 2026-10-03, page SHA-256 8ad8f6f186ca51ec73a5fb8935ecfa17b8cbaad300b7025b381898ab72621869)
PCC 6301	annotation (RefSeq PGAP)	not applicable	not applicable	GCF_000010065.1 (ASM1006v1), annotation release GCF_000010065.1-RS_2025_03_15	"REPOSITORY TERMS (governs the deposited files) = NCBI asserts no licence and grants no permission. Quoted: ""Therefore, NCBI itself places no restrictions on the use or distribution of the data contained therein. Nor do we accept data when the submitter has requested restrictions on reuse or redistribution."" and ""However, some submitters of the original data (or the country of origin of such data) may claim patent, copyright, or other intellectual property rights in all or a portion of the data (that has been submitted). NCBI is not in a position to assess the validity of such claims and since there is no transfer of rights from submitters to NCBI, NCBI has no rights to transfer to a third party. Therefore, NCBI cannot provide comment or unrestricted permission concerning the use, copying, or distribution of the information contained in the molecular databases."" [NCBI 'Policies and Disclaimers', https://www.ncbi.nlm.nih.gov/home/about/policies/, section 'Molecular Data Usage' (retrieved 2026-10-03, page SHA-256 8ad8f6f186ca51ec73a5fb8935ecfa17b8cbaad300b7025b381898ab72621869)] ;; ANNOTATION-LAYER TERMS = ""Information that is created by or for the US government on this site is within the public domain."" [NCBI 'Policies and Disclaimers', https://www.ncbi.nlm.nih.gov/home/about/policies/, section 'Copyright Status of Webpages' (retrieved 2026-10-03, page SHA-256 8ad8f6f186ca51ec73a5fb8935ecfa17b8cbaad300b7025b381898ab72621869)] ;; PER-FILE NOTICE = none. The NCBI Datasets/RefSeq record carries no per-file licence field. ;; ARTICLE TERMS = not applicable: the deposit has no linked publication, so no article licence governs it ;; DIVERGENCE = not applicable: no article governs this artifact. ;; RECOMMENDATION (not a permission): a RefSeq PGAP annotation is produced by NCBI, i.e. created by or for the US government, so the public-domain statement applies to the annotation layer itself. The underlying submitted assembly sequence is submitter data and falls under the Molecular Data Usage paragraph instead; the two layers in one GCF accession do not share a status."	RefSeq assembly GCF_000010065.1 (versioned accession); GCF_000010065.1 (ASM1006v1), annotation release GCF_000010065.1-RS_2025_03_15		yes - RefSeq feature table / GFF per assembly	own RefSeq locus tags; crosswalk target	candidate: governing terms located and quoted for both the artifact and the article (or the article is not applicable). No affirmative grant over the deposited files is asserted by the repository; this row is evidence, not permission.	https://www.ncbi.nlm.nih.gov/datasets/genome/GCF_000010065.1/ (retrieved 2026-10-03) | NCBI 'Policies and Disclaimers', https://www.ncbi.nlm.nih.gov/home/about/policies/, section 'Molecular Data Usage' (retrieved 2026-10-03, page SHA-256 8ad8f6f186ca51ec73a5fb8935ecfa17b8cbaad300b7025b381898ab72621869) | NCBI 'Policies and Disclaimers', https://www.ncbi.nlm.nih.gov/home/about/policies/, section 'Copyright Status of Webpages' (retrieved 2026-10-03, page SHA-256 8ad8f6f186ca51ec73a5fb8935ecfa17b8cbaad300b7025b381898ab72621869)
PCC 6301	annotation (RefSeq PGAP)	not applicable	not applicable	GCF_000817325.1 (ASM81732v1), annotation release GCF_000817325.1-RS_2026_05_13	"REPOSITORY TERMS (governs the deposited files) = NCBI asserts no licence and grants no permission. Quoted: ""Therefore, NCBI itself places no restrictions on the use or distribution of the data contained therein. Nor do we accept data when the submitter has requested restrictions on reuse or redistribution."" and ""However, some submitters of the original data (or the country of origin of such data) may claim patent, copyright, or other intellectual property rights in all or a portion of the data (that has been submitted). NCBI is not in a position to assess the validity of such claims and since there is no transfer of rights from submitters to NCBI, NCBI has no rights to transfer to a third party. Therefore, NCBI cannot provide comment or unrestricted permission concerning the use, copying, or distribution of the information contained in the molecular databases."" [NCBI 'Policies and Disclaimers', https://www.ncbi.nlm.nih.gov/home/about/policies/, section 'Molecular Data Usage' (retrieved 2026-10-03, page SHA-256 8ad8f6f186ca51ec73a5fb8935ecfa17b8cbaad300b7025b381898ab72621869)] ;; ANNOTATION-LAYER TERMS = ""Information that is created by or for the US government on this site is within the public domain."" [NCBI 'Policies and Disclaimers', https://www.ncbi.nlm.nih.gov/home/about/policies/, section 'Copyright Status of Webpages' (retrieved 2026-10-03, page SHA-256 8ad8f6f186ca51ec73a5fb8935ecfa17b8cbaad300b7025b381898ab72621869)] ;; PER-FILE NOTICE = none. The NCBI Datasets/RefSeq record carries no per-file licence field. ;; ARTICLE TERMS = not applicable: the deposit has no linked publication, so no article licence governs it ;; DIVERGENCE = not applicable: no article governs this artifact. ;; RECOMMENDATION (not a permission): a RefSeq PGAP annotation is produced by NCBI, i.e. created by or for the US government, so the public-domain statement applies to the annotation layer itself. The underlying submitted assembly sequence is submitter data and falls under the Molecular Data Usage paragraph instead; the two layers in one GCF accession do not share a status."	RefSeq assembly GCF_000817325.1 (versioned accession); GCF_000817325.1 (ASM81732v1), annotation release GCF_000817325.1-RS_2026_05_13		yes - RefSeq feature table / GFF per assembly	own RefSeq locus tags; crosswalk target	candidate: governing terms located and quoted for both the artifact and the article (or the article is not applicable). No affirmative grant over the deposited files is asserted by the repository; this row is evidence, not permission.	https://www.ncbi.nlm.nih.gov/datasets/genome/GCF_000817325.1/ (retrieved 2026-10-03) | NCBI 'Policies and Disclaimers', https://www.ncbi.nlm.nih.gov/home/about/policies/, section 'Molecular Data Usage' (retrieved 2026-10-03, page SHA-256 8ad8f6f186ca51ec73a5fb8935ecfa17b8cbaad300b7025b381898ab72621869) | NCBI 'Policies and Disclaimers', https://www.ncbi.nlm.nih.gov/home/about/policies/, section 'Copyright Status of Webpages' (retrieved 2026-10-03, page SHA-256 8ad8f6f186ca51ec73a5fb8935ecfa17b8cbaad300b7025b381898ab72621869)
PCC 6311	annotation (RefSeq PGAP)	not applicable	not applicable	GCF_022984265.1 (ASM2298426v1), annotation release GCF_022984265.1-RS_2025_12_23	"REPOSITORY TERMS (governs the deposited files) = NCBI asserts no licence and grants no permission. Quoted: ""Therefore, NCBI itself places no restrictions on the use or distribution of the data contained therein. Nor do we accept data when the submitter has requested restrictions on reuse or redistribution."" and ""However, some submitters of the original data (or the country of origin of such data) may claim patent, copyright, or other intellectual property rights in all or a portion of the data (that has been submitted). NCBI is not in a position to assess the validity of such claims and since there is no transfer of rights from submitters to NCBI, NCBI has no rights to transfer to a third party. Therefore, NCBI cannot provide comment or unrestricted permission concerning the use, copying, or distribution of the information contained in the molecular databases."" [NCBI 'Policies and Disclaimers', https://www.ncbi.nlm.nih.gov/home/about/policies/, section 'Molecular Data Usage' (retrieved 2026-10-03, page SHA-256 8ad8f6f186ca51ec73a5fb8935ecfa17b8cbaad300b7025b381898ab72621869)] ;; ANNOTATION-LAYER TERMS = ""Information that is created by or for the US government on this site is within the public domain."" [NCBI 'Policies and Disclaimers', https://www.ncbi.nlm.nih.gov/home/about/policies/, section 'Copyright Status of Webpages' (retrieved 2026-10-03, page SHA-256 8ad8f6f186ca51ec73a5fb8935ecfa17b8cbaad300b7025b381898ab72621869)] ;; PER-FILE NOTICE = none. The NCBI Datasets/RefSeq record carries no per-file licence field. ;; ARTICLE TERMS = not applicable: the deposit has no linked publication, so no article licence governs it ;; DIVERGENCE = not applicable: no article governs this artifact. ;; RECOMMENDATION (not a permission): a RefSeq PGAP annotation is produced by NCBI, i.e. created by or for the US government, so the public-domain statement applies to the annotation layer itself. The underlying submitted assembly sequence is submitter data and falls under the Molecular Data Usage paragraph instead; the two layers in one GCF accession do not share a status."	RefSeq assembly GCF_022984265.1 (versioned accession); GCF_022984265.1 (ASM2298426v1), annotation release GCF_022984265.1-RS_2025_12_23		yes - RefSeq feature table / GFF per assembly	own RefSeq locus tags; crosswalk target	candidate: governing terms located and quoted for both the artifact and the article (or the article is not applicable). No affirmative grant over the deposited files is asserted by the repository; this row is evidence, not permission.	https://www.ncbi.nlm.nih.gov/datasets/genome/GCF_022984265.1/ (retrieved 2026-10-03) | NCBI 'Policies and Disclaimers', https://www.ncbi.nlm.nih.gov/home/about/policies/, section 'Molecular Data Usage' (retrieved 2026-10-03, page SHA-256 8ad8f6f186ca51ec73a5fb8935ecfa17b8cbaad300b7025b381898ab72621869) | NCBI 'Policies and Disclaimers', https://www.ncbi.nlm.nih.gov/home/about/policies/, section 'Copyright Status of Webpages' (retrieved 2026-10-03, page SHA-256 8ad8f6f186ca51ec73a5fb8935ecfa17b8cbaad300b7025b381898ab72621869)
PCC 7942	annotation (RefSeq PGAP)	not applicable	not applicable	GCF_030544905.1 (ASM3054490v1), annotation release GCF_030544905.1-RS_2026_07_25	"REPOSITORY TERMS (governs the deposited files) = NCBI asserts no licence and grants no permission. Quoted: ""Therefore, NCBI itself places no restrictions on the use or distribution of the data contained therein. Nor do we accept data when the submitter has requested restrictions on reuse or redistribution."" and ""However, some submitters of the original data (or the country of origin of such data) may claim patent, copyright, or other intellectual property rights in all or a portion of the data (that has been submitted). NCBI is not in a position to assess the validity of such claims and since there is no transfer of rights from submitters to NCBI, NCBI has no rights to transfer to a third party. Therefore, NCBI cannot provide comment or unrestricted permission concerning the use, copying, or distribution of the information contained in the molecular databases."" [NCBI 'Policies and Disclaimers', https://www.ncbi.nlm.nih.gov/home/about/policies/, section 'Molecular Data Usage' (retrieved 2026-10-03, page SHA-256 8ad8f6f186ca51ec73a5fb8935ecfa17b8cbaad300b7025b381898ab72621869)] ;; ANNOTATION-LAYER TERMS = ""Information that is created by or for the US government on this site is within the public domain."" [NCBI 'Policies and Disclaimers', https://www.ncbi.nlm.nih.gov/home/about/policies/, section 'Copyright Status of Webpages' (retrieved 2026-10-03, page SHA-256 8ad8f6f186ca51ec73a5fb8935ecfa17b8cbaad300b7025b381898ab72621869)] ;; PER-FILE NOTICE = none. The NCBI Datasets/RefSeq record carries no per-file licence field. ;; ARTICLE TERMS = not applicable: the deposit has no linked publication, so no article licence governs it ;; DIVERGENCE = not applicable: no article governs this artifact. ;; RECOMMENDATION (not a permission): a RefSeq PGAP annotation is produced by NCBI, i.e. created by or for the US government, so the public-domain statement applies to the annotation layer itself. The underlying submitted assembly sequence is submitter data and falls under the Molecular Data Usage paragraph instead; the two layers in one GCF accession do not share a status."	RefSeq assembly GCF_030544905.1 (versioned accession); GCF_030544905.1 (ASM3054490v1), annotation release GCF_030544905.1-RS_2026_07_25		yes - RefSeq feature table / GFF per assembly	own RefSeq locus tags; crosswalk target	candidate: governing terms located and quoted for both the artifact and the article (or the article is not applicable). No affirmative grant over the deposited files is asserted by the repository; this row is evidence, not permission.	https://www.ncbi.nlm.nih.gov/datasets/genome/GCF_030544905.1/ (retrieved 2026-10-03) | NCBI 'Policies and Disclaimers', https://www.ncbi.nlm.nih.gov/home/about/policies/, section 'Molecular Data Usage' (retrieved 2026-10-03, page SHA-256 8ad8f6f186ca51ec73a5fb8935ecfa17b8cbaad300b7025b381898ab72621869) | NCBI 'Policies and Disclaimers', https://www.ncbi.nlm.nih.gov/home/about/policies/, section 'Copyright Status of Webpages' (retrieved 2026-10-03, page SHA-256 8ad8f6f186ca51ec73a5fb8935ecfa17b8cbaad300b7025b381898ab72621869)
PCC 7942	annotation (RefSeq PGAP)	not applicable	not applicable	GCF_000012525.1 (ASM1252v1), annotation release GCF_000012525.1-RS_2025_04_10	"REPOSITORY TERMS (governs the deposited files) = NCBI asserts no licence and grants no permission. Quoted: ""Therefore, NCBI itself places no restrictions on the use or distribution of the data contained therein. Nor do we accept data when the submitter has requested restrictions on reuse or redistribution."" and ""However, some submitters of the original data (or the country of origin of such data) may claim patent, copyright, or other intellectual property rights in all or a portion of the data (that has been submitted). NCBI is not in a position to assess the validity of such claims and since there is no transfer of rights from submitters to NCBI, NCBI has no rights to transfer to a third party. Therefore, NCBI cannot provide comment or unrestricted permission concerning the use, copying, or distribution of the information contained in the molecular databases."" [NCBI 'Policies and Disclaimers', https://www.ncbi.nlm.nih.gov/home/about/policies/, section 'Molecular Data Usage' (retrieved 2026-10-03, page SHA-256 8ad8f6f186ca51ec73a5fb8935ecfa17b8cbaad300b7025b381898ab72621869)] ;; ANNOTATION-LAYER TERMS = ""Information that is created by or for the US government on this site is within the public domain."" [NCBI 'Policies and Disclaimers', https://www.ncbi.nlm.nih.gov/home/about/policies/, section 'Copyright Status of Webpages' (retrieved 2026-10-03, page SHA-256 8ad8f6f186ca51ec73a5fb8935ecfa17b8cbaad300b7025b381898ab72621869)] ;; PER-FILE NOTICE = none. The NCBI Datasets/RefSeq record carries no per-file licence field. ;; ARTICLE TERMS = not applicable: the deposit has no linked publication, so no article licence governs it ;; DIVERGENCE = not applicable: no article governs this artifact. ;; RECOMMENDATION (not a permission): a RefSeq PGAP annotation is produced by NCBI, i.e. created by or for the US government, so the public-domain statement applies to the annotation layer itself. The underlying submitted assembly sequence is submitter data and falls under the Molecular Data Usage paragraph instead; the two layers in one GCF accession do not share a status."	RefSeq assembly GCF_000012525.1 (versioned accession); GCF_000012525.1 (ASM1252v1), annotation release GCF_000012525.1-RS_2025_04_10		yes - RefSeq feature table / GFF per assembly	own RefSeq locus tags; crosswalk target	candidate: governing terms located and quoted for both the artifact and the article (or the article is not applicable). No affirmative grant over the deposited files is asserted by the repository; this row is evidence, not permission.	https://www.ncbi.nlm.nih.gov/datasets/genome/GCF_000012525.1/ (retrieved 2026-10-03) | NCBI 'Policies and Disclaimers', https://www.ncbi.nlm.nih.gov/home/about/policies/, section 'Molecular Data Usage' (retrieved 2026-10-03, page SHA-256 8ad8f6f186ca51ec73a5fb8935ecfa17b8cbaad300b7025b381898ab72621869) | NCBI 'Policies and Disclaimers', https://www.ncbi.nlm.nih.gov/home/about/policies/, section 'Copyright Status of Webpages' (retrieved 2026-10-03, page SHA-256 8ad8f6f186ca51ec73a5fb8935ecfa17b8cbaad300b7025b381898ab72621869)
PCC 7942	annotation (RefSeq PGAP)	not applicable	not applicable	GCF_014698905.1 (ASM1469890v1), annotation release GCF_014698905.1-RS_2026_04_06	"REPOSITORY TERMS (governs the deposited files) = NCBI asserts no licence and grants no permission. Quoted: ""Therefore, NCBI itself places no restrictions on the use or distribution of the data contained therein. Nor do we accept data when the submitter has requested restrictions on reuse or redistribution."" and ""However, some submitters of the original data (or the country of origin of such data) may claim patent, copyright, or other intellectual property rights in all or a portion of the data (that has been submitted). NCBI is not in a position to assess the validity of such claims and since there is no transfer of rights from submitters to NCBI, NCBI has no rights to transfer to a third party. Therefore, NCBI cannot provide comment or unrestricted permission concerning the use, copying, or distribution of the information contained in the molecular databases."" [NCBI 'Policies and Disclaimers', https://www.ncbi.nlm.nih.gov/home/about/policies/, section 'Molecular Data Usage' (retrieved 2026-10-03, page SHA-256 8ad8f6f186ca51ec73a5fb8935ecfa17b8cbaad300b7025b381898ab72621869)] ;; ANNOTATION-LAYER TERMS = ""Information that is created by or for the US government on this site is within the public domain."" [NCBI 'Policies and Disclaimers', https://www.ncbi.nlm.nih.gov/home/about/policies/, section 'Copyright Status of Webpages' (retrieved 2026-10-03, page SHA-256 8ad8f6f186ca51ec73a5fb8935ecfa17b8cbaad300b7025b381898ab72621869)] ;; PER-FILE NOTICE = none. The NCBI Datasets/RefSeq record carries no per-file licence field. ;; ARTICLE TERMS = not applicable: the deposit has no linked publication, so no article licence governs it ;; DIVERGENCE = not applicable: no article governs this artifact. ;; RECOMMENDATION (not a permission): a RefSeq PGAP annotation is produced by NCBI, i.e. created by or for the US government, so the public-domain statement applies to the annotation layer itself. The underlying submitted assembly sequence is submitter data and falls under the Molecular Data Usage paragraph instead; the two layers in one GCF accession do not share a status."	RefSeq assembly GCF_014698905.1 (versioned accession); GCF_014698905.1 (ASM1469890v1), annotation release GCF_014698905.1-RS_2026_04_06		yes - RefSeq feature table / GFF per assembly	own RefSeq locus tags; crosswalk target	candidate: governing terms located and quoted for both the artifact and the article (or the article is not applicable). No affirmative grant over the deposited files is asserted by the repository; this row is evidence, not permission.	https://www.ncbi.nlm.nih.gov/datasets/genome/GCF_014698905.1/ (retrieved 2026-10-03) | NCBI 'Policies and Disclaimers', https://www.ncbi.nlm.nih.gov/home/about/policies/, section 'Molecular Data Usage' (retrieved 2026-10-03, page SHA-256 8ad8f6f186ca51ec73a5fb8935ecfa17b8cbaad300b7025b381898ab72621869) | NCBI 'Policies and Disclaimers', https://www.ncbi.nlm.nih.gov/home/about/policies/, section 'Copyright Status of Webpages' (retrieved 2026-10-03, page SHA-256 8ad8f6f186ca51ec73a5fb8935ecfa17b8cbaad300b7025b381898ab72621869)
PCC 7943	annotation (RefSeq PGAP)	not applicable	not applicable	GCF_022984345.1 (ASM2298434v1), annotation release GCF_022984345.1-RS_2025_12_23	"REPOSITORY TERMS (governs the deposited files) = NCBI asserts no licence and grants no permission. Quoted: ""Therefore, NCBI itself places no restrictions on the use or distribution of the data contained therein. Nor do we accept data when the submitter has requested restrictions on reuse or redistribution."" and ""However, some submitters of the original data (or the country of origin of such data) may claim patent, copyright, or other intellectual property rights in all or a portion of the data (that has been submitted). NCBI is not in a position to assess the validity of such claims and since there is no transfer of rights from submitters to NCBI, NCBI has no rights to transfer to a third party. Therefore, NCBI cannot provide comment or unrestricted permission concerning the use, copying, or distribution of the information contained in the molecular databases."" [NCBI 'Policies and Disclaimers', https://www.ncbi.nlm.nih.gov/home/about/policies/, section 'Molecular Data Usage' (retrieved 2026-10-03, page SHA-256 8ad8f6f186ca51ec73a5fb8935ecfa17b8cbaad300b7025b381898ab72621869)] ;; ANNOTATION-LAYER TERMS = ""Information that is created by or for the US government on this site is within the public domain."" [NCBI 'Policies and Disclaimers', https://www.ncbi.nlm.nih.gov/home/about/policies/, section 'Copyright Status of Webpages' (retrieved 2026-10-03, page SHA-256 8ad8f6f186ca51ec73a5fb8935ecfa17b8cbaad300b7025b381898ab72621869)] ;; PER-FILE NOTICE = none. The NCBI Datasets/RefSeq record carries no per-file licence field. ;; ARTICLE TERMS = not applicable: the deposit has no linked publication, so no article licence governs it ;; DIVERGENCE = not applicable: no article governs this artifact. ;; RECOMMENDATION (not a permission): a RefSeq PGAP annotation is produced by NCBI, i.e. created by or for the US government, so the public-domain statement applies to the annotation layer itself. The underlying submitted assembly sequence is submitter data and falls under the Molecular Data Usage paragraph instead; the two layers in one GCF accession do not share a status."	RefSeq assembly GCF_022984345.1 (versioned accession); GCF_022984345.1 (ASM2298434v1), annotation release GCF_022984345.1-RS_2025_12_23		yes - RefSeq feature table / GFF per assembly	own RefSeq locus tags; crosswalk target	candidate: governing terms located and quoted for both the artifact and the article (or the article is not applicable). No affirmative grant over the deposited files is asserted by the repository; this row is evidence, not permission.	https://www.ncbi.nlm.nih.gov/datasets/genome/GCF_022984345.1/ (retrieved 2026-10-03) | NCBI 'Policies and Disclaimers', https://www.ncbi.nlm.nih.gov/home/about/policies/, section 'Molecular Data Usage' (retrieved 2026-10-03, page SHA-256 8ad8f6f186ca51ec73a5fb8935ecfa17b8cbaad300b7025b381898ab72621869) | NCBI 'Policies and Disclaimers', https://www.ncbi.nlm.nih.gov/home/about/policies/, section 'Copyright Status of Webpages' (retrieved 2026-10-03, page SHA-256 8ad8f6f186ca51ec73a5fb8935ecfa17b8cbaad300b7025b381898ab72621869)
UTEX 3055	annotation (RefSeq PGAP)	not applicable	not applicable	GCF_003957805.1 (ASM395780v1), annotation release GCF_003957805.1-RS_2026_04_14	"REPOSITORY TERMS (governs the deposited files) = NCBI asserts no licence and grants no permission. Quoted: ""Therefore, NCBI itself places no restrictions on the use or distribution of the data contained therein. Nor do we accept data when the submitter has requested restrictions on reuse or redistribution."" and ""However, some submitters of the original data (or the country of origin of such data) may claim patent, copyright, or other intellectual property rights in all or a portion of the data (that has been submitted). NCBI is not in a position to assess the validity of such claims and since there is no transfer of rights from submitters to NCBI, NCBI has no rights to transfer to a third party. Therefore, NCBI cannot provide comment or unrestricted permission concerning the use, copying, or distribution of the information contained in the molecular databases."" [NCBI 'Policies and Disclaimers', https://www.ncbi.nlm.nih.gov/home/about/policies/, section 'Molecular Data Usage' (retrieved 2026-10-03, page SHA-256 8ad8f6f186ca51ec73a5fb8935ecfa17b8cbaad300b7025b381898ab72621869)] ;; ANNOTATION-LAYER TERMS = ""Information that is created by or for the US government on this site is within the public domain."" [NCBI 'Policies and Disclaimers', https://www.ncbi.nlm.nih.gov/home/about/policies/, section 'Copyright Status of Webpages' (retrieved 2026-10-03, page SHA-256 8ad8f6f186ca51ec73a5fb8935ecfa17b8cbaad300b7025b381898ab72621869)] ;; PER-FILE NOTICE = none. The NCBI Datasets/RefSeq record carries no per-file licence field. ;; ARTICLE TERMS = not applicable: the deposit has no linked publication, so no article licence governs it ;; DIVERGENCE = not applicable: no article governs this artifact. ;; RECOMMENDATION (not a permission): a RefSeq PGAP annotation is produced by NCBI, i.e. created by or for the US government, so the public-domain statement applies to the annotation layer itself. The underlying submitted assembly sequence is submitter data and falls under the Molecular Data Usage paragraph instead; the two layers in one GCF accession do not share a status."	RefSeq assembly GCF_003957805.1 (versioned accession); GCF_003957805.1 (ASM395780v1), annotation release GCF_003957805.1-RS_2026_04_14		yes - RefSeq feature table / GFF per assembly	own RefSeq locus tags; crosswalk target	candidate: governing terms located and quoted for both the artifact and the article (or the article is not applicable). No affirmative grant over the deposited files is asserted by the repository; this row is evidence, not permission.	https://www.ncbi.nlm.nih.gov/datasets/genome/GCF_003957805.1/ (retrieved 2026-10-03) | NCBI 'Policies and Disclaimers', https://www.ncbi.nlm.nih.gov/home/about/policies/, section 'Molecular Data Usage' (retrieved 2026-10-03, page SHA-256 8ad8f6f186ca51ec73a5fb8935ecfa17b8cbaad300b7025b381898ab72621869) | NCBI 'Policies and Disclaimers', https://www.ncbi.nlm.nih.gov/home/about/policies/, section 'Copyright Status of Webpages' (retrieved 2026-10-03, page SHA-256 8ad8f6f186ca51ec73a5fb8935ecfa17b8cbaad300b7025b381898ab72621869)
PCC 7942	proteomics (LC-MS/MS);	not reported in PRIDE project metadata; requires paper-level extraction (package B)	not stated in PRIDE project metadata	not stated	"REPOSITORY TERMS (governs the deposited files) = PRIDE project license field reads ""EBI terms of use"" [PRIDE REST v3 record for PXD000510, field ""license"", retrieved 2026-10-03] ;; UMBRELLA TERMS = ""Where EMBL-EBI presents scientific data generated by others, EMBL-EBI imposes no additional restriction on the use of the contributed data than those provided by the data owner, unless otherwise specified in these Terms of Use."" and ""EMBL-EBI itself places no additional restrictions on the use or redistribution of the data available via its Data Resources and Tools other than those provided by the original data owners, unless otherwise specified in these Terms of Use."" [EMBL-EBI Terms of Use, https://www.ebi.ac.uk/about/terms-of-use/, 'Last revised: 5th February 2024' (retrieved 2026-10-03, page SHA-256 f3c148e6b91501af2a516e24edf0be61c21e2ce1b4e9f40bd834c606f1f23ae9)] ;; PER-FILE NOTICE = none. The PRIDE record declares the licence at project level only; no per-file notice is served. ;; ARTICLE TERMS (NOT an open licence) = ""© 2014 by The American Society for Biochemistry and Molecular Biology, Inc."" [PMC4125736 <permissions> block, Europe PMC/NCBI PMC record, retrieved 2026-10-03] ;; DIVERGENCE = the repository declares no grant ('EBI terms of use') while the article carries its own licence; the two do not conflict, but neither supplies an affirmative grant over the deposited files. ;; RECOMMENDATION (not a permission): the PRIDE record declares only 'EBI terms of use', which is a no-additional-restriction statement, NOT a grant. For these four pre-2018 deposits the artifact carries no affirmative licence; the article licence is the only candidate grant and must be checked separately."	ProteomeXchange/PRIDE PXD000510 (dataset DOI 10.6019/PXD000510; submissionType COMPLETE; submitted 2014-03-17, published 2014-04-02)		not determined - PRIDE per-project protein listing is not served for classic PXD submissions	UniProt accession -> exact shared-protein crosswalk	escalate: the repository supplies no affirmative grant over the deposited files and the article carries a non-open notice. Nothing in this row licenses redistribution of the artifact; whether use without a grant is acceptable is a lab decision and belongs in source-ledger.md.	PRIDE REST v3 https://www.ebi.ac.uk/pride/ws/archive/v3/projects/PXD000510 (retrieved 2026-10-03) | EMBL-EBI Terms of Use, https://www.ebi.ac.uk/about/terms-of-use/, 'Last revised: 5th February 2024' (retrieved 2026-10-03, page SHA-256 f3c148e6b91501af2a516e24edf0be61c21e2ce1b4e9f40bd834c606f1f23ae9) | PMC4125736 <permissions> block via Europe PMC fullTextXML or NCBI efetch db=pmc (retrieved 2026-10-03)
PCC 7942	proteomics (LC-MS/MS);	not reported in PRIDE project metadata; requires paper-level extraction (package B)	not stated in PRIDE project metadata	not stated	"REPOSITORY TERMS (governs the deposited files) = PRIDE project license field reads ""EBI terms of use"" [PRIDE REST v3 record for PXD005105, field ""license"", retrieved 2026-10-03] ;; UMBRELLA TERMS = ""Where EMBL-EBI presents scientific data generated by others, EMBL-EBI imposes no additional restriction on the use of the contributed data than those provided by the data owner, unless otherwise specified in these Terms of Use."" and ""EMBL-EBI itself places no additional restrictions on the use or redistribution of the data available via its Data Resources and Tools other than those provided by the original data owners, unless otherwise specified in these Terms of Use."" [EMBL-EBI Terms of Use, https://www.ebi.ac.uk/about/terms-of-use/, 'Last revised: 5th February 2024' (retrieved 2026-10-03, page SHA-256 f3c148e6b91501af2a516e24edf0be61c21e2ce1b4e9f40bd834c606f1f23ae9)] ;; PER-FILE NOTICE = none. The PRIDE record declares the licence at project level only; no per-file notice is served. ;; ARTICLE TERMS = not read: PMC5167140 carries no <permissions> block in any record this session could retrieve (Europe PMC fullTextXML returns HTTP 500 for this non-open-access deposit; NCBI efetch returns front matter without a permissions block). Source-side limitation, not a sandbox block ;; DIVERGENCE = NOT ASSESSED: the article terms could not be read, so article-vs-artifact divergence is unestablished for this row. ;; RECOMMENDATION (not a permission): the PRIDE record declares only 'EBI terms of use', which is a no-additional-restriction statement, NOT a grant. For these four pre-2018 deposits the artifact carries no affirmative licence; the article licence is the only candidate grant and must be checked separately."	ProteomeXchange/PRIDE PXD005105 (dataset DOI none minted; submissionType PARTIAL; submitted 2016-10-06, published 2016-12-07)		not determined - PRIDE per-project protein listing is not served for classic PXD submissions	UniProt accession -> exact shared-protein crosswalk	escalate: the artifact's repository terms were located and quoted, but the repository supplies no affirmative grant and the article's governing notice could not be read from any deposit route available to this session. Nothing in this row licenses redistribution and the divergence is unestablished. Source-side restriction, not a sandbox block.	PRIDE REST v3 https://www.ebi.ac.uk/pride/ws/archive/v3/projects/PXD005105 (retrieved 2026-10-03) | EMBL-EBI Terms of Use, https://www.ebi.ac.uk/about/terms-of-use/, 'Last revised: 5th February 2024' (retrieved 2026-10-03, page SHA-256 f3c148e6b91501af2a516e24edf0be61c21e2ce1b4e9f40bd834c606f1f23ae9) | PMC5167140 <permissions> block via Europe PMC fullTextXML or NCBI efetch db=pmc (retrieved 2026-10-03)
PCC 7942	proteomics (LC-MS/MS);	not reported in PRIDE project metadata; requires paper-level extraction (package B)	not stated in PRIDE project metadata	not stated	"REPOSITORY TERMS (governs the deposited files) = PRIDE project license field reads ""EBI terms of use"" [PRIDE REST v3 record for PXD005851, field ""license"", retrieved 2026-10-03] ;; UMBRELLA TERMS = ""Where EMBL-EBI presents scientific data generated by others, EMBL-EBI imposes no additional restriction on the use of the contributed data than those provided by the data owner, unless otherwise specified in these Terms of Use."" and ""EMBL-EBI itself places no additional restrictions on the use or redistribution of the data available via its Data Resources and Tools other than those provided by the original data owners, unless otherwise specified in these Terms of Use."" [EMBL-EBI Terms of Use, https://www.ebi.ac.uk/about/terms-of-use/, 'Last revised: 5th February 2024' (retrieved 2026-10-03, page SHA-256 f3c148e6b91501af2a516e24edf0be61c21e2ce1b4e9f40bd834c606f1f23ae9)] ;; PER-FILE NOTICE = none. The PRIDE record declares the licence at project level only; no per-file notice is served. ;; ARTICLE TERMS (open licence) = ""This is an open-access article distributed under the terms of the Creative Commons Attribution 4.0 International license ."" [PMC5705920 <permissions> block, Europe PMC/NCBI PMC record, retrieved 2026-10-03] ;; DIVERGENCE = the repository declares no grant ('EBI terms of use') while the article carries its own licence; the two do not conflict, but neither supplies an affirmative grant over the deposited files. ;; RECOMMENDATION (not a permission): the PRIDE record declares only 'EBI terms of use', which is a no-additional-restriction statement, NOT a grant. For these four pre-2018 deposits the artifact carries no affirmative licence; the article licence is the only candidate grant and must be checked separately. ;; PER-FILE LEGEND PRESENT (the Adomako pattern): the article's own supplementary tables carry individual CC BY 4.0 legends in the PMC <supplementary-material> blocks - TABLE S1 reads 'Copyright (c) 2017 Nakayasu et al. This content is distributed under the terms of the Creative Commons Attribution 4.0 International license.' These legends govern the article's supplement files, NOT the PRIDE-deposited mass-spectrometry files, which the PRIDE record covers separately."	ProteomeXchange/PRIDE PXD005851 (dataset DOI 10.6019/PXD005851; submissionType COMPLETE; submitted 2017-02-07, published 2017-10-17)		not determined - PRIDE per-project protein listing is not served for classic PXD submissions	UniProt accession -> exact shared-protein crosswalk	escalate: the PRIDE record declares only 'EBI terms of use', a no-additional-restriction statement rather than a grant, so the deposited files carry no affirmative licence even though the article is openly licensed.	PRIDE REST v3 https://www.ebi.ac.uk/pride/ws/archive/v3/projects/PXD005851 (retrieved 2026-10-03) | EMBL-EBI Terms of Use, https://www.ebi.ac.uk/about/terms-of-use/, 'Last revised: 5th February 2024' (retrieved 2026-10-03, page SHA-256 f3c148e6b91501af2a516e24edf0be61c21e2ce1b4e9f40bd834c606f1f23ae9) | PMC5705920 <permissions> block via Europe PMC fullTextXML or NCBI efetch db=pmc (retrieved 2026-10-03) | per-file legends in PMC5705920 <supplementary-material> blocks, e.g. TABLE S1: 'Copyright © 2017 Nakayasu et al. This content is distributed under the terms of the Creative Commons Attribution 4.0 International license.'
PCC 7942	proteomics (LC-MS/MS);	not reported in PRIDE project metadata; requires paper-level extraction (package B)	not stated in PRIDE project metadata	not stated	"REPOSITORY TERMS (governs the deposited files) = PRIDE project license field reads ""EBI terms of use"" [PRIDE REST v3 record for PXD010000, field ""license"", retrieved 2026-10-03] ;; UMBRELLA TERMS = ""Where EMBL-EBI presents scientific data generated by others, EMBL-EBI imposes no additional restriction on the use of the contributed data than those provided by the data owner, unless otherwise specified in these Terms of Use."" and ""EMBL-EBI itself places no additional restrictions on the use or redistribution of the data available via its Data Resources and Tools other than those provided by the original data owners, unless otherwise specified in these Terms of Use."" [EMBL-EBI Terms of Use, https://www.ebi.ac.uk/about/terms-of-use/, 'Last revised: 5th February 2024' (retrieved 2026-10-03, page SHA-256 f3c148e6b91501af2a516e24edf0be61c21e2ce1b4e9f40bd834c606f1f23ae9)] ;; PER-FILE NOTICE = none. The PRIDE record declares the licence at project level only; no per-file notice is served. ;; ARTICLE TERMS = not applicable: the deposit has no linked publication, so no article licence governs it ;; DIVERGENCE = not assessable: no article exists to diverge from. ;; RECOMMENDATION (not a permission): the PRIDE record declares only 'EBI terms of use', which is a no-additional-restriction statement, NOT a grant. For these four pre-2018 deposits the artifact carries no affirmative licence; the article licence is the only candidate grant and must be checked separately."	ProteomeXchange/PRIDE PXD010000 (dataset DOI 10.6019/PXD010000; submissionType COMPLETE; submitted 2018-06-12, published 2018-06-13)		not determined - PRIDE per-project protein listing is not served for classic PXD submissions	UniProt accession -> exact shared-protein crosswalk	escalate: the PRIDE record declares only 'EBI terms of use', a no-additional-restriction statement rather than a grant, so the deposited files carry no affirmative licence even though the article is openly licensed. Note from package B: rejected there for reporting no growth conditions; the licence question is answerable and is answered here.	PRIDE REST v3 https://www.ebi.ac.uk/pride/ws/archive/v3/projects/PXD010000 (retrieved 2026-10-03) | EMBL-EBI Terms of Use, https://www.ebi.ac.uk/about/terms-of-use/, 'Last revised: 5th February 2024' (retrieved 2026-10-03, page SHA-256 f3c148e6b91501af2a516e24edf0be61c21e2ce1b4e9f40bd834c606f1f23ae9)
Synechococcus elongatus	proteomics (LC-MS/MS);	not reported in PRIDE project metadata; requires paper-level extraction (package B)	not stated in PRIDE project metadata	not stated	"REPOSITORY TERMS (governs the deposited files) = PRIDE project license field reads ""Creative Commons Public Domain (CC0)"" [PRIDE REST v3 record for PXD011485, field ""license"", retrieved 2026-10-03] ;; UMBRELLA TERMS = ""Where EMBL-EBI presents scientific data generated by others, EMBL-EBI imposes no additional restriction on the use of the contributed data than those provided by the data owner, unless otherwise specified in these Terms of Use."" and ""EMBL-EBI itself places no additional restrictions on the use or redistribution of the data available via its Data Resources and Tools other than those provided by the original data owners, unless otherwise specified in these Terms of Use."" [EMBL-EBI Terms of Use, https://www.ebi.ac.uk/about/terms-of-use/, 'Last revised: 5th February 2024' (retrieved 2026-10-03, page SHA-256 f3c148e6b91501af2a516e24edf0be61c21e2ce1b4e9f40bd834c606f1f23ae9)] ;; PER-FILE NOTICE = none. The PRIDE record declares the licence at project level only; no per-file notice is served. ;; ARTICLE TERMS (open licence) = ""https://creativecommons.org/licenses/by/4.0/ Open Access This article is licensed under a Creative Commons Attribution 4.0 International License, which permits use, sharing, adaptation, distribution and reproduction in any medium or format, as long as you give appropriate credit to the original author(s) and the source, provide a link to the Creative Commons license, and indicate if changes were made. The images or o"" [PMC6472392 <permissions> block, Europe PMC/NCBI PMC record, retrieved 2026-10-03] ;; DIVERGENCE = YES and it matters: the deposited files are declared CC0 by the repository while the article carries its own, different licence. The CC0 declaration governs the files; the article licence does not restrict them. ;; RECOMMENDATION (not a permission): the PRIDE record carries an explicit CC0 declaration, which IS an affirmative grant over the deposited files and is independent of the article licence. This is the strongest per-artifact evidence in the set."	ProteomeXchange/PRIDE PXD011485 (dataset DOI none minted; submissionType PARTIAL; submitted 2018-10-26, published 2019-04-23)		not determined - PRIDE per-project protein listing is not served for classic PXD submissions	UniProt accession -> exact shared-protein crosswalk	candidate: the repository declares an explicit CC0 grant over the deposited files, which is an affirmative licence for the artifact itself. The article licence and the artifact grant are both open and do not conflict. Note from package B: this deposit is S. elongatus PCC 11801, not PCC 7942.	PRIDE REST v3 https://www.ebi.ac.uk/pride/ws/archive/v3/projects/PXD011485 (retrieved 2026-10-03) | EMBL-EBI Terms of Use, https://www.ebi.ac.uk/about/terms-of-use/, 'Last revised: 5th February 2024' (retrieved 2026-10-03, page SHA-256 f3c148e6b91501af2a516e24edf0be61c21e2ce1b4e9f40bd834c606f1f23ae9) | PMC6472392 <permissions> block via Europe PMC fullTextXML or NCBI efetch db=pmc (retrieved 2026-10-03)
Synechococcus elongatus	proteomics (LC-MS/MS);	not reported in PRIDE project metadata; requires paper-level extraction (package B)	not stated in PRIDE project metadata	not stated	"REPOSITORY TERMS (governs the deposited files) = PRIDE project license field reads ""Creative Commons Public Domain (CC0)"" [PRIDE REST v3 record for PXD014590, field ""license"", retrieved 2026-10-03] ;; UMBRELLA TERMS = ""Where EMBL-EBI presents scientific data generated by others, EMBL-EBI imposes no additional restriction on the use of the contributed data than those provided by the data owner, unless otherwise specified in these Terms of Use."" and ""EMBL-EBI itself places no additional restrictions on the use or redistribution of the data available via its Data Resources and Tools other than those provided by the original data owners, unless otherwise specified in these Terms of Use."" [EMBL-EBI Terms of Use, https://www.ebi.ac.uk/about/terms-of-use/, 'Last revised: 5th February 2024' (retrieved 2026-10-03, page SHA-256 f3c148e6b91501af2a516e24edf0be61c21e2ce1b4e9f40bd834c606f1f23ae9)] ;; PER-FILE NOTICE = none. The PRIDE record declares the licence at project level only; no per-file notice is served. ;; ARTICLE TERMS (open licence) = ""https://creativecommons.org/licenses/by/4.0/ Licensee MDPI, Basel, Switzerland. This article is an open access article distributed under the terms and conditions of the Creative Commons Attribution (CC BY) license ( http://creativecommons.org/licenses/by/4.0/ )."" [PMC6722726 <permissions> block, Europe PMC/NCBI PMC record, retrieved 2026-10-03] ;; DIVERGENCE = YES and it matters: the deposited files are declared CC0 by the repository while the article carries its own, different licence. The CC0 declaration governs the files; the article licence does not restrict them. ;; RECOMMENDATION (not a permission): the PRIDE record carries an explicit CC0 declaration, which IS an affirmative grant over the deposited files and is independent of the article licence. This is the strongest per-artifact evidence in the set."	ProteomeXchange/PRIDE PXD014590 (dataset DOI none minted; submissionType PARTIAL; submitted 2019-07-12, published 2019-08-27)		not determined - PRIDE per-project protein listing is not served for classic PXD submissions	UniProt accession -> exact shared-protein crosswalk	candidate: the repository declares an explicit CC0 grant over the deposited files, which is an affirmative licence for the artifact itself. The article licence and the artifact grant are both open and do not conflict. Note from package B: this deposit is S. elongatus UTEX 2973, the genome of record.	PRIDE REST v3 https://www.ebi.ac.uk/pride/ws/archive/v3/projects/PXD014590 (retrieved 2026-10-03) | EMBL-EBI Terms of Use, https://www.ebi.ac.uk/about/terms-of-use/, 'Last revised: 5th February 2024' (retrieved 2026-10-03, page SHA-256 f3c148e6b91501af2a516e24edf0be61c21e2ce1b4e9f40bd834c606f1f23ae9) | PMC6722726 <permissions> block via Europe PMC fullTextXML or NCBI efetch db=pmc (retrieved 2026-10-03)
PCC 7942	proteomics (LC-MS/MS);	not reported in PRIDE project metadata; requires paper-level extraction (package B)	not stated in PRIDE project metadata	not stated	"REPOSITORY TERMS (governs the deposited files) = PRIDE project license field reads ""Creative Commons Public Domain (CC0)"" [PRIDE REST v3 record for PXD019731, field ""license"", retrieved 2026-10-03] ;; UMBRELLA TERMS = ""Where EMBL-EBI presents scientific data generated by others, EMBL-EBI imposes no additional restriction on the use of the contributed data than those provided by the data owner, unless otherwise specified in these Terms of Use."" and ""EMBL-EBI itself places no additional restrictions on the use or redistribution of the data available via its Data Resources and Tools other than those provided by the original data owners, unless otherwise specified in these Terms of Use."" [EMBL-EBI Terms of Use, https://www.ebi.ac.uk/about/terms-of-use/, 'Last revised: 5th February 2024' (retrieved 2026-10-03, page SHA-256 f3c148e6b91501af2a516e24edf0be61c21e2ce1b4e9f40bd834c606f1f23ae9)] ;; PER-FILE NOTICE = none. The PRIDE record declares the licence at project level only; no per-file notice is served. ;; ARTICLE TERMS (open licence) = ""https://creativecommons.org/licenses/by/4.0/ Open Access This article is licensed under a Creative Commons Attribution 4.0 International License, which permits use, sharing, adaptation, distribution and reproduction in any medium or format, as long as you give appropriate credit to the original author(s) and the source, provide a link to the Creative Commons license, and indicate if changes were made. The images or o"" [PMC8190092 <permissions> block, Europe PMC/NCBI PMC record, retrieved 2026-10-03] ;; DIVERGENCE = YES and it matters: the deposited files are declared CC0 by the repository while the article carries its own, different licence. The CC0 declaration governs the files; the article licence does not restrict them. ;; RECOMMENDATION (not a permission): the PRIDE record carries an explicit CC0 declaration, which IS an affirmative grant over the deposited files and is independent of the article licence. This is the strongest per-artifact evidence in the set."	ProteomeXchange/PRIDE PXD019731 (dataset DOI 10.6019/PXD019731; submissionType COMPLETE; submitted 2020-06-12, published 2020-11-17)		not determined - PRIDE per-project protein listing is not served for classic PXD submissions	UniProt accession -> exact shared-protein crosswalk	candidate: the repository declares an explicit CC0 grant over the deposited files, which is an affirmative licence for the artifact itself. The article licence and the artifact grant are both open and do not conflict.	PRIDE REST v3 https://www.ebi.ac.uk/pride/ws/archive/v3/projects/PXD019731 (retrieved 2026-10-03) | EMBL-EBI Terms of Use, https://www.ebi.ac.uk/about/terms-of-use/, 'Last revised: 5th February 2024' (retrieved 2026-10-03, page SHA-256 f3c148e6b91501af2a516e24edf0be61c21e2ce1b4e9f40bd834c606f1f23ae9) | PMC8190092 <permissions> block via Europe PMC fullTextXML or NCBI efetch db=pmc (retrieved 2026-10-03)
PCC 7942	proteomics (LC-MS/MS);	not reported in PRIDE project metadata; requires paper-level extraction (package B)	not stated in PRIDE project metadata	not stated	"REPOSITORY TERMS (governs the deposited files) = PRIDE project license field reads ""Creative Commons Public Domain (CC0)"" [PRIDE REST v3 record for PXD023591, field ""license"", retrieved 2026-10-03] ;; UMBRELLA TERMS = ""Where EMBL-EBI presents scientific data generated by others, EMBL-EBI imposes no additional restriction on the use of the contributed data than those provided by the data owner, unless otherwise specified in these Terms of Use."" and ""EMBL-EBI itself places no additional restrictions on the use or redistribution of the data available via its Data Resources and Tools other than those provided by the original data owners, unless otherwise specified in these Terms of Use."" [EMBL-EBI Terms of Use, https://www.ebi.ac.uk/about/terms-of-use/, 'Last revised: 5th February 2024' (retrieved 2026-10-03, page SHA-256 f3c148e6b91501af2a516e24edf0be61c21e2ce1b4e9f40bd834c606f1f23ae9)] ;; PER-FILE NOTICE = none. The PRIDE record declares the licence at project level only; no per-file notice is served. ;; ARTICLE TERMS = not applicable: the deposit has no linked publication, so no article licence governs it ;; DIVERGENCE = not assessable: no article exists to diverge from. ;; RECOMMENDATION (not a permission): the PRIDE record carries an explicit CC0 declaration, which IS an affirmative grant over the deposited files and is independent of the article licence. This is the strongest per-artifact evidence in the set."	ProteomeXchange/PRIDE PXD023591 (dataset DOI 10.6019/PXD023591; submissionType COMPLETE; submitted 2021-01-14, published 2021-06-30)		not determined - PRIDE per-project protein listing is not served for classic PXD submissions	UniProt accession -> exact shared-protein crosswalk	candidate: the repository declares an explicit CC0 grant over the deposited files, which is an affirmative licence for the artifact itself. The article licence and the artifact grant are both open and do not conflict.	PRIDE REST v3 https://www.ebi.ac.uk/pride/ws/archive/v3/projects/PXD023591 (retrieved 2026-10-03) | EMBL-EBI Terms of Use, https://www.ebi.ac.uk/about/terms-of-use/, 'Last revised: 5th February 2024' (retrieved 2026-10-03, page SHA-256 f3c148e6b91501af2a516e24edf0be61c21e2ce1b4e9f40bd834c606f1f23ae9)
PCC 7942	proteomics (LC-MS/MS);	not reported in PRIDE project metadata; requires paper-level extraction (package B)	not stated in PRIDE project metadata	not stated	"REPOSITORY TERMS (governs the deposited files) = PRIDE project license field reads ""Creative Commons Public Domain (CC0)"" [PRIDE REST v3 record for PXD027430, field ""license"", retrieved 2026-10-03] ;; UMBRELLA TERMS = ""Where EMBL-EBI presents scientific data generated by others, EMBL-EBI imposes no additional restriction on the use of the contributed data than those provided by the data owner, unless otherwise specified in these Terms of Use."" and ""EMBL-EBI itself places no additional restrictions on the use or redistribution of the data available via its Data Resources and Tools other than those provided by the original data owners, unless otherwise specified in these Terms of Use."" [EMBL-EBI Terms of Use, https://www.ebi.ac.uk/about/terms-of-use/, 'Last revised: 5th February 2024' (retrieved 2026-10-03, page SHA-256 f3c148e6b91501af2a516e24edf0be61c21e2ce1b4e9f40bd834c606f1f23ae9)] ;; PER-FILE NOTICE = none. The PRIDE record declares the licence at project level only; no per-file notice is served. ;; ARTICLE TERMS (NOT an open licence) = ""https://academic.oup.com/journals/pages/open_access/funder_policies/chorus/standard_publication_model This article is published and distributed under the terms of the Oxford University Press, Standard Journals Publication Model ( https://academic.oup.com/journals/pages/open_access/funder_policies/chorus/standard_publication_model )"" [PMC9157067 <permissions> block, Europe PMC/NCBI PMC record, retrieved 2026-10-03] ;; DIVERGENCE = YES and it matters: the deposited files are declared CC0 by the repository while the article carries its own, different licence. The CC0 declaration governs the files; the article licence does not restrict them. ;; RECOMMENDATION (not a permission): the PRIDE record carries an explicit CC0 declaration, which IS an affirmative grant over the deposited files and is independent of the article licence. This is the strongest per-artifact evidence in the set."	ProteomeXchange/PRIDE PXD027430 (dataset DOI 10.6019/PXD027430; submissionType COMPLETE; submitted 2021-07-20, published 2022-03-21)		not determined - PRIDE per-project protein listing is not served for classic PXD submissions	UniProt accession -> exact shared-protein crosswalk	candidate: the repository declares an explicit CC0 grant over the deposited files, which is an affirmative licence for the artifact itself. The article carries a different, non-open notice; the two govern different objects and the CC0 declaration is the one that reaches the deposited files.	PRIDE REST v3 https://www.ebi.ac.uk/pride/ws/archive/v3/projects/PXD027430 (retrieved 2026-10-03) | EMBL-EBI Terms of Use, https://www.ebi.ac.uk/about/terms-of-use/, 'Last revised: 5th February 2024' (retrieved 2026-10-03, page SHA-256 f3c148e6b91501af2a516e24edf0be61c21e2ce1b4e9f40bd834c606f1f23ae9) | PMC9157067 <permissions> block via Europe PMC fullTextXML or NCBI efetch db=pmc (retrieved 2026-10-03)
PCC 7942	proteomics (LC-MS/MS);	not reported in PRIDE project metadata; requires paper-level extraction (package B)	not stated in PRIDE project metadata	not stated	"REPOSITORY TERMS (governs the deposited files) = PRIDE project license field reads ""Creative Commons Public Domain (CC0)"" [PRIDE REST v3 record for PXD030282, field ""license"", retrieved 2026-10-03] ;; UMBRELLA TERMS = ""Where EMBL-EBI presents scientific data generated by others, EMBL-EBI imposes no additional restriction on the use of the contributed data than those provided by the data owner, unless otherwise specified in these Terms of Use."" and ""EMBL-EBI itself places no additional restrictions on the use or redistribution of the data available via its Data Resources and Tools other than those provided by the original data owners, unless otherwise specified in these Terms of Use."" [EMBL-EBI Terms of Use, https://www.ebi.ac.uk/about/terms-of-use/, 'Last revised: 5th February 2024' (retrieved 2026-10-03, page SHA-256 f3c148e6b91501af2a516e24edf0be61c21e2ce1b4e9f40bd834c606f1f23ae9)] ;; PER-FILE NOTICE = none. The PRIDE record declares the licence at project level only; no per-file notice is served. ;; ARTICLE TERMS (open licence) = ""Exclusive Licensee Nanjing Agricultural University. Distributed under a Creative Commons Attribution License (CC BY 4.0)."" [PMC10521692 <permissions> block, Europe PMC/NCBI PMC record, retrieved 2026-10-03] ;; DIVERGENCE = YES and it matters: the deposited files are declared CC0 by the repository while the article carries its own, different licence. The CC0 declaration governs the files; the article licence does not restrict them. ;; RECOMMENDATION (not a permission): the PRIDE record carries an explicit CC0 declaration, which IS an affirmative grant over the deposited files and is independent of the article licence. This is the strongest per-artifact evidence in the set."	ProteomeXchange/PRIDE PXD030282 (dataset DOI none minted; submissionType PARTIAL; submitted 2021-12-09, published 2023-10-24)		not determined - PRIDE per-project protein listing is not served for classic PXD submissions	UniProt accession -> exact shared-protein crosswalk	candidate: the repository declares an explicit CC0 grant over the deposited files, which is an affirmative licence for the artifact itself. The article licence and the artifact grant are both open and do not conflict.	PRIDE REST v3 https://www.ebi.ac.uk/pride/ws/archive/v3/projects/PXD030282 (retrieved 2026-10-03) | EMBL-EBI Terms of Use, https://www.ebi.ac.uk/about/terms-of-use/, 'Last revised: 5th February 2024' (retrieved 2026-10-03, page SHA-256 f3c148e6b91501af2a516e24edf0be61c21e2ce1b4e9f40bd834c606f1f23ae9) | PMC10521692 <permissions> block via Europe PMC fullTextXML or NCBI efetch db=pmc (retrieved 2026-10-03)
PCC 7942	proteomics (LC-MS/MS);	not reported in PRIDE project metadata; requires paper-level extraction (package B)	not stated in PRIDE project metadata	not stated	"REPOSITORY TERMS (governs the deposited files) = PRIDE project license field reads ""Creative Commons Public Domain (CC0)"" [PRIDE REST v3 record for PXD036717, field ""license"", retrieved 2026-10-03] ;; UMBRELLA TERMS = ""Where EMBL-EBI presents scientific data generated by others, EMBL-EBI imposes no additional restriction on the use of the contributed data than those provided by the data owner, unless otherwise specified in these Terms of Use."" and ""EMBL-EBI itself places no additional restrictions on the use or redistribution of the data available via its Data Resources and Tools other than those provided by the original data owners, unless otherwise specified in these Terms of Use."" [EMBL-EBI Terms of Use, https://www.ebi.ac.uk/about/terms-of-use/, 'Last revised: 5th February 2024' (retrieved 2026-10-03, page SHA-256 f3c148e6b91501af2a516e24edf0be61c21e2ce1b4e9f40bd834c606f1f23ae9)] ;; PER-FILE NOTICE = none. The PRIDE record declares the licence at project level only; no per-file notice is served. ;; ARTICLE TERMS = not read: PMID 37925065 / doi:10.1016/j.ymben.2023.11.001 has no PMC deposit, so the per-article <permissions> block is unavailable by the Europe PMC route; Europe PMC's search record reports license ""cc by-nc-nd"" [Europe PMC resultType=core record for PMID 37925065, retrieved 2026-10-03]. Source-side limitation, not a sandbox block ;; DIVERGENCE = NOT ASSESSED: the article terms could not be read, so article-vs-artifact divergence is unestablished for this row. ;; RECOMMENDATION (not a permission): the PRIDE record carries an explicit CC0 declaration, which IS an affirmative grant over the deposited files and is independent of the article licence. This is the strongest per-artifact evidence in the set."	ProteomeXchange/PRIDE PXD036717 (dataset DOI none minted; submissionType PARTIAL; submitted 2022-09-14, published 2026-05-29)		not determined - PRIDE per-project protein listing is not served for classic PXD submissions	UniProt accession -> exact shared-protein crosswalk	candidate: the repository declares an explicit CC0 grant over the deposited files, which is an affirmative licence for the artifact itself. The article's own notice could not be read, but that does not affect the artifact, which carries its own grant.	PRIDE REST v3 https://www.ebi.ac.uk/pride/ws/archive/v3/projects/PXD036717 (retrieved 2026-10-03) | EMBL-EBI Terms of Use, https://www.ebi.ac.uk/about/terms-of-use/, 'Last revised: 5th February 2024' (retrieved 2026-10-03, page SHA-256 f3c148e6b91501af2a516e24edf0be61c21e2ce1b4e9f40bd834c606f1f23ae9)
PCC 7942	proteomics (LC-MS/MS);	not reported in PRIDE project metadata; requires paper-level extraction (package B)	not stated in PRIDE project metadata	not stated	"REPOSITORY TERMS (governs the deposited files) = PRIDE project license field reads ""Creative Commons Public Domain (CC0)"" [PRIDE REST v3 record for PXD044412, field ""license"", retrieved 2026-10-03] ;; UMBRELLA TERMS = ""Where EMBL-EBI presents scientific data generated by others, EMBL-EBI imposes no additional restriction on the use of the contributed data than those provided by the data owner, unless otherwise specified in these Terms of Use."" and ""EMBL-EBI itself places no additional restrictions on the use or redistribution of the data available via its Data Resources and Tools other than those provided by the original data owners, unless otherwise specified in these Terms of Use."" [EMBL-EBI Terms of Use, https://www.ebi.ac.uk/about/terms-of-use/, 'Last revised: 5th February 2024' (retrieved 2026-10-03, page SHA-256 f3c148e6b91501af2a516e24edf0be61c21e2ce1b4e9f40bd834c606f1f23ae9)] ;; PER-FILE NOTICE = none. The PRIDE record declares the licence at project level only; no per-file notice is served. ;; ARTICLE TERMS (open licence) = ""Open Access This article is licensed under a Creative Commons Attribution 4.0 International License, which permits use, sharing, adaptation, distribution and reproduction in any medium or format, as long as you give appropriate credit to the original author(s) and the source, provide a link to the Creative Commons licence, and indicate if changes were made. The images or other third party material in this article are"" [PMC10507043 <permissions> block, Europe PMC/NCBI PMC record, retrieved 2026-10-03] ;; DIVERGENCE = YES and it matters: the deposited files are declared CC0 by the repository while the article carries its own, different licence. The CC0 declaration governs the files; the article licence does not restrict them. ;; RECOMMENDATION (not a permission): the PRIDE record carries an explicit CC0 declaration, which IS an affirmative grant over the deposited files and is independent of the article licence. This is the strongest per-artifact evidence in the set."	ProteomeXchange/PRIDE PXD044412 (dataset DOI none minted; submissionType PARTIAL; submitted 2023-08-07, published 2023-08-23)		not determined - PRIDE per-project protein listing is not served for classic PXD submissions	UniProt accession -> exact shared-protein crosswalk	candidate: the repository declares an explicit CC0 grant over the deposited files, which is an affirmative licence for the artifact itself. The article licence and the artifact grant are both open and do not conflict.	PRIDE REST v3 https://www.ebi.ac.uk/pride/ws/archive/v3/projects/PXD044412 (retrieved 2026-10-03) | EMBL-EBI Terms of Use, https://www.ebi.ac.uk/about/terms-of-use/, 'Last revised: 5th February 2024' (retrieved 2026-10-03, page SHA-256 f3c148e6b91501af2a516e24edf0be61c21e2ce1b4e9f40bd834c606f1f23ae9) | PMC10507043 <permissions> block via Europe PMC fullTextXML or NCBI efetch db=pmc (retrieved 2026-10-03)
PCC 7942	proteomics (LC-MS/MS);	not reported in PRIDE project metadata; requires paper-level extraction (package B)	not stated in PRIDE project metadata	not stated	"REPOSITORY TERMS (governs the deposited files) = PRIDE project license field reads ""Creative Commons Public Domain (CC0)"" [PRIDE REST v3 record for PXD062851, field ""license"", retrieved 2026-10-03] ;; UMBRELLA TERMS = ""Where EMBL-EBI presents scientific data generated by others, EMBL-EBI imposes no additional restriction on the use of the contributed data than those provided by the data owner, unless otherwise specified in these Terms of Use."" and ""EMBL-EBI itself places no additional restrictions on the use or redistribution of the data available via its Data Resources and Tools other than those provided by the original data owners, unless otherwise specified in these Terms of Use."" [EMBL-EBI Terms of Use, https://www.ebi.ac.uk/about/terms-of-use/, 'Last revised: 5th February 2024' (retrieved 2026-10-03, page SHA-256 f3c148e6b91501af2a516e24edf0be61c21e2ce1b4e9f40bd834c606f1f23ae9)] ;; PER-FILE NOTICE = none. The PRIDE record declares the licence at project level only; no per-file notice is served. ;; ARTICLE TERMS (open licence) = ""This is an Open Access article distributed under the terms of the Creative Commons Attribution License ( https://creativecommons.org/licenses/by/4.0/ ), which permits unrestricted reuse, distribution, and reproduction in any medium, provided the original work is properly cited."" [PMC12415867 <permissions> block, Europe PMC/NCBI PMC record, retrieved 2026-10-03] ;; DIVERGENCE = YES and it matters: the deposited files are declared CC0 by the repository while the article carries its own, different licence. The CC0 declaration governs the files; the article licence does not restrict them. ;; RECOMMENDATION (not a permission): the PRIDE record carries an explicit CC0 declaration, which IS an affirmative grant over the deposited files and is independent of the article licence. This is the strongest per-artifact evidence in the set."	ProteomeXchange/PRIDE PXD062851 (dataset DOI none minted; submissionType PARTIAL; submitted 2025-04-11, published 2025-09-14)		not determined - PRIDE per-project protein listing is not served for classic PXD submissions	UniProt accession -> exact shared-protein crosswalk	candidate: the repository declares an explicit CC0 grant over the deposited files, which is an affirmative licence for the artifact itself. The article licence and the artifact grant are both open and do not conflict.	PRIDE REST v3 https://www.ebi.ac.uk/pride/ws/archive/v3/projects/PXD062851 (retrieved 2026-10-03) | EMBL-EBI Terms of Use, https://www.ebi.ac.uk/about/terms-of-use/, 'Last revised: 5th February 2024' (retrieved 2026-10-03, page SHA-256 f3c148e6b91501af2a516e24edf0be61c21e2ce1b4e9f40bd834c606f1f23ae9) | PMC12415867 <permissions> block via Europe PMC fullTextXML or NCBI efetch db=pmc (retrieved 2026-10-03)
PCC 7942	proteomics (LC-MS/MS);	not reported in PRIDE project metadata; requires paper-level extraction (package B)	not stated in PRIDE project metadata	not stated	"REPOSITORY TERMS (governs the deposited files) = PRIDE project license field reads ""Creative Commons Public Domain (CC0)"" [PRIDE REST v3 record for PXD074299, field ""license"", retrieved 2026-10-03] ;; UMBRELLA TERMS = ""Where EMBL-EBI presents scientific data generated by others, EMBL-EBI imposes no additional restriction on the use of the contributed data than those provided by the data owner, unless otherwise specified in these Terms of Use."" and ""EMBL-EBI itself places no additional restrictions on the use or redistribution of the data available via its Data Resources and Tools other than those provided by the original data owners, unless otherwise specified in these Terms of Use."" [EMBL-EBI Terms of Use, https://www.ebi.ac.uk/about/terms-of-use/, 'Last revised: 5th February 2024' (retrieved 2026-10-03, page SHA-256 f3c148e6b91501af2a516e24edf0be61c21e2ce1b4e9f40bd834c606f1f23ae9)] ;; PER-FILE NOTICE = none. The PRIDE record declares the licence at project level only; no per-file notice is served. ;; ARTICLE TERMS (open licence) = ""https://creativecommons.org/licenses/by-nc-nd/4.0/ This is an open access article under the CC BY-NC-ND license (http://creativecommons.org/licenses/by-nc-nd/4.0/)."" [PMC13125920 <permissions> block, Europe PMC/NCBI PMC record, retrieved 2026-10-03] ;; DIVERGENCE = YES and it matters: the deposited files are declared CC0 by the repository while the article carries its own, different licence. The CC0 declaration governs the files; the article licence does not restrict them. ;; RECOMMENDATION (not a permission): the PRIDE record carries an explicit CC0 declaration, which IS an affirmative grant over the deposited files and is independent of the article licence. This is the strongest per-artifact evidence in the set."	ProteomeXchange/PRIDE PXD074299 (dataset DOI none minted; submissionType PARTIAL; submitted 2026-02-10, published 2026-05-24)		not determined - PRIDE per-project protein listing is not served for classic PXD submissions	UniProt accession -> exact shared-protein crosswalk	candidate: the repository declares an explicit CC0 grant over the deposited files, which is an affirmative licence for the artifact itself. The article licence and the artifact grant are both open and do not conflict.	PRIDE REST v3 https://www.ebi.ac.uk/pride/ws/archive/v3/projects/PXD074299 (retrieved 2026-10-03) | EMBL-EBI Terms of Use, https://www.ebi.ac.uk/about/terms-of-use/, 'Last revised: 5th February 2024' (retrieved 2026-10-03, page SHA-256 f3c148e6b91501af2a516e24edf0be61c21e2ce1b4e9f40bd834c606f1f23ae9) | PMC13125920 <permissions> block via Europe PMC fullTextXML or NCBI efetch db=pmc (retrieved 2026-10-03)
