strain	assay	conditions	replicates	build	licence	artifact	checksum	per_gene_table	mapping_route	status	source
PCC 7942	transcriptomics (array)	"CONDITION SET: Pre-exposure stock culture (growth protocol, prior to Zn exposure) | SAMPLES: All 16 samples (GSM2748217–GSM2748232), i.e. control_5h_rep1-4, Z-COTEHP1_5h_rep1-4, Z-COTE_5h_rep1-4, ZnCl2_5h_rep1-4 — stock culturing stage common to all before chemical exposure ;; temperature = 20°C [GEO GSE102914 !Sample_growth_protocol_ch1 (group 1); quote: ""constant temperature (20°C)""] ;; light_intensity = not retrieved [full text not retrievable: DOI 10.1007/s11356-019-05057-6 is closed access with no OA location in Unpaywall/OpenAlex; source-side paywall, not a sandbox block, and not worked around; absence in the archive record is NOT evidence the study does not report it] ;; light_regime = spectrum: not reported; regime: diel/circadian, photoperiod 16:8 (presumed 16 h light:8 h dark, not explicitly labeled which is light vs dark) [GEO GSE102914 !Sample_growth_protocol_ch1 (group 1); quote: ""circadian period (16:8)""] ;; co2 = not retrieved [full text not retrievable: DOI 10.1007/s11356-019-05057-6 is closed access with no OA location in Unpaywall/OpenAlex; source-side paywall, not a sandbox block, and not worked around; absence in the archive record is NOT evidence the study does not report it] ;; medium = BG11 medium [GEO GSE102914 !Sample_growth_protocol_ch1 (group 1); quote: ""cells were grown in BG11 medium""] ;; culture_format = liquid culture with rotary agitation (100 rpm); vessel type not specified [GEO GSE102914 !Sample_growth_protocol_ch1 (group 1); quote: ""rotary agitation (100 rpm)""] ;; growth_phase = exponential phase, OD730nm = 0.24 [GEO GSE102914 !Sample_treatment_protocol_ch1 (group 1); quote: ""Cells in exponential phase of growth (OD730nm = 0.24)""]"	not retrieved [full text not retrievable: DOI 10.1007/s11356-019-05057-6 is closed access with no OA location in Unpaywall/OpenAlex; source-side paywall, not a sandbox block, and not worked around; absence in the archive record is NOT evidence the study does not report it]	not stated in GEO metadata	NCBI GEO public-repository terms; no per-file notice located. Recommendation only.	GEO GSE102914; PMID 31161548		none found (raw only: GSE102914_RAW.tar)	PCC 7942 RefSeq locus tags -> existing exact shared-protein crosswalk	candidate; NOTE FOR COMPARABILITY (package D, not decided here): the reported growth temperature is 20 degC and the exposure medium is EPA Very Soft Water, not BG-11	archive: GEO GSE102914 (https://www.ncbi.nlm.nih.gov/geo/query/acc.cgi?acc=GSE102914), SOFT record retrieved 2026-10-03 | paper: PMID 31161548; doi:10.1007/s11356-019-05057-6 | full text: full text not retrievable: DOI 10.1007/s11356-019-05057-6 is closed access with no OA location in Unpaywall/OpenAlex; source-side paywall, not a sandbox block, and not worked around
PCC 7942	transcriptomics (array)	"CONDITION SET: Zn/ZnO-ENM exposure incubation (5 h, condition at sampling for array) | SAMPLES: All 16 samples (GSM2748217–GSM2748232) across 4 groups — control, Z-COTE HP1, Z-COTE, ZnCl2 — each with 4 replicates; identical incubation conditions except for identity of added chemical (not a growth-condition axis) ;; temperature = 20°C [GEO GSE102914 !Sample_treatment_protocol_ch1 (group 1); quote: ""20 °C""] ;; light_intensity = not retrieved [full text not retrievable: DOI 10.1007/s11356-019-05057-6 is closed access with no OA location in Unpaywall/OpenAlex; source-side paywall, not a sandbox block, and not worked around; absence in the archive record is NOT evidence the study does not report it] ;; light_regime = spectrum: not reported; regime: continuous light (no photoperiod, 24 h light) [GEO GSE102914 !Sample_treatment_protocol_ch1 (group 1); quote: ""continuous light""] ;; co2 = not retrieved [full text not retrievable: DOI 10.1007/s11356-019-05057-6 is closed access with no OA location in Unpaywall/OpenAlex; source-side paywall, not a sandbox block, and not worked around; absence in the archive record is NOT evidence the study does not report it] ;; medium = EPA Very Soft Water (pH 6.4 ± 0.3), with 5 mg/L Z-COTE, Z-COTE HP1, or ZnCl2 added, or solvent control [GEO GSE102914 sample characteristics, GSM2748217 (group 1); quote: ""incubation medium: EPA Very Soft Water (pH 6.4± 0.3)""] ;; culture_format = 31.5 mL aliquots, rotary agitation (100 rpm) [GEO GSE102914 !Sample_treatment_protocol_ch1 (group 1); quote: ""aliquot of 31.5 mL""] ;; growth_phase = OD730nm adjusted to 0.27 (3.10E8 cells/mL) at start of exposure [GEO GSE102914 !Sample_treatment_protocol_ch1 (group 1); quote: ""The OD730nm was adjusted to 0.27 (3.10E8 cells/mL)""]"	"4 replicates for each condition [GEO GSE102914 !Sample_treatment_protocol_ch1 (group 1); quote: ""with 4 replicates for each condition""]"	not stated in GEO metadata	NCBI GEO public-repository terms; no per-file notice located. Recommendation only.	GEO GSE102914; PMID 31161548		none found (raw only: GSE102914_RAW.tar)	PCC 7942 RefSeq locus tags -> existing exact shared-protein crosswalk	candidate; NOTE FOR COMPARABILITY (package D, not decided here): the reported growth temperature is 20 degC and the exposure medium is EPA Very Soft Water, not BG-11	archive: GEO GSE102914 (https://www.ncbi.nlm.nih.gov/geo/query/acc.cgi?acc=GSE102914), SOFT record retrieved 2026-10-03 | paper: PMID 31161548; doi:10.1007/s11356-019-05057-6 | full text: full text not retrievable: DOI 10.1007/s11356-019-05057-6 is closed access with no OA location in Unpaywall/OpenAlex; source-side paywall, not a sandbox block, and not worked around
PCC 7942	transcriptomics (RNA-seq)	"CONDITION SET: BG11, 30°C, cool fluorescent light 40 µE, entrained then constant light | SAMPLES: All 8 samples (GSM2771773, GSM2771774, GSM2771775, GSM2771776, GSM2771777, GSM2771778, GSM2771779, GSM2771780), covering both wild type and rel- genotypes at subjective dawn (CT=0) and subjective dusk (CT=12h) timepoints — growth protocol is identical across all samples; sets are not split on genotype or timepoint alone ;; temperature = 30 °C [GEO GSE103462 !Sample_growth_protocol_ch1 (group 1); quote: ""in BG11 medium at 30 °C.""] ;; light_intensity = 40 μE m-2 s-1 (μmoles photons m-2 s-1) [GEO GSE103462 !Sample_growth_protocol_ch1 (group 1); quote: ""cool fluorescent light at 40 μE m-2 s-1 (μmoles photons m-2 s-1)""] ;; light_regime = spectrum: cool fluorescent light (per growth protocol); regime: cells entrained with two 12h dark/12h light/12h dark cycles, then released into constant light and harvested at subjective dawn and subjective dusk; photoperiod during entrainment: 12h dark/12h light/12h dark, repeated twice, then continuous (constant) light thereafter [GEO GSE103462 !Sample_growth_protocol_ch1 and !Sample_treatment_protocol_ch1 (group 1); quote: ""under illumination with cool fluorescent light at 40 μE m-2 s-1 (μmoles photons m-2 s-1) in BG11 medium at 30 °C. || Cells were exposed to two light/dark cycles (12 hours of dark, followed by 12 h of light, followed by 12 h of dark) for entrainment. Cells were released into constant light and harvested by filtering and freezing in liquid-nitrogen at subjective dawn and subjective dusk, and stored in -80º C.""] ;; co2 = not retrieved [full text not retrievable: PMID 29241543 / DOI 10.1016/j.celrep.2017.11.067 is gold OA (CC BY-NC-ND) but has no PMC deposit and the only OA full-text location advertised by Unpaywall/OpenAlex is an http-only publisher PDF, which this session's fetcher refuses; route limitation, not a paywall and not a sandbox block; absence in the archive record is NOT evidence the study does not report it] ;; medium = BG11 medium [GEO GSE103462 !Sample_growth_protocol_ch1 (group 1); quote: ""in BG11 medium at 30 °C""] ;; culture_format = tissue culture flasks [GEO GSE103462 !Sample_growth_protocol_ch1 (group 1); quote: ""grown in tissue culture flasks""] ;; growth_phase = not retrieved [full text not retrievable: PMID 29241543 / DOI 10.1016/j.celrep.2017.11.067 is gold OA (CC BY-NC-ND) but has no PMC deposit and the only OA full-text location advertised by Unpaywall/OpenAlex is an http-only publisher PDF, which this session's fetcher refuses; route limitation, not a paywall and not a sandbox block; absence in the archive record is NOT evidence the study does not report it] ;; unit_conversion = 40 μE m-2 s-1 as reported; the record itself states the equivalence: ""40 μE m-2 s-1 (μmoles photons m-2 s-1)"", i.e. μE m-2 s-1 is equivalent to µmol photons m-2 s-1"	"not stated as an explicit replicate-count sentence; 2 samples labeled ""replicate 1"" and ""replicate 2"" per genotype/timepoint combination in GEO sample list [GEO GSE103462 sample list (group 1); quote: ""GSM2771773 | wild type replicate 1 dawn | genotype: wild type; time point: subjective dawn (CT=0) | cells""]"	not stated in GEO metadata	NCBI GEO public-repository terms; no per-file notice located. Recommendation only.	GEO GSE103462; PMID 29241543		GSE103462_Expression.xls.gz	PCC 7942 RefSeq locus tags -> existing exact shared-protein crosswalk	candidate	archive: GEO GSE103462 (https://www.ncbi.nlm.nih.gov/geo/query/acc.cgi?acc=GSE103462), SOFT record retrieved 2026-10-03 | paper: PMID 29241543; doi:10.1016/j.celrep.2017.11.067 | full text: full text not retrievable: PMID 29241543 / DOI 10.1016/j.celrep.2017.11.067 is gold OA (CC BY-NC-ND) but has no PMC deposit and the only OA full-text location advertised by Unpaywall/OpenAlex is an http-only publisher PDF, which this session's fetcher refuses; route limitation, not a paywall and not a sandbox block
PCC 7942	transcriptomics (RNA-seq)	"CONDITION SET: Synchronized constant-light growth conditions (all samples, group 1) | SAMPLES: GSM2771781, GSM2771782, GSM2771783, GSM2771784, GSM2771785, GSM2771786, GSM2771787, GSM2771788 (all 8 samples; genotypes rel- + relA+ and rel- + relAE335Q; subjective dawn and dusk time points; replicates 1-2) — identical growth protocol reported for entire group ;; temperature = 30 °C [GEO GSE103463 !Sample_growth_protocol_ch1 (group 1); quote: ""at 30 °C.""] ;; light_intensity = 40 μE m-2 s-1 (μmoles photons m-2 s-1) [GEO GSE103463 !Sample_growth_protocol_ch1 (group 1); quote: ""40 μE m-2 s-1 (μmoles photons m-2 s-1)""] ;; light_regime = spectrum: cool fluorescent light (growth protocol); regime: entrainment with two diel light/dark cycles (12h dark, 12h light, 12h dark) followed by release into constant (continuous) light; samples harvested during constant light at subjective dawn (CT=0) and subjective dusk (CT=12h) [GEO GSE103463 !Sample_treatment_protocol_ch1 (group 1); spectrum descriptor from !Sample_growth_protocol_ch1; quote: ""Cells were exposed to two light/dark cycles (12 hours of dark, followed by 12 h of light, followed by 12 h of dark) for entrainment. Cells were released into constant light and harvested by filtering and freezing in liquid-nitrogen at subjective dawn and subjective dusk, and stored in -80º C.""] ;; co2 = not retrieved [full text not retrievable: PMID 29241543 / DOI 10.1016/j.celrep.2017.11.067 is gold OA (CC BY-NC-ND) but has no PMC deposit and the only OA full-text location advertised by Unpaywall/OpenAlex is an http-only publisher PDF, which this session's fetcher refuses; route limitation, not a paywall and not a sandbox block; absence in the archive record is NOT evidence the study does not report it] ;; medium = BG11 medium [GEO GSE103463 !Sample_growth_protocol_ch1 (group 1); quote: ""BG11 medium""] ;; culture_format = tissue culture flasks [GEO GSE103463 !Sample_growth_protocol_ch1 (group 1); quote: ""grown in tissue culture flasks""] ;; growth_phase = not retrieved [full text not retrievable: PMID 29241543 / DOI 10.1016/j.celrep.2017.11.067 is gold OA (CC BY-NC-ND) but has no PMC deposit and the only OA full-text location advertised by Unpaywall/OpenAlex is an http-only publisher PDF, which this session's fetcher refuses; route limitation, not a paywall and not a sandbox block; absence in the archive record is NOT evidence the study does not report it] ;; unit_conversion = 40 μE m-2 s-1 as reported; the source itself glosses this as equivalent to μmoles photons m-2 s-1, i.e. '40 μE m-2 s-1 (μmoles photons m-2 s-1)'"	"not stated as an explicit number; 2 replicate samples listed per genotype/time-point combination in GEO sample list [GEO GSE103463 sample titles, group 1 (e.g. GSM2771781 vs GSM2771782); quote: ""rel- + relA+ replicate 1 dawn""]"	not stated in GEO metadata	NCBI GEO public-repository terms; no per-file notice located. Recommendation only.	GEO GSE103463; PMID 29241543		GSE103463_Expression.xls.gz	PCC 7942 RefSeq locus tags -> existing exact shared-protein crosswalk	candidate	archive: GEO GSE103463 (https://www.ncbi.nlm.nih.gov/geo/query/acc.cgi?acc=GSE103463), SOFT record retrieved 2026-10-03 | paper: PMID 29241543; doi:10.1016/j.celrep.2017.11.067 | full text: full text not retrievable: PMID 29241543 / DOI 10.1016/j.celrep.2017.11.067 is gold OA (CC BY-NC-ND) but has no PMC deposit and the only OA full-text location advertised by Unpaywall/OpenAlex is an http-only publisher PDF, which this session's fetcher refuses; route limitation, not a paywall and not a sandbox block
PCC 7942	transcriptomics (RNA-seq)	"CONDITION SET: Entrainment then constant-light release (RNA-Seq, dawn/dusk and induction time course) | SAMPLES: Group 1 (n=16, RNA-Seq, GSM2771773-GSM2771788: wild type, rel-, rel-+relA+, rel-+relAE335Q, dawn & dusk, replicate 1 & 2) and Group 2 (n=6, RNA-Seq, GSM2777217-GSM2777222: wild type+relA+ and wild type+relAE335Q theophylline induction time course t=0/30min/1h); both groups share identical !Sample_growth_protocol_ch1 text ;; temperature = 30 °C [GEO GSE103606 group 1 & group 2 !Sample_growth_protocol_ch1; quote: ""in BG11 medium at 30 °C.""] ;; light_intensity = 40 μE m-2 s-1 (μmoles photons m-2 s-1) [GEO GSE103606 group 1 & group 2 !Sample_growth_protocol_ch1; quote: ""under illumination with cool fluorescent light at 40 μE m-2 s-1 (μmoles photons m-2 s-1)""] ;; light_regime = spectrum: cool fluorescent light; regime: entrainment with two 12h dark/12h light/12h dark cycles, then released into constant (continuous) light for the experiment; harvested at subjective dawn (CT=0) and subjective dusk (CT=12h), or at 0/30min/1h after theophylline induction at subjective dusk [GEO GSE103606 group 1 !Sample_treatment_protocol_ch1 (group 2 text nearly identical, substitutes induction for harvest timing); quote: ""Cells were exposed to two light/dark cycles (12 hours of dark, followed by 12 h of light, followed by 12 h of dark) for entrainment. Cells were released into constant light""] ;; co2 = not retrieved [full text not retrievable: PMID 29241543 / DOI 10.1016/j.celrep.2017.11.067 is gold OA (CC BY-NC-ND) but has no PMC deposit and the only OA full-text location advertised by Unpaywall/OpenAlex is an http-only publisher PDF, which this session's fetcher refuses; route limitation, not a paywall and not a sandbox block; absence in the archive record is NOT evidence the study does not report it] ;; medium = BG11 medium [GEO GSE103606 group 1 & group 2 !Sample_growth_protocol_ch1; quote: ""in BG11 medium""] ;; culture_format = tissue culture flasks [GEO GSE103606 group 1 & group 2 !Sample_growth_protocol_ch1; quote: ""grown in tissue culture flasks""] ;; growth_phase = not retrieved [full text not retrievable: PMID 29241543 / DOI 10.1016/j.celrep.2017.11.067 is gold OA (CC BY-NC-ND) but has no PMC deposit and the only OA full-text location advertised by Unpaywall/OpenAlex is an http-only publisher PDF, which this session's fetcher refuses; route limitation, not a paywall and not a sandbox block; absence in the archive record is NOT evidence the study does not report it] ;; unit_conversion = 40 μE m-2 s-1 as reported; the record itself parenthetically equates this to μmoles photons m-2 s-1 ('40 μE m-2 s-1 (μmoles photons m-2 s-1)')"	"not stated as an explicit count; group 1 sample titles are labeled 'replicate 1' and 'replicate 2' per genotype/time point (2 per condition); group 2 sample titles show a single sample per genotype/time point with no replicate label [GEO GSE103606 group 1 sample titles, e.g. GSM2771773; quote: ""wild type replicate 1 dawn""]"	not stated in GEO metadata	NCBI GEO public-repository terms; no per-file notice located. Recommendation only.	GEO GSE103606; PMID 29241543		none found	PCC 7942 RefSeq locus tags -> existing exact shared-protein crosswalk	candidate; CORRECTION CONFIRMED: the series holds 106 samples, 94 RNA-Seq and 12 ChIP-Seq (GEO !Sample_library_strategy counts, verified 2026-10-03), matching the intake note. Conditions here cover the 94 RNA-Seq samples; the 12 ChIP-Seq samples (GSM2854964-GSM2854975) share condition set 2's growth protocol text but are out of scope and excluded	archive: GEO GSE103606 (https://www.ncbi.nlm.nih.gov/geo/query/acc.cgi?acc=GSE103606), SOFT record retrieved 2026-10-03 | paper: PMID 29241543; doi:10.1016/j.celrep.2017.11.067 | full text: full text not retrievable: PMID 29241543 / DOI 10.1016/j.celrep.2017.11.067 is gold OA (CC BY-NC-ND) but has no PMC deposit and the only OA full-text location advertised by Unpaywall/OpenAlex is an http-only publisher PDF, which this session's fetcher refuses; route limitation, not a paywall and not a sandbox block
PCC 7942	transcriptomics (RNA-seq)	"CONDITION SET: Continuous 12h light/12h dark cycling growth (RNA-Seq dark time course and ChIP-Seq) | SAMPLES: Group 3 (n=72, RNA-Seq, GSM2779437 onward and GSM2827746 onward: wild type, rel-, rel- relA+, rel- relAE335Q, replicate 1 & 2, dusk and dark time course 5min-12h) and Group 4 (n=12, ChIP-Seq, GSM2854964-GSM2854975: wild type and rel-, dusk/4h/8h/12h dark/dawn, anti-RNAP β and IgG mock); both groups share identical !Sample_growth_protocol_ch1 text ;; temperature = 30 °C [GEO GSE103606 group 3 & group 4 !Sample_growth_protocol_ch1; quote: ""in BG11 medium at 30 °C.""] ;; light_intensity = 40 μE m-2 s-1 (μmoles photons m-2 s-1) [GEO GSE103606 group 3 & group 4 !Sample_growth_protocol_ch1; quote: ""under illumination with cool fluorescent light at 40 μE m-2 s-1 (μmoles photons m-2 s-1)""] ;; light_regime = spectrum: cool fluorescent light; regime: continuous diel 12 h light/12 h dark cycling throughout growth (not released into constant light); after two-cycle entrainment, cells remained on this light/dark schedule and were harvested at dusk and at defined times into the subsequent dark period (5 min-12 h) or at dawn [GEO GSE103606 group 3 & group 4 !Sample_growth_protocol_ch1; quote: ""grown in tissue culture flasks in 12 h light/ 12 h dark conditions""] ;; co2 = not retrieved [full text not retrievable: PMID 29241543 / DOI 10.1016/j.celrep.2017.11.067 is gold OA (CC BY-NC-ND) but has no PMC deposit and the only OA full-text location advertised by Unpaywall/OpenAlex is an http-only publisher PDF, which this session's fetcher refuses; route limitation, not a paywall and not a sandbox block; absence in the archive record is NOT evidence the study does not report it] ;; medium = BG11 medium [GEO GSE103606 group 3 & group 4 !Sample_growth_protocol_ch1; quote: ""in BG11 medium""] ;; culture_format = tissue culture flasks [GEO GSE103606 group 3 & group 4 !Sample_growth_protocol_ch1; quote: ""grown in tissue culture flasks""] ;; growth_phase = not retrieved [full text not retrievable: PMID 29241543 / DOI 10.1016/j.celrep.2017.11.067 is gold OA (CC BY-NC-ND) but has no PMC deposit and the only OA full-text location advertised by Unpaywall/OpenAlex is an http-only publisher PDF, which this session's fetcher refuses; route limitation, not a paywall and not a sandbox block; absence in the archive record is NOT evidence the study does not report it] ;; unit_conversion = 40 μE m-2 s-1 as reported; the record itself parenthetically equates this to μmoles photons m-2 s-1 ('40 μE m-2 s-1 (μmoles photons m-2 s-1)')"	"not stated as an explicit count; group 3 sample titles are labeled 'replicate 1' and 'replicate 2' per genotype/time point (2 per condition); group 4 (ChIP-Seq) sample titles show no replicate labeling (1 sample per genotype/time point/antibody) [GEO GSE103606 group 3 sample titles, e.g. GSM2779437; quote: ""wild type replicate 1, dusk (light dark conditions)""]"	not stated in GEO metadata	NCBI GEO public-repository terms; no per-file notice located. Recommendation only.	GEO GSE103606; PMID 29241543		none found	PCC 7942 RefSeq locus tags -> existing exact shared-protein crosswalk	candidate; CORRECTION CONFIRMED: the series holds 106 samples, 94 RNA-Seq and 12 ChIP-Seq (GEO !Sample_library_strategy counts, verified 2026-10-03), matching the intake note. Conditions here cover the 94 RNA-Seq samples; the 12 ChIP-Seq samples (GSM2854964-GSM2854975) share condition set 2's growth protocol text but are out of scope and excluded	archive: GEO GSE103606 (https://www.ncbi.nlm.nih.gov/geo/query/acc.cgi?acc=GSE103606), SOFT record retrieved 2026-10-03 | paper: PMID 29241543; doi:10.1016/j.celrep.2017.11.067 | full text: full text not retrievable: PMID 29241543 / DOI 10.1016/j.celrep.2017.11.067 is gold OA (CC BY-NC-ND) but has no PMC deposit and the only OA full-text location advertised by Unpaywall/OpenAlex is an http-only publisher PDF, which this session's fetcher refuses; route limitation, not a paywall and not a sandbox block
PCC 7942	transcriptomics (RNA-seq)	"CONDITION SET: BG11, 30°C, 40 μE cool fluorescent light, entrainment then constant light with theophylline induction | SAMPLES: All 6 samples (GSM2777217–GSM2777222): wild type + relA+ time = 0, 30 min, 1 h; wild type + relAE335Q time = 0, 30 min, 1 h ;; temperature = 30 °C [GEO GSE103644 !Sample_growth_protocol_ch1 (group 1); quote: ""in BG11 medium at 30 °C.""] ;; light_intensity = 40 μE m-2 s-1 (μmoles photons m-2 s-1) [GEO GSE103644 !Sample_growth_protocol_ch1 (group 1); quote: ""under illumination with cool fluorescent light at 40 μE m-2 s-1 (μmoles photons m-2 s-1) in BG11 medium""] ;; light_regime = spectrum: cool fluorescent light; regime: entrainment with two light/dark cycles (12h dark, 12h light, 12h dark) followed by release into constant (continuous) light; induction at subjective dusk (CT = 12 h) [GEO GSE103644 !Sample_treatment_protocol_ch1 (group 1); quote: ""Cells were exposed to two light/dark cycles (12 hours of dark, followed by 12 h of light, followed by 12 h of dark) for entrainment. Cells were released into constant light, induced with 1.6 mM theophylline at subjective dusk (CT = 12 h)""] ;; co2 = not retrieved [full text not retrievable: PMID 29241543 / DOI 10.1016/j.celrep.2017.11.067 is gold OA (CC BY-NC-ND) but has no PMC deposit and the only OA full-text location advertised by Unpaywall/OpenAlex is an http-only publisher PDF, which this session's fetcher refuses; route limitation, not a paywall and not a sandbox block; absence in the archive record is NOT evidence the study does not report it] ;; medium = BG11 medium [GEO GSE103644 !Sample_growth_protocol_ch1 (group 1); quote: ""in BG11 medium at 30 °C.""] ;; culture_format = tissue culture flasks [GEO GSE103644 !Sample_growth_protocol_ch1 (group 1); quote: ""Cell cultures were grown in tissue culture flasks under illumination with cool fluorescent light""] ;; growth_phase = not retrieved [full text not retrievable: PMID 29241543 / DOI 10.1016/j.celrep.2017.11.067 is gold OA (CC BY-NC-ND) but has no PMC deposit and the only OA full-text location advertised by Unpaywall/OpenAlex is an http-only publisher PDF, which this session's fetcher refuses; route limitation, not a paywall and not a sandbox block; absence in the archive record is NOT evidence the study does not report it] ;; unit_conversion = 40 μE m-2 s-1 as reported; the source itself clarifies this as equivalent to μmoles photons m-2 s-1, quote: '40 μE m-2 s-1 (μmoles photons m-2 s-1)'"	"not stated; 1 sample per genotype/time-point condition in GEO sample list [GEO GSE103644 sample list (group 1); quote: ""GSM2777217 | wild type + relA+ time = 0 | strain: PCC 7942; genotype: wild type + relA+; time point: 0 (pre-induction) | cells""]"	not stated in GEO metadata	NCBI GEO public-repository terms; no per-file notice located. Recommendation only.	GEO GSE103644; PMID 29241543		GSE103644_Expression.xls.gz	PCC 7942 RefSeq locus tags -> existing exact shared-protein crosswalk	candidate	archive: GEO GSE103644 (https://www.ncbi.nlm.nih.gov/geo/query/acc.cgi?acc=GSE103644), SOFT record retrieved 2026-10-03 | paper: PMID 29241543; doi:10.1016/j.celrep.2017.11.067 | full text: full text not retrievable: PMID 29241543 / DOI 10.1016/j.celrep.2017.11.067 is gold OA (CC BY-NC-ND) but has no PMC deposit and the only OA full-text location advertised by Unpaywall/OpenAlex is an http-only publisher PDF, which this session's fetcher refuses; route limitation, not a paywall and not a sandbox block
PCC 7942	transcriptomics (RNA-seq)	"CONDITION SET: BG11, 30°C, 12h light/12h dark, cool fluorescent 40 µE, flask culture - WT and rel- strain | SAMPLES: All 36 samples (GSM2779437–GSM2779472): wild type replicate 1 & 2 and rel- replicate 1 & 2, at dusk and darkness time points (5 min, 15 min, 30 min, 1 h, 2 h, 4 h, 8 h, 12 h) ;; temperature = 30 °C [GEO GSE103704 !Sample_growth_protocol_ch1 (group 1); quote: ""Cell cultures were grown in tissue culture flasks in 12 h light/ 12 h dark conditions in BG11 medium at 30 °C.""] ;; light_intensity = 40 μE m-2 s-1 (μmoles photons m-2 s-1) [GEO GSE103704 !Sample_growth_protocol_ch1 (group 1); quote: ""During light periods cells were under illumination with cool fluorescent light at 40 μE m-2 s-1 (μmoles photons m-2 s-1).""] ;; light_regime = spectrum: cool fluorescent light; regime: diel, 12 h light/12 h dark cycle; photoperiod: 12 h light / 12 h dark, with entrainment via two additional light/dark cycles before sampling [GEO GSE103704 !Sample_growth_protocol_ch1 (group 1); quote: ""Cell cultures were grown in tissue culture flasks in 12 h light/ 12 h dark conditions in BG11 medium at 30 °C. During light periods cells were under illumination with cool fluorescent light at 40 μE m-2 s-1 (μmoles photons m-2 s-1).""] ;; co2 = not retrieved [full text not retrievable: PMID 29241543 / DOI 10.1016/j.celrep.2017.11.067 is gold OA (CC BY-NC-ND) but has no PMC deposit and the only OA full-text location advertised by Unpaywall/OpenAlex is an http-only publisher PDF, which this session's fetcher refuses; route limitation, not a paywall and not a sandbox block; absence in the archive record is NOT evidence the study does not report it] ;; medium = BG11 medium [GEO GSE103704 !Sample_growth_protocol_ch1 (group 1); quote: ""Cell cultures were grown in tissue culture flasks in 12 h light/ 12 h dark conditions in BG11 medium at 30 °C.""] ;; culture_format = tissue culture flasks [GEO GSE103704 !Sample_growth_protocol_ch1 (group 1); quote: ""Cell cultures were grown in tissue culture flasks in 12 h light/ 12 h dark conditions in BG11 medium at 30 °C.""] ;; growth_phase = not retrieved [full text not retrievable: PMID 29241543 / DOI 10.1016/j.celrep.2017.11.067 is gold OA (CC BY-NC-ND) but has no PMC deposit and the only OA full-text location advertised by Unpaywall/OpenAlex is an http-only publisher PDF, which this session's fetcher refuses; route limitation, not a paywall and not a sandbox block; absence in the archive record is NOT evidence the study does not report it] ;; unit_conversion = 40 μE m-2 s-1 as reported; the record itself states μE m-2 s-1 is equivalent to μmoles photons m-2 s-1 ('40 μE m-2 s-1 (μmoles photons m-2 s-1)')"	"not stated; N samples per condition in GEO sample list (2 biological replicates labeled 'replicate 1' and 'replicate 2' per genotype/time point) [GEO GSE103704 sample list (group 1); quote: ""GSM2779437 | wild type replicate 1, dusk (light dark conditions) | genotype: wild type replicate 1; time point: dusk | cells""]"	not stated in GEO metadata	NCBI GEO public-repository terms; no per-file notice located. Recommendation only.	GEO GSE103704; PMID 29241543		GSE103704_Expression.xls.gz	PCC 7942 RefSeq locus tags -> existing exact shared-protein crosswalk	candidate	archive: GEO GSE103704 (https://www.ncbi.nlm.nih.gov/geo/query/acc.cgi?acc=GSE103704), SOFT record retrieved 2026-10-03 | paper: PMID 29241543; doi:10.1016/j.celrep.2017.11.067 | full text: full text not retrievable: PMID 29241543 / DOI 10.1016/j.celrep.2017.11.067 is gold OA (CC BY-NC-ND) but has no PMC deposit and the only OA full-text location advertised by Unpaywall/OpenAlex is an http-only publisher PDF, which this session's fetcher refuses; route limitation, not a paywall and not a sandbox block
PCC 7942	transcriptomics (RNA-seq)	"CONDITION SET: Low Light (continuous 12L:12D baseline) | SAMPLES: Group 1, GSM2792387–GSM2792402 (title pattern 'Low Light, X hours since dawn, replicate 1/2') ;; temperature = 30°C [paper PMC5785211, Methods - Calibrating light conditions; quote: ""BG-11M media supplemented with 10 mM HEPES pH 8.0 at 30 ∘ C, continuously bubbled with 1% CO 2 in air""] ;; light_intensity = constant 50 µmol photons m-2 s-1 [GEO GSE104203 !Sample_growth_protocol_ch1 (group 1); quote: ""a Low Light condition of 50 µmol photons m-2 s-1""] ;; light_regime = warm white LED array; diel 12 h light / 12 h dark cycle; constant (non-varying) intensity throughout each light period [GEO GSE104203 !Sample_growth_protocol_ch1 (group 1); quote: ""Cultures were grown in light for 12 hours, followed by 12 hours of darkness, for two cycles, and then sampled over the third light period""] ;; co2 = 1% CO2 in air, constantly bubbled [GEO GSE104203 !Sample_growth_protocol_ch1 (group 1); quote: ""constantly bubbled with 1% CO2 in air""] ;; medium = BG-11M media supplemented with 10 mM HEPES pH 8.0 [GEO GSE104203 !Sample_growth_protocol_ch1 (group 1); quote: ""BG-11M media supplemented with 10 mM HEPES pH 80""] ;; culture_format = 750 mL culture in a 150 cm2 tissue culture flask beneath an LED [paper PMC5785211, Methods - Calibrating light conditions; quote: ""A single 750 mL cyanobacterial culture in a 150 cm 2 BD Falcon Tissue culture flask (Fisher Scientific) was placed beneath the LED""] ;; growth_phase = OD750 maintained at 0.3, semi-turbidostatic with periodic dilution [GEO GSE104203 !Sample_growth_protocol_ch1 (group 1); quote: ""Cultures were maintained at OD750 03 with periodic dilution""]"	"2 biological replicates [GEO GSE104203 !Sample_growth_protocol_ch1 (group 1); quote: ""The experiment was repeated twice for 2 biological replicates, and we report both datasets here""]"	not stated in GEO metadata	NCBI GEO public-repository terms; no per-file notice located. Recommendation only.	GEO GSE104203; PMID 29239721		none found (raw only: GSE104203_Natural_light_RNAseq_processed.xlsx)	PCC 7942 RefSeq locus tags -> existing exact shared-protein crosswalk	candidate	archive: GEO GSE104203 (https://www.ncbi.nlm.nih.gov/geo/query/acc.cgi?acc=GSE104203), SOFT record retrieved 2026-10-03 | paper: PMID 29239721; PMC5785211; doi:10.7554/elife.32032
PCC 7942	transcriptomics (RNA-seq)	"CONDITION SET: Clear Day (continuous 12L:12D, parabolic natural-light profile) | SAMPLES: Group 1, GSM2792403–GSM2792418 (title pattern 'Clear Day, X hours since dawn, replicate 1/2') ;; temperature = 30°C [paper PMC5785211, Methods - Calibrating light conditions; quote: ""BG-11M media supplemented with 10 mM HEPES pH 8.0 at 30 ∘ C, continuously bubbled with 1% CO 2 in air""] ;; light_intensity = light intensity varied parabolically, reaching a maximum of 600 µmol photons m-2 s-1 [GEO GSE104203 !Sample_growth_protocol_ch1 (group 1); quote: ""a Clear Day condition where light intensity varied parabolically, reaching a maximum of 600 µmol photons m-2 s-1""] ;; light_regime = warm white LED array; diel 12 h light / 12 h dark cycle; intensity varies parabolically within the light period, modeled on a measured natural clear-day profile [paper PMC5785211, Methods - Calibrating light conditions; quote: ""To define the Clear Day conditions, we used light intensity values measured by the Ground-based Atmospheric Monitoring Instrument Suite, Rooftop Instrument Group on March 23rd, 2013""] ;; co2 = 1% CO2 in air, constantly bubbled [GEO GSE104203 !Sample_growth_protocol_ch1 (group 1); quote: ""constantly bubbled with 1% CO2 in air""] ;; medium = BG-11M media supplemented with 10 mM HEPES pH 8.0 [GEO GSE104203 !Sample_growth_protocol_ch1 (group 1); quote: ""BG-11M media supplemented with 10 mM HEPES pH 80""] ;; culture_format = 750 mL culture in a 150 cm2 tissue culture flask beneath an LED [paper PMC5785211, Methods - Calibrating light conditions; quote: ""A single 750 mL cyanobacterial culture in a 150 cm 2 BD Falcon Tissue culture flask (Fisher Scientific) was placed beneath the LED""] ;; growth_phase = OD750 maintained at 0.3, semi-turbidostatic with periodic dilution [GEO GSE104203 !Sample_growth_protocol_ch1 (group 1); quote: ""Cultures were maintained at OD750 03 with periodic dilution""]"	"2 biological replicates [GEO GSE104203 !Sample_growth_protocol_ch1 (group 1); quote: ""The experiment was repeated twice for 2 biological replicates, and we report both datasets here""]"	not stated in GEO metadata	NCBI GEO public-repository terms; no per-file notice located. Recommendation only.	GEO GSE104203; PMID 29239721		none found (raw only: GSE104203_Natural_light_RNAseq_processed.xlsx)	PCC 7942 RefSeq locus tags -> existing exact shared-protein crosswalk	candidate	archive: GEO GSE104203 (https://www.ncbi.nlm.nih.gov/geo/query/acc.cgi?acc=GSE104203), SOFT record retrieved 2026-10-03 | paper: PMID 29239721; PMC5785211; doi:10.7554/elife.32032
PCC 7942	transcriptomics (RNA-seq)	"CONDITION SET: High Light pulse (10-fold increase applied to Low Light-acclimated culture) | SAMPLES: Group 1, GSM2792419–GSM2792432 (title pattern 'High Light Pulse, ... replicate 1/2'); source Low Light-acclimated culture ;; temperature = 30°C [paper PMC5785211, Methods - Calibrating light conditions; quote: ""BG-11M media supplemented with 10 mM HEPES pH 8.0 at 30 ∘ C, continuously bubbled with 1% CO 2 in air""] ;; light_intensity = Low Light culture intensity increased 10-fold for 1 hour, equal to the Clear Day intensity between 8 and 9 hr after dawn [GEO GSE104203 !Sample_growth_protocol_ch1 (group 1); quote: ""we incresed the light intensity of the Low Light culture by 10 fold (High Light pulse)""] ;; light_regime = warm white LED array; diel 12 h light / 12 h dark baseline cycle with a 1 hr High Light perturbation starting at 8 hr after dawn on the fourth light period, then return to Low Light [GEO GSE104203 !Sample_growth_protocol_ch1 (group 1); quote: ""On the fourth light period at 8 hours after light onset, we incresed the light intensity of the Low Light culture by 10 fold (High Light pulse)""] ;; co2 = 1% CO2 in air, constantly bubbled [GEO GSE104203 !Sample_growth_protocol_ch1 (group 1); quote: ""constantly bubbled with 1% CO2 in air""] ;; medium = BG-11M media supplemented with 10 mM HEPES pH 8.0 [GEO GSE104203 !Sample_growth_protocol_ch1 (group 1); quote: ""BG-11M media supplemented with 10 mM HEPES pH 80""] ;; culture_format = 750 mL culture in a 150 cm2 tissue culture flask beneath an LED [paper PMC5785211, Methods - Calibrating light conditions; quote: ""A single 750 mL cyanobacterial culture in a 150 cm 2 BD Falcon Tissue culture flask (Fisher Scientific) was placed beneath the LED""] ;; growth_phase = OD750 maintained at 0.3, semi-turbidostatic with periodic dilution [GEO GSE104203 !Sample_growth_protocol_ch1 (group 1); quote: ""Cultures were maintained at OD750 03 with periodic dilution""]"	"2 biological replicates [GEO GSE104203 !Sample_growth_protocol_ch1 (group 1); quote: ""The experiment was repeated twice for 2 biological replicates, and we report both datasets here""]"	not stated in GEO metadata	NCBI GEO public-repository terms; no per-file notice located. Recommendation only.	GEO GSE104203; PMID 29239721		none found (raw only: GSE104203_Natural_light_RNAseq_processed.xlsx)	PCC 7942 RefSeq locus tags -> existing exact shared-protein crosswalk	candidate	archive: GEO GSE104203 (https://www.ncbi.nlm.nih.gov/geo/query/acc.cgi?acc=GSE104203), SOFT record retrieved 2026-10-03 | paper: PMID 29239721; PMC5785211; doi:10.7554/elife.32032
PCC 7942	transcriptomics (RNA-seq)	"CONDITION SET: Shade pulse (10-fold decrease applied to Clear Day-acclimated culture) | SAMPLES: Group 1, GSM2792433–GSM2792446 (title pattern 'Shade Pulse, ... replicate 1/2'); source Clear Day-acclimated culture ;; temperature = 30°C [paper PMC5785211, Methods - Calibrating light conditions; quote: ""BG-11M media supplemented with 10 mM HEPES pH 8.0 at 30 ∘ C, continuously bubbled with 1% CO 2 in air""] ;; light_intensity = Clear Day culture intensity decreased 10-fold for 1 hour, defined by dividing the Clear Day profile by 10 between 8 and 9 hr after dawn [GEO GSE104203 !Sample_growth_protocol_ch1 (group 1); quote: ""decreased the light intensity of the Clear Day culture by 10 fold (Shade pulse) for 1 hour prior to returning the cultures to their original culture""] ;; light_regime = warm white LED array; diel 12 h light / 12 h dark baseline cycle with a 1 hr Shade perturbation starting at 8 hr after dawn on the fourth light period, then return to Clear Day [paper PMC5785211, Methods - Calibrating light conditions; quote: ""The Shade pulse condition was defined by dividing the intensity value of our Clear Day profile by 10 fold between 8 and 9 hr after dawn.""] ;; co2 = 1% CO2 in air, constantly bubbled [GEO GSE104203 !Sample_growth_protocol_ch1 (group 1); quote: ""constantly bubbled with 1% CO2 in air""] ;; medium = BG-11M media supplemented with 10 mM HEPES pH 8.0 [GEO GSE104203 !Sample_growth_protocol_ch1 (group 1); quote: ""BG-11M media supplemented with 10 mM HEPES pH 80""] ;; culture_format = 750 mL culture in a 150 cm2 tissue culture flask beneath an LED [paper PMC5785211, Methods - Calibrating light conditions; quote: ""A single 750 mL cyanobacterial culture in a 150 cm 2 BD Falcon Tissue culture flask (Fisher Scientific) was placed beneath the LED""] ;; growth_phase = OD750 maintained at 0.3, semi-turbidostatic with periodic dilution [GEO GSE104203 !Sample_growth_protocol_ch1 (group 1); quote: ""Cultures were maintained at OD750 03 with periodic dilution""]"	"2 biological replicates [GEO GSE104203 !Sample_growth_protocol_ch1 (group 1); quote: ""The experiment was repeated twice for 2 biological replicates, and we report both datasets here""]"	not stated in GEO metadata	NCBI GEO public-repository terms; no per-file notice located. Recommendation only.	GEO GSE104203; PMID 29239721		none found (raw only: GSE104203_Natural_light_RNAseq_processed.xlsx)	PCC 7942 RefSeq locus tags -> existing exact shared-protein crosswalk	candidate	archive: GEO GSE104203 (https://www.ncbi.nlm.nih.gov/geo/query/acc.cgi?acc=GSE104203), SOFT record retrieved 2026-10-03 | paper: PMID 29239721; PMC5785211; doi:10.7554/elife.32032
PCC 7942	transcriptomics (RNA-seq)	"CONDITION SET: Low Light (50 µmol photons m-2 s-1, continuous) acclimated cultures | SAMPLES: Group 1 ChIP-seq (n=37): RpaA/RpaB/RNAP ChIP samples with source_name 'Low Light-acclimated culture' (High Light Pulse time course, GSM2792350-2792355, GSM2792362-2792367, GSM2792374-2792379). Group 2 RNA-seq (n=60): samples titled 'Low Light, ...' and 'High Light Pulse, ...' with source_name 'Low Light-acclimated culture' (GSM2792387-2792402, GSM2792419-2792432). ;; temperature = 30 °C (not stated in GEO growth protocol fields; reported only in paper Methods) [paper PMC5785211, Methods - Calibrating light conditions; quote: ""BG-11M media supplemented with 10 mM HEPES pH 8.0 at 30 ∘ C, continuously bubbled with 1% CO 2 in air, and shaken at 25 rpm in an enclosure impermeable to room lighting.""] ;; light_intensity = 50 µmol photons m-2 s-1 (constant, 'Low Light' condition) [GEO GSE104204 !Sample_growth_protocol_ch1 (group 1); quote: ""a Low Light condition of 50 µmol photons m-2 s-1""] ;; light_regime = spectrum: warm white LED (paper: 'Using a set of programmable warm white LED arrays'); diel/photoperiod: 12 h light / 12 h dark cycle ('Cultures were grown in light for 12 hours, followed by 12 hours of darkness, for three cycles.' - group 1 wording; equivalent statement present in group 2 protocol text); within the light period intensity is constant (not varying) for Low Light [GEO GSE104204 !Sample_growth_protocol_ch1 (group 1); spectrum phrase from paper PMC5785211 Results; quote: ""Cultures were grown in light for 12 hours, followed by 12 hours of darkness, for three cycles.""] ;; co2 = 1% CO2 in air, constantly bubbled [GEO GSE104204 !Sample_growth_protocol_ch1 (group 1); quote: ""constantly bubbled with 1% CO2 in air""] ;; medium = BG-11M supplemented with 10 mM HEPES pH 8.0 [GEO GSE104204 !Sample_growth_protocol_ch1 (group 1); quote: ""BG-11M media supplemented with 10 mM HEPES pH 8.0""] ;; culture_format = liquid culture, semi-turbidostatic, shaken at 25 rpm, in an enclosure impermeable to room lighting; a related calibration setup describes a 750 mL culture in a 150 cm2 BD Falcon tissue culture flask, but this is stated in the LED-calibration methods, not confirmed as the production vessel [paper PMC5785211, Methods - Calibrating light conditions; quote: ""shaken at 25 rpm in an enclosure impermeable to room lighting.""] ;; growth_phase = OD750 0.3, maintained semi-turbidostatically with periodic dilution [GEO GSE104204 !Sample_growth_protocol_ch1 (group 1); quote: ""Cultures were maintained at OD750 0.3 with periodic dilution.""]"	"2 biological replicates [GEO GSE104204 !Sample_growth_protocol_ch1 (group 1); equivalent statement in group 2 protocol text; quote: ""The time course was repeated twice for 2 biological replicates, and we report both datasets here.""]"	not stated in GEO metadata	NCBI GEO public-repository terms; no per-file notice located. Recommendation only.	GEO GSE104204; PMID 29239721		none found	PCC 7942 RefSeq locus tags -> existing exact shared-protein crosswalk	escalate: INPUT ASSAY LABEL WRONG. Input labels this 'transcriptomics (RNA-seq)'; GEO !Sample_library_strategy gives 37 ChIP-Seq and 60 RNA-Seq samples across one platform (GPL17750), so this is a mixed series the intake correction did not name. Conditions are returned for both arms with the samples each covers; the lab must decide which arm is admitted. GSM2792386 (Mock ChIP) is an equal-mass pool across both acclimation conditions and belongs to no single condition set	archive: GEO GSE104204 (https://www.ncbi.nlm.nih.gov/geo/query/acc.cgi?acc=GSE104204), SOFT record retrieved 2026-10-03 | paper: PMID 29239721; PMC5785211; doi:10.7554/elife.32032
PCC 7942	transcriptomics (RNA-seq)	"CONDITION SET: Clear Day (parabolic, peak 600 µmol photons m-2 s-1) acclimated cultures | SAMPLES: Group 1 ChIP-seq (n=37): RpaA/RpaB/RNAP ChIP samples with source_name 'Clear Day-acclimated culture' (Shade Pulse time course, GSM2792356-2792361, GSM2792368-2792373, GSM2792380-2792385). Group 2 RNA-seq (n=60): samples titled 'Clear Day, ...' and 'Shade Pulse, ...' with source_name 'Clear Day-acclimated culture' (GSM2792403-2792418, GSM2792433-2792446). ;; temperature = 30 °C (not stated in GEO growth protocol fields; reported only in paper Methods) [paper PMC5785211, Methods - Calibrating light conditions; quote: ""BG-11M media supplemented with 10 mM HEPES pH 8.0 at 30 ∘ C, continuously bubbled with 1% CO 2 in air, and shaken at 25 rpm in an enclosure impermeable to room lighting.""] ;; light_intensity = light intensity varies parabolically, maximum 600 µmol photons m-2 s-1 ('Clear Day' condition) [GEO GSE104204 !Sample_growth_protocol_ch1 (group 1); quote: ""a Clear Day condition where light intensity varied parabolically, reaching a maximum of 600 µmol photons m-2 s-1""] ;; light_regime = spectrum: warm white LED (paper: 'Using a set of programmable warm white LED arrays'); diel/photoperiod: 12 h light / 12 h dark cycle ('Cultures were grown in light for 12 hours, followed by 12 hours of darkness, for three cycles.' - group 1 wording; equivalent statement present in group 2 protocol text); within the 12 h light period intensity varies parabolically for Clear Day (non-constant) [GEO GSE104204 !Sample_growth_protocol_ch1 (group 1); spectrum phrase from paper PMC5785211 Results; quote: ""Cultures were grown in light for 12 hours, followed by 12 hours of darkness, for three cycles.""] ;; co2 = 1% CO2 in air, constantly bubbled [GEO GSE104204 !Sample_growth_protocol_ch1 (group 1); quote: ""constantly bubbled with 1% CO2 in air""] ;; medium = BG-11M supplemented with 10 mM HEPES pH 8.0 [GEO GSE104204 !Sample_growth_protocol_ch1 (group 1); quote: ""BG-11M media supplemented with 10 mM HEPES pH 8.0""] ;; culture_format = liquid culture, semi-turbidostatic, shaken at 25 rpm, in an enclosure impermeable to room lighting; a related calibration setup describes a 750 mL culture in a 150 cm2 BD Falcon tissue culture flask, but this is stated in the LED-calibration methods, not confirmed as the production vessel [paper PMC5785211, Methods - Calibrating light conditions; quote: ""shaken at 25 rpm in an enclosure impermeable to room lighting.""] ;; growth_phase = OD750 0.3, maintained semi-turbidostatically with periodic dilution [GEO GSE104204 !Sample_growth_protocol_ch1 (group 1); quote: ""Cultures were maintained at OD750 0.3 with periodic dilution.""]"	"2 biological replicates [GEO GSE104204 !Sample_growth_protocol_ch1 (group 1); equivalent statement in group 2 protocol text; quote: ""The time course was repeated twice for 2 biological replicates, and we report both datasets here.""]"	not stated in GEO metadata	NCBI GEO public-repository terms; no per-file notice located. Recommendation only.	GEO GSE104204; PMID 29239721		none found	PCC 7942 RefSeq locus tags -> existing exact shared-protein crosswalk	escalate: INPUT ASSAY LABEL WRONG. Input labels this 'transcriptomics (RNA-seq)'; GEO !Sample_library_strategy gives 37 ChIP-Seq and 60 RNA-Seq samples across one platform (GPL17750), so this is a mixed series the intake correction did not name. Conditions are returned for both arms with the samples each covers; the lab must decide which arm is admitted. GSM2792386 (Mock ChIP) is an equal-mass pool across both acclimation conditions and belongs to no single condition set	archive: GEO GSE104204 (https://www.ncbi.nlm.nih.gov/geo/query/acc.cgi?acc=GSE104204), SOFT record retrieved 2026-10-03 | paper: PMID 29239721; PMC5785211; doi:10.7554/elife.32032
PCC 7942	transcriptomics (RNA-seq)	"CONDITION SET: Mock ChIP pooled sample (not a single growth condition) | SAMPLES: Group 1 ChIP-seq: GSM2792386 'Mock ChIP experiment', source_name 'Equal mass pool of all samples within a biological replicate' — pools material from both Low-Light/High-Light-pulse and Clear-Day/Shade-pulse cultures, so it does not represent one single acclimation light condition. ;; temperature = 30 °C (base growth protocol applies to constituent cultures; paper Methods only) [paper PMC5785211, Methods - Calibrating light conditions; quote: ""BG-11M media supplemented with 10 mM HEPES pH 8.0 at 30 ∘ C, continuously bubbled with 1% CO 2 in air, and shaken at 25 rpm in an enclosure impermeable to room lighting.""] ;; light_intensity = not applicable as a single value — pooled sample mixes Low Light (50 µmol photons m-2 s-1) and Clear Day (peak 600 µmol photons m-2 s-1) acclimated material [GEO GSE104204 sample characteristics field (GSM2792386); quote: ""Equal mass pool of samples from 9-10 hours since dawn; perturbation: Pool of samples from both High Light pulse and Shade pulse""] ;; light_regime = not applicable as a single regime — pool combines High Light pulse and Shade pulse time points from both acclimation conditions [GEO GSE104204 sample characteristics field (GSM2792386); quote: ""perturbation: Pool of samples from both High Light pulse and Shade pulse""] ;; co2 = 1% CO2 in air, constantly bubbled (base protocol for constituent cultures) [GEO GSE104204 !Sample_growth_protocol_ch1 (group 1); quote: ""constantly bubbled with 1% CO2 in air""] ;; medium = BG-11M supplemented with 10 mM HEPES pH 8.0 (base protocol for constituent cultures) [GEO GSE104204 !Sample_growth_protocol_ch1 (group 1); quote: ""BG-11M media supplemented with 10 mM HEPES pH 8.0""] ;; culture_format = liquid culture, semi-turbidostatic, shaken at 25 rpm, in an enclosure impermeable to room lighting (base protocol for constituent cultures) [paper PMC5785211, Methods - Calibrating light conditions; quote: ""shaken at 25 rpm in an enclosure impermeable to room lighting.""] ;; growth_phase = OD750 0.3 (base protocol); pool is described as 'Equal mass pool of samples from 9-10 hours since dawn' [GEO GSE104204 !Sample_growth_protocol_ch1 (group 1); quote: ""Cultures were maintained at OD750 0.3 with periodic dilution.""]"	"1 (the pool is labeled replicate 1, representing one biological replicate pool) [GEO GSE104204 source_name field (GSM2792386); quote: ""Equal mass pool of all samples within a biological replicate""]"	not stated in GEO metadata	NCBI GEO public-repository terms; no per-file notice located. Recommendation only.	GEO GSE104204; PMID 29239721		none found	PCC 7942 RefSeq locus tags -> existing exact shared-protein crosswalk	escalate: INPUT ASSAY LABEL WRONG. Input labels this 'transcriptomics (RNA-seq)'; GEO !Sample_library_strategy gives 37 ChIP-Seq and 60 RNA-Seq samples across one platform (GPL17750), so this is a mixed series the intake correction did not name. Conditions are returned for both arms with the samples each covers; the lab must decide which arm is admitted. GSM2792386 (Mock ChIP) is an equal-mass pool across both acclimation conditions and belongs to no single condition set	archive: GEO GSE104204 (https://www.ncbi.nlm.nih.gov/geo/query/acc.cgi?acc=GSE104204), SOFT record retrieved 2026-10-03 | paper: PMID 29239721; PMC5785211; doi:10.7554/elife.32032
PCC 7942	transcriptomics (RNA-seq)	"CONDITION SET: BG11, 30°C, 12h/12h light-dark cycle with cool fluorescent light | SAMPLES: All 36 samples (GSM2827746–GSM2827781), covering both genotypes rel- relA+ and rel- relAE335Q, replicates 1 and 2, and all time points (dusk and darkness 5 min/15 min/30 min/1 h/2 h/4 h/8 h/12 h) — all fall under the single metadata group 1 with identical growth protocol ;; temperature = 30 °C [GEO GSE105774 !Sample_growth_protocol_ch1 (group 1); quote: ""BG11 medium at 30 °C""] ;; light_intensity = 40 μE m-2 s-1 (μmoles photons m-2 s-1) [GEO GSE105774 !Sample_growth_protocol_ch1 (group 1); quote: ""cool fluorescent light at 40 μE m-2 s-1 (μmoles photons m-2 s-1)""] ;; light_regime = spectrum: cool fluorescent light; diel cycle: 12 h light/12 h dark; photoperiod: 12 h light/12 h dark; cells entrained with two additional light/dark cycles (12 h dark, 12 h light, 12 h dark) before sampling at dusk and during the subsequent dark period [GEO GSE105774 !Sample_growth_protocol_ch1 (group 1); quote: ""grown in tissue culture flasks in 12 h light/ 12 h dark conditions in BG11 medium at 30 °C. During light periods cells were under illumination with cool fluorescent light at 40 μE m-2 s-1""] ;; co2 = not retrieved [full text not retrievable: PMID 29241543 / DOI 10.1016/j.celrep.2017.11.067 is gold OA (CC BY-NC-ND) but has no PMC deposit and the only OA full-text location advertised by Unpaywall/OpenAlex is an http-only publisher PDF, which this session's fetcher refuses; route limitation, not a paywall and not a sandbox block; absence in the archive record is NOT evidence the study does not report it] ;; medium = BG11 medium [GEO GSE105774 !Sample_growth_protocol_ch1 (group 1); quote: ""in BG11 medium at 30 °C""] ;; culture_format = tissue culture flasks [GEO GSE105774 !Sample_growth_protocol_ch1 (group 1); quote: ""Cell cultures were grown in tissue culture flasks""] ;; growth_phase = not retrieved [full text not retrievable: PMID 29241543 / DOI 10.1016/j.celrep.2017.11.067 is gold OA (CC BY-NC-ND) but has no PMC deposit and the only OA full-text location advertised by Unpaywall/OpenAlex is an http-only publisher PDF, which this session's fetcher refuses; route limitation, not a paywall and not a sandbox block; absence in the archive record is NOT evidence the study does not report it] ;; unit_conversion = 40 μE m-2 s-1 as reported; the source itself gives the equivalence: 'cool fluorescent light at 40 μE m-2 s-1 (μmoles photons m-2 s-1)'"	"not stated; 2 samples per condition (replicate 1 and replicate 2) in GEO sample list [GEO GSE105774 sample list (group 1); quote: ""GSM2827746 | rel- relA+ replicate 1_dusk | genotype: rel- relA+; time point: dusk | rel- relA+_dusk""]"	not stated in GEO metadata	NCBI GEO public-repository terms; no per-file notice located. Recommendation only.	GEO GSE105774; PMID 29241543		GSE105774_Expression.xls.gz	PCC 7942 RefSeq locus tags -> existing exact shared-protein crosswalk	candidate	archive: GEO GSE105774 (https://www.ncbi.nlm.nih.gov/geo/query/acc.cgi?acc=GSE105774), SOFT record retrieved 2026-10-03 | paper: PMID 29241543; doi:10.1016/j.celrep.2017.11.067 | full text: full text not retrievable: PMID 29241543 / DOI 10.1016/j.celrep.2017.11.067 is gold OA (CC BY-NC-ND) but has no PMC deposit and the only OA full-text location advertised by Unpaywall/OpenAlex is an http-only publisher PDF, which this session's fetcher refuses; route limitation, not a paywall and not a sandbox block
PCC 7942	transcriptomics (RNA-seq)	"CONDITION SET: Normal growth condition (no H2O2) | SAMPLES: GSM3486865 (WT_Normal), GSM3486867 (OT_Normal) ;; temperature = 30 ºC [GEO GSE122841 !Sample_growth_protocol_ch1 (group 1); quote: ""After culturing for 2 days at 30 ºC with shaking""] ;; light_intensity = not reported [checked: GEO GSE122841; PMID 30619416; PMC6297720; doi:10.3389/fpls.2018.01848] ;; light_regime = not reported [checked: GEO GSE122841; PMID 30619416; PMC6297720; doi:10.3389/fpls.2018.01848] ;; co2 = not reported [checked: GEO GSE122841; PMID 30619416; PMC6297720; doi:10.3389/fpls.2018.01848] ;; medium = not reported [checked: GEO GSE122841; PMID 30619416; PMC6297720; doi:10.3389/fpls.2018.01848] ;; culture_format = with shaking (liquid culture implied; vessel/volume not specified) [GEO GSE122841 !Sample_growth_protocol_ch1 (group 1); quote: ""After culturing for 2 days at 30 ºC with shaking""] ;; growth_phase = OD730 = 0.3 [GEO GSE122841 !Sample_growth_protocol_ch1 (group 1); quote: ""When the OD730 value was 0.3, the aliquots were diluted, and new measurements were taken.""]"	"not stated; 1 sample per condition in GEO sample list [GEO GSE122841 sample list (group 1); quote: ""GSM3486865 | WT_Normal | strain: PCC 7942; sample type: Cyanobacterial cell; genotype/variation: wild type; growth condition: normal""]"	not stated in GEO metadata	NCBI GEO public-repository terms; no per-file notice located. Recommendation only.	GEO GSE122841; PMID 30619416		none found (raw only: GSE122841_RAW.tar)	PCC 7942 RefSeq locus tags -> existing exact shared-protein crosswalk	candidate; TWO DISCREPANCIES: (a) the paper's own Methods paragraph gives both 'for 2 days' and 'for 7 days' for the 2.5 mM H2O2 exposure, and GEO's treatment protocol says 2 days; (b) !Series_overall_design states sequencing was done 'in triplicate' but only 4 GSMs exist, one per genotype x condition, so no replicate is present in the deposit	archive: GEO GSE122841 (https://www.ncbi.nlm.nih.gov/geo/query/acc.cgi?acc=GSE122841), SOFT record retrieved 2026-10-03 | paper: PMID 30619416; PMC6297720; doi:10.3389/fpls.2018.01848
PCC 7942	transcriptomics (RNA-seq)	"CONDITION SET: H2O2 oxidative stress (2.5 mM, 2 days) | SAMPLES: GSM3486866 (WT_Stressed), GSM3486868 (OT_Stressed) ;; temperature = 30 ºC [GEO GSE122841 !Sample_treatment_protocol_ch1 (group 1); quote: ""exposed to 2.5 mM H2O2 for 2 days at 30 ºC with shaking""] ;; light_intensity = not reported [checked: GEO GSE122841; PMID 30619416; PMC6297720; doi:10.3389/fpls.2018.01848] ;; light_regime = not reported [checked: GEO GSE122841; PMID 30619416; PMC6297720; doi:10.3389/fpls.2018.01848] ;; co2 = not reported [checked: GEO GSE122841; PMID 30619416; PMC6297720; doi:10.3389/fpls.2018.01848] ;; medium = BG11 medium containing 2.5 mM H2O2 [GEO GSE122841 !Sample_treatment_protocol_ch1 (group 1); quote: ""Cyanobacteria cells were cultured in BG11 medium containing 2.5 mM H2O2 for 2 days.""] ;; culture_format = with shaking (liquid culture implied; vessel/volume not specified) [GEO GSE122841 !Sample_treatment_protocol_ch1 (group 1); quote: ""exposed to 2.5 mM H2O2 for 2 days at 30 ºC with shaking""] ;; growth_phase = OD730 = 0.30–0.35 (at time of H2O2 exposure) [GEO GSE122841 !Sample_treatment_protocol_ch1 (group 1); quote: ""cells were allowed to reach the growth phase (OD730 = 0.30–0.35), exposed to 2.5 mM H2O2 for 2 days at 30 ºC with shaking.""]"	"not stated; 1 sample per condition in GEO sample list [GEO GSE122841 sample list (group 1); quote: ""GSM3486866 | WT_Stressed | strain: PCC 7942; sample type: Cyanobacterial cell; genotype/variation: wild type; growth condition: stress; 2.5 mM H2O2 for 2 days""]"	not stated in GEO metadata	NCBI GEO public-repository terms; no per-file notice located. Recommendation only.	GEO GSE122841; PMID 30619416		none found (raw only: GSE122841_RAW.tar)	PCC 7942 RefSeq locus tags -> existing exact shared-protein crosswalk	candidate; TWO DISCREPANCIES: (a) the paper's own Methods paragraph gives both 'for 2 days' and 'for 7 days' for the 2.5 mM H2O2 exposure, and GEO's treatment protocol says 2 days; (b) !Series_overall_design states sequencing was done 'in triplicate' but only 4 GSMs exist, one per genotype x condition, so no replicate is present in the deposit	archive: GEO GSE122841 (https://www.ncbi.nlm.nih.gov/geo/query/acc.cgi?acc=GSE122841), SOFT record retrieved 2026-10-03 | paper: PMID 30619416; PMC6297720; doi:10.3389/fpls.2018.01848
PCC 7942	transcriptomics (RNA-seq)	"CONDITION SET: Normal condition RNA-seq samples (WT Normal, TA Normal) | SAMPLES: GSM4154628 (WT Normal) and GSM4154630 (TA Normal) ;; temperature = 30°C [GEO GSE140121 Sample_growth_protocol_ch1 (group 1); quote: ""after culturing for 18 days at 30°C with shaking in liquid microbial lab flasks""] ;; light_intensity = 80–120 μE m–2 s–1 [paper PMC, Stress Conditions; quote: ""continuous light (80–120 μE m –2 s –1 ) on a rotary shaker (120 rpm) for 7 days""] ;; light_regime = continuous light; spectrum not reported; photoperiod: continuous (not diel) [paper PMC, Stress Conditions; quote: ""continuous light (80–120 μE m –2 s –1 )""] ;; co2 = not reported [checked: GEO GSE140121; PMID 32194605; PMC7063034; doi:10.3389/fpls.2020.00231 (Front Plant Sci 2020; associated by exact title and full author-list match to the GEO series — the paper does not cite GSE140121)] ;; medium = BG11 medium [paper PMC, Stress Conditions; quote: ""Cyanobacteria were cultured in BG11 medium at 30°C""] ;; culture_format = liquid culture in Erlenmeyer flask, rotary shaker [Cyanobacteria were cultured in BG11 medium at 30°C in continuous light (80–120 μE m –2 s –1 ) on a rotary shaker (120 rpm) for 7 days in Erlenmeyer flask; quote: ""on a rotary shaker (120 rpm) for 7 days in Erlenmeyer flask""] ;; growth_phase = A730 adjusted to 0.03 initially; A730 = 0.3-0.35 for exponential phase sampling context [GEO GSE140121 Sample_growth_protocol_ch1 (group 1); quote: ""Initial absorbances at 730 nm (A730) were adjusted to 0.03.""] ;; unit_conversion = 80–120 μE m-2 s-1 as reported; μE m-2 s-1 is equivalent to µmol photons m-2 s-1"	"triplicate (paired-end sequencing) [GEO GSE140121 Series_overall_design; quote: ""Cyanobacterial mRNA profiles of normal and stressed samples that WT and TA were performed as paired-end sequencing, in triplicate, using HiSeq 2000 (Illumina).""]"	not stated in GEO metadata	NCBI GEO public-repository terms; no per-file notice located. Recommendation only.	GEO GSE140121		none found (raw only: GSE140121_RAW.tar)	PCC 7942 RefSeq locus tags -> existing exact shared-protein crosswalk	candidate; publication association is INDIRECT: PMID 32194605 / PMC7063034 matches the series title exactly and its author list matches the GEO contributor list in order, but the paper does not cite GSE140121 and the series carries no publication link. Treat the paper-sourced axes as associated, not deposited	archive: GEO GSE140121 (https://www.ncbi.nlm.nih.gov/geo/query/acc.cgi?acc=GSE140121), SOFT record retrieved 2026-10-03 | paper: PMID 32194605; PMC7063034; doi:10.3389/fpls.2020.00231 (Front Plant Sci 2020; associated by exact title and full author-list match to the GEO series — the paper does not cite GSE140121)
PCC 7942	transcriptomics (RNA-seq)	"CONDITION SET: H2O2-stressed RNA-seq samples (WT Stressed, TA Stressed) | SAMPLES: GSM4154629 (WT Stressed) and GSM4154631 (TA Stressed) ;; temperature = 30°C [GEO GSE140121 Sample_growth_protocol_ch1 (group 1); quote: ""after culturing for 18 days at 30°C with shaking in liquid microbial lab flasks""] ;; light_intensity = 80–120 μE m–2 s–1 [paper PMC, Stress Conditions; quote: ""continuous light (80–120 μE m –2 s –1 ) on a rotary shaker (120 rpm) for 7 days""] ;; light_regime = continuous light; spectrum not reported; photoperiod: continuous (not diel) [paper PMC, Stress Conditions; quote: ""continuous light (80–120 μE m –2 s –1 )""] ;; co2 = not reported [checked: GEO GSE140121; PMID 32194605; PMC7063034; doi:10.3389/fpls.2020.00231 (Front Plant Sci 2020; associated by exact title and full author-list match to the GEO series — the paper does not cite GSE140121)] ;; medium = BG11 medium with 2.5 mM H2O2 (and 2 mM IPTG for TA induction) [paper PMC, Figure 2 legend; quote: ""grown in BG11 medium containing 2.5 mM H 2 O 2 , then cultured for 18 days at 30°C with shaking in liquid microbial lab flasks""] ;; culture_format = liquid culture in Erlenmeyer flask/microbial lab flasks, shaking [paper PMC, Figure 2 legend; quote: ""cultured for 18 days at 30°C with shaking in liquid microbial lab flasks""] ;; growth_phase = exponential phase, A730 = 0.3-0.35 before H2O2 exposure at 7 days [GEO GSE140121 Sample_treatment_protocol_ch1 (group 1); quote: ""allowing cells to reach the exponential phase ( A 730 = 0.3–0.35) before exposing them to 2.5 mM H 2 O 2 at 7 days with shaking""] ;; unit_conversion = 80–120 μE m-2 s-1 as reported; μE m-2 s-1 is equivalent to µmol photons m-2 s-1"	"triplicate (paired-end sequencing) [GEO GSE140121 Series_overall_design; quote: ""Cyanobacterial mRNA profiles of normal and stressed samples that WT and TA were performed as paired-end sequencing, in triplicate, using HiSeq 2000 (Illumina).""]"	not stated in GEO metadata	NCBI GEO public-repository terms; no per-file notice located. Recommendation only.	GEO GSE140121		none found (raw only: GSE140121_RAW.tar)	PCC 7942 RefSeq locus tags -> existing exact shared-protein crosswalk	candidate; publication association is INDIRECT: PMID 32194605 / PMC7063034 matches the series title exactly and its author list matches the GEO contributor list in order, but the paper does not cite GSE140121 and the series carries no publication link. Treat the paper-sourced axes as associated, not deposited	archive: GEO GSE140121 (https://www.ncbi.nlm.nih.gov/geo/query/acc.cgi?acc=GSE140121), SOFT record retrieved 2026-10-03 | paper: PMID 32194605; PMC7063034; doi:10.3389/fpls.2020.00231 (Front Plant Sci 2020; associated by exact title and full author-list match to the GEO series — the paper does not cite GSE140121)
PCC 7942	transcriptomics (array)	"CONDITION SET: Continuous culture growth conditions (shared by circadian time-course and novobiocin treatment experiments) | SAMPLES: All 23 samples in group 1 (GSM468463–GSM468485), spanning both 'continuous light T = ... hours experiment 1' (circadian time course) and 'novobiocin T = ... experiment 2' (novobiocin treatment) samples; growth protocol is identical for both experiments ;; temperature = 30º C [GEO GSE18902 !Sample_growth_protocol_ch1 (group 1); quote: ""maintained at 30º C""] ;; light_intensity = ~25 µmol photons m-2 s-1 white light [GEO GSE18902 !Sample_growth_protocol_ch1 (group 1); quote: ""Cells were exposed to surface flux of ~25 µmol photons m-2 s-1 white light""] ;; light_regime = white light (spectrum class not further specified); continuous light following two light/dark entrainment cycles; photoperiod of entrainment cycles not reported [GEO GSE18902 !Sample_treatment_protocol_ch1 (group 1); quote: ""For all experiments, cells are exposed to two light/dark cycles for entrainment prior to release into continuous light""] ;; co2 = 1% CO2 in air, bubbled at 500 ml/min [GEO GSE18902 !Sample_growth_protocol_ch1 (group 1); quote: ""bubbled with 500 ml min-1 1% CO2 in air""] ;; medium = modified BG-11 medium (0.0010 g/liter FeNH4 citrate instead of 0.0012 g/liter, citric acid supplemented at 0.00066 g/liter) [GEO GSE18902 !Sample_growth_protocol_ch1 (group 1); quote: ""Cells were grown in modified BG-11 medium with the following modifications: 0.0010 g/liter of FeNH4 citrate was used instead of 0.0012 g/liter of FeNH4 citrate and citric acid was supplemented at 0.00066 g/liter.""] ;; culture_format = 6 liter cylindrical spinner flask, 4.5 liter working volume, continuous culture apparatus, stirred at 1 rotation per second [GEO GSE18902 !Sample_growth_protocol_ch1 (group 1); quote: ""S. elongatus (strain AMC 408) was grown in a 6 liter cylindrical spinner flask (Corning) at a volume of 4.5 liters.""] ;; growth_phase = OD750 0.15 (held constant via two-state controller) [GEO GSE18902 !Sample_growth_protocol_ch1 (group 1); quote: ""Constant optical density (OD750 0.15) and volume are achieved via a two state controller.""]"	not retrieved [full text not retrievable in this session: PMC2799730 sits outside the Europe PMC open-access subset (fullTextXML HTTP 500), NCBI efetch returns front matter only, and the PMC PDF endpoint answers with a proof-of-work challenge which was not solved; source-side restriction, not a sandbox block; absence in the archive record is NOT evidence the study does not report it]	not stated in GEO metadata	NCBI GEO public-repository terms; no per-file notice located. Recommendation only.	GEO GSE18902; PMID 20018699		none found (raw only: GSE18902_RAW.tar)	PCC 7942 RefSeq locus tags -> existing exact shared-protein crosswalk	candidate	archive: GEO GSE18902 (https://www.ncbi.nlm.nih.gov/geo/query/acc.cgi?acc=GSE18902), SOFT record retrieved 2026-10-03 | paper: PMID 20018699; PMC2799730; doi:10.1073/pnas.0912673106 | full text: full text not retrievable in this session: PMC2799730 sits outside the Europe PMC open-access subset (fullTextXML HTTP 500), NCBI efetch returns front matter only, and the PMC PDF endpoint answers with a proof-of-work challenge which was not solved; source-side restriction, not a sandbox block
PCC 7942	transcriptomics (RNA-seq)	"CONDITION SET: Experiment 1 RB-TnSeq library v1.0 - bubbling tube biofilm formation (fresh BG-11) | SAMPLES: GSM6212694-GSM6212699 (Experiment #1 Time 0 replicates, Test Tube Fresh BG-11 Biofilmers, Test Tube Fresh BG-11 Settlers) ;; temperature = 30°C [paper PMC9260433, RB-TnSeq Experiment; quote: ""split equally into triplicate bubbling tubes, and allowed to form biofilms for 21 days at 30°C and under low fluorescent light""] ;; light_intensity = 5 μmol photons m-2 s-1 [paper PMC9260433, RB-TnSeq Experiment; quote: ""allowed to form biofilms for 21 days at 30°C and under low fluorescent light (5 μmol photons m −2 s −1 ) while bubbled with hydrated 3% CO 2""] ;; light_regime = low fluorescent light, continuous (photoperiod not stated) [paper PMC9260433, RB-TnSeq Experiment; quote: ""allowed to form biofilms for 21 days at 30°C and under low fluorescent light (5 μmol photons m −2 s −1 )""] ;; co2 = 3% CO2 (bubbled, hydrated) [paper PMC9260433, RB-TnSeq Experiment; quote: ""while bubbled with hydrated 3% CO 2""] ;; medium = BG-11 with HEPES [paper PMC9260433, RB-TnSeq Experiment; quote: ""resuspended in 75 ml of BG-11 with HEPES media to an OD 750 of 0.5""] ;; culture_format = triplicate bubbling tubes [paper PMC9260433, RB-TnSeq Experiment; GEO GSM6212698 growth vessel: bubbling tube; quote: ""split equally into triplicate bubbling tubes, and allowed to form biofilms for 21 days""] ;; growth_phase = OD750 of 0.4 (pooled culture) and 0.5 (resuspended for biofilm assay) [paper PMC9260433, RB-TnSeq Experiment; quote: ""The three flasks were pooled to generate a culture with OD 750 of 0.4.""]"	"triplicate bubbling tubes (biological replicates pooled prior to DNA extraction) [paper PMC9260433, RB-TnSeq Experiment; quote: ""split equally into triplicate bubbling tubes""]"	not stated in GEO metadata	NCBI GEO public-repository terms; no per-file notice located. Recommendation only.	GEO GSE205443; PMID 35814646		GSE205443_Counts.txt.gz	PCC 7942 RefSeq locus tags -> existing exact shared-protein crosswalk	escalate: INPUT ASSAY LABEL WRONG. Input labels this 'transcriptomics (RNA-seq)'; all 25 samples carry library_strategy = OTHER on GPL32315 and are RB-TnSeq fitness-screen samples, not transcriptomics. The record may still be wanted, but as a fitness screen (cf. proposed ticket O_fitness-screen-sweep), not as an expression layer	archive: GEO GSE205443 (https://www.ncbi.nlm.nih.gov/geo/query/acc.cgi?acc=GSE205443), SOFT record retrieved 2026-10-03 | paper: PMID 35814646; PMC9260433; doi:10.3389/fmicb.2022.899150
PCC 7942	transcriptomics (RNA-seq)	"CONDITION SET: Experiment 2 RB-TnSeq library v2.0 - bubbling tube biofilm formation (fresh BG-11 or Conditioned Media) | SAMPLES: GSM6212700-GSM6212716 (Experiment #2 Time 0 replicates, Test Tube Fresh BG-11 Planktonic/Settlers/Biofilmers, Test Tube Conditioned Media Settlers/Biofilmers) ;; temperature = 30°C [paper PMC9260433, RB-TnSeq Experiment; quote: ""Bubbling tube cultures for this experiment were placed under the same conditions as for the first experiment for 15 days to allow biofilms to form.""] ;; light_intensity = 5 μmol photons m-2 s-1 [paper PMC9260433, RB-TnSeq Experiment; quote: ""Bubbling tube cultures for this experiment were placed under the same conditions as for the first experiment for 15 days""] ;; light_regime = low fluorescent light, continuous (photoperiod not stated) [paper PMC9260433, RB-TnSeq Experiment; quote: ""Bubbling tube cultures for this experiment were placed under the same conditions as for the first experiment for 15 days to allow biofilms to form.""] ;; co2 = 3% CO2 (bubbled, hydrated), same conditions as experiment 1 [paper PMC9260433, RB-TnSeq Experiment; quote: ""Bubbling tube cultures for this experiment were placed under the same conditions as for the first experiment for 15 days to allow biofilms to form.""] ;; medium = fresh BG-11 with HEPES or WT conditioned BG-11 media with HEPES [paper PMC9260433, RB-TnSeq Experiment; quote: ""Aliquots of the library were centrifuged to pellet cells and resuspended in either fresh or WT conditioned BG-11 media, both with HEPES, to an OD 750 of 0.5.""] ;; culture_format = triplicate bubbling tubes containing 25 ml culture [paper PMC9260433, RB-TnSeq Experiment; quote: ""Resuspensions were then split into triplicate bubbling tubes containing 25 ml of culture each""] ;; growth_phase = OD750 of 0.5 [paper PMC9260433, RB-TnSeq Experiment; quote: ""resuspended in either fresh or WT conditioned BG-11 media, both with HEPES, to an OD 750 of 0.5""]"	"triplicate bubbling tubes (biological replicates pooled prior to DNA extraction) [paper PMC9260433, RB-TnSeq Experiment; quote: ""Resuspensions were then split into triplicate bubbling tubes containing 25 ml of culture each""]"	not stated in GEO metadata	NCBI GEO public-repository terms; no per-file notice located. Recommendation only.	GEO GSE205443; PMID 35814646		GSE205443_Counts.txt.gz	PCC 7942 RefSeq locus tags -> existing exact shared-protein crosswalk	escalate: INPUT ASSAY LABEL WRONG. Input labels this 'transcriptomics (RNA-seq)'; all 25 samples carry library_strategy = OTHER on GPL32315 and are RB-TnSeq fitness-screen samples, not transcriptomics. The record may still be wanted, but as a fitness screen (cf. proposed ticket O_fitness-screen-sweep), not as an expression layer	archive: GEO GSE205443 (https://www.ncbi.nlm.nih.gov/geo/query/acc.cgi?acc=GSE205443), SOFT record retrieved 2026-10-03 | paper: PMID 35814646; PMC9260433; doi:10.3389/fmicb.2022.899150
PCC 7942	transcriptomics (RNA-seq)	"CONDITION SET: Experiment 2 RB-TnSeq library v2.0 - flask biofilm formation (fresh BG-11 or Conditioned Media) | SAMPLES: GSM6212717-GSM6212718 (Experiment #2 Flask Fresh BG-11 Biofilmers, Flask Conditioned Media Biofilmers) ;; temperature = room temperature [paper PMC9260433, RB-TnSeq Experiment; quote: ""Flask cultures were incubated under low fluorescent light (5 μmol photons m −2 s −1 ) without shaking at room temperature for 15 days.""] ;; light_intensity = 5 μmol photons m-2 s-1 [paper PMC9260433, RB-TnSeq Experiment; quote: ""Flask cultures were incubated under low fluorescent light (5 μmol photons m −2 s −1 ) without shaking at room temperature for 15 days.""] ;; light_regime = low fluorescent light, continuous without shaking (photoperiod not stated) [paper PMC9260433, RB-TnSeq Experiment; quote: ""Flask cultures were incubated under low fluorescent light (5 μmol photons m −2 s −1 ) without shaking at room temperature for 15 days.""] ;; co2 = not reported [checked: GEO GSE205443; PMID 35814646; PMC9260433; doi:10.3389/fmicb.2022.899150] ;; medium = fresh BG-11 with HEPES or WT conditioned BG-11 media with HEPES [paper PMC9260433, RB-TnSeq Experiment; quote: ""resuspended in either fresh or WT conditioned BG-11 media, both with HEPES, to an OD 750 of 0.5""] ;; culture_format = sterile 25-ml Pyrex glass flasks plugged with cotton balls, 5 ml culture each [paper PMC9260433, RB-TnSeq Experiment; quote: ""or into sterile 25-ml Pyrex glass flasks (# 4980), plugged with cotton balls, containing 5 ml of culture each""] ;; growth_phase = OD750 of 0.5 [paper PMC9260433, RB-TnSeq Experiment; quote: ""resuspended in either fresh or WT conditioned BG-11 media, both with HEPES, to an OD 750 of 0.5""]"	"not stated for flask format directly; same resuspended pooled library split across vessels [paper PMC9260433, RB-TnSeq Experiment; quote: ""or into sterile 25-ml Pyrex glass flasks (# 4980), plugged with cotton balls, containing 5 ml of culture each""]"	not stated in GEO metadata	NCBI GEO public-repository terms; no per-file notice located. Recommendation only.	GEO GSE205443; PMID 35814646		GSE205443_Counts.txt.gz	PCC 7942 RefSeq locus tags -> existing exact shared-protein crosswalk	escalate: INPUT ASSAY LABEL WRONG. Input labels this 'transcriptomics (RNA-seq)'; all 25 samples carry library_strategy = OTHER on GPL32315 and are RB-TnSeq fitness-screen samples, not transcriptomics. The record may still be wanted, but as a fitness screen (cf. proposed ticket O_fitness-screen-sweep), not as an expression layer	archive: GEO GSE205443 (https://www.ncbi.nlm.nih.gov/geo/query/acc.cgi?acc=GSE205443), SOFT record retrieved 2026-10-03 | paper: PMID 35814646; PMC9260433; doi:10.3389/fmicb.2022.899150
PCC 7942	transcriptomics (RNA-seq)	"CONDITION SET: RB-TnSeq Experiment 1 (library v1.0, bubbling tubes, BG-11) | SAMPLES: GSM6212694-GSM6212699 (Experiment #1 Time 0 #1-4, Test Tube Fresh BG-11 Biofilmers, Test Tube Fresh BG-11 Settlers) - group 1 ;; temperature = 30°C [paper PMC9260433, RB-TnSeq Experiment section; quote: ""allowed to form biofilms for 21 days at 30°C and under low fluorescent light (5 μmol photons m −2 s −1 ) while bubbled with hydrated 3% CO 2""] ;; light_intensity = 5 μmol photons m-2 s-1 [paper PMC9260433, RB-TnSeq Experiment section; quote: ""under low fluorescent light (5 μmol photons m −2 s −1 ) while bubbled with hydrated 3% CO 2""] ;; light_regime = low fluorescent light; continuous (not specified as diel); photoperiod not reported [paper PMC9260433, RB-TnSeq Experiment section; quote: ""allowed to form biofilms for 21 days at 30°C and under low fluorescent light (5 μmol photons m −2 s −1 )""] ;; co2 = 3% CO2, hydrated, bubbled [paper PMC9260433, RB-TnSeq Experiment section; quote: ""while bubbled with hydrated 3% CO 2""] ;; medium = BG-11 with HEPES [paper PMC9260433, RB-TnSeq Experiment section; quote: ""resuspended in 75 ml of BG-11 with HEPES media to an OD 750 of 0.5, split equally into triplicate bubbling tubes""] ;; culture_format = bubbling tube, triplicate, 25 ml culture [paper PMC9260433, RB-TnSeq Experiment section; quote: ""split equally into triplicate bubbling tubes""] ;; growth_phase = OD750 of 0.4 (pooled culture), resuspended to OD750 of 0.5 [paper PMC9260433, RB-TnSeq Experiment section; quote: ""The three flasks were pooled to generate a culture with OD 750 of 0.4.""] ;; unit_conversion = not applicable; μmol photons m-2 s-1 as reported"	"triplicate bubbling tubes [paper PMC9260433, RB-TnSeq Experiment section; quote: ""split equally into triplicate bubbling tubes""]"	not stated in GEO metadata	NCBI GEO public-repository terms; no per-file notice located. Recommendation only.	GEO GSE205445; PMID 35814646		none found (raw only: GSE205445_RAW.tar)	PCC 7942 RefSeq locus tags -> existing exact shared-protein crosswalk	escalate: INPUT ASSAY LABEL INCOMPLETE. Input labels this 'transcriptomics (RNA-seq)'; GEO gives 46 samples, 25 with library_strategy = OTHER (RB-TnSeq, the same GSM range as GSE205443) and 21 RNA-Seq. Condition sets 1-3 are the RB-TnSeq arm, set 4 the RNA-Seq arm. Conditioned-medium sets are flagged because the data contract states conditioned or spent medium is never comparable to fresh medium	archive: GEO GSE205445 (https://www.ncbi.nlm.nih.gov/geo/query/acc.cgi?acc=GSE205445), SOFT record retrieved 2026-10-03 | paper: PMID 35814646; PMC9260433; doi:10.3389/fmicb.2022.899150
PCC 7942	transcriptomics (RNA-seq)	"CONDITION SET: RB-TnSeq Experiment 2 (library v2.0, bubbling tubes, fresh BG-11 or conditioned media) | SAMPLES: GSM6212700-GSM6212716 (Experiment #2 Time 0 #1-12, Test Tube Fresh BG-11 Planktonic/Settlers/Biofilmers, Test Tube Conditioned Media Settlers/Biofilmers) - group 1 ;; temperature = 30°C [paper PMC9260433, RB-TnSeq Experiment section; quote: ""Bubbling tube cultures for this experiment were placed under the same conditions as for the first experiment for 15 days to allow biofilms to form.""] ;; light_intensity = 5 μmol photons m-2 s-1 [paper PMC9260433, RB-TnSeq Experiment section; quote: ""under the same conditions as for the first experiment for 15 days to allow biofilms to form""] ;; light_regime = low fluorescent light (inherited from Experiment 1 conditions); continuous; photoperiod not reported [paper PMC9260433, RB-TnSeq Experiment section; quote: ""Bubbling tube cultures for this experiment were placed under the same conditions as for the first experiment for 15 days to allow biofilms to form.""] ;; co2 = 3% CO2 (same conditions as experiment 1) [paper PMC9260433, RB-TnSeq Experiment section; quote: ""Bubbling tube cultures for this experiment were placed under the same conditions as for the first experiment for 15 days to allow biofilms to form.""] ;; medium = fresh or WT conditioned BG-11 media, both with HEPES [paper PMC9260433, RB-TnSeq Experiment section; quote: ""Aliquots of the library were centrifuged to pellet cells and resuspended in either fresh or WT conditioned BG-11 media, both with HEPES, to an OD 750 of 0.5.""] ;; culture_format = triplicate bubbling tubes, 25 ml culture each [paper PMC9260433, RB-TnSeq Experiment section; quote: ""Resuspensions were then split into triplicate bubbling tubes containing 25 ml of culture each""] ;; growth_phase = OD750 of 0.5 [paper PMC9260433, RB-TnSeq Experiment section; quote: ""resuspended in either fresh or WT conditioned BG-11 media, both with HEPES, to an OD 750 of 0.5""] ;; unit_conversion = not applicable; μmol photons m-2 s-1 as reported"	"triplicate bubbling tubes [paper PMC9260433, RB-TnSeq Experiment section; quote: ""Resuspensions were then split into triplicate bubbling tubes containing 25 ml of culture each""]"	not stated in GEO metadata	NCBI GEO public-repository terms; no per-file notice located. Recommendation only.	GEO GSE205445; PMID 35814646		none found (raw only: GSE205445_RAW.tar)	PCC 7942 RefSeq locus tags -> existing exact shared-protein crosswalk	escalate: INPUT ASSAY LABEL INCOMPLETE. Input labels this 'transcriptomics (RNA-seq)'; GEO gives 46 samples, 25 with library_strategy = OTHER (RB-TnSeq, the same GSM range as GSE205443) and 21 RNA-Seq. Condition sets 1-3 are the RB-TnSeq arm, set 4 the RNA-Seq arm. Conditioned-medium sets are flagged because the data contract states conditioned or spent medium is never comparable to fresh medium	archive: GEO GSE205445 (https://www.ncbi.nlm.nih.gov/geo/query/acc.cgi?acc=GSE205445), SOFT record retrieved 2026-10-03 | paper: PMID 35814646; PMC9260433; doi:10.3389/fmicb.2022.899150
PCC 7942	transcriptomics (RNA-seq)	"CONDITION SET: RB-TnSeq Experiment 2 flask cultures (fresh BG-11 or conditioned media) | SAMPLES: GSM6212717, GSM6212718 (Experiment #2 Flask Fresh BG-11 Biofilmers, Experiment #2 Flask Conditioned Media Biofilmers) - group 1 ;; temperature = room temperature [paper PMC9260433, RB-TnSeq Experiment section; quote: ""Flask cultures were incubated under low fluorescent light (5 μmol photons m −2 s −1 ) without shaking at room temperature for 15 days.""] ;; light_intensity = 5 μmol photons m-2 s-1 [paper PMC9260433, RB-TnSeq Experiment section; quote: ""Flask cultures were incubated under low fluorescent light (5 μmol photons m −2 s −1 ) without shaking at room temperature for 15 days.""] ;; light_regime = low fluorescent light; continuous (implied by 'without shaking' static incubation); photoperiod not reported [paper PMC9260433, RB-TnSeq Experiment section; quote: ""Flask cultures were incubated under low fluorescent light (5 μmol photons m −2 s −1 ) without shaking at room temperature for 15 days.""] ;; co2 = not reported [checked: GEO GSE205445; PMID 35814646; PMC9260433; doi:10.3389/fmicb.2022.899150] ;; medium = fresh or WT conditioned BG-11 media, both with HEPES [paper PMC9260433, RB-TnSeq Experiment section; quote: ""Aliquots of the library were centrifuged to pellet cells and resuspended in either fresh or WT conditioned BG-11 media, both with HEPES, to an OD 750 of 0.5.""] ;; culture_format = sterile 25-ml Pyrex glass flasks, plugged with cotton balls, 5 ml culture each, without shaking [paper PMC9260433, RB-TnSeq Experiment section; quote: ""or into sterile 25-ml Pyrex glass flasks (# 4980), plugged with cotton balls, containing 5 ml of culture each""] ;; growth_phase = OD750 of 0.5 [paper PMC9260433, RB-TnSeq Experiment section; quote: ""resuspended in either fresh or WT conditioned BG-11 media, both with HEPES, to an OD 750 of 0.5""] ;; unit_conversion = not applicable; μmol photons m-2 s-1 as reported"	not reported for flask format specifically (only Time0/tube described as triplicate)	not stated in GEO metadata	NCBI GEO public-repository terms; no per-file notice located. Recommendation only.	GEO GSE205445; PMID 35814646		none found (raw only: GSE205445_RAW.tar)	PCC 7942 RefSeq locus tags -> existing exact shared-protein crosswalk	escalate: INPUT ASSAY LABEL INCOMPLETE. Input labels this 'transcriptomics (RNA-seq)'; GEO gives 46 samples, 25 with library_strategy = OTHER (RB-TnSeq, the same GSM range as GSE205443) and 21 RNA-Seq. Condition sets 1-3 are the RB-TnSeq arm, set 4 the RNA-Seq arm. Conditioned-medium sets are flagged because the data contract states conditioned or spent medium is never comparable to fresh medium	archive: GEO GSE205445 (https://www.ncbi.nlm.nih.gov/geo/query/acc.cgi?acc=GSE205445), SOFT record retrieved 2026-10-03 | paper: PMID 35814646; PMC9260433; doi:10.3389/fmicb.2022.899150
PCC 7942	transcriptomics (RNA-seq)	"CONDITION SET: RNA-Seq WT and pilB::Tn5 Day 1 and Day 4 bubbling tube cultures | SAMPLES: GSM6212719-GSM6212739 (all Wild Type and pilB::Tn5 Day 1/Day 4 Fresh BG-11/Conditioned Media Supernatant/Biofilm samples) - group 2 ;; temperature = 30°C [paper PMC9260433, Biofilm Formation Assays section; quote: ""using fresh starter cultures derived from solid media cultures, at an OD 750 of 0.5 at 30°C and under low light (5–30 μmol photons m −2 s −1 )""] ;; light_intensity = 5-30 μmol photons m-2 s-1 [paper PMC9260433, Biofilm Formation Assays section; quote: ""at an OD 750 of 0.5 at 30°C and under low light (5–30 μmol photons m −2 s −1 ), as described previously ( Sendersky et al., 2017 )""] ;; light_regime = low light, spectrum class not specified; continuous vs diel not reported; photoperiod not reported [paper PMC9260433, Biofilm Formation Assays section; quote: ""under low light (5–30 μmol photons m −2 s −1 ), as described previously ( Sendersky et al., 2017 )""] ;; co2 = not reported for RNA-Seq bubbling tube growth (CO2 bubbling described for RB-TnSeq test tube assays, not explicitly stated for RNA-Seq cultures) ;; medium = BG-11 with HEPES; fresh BG-11 or Conditioned Media (CM) treatment [GEO GSE205445 group 2 Sample_growth_protocol_ch1; quote: ""Cultures were grown in bubbling tubes for one or four days, as previously describe by Parnasa, et al. (2016).""] ;; culture_format = bubbling tubes, triplicate sets [paper PMC9260433, RNA-Seq Experiment section; quote: ""WT and PilB ::Tn 5 strains were grown for biofilm formation in triplicate sets of bubbling tubes as described previously ( Parnasa et al., 2016 ).""] ;; growth_phase = samples taken 1 and 4 days after inoculation (Day 1 and Day 4); starter at OD750 of 0.5 [paper PMC9260433, RNA-Seq Experiment section; quote: ""Samples were taken for RNA extraction from the liquid supernatants 1 and 4 days after inoculation (Days 1 and 4).""] ;; unit_conversion = not applicable; μmol photons m-2 s-1 as reported"	"triplicate (3 biological replicates per condition) [paper PMC9260433, RNA-Seq Experiment section; quote: ""WT and PilB ::Tn 5 strains were grown for biofilm formation in triplicate sets of bubbling tubes as described previously ( Parnasa et al., 2016 ).""]"	not stated in GEO metadata	NCBI GEO public-repository terms; no per-file notice located. Recommendation only.	GEO GSE205445; PMID 35814646		none found (raw only: GSE205445_RAW.tar)	PCC 7942 RefSeq locus tags -> existing exact shared-protein crosswalk	escalate: INPUT ASSAY LABEL INCOMPLETE. Input labels this 'transcriptomics (RNA-seq)'; GEO gives 46 samples, 25 with library_strategy = OTHER (RB-TnSeq, the same GSM range as GSE205443) and 21 RNA-Seq. Condition sets 1-3 are the RB-TnSeq arm, set 4 the RNA-Seq arm. Conditioned-medium sets are flagged because the data contract states conditioned or spent medium is never comparable to fresh medium	archive: GEO GSE205445 (https://www.ncbi.nlm.nih.gov/geo/query/acc.cgi?acc=GSE205445), SOFT record retrieved 2026-10-03 | paper: PMID 35814646; PMC9260433; doi:10.3389/fmicb.2022.899150
PCC 7942	transcriptomics (RNA-seq)	"CONDITION SET: 0 mM NaCl control (WT and Syn7942/Δsps-ect) | SAMPLES: GSM6914144, GSM6914145, GSM6914146 (WT, 0 mM NaCl, rep1-3); GSM6914150, GSM6914151, GSM6914152 (Syn7942/Δsps-ect, 0 mM NaCl, rep1-3) ;; temperature = 37°C [GEO GSE222067 !Sample_growth_protocol_ch1 (group 1); quote: ""Grown at 37℃ in BG11 liquid medium""] ;; light_intensity = approximately 100 μmol photons m−2 s−1 [paper PMC9932913, Methods - Bacterial growth conditions and salt-stress treatment; quote: ""under a light intensity of approximately 100 μmol photons m −2 s −1""] ;; light_regime = spectrum: not reported; continuous/diel: not reported; photoperiod: not reported ;; co2 = not reported [checked: GEO GSE222067; PMID 36819058; PMC9932913; doi:10.3389/fmicb.2023.1123081] ;; medium = BG11 liquid medium with 0 mM NaCl (control) [GEO GSE222067 Series_overall_design; quote: ""WT and Syn7942/Δsps-ect were cultured in BG11 medium with 0 mM as control-1 and control-2 and 300 mM NaCl as experimental-1 and experimental-2, respectively.""] ;; culture_format = liquid culture, 100 ml flask, shaken at 200 rpm [paper PMC9932913, Methods - Bacterial growth conditions and salt-stress treatment; quote: ""in an HNY-211B Illuminating incubator Shaker of 200 rpm in 100 ml flask (Honour, Tianjin, China)""] ;; growth_phase = Day 4 of culture at sampling; OD750 not reported for this timepoint [GEO GSE222067 Series_overall_design; quote: ""On the fourth day, samples were collected for transcriptome sequencing and data analysis.""]"	"three biological replicates [paper PMC9932913, Methods - Transcriptomic analysis; quote: ""Each sample had three biological replicates.""]"	not stated in GEO metadata	NCBI GEO public-repository terms; no per-file notice located. Recommendation only.	GEO GSE222067; PMID 36819058		GSE222067_counts.xlsx	PCC 7942 RefSeq locus tags -> existing exact shared-protein crosswalk	candidate	archive: GEO GSE222067 (https://www.ncbi.nlm.nih.gov/geo/query/acc.cgi?acc=GSE222067), SOFT record retrieved 2026-10-03 | paper: PMID 36819058; PMC9932913; doi:10.3389/fmicb.2023.1123081
PCC 7942	transcriptomics (RNA-seq)	"CONDITION SET: 300 mM NaCl salt-stress treatment (WT and Syn7942/Δsps-ect) | SAMPLES: GSM6914147, GSM6914148, GSM6914149 (WT, 300 mM NaCl, rep1-3); GSM6914153, GSM6914154, GSM6914155 (Syn7942/Δsps-ect, 300 mM NaCl, rep1-3) ;; temperature = 37°C [GEO GSE222067 !Sample_growth_protocol_ch1 (group 1); quote: ""Grown at 37℃ in BG11 liquid medium""] ;; light_intensity = approximately 100 μmol photons m−2 s−1 [paper PMC9932913, Methods - Bacterial growth conditions and salt-stress treatment; quote: ""under a light intensity of approximately 100 μmol photons m −2 s −1""] ;; light_regime = spectrum: not reported; continuous/diel: not reported; photoperiod: not reported ;; co2 = not reported [checked: GEO GSE222067; PMID 36819058; PMC9932913; doi:10.3389/fmicb.2023.1123081] ;; medium = BG11 medium containing 300 mM NaCl (experimental), added for 4 days [GEO GSE222067 !Sample_treatment_protocol_ch1 (group 1); quote: ""Treated with BG11 medium containing 300 mM NaCl for 4 days""] ;; culture_format = liquid culture, 100 ml flask, shaken at 200 rpm [paper PMC9932913, Methods - Bacterial growth conditions and salt-stress treatment; quote: ""in an HNY-211B Illuminating incubator Shaker of 200 rpm in 100 ml flask (Honour, Tianjin, China)""] ;; growth_phase = Day 4 of culture at sampling (after 4 days of 300 mM NaCl treatment); OD750 not reported for this timepoint [GEO GSE222067 Series_overall_design; quote: ""On the fourth day, samples were collected for transcriptome sequencing and data analysis.""]"	"three biological replicates [paper PMC9932913, Methods - Transcriptomic analysis; quote: ""Each sample had three biological replicates.""]"	not stated in GEO metadata	NCBI GEO public-repository terms; no per-file notice located. Recommendation only.	GEO GSE222067; PMID 36819058		GSE222067_counts.xlsx	PCC 7942 RefSeq locus tags -> existing exact shared-protein crosswalk	candidate	archive: GEO GSE222067 (https://www.ncbi.nlm.nih.gov/geo/query/acc.cgi?acc=GSE222067), SOFT record retrieved 2026-10-03 | paper: PMID 36819058; PMC9932913; doi:10.3389/fmicb.2023.1123081
PCC 7942	transcriptomics (RNA-seq)	"CONDITION SET: Standard BG11 photoautotrophic growth prior to/at time of salt or streptomycin stress sampling | SAMPLES: All 10 samples (GSM7048518–GSM7048527): Control A/B (Day 0), NaCl-D1 A/B, NaCl-D3 A/B, Str50-D1 A/B, Str50-D3 A/B — base growth protocol is identical across all groups; samples differ only in stress treatment (0.4 M NaCl or 50 mg/L streptomycin) and duration, not in underlying growth conditions. ;; temperature = 30ºC [GEO GSE225426 !Sample_growth_protocol_ch1 (group 1); quote: ""cultured at 30ºC""] ;; light_intensity = 70 µE m-2 s-1 [GEO GSE225426 !Sample_growth_protocol_ch1 (group 1); quote: ""continuous cool white fluorescent light intensity of 70 µE m-2 s-1""] ;; light_regime = cool white fluorescent; continuous; photoperiod not reported (continuous light stated) [GEO GSE225426 !Sample_growth_protocol_ch1 (group 1); quote: ""continuous cool white fluorescent light intensity of 70 µE m-2 s-1""] ;; co2 = not retrieved [no linked publication found in the archive record or by Europe PMC accession/title search, so the deposit record is the only source; absence in the archive record is NOT evidence the study does not report it] ;; medium = blue-green 11 (BG11) media [GEO GSE225426 !Sample_growth_protocol_ch1 (group 1); quote: ""blue-green 11 (BG11) media""] ;; culture_format = not retrieved [no linked publication found in the archive record or by Europe PMC accession/title search, so the deposit record is the only source; absence in the archive record is NOT evidence the study does not report it] ;; growth_phase = not retrieved [no linked publication found in the archive record or by Europe PMC accession/title search, so the deposit record is the only source; absence in the archive record is NOT evidence the study does not report it] ;; unit_conversion = 70 µE m-2 s-1 as reported; µE m-2 s-1 is equivalent to µmol photons m-2 s-1."	"not stated; 2 samples per condition (A, B) in GEO sample list [GEO GSE225426 sample table (group 1); quote: ""GSM7048518 | Control, A | cell type: bacterial cell; genotype: WT; stress: control; time: Day 0 | bacterial cell""]"	not stated in GEO metadata	NCBI GEO public-repository terms; no per-file notice located. Recommendation only.	GEO GSE225426		none found (raw only: GSE225426_Processed_data_A.xlsx, GSE225426_Processed_data_B.xlsx)	PCC 7942 RefSeq locus tags -> existing exact shared-protein crosswalk	candidate; no linked publication found in GEO or by Europe PMC accession/title search, so the GEO record is the only source and the axes it omits (CO2, culture format, growth phase) are unestablished rather than absent	archive: GEO GSE225426 (https://www.ncbi.nlm.nih.gov/geo/query/acc.cgi?acc=GSE225426), SOFT record retrieved 2026-10-03 | full text: no linked publication found in the archive record or by Europe PMC accession/title search, so the deposit record is the only source
Synechococcus elongatus	transcriptomics (RNA-seq)	"CONDITION SET: RNA-seq WT and del(xpk), 4 timepoints, 12-h L/D cycle (GSE227397 RNA-seq samples) | SAMPLES: All 24 samples GSM7099962-GSM7099985 (WT and del(xpk) at Light 1hr, Light 12hr, Dark 1hr, Dark 12hr, 3 biol reps each) ;; temperature = 30°C [GEO GSE227397 !Sample_growth_protocol_ch1 (group 1); quote: ""Cultures were grown in standard BG11, at 30°C, 150rpm.""] ;; light_intensity = not reported in GEO growth protocol; paper methods report 50 µmol m−2 s−1 [paper PMC10365998, Methods: Cyanobacteria strains and growth condition; quote: ""light intensity 50 µmol m −2 s −1""] ;; light_regime = spectrum not reported; diel cycle with switching to light/dark; samples harvested at Light 1h, Light 12h, Dark 1h, Dark 12h; paper states 12-h L/D cycle [GEO GSE227397 !Sample_growth_protocol_ch1 (group 1); quote: ""Three cultures for each genotype, WT and Δxpk, were harvested at 4 different time points (Light 1 h: 1 hour after switching to light; Light 12 h: 12-hour illumination; Dark 1 h: 1 hour after switching to dark; Dark 12 h: 12-hour darkness) for a total of 24 samples.""] ;; co2 = not reported in GEO growth protocol; paper RNA-seq section does not specify NaHCO3 supplementation ;; medium = standard BG11 [GEO GSE227397 !Sample_growth_protocol_ch1 (group 1); quote: ""Cultures were grown in standard BG11, at 30°C, 150rpm.""] ;; culture_format = shaking liquid culture, 5 mL harvested per sample [GEO GSE227397 !Sample_growth_protocol_ch1 (group 1); quote: ""Each sample consisted of 5 mL of culture with an OD730~1.""] ;; growth_phase = OD730~1 [GEO GSE227397 !Sample_growth_protocol_ch1 (group 1); quote: ""Each sample consisted of 5 mL of culture with an OD730~1.""] ;; unit_conversion = 50 µmol m−2 s−1 as reported in paper; no conversion applied (light intensity value not present in GEO protocol itself, only in paper methods)."	"3 biological replicates per genotype per timepoint (stated) [GEO GSE227397 !Sample_growth_protocol_ch1 (group 1); quote: ""Three cultures for each genotype, WT and Δxpk, were harvested at 4 different time points""]"	not stated in GEO metadata	NCBI GEO public-repository terms; no per-file notice located. Recommendation only.	GEO GSE227397; PMID 37349485		none found (raw only: GSE227397_RAW.tar)	none	candidate; SOURCE-SCOPE CAVEAT: GEO's growth protocol omits light intensity, spectrum and CO2; the values returned for those axes come from the paper's general growth-condition paragraph, which the paper ties to its 14C and biochemical assays rather than to the RNA-seq cultures	archive: GEO GSE227397 (https://www.ncbi.nlm.nih.gov/geo/query/acc.cgi?acc=GSE227397), SOFT record retrieved 2026-10-03 | paper: PMID 37349485; PMC10365998; doi:10.1038/s42255-023-00831-w
PCC 7942	transcriptomics (RNA-seq)	"CONDITION SET: No ZnCl2 induction (WT and labA-KO), 12h dark pulse then 12h LL | SAMPLES: group 1; genotype wild-type and labA-KO, not given ZnCl2: GSM7655427-GSM7655429 (WT) and GSM7655436-GSM7655438 (labA-KO) ;; temperature = 30ºC (constant) [GEO GSE237858 !Sample_growth_protocol_ch1 (group 1); quote: ""Cells were maintained in plates of BG-11 and grown in constant light and constant 30ºC, under ~ 40µE of illumination with fluorescent lights.""] ;; light_intensity = ~40µE of illumination [GEO GSE237858 !Sample_growth_protocol_ch1 (group 1); quote: ""Cells were maintained in plates of BG-11 and grown in constant light and constant 30ºC, under ~ 40µE of illumination with fluorescent lights.""] ;; light_regime = spectrum: fluorescent (class e.g. cool-white vs warm-white not specified); continuous light (LL) as baseline growth condition, with a single 12h dark pulse immediately prior to collection then return to constant light; photoperiod otherwise continuous (no diel cycling stated for these samples) [GEO GSE237858 !Sample_growth_protocol_ch1 and !Sample_treatment_protocol_ch1 (group 1); quote: ""Cells were maintained in plates of BG-11 and grown in constant light and constant 30ºC, under ~ 40µE of illumination with fluorescent lights.""] ;; co2 = not reported [checked: GEO GSE237858; PMID 38739791; PMC11127020; doi:10.1073/pnas.2318690121] ;; medium = BG-11 (plates), no ZnCl2 added [GEO GSE237858 !Sample_treatment_protocol_ch1 (group 1); quote: ""the other 6 samples (3 of wild-type and 3 of labA-KO) were not given ZnCl2 and were instead just transferred to dark for 12h.""] ;; culture_format = agar plates (BG-11 medium) [GEO GSE237858 !Sample_growth_protocol_ch1 (group 1); quote: ""Cells were maintained in plates of BG-11 and grown in constant light and constant 30ºC, under ~ 40µE of illumination with fluorescent lights.""] ;; growth_phase = OD750 not reported for RNA-seq samples; harvested after 12h in constant light (LL) following a single 12h dark pulse [GEO GSE237858 sample characteristics field, e.g. GSM7655427 (group 1); quote: ""collected after 12h in LL (with one 12h dark pulse before)""] ;; unit_conversion = ~40µE as reported in GEO growth protocol (unit denominator m-2 s-1 not explicitly written but conventionally implied); µE m-2 s-1 is equivalent to µmol photons m-2 s-1 (photon flux density)."	"3 biological replicates per genotype condition (stated) [paper PMID 38739791 (PMC11127020), Methods: RNA Preparation and RNA-seq Analysis; quote: ""the purified RNA samples with 3 replicates each was analyzed and confirmed""]"	not stated in GEO metadata	NCBI GEO public-repository terms; no per-file notice located. Recommendation only.	GEO GSE237858; PMID 38739791		GSE237858_transcript_count_matrix.csv.gz	PCC 7942 RefSeq locus tags -> existing exact shared-protein crosswalk	candidate; UNRESOLVED CONFLICT: GEO's growth protocol gives ~40 uE m-2 s-1 for the RNA-seq cultures while the paper's general Methods gives 50 uE m-2 s-1 cool-white fluorescent as standard conditions. Both are returned; the record does not say which applies to the sequenced cultures	archive: GEO GSE237858 (https://www.ncbi.nlm.nih.gov/geo/query/acc.cgi?acc=GSE237858), SOFT record retrieved 2026-10-03 | paper: PMID 38739791; PMC11127020; doi:10.1073/pnas.2318690121
PCC 7942	transcriptomics (RNA-seq)	"CONDITION SET: ZnCl2 induction of kaiA (kaiA-Ex and kaiA-Ex/labA-KO), 12h dark pulse then 12h LL | SAMPLES: group 1; genotype kaiA-Ex and kaiA-Ex/labA-KO, given 10µM ZnCl2: GSM7655430-GSM7655432 (kaiA-Ex) and GSM7655433-GSM7655435 (kaiA-Ex/labA-KO) ;; temperature = 30ºC (constant) [GEO GSE237858 !Sample_growth_protocol_ch1 (group 1); quote: ""Cells were maintained in plates of BG-11 and grown in constant light and constant 30ºC, under ~ 40µE of illumination with fluorescent lights.""] ;; light_intensity = ~40µE of illumination [GEO GSE237858 !Sample_growth_protocol_ch1 (group 1); quote: ""Cells were maintained in plates of BG-11 and grown in constant light and constant 30ºC, under ~ 40µE of illumination with fluorescent lights.""] ;; light_regime = spectrum: fluorescent (class e.g. cool-white vs warm-white not specified); continuous light (LL) as baseline growth condition, with a single 12h dark pulse immediately prior to collection then return to constant light; photoperiod otherwise continuous (no diel cycling stated for these samples) [GEO GSE237858 !Sample_growth_protocol_ch1 and !Sample_treatment_protocol_ch1 (group 1); quote: ""Cells were maintained in plates of BG-11 and grown in constant light and constant 30ºC, under ~ 40µE of illumination with fluorescent lights.""] ;; co2 = not reported [checked: GEO GSE237858; PMID 38739791; PMC11127020; doi:10.1073/pnas.2318690121] ;; medium = BG-11 (plates) + 10µM ZnCl2 (for kaiA induction) [GEO GSE237858 !Sample_treatment_protocol_ch1 (group 1); quote: ""the 3 kaiA-Ex and the 3 kaiA-Ex/labA-KO samples were given 10µM ZnCl2 and transferred to dark for 12h""] ;; culture_format = agar plates (BG-11 medium) [GEO GSE237858 !Sample_growth_protocol_ch1 (group 1); quote: ""Cells were maintained in plates of BG-11 and grown in constant light and constant 30ºC, under ~ 40µE of illumination with fluorescent lights.""] ;; growth_phase = OD750 not reported for RNA-seq samples; harvested after 12h in constant light (LL) following a single 12h dark pulse [GEO GSE237858 sample characteristics field, e.g. GSM7655430 (group 1); quote: ""collected after 12h in LL (with one 12h dark pulse before)""] ;; unit_conversion = ~40µE as reported in GEO growth protocol (unit denominator m-2 s-1 not explicitly written but conventionally implied); µE m-2 s-1 is equivalent to µmol photons m-2 s-1 (photon flux density). 10µM ZnCl2 as reported, no conversion needed."	"3 biological replicates per genotype condition (stated) [paper PMID 38739791 (PMC11127020), Methods: RNA Preparation and RNA-seq Analysis; quote: ""the purified RNA samples with 3 replicates each was analyzed and confirmed""]"	not stated in GEO metadata	NCBI GEO public-repository terms; no per-file notice located. Recommendation only.	GEO GSE237858; PMID 38739791		GSE237858_transcript_count_matrix.csv.gz	PCC 7942 RefSeq locus tags -> existing exact shared-protein crosswalk	candidate; UNRESOLVED CONFLICT: GEO's growth protocol gives ~40 uE m-2 s-1 for the RNA-seq cultures while the paper's general Methods gives 50 uE m-2 s-1 cool-white fluorescent as standard conditions. Both are returned; the record does not say which applies to the sequenced cultures	archive: GEO GSE237858 (https://www.ncbi.nlm.nih.gov/geo/query/acc.cgi?acc=GSE237858), SOFT record retrieved 2026-10-03 | paper: PMID 38739791; PMC11127020; doi:10.1073/pnas.2318690121
PCC 7942	transcriptomics (RNA-seq)	"CONDITION SET: Short-day photoperiod (LD8:16), WT and ΔkaiABC, RNA-seq (1/4/8 cycles) | SAMPLES: Group 1; sample titles 'Synechococcus cells, wild-type/kaiABC knock-out, 1/4/8 cycles LD8:16, replicate 1-3' — GSM8003243-GSM8003251 (WT) and GSM8003261-GSM8003269 (ΔkaiABC) ;; temperature = constant 30ºC (stated for growth/maintenance; not explicitly restated for the LD-cycle treatment phase) [GEO GSE252562 !Sample_growth_protocol_ch1 (group 1); quote: ""grown in constant light and constant 30ºC""] ;; light_intensity = 40µE m-2 s-1 (samples had been exposed to ~60h of light at this intensity prior to collection; growth protocol separately states ~40µE) [GEO GSE252562 !Series_overall_design; quote: ""had been exposed to ~60h of light of 40µE m-2 s-1 intensity prior to collection""] ;; light_regime = spectrum: fluorescent lights (stated for maintenance phase, not explicitly restated for treatment); regime: diel, short-day photoperiod LD8:16 (8h light:16h dark), applied for 1, 4, or 8 cycles [GEO GSE252562 !Sample_treatment_protocol_ch1 (group 1); quote: ""exposed to either short (LD8:16; 8h of light, 16h of darkness)""] ;; co2 = not reported [checked: GEO GSE252562; PMID 39236161; PMC11473183; doi:10.1126/science.ado8588] ;; medium = solid BG-11 medium (plates) [GEO GSE252562 !Sample_treatment_protocol_ch1 (group 1); quote: ""grown in plates containing solid BG-11 media for different amounts of LD cycles""] ;; culture_format = agar plates [GEO GSE252562 !Sample_growth_protocol_ch1 (group 1); quote: ""maintained in plates of BG-11""] ;; growth_phase = not reported [checked: GEO GSE252562; PMID 39236161; PMC11473183; doi:10.1126/science.ado8588] ;; unit_conversion = 40µE m-2 s-1 as reported; µE m-2 s-1 is equivalent to µmol photons m-2 s-1 (photosynthetically active radiation units)."	"3 biological replicates per condition for RNA-seq [paper PMC11473183, Fig. 4 legend (panel A); quote: ""Diagram showing timepoints collected for RNA-seq ( n = 3).""]"	not stated in GEO metadata	NCBI GEO public-repository terms; no per-file notice located. Recommendation only.	GEO GSE252562; PMID 39236161		GSE252562_transcript_count_matrix.csv.gz	PCC 7942 RefSeq locus tags -> existing exact shared-protein crosswalk	candidate; INTERNAL CONTRADICTION IN THE ARCHIVE RECORD: GSM8003249-GSM8003251 and GSM8003267-GSM8003269 are titled '...8 cycles LD8:16...' but their characteristics field reads 'treatment: 8 cycles of LD16:8'. The photoperiod of those six samples cannot be resolved from the record; do not assign them to either photoperiod set without asking the depositors	archive: GEO GSE252562 (https://www.ncbi.nlm.nih.gov/geo/query/acc.cgi?acc=GSE252562), SOFT record retrieved 2026-10-03 | paper: PMID 39236161; PMC11473183; doi:10.1126/science.ado8588
PCC 7942	transcriptomics (RNA-seq)	"CONDITION SET: Long-day photoperiod (LD16:8), WT and ΔkaiABC, RNA-seq (1/4/8 cycles) | SAMPLES: Group 1; sample titles 'Synechococcus cells, wild-type/kaiABC knock-out, 1/4/8 cycles LD16:8, replicate 1-3' — GSM8003252-GSM8003260 (WT) and GSM8003270-GSM8003278 (ΔkaiABC) ;; temperature = constant 30ºC (stated for growth/maintenance; not explicitly restated for the LD-cycle treatment phase) [GEO GSE252562 !Sample_growth_protocol_ch1 (group 1); quote: ""grown in constant light and constant 30ºC""] ;; light_intensity = 40µE m-2 s-1 (samples had been exposed to ~60h of light at this intensity prior to collection; growth protocol separately states ~40µE) [GEO GSE252562 !Series_overall_design; quote: ""had been exposed to ~60h of light of 40µE m-2 s-1 intensity prior to collection""] ;; light_regime = spectrum: fluorescent lights (stated for maintenance phase, not explicitly restated for treatment); regime: diel, long-day photoperiod LD16:8 (16h light:8h dark), applied for 1, 4, or 8 cycles [GEO GSE252562 !Sample_treatment_protocol_ch1 (group 1); quote: ""or long (LD16:8) days""] ;; co2 = not reported [checked: GEO GSE252562; PMID 39236161; PMC11473183; doi:10.1126/science.ado8588] ;; medium = solid BG-11 medium (plates) [GEO GSE252562 !Sample_treatment_protocol_ch1 (group 1); quote: ""grown in plates containing solid BG-11 media for different amounts of LD cycles""] ;; culture_format = agar plates [GEO GSE252562 !Sample_growth_protocol_ch1 (group 1); quote: ""maintained in plates of BG-11""] ;; growth_phase = not reported [checked: GEO GSE252562; PMID 39236161; PMC11473183; doi:10.1126/science.ado8588] ;; unit_conversion = 40µE m-2 s-1 as reported; µE m-2 s-1 is equivalent to µmol photons m-2 s-1 (photosynthetically active radiation units)."	"3 biological replicates per condition for RNA-seq [paper PMC11473183, Fig. 4 legend (panel A); quote: ""Diagram showing timepoints collected for RNA-seq ( n = 3).""]"	not stated in GEO metadata	NCBI GEO public-repository terms; no per-file notice located. Recommendation only.	GEO GSE252562; PMID 39236161		GSE252562_transcript_count_matrix.csv.gz	PCC 7942 RefSeq locus tags -> existing exact shared-protein crosswalk	candidate; INTERNAL CONTRADICTION IN THE ARCHIVE RECORD: GSM8003249-GSM8003251 and GSM8003267-GSM8003269 are titled '...8 cycles LD8:16...' but their characteristics field reads 'treatment: 8 cycles of LD16:8'. The photoperiod of those six samples cannot be resolved from the record; do not assign them to either photoperiod set without asking the depositors	archive: GEO GSE252562 (https://www.ncbi.nlm.nih.gov/geo/query/acc.cgi?acc=GSE252562), SOFT record retrieved 2026-10-03 | paper: PMID 39236161; PMC11473183; doi:10.1126/science.ado8588
PCC 7942	transcriptomics (RNA-seq)	"CONDITION SET: Liquid bubbled culture conditions (RNA-Seq samples: WT, pilB::Tn5, sigF1::Mu, sigF2-mutant at D1 and D4) | SAMPLES: All 32 RNA-Seq samples: PilB_D1/D4_rep1-4, SigF1/SIGF1_D1/D4_rep1-4, SigF2/SIGF2_D1/D4_rep1-4, WT_D1/D4_rep1-4 (GSM8039399-GSM8039430) ;; temperature = 30 °C [paper PMC11345509, Methods 3.1; quote: ""Cultures were grown at 30 °C in Pyrex tubes under bubbling with air enriched with 3 % CO 2 .""] ;; light_intensity = ∼30 μmol photons m −2 s −1 [paper PMC11345509, Methods 3.1; quote: ""Incandescent light was provided at flux of ∼30 μmol photons m −2 s −1 .""] ;; light_regime = spectrum: incandescent light; continuous vs diel: not reported; photoperiod: not reported [paper PMC11345509, Methods 3.1; quote: ""Incandescent light was provided at flux of ∼30 μmol photons m −2 s −1 .""] ;; co2 = air enriched with 3% CO2 (bubbling) [paper PMC11345509, Methods 3.1; quote: ""Cultures were grown at 30 °C in Pyrex tubes under bubbling with air enriched with 3 % CO 2 .""] ;; medium = mineral medium BG-11 [paper PMC11345509, Methods 3.1; quote: ""S. elongatus PCC 7942, an obligatory photoautotroph, and all derived strains were grown in mineral medium BG-11 as described""] ;; culture_format = Pyrex tubes under bubbling (liquid, bubbled with gas) [paper PMC11345509, Methods 3.1; quote: ""Cultures were grown at 30 °C in Pyrex tubes under bubbling with air enriched with 3 % CO 2 .""] ;; growth_phase = sampled at day 1 (D1) and day 4 (D4) of growth per sample titles; OD750 not reported for RNA-Seq sampling itself (OD750 of 4.0 is reported only for a separate DNA-uptake competence assay, not for RNA-Seq harvest) [paper PMC11345509, Methods 3.1 (competence assay, not RNA-Seq sampling); sample titles D1/D4 from GEO sample list, e.g. GSM8039399 PilB_D1_rep1; quote: ""re-suspended to an OD 750 of 4.0""]"	"4 biological replicates per genotype per day (rep1-4), as named in sample titles [GEO GSE254350 sample list; quote: ""GSM8039399 | PilB_D1_rep1 | cell type: bacterial cell; genotype: pilB-mutant | bacterial cell""]"	not stated in GEO metadata	NCBI GEO public-repository terms; no per-file notice located. Recommendation only.	GEO GSE254350; PMID 39188729		GSE254350_normalized_counts.xlsx	PCC 7942 RefSeq locus tags -> existing exact shared-protein crosswalk	candidate	archive: GEO GSE254350 (https://www.ncbi.nlm.nih.gov/geo/query/acc.cgi?acc=GSE254350), SOFT record retrieved 2026-10-03 | paper: PMID 39188729; PMC11345509; doi:10.1016/j.bioflm.2024.100217
Synechococcus elongatus	transcriptomics (RNA-seq)	"CONDITION SET: cscB/SPS sucrose-production circadian time-course (continuous light, both subjective day and night groups) | SAMPLES: All 30 samples (GSM8769503–GSM8769532), i.e. both 'Light, Time X hours' (subjective day) and 'Dark, Time X hours' (subjective night) groups, reps 1-3 at time points 0, 2, 4, 8 h; growth conditions (medium, temperature, CO2, light intensity, culture format) are identical between the two circadian groups per the evidence, which differ only in circadian sampling phase, not actual illumination ;; temperature = 29 ± 2°C [GEO GSE288532 !Sample_growth_protocol_ch1 (group 1); also paper PMC11889915, Organism and maintenance; quote: ""Cultures were maintained at 29 ± 2°C in 1.2 L Roux culture flasks containing 0.4-0.6 L of BG-11 medium""] ;; light_intensity = approximately 200 μE m⁻² s⁻¹ [GEO GSE288532 !Sample_growth_protocol_ch1 (group 1); also paper PMC11889915, Organism and maintenance; quote: ""Light intensity at the flask surface was maintained at approximately 200 μE m⁻² s⁻¹ using Monios-L LED Full Spectrum Grow Lights.""] ;; light_regime = Spectrum: LED full spectrum (Monios-L LED Full Spectrum Grow Lights); regime during the sampled experiment: continuous light for both subjective-day and subjective-night cultures ('Both conditions were maintained under continuous light'), not diel; photoperiod during sampling: not applicable (continuous light), though cultures were previously entrained to a 14:10 light-dark cycle (light period 06:00-20:00) for ~6 months prior to the experiment [GEO GSE288532 !Series_overall_design; corroborated by paper PMC11889915, Sucrose production experiment and Design of experiment sections ('cultures were adapted to a 14:10 light-dark (LD) cycle (light period 06:00-20:00) for approximately 6 months'); quote: ""Both conditions were maintained under continuous light.""] ;; co2 = nitrogen gas containing 2% CO2 (sparged) [GEO GSE288532 !Sample_growth_protocol_ch1 (group 1); also paper PMC11889915, Organism and maintenance; quote: ""cultures were sparged with nitrogen gas containing 2% CO₂.""] ;; medium = BG-11 medium supplemented with 1 g/L HEPES (pH 8.4, adjusted with NaOH), 25 mg/L chloramphenicol, and 25 mg/L kanamycin (maintenance cultures); antibiotics removed and cells resuspended in fresh BG-11 without antibiotics prior to the production experiment, with 1 mM IPTG added to induce sps/cscB [GEO GSE288532 !Sample_growth_protocol_ch1 (group 1); production-phase medium change described in paper PMC11889915, Sucrose production experiment ('resuspension in fresh BG-11 medium without antibiotics'); quote: ""containing 0.4-0.6 L of BG-11 medium supplemented with 1 g L⁻¹ HEPES (pH 8.4, adjusted with NaOH), 25 mg L⁻¹ chloramphenicol, and 25 mg L⁻¹ kanamycin to maintain cscB and sps.""] ;; culture_format = Maintenance: 1.2 L Roux culture flasks containing 0.4-0.6 L BG-11, stirred at ~200 rpm; Production/sampling experiment: cultures split and grown as three biological replicates of 0.85 L per flask [GEO GSE288532 !Sample_growth_protocol_ch1 (group 1); production format detail from GEO !Sample_treatment_protocol_ch1: 'divided into three biological replicates of 0.85 L per flask'; quote: ""Cultures were maintained at 29 ± 2°C in 1.2 L Roux culture flasks containing 0.4-0.6 L of BG-11 medium""] ;; growth_phase = OD750 0.2 maintenance dilution; washed/diluted to OD750 0.2 before split; at experimental time 0 adjusted to OD750 0.1 and maintained at ~OD750 0.1 throughout sampling via BG-11 additions [GEO GSE288532 !Sample_treatment_protocol_ch1 (group 1); also paper PMC11889915, Sucrose production experiment; quote: ""At time 0, cultures were adjusted to OD₇₅₀ 0.1 with BG-11 containing IPTG to ensure even light distribution, then divided into three biological replicates of 0.85 L per flask.""] ;; unit_conversion = approximately 200 μE m-2 s-1 as reported; μE m-2 s-1 is equivalent to µmol photons m-2 s-1"	"three biological replicates per condition/time point [GEO GSE288532 !Sample_treatment_protocol_ch1 (group 1); also paper PMC11889915, Sucrose production experiment; GEO sample list titles confirm 'rep 1', 'rep 2', 'rep 3' for each time point/condition (e.g. GSM8769503 'Light, Time 0 hours, rep 1'); quote: ""divided into three biological replicates of 0.85 L per flask.""]"	not stated in GEO metadata	NCBI GEO public-repository terms; no per-file notice located. Recommendation only.	GEO GSE288532; PMID 40055679		GSE288532_rna_seq_counts.csv.gz	none	candidate	archive: GEO GSE288532 (https://www.ncbi.nlm.nih.gov/geo/query/acc.cgi?acc=GSE288532), SOFT record retrieved 2026-10-03 | paper: PMID 40055679; PMC11889915; doi:10.1186/s12934-025-02665-5
PCC 7942	transcriptomics (RNA-seq)	"CONDITION SET: Steady-state turbidostat culture, all RNA-seq samples | SAMPLES: All 23 samples: GSM9320574-GSM9320596 (WT100-0A through AD3-205-0A) ;; temperature = 30°C [GEO GSE311172 !Sample_growth_protocol_ch1; quote: ""Steady-state cultures (5.5-L) were maintained in turbidostat mode at OD₇₃₀ of 0.08, with constant conditions of 250 rpm agitation, 30°C, and pH 8.0""] ;; light_intensity = 760 μmol photons m⁻² s⁻¹ [GEO GSE311172 !Sample_growth_protocol_ch1; quote: ""Illumination was provided at 760 μmol photons m⁻² s⁻¹ using 630 and 680 nm narrow-band LED illuminator chips""] ;; light_regime = LED (630 and 680 nm narrow-band); continuous (turbidostat steady-state); photoperiod not reported [GEO GSE311172 !Sample_growth_protocol_ch1; quote: ""Illumination was provided at 760 μmol photons m⁻² s⁻¹ using 630 and 680 nm narrow-band LED illuminator chips (Marubeni America Corporation).""] ;; co2 = 2% CO2 (baseline sparging with 98:2 N2/CO2 gas mixture) [GEO GSE311172 !Sample_growth_protocol_ch1; quote: ""Initial conditions utilized a baseline sparging rate of 2.04 L min⁻¹ with 98:2 N2/CO2 gas mixture.""] ;; medium = BG11 medium (antibiotics removed prior to experiment) [GEO GSE311172 !Sample_growth_protocol_ch1; quote: ""Cultures were maintained in BG11 medium supplemented with chloramphenicol (12.5 mg L⁻¹) and kanamycin (25 mg L⁻¹).""] ;; culture_format = Continuous turbidostat culture in 6.5-L fermentor (5.5-L working volume) with custom LED photobioreactor [GEO GSE311172 !Sample_growth_protocol_ch1; quote: ""continuous cultivation was performed in 6.5-L New Brunswick Bioflo 310 fermentors (Eppendorf, Inc.) equipped with custom LED photobioreactors. Steady-state cultures (5.5-L) were maintained in turbidostat mode at OD₇₃₀ of 0.08""] ;; growth_phase = OD730 of 0.08 (steady-state turbidostat) [GEO GSE311172 !Sample_growth_protocol_ch1; quote: ""Steady-state cultures (5.5-L) were maintained in turbidostat mode at OD₇₃₀ of 0.08""] ;; unit_conversion = 760 μmol photons m⁻² s⁻¹ as reported; equivalent to 760 μE m⁻² s⁻¹ (μmol photons m⁻² s⁻¹ is definitionally equivalent to μE m⁻² s⁻¹)."	"Two technical replicates per condition sample (stated); biological replicate count not reported [GEO GSE311172 !Series_overall_design; quote: ""Two technical replicates were analyzed for each condition sample.""]"	not stated in GEO metadata	NCBI GEO public-repository terms; no per-file notice located. Recommendation only.	GEO GSE311172		GSE311172_rna_seq_counts.csv.gz	PCC 7942 RefSeq locus tags -> existing exact shared-protein crosswalk	candidate; NOTE FOR COMPARABILITY (package D, not decided here): the reported light intensity is 760 umol photons m-2 s-1 and the varied axis is O2 saturation (0-476% of air), which is not one of the contract's comparability axes; no linked publication found in GEO or by Europe PMC accession/title search, so the GEO record is the only source	archive: GEO GSE311172 (https://www.ncbi.nlm.nih.gov/geo/query/acc.cgi?acc=GSE311172), SOFT record retrieved 2026-10-03 | full text: no linked publication found in the archive record or by Europe PMC accession/title search, so the deposit record is the only source
PCC 7942	transcriptomics (RNA-seq)	"CONDITION SET: Standard RNA-seq growth condition (WT and FDBR-expressing strains, Day4 harvest) | SAMPLES: group 1 (n=4, GSM9670053/56/59/62) and group 2 (n=8, GSM9670054-55/57-58/60-61/63-64); all WT, PEB1(AB1), pcyX(X1), and pebS(S1) Day4 samples — identical growth protocol across both groups ;; temperature = 30°C [GEO GSE327989 !Sample_growth_protocol_ch1 (groups 1 and 2); quote: ""grown photoautotrophically at 30°C under continuous WL illumination (60 μmol photons m−2·s−1) with continuous bubbling of 2% CO2.""] ;; light_intensity = 60 μmol photons m−2·s−1 [GEO GSE327989 !Sample_growth_protocol_ch1 (groups 1 and 2); quote: ""grown photoautotrophically at 30°C under continuous WL illumination (60 μmol photons m−2·s−1) with continuous bubbling of 2% CO2.""] ;; light_regime = continuous illumination (not diel; no photoperiod/dark period stated); spectrum: WL (white light) — specific lamp/spectral source not reported [GEO GSE327989 !Sample_growth_protocol_ch1 (groups 1 and 2); quote: ""grown photoautotrophically at 30°C under continuous WL illumination (60 μmol photons m−2·s−1) with continuous bubbling of 2% CO2.""] ;; co2 = 2% CO2, continuous bubbling [GEO GSE327989 !Sample_growth_protocol_ch1 (groups 1 and 2); quote: ""grown photoautotrophically at 30°C under continuous WL illumination (60 μmol photons m−2·s−1) with continuous bubbling of 2% CO2.""] ;; medium = liquid BG-11 medium, supplemented with 5 µM IPTG [paper, Transcriptome analysis section (corroborated by GEO GSE327989 Series_overall_design: ""grown in BG-11 medium""); quote: ""Cells were inoculated into liquid BG-11 medium at an initial optical density (O.D. 750 ) of 0.05, supplemented with 5 µM IPTG, and cultivated for 4 days""] ;; culture_format = liquid culture (liquid BG-11 medium); specific vessel/bioreactor type not reported for the transcriptome samples [paper, Transcriptome analysis section; quote: ""Cells were inoculated into liquid BG-11 medium at an initial optical density (O.D. 750 ) of 0.05""] ;; growth_phase = exponential phase; initial OD750 = 0.05 at inoculation; harvested after 4 days of cultivation; OD at harvest not explicitly reported [paper, Transcriptome analysis section; quote: ""Total RNA was extracted from exponentially growing cultures of Synechococcus 7942 wild-type and engineered strains""]"	"3 biological replicates per strain [GEO GSE327989 Series_overall_design; quote: ""Three biological replicates were analyzed by RNA-seq.""]"	not stated in GEO metadata	NCBI GEO public-repository terms; no per-file notice located. Recommendation only.	GEO GSE327989		GSE327989_TPM_values_260414.csv.gz	PCC 7942 RefSeq locus tags -> existing exact shared-protein crosswalk	candidate; publication association is INDIRECT: PMID 42045357 / PMC13197396 matches the series title exactly and both GEO contributors are authors, but the paper cites DDBJ PRJDB39746 rather than GSE327989. Treat the paper-sourced axes as associated, not deposited	archive: GEO GSE327989 (https://www.ncbi.nlm.nih.gov/geo/query/acc.cgi?acc=GSE327989), SOFT record retrieved 2026-10-03 | paper: PMID 42045357; PMC13197396; doi:10.1038/s41598-026-50582-3 (Sci Rep 2026; associated by exact title and contributor match — the paper cites DDBJ PRJDB39746, not GSE327989)
PCC 7942	transcriptomics (RNA-seq)	"CONDITION SET: Axenic S. elongatus, non-mBR-tagged control (Se_ax_*) | SAMPLES: Group 1, sample-title pattern 'Se_ax_90/140/190_1/2/3' (GSM9805331–GSM9805339), 'S.e axenic control day 4/6/8' ;; temperature = 30 ± 2°C [GEO GSE335065 group 1 !Sample_growth_protocol_ch1; quote: ""grown at 30 ± 2°C with 2% CO₂ in nitrogen under ~200 µmol photons m⁻² s⁻¹ provided by LED lighting""] ;; light_intensity = ~200 µmol photons m⁻² s⁻¹ [GEO GSE335065 group 1 !Sample_growth_protocol_ch1; quote: ""under ~200 µmol photons m⁻² s⁻¹ provided by LED lighting""] ;; light_regime = LED lighting; spectrum class beyond 'LED' not reported; continuous vs diel not reported; photoperiod not reported [GEO GSE335065 group 1 !Sample_growth_protocol_ch1; quote: ""provided by LED lighting""] ;; co2 = 2% CO₂ in nitrogen [GEO GSE335065 group 1 !Sample_growth_protocol_ch1; quote: ""with 2% CO₂ in nitrogen under ~200 µmol photons m⁻² s⁻¹""] ;; medium = BG11 + 0.09 g/L yeast nitrogen base (w/o amino acids/ammonium sulfate) + 0.264 g/L ammonium sulfate + 0.174 g/L K2HPO4 + 3 g/L HEPES, pH 8.3 [GEO GSE335065 group 1 !Sample_growth_protocol_ch1; quote: ""BG11 medium supplemented with 0.09 g/L yeast nitrogen base (without amino acids and ammonium sulfate), 0.264 g/L ammonium sulfate, 0.174 g/L potassium phosphate dibasic, and 3 g/L HEPES (pH 8.3)""] ;; culture_format = not reported for this specific sample subset beyond 'axenic'; sample title lacks 'mBR' tag used for the bioreactor-labelled samples [GEO GSE335065 group 1 sample list; quote: ""GSM9805331 | Se_ax_90_1 | cell type: axenic; genotype: cscB+ delta-sps; treatment: S.e axenic control day 4 | axenic""] ;; growth_phase = Day 4/6/8 (series design indicates mBR/mixed time points of ~90/140/190 hrs); OD750 at harvest not reported [GEO GSE335065 group 1 sample characteristics (GSM9805331); quote: ""treatment: S.e axenic control day 4""]"	"not stated as a stated replicate count for this subset; 3 samples per condition (_1,_2,_3) in GEO sample list [GEO GSE335065 group 1 sample list; quote: ""GSM9805331 | Se_ax_90_1 | cell type: axenic; genotype: cscB+ delta-sps; treatment: S.e axenic control day 4 | axenic""]"	not stated in GEO metadata	NCBI GEO public-repository terms; no per-file notice located. Recommendation only.	GEO GSE335065; PMID 39455633		GSE335065_rna_seq_counts_092726.csv.gz	PCC 7942 RefSeq locus tags -> existing exact shared-protein crosswalk	escalate: NON-TARGET ORGANISM IN THE RECORD. 9 of 36 samples (GSM9805358-GSM9805366, platform GPL37104) carry organism 'Synechococcus elongatus PCC 7942 = FACHB-805; Rhodotorula toruloides' and are mixed co-culture; the remaining 27 are axenic or membrane-separated. Four condition sets are returned so the co-culture arm can be held out	archive: GEO GSE335065 (https://www.ncbi.nlm.nih.gov/geo/query/acc.cgi?acc=GSE335065), SOFT record retrieved 2026-10-03 | paper: PMID 39455633; PMC11511929; doi:10.1038/s41598-024-74743-4
PCC 7942	transcriptomics (RNA-seq)	"CONDITION SET: Axenic S. elongatus within membrane bioreactor (Se_ax_mBR_*) | SAMPLES: Group 1, sample-title pattern 'Se_ax_mBR_90/140/190_1/2/3' (GSM9805340–GSM9805348), 'S.e MBR axenic day 4/6/8' ;; temperature = 30 ± 2°C [GEO GSE335065 group 1 !Sample_growth_protocol_ch1; quote: ""grown at 30 ± 2°C with 2% CO₂ in nitrogen under ~200 µmol photons m⁻² s⁻¹ provided by LED lighting""] ;; light_intensity = ~200 µmol photons m⁻² s⁻¹ [GEO GSE335065 group 1 !Sample_growth_protocol_ch1; quote: ""under ~200 µmol photons m⁻² s⁻¹ provided by LED lighting""] ;; light_regime = LED lighting; spectrum class beyond 'LED' not reported; continuous vs diel not reported; photoperiod not reported [GEO GSE335065 group 1 !Sample_growth_protocol_ch1; quote: ""provided by LED lighting""] ;; co2 = 2% CO₂ in nitrogen [GEO GSE335065 group 1 !Sample_growth_protocol_ch1; quote: ""with 2% CO₂ in nitrogen under ~200 µmol photons m⁻² s⁻¹""] ;; medium = BG11 + 0.09 g/L yeast nitrogen base (w/o amino acids/ammonium sulfate) + 0.264 g/L ammonium sulfate + 0.174 g/L K2HPO4 + 3 g/L HEPES, pH 8.3 [GEO GSE335065 group 1 !Sample_growth_protocol_ch1; quote: ""BG11 medium supplemented with 0.09 g/L yeast nitrogen base (without amino acids and ammonium sulfate), 0.264 g/L ammonium sulfate, 0.174 g/L potassium phosphate dibasic, and 3 g/L HEPES (pH 8.3)""] ;; culture_format = membrane-separated (2-chamber) bioreactor, ~600 mL vessel; this sample is the axenic S. elongatus unit [GEO GSE335065 group 1 !Sample_growth_protocol_ch1; quote: ""Bioreactor experiments used membrane-separated (2-chamber mBR) and mixed co-culture configurations in ~600 mL vessels.""] ;; growth_phase = Day 4/6/8, collected at ~90/140/190 hrs; OD750 at harvest not reported [GEO GSE335065 group 1 !Sample_treatment_protocol_ch1; quote: ""Membrane bioreactor and mixed co-culture bioreactor samples were collected at ~90, ~140, and ~190 hrs.""]"	"3 biological replicates per time point stated for the mBR experiment [GEO GSE335065 !Series_overall_design; quote: ""membrane-separated bioreactor (~600 mL) where the two organisms were physically separated by a membrane but shared a common medium, sampled at multiple time points with 3 biological replicates""]"	not stated in GEO metadata	NCBI GEO public-repository terms; no per-file notice located. Recommendation only.	GEO GSE335065; PMID 39455633		GSE335065_rna_seq_counts_092726.csv.gz	PCC 7942 RefSeq locus tags -> existing exact shared-protein crosswalk	escalate: NON-TARGET ORGANISM IN THE RECORD. 9 of 36 samples (GSM9805358-GSM9805366, platform GPL37104) carry organism 'Synechococcus elongatus PCC 7942 = FACHB-805; Rhodotorula toruloides' and are mixed co-culture; the remaining 27 are axenic or membrane-separated. Four condition sets are returned so the co-culture arm can be held out	archive: GEO GSE335065 (https://www.ncbi.nlm.nih.gov/geo/query/acc.cgi?acc=GSE335065), SOFT record retrieved 2026-10-03 | paper: PMID 39455633; PMC11511929; doi:10.1038/s41598-024-74743-4
PCC 7942	transcriptomics (RNA-seq)	"CONDITION SET: S. elongatus unit of membrane-separated co-culture bioreactor (Se_CC_mBR_*) | SAMPLES: Group 1, sample-title pattern 'Se_CC_mBR_90/140/190_1/2/3' (GSM9805349–GSM9805357), 'S.e MBR co-culture day 4/6/8' ;; temperature = 30 ± 2°C [GEO GSE335065 group 1 !Sample_growth_protocol_ch1; quote: ""grown at 30 ± 2°C with 2% CO₂ in nitrogen under ~200 µmol photons m⁻² s⁻¹ provided by LED lighting""] ;; light_intensity = ~200 µmol photons m⁻² s⁻¹ [GEO GSE335065 group 1 !Sample_growth_protocol_ch1; quote: ""under ~200 µmol photons m⁻² s⁻¹ provided by LED lighting""] ;; light_regime = LED lighting; spectrum class beyond 'LED' not reported; continuous vs diel not reported; photoperiod not reported [GEO GSE335065 group 1 !Sample_growth_protocol_ch1; quote: ""provided by LED lighting""] ;; co2 = 2% CO₂ in nitrogen [GEO GSE335065 group 1 !Sample_growth_protocol_ch1; quote: ""with 2% CO₂ in nitrogen under ~200 µmol photons m⁻² s⁻¹""] ;; medium = BG11 + 0.09 g/L yeast nitrogen base (w/o amino acids/ammonium sulfate) + 0.264 g/L ammonium sulfate + 0.174 g/L K2HPO4 + 3 g/L HEPES, pH 8.3 [GEO GSE335065 group 1 !Sample_growth_protocol_ch1; quote: ""BG11 medium supplemented with 0.09 g/L yeast nitrogen base (without amino acids and ammonium sulfate), 0.264 g/L ammonium sulfate, 0.174 g/L potassium phosphate dibasic, and 3 g/L HEPES (pH 8.3)""] ;; culture_format = membrane-separated (2-chamber) bioreactor, ~600 mL vessel; this sample is the S. elongatus compartment, physically separated from the R. toruloides compartment by a membrane but sharing medium [GEO GSE335065 !Series_overall_design; quote: ""membrane-separated bioreactor (~600 mL) where the two organisms were physically separated by a membrane but shared a common medium""] ;; growth_phase = Day 4/6/8, collected at ~90/140/190 hrs; OD750 at harvest not reported [GEO GSE335065 group 1 !Sample_treatment_protocol_ch1; quote: ""Membrane bioreactor and mixed co-culture bioreactor samples were collected at ~90, ~140, and ~190 hrs.""]"	"3 biological replicates per time point stated for the mBR experiment [GEO GSE335065 !Series_overall_design; quote: ""membrane-separated bioreactor (~600 mL) where the two organisms were physically separated by a membrane but shared a common medium, sampled at multiple time points with 3 biological replicates""]"	not stated in GEO metadata	NCBI GEO public-repository terms; no per-file notice located. Recommendation only.	GEO GSE335065; PMID 39455633		GSE335065_rna_seq_counts_092726.csv.gz	PCC 7942 RefSeq locus tags -> existing exact shared-protein crosswalk	escalate: NON-TARGET ORGANISM IN THE RECORD. 9 of 36 samples (GSM9805358-GSM9805366, platform GPL37104) carry organism 'Synechococcus elongatus PCC 7942 = FACHB-805; Rhodotorula toruloides' and are mixed co-culture; the remaining 27 are axenic or membrane-separated. Four condition sets are returned so the co-culture arm can be held out	archive: GEO GSE335065 (https://www.ncbi.nlm.nih.gov/geo/query/acc.cgi?acc=GSE335065), SOFT record retrieved 2026-10-03 | paper: PMID 39455633; PMC11511929; doi:10.1038/s41598-024-74743-4
PCC 7942	transcriptomics (RNA-seq)	"CONDITION SET: Mixed co-culture of S. elongatus + R. toruloides (Se_Rt_CC_*) | SAMPLES: Group 2, sample-title pattern 'Se_Rt_CC_90/140/190_1/2/3' (GSM9805358–GSM9805366), 'S.e + R.t co-culture day 4/6/8' ;; temperature = 30 ± 2°C [GEO GSE335065 group 2 !Sample_growth_protocol_ch1; quote: ""grown at 30 ± 2°C with 2% CO₂ in nitrogen under ~200 µmol photons m⁻² s⁻¹ provided by LED lighting""] ;; light_intensity = ~200 µmol photons m⁻² s⁻¹ [GEO GSE335065 group 2 !Sample_growth_protocol_ch1; quote: ""under ~200 µmol photons m⁻² s⁻¹ provided by LED lighting""] ;; light_regime = LED lighting; spectrum class beyond 'LED' not reported; continuous vs diel not reported; photoperiod not reported [GEO GSE335065 group 2 !Sample_growth_protocol_ch1; quote: ""provided by LED lighting""] ;; co2 = 2% CO₂ in nitrogen [GEO GSE335065 group 2 !Sample_growth_protocol_ch1; quote: ""with 2% CO₂ in nitrogen under ~200 µmol photons m⁻² s⁻¹""] ;; medium = BG11 + 0.09 g/L yeast nitrogen base (w/o amino acids/ammonium sulfate) + 0.264 g/L ammonium sulfate + 0.174 g/L K2HPO4 + 3 g/L HEPES, pH 8.3 [GEO GSE335065 group 2 !Sample_growth_protocol_ch1; quote: ""BG11 medium supplemented with 0.09 g/L yeast nitrogen base (without amino acids and ammonium sulfate), 0.264 g/L ammonium sulfate, 0.174 g/L potassium phosphate dibasic, and 3 g/L HEPES (pH 8.3)""] ;; culture_format = mixed co-culture bioreactor, ~600 mL vessel; S. elongatus and R. toruloides physically co-located in the same reactor space (no membrane separation) [GEO GSE335065 !Series_overall_design; quote: ""mixed co-culture bioreactor (~600 mL) where S. elongatus PCC 7942 and R. toruloides NBRC 0880 were physically co-located in the same reactor space""] ;; growth_phase = Day 4/6/8, collected at ~90/140/190 hrs; OD750 at harvest not reported [GEO GSE335065 group 2 !Sample_treatment_protocol_ch1; quote: ""Membrane bioreactor and mixed co-culture bioreactor samples were collected at ~90, ~140, and ~190 hrs.""]"	"not explicitly stated as a replicate count for the mixed configuration (overall design says 'sampled at the same time points' as the mBR); 3 samples per condition (_1,_2,_3) in GEO sample list [GEO GSE335065 !Series_overall_design; quote: ""sampled at the same time points and serving as a direct comparison to the membrane-separated configuration""]"	not stated in GEO metadata	NCBI GEO public-repository terms; no per-file notice located. Recommendation only.	GEO GSE335065; PMID 39455633		GSE335065_rna_seq_counts_092726.csv.gz	PCC 7942 RefSeq locus tags -> existing exact shared-protein crosswalk	escalate: NON-TARGET ORGANISM IN THE RECORD. 9 of 36 samples (GSM9805358-GSM9805366, platform GPL37104) carry organism 'Synechococcus elongatus PCC 7942 = FACHB-805; Rhodotorula toruloides' and are mixed co-culture; the remaining 27 are axenic or membrane-separated. Four condition sets are returned so the co-culture arm can be held out	archive: GEO GSE335065 (https://www.ncbi.nlm.nih.gov/geo/query/acc.cgi?acc=GSE335065), SOFT record retrieved 2026-10-03 | paper: PMID 39455633; PMC11511929; doi:10.1038/s41598-024-74743-4
PCC 7942	transcriptomics (RNA-seq)	"CONDITION SET: Standard BG-11 large-scale FFA production cultivation (all strains, all time points) | SAMPLES: All 17 samples (GSM1113860–GSM1113876): strains 7942 (wild type), SE01 (delta-aas), SE02 (delta-aas, 'tesA) at 100h and 240h; growth/cultivation conditions are identical across strains and time points per the stated protocol, differing only in genotype, FFA induction status, and sampling time ;; temperature = 30°C [GEO GSE45762 !Sample_growth_protocol_ch1 (group 1); quote: ""Strains were cultivated in BG-11 media at 30°C in a New Brunswick Scientific Innova 42R incubator shaker""] ;; light_intensity = 60 μmol photons m-2 s-1 [GEO GSE45762 !Sample_growth_protocol_ch1 (group 1); quote: ""with photosynthetic light bank supplying illumination (60 μmol photons m-2 s-1) from alternating cool white and plant fluorescent lights""] ;; light_regime = spectrum: alternating cool white and plant fluorescent lights; continuous vs diel: not reported; photoperiod: not reported [GEO GSE45762 !Sample_growth_protocol_ch1 (group 1); quote: ""from alternating cool white and plant fluorescent lights""] ;; co2 = 1% CO2 supplemented air, bubbled [GEO GSE45762 !Sample_growth_protocol_ch1 (group 1); quote: ""a port for bubbling filter-sterilized air supplemented with 1% CO2""] ;; medium = BG-11 media [GEO GSE45762 !Sample_growth_protocol_ch1 (group 1); quote: ""Strains were cultivated in BG-11 media at 30°C""] ;; culture_format = 400 mL culture in 1 L glass media bottles with Omnifit 3-port caps (vent filter, sampling port, air/CO2 sparge port); large-scale format [GEO GSE45762 !Sample_growth_protocol_ch1 (group 1); quote: ""Innoculum cultures were added to 400 mL of BG-11 media in 1 L glass media bottles to an initial OD730 of 0.15. The media bottles were sealed with 3-port Omnifit T series caps, including: a vent port containing a Whatman PolyVENT 4 filter to prevent contamination, a sampling port, and a port for bubbling filter-sterilized air supplemented with 1% CO2.""] ;; growth_phase = Initial inoculation at OD730 ~0.15; IPTG induction (1 mM) after 96h (4 days); RNA-seq samples taken before induction (day 4, ~100h) and 8 days after induction (day 12, ~240h) [GEO GSE45762 !Sample_growth_protocol_ch1 (group 1); quote: ""Innoculum cultures were added to 400 mL of BG-11 media in 1 L glass media bottles to an initial OD730 of 0.15.""]"	"3 biological replicates per strain/time point, except SE02 at 100h which had only 2 replicates [GEO GSE45762 !Series_overall_design; quote: ""Three strains (7942, SE01, and SE02) were analyzed at two time points (100 h and 240 h) with 3 biological replicates each (with the exception of SE02, 100 h having only 2 replicates due to RNA loss during sample preparation.)""]"	not stated in GEO metadata	NCBI GEO public-repository terms; no per-file notice located. Recommendation only.	GEO GSE45762; PMID 23919451		GSE45762_Processed_Counts.xlsx.gz	PCC 7942 RefSeq locus tags -> existing exact shared-protein crosswalk	candidate	archive: GEO GSE45762 (https://www.ncbi.nlm.nih.gov/geo/query/acc.cgi?acc=GSE45762), SOFT record retrieved 2026-10-03 | paper: PMID 23919451; PMC3750487; doi:10.1186/1754-6834-6-113
PCC 7942	transcriptomics (array)	"CONDITION SET: ΔrpaA turbidostat continuous-light timecourse (LL 24-72h) | SAMPLES: All 13 samples (GSM1232268-GSM1232280, rpaA-_LL_24h_rep1 through rpaA-_LL_72h_rep1); identical growth conditions across all timepoints, differing only in sampling time ;; temperature = 30º C [GEO GSE50908 !Sample_growth_protocol_ch1 (group 1); quote: ""maintained at 30º C""] ;; light_intensity = ~25 µmol photons m-2 s-1 white light [GEO GSE50908 !Sample_growth_protocol_ch1 (group 1); quote: ""Cells were exposed to surface flux of ~25 µmol photons m-2 s-1 white light""] ;; light_regime = white light (spectrum not otherwise specified); entrained with 2 consecutive 24h light/dark cycles (12h dark, 12h light, 12h dark) then released into continuous light (LL) for sampling from T=24h to T=72h [GEO GSE50908 !Sample_treatment_protocol_ch1 (group 1); quote: ""Cells were exposed to two light/dark cycles (12 hours of dark, followed by 12 h of light, followed by 12 h of dark) for entrainment prior to release into continuous light""] ;; co2 = bubbled with 500 ml min-1 1% CO2 in air [GEO GSE50908 !Sample_growth_protocol_ch1 (group 1); quote: ""bubbled with 500 ml min-1 1% CO2 in air""] ;; medium = modified BG-11 medium described in Vijayan et al 2009 [GEO GSE50908 !Sample_growth_protocol_ch1 (group 1); quote: ""Cells were grown in the modified BG-11 medium described in Vijayan et al 2009.""] ;; culture_format = custom turbidostat, 6 liter cylindrical spinner flask (Corning), working volume 4.5 liters, stirred at 0.5-1 rotation per second [GEO GSE50908 !Sample_growth_protocol_ch1 (group 1); quote: ""grown in a 6 liter cylindrical spinner flask (Corning) at a volume of 4.5 liters""] ;; growth_phase = OD750 initial 0.06, increased to 0.15, then maintained constant at 0.15 throughout entrainment and sampling [GEO GSE50908 !Sample_growth_protocol_ch1 (group 1); quote: ""The initial OD750 (optical density at 750 nm) was 0.06 and was allowed to increase to 0.15, after which it was maintained at a constant level of 0.15.""]"	"not stated; 1 sample per timepoint in GEO sample list (labeled rep1) [GEO GSE50908 sample list (group 1); quote: ""GSM1232268 | rpaA-_LL_24h_rep1 | strain: rpaA::KmR (EOC 66); time in ll: 24 h | rpaA- strain, LL, 24 h""]"	not stated in GEO metadata	NCBI GEO public-repository terms; no per-file notice located. Recommendation only.	GEO GSE50908; PMID 24315105		none found (raw only: GSE50908_RAW.tar)	PCC 7942 RefSeq locus tags -> existing exact shared-protein crosswalk	candidate	archive: GEO GSE50908 (https://www.ncbi.nlm.nih.gov/geo/query/acc.cgi?acc=GSE50908), SOFT record retrieved 2026-10-03 | paper: PMID 24315105; PMC3935230; doi:10.1016/j.cell.2013.11.005 | full text: full text not retrievable in this session: PMC3935230 sits outside the Europe PMC open-access subset (fullTextXML HTTP 500), NCBI efetch returns front matter only, and the PMC PDF endpoint answers with a proof-of-work challenge which was not solved; source-side restriction, not a sandbox block
PCC 7942	transcriptomics (array)	"CONDITION SET: Turbidostat continuous-light culture, WT and ΔrpaA pooled timepoints | SAMPLES: GSM1232426 (rpaA/WT_pool_rep1, ΔrpaA strain EOC 66) and GSM1232427 (WT/rpaA_pool_rep1, wild-type strain AMC408) — both are pooled RNA samples from the same growth protocol, differing only in dye-swap labeling for the two-color microarray comparison ;; temperature = 30º C [GEO GSE50919 !Sample_growth_protocol_ch1 (group 1); quote: ""maintained at 30º C""] ;; light_intensity = ~25 µmol photons m-2 s-1 [GEO GSE50919 !Sample_growth_protocol_ch1 (group 1); quote: ""Cells were exposed to surface flux of ~25 µmol photons m-2 s-1 white light""] ;; light_regime = white light (spectrum stated only as 'white light'); entrainment with two consecutive 12 h dark / 12 h light / 12 h dark cycles, then released into continuous light at T=0 (no diel cycling during the sampled window T=24-44 h); photoperiod of entrainment = 12h/12h, continuous thereafter [GEO GSE50919 !Sample_treatment_protocol_ch1 (group 1); quote: ""Cells were exposed to two light/dark cycles (i.e., cells were exposed to 12 hours of dark, followed by 12 h of light, followed by 12 h of dark) for entrainment prior to release into continuous light""] ;; co2 = 500 ml min-1 1% CO2 in air (bubbled) [GEO GSE50919 !Sample_growth_protocol_ch1 (group 1); quote: ""bubbled with 500 ml min-1 1% CO2 in air""] ;; medium = modified BG-11 medium (as in Vijayan et al 2009); cells initially inoculated with 5 µg/ml spectinomycin and 5 µg/ml chloramphenicol, then diluted with antibiotic-free modified BG-11 [GEO GSE50919 !Sample_growth_protocol_ch1 (group 1); quote: ""Cells were grown in the modified BG-11 medium described in Vijayan et al 2009.""] ;; culture_format = custom turbidostat; 6 liter cylindrical spinner flask (Corning), working volume 4.5 liters, stirred at 0.5-1 rotation per second [GEO GSE50919 !Sample_growth_protocol_ch1 (group 1); quote: ""Either wild-type (AMC408) or kanamycin-resistant ΔrpaA (EOC 66) culture was grown in a 6 liter cylindrical spinner flask (Corning) at a volume of 4.5 liters.""] ;; growth_phase = OD750 maintained at a constant level of 0.15 (turbidostat steady-state); RNA pooled from 6 timepoints (T=24,28,32,36,40,44 h) to give a time-averaged sample [GEO GSE50919 !Sample_growth_protocol_ch1 (group 1); quote: ""Opitcal density at 750 nm (OD750) was maintained at a constant level of 0.15.""]"	not retrieved [full text not retrievable in this session: PMC3935230 sits outside the Europe PMC open-access subset (fullTextXML HTTP 500), NCBI efetch returns front matter only, and the PMC PDF endpoint answers with a proof-of-work challenge which was not solved; source-side restriction, not a sandbox block; absence in the archive record is NOT evidence the study does not report it]	not stated in GEO metadata	NCBI GEO public-repository terms; no per-file notice located. Recommendation only.	GEO GSE50919; PMID 24315105		none found (raw only: GSE50919_RAW.tar, GSE50919_log2_rpaA-_vs_wild-type_by_microarray_for_GEO_deposit.txt.gz)	PCC 7942 RefSeq locus tags -> existing exact shared-protein crosswalk	candidate	archive: GEO GSE50919 (https://www.ncbi.nlm.nih.gov/geo/query/acc.cgi?acc=GSE50919), SOFT record retrieved 2026-10-03 | paper: PMID 24315105; PMC3935230; doi:10.1016/j.cell.2013.11.005 | full text: full text not retrievable in this session: PMC3935230 sits outside the Europe PMC open-access subset (fullTextXML HTTP 500), NCBI efetch returns front matter only, and the PMC PDF endpoint answers with a proof-of-work challenge which was not solved; source-side restriction, not a sandbox block
PCC 7942	transcriptomics (array)	"CONDITION SET: BG-11M, 100 µE cool fluorescent light, 1% CO2, 24-68h timecourse (both strains + pool) | SAMPLES: group 1, all 49 samples; patterns rpaA-clock_rescue_[24-68]h_rep1/rep2, controlclock_rescue_[24-68]h_rep1/rep2, and pooled sample GSM1267085 ;; temperature = not retrieved [full text not retrievable in this session: PMC3935230 sits outside the Europe PMC open-access subset (fullTextXML HTTP 500), NCBI efetch returns front matter only, and the PMC PDF endpoint answers with a proof-of-work challenge which was not solved; source-side restriction, not a sandbox block; absence in the archive record is NOT evidence the study does not report it] ;; light_intensity = 100 µE m-2 s-1 (µmoles photons m-2 s-1) [GEO GSE50920 !Sample_growth_protocol_ch1 (group 1); quote: ""illuminated with 100 µE m-2 s-1 (µmoles photons m-2 s-1) of cool fluorescent light""] ;; light_regime = cool fluorescent light; entrained with two 12-h dark pulses separated by 12 h light, then released to constant (continuous) light; diel photoperiod before release = 12 h light/12 h dark cycles [GEO GSE50920 !Sample_growth_protocol_ch1 (group 1); quote: ""treated with two 12-h dark pulses separated by 12 h of light, and released to constant light concomitant with addition of IPTG to a final concentration of 6 µM""] ;; co2 = 1% CO2 in air [GEO GSE50920 !Sample_growth_protocol_ch1 (group 1); quote: ""bubbled continuously with 1% CO2 in air""] ;; medium = BG-11M media, supplemented with 10 mM HEPES-KOH pH 8.0 [GEO GSE50920 !Sample_growth_protocol_ch1 (group 1); quote: ""Cultures were grown in BG-11M media in tissue culture flasks illuminated with 100 µE m-2 s-1""] ;; culture_format = tissue culture flasks [GEO GSE50920 !Sample_growth_protocol_ch1 (group 1); quote: ""Cultures were grown in BG-11M media in tissue culture flasks""] ;; growth_phase = OD750 maintained near 0.3 [GEO GSE50920 !Sample_growth_protocol_ch1 (group 1); quote: ""with the OD750 maintained near 0.3 by diluting the cultures every four hours with fresh medium""] ;; unit_conversion = 100 µE m-2 s-1 as reported; µE m-2 s-1 (µmoles photons m-2 s-1) is equivalent to µmol photons m-2 s-1 as stated parenthetically in the source text"	"not stated; 2 samples per condition in GEO sample list [GEO GSE50920 sample list (group 1); quote: ""GSM1232428 | rpaA-clock_rescue_24h_rep1""]"	not stated in GEO metadata	NCBI GEO public-repository terms; no per-file notice located. Recommendation only.	GEO GSE50920; PMID 24315105		none found (raw only: GSE50920_RAW.tar)	PCC 7942 RefSeq locus tags -> existing exact shared-protein crosswalk	candidate	archive: GEO GSE50920 (https://www.ncbi.nlm.nih.gov/geo/query/acc.cgi?acc=GSE50920), SOFT record retrieved 2026-10-03 | paper: PMID 24315105; PMC3935230; doi:10.1016/j.cell.2013.11.005 | full text: full text not retrievable in this session: PMC3935230 sits outside the Europe PMC open-access subset (fullTextXML HTTP 500), NCBI efetch returns front matter only, and the PMC PDF endpoint answers with a proof-of-work challenge which was not solved; source-side restriction, not a sandbox block
PCC 7942	transcriptomics (RNA-seq)	"CONDITION SET: Turbidostat continuous culture (4.5 L), 25 µmol white light, 1% CO2, 30°C, modified BG-11, OD750=0.15 | SAMPLES: Groups 1, 2, 4, 5, 6 (rpaA- and WT LL timecourses, pooled samples, and ChIP-seq anti-RpaA/anti-HA/input series; GSM1232268-GSM1232280, GSM1232426-27, GSM1238657-75) ;; temperature = 30º C [GEO GSE50922 group 1 !Sample_growth_protocol_ch1; quote: ""maintained at 30º C""] ;; light_intensity = ~25 µmol photons m-2 s-1 white light [GEO GSE50922 group 1 !Sample_growth_protocol_ch1; quote: ""~25 µmol photons m-2 s-1 white light""] ;; light_regime = spectrum: white light (fluorescent/LED type not specified); regime: diel entrainment (two 12h dark/12h light/12h dark cycles) then release into continuous light (LL); photoperiod during entrainment: 12h light/12h dark cycles [GEO GSE50922 group 1 !Sample_treatment_protocol_ch1; quote: ""Cells were exposed to two light/dark cycles (12 hours of dark, followed by 12 h of light, followed by 12 h of dark) for entrainment prior to release into continuous light""] ;; co2 = 1% CO2 in air, bubbled at 500 ml/min [GEO GSE50922 group 1 !Sample_growth_protocol_ch1; quote: ""bubbled with 500 ml min-1 1% CO2 in air""] ;; medium = modified BG-11 medium (described in Vijayan et al 2009) [GEO GSE50922 group 1 !Sample_growth_protocol_ch1; quote: ""Cells were grown in the modified BG-11 medium described in Vijayan et al 2009.""] ;; culture_format = 6 liter cylindrical spinner flask (Corning), 4.5 L working volume, turbidostat [GEO GSE50922 group 1 !Sample_growth_protocol_ch1; quote: ""6 liter cylindrical spinner flask (Corning) at a volume of 4.5 liters""] ;; growth_phase = OD750 initial 0.06, increased to 0.15, then held constant at OD750=0.15 [GEO GSE50922 group 1 !Sample_growth_protocol_ch1; quote: ""The initial OD750 (optical density at 750 nm) was 0.06 and was allowed to increase to 0.15, after which it was maintained at a constant level of 0.15.""] ;; unit_conversion = ~25 µmol photons m-2 s-1 as reported; this is already in µmol photons m-2 s-1 (equivalent to µE m-2 s-1)."	"not stated as a biological replicate count per condition; rep1/rep2 suffixes appear on some ChIP-seq sample titles [GEO GSE50922 group 5 sample list (GSM1238665); quote: ""ΔrpaA culture, anti-RpaA, pool of ZT 24 - 44 h, replicate 2""]"	not stated in GEO metadata	NCBI GEO public-repository terms; no per-file notice located. Recommendation only.	GEO GSE50922; PMID 24315105		none found (raw only: GSE50922_RAW.tar)	PCC 7942 RefSeq locus tags -> existing exact shared-protein crosswalk	escalate: INPUT ASSAY LABEL WRONG. Input labels this 'transcriptomics (RNA-seq)'; GEO gives a SuperSeries of 108 samples over four platforms - 71 array (GPL9534), 19 ChIP-Seq (GPL17750/GPL13530/GPL16957) and 18 RNA-Seq (GPL17750). Four distinct growth protocols are present and are returned as four condition sets; the assay split cuts across them	archive: GEO GSE50922 (https://www.ncbi.nlm.nih.gov/geo/query/acc.cgi?acc=GSE50922), SOFT record retrieved 2026-10-03 | paper: PMID 24315105; PMC3935230; doi:10.1016/j.cell.2013.11.005 | full text: full text not retrievable in this session: PMC3935230 sits outside the Europe PMC open-access subset (fullTextXML HTTP 500), NCBI efetch returns front matter only, and the PMC PDF endpoint answers with a proof-of-work challenge which was not solved; source-side restriction, not a sandbox block
PCC 7942	transcriptomics (RNA-seq)	"CONDITION SET: Turbidostat continuous culture (3 L variant), 25 µmol white light, 1% CO2, 30°C, modified BG-11, OD750=0.15 | SAMPLES: Group 8 (WT_LL_*h_replicate series, GSM1267750-GSM1267756) ;; temperature = 30º C [GEO GSE50922 group 8 !Sample_growth_protocol_ch1; quote: ""maintained at 30º C""] ;; light_intensity = ~25 µmol photons m-2 s-1 white light [GEO GSE50922 group 8 !Sample_growth_protocol_ch1; quote: ""~25 µmol photons m-2 s-1 white light""] ;; light_regime = spectrum: white light (type not specified); regime: diel entrainment (two 12h dark/12h light/12h dark cycles) then release into continuous light (LL) [GEO GSE50922 group 8 !Sample_treatment_protocol_ch1; quote: ""Cells were exposed to two light/dark cycles (i.e., 12 hours of dark, followed by 12 h of light, followed by 12 h of dark) for entrainment prior to release into continuous light""] ;; co2 = 1% CO2 in air, bubbled at 500 ml/min [GEO GSE50922 group 8 !Sample_growth_protocol_ch1; quote: ""bubbled with 500 ml min-1 1% CO2 in air""] ;; medium = modified BG-11 medium (described in Vijayan et al 2009) [GEO GSE50922 group 8 !Sample_growth_protocol_ch1; quote: ""Cells were grown in the modified BG-11 medium described in Vijayan et al 2009.""] ;; culture_format = 6 liter cylindrical spinner flask (Corning), 3 L working volume (noted as modified from the usual 4.5 L protocol), turbidostat [GEO GSE50922 group 8 !Sample_growth_protocol_ch1; quote: ""6 liter cylindrical spinner flask (Corning) at a volume of 3 liters""] ;; growth_phase = OD750 maintained at 0.15 [GEO GSE50922 group 8 !Sample_growth_protocol_ch1; quote: ""OD750 (optical density at 750 nm) was maintained at 0.15.""] ;; unit_conversion = ~25 µmol photons m-2 s-1 as reported; this is already in µmol photons m-2 s-1 (equivalent to µE m-2 s-1)."	"not stated; single sample per timepoint in GEO sample list (titles end in '_replicate' but no rep number given) [GEO GSE50922 group 8 sample list (GSM1267750); quote: ""WT_LL_36h_replicate | strain: wild-type (AMC 408); time in ll: 36 h""]"	not stated in GEO metadata	NCBI GEO public-repository terms; no per-file notice located. Recommendation only.	GEO GSE50922; PMID 24315105		none found (raw only: GSE50922_RAW.tar)	PCC 7942 RefSeq locus tags -> existing exact shared-protein crosswalk	escalate: INPUT ASSAY LABEL WRONG. Input labels this 'transcriptomics (RNA-seq)'; GEO gives a SuperSeries of 108 samples over four platforms - 71 array (GPL9534), 19 ChIP-Seq (GPL17750/GPL13530/GPL16957) and 18 RNA-Seq (GPL17750). Four distinct growth protocols are present and are returned as four condition sets; the assay split cuts across them	archive: GEO GSE50922 (https://www.ncbi.nlm.nih.gov/geo/query/acc.cgi?acc=GSE50922), SOFT record retrieved 2026-10-03 | paper: PMID 24315105; PMC3935230; doi:10.1016/j.cell.2013.11.005 | full text: full text not retrievable in this session: PMC3935230 sits outside the Europe PMC open-access subset (fullTextXML HTTP 500), NCBI efetch returns front matter only, and the PMC PDF endpoint answers with a proof-of-work challenge which was not solved; source-side restriction, not a sandbox block
PCC 7942	transcriptomics (RNA-seq)	"CONDITION SET: BG-11M tissue culture flask, 100 µE cool fluorescent light, 1% CO2, OD750~0.3, HEPES, 6 µM IPTG clock-rescue series | SAMPLES: Group 3 (rpaA- clock rescue EOC101 and control clock rescue EOC72 timecourses/pools, GSM1232428-GSM1232475, GSM1267085) ;; temperature = not retrieved [full text not retrievable in this session: PMC3935230 sits outside the Europe PMC open-access subset (fullTextXML HTTP 500), NCBI efetch returns front matter only, and the PMC PDF endpoint answers with a proof-of-work challenge which was not solved; source-side restriction, not a sandbox block; absence in the archive record is NOT evidence the study does not report it] ;; light_intensity = 100 µE m-2 s-1 (µmoles photons m-2 s-1) cool fluorescent light [GEO GSE50922 group 3 !Sample_growth_protocol_ch1; quote: ""illuminated with 100 µE m-2 s-1 (µmoles photons m-2 s-1) of cool fluorescent light""] ;; light_regime = spectrum: cool fluorescent light; regime: diel entrainment (two 12h dark pulses separated by 12h light) then release to continuous light (LL) concurrent with IPTG addition; photoperiod: 12h light pulse between dark pulses [GEO GSE50922 group 3 !Sample_growth_protocol_ch1; quote: ""treated with two 12-h dark pulses separated by 12 h of light, and released to constant light concomitant with addition of IPTG to a final concentration of 6 µM""] ;; co2 = 1% CO2 in air, bubbled continuously [GEO GSE50922 group 3 !Sample_growth_protocol_ch1; quote: ""bubbled continuously with 1% CO2 in air""] ;; medium = BG-11M media supplemented with 10 mM HEPES-KOH pH 8.0 [GEO GSE50922 group 3 !Sample_growth_protocol_ch1; quote: ""Medium was supplemented with 10 mM HEPES-KOH pH 8.0 maintain the pH.""] ;; culture_format = tissue culture flasks [GEO GSE50922 group 3 !Sample_growth_protocol_ch1; quote: ""Cultures were grown in BG-11M media in tissue culture flasks""] ;; growth_phase = OD750 maintained near 0.3 by dilution every 4 hours [GEO GSE50922 group 3 !Sample_growth_protocol_ch1; quote: ""with the OD750 maintained near 0.3 by diluting the cultures every four hours with fresh medium.""] ;; unit_conversion = 100 µE m-2 s-1 (µmoles photons m-2 s-1) as reported; µE m-2 s-1 is equivalent to µmol photons m-2 s-1 (equivalence stated explicitly in source text)."	"not stated; 2 samples (rep1, rep2) per condition in GEO sample list [GEO GSE50922 group 3 sample list (GSM1232428, GSM1232440); quote: ""rpaA-clock_rescue_24h_rep1 | strain: rpaA::CmR kaiBC::GmR Ptrc::kaiBC (EOC101); time: 24 h""]"	not stated in GEO metadata	NCBI GEO public-repository terms; no per-file notice located. Recommendation only.	GEO GSE50922; PMID 24315105		none found (raw only: GSE50922_RAW.tar)	PCC 7942 RefSeq locus tags -> existing exact shared-protein crosswalk	escalate: INPUT ASSAY LABEL WRONG. Input labels this 'transcriptomics (RNA-seq)'; GEO gives a SuperSeries of 108 samples over four platforms - 71 array (GPL9534), 19 ChIP-Seq (GPL17750/GPL13530/GPL16957) and 18 RNA-Seq (GPL17750). Four distinct growth protocols are present and are returned as four condition sets; the assay split cuts across them	archive: GEO GSE50922 (https://www.ncbi.nlm.nih.gov/geo/query/acc.cgi?acc=GSE50922), SOFT record retrieved 2026-10-03 | paper: PMID 24315105; PMC3935230; doi:10.1016/j.cell.2013.11.005 | full text: full text not retrievable in this session: PMC3935230 sits outside the Europe PMC open-access subset (fullTextXML HTTP 500), NCBI efetch returns front matter only, and the PMC PDF endpoint answers with a proof-of-work challenge which was not solved; source-side restriction, not a sandbox block
PCC 7942	transcriptomics (RNA-seq)	"CONDITION SET: BG-11M tissue culture flask, 100 µE cool fluorescent light, 30°C, 1% CO2, OD750=0.3, HEPES, 100 µM IPTG overexpression/RNA-seq series | SAMPLES: Group 7 (WT EOC113 ZT timecourse and OX-D53E/OX-Empty IPTG induction series EOC346/EOC339, GSM1238982-GSM1238999) ;; temperature = 30°C [GEO GSE50922 group 7 !Sample_growth_protocol_ch1; quote: ""Cultures were grown with bubbling of 1% CO2 in air at 30°C""] ;; light_intensity = 100 μE m-2 s-1 (μmoles photons m-2 s-1) cool fluorescent light [GEO GSE50922 group 7 !Sample_growth_protocol_ch1; quote: ""illuminated with 100 μE m-2 s-1 (μmoles photons m-2 s-1) of cool fluorescent light""] ;; light_regime = spectrum: cool fluorescent light; regime: diel entrainment (two 12h dark/12h light/12h dark cycles) then release into continuous light (LL); IPTG (100 µM) added after release where indicated [GEO GSE50922 group 7 !Sample_treatment_protocol_ch1; quote: ""Cells were exposed to two light/dark cycles (12 hours of dark, followed by 12 h of light, followed by 12 h of dark) for entrainment prior to release into continuous light.""] ;; co2 = 1% CO2 in air [GEO GSE50922 group 7 !Sample_growth_protocol_ch1; quote: ""Cultures were grown with bubbling of 1% CO2 in air at 30°C""] ;; medium = BG-11M supplemented with 10 mM HEPES-KOH pH 8.0 [GEO GSE50922 group 7 !Sample_growth_protocol_ch1; quote: ""Cells were initially inoculated in tissue culture flasks in 200 mL of BG-11M supplemented with 10 mM HEPES-KOH pH 8.0""] ;; culture_format = tissue culture flasks, 200 mL initial inoculum diluted into 800 mL BG-11M with HEPES, bubbled [GEO GSE50922 group 7 !Sample_growth_protocol_ch1; quote: ""Cells were initially inoculated in tissue culture flasks in 200 mL of BG-11M""] ;; growth_phase = OD750 diluted to 0.3 just prior to sampling, kept relatively constant by periodic dilution [GEO GSE50922 group 7 !Sample_treatment_protocol_ch1; quote: ""Just prior to the beginning of sampling, cells were diluted to an OD750 of 0.3.""] ;; unit_conversion = 100 μE m-2 s-1 (μmoles photons m-2 s-1) as reported; μE m-2 s-1 is equivalent to µmol photons m-2 s-1 (equivalence stated explicitly in source text)."	"not reported; single sample per listed condition in GEO sample list (no replicate suffix) [GEO GSE50922 group 7 sample list (GSM1238982); quote: ""WT culture, ZT 24 hours | strain: EOC113; time in ll (zt): 24 hours; time since iptg addition: N/A""]"	not stated in GEO metadata	NCBI GEO public-repository terms; no per-file notice located. Recommendation only.	GEO GSE50922; PMID 24315105		none found (raw only: GSE50922_RAW.tar)	PCC 7942 RefSeq locus tags -> existing exact shared-protein crosswalk	escalate: INPUT ASSAY LABEL WRONG. Input labels this 'transcriptomics (RNA-seq)'; GEO gives a SuperSeries of 108 samples over four platforms - 71 array (GPL9534), 19 ChIP-Seq (GPL17750/GPL13530/GPL16957) and 18 RNA-Seq (GPL17750). Four distinct growth protocols are present and are returned as four condition sets; the assay split cuts across them	archive: GEO GSE50922 (https://www.ncbi.nlm.nih.gov/geo/query/acc.cgi?acc=GSE50922), SOFT record retrieved 2026-10-03 | paper: PMID 24315105; PMC3935230; doi:10.1016/j.cell.2013.11.005 | full text: full text not retrievable in this session: PMC3935230 sits outside the Europe PMC open-access subset (fullTextXML HTTP 500), NCBI efetch returns front matter only, and the PMC PDF endpoint answers with a proof-of-work challenge which was not solved; source-side restriction, not a sandbox block
PCC 7942	transcriptomics (RNA-seq)	"CONDITION SET: Standard BG-11M, 30°C, 100 μE cool fluorescent light, 1% CO2 (all strains/timepoints) | SAMPLES: All 18 samples in group 1 (GSM1238982–GSM1238999): WT culture EOC113 (ZT 24-44h), OX-D53E +IPTG EOC346, OX-D53E -IPTG EOC346, OX-Empty +IPTG EOC339 ;; temperature = 30°C [GEO GSE51112 !Sample_growth_protocol_ch1 (group 1); quote: ""Cultures were grown with bubbling of 1% CO2 in air at 30°C while illuminated with 100 μE m-2 s-1 (μmoles photons m-2 s-1) of cool fluorescent light.""] ;; light_intensity = 100 μE m-2 s-1 (μmoles photons m-2 s-1) [GEO GSE51112 !Sample_growth_protocol_ch1 (group 1); quote: ""Cultures were grown with bubbling of 1% CO2 in air at 30°C while illuminated with 100 μE m-2 s-1 (μmoles photons m-2 s-1) of cool fluorescent light.""] ;; light_regime = spectrum: cool fluorescent light; regime: entrained with two light/dark cycles (12h dark, 12h light, 12h dark) then released into continuous light (LL); photoperiod during sampling: continuous (not reported as a fixed period length after release) [GEO GSE51112 !Sample_treatment_protocol_ch1 (group 1); quote: ""Cells were exposed to two light/dark cycles (12 hours of dark, followed by 12 h of light, followed by 12 h of dark) for entrainment prior to release into continuous light.""] ;; co2 = 1% CO2 in air (bubbling) [GEO GSE51112 !Sample_growth_protocol_ch1 (group 1); quote: ""Cultures were grown with bubbling of 1% CO2 in air at 30°C while illuminated with 100 μE m-2 s-1 (μmoles photons m-2 s-1) of cool fluorescent light.""] ;; medium = BG-11M supplemented with 10 mM HEPES-KOH pH 8.0 (plus strain-specific antibiotics during initial inoculation: spectinomycin/chloramphenicol for EOC113, or gentamycin/chloramphenicol/kanamycin for EOC339/EOC345/EOC346; antibiotics absent after dilution) [GEO GSE51112 !Sample_growth_protocol_ch1 (group 1); quote: ""200 mL of BG-11M supplemented with 10 mM HEPES-KOH pH 8.0 in the presence of 2 ug/mL spectinomycin and 5 ug/mL chloramphenicol (EOC 113) or 2 ug/mL gentamycin, 5 ug/mL chloramphenicol, and 7.5 ug/mL kanamycin""] ;; culture_format = Tissue culture flasks; initial 200 mL, diluted to 800 mL, with bubbling [GEO GSE51112 !Sample_growth_protocol_ch1 (group 1); quote: ""After initial inoculation, cells were diluted in 800 mL of BG-11M with HEPES in the absence of antibiotics with bubbling.""] ;; growth_phase = OD750 0.3 (kept relatively constant by periodic dilution) at the start of sampling [GEO GSE51112 !Sample_treatment_protocol_ch1 (group 1); quote: ""cells were diluted to an OD750 of 0.3. This OD was kept relatively constant throughout the experiment by periodic dilution with warm BG-11M + 10 mM HEPES pH 8.0.""] ;; unit_conversion = 100 μE m-2 s-1 (μmoles photons m-2 s-1) as reported; the source text itself states μE m-2 s-1 is equivalent to μmoles photons m-2 s-1."	not retrieved [full text not retrievable in this session: PMC3935230 sits outside the Europe PMC open-access subset (fullTextXML HTTP 500), NCBI efetch returns front matter only, and the PMC PDF endpoint answers with a proof-of-work challenge which was not solved; source-side restriction, not a sandbox block; absence in the archive record is NOT evidence the study does not report it]	not stated in GEO metadata	NCBI GEO public-repository terms; no per-file notice located. Recommendation only.	GEO GSE51112; PMID 24315105		none found (raw only: GSE51112_RNAseq_ProcessedData.txt.gz)	PCC 7942 RefSeq locus tags -> existing exact shared-protein crosswalk	candidate	archive: GEO GSE51112 (https://www.ncbi.nlm.nih.gov/geo/query/acc.cgi?acc=GSE51112), SOFT record retrieved 2026-10-03 | paper: PMID 24315105; PMC3935230; doi:10.1016/j.cell.2013.11.005 | full text: full text not retrievable in this session: PMC3935230 sits outside the Europe PMC open-access subset (fullTextXML HTTP 500), NCBI efetch returns front matter only, and the PMC PDF endpoint answers with a proof-of-work challenge which was not solved; source-side restriction, not a sandbox block
PCC 7942	transcriptomics (array)	"CONDITION SET: WT LL circadian timecourse (turbidostat, continuous light after entrainment) | SAMPLES: GSM1267750 WT_LL_36h_replicate, GSM1267751 WT_LL_40h_replicate, GSM1267752 WT_LL_44h_replicate, GSM1267753 WT_LL_48h_replicate, GSM1267754 WT_LL_56h_replicate, GSM1267755 WT_LL_60h_replicate, GSM1267756 WT_LL_64h_replicate (all 7 samples in group 1; identical growth protocol, differing only by sampling timepoint) ;; temperature = 30º C [GEO GSE52486 !Sample_growth_protocol_ch1 (group 1); quote: ""maintained at 30º C, and stirred at 0.5-1 rotation per second""] ;; light_intensity = ~25 µmol photons m-2 s-1 [GEO GSE52486 !Sample_growth_protocol_ch1 (group 1); quote: ""Cells were exposed to a surface flux of ~25 µmol photons m-2 s-1 white light""] ;; light_regime = spectrum: white light (fluorescent/LED type not further specified); regime: entrained with two 12h dark/12h light/12h dark cycles then released into continuous light (LL) at T=0, sampled under continuous light thereafter; photoperiod during entrainment: 12 h dark / 12 h light / 12 h dark, repeated twice [GEO GSE52486 !Sample_treatment_protocol_ch1 (group 1); spectrum term ""white light"" from !Sample_growth_protocol_ch1 (group 1); quote: ""Cells were exposed to two light/dark cycles (i.e., 12 hours of dark, followed by 12 h of light, followed by 12 h of dark) for entrainment prior to release into continuous light""] ;; co2 = 1% CO2 in air, bubbled at 500 ml min-1 [GEO GSE52486 !Sample_growth_protocol_ch1 (group 1); quote: ""bubbled with 500 ml min-1 1% CO2 in air""] ;; medium = modified BG-11 medium (as described in Vijayan et al 2009) [GEO GSE52486 !Sample_growth_protocol_ch1 (group 1); quote: ""Cells were grown in the modified BG-11 medium described in Vijayan et al 2009.""] ;; culture_format = 6 liter cylindrical spinner flask (Corning), 3 liter working volume, custom-made turbidostat [GEO GSE52486 !Sample_growth_protocol_ch1 (group 1); quote: ""grown in a 6 liter cylindrical spinner flask (Corning) at a volume of 3 liters""] ;; growth_phase = OD750 maintained at 0.15 (turbidostat, steady-state) [GEO GSE52486 !Sample_growth_protocol_ch1 (group 1); quote: ""OD750 (optical density at 750 nm) was maintained at 0.15.""]"	"not stated; 1 sample per timepoint in GEO sample list [GEO GSE52486 sample list (group 1); quote: ""GSM1267750 | WT_LL_36h_replicate | strain: wild-type (AMC 408); time in ll: 36 h | wild-type strain (AMC 408), LL, 36 h""]"	not stated in GEO metadata	NCBI GEO public-repository terms; no per-file notice located. Recommendation only.	GEO GSE52486; PMID 24315105		none found (raw only: GSE52486_RAW.tar)	PCC 7942 RefSeq locus tags -> existing exact shared-protein crosswalk	candidate	archive: GEO GSE52486 (https://www.ncbi.nlm.nih.gov/geo/query/acc.cgi?acc=GSE52486), SOFT record retrieved 2026-10-03 | paper: PMID 24315105; PMC3935230; doi:10.1016/j.cell.2013.11.005 | full text: full text not retrievable in this session: PMC3935230 sits outside the Europe PMC open-access subset (fullTextXML HTTP 500), NCBI efetch returns front matter only, and the PMC PDF endpoint answers with a proof-of-work challenge which was not solved; source-side restriction, not a sandbox block
PCC 7942	transcriptomics (array)	"CONDITION SET: Standard LL growth / 12h:12h entrainment prior to microarray sampling | SAMPLES: group 1, GSM1428798–GSM1428809 (all 12 samples); WT and cikA null genotypes, time points 4h–24h Light — identical growth protocol applies to all samples/genotypes/timepoints ;; temperature = 30C [GEO GSE59112 !Sample_growth_protocol_ch1 (group 1); quote: ""HEPES pH 8.0 at 30C under continuous illumination""] ;; light_intensity = 50-55 µmol photons m-2 s-1 [GEO GSE59112 !Sample_growth_protocol_ch1 (group 1); quote: ""50-55 µmol photons m-2 s-1""] ;; light_regime = continuous light (LL) during the 24h sampling period, preceded by entrainment with two 12h:12h light-dark cycles; spectrum: cool white fluorescent light (Phillips); entrainment photoperiod 12h:12h, then continuous light [GEO GSE59112 !Series_overall_design; spectrum also stated in !Sample_growth_protocol_ch1 (group 1); quote: ""synchronized with two light-dark (12h:12h) cycle before release into continuous light""] ;; co2 = not reported [checked: GEO GSE59112; PMID 25127221; PMC4477845; doi:10.1016/j.cub.2014.07.022] ;; medium = modified BG-11M liquid medium supplemented with 20 mM HEPES pH 8.0 [GEO GSE59112 !Sample_growth_protocol_ch1 (group 1); quote: ""modified BG-11M liquid medium supplemented with 20 mM HEPES pH 8.0""] ;; culture_format = liquid shaking culture (200 rpm per growth protocol); RNA samples drawn from 120 mL cultures kept semi-turbidostatically by manual dilution during the time course [paper PMC4477845, Methods — RNA Preparation and Microarray Analysis; quote: ""Cultures were kept semi-turbidostatically by manual dilution and collected at 4 h intervals for the next 24 h""] ;; growth_phase = OD750 ~0.2 (starting density of 120 mL cultures prior to synchronization and sampling) [paper PMC4477845, Methods — RNA Preparation and Microarray Analysis; quote: ""cultures (120 mL, OD 750 ~0.2) were synchronized with two light-dark (12 h:12h) cycles before release into LL""]"	"not stated; 12 samples total = 2 genotypes × 6 timepoints, 1 sample per genotype/timepoint in GEO sample list (no biological replicate indicated for the microarray samples) [GEO GSE59112 sample list (group 1); quote: ""GSM1428798 | WT 4h Light | genotype/variation: WT; time point: 4h Light | WT 4h Light""]"	not stated in GEO metadata	NCBI GEO public-repository terms; no per-file notice located. Recommendation only.	GEO GSE59112; PMID 25127221		none found (raw only: GSE59112_RAW.tar)	PCC 7942 RefSeq locus tags -> existing exact shared-protein crosswalk	candidate; the paper's Culture Conditions section gives ~60 umol photons m-2 s-1 for the metabolite cultures while GEO gives 50-55 uE m-2 s-1 for the array samples in this series; the GEO value is used because it is the one attached to these samples	archive: GEO GSE59112 (https://www.ncbi.nlm.nih.gov/geo/query/acc.cgi?acc=GSE59112), SOFT record retrieved 2026-10-03 | paper: PMID 25127221; PMC4477845; doi:10.1016/j.cub.2014.07.022
PCC 7942	transcriptomics (RNA-seq)	"CONDITION SET: Control N+ 24h (initial growth before split) / N+ and N- 48h RNA-seq samples | SAMPLES: GSM2101632, GSM2101633 (Control 24h rep1/rep2), GSM2101634, GSM2101635 (N-minus 48h rep1/rep2), GSM2101636, GSM2101637 (N-plus 48h rep1/rep2) ;; temperature = 30 °C [GEO GSE79726 !Sample_growth_protocol_ch1 (group 1); quote: ""Synechococcuse longatuse PCC 7942 strains were grown at 30 °C temperature while shaking under constant illumination light (100μE m-2 s-1) provided in BG-11 medium.""] ;; light_intensity = 100 μE m-2 s-1 (GEO); 100 μmol photons m−2 s−1 (paper) [GEO GSE79726 !Sample_growth_protocol_ch1 (group 1); quote: ""while shaking under constant illumination light (100μE m-2 s-1) provided in BG-11 medium.""] ;; light_regime = constant illumination (continuous); spectrum not reported; photoperiod not reported [GEO GSE79726 !Sample_growth_protocol_ch1 (group 1); quote: ""while shaking under constant illumination light (100μE m-2 s-1) provided in BG-11 medium.""] ;; co2 = not reported for RNA-seq growth; separate photobioreactor experiment used 5% CO2 (v/v) and 95% air (v/v) [paper PMC4973221, Methods: Calculations for carbon fixation rate using CO2 analysis; quote: ""5% CO 2 (v/v) and 95% air (v/v) was supplied directly into the medium at flow rate of 140 mL min −1 (0.08 vvm) by gas bubbling""] ;; medium = BG-11 medium (control/N+); nitrogen-free BG-11 medium (N-: no added NaNO3) for starvation [GEO GSE79726 !Sample_treatment_protocol_ch1 (group 1); quote: ""For nitrogen starvation experiments, we used up change a medium from BG-11 medium to lacking combined nitrogen (BG-11 N-: no added NaNO3; this medium corresponded to N-).""] ;; culture_format = shaking liquid culture, 6 ml (GEO); 50 ml (paper Methods, Cyanobacterial strain and growth conditions) [GEO GSE79726 !Sample_treatment_protocol_ch1 (group 1); quote: ""Briefly, cells were grown in 6 ml BG-11(N+) in for 24hours""] ;; growth_phase = cells harvested at OD730 of 1.0 (control, before N+/N- split); RNA-seq samples collected after 24 h of nitrogen starvation / 48h time point per GEO sample titles [paper PMC4973221, Methods: Cyanobacterial strain and growth conditions; quote: ""the cells at OD 730 of 1.0 were harvested by centrifugation at 13 000 rpm for 5 min""] ;; unit_conversion = 100 μE m-2 s-1 as reported in GEO; μE m-2 s-1 is equivalent to μmol photons m-2 s-1, consistent with the paper's reported value of 100 μmol photons m−2 s−1."	"biological duplicate samples (2 per condition) [paper PMC4973221, Methods: Cyanobacterial strain and growth conditions; quote: ""the biological duplicated samples were prepared for RNA-seq (refer 'arrow 2' in Fig. 1a ) and stored at −80 °C until they were analyzed.""]"	not stated in GEO metadata	NCBI GEO public-repository terms; no per-file notice located. Recommendation only.	GEO GSE79726; PMID 27488818		none found (raw only: GSE79726_Se7942-N-starv2016.txt.gz)	PCC 7942 RefSeq locus tags -> existing exact shared-protein crosswalk	candidate; the GEO sample labels ('Control 24h' vs 'N-minus 48h' / 'N-plus 48h') and the paper's description of a 24 h treatment after a 24 h growth period cannot be reconciled from the record; the time-point labelling is returned as deposited	archive: GEO GSE79726 (https://www.ncbi.nlm.nih.gov/geo/query/acc.cgi?acc=GSE79726), SOFT record retrieved 2026-10-03 | paper: PMID 27488818; PMC4973221; doi:10.1038/srep30584
PCC 7942	transcriptomics (RNA-seq)	"CONDITION SET: RNA-seq samples: clock rescue and rpaA- clock rescue strains, light/dark entrainment time course | SAMPLES: All 24 GSM samples (GSM2395359-GSM2395382), both control (clock rescue) and deltaR (rpaA- clock rescue) genotypes across 12 time points each ;; temperature = 30 °C [GEO GSE89999 !Sample_growth_protocol_ch1 (group 1); quote: ""Cell cultures were grown in tissue culture flasks under illumination with cool fluorescent light at 40 μE m-2 s-1 (μmoles photons m-2 s-1) in BG11 medium at 30 °C.""] ;; light_intensity = 40 μE m-2 s-1 (μmoles photons m-2 s-1) [GEO GSE89999 !Sample_growth_protocol_ch1 (group 1); quote: ""under illumination with cool fluorescent light at 40 μE m-2 s-1 (μmoles photons m-2 s-1) in BG11 medium at 30 °C""] ;; light_regime = cool fluorescent light; diel with light/dark cycling: clock rescue cells exposed to two 12h/12h light/dark cycles (12h dark, 12h light, 12h dark) for entrainment; rpaA- clock rescue cells exposed to one 12h light/dark cycle for entrainment; photoperiod 12h light/12h dark [GEO GSE89999 !Sample_treatment_protocol_ch1 (group 1); quote: ""The ""clock rescue "" cells were exposed to two light/dark cycles (12 hours of dark, followed by 12 h of light, followed by 12 h of dark), while the rpaA- ""clock rescue"" cells were exposed to one light/dark cycle for entrainment.""] ;; co2 = not reported [checked: GEO GSE89999; PMID 28430105; PMC5400509; doi:10.7554/elife.23210] ;; medium = BG11 medium [GEO GSE89999 !Sample_growth_protocol_ch1 (group 1); quote: ""in BG11 medium at 30 °C""] ;; culture_format = tissue culture flasks (liquid culture) [GEO GSE89999 !Sample_growth_protocol_ch1 (group 1); quote: ""Cell cultures were grown in tissue culture flasks under illumination with cool fluorescent light""] ;; growth_phase = OD750 maintained at a constant level of 0.2 [GEO GSE89999 !Sample_growth_protocol_ch1 (group 1); quote: ""The OD750 (optical density at 750 nm) was maintained at a constant level of 0.2.""] ;; unit_conversion = 40 μE m-2 s-1 as reported; μE m-2 s-1 is equivalent to µmol photons m-2 s-1 (stated explicitly in source: 'μE m-2 s-1 (μmoles photons m-2 s-1)')"	not reported [checked: GEO GSE89999; PMID 28430105; PMC5400509; doi:10.7554/elife.23210]	not stated in GEO metadata	NCBI GEO public-repository terms; no per-file notice located. Recommendation only.	GEO GSE89999; PMID 28430105		GSE89999_Expression_timecourse.xls.gz	PCC 7942 RefSeq locus tags -> existing exact shared-protein crosswalk	candidate	archive: GEO GSE89999 (https://www.ncbi.nlm.nih.gov/geo/query/acc.cgi?acc=GSE89999), SOFT record retrieved 2026-10-03 | paper: PMID 28430105; PMC5400509; doi:10.7554/elife.23210
PCC 7942	proteomics (LC-MS/MS);	"CONDITION SET: PXD000510 - S. elongatus PCC7942 circadian proteomics time course | SAMPLES: All samples (10 time points per 24h period, 20 time points over full 48 hour period; light/dark cycle study) ;; temperature = not retrieved [full text not retrievable in this session: PMC4125736 sits outside the Europe PMC open-access subset (fullTextXML HTTP 500), NCBI efetch returns front matter only, and the PMC PDF endpoint answers with a proof-of-work challenge which was not solved; source-side restriction, not a sandbox block; absence in the archive record is NOT evidence the study does not report it] ;; light_intensity = not retrieved [full text not retrievable in this session: PMC4125736 sits outside the Europe PMC open-access subset (fullTextXML HTTP 500), NCBI efetch returns front matter only, and the PMC PDF endpoint answers with a proof-of-work challenge which was not solved; source-side restriction, not a sandbox block; absence in the archive record is NOT evidence the study does not report it] ;; light_regime = spectrum: not reported; cycle: diel (light and dark cycles); photoperiod: 12:12-hours [PRIDE PXD000510 projectDescription; quote: ""we used quantitative proteomics, with TMT 6-plex isobaric labeling. We queried the S. elongatus proteome at ten different time points spanning a single 24 hour period, leading to 20 time points over the full 48 hour period.""] ;; co2 = not retrieved [full text not retrievable in this session: PMC4125736 sits outside the Europe PMC open-access subset (fullTextXML HTTP 500), NCBI efetch returns front matter only, and the PMC PDF endpoint answers with a proof-of-work challenge which was not solved; source-side restriction, not a sandbox block; absence in the archive record is NOT evidence the study does not report it] ;; medium = not retrieved [full text not retrievable in this session: PMC4125736 sits outside the Europe PMC open-access subset (fullTextXML HTTP 500), NCBI efetch returns front matter only, and the PMC PDF endpoint answers with a proof-of-work challenge which was not solved; source-side restriction, not a sandbox block; absence in the archive record is NOT evidence the study does not report it] ;; culture_format = not retrieved [full text not retrievable in this session: PMC4125736 sits outside the Europe PMC open-access subset (fullTextXML HTTP 500), NCBI efetch returns front matter only, and the PMC PDF endpoint answers with a proof-of-work challenge which was not solved; source-side restriction, not a sandbox block; absence in the archive record is NOT evidence the study does not report it] ;; growth_phase = not retrieved [full text not retrievable in this session: PMC4125736 sits outside the Europe PMC open-access subset (fullTextXML HTTP 500), NCBI efetch returns front matter only, and the PMC PDF endpoint answers with a proof-of-work challenge which was not solved; source-side restriction, not a sandbox block; absence in the archive record is NOT evidence the study does not report it]"	not retrieved [full text not retrievable in this session: PMC4125736 sits outside the Europe PMC open-access subset (fullTextXML HTTP 500), NCBI efetch returns front matter only, and the PMC PDF endpoint answers with a proof-of-work challenge which was not solved; source-side restriction, not a sandbox block; absence in the archive record is NOT evidence the study does not report it]	not stated	PRIDE/ProteomeXchange public-repository terms; per-file notice not located. Recommendation only.	PRIDE PXD000510		not determined - PRIDE per-project protein listing is not served for classic PXD submissions	UniProt accession -> exact shared-protein crosswalk	escalate: conditions only partly obtainable. The PRIDE record states a 12:12 h light/dark cycle and the sampling design but no temperature, light intensity, CO2, medium, format, phase or replicate count; the linked paper (PMID 24677030, PMC4125736) is outside the Europe PMC open-access subset so its Methods could not be read	archive: PRIDE PXD000510 (https://www.ebi.ac.uk/pride/ws/archive/v3/projects/PXD000510), project record retrieved 2026-10-03 | paper: PMID 24677030; PMC4125736; doi:10.1074/mcp.m113.035840 | full text: full text not retrievable in this session: PMC4125736 sits outside the Europe PMC open-access subset (fullTextXML HTTP 500), NCBI efetch returns front matter only, and the PMC PDF endpoint answers with a proof-of-work challenge which was not solved; source-side restriction, not a sandbox block
PCC 7942	proteomics (LC-MS/MS);	"CONDITION SET: WT vs L1118 proteomics growth condition (1-L Roux bottle, production culture) | SAMPLES: wild-type and L1118 limonene-producing strain samples used for proteomics/Dataset S1 comparison (PRIDE PXD005105 samples) ;; temperature = 30 °C [paper PMC5167140, Methods - Growth Conditions; quote: ""BG11 medium (Sigma) supplemented with 10 mM N-[Tris(hydroxymethyl)methyl]-2-aminoethanesulfonic acid (TES, pH 8.2) at 30 °C.""] ;; light_intensity = 100-μmol photons m−2 s−1 [paper PMC5167140, Methods - Growth Conditions; quote: ""cells grown in the 1-L Roux bottle were aerated with 5% (vol/vol) CO2 under 100-μmol photons m−2""] ;; light_regime = cool white fluorescent lamps; continuous illumination (photoperiod not reported) [paper PMC5167140, Methods - Growth Conditions; quote: ""illumination from cool white fluorescent lamps.""] ;; co2 = 5% (vol/vol) CO2 [paper PMC5167140, Methods - Growth Conditions; quote: ""cells grown in the 1-L Roux bottle were aerated with 5% (vol/vol) CO2 under 100-μmol photons m−2""] ;; medium = BG11 medium (Sigma) supplemented with 10 mM TES, pH 8.2 [paper PMC5167140, Methods - Growth Conditions; quote: ""BG11 medium (Sigma) supplemented with 10 mM N-[Tris(hydroxymethyl)methyl]-2-aminoethanesulfonic acid (TES, pH 8.2) at 30 °C.""] ;; culture_format = 1-L Roux bottle, 500 mL culture, coupled to photobioreactor with hydrocarbon absorbent trap [paper PMC5167140, Methods; quote: ""Cyanobacterial cells (500 mL) were grown in triplicates in 1-L Roux bottle coupled with a""] ;; growth_phase = log-phase (2-day limonene production during log-phase growth); OD not specified numerically [paper PMC5167140, Methods; quote: ""a 2-day limonene production during the log-phase cell growth.""] ;; unit_conversion = 100-μmol photons m−2 s−1 as reported; μmol photons m−2 s−1 is a standard PAR irradiance unit, no conversion needed."	"triplicates (biological) [paper PMC5167140, Methods; quote: ""Cyanobacterial cells (500 mL) were grown in triplicates in 1-L Roux bottle coupled with a""]"	not stated	PRIDE/ProteomeXchange public-repository terms; per-file notice not located. Recommendation only.	PRIDE PXD005105		not determined - PRIDE per-project protein listing is not served for classic PXD submissions	UniProt accession -> exact shared-protein crosswalk	candidate	archive: PRIDE PXD005105 (https://www.ebi.ac.uk/pride/ws/archive/v3/projects/PXD005105), project record retrieved 2026-10-03 | paper: PMID 27911807; PMC5167140; doi:10.1073/pnas.1613340113
PCC 7942	proteomics (LC-MS/MS);	"CONDITION SET: Seed culture conditions (pre-production inoculum) | SAMPLES: Seed cultures used to inoculate the production cultures (not directly the proteomics samples, but part of growth protocol) ;; temperature = not reported [checked: PRIDE PXD005105; PMID 27911807; PMC5167140; doi:10.1073/pnas.1613340113] ;; light_intensity = 50-μmol photons m−2 s [paper PMC5167140, Methods - Growth Conditions; quote: ""Seed cultures were grown in 250-mL Erlenmeyer flasks in BG11 medium supplemented with 20 mM NaHCO3 and 10 mM TES under 50-μmol photons m−2 s""] ;; light_regime = not reported (lamp type/photoperiod not specified for seed culture) ;; co2 = 20 mM NaHCO3 (supplement, not gaseous CO2) [paper PMC5167140, Methods - Growth Conditions; quote: ""Seed cultures were grown in 250-mL Erlenmeyer flasks in BG11 medium supplemented with 20 mM NaHCO3 and 10 mM TES under 50-μmol photons m−2 s""] ;; medium = BG11 medium supplemented with 20 mM NaHCO3 and 10 mM TES [paper PMC5167140, Methods - Growth Conditions; quote: ""Seed cultures were grown in 250-mL Erlenmeyer flasks in BG11 medium supplemented with 20 mM NaHCO3 and 10 mM TES under 50-μmol photons m−2 s""] ;; culture_format = 250-mL Erlenmeyer flasks [paper PMC5167140, Methods - Growth Conditions; quote: ""Seed cultures were grown in 250-mL Erlenmeyer flasks in BG11 medium supplemented with 20 mM NaHCO3 and 10 mM TES under 50-μmol photons m−2 s""] ;; growth_phase = not reported [checked: PRIDE PXD005105; PMID 27911807; PMC5167140; doi:10.1073/pnas.1613340113] ;; unit_conversion = 50-μmol photons m−2 s−1 as reported (unit truncated in source text); standard PAR irradiance unit."	not reported [checked: PRIDE PXD005105; PMID 27911807; PMC5167140; doi:10.1073/pnas.1613340113]	not stated	PRIDE/ProteomeXchange public-repository terms; per-file notice not located. Recommendation only.	PRIDE PXD005105		not determined - PRIDE per-project protein listing is not served for classic PXD submissions	UniProt accession -> exact shared-protein crosswalk	candidate	archive: PRIDE PXD005105 (https://www.ebi.ac.uk/pride/ws/archive/v3/projects/PXD005105), project record retrieved 2026-10-03 | paper: PMID 27911807; PMC5167140; doi:10.1073/pnas.1613340113
PCC 7942	proteomics (LC-MS/MS);	"CONDITION SET: S. elongatus PCC 7942 arm of the 48-organism acetylation survey | SAMPLES: Synechococcus elongatus (strain pcc 7942) (anacystis nidulans r2) — one of 48 bacterial samples in this multi-species PRIDE project ;; temperature = 22 °C [Table S1 of PMC5705920 (Europe PMC supplementaryFiles, file mbo006173609st1.xls, 49152 bytes, SHA-256 c0bea2222143063edb39ed79b993d7afa9fdc1506cc3c1f7b1ac3f1cdf8ef258), row 'Synechococcus elongatus PCC 7942', column 'Temperature'; quote: ""22°C""] ;; light_intensity = not reported [checked: PRIDE PXD005851; PMID 29184018; PMC5705920; doi:10.1128/mbio.01894-17] ;; light_regime = not reported [checked: PRIDE PXD005851; PMID 29184018; PMC5705920; doi:10.1128/mbio.01894-17] ;; co2 = not reported as a CO2 regime; atmosphere given only as 'Aerobic' [Table S1 of PMC5705920 (Europe PMC supplementaryFiles, file mbo006173609st1.xls, 49152 bytes, SHA-256 c0bea2222143063edb39ed79b993d7afa9fdc1506cc3c1f7b1ac3f1cdf8ef258), row 'Synechococcus elongatus PCC 7942', column 'Atmosphere Requirements'; quote: ""Aerobic""] ;; medium = ATCC 616 Medium BG-11 for Blue-Green Algae (strain source ATCC 33912); nitrogen source and organic carbon not itemised [Table S1 of PMC5705920 (Europe PMC supplementaryFiles, file mbo006173609st1.xls, 49152 bytes, SHA-256 c0bea2222143063edb39ed79b993d7afa9fdc1506cc3c1f7b1ac3f1cdf8ef258), row 'Synechococcus elongatus PCC 7942', column 'Media'; quote: ""ATCC 616 Medium BG-11 for Blue-Green Algae""] ;; culture_format = 5 ml liquid culture, no shaking, aerobic atmosphere [Table S1 of PMC5705920 (Europe PMC supplementaryFiles, file mbo006173609st1.xls, 49152 bytes, SHA-256 c0bea2222143063edb39ed79b993d7afa9fdc1506cc3c1f7b1ac3f1cdf8ef258), row 'Synechococcus elongatus PCC 7942', column 'RPM shaking'; aerobic from column 'Atmosphere Requirements'; quote: ""No shaking""] ;; growth_phase = early stationary phase (OD not reported) [paper PMC5705920, Bacterial growth and sample preparation; quote: ""Bacteria were grown in 5 ml of medium to early stationary phase.""]"	not reported [checked: PRIDE PXD005851; PMID 29184018; PMC5705920; doi:10.1128/mbio.01894-17]	not stated	PRIDE/ProteomeXchange public-repository terms; per-file notice not located. Recommendation only.	PRIDE PXD005851		not determined - PRIDE per-project protein listing is not served for classic PXD submissions	UniProt accession -> exact shared-protein crosswalk	escalate: MULTI-ORGANISM DEPOSIT. The project covers 48 bacteria across 6 phyla; S. elongatus PCC 7942 is one arm and C. stanieri is a second cyanobacterium. Per-organism growth conditions were recovered from Table S1 of PMC5705920 and are returned here for the S. elongatus arm only. NOTE FOR COMPARABILITY (package D, not decided here): the stated temperature is 22 degC	archive: PRIDE PXD005851 (https://www.ebi.ac.uk/pride/ws/archive/v3/projects/PXD005851), project record retrieved 2026-10-03 | paper: PMID 29184018; PMC5705920; doi:10.1128/mbio.01894-17 | supplement: Table S1, Europe PMC supplementaryFiles for PMC5705920, file mbo006173609st1.xls, 49152 bytes, SHA-256 c0bea2222143063edb39ed79b993d7afa9fdc1506cc3c1f7b1ac3f1cdf8ef258, retrieved 2026-10-03
PCC 11801	proteomics (LC-MS/MS);	"CONDITION SET: 0.04% CO2 (ambient, iTRAQ 114) | SAMPLES: iTRAQ label 114, 0.04% CO2 condition, 3 biological replicates ;; temperature = 38 °C [paper PMC6472392, Methods - Cultivation conditions; quote: ""The culture was grown at 38 °C, 120 rpm and light intensity of 400 µmole photon.m −2 .s −1 in a CO 2 incubator shaker""] ;; light_intensity = 400 µmole photon.m-2.s-1 [paper PMC6472392, Methods - Cultivation conditions; quote: ""light intensity of 400 µmole photon.m −2 .s −1 in a CO 2 incubator shaker""] ;; light_regime = spectrum not reported; continuous vs diel not reported; photoperiod not reported ;; co2 = 0.04% CO2 [paper PMC6472392, Results - iTRAQ proteomics; quote: ""The iTRAQ reagents 114, 115, 116 and 117 were used to label protein digests from samples grown at 0.04%, 0.5%, 1% and 10% CO 2 , respectively.""] ;; medium = non-buffered BG-11 medium (initial pH = 7.5) [paper PMC6472392, Methods - Cultivation conditions; quote: ""The strain Synechococcus 11801 was cultured in non-buffered BG-11 medium (initial pH = 7.5) and shake flasks.""] ;; culture_format = shake flasks, 120 rpm [paper PMC6472392, Methods - Cultivation conditions; quote: ""The strain Synechococcus 11801 was cultured in non-buffered BG-11 medium (initial pH = 7.5) and shake flasks.""] ;; growth_phase = OD730 = 0.8 [paper PMC6472392, Methods - Cultivation conditions; quote: ""Three biological replicates of the cells (OD 730 = 0.8) grown under 0.04%, 0.5%, 1% and 10% CO 2 were harvested by centrifugation""] ;; unit_conversion = 400 µmole photon.m-2.s-1 as reported; µmole photons m-2 s-1 is equivalent to µmol photons m-2 s-1 (standard PAR unit)"	"3 biological replicates [PRIDE PXD011485 sampleProcessingProtocol; quote: ""Three independent biological replicates for each CO2 condition were taken for this study.""]"	not stated	PRIDE/ProteomeXchange public-repository terms; per-file notice not located. Recommendation only.	PRIDE PXD011485		not determined - PRIDE per-project protein listing is not served for classic PXD submissions	NOT APPLICABLE AS CARRIED OVER - PCC 11801 is not one of the six pangenome strains; no documented route to UTEX 2973 loci exists in this repository. Input value was: UniProt accession -> exact shared-protein crosswalk	escalate: STRAIN CORRECTED. Input row says 'Synechococcus elongatus' with strain unresolved; the PRIDE title and the paper state Synechococcus elongatus PCC 11801, a fast-growing isolate that is NOT one of the six strains in the Adomako 2022 pangenome, so the carried-over mapping route does not apply. The deposit's own protein identification used the S. elongatus PCC 7942 UniProt fasta as a close homolog, which is a search-database choice, not a crosswalk	archive: PRIDE PXD011485 (https://www.ebi.ac.uk/pride/ws/archive/v3/projects/PXD011485), project record retrieved 2026-10-03 | paper: PMID 31000743; PMC6472392; doi:10.1038/s41598-019-42576-1
PCC 11801	proteomics (LC-MS/MS);	"CONDITION SET: 0.5% CO2 (iTRAQ 115) | SAMPLES: iTRAQ label 115, 0.5% CO2 condition, 3 biological replicates ;; temperature = 38 °C [paper PMC6472392, Methods - Cultivation conditions; quote: ""The culture was grown at 38 °C, 120 rpm and light intensity of 400 µmole photon.m −2 .s −1 in a CO 2 incubator shaker""] ;; light_intensity = 400 µmole photon.m-2.s-1 [paper PMC6472392, Methods - Cultivation conditions; quote: ""light intensity of 400 µmole photon.m −2 .s −1 in a CO 2 incubator shaker""] ;; light_regime = spectrum not reported; continuous vs diel not reported; photoperiod not reported ;; co2 = 0.5% CO2 [paper PMC6472392, Results - iTRAQ proteomics; quote: ""The iTRAQ reagents 114, 115, 116 and 117 were used to label protein digests from samples grown at 0.04%, 0.5%, 1% and 10% CO 2 , respectively.""] ;; medium = non-buffered BG-11 medium (initial pH = 7.5) [paper PMC6472392, Methods - Cultivation conditions; quote: ""The strain Synechococcus 11801 was cultured in non-buffered BG-11 medium (initial pH = 7.5) and shake flasks.""] ;; culture_format = shake flasks, 120 rpm [paper PMC6472392, Methods - Cultivation conditions; quote: ""The strain Synechococcus 11801 was cultured in non-buffered BG-11 medium (initial pH = 7.5) and shake flasks.""] ;; growth_phase = OD730 = 0.8 [paper PMC6472392, Methods - Cultivation conditions; quote: ""Three biological replicates of the cells (OD 730 = 0.8) grown under 0.04%, 0.5%, 1% and 10% CO 2 were harvested by centrifugation""] ;; unit_conversion = 400 µmole photon.m-2.s-1 as reported; µmole photons m-2 s-1 is equivalent to µmol photons m-2 s-1 (standard PAR unit)"	"3 biological replicates [PRIDE PXD011485 sampleProcessingProtocol; quote: ""Three independent biological replicates for each CO2 condition were taken for this study.""]"	not stated	PRIDE/ProteomeXchange public-repository terms; per-file notice not located. Recommendation only.	PRIDE PXD011485		not determined - PRIDE per-project protein listing is not served for classic PXD submissions	NOT APPLICABLE AS CARRIED OVER - PCC 11801 is not one of the six pangenome strains; no documented route to UTEX 2973 loci exists in this repository. Input value was: UniProt accession -> exact shared-protein crosswalk	escalate: STRAIN CORRECTED. Input row says 'Synechococcus elongatus' with strain unresolved; the PRIDE title and the paper state Synechococcus elongatus PCC 11801, a fast-growing isolate that is NOT one of the six strains in the Adomako 2022 pangenome, so the carried-over mapping route does not apply. The deposit's own protein identification used the S. elongatus PCC 7942 UniProt fasta as a close homolog, which is a search-database choice, not a crosswalk	archive: PRIDE PXD011485 (https://www.ebi.ac.uk/pride/ws/archive/v3/projects/PXD011485), project record retrieved 2026-10-03 | paper: PMID 31000743; PMC6472392; doi:10.1038/s41598-019-42576-1
PCC 11801	proteomics (LC-MS/MS);	"CONDITION SET: 1% CO2 (iTRAQ 116) | SAMPLES: iTRAQ label 116, 1% CO2 condition, 3 biological replicates ;; temperature = 38 °C [paper PMC6472392, Methods - Cultivation conditions; quote: ""The culture was grown at 38 °C, 120 rpm and light intensity of 400 µmole photon.m −2 .s −1 in a CO 2 incubator shaker""] ;; light_intensity = 400 µmole photon.m-2.s-1 [paper PMC6472392, Methods - Cultivation conditions; quote: ""light intensity of 400 µmole photon.m −2 .s −1 in a CO 2 incubator shaker""] ;; light_regime = spectrum not reported; continuous vs diel not reported; photoperiod not reported ;; co2 = 1% CO2 [paper PMC6472392, Results - iTRAQ proteomics; quote: ""The iTRAQ reagents 114, 115, 116 and 117 were used to label protein digests from samples grown at 0.04%, 0.5%, 1% and 10% CO 2 , respectively.""] ;; medium = non-buffered BG-11 medium (initial pH = 7.5) [paper PMC6472392, Methods - Cultivation conditions; quote: ""The strain Synechococcus 11801 was cultured in non-buffered BG-11 medium (initial pH = 7.5) and shake flasks.""] ;; culture_format = shake flasks, 120 rpm [paper PMC6472392, Methods - Cultivation conditions; quote: ""The strain Synechococcus 11801 was cultured in non-buffered BG-11 medium (initial pH = 7.5) and shake flasks.""] ;; growth_phase = OD730 = 0.8 [paper PMC6472392, Methods - Cultivation conditions; quote: ""Three biological replicates of the cells (OD 730 = 0.8) grown under 0.04%, 0.5%, 1% and 10% CO 2 were harvested by centrifugation""] ;; unit_conversion = 400 µmole photon.m-2.s-1 as reported; µmole photons m-2 s-1 is equivalent to µmol photons m-2 s-1 (standard PAR unit)"	"3 biological replicates [PRIDE PXD011485 sampleProcessingProtocol; quote: ""Three independent biological replicates for each CO2 condition were taken for this study.""]"	not stated	PRIDE/ProteomeXchange public-repository terms; per-file notice not located. Recommendation only.	PRIDE PXD011485		not determined - PRIDE per-project protein listing is not served for classic PXD submissions	NOT APPLICABLE AS CARRIED OVER - PCC 11801 is not one of the six pangenome strains; no documented route to UTEX 2973 loci exists in this repository. Input value was: UniProt accession -> exact shared-protein crosswalk	escalate: STRAIN CORRECTED. Input row says 'Synechococcus elongatus' with strain unresolved; the PRIDE title and the paper state Synechococcus elongatus PCC 11801, a fast-growing isolate that is NOT one of the six strains in the Adomako 2022 pangenome, so the carried-over mapping route does not apply. The deposit's own protein identification used the S. elongatus PCC 7942 UniProt fasta as a close homolog, which is a search-database choice, not a crosswalk	archive: PRIDE PXD011485 (https://www.ebi.ac.uk/pride/ws/archive/v3/projects/PXD011485), project record retrieved 2026-10-03 | paper: PMID 31000743; PMC6472392; doi:10.1038/s41598-019-42576-1
PCC 11801	proteomics (LC-MS/MS);	"CONDITION SET: 10% CO2 (iTRAQ 117) | SAMPLES: iTRAQ label 117, 10% CO2 condition, 3 biological replicates ;; temperature = 38 °C [paper PMC6472392, Methods - Cultivation conditions; quote: ""The culture was grown at 38 °C, 120 rpm and light intensity of 400 µmole photon.m −2 .s −1 in a CO 2 incubator shaker""] ;; light_intensity = 400 µmole photon.m-2.s-1 [paper PMC6472392, Methods - Cultivation conditions; quote: ""light intensity of 400 µmole photon.m −2 .s −1 in a CO 2 incubator shaker""] ;; light_regime = spectrum not reported; continuous vs diel not reported; photoperiod not reported ;; co2 = 10% CO2 [paper PMC6472392, Results - iTRAQ proteomics; quote: ""The iTRAQ reagents 114, 115, 116 and 117 were used to label protein digests from samples grown at 0.04%, 0.5%, 1% and 10% CO 2 , respectively.""] ;; medium = non-buffered BG-11 medium (initial pH = 7.5) [paper PMC6472392, Methods - Cultivation conditions; quote: ""The strain Synechococcus 11801 was cultured in non-buffered BG-11 medium (initial pH = 7.5) and shake flasks.""] ;; culture_format = shake flasks, 120 rpm [paper PMC6472392, Methods - Cultivation conditions; quote: ""The strain Synechococcus 11801 was cultured in non-buffered BG-11 medium (initial pH = 7.5) and shake flasks.""] ;; growth_phase = OD730 = 0.8 [paper PMC6472392, Methods - Cultivation conditions; quote: ""Three biological replicates of the cells (OD 730 = 0.8) grown under 0.04%, 0.5%, 1% and 10% CO 2 were harvested by centrifugation""] ;; unit_conversion = 400 µmole photon.m-2.s-1 as reported; µmole photons m-2 s-1 is equivalent to µmol photons m-2 s-1 (standard PAR unit)"	"3 biological replicates [PRIDE PXD011485 sampleProcessingProtocol; quote: ""Three independent biological replicates for each CO2 condition were taken for this study.""]"	not stated	PRIDE/ProteomeXchange public-repository terms; per-file notice not located. Recommendation only.	PRIDE PXD011485		not determined - PRIDE per-project protein listing is not served for classic PXD submissions	NOT APPLICABLE AS CARRIED OVER - PCC 11801 is not one of the six pangenome strains; no documented route to UTEX 2973 loci exists in this repository. Input value was: UniProt accession -> exact shared-protein crosswalk	escalate: STRAIN CORRECTED. Input row says 'Synechococcus elongatus' with strain unresolved; the PRIDE title and the paper state Synechococcus elongatus PCC 11801, a fast-growing isolate that is NOT one of the six strains in the Adomako 2022 pangenome, so the carried-over mapping route does not apply. The deposit's own protein identification used the S. elongatus PCC 7942 UniProt fasta as a close homolog, which is a search-database choice, not a crosswalk	archive: PRIDE PXD011485 (https://www.ebi.ac.uk/pride/ws/archive/v3/projects/PXD011485), project record retrieved 2026-10-03 | paper: PMID 31000743; PMC6472392; doi:10.1038/s41598-019-42576-1
UTEX 2973	proteomics (LC-MS/MS);	"CONDITION SET: N-starvation degradation and re-synthesis time course (UTEX 2973), growth/culture conditions | SAMPLES: All sample IDs 1-35 (PRIDE sample set); degradation time points 0h (IDs 1-3), 0.5h (5-7), 1.5h (9-11), 2h (13-15), 4h (17-19); re-synthesis time points 0.5h (21-23), 1.5h (25-27), 2h (29-31), 4h (33-35) ;; temperature = 37 °C [paper PMC6722726, Section 2.2 Nitrogen Starvation Conditions; quote: ""cultures were placed back in the multicultivators at 37 °C with 500 μmol photons m −2 s −1 of light and 5% CO 2""] ;; light_intensity = 500 μmol photons m-2 s-1 [paper PMC6722726, Section 2.1 Bacterial Strain and Growth Conditions; quote: ""with 500 μmol photons m −2 s −1 of light and 5% CO 2""] ;; light_regime = spectrum: not reported; continuous (implied by photoautotrophic multicultivator growth, not explicitly stated); photoperiod: not reported [paper PMC6722726, Section 2.1 Bacterial Strain and Growth Conditions; quote: ""grown photoautotrophically in a multicultivator photobioreactor (Photon Systems Instuments, Czech Republic) at 37 °C with 500 μmol photons m −2 s −1 of light and 5% CO 2""] ;; co2 = 5% CO2 [paper PMC6722726, Section 2.1 Bacterial Strain and Growth Conditions; quote: ""5% CO 2 in BG11 growth medium""] ;; medium = BG11 growth medium containing 1.76 M NaNO3 (BG11+N); for N starvation, BG-11 0 (NaNO3 replaced with equimolar NaCl); 10 mM NaNO3 added at 4h to initiate re-synthesis [paper PMC6722726, Section 2.1 Bacterial Strain and Growth Conditions; quote: ""BG11 growth medium [ 36 ] containing 1.76 M NaNO 3 (BG11+N)""] ;; culture_format = multicultivator photobioreactor [paper PMC6722726, Section 2.1 Bacterial Strain and Growth Conditions; quote: ""grown photoautotrophically in a multicultivator photobioreactor (Photon Systems Instuments, Czech Republic)""] ;; growth_phase = exponential phase cultures at OD730nm = 0.9, diluted to OD730nm = 0.2 at onset of N starvation experiment [paper PMC6722726, Section 2.2 Nitrogen Starvation Conditions; quote: ""exponential cultures (OD 730 nm = 0.9) grown in multicultivators were harvested, washed twice, and resuspended with BG-11 0 media""] ;; unit_conversion = Light intensity reported as 500 μmol photons m-2 s-1 as given in source; no conversion needed."	"three biological replicates [paper PMC6722726, Section 2.2 Nitrogen Starvation Conditions; quote: ""Samples were collected for each time point during PBS degradation and resynthesis from three biological replicates.""]"	not stated	PRIDE/ProteomeXchange public-repository terms; per-file notice not located. Recommendation only.	PRIDE PXD014590		not determined - PRIDE per-project protein listing is not served for classic PXD submissions	NOT APPLICABLE AS CARRIED OVER - UTEX 2973 is the genome of record, so no cross-strain transfer applies. Input value was: UniProt accession -> exact shared-protein crosswalk	escalate: STRAIN CORRECTED, AND IT IS THE GENOME OF RECORD. Input row says 'Synechococcus elongatus' with strain unresolved; the PRIDE title and the paper state Synechococcus elongatus UTEX 2973. No cross-strain transfer is involved, so the carried-over mapping route is wrong and the row needs a UTEX 2973 route instead	archive: PRIDE PXD014590 (https://www.ebi.ac.uk/pride/ws/archive/v3/projects/PXD014590), project record retrieved 2026-10-03 | paper: PMID 31426316; PMC6722726; doi:10.3390/biom9080374
PCC 7942	proteomics (LC-MS/MS);	"CONDITION SET: Growth light (GL) condition | SAMPLES: Group 1 - Growth light (GL) WT samples, harvested after 14 days under 40 µmol photons m-2 s-1 ;; temperature = 30°C [PRIDE PXD019731 sampleProcessingProtocol; quote: ""Cells were first cultured at 30°C for 14 days either under 40 µmol photons m-2 s-1 (growth light, GL) or under 300 µmol photons m-2 s-1 (high light, HL).""] ;; light_intensity = 40 µmol photons m-2 s-1 [PRIDE PXD019731 sampleProcessingProtocol; quote: ""either under 40 µmol photons m-2 s-1 (growth light, GL)""] ;; light_regime = white light (spectrum); continuous (no dark period stated) — explicitly stated for the pre-experimental/40 µmol culture phase [PRIDE PXD019731 sampleProcessingProtocol; quote: ""grown in BG11 medium under continuous white light of 40 µmol photons m-2 s-1 at 30°C in culture flasks with constant shaking.""] ;; co2 = not reported [checked: PRIDE PXD019731; PMID 34108457; PMC8190092; doi:10.1038/s41467-021-23680-1 (the paper cites PXD019731)] ;; medium = BG11 medium [PRIDE PXD019731 sampleProcessingProtocol; quote: ""inoculating cells to the starting OD750 = 0.2 in fresh BG11 medium.""] ;; culture_format = Photobioreactor Multi-Cultivator MC1000, parallel 80-ml cultures [PRIDE PXD019731 sampleProcessingProtocol; quote: ""Experimental cultures were grown in a photobioreactor Multi‐Cultivator MC 1000 (Photon Systems Instruments, Brno, Czech Republic). Parallel 80-ml cultures were started from pre-experimental cultures""] ;; growth_phase = Starting OD750 = 0.2 at inoculation; harvested after 14 days of growth under GL (no harvest OD750 given) [PRIDE PXD019731 sampleProcessingProtocol; quote: ""inoculating cells to the starting OD750 = 0.2 in fresh BG11 medium""]"	"Three biologically independent experiments [paper, Fig. 3 legend; quote: ""Transparent symbols represent three independent biological replicates.""]"	not stated	PRIDE/ProteomeXchange public-repository terms; per-file notice not located. Recommendation only.	PRIDE PXD019731		not determined - PRIDE per-project protein listing is not served for classic PXD submissions	UniProt accession -> exact shared-protein crosswalk	candidate	archive: PRIDE PXD019731 (https://www.ebi.ac.uk/pride/ws/archive/v3/projects/PXD019731), project record retrieved 2026-10-03 | paper: PMID 34108457; PMC8190092; doi:10.1038/s41467-021-23680-1 (the paper cites PXD019731)
PCC 7942	proteomics (LC-MS/MS);	"CONDITION SET: High light (HL) condition | SAMPLES: Group 2 - High light (HL) WT samples, harvested after 14 days under 300 µmol photons m-2 s-1 ;; temperature = 30°C [PRIDE PXD019731 sampleProcessingProtocol; quote: ""Cells were first cultured at 30°C for 14 days either under 40 µmol photons m-2 s-1 (growth light, GL) or under 300 µmol photons m-2 s-1 (high light, HL).""] ;; light_intensity = 300 µmol photons m-2 s-1 [PRIDE PXD019731 sampleProcessingProtocol; quote: ""or under 300 µmol photons m-2 s-1 (high light, HL).""] ;; light_regime = not reported (spectrum/continuity not explicitly restated for the HL intensity condition; continuous white light is only explicitly stated for the 40 µmol pre-experimental phase) ;; co2 = not reported [checked: PRIDE PXD019731; PMID 34108457; PMC8190092; doi:10.1038/s41467-021-23680-1 (the paper cites PXD019731)] ;; medium = BG11 medium [PRIDE PXD019731 sampleProcessingProtocol; quote: ""inoculating cells to the starting OD750 = 0.2 in fresh BG11 medium.""] ;; culture_format = Photobioreactor Multi-Cultivator MC1000, parallel 80-ml cultures [PRIDE PXD019731 sampleProcessingProtocol; quote: ""Experimental cultures were grown in a photobioreactor Multi‐Cultivator MC 1000 (Photon Systems Instruments, Brno, Czech Republic). Parallel 80-ml cultures were started from pre-experimental cultures""] ;; growth_phase = Starting OD750 = 0.2 at inoculation; harvested after 14 days under HL; OD750 of HL culture = 0.6 just before LL transfer [PRIDE PXD019731 sampleProcessingProtocol; quote: ""After this, OD750 of the HL culture was adjusted to 0.6 with fresh BG11 and transferred to under 20 µmol photons m-2 s-1 (LL, low light) for 5 days.""]"	"Three biologically independent experiments [paper, Fig. 3 legend; quote: ""Transparent symbols represent three independent biological replicates.""]"	not stated	PRIDE/ProteomeXchange public-repository terms; per-file notice not located. Recommendation only.	PRIDE PXD019731		not determined - PRIDE per-project protein listing is not served for classic PXD submissions	UniProt accession -> exact shared-protein crosswalk	candidate	archive: PRIDE PXD019731 (https://www.ebi.ac.uk/pride/ws/archive/v3/projects/PXD019731), project record retrieved 2026-10-03 | paper: PMID 34108457; PMC8190092; doi:10.1038/s41467-021-23680-1 (the paper cites PXD019731)
PCC 7942	proteomics (LC-MS/MS);	"CONDITION SET: Low light (LL) recovery condition, days 1-5 post HL-to-LL transfer | SAMPLES: Group 3 - LL samples, HL-grown WT cells transferred to 20 µmol photons m-2 s-1, time points across 5 consecutive days (LL day1-5) ;; temperature = not reported (30°C is stated only for the preceding 14-day GL/HL culturing phase; not explicitly restated for the LL transfer phase) ;; light_intensity = 20 µmol photons m-2 s-1 [PRIDE PXD019731 sampleProcessingProtocol; quote: ""transferred to under 20 µmol photons m-2 s-1 (LL, low light) for 5 days.""] ;; light_regime = not reported (spectrum/continuity not explicitly restated for the LL intensity condition) ;; co2 = not reported [checked: PRIDE PXD019731; PMID 34108457; PMC8190092; doi:10.1038/s41467-021-23680-1 (the paper cites PXD019731)] ;; medium = BG11 medium (fresh) [PRIDE PXD019731 sampleProcessingProtocol; quote: ""OD750 of the HL culture was adjusted to 0.6 with fresh BG11 and transferred to under 20 µmol photons m-2 s-1 (LL, low light) for 5 days.""] ;; culture_format = Photobioreactor Multi-Cultivator MC1000, parallel 80-ml cultures (continuation of HL cultures) [PRIDE PXD019731 sampleProcessingProtocol; quote: ""Experimental cultures were grown in a photobioreactor Multi‐Cultivator MC 1000 (Photon Systems Instruments, Brno, Czech Republic). Parallel 80-ml cultures were started from pre-experimental cultures""] ;; growth_phase = OD750 adjusted to 0.6 at start of LL transfer; harvested at distinct time points over five consecutive days (LL day1-5), no further OD750 values given per day [PRIDE PXD019731 sampleProcessingProtocol; quote: ""cells were harvested after 14 days of growth under both GL and HL conditions along with five consecutive days after transferring cells from HL to LL conditions.""]"	"Three biologically independent experiments [paper, Fig. 3 legend; quote: ""Transparent symbols represent three independent biological replicates.""]"	not stated	PRIDE/ProteomeXchange public-repository terms; per-file notice not located. Recommendation only.	PRIDE PXD019731		not determined - PRIDE per-project protein listing is not served for classic PXD submissions	UniProt accession -> exact shared-protein crosswalk	candidate	archive: PRIDE PXD019731 (https://www.ebi.ac.uk/pride/ws/archive/v3/projects/PXD019731), project record retrieved 2026-10-03 | paper: PMID 34108457; PMC8190092; doi:10.1038/s41467-021-23680-1 (the paper cites PXD019731)
PCC 7942	proteomics (LC-MS/MS);	CONDITION SET: All samples (growth conditions not described in available metadata) | SAMPLES: 2Hr Induced 1-3, 4Hr Induced 1-3, Uninduced 1-3 (all samples listed in TMT labeling assignment table) ;; temperature = not retrieved [no linked publication found in the archive record or by Europe PMC accession/title search, so the deposit record is the only source; absence in the archive record is NOT evidence the study does not report it] ;; light_intensity = not retrieved [no linked publication found in the archive record or by Europe PMC accession/title search, so the deposit record is the only source; absence in the archive record is NOT evidence the study does not report it] ;; light_regime = not retrieved [no linked publication found in the archive record or by Europe PMC accession/title search, so the deposit record is the only source; absence in the archive record is NOT evidence the study does not report it] ;; co2 = not retrieved [no linked publication found in the archive record or by Europe PMC accession/title search, so the deposit record is the only source; absence in the archive record is NOT evidence the study does not report it] ;; medium = not retrieved [no linked publication found in the archive record or by Europe PMC accession/title search, so the deposit record is the only source; absence in the archive record is NOT evidence the study does not report it] ;; culture_format = not retrieved [no linked publication found in the archive record or by Europe PMC accession/title search, so the deposit record is the only source; absence in the archive record is NOT evidence the study does not report it] ;; growth_phase = not retrieved [no linked publication found in the archive record or by Europe PMC accession/title search, so the deposit record is the only source; absence in the archive record is NOT evidence the study does not report it]	"not stated; 3 samples per condition in PRIDE sample labeling list [PRIDE PXD023591 sampleProcessingProtocol, TMT Labeling table; quote: ""2Hr Induced 1 126 2Hr Induced 2 128C 2Hr Induced 3 129C 4Hr Induced 1 127N 4Hr Induced 2 128N 4Hr Induced 3 130C Uninduced 1 127C Uninduced 2 129N Uninduced 3 130N""]"	not stated	PRIDE/ProteomeXchange public-repository terms; per-file notice not located. Recommendation only.	PRIDE PXD023591		not determined - PRIDE per-project protein listing is not served for classic PXD submissions	UniProt accession -> exact shared-protein crosswalk	escalate: no growth conditions obtainable. The PRIDE record describes only digestion, TMT labelling and LC-MS/MS parameters, and no linked publication was found in the PRIDE references or by Europe PMC accession/title search. The temperatures in the record (45 C, 37 C, 50 C) are sample-prep and column temperatures, not culture temperatures	archive: PRIDE PXD023591 (https://www.ebi.ac.uk/pride/ws/archive/v3/projects/PXD023591), project record retrieved 2026-10-03 | full text: no linked publication found in the archive record or by Europe PMC accession/title search, so the deposit record is the only source
PCC 7942	proteomics (LC-MS/MS);	CONDITION SET: not reported | SAMPLES: all samples (sucrose secreting mutant of Synechococcus elongatus PCC 7942, proteomic study) ;; temperature = not retrieved [full text not retrievable in this session: PMC9157067 sits outside the Europe PMC open-access subset (fullTextXML HTTP 500), NCBI efetch returns front matter only, and the PMC PDF endpoint answers with a proof-of-work challenge which was not solved; source-side restriction, not a sandbox block; absence in the archive record is NOT evidence the study does not report it] ;; light_intensity = not retrieved [full text not retrievable in this session: PMC9157067 sits outside the Europe PMC open-access subset (fullTextXML HTTP 500), NCBI efetch returns front matter only, and the PMC PDF endpoint answers with a proof-of-work challenge which was not solved; source-side restriction, not a sandbox block; absence in the archive record is NOT evidence the study does not report it] ;; light_regime = not retrieved [full text not retrievable in this session: PMC9157067 sits outside the Europe PMC open-access subset (fullTextXML HTTP 500), NCBI efetch returns front matter only, and the PMC PDF endpoint answers with a proof-of-work challenge which was not solved; source-side restriction, not a sandbox block; absence in the archive record is NOT evidence the study does not report it] ;; co2 = not retrieved [full text not retrievable in this session: PMC9157067 sits outside the Europe PMC open-access subset (fullTextXML HTTP 500), NCBI efetch returns front matter only, and the PMC PDF endpoint answers with a proof-of-work challenge which was not solved; source-side restriction, not a sandbox block; absence in the archive record is NOT evidence the study does not report it] ;; medium = not retrieved [full text not retrievable in this session: PMC9157067 sits outside the Europe PMC open-access subset (fullTextXML HTTP 500), NCBI efetch returns front matter only, and the PMC PDF endpoint answers with a proof-of-work challenge which was not solved; source-side restriction, not a sandbox block; absence in the archive record is NOT evidence the study does not report it] ;; culture_format = not retrieved [full text not retrievable in this session: PMC9157067 sits outside the Europe PMC open-access subset (fullTextXML HTTP 500), NCBI efetch returns front matter only, and the PMC PDF endpoint answers with a proof-of-work challenge which was not solved; source-side restriction, not a sandbox block; absence in the archive record is NOT evidence the study does not report it] ;; growth_phase = not retrieved [full text not retrievable in this session: PMC9157067 sits outside the Europe PMC open-access subset (fullTextXML HTTP 500), NCBI efetch returns front matter only, and the PMC PDF endpoint answers with a proof-of-work challenge which was not solved; source-side restriction, not a sandbox block; absence in the archive record is NOT evidence the study does not report it]	not retrieved [full text not retrievable in this session: PMC9157067 sits outside the Europe PMC open-access subset (fullTextXML HTTP 500), NCBI efetch returns front matter only, and the PMC PDF endpoint answers with a proof-of-work challenge which was not solved; source-side restriction, not a sandbox block; absence in the archive record is NOT evidence the study does not report it]	not stated	PRIDE/ProteomeXchange public-repository terms; per-file notice not located. Recommendation only.	PRIDE PXD027430		not determined - PRIDE per-project protein listing is not served for classic PXD submissions	UniProt accession -> exact shared-protein crosswalk	escalate: no growth conditions obtainable in this session. The PRIDE record describes only proteomic sample prep and search parameters, and the linked paper (PMID 35201348, PMC9157067) is outside the Europe PMC open-access subset so its Methods could not be read. Absence here is not evidence the study does not report the values	archive: PRIDE PXD027430 (https://www.ebi.ac.uk/pride/ws/archive/v3/projects/PXD027430), project record retrieved 2026-10-03 | paper: PMID 35201348; PMC9157067; doi:10.1093/plphys/kiac065 | full text: full text not retrievable in this session: PMC9157067 sits outside the Europe PMC open-access subset (fullTextXML HTTP 500), NCBI efetch returns front matter only, and the PMC PDF endpoint answers with a proof-of-work challenge which was not solved; source-side restriction, not a sandbox block
PCC 7942	proteomics (LC-MS/MS);	"CONDITION SET: Standard growth/cultivation condition (L1118 and engineered strains, flask/Roux bottle stage) | SAMPLES: L1118 and newly engineered strains (including Lsps) used for the two comparative proteomics experiments, per PRIDE PXD030282 sample processing protocol and paper Methods 2.2/2.5 ;; temperature = 30°C [paper PMC10521692, Methods 2.2; quote: ""The strains were first cultured in 250 mL flasks with illumination of 75 μ mol photons m -2 s -1 with the addition of appropriate antibiotics and then transferred into a 1-L Roux bottle with 5% CO 2 bubbling at a speed of 50 mL/min and 100 μ mol photons m -2 s -1 .""] ;; light_intensity = 75 μmol photons m-2 s-1 (flask stage), 100 μmol photons m-2 s-1 (Roux bottle stage) [paper PMC10521692, Methods 2.2; quote: ""The strains were first cultured in 250 mL flasks with illumination of 75 μ mol photons m -2 s -1 with the addition of appropriate antibiotics and then transferred into a 1-L Roux bottle with 5% CO 2 bubbling at a speed of 50 mL/min and 100 μ mol photons m -2 s -1 .""] ;; light_regime = spectrum not reported; continuity/photoperiod not reported [not reported] ;; co2 = 5% CO2 bubbling at 50 mL/min [paper PMC10521692, Methods 2.2; quote: ""transferred into a 1-L Roux bottle with 5% CO 2 bubbling at a speed of 50 mL/min and 100 μ mol photons m -2 s -1 .""] ;; medium = BG11 medium supplemented with 10 mM TES, pH 8.2 [paper PMC10521692, Methods 2.2; quote: ""were grown in BG11 medium (Sigma, Chicago, IL) supplied with 10 mM N-[Tris(hydroxymethyl)methyl]-2-aminoethanesulfonic acid (TES, pH = 8.2 ) at 30°C.""] ;; culture_format = 250 mL flasks, then 1-L Roux bottle [paper PMC10521692, Methods 2.2; quote: ""The strains were first cultured in 250 mL flasks with illumination of 75 μ mol photons m -2 s -1 with the addition of appropriate antibiotics and then transferred into a 1-L Roux bottle with 5% CO 2 bubbling at a speed of 50 mL/min and 100 μ mol photons m -2 s -1 .""] ;; growth_phase = not reported (OD not specified for this condition set; see separate sets for log/stationary comparison) [not reported] ;; unit_conversion = μmol photons m-2 s-1 as reported; this is the standard unit for photosynthetically active radiation."	"three biological replicates [PRIDE PXD030282 sampleProcessingProtocol; also paper PMC10521692 Methods 2.5; quote: ""Samples from each strain were prepared from three biological replicates.""]"	not stated	PRIDE/ProteomeXchange public-repository terms; per-file notice not located. Recommendation only.	PRIDE PXD030282		not determined - PRIDE per-project protein listing is not served for classic PXD submissions	UniProt accession -> exact shared-protein crosswalk	candidate	archive: PRIDE PXD030282 (https://www.ebi.ac.uk/pride/ws/archive/v3/projects/PXD030282), project record retrieved 2026-10-03 | paper: PMID 37850123; PMC10521692; doi:10.34133/2022/9897425
PCC 7942	proteomics (LC-MS/MS);	"CONDITION SET: High vs low limonene production phase comparison in L1118 (log vs stationary phase) | SAMPLES: L1118 samples compared between high limonene production phase (log/day2) and low limonene production phase (stationary/day7), per PRIDE project description and paper Table S2/Discussion ;; temperature = not reported for this specific comparison (general cultivation at 30°C, see other set) [not reported] ;; light_intensity = not reported for this specific comparison [not reported] ;; light_regime = not reported for this specific comparison [not reported] ;; co2 = not reported for this specific comparison [not reported] ;; medium = not reported for this specific comparison [not reported] ;; culture_format = not reported for this specific comparison [not reported] ;; growth_phase = log phase vs stationary phase; day 7 described as late growth stage; OD not given [paper PMC10521692, Discussion section; quote: ""primary metabolism, including biosynthesis of amino acids, fatty acids, and carbohydrates, was upregulated at the late growth stage (day 7) when limonene production was decreased.""]"	"three biological replicates [PRIDE PXD030282 sampleProcessingProtocol; also paper PMC10521692 Methods 2.5; quote: ""Samples from each strain were prepared from three biological replicates.""]"	not stated	PRIDE/ProteomeXchange public-repository terms; per-file notice not located. Recommendation only.	PRIDE PXD030282		not determined - PRIDE per-project protein listing is not served for classic PXD submissions	UniProt accession -> exact shared-protein crosswalk	candidate	archive: PRIDE PXD030282 (https://www.ebi.ac.uk/pride/ws/archive/v3/projects/PXD030282), project record retrieved 2026-10-03 | paper: PMID 37850123; PMC10521692; doi:10.34133/2022/9897425
PCC 7942	proteomics (LC-MS/MS);	"CONDITION SET: L1118 vs sucrose mutant Lsps comparative proteomics | SAMPLES: L1118 and Lsps strain samples compared in the second comparative proteomics experiment, per PRIDE project description and paper Section 3.4 ;; temperature = 30°C (standard cultivation, as described for strains including newly engineered strains) [paper PMC10521692, Methods 2.2; quote: ""were grown in BG11 medium (Sigma, Chicago, IL) supplied with 10 mM N-[Tris(hydroxymethyl)methyl]-2-aminoethanesulfonic acid (TES, pH = 8.2 ) at 30°C.""] ;; light_intensity = 75 μmol photons m-2 s-1 (flask stage), 100 μmol photons m-2 s-1 (Roux bottle stage) [paper PMC10521692, Methods 2.2; quote: ""The strains were first cultured in 250 mL flasks with illumination of 75 μ mol photons m -2 s -1 with the addition of appropriate antibiotics and then transferred into a 1-L Roux bottle with 5% CO 2 bubbling at a speed of 50 mL/min and 100 μ mol photons m -2 s -1 .""] ;; light_regime = spectrum not reported; continuity/photoperiod not reported [not reported] ;; co2 = 5% CO2 bubbling at 50 mL/min [paper PMC10521692, Methods 2.2; quote: ""transferred into a 1-L Roux bottle with 5% CO 2 bubbling at a speed of 50 mL/min and 100 μ mol photons m -2 s -1 .""] ;; medium = BG11 medium supplemented with 10 mM TES, pH 8.2 [paper PMC10521692, Methods 2.2; quote: ""were grown in BG11 medium (Sigma, Chicago, IL) supplied with 10 mM N-[Tris(hydroxymethyl)methyl]-2-aminoethanesulfonic acid (TES, pH = 8.2 ) at 30°C.""] ;; culture_format = 250 mL flasks, then 1-L Roux bottle [paper PMC10521692, Methods 2.2; quote: ""The strains were first cultured in 250 mL flasks with illumination of 75 μ mol photons m -2 s -1 with the addition of appropriate antibiotics and then transferred into a 1-L Roux bottle with 5% CO 2 bubbling at a speed of 50 mL/min and 100 μ mol photons m -2 s -1 .""] ;; growth_phase = not reported (specific OD/day of harvest for proteomics not stated in excerpts) [not reported] ;; unit_conversion = μmol photons m-2 s-1 as reported; this is the standard unit for photosynthetically active radiation."	"three biological replicates [PRIDE PXD030282 sampleProcessingProtocol; also paper PMC10521692 Methods 2.5; quote: ""Samples from each strain were prepared from three biological replicates.""]"	not stated	PRIDE/ProteomeXchange public-repository terms; per-file notice not located. Recommendation only.	PRIDE PXD030282		not determined - PRIDE per-project protein listing is not served for classic PXD submissions	UniProt accession -> exact shared-protein crosswalk	candidate	archive: PRIDE PXD030282 (https://www.ebi.ac.uk/pride/ws/archive/v3/projects/PXD030282), project record retrieved 2026-10-03 | paper: PMID 37850123; PMC10521692; doi:10.34133/2022/9897425
PCC 7942	proteomics (LC-MS/MS);	"CONDITION SET: APEX2 proximity-labeling cultures (CscB-SPS and Protein-APEX2 samples) | SAMPLES: All samples in this PRIDE record: 'CscB-SPS' (control) and 'Protein-APEX2' sample groups, as named in dataProcessingProtocol ;; temperature = not retrieved [full text not retrievable: PMID 37925065 / DOI 10.1016/j.ymben.2023.11.001 is hybrid OA with no resolvable OA location in Unpaywall/OpenAlex and no PMC deposit; source-side restriction, not a sandbox block; absence in the archive record is NOT evidence the study does not report it] ;; light_intensity = not retrieved [full text not retrievable: PMID 37925065 / DOI 10.1016/j.ymben.2023.11.001 is hybrid OA with no resolvable OA location in Unpaywall/OpenAlex and no PMC deposit; source-side restriction, not a sandbox block; absence in the archive record is NOT evidence the study does not report it] ;; light_regime = not reported (text refers only generically to 'the growing conditions of S. elongatus cultures' without specifying spectrum, continuous/diel, or photoperiod) [PRIDE PXD036717 sampleProcessingProtocol; quote: ""Six-well plates were incubated for 30 min in the growing conditions of S. elongatus cultures.""] ;; co2 = not retrieved [full text not retrievable: PMID 37925065 / DOI 10.1016/j.ymben.2023.11.001 is hybrid OA with no resolvable OA location in Unpaywall/OpenAlex and no PMC deposit; source-side restriction, not a sandbox block; absence in the archive record is NOT evidence the study does not report it] ;; medium = BG11 medium (mentioned in context of resuspending cells with biotin-phenol prior to labeling, not explicitly stated as the standard growth medium) [PRIDE PXD036717 sampleProcessingProtocol; quote: ""Cells were resuspended in 4 mL BG11 medium with 2.5 mM biotin phenol and transferred to a six-well plate.""] ;; culture_format = 50 mL liquid cultures [PRIDE PXD036717 sampleProcessingProtocol; quote: ""50 mL cultures of S. elongatus PCC 7942 strains were pelleted by centrifugation at 4,500 x g for 30 min at 4 °C.""] ;; growth_phase = not retrieved [full text not retrievable: PMID 37925065 / DOI 10.1016/j.ymben.2023.11.001 is hybrid OA with no resolvable OA location in Unpaywall/OpenAlex and no PMC deposit; source-side restriction, not a sandbox block; absence in the archive record is NOT evidence the study does not report it]"	"not stated as an explicit number; evidence uses the word 'both' when referring to CscB-SPS and Protein-APEX2 replicates, implying two replicates per condition [PRIDE PXD036717 dataProcessingProtocol; quote: ""S. elongatus proteins identified in both CscB-SPS replicates and/or both Protein-APEX2 replicates were used for relative quantification.""]"	not stated	PRIDE/ProteomeXchange public-repository terms; per-file notice not located. Recommendation only.	PRIDE PXD036717		not determined - PRIDE per-project protein listing is not served for classic PXD submissions	UniProt accession -> exact shared-protein crosswalk	escalate: conditions not obtainable in this session. The PRIDE record references 'the growing conditions of S. elongatus cultures' without stating them, and the linked paper (PMID 37925065) has no resolvable open-access deposit. The only medium named (BG11) appears in a proximity-labelling resuspension step, not as the propagation medium	archive: PRIDE PXD036717 (https://www.ebi.ac.uk/pride/ws/archive/v3/projects/PXD036717), project record retrieved 2026-10-03 | paper: PMID 37925065; doi:10.1016/j.ymben.2023.11.001 | full text: full text not retrievable: PMID 37925065 / DOI 10.1016/j.ymben.2023.11.001 is hybrid OA with no resolvable OA location in Unpaywall/OpenAlex and no PMC deposit; source-side restriction, not a sandbox block
PCC 7942	proteomics (LC-MS/MS);	"CONDITION SET: Cyanobacterial photoautotrophic growth (BG-11, 1% CO2, ~70 µmol light) | SAMPLES: Synechocystis sp. PCC 6803 and Synechococcus elongatus PCC 7942 proteome samples — the two cyanobacteria among the four organisms in PXD044412 (the other two, Hydrogenophaga pseudoflava and Cupriavidus necator, are not cyanobacteria; PRIDE metadata does not map individual GSM-style sample IDs to organism, so coverage is inferred from the paper Methods description of these two species' cultivation) ;; temperature = not reported [checked: PRIDE PXD044412; PMID 37723200; PMC10507043; doi:10.1038/s42003-023-05318-8] ;; light_intensity = ~70 µmol/s·m2 [paper PMC10507043, Methods (Cultivations and harvest); quote: ""were grown in BG-11 media at 1% CO 2 and a light intensity of ~70 µmol/s·m 2 in 500 mL flasks containing 100 mL liquid until an OD 730 of ~1.0.""] ;; light_regime = spectrum: not reported; continuous vs diel: not reported; photoperiod: not reported ;; co2 = 1% CO2 [paper PMC10507043, Methods (Cultivations and harvest); quote: ""were grown in BG-11 media at 1% CO 2 and a light intensity of ~70 µmol/s·m 2 in 500 mL flasks containing 100 mL liquid until an OD 730 of ~1.0.""] ;; medium = BG-11 media [paper PMC10507043, Methods (Cultivations and harvest); quote: ""were grown in BG-11 media at 1% CO 2 and a light intensity of ~70 µmol/s·m 2 in 500 mL flasks containing 100 mL liquid until an OD 730 of ~1.0.""] ;; culture_format = 500 mL flasks containing 100 mL liquid [paper PMC10507043, Methods (Cultivations and harvest); quote: ""were grown in BG-11 media at 1% CO 2 and a light intensity of ~70 µmol/s·m 2 in 500 mL flasks containing 100 mL liquid until an OD 730 of ~1.0.""] ;; growth_phase = OD730 ~1.0 [paper PMC10507043, Methods (Cultivations and harvest); quote: ""were grown in BG-11 media at 1% CO 2 and a light intensity of ~70 µmol/s·m 2 in 500 mL flasks containing 100 mL liquid until an OD 730 of ~1.0.""] ;; unit_conversion = µmol/s·m2 as reported; this is equivalent to µmol photons m-2 s-1"	"four biological replicate cultivations, pooled before harvest [paper PMC10507043, Methods (Cultivations and harvest); quote: ""For each microbe, four biological replicate cultivations were performed, and immediately before harvest, the replicates were pooled.""]"	not stated	PRIDE/ProteomeXchange public-repository terms; per-file notice not located. Recommendation only.	PRIDE PXD044412		not determined - PRIDE per-project protein listing is not served for classic PXD submissions	UniProt accession -> exact shared-protein crosswalk	escalate: MULTI-ORGANISM DEPOSIT. The project covers Synechocystis sp. PCC 6803, S. elongatus PCC 7942, Hydrogenophaga pseudoflava and Cupriavidus necator. Only the cyanobacterial arm is in scope; no growth temperature is reported for the cyanobacterial cultivations	archive: PRIDE PXD044412 (https://www.ebi.ac.uk/pride/ws/archive/v3/projects/PXD044412), project record retrieved 2026-10-03 | paper: PMID 37723200; PMC10507043; doi:10.1038/s42003-023-05318-8
PCC 7942	proteomics (LC-MS/MS);	"CONDITION SET: Liquid BG-11H culture, 30°C, 50 µmol photons m-2 s-1, 3% CO2 (both BB-SP3 and TFA-is endoproteome samples) | SAMPLES: All PXD062851 samples: BB-SP3 workflow (DDA and DIA) and TFA-is workflow (DIA) endoproteome fractions of S. elongatus PCC 7942; growth conditions were identical across workflows, which differ only in downstream lysis/cleanup method ;; temperature = 30 °C [paper PMC12415867, Methods; quote: ""Liquid cultures were grown in BG-11 H at 30 °C with continuous illumination of 50 μ mol photons m −2 s −1 and bubbled with 3% (v/v) CO 2 -supplemented air.""] ;; light_intensity = 50 μmol photons m-2 s-1 (continuous illumination, liquid culture) [paper PMC12415867, Methods; quote: ""Liquid cultures were grown in BG-11 H at 30 °C with continuous illumination of 50 μ mol photons m −2 s −1 and bubbled with 3% (v/v) CO 2 -supplemented air.""] ;; light_regime = continuous illumination (not diel); spectrum/lamp type not reported; photoperiod: continuous, no dark period mentioned [paper PMC12415867, Methods; quote: ""Liquid cultures were grown in BG-11 H at 30 °C with continuous illumination of 50 μ mol photons m −2 s −1 and bubbled with 3% (v/v) CO 2 -supplemented air.""] ;; co2 = bubbled with 3% (v/v) CO2-supplemented air [paper PMC12415867, Methods; quote: ""Liquid cultures were grown in BG-11 H at 30 °C with continuous illumination of 50 μ mol photons m −2 s −1 and bubbled with 3% (v/v) CO 2 -supplemented air.""] ;; medium = BG-11 medium supplemented with 5 mM HEPES pH 7.5 (BG-11H medium) [paper PMC12415867, Methods; quote: ""was maintained on BG-11 medium supplemented with 5 m m 4-(2-hydroxyethyl)-1-piperazineethanesulfonic acid (HEPES) pH 7.5 (BG-11 H medium)""] ;; culture_format = liquid culture (vessel type not specified); main culture inoculated from washed preculture, harvested at OD750 equivalent of 2 (~300 µL cell culture) [paper PMC12415867, BB-SP3 workflow section; quote: ""Endoproteome fractions were collected by centrifuging an OD 750 equivalent of 2 (approximately 300 µ L cell culture) for 10 min at 10,000 × g .""] ;; growth_phase = main cultures inoculated at OD750 = 0.4, grown for 4 days, harvested at OD750 equivalent of 2 [paper PMC12415867, Methods; quote: ""the main cultures were inoculated at an optical density at 750 nm (OD 750 ) = 0.4 and grown for 4 days.""]"	"4 biological replicates [paper PMC12415867, Bioinformatic and statistical analysis; quote: ""All experiments were performed in four biological replicates.""]"	not stated	PRIDE/ProteomeXchange public-repository terms; per-file notice not located. Recommendation only.	PRIDE PXD062851		not determined - PRIDE per-project protein listing is not served for classic PXD submissions	UniProt accession -> exact shared-protein crosswalk	candidate	archive: PRIDE PXD062851 (https://www.ebi.ac.uk/pride/ws/archive/v3/projects/PXD062851), project record retrieved 2026-10-03 | paper: PMID 40796368; PMC12415867; doi:10.1093/plphys/kiaf334
PCC 7942	proteomics (LC-MS/MS);	"CONDITION SET: Circadian free-run culture for MS protein-condensation fractionation (subjective dawn/dusk, supernatant+pellet, TMT, both replicates) | SAMPLES: All PRIDE PXD074299 TMT-labeled supernatant and pellet fraction samples collected at subjective dawn (24 h) and subjective dusk (36 h) after dark, across both biological replicates referenced in the dataProcessingProtocol ('1st replicate', '2nd replicate'); no individual GSM/sample names are listed in the supplied evidence. ;; temperature = 30°C [paper PMC13125920, Methods, Culture conditions; quote: ""at 30°C under continuous illumination (LL)""] ;; light_intensity = ∼68 μmol photons m-2 s-1 [paper PMC13125920, Methods, Culture conditions; quote: ""at ∼68 μmol photons m -2 s -1 ; cool white fluorescent light (Phillips, USA)""] ;; light_regime = Spectrum: cool white fluorescent (per general culture conditions, same Methods section). Regime for MS samples: one 12 hr:12 hr light-dark entrainment cycle followed by continuous light (LL, free-run), with samples harvested at 24 h (subjective dawn) and 36 h (subjective dusk) after transition to dark/entrainment. Photoperiod during entrainment: 12 h light : 12 h dark. [paper PMC13125920, Methods, Cell fractionation and sample preparation for mass spectrometry; quote: ""Cultures were exposed to one cycle of 12hr:12hr alternating light-dark, followed by continuous light.""] ;; co2 = not reported [checked: PRIDE PXD074299; PMID 42063545; PMC13125920; doi:10.1016/j.isci.2026.115605] ;; medium = BG11 liquid medium with appropriate combinations of antibiotics [paper PMC13125920, Methods, Culture conditions; quote: ""grown in BG11 liquid medium with appropriate combinations of antibiotics""] ;; culture_format = 250 mL Erlenmeyer flasks, shaking at 180 rpm, Percival incubator [paper PMC13125920, Methods, Culture conditions; quote: ""with shaking at 180 rpm in 250 mL Erlenmeyer flasks""] ;; growth_phase = not reported [checked: PRIDE PXD074299; PMID 42063545; PMC13125920; doi:10.1016/j.isci.2026.115605]"	"2 biological replicates [PRIDE PXD074299 dataProcessingProtocol; quote: ""To correct for possible systematic batch effects between the two replicates, we used linear regression to normalize data from the 2nd replicate to have the same intercept and slope as the 1st replicate on the day %supernatant vs. night %supernatant plot.""]"	not stated	PRIDE/ProteomeXchange public-repository terms; per-file notice not located. Recommendation only.	PRIDE PXD074299		not determined - PRIDE per-project protein listing is not served for classic PXD submissions	UniProt accession -> exact shared-protein crosswalk	candidate	archive: PRIDE PXD074299 (https://www.ebi.ac.uk/pride/ws/archive/v3/projects/PXD074299), project record retrieved 2026-10-03 | paper: PMID 42063545; PMC13125920; doi:10.1016/j.isci.2026.115605
PCC 6301	annotation (RefSeq PGAP)	CONDITION SET: not applicable | SAMPLES: not applicable ;; temperature = not applicable [a RefSeq PGAP annotation is computed from an assembled genome sequence; the assay has no growth condition] ;; light_intensity = not applicable [a RefSeq PGAP annotation is computed from an assembled genome sequence; the assay has no growth condition] ;; light_regime = not applicable [a RefSeq PGAP annotation is computed from an assembled genome sequence; the assay has no growth condition] ;; co2 = not applicable [a RefSeq PGAP annotation is computed from an assembled genome sequence; the assay has no growth condition] ;; medium = not applicable [a RefSeq PGAP annotation is computed from an assembled genome sequence; the assay has no growth condition] ;; culture_format = not applicable [a RefSeq PGAP annotation is computed from an assembled genome sequence; the assay has no growth condition] ;; growth_phase = not applicable [a RefSeq PGAP annotation is computed from an assembled genome sequence; the assay has no growth condition]	not applicable [a RefSeq PGAP annotation has no biological replicates]	GCF_022984195.1 (ASM2298419v1), annotation release GCF_022984195.1-RS_2026_04_14	NCBI RefSeq public-domain terms. Recommendation only.	RefSeq GCF_022984195.1		yes - RefSeq feature table / GFF per assembly	own RefSeq locus tags; crosswalk target	candidate; genome-annotation row, returned with conditions 'not applicable' per the package's acceptance criteria	NCBI Datasets GCF_022984195.1 (https://www.ncbi.nlm.nih.gov/datasets/genome/GCF_022984195.1/), checked 2026-10-03
PCC 6301	annotation (RefSeq PGAP)	CONDITION SET: not applicable | SAMPLES: not applicable ;; temperature = not applicable [a RefSeq PGAP annotation is computed from an assembled genome sequence; the assay has no growth condition] ;; light_intensity = not applicable [a RefSeq PGAP annotation is computed from an assembled genome sequence; the assay has no growth condition] ;; light_regime = not applicable [a RefSeq PGAP annotation is computed from an assembled genome sequence; the assay has no growth condition] ;; co2 = not applicable [a RefSeq PGAP annotation is computed from an assembled genome sequence; the assay has no growth condition] ;; medium = not applicable [a RefSeq PGAP annotation is computed from an assembled genome sequence; the assay has no growth condition] ;; culture_format = not applicable [a RefSeq PGAP annotation is computed from an assembled genome sequence; the assay has no growth condition] ;; growth_phase = not applicable [a RefSeq PGAP annotation is computed from an assembled genome sequence; the assay has no growth condition]	not applicable [a RefSeq PGAP annotation has no biological replicates]	GCF_000010065.1 (ASM1006v1), annotation release GCF_000010065.1-RS_2025_03_15	NCBI RefSeq public-domain terms. Recommendation only.	RefSeq GCF_000010065.1		yes - RefSeq feature table / GFF per assembly	own RefSeq locus tags; crosswalk target	candidate; genome-annotation row, returned with conditions 'not applicable' per the package's acceptance criteria	NCBI Datasets GCF_000010065.1 (https://www.ncbi.nlm.nih.gov/datasets/genome/GCF_000010065.1/), checked 2026-10-03
PCC 6301	annotation (RefSeq PGAP)	CONDITION SET: not applicable | SAMPLES: not applicable ;; temperature = not applicable [a RefSeq PGAP annotation is computed from an assembled genome sequence; the assay has no growth condition] ;; light_intensity = not applicable [a RefSeq PGAP annotation is computed from an assembled genome sequence; the assay has no growth condition] ;; light_regime = not applicable [a RefSeq PGAP annotation is computed from an assembled genome sequence; the assay has no growth condition] ;; co2 = not applicable [a RefSeq PGAP annotation is computed from an assembled genome sequence; the assay has no growth condition] ;; medium = not applicable [a RefSeq PGAP annotation is computed from an assembled genome sequence; the assay has no growth condition] ;; culture_format = not applicable [a RefSeq PGAP annotation is computed from an assembled genome sequence; the assay has no growth condition] ;; growth_phase = not applicable [a RefSeq PGAP annotation is computed from an assembled genome sequence; the assay has no growth condition]	not applicable [a RefSeq PGAP annotation has no biological replicates]	GCF_000817325.1 (ASM81732v1), annotation release GCF_000817325.1-RS_2026_05_13	NCBI RefSeq public-domain terms. Recommendation only.	RefSeq GCF_000817325.1		yes - RefSeq feature table / GFF per assembly	own RefSeq locus tags; crosswalk target	candidate; genome-annotation row, returned with conditions 'not applicable' per the package's acceptance criteria	NCBI Datasets GCF_000817325.1 (https://www.ncbi.nlm.nih.gov/datasets/genome/GCF_000817325.1/), checked 2026-10-03
PCC 6311	annotation (RefSeq PGAP)	CONDITION SET: not applicable | SAMPLES: not applicable ;; temperature = not applicable [a RefSeq PGAP annotation is computed from an assembled genome sequence; the assay has no growth condition] ;; light_intensity = not applicable [a RefSeq PGAP annotation is computed from an assembled genome sequence; the assay has no growth condition] ;; light_regime = not applicable [a RefSeq PGAP annotation is computed from an assembled genome sequence; the assay has no growth condition] ;; co2 = not applicable [a RefSeq PGAP annotation is computed from an assembled genome sequence; the assay has no growth condition] ;; medium = not applicable [a RefSeq PGAP annotation is computed from an assembled genome sequence; the assay has no growth condition] ;; culture_format = not applicable [a RefSeq PGAP annotation is computed from an assembled genome sequence; the assay has no growth condition] ;; growth_phase = not applicable [a RefSeq PGAP annotation is computed from an assembled genome sequence; the assay has no growth condition]	not applicable [a RefSeq PGAP annotation has no biological replicates]	GCF_022984265.1 (ASM2298426v1), annotation release GCF_022984265.1-RS_2025_12_23	NCBI RefSeq public-domain terms. Recommendation only.	RefSeq GCF_022984265.1		yes - RefSeq feature table / GFF per assembly	own RefSeq locus tags; crosswalk target	candidate; genome-annotation row, returned with conditions 'not applicable' per the package's acceptance criteria	NCBI Datasets GCF_022984265.1 (https://www.ncbi.nlm.nih.gov/datasets/genome/GCF_022984265.1/), checked 2026-10-03
PCC 7942	annotation (RefSeq PGAP)	CONDITION SET: not applicable | SAMPLES: not applicable ;; temperature = not applicable [a RefSeq PGAP annotation is computed from an assembled genome sequence; the assay has no growth condition] ;; light_intensity = not applicable [a RefSeq PGAP annotation is computed from an assembled genome sequence; the assay has no growth condition] ;; light_regime = not applicable [a RefSeq PGAP annotation is computed from an assembled genome sequence; the assay has no growth condition] ;; co2 = not applicable [a RefSeq PGAP annotation is computed from an assembled genome sequence; the assay has no growth condition] ;; medium = not applicable [a RefSeq PGAP annotation is computed from an assembled genome sequence; the assay has no growth condition] ;; culture_format = not applicable [a RefSeq PGAP annotation is computed from an assembled genome sequence; the assay has no growth condition] ;; growth_phase = not applicable [a RefSeq PGAP annotation is computed from an assembled genome sequence; the assay has no growth condition]	not applicable [a RefSeq PGAP annotation has no biological replicates]	GCF_030544905.1 (ASM3054490v1), annotation release GCF_030544905.1-RS_2026_07_25	NCBI RefSeq public-domain terms. Recommendation only.	RefSeq GCF_030544905.1		yes - RefSeq feature table / GFF per assembly	own RefSeq locus tags; crosswalk target	candidate; genome-annotation row, returned with conditions 'not applicable' per the package's acceptance criteria	NCBI Datasets GCF_030544905.1 (https://www.ncbi.nlm.nih.gov/datasets/genome/GCF_030544905.1/), checked 2026-10-03
PCC 7942	annotation (RefSeq PGAP)	CONDITION SET: not applicable | SAMPLES: not applicable ;; temperature = not applicable [a RefSeq PGAP annotation is computed from an assembled genome sequence; the assay has no growth condition] ;; light_intensity = not applicable [a RefSeq PGAP annotation is computed from an assembled genome sequence; the assay has no growth condition] ;; light_regime = not applicable [a RefSeq PGAP annotation is computed from an assembled genome sequence; the assay has no growth condition] ;; co2 = not applicable [a RefSeq PGAP annotation is computed from an assembled genome sequence; the assay has no growth condition] ;; medium = not applicable [a RefSeq PGAP annotation is computed from an assembled genome sequence; the assay has no growth condition] ;; culture_format = not applicable [a RefSeq PGAP annotation is computed from an assembled genome sequence; the assay has no growth condition] ;; growth_phase = not applicable [a RefSeq PGAP annotation is computed from an assembled genome sequence; the assay has no growth condition]	not applicable [a RefSeq PGAP annotation has no biological replicates]	GCF_000012525.1 (ASM1252v1), annotation release GCF_000012525.1-RS_2025_04_10	NCBI RefSeq public-domain terms. Recommendation only.	RefSeq GCF_000012525.1		yes - RefSeq feature table / GFF per assembly	own RefSeq locus tags; crosswalk target	candidate; genome-annotation row, returned with conditions 'not applicable' per the package's acceptance criteria	NCBI Datasets GCF_000012525.1 (https://www.ncbi.nlm.nih.gov/datasets/genome/GCF_000012525.1/), checked 2026-10-03
PCC 7942	annotation (RefSeq PGAP)	CONDITION SET: not applicable | SAMPLES: not applicable ;; temperature = not applicable [a RefSeq PGAP annotation is computed from an assembled genome sequence; the assay has no growth condition] ;; light_intensity = not applicable [a RefSeq PGAP annotation is computed from an assembled genome sequence; the assay has no growth condition] ;; light_regime = not applicable [a RefSeq PGAP annotation is computed from an assembled genome sequence; the assay has no growth condition] ;; co2 = not applicable [a RefSeq PGAP annotation is computed from an assembled genome sequence; the assay has no growth condition] ;; medium = not applicable [a RefSeq PGAP annotation is computed from an assembled genome sequence; the assay has no growth condition] ;; culture_format = not applicable [a RefSeq PGAP annotation is computed from an assembled genome sequence; the assay has no growth condition] ;; growth_phase = not applicable [a RefSeq PGAP annotation is computed from an assembled genome sequence; the assay has no growth condition]	not applicable [a RefSeq PGAP annotation has no biological replicates]	GCF_014698905.1 (ASM1469890v1), annotation release GCF_014698905.1-RS_2026_04_06	NCBI RefSeq public-domain terms. Recommendation only.	RefSeq GCF_014698905.1		yes - RefSeq feature table / GFF per assembly	own RefSeq locus tags; crosswalk target	candidate; genome-annotation row, returned with conditions 'not applicable' per the package's acceptance criteria	NCBI Datasets GCF_014698905.1 (https://www.ncbi.nlm.nih.gov/datasets/genome/GCF_014698905.1/), checked 2026-10-03
PCC 7943	annotation (RefSeq PGAP)	CONDITION SET: not applicable | SAMPLES: not applicable ;; temperature = not applicable [a RefSeq PGAP annotation is computed from an assembled genome sequence; the assay has no growth condition] ;; light_intensity = not applicable [a RefSeq PGAP annotation is computed from an assembled genome sequence; the assay has no growth condition] ;; light_regime = not applicable [a RefSeq PGAP annotation is computed from an assembled genome sequence; the assay has no growth condition] ;; co2 = not applicable [a RefSeq PGAP annotation is computed from an assembled genome sequence; the assay has no growth condition] ;; medium = not applicable [a RefSeq PGAP annotation is computed from an assembled genome sequence; the assay has no growth condition] ;; culture_format = not applicable [a RefSeq PGAP annotation is computed from an assembled genome sequence; the assay has no growth condition] ;; growth_phase = not applicable [a RefSeq PGAP annotation is computed from an assembled genome sequence; the assay has no growth condition]	not applicable [a RefSeq PGAP annotation has no biological replicates]	GCF_022984345.1 (ASM2298434v1), annotation release GCF_022984345.1-RS_2025_12_23	NCBI RefSeq public-domain terms. Recommendation only.	RefSeq GCF_022984345.1		yes - RefSeq feature table / GFF per assembly	own RefSeq locus tags; crosswalk target	candidate; genome-annotation row, returned with conditions 'not applicable' per the package's acceptance criteria	NCBI Datasets GCF_022984345.1 (https://www.ncbi.nlm.nih.gov/datasets/genome/GCF_022984345.1/), checked 2026-10-03
UTEX 3055	annotation (RefSeq PGAP)	CONDITION SET: not applicable | SAMPLES: not applicable ;; temperature = not applicable [a RefSeq PGAP annotation is computed from an assembled genome sequence; the assay has no growth condition] ;; light_intensity = not applicable [a RefSeq PGAP annotation is computed from an assembled genome sequence; the assay has no growth condition] ;; light_regime = not applicable [a RefSeq PGAP annotation is computed from an assembled genome sequence; the assay has no growth condition] ;; co2 = not applicable [a RefSeq PGAP annotation is computed from an assembled genome sequence; the assay has no growth condition] ;; medium = not applicable [a RefSeq PGAP annotation is computed from an assembled genome sequence; the assay has no growth condition] ;; culture_format = not applicable [a RefSeq PGAP annotation is computed from an assembled genome sequence; the assay has no growth condition] ;; growth_phase = not applicable [a RefSeq PGAP annotation is computed from an assembled genome sequence; the assay has no growth condition]	not applicable [a RefSeq PGAP annotation has no biological replicates]	GCF_003957805.1 (ASM395780v1), annotation release GCF_003957805.1-RS_2026_04_14	NCBI RefSeq public-domain terms. Recommendation only.	RefSeq GCF_003957805.1		yes - RefSeq feature table / GFF per assembly	own RefSeq locus tags; crosswalk target	candidate; genome-annotation row, returned with conditions 'not applicable' per the package's acceptance criteria	NCBI Datasets GCF_003957805.1 (https://www.ncbi.nlm.nih.gov/datasets/genome/GCF_003957805.1/), checked 2026-10-03
PCC 7942	proteomics (LC-MS/MS);	CONDITION SET: none extractable | SAMPLES: the deposit does not resolve samples to organisms ;; temperature = not reported [checked: PRIDE PXD010000 projectDescription, sampleProcessingProtocol and dataProcessingProtocol; no linked publication in the PRIDE references and none found by Europe PMC accession search] ;; light_intensity = not reported [checked: PRIDE PXD010000 projectDescription, sampleProcessingProtocol and dataProcessingProtocol; no linked publication in the PRIDE references and none found by Europe PMC accession search] ;; light_regime = not reported [checked: PRIDE PXD010000 projectDescription, sampleProcessingProtocol and dataProcessingProtocol; no linked publication in the PRIDE references and none found by Europe PMC accession search] ;; co2 = not reported [checked: PRIDE PXD010000 projectDescription, sampleProcessingProtocol and dataProcessingProtocol; no linked publication in the PRIDE references and none found by Europe PMC accession search] ;; medium = not reported [checked: PRIDE PXD010000 projectDescription, sampleProcessingProtocol and dataProcessingProtocol; no linked publication in the PRIDE references and none found by Europe PMC accession search] ;; culture_format = not reported [checked: PRIDE PXD010000 projectDescription, sampleProcessingProtocol and dataProcessingProtocol; no linked publication in the PRIDE references and none found by Europe PMC accession search] ;; growth_phase = not reported [checked: PRIDE PXD010000 projectDescription, sampleProcessingProtocol and dataProcessingProtocol; no linked publication in the PRIDE references and none found by Europe PMC accession search]	not stated [checked: PRIDE PXD010000 project record; the deposit states no replicate structure]	not stated	PRIDE/ProteomeXchange public-repository terms; per-file notice not located. Recommendation only.	PRIDE PXD010000		not determined - PRIDE per-project protein listing is not served for classic PXD submissions	UniProt accession -> exact shared-protein crosswalk	rejected: the deposit reports no growth conditions for any organism. It is a 51-organism re-processed benchmark for de novo peptide identification with no linked publication of its own; its sampleProcessingProtocol is 'Samples were digested with trypsin then analyzed by LC-MS/MS' and nothing else. Condition comparability cannot be scored on any axis, so the row cannot meet the admission contract	archive: PRIDE PXD010000 (https://www.ebi.ac.uk/pride/ws/archive/v3/projects/PXD010000), project record retrieved 2026-10-03 | no linked publication: PRIDE 'references' field is empty and a Europe PMC search for PXD010000 returns only papers that cite the deposit (e.g. PMID 35793793), not a publication of it
