locus_tag	old_locus_tag	protein_id	product	kegg_ko	ko_count	ortholog_in_eco_K12	ortholog_in_syf_PCC7942	ortholog_in_syc_PCC6301	pinned_go_iea_count	annotation_status	evidence_basis_if_used
M744_RS00005	M744_00005	WP_049749324.1	metallophosphoesterase	K03651	1	yes	yes	yes	1	ko_assigned	transferred
M744_RS00010	M744_00010	WP_011377632.1	HhoA/HhoB/HtrA family serine endopeptidase		0	no	no	no	0	named_no_ko_no_go	unknown
M744_RS00015	M744_00015	WP_011243251.1	ribose-5-phosphate isomerase RpiA	K01807	1	yes	yes	yes	2	ko_assigned	transferred
M744_RS00020	M744_00020	WP_011243252.1	magnesium chelatase ATPase subunit I	K03405	1	no	yes	yes	5	ko_assigned	transferred
M744_RS00025	M744_00025	WP_011243253.1	YheT family hydrolase	K07019	1	yes	yes	yes	1	ko_assigned	transferred
M744_RS00030	M744_00030	WP_011243254.1	hypothetical protein		0	no	no	no	0	hypothetical_no_homology_evidence	unknown
M744_RS00035	M744_00035	WP_011377631.1	penicillin-binding protein 2	K05515	1	yes	yes	yes	4	ko_assigned	transferred
M744_RS00040	M744_00040	WP_011243256.1	glycosyltransferase	K06119	1	no	yes	yes	1	ko_assigned	transferred
M744_RS00045	M744_00045	WP_011243257.1	NAD-dependent epimerase/dehydratase family protein	K06118	1	no	yes	yes	1	ko_assigned	transferred
M744_RS00050	M744_00055	WP_039755858.1	thiazole synthase	K03149	1	yes	yes	yes	1	ko_assigned	transferred
M744_RS00055	M744_00060	WP_231621344.1	hypothetical protein		0	no	no	no	0	hypothetical_no_homology_evidence	unknown
M744_RS00060	M744_00065	WP_011243261.1	DUF3598 family protein		0	no	no	no	0	named_no_ko_no_go	unknown
M744_RS00065	M744_00070	WP_011377629.1	hypothetical protein		0	no	no	no	0	hypothetical_no_homology_evidence	unknown
M744_RS00075	M744_00080	WP_011377628.1	VOC family protein		0	no	no	no	2	go_iea_only	transferred
M744_RS00080	M744_00085	WP_011243263.1	MFS transporter	K03292	1	yes	yes	yes	4	ko_assigned	transferred
M744_RS00085	M744_00090	WP_011243264.1	trans-splicing intein-formed DNA polymerase III subunit alpha C-terminal partner DnaE-C	K02337	1	yes	yes	yes	0	ko_assigned	transferred
M744_RS00090	M744_00095	WP_011243265.1	RpoD/SigA family RNA polymerase sigma factor	K03086	1	yes	yes	yes	0	ko_assigned	transferred
M744_RS00095	M744_00100	WP_011377627.1	cytosine deaminase	K01485	1	yes	yes	yes	1	ko_assigned	transferred
M744_RS00100	M744_00105	WP_011377626.1	FAD-binding oxidoreductase		0	no	no	no	2	go_iea_only	transferred
M744_RS00105	M744_00110	WP_011243268.1	HAD family hydrolase		0	no	no	no	1	go_iea_only	transferred
M744_RS00110	M744_00115	WP_011243269.1	FHA domain-containing protein		0	no	no	no	1	go_iea_only	transferred
M744_RS00115	M744_00120	WP_011243270.1	DevA family ABC transporter ATP-binding protein	K25170	1	no	yes	yes	0	ko_assigned	transferred
M744_RS00120	M744_00125	WP_011243271.1	excinuclease ABC subunit UvrB	K03702	1	yes	yes	yes	6	ko_assigned	transferred
M744_RS00125	M744_00130	WP_011243272.1	DUF3531 family protein		0	no	no	no	0	named_no_ko_no_go	unknown
M744_RS00130	M744_00135	WP_011377624.1	Sll0314/Alr1548 family TPR repeat-containing protein		0	no	no	no	0	named_no_ko_no_go	unknown
M744_RS00135	M744_00140	WP_011377623.1	ABC transporter ATP-binding protein	K16787	1	no	yes	yes	3	ko_assigned	transferred
M744_RS00140	M744_00145	WP_011243275.1	Hsp33 family molecular chaperone HslO	K04083	1	yes	yes	yes	2	ko_assigned	transferred
M744_RS00145	M744_00150	WP_011243276.1	CPP1-like family protein		0	no	no	no	0	named_no_ko_no_go	unknown
M744_RS00150	M744_00155	WP_011377622.1	hypothetical protein		0	no	no	no	0	hypothetical_no_homology_evidence	unknown
M744_RS00155	M744_00160	WP_011243277.1	response regulator transcription factor		0	no	no	no	4	go_iea_only	transferred
M744_RS00160	M744_00165	WP_011243278.1	M48 family metallopeptidase		0	no	no	no	3	go_iea_only	transferred
M744_RS00165	M744_00170	WP_011243279.1	redox-regulated ATPase YchF	K06942	1	yes	yes	yes	3	ko_assigned	transferred
M744_RS00170	M744_00175	WP_011377621.1	efflux RND transporter periplasmic adaptor subunit	K02005	1	no	yes	yes	4	ko_assigned	transferred
M744_RS00175	M744_00180	WP_011243281.1	non-hydrolyzing UDP-N-acetylglucosamine 2-epimerase	K01791	1	yes	yes	yes	1	ko_assigned	transferred
M744_RS00180	M744_00185	WP_011377620.1	hypothetical protein		0	no	no	no	0	hypothetical_no_homology_evidence	unknown
M744_RS00185	M744_00195	WP_011377619.1	DUF6464 family protein		0	no	no	no	0	named_no_ko_no_go	unknown
M744_RS00190	M744_00200	WP_011377618.1	TerC family protein		0	no	no	no	1	go_iea_only	transferred
M744_RS00195	M744_00205	WP_011243285.1	hypothetical protein		0	no	no	no	0	hypothetical_no_homology_evidence	unknown
M744_RS00200	M744_00210	WP_011243286.1	hypothetical protein		0	no	no	no	0	hypothetical_no_homology_evidence	unknown
M744_RS00205	M744_00215	WP_011243287.1	cation:proton antiporter domain-containing protein	K26731	1	no	yes	yes	3	ko_assigned	transferred
M744_RS00210	M744_00220	WP_011243288.1	hypothetical protein		0	no	no	no	0	hypothetical_no_homology_evidence	unknown
M744_RS00215	M744_00225	WP_011377617.1	YciI family protein	K09780	1	yes	yes	yes	0	ko_assigned	transferred
M744_RS00220	M744_00230	WP_011377616.1	NADPH-dependent FMN reductase	K19784	1	yes	yes	yes	4	ko_assigned	transferred
M744_RS00225	M744_00235	WP_011377615.1	lipoyl synthase	K03644	1	yes	yes	yes	4	ko_assigned	transferred
M744_RS00230		WP_155813891.1	hypothetical protein		0	no	no	no	0	hypothetical_no_homology_evidence	unknown
M744_RS00235	M744_00245	WP_011243292.1	hypothetical protein		0	no	no	no	0	hypothetical_no_homology_evidence	unknown
M744_RS00240	M744_00250	WP_231621346.1	PIN domain-containing protein		0	no	no	no	1	go_iea_only	transferred
M744_RS00245	M744_00255	WP_011243294.1	CPBP family glutamic-type intramembrane protease		0	no	no	no	1	go_iea_only	transferred
M744_RS00250	M744_00260	WP_011243295.1	transketolase	K00615	1	yes	yes	yes	1	ko_assigned	transferred
M744_RS00255	M744_00265	WP_011243296.1	beta-ketoacyl-ACP synthase II	K09458	1	yes	yes	yes	2	ko_assigned	transferred
M744_RS00260	M744_00270	WP_011243297.1	acyl carrier protein	K02078	1	yes	yes	yes	1	ko_assigned	transferred
M744_RS00265	M744_00275	WP_011243298.1	photosystem I iron-sulfur center protein PsaC	K02691	1	no	yes	yes	4	ko_assigned	transferred
M744_RS00270	M744_00280	WP_011243299.1	glutamine--fructose-6-phosphate transaminase (isomerizing)	K00820	1	yes	yes	yes	2	ko_assigned	transferred
M744_RS00275	M744_00285	WP_011243300.1	DUF433 domain-containing protein		0	no	no	no	0	named_no_ko_no_go	unknown
M744_RS00280	M744_00290	WP_011243301.1	DUF5615 family PIN-like protein		0	no	no	no	0	named_no_ko_no_go	unknown
M744_RS00285	M744_00300	WP_011377614.1	tetratricopeptide repeat protein		0	no	no	no	1	go_iea_only	transferred
M744_RS00290	M744_00305	WP_011377613.1	tRNA epoxyqueuosine(34) reductase QueG	K18979	1	yes	yes	yes	3	ko_assigned	transferred
M744_RS00295	M744_00310	WP_011243304.1	6-phosphogluconolactonase	K01057	1	no	yes	yes	3	ko_assigned	transferred
M744_RS00300	M744_00315	WP_011377612.1	glycosyltransferase family 8 protein		0	no	no	no	2	go_iea_only	transferred
M744_RS00305	M744_00320	WP_231621347.1	hypothetical protein		0	no	no	no	0	hypothetical_no_homology_evidence	unknown
M744_RS00310	M744_00325	WP_011377610.1	carbohydrate ABC transporter permease	K17245	1	no	yes	yes	3	ko_assigned	transferred
M744_RS00315	M744_00330	WP_011243308.1	3-dehydroquinate synthase	K01735	1	yes	yes	yes	4	ko_assigned	transferred
M744_RS00320	M744_00335	WP_011377609.1	ester cyclase		0	no	no	no	1	go_iea_only	transferred
M744_RS00325	M744_00340	WP_011243310.1	MAPEG family protein		0	no	no	no	1	go_iea_only	transferred
M744_RS00330	M744_00345	WP_155813895.1	hypothetical protein		0	no	no	no	0	hypothetical_no_homology_evidence	unknown
M744_RS00335	M744_00355	WP_011243311.1	pentapeptide repeat-containing protein		0	no	no	no	0	named_no_ko_no_go	unknown
M744_RS00340	M744_00360	WP_011243312.1	beta-carboxysome protein CcmP		0	no	no	no	2	go_iea_only	transferred
M744_RS00345	M744_00365	WP_011377607.1	hypothetical protein		0	no	no	no	0	hypothetical_no_homology_evidence	unknown
M744_RS00350	M744_00370	WP_011243314.1	AI-2E family transporter		0	no	no	no	2	go_iea_only	transferred
M744_RS00355	M744_00375	WP_011243315.1	single-stranded-DNA-specific exonuclease RecJ	K07462	1	yes	yes	yes	3	ko_assigned	transferred
M744_RS00360	M744_00380	WP_011243316.1	S41 family peptidase	K03797	1	yes	yes	yes	2	ko_assigned	transferred
M744_RS00365	M744_00385	WP_011377606.1	DUF309 domain-containing protein	K09763	1	no	yes	yes	0	ko_assigned	transferred
M744_RS00370	M744_00390	WP_011377605.1	LptA/OstA family protein	K09774	1	yes	yes	yes	3	ko_assigned	transferred
M744_RS00375	M744_00395	WP_011243319.1	LPS export ABC transporter ATP-binding protein	K06861	1	yes	yes	yes	4	ko_assigned	transferred
M744_RS00380	M744_00400	WP_231621348.1	LptF/LptG family permease	K11720	1	yes	yes	yes	4	ko_assigned	transferred
M744_RS00385	M744_00405	WP_011243321.1	c-type cytochrome biogenesis protein CcsB		0	no	no	no	2	go_iea_only	transferred
M744_RS00390	M744_00410	WP_011243322.1	HAD-IB family phosphatase	K08966	1	no	yes	yes	2	ko_assigned	transferred
M744_RS00395	M744_00415	WP_011377603.1	hypothetical protein		0	no	no	no	0	hypothetical_no_homology_evidence	unknown
M744_RS00400	M744_00420	WP_011243324.1	geranylgeranyl reductase family protein		0	no	no	no	2	go_iea_only	transferred
M744_RS00405	M744_00425	WP_011243325.1	ribosome recycling factor	K02838	1	yes	yes	yes	2	ko_assigned	transferred
M744_RS00410	M744_00430	WP_039755415.1	UMP kinase	K09903	1	yes	yes	yes	4	ko_assigned	transferred
M744_RS00415	M744_00435	WP_011243327.1	class II fructose-bisphosphatase	K11532	1	no	yes	yes	3	ko_assigned	transferred
M744_RS00420	M744_00440	WP_011243328.1	glutamyl-tRNA reductase	K02492	1	yes	yes	yes	1	ko_assigned	transferred
M744_RS00425	M744_00445	WP_011243329.1	TIGR03792 family protein		0	no	no	no	0	named_no_ko_no_go	unknown
M744_RS00430	M744_00450	WP_011243330.1	GNAT family N-acetyltransferase		0	no	no	no	1	go_iea_only	transferred
M744_RS00435	M744_00455	WP_011243331.1	SDR family oxidoreductase		0	no	no	no	0	named_no_ko_no_go	unknown
M744_RS00440	M744_00460	WP_011243332.1	hypothetical protein		0	no	no	no	0	hypothetical_no_homology_evidence	unknown
M744_RS00445	M744_00465	WP_011377602.1	methyltransferase		0	no	no	no	1	go_iea_only	transferred
M744_RS00450	M744_00470	WP_011243334.1	mannose-1-phosphate guanyltransferase	K16881	1	no	yes	yes	0	ko_assigned	transferred
M744_RS00455	M744_00480	WP_011243336.1	class I SAM-dependent methyltransferase		0	no	no	no	2	go_iea_only	transferred
M744_RS00460	M744_00485	WP_011377601.1	antitoxin Xre-like helix-turn-helix domain-containing protein		0	no	no	no	1	go_iea_only	transferred
M744_RS00465	M744_00490	WP_011243338.1	RES family NAD+ phosphorylase		0	no	no	no	1	go_iea_only	transferred
M744_RS00470	M744_00495	WP_011377600.1	polyphosphate:AMP phosphotransferase	K23753	1	no	yes	yes	2	ko_assigned	transferred
M744_RS00475	M744_00500	WP_011243340.1	bifunctional riboflavin kinase/FAD synthetase	K11753	1	yes	yes	yes	2	ko_assigned	transferred
M744_RS00485	M744_00510	WP_231621349.1	diguanylate cyclase		0	no	no	no	2	go_iea_only	transferred
M744_RS00490	M744_00515	WP_011243342.1	aldehyde dehydrogenase family protein	K00128	1	no	yes	yes	1	ko_assigned	transferred
M744_RS00495	M744_00520	WP_011243343.1	dihydroorotase	K01465	1	yes	yes	yes	0	ko_assigned	transferred
M744_RS00500	M744_00525	WP_011243344.1	signal peptidase I	K03100	1	yes	yes	yes	4	ko_assigned	transferred
M744_RS00505	M744_00530	WP_011243345.1	dihydroorotase	K01465	1	yes	yes	yes	0	ko_assigned	transferred
M744_RS00510	M744_00535	WP_011377597.1	histidine phosphatase family protein		0	no	no	no	1	go_iea_only	transferred
M744_RS00515	M744_00540	WP_231621350.1	CPBP family intramembrane glutamic endopeptidase	K07052	1	no	yes	yes	3	ko_assigned	transferred
M744_RS00520	M744_00545	WP_011243348.1	hypothetical protein		0	no	no	no	0	hypothetical_no_homology_evidence	unknown
M744_RS00525	M744_00550	WP_011243349.1	peptidoglycan D%2CD-transpeptidase FtsI family protein	K03587	1	yes	yes	yes	7	ko_assigned	transferred
M744_RS00530	M744_00555	WP_011377595.1	trypsin-like peptidase domain-containing protein		0	no	no	no	0	named_no_ko_no_go	unknown
M744_RS00535	M744_00560	WP_011377594.1	photosynthesis regulation sensor histidine kinase CikB		0	no	no	no	0	named_no_ko_no_go	unknown
M744_RS00540	M744_00565	WP_011377593.1	translation elongation factor 4	K03596	1	yes	yes	yes	2	ko_assigned	transferred
M744_RS00545	M744_00570	WP_011243353.1	signal peptidase I	K03100	1	yes	yes	yes	4	ko_assigned	transferred
M744_RS00550	M744_00575	WP_011243354.1	YggT family protein	K02221	1	yes	yes	yes	0	ko_assigned	transferred
M744_RS00555	M744_00580	WP_321167215.1	ATP-dependent Clp protease adapter ClpS	K06891	1	yes	yes	yes	0	ko_assigned	transferred
M744_RS00560	M744_00585	WP_011243356.1	cytochrome b6-f complex subunit PetN	K03689	1	no	yes	yes	0	ko_assigned	transferred
M744_RS00565	M744_00595	WP_011377589.1	alkene reductase	K10680	1	yes	yes	yes	2	ko_assigned	transferred
M744_RS00570	M744_00600	WP_011243358.1	exodeoxyribonuclease VII small subunit	K03602	1	yes	yes	yes	3	ko_assigned	transferred
M744_RS00575	M744_00605	WP_011243359.1	carbohydrate ABC transporter permease	K17246	1	no	yes	yes	2	ko_assigned	transferred
M744_RS00580	M744_00610	WP_011377588.1	hypothetical protein		0	no	no	no	0	hypothetical_no_homology_evidence	unknown
M744_RS00590	M744_00620	WP_011243361.1	2%2C3-bisphosphoglycerate-independent phosphoglycerate mutase	K15633	1	yes	yes	yes	2	ko_assigned	transferred
M744_RS00595	M744_00625	WP_011243362.1	preprotein translocase subunit SecG	K03075	1	yes	yes	yes	3	ko_assigned	transferred
M744_RS00600	M744_00630	WP_011243363.1	matrixin family metalloprotease		0	no	no	no	4	go_iea_only	transferred
M744_RS00605	M744_00635	WP_231621351.1	glycosyltransferase family 2 protein		0	no	no	no	1	go_iea_only	transferred
M744_RS00610	M744_00640	WP_011243365.1	DUF4079 domain-containing protein		0	no	no	no	0	named_no_ko_no_go	unknown
M744_RS00615	M744_00645	WP_011243366.1	YbaB/EbfC family nucleoid-associated protein	K09747	1	yes	yes	yes	1	ko_assigned	transferred
M744_RS00620	M744_00650	WP_011377586.1	low molecular weight protein-tyrosine-phosphatase	K25307	1	yes	yes	yes	2	ko_assigned	transferred
M744_RS00625	M744_00655	WP_011243368.1	DUF924 family protein		0	no	no	no	0	named_no_ko_no_go	unknown
M744_RS00630	M744_00660	WP_011243369.1	hypothetical protein		0	no	no	no	0	hypothetical_no_homology_evidence	unknown
M744_RS00635	M744_00665	WP_011243370.1	GNAT family N-acetyltransferase		0	no	no	no	1	go_iea_only	transferred
M744_RS00640	M744_00670	WP_011243371.1	S-(hydroxymethyl)glutathione dehydrogenase/class III alcohol dehydrogenase	K00121	1	yes	yes	yes	3	ko_assigned	transferred
M744_RS00645	M744_00675	WP_011243372.1	S-formylglutathione hydrolase	K01070	1	yes	yes	yes	2	ko_assigned	transferred
M744_RS00650	M744_00680	WP_011243373.1	hypothetical protein		0	no	no	no	0	hypothetical_no_homology_evidence	unknown
M744_RS00655	M744_00690	WP_011377585.1	tRNA guanosine(34) transglycosylase Tgt	K00773	1	yes	yes	yes	3	ko_assigned	transferred
M744_RS00660	M744_00695	WP_011243375.1	adenosylcobinamide-GDP ribazoletransferase	K02233	1	yes	yes	yes	3	ko_assigned	transferred
M744_RS00665	M744_00700	WP_011377584.1	GAF domain-containing sensor histidine kinase		0	no	no	no	4	go_iea_only	transferred
M744_RS00670	M744_00705	WP_039755863.1	DUF3155 domain-containing protein		0	no	no	no	0	named_no_ko_no_go	unknown
M744_RS00675	M744_00710	WP_231621352.1	alpha/beta hydrolase	K06999	1	yes	yes	yes	1	ko_assigned	transferred
M744_RS00680	M744_00715	WP_011243379.1	NifU family protein		0	no	no	no	3	go_iea_only	transferred
M744_RS00685	M744_00720	WP_011243380.1	serine--tRNA ligase	K01875	1	yes	yes	yes	3	ko_assigned	transferred
M744_RS00690	M744_00725	WP_011243381.1	RIP metalloprotease RseP		0	no	no	no	3	go_iea_only	transferred
M744_RS00695	M744_00730	WP_011243382.1	endonuclease III	K10773	1	yes	yes	yes	2	ko_assigned	transferred
M744_RS00700	M744_00735	WP_011243383.1	30S ribosomal protein S14	K02954	1	yes	yes	yes	3	ko_assigned	transferred
M744_RS00705	M744_00740	WP_011243384.1	ABC transporter permease	K02034	1	yes	yes	yes	1	ko_assigned	transferred
M744_RS00710	M744_00745	WP_011243385.1	TraB/TrbI/VirB10 family type IV secretion system protein		0	no	no	no	0	named_no_ko_no_go	unknown
M744_RS00715	M744_00750	WP_011243386.1	S-layer homology domain-containing protein		0	no	no	no	1	go_iea_only	transferred
M744_RS00720	M744_00755	WP_011377582.1	ammonium transporter	K03320	1	yes	yes	yes	3	ko_assigned	transferred
M744_RS00725	M744_00760	WP_049749323.1	5-(carboxyamino)imidazole ribonucleotide mutase	K01588	1	yes	yes	yes	3	ko_assigned	transferred
M744_RS00730	M744_00765	WP_039755439.1	N-acetylglucosamine-6-phosphate deacetylase	K01443	1	yes	yes	yes	2	ko_assigned	transferred
M744_RS00735	M744_00770	WP_011243390.1	magnesium protoporphyrin IX methyltransferase	K03428	1	no	yes	yes	2	ko_assigned	transferred
M744_RS00740	M744_00775	WP_011377579.1	competence protein CoiA		0	no	no	no	1	go_iea_only	transferred
M744_RS00750	M744_00785	WP_011243392.1	HNH endonuclease family protein		0	no	no	no	1	go_iea_only	transferred
M744_RS00755	M744_00790	WP_011243393.1	TIGR03943 family putative permease subunit		0	no	no	no	1	go_iea_only	transferred
M744_RS00760	M744_00795	WP_011243394.1	permease	K07089	1	yes	yes	yes	1	ko_assigned	transferred
M744_RS00770	M744_00805	WP_011377578.1	protelomerase family protein		0	no	no	no	0	named_no_ko_no_go	unknown
M744_RS00775	M744_00810	WP_011243396.1	M15 family metallopeptidase	K08641	1	yes	yes	yes	0	ko_assigned	transferred
M744_RS00780	M744_00815	WP_011243397.1	NAD(P)/FAD-dependent oxidoreductase		0	no	no	no	2	go_iea_only	transferred
M744_RS00785	M744_00820	WP_011377576.1	1-deoxy-D-xylulose-5-phosphate synthase	K01662	1	yes	yes	yes	5	ko_assigned	transferred
M744_RS00790	M744_00825	WP_011377575.1	hypothetical protein		0	no	no	no	0	hypothetical_no_homology_evidence	unknown
M744_RS00795	M744_00830	WP_011243400.1	citramalate synthase	K01649	1	yes	yes	yes	3	ko_assigned	transferred
M744_RS00800	M744_00835	WP_011243401.1	heme ABC exporter ATP-binding protein CcmA	K01990	1	yes	yes	yes	4	ko_assigned	transferred
M744_RS00805	M744_00840	WP_011243402.1	SMC-Scp complex subunit ScpB	K06024	1	no	yes	yes	2	ko_assigned	transferred
M744_RS00810	M744_00845	WP_011243403.1	DUF760 domain-containing protein		0	no	no	no	0	named_no_ko_no_go	unknown
M744_RS00815	M744_00850	WP_011243404.1	photosystem II q(b) protein	K02703	1	no	yes	yes	2	ko_assigned	transferred
M744_RS00820	M744_00855	WP_011243405.1	hypothetical protein		0	no	no	no	0	hypothetical_no_homology_evidence	unknown
M744_RS00825	M744_00860	WP_011243406.1	hypothetical protein		0	no	no	no	0	hypothetical_no_homology_evidence	unknown
M744_RS00830	M744_00865	WP_011377574.1	MAPEG family protein	K00799	1	yes	yes	yes	1	ko_assigned	transferred
M744_RS00835	M744_00870	WP_011377573.1	peptide ligase PGM1-related protein		0	no	no	no	0	named_no_ko_no_go	unknown
M744_RS00840	M744_00875	WP_011243409.1	biotin synthase BioB	K01012	1	yes	yes	yes	4	ko_assigned	transferred
M744_RS00845	M744_00880	WP_011243410.1	DUF1257 domain-containing protein		0	no	no	no	0	named_no_ko_no_go	unknown
M744_RS00850	M744_00885	WP_011243411.1	stress-responsive protein Ycf46		0	no	no	no	0	named_no_ko_no_go	unknown
M744_RS00855	M744_00890	WP_039755442.1	slr0373 family blue light stress response protein		0	no	no	no	0	named_no_ko_no_go	unknown
M744_RS00860	M744_00895	WP_011243413.1	pentapeptide repeat-containing protein		0	no	no	no	0	named_no_ko_no_go	unknown
M744_RS00865	M744_00900	WP_011377571.1	homocysteine biosynthesis protein	K23975	1	no	yes	yes	0	ko_assigned	transferred
M744_RS00875	M744_00910	WP_011243415.1	NAD(P)H-quinone oxidoreductase subunit L	K05583	1	no	yes	yes	1	ko_assigned	transferred
M744_RS00880	M744_00915	WP_011243416.1	DUF3007 family protein		0	no	no	no	0	named_no_ko_no_go	unknown
M744_RS00885	M744_00920	WP_011243417.1	tryptophan synthase subunit alpha	K01695	1	yes	yes	yes	2	ko_assigned	transferred
M744_RS00890		WP_011243418.1	BrnT family toxin		0	no	no	no	0	named_no_ko_no_go	unknown
M744_RS00895	M744_00930	WP_011377569.1	ribbon-helix-helix protein%2C CopG family		0	no	no	no	1	go_iea_only	transferred
M744_RS00900	M744_00935	WP_011377568.1	phosphoribosylanthranilate isomerase	K01817	1	no	yes	yes	2	ko_assigned	transferred
M744_RS00905	M744_00945	WP_011243420.1	photosystem I reaction center subunit PsaK	K02698	1	no	yes	yes	4	ko_assigned	transferred
M744_RS00910	M744_00950	WP_011243421.1	DUF4168 domain-containing protein		0	no	no	no	0	named_no_ko_no_go	unknown
M744_RS00915	M744_00955	WP_011377567.1	DNA polymerase III subunit delta	K02340	1	yes	yes	yes	3	ko_assigned	transferred
M744_RS00920	M744_00960	WP_155813972.1	peptide chain release factor 2	K02836	1	yes	yes	yes	3	ko_assigned	transferred
M744_RS00925	M744_00965	WP_011243424.1	DUF3285 domain-containing protein		0	no	no	no	0	named_no_ko_no_go	unknown
M744_RS00930	M744_00970	WP_011243425.1	rRNA maturation RNase YbeY	K07042	1	yes	yes	yes	3	ko_assigned	transferred
M744_RS00935	M744_00975	WP_231621354.1	diacylglycerol kinase family protein	K00901	1	yes	yes	yes	5	ko_assigned	transferred
M744_RS00940	M744_00980	WP_011243427.1	anthranilate synthase component II	K01658	1	no	yes	yes	2	ko_assigned	transferred
M744_RS00945	M744_00985	WP_011243428.1	MBL fold metallo-hydrolase		0	no	no	no	2	go_iea_only	transferred
M744_RS00950	M744_00990	WP_011243429.1	DUF4079 domain-containing protein		0	no	no	no	0	named_no_ko_no_go	unknown
M744_RS00955	M744_00995	WP_011377565.1	glycoside hydrolase 100 family protein		0	no	no	no	0	named_no_ko_no_go	unknown
M744_RS00960	M744_01000	WP_011377564.1	bifunctional phosphoribosylaminoimidazolecarboxamide formyltransferase/IMP cyclohydrolase	K00602	1	yes	yes	yes	3	ko_assigned	transferred
M744_RS00965	M744_01005	WP_011377563.1	hypothetical protein		0	no	no	no	0	hypothetical_no_homology_evidence	unknown
M744_RS00970	M744_01010	WP_011243433.1	phosphatidate cytidylyltransferase	K00981	1	yes	yes	yes	2	ko_assigned	transferred
M744_RS00975	M744_01015	WP_011377562.1	LmeA family phospholipid-binding protein		0	no	no	no	1	go_iea_only	transferred
M744_RS00980	M744_01020	WP_011377561.1	murein transglycosylase A	K08304	1	yes	yes	yes	3	ko_assigned	transferred
M744_RS00985	M744_01025	WP_011243436.1	alpha/beta hydrolase		0	no	no	no	1	go_iea_only	transferred
M744_RS00990	M744_01030	WP_011243437.1	chromate efflux transporter	K07240	1	no	yes	yes	2	ko_assigned	transferred
M744_RS00995	M744_01035	WP_039755448.1	hypothetical protein		0	no	no	no	0	hypothetical_no_homology_evidence	unknown
M744_RS01000	M744_01040	WP_011377559.1	glycosyltransferase family 4 protein		0	no	no	no	2	go_iea_only	transferred
M744_RS01005	M744_01045	WP_407830097.1	tRNA (adenosine(37)-N6)-threonylcarbamoyltransferase complex ATPase subunit type 1 TsaE	K06925	1	yes	yes	yes	1	ko_assigned	transferred
M744_RS01010	M744_01050	WP_011243440.1	gluconeogenesis factor YvcK family protein		0	no	no	no	2	go_iea_only	transferred
M744_RS01015	M744_01055	WP_039755450.1	geranylgeranyl reductase	K10960	1	no	yes	yes	2	ko_assigned	transferred
M744_RS01020	M744_01060	WP_011377558.1	hypothetical protein		0	no	no	no	0	hypothetical_no_homology_evidence	unknown
M744_RS01025	M744_01065	WP_011377557.1	DUF2189 domain-containing protein		0	no	no	no	1	go_iea_only	transferred
M744_RS01030	M744_01070	WP_011243444.1	TM2 domain-containing protein		0	no	no	no	1	go_iea_only	transferred
M744_RS01035	M744_01075	WP_231621355.1	DUF2752 domain-containing protein		0	no	no	no	0	named_no_ko_no_go	unknown
M744_RS01040	M744_01080	WP_039755453.1	hypothetical protein		0	no	no	no	0	hypothetical_no_homology_evidence	unknown
M744_RS01045	M744_01085	WP_011243446.1	DUF3086 domain-containing protein		0	no	no	no	0	named_no_ko_no_go	unknown
M744_RS01050	M744_01090	WP_011377555.1	DUF3119 family protein		0	no	no	no	0	named_no_ko_no_go	unknown
M744_RS01055	M744_01095	WP_011243448.1	MlaE family lipid ABC transporter permease subunit	K02066	1	yes	yes	yes	0	ko_assigned	transferred
M744_RS01060	M744_01100	WP_011243449.1	hypothetical protein		0	no	no	no	0	hypothetical_no_homology_evidence	unknown
M744_RS01065	M744_01105	WP_011377554.1	M16 family metallopeptidase		0	no	no	no	2	go_iea_only	transferred
M744_RS01070	M744_01110	WP_011243451.1	M16 family metallopeptidase	K07263	1	yes	yes	yes	2	ko_assigned	transferred
M744_RS01075	M744_01115	WP_011377553.1	hypothetical protein		0	no	no	no	0	hypothetical_no_homology_evidence	unknown
M744_RS01080	M744_01120	WP_011377552.1	cupin domain-containing protein		0	no	no	no	1	go_iea_only	transferred
M744_RS01090	M744_01130	WP_011377550.1	homoserine O-succinyltransferase	K00651	1	yes	yes	yes	0	ko_assigned	transferred
M744_RS01095	M744_01135	WP_011243455.1	O-acetylhomoserine aminocarboxypropyltransferase/cysteine synthase family protein	K01740	1	no	yes	yes	3	ko_assigned	transferred
M744_RS01100	M744_01140	WP_011377549.1	flavin monoamine oxidase family protein	K00274	1	no	yes	yes	2	ko_assigned	transferred
M744_RS01105	M744_01145	WP_039755458.1	exodeoxyribonuclease VII large subunit	K03601	1	yes	yes	yes	3	ko_assigned	transferred
M744_RS01110	M744_01155	WP_011377547.1	bile acid:sodium symporter family protein	K03453	1	no	yes	yes	1	ko_assigned	transferred
M744_RS01115	M744_01160	WP_011243459.1	SulP family inorganic anion transporter	K03321	1	yes	yes	yes	3	ko_assigned	transferred
M744_RS01120	M744_01170	WP_231621356.1	response regulator		0	no	no	no	0	named_no_ko_no_go	unknown
M744_RS01125	M744_01175	WP_011243461.1	phycobiliprotein lyase		0	no	no	no	1	go_iea_only	transferred
M744_RS01130	M744_01180	WP_011377546.1	DUF7734 family protein		0	no	no	no	0	named_no_ko_no_go	unknown
M744_RS01135	M744_01185	WP_011243463.1	DUF3177 family protein		0	no	no	no	0	named_no_ko_no_go	unknown
M744_RS01140	M744_01190	WP_011243464.1	Calvin cycle protein CP12		0	no	no	no	0	named_no_ko_no_go	unknown
M744_RS01145	M744_01200	WP_011243465.1	FIST signal transduction protein		0	no	no	no	1	go_iea_only	transferred
M744_RS01150	M744_01205	WP_011377545.1	metallophosphoesterase family protein		0	no	no	no	2	go_iea_only	transferred
M744_RS01155	M744_01210	WP_011243467.1	tRNA (guanosine(46)-N7)-methyltransferase TrmB	K03439	1	yes	yes	yes	2	ko_assigned	transferred
M744_RS01160	M744_01215	WP_011243468.1	IctB family putative bicarbonate transporter	K18814	1	no	yes	yes	0	ko_assigned	transferred
M744_RS01170	M744_01230	WP_011243469.1	DUF751 family protein		0	no	no	no	0	named_no_ko_no_go	unknown
M744_RS01175	M744_01235	WP_011243470.1	30S ribosome-binding factor RbfA	K02834	1	yes	yes	yes	1	ko_assigned	transferred
M744_RS01180	M744_01240	WP_011377544.1	glycoside hydrolase family 3 protein	K05349	1	yes	yes	yes	2	ko_assigned	transferred
M744_RS01185	M744_01245	WP_011377543.1	bile acid:sodium symporter family protein	K03453	1	no	yes	yes	1	ko_assigned	transferred
M744_RS01190	M744_01250	WP_407830096.1	peptide-methionine (R)-S-oxide reductase MsrB	K07305	1	yes	yes	yes	3	ko_assigned	transferred
M744_RS01195	M744_01255	WP_011243474.1	MlaD family protein	K02067	1	yes	yes	yes	0	ko_assigned	transferred
M744_RS01200	M744_01260	WP_231621357.1	ABC transporter ATP-binding protein	K02065	1	yes	yes	yes	3	ko_assigned	transferred
M744_RS01205	M744_01265	WP_011243476.1	DUF3611 family protein		0	no	no	no	0	named_no_ko_no_go	unknown
M744_RS01210	M744_01270	WP_011243477.1	recombinase RecA	K03553	1	yes	yes	yes	4	ko_assigned	transferred
M744_RS01215	M744_01280	WP_011243479.1	peptidoglycan editing factor PgeF	K05810	1	yes	yes	yes	0	ko_assigned	transferred
M744_RS01220	M744_01285	WP_011243480.1	biotin--[acetyl-CoA-carboxylase] ligase	K03524	1	yes	yes	yes	2	ko_assigned	transferred
M744_RS01225	M744_01290	WP_011243481.1	M23 family metallopeptidase		0	no	no	no	2	go_iea_only	transferred
M744_RS01230	M744_01295	WP_011377542.1	photosystem II protein Psb27	K08902	1	no	yes	yes	3	ko_assigned	transferred
M744_RS01235	M744_01300	WP_011377541.1	DUF7219 family protein		0	no	no	no	0	named_no_ko_no_go	unknown
M744_RS01240	M744_01305	WP_011243484.1	hypothetical protein		0	no	no	no	0	hypothetical_no_homology_evidence	unknown
M744_RS01245	M744_01310	WP_011243485.1	CPBP family intramembrane glutamic endopeptidase	K07052	1	no	yes	yes	3	ko_assigned	transferred
M744_RS01250	M744_01315	WP_011243486.1	DUF3326 domain-containing protein		0	no	no	no	0	named_no_ko_no_go	unknown
M744_RS01255	M744_01320	WP_039755467.1	hypothetical protein		0	no	no	no	0	hypothetical_no_homology_evidence	unknown
M744_RS01260	M744_01325	WP_011243487.1	ferredoxin PetF2	K02639	1	no	yes	yes	0	ko_assigned	transferred
M744_RS01265	M744_01330	WP_011377540.1	F0F1 ATP synthase subunit gamma	K02115	1	yes	yes	yes	3	ko_assigned	transferred
M744_RS01270	M744_01335	WP_011243489.1	F0F1 ATP synthase subunit alpha	K02111	1	yes	yes	yes	3	ko_assigned	transferred
M744_RS01275	M744_01340	WP_011243490.1	ATP synthase F1 subunit delta	K02113	1	yes	yes	yes	3	ko_assigned	transferred
M744_RS01280	M744_01345	WP_011377538.1	F0F1 ATP synthase subunit B	K02109	1	yes	yes	yes	0	ko_assigned	transferred
M744_RS01285	M744_01350	WP_011243492.1	F0F1 ATP synthase subunit B'	K02109	1	yes	yes	yes	0	ko_assigned	transferred
M744_RS01290	M744_01355	WP_011243493.1	ATP synthase F0 subunit C	K02110	1	yes	yes	yes	3	ko_assigned	transferred
M744_RS01295	M744_01360	WP_196794062.1	F0F1 ATP synthase subunit A	K02108	1	yes	yes	yes	3	ko_assigned	transferred
M744_RS01300	M744_01365	WP_231621358.1	ATP synthase subunit I	K02116	1	yes	yes	yes	0	ko_assigned	transferred
M744_RS01305	M744_01370	WP_011243496.1	class I SAM-dependent methyltransferase		0	no	no	no	3	go_iea_only	transferred
M744_RS01310	M744_01375	WP_011243497.1	phycobilisome rod-core linker polypeptide	K02096	1	no	yes	yes	2	ko_assigned	transferred
M744_RS01315	M744_01380	WP_011243498.1	allophycocyanin subunit alpha	K02092	1	no	yes	yes	0	ko_assigned	transferred
M744_RS01320	M744_01385	WP_011243499.1	allophycocyanin subunit beta	K02093	1	no	yes	yes	3	ko_assigned	transferred
M744_RS01325	M744_01390	WP_011243500.1	phycobilisome linker polypeptide	K02094	1	no	yes	yes	0	ko_assigned	transferred
M744_RS01330	M744_01395	WP_011377535.1	FtsW/RodA/SpoVE family cell cycle protein	K03588	1	yes	yes	yes	6	ko_assigned	transferred
M744_RS01335	M744_01400	WP_011243502.1	cytochrome c biogenesis protein CcdA	K06196	1	no	yes	yes	2	ko_assigned	transferred
M744_RS01340	M744_01405	WP_011243503.1	cytochrome c biogenesis protein	K07399	1	no	yes	yes	0	ko_assigned	transferred
M744_RS01345	M744_01410	WP_011243504.1	P-II family nitrogen regulator	K04751	1	yes	yes	yes	2	ko_assigned	transferred
M744_RS01350	M744_01415	WP_011243505.1	UDP-glucose 4-epimerase GalE	K01784	1	yes	yes	yes	2	ko_assigned	transferred
M744_RS01355	M744_01420	WP_011243506.1	TlyA family RNA methyltransferase	K06442	1	no	yes	yes	3	ko_assigned	transferred
M744_RS01360	M744_01425	WP_011377534.1	hypothetical protein		0	no	no	no	0	hypothetical_no_homology_evidence	unknown
M744_RS01365	M744_01430	WP_011377533.1	hypothetical protein		0	no	no	no	0	hypothetical_no_homology_evidence	unknown
M744_RS01370	M744_01435	WP_011243509.1	hypothetical protein		0	no	no	no	0	hypothetical_no_homology_evidence	unknown
M744_RS01375	M744_01440	WP_011377532.1	adenylosuccinate lyase	K01756	1	yes	yes	yes	2	ko_assigned	transferred
M744_RS01380	M744_01445	WP_231621359.1	succinate dehydrogenase cytochrome b subunit	K00241	1	yes	yes	yes	2	ko_assigned	transferred
M744_RS01385	M744_01450	WP_011243512.1	pentapeptide repeat-containing protein		0	no	no	no	0	named_no_ko_no_go	unknown
M744_RS01390	M744_01455	WP_011377531.1	YraN family protein	K07460	1	yes	yes	yes	0	ko_assigned	transferred
M744_RS01395	M744_01460	WP_011243514.1	16S rRNA (adenine(1518)-N(6)/adenine(1519)-N(6))-dimethyltransferase RsmA	K02528	1	yes	yes	yes	2	ko_assigned	transferred
M744_RS01400	M744_01465	WP_011243515.1	4-(cytidine 5'-diphospho)-2-C-methyl-D-erythritol kinase	K00919	1	yes	yes	yes	2	ko_assigned	transferred
M744_RS01405	M744_01470	WP_011377530.1	NAD(P)H-quinone oxidoreductase subunit F	K05577	1	no	yes	yes	0	ko_assigned	transferred
M744_RS01410	M744_01475	WP_011243517.1	CO2 hydration protein		0	no	no	no	0	named_no_ko_no_go	unknown
M744_RS01415	M744_01480	WP_011377529.1	cation:proton antiporter	K26730	1	no	yes	yes	4	ko_assigned	transferred
M744_RS01420	M744_01485	WP_039755475.1	type II toxin-antitoxin system RelE/ParE family toxin		0	no	no	no	2	go_iea_only	transferred
M744_RS01425	M744_01490	WP_011377528.1	addiction module protein		0	no	no	no	0	named_no_ko_no_go	unknown
M744_RS01430	M744_01495	WP_011243520.1	Coq4 family protein		0	no	no	no	1	go_iea_only	transferred
M744_RS01435	M744_01500	WP_011243521.1	potassium channel family protein	K10716	1	yes	yes	yes	4	ko_assigned	transferred
M744_RS01440	M744_01505	WP_011377526.1	phospholipase D-like domain-containing protein		0	no	no	no	1	go_iea_only	transferred
M744_RS01445	M744_01510	WP_011377525.1	single-stranded DNA-binding protein	K03111	1	yes	yes	yes	0	ko_assigned	transferred
M744_RS01450	M744_01515	WP_039755477.1	rod shape-determining protein	K03569	1	yes	yes	yes	4	ko_assigned	transferred
M744_RS01455	M744_01520	WP_011243525.1	rod shape-determining protein MreC	K03570	1	yes	yes	yes	0	ko_assigned	transferred
M744_RS01460	M744_01525	WP_011243526.1	rod shape-determining protein MreD		0	no	no	no	2	go_iea_only	transferred
M744_RS01465	M744_01530	WP_011243527.1	ATP-dependent zinc metalloprotease FtsH3	K03798	1	yes	yes	yes	0	ko_assigned	transferred
M744_RS01470	M744_01535	WP_011377523.1	caspase family protein		0	no	no	no	2	go_iea_only	transferred
M744_RS01475	M744_01540	WP_011243529.1	sulfate adenylyltransferase	K00958	1	no	yes	yes	2	ko_assigned	transferred
M744_RS01480	M744_01545	WP_011243530.1	photosystem II manganese-stabilizing polypeptide	K02716	1	no	yes	yes	0	ko_assigned	transferred
M744_RS01485	M744_01550	WP_011243531.1	hypothetical protein		0	no	no	no	0	hypothetical_no_homology_evidence	unknown
M744_RS01490	M744_01555	WP_011377522.1	bifunctional phosphopantothenoylcysteine decarboxylase/phosphopantothenate--cysteine ligase CoaBC	K13038	1	yes	yes	yes	5	ko_assigned	transferred
M744_RS01495	M744_01560	WP_011243533.1	protein IsiD		0	no	no	no	0	named_no_ko_no_go	unknown
M744_RS01505	M744_01570	WP_011377521.1	quinone-dependent dihydroorotate dehydrogenase	K00254	1	yes	yes	yes	0	ko_assigned	transferred
M744_RS01510	M744_01575	WP_011243535.1	preprotein translocase subunit SecA	K03070	1	yes	yes	yes	5	ko_assigned	transferred
M744_RS01515	M744_01580	WP_011243536.1	bifunctional UDP-N-acetylglucosamine diphosphorylase/glucosamine-1-phosphate N-acetyltransferase GlmU	K04042	1	yes	yes	yes	0	ko_assigned	transferred
M744_RS01525	M744_01590	WP_011243538.1	DUF1823 family protein		0	no	no	no	0	named_no_ko_no_go	unknown
M744_RS01530	M744_01595	WP_011243539.1	carbon dioxide-concentrating mechanism protein CcmK		0	no	no	no	0	named_no_ko_no_go	unknown
M744_RS01535	M744_01600	WP_011243540.1	carbon dioxide-concentrating mechanism protein CcmK		0	no	no	no	0	named_no_ko_no_go	unknown
M744_RS01540	M744_01605	WP_011243541.1	tRNA dihydrouridine synthase DusB	K05540	1	yes	yes	yes	3	ko_assigned	transferred
M744_RS01545	M744_01610	WP_011243543.1	serine hydroxymethyltransferase	K00600	1	yes	yes	yes	5	ko_assigned	transferred
M744_RS01550	M744_01615	WP_011243544.1	MraY family glycosyltransferase	K02851	1	yes	yes	yes	3	ko_assigned	transferred
M744_RS01555	M744_01620	WP_011377519.1	competence/damage-inducible protein A		0	no	no	no	0	named_no_ko_no_go	unknown
M744_RS01560	M744_01625	WP_011377518.1	NuoF family protein	K05587	1	no	yes	yes	4	ko_assigned	transferred
M744_RS01565	M744_01630	WP_011243547.1	bidirectional hydrogenase complex protein HoxE	K05586	1	no	yes	yes	0	ko_assigned	transferred
M744_RS01570	M744_01635	WP_011243548.1	NAD-dependent DNA ligase LigA	K01972	1	yes	yes	yes	4	ko_assigned	transferred
M744_RS01575	M744_01640	WP_011243549.1	FAD-linked oxidase C-terminal domain-containing protein	K00104	1	yes	yes	yes	2	ko_assigned	transferred
M744_RS01580	M744_01645	WP_011243550.1	HepT-like ribonuclease domain-containing protein		0	no	no	no	2	go_iea_only	transferred
M744_RS01585	M744_01650	WP_011243551.1	nucleotidyltransferase family protein	K07075	1	no	yes	yes	2	ko_assigned	transferred
M744_RS01590	M744_01655	WP_011243552.1	dephospho-CoA kinase	K00859	1	yes	yes	yes	4	ko_assigned	transferred
M744_RS01595	M744_01660	WP_011243553.1	uroporphyrinogen-III synthase	K01719	1	yes	yes	yes	3	ko_assigned	transferred
M744_RS01600	M744_01665	WP_011243554.1	uroporphyrinogen-III C-methyltransferase	K02303	1	no	yes	yes	2	ko_assigned	transferred
M744_RS01605	M744_01670	WP_011243555.1	glycosyltransferase		0	no	no	no	0	named_no_ko_no_go	unknown
M744_RS01610	M744_01675	WP_011377515.1	alpha/beta fold hydrolase		0	no	no	no	0	named_no_ko_no_go	unknown
M744_RS01615	M744_01680	WP_231621360.1	MEKHLA domain-containing protein		0	no	no	no	0	named_no_ko_no_go	unknown
M744_RS01620	M744_01685	WP_011243558.1	16S rRNA (guanine(527)-N(7))-methyltransferase RsmG	K03501	1	yes	yes	yes	3	ko_assigned	transferred
M744_RS01625	M744_01695	WP_011243559.1	J domain-containing protein		0	no	no	no	2	go_iea_only	transferred
M744_RS01630	M744_01700	WP_011243560.1	DUF3143 domain-containing protein		0	no	no	no	0	named_no_ko_no_go	unknown
M744_RS01635	M744_01705	WP_011243561.1	polyprenyl diphosphate synthase	K00806	1	yes	yes	yes	2	ko_assigned	transferred
M744_RS01640	M744_01710	WP_011243562.1	diadenylate cyclase CdaA		0	no	no	no	2	go_iea_only	transferred
M744_RS01645	M744_01715	WP_011243563.1	diaminopimelate decarboxylase	K01586	1	yes	yes	yes	2	ko_assigned	transferred
M744_RS01650	M744_01720	WP_011377513.1	ribosomal protein S18-alanine N-acetyltransferase	K03789	1	yes	yes	yes	3	ko_assigned	transferred
M744_RS01655	M744_01725	WP_011377512.1	ATP-dependent Clp protease ATP-binding subunit	K03696	1	no	yes	yes	0	ko_assigned	transferred
M744_RS01660	M744_01730	WP_011243566.1	hypothetical protein		0	no	no	no	0	hypothetical_no_homology_evidence	unknown
M744_RS01665	M744_01735	WP_011377511.1	VOC family protein	K06991	1	no	yes	yes	0	ko_assigned	transferred
M744_RS01670	M744_01740	WP_011243568.1	TIGR00297 family protein		0	no	no	no	1	go_iea_only	transferred
M744_RS01675	M744_01745	WP_011377510.1	M20 metallopeptidase family protein		0	no	no	no	1	go_iea_only	transferred
M744_RS01680	M744_01750	WP_011377509.1	ATP-binding protein	K06923	1	no	yes	yes	0	ko_assigned	transferred
M744_RS01685	M744_01755	WP_011243571.1	DNA gyrase subunit A	K02469	1	yes	yes	yes	4	ko_assigned	transferred
M744_RS01690	M744_01760	WP_011377508.1	Hsp20/alpha crystallin family protein		0	no	no	no	0	named_no_ko_no_go	unknown
M744_RS01695	M744_01765	WP_011243573.1	Calvin cycle protein CP12		0	no	no	no	0	named_no_ko_no_go	unknown
M744_RS01700	M744_01770	WP_011243574.1	3'-5' exonuclease	K02342	1	yes	yes	yes	2	ko_assigned	transferred
M744_RS01705	M744_01775	WP_011243575.1	pentapeptide repeat-containing protein		0	no	no	no	0	named_no_ko_no_go	unknown
M744_RS01710	M744_01780	WP_011243576.1	amino acid ABC transporter ATP-binding protein	K09972	1	yes	yes	yes	3	ko_assigned	transferred
M744_RS01715	M744_01785	WP_011377507.1	amino acid ABC transporter permease	K09971	1	yes	yes	yes	2	ko_assigned	transferred
M744_RS01720	M744_01790	WP_011377506.1	amino acid ABC transporter permease	K09970	1	yes	yes	yes	4	ko_assigned	transferred
M744_RS01725	M744_01795	WP_011243579.1	amino acid ABC transporter substrate-binding protein	K09969	1	no	yes	yes	2	ko_assigned	transferred
M744_RS01730	M744_01800	WP_011243580.1	type I glyceraldehyde-3-phosphate dehydrogenase	K00134	1	yes	yes	yes	4	ko_assigned	transferred
M744_RS01735	M744_01805	WP_011243581.1	glycogen/starch/alpha-glucan phosphorylase	K00688	1	yes	yes	yes	0	ko_assigned	transferred
M744_RS01740	M744_01810	WP_011243582.1	chlorophyll a/b-binding protein		0	no	no	no	0	named_no_ko_no_go	unknown
M744_RS01745	M744_01815	WP_231621361.1	calcium/sodium antiporter	K07301	1	yes	yes	yes	2	ko_assigned	transferred
M744_RS01755	M744_01825	WP_011377504.1	23S rRNA (uracil(1939)-C(5))-methyltransferase RlmD	K03215	1	yes	yes	yes	2	ko_assigned	transferred
M744_RS01760	M744_01830	WP_011243585.1	allophycocyanin alpha-B chain	K02095	1	no	yes	yes	0	ko_assigned	transferred
M744_RS01765	M744_01840	WP_011243586.1	cytochrome c6 PetJ	K08906	1	no	yes	yes	3	ko_assigned	transferred
M744_RS01770	M744_01845	WP_011243587.1	urease accessory protein UreH domain-containing protein	K09792	1	no	yes	yes	0	ko_assigned	transferred
M744_RS01775	M744_01850	WP_011243588.1	hypothetical protein		0	no	no	no	0	hypothetical_no_homology_evidence	unknown
M744_RS01780	M744_01855	WP_011243589.1	cyclic nucleotide-binding domain-containing protein		0	no	no	no	1	go_iea_only	transferred
M744_RS01785	M744_01860	WP_011243590.1	cyclic nucleotide-binding domain-containing protein		0	no	no	no	1	go_iea_only	transferred
M744_RS01790	M744_01865	WP_011243591.1	alpha/beta fold hydrolase		0	no	no	no	0	named_no_ko_no_go	unknown
M744_RS01795	M744_01870	WP_011243592.1	hypothetical protein		0	no	no	no	0	hypothetical_no_homology_evidence	unknown
M744_RS01800	M744_01875	WP_011243593.1	3-phosphoshikimate 1-carboxyvinyltransferase	K00800	1	yes	yes	yes	2	ko_assigned	transferred
M744_RS01805	M744_01880	WP_011243594.1	GNAT family N-acetyltransferase		0	no	no	no	1	go_iea_only	transferred
M744_RS01810	M744_01885	WP_011243595.1	hypothetical protein		0	no	no	no	0	hypothetical_no_homology_evidence	unknown
M744_RS01815	M744_01890	WP_011377502.1	hypothetical protein		0	no	no	no	0	hypothetical_no_homology_evidence	unknown
M744_RS01820	M744_01895	WP_011243597.1	DUF3146 family protein		0	no	no	no	0	named_no_ko_no_go	unknown
M744_RS01825	M744_01900	WP_011243598.1	aminoacyl-tRNA hydrolase	K01056	1	yes	yes	yes	1	ko_assigned	transferred
M744_RS01830	M744_01905	WP_011243599.1	TatA/E family twin arginine-targeting protein translocase	K03116	1	yes	yes	yes	0	ko_assigned	transferred
M744_RS01835	M744_01910	WP_011243600.1	photosystem II reaction center phosphoprotein PsbH	K02709	1	no	yes	yes	2	ko_assigned	transferred
M744_RS01840	M744_01915	WP_011243601.1	photosystem II reaction center protein PsbN	K02715	1	no	yes	yes	0	ko_assigned	transferred
M744_RS01845	M744_01920	WP_011377501.1	hypothetical protein		0	no	no	no	0	hypothetical_no_homology_evidence	unknown
M744_RS01850	M744_01925	WP_011243602.1	SDR family oxidoreductase		0	no	no	no	2	go_iea_only	transferred
M744_RS01855	M744_01930	WP_011243603.1	glucokinase	K00845	1	yes	yes	yes	5	ko_assigned	transferred
M744_RS01860	M744_01935	WP_011243604.1	MinD/ParA family ATP-binding protein		0	no	no	no	2	go_iea_only	transferred
M744_RS01865	M744_01940	WP_011243605.1	hypothetical protein		0	no	no	no	0	hypothetical_no_homology_evidence	unknown
M744_RS01870	M744_01945	WP_011243606.1	PCP reductase family protein		0	no	no	no	0	named_no_ko_no_go	unknown
M744_RS01880	M744_01960	WP_011377500.1	HAD family hydrolase		0	no	no	no	1	go_iea_only	transferred
M744_RS01885	M744_01965	WP_423218607.1	zinc-dependent alcohol dehydrogenase family protein	K00344	1	yes	yes	yes	0	ko_assigned	transferred
M744_RS01890	M744_01970	WP_011243609.1	slr1957 family protein		0	no	no	no	0	named_no_ko_no_go	unknown
M744_RS01895	M744_01975	WP_039755486.1	AEC family transporter	K24180	1	no	yes	yes	2	ko_assigned	transferred
M744_RS01900	M744_01985	WP_231621362.1	hypothetical protein		0	no	no	no	0	hypothetical_no_homology_evidence	unknown
M744_RS01905	M744_01990	WP_011377497.1	chorismate synthase	K01736	1	yes	yes	yes	2	ko_assigned	transferred
M744_RS01910	M744_02000	WP_011377496.1	cobyric acid synthase CobQ	K02232	1	no	yes	yes	3	ko_assigned	transferred
M744_RS01915	M744_02005	WP_011377495.1	Npun_F0494 family protein		0	no	no	no	0	named_no_ko_no_go	unknown
M744_RS01920	M744_02010	WP_173282566.1	nucleoside triphosphate pyrophosphatase	K06287	1	yes	yes	yes	3	ko_assigned	transferred
M744_RS01925	M744_02015	WP_011377494.1	tetratricopeptide repeat protein		0	no	no	no	0	named_no_ko_no_go	unknown
M744_RS01935	M744_02025	WP_011243617.1	nicotinate phosphoribosyltransferase	K03462	1	no	yes	yes	2	ko_assigned	transferred
M744_RS01940	M744_02030	WP_011377492.1	bifunctional nicotinamide-nucleotide adenylyltransferase/Nudix hydroxylase	K13522	1	no	yes	yes	0	ko_assigned	transferred
M744_RS01945	M744_02035	WP_231621363.1	DUF3122 domain-containing protein		0	no	no	no	0	named_no_ko_no_go	unknown
M744_RS01950	M744_02040	WP_011377491.1	bifunctional diaminohydroxyphosphoribosylaminopyrimidine deaminase/5-amino-6-(5-phosphoribosylamino)uracil reductase RibD	K11752	1	yes	yes	yes	3	ko_assigned	transferred
M744_RS01955	M744_02045	WP_011377490.1	cbb3-type cytochrome c oxidase subunit I	K00404	1	no	yes	yes	4	ko_assigned	transferred
M744_RS01960	M744_02050	WP_011243622.1	cbb3-type cytochrome c oxidase subunit II		0	no	no	no	0	named_no_ko_no_go	unknown
M744_RS01965	M744_02055	WP_011377489.1	DUF2231 domain-containing protein		0	no	no	no	1	go_iea_only	transferred
M744_RS01970	M744_02060	WP_011377488.1	DUF2231 domain-containing protein		0	no	no	no	1	go_iea_only	transferred
M744_RS01975	M744_02065	WP_011243625.1	NAD(P)/FAD-dependent oxidoreductase	K03885	1	yes	yes	yes	1	ko_assigned	transferred
M744_RS01980	M744_02070	WP_011377487.1	folate/biopterin family MFS transporter		0	no	no	no	0	named_no_ko_no_go	unknown
M744_RS01985	M744_02075	WP_011243627.1	carotenoid oxygenase family protein	K00464	1	no	yes	yes	3	ko_assigned	transferred
M744_RS01990	M744_02080	WP_011243628.1	pentapeptide repeat-containing protein		0	no	no	no	0	named_no_ko_no_go	unknown
M744_RS01995	M744_02085	WP_011377486.1	DNA polymerase I	K02335	1	yes	yes	yes	4	ko_assigned	transferred
M744_RS02000	M744_02090	WP_039755490.1	hypothetical protein		0	no	no	no	0	hypothetical_no_homology_evidence	unknown
M744_RS02005	M744_02095	WP_011243631.1	Tic20 family protein		0	no	no	no	0	named_no_ko_no_go	unknown
M744_RS02010	M744_02100	WP_011243632.1	pyridoxal-phosphate-dependent aminotransferase family protein		0	no	no	no	1	go_iea_only	transferred
M744_RS02015	M744_02105	WP_011243633.1	cobalt-precorrin-5B (C(1))-methyltransferase CbiD	K02188	1	no	yes	yes	2	ko_assigned	transferred
M744_RS02020	M744_02110	WP_173282570.1	glutamine-hydrolyzing GMP synthase	K01951	1	yes	yes	yes	4	ko_assigned	transferred
M744_RS02025	M744_02115	WP_011243635.1	bifunctional diguanylate cyclase/phosphodiesterase		0	no	no	no	5	go_iea_only	transferred
M744_RS02030	M744_02120	WP_011243636.1	hemolysin family protein	K03699	1	yes	yes	yes	1	ko_assigned	transferred
M744_RS02035	M744_02125	WP_011377484.1	hypothetical protein		0	no	no	no	0	hypothetical_no_homology_evidence	unknown
M744_RS02040	M744_02130	WP_011377483.1	gamma-glutamyltransferase	K00681	1	yes	yes	yes	0	ko_assigned	transferred
M744_RS02045	M744_02135	WP_011243638.1	inorganic phosphate transporter	K03306	1	no	yes	yes	3	ko_assigned	transferred
M744_RS02050	M744_02140	WP_011377482.1	hypothetical protein		0	no	no	no	0	hypothetical_no_homology_evidence	unknown
M744_RS02055	M744_02145	WP_011377481.1	class I SAM-dependent methyltransferase		0	no	no	no	3	go_iea_only	transferred
M744_RS02060	M744_02150	WP_011243641.1	AAA family ATPase		0	no	no	no	2	go_iea_only	transferred
M744_RS02065	M744_02155	WP_011243642.1	DUF4435 domain-containing protein		0	no	no	no	0	named_no_ko_no_go	unknown
M744_RS02070	M744_02160	WP_011243643.1	tRNA-binding protein	K06878	1	yes	yes	yes	0	ko_assigned	transferred
M744_RS02075	M744_02165	WP_039755888.1	ABC transporter ATP-binding protein	K25156	1	no	yes	yes	3	ko_assigned	transferred
M744_RS02080	M744_02170	WP_011377478.1	ABC transporter permease	K25155	1	no	yes	yes	3	ko_assigned	transferred
M744_RS02090	M744_02180	WP_011377477.1	lipopolysaccharide assembly protein LapA domain-containing protein		0	no	no	no	0	named_no_ko_no_go	unknown
M744_RS02095	M744_02185	WP_011243647.1	16S rRNA (cytidine(1402)-2'-O)-methyltransferase	K07056	1	yes	yes	yes	2	ko_assigned	transferred
M744_RS02100	M744_02190	WP_011243648.1	3'(2')%2C5'-bisphosphate nucleotidase CysQ family protein	K01082	1	yes	yes	yes	3	ko_assigned	transferred
M744_RS02105	M744_02195	WP_011377476.1	hypothetical protein		0	no	no	no	0	hypothetical_no_homology_evidence	unknown
M744_RS02110	M744_02200	WP_039755494.1	cysteine synthase A	K01738	1	yes	yes	yes	0	ko_assigned	transferred
M744_RS02115	M744_02205	WP_039755496.1	hypothetical protein		0	no	no	no	0	hypothetical_no_homology_evidence	unknown
M744_RS02120	M744_02210	WP_011243650.1	glutamine synthetase III family protein	K01915	1	yes	yes	yes	3	ko_assigned	transferred
M744_RS02125	M744_02215	WP_011377474.1	hypothetical protein		0	no	no	no	0	hypothetical_no_homology_evidence	unknown
M744_RS02130	M744_02220	WP_011377473.1	hypothetical protein		0	no	no	no	0	hypothetical_no_homology_evidence	unknown
M744_RS02140	M744_02230	WP_011243652.1	asparaginase	K01424	1	yes	yes	yes	0	ko_assigned	transferred
M744_RS02145	M744_02235	WP_011243653.1	CGLD27 family protein		0	no	no	no	0	named_no_ko_no_go	unknown
M744_RS02150	M744_02240	WP_011243654.1	ribosome silencing factor	K09710	1	yes	yes	yes	2	ko_assigned	transferred
M744_RS02155	M744_02245	WP_011243655.1	class I SAM-dependent methyltransferase		0	no	no	no	3	go_iea_only	transferred
M744_RS02160	M744_02250	WP_011243656.1	hypothetical protein		0	no	no	no	0	hypothetical_no_homology_evidence	unknown
M744_RS02165	M744_02255	WP_231621364.1	phycobiliprotein lyase		0	no	no	no	1	go_iea_only	transferred
M744_RS02170	M744_02260	WP_011243658.1	GTPase Era	K03595	1	yes	yes	yes	2	ko_assigned	transferred
M744_RS02175	M744_02265	WP_011243659.1	M67 family metallopeptidase		0	no	no	no	3	go_iea_only	transferred
M744_RS02180	M744_02270	WP_011377472.1	molybdopterin-synthase adenylyltransferase MoeB	K21147	1	no	yes	yes	0	ko_assigned	transferred
M744_RS02185	M744_02275	WP_011243661.1	hypothetical protein		0	no	no	no	0	hypothetical_no_homology_evidence	unknown
M744_RS02190	M744_02280	WP_011243662.1	alpha-D-glucose phosphate-specific phosphoglucomutase	K01835	1	yes	yes	yes	2	ko_assigned	transferred
M744_RS02195	M744_02285	WP_011377471.1	hypothetical protein		0	no	no	no	0	hypothetical_no_homology_evidence	unknown
M744_RS02200	M744_02290	WP_011243663.1	PAP/fibrillin family protein		0	no	no	no	0	named_no_ko_no_go	unknown
M744_RS02205	M744_02295	WP_199290676.1	DUF3134 domain-containing protein		0	no	no	no	0	named_no_ko_no_go	unknown
M744_RS02210	M744_02300	WP_011243665.1	phospho-N-acetylmuramoyl-pentapeptide-transferase	K01000	1	yes	yes	yes	3	ko_assigned	transferred
M744_RS02215	M744_02305	WP_011377469.1	response regulator		0	no	no	no	1	go_iea_only	transferred
M744_RS02220	M744_02310	WP_155813908.1	glycosyltransferase	K00721	1	no	yes	yes	0	ko_assigned	transferred
M744_RS02225	M744_02315	WP_011377467.1	methylated-DNA--[protein]-cysteine S-methyltransferase	K10778	1	yes	yes	no	5	ko_assigned	transferred
M744_RS02230	M744_02320	WP_011377466.1	bifunctional aminoglycoside phosphotransferase/ATP-binding protein	K07028	1	no	yes	yes	1	ko_assigned	transferred
M744_RS02235	M744_02325	WP_011243670.1	hypothetical protein		0	no	no	no	0	hypothetical_no_homology_evidence	unknown
M744_RS02240	M744_02330	WP_011377465.1	hypothetical protein		0	no	no	no	0	hypothetical_no_homology_evidence	unknown
M744_RS02245	M744_02335	WP_011243672.1	DUF3082 domain-containing protein		0	no	no	no	0	named_no_ko_no_go	unknown
M744_RS02250	M744_02340	WP_011243673.1	ABA4-like family protein		0	no	no	no	0	named_no_ko_no_go	unknown
M744_RS02255	M744_02350	WP_011377464.1	alpha-ketoacid dehydrogenase subunit beta	K00162	1	no	yes	yes	0	ko_assigned	transferred
M744_RS02260	M744_02355	WP_011377463.1	protein translocase subunit SecD	K03072	1	yes	yes	yes	4	ko_assigned	transferred
M744_RS02265	M744_02360	WP_011377462.1	protein translocase subunit SecF	K03074	1	yes	yes	yes	4	ko_assigned	transferred
M744_RS02275	M744_02370	WP_011377461.1	biosynthetic-type acetolactate synthase large subunit	K01652	1	yes	yes	yes	5	ko_assigned	transferred
M744_RS02280	M744_02375	WP_011377460.1	M23 family metallopeptidase		0	no	no	no	2	go_iea_only	transferred
M744_RS02285	M744_02380	WP_011243680.1	ferrochelatase	K01772	1	yes	yes	yes	2	ko_assigned	transferred
M744_RS02290	M744_02385	WP_011243681.1	site-specific integrase		0	no	no	no	3	go_iea_only	transferred
M744_RS02295	M744_02390	WP_011243682.1	class I SAM-dependent methyltransferase		0	no	no	no	2	go_iea_only	transferred
M744_RS02300	M744_02395	WP_011377459.1	O-antigen ligase family protein		0	no	no	no	4	go_iea_only	transferred
M744_RS02305	M744_02400	WP_199290675.1	YaaW family protein		0	no	no	no	0	named_no_ko_no_go	unknown
M744_RS02310	M744_02405	WP_011377457.1	NAD(P)/FAD-dependent oxidoreductase	K18208	1	no	yes	yes	2	ko_assigned	transferred
M744_RS02315	M744_02410	WP_011377456.1	cyclic nucleotide-binding domain-containing protein		0	no	no	no	0	named_no_ko_no_go	unknown
M744_RS02320	M744_02415	WP_011377455.1	hypothetical protein		0	no	no	no	0	hypothetical_no_homology_evidence	unknown
M744_RS02325	M744_02420	WP_011243687.1	pre-16S rRNA-processing nuclease YqgF		0	no	no	no	0	named_no_ko_no_go	unknown
M744_RS02330	M744_02425	WP_011243688.1	DUF3084 domain-containing protein		0	no	no	no	0	named_no_ko_no_go	unknown
M744_RS02335	M744_02430	WP_011243689.1	global nitrogen regulator NtcA	K21561	1	no	yes	yes	4	ko_assigned	transferred
M744_RS02340	M744_02435	WP_011377454.1	enoyl-ACP reductase FabI	K00208	1	yes	yes	yes	0	ko_assigned	transferred
M744_RS02345	M744_02440	WP_011243691.1	imidazoleglycerol-phosphate dehydratase HisB	K01693	1	no	yes	yes	0	ko_assigned	transferred
M744_RS02350	M744_02445	WP_011243692.1	methyltransferase domain-containing protein		0	no	no	no	0	named_no_ko_no_go	unknown
M744_RS02360	M744_02460	WP_011243693.1	EAL domain-containing protein	K26148	1	yes	yes	yes	3	ko_assigned	transferred
M744_RS02370	M744_02470	WP_011377452.1	lipid-A-disaccharide synthase-related protein		0	no	no	no	0	named_no_ko_no_go	unknown
M744_RS02375	M744_02475	WP_011377451.1	nucleoside deaminase	K01487	1	yes	yes	yes	3	ko_assigned	transferred
M744_RS02380	M744_02480	WP_011243696.1	hypothetical protein		0	no	no	no	0	hypothetical_no_homology_evidence	unknown
M744_RS02385	M744_02485	WP_011377450.1	Asp-tRNA(Asn)/Glu-tRNA(Gln) amidotransferase subunit GatB	K02434	1	no	yes	yes	1	ko_assigned	transferred
M744_RS02390	M744_02495	WP_011243700.1	carbohydrate kinase family protein	K00847	1	yes	yes	yes	2	ko_assigned	transferred
M744_RS02395	M744_02500	WP_011377449.1	cupin domain-containing protein		0	no	no	no	0	named_no_ko_no_go	unknown
M744_RS02400	M744_02505	WP_011243702.1	hypothetical protein		0	no	no	no	0	hypothetical_no_homology_evidence	unknown
M744_RS02405	M744_02510	WP_011243703.1	cytochrome b6-f complex subunit PetL	K02642	1	no	yes	yes	0	ko_assigned	transferred
M744_RS02410	M744_02515	WP_011377448.1	deoxyribodipyrimidine photo-lyase%2C 8-HDF type	K01669	1	yes	yes	yes	0	ko_assigned	transferred
M744_RS02415	M744_02520	WP_011377447.1	Hsp70 family protein		0	no	no	no	3	go_iea_only	transferred
M744_RS02420	M744_02525	WP_011377446.1	helix-turn-helix domain-containing protein		0	no	no	no	1	go_iea_only	transferred
M744_RS02425	M744_02530	WP_011377445.1	Dps family protein	K04047	1	yes	yes	yes	2	ko_assigned	transferred
M744_RS02430	M744_02535	WP_011243708.1	ParB N-terminal domain-containing protein	K12260	1	no	no	no	0	ko_assigned	transferred
M744_RS02435	M744_02540	WP_231621366.1	GTP-binding protein	K03595	1	yes	yes	yes	0	ko_assigned	transferred
M744_RS02440	M744_02545	WP_011243710.1	nicotinate-nucleotide adenylyltransferase	K00969	1	yes	yes	yes	0	ko_assigned	transferred
M744_RS02445	M744_02550	WP_011377443.1	NAD+ synthase	K01950	1	no	yes	yes	3	ko_assigned	transferred
M744_RS02450	M744_02555	WP_039755500.1	hypothetical protein		0	no	no	no	0	hypothetical_no_homology_evidence	unknown
M744_RS02455	M744_02560	WP_231621367.1	ankyrin repeat domain-containing protein		0	no	no	no	1	go_iea_only	transferred
M744_RS02460	M744_02565	WP_011377441.1	Uma2 family endonuclease		0	no	no	no	2	go_iea_only	transferred
M744_RS02465	M744_02570	WP_011377440.1	NAD(P)/FAD-dependent oxidoreductase	K03885	1	yes	yes	yes	1	ko_assigned	transferred
M744_RS02470	M744_02575	WP_011377439.1	hypothetical protein		0	no	no	no	0	hypothetical_no_homology_evidence	unknown
M744_RS02475	M744_02580	WP_011243717.1	nucleoside triphosphate pyrophosphohydrolase family protein		0	no	no	no	0	named_no_ko_no_go	unknown
M744_RS02480	M744_02585	WP_011243718.1	pyruvate kinase	K00873	1	yes	yes	yes	4	ko_assigned	transferred
M744_RS02485	M744_02590	WP_011377438.1	cobaltochelatase subunit CobN	K02230	1	no	yes	yes	2	ko_assigned	transferred
M744_RS02490	M744_02595	WP_011243720.1	DUF1269 domain-containing protein		0	no	no	no	0	named_no_ko_no_go	unknown
M744_RS02500	M744_02605	WP_039755507.1	response regulator transcription factor	K10697	1	no	yes	yes	4	ko_assigned	transferred
M744_RS02505	M744_02610	WP_011377436.1	DNA polymerase III subunit delta'	K02341	1	yes	yes	yes	0	ko_assigned	transferred
M744_RS02510	M744_02615	WP_011377435.1	dTMP kinase	K00943	1	yes	yes	yes	3	ko_assigned	transferred
M744_RS02515	M744_02620	WP_011243724.1	hypothetical protein		0	no	no	no	0	hypothetical_no_homology_evidence	unknown
M744_RS02520	M744_02625	WP_011243725.1	chorismate lyase	K03181	1	yes	yes	yes	0	ko_assigned	transferred
M744_RS02525	M744_02630	WP_011243726.1	GntR family transcriptional regulator	K07978	1	no	yes	yes	2	ko_assigned	transferred
M744_RS02530	M744_02635	WP_011243727.1	dienelactone hydrolase family protein	K01061	1	yes	yes	yes	1	ko_assigned	transferred
M744_RS02540	M744_02645	WP_039755509.1	hypothetical protein		0	no	no	no	0	hypothetical_no_homology_evidence	unknown
M744_RS02545	M744_02650	WP_231621368.1	MBL fold metallo-hydrolase		0	no	no	no	0	named_no_ko_no_go	unknown
M744_RS02550	M744_02655	WP_011377434.1	site-2 protease family protein		0	no	no	no	0	named_no_ko_no_go	unknown
M744_RS02555	M744_02660	WP_011243730.1	glycogen debranching protein GlgX	K01214	1	no	yes	yes	2	ko_assigned	transferred
M744_RS02560	M744_02665	WP_011377433.1	HAD family hydrolase		0	no	no	no	1	go_iea_only	transferred
M744_RS02565	M744_02670	WP_011377432.1	hypothetical protein		0	no	no	no	0	hypothetical_no_homology_evidence	unknown
M744_RS02570	M744_02675	WP_011243733.1	hypothetical protein		0	no	no	no	0	hypothetical_no_homology_evidence	unknown
M744_RS02575	M744_02680	WP_011377431.1	ABC transporter ATP-binding protein	K06147	1	no	yes	yes	4	ko_assigned	transferred
M744_RS02580	M744_02685	WP_011377430.1	RNA-binding S4 domain-containing protein	K14761	1	yes	yes	yes	1	ko_assigned	transferred
M744_RS02585	M744_02690	WP_011243736.1	ABC transporter permease	K02004	1	yes	yes	yes	1	ko_assigned	transferred
M744_RS02590	M744_02695	WP_011243737.1	single-stranded DNA-binding protein		0	no	no	no	2	go_iea_only	transferred
M744_RS02595	M744_02700	WP_011243738.1	secondary thiamine-phosphate synthase enzyme YjbQ		0	no	no	no	2	go_iea_only	transferred
M744_RS02600	M744_02705	WP_011243739.1	helix-turn-helix domain-containing protein		0	no	no	no	1	go_iea_only	transferred
M744_RS02605	M744_02710	WP_011243740.1	transporter substrate-binding domain-containing protein		0	no	no	no	0	named_no_ko_no_go	unknown
M744_RS02610	M744_02715	WP_011243741.1	aminopeptidase P N-terminal domain-containing protein	K01262	1	yes	yes	yes	2	ko_assigned	transferred
M744_RS02615	M744_02720	WP_011377429.1	hypothetical protein		0	no	no	no	0	hypothetical_no_homology_evidence	unknown
M744_RS02620	M744_02730	WP_011243743.1	4-hydroxy-3-methylbut-2-enyl diphosphate reductase	K03527	1	yes	yes	yes	0	ko_assigned	transferred
M744_RS02625	M744_02735	WP_011243744.1	DUF1997 domain-containing protein		0	no	no	no	0	named_no_ko_no_go	unknown
M744_RS02630	M744_02740	WP_011243745.1	DegT/DnrJ/EryC1/StrS family aminotransferase		0	no	no	no	1	go_iea_only	transferred
M744_RS02635	M744_02745	WP_011243746.1	Npun_F5749 family FMN-dependent PPOX-type flavoprotein	K00275	1	yes	yes	yes	2	ko_assigned	transferred
M744_RS02640	M744_02750	WP_011377428.1	hypothetical protein		0	no	no	no	0	hypothetical_no_homology_evidence	unknown
M744_RS02645	M744_02755	WP_011243747.1	ABC transporter ATP-binding protein	K25152	1	no	yes	yes	3	ko_assigned	transferred
M744_RS02650	M744_02760	WP_011243748.1	ABC transporter permease	K25151	1	no	yes	yes	3	ko_assigned	transferred
M744_RS02655	M744_02765	WP_011243749.1	GldG family protein	K25153	1	no	yes	yes	0	ko_assigned	transferred
M744_RS02660	M744_02770	WP_011243750.1	translation initiation factor IF-3	K02520	1	yes	yes	yes	2	ko_assigned	transferred
M744_RS02665	M744_02780	WP_011243751.1	protein-tyrosine phosphatase family protein		0	no	no	no	3	go_iea_only	transferred
M744_RS02670	M744_02790	WP_011243752.1	glucose-1-phosphate cytidylyltransferase	K00978	1	no	yes	yes	2	ko_assigned	transferred
M744_RS02675	M744_02795	WP_011377425.1	CDP-glucose 4%2C6-dehydratase	K01709	1	no	yes	yes	2	ko_assigned	transferred
M744_RS02685	M744_02805	WP_011377423.1	hypothetical protein		0	no	no	no	0	hypothetical_no_homology_evidence	unknown
M744_RS02690	M744_02810	WP_011243754.1	dTDP-4-dehydrorhamnose 3%2C5-epimerase	K01790	1	yes	yes	yes	2	ko_assigned	transferred
M744_RS02695	M744_02815	WP_011243755.1	class I SAM-dependent methyltransferase		0	no	no	no	2	go_iea_only	transferred
M744_RS02700	M744_02820	WP_011377422.1	DegT/DnrJ/EryC1/StrS family aminotransferase		0	no	no	no	1	go_iea_only	transferred
M744_RS02705	M744_02825	WP_339327469.1	GNAT family N-acetyltransferase		0	no	no	no	1	go_iea_only	transferred
M744_RS02710	M744_02830	WP_011243757.1	cephalosporin hydroxylase family protein		0	no	no	no	4	go_iea_only	transferred
M744_RS02715	M744_02835	WP_011243758.1	glycosyltransferase family 2 protein		0	no	no	no	2	go_iea_only	transferred
M744_RS02720	M744_02840	WP_011243759.1	class I SAM-dependent methyltransferase		0	no	no	no	3	go_iea_only	transferred
M744_RS02725	M744_02845	WP_011377420.1	O-linked N-acetylglucosamine transferase%2C SPINDLY family protein		0	no	no	no	2	go_iea_only	transferred
M744_RS02730	M744_02850	WP_011243761.1	glycosyltransferase		0	no	no	no	0	named_no_ko_no_go	unknown
M744_RS02735	M744_02855	WP_050738287.1	type IV pilin protein	K02650	1	no	yes	yes	2	ko_assigned	transferred
M744_RS02745	M744_02865	WP_011377417.1	exostosin domain-containing protein		0	no	no	no	0	named_no_ko_no_go	unknown
M744_RS02750	M744_02870	WP_011243763.1	class I SAM-dependent methyltransferase		0	no	no	no	3	go_iea_only	transferred
M744_RS02755	M744_02875	WP_199290689.1	tetratricopeptide repeat protein		0	no	no	no	0	named_no_ko_no_go	unknown
M744_RS02760	M744_02880	WP_011377415.1	FAD-dependent oxidoreductase		0	no	no	no	0	named_no_ko_no_go	unknown
M744_RS02765	M744_02885	WP_011243766.1	hypothetical protein		0	no	no	no	0	hypothetical_no_homology_evidence	unknown
M744_RS02770	M744_02890	WP_011243767.1	50S ribosomal protein L28	K02902	1	yes	yes	yes	3	ko_assigned	transferred
M744_RS02775	M744_02895	WP_011377414.1	ArsB/NhaD family transporter		0	no	no	no	3	go_iea_only	transferred
M744_RS02780	M744_02900	WP_011243769.1	dihydroneopterin aldolase	K01633	1	yes	yes	yes	2	ko_assigned	transferred
M744_RS02785	M744_02905	WP_011377413.1	NADP-dependent phosphogluconate dehydrogenase	K00033	1	yes	yes	yes	3	ko_assigned	transferred
M744_RS02790	M744_02910	WP_011377412.1	NUDIX hydrolase		0	no	no	no	2	go_iea_only	transferred
M744_RS02795	M744_02915	WP_011377411.1	hypothetical protein		0	no	no	no	0	hypothetical_no_homology_evidence	unknown
M744_RS02800	M744_02920	WP_011377410.1	hypothetical protein		0	no	no	no	0	hypothetical_no_homology_evidence	unknown
M744_RS02805	M744_02925	WP_011377409.1	hypothetical protein		0	no	no	no	0	hypothetical_no_homology_evidence	unknown
M744_RS02810	M744_02930	WP_039755513.1	hypothetical protein		0	no	no	no	0	hypothetical_no_homology_evidence	unknown
M744_RS02815	M744_02935	WP_011243775.1	HepT-like ribonuclease domain-containing protein		0	no	no	no	2	go_iea_only	transferred
M744_RS02820	M744_02940	WP_011243776.1	adenosylmethionine--8-amino-7-oxononanoate transaminase	K00833	1	yes	yes	yes	2	ko_assigned	transferred
M744_RS02825	M744_02945	WP_011243777.1	dethiobiotin synthase	K01935	1	yes	yes	yes	4	ko_assigned	transferred
M744_RS02830	M744_02950	WP_011243778.1	methyltransferase domain-containing protein	K02169	1	yes	yes	yes	0	ko_assigned	transferred
M744_RS02835	M744_02955	WP_011377407.1	alpha/beta fold hydrolase	K19560	1	no	yes	yes	1	ko_assigned	transferred
M744_RS02840	M744_02960	WP_011243780.1	aminotransferase class I/II-fold pyridoxal phosphate-dependent enzyme	K00652	1	yes	yes	yes	2	ko_assigned	transferred
M744_RS02845	M744_02965	WP_011243781.1	aldo/keto reductase		0	no	no	no	0	named_no_ko_no_go	unknown
M744_RS02850	M744_02970	WP_161565872.1	alpha/beta hydrolase		0	no	no	no	1	go_iea_only	transferred
M744_RS02855	M744_02975	WP_011377405.1	DUF4336 domain-containing protein		0	no	no	no	0	named_no_ko_no_go	unknown
M744_RS02860	M744_02980	WP_011243784.1	calcium/proton exchanger	K07300	1	yes	yes	yes	2	ko_assigned	transferred
M744_RS02865	M744_02985	WP_011377404.1	pentapeptide repeat-containing protein		0	no	no	no	0	named_no_ko_no_go	unknown
M744_RS02870	M744_02990	WP_011243786.1	cobalt-precorrin-6A reductase	K05895	1	no	yes	yes	2	ko_assigned	transferred
M744_RS02875	M744_02995	WP_011243787.1	hypothetical protein		0	no	no	no	0	hypothetical_no_homology_evidence	unknown
M744_RS02880	M744_03000	WP_011377403.1	sulfite reductase%2C ferredoxin dependent	K00392	1	no	yes	yes	3	ko_assigned	transferred
M744_RS02885	M744_03005	WP_011377402.1	glycine--tRNA ligase subunit beta	K01879	1	yes	yes	yes	4	ko_assigned	transferred
M744_RS02890	M744_03010	WP_011243790.1	bifunctional 4-hydroxy-2-oxoglutarate aldolase/2-dehydro-3-deoxy-phosphogluconate aldolase	K01625	1	yes	yes	yes	0	ko_assigned	transferred
M744_RS02895	M744_03015	WP_011243791.1	hypothetical protein		0	no	no	no	0	hypothetical_no_homology_evidence	unknown
M744_RS02900	M744_03020	WP_039755514.1	hypothetical protein		0	no	no	no	0	hypothetical_no_homology_evidence	unknown
M744_RS02905	M744_03025	WP_011243792.1	Fe2+-dependent dioxygenase	K07336	1	yes	yes	yes	0	ko_assigned	transferred
M744_RS02910	M744_03030	WP_011243793.1	hypothetical protein		0	no	no	no	0	hypothetical_no_homology_evidence	unknown
M744_RS02915	M744_03035	WP_011243794.1	hypothetical protein		0	no	no	no	0	hypothetical_no_homology_evidence	unknown
M744_RS02920	M744_03045	WP_011377401.1	30S ribosomal protein S6	K02990	1	yes	yes	yes	4	ko_assigned	transferred
M744_RS02925	M744_03050	WP_126147300.1	hypothetical protein		0	no	no	no	0	hypothetical_no_homology_evidence	unknown
M744_RS02930	M744_03055	WP_231621371.1	DedA family protein		0	no	no	no	1	go_iea_only	transferred
M744_RS02935	M744_03060	WP_011243798.1	argininosuccinate synthase	K01940	1	yes	yes	yes	3	ko_assigned	transferred
M744_RS02940	M744_03065	WP_231621372.1	hypothetical protein		0	no	no	no	0	hypothetical_no_homology_evidence	unknown
M744_RS02945	M744_03070	WP_011377398.1	YtxH domain-containing protein		0	no	no	no	1	go_iea_only	transferred
M744_RS02950	M744_03075	WP_011243801.1	hypothetical protein		0	no	no	no	0	hypothetical_no_homology_evidence	unknown
M744_RS02955	M744_03080	WP_011377397.1	permease family protein	K06901	1	yes	yes	yes	0	ko_assigned	transferred
M744_RS02960	M744_03085	WP_011243803.1	amidophosphoribosyltransferase	K00764	1	yes	yes	yes	2	ko_assigned	transferred
M744_RS02965	M744_03090	WP_011243804.1	phosphoribosylformylglycinamidine synthase subunit PurL	K23269	1	no	yes	yes	2	ko_assigned	transferred
M744_RS02970	M744_03095	WP_199290672.1	PRC-barrel domain-containing protein		0	no	no	no	0	named_no_ko_no_go	unknown
M744_RS02975	M744_03100	WP_070105208.1	DNA polymerase III subunit beta	K02338	1	yes	yes	yes	4	ko_assigned	transferred
M744_RS02980	M744_03105	WP_011243807.1	HAD-IA family hydrolase	K01091	1	yes	yes	yes	2	ko_assigned	transferred
M744_RS02985	M744_03110	WP_011243808.1	threonine synthase	K01733	1	yes	yes	yes	2	ko_assigned	transferred
M744_RS02990	M744_03115	WP_231621373.1	sirohydrochlorin chelatase		0	no	no	no	1	go_iea_only	transferred
M744_RS02995	M744_03120	WP_011378532.1	uroporphyrinogen-III C-methyltransferase	K02303	1	no	yes	yes	2	ko_assigned	transferred
M744_RS03000	M744_03125	WP_011243811.1	alpha/beta hydrolase		0	no	no	no	1	go_iea_only	transferred
M744_RS03005	M744_03130	WP_011378531.1	hypothetical protein		0	no	no	no	0	hypothetical_no_homology_evidence	unknown
M744_RS03010	M744_03135	WP_011243813.1	exodeoxyribonuclease III	K01142	1	yes	yes	yes	2	ko_assigned	transferred
M744_RS03015	M744_03140	WP_011378530.1	threonine--tRNA ligase	K01868	1	yes	yes	yes	4	ko_assigned	transferred
M744_RS03020	M744_03145	WP_231621374.1	cyclic di-GMP-binding domain-containing protein%2C MshE-related		0	no	no	no	1	go_iea_only	transferred
M744_RS03025	M744_03150	WP_011243816.1	cytochrome c oxidase subunit 3	K02276	1	no	yes	yes	2	ko_assigned	transferred
M744_RS03030	M744_03155	WP_011243817.1	cytochrome c oxidase subunit I	K02274	1	no	yes	yes	2	ko_assigned	transferred
M744_RS03035	M744_03160	WP_011243818.1	cytochrome c oxidase subunit II	K02275	1	no	yes	yes	4	ko_assigned	transferred
M744_RS03040	M744_03165	WP_011378529.1	COX15/CtaA family protein	K02259	1	no	yes	yes	5	ko_assigned	transferred
M744_RS03045	M744_03170	WP_011243820.1	heme o synthase	K02257	1	yes	yes	yes	3	ko_assigned	transferred
M744_RS03050	M744_03175	WP_011243821.1	phenylpyruvate tautomerase MIF-related protein	K07253	1	no	yes	yes	0	ko_assigned	transferred
M744_RS03055	M744_03180	WP_011243822.1	glycosyltransferase family protein		0	no	no	no	0	named_no_ko_no_go	unknown
M744_RS03060	M744_03185	WP_011243823.1	CYTH domain-containing protein		0	no	no	no	2	go_iea_only	transferred
M744_RS03065	M744_03190	WP_011243824.1	Gfo/Idh/MocA family protein		0	no	no	no	2	go_iea_only	transferred
M744_RS03070	M744_03195	WP_011243825.1	hemolysin family protein	K03699	1	yes	yes	yes	1	ko_assigned	transferred
M744_RS03075	M744_03200	WP_155813911.1	hypothetical protein		0	no	no	no	0	hypothetical_no_homology_evidence	unknown
M744_RS03085	M744_03210	WP_231621375.1	hypothetical protein		0	no	no	no	0	hypothetical_no_homology_evidence	unknown
M744_RS03090	M744_03215	WP_011378525.1	orotate phosphoribosyltransferase	K00762	1	yes	yes	yes	2	ko_assigned	transferred
M744_RS03095	M744_03220	WP_011378524.1	PilW family protein		0	no	no	no	2	go_iea_only	transferred
M744_RS03100	M744_03225	WP_011243830.1	pilus assembly FimT family protein		0	no	no	no	1	go_iea_only	transferred
M744_RS03105	M744_03230	WP_173282573.1	2-phosphosulfolactate phosphatase family protein	K05979	1	no	yes	yes	0	ko_assigned	transferred
M744_RS03110	M744_03235	WP_011243832.1	UbiD family decarboxylase	K03182	1	yes	yes	yes	3	ko_assigned	transferred
M744_RS03115	M744_03240	WP_011243833.1	DUF3916 domain-containing protein		0	no	no	no	0	named_no_ko_no_go	unknown
M744_RS03120	M744_03245	WP_011243834.1	YidH family protein	K00389	1	yes	yes	yes	1	ko_assigned	transferred
M744_RS03125	M744_03250	WP_011243835.1	Rrf2 family transcriptional regulator		0	no	no	no	0	named_no_ko_no_go	unknown
M744_RS03130	M744_03255	WP_011243836.1	SDR family oxidoreductase		0	no	no	no	1	go_iea_only	transferred
M744_RS03135	M744_03260	WP_011243837.1	DUF3386 domain-containing protein		0	no	no	no	0	named_no_ko_no_go	unknown
M744_RS03140	M744_03265	WP_011243838.1	inositol monophosphatase family protein	K01092	1	yes	yes	yes	3	ko_assigned	transferred
M744_RS03145	M744_03270	WP_011243839.1	2Fe-2S iron-sulfur cluster-binding protein	K02639	1	no	yes	yes	2	ko_assigned	transferred
M744_RS03155	M744_03280	WP_011378523.1	molecular chaperone DnaK	K04043	1	yes	yes	yes	0	ko_assigned	transferred
M744_RS03160	M744_03285	WP_011243841.1	DnaJ C-terminal domain-containing protein	K05516	1	yes	yes	yes	0	ko_assigned	transferred
M744_RS03165	M744_03290	WP_039755524.1	DUF3110 domain-containing protein		0	no	no	no	0	named_no_ko_no_go	unknown
M744_RS03170	M744_03295	WP_011243843.1	N-acetylmuramic acid 6-phosphate etherase	K07106	1	yes	yes	yes	3	ko_assigned	transferred
M744_RS03175	M744_03300	WP_011378522.1	site-2 protease family protein		0	no	no	no	0	named_no_ko_no_go	unknown
M744_RS03205	M744_03330	WP_231621376.1	metal ABC transporter solute-binding protein%2C Zn/Mn family	K09818	1	no	yes	yes	2	ko_assigned	transferred
M744_RS03210	M744_03335	WP_039755525.1	metal ABC transporter ATP-binding protein	K09820	1	no	yes	yes	3	ko_assigned	transferred
M744_RS03215	M744_03340	WP_011243847.1	metal ABC transporter permease	K09819	1	no	yes	yes	3	ko_assigned	transferred
M744_RS03220	M744_03345	WP_011243848.1	DUF1825 family protein		0	no	no	no	0	named_no_ko_no_go	unknown
M744_RS03225	M744_03350	WP_011243849.1	transglycosylase domain-containing protein	K05366	1	yes	yes	yes	4	ko_assigned	transferred
M744_RS03230	M744_03355	WP_011243850.1	tyrosine--tRNA ligase	K01866	1	yes	yes	yes	3	ko_assigned	transferred
M744_RS03235	M744_03360	WP_011243851.1	orotidine-5'-phosphate decarboxylase	K01591	1	yes	yes	yes	3	ko_assigned	transferred
M744_RS03240	M744_03365	WP_011243852.1	hypothetical protein		0	no	no	no	0	hypothetical_no_homology_evidence	unknown
M744_RS03245	M744_03370	WP_011243853.1	thiamine-phosphate kinase	K00946	1	yes	yes	yes	2	ko_assigned	transferred
M744_RS03255	M744_03380	WP_011243855.1	elongation factor P	K02356	1	yes	yes	yes	3	ko_assigned	transferred
M744_RS03260	M744_03385	WP_011243856.1	acetyl-CoA carboxylase biotin carboxyl carrier protein	K02160	1	yes	yes	yes	3	ko_assigned	transferred
M744_RS03265	M744_03390	WP_011243857.1	AAA family ATPase	K03546	1	yes	yes	yes	2	ko_assigned	transferred
M744_RS03270	M744_03395	WP_011378519.1	methionine gamma-lyase family protein		0	no	no	no	3	go_iea_only	transferred
M744_RS03275	M744_03400	WP_011243859.1	acyl-CoA desaturase	K23054	1	no	yes	yes	4	ko_assigned	transferred
M744_RS03280	M744_03405	WP_199290619.1	GNAT family N-acetyltransferase		0	no	no	no	1	go_iea_only	transferred
M744_RS03285	M744_03410	WP_011243861.1	50S ribosomal protein L9	K02939	1	yes	yes	yes	3	ko_assigned	transferred
M744_RS03290	M744_03415	WP_011243862.1	cysteine desulfurase family protein	K04487	1	yes	yes	yes	1	ko_assigned	transferred
M744_RS03295	M744_03420	WP_011378517.1	bidirectional hydrogenase complex protein HoxU	K05588	1	no	yes	yes	0	ko_assigned	transferred
M744_RS03300	M744_03425	WP_011243864.1	NADH-quinone oxidoreductase subunit B family protein	K18007	1	no	yes	yes	1	ko_assigned	transferred
M744_RS03305	M744_03430	WP_011378516.1	Ni/Fe hydrogenase subunit alpha	K00436	1	no	yes	yes	0	ko_assigned	transferred
M744_RS03310	M744_03435	WP_011243866.1	hydrogenase maturation protease		0	no	no	no	1	go_iea_only	transferred
M744_RS03315	M744_03440	WP_011243867.1	hydrogenase maturation nickel metallochaperone HypA	K04651	1	yes	yes	yes	3	ko_assigned	transferred
M744_RS03320	M744_03445	WP_011243868.1	hydrogenase nickel incorporation protein HypB	K04652	1	yes	yes	yes	6	ko_assigned	transferred
M744_RS03325	M744_03450	WP_011243869.1	carbamoyltransferase HypF	K04656	1	yes	yes	yes	4	ko_assigned	transferred
M744_RS03330	M744_03455	WP_011243870.1	HypC/HybG/HupF family hydrogenase formation chaperone	K04653	1	yes	no	yes	2	ko_assigned	transferred
M744_RS03335	M744_03460	WP_011243871.1	ATP-binding protein		0	no	no	no	0	named_no_ko_no_go	unknown
M744_RS03340	M744_03465	WP_011378515.1	ssr2422 family thylakoid membrane protein		0	no	no	no	0	named_no_ko_no_go	unknown
M744_RS03345	M744_03470	WP_011243872.1	3-isopropylmalate dehydratase small subunit	K01704	1	yes	yes	yes	3	ko_assigned	transferred
M744_RS03350	M744_03475	WP_011243873.1	hypothetical protein		0	no	no	no	0	hypothetical_no_homology_evidence	unknown
M744_RS03355	M744_03480	WP_011243874.1	GDSL-type esterase/lipase family protein		0	no	no	no	0	named_no_ko_no_go	unknown
M744_RS03360	M744_03485	WP_011243875.1	pyridoxal phosphate-dependent aminotransferase	K00812	1	no	yes	yes	3	ko_assigned	transferred
M744_RS03365	M744_03490	WP_011243876.1	VOC family protein		0	no	no	no	0	named_no_ko_no_go	unknown
M744_RS03370	M744_03495	WP_011243877.1	uracil-DNA glycosylase	K21929	1	no	yes	yes	2	ko_assigned	transferred
M744_RS03375	M744_03500	WP_011243878.1	c-type cytochrome	K08906	1	no	yes	yes	2	ko_assigned	transferred
M744_RS03390	M744_03515	WP_039755904.1	50S ribosomal protein L19	K02884	1	yes	yes	yes	4	ko_assigned	transferred
M744_RS03395	M744_03520	WP_011243880.1	cupredoxin domain-containing protein		0	no	no	no	0	named_no_ko_no_go	unknown
M744_RS03400	M744_03525	WP_011378513.1	thylakoid membrane photosystem I accumulation factor		0	no	no	no	0	named_no_ko_no_go	unknown
M744_RS03405	M744_03530	WP_011243882.1	ATP-dependent Clp protease proteolytic subunit	K01358	1	yes	yes	yes	0	ko_assigned	transferred
M744_RS03410	M744_03535	WP_011243883.1	ATP-dependent Clp protease proteolytic subunit	K01358	1	yes	yes	yes	3	ko_assigned	transferred
M744_RS03415	M744_03540	WP_011378512.1	J domain-containing protein		0	no	no	no	2	go_iea_only	transferred
M744_RS03420	M744_03545	WP_155814000.1	diguanylate cyclase		0	no	no	no	2	go_iea_only	transferred
M744_RS03425	M744_03550	WP_011243886.1	GGDEF domain-containing protein		0	no	no	no	3	go_iea_only	transferred
M744_RS03430	M744_03555	WP_011243887.1	hypothetical protein		0	no	no	no	0	hypothetical_no_homology_evidence	unknown
M744_RS03435	M744_03560	WP_011378509.1	alpha/beta fold hydrolase		0	no	no	no	0	named_no_ko_no_go	unknown
M744_RS03440	M744_03565	WP_011243889.1	translation elongation factor Ts	K02357	1	yes	yes	yes	2	ko_assigned	transferred
M744_RS03445	M744_03570	WP_011378508.1	30S ribosomal protein S2	K02967	1	yes	yes	yes	3	ko_assigned	transferred
M744_RS03450	M744_03575	WP_011378507.1	DUF4278 domain-containing protein		0	no	no	no	0	named_no_ko_no_go	unknown
M744_RS03455	M744_03580	WP_011378506.1	lecithin retinol acyltransferase family protein		0	no	no	no	0	named_no_ko_no_go	unknown
M744_RS03460	M744_03585	WP_011243892.1	alpha/beta fold hydrolase		0	no	no	no	0	named_no_ko_no_go	unknown
M744_RS03465	M744_03590	WP_011243893.1	ATP-dependent protease ATP-binding subunit ClpX	K03544	1	yes	yes	yes	4	ko_assigned	transferred
M744_RS03470	M744_03595	WP_011243894.1	ATP-dependent Clp endopeptidase proteolytic subunit ClpP	K01358	1	yes	yes	yes	4	ko_assigned	transferred
M744_RS03475	M744_03600	WP_011378504.1	trigger factor	K03545	1	yes	yes	yes	5	ko_assigned	transferred
M744_RS03480	M744_03605	WP_011378503.1	hypothetical protein		0	no	no	no	0	hypothetical_no_homology_evidence	unknown
M744_RS03485	M744_03610	WP_011378502.1	NAD(P)H-dependent glycerol-3-phosphate dehydrogenase	K00057	1	yes	yes	no	0	ko_assigned	transferred
M744_RS03490	M744_03615	WP_011378501.1	PhoH family protein	K07175	1	no	yes	yes	1	ko_assigned	transferred
M744_RS03495	M744_03620	WP_011378500.1	LOG family protein		0	no	no	no	2	go_iea_only	transferred
M744_RS03500	M744_03625	WP_011378499.1	bifunctional diguanylate cyclase/phosphodiesterase		0	no	no	no	5	go_iea_only	transferred
M744_RS03505	M744_03630	WP_011378498.1	glycogen synthase GlgA	K00703	1	yes	yes	yes	0	ko_assigned	transferred
M744_RS03510	M744_03635	WP_011243900.1	hypothetical protein		0	no	no	no	0	hypothetical_no_homology_evidence	unknown
M744_RS03515	M744_03640	WP_011378497.1	hypothetical protein		0	no	no	no	0	hypothetical_no_homology_evidence	unknown
M744_RS03525	M744_03655	WP_011243901.1	ATP-dependent helicase	K03657	1	yes	yes	yes	4	ko_assigned	transferred
M744_RS03530	M744_03660	WP_011243902.1	ornithine carbamoyltransferase	K00611	1	yes	yes	yes	2	ko_assigned	transferred
M744_RS03535	M744_03665	WP_011243903.1	photosystem I biogenesis protein BtpA	K06971	1	yes	yes	yes	0	ko_assigned	transferred
M744_RS03545	M744_03675	WP_011378495.1	30S ribosomal protein S12 methylthiotransferase RimO	K14441	1	yes	yes	yes	6	ko_assigned	transferred
M744_RS03550	M744_03680	WP_011378494.1	SRPBCC family protein		0	no	no	no	1	go_iea_only	transferred
M744_RS03555	M744_03685	WP_011243906.1	translation initiation factor IF-1	K02518	1	yes	yes	yes	2	ko_assigned	transferred
M744_RS03560	M744_03690	WP_011243907.1	HAD-IA family hydrolase	K07025	1	no	yes	yes	1	ko_assigned	transferred
M744_RS03565	M744_03695	WP_011243908.1	NAD(P)/FAD-dependent oxidoreductase	K17872	1	no	yes	yes	1	ko_assigned	transferred
M744_RS03575	M744_03705	WP_011243910.1	phosphoadenylyl-sulfate reductase	K00390	1	yes	yes	yes	2	ko_assigned	transferred
M744_RS03580	M744_03710	WP_011243911.1	O-methyltransferase		0	no	no	no	4	go_iea_only	transferred
M744_RS03585	M744_03715	WP_011243912.1	hypothetical protein		0	no	no	no	0	hypothetical_no_homology_evidence	unknown
M744_RS03590	M744_03720	WP_011378491.1	protochlorophyllide reductase	K00218	1	no	yes	yes	2	ko_assigned	transferred
M744_RS03595	M744_03725	WP_011378490.1	four-carbon acid sugar kinase family protein		0	no	no	no	2	go_iea_only	transferred
M744_RS03600	M744_03730	WP_011243915.1	3-deoxy-7-phosphoheptulonate synthase	K01626	1	yes	yes	yes	2	ko_assigned	transferred
M744_RS03605	M744_03735	WP_011243916.1	NfeD family protein		0	no	no	no	0	named_no_ko_no_go	unknown
M744_RS03610	M744_03740	WP_011243917.1	flotillin family protein	K07192	1	yes	yes	yes	2	ko_assigned	transferred
M744_RS03615	M744_03745	WP_011243918.1	flotillin family protein	K07192	1	yes	yes	yes	2	ko_assigned	transferred
M744_RS03620	M744_03750	WP_011243919.1	nucleoside-diphosphate kinase	K00940	1	yes	yes	yes	1	ko_assigned	transferred
M744_RS03625	M744_03755	WP_011243920.1	ABC transporter substrate-binding protein	K01999	1	yes	yes	yes	1	ko_assigned	transferred
M744_RS03630	M744_03760	WP_011243921.1	branched-chain amino acid ABC transporter permease	K01997	1	yes	yes	yes	2	ko_assigned	transferred
M744_RS03635	M744_03765	WP_011243922.1	branched-chain amino acid ABC transporter permease	K01998	1	yes	yes	yes	2	ko_assigned	transferred
M744_RS03640	M744_03770	WP_011243923.1	ABC transporter ATP-binding protein	K01995	1	yes	yes	yes	3	ko_assigned	transferred
M744_RS03645	M744_03775	WP_011243924.1	ABC transporter ATP-binding protein	K01996	1	yes	yes	yes	3	ko_assigned	transferred
M744_RS03650	M744_03785	WP_011243925.1	DNA topoisomerase (ATP-hydrolyzing) subunit B	K02470	1	yes	yes	yes	5	ko_assigned	transferred
M744_RS03655	M744_03790	WP_011378489.1	tRNA (adenosine(37)-N6)-dimethylallyltransferase MiaA	K00791	1	yes	yes	yes	3	ko_assigned	transferred
M744_RS03665	M744_03800	WP_011243928.1	hypothetical protein		0	no	no	no	0	hypothetical_no_homology_evidence	unknown
M744_RS03670	M744_03805	WP_011243929.1	NAD(P)H-quinone oxidoreductase subunit O		0	no	no	no	0	named_no_ko_no_go	unknown
M744_RS03675	M744_03810	WP_011243931.1	PilW family protein		0	no	no	no	2	go_iea_only	transferred
M744_RS03680	M744_03815	WP_011243932.1	hypothetical protein		0	no	no	no	0	hypothetical_no_homology_evidence	unknown
M744_RS03690	M744_03825	WP_231621377.1	2OG-Fe(II) oxygenase		0	no	no	no	2	go_iea_only	transferred
M744_RS03700	M744_03830	WP_011243936.1	photosystem II reaction center protein Psb28	K08904	1	no	yes	yes	2	ko_assigned	transferred
M744_RS03705	M744_03835	WP_011243937.1	thylakoid membrane protein ThyD	K07071	1	yes	yes	yes	0	ko_assigned	transferred
M744_RS03710	M744_03840	WP_039755541.1	hypothetical protein		0	no	no	no	0	hypothetical_no_homology_evidence	unknown
M744_RS03715	M744_03845	WP_039755911.1	argininosuccinate lyase	K01755	1	yes	yes	yes	2	ko_assigned	transferred
M744_RS03720	M744_03855	WP_039755543.1	PP2C family protein-serine/threonine phosphatase		0	no	no	no	3	go_iea_only	transferred
M744_RS03725	M744_03860	WP_011243942.1	signal recognition particle-docking protein FtsY	K03110	1	yes	yes	yes	4	ko_assigned	transferred
M744_RS03730	M744_03865	WP_011243943.1	transcription antitermination factor NusB	K03625	1	yes	yes	yes	1	ko_assigned	transferred
M744_RS03735	M744_03870	WP_011378480.1	DUF502 domain-containing protein		0	no	no	no	1	go_iea_only	transferred
M744_RS03740	M744_03875	WP_011243945.1	HpsJ family protein		0	no	no	no	0	named_no_ko_no_go	unknown
M744_RS03745	M744_03880	WP_011378479.1	molecular chaperone DnaK	K04043	1	yes	yes	yes	3	ko_assigned	transferred
M744_RS03750	M744_03885	WP_011243947.1	shikimate dehydrogenase		0	no	no	no	0	named_no_ko_no_go	unknown
M744_RS03755	M744_03890	WP_011378478.1	response regulator transcription factor	K02483	1	no	yes	yes	4	ko_assigned	transferred
M744_RS03765	M744_03900	WP_011378477.1	DUF6761 family protein		0	no	no	no	0	named_no_ko_no_go	unknown
M744_RS03770	M744_03905	WP_011243950.1	N-acetylmannosamine-6-phosphate 2-epimerase	K01788	1	yes	yes	yes	0	ko_assigned	transferred
M744_RS03775	M744_03910	WP_011378476.1	methionine adenosyltransferase	K00789	1	yes	yes	yes	3	ko_assigned	transferred
M744_RS03780	M744_03915	WP_011378475.1	FGGY-family carbohydrate kinase	K22935	1	no	yes	yes	4	ko_assigned	transferred
M744_RS03785	M744_03920	WP_011378474.1	agmatine deiminase family protein		0	no	no	no	2	go_iea_only	transferred
M744_RS03790	M744_03925	WP_272912061.1	DNA (cytosine-5-)-methyltransferase	K00558	1	yes	yes	yes	2	ko_assigned	transferred
M744_RS03795	M744_03930	WP_011243955.1	hypothetical protein		0	no	no	no	0	hypothetical_no_homology_evidence	unknown
M744_RS03805	M744_03940	WP_011378473.1	ComEC/Rec2 family competence protein	K02238	1	yes	yes	yes	2	ko_assigned	transferred
M744_RS03810	M744_03945	WP_011378472.1	glycine--tRNA ligase subunit alpha	K01878	1	yes	yes	yes	4	ko_assigned	transferred
M744_RS03815	M744_03950	WP_011243958.1	DUF4335 domain-containing protein		0	no	no	no	0	named_no_ko_no_go	unknown
M744_RS03820	M744_03955	WP_039755549.1	DUF3038 domain-containing protein		0	no	no	no	0	named_no_ko_no_go	unknown
M744_RS03830	M744_03965	WP_039755550.1	ABC transporter permease	K02033	1	yes	yes	yes	1	ko_assigned	transferred
M744_RS03835	M744_03970	WP_011243962.1	type IV pilus biogenesis protein PilM	K02662	1	no	yes	yes	3	ko_assigned	transferred
M744_RS03840	M744_03975	WP_011243963.1	hypothetical protein		0	no	no	no	0	hypothetical_no_homology_evidence	unknown
M744_RS03845	M744_03980	WP_234910001.1	PilN domain-containing protein		0	no	no	no	2	go_iea_only	transferred
M744_RS03850	M744_03985	WP_011378469.1	hypothetical protein	K02664	1	no	yes	yes	0	ko_assigned	transferred
M744_RS03855	M744_03990	WP_011378468.1	secretin N-terminal domain-containing protein	K02666	1	no	yes	yes	0	ko_assigned	transferred
M744_RS03860	M744_03995	WP_011378467.1	peroxiredoxin	K24158	1	no	yes	yes	2	ko_assigned	transferred
M744_RS03865	M744_04000	WP_011378466.1	GTPase HflX	K03665	1	yes	yes	yes	1	ko_assigned	transferred
M744_RS03870	M744_04005	WP_011243969.1	hypothetical protein		0	no	no	no	0	hypothetical_no_homology_evidence	unknown
M744_RS03875	M744_04010	WP_011243970.1	type I methionyl aminopeptidase	K01265	1	yes	yes	yes	2	ko_assigned	transferred
M744_RS03880	M744_04015	WP_011243971.1	PstS family phosphate ABC transporter substrate-binding protein	K02040	1	yes	yes	yes	0	ko_assigned	transferred
M744_RS03885	M744_04020	WP_011243972.1	PstS family phosphate ABC transporter substrate-binding protein	K02040	1	yes	yes	yes	0	ko_assigned	transferred
M744_RS03890	M744_04025	WP_011378465.1	phosphate ABC transporter permease subunit PstC	K02037	1	yes	yes	yes	4	ko_assigned	transferred
M744_RS03895	M744_04030	WP_011243974.1	phosphate ABC transporter permease PstA	K02038	1	yes	yes	yes	4	ko_assigned	transferred
M744_RS03900	M744_04035	WP_011378464.1	phosphate ABC transporter ATP-binding protein PstB	K02036	1	yes	yes	yes	5	ko_assigned	transferred
M744_RS03905	M744_04040	WP_011378463.1	polyribonucleotide nucleotidyltransferase	K00962	1	yes	yes	yes	3	ko_assigned	transferred
M744_RS03910	M744_04045	WP_011243977.1	beta-carotene hydroxylase	K02294	1	no	yes	yes	1	ko_assigned	transferred
M744_RS03920	M744_04055	WP_011243978.1	Ycf66 family protein		0	no	no	no	0	named_no_ko_no_go	unknown
M744_RS03925	M744_04060	WP_011243979.1	isoleucine--tRNA ligase	K01870	1	yes	yes	yes	3	ko_assigned	transferred
M744_RS03930	M744_04065	WP_011243980.1	peptide-methionine (S)-S-oxide reductase MsrA	K07304	1	yes	yes	yes	4	ko_assigned	transferred
M744_RS03935	M744_04070	WP_011243981.1	DUF938 domain-containing protein		0	no	no	no	0	named_no_ko_no_go	unknown
M744_RS03940	M744_04075	WP_011243982.1	acetolactate synthase small subunit	K01653	1	yes	yes	yes	2	ko_assigned	transferred
M744_RS03945	M744_04080	WP_011378462.1	alpha/beta fold hydrolase		0	no	no	no	0	named_no_ko_no_go	unknown
M744_RS03950	M744_04085	WP_011378461.1	Uma2 family endonuclease		0	no	no	no	2	go_iea_only	transferred
M744_RS03955	M744_04090	WP_011378460.1	hypothetical protein		0	no	no	no	0	hypothetical_no_homology_evidence	unknown
M744_RS03960	M744_04095	WP_011243986.1	SAM-dependent methyltransferase	K00555	1	no	yes	yes	0	ko_assigned	transferred
M744_RS03965	M744_04100	WP_011378459.1	MotA/TolQ/ExbB proton channel family protein	K03561	1	yes	yes	yes	3	ko_assigned	transferred
M744_RS03970	M744_04105	WP_011243988.1	ExbD/TolR family protein	K03559	1	yes	yes	yes	3	ko_assigned	transferred
M744_RS03975	M744_04110	WP_011378458.1	sulfurtransferase	K01011	1	yes	yes	yes	2	ko_assigned	transferred
M744_RS03980	M744_04115	WP_011243990.1	cytochrome b6-f complex subunit PetM	K02643	1	no	yes	yes	0	ko_assigned	transferred
M744_RS03985	M744_04120	WP_011378457.1	NAD(P)H-binding protein		0	no	no	no	0	named_no_ko_no_go	unknown
M744_RS03990	M744_04125	WP_011378456.1	DUF975 family protein		0	no	no	no	0	named_no_ko_no_go	unknown
M744_RS03995	M744_04130	WP_011378455.1	tRNA uridine-5-carboxymethylaminomethyl(34) synthesis enzyme MnmG	K03495	1	yes	yes	yes	1	ko_assigned	transferred
M744_RS04000	M744_04135	WP_011243994.1	hypothetical protein		0	no	no	no	0	hypothetical_no_homology_evidence	unknown
M744_RS04005	M744_04140	WP_011243995.1	FTR1 family iron permease	K07243	1	no	yes	yes	3	ko_assigned	transferred
M744_RS04010	M744_04145	WP_011243996.1	serine O-acetyltransferase	K00640	1	yes	yes	yes	3	ko_assigned	transferred
M744_RS04015	M744_04150	WP_011243997.1	hypothetical protein		0	no	no	no	0	hypothetical_no_homology_evidence	unknown
M744_RS04020	M744_04155	WP_011243998.1	LysR family transcriptional regulator		0	no	no	no	3	go_iea_only	transferred
M744_RS04025	M744_04160	WP_011243999.1	ABC transporter substrate-binding protein	K17244	1	no	yes	yes	2	ko_assigned	transferred
M744_RS04030	M744_04165	WP_011244000.1	response regulator transcription factor RpaB		0	no	no	no	2	go_iea_only	transferred
M744_RS04035	M744_04170	WP_011244001.1	lysine--tRNA ligase	K04567	1	yes	yes	yes	4	ko_assigned	transferred
M744_RS04040	M744_04180	WP_011244002.1	class I SAM-dependent methyltransferase		0	no	no	no	2	go_iea_only	transferred
M744_RS04045	M744_04185	WP_011378453.1	slipin family protein		0	no	no	no	1	go_iea_only	transferred
M744_RS04050	M744_04190	WP_011244004.1	PH domain-containing protein		0	no	no	no	0	named_no_ko_no_go	unknown
M744_RS04055	M744_04195	WP_011244005.1	amidohydrolase family protein	K01488	1	yes	yes	yes	0	ko_assigned	transferred
M744_RS04060	M744_04200	WP_011378451.1	adenylosuccinate synthase	K01939	1	yes	yes	yes	3	ko_assigned	transferred
M744_RS04065	M744_04205	WP_011378450.1	RidA family protein		0	no	no	no	0	named_no_ko_no_go	unknown
M744_RS04070	M744_04210	WP_011244008.1	peroxiredoxin-like family protein		0	no	no	no	0	named_no_ko_no_go	unknown
M744_RS04075	M744_04215	WP_011244009.1	glycine oxidase ThiO	K03153	1	no	yes	yes	2	ko_assigned	transferred
M744_RS04080	M744_04220	WP_011378448.1	PPC domain-containing DNA-binding protein	K06934	1	no	no	no	1	ko_assigned	transferred
M744_RS04095	M744_04240	WP_011244012.1	DUF2470 domain-containing protein		0	no	no	no	0	named_no_ko_no_go	unknown
M744_RS04100	M744_04250	WP_231621378.1	agmatine deiminase family protein		0	no	no	no	2	go_iea_only	transferred
M744_RS04105	M744_04255	WP_011244014.1	Hsp20/alpha crystallin family protein	K13993	1	no	yes	yes	2	ko_assigned	transferred
M744_RS04110	M744_04260	WP_011378446.1	hypothetical protein		0	no	no	no	0	hypothetical_no_homology_evidence	unknown
M744_RS04115	M744_04265	WP_011378445.1	N-acetyltransferase		0	no	no	no	0	named_no_ko_no_go	unknown
M744_RS04120	M744_04270	WP_011378444.1	Holliday junction resolvase RuvX	K07447	1	yes	yes	yes	1	ko_assigned	transferred
M744_RS04125	M744_04275	WP_011244018.1	DUF3727 domain-containing protein		0	no	no	no	0	named_no_ko_no_go	unknown
M744_RS04130	M744_04280	WP_011244019.1	YqeG family HAD IIIA-type phosphatase	K01094	1	no	yes	yes	1	ko_assigned	transferred
M744_RS04135	M744_04285	WP_011244020.1	hypothetical protein		0	no	no	no	0	hypothetical_no_homology_evidence	unknown
M744_RS04140	M744_04290	WP_011244021.1	cation:proton antiporter		0	no	no	no	4	go_iea_only	transferred
M744_RS04145	M744_04295	WP_011244022.1	glutamate--tRNA ligase	K01885	1	yes	yes	yes	3	ko_assigned	transferred
M744_RS04150	M744_04300	WP_011378443.1	ATP-dependent nuclease		0	no	no	no	5	go_iea_only	transferred
M744_RS04155	M744_04305	WP_011378442.1	SDR family NAD(P)-dependent oxidoreductase		0	no	no	no	3	go_iea_only	transferred
M744_RS04160	M744_04310	WP_039755558.1	hydantoinase B/oxoprolinase family protein	K01469	1	no	yes	yes	1	ko_assigned	transferred
M744_RS04165	M744_04315	WP_231621379.1	J domain-containing protein		0	no	no	no	1	go_iea_only	transferred
M744_RS04170	M744_04320	WP_011244027.1	cupin domain-containing protein	K01569	1	no	yes	yes	1	ko_assigned	transferred
M744_RS04175	M744_04325	WP_231621380.1	c-type cytochrome		0	no	no	no	3	go_iea_only	transferred
M744_RS04180	M744_04330	WP_011378438.1	hydrogenase formation protein HypD	K04654	1	yes	yes	yes	2	ko_assigned	transferred
M744_RS04185	M744_04335	WP_011244030.1	dihydroorotate dehydrogenase-like protein	K00226	1	no	yes	yes	0	ko_assigned	transferred
M744_RS04190	M744_04340	WP_011378437.1	pyruvate:ferredoxin (flavodoxin) oxidoreductase	K03737	1	yes	yes	yes	4	ko_assigned	transferred
M744_RS04195	M744_04345	WP_190528512.1	PIN/TRAM domain-containing protein		0	no	no	no	0	named_no_ko_no_go	unknown
M744_RS04200	M744_04350	WP_011244033.1	radical SAM family heme chaperone HemW		0	no	no	no	4	go_iea_only	transferred
M744_RS04205	M744_04355	WP_011244034.1	3-methyl-2-oxobutanoate hydroxymethyltransferase	K00606	1	yes	yes	yes	2	ko_assigned	transferred
M744_RS04210	M744_04360	WP_011244035.1	phasin family protein		0	no	no	no	0	named_no_ko_no_go	unknown
M744_RS04215	M744_04365	WP_011378435.1	bifunctional hydroxymethylpyrimidine kinase/phosphomethylpyrimidine kinase	K00941	1	yes	yes	yes	3	ko_assigned	transferred
M744_RS04220	M744_04370	WP_011244037.1	cell division protein FtsZ	K03531	1	yes	yes	yes	3	ko_assigned	transferred
M744_RS04225	M744_04375	WP_011378434.1	cell division protein FtsQ/DivIB	K03589	1	yes	yes	yes	2	ko_assigned	transferred
M744_RS04230	M744_04380	WP_011244039.1	hypothetical protein		0	no	no	no	0	hypothetical_no_homology_evidence	unknown
M744_RS04235	M744_04385	WP_011244040.1	D-alanine--D-alanine ligase family protein	K01921	1	yes	yes	yes	4	ko_assigned	transferred
M744_RS04240	M744_04390	WP_011244041.1	tRNA (N6-isopentenyl adenosine(37)-C2)-methylthiotransferase MiaB	K06168	1	yes	yes	yes	4	ko_assigned	transferred
M744_RS04245	M744_04395	WP_011244042.1	dipeptide epimerase	K19802	1	yes	yes	yes	1	ko_assigned	transferred
M744_RS04250	M744_04400	WP_011378433.1	N-acetyltransferase DgcN family protein	K26272	1	no	yes	yes	3	ko_assigned	transferred
M744_RS04255	M744_04405	WP_011244044.1	acyl-ACP--UDP-N-acetylglucosamine O-acyltransferase	K00677	1	yes	yes	yes	2	ko_assigned	transferred
M744_RS04260	M744_04410	WP_011378432.1	hypothetical protein		0	no	no	no	0	hypothetical_no_homology_evidence	unknown
M744_RS04265	M744_04415	WP_011378431.1	efflux RND transporter permease subunit	K18138	1	yes	yes	yes	3	ko_assigned	transferred
M744_RS04270	M744_04420	WP_011244046.1	efflux RND transporter periplasmic adaptor subunit	K03585	1	yes	yes	yes	4	ko_assigned	transferred
M744_RS04280	M744_04430	WP_011378430.1	DUF4359 domain-containing protein		0	no	no	no	0	named_no_ko_no_go	unknown
M744_RS04285	M744_04435	WP_011378429.1	Nif11-like leader peptide family natural product precursor		0	no	no	no	0	named_no_ko_no_go	unknown
M744_RS04290	M744_04440	WP_011378428.1	peptide chain release factor 3	K02837	1	yes	yes	yes	4	ko_assigned	transferred
M744_RS04295	M744_04445	WP_011244049.1	DUF1802 family protein		0	no	no	no	0	named_no_ko_no_go	unknown
M744_RS04300	M744_04450	WP_011244050.1	hypothetical protein		0	no	no	no	0	hypothetical_no_homology_evidence	unknown
M744_RS04305	M744_04455	WP_011378426.1	solanesyl diphosphate synthase	K05356	1	no	yes	yes	2	ko_assigned	transferred
M744_RS04310	M744_04460	WP_407830092.1	glutamate racemase	K01776	1	yes	yes	yes	2	ko_assigned	transferred
M744_RS04315	M744_04465	WP_011378425.1	N-acetylmuramoyl-L-alanine amidase	K01448	1	yes	yes	yes	3	ko_assigned	transferred
M744_RS04320	M744_04470	WP_011378424.1	cation:proton antiporter	K26730	1	no	yes	yes	4	ko_assigned	transferred
M744_RS04325	M744_04475	WP_011244055.1	carbon-nitrogen hydrolase family protein	K11206	1	no	yes	yes	1	ko_assigned	transferred
M744_RS04330	M744_04480	WP_231621381.1	family 10 glycosylhydrolase		0	no	no	no	0	named_no_ko_no_go	unknown
M744_RS04335	M744_04485	WP_011378422.1	Crp/Fnr family transcriptional regulator		0	no	no	no	2	go_iea_only	transferred
M744_RS04340	M744_04490	WP_011244058.1	phasin family protein		0	no	no	no	0	named_no_ko_no_go	unknown
M744_RS04345	M744_04495	WP_011244059.1	FKBP-type peptidyl-prolyl cis-trans isomerase		0	no	no	no	1	go_iea_only	transferred
M744_RS04350	M744_04500	WP_011244060.1	lipoyl(octanoyl) transferase LipB	K03801	1	yes	yes	yes	2	ko_assigned	transferred
M744_RS04355	M744_04505	WP_011378421.1	ribosome hibernation-promoting factor%2C HPF/YfiA family		0	no	no	no	2	go_iea_only	transferred
M744_RS04360	M744_04510	WP_011378420.1	nickel pincer cofactor biosynthesis protein LarC	K09121	1	no	yes	yes	2	ko_assigned	transferred
M744_RS04365	M744_04515	WP_011244063.1	L-threonylcarbamoyladenylate synthase		0	no	no	no	3	go_iea_only	transferred
M744_RS04370	M744_04520	WP_011244064.1	type IV pilus twitching motility protein PilT	K02669	1	yes	yes	yes	2	ko_assigned	transferred
M744_RS04375	M744_04525	WP_011378419.1	tRNA preQ1(34) S-adenosylmethionine ribosyltransferase-isomerase QueA	K07568	1	yes	yes	yes	2	ko_assigned	transferred
M744_RS04380	M744_04530	WP_011244066.1	cupin domain-containing protein		0	no	no	no	0	named_no_ko_no_go	unknown
M744_RS04385	M744_04535	WP_011244067.1	TIGR01548 family HAD-type hydrolase	K11777	1	no	yes	yes	0	ko_assigned	transferred
M744_RS04390	M744_04540	WP_011244068.1	30S ribosomal protein PSRP-3	K19032	1	no	yes	yes	0	ko_assigned	transferred
M744_RS04395	M744_04550	WP_011378416.1	HEAT repeat domain-containing protein		0	no	no	no	1	go_iea_only	transferred
M744_RS04400	M744_04555	WP_011244070.1	photosystem I reaction center subunit VIII	K02696	1	no	yes	yes	0	ko_assigned	transferred
M744_RS04405	M744_04560	WP_011378415.1	photosystem I reaction center protein subunit XI	K02699	1	no	yes	yes	0	ko_assigned	transferred
M744_RS04410	M744_04565	WP_011378414.1	energy-coupling factor transporter transmembrane component T family protein	K16785	1	no	yes	yes	2	ko_assigned	transferred
M744_RS04415	M744_04570	WP_011244073.1	ribosome biogenesis GTPase Der	K03977	1	yes	yes	yes	5	ko_assigned	transferred
M744_RS04420	M744_04575	WP_011378413.1	bifunctional heptose 7-phosphate kinase/heptose 1-phosphate adenyltransferase	K21344	1	no	yes	yes	0	ko_assigned	transferred
M744_RS04425	M744_04580	WP_011378412.1	hypothetical protein		0	no	no	no	0	hypothetical_no_homology_evidence	unknown
M744_RS04430	M744_04590	WP_011378411.1	N-acetylmuramoyl-L-alanine amidase		0	no	no	no	4	go_iea_only	transferred
M744_RS04435	M744_04600	WP_011378409.1	class 1 fructose-bisphosphatase	K03841	1	yes	yes	yes	2	ko_assigned	transferred
M744_RS04440	M744_04605	WP_011244078.1	glucose-6-phosphate dehydrogenase	K00036	1	yes	yes	yes	4	ko_assigned	transferred
M744_RS04445	M744_04610	WP_011244079.1	glucose-6-phosphate dehydrogenase assembly protein OpcA		0	no	no	no	2	go_iea_only	transferred
M744_RS04450	M744_04615	WP_011244080.1	cytochrome b6-f complex subunit IV	K02637	1	no	yes	yes	3	ko_assigned	transferred
M744_RS04455	M744_04625	WP_011244081.1	cytochrome b6	K02635	1	no	yes	yes	0	ko_assigned	transferred
M744_RS04460	M744_04630	WP_011378408.1	carboxyl-terminal processing protease CtpA	K03797	1	yes	yes	yes	1	ko_assigned	transferred
M744_RS04465	M744_04635	WP_011378407.1	HD domain-containing protein	K06885	1	no	yes	yes	2	ko_assigned	transferred
M744_RS04470	M744_04640	WP_011244084.1	tetratricopeptide repeat protein		0	no	no	no	1	go_iea_only	transferred
M744_RS04475	M744_04645	WP_011244085.1	phosphate-starvation-inducible PsiE family protein		0	no	no	no	0	named_no_ko_no_go	unknown
M744_RS04480	M744_04650	WP_011244086.1	SIMPL domain-containing protein	K09797	1	no	yes	yes	0	ko_assigned	transferred
M744_RS04485	M744_04655	WP_011244087.1	HEAT repeat domain-containing protein		0	no	no	no	1	go_iea_only	transferred
M744_RS04490	M744_04660	WP_011244088.1	glutathione synthase	K01920	1	yes	yes	yes	2	ko_assigned	transferred
M744_RS04495	M744_04665	WP_011244089.1	glutaredoxin 3	K03676	1	yes	yes	yes	0	ko_assigned	transferred
M744_RS04500	M744_04675	WP_011378405.1	Asp-tRNA(Asn)/Glu-tRNA(Gln) amidotransferase subunit GatC	K02435	1	no	yes	yes	4	ko_assigned	transferred
M744_RS04505	M744_04680	WP_011244091.1	photosystem I assembly protein Ycf3		0	no	no	no	0	named_no_ko_no_go	unknown
M744_RS04510	M744_04685	WP_011244092.1	DUF3288 family protein		0	no	no	no	0	named_no_ko_no_go	unknown
M744_RS04515	M744_04695	WP_011244093.1	HigA family addiction module antitoxin	K21498	1	yes	no	no	1	ko_assigned	transferred
M744_RS04520	M744_04700	WP_011244094.1	putative antibiotic biosynthesis monooxygenase	K09932	1	no	yes	yes	0	ko_assigned	transferred
M744_RS04525	M744_04705	WP_011378404.1	heavy metal translocating P-type ATPase	K01533	1	no	yes	yes	6	ko_assigned	transferred
M744_RS04530	M744_04710	WP_011244096.1	ATP synthase F1 subunit epsilon	K02114	1	yes	yes	yes	3	ko_assigned	transferred
M744_RS04535	M744_04715	WP_011244097.1	F0F1 ATP synthase subunit beta	K02112	1	yes	yes	yes	3	ko_assigned	transferred
M744_RS04540	M744_04720	WP_011244098.1	co-chaperone GroES	K04078	1	yes	yes	yes	3	ko_assigned	transferred
M744_RS04545	M744_04725	WP_011244099.1	chaperonin GroEL	K04077	1	yes	yes	yes	2	ko_assigned	transferred
M744_RS04550	M744_04730	WP_011378403.1	undecaprenyldiphospho-muramoylpentapeptide beta-N-acetylglucosaminyltransferase	K02563	1	yes	yes	yes	2	ko_assigned	transferred
M744_RS04555	M744_04735	WP_011378402.1	hypothetical protein		0	no	no	no	0	hypothetical_no_homology_evidence	unknown
M744_RS04565	M744_04750	WP_011378401.1	pyridoxal phosphate-dependent decarboxylase family protein		0	no	no	no	3	go_iea_only	transferred
M744_RS04570	M744_04755	WP_011378400.1	peroxiredoxin	K03386	1	no	yes	yes	1	ko_assigned	transferred
M744_RS04575	M744_04760	WP_011244104.1	glycine cleavage system aminomethyltransferase GcvT	K00605	1	yes	yes	yes	3	ko_assigned	transferred
M744_RS04580	M744_04765	WP_011244105.1	hypothetical protein		0	no	no	no	0	hypothetical_no_homology_evidence	unknown
M744_RS04585	M744_04770	WP_155813915.1	J domain-containing protein		0	no	no	no	1	go_iea_only	transferred
M744_RS04590	M744_04775	WP_011244106.1	response regulator transcription factor NblR	K11332	1	no	yes	yes	3	ko_assigned	transferred
M744_RS04595	M744_04780	WP_011244107.1	NAD(+) kinase	K00858	1	yes	yes	yes	0	ko_assigned	transferred
M744_RS04600	M744_04785	WP_011378397.1	dihydropteroate synthase	K00796	1	yes	yes	yes	2	ko_assigned	transferred
M744_RS04605	M744_04790	WP_011244109.1	hypothetical protein		0	no	no	no	0	hypothetical_no_homology_evidence	unknown
M744_RS04610	M744_04795	WP_011378396.1	hypothetical protein		0	no	no	no	0	hypothetical_no_homology_evidence	unknown
M744_RS04615	M744_04800	WP_011244110.1	PAM68 family protein		0	no	no	no	0	named_no_ko_no_go	unknown
M744_RS04620	M744_04805	WP_011244111.1	30S ribosomal protein S15	K02956	1	yes	yes	yes	3	ko_assigned	transferred
M744_RS04625	M744_04810	WP_011244112.1	Holliday junction branch migration protein RuvA	K03550	1	yes	yes	yes	4	ko_assigned	transferred
M744_RS04630	M744_04815	WP_011378395.1	transaldolase	K00616	1	yes	yes	yes	0	ko_assigned	transferred
M744_RS04635	M744_04820	WP_011378394.1	type III glutamate--ammonia ligase	K01915	1	yes	yes	yes	2	ko_assigned	transferred
M744_RS04640	M744_04825	WP_011378393.1	hypothetical protein		0	no	no	no	0	hypothetical_no_homology_evidence	unknown
M744_RS04645	M744_04830	WP_011378392.1	glycosyltransferase		0	no	no	no	1	go_iea_only	transferred
M744_RS04650	M744_04835	WP_011244117.1	hypothetical protein		0	no	no	no	0	hypothetical_no_homology_evidence	unknown
M744_RS04655	M744_04840	WP_011378391.1	O-antigen ligase family protein		0	no	no	no	4	go_iea_only	transferred
M744_RS04660	M744_04845	WP_011244119.1	KpsF/GutQ family sugar-phosphate isomerase	K06041	1	yes	yes	yes	4	ko_assigned	transferred
M744_RS04665	M744_04850	WP_011244120.1	3-deoxy-manno-octulosonate cytidylyltransferase	K00979	1	yes	yes	yes	2	ko_assigned	transferred
M744_RS04670	M744_04855	WP_011378390.1	3-deoxy-8-phosphooctulonate synthase	K01627	1	yes	yes	yes	2	ko_assigned	transferred
M744_RS04675	M744_04860	WP_011244122.1	KdsC family phosphatase	K03270	1	yes	yes	yes	1	ko_assigned	transferred
M744_RS04680	M744_04865	WP_011244123.1	glycosyltransferase family protein		0	no	no	no	0	named_no_ko_no_go	unknown
M744_RS04685	M744_04870	WP_199290547.1	hypothetical protein		0	no	no	no	0	hypothetical_no_homology_evidence	unknown
M744_RS04690	M744_04875	WP_199290546.1	iron-containing alcohol dehydrogenase family protein		0	no	no	no	2	go_iea_only	transferred
M744_RS04695	M744_04880	WP_011378388.1	alpha/beta fold hydrolase		0	no	no	no	0	named_no_ko_no_go	unknown
M744_RS04700	M744_04885	WP_011378387.1	DUF554 domain-containing protein	K07150	1	yes	yes	yes	1	ko_assigned	transferred
M744_RS04705	M744_04890	WP_011378386.1	DICT sensory domain-containing protein		0	no	no	no	0	named_no_ko_no_go	unknown
M744_RS04710	M744_04895	WP_231621383.1	hypothetical protein		0	no	no	no	0	hypothetical_no_homology_evidence	unknown
M744_RS04715	M744_04900	WP_011244130.1	tetratricopeptide repeat protein		0	no	no	no	0	named_no_ko_no_go	unknown
M744_RS04720	M744_04905	WP_011378385.1	ammonium transporter	K03320	1	yes	yes	yes	3	ko_assigned	transferred
M744_RS04725	M744_04915	WP_011244132.1	WYL domain-containing protein		0	no	no	no	0	named_no_ko_no_go	unknown
M744_RS04730	M744_04920	WP_041674898.1	hypothetical protein		0	no	no	no	0	hypothetical_no_homology_evidence	unknown
M744_RS04735	M744_04925	WP_011244134.1	hypothetical protein		0	no	no	no	0	hypothetical_no_homology_evidence	unknown
M744_RS04750	M744_04945	WP_011244135.1	magnesium chelatase ATPase subunit D	K03404	1	no	yes	yes	5	ko_assigned	transferred
M744_RS04755	M744_04950	WP_011244136.1	PD-(D/E)XK nuclease family protein		0	no	no	no	0	named_no_ko_no_go	unknown
M744_RS04760	M744_04955	WP_011244137.1	2-amino-4-hydroxy-6-hydroxymethyldihydropteridine diphosphokinase	K00950	1	yes	yes	yes	2	ko_assigned	transferred
M744_RS04765	M744_04960	WP_011244138.1	NUDIX hydrolase	K01515	1	yes	yes	yes	3	ko_assigned	transferred
M744_RS04770	M744_04965	WP_011244139.1	M42 family metallopeptidase		0	no	no	no	2	go_iea_only	transferred
M744_RS04775	M744_04970	WP_011244140.1	DUF2232 domain-containing protein		0	no	no	no	0	named_no_ko_no_go	unknown
M744_RS04780	M744_04975	WP_011244141.1	nicotinate mononucleotide-dependent phosphoribosyltransferase CobT		0	no	no	no	0	named_no_ko_no_go	unknown
M744_RS04785	M744_04980	WP_011378383.1	hypothetical protein		0	no	no	no	0	hypothetical_no_homology_evidence	unknown
M744_RS04790	M744_04985	WP_011378382.1	extracellular solute-binding protein	K02055	1	yes	yes	yes	0	ko_assigned	transferred
M744_RS04795	M744_04990	WP_011244143.1	glutamate-5-semialdehyde dehydrogenase	K00147	1	yes	yes	yes	2	ko_assigned	transferred
M744_RS04800	M744_04995	WP_011244144.1	photosynthetic electron transport-dependent transcriptional regulator PedR		0	no	no	no	0	named_no_ko_no_go	unknown
M744_RS04805	M744_05000	WP_011378381.1	histidine--tRNA ligase	K01892	1	yes	yes	yes	4	ko_assigned	transferred
M744_RS04810	M744_05005	WP_011378380.1	hypothetical protein		0	no	no	no	0	hypothetical_no_homology_evidence	unknown
M744_RS04815	M744_05010	WP_011244147.1	divalent-cation tolerance protein CutA	K03926	1	yes	yes	yes	1	ko_assigned	transferred
M744_RS04820	M744_05020	WP_011244148.1	hypothetical protein		0	no	no	no	0	hypothetical_no_homology_evidence	unknown
M744_RS04830	M744_05030	WP_011244150.1	valine--pyruvate transaminase	K00835	1	yes	yes	yes	0	ko_assigned	transferred
M744_RS04835	M744_05040	WP_231621384.1	alpha/beta hydrolase		0	no	no	no	1	go_iea_only	transferred
M744_RS04840	M744_05045	WP_011244153.1	AbrB family transcriptional regulator		0	no	no	no	0	named_no_ko_no_go	unknown
M744_RS04845	M744_05050	WP_011378377.1	DUF3370 family protein		0	no	no	no	0	named_no_ko_no_go	unknown
M744_RS04850	M744_05055	WP_039755919.1	glutamate--cysteine ligase		0	no	no	no	2	go_iea_only	transferred
M744_RS04855	M744_05060	WP_039755577.1	phosphoenolpyruvate carboxylase	K01595	1	yes	yes	yes	3	ko_assigned	transferred
M744_RS04870	M744_05075	WP_011378373.1	DNA replication/repair protein RecF	K03629	1	yes	yes	yes	6	ko_assigned	transferred
M744_RS04875	M744_05080	WP_039755580.1	hypothetical protein		0	no	no	no	0	hypothetical_no_homology_evidence	unknown
M744_RS04880	M744_05085	WP_011378372.1	adenosylmethionine decarboxylase	K01611	1	yes	yes	yes	2	ko_assigned	transferred
M744_RS04885	M744_05090	WP_011244160.1	HU family DNA-binding protein	K03530	1	yes	yes	yes	3	ko_assigned	transferred
M744_RS04890	M744_05095	WP_039755581.1	hypothetical protein		0	no	no	no	0	hypothetical_no_homology_evidence	unknown
M744_RS04895	M744_05100	WP_011378371.1	DNA mismatch repair protein MutS	K03555	1	yes	yes	yes	3	ko_assigned	transferred
M744_RS04900	M744_05105	WP_011378370.1	ArnT family glycosyltransferase		0	no	no	no	1	go_iea_only	transferred
M744_RS04905	M744_05110	WP_011244163.1	photosystem II reaction center protein PsbZ	K02724	1	no	yes	yes	2	ko_assigned	transferred
M744_RS04910	M744_05115	WP_011244164.1	6%2C7-dimethyl-8-ribityllumazine synthase	K00794	1	yes	yes	yes	3	ko_assigned	transferred
M744_RS04920	M744_05125	WP_011378369.1	glutamate-5-semialdehyde dehydrogenase	K00147	1	yes	yes	yes	2	ko_assigned	transferred
M744_RS04930	M744_05135	WP_011244168.1	GNAT family N-acetyltransferase		0	no	no	no	1	go_iea_only	transferred
M744_RS04935	M744_05145	WP_231621385.1	diheme cytochrome c		0	no	no	no	0	named_no_ko_no_go	unknown
M744_RS04940	M744_05150	WP_011378368.1	MFS transporter		0	no	no	no	2	go_iea_only	transferred
M744_RS04945	M744_05155	WP_011244171.1	cobalamin biosynthesis protein		0	no	no	no	2	go_iea_only	transferred
M744_RS04950	M744_05160	WP_011244172.1	dipeptide ABC transporter ATP-binding protein	K02031;K02032	2	yes	yes	yes	2	ko_assigned	transferred
M744_RS04955	M744_05165	WP_011244173.1	tRNA (guanosine(37)-N1)-methyltransferase TrmD	K00554	1	yes	yes	yes	2	ko_assigned	transferred
M744_RS04960	M744_05170	WP_011244174.1	NAD(P)H-quinone oxidoreductase subunit N	K05585	1	no	yes	yes	0	ko_assigned	transferred
M744_RS04970	M744_05180	WP_011244175.1	50S ribosomal protein L3	K02906	1	yes	yes	yes	3	ko_assigned	transferred
M744_RS04975	M744_05185	WP_011244176.1	50S ribosomal protein L4	K02926	1	yes	yes	yes	3	ko_assigned	transferred
M744_RS04980	M744_05190	WP_011244177.1	50S ribosomal protein L23	K02892	1	yes	yes	yes	0	ko_assigned	transferred
M744_RS04985	M744_05195	WP_011378366.1	50S ribosomal protein L2	K02886	1	yes	yes	yes	5	ko_assigned	transferred
M744_RS04990	M744_05200	WP_011244179.1	30S ribosomal protein S19	K02965	1	yes	yes	yes	3	ko_assigned	transferred
M744_RS04995	M744_05205	WP_011244180.1	50S ribosomal protein L22	K02890	1	yes	yes	yes	3	ko_assigned	transferred
M744_RS05000	M744_05210	WP_011244181.1	30S ribosomal protein S3	K02982	1	yes	yes	yes	2	ko_assigned	transferred
M744_RS05005	M744_05215	WP_011244182.1	50S ribosomal protein L16	K02878	1	yes	yes	yes	3	ko_assigned	transferred
M744_RS05010	M744_05220	WP_011244183.1	50S ribosomal protein L29	K02904	1	yes	yes	yes	3	ko_assigned	transferred
M744_RS05015	M744_05225	WP_011244184.1	30S ribosomal protein S17	K02961	1	yes	yes	yes	3	ko_assigned	transferred
M744_RS05020	M744_05230	WP_011244185.1	50S ribosomal protein L14	K02874	1	yes	yes	yes	3	ko_assigned	transferred
M744_RS05025	M744_05235	WP_011244186.1	50S ribosomal protein L24	K02895	1	yes	yes	yes	3	ko_assigned	transferred
M744_RS05030	M744_05240	WP_011244187.1	50S ribosomal protein L5	K02931	1	yes	yes	yes	3	ko_assigned	transferred
M744_RS05035	M744_05245	WP_011244188.1	30S ribosomal protein S8	K02994	1	yes	yes	yes	3	ko_assigned	transferred
M744_RS05040	M744_05250	WP_011244189.1	50S ribosomal protein L6	K02933	1	yes	yes	yes	4	ko_assigned	transferred
M744_RS05045	M744_05255	WP_011244190.1	50S ribosomal protein L18	K02881	1	yes	yes	yes	3	ko_assigned	transferred
M744_RS05050	M744_05260	WP_011244191.1	30S ribosomal protein S5	K02988	1	yes	yes	yes	3	ko_assigned	transferred
M744_RS05055	M744_05265	WP_011244192.1	50S ribosomal protein L15	K02876	1	yes	yes	yes	3	ko_assigned	transferred
M744_RS05060	M744_05270	WP_011244193.1	preprotein translocase subunit SecY	K03076	1	yes	yes	yes	2	ko_assigned	transferred
M744_RS05065	M744_05275	WP_011244194.1	adenylate kinase	K00939	1	yes	yes	yes	0	ko_assigned	transferred
M744_RS05070	M744_05285	WP_011244196.1	30S ribosomal protein S13	K02952	1	yes	yes	yes	4	ko_assigned	transferred
M744_RS05075	M744_05290	WP_011244197.1	30S ribosomal protein S11	K02948	1	yes	yes	yes	3	ko_assigned	transferred
M744_RS05080	M744_05295	WP_011244198.1	DNA-directed RNA polymerase subunit alpha	K03040	1	yes	yes	yes	4	ko_assigned	transferred
M744_RS05085	M744_05300	WP_011244199.1	50S ribosomal protein L17	K02879	1	yes	yes	yes	3	ko_assigned	transferred
M744_RS05090	M744_05305	WP_011378365.1	tRNA pseudouridine(38-40) synthase TruA	K06173	1	yes	yes	yes	3	ko_assigned	transferred
M744_RS05095	M744_05310	WP_011244201.1	50S ribosomal protein L13	K02871	1	yes	yes	yes	3	ko_assigned	transferred
M744_RS05100	M744_05315	WP_011244202.1	30S ribosomal protein S9	K02996	1	yes	yes	yes	3	ko_assigned	transferred
M744_RS05105	M744_05320	WP_011244203.1	50S ribosomal protein L31	K02909	1	yes	yes	yes	2	ko_assigned	transferred
M744_RS05110	M744_05325	WP_011244204.1	peptide chain release factor 1	K02835	1	yes	yes	yes	2	ko_assigned	transferred
M744_RS05115	M744_05330	WP_011244205.1	HNH endonuclease		0	no	no	no	3	go_iea_only	transferred
M744_RS05120	M744_05335	WP_011378364.1	alanine racemase	K01775	1	yes	yes	yes	2	ko_assigned	transferred
M744_RS05130	M744_05345	WP_011378363.1	cupin domain-containing protein		0	no	no	no	0	named_no_ko_no_go	unknown
M744_RS05135	M744_05350	WP_011378362.1	trans-splicing intein-formed DNA polymerase III subunit alpha N-terminal partner DnaE-N	K02337	1	yes	yes	yes	0	ko_assigned	transferred
M744_RS05140	M744_05355	WP_011244209.1	DNA double-strand break repair nuclease NurA		0	no	no	no	0	named_no_ko_no_go	unknown
M744_RS05145	M744_05360	WP_011378361.1	glutamate 5-kinase	K00931	1	yes	yes	yes	3	ko_assigned	transferred
M744_RS05150	M744_05365	WP_011378360.1	FecR family protein		0	no	no	no	0	named_no_ko_no_go	unknown
M744_RS05155	M744_05370	WP_011378359.1	CHASE2 domain-containing protein	K01768	1	no	yes	yes	3	ko_assigned	transferred
M744_RS05160	M744_05375	WP_231621386.1	DUF3307 domain-containing protein		0	no	no	no	0	named_no_ko_no_go	unknown
M744_RS05165	M744_05380	WP_011378358.1	HD family phosphohydrolase		0	no	no	no	0	named_no_ko_no_go	unknown
M744_RS05170	M744_05385	WP_011378357.1	sensor domain-containing diguanylate cyclase		0	no	no	no	4	go_iea_only	transferred
M744_RS05175	M744_05390	WP_011244216.1	TSUP family transporter	K07090	1	yes	yes	yes	1	ko_assigned	transferred
M744_RS05180	M744_05395	WP_011244217.1	peptide-methionine (R)-S-oxide reductase MsrB	K07305	1	yes	yes	yes	3	ko_assigned	transferred
M744_RS05185	M744_05405	WP_011244218.1	isochorismate synthase	K02552	1	yes	yes	yes	1	ko_assigned	transferred
M744_RS05190	M744_05410	WP_011244219.1	hypothetical protein		0	no	no	no	0	hypothetical_no_homology_evidence	unknown
M744_RS05195	M744_05415	WP_011378355.1	cation:proton antiporter	K23994	1	no	yes	yes	4	ko_assigned	transferred
M744_RS05200	M744_05420	WP_199290539.1	hypothetical protein		0	no	no	no	0	hypothetical_no_homology_evidence	unknown
M744_RS05205	M744_05425	WP_011244222.1	class II glutamine amidotransferase		0	no	no	no	0	named_no_ko_no_go	unknown
M744_RS05210	M744_05430	WP_011378354.1	ribonuclease HI	K03469	1	yes	yes	yes	2	ko_assigned	transferred
M744_RS05215	M744_05435	WP_011378353.1	hypothetical protein		0	no	no	no	0	hypothetical_no_homology_evidence	unknown
M744_RS05220	M744_05440	WP_011378352.1	site-2 protease family protein		0	no	no	no	0	named_no_ko_no_go	unknown
M744_RS05225	M744_05445	WP_011244225.1	peroxiredoxin	K03564	1	yes	yes	yes	1	ko_assigned	transferred
M744_RS05230	M744_05450	WP_011244226.1	lipid kinase		0	no	no	no	1	go_iea_only	transferred
M744_RS05235	M744_05455	WP_011244227.1	phage holin family protein	K08972	1	no	yes	yes	1	ko_assigned	transferred
M744_RS05240	M744_05460	WP_039755585.1	branched-chain amino acid ABC transporter permease	K11956	1	no	yes	yes	2	ko_assigned	transferred
M744_RS05245	M744_05465	WP_011244229.1	NAD(P)/FAD-dependent oxidoreductase		0	no	no	no	2	go_iea_only	transferred
M744_RS05250	M744_05470	WP_011244230.1	Fe(3+) ABC transporter substrate-binding protein	K02012	1	no	yes	yes	0	ko_assigned	transferred
M744_RS05255	M744_05475	WP_011244231.1	Crp/Fnr family transcriptional regulator		0	no	no	no	2	go_iea_only	transferred
M744_RS05260	M744_05480	WP_011244232.1	(2Fe-2S) ferredoxin domain-containing protein		0	no	no	no	1	go_iea_only	transferred
M744_RS05265	M744_05485	WP_011244233.1	Asr1405/Asl0597 family protein		0	no	no	no	0	named_no_ko_no_go	unknown
M744_RS05270	M744_05495	WP_011244234.1	DNA starvation/stress protection protein DpsA	K04047	1	yes	yes	yes	5	ko_assigned	transferred
M744_RS05275	M744_05500	WP_011378350.1	Fur family transcriptional regulator	K03711	1	yes	yes	yes	4	ko_assigned	transferred
M744_RS05280	M744_05505	WP_231621389.1	hypothetical protein		0	no	no	no	0	hypothetical_no_homology_evidence	unknown
M744_RS05285	M744_05510	WP_011378349.1	DNA helicase PcrA	K03657	1	yes	yes	yes	4	ko_assigned	transferred
M744_RS05290	M744_05515	WP_011244238.1	hypothetical protein		0	no	no	no	0	hypothetical_no_homology_evidence	unknown
M744_RS05295	M744_05520	WP_011244239.1	hypothetical protein		0	no	no	no	0	hypothetical_no_homology_evidence	unknown
M744_RS05300	M744_05525	WP_011244240.1	hypothetical protein		0	no	no	no	0	hypothetical_no_homology_evidence	unknown
M744_RS05305	M744_05530	WP_011244241.1	aromatic ring-hydroxylating dioxygenase subunit alpha		0	no	no	no	2	go_iea_only	transferred
M744_RS05310	M744_05535	WP_011378348.1	hypothetical protein		0	no	no	no	0	hypothetical_no_homology_evidence	unknown
M744_RS05315	M744_05540	WP_039755588.1	hypothetical protein		0	no	no	no	0	hypothetical_no_homology_evidence	unknown
M744_RS05320	M744_05550	WP_011244243.1	class I SAM-dependent methyltransferase		0	no	no	no	0	named_no_ko_no_go	unknown
M744_RS05325	M744_05555	WP_011378346.1	pyridoxal-phosphate-dependent aminotransferase family protein	K00830	1	no	yes	yes	1	ko_assigned	transferred
M744_RS05330	M744_05560	WP_011244245.1	alpha/beta fold hydrolase		0	no	no	no	0	named_no_ko_no_go	unknown
M744_RS05335	M744_05565	WP_011244246.1	allophycocyanin subunit beta	K02097	1	no	yes	yes	3	ko_assigned	transferred
M744_RS05345	M744_05575	WP_011378345.1	type I glutamate--ammonia ligase	K01915	1	yes	yes	yes	2	ko_assigned	transferred
M744_RS05350	M744_05580	WP_039755593.1	hypothetical protein		0	no	no	no	0	hypothetical_no_homology_evidence	unknown
M744_RS05355	M744_05585	WP_011378343.1	hypothetical protein		0	no	no	no	0	hypothetical_no_homology_evidence	unknown
M744_RS05360	M744_05590	WP_196794057.1	hypothetical protein		0	no	no	no	0	hypothetical_no_homology_evidence	unknown
M744_RS05365	M744_05595	WP_011378341.1	HlyD family secretion protein		0	no	no	no	3	go_iea_only	transferred
M744_RS05370	M744_05600	WP_011378340.1	glycosyltransferase family 2 protein		0	no	no	no	0	named_no_ko_no_go	unknown
M744_RS05375	M744_05605	WP_011244252.1	linear amide C-N hydrolase		0	no	no	no	0	named_no_ko_no_go	unknown
M744_RS05380	M744_05610	WP_011244253.1	ABC transporter permease	K01992	1	yes	yes	yes	2	ko_assigned	transferred
M744_RS05385	M744_05615	WP_011244254.1	ABC transporter ATP-binding protein	K01990	1	yes	yes	yes	3	ko_assigned	transferred
M744_RS05395	M744_05620	WP_011244255.1	type II toxin-antitoxin system VapC family toxin	K07065	1	no	yes	yes	4	ko_assigned	transferred
M744_RS05400	M744_05625	WP_162010013.1	hypothetical protein		0	no	no	no	0	hypothetical_no_homology_evidence	unknown
M744_RS05405	M744_05630	WP_011378338.1	carbon-nitrogen hydrolase	K12251	1	no	yes	yes	2	ko_assigned	transferred
M744_RS05410	M744_05635	WP_011378337.1	thermonuclease family protein		0	no	no	no	0	named_no_ko_no_go	unknown
M744_RS05420	M744_05645	WP_196794078.1	tryptophan synthase subunit beta	K01696	1	yes	yes	yes	2	ko_assigned	transferred
M744_RS05425	M744_05650	WP_011378336.1	translation initiation factor	K03113	1	yes	yes	yes	0	ko_assigned	transferred
M744_RS05430	M744_05655	WP_011244260.1	SPFH domain-containing protein		0	no	no	no	1	go_iea_only	transferred
M744_RS05435	M744_05660	WP_011244262.1	cytidine deaminase	K01489	1	yes	yes	yes	0	ko_assigned	transferred
M744_RS05440	M744_05665	WP_011244263.1	glutathione S-transferase family protein	K00799	1	yes	yes	yes	2	ko_assigned	transferred
M744_RS05445	M744_05675	WP_011378335.1	type II toxin-antitoxin system HicA family toxin		0	no	no	no	1	go_iea_only	transferred
M744_RS05450	M744_05680	WP_039755600.1	hypothetical protein		0	no	no	no	0	hypothetical_no_homology_evidence	unknown
M744_RS05455	M744_05685	WP_011244265.1	magnesium chelatase subunit H	K03403	1	no	yes	yes	0	ko_assigned	transferred
M744_RS05460	M744_05690	WP_011378334.1	4-hydroxy-tetrahydrodipicolinate reductase	K00215	1	yes	yes	yes	2	ko_assigned	transferred
M744_RS05465	M744_05695	WP_011244267.1	hypothetical protein		0	no	no	no	0	hypothetical_no_homology_evidence	unknown
M744_RS05470	M744_05700	WP_011244268.1	N-acetylmuramoyl-L-alanine amidase family protein	K01448	1	yes	yes	yes	2	ko_assigned	transferred
M744_RS05475	M744_05705	WP_011244269.1	VOC family protein		0	no	no	no	2	go_iea_only	transferred
M744_RS05480	M744_05710	WP_011378332.1	phosphoglucosamine mutase	K03431	1	yes	yes	yes	4	ko_assigned	transferred
M744_RS05485	M744_05715	WP_049749333.1	hypothetical protein		0	no	no	no	0	hypothetical_no_homology_evidence	unknown
M744_RS05490	M744_05720	WP_011378331.1	transglycosylase SLT domain-containing protein	K08309	1	yes	yes	yes	0	ko_assigned	transferred
M744_RS05495	M744_05725	WP_011244272.1	hypothetical protein		0	no	no	no	0	hypothetical_no_homology_evidence	unknown
M744_RS05500	M744_05730	WP_011244273.1	NIL domain-containing protein	K23976	1	no	yes	yes	0	ko_assigned	transferred
M744_RS05505	M744_05735	WP_011244274.1	thiol:disulfide interchange protein TxlA		0	no	no	no	0	named_no_ko_no_go	unknown
M744_RS05510	M744_05740	WP_011378330.1	phycobilisome degradation protein NblA		0	no	no	no	2	go_iea_only	transferred
M744_RS05515	M744_05745	WP_011244276.1	hypothetical protein		0	no	no	no	0	hypothetical_no_homology_evidence	unknown
M744_RS05520	M744_05750	WP_011244277.1	hypothetical protein		0	no	no	no	0	hypothetical_no_homology_evidence	unknown
M744_RS05525	M744_05755	WP_011378329.1	histone deacetylase family protein		0	no	no	no	2	go_iea_only	transferred
M744_RS05530	M744_05760	WP_011378328.1	anthranilate phosphoribosyltransferase	K00766	1	no	yes	yes	2	ko_assigned	transferred
M744_RS05535	M744_05765	WP_011378327.1	glutamine-hydrolyzing carbamoyl-phosphate synthase small subunit	K01956	1	yes	yes	yes	3	ko_assigned	transferred
M744_RS05540	M744_05770	WP_011244281.1	STAS domain-containing protein		0	no	no	no	2	go_iea_only	transferred
M744_RS05545	M744_05775	WP_011378326.1	Mini-ribonuclease 3	K11145	1	no	yes	no	3	ko_assigned	transferred
M744_RS05550	M744_05780	WP_011378325.1	23S rRNA (guanosine(2251)-2'-O)-methyltransferase RlmB	K03218	1	yes	yes	yes	2	ko_assigned	transferred
M744_RS05555	M744_05785	WP_011244284.1	DUF1816 domain-containing protein		0	no	no	no	0	named_no_ko_no_go	unknown
M744_RS05560	M744_05790	WP_011378324.1	Asp-tRNA(Asn)/Glu-tRNA(Gln) amidotransferase subunit GatA	K02433	1	no	yes	yes	4	ko_assigned	transferred
M744_RS05565	M744_05795	WP_011378323.1	alpha/beta hydrolase	K06889	1	yes	yes	yes	1	ko_assigned	transferred
M744_RS05570	M744_05800	WP_011244287.1	GNAT family N-acetyltransferase		0	no	no	no	1	go_iea_only	transferred
M744_RS05580	M744_05810	WP_011378322.1	two component system sensor histidine kinase SasA	K08479	1	no	yes	yes	0	ko_assigned	transferred
M744_RS05585	M744_05815	WP_011378321.1	ribose-phosphate pyrophosphokinase	K00948	1	yes	yes	yes	0	ko_assigned	transferred
M744_RS05590	M744_05820	WP_011244290.1	AAA family ATPase		0	no	no	no	0	named_no_ko_no_go	unknown
M744_RS05595	M744_05825	WP_011378320.1	ROK family protein	K25026	1	no	yes	yes	1	ko_assigned	transferred
M744_RS05600	M744_05830	WP_011244292.1	methionyl-tRNA formyltransferase	K00604	1	yes	yes	yes	3	ko_assigned	transferred
M744_RS05605	M744_05835	WP_011378319.1	ABC transporter ATP-binding protein	K06147	1	no	yes	yes	4	ko_assigned	transferred
M744_RS05610	M744_05840	WP_011378318.1	hypothetical protein		0	no	no	no	0	hypothetical_no_homology_evidence	unknown
M744_RS05615	M744_05845	WP_011378317.1	ABC transporter substrate-binding protein	K15576	1	no	yes	yes	2	ko_assigned	transferred
M744_RS05620	M744_05850	WP_011244297.1	ABC transporter permease	K15577	1	no	yes	yes	2	ko_assigned	transferred
M744_RS05625	M744_05855	WP_011244298.1	ABC transporter ATP-binding protein	K15578	1	no	yes	yes	4	ko_assigned	transferred
M744_RS05630	M744_05860	WP_011244299.1	cyanase	K01725	1	yes	yes	yes	2	ko_assigned	transferred
M744_RS05635	M744_05865	WP_039755604.1	DUF3291 domain-containing protein		0	no	no	no	0	named_no_ko_no_go	unknown
M744_RS05640	M744_05870	WP_011244301.1	2Fe-2S iron-sulfur cluster-binding protein		0	no	no	no	2	go_iea_only	transferred
M744_RS05645	M744_05875	WP_011244302.1	glucose-1-phosphate thymidylyltransferase RfbA	K00973	1	yes	yes	yes	3	ko_assigned	transferred
M744_RS05650	M744_05880	WP_011244303.1	dTDP-glucose 4%2C6-dehydratase	K01710	1	yes	yes	yes	2	ko_assigned	transferred
M744_RS05655	M744_05885	WP_011244304.1	dTDP-4-dehydrorhamnose reductase	K00067	1	yes	yes	yes	3	ko_assigned	transferred
M744_RS05660	M744_05890	WP_011244305.1	dTDP-4-dehydrorhamnose 3%2C5-epimerase	K01790	1	yes	yes	yes	2	ko_assigned	transferred
M744_RS05665	M744_05895	WP_011378316.1	DUF1853 family protein	K09977	1	no	yes	yes	0	ko_assigned	transferred
M744_RS05670	M744_05900	WP_011378315.1	diguanylate cyclase domain-containing protein		0	no	no	no	0	named_no_ko_no_go	unknown
M744_RS05675	M744_05905	WP_011244308.1	hypothetical protein		0	no	no	no	0	hypothetical_no_homology_evidence	unknown
M744_RS05680	M744_05910	WP_011244309.1	fasciclin domain-containing protein		0	no	no	no	1	go_iea_only	transferred
M744_RS05685	M744_05915	WP_011378314.1	CO2 hydration protein		0	no	no	no	0	named_no_ko_no_go	unknown
M744_RS05690	M744_05920	WP_011378313.1	proton-translocating NADH-quinone oxidoreductase subunit NdhD3	K05575	1	no	yes	yes	0	ko_assigned	transferred
M744_RS05695	M744_05925	WP_011378312.1	NAD(P)H-quinone oxidoreductase subunit F	K05577	1	no	yes	yes	0	ko_assigned	transferred
M744_RS05700	M744_05930	WP_011244313.1	homoserine dehydrogenase	K00003	1	no	yes	yes	2	ko_assigned	transferred
M744_RS05705	M744_05935	WP_011244314.1	vitamin K epoxide reductase family protein		0	no	no	no	1	go_iea_only	transferred
M744_RS05710	M744_05945	WP_011378310.1	hypothetical protein		0	no	no	no	0	hypothetical_no_homology_evidence	unknown
M744_RS05715	M744_05950	WP_011378309.1	imidazole glycerol phosphate synthase subunit HisF	K02500	1	yes	yes	yes	2	ko_assigned	transferred
M744_RS05720	M744_05955	WP_011244317.1	cytochrome b6f subunit PetP		0	no	no	no	1	go_iea_only	transferred
M744_RS05725	M744_05960	WP_011244318.1	Get3/ArsA fold putative tail anchor-mediating ATPase NosAFP		0	no	no	no	0	named_no_ko_no_go	unknown
M744_RS05730	M744_05965	WP_011378308.1	chlorophyll synthase ChlG	K04040	1	no	yes	yes	3	ko_assigned	transferred
M744_RS05735	M744_05970	WP_011244320.1	MarC family protein		0	no	no	no	1	go_iea_only	transferred
M744_RS05740	M744_05975	WP_011244321.1	elongation factor G	K02355	1	yes	yes	yes	2	ko_assigned	transferred
M744_RS05745	M744_05980	WP_427916595.1	glycosyltransferase family 2 protein		0	no	no	no	1	go_iea_only	transferred
M744_RS05750	M744_05990	WP_011244323.1	phosphoketolase family protein	K01621	1	no	yes	yes	3	ko_assigned	transferred
M744_RS05755	M744_05995	WP_011378306.1	acetate/propionate family kinase	K00925	1	yes	yes	yes	6	ko_assigned	transferred
M744_RS05760	M744_06000	WP_011378305.1	histidine phosphatase family protein		0	no	no	no	1	go_iea_only	transferred
M744_RS05765	M744_06005	WP_011244326.1	thiol-disulfide oxidoreductase DCC family protein		0	no	no	no	1	go_iea_only	transferred
M744_RS05770	M744_06010	WP_011378304.1	small ribosomal subunit biogenesis GTPase RsgA	K06949	1	yes	yes	yes	0	ko_assigned	transferred
M744_RS05775	M744_06015	WP_011244328.1	sulfurtransferase TusA family protein		0	no	no	no	1	go_iea_only	transferred
M744_RS05780	M744_06020	WP_011244329.1	molecular chaperone DnaJ	K03686	1	yes	yes	yes	0	ko_assigned	transferred
M744_RS05785	M744_06025	WP_039755608.1	molecular chaperone DnaK	K04043	1	yes	yes	yes	0	ko_assigned	transferred
M744_RS05790	M744_06030	WP_011378302.1	nucleotide exchange factor GrpE	K03687	1	yes	yes	yes	0	ko_assigned	transferred
M744_RS05795	M744_06035	WP_011378301.1	GspE/PulE family protein	K02652	1	no	yes	yes	4	ko_assigned	transferred
M744_RS05800	M744_06040	WP_011378300.1	type IV pilus twitching motility protein PilT	K02669	1	yes	yes	yes	2	ko_assigned	transferred
M744_RS05805	M744_06045	WP_011378299.1	type II secretion system F family protein	K02653	1	no	yes	yes	2	ko_assigned	transferred
M744_RS05810	M744_06050	WP_011244335.1	hypothetical protein		0	no	no	no	0	hypothetical_no_homology_evidence	unknown
M744_RS05815	M744_06055	WP_011378298.1	BaiN/RdsA family NAD(P)/FAD-dependent oxidoreductase		0	no	no	no	3	go_iea_only	transferred
M744_RS05820	M744_06060	WP_011244337.1	tRNA dihydrouridine(20/20a) synthase DusA	K05539	1	yes	yes	yes	3	ko_assigned	transferred
M744_RS05825	M744_06070	WP_011244339.1	phenylalanine--tRNA ligase subunit alpha	K01889	1	yes	yes	yes	4	ko_assigned	transferred
M744_RS05830	M744_06075	WP_011244340.1	5'/3'-nucleotidase SurE	K03787	1	yes	yes	yes	1	ko_assigned	transferred
M744_RS05835	M744_06080	WP_011378296.1	lycopene beta cyclase	K06443	1	no	yes	yes	2	ko_assigned	transferred
M744_RS05840	M744_06085	WP_011244342.1	transcriptional coactivator PipX	K14518	1	no	yes	yes	0	ko_assigned	transferred
M744_RS05845	M744_06090	WP_011244343.1	YggS family pyridoxal phosphate-dependent enzyme	K06997	1	yes	yes	yes	1	ko_assigned	transferred
M744_RS05850	M744_06095	WP_011378295.1	cell division protein SepF	K09772	1	no	yes	yes	2	ko_assigned	transferred
M744_RS05855	M744_06100	WP_011378294.1	pyrroline-5-carboxylate reductase	K00286	1	yes	yes	yes	2	ko_assigned	transferred
M744_RS05860	M744_06105	WP_011244346.1	glycerol-3-phosphate 1-O-acyltransferase PlsY	K08591	1	yes	yes	yes	3	ko_assigned	transferred
M744_RS05865	M744_06115	WP_011244347.1	DUF2949 domain-containing protein		0	no	no	no	0	named_no_ko_no_go	unknown
M744_RS05870	M744_06120	WP_011244348.1	FAD-dependent hydroxylase	K03185	1	yes	yes	yes	0	ko_assigned	transferred
M744_RS05875	M744_06125	WP_011378292.1	class I SAM-dependent methyltransferase		0	no	no	no	2	go_iea_only	transferred
M744_RS05880	M744_06130	WP_011378291.1	S9 family peptidase		0	no	no	no	1	go_iea_only	transferred
M744_RS05885	M744_06135	WP_011244351.1	ABC transporter permease	K02034	1	yes	yes	yes	1	ko_assigned	transferred
M744_RS05890	M744_06140	WP_011244352.1	TM0106 family RecB-like putative nuclease		0	no	no	no	0	named_no_ko_no_go	unknown
M744_RS05895	M744_06145	WP_126147644.1	hypothetical protein		0	no	no	no	0	hypothetical_no_homology_evidence	unknown
M744_RS05900	M744_06150	WP_011244354.1	photosystem I core protein PsaA	K02689	1	no	yes	yes	5	ko_assigned	transferred
M744_RS05905	M744_06155	WP_011244355.1	photosystem I core protein PsaB	K02690	1	no	yes	yes	6	ko_assigned	transferred
M744_RS05910	M744_06160	WP_011244356.1	aminomethyl-transferring glycine dehydrogenase	K00281	1	yes	yes	yes	2	ko_assigned	transferred
M744_RS05915	M744_06165	WP_011244357.1	glycine cleavage system protein GcvH	K02437	1	yes	yes	yes	2	ko_assigned	transferred
M744_RS05920	M744_06175	WP_011378289.1	chromosome segregation protein SMC	K03529	1	no	yes	yes	3	ko_assigned	transferred
M744_RS05925	M744_06180	WP_011244359.1	PRC-barrel domain-containing protein		0	no	no	no	0	named_no_ko_no_go	unknown
M744_RS05930	M744_06185	WP_011244360.1	adenosylmethionine decarboxylase	K01611	1	yes	yes	yes	2	ko_assigned	transferred
M744_RS05935	M744_06190	WP_011244361.1	hypothetical protein		0	no	no	no	0	hypothetical_no_homology_evidence	unknown
M744_RS05940	M744_06195	WP_011378288.1	murein biosynthesis integral membrane protein MurJ	K03980	1	yes	yes	yes	2	ko_assigned	transferred
M744_RS05945	M744_06200	WP_011244364.1	DNA/RNA nuclease SfsA	K06206	1	yes	yes	yes	1	ko_assigned	transferred
M744_RS05950	M744_06205	WP_011378287.1	coiled-coil domain-containing protein		0	no	no	no	0	named_no_ko_no_go	unknown
M744_RS05955	M744_06210	WP_011244366.1	helix-turn-helix domain-containing protein		0	no	no	no	1	go_iea_only	transferred
M744_RS05960	M744_06215	WP_011244367.1	hypothetical protein		0	no	no	no	0	hypothetical_no_homology_evidence	unknown
M744_RS05965	M744_06220	WP_011378286.1	aromatic ring-hydroxylating dioxygenase subunit alpha		0	no	no	no	2	go_iea_only	transferred
M744_RS05970	M744_06225	WP_011378285.1	aromatic ring-hydroxylating dioxygenase subunit alpha		0	no	no	no	2	go_iea_only	transferred
M744_RS05975	M744_06230	WP_011378284.1	glycosyltransferase	K05841	1	no	yes	yes	2	ko_assigned	transferred
M744_RS05980	M744_06235	WP_011378283.1	hypothetical protein		0	no	no	no	0	hypothetical_no_homology_evidence	unknown
M744_RS05985	M744_06240	WP_011378282.1	tetracycline resistance MFS efflux pump		0	no	no	no	0	named_no_ko_no_go	unknown
M744_RS05990	M744_06245	WP_011378281.1	phycobiliprotein lyase		0	no	no	no	0	named_no_ko_no_go	unknown
M744_RS05995	M744_06250	WP_011244375.1	phycobilisome rod-core linker polypeptide	K02290	1	no	yes	yes	0	ko_assigned	transferred
M744_RS06000	M744_06260	WP_011244376.1	glucose-6-phosphate isomerase	K01810	1	yes	yes	yes	0	ko_assigned	transferred
M744_RS06005	M744_06265	WP_011244377.1	glycosyltransferase family 4 protein		0	no	no	no	2	go_iea_only	transferred
M744_RS06010	M744_06270	WP_011244378.1	glycosyltransferase family 2 protein		0	no	no	no	2	go_iea_only	transferred
M744_RS06015	M744_06275	WP_011244379.1	undecaprenyl-phosphate glucose phosphotransferase		0	no	no	no	1	go_iea_only	transferred
M744_RS06020	M744_06280	WP_011244380.1	glycosyltransferase		0	no	no	no	1	go_iea_only	transferred
M744_RS06025	M744_06285	WP_231621390.1	DUF72 domain-containing protein		0	no	no	no	0	named_no_ko_no_go	unknown
M744_RS06030	M744_06290	WP_011244382.1	ribosome maturation factor RimP	K09748	1	yes	yes	yes	0	ko_assigned	transferred
M744_RS06035	M744_06295	WP_011378280.1	transcription termination factor NusA	K02600	1	yes	yes	yes	2	ko_assigned	transferred
M744_RS06040	M744_06300	WP_011244384.1	YlxR family protein	K07742	1	no	yes	yes	1	ko_assigned	transferred
M744_RS06045	M744_06305	WP_011378279.1	translation initiation factor IF-2	K02519	1	yes	yes	yes	5	ko_assigned	transferred
M744_RS06050	M744_06310	WP_011244386.1	low-complexity tail membrane protein		0	no	no	no	0	named_no_ko_no_go	unknown
M744_RS06055	M744_06315	WP_011244387.1	DUF3493 domain-containing protein		0	no	no	no	0	named_no_ko_no_go	unknown
M744_RS06065	M744_06325	WP_011244388.1	YggT family protein	K02221	1	yes	yes	yes	0	ko_assigned	transferred
M744_RS06070	M744_06330	WP_011244389.1	photosystem II reaction center X protein	K02722	1	no	yes	yes	0	ko_assigned	transferred
M744_RS06075	M744_06335	WP_011378278.1	Ycf66 family protein		0	no	no	no	0	named_no_ko_no_go	unknown
M744_RS06080	M744_06340	WP_011244391.1	TolB family protein		0	no	no	no	2	go_iea_only	transferred
M744_RS06085	M744_06345	WP_011244392.1	TolB family protein		0	no	no	no	2	go_iea_only	transferred
M744_RS06090	M744_06350	WP_231621391.1	SpoIID/LytB domain-containing protein	K06381	1	no	yes	yes	1	ko_assigned	transferred
M744_RS06095	M744_06355	WP_011244394.1	ribonuclease Z	K00784	1	yes	yes	yes	2	ko_assigned	transferred
M744_RS06100	M744_06360	WP_039755617.1	photosystem II cytochrome c-550	K02720	1	no	yes	yes	4	ko_assigned	transferred
M744_RS06105	M744_06365	WP_011378275.1	AAA family ATPase		0	no	no	no	2	go_iea_only	transferred
M744_RS06110	M744_06370	WP_011378274.1	flavin reductase family protein		0	no	no	no	2	go_iea_only	transferred
M744_RS06115	M744_06375	WP_011244398.1	pantetheine-phosphate adenylyltransferase	K00954	1	yes	yes	yes	2	ko_assigned	transferred
M744_RS06120	M744_06380	WP_011244399.1	hypothetical protein		0	no	no	no	0	hypothetical_no_homology_evidence	unknown
M744_RS06125	M744_06385	WP_011244400.1	anti-sigma factor		0	no	no	no	3	go_iea_only	transferred
M744_RS06130	M744_06390	WP_011244401.1	sigma-70 family RNA polymerase sigma factor	K03088	1	yes	yes	yes	3	ko_assigned	transferred
M744_RS06135	M744_06395	WP_231621392.1	CHRD domain-containing protein		0	no	no	no	0	named_no_ko_no_go	unknown
M744_RS06140	M744_06400	WP_011378272.1	hypothetical protein		0	no	no	no	0	hypothetical_no_homology_evidence	unknown
M744_RS06145	M744_06410	WP_011378271.1	septum site-determining protein MinC	K03610	1	yes	yes	yes	3	ko_assigned	transferred
M744_RS06150	M744_06415	WP_011378270.1	transglycosylase domain-containing protein		0	no	no	no	0	named_no_ko_no_go	unknown
M744_RS06155	M744_06420	WP_011244407.1	RNA-binding regulator		0	no	no	no	1	go_iea_only	transferred
M744_RS06160	M744_06425	WP_231621393.1	GAF domain-containing protein		0	no	no	no	1	go_iea_only	transferred
M744_RS06165	M744_06430	WP_011244409.1	high light inducible protein		0	no	no	no	0	named_no_ko_no_go	unknown
M744_RS06170	M744_06435	WP_011244410.1	hypothetical protein		0	no	no	no	0	hypothetical_no_homology_evidence	unknown
M744_RS06175	M744_06440	WP_011244411.1	bifunctional phosphoribosyl-AMP cyclohydrolase/phosphoribosyl-ATP diphosphatase HisIE	K11755	1	yes	yes	yes	3	ko_assigned	transferred
M744_RS06180	M744_06445	WP_011244412.1	acireductone synthase	K09880	1	no	yes	yes	3	ko_assigned	transferred
M744_RS06185	M744_06450	WP_011244413.1	methylthioribulose 1-phosphate dehydratase	K08964	1	no	yes	yes	3	ko_assigned	transferred
M744_RS06190	M744_06455	WP_011244414.1	S-methyl-5-thioribose-1-phosphate isomerase	K08963	1	no	yes	yes	2	ko_assigned	transferred
M744_RS06195	M744_06460	WP_011244415.1	large conductance mechanosensitive channel protein MscL	K03282	1	yes	yes	yes	3	ko_assigned	transferred
M744_RS06200	M744_06465	WP_011378269.1	TMEM165/GDT1 family protein	K23541	1	no	yes	yes	3	ko_assigned	transferred
M744_RS06205	M744_06470	WP_011244417.1	CDF family zinc efflux transporter Cdf31		0	no	no	no	1	go_iea_only	transferred
M744_RS06210	M744_06475	WP_011244418.1	hypothetical protein		0	no	no	no	0	hypothetical_no_homology_evidence	unknown
M744_RS06215	M744_06485	WP_011378268.1	hypothetical protein		0	no	no	no	0	hypothetical_no_homology_evidence	unknown
M744_RS06220	M744_06490	WP_039755620.1	M16 family metallopeptidase	K07263	1	yes	yes	yes	2	ko_assigned	transferred
M744_RS06225	M744_06495	WP_011244421.1	fructosamine kinase family protein		0	no	no	no	0	named_no_ko_no_go	unknown
M744_RS06230	M744_06500	WP_011244422.1	15-cis-phytoene synthase CrtB	K02291	1	no	yes	yes	3	ko_assigned	transferred
M744_RS06235	M744_06505	WP_011378266.1	15-cis-phytoene desaturase	K02293	1	no	yes	yes	2	ko_assigned	transferred
M744_RS06240	M744_06510	WP_011244424.1	NAD(P)H-quinone oxidoreductase subunit M	K05584	1	no	yes	yes	0	ko_assigned	transferred
M744_RS06245	M744_06515	WP_011378265.1	hypothetical protein		0	no	no	no	0	hypothetical_no_homology_evidence	unknown
M744_RS06250	M744_06520	WP_011378264.1	LysR family transcriptional regulator		0	no	no	no	0	named_no_ko_no_go	unknown
M744_RS06255	M744_06525	WP_011378263.1	NnrU family protein	K15744	1	no	yes	yes	2	ko_assigned	transferred
M744_RS06260	M744_06530	WP_011244428.1	thioredoxin family protein	K03671	1	yes	yes	yes	1	ko_assigned	transferred
M744_RS06265	M744_06535	WP_011378262.1	NAD(P)H-quinone oxidoreductase subunit 5	K05577	1	no	yes	yes	0	ko_assigned	transferred
M744_RS06270	M744_06540	WP_011244430.1	photosynthetic/respiratory NAD(P)H-quinone oxidoreductase subunit D1	K05575	1	no	yes	yes	0	ko_assigned	transferred
M744_RS06275	M744_06545	WP_011244431.1	LapA family protein		0	no	no	no	2	go_iea_only	transferred
M744_RS06280	M744_06555	WP_011378261.1	segregation/condensation protein A	K05896	1	no	yes	yes	0	ko_assigned	transferred
M744_RS06285	M744_06560	WP_011244433.1	nucleotidyltransferase family protein	K28660	1	no	yes	yes	2	ko_assigned	transferred
M744_RS06290	M744_06565	WP_011244434.1	tetratricopeptide repeat protein		0	no	no	no	1	go_iea_only	transferred
M744_RS06295	M744_06570	WP_039755624.1	M20 family metallopeptidase		0	no	no	no	0	named_no_ko_no_go	unknown
M744_RS06300	M744_06575	WP_011244436.1	AbrB family transcriptional regulator		0	no	no	no	0	named_no_ko_no_go	unknown
M744_RS06305	M744_06580	WP_011378258.1	TIGR03279 family radical SAM protein		0	no	no	no	0	named_no_ko_no_go	unknown
M744_RS06310	M744_06585	WP_011378257.1	undecaprenyl-diphosphate phosphatase	K06153	1	yes	yes	yes	0	ko_assigned	transferred
M744_RS06315	M744_06590	WP_011244439.1	CRR7 family NDH-1 assembly protein		0	no	no	no	0	named_no_ko_no_go	unknown
M744_RS06320	M744_06595	WP_011378256.1	Ppx/GppA phosphatase family protein	K01524	1	yes	yes	yes	1	ko_assigned	transferred
M744_RS06325	M744_06600	WP_039755627.1	4-hydroxybenzoate solanesyltransferase	K03179	1	yes	yes	yes	0	ko_assigned	transferred
M744_RS06330	M744_06605	WP_011244442.1	S66 peptidase family protein	K01297	1	yes	yes	yes	3	ko_assigned	transferred
M744_RS06335	M744_06610	WP_011244443.1	photosystem II protein Y	K02723	1	no	yes	yes	0	ko_assigned	transferred
M744_RS06340	M744_06615	WP_011244444.1	gamma carbonic anhydrase family protein		0	no	no	no	1	go_iea_only	transferred
M744_RS06345	M744_06620	WP_011378254.1	TIGR02652 family protein		0	no	no	no	0	named_no_ko_no_go	unknown
M744_RS06350	M744_06625	WP_011378253.1	proline--tRNA ligase	K01881	1	yes	yes	yes	4	ko_assigned	transferred
M744_RS06355	M744_06630	WP_011244447.1	helix-turn-helix domain-containing protein		0	no	no	no	1	go_iea_only	transferred
M744_RS06360	M744_06635	WP_231621394.1	cyclic nucleotide-binding domain-containing protein		0	no	no	no	1	go_iea_only	transferred
M744_RS06365	M744_06640	WP_011244449.1	acetyl-CoA carboxylase%2C carboxyltransferase subunit beta	K01963	1	yes	yes	yes	3	ko_assigned	transferred
M744_RS06370	M744_06650	WP_011244450.1	CTP synthase	K01937	1	yes	yes	yes	2	ko_assigned	transferred
M744_RS06375	M744_06655	WP_011244451.1	6-pyruvoyl trahydropterin synthase family protein	K01737	1	yes	yes	yes	2	ko_assigned	transferred
M744_RS06380	M744_06660	WP_011378250.1	hypothetical protein		0	no	no	no	0	hypothetical_no_homology_evidence	unknown
M744_RS06390	M744_06670	WP_011244453.1	hypothetical protein		0	no	no	no	0	hypothetical_no_homology_evidence	unknown
M744_RS06395	M744_06675	WP_011244454.1	hypothetical protein		0	no	no	no	0	hypothetical_no_homology_evidence	unknown
M744_RS06400	M744_06680	WP_011378249.1	DUF3181 family protein		0	no	no	no	0	named_no_ko_no_go	unknown
M744_RS06405	M744_06685	WP_011244456.1	2TM domain-containing protein		0	no	no	no	0	named_no_ko_no_go	unknown
M744_RS06410	M744_06690	WP_011244457.1	Ig-like domain-containing domain		0	no	no	no	0	named_no_ko_no_go	unknown
M744_RS06415	M744_06695	WP_011244458.1	hypothetical protein		0	no	no	no	0	hypothetical_no_homology_evidence	unknown
M744_RS06420	M744_06700	WP_011244459.1	excinuclease ABC subunit UvrC	K03703	1	yes	yes	yes	3	ko_assigned	transferred
M744_RS06425	M744_06705	WP_011244460.1	pyruvate dehydrogenase (acetyl-transferring) E1 component subunit alpha	K00161	1	no	yes	yes	3	ko_assigned	transferred
M744_RS06430	M744_06710	WP_011244461.1	ARC6/PARC6 family protein		0	no	no	no	0	named_no_ko_no_go	unknown
M744_RS06435	M744_06715	WP_011244462.1	peroxiredoxin	K03564	1	yes	yes	yes	1	ko_assigned	transferred
M744_RS06440	M744_06720	WP_011378248.1	tRNA (5-methylaminomethyl-2-thiouridine)(34)-methyltransferase MnmD		0	no	no	no	4	go_iea_only	transferred
M744_RS06445	M744_06725	WP_011244464.1	organoarsenical effux MFS transporter ArsJ	K25223	1	no	yes	yes	2	ko_assigned	transferred
M744_RS06450	M744_06730	WP_011378247.1	ArsJ-associated glyceraldehyde-3-phosphate dehydrogenase	K25224	1	no	yes	yes	4	ko_assigned	transferred
M744_RS06455	M744_06735	WP_011378246.1	ACR3 family arsenite efflux transporter	K03325	1	no	yes	yes	5	ko_assigned	transferred
M744_RS06460	M744_06740	WP_011378245.1	peptide-methionine (S)-S-oxide reductase MsrA	K07304	1	yes	yes	yes	4	ko_assigned	transferred
M744_RS06465	M744_06745	WP_011378244.1	hypothetical protein		0	no	no	no	0	hypothetical_no_homology_evidence	unknown
M744_RS06470	M744_06750	WP_011244469.1	prepilin peptidase	K02654	1	yes	yes	yes	2	ko_assigned	transferred
M744_RS06475	M744_06755	WP_071818121.1	D-alanyl-D-alanine carboxypeptidase/D-alanyl-D-alanine endopeptidase	K07259	1	yes	yes	yes	3	ko_assigned	transferred
M744_RS06480	M744_06760	WP_011244471.1	type 2 isopentenyl-diphosphate Delta-isomerase	K01823	1	yes	yes	yes	3	ko_assigned	transferred
M744_RS06485	M744_06765	WP_011244472.1	DUF4330 domain-containing protein		0	no	no	no	0	named_no_ko_no_go	unknown
M744_RS06490	M744_06770	WP_011244473.1	metallophosphoesterase family protein		0	no	no	no	3	go_iea_only	transferred
M744_RS06495	M744_06775	WP_011244474.1	DUF1995 family protein		0	no	no	no	0	named_no_ko_no_go	unknown
M744_RS06500	M744_06780	WP_011244475.1	cysteine desulfurase family protein	K04487	1	yes	yes	yes	1	ko_assigned	transferred
M744_RS06505	M744_06785	WP_011244476.1	hypothetical protein		0	no	no	no	0	hypothetical_no_homology_evidence	unknown
M744_RS06510	M744_06790	WP_011244477.1	diaminopimelate epimerase	K01778	1	yes	yes	yes	2	ko_assigned	transferred
M744_RS06515	M744_06795	WP_231621395.1	Hfq-related RNA-binding protein	K03666	1	yes	yes	yes	1	ko_assigned	transferred
M744_RS06520	M744_06800	WP_011378242.1	M23 family metallopeptidase		0	no	no	no	2	go_iea_only	transferred
M744_RS06525	M744_06805	WP_011378241.1	late competence development ComFB family protein		0	no	no	no	0	named_no_ko_no_go	unknown
M744_RS06530	M744_06810	WP_011244481.1	sigma-70 family RNA polymerase sigma factor		0	no	no	no	3	go_iea_only	transferred
M744_RS06535	M744_06815	WP_011244482.1	anti-sigma factor family protein		0	no	no	no	2	go_iea_only	transferred
M744_RS06540	M744_06820	WP_011244483.1	gamma-glutamylcyclotransferase family protein		0	no	no	no	1	go_iea_only	transferred
M744_RS06545	M744_06825	WP_011378240.1	leucine--tRNA ligase	K01869	1	yes	yes	yes	3	ko_assigned	transferred
M744_RS06550	M744_06830	WP_011244485.1	helix-turn-helix domain-containing protein		0	no	no	no	1	go_iea_only	transferred
M744_RS06555	M744_06835	WP_011378239.1	glycosyltransferase family 4 protein	K03867	1	no	yes	yes	2	ko_assigned	transferred
M744_RS06560	M744_06840	WP_190528534.1	DMT family transporter		0	no	no	no	3	go_iea_only	transferred
M744_RS06565	M744_06845	WP_011244488.1	signal peptide peptidase SppA	K04773	1	yes	yes	yes	2	ko_assigned	transferred
M744_RS06570	M744_06850	WP_039755631.1	chorismate mutase	K06208	1	no	yes	yes	2	ko_assigned	transferred
M744_RS06575	M744_06855	WP_011244490.1	hypothetical protein		0	no	no	no	0	hypothetical_no_homology_evidence	unknown
M744_RS06580	M744_06860	WP_011244491.1	slr1601 family putative cell division protein		0	no	no	no	0	named_no_ko_no_go	unknown
M744_RS06585		WP_011244492.1	photosystem I reaction center subunit XII		0	no	no	no	2	go_iea_only	transferred
M744_RS06590	M744_06870	WP_321167203.1	phosphate signaling complex protein PhoU	K02039	1	yes	yes	yes	3	ko_assigned	transferred
M744_RS06595	M744_06880	WP_011378237.1	ribonuclease R family protein	K12573	1	yes	yes	yes	2	ko_assigned	transferred
M744_RS06600	M744_06885	WP_199290572.1	flavin prenyltransferase UbiX	K03186	1	yes	yes	yes	2	ko_assigned	transferred
M744_RS06605	M744_06890	WP_011244496.1	hypothetical protein		0	no	no	no	0	hypothetical_no_homology_evidence	unknown
M744_RS06610	M744_06895	WP_011244497.1	DUF2996 domain-containing protein		0	no	no	no	0	named_no_ko_no_go	unknown
M744_RS06615	M744_06900	WP_011244498.1	magnesium-protoporphyrin IX monomethyl ester (oxidative) cyclase	K04035	1	no	yes	yes	4	ko_assigned	transferred
M744_RS06620	M744_06905	WP_011244499.1	peptidylprolyl isomerase		0	no	no	no	2	go_iea_only	transferred
M744_RS06625	M744_06910	WP_011378236.1	peptidase domain-containing ABC transporter	K11004	1	no	yes	yes	0	ko_assigned	transferred
M744_RS06630	M744_06915	WP_011244501.1	HlyD family type I secretion periplasmic adaptor subunit	K11003	1	no	yes	yes	2	ko_assigned	transferred
M744_RS06635	M744_06920	WP_011244502.1	class I SAM-dependent methyltransferase		0	no	no	no	3	go_iea_only	transferred
M744_RS06640	M744_06925	WP_011244503.1	glycosyltransferase family 4 protein		0	no	no	no	2	go_iea_only	transferred
M744_RS06645	M744_06930	WP_011378235.1	glycosyltransferase family 4 protein		0	no	no	no	2	go_iea_only	transferred
M744_RS06650	M744_06935	WP_011244505.1	dCTP deaminase	K01494	1	yes	yes	yes	2	ko_assigned	transferred
M744_RS06655	M744_06940	WP_011378234.1	cupin domain-containing protein	K09705	1	no	yes	yes	1	ko_assigned	transferred
M744_RS06660	M744_06945	WP_011244507.1	3-isopropylmalate dehydratase large subunit	K01703	1	yes	yes	yes	4	ko_assigned	transferred
M744_RS06665	M744_06950	WP_011244508.1	TIGR04168 family protein		0	no	no	no	0	named_no_ko_no_go	unknown
M744_RS06670	M744_06955	WP_011378233.1	bifunctional ornithine acetyltransferase/N-acetylglutamate synthase	K00620	1	no	yes	yes	4	ko_assigned	transferred
M744_RS06675	M744_06960	WP_011244510.1	2OG-Fe(II) oxygenase		0	no	no	no	1	go_iea_only	transferred
M744_RS06680	M744_06965	WP_011378232.1	branched-chain amino acid ABC transporter permease	K11955	1	no	yes	yes	2	ko_assigned	transferred
M744_RS06685	M744_06970	WP_011378231.1	ABC transporter ATP-binding protein	K11957	1	no	yes	yes	3	ko_assigned	transferred
M744_RS06690	M744_06975	WP_011244513.1	oxygen-dependent tRNA uridine(34) hydroxylase TrhO	K07146	1	yes	yes	yes	1	ko_assigned	transferred
M744_RS06695	M744_06980	WP_011244514.1	low amplitude/bright protein LabA		0	no	no	no	0	named_no_ko_no_go	unknown
M744_RS06700	M744_06985	WP_011244515.1	hypothetical protein		0	no	no	no	0	hypothetical_no_homology_evidence	unknown
M744_RS06705	M744_06990	WP_011244516.1	glycoside hydrolase family 57 protein	K16149	1	no	yes	yes	3	ko_assigned	transferred
M744_RS06710	M744_06995	WP_011244517.1	class I SAM-dependent methyltransferase		0	no	no	no	3	go_iea_only	transferred
M744_RS06715	M744_07000	WP_011244518.1	glycosyltransferase family 4 protein		0	no	no	no	2	go_iea_only	transferred
M744_RS06720	M744_07005	WP_011378230.1	single-stranded-DNA-specific exonuclease RecJ	K07462	1	yes	yes	yes	3	ko_assigned	transferred
M744_RS06725	M744_07010	WP_011244520.1	HAD-IA family hydrolase		0	no	no	no	2	go_iea_only	transferred
M744_RS06730	M744_07015	WP_011244521.1	adenylyltransferase/cytidyltransferase family protein	K21345	1	no	yes	yes	2	ko_assigned	transferred
M744_RS06735	M744_07020	WP_011244522.1	GUN4 domain-containing protein		0	no	no	no	0	named_no_ko_no_go	unknown
M744_RS06740	M744_07025	WP_011244523.1	photosystem II complex extrinsic protein PsbU	K02719	1	no	yes	yes	0	ko_assigned	transferred
M744_RS06745	M744_07030	WP_011378229.1	L-aspartate oxidase	K00278	1	yes	yes	yes	2	ko_assigned	transferred
M744_RS06750	M744_07035	WP_011378228.1	DUF896 domain-containing protein		0	no	no	no	0	named_no_ko_no_go	unknown
M744_RS06755	M744_07045	WP_011244525.1	AAA family ATPase	K03924	1	yes	yes	yes	2	ko_assigned	transferred
M744_RS06760	M744_07050	WP_011244526.1	DUF58 domain-containing protein		0	no	no	no	0	named_no_ko_no_go	unknown
M744_RS06765	M744_07055	WP_011244527.1	transglutaminase TgpA family protein	K22452	1	no	yes	yes	1	ko_assigned	transferred
M744_RS06770	M744_07060	WP_011244528.1	hypothetical protein		0	no	no	no	0	hypothetical_no_homology_evidence	unknown
M744_RS06775	M744_07065	WP_011244529.1	TldD/PmbA family protein		0	no	no	no	3	go_iea_only	transferred
M744_RS06780	M744_07070	WP_011244530.1	tRNA (cytidine(34)-2'-O)-methyltransferase	K03216	1	yes	yes	yes	4	ko_assigned	transferred
M744_RS06785	M744_07075	WP_011244531.1	response regulator transcription factor		0	no	no	no	4	go_iea_only	transferred
M744_RS06790	M744_07080	WP_011244532.1	sensor histidine kinase		0	no	no	no	3	go_iea_only	transferred
M744_RS06795	M744_07085	WP_011244533.1	YHS domain-containing (seleno)protein		0	no	no	no	0	named_no_ko_no_go	unknown
M744_RS06800	M744_07090	WP_011244534.1	efflux RND transporter periplasmic adaptor subunit	K03585	1	yes	yes	yes	4	ko_assigned	transferred
M744_RS06805	M744_07095	WP_011244535.1	efflux RND transporter permease subunit	K18138	1	yes	yes	yes	3	ko_assigned	transferred
M744_RS06810	M744_07100	WP_011244536.1	hypothetical protein		0	no	no	no	0	hypothetical_no_homology_evidence	unknown
M744_RS06815	M744_07105	WP_011378226.1	FAD-binding domain-containing protein	K01669	1	yes	yes	yes	0	ko_assigned	transferred
M744_RS06820	M744_07110	WP_011378225.1	DUF1824 family protein		0	no	no	no	0	named_no_ko_no_go	unknown
M744_RS06825	M744_07115	WP_011244539.1	NAD(+) kinase	K00858	1	yes	yes	yes	0	ko_assigned	transferred
M744_RS06830	M744_07120	WP_039755639.1	hypothetical protein		0	no	no	no	0	hypothetical_no_homology_evidence	unknown
M744_RS06835	M744_07125	WP_011378224.1	L-threonylcarbamoyladenylate synthase	K07566	1	yes	yes	yes	3	ko_assigned	transferred
M744_RS06840	M744_07130	WP_011378223.1	peptide chain release factor N(5)-glutamine methyltransferase	K02493	1	yes	yes	yes	3	ko_assigned	transferred
M744_RS06845	M744_07135	WP_011244542.1	Tic22 family protein		0	no	no	no	1	go_iea_only	transferred
M744_RS06850	M744_07140	WP_231621396.1	ABC transporter substrate-binding protein	K11954	1	no	yes	yes	3	ko_assigned	transferred
M744_RS06855	M744_07145	WP_011244544.1	response regulator transcription factor		0	no	no	no	4	go_iea_only	transferred
M744_RS06860		WP_011244545.1	putative bifunctional diguanylate cyclase/phosphodiesterase		0	no	no	no	5	go_iea_only	transferred
M744_RS06865	M744_07160	WP_011244546.1	biliverdin-producing heme oxygenase	K21480	1	no	yes	yes	3	ko_assigned	transferred
M744_RS06870	M744_07165	WP_011378221.1	NAD(P)-dependent oxidoreductase	K00020	1	no	yes	yes	3	ko_assigned	transferred
M744_RS06875	M744_07170	WP_011378220.1	nucleoside deaminase	K11991	1	yes	yes	yes	3	ko_assigned	transferred
M744_RS06880	M744_07175	WP_011378219.1	cobyrinic acid a%2Cc-diamide synthase CobB	K02224	1	no	yes	yes	1	ko_assigned	transferred
M744_RS06885	M744_07180	WP_011378218.1	precorrin-3B C(17)-methyltransferase	K13541	1	no	yes	yes	2	ko_assigned	transferred
M744_RS06890	M744_07185	WP_011244551.1	precorrin-2 C(20)-methyltransferase	K03394	1	no	yes	yes	2	ko_assigned	transferred
M744_RS06895	M744_07190	WP_011244552.1	precorrin-8X methylmutase	K06042	1	no	yes	yes	2	ko_assigned	transferred
M744_RS06900	M744_07195	WP_011244553.1	precorrin-3B synthase	K00366	1	no	yes	yes	2	ko_assigned	transferred
M744_RS06905	M744_07200	WP_011244554.1	bifunctional cobalt-precorrin-7 (C(5))-methyltransferase/cobalt-precorrin-6B (C(15))-methyltransferase	K00595	1	no	yes	yes	0	ko_assigned	transferred
M744_RS06910	M744_07205	WP_011244555.1	RNA polymerase sigma factor SigC	K03087	1	yes	yes	yes	0	ko_assigned	transferred
M744_RS06920	M744_07220	WP_011244556.1	aspartate-semialdehyde dehydrogenase	K00133	1	yes	yes	yes	3	ko_assigned	transferred
M744_RS06925	M744_07225	WP_011244557.1	4-hydroxy-tetrahydrodipicolinate synthase	K01714	1	yes	yes	yes	2	ko_assigned	transferred
M744_RS06930	M744_07230	WP_011378217.1	ribonuclease J	K12574	1	no	yes	yes	5	ko_assigned	transferred
M744_RS06935	M744_07235	WP_011244559.1	hypothetical protein		0	no	no	no	0	hypothetical_no_homology_evidence	unknown
M744_RS06940	M744_07240	WP_011244560.1	preQ(1) synthase	K09457	1	no	yes	yes	3	ko_assigned	transferred
M744_RS06945	M744_07245	WP_011378216.1	DUF362 domain-containing protein		0	no	no	no	0	named_no_ko_no_go	unknown
M744_RS06950		WP_011378215.1	RNA-guided endonuclease InsQ/TnpB family protein		0	no	no	no	5	go_iea_only	transferred
M744_RS06955	M744_07265	WP_011378214.1	UDP-N-acetylmuramoyl-tripeptide--D-alanyl-D-alanine ligase	K01929	1	yes	yes	yes	4	ko_assigned	transferred
M744_RS06960	M744_07270	WP_011378213.1	pentapeptide repeat-containing protein		0	no	no	no	0	named_no_ko_no_go	unknown
M744_RS06965	M744_07275	WP_011244565.1	esterase/lipase family protein		0	no	no	no	2	go_iea_only	transferred
M744_RS06970	M744_07280	WP_011244566.1	ferredoxin:protochlorophyllide reductase (ATP-dependent) subunit B	K04039	1	no	yes	yes	3	ko_assigned	transferred
M744_RS06975	M744_07285	WP_011244567.1	DUF2605 domain-containing protein		0	no	no	no	0	named_no_ko_no_go	unknown
M744_RS06980	M744_07290	WP_011378212.1	DUF2973 domain-containing protein		0	no	no	no	0	named_no_ko_no_go	unknown
M744_RS06985	M744_07295	WP_011378211.1	rhomboid family intramembrane serine protease		0	no	no	no	4	go_iea_only	transferred
M744_RS06990	M744_07300	WP_011244570.1	hypothetical protein		0	no	no	no	0	hypothetical_no_homology_evidence	unknown
M744_RS06995	M744_07305	WP_011244571.1	ParA family protein		0	no	no	no	2	go_iea_only	transferred
M744_RS07000	M744_07310	WP_011244572.1	CAAD domain-containing protein		0	no	no	no	0	named_no_ko_no_go	unknown
M744_RS07005	M744_07315	WP_011244573.1	GuaB3 family IMP dehydrogenase-related protein	K00088	1	yes	yes	yes	1	ko_assigned	transferred
M744_RS07010	M744_07320	WP_011244574.1	thioredoxin	K03671	1	yes	yes	yes	1	ko_assigned	transferred
M744_RS07015	M744_07325	WP_011244575.1	1-(5-phosphoribosyl)-5-[(5-phosphoribosylamino)methylideneamino]imidazole-4-carboxamide isomerase	K01814	1	yes	yes	yes	2	ko_assigned	transferred
M744_RS07020	M744_07330	WP_011244576.1	TIGR02450 family Trp-rich protein		0	no	no	no	0	named_no_ko_no_go	unknown
M744_RS07025	M744_07335	WP_011378210.1	hypothetical protein		0	no	no	no	0	hypothetical_no_homology_evidence	unknown
M744_RS07030	M744_07340	WP_011244578.1	NAD-dependent epimerase/dehydratase family protein		0	no	no	no	1	go_iea_only	transferred
M744_RS07035	M744_07345	WP_039755939.1	CDP-diacylglycerol--glycerol-3-phosphate 3-phosphatidyltransferase	K00995	1	yes	yes	yes	3	ko_assigned	transferred
M744_RS07040	M744_07350	WP_011244580.1	CBS domain-containing protein		0	no	no	no	0	named_no_ko_no_go	unknown
M744_RS07045	M744_07355	WP_011378209.1	phycobilisome degradation protein NblB		0	no	no	no	0	named_no_ko_no_go	unknown
M744_RS07050	M744_07365	WP_011244583.1	tetratricopeptide repeat protein		0	no	no	no	0	named_no_ko_no_go	unknown
M744_RS07055	M744_07370	WP_011378207.1	Bax inhibitor-1/YccA family protein	K06890	1	yes	yes	yes	1	ko_assigned	transferred
M744_RS07060	M744_07375	WP_231621282.1	dihydrofolate reductase family protein		0	no	no	no	3	go_iea_only	transferred
M744_RS07065	M744_07380	WP_011244586.1	hypothetical protein		0	no	no	no	0	hypothetical_no_homology_evidence	unknown
M744_RS07070	M744_07385	WP_011378206.1	response regulator	K11443	1	no	no	no	1	ko_assigned	transferred
M744_RS07075	M744_07390	WP_011378205.1	Cache 3/Cache 2 fusion domain-containing protein		0	no	no	no	0	named_no_ko_no_go	unknown
M744_RS07080	M744_07395	WP_011378204.1	response regulator		0	no	no	no	1	go_iea_only	transferred
M744_RS07085	M744_07400	WP_155813928.1	Crp/Fnr family transcriptional regulator		0	no	no	no	2	go_iea_only	transferred
M744_RS07090	M744_07405	WP_011244591.1	molecular chaperone HtpG	K04079	1	yes	yes	yes	4	ko_assigned	transferred
M744_RS07095	M744_07415	WP_011378201.1	sensor domain-containing diguanylate cyclase		0	no	no	no	5	go_iea_only	transferred
M744_RS07100	M744_07420	WP_011378200.1	diflavin flavoprotein		0	no	no	no	0	named_no_ko_no_go	unknown
M744_RS07105	M744_07425	WP_011378199.1	diflavin flavoprotein		0	no	no	no	0	named_no_ko_no_go	unknown
M744_RS07110	M744_07430	WP_011378198.1	pantothenate kinase	K03525	1	no	yes	yes	0	ko_assigned	transferred
M744_RS07115	M744_07435	WP_011244596.1	NUDIX domain-containing protein	K03574	1	yes	yes	yes	1	ko_assigned	transferred
M744_RS07120	M744_07440	WP_011244597.1	thioredoxin-dependent thiol peroxidase	K03564	1	yes	yes	yes	2	ko_assigned	transferred
M744_RS07125	M744_07445	WP_011244598.1	4'-phosphopantetheinyl transferase family protein	K06133	1	yes	yes	yes	1	ko_assigned	transferred
M744_RS07130	M744_07450	WP_011244599.1	hypothetical protein		0	no	no	no	0	hypothetical_no_homology_evidence	unknown
M744_RS07135	M744_07455	WP_011244600.1	Fur family transcriptional regulator	K03711	1	yes	yes	yes	4	ko_assigned	transferred
M744_RS07140	M744_07460	WP_011244601.1	DUF3685 domain-containing protein		0	no	no	no	0	named_no_ko_no_go	unknown
M744_RS07145	M744_07465	WP_011244602.1	alpha/beta fold hydrolase		0	no	no	no	0	named_no_ko_no_go	unknown
M744_RS07150	M744_07470	WP_011244603.1	Spy/CpxP family protein refolding chaperone	K06006	1	yes	yes	yes	3	ko_assigned	transferred
M744_RS07155	M744_07475	WP_011378195.1	hydrogenase expression/formation protein HypE	K04655	1	yes	yes	yes	0	ko_assigned	transferred
M744_RS07160	M744_07485	WP_011244605.1	hypothetical protein		0	no	no	no	0	hypothetical_no_homology_evidence	unknown
M744_RS07165	M744_07490	WP_011378194.1	tyrosine-type recombinase/integrase		0	no	no	no	3	go_iea_only	transferred
M744_RS07170	M744_07495	WP_011244607.1	YciI family protein		0	no	no	no	0	named_no_ko_no_go	unknown
M744_RS07175	M744_07500	WP_011244608.1	SsrA-binding protein SmpB	K03664	1	yes	yes	yes	1	ko_assigned	transferred
M744_RS07180	M744_07505	WP_011378193.1	LL-diaminopimelate aminotransferase		0	no	no	no	0	named_no_ko_no_go	unknown
M744_RS07185	M744_07510	WP_011378192.1	thioredoxin	K03671	1	yes	yes	yes	1	ko_assigned	transferred
M744_RS07190	M744_07515	WP_011244611.1	porphobilinogen synthase	K01698	1	yes	yes	yes	3	ko_assigned	transferred
M744_RS07195	M744_07520	WP_011244612.1	PQQ-dependent sugar dehydrogenase	K21430	1	yes	yes	yes	2	ko_assigned	transferred
M744_RS07200	M744_07525	WP_011378191.1	DNA adenine methylase	K06223	1	yes	yes	yes	2	ko_assigned	transferred
M744_RS07205	M744_07530	WP_011244614.1	DnaJ C-terminal domain-containing protein	K05516	1	yes	yes	yes	0	ko_assigned	transferred
M744_RS07210	M744_07535	WP_011244615.1	translocation/assembly module TamB domain-containing protein	K09800	1	yes	yes	yes	2	ko_assigned	transferred
M744_RS07215	M744_07540	WP_011244616.1	Fe-S cluster assembly sulfur transfer protein SufU	K04488	1	yes	yes	yes	2	ko_assigned	transferred
M744_RS07220	M744_07545	WP_011244617.1	Ycf51 family protein		0	no	no	no	0	named_no_ko_no_go	unknown
M744_RS07225	M744_07550	WP_011244618.1	DUF4332 domain-containing protein		0	no	no	no	0	named_no_ko_no_go	unknown
M744_RS07230	M744_07555	WP_011244619.1	RNA polymerase sigma factor SigF	K03090	1	no	yes	yes	0	ko_assigned	transferred
M744_RS07235	M744_07560	WP_011244620.1	UPF0182 family protein	K09118	1	no	yes	yes	0	ko_assigned	transferred
M744_RS07240	M744_07570	WP_011244621.1	threonine synthase	K01733	1	yes	yes	yes	2	ko_assigned	transferred
M744_RS07245	M744_07575	WP_011244622.1	MoaD/ThiS family protein	K03636	1	yes	yes	yes	0	ko_assigned	transferred
M744_RS07250	M744_07580	WP_011244623.1	DNA mismatch repair endonuclease MutL	K03572	1	yes	yes	yes	0	ko_assigned	transferred
M744_RS07255	M744_07585	WP_011378188.1	DNA repair protein RecN	K03631	1	yes	yes	yes	3	ko_assigned	transferred
M744_RS07260	M744_07590	WP_011378187.1	ABC1 kinase family protein		0	no	no	no	3	go_iea_only	transferred
M744_RS07265	M744_07595	WP_011244626.1	PDDEXK family nuclease		0	no	no	no	0	named_no_ko_no_go	unknown
M744_RS07270	M744_07600	WP_011378186.1	hypothetical protein		0	no	no	no	0	hypothetical_no_homology_evidence	unknown
M744_RS07275	M744_07605	WP_011244627.1	PhoH family protein	K06217	1	yes	yes	yes	1	ko_assigned	transferred
M744_RS07280	M744_07610	WP_011244628.1	30S ribosomal protein S21	K02970	1	yes	yes	yes	3	ko_assigned	transferred
M744_RS07285	M744_07615	WP_011378185.1	KH domain-containing protein	K06960	1	no	yes	no	1	ko_assigned	transferred
M744_RS07290	M744_07620	WP_011244630.1	30S ribosomal protein S16	K02959	1	yes	yes	yes	4	ko_assigned	transferred
M744_RS07295	M744_07625	WP_039755651.1	signal recognition particle protein	K03106	1	yes	yes	yes	5	ko_assigned	transferred
M744_RS07300	M744_07630	WP_011378183.1	hypothetical protein		0	no	no	no	0	hypothetical_no_homology_evidence	unknown
M744_RS07305	M744_07635	WP_011244633.1	hypothetical protein		0	no	no	no	0	hypothetical_no_homology_evidence	unknown
M744_RS07310	M744_07640	WP_231621283.1	diacylglycerol kinase family protein		0	no	no	no	2	go_iea_only	transferred
M744_RS07315	M744_07645	WP_011378181.1	cytochrome ubiquinol oxidase subunit I	K00425	1	yes	yes	yes	4	ko_assigned	transferred
M744_RS07320	M744_07650	WP_011378180.1	cytochrome d ubiquinol oxidase subunit II	K00426	1	yes	yes	yes	1	ko_assigned	transferred
M744_RS07325	M744_07655	WP_011378179.1	hypothetical protein		0	no	no	no	0	hypothetical_no_homology_evidence	unknown
M744_RS07330	M744_07660	WP_126147814.1	MSMEG_0570 family nitrogen starvation response protein		0	no	no	no	0	named_no_ko_no_go	unknown
M744_RS07335	M744_07665	WP_011244639.1	inositol monophosphatase family protein	K01092	1	yes	yes	yes	0	ko_assigned	transferred
M744_RS07340	M744_07670	WP_011378178.1	BCD family MFS transporter	K08226	1	no	yes	yes	0	ko_assigned	transferred
M744_RS07345	M744_07675	WP_231621284.1	TolC family protein	K25172	1	no	yes	yes	2	ko_assigned	transferred
M744_RS07350	M744_07680	WP_011378176.1	alanine dehydrogenase	K00259	1	no	yes	yes	2	ko_assigned	transferred
M744_RS07360	M744_07690	WP_039755656.1	dual-specificity RNA methyltransferase RlmN	K06941	1	yes	yes	yes	3	ko_assigned	transferred
M744_RS07365	M744_07700	WP_011244645.1	hypothetical protein		0	no	no	no	0	hypothetical_no_homology_evidence	unknown
M744_RS07370	M744_07705	WP_039755658.1	sodium:solute symporter family protein	K03307	1	yes	no	no	3	ko_assigned	transferred
M744_RS07375	M744_07715	WP_011244648.1	GNAT family N-acetyltransferase		0	no	no	no	1	go_iea_only	transferred
M744_RS07380	M744_07720	WP_011244649.1	HEAT repeat domain-containing protein		0	no	no	no	1	go_iea_only	transferred
M744_RS07385	M744_07725	WP_011244650.1	DUF2997 domain-containing protein		0	no	no	no	0	named_no_ko_no_go	unknown
M744_RS07390	M744_07730	WP_011378170.1	DUF1257 domain-containing protein		0	no	no	no	0	named_no_ko_no_go	unknown
M744_RS07395	M744_07735	WP_011244652.1	ferredoxin	K05337	1	no	yes	yes	3	ko_assigned	transferred
M744_RS07400	M744_07740	WP_011378169.1	class I SAM-dependent methyltransferase		0	no	no	no	2	go_iea_only	transferred
M744_RS07405	M744_07745	WP_011244654.1	aldo/keto reductase	K07079	1	no	yes	yes	1	ko_assigned	transferred
M744_RS07410	M744_07750	WP_011378168.1	circadian expression RNA polymerase sigma factor SigA2	K03087	1	yes	yes	yes	0	ko_assigned	transferred
M744_RS07415	M744_07755	WP_011378167.1	HPP family protein		0	no	no	no	1	go_iea_only	transferred
M744_RS07420	M744_07760	WP_011244657.1	acyl-CoA thioesterase	K12073	1	no	yes	yes	1	ko_assigned	transferred
M744_RS07425	M744_07765	WP_011244658.1	NAD(P)H-quinone oxidoreductase subunit H	K05579	1	no	yes	yes	0	ko_assigned	transferred
M744_RS07430	M744_07770	WP_011378166.1	type I glyceraldehyde-3-phosphate dehydrogenase	K00150	1	no	yes	yes	0	ko_assigned	transferred
M744_RS07435	M744_07775	WP_011244660.1	UDP-N-acetylmuramate--L-alanine ligase	K01924	1	yes	yes	yes	2	ko_assigned	transferred
M744_RS07440	M744_07780	WP_011244661.1	UDP-N-acetylmuramate dehydrogenase	K00075	1	yes	yes	yes	2	ko_assigned	transferred
M744_RS07445	M744_07785	WP_011378165.1	heavy metal-responsive transcriptional regulator	K19591	1	yes	no	no	3	ko_assigned	transferred
M744_RS07450	M744_07790	WP_011244663.1	SufS family cysteine desulfurase	K11717	1	yes	yes	yes	3	ko_assigned	transferred
M744_RS07455	M744_07795	WP_011378164.1	Fe-S cluster assembly protein SufD	K09015	1	yes	yes	yes	1	ko_assigned	transferred
M744_RS07460	M744_07800	WP_011244665.1	Fe-S cluster assembly ATPase SufC	K09013	1	yes	yes	yes	2	ko_assigned	transferred
M744_RS07465	M744_07805	WP_011244666.1	Fe-S cluster assembly protein SufB	K09014	1	yes	yes	yes	1	ko_assigned	transferred
M744_RS07470	M744_07810	WP_011244667.1	ferredoxin-thioredoxin reductase catalytic domain-containing protein	K17892	1	no	yes	yes	1	ko_assigned	transferred
M744_RS07475	M744_07815	WP_011244668.1	iron-sulfur cluster biosynthesis transcriptional regulator SufR	K09012	1	no	yes	yes	3	ko_assigned	transferred
M744_RS07480	M744_07820	WP_011244669.1	hypothetical protein		0	no	no	no	0	hypothetical_no_homology_evidence	unknown
M744_RS07485	M744_07825	WP_011244670.1	phosphoribosyltransferase	K07101	1	no	yes	yes	2	ko_assigned	transferred
M744_RS07490	M744_07830	WP_011244671.1	thioredoxin family protein		0	no	no	no	1	go_iea_only	transferred
M744_RS07495	M744_07835	WP_011378162.1	sensor histidine kinase	K07646	1	yes	yes	yes	0	ko_assigned	transferred
M744_RS07500	M744_07840	WP_011378161.1	hypothetical protein		0	no	no	no	0	hypothetical_no_homology_evidence	unknown
M744_RS07505	M744_07845	WP_011378160.1	biotin transporter BioY	K03523	1	no	yes	yes	0	ko_assigned	transferred
M744_RS07510	M744_07850	WP_011244675.1	signal peptidase II	K03101	1	yes	yes	yes	4	ko_assigned	transferred
M744_RS07515	M744_07855	WP_231621285.1	aminotransferase-like domain-containing protein		0	no	no	no	1	go_iea_only	transferred
M744_RS07520	M744_07860	WP_011244677.1	hypothetical protein		0	no	no	no	0	hypothetical_no_homology_evidence	unknown
M744_RS07525	M744_07865	WP_011378159.1	phytoene desaturase family protein		0	no	no	no	3	go_iea_only	transferred
M744_RS07530	M744_07870	WP_011244679.1	sulfate ABC transporter substrate-binding protein	K23163	1	yes	yes	yes	2	ko_assigned	transferred
M744_RS07540	M744_07880	WP_011244680.1	HEAT repeat domain-containing protein		0	no	no	no	1	go_iea_only	transferred
M744_RS07545	M744_07885	WP_039755663.1	hypothetical protein		0	no	no	no	0	hypothetical_no_homology_evidence	unknown
M744_RS07550	M744_07890	WP_011244681.1	hypothetical protein		0	no	no	no	0	hypothetical_no_homology_evidence	unknown
M744_RS07555	M744_07895	WP_011378158.1	NADP-dependent isocitrate dehydrogenase	K00031	1	yes	yes	yes	0	ko_assigned	transferred
M744_RS07560	M744_07900	WP_011378157.1	FAD-binding oxidoreductase	K11472	1	yes	yes	yes	2	ko_assigned	transferred
M744_RS07565	M744_07905	WP_011244684.1	(Fe-S)-binding protein	K11473	1	yes	yes	yes	3	ko_assigned	transferred
M744_RS07570	M744_07910	WP_011378155.1	GGDEF and EAL domain-containing protein		0	no	no	no	0	named_no_ko_no_go	unknown
M744_RS07575	M744_07915	WP_011244686.1	uracil phosphoribosyltransferase	K00761	1	yes	yes	yes	2	ko_assigned	transferred
M744_RS07580	M744_07920	WP_011378154.1	alpha/beta fold hydrolase	K00641	1	no	yes	yes	0	ko_assigned	transferred
M744_RS07585	M744_07925	WP_011378153.1	fatty acid desaturase family protein		0	no	no	no	0	named_no_ko_no_go	unknown
M744_RS07590	M744_07930	WP_011244689.1	DUF1818 family protein		0	no	no	no	0	named_no_ko_no_go	unknown
M744_RS07595	M744_07935	WP_011244690.1	hypothetical protein		0	no	no	no	0	hypothetical_no_homology_evidence	unknown
M744_RS07600	M744_07940	WP_011244691.1	DNA-directed RNA polymerase subunit omega	K03060	1	yes	yes	yes	3	ko_assigned	transferred
M744_RS07605	M744_07945	WP_011378152.1	YcjF family protein	K06883	1	no	yes	yes	0	ko_assigned	transferred
M744_RS07610	M744_07950	WP_011378151.1	M3 family metallopeptidase	K01414	1	yes	yes	yes	3	ko_assigned	transferred
M744_RS07615	M744_07955	WP_011244694.1	hypothetical protein		0	no	no	no	0	hypothetical_no_homology_evidence	unknown
M744_RS07620	M744_07960	WP_231621286.1	DUF3769 domain-containing protein		0	no	no	no	0	named_no_ko_no_go	unknown
M744_RS07625	M744_07970	WP_011244697.1	hypothetical protein		0	no	no	no	0	hypothetical_no_homology_evidence	unknown
M744_RS07630	M744_07975	WP_039755667.1	alpha-mannosidase	K01191	1	no	yes	yes	0	ko_assigned	transferred
M744_RS07635	M744_07985	WP_011244699.1	TIGR04376 family protein		0	no	no	no	0	named_no_ko_no_go	unknown
M744_RS07640	M744_07990	WP_011244700.1	GDP-L-fucose synthase	K02377	1	yes	yes	yes	3	ko_assigned	transferred
M744_RS07645	M744_07995	WP_011244701.1	MATE family efflux transporter	K26939	1	yes	yes	yes	3	ko_assigned	transferred
M744_RS07650	M744_08000	WP_011244702.1	winged helix-turn-helix transcriptional regulator		0	no	no	no	1	go_iea_only	transferred
M744_RS07655	M744_08005	WP_011244703.1	CDGSH iron-sulfur domain-containing protein		0	no	no	no	2	go_iea_only	transferred
M744_RS07660	M744_08010	WP_011378147.1	pirin family protein	K06911	1	yes	yes	yes	2	ko_assigned	transferred
M744_RS07665	M744_08015	WP_011378146.1	CsgG/HfaB family protein		0	no	no	no	0	named_no_ko_no_go	unknown
M744_RS07670	M744_08020	WP_011378145.1	DNA gyrase/topoisomerase IV subunit A	K02469	1	yes	yes	yes	5	ko_assigned	transferred
M744_RS07675	M744_08025	WP_011244707.1	response regulator		0	no	no	no	1	go_iea_only	transferred
M744_RS07680	M744_08030	WP_011244708.1	restriction endonuclease	K07448	1	yes	yes	yes	3	ko_assigned	transferred
M744_RS07685	M744_08035	WP_011378144.1	YeeE/YedE family protein	K07112	1	yes	yes	yes	0	ko_assigned	transferred
M744_RS07690	M744_08040	WP_011244711.1	sulfurtransferase	K01011	1	yes	yes	yes	2	ko_assigned	transferred
M744_RS07695	M744_08045	WP_011244712.1	sulfate ABC transporter permease subunit CysW	K02047	1	yes	yes	yes	4	ko_assigned	transferred
M744_RS07700	M744_08050	WP_011378142.1	sulfate ABC transporter permease subunit CysT	K02046	1	yes	yes	yes	4	ko_assigned	transferred
M744_RS07705	M744_08055	WP_011244714.1	sulfate ABC transporter substrate-binding protein	K02048	1	yes	yes	yes	0	ko_assigned	transferred
M744_RS07710	M744_08060	WP_011244715.1	sulfate ABC transporter permease subunit CysW	K02047	1	yes	yes	yes	4	ko_assigned	transferred
M744_RS07715	M744_08065	WP_011244716.1	Crp/Fnr family transcriptional regulator		0	no	no	no	2	go_iea_only	transferred
M744_RS07720	M744_08070	WP_011378141.1	NIL domain-containing protein		0	no	no	no	0	named_no_ko_no_go	unknown
M744_RS07725	M744_08075	WP_011378140.1	sulfate ABC transporter permease subunit CysT	K02046	1	yes	yes	yes	4	ko_assigned	transferred
M744_RS07730	M744_08080	WP_011378139.1	sulfate ABC transporter substrate-binding protein	K23163	1	yes	yes	yes	2	ko_assigned	transferred
M744_RS07735	M744_08085	WP_011378138.1	sulfate/molybdate ABC transporter ATP-binding protein	K02045	1	yes	yes	yes	3	ko_assigned	transferred
M744_RS07740	M744_08090	WP_011244721.1	photosystem II reaction center protein Psb28	K08903	1	no	yes	yes	2	ko_assigned	transferred
M744_RS07745	M744_08095	WP_231621287.1	photosystem II protein PsbQ		0	no	no	no	2	go_iea_only	transferred
M744_RS07750	M744_08100	WP_011244723.1	NAD(P)/FAD-dependent oxidoreductase		0	no	no	no	2	go_iea_only	transferred
M744_RS07755	M744_08105	WP_011244724.1	hypothetical protein		0	no	no	no	0	hypothetical_no_homology_evidence	unknown
M744_RS07760	M744_08110	WP_011244725.1	2TM domain-containing protein		0	no	no	no	0	named_no_ko_no_go	unknown
M744_RS07765	M744_08115	WP_011244726.1	hypothetical protein		0	no	no	no	0	hypothetical_no_homology_evidence	unknown
M744_RS07770	M744_08120	WP_011244727.1	cofactor assembly of complex C subunit B		0	no	no	no	0	named_no_ko_no_go	unknown
M744_RS07775	M744_08125	WP_011244728.1	M15 family metallopeptidase	K07260	1	no	yes	yes	3	ko_assigned	transferred
M744_RS07780	M744_08130	WP_190528538.1	K(+)-transporting ATPase subunit C	K01548	1	yes	yes	yes	3	ko_assigned	transferred
M744_RS07785	M744_08140	WP_011244730.1	potassium-transporting ATPase subunit KdpB	K01547	1	yes	yes	yes	5	ko_assigned	transferred
M744_RS07790	M744_08145	WP_196794074.1	potassium-transporting ATPase subunit KdpA	K01546	1	yes	yes	yes	3	ko_assigned	transferred
M744_RS07795	M744_08150	WP_011244732.1	UDP-N-acetylmuramoyl-L-alanine--D-glutamate ligase	K01925	1	yes	yes	yes	6	ko_assigned	transferred
M744_RS07800	M744_08155	WP_011244733.1	neutral zinc metallopeptidase	K07054	1	yes	yes	yes	0	ko_assigned	transferred
M744_RS07805	M744_08160	WP_011378135.1	Gfo/Idh/MocA family protein		0	no	no	no	2	go_iea_only	transferred
M744_RS07810	M744_08165	WP_011378134.1	ssl0294 family protein		0	no	no	no	0	named_no_ko_no_go	unknown
M744_RS07820	M744_08175	WP_011244736.1	cysteine--tRNA ligase	K01883	1	yes	yes	yes	4	ko_assigned	transferred
M744_RS07825	M744_08180	WP_011244737.1	COP23 domain-containing protein		0	no	no	no	0	named_no_ko_no_go	unknown
M744_RS07830	M744_08185	WP_011378132.1	ion transporter	K10716	1	yes	yes	yes	0	ko_assigned	transferred
M744_RS07835	M744_08190	WP_011244739.1	NAD(P)H-dependent oxidoreductase		0	no	no	no	1	go_iea_only	transferred
M744_RS07840	M744_08195	WP_011378131.1	DUF2214 family protein	K08983	1	no	yes	yes	0	ko_assigned	transferred
M744_RS07845	M744_08200	WP_011378130.1	hypothetical protein		0	no	no	no	0	hypothetical_no_homology_evidence	unknown
M744_RS07850	M744_08205	WP_011244741.1	catalase/peroxidase HPI	K03782	1	yes	yes	yes	3	ko_assigned	transferred
M744_RS07855	M744_08210	WP_011378129.1	hypothetical protein		0	no	no	no	0	hypothetical_no_homology_evidence	unknown
M744_RS07860	M744_08215	WP_011244742.1	hypothetical protein		0	no	no	no	0	hypothetical_no_homology_evidence	unknown
M744_RS07865	M744_08220	WP_011378128.1	glycerol dehydrogenase	K00005	1	yes	yes	yes	3	ko_assigned	transferred
M744_RS07870	M744_08225	WP_011378127.1	B12-binding domain-containing radical SAM protein		0	no	no	no	4	go_iea_only	transferred
M744_RS07875	M744_08230	WP_011378126.1	WecB/TagA/CpsF family glycosyltransferase	K05946	1	no	yes	yes	3	ko_assigned	transferred
M744_RS07880	M744_08235	WP_011378125.1	phosphorylase b kinase regulatory subunit alpha/beta	K07190	1	no	yes	yes	2	ko_assigned	transferred
M744_RS07885	M744_08240	WP_011244747.1	rubrerythrin family protein		0	no	no	no	3	go_iea_only	transferred
M744_RS07890	M744_08245	WP_011244748.1	Fur family transcriptional regulator	K09825	1	no	yes	yes	4	ko_assigned	transferred
M744_RS07895	M744_08250	WP_011378124.1	alpha/beta hydrolase family protein		0	no	no	no	0	named_no_ko_no_go	unknown
M744_RS07900	M744_08255	WP_231621288.1	hypothetical protein		0	no	no	no	0	hypothetical_no_homology_evidence	unknown
M744_RS07905	M744_08260	WP_011244751.1	ribonuclease III	K03685	1	yes	yes	yes	3	ko_assigned	transferred
M744_RS07910	M744_08265	WP_039755675.1	hypothetical protein		0	no	no	no	0	hypothetical_no_homology_evidence	unknown
M744_RS07915	M744_08270	WP_011244753.1	sensor domain-containing diguanylate cyclase		0	no	no	no	5	go_iea_only	transferred
M744_RS07920	M744_08275	WP_011244754.1	TIGR00341 family protein		0	no	no	no	0	named_no_ko_no_go	unknown
M744_RS07925	M744_08280	WP_011378122.1	hypothetical protein		0	no	no	no	0	hypothetical_no_homology_evidence	unknown
M744_RS07930	M744_08285	WP_011378121.1	NYN domain-containing protein	K06962	1	no	yes	yes	1	ko_assigned	transferred
M744_RS07935	M744_08290	WP_011244756.1	energy-coupling factor ABC transporter ATP-binding protein	K16786	1	no	yes	yes	2	ko_assigned	transferred
M744_RS07940	M744_08295	WP_011378120.1	UPF0367 protein family		0	no	no	no	0	named_no_ko_no_go	unknown
M744_RS07945	M744_08300	WP_011243185.1	photosystem II D2 protein (photosystem q(a) protein)	K02706	1	no	yes	yes	5	ko_assigned	transferred
M744_RS07950	M744_08305	WP_011378119.1	4a-hydroxytetrahydrobiopterin dehydratase	K01724	1	no	yes	yes	2	ko_assigned	transferred
M744_RS07955	M744_08310	WP_039755678.1	iron uptake porin		0	no	no	no	4	go_iea_only	transferred
M744_RS07960	M744_08315	WP_011378043.1	iron uptake porin		0	no	no	no	4	go_iea_only	transferred
M744_RS07965	M744_08320	WP_039755680.1	RrF2 family transcriptional regulator		0	no	no	no	2	go_iea_only	transferred
M744_RS07970	M744_08325	WP_173282540.1	cysteine synthase A	K01738	1	yes	yes	yes	2	ko_assigned	transferred
M744_RS07975	M744_08330	WP_011378044.1	J domain-containing protein	K03686	1	yes	yes	yes	1	ko_assigned	transferred
M744_RS07980	M744_08335	WP_011244765.1	Na(+)/H(+) antiporter subunit B	K05566	1	no	yes	yes	0	ko_assigned	transferred
M744_RS07985	M744_08340	WP_011378045.1	DUF4040 domain-containing protein	K07242	1	no	yes	yes	0	ko_assigned	transferred
M744_RS07990	M744_08345	WP_011244768.1	hypothetical protein	K05570	1	no	yes	yes	0	ko_assigned	transferred
M744_RS07995	M744_08350	WP_011378046.1	Na+/H+ antiporter subunit E	K05569	1	no	yes	no	3	ko_assigned	transferred
M744_RS08000	M744_08355	WP_011378047.1	cation:proton antiporter	K05568	1	no	yes	yes	1	ko_assigned	transferred
M744_RS08005	M744_08360	WP_011244770.1	cation:proton antiporter subunit C	K05567	1	no	yes	yes	0	ko_assigned	transferred
M744_RS08010	M744_08365	WP_011244771.1	sodium-dependent bicarbonate transport family permease	K07086	1	no	yes	yes	0	ko_assigned	transferred
M744_RS08015	M744_08370	WP_011244772.1	P-II family nitrogen regulator		0	no	no	no	2	go_iea_only	transferred
M744_RS08020	M744_08375	WP_011378048.1	transglutaminase family protein		0	no	no	no	0	named_no_ko_no_go	unknown
M744_RS08025	M744_08380	WP_011378049.1	c-type cytochrome		0	no	no	no	3	go_iea_only	transferred
M744_RS08030	M744_08385	WP_011378050.1	cytochrome b6-f complex subunit V	K02640	1	no	yes	no	3	ko_assigned	transferred
M744_RS08035	M744_08390	WP_011244776.1	16S rRNA (guanine(966)-N(2))-methyltransferase RsmD	K08316	1	yes	yes	yes	2	ko_assigned	transferred
M744_RS08040	M744_08395	WP_011244777.1	imidazole glycerol phosphate synthase subunit HisH	K02501	1	yes	yes	yes	2	ko_assigned	transferred
M744_RS08045	M744_08400	WP_011244778.1	DUF3370 domain-containing protein		0	no	no	no	0	named_no_ko_no_go	unknown
M744_RS08050	M744_08405	WP_011244779.1	HIT family protein		0	no	no	no	2	go_iea_only	transferred
M744_RS08055	M744_08410	WP_011378051.1	UDP-N-acetylmuramoyl-L-alanyl-D-glutamate--2%2C6-diaminopimelate ligase	K01928	1	yes	yes	yes	5	ko_assigned	transferred
M744_RS08060	M744_08415	WP_011244781.1	glutaredoxin family protein		0	no	no	no	0	named_no_ko_no_go	unknown
M744_RS08065	M744_08420	WP_011244782.1	membrane protein insertion efficiency factor YidD	K08998	1	yes	yes	yes	0	ko_assigned	transferred
M744_RS08070	M744_08425	WP_011244783.1	30S ribosomal protein S4	K02986	1	yes	yes	yes	3	ko_assigned	transferred
M744_RS08075	M744_08435	WP_011378052.1	CmpA/NrtA family ABC transporter substrate-binding protein	K11950	1	no	yes	yes	2	ko_assigned	transferred
M744_RS08080	M744_08440	WP_011244785.1	nitrate ABC transporter permease	K11951	1	no	yes	yes	4	ko_assigned	transferred
M744_RS08085	M744_08445	WP_011244786.1	nitrate ABC transporter ATP-binding protein	K11952	1	no	yes	yes	5	ko_assigned	transferred
M744_RS08090	M744_08450	WP_011244787.1	nitrate ABC transporter ATP-binding protein	K11953	1	no	yes	yes	5	ko_assigned	transferred
M744_RS08095	M744_08455	WP_011244788.1	metal-binding protein		0	no	no	no	0	named_no_ko_no_go	unknown
M744_RS08100	M744_08460	WP_011378054.1	nucleoside triphosphate pyrophosphohydrolase		0	no	no	no	0	named_no_ko_no_go	unknown
M744_RS08105	M744_08465	WP_011244790.1	DUF3153 domain-containing protein		0	no	no	no	0	named_no_ko_no_go	unknown
M744_RS08110	M744_08470	WP_011244791.1	tetratricopeptide repeat protein		0	no	no	no	1	go_iea_only	transferred
M744_RS08115	M744_08475	WP_011244792.1	acetylglutamate kinase	K00930	1	yes	yes	yes	3	ko_assigned	transferred
M744_RS08120	M744_08480	WP_011244793.1	DUF2854 domain-containing protein		0	no	no	no	0	named_no_ko_no_go	unknown
M744_RS08125	M744_08485	WP_011378055.1	hypothetical protein		0	no	no	no	0	hypothetical_no_homology_evidence	unknown
M744_RS08130	M744_08495	WP_011244794.1	ferredoxin PetF1	K02639	1	no	yes	yes	0	ko_assigned	transferred
M744_RS08135	M744_08500	WP_011244795.1	50S ribosomal protein L11 methyltransferase	K02687	1	yes	yes	yes	2	ko_assigned	transferred
M744_RS08140	M744_08505	WP_011244796.1	phosphoglycerate dehydrogenase	K00058	1	yes	yes	yes	2	ko_assigned	transferred
M744_RS08145	M744_08510	WP_011244797.1	hypothetical protein		0	no	no	no	0	hypothetical_no_homology_evidence	unknown
M744_RS08150	M744_08515	WP_011378057.1	photosystem II electron transport protein%2C Sll1252 family		0	no	no	no	4	go_iea_only	transferred
M744_RS08155	M744_08520	WP_011244799.1	DUF2252 domain-containing protein		0	no	no	no	0	named_no_ko_no_go	unknown
M744_RS08160	M744_08525	WP_011378058.1	3-isopropylmalate dehydrogenase	K00052	1	yes	yes	yes	2	ko_assigned	transferred
M744_RS08165	M744_08530	WP_231621289.1	tellurite resistance TerB family protein		0	no	no	no	0	named_no_ko_no_go	unknown
M744_RS08175	M744_08540	WP_011244802.1	lipoyl synthase	K03644	1	yes	yes	yes	4	ko_assigned	transferred
M744_RS08180	M744_08545	WP_011378060.1	hypothetical protein		0	no	no	no	0	hypothetical_no_homology_evidence	unknown
M744_RS08185	M744_08550	WP_011244804.1	tRNA 2-thiouridine(34) synthase MnmA	K00566	1	yes	yes	yes	2	ko_assigned	transferred
M744_RS08190	M744_08555	WP_011244805.1	RNA polymerase sigma factor SigF	K03090	1	no	yes	yes	0	ko_assigned	transferred
M744_RS08195	M744_08560	WP_011244806.1	SRPBCC family protein		0	no	no	no	0	named_no_ko_no_go	unknown
M744_RS08200	M744_08565	WP_011378061.1	9%2C9'-di-cis-zeta-carotene desaturase	K00514	1	no	yes	yes	2	ko_assigned	transferred
M744_RS08205	M744_08570	WP_011244808.1	1-deoxy-D-xylulose-5-phosphate reductoisomerase	K00099	1	yes	yes	yes	5	ko_assigned	transferred
M744_RS08210	M744_08575	WP_011244809.1	pseudouridine synthase	K06181	1	yes	yes	yes	3	ko_assigned	transferred
M744_RS08215	M744_08580	WP_011378062.1	serine/threonine phosphatase		0	no	no	no	0	named_no_ko_no_go	unknown
M744_RS08220	M744_08585	WP_011244811.1	histidine phosphatase family protein		0	no	no	no	1	go_iea_only	transferred
M744_RS08225	M744_08590	WP_011244812.1	sensor histidine kinase		0	no	no	no	3	go_iea_only	transferred
M744_RS08230	M744_08595	WP_011244813.1	ATP-dependent helicase	K03657	1	yes	yes	yes	4	ko_assigned	transferred
M744_RS08235	M744_08600	WP_011244814.1	histidinol dehydrogenase	K00013	1	yes	yes	yes	4	ko_assigned	transferred
M744_RS08240	M744_08605	WP_011244815.1	30S ribosomal protein S20	K02968	1	yes	yes	yes	4	ko_assigned	transferred
M744_RS08245	M744_08610	WP_011378063.1	TatD family hydrolase	K29064	1	no	yes	yes	3	ko_assigned	transferred
M744_RS08250	M744_08615	WP_039755689.1	DNA-directed RNA polymerase subunit beta	K03043	1	yes	yes	yes	3	ko_assigned	transferred
M744_RS08265	M744_08630	WP_011378067.1	translational GTPase TypA	K06207	1	yes	yes	yes	4	ko_assigned	transferred
M744_RS08270	M744_08635	WP_011244822.1	E3 ubiquitin ligase family protein		0	no	no	no	0	named_no_ko_no_go	unknown
M744_RS08275	M744_08640	WP_011244823.1	sigma 54-interacting transcriptional regulator		0	no	no	no	3	go_iea_only	transferred
M744_RS08280	M744_08645	WP_011244824.1	DUF2499 domain-containing protein		0	no	no	no	0	named_no_ko_no_go	unknown
M744_RS08285	M744_08650	WP_011244825.1	polysaccharide pyruvyl transferase CsaB		0	no	no	no	2	go_iea_only	transferred
M744_RS08290	M744_08655	WP_011244826.1	TOBE domain-containing protein		0	no	no	no	1	go_iea_only	transferred
M744_RS08295	M744_08660	WP_011244827.1	molybdate ABC transporter substrate-binding protein	K02020	1	yes	yes	yes	5	ko_assigned	transferred
M744_RS08300	M744_08665	WP_231621290.1	molybdate ABC transporter permease subunit	K02018	1	yes	yes	yes	4	ko_assigned	transferred
M744_RS08305	M744_08670	WP_011244829.1	succinate dehydrogenase/fumarate reductase iron-sulfur subunit	K00240	1	yes	yes	yes	0	ko_assigned	transferred
M744_RS08310	M744_08675	WP_011378069.1	protein argonaute	K07578	1	no	yes	yes	0	ko_assigned	transferred
M744_RS08315	M744_08680	WP_231621291.1	RuBisCO chaperone RbcX	K27935	1	no	yes	yes	3	ko_assigned	transferred
M744_RS08320	M744_08685	WP_231621292.1	type 1 glutamine amidotransferase		0	no	no	no	1	go_iea_only	transferred
M744_RS08325	M744_08695	WP_011244833.1	hypothetical protein		0	no	no	no	0	hypothetical_no_homology_evidence	unknown
M744_RS08330	M744_08700	WP_011242314.1	flavodoxin FldA	K03839	1	yes	yes	yes	0	ko_assigned	transferred
M744_RS08335	M744_08705	WP_011242315.1	chlorophyll a/b binding light-harvesting protein		0	no	no	no	2	go_iea_only	transferred
M744_RS08340	M744_08715	WP_011378075.1	FitA-like ribbon-helix-helix domain-containing protein	K21495	1	no	yes	yes	0	ko_assigned	transferred
M744_RS08345	M744_08720	WP_011242317.1	type II toxin-antitoxin system VapC family toxin	K07062	1	no	yes	yes	0	ko_assigned	transferred
M744_RS08350	M744_08725	WP_011242318.1	RNB domain-containing ribonuclease		0	no	no	no	2	go_iea_only	transferred
M744_RS08355	M744_08730	WP_011378076.1	hypothetical protein		0	no	no	no	0	hypothetical_no_homology_evidence	unknown
M744_RS08360	M744_08735	WP_011378077.1	acetamidase/formamidase family protein		0	no	no	no	1	go_iea_only	transferred
M744_RS08365	M744_08740	WP_011242320.1	LexA family protein	K03503	1	yes	yes	yes	2	ko_assigned	transferred
M744_RS08370	M744_08745	WP_011378078.1	Y-family DNA polymerase	K03502	1	yes	yes	yes	3	ko_assigned	transferred
M744_RS08375	M744_08750	WP_231621293.1	hypothetical protein		0	no	no	no	0	hypothetical_no_homology_evidence	unknown
M744_RS08380	M744_08755	WP_039755692.1	ketol-acid reductoisomerase	K00053	1	yes	yes	yes	0	ko_assigned	transferred
M744_RS08385	M744_08760	WP_011242324.1	PHP domain-containing protein	K07053	1	yes	yes	yes	1	ko_assigned	transferred
M744_RS08390	M744_08765	WP_265575068.1	ATP-dependent Clp endopeptidase proteolytic subunit ClpP	K01358	1	yes	yes	yes	4	ko_assigned	transferred
M744_RS08395	M744_08770	WP_039755956.1	photosystem II biogenesis protein Psp29		0	no	no	no	2	go_iea_only	transferred
M744_RS08400	M744_08775	WP_011378080.1	hypothetical protein		0	no	no	no	0	hypothetical_no_homology_evidence	unknown
M744_RS08405	M744_08780	WP_011378081.1	RpoD/SigA family RNA polymerase sigma factor	K03086	1	yes	yes	yes	0	ko_assigned	transferred
M744_RS08410	M744_08785	WP_039755693.1	hypothetical protein		0	no	no	no	0	hypothetical_no_homology_evidence	unknown
M744_RS08415	M744_08790	WP_011378082.1	hypothetical protein		0	no	no	no	0	hypothetical_no_homology_evidence	unknown
M744_RS08420	M744_08795	WP_011242330.1	acyltransferase		0	no	no	no	3	go_iea_only	transferred
M744_RS08430	M744_08825	WP_155813835.1	transcription initiation factor TFIID subunit 7 family protein		0	no	no	no	0	named_no_ko_no_go	unknown
M744_RS08435	M744_08830	WP_011378084.1	ADP-ribosylglycohydrolase family protein		0	no	no	no	0	named_no_ko_no_go	unknown
M744_RS08440	M744_08835	WP_039755696.1	hypothetical protein		0	no	no	no	0	hypothetical_no_homology_evidence	unknown
M744_RS08450	M744_08845	WP_231621294.1	YbjN domain-containing protein		0	no	no	no	0	named_no_ko_no_go	unknown
M744_RS08455	M744_08855	WP_011242335.1	hypothetical protein		0	no	no	no	0	hypothetical_no_homology_evidence	unknown
M744_RS08465	M744_08865	WP_011378085.1	tellurite resistance TerB family protein		0	no	no	no	0	named_no_ko_no_go	unknown
M744_RS08470	M744_08870	WP_196794073.1	polyphosphate kinase 1	K00937	1	yes	yes	yes	3	ko_assigned	transferred
M744_RS08475	M744_08875	WP_011378087.1	hypothetical protein		0	no	no	no	0	hypothetical_no_homology_evidence	unknown
M744_RS08480	M744_08885	WP_231621296.1	DUF305 domain-containing protein		0	no	no	no	0	named_no_ko_no_go	unknown
M744_RS08485	M744_08890	WP_011242339.1	cupredoxin domain-containing protein		0	no	no	no	2	go_iea_only	transferred
M744_RS08490	M744_08895	WP_011378089.1	heavy metal translocating P-type ATPase	K17686	1	yes	yes	yes	7	ko_assigned	transferred
M744_RS08495	M744_08900	WP_231621297.1	aquaporin family protein	K06188	1	yes	yes	yes	0	ko_assigned	transferred
M744_RS08500	M744_08905	WP_011378090.1	GMC oxidoreductase		0	no	no	no	1	go_iea_only	transferred
M744_RS08505	M744_08910	WP_011242343.1	glucose 1-dehydrogenase	K00034	1	no	yes	yes	1	ko_assigned	transferred
M744_RS08510	M744_08915	WP_011242344.1	MGH1-like glycoside hydrolase domain-containing protein		0	no	no	no	0	named_no_ko_no_go	unknown
M744_RS08515	M744_08920	WP_011378091.1	amylo-alpha-1%2C6-glucosidase		0	no	no	no	0	named_no_ko_no_go	unknown
M744_RS08520	M744_08925	WP_011242346.1	H(+)/Cl(-) exchange transporter ClcA	K03281	1	yes	yes	yes	4	ko_assigned	transferred
M744_RS08525	M744_08930	WP_039755959.1	arginine--tRNA ligase	K01887	1	yes	yes	yes	4	ko_assigned	transferred
M744_RS08530	M744_08935	WP_231621402.1	twin-arginine translocase subunit TatC	K03118	1	yes	yes	yes	2	ko_assigned	transferred
M744_RS08535	M744_08945	WP_039755702.1	cyclin-dependent kinase inhibitor 3 family protein		0	no	no	no	0	named_no_ko_no_go	unknown
M744_RS08540	M744_08950	WP_011378094.1	YqhG/Tai3 family protein		0	no	no	no	0	named_no_ko_no_go	unknown
M744_RS08545	M744_08955	WP_011242351.1	M14 family metallopeptidase		0	no	no	no	3	go_iea_only	transferred
M744_RS08550	M744_08960	WP_011378095.1	tRNA uridine-5-carboxymethylaminomethyl(34) synthesis GTPase MnmE	K03650	1	yes	yes	yes	3	ko_assigned	transferred
M744_RS08555	M744_08965	WP_011378096.1	DUF2062 domain-containing protein	K09928	1	no	yes	yes	0	ko_assigned	transferred
M744_RS08560	M744_08970	WP_011378097.1	protein adenylyltransferase SelO	K08997	1	yes	yes	yes	3	ko_assigned	transferred
M744_RS08565	M744_08975	WP_011378098.1	peptidoglycan recognition protein family protein		0	no	no	no	5	go_iea_only	transferred
M744_RS08570	M744_08985	WP_011378099.1	photosynthesis regulation sensor histidine kinase ManS	K11520	1	no	yes	yes	0	ko_assigned	transferred
M744_RS08575	M744_08990	WP_011378100.1	DUF1036 domain-containing protein		0	no	no	no	0	named_no_ko_no_go	unknown
M744_RS08580	M744_08995	WP_011378101.1	chloride channel protein	K03281	1	yes	yes	yes	4	ko_assigned	transferred
M744_RS08585	M744_09000	WP_011378102.1	TldD/PmbA family protein	K03592	1	yes	yes	yes	3	ko_assigned	transferred
M744_RS08590	M744_09005	WP_011242360.1	Tab2/Atab2 family RNA-binding protein		0	no	no	no	0	named_no_ko_no_go	unknown
M744_RS08595	M744_09010	WP_011242361.1	S1 RNA-binding domain-containing protein	K02945	1	yes	yes	yes	1	ko_assigned	transferred
M744_RS08600	M744_09015	WP_011378103.1	creatininase family protein	K01470	1	no	yes	yes	0	ko_assigned	transferred
M744_RS08605	M744_09020	WP_011378104.1	aldehyde oxygenase (deformylating)	K14331	1	no	yes	yes	1	ko_assigned	transferred
M744_RS08610	M744_09025	WP_011242364.1	long-chain acyl-[acyl-carrier-protein] reductase	K14330	1	no	yes	yes	2	ko_assigned	transferred
M744_RS08615	M744_09030	WP_011242365.1	acetyl-CoA carboxylase carboxyltransferase subunit alpha	K01962	1	yes	yes	yes	3	ko_assigned	transferred
M744_RS08620	M744_09035	WP_011242366.1	SDR family oxidoreductase		0	no	no	no	0	named_no_ko_no_go	unknown
M744_RS08625	M744_09040	WP_011242367.1	GTP cyclohydrolase I FolE	K01495	1	yes	yes	yes	2	ko_assigned	transferred
M744_RS08630	M744_09045	WP_011242368.1	PhzF family phenazine biosynthesis protein		0	no	no	no	3	go_iea_only	transferred
M744_RS08635	M744_09050	WP_011242369.1	SpoIID/LytB domain-containing protein		0	no	no	no	0	named_no_ko_no_go	unknown
M744_RS08640	M744_09055	WP_011242370.1	ATP adenylyltransferase family protein	K00988	1	no	yes	yes	3	ko_assigned	transferred
M744_RS08645	M744_09065	WP_011378105.1	RNA methyltransferase	K02533	1	yes	yes	yes	4	ko_assigned	transferred
M744_RS08650	M744_09075	WP_011378106.1	serine hydrolase	K17836	1	no	yes	yes	2	ko_assigned	transferred
M744_RS08655	M744_09080	WP_011378107.1	DUF3370 domain-containing protein		0	no	no	no	0	named_no_ko_no_go	unknown
M744_RS08660	M744_09085	WP_011378108.1	hypothetical protein		0	no	no	no	0	hypothetical_no_homology_evidence	unknown
M744_RS08665	M744_09090	WP_011378109.1	fasciclin domain-containing protein		0	no	no	no	1	go_iea_only	transferred
M744_RS08670	M744_09095	WP_011378110.1	iron uptake porin		0	no	no	no	4	go_iea_only	transferred
M744_RS08675	M744_09100	WP_011378111.1	mannose-1-phosphate guanylyltransferase/mannose-6-phosphate isomerase	K16011	1	no	yes	yes	2	ko_assigned	transferred
M744_RS08680		WP_011378112.1	ribonucleoside-triphosphate reductase%2C adenosylcobalamin-dependent		0	no	no	no	4	go_iea_only	transferred
M744_RS08685	M744_09115	WP_011378113.1	NAD(P)(+) transhydrogenase (Re/Si-specific) subunit beta	K00325	1	yes	yes	yes	3	ko_assigned	transferred
M744_RS08690	M744_09120	WP_011242381.1	NAD(P) transhydrogenase subunit alpha part 2	K00324	1	yes	yes	yes	2	ko_assigned	transferred
M744_RS08695	M744_09125	WP_011242382.1	NAD(P) transhydrogenase subunit alpha	K00324	1	yes	yes	yes	2	ko_assigned	transferred
M744_RS08700	M744_09135	WP_011378114.1	DUF2808 domain-containing protein		0	no	no	no	0	named_no_ko_no_go	unknown
M744_RS08705	M744_09140	WP_011242384.1	50S ribosomal protein L34	K02914	1	yes	yes	yes	4	ko_assigned	transferred
M744_RS08710	M744_09145	WP_011242385.1	ribonuclease P protein component	K03536	1	yes	yes	yes	3	ko_assigned	transferred
M744_RS08715	M744_09150	WP_011242386.1	PH domain-containing protein		0	no	no	no	1	go_iea_only	transferred
M744_RS08720	M744_09155	WP_011242387.1	membrane protein insertase YidC	K03217	1	yes	yes	yes	0	ko_assigned	transferred
M744_RS08725	M744_09160	WP_011242388.1	Jag family protein	K06346	1	no	yes	yes	1	ko_assigned	transferred
M744_RS08730	M744_09165	WP_011378115.1	YceD family protein	K07040	1	yes	yes	no	0	ko_assigned	transferred
M744_RS08735	M744_09170	WP_011242391.1	AAA family ATPase		0	no	no	no	2	go_iea_only	transferred
M744_RS08740	M744_09175	WP_011242392.1	B12-binding domain-containing radical SAM protein		0	no	no	no	4	go_iea_only	transferred
M744_RS08745	M744_09185	WP_011242393.1	peptidase U32 family protein	K08303	1	yes	yes	yes	0	ko_assigned	transferred
M744_RS08750	M744_09190	WP_011242394.1	hypothetical protein		0	no	no	no	0	hypothetical_no_homology_evidence	unknown
M744_RS08755	M744_09195	WP_011378116.1	riboflavin synthase	K00793	1	yes	yes	yes	2	ko_assigned	transferred
M744_RS08760	M744_09200	WP_011242396.1	glycosyltransferase family 4 protein		0	no	no	no	2	go_iea_only	transferred
M744_RS08765	M744_09205	WP_011242397.1	hypothetical protein		0	no	no	no	0	hypothetical_no_homology_evidence	unknown
M744_RS08770	M744_09210	WP_011378117.1	hypothetical protein		0	no	no	no	0	hypothetical_no_homology_evidence	unknown
M744_RS08775	M744_09215	WP_011242400.1	cytochrome b/b6 domain-containing protein		0	no	no	no	2	go_iea_only	transferred
M744_RS08780	M744_09220	WP_011242401.1	hypothetical protein		0	no	no	no	0	hypothetical_no_homology_evidence	unknown
M744_RS08785	M744_09225	WP_011242402.1	cytochrome c6 PetJ	K08906	1	no	yes	yes	3	ko_assigned	transferred
M744_RS08790	M744_09230	WP_011242403.1	tetratricopeptide repeat protein		0	no	no	no	1	go_iea_only	transferred
M744_RS08795	M744_09240	WP_011242404.1	hypothetical protein		0	no	no	no	0	hypothetical_no_homology_evidence	unknown
M744_RS08800	M744_09245	WP_231621299.1	hypothetical protein		0	no	no	no	0	hypothetical_no_homology_evidence	unknown
M744_RS08805	M744_09250	WP_011242406.1	P-loop NTPase family protein		0	no	no	no	0	named_no_ko_no_go	unknown
M744_RS08810	M744_09255	WP_039755710.1	iron uptake porin		0	no	no	no	4	go_iea_only	transferred
M744_RS08815	M744_09260	WP_011242408.1	iron-regulated protein A		0	no	no	no	0	named_no_ko_no_go	unknown
M744_RS08820	M744_09265	WP_071818118.1	di-heme oxidoreductase family protein		0	no	no	no	1	go_iea_only	transferred
M744_RS08825	M744_09270	WP_011242410.1	Ycf34 family protein		0	no	no	no	0	named_no_ko_no_go	unknown
M744_RS08830	M744_09275	WP_011242411.1	tRNA (adenosine(37)-N6)-threonylcarbamoyltransferase complex dimerization subunit type 1 TsaB	K14742	1	yes	yes	yes	1	ko_assigned	transferred
M744_RS08835	M744_09280	WP_011378040.1	YdcF family protein		0	no	no	no	1	go_iea_only	transferred
M744_RS08840	M744_09285	WP_011242413.1	lysophospholipid acyltransferase family protein	K00655	1	yes	yes	yes	2	ko_assigned	transferred
M744_RS08845	M744_09290	WP_011242414.1	ACP S-malonyltransferase	K00645	1	yes	yes	yes	2	ko_assigned	transferred
M744_RS08850	M744_09295	WP_011242415.1	beta-ketoacyl-ACP synthase III	K00648	1	yes	yes	yes	3	ko_assigned	transferred
M744_RS08855	M744_09300	WP_011242416.1	phosphate acyltransferase PlsX	K03621	1	yes	yes	yes	2	ko_assigned	transferred
M744_RS08860	M744_09305	WP_011378039.1	response regulator transcription factor RpaB	K11329	1	no	yes	yes	2	ko_assigned	transferred
M744_RS08865	M744_09310	WP_011378038.1	DNA repair protein RadA	K04485	1	yes	yes	yes	3	ko_assigned	transferred
M744_RS08870	M744_09315	WP_011242419.1	hypothetical protein		0	no	no	no	0	hypothetical_no_homology_evidence	unknown
M744_RS08875	M744_09320	WP_011378037.1	phosphate ABC transporter ATP-binding protein	K02036	1	yes	yes	yes	4	ko_assigned	transferred
M744_RS08880	M744_09325	WP_011242421.1	UDP-3-O-(3-hydroxymyristoyl)glucosamine N-acyltransferase	K02536	1	yes	yes	yes	2	ko_assigned	transferred
M744_RS08885	M744_09330	WP_011242422.1	quinolinate synthase NadA	K03517	1	yes	yes	yes	3	ko_assigned	transferred
M744_RS08890	M744_09335	WP_011378036.1	carbonic anhydrase	K01673	1	yes	yes	yes	2	ko_assigned	transferred
M744_RS08895	M744_09340	WP_011378035.1	EF-hand domain-containing protein		0	no	no	no	0	named_no_ko_no_go	unknown
M744_RS08900	M744_09345	WP_011378034.1	CARDB domain-containing protein		0	no	no	no	0	named_no_ko_no_go	unknown
M744_RS08910	M744_09355	WP_011242426.1	class II fructose-bisphosphate aldolase	K01624	1	yes	yes	yes	2	ko_assigned	transferred
M744_RS08920	M744_09365	WP_011242427.1	VOC family protein		0	no	no	no	2	go_iea_only	transferred
M744_RS08930	M744_09375	WP_011242428.1	adenosylcobinamide-phosphate synthase CbiB	K02227	1	no	yes	yes	3	ko_assigned	transferred
M744_RS08935	M744_09380	WP_011242429.1	homoserine kinase	K00872	1	yes	yes	yes	3	ko_assigned	transferred
M744_RS08940	M744_09385	WP_011242430.1	NAD(P)H-quinone oxidoreductase subunit 4	K05575	1	no	yes	yes	0	ko_assigned	transferred
M744_RS08945	M744_09390	WP_231621403.1	ATP-binding protein		0	no	no	no	2	go_iea_only	transferred
M744_RS08950	M744_09400	WP_011242433.1	DUF6439 family protein		0	no	no	no	0	named_no_ko_no_go	unknown
M744_RS08955	M744_09405	WP_231621300.1	sll0565 family protein		0	no	no	no	0	named_no_ko_no_go	unknown
M744_RS08960	M744_09410	WP_011242435.1	2-succinyl-5-enolpyruvyl-6-hydroxy-3-cyclohexene-1-carboxylic-acid synthase	K02551	1	yes	yes	yes	3	ko_assigned	transferred
M744_RS08965	M744_09415	WP_011242436.1	hypothetical protein		0	no	no	no	0	hypothetical_no_homology_evidence	unknown
M744_RS08970	M744_09420	WP_011242437.1	N-acetyl-gamma-glutamyl-phosphate reductase	K00145	1	yes	yes	yes	4	ko_assigned	transferred
M744_RS08975	M744_09430	WP_011378031.1	bifunctional 3%2C4-dihydroxy-2-butanone-4-phosphate synthase/GTP cyclohydrolase II	K14652	1	no	yes	yes	2	ko_assigned	transferred
M744_RS08980	M744_09435	WP_011242439.1	peptidylprolyl isomerase	K03768	1	yes	yes	yes	2	ko_assigned	transferred
M744_RS08985	M744_09440	WP_011242440.1	hypothetical protein		0	no	no	no	0	hypothetical_no_homology_evidence	unknown
M744_RS08990	M744_09445	WP_011242441.1	hypothetical protein		0	no	no	no	0	hypothetical_no_homology_evidence	unknown
M744_RS08995	M744_09450	WP_011242442.1	5-(carboxyamino)imidazole ribonucleotide synthase	K01589	1	yes	yes	yes	3	ko_assigned	transferred
M744_RS09000	M744_09455	WP_011242443.1	ribulose bisphosphate carboxylase small subunit	K01602	1	no	yes	yes	0	ko_assigned	transferred
M744_RS09005	M744_09460	WP_011242444.1	form I ribulose bisphosphate carboxylase large subunit	K01601	1	no	yes	yes	0	ko_assigned	transferred
M744_RS09010	M744_09465	WP_011242445.1	beta-carboxysome assembly protein CcmO	K08700	1	no	yes	yes	3	ko_assigned	transferred
M744_RS09015	M744_09470	WP_011242446.1	beta-carboxysome scaffolding protein CcmN	K08699	1	no	yes	yes	3	ko_assigned	transferred
M744_RS09020	M744_09475	WP_011378029.1	RuBisCO small subunit-like domain-containing protein	K08698	1	no	yes	yes	0	ko_assigned	transferred
M744_RS09025	M744_09480	WP_011242448.1	beta-carboxysome shell vertex protein CcmL	K08697	1	no	yes	yes	3	ko_assigned	transferred
M744_RS09030	M744_09485	WP_011242449.1	carbon dioxide-concentrating mechanism protein CcmK	K08696	1	no	yes	yes	0	ko_assigned	transferred
M744_RS09035	M744_09490	WP_011378028.1	ferredoxin:protochlorophyllide reductase (ATP-dependent) subunit N	K04038	1	no	yes	yes	2	ko_assigned	transferred
M744_RS09040	M744_09495	WP_011242451.1	ferredoxin:protochlorophyllide reductase (ATP-dependent) iron-sulfur ATP-binding protein	K04037	1	no	yes	yes	4	ko_assigned	transferred
M744_RS09045	M744_09500	WP_011378027.1	hypothetical protein		0	no	no	no	0	hypothetical_no_homology_evidence	unknown
M744_RS09050	M744_09505	WP_011242452.1	S-layer homology domain-containing protein		0	no	no	no	1	go_iea_only	transferred
M744_RS09055	M744_09510	WP_011242453.1	type I DNA topoisomerase	K03168	1	yes	yes	yes	5	ko_assigned	transferred
M744_RS09060	M744_09515	WP_011242454.1	NAD(P)H-quinone oxidoreductase subunit N	K05573	1	no	yes	yes	0	ko_assigned	transferred
M744_RS09065	M744_09520	WP_011242455.1	ABC transporter ATP-binding protein	K02003	1	yes	yes	yes	3	ko_assigned	transferred
M744_RS09070	M744_09525	WP_011378026.1	sulfite exporter TauE/SafE family protein	K07090	1	yes	yes	yes	2	ko_assigned	transferred
M744_RS09075	M744_09530	WP_011242457.1	YbjN domain-containing protein		0	no	no	no	0	named_no_ko_no_go	unknown
M744_RS09080	M744_09535	WP_011242458.1	lipoate--protein ligase family protein		0	no	no	no	2	go_iea_only	transferred
M744_RS09085	M744_09540	WP_011378025.1	2-isopropylmalate synthase	K01649	1	yes	yes	yes	2	ko_assigned	transferred
M744_RS09090	M744_09545	WP_011242460.1	Fe(3+) ABC transporter substrate-binding protein	K02012	1	no	yes	yes	0	ko_assigned	transferred
M744_RS09095	M744_09550	WP_011242461.1	class I SAM-dependent methyltransferase		0	no	no	no	2	go_iea_only	transferred
M744_RS09100	M744_09555	WP_231621301.1	ABC transporter permease	K02011	1	no	yes	yes	3	ko_assigned	transferred
M744_RS09105	M744_09560	WP_011378023.1	ABC transporter ATP-binding protein	K02010	1	yes	yes	yes	3	ko_assigned	transferred
M744_RS09110	M744_09565	WP_011378022.1	DUF192 domain-containing protein	K09005	1	no	yes	yes	0	ko_assigned	transferred
M744_RS09115	M744_09575	WP_011378021.1	two-component system response regulator RppA	K11521	1	no	yes	yes	3	ko_assigned	transferred
M744_RS09120	M744_09580	WP_011378020.1	hydroxyacylglutathione hydrolase	K01069	1	yes	yes	yes	2	ko_assigned	transferred
M744_RS09125	M744_09585	WP_231621302.1	zinc ribbon domain-containing protein		0	no	no	no	0	named_no_ko_no_go	unknown
M744_RS09130	M744_09590	WP_011242468.1	VOC family protein		0	no	no	no	2	go_iea_only	transferred
M744_RS09135	M744_09595	WP_011378019.1	endo-1%2C4-beta-xylanase	K01181	1	no	yes	yes	2	ko_assigned	transferred
M744_RS09140	M744_09600	WP_039755718.1	HlyD family secretion protein		0	no	no	no	3	go_iea_only	transferred
M744_RS09145	M744_09605	WP_011242471.1	glycosyltransferase		0	no	no	no	0	named_no_ko_no_go	unknown
M744_RS09150	M744_09610	WP_011378017.1	hypothetical protein		0	no	no	no	0	hypothetical_no_homology_evidence	unknown
M744_RS09155	M744_09615	WP_011242473.1	hypothetical protein		0	no	no	no	0	hypothetical_no_homology_evidence	unknown
M744_RS09160	M744_09620	WP_011242474.1	hypothetical protein		0	no	no	no	0	hypothetical_no_homology_evidence	unknown
M744_RS09165	M744_09625	WP_011242475.1	M61 family metallopeptidase		0	no	no	no	0	named_no_ko_no_go	unknown
M744_RS09170	M744_09630	WP_011378016.1	histone deacetylase family protein		0	no	no	no	2	go_iea_only	transferred
M744_RS09175	M744_09635	WP_011242477.1	choice-of-anchor I family protein		0	no	no	no	0	named_no_ko_no_go	unknown
M744_RS09180	M744_09640	WP_011242478.1	YifB family Mg chelatase-like AAA ATPase	K07391	1	yes	yes	yes	1	ko_assigned	transferred
M744_RS09185	M744_09645	WP_011378015.1	histidine triad nucleotide-binding protein	K02503	1	yes	yes	yes	0	ko_assigned	transferred
M744_RS09190	M744_09650	WP_011242480.1	photosystem II q(b) protein	K02703	1	no	yes	yes	2	ko_assigned	transferred
M744_RS09195	M744_09655	WP_011242481.1	carbonic anhydrase family protein	K01674	1	no	yes	yes	0	ko_assigned	transferred
M744_RS09200	M744_09660	WP_011242482.1	ATP-dependent sacrificial sulfur transferase LarE	K06864	1	no	yes	yes	2	ko_assigned	transferred
M744_RS09205	M744_09665	WP_011378014.1	cob(I)yrinic acid a%2Cc-diamide adenosyltransferase	K19221	1	yes	yes	yes	0	ko_assigned	transferred
M744_RS09210	M744_09670	WP_011378013.1	hypothetical protein		0	no	no	no	0	hypothetical_no_homology_evidence	unknown
M744_RS09215	M744_09675	WP_231621303.1	META domain-containing protein		0	no	no	no	0	named_no_ko_no_go	unknown
M744_RS09220	M744_09680	WP_011242486.1	inorganic diphosphatase	K01507	1	yes	yes	yes	4	ko_assigned	transferred
M744_RS09225	M744_09685	WP_011378011.1	bifunctional diguanylate cyclase/phosphodiesterase		0	no	no	no	5	go_iea_only	transferred
M744_RS09230	M744_09690	WP_011378010.1	ABC-F family ATP-binding cassette domain-containing protein	K15738	1	yes	yes	yes	2	ko_assigned	transferred
M744_RS09235	M744_09695	WP_011242490.1	SLC26/SulP family anion transporter	K03321	1	yes	yes	yes	1	ko_assigned	transferred
M744_RS09240	M744_09700	WP_011242491.1	acetyl-CoA carboxylase biotin carboxylase subunit	K01961	1	yes	yes	yes	2	ko_assigned	transferred
M744_RS09250	M744_09710	WP_231621304.1	glycosyltransferase family protein		0	no	no	no	0	named_no_ko_no_go	unknown
M744_RS09255	M744_09715	WP_011242493.1	RelA/SpoT family protein	K01139	1	yes	yes	yes	3	ko_assigned	transferred
M744_RS09260	M744_09725	WP_152034138.1	hypothetical protein		0	no	no	no	0	hypothetical_no_homology_evidence	unknown
M744_RS09265	M744_09730	WP_011242495.1	NAD(P)H-dependent oxidoreductase	K19784	1	yes	yes	yes	2	ko_assigned	transferred
M744_RS09270	M744_09735	WP_011242496.1	RluA family pseudouridine synthase	K06177	1	yes	yes	yes	3	ko_assigned	transferred
M744_RS09275	M744_09740	WP_011242497.1	HupE/UreJ family protein	K03192	1	no	yes	yes	0	ko_assigned	transferred
M744_RS09280	M744_09745	WP_011378007.1	methionine synthase	K00548	1	yes	yes	yes	4	ko_assigned	transferred
M744_RS09285	M744_09750	WP_155813853.1	magnesium/cobalt transporter CorA	K03284	1	yes	yes	yes	5	ko_assigned	transferred
M744_RS09290	M744_09755	WP_011378005.1	hypothetical protein		0	no	no	no	0	hypothetical_no_homology_evidence	unknown
M744_RS09295	M744_09760	WP_011242500.1	recombination mediator RecR	K06187	1	yes	yes	yes	4	ko_assigned	transferred
M744_RS09300	M744_09765	WP_011242501.1	SH3 domain-containing protein		0	no	no	no	1	go_iea_only	transferred
M744_RS09305		WP_011242502.1	cytochrome P450		0	no	no	no	0	named_no_ko_no_go	unknown
M744_RS09310	M744_09780	WP_011242503.1	2-carboxy-1%2C4-naphthoquinone phytyltransferase	K23094	1	no	yes	yes	3	ko_assigned	transferred
M744_RS09315	M744_09785	WP_011378003.1	MarC family protein		0	no	no	no	1	go_iea_only	transferred
M744_RS09320	M744_09795	WP_011242505.1	HHL1-like protein		0	no	no	no	0	named_no_ko_no_go	unknown
M744_RS09325	M744_09800	WP_039755720.1	hypothetical protein		0	no	no	no	0	hypothetical_no_homology_evidence	unknown
M744_RS09330	M744_09805	WP_231621305.1	hypothetical protein		0	no	no	no	0	hypothetical_no_homology_evidence	unknown
M744_RS09335	M744_09810	WP_011242507.1	pentapeptide repeat-containing protein		0	no	no	no	0	named_no_ko_no_go	unknown
M744_RS09340	M744_09815	WP_231621306.1	LCP family protein	K01005	1	no	yes	yes	2	ko_assigned	transferred
M744_RS09345	M744_09820	WP_011242509.1	Coenzyme F420 hydrogenase/dehydrogenase%2C beta subunit C-terminal domain	K21231	1	no	yes	yes	0	ko_assigned	transferred
M744_RS09350	M744_09825	WP_011378001.1	SWIM zinc finger family protein		0	no	no	no	1	go_iea_only	transferred
M744_RS09355	M744_09830	WP_196794056.1	PAS domain S-box protein		0	no	no	no	0	named_no_ko_no_go	unknown
M744_RS09360	M744_09835	WP_231621307.1	response regulator		0	no	no	no	2	go_iea_only	transferred
M744_RS09365	M744_09840	WP_011242514.1	EAL domain-containing protein		0	no	no	no	0	named_no_ko_no_go	unknown
M744_RS09370	M744_09845	WP_011242515.1	MFS transporter		0	no	no	no	3	go_iea_only	transferred
M744_RS09375	M744_09850	WP_231621308.1	DUF3120 domain-containing protein		0	no	no	no	0	named_no_ko_no_go	unknown
M744_RS09380	M744_09855	WP_011242517.1	acetate--CoA ligase	K01895	1	yes	yes	yes	3	ko_assigned	transferred
M744_RS09385	M744_09860	WP_039755972.1	HAD family hydrolase		0	no	no	no	1	go_iea_only	transferred
M744_RS09390	M744_09865	WP_155813855.1	heterocyst frequency control protein PatD		0	no	no	no	0	named_no_ko_no_go	unknown
M744_RS09395	M744_09870	WP_011242519.1	YqiA/YcfP family alpha/beta fold hydrolase	K07000	1	yes	yes	yes	1	ko_assigned	transferred
M744_RS09400	M744_09875	WP_011377997.1	hypothetical protein		0	no	no	no	0	hypothetical_no_homology_evidence	unknown
M744_RS09405	M744_09880	WP_011242520.1	2-hydroxyacid dehydrogenase	K03778	1	yes	yes	yes	2	ko_assigned	transferred
M744_RS09410	M744_09885	WP_011242521.1	NADH-quinone oxidoreductase subunit NuoK	K05576	1	no	yes	yes	2	ko_assigned	transferred
M744_RS09415	M744_09890	WP_011377996.1	NADH-quinone oxidoreductase subunit J	K05578	1	no	yes	yes	0	ko_assigned	transferred
M744_RS09420	M744_09895	WP_011242523.1	NAD(P)H-quinone oxidoreductase subunit I	K05580	1	no	yes	yes	2	ko_assigned	transferred
M744_RS09425	M744_09900	WP_011242524.1	NADH-quinone oxidoreductase subunit NuoH	K05572	1	no	yes	yes	0	ko_assigned	transferred
M744_RS09430	M744_09905	WP_011377995.1	GDP-mannose 4%2C6-dehydratase	K01711	1	yes	yes	yes	3	ko_assigned	transferred
M744_RS09435	M744_09910	WP_011377994.1	AI-2E family transporter		0	no	no	no	2	go_iea_only	transferred
M744_RS09440	M744_09915	WP_011242527.1	peptide deformylase	K01462	1	yes	yes	yes	2	ko_assigned	transferred
M744_RS09445	M744_09920	WP_011242528.1	hypothetical protein		0	no	no	no	0	hypothetical_no_homology_evidence	unknown
M744_RS09450	M744_09925	WP_011377993.1	DUF3747 domain-containing protein		0	no	no	no	0	named_no_ko_no_go	unknown
M744_RS09455		WP_011377992.1	beta strand repeat-containing protein		0	no	no	no	0	named_no_ko_no_go	unknown
M744_RS09460	M744_09940	WP_011377991.1	TIGR03032 family protein		0	no	no	no	0	named_no_ko_no_go	unknown
M744_RS09465	M744_09945	WP_011242533.1	aminotransferase class IV		0	no	no	no	2	go_iea_only	transferred
M744_RS09470	M744_09950	WP_011377990.1	aminodeoxychorismate synthase component I	K01665	1	yes	yes	yes	3	ko_assigned	transferred
M744_RS09475	M744_09955	WP_011242535.1	7-cyano-7-deazaguanine synthase QueC	K06920	1	yes	yes	yes	1	ko_assigned	transferred
M744_RS09480	M744_09960	WP_011242536.1	7-carboxy-7-deazaguanine synthase QueE	K10026	1	yes	yes	yes	4	ko_assigned	transferred
M744_RS09485		WP_011242537.1	chlorophyll a/b-binding protein		0	no	no	no	0	named_no_ko_no_go	unknown
M744_RS09490	M744_09970	WP_011377989.1	class I SAM-dependent methyltransferase		0	no	no	no	2	go_iea_only	transferred
M744_RS09495	M744_09975	WP_231621309.1	photosystem II repair protein Psb32	K06872	1	yes	yes	yes	0	ko_assigned	transferred
M744_RS09500	M744_09980	WP_011242540.1	DUF1622 domain-containing protein		0	no	no	no	0	named_no_ko_no_go	unknown
M744_RS09505	M744_09985	WP_011377987.1	hypothetical protein		0	no	no	no	0	hypothetical_no_homology_evidence	unknown
M744_RS09510	M744_09990	WP_011377986.1	transcription-repair coupling factor	K03723	1	yes	yes	yes	3	ko_assigned	transferred
M744_RS09515	M744_09995	WP_011377985.1	replicative DNA helicase	K02314	1	yes	yes	yes	4	ko_assigned	transferred
M744_RS09520	M744_10000	WP_011377984.1	DEAD/DEAH box helicase		0	no	no	no	4	go_iea_only	transferred
M744_RS09525	M744_10005	WP_011377983.1	DNA-formamidopyrimidine glycosylase	K10563	1	yes	yes	yes	0	ko_assigned	transferred
M744_RS09530	M744_10010	WP_011242545.1	photosystem I reaction center subunit IV	K02693	1	no	yes	yes	0	ko_assigned	transferred
M744_RS09535	M744_10015	WP_011377982.1	hypothetical protein		0	no	no	no	0	hypothetical_no_homology_evidence	unknown
M744_RS09540	M744_10020	WP_011242547.1	CHAD domain-containing protein		0	no	no	no	0	named_no_ko_no_go	unknown
M744_RS09545	M744_10025	WP_011242548.1	bifunctional pyr operon transcriptional regulator/uracil phosphoribosyltransferase PyrR	K02825	1	no	yes	yes	1	ko_assigned	transferred
M744_RS09550	M744_10030	WP_011242549.1	metal ABC transporter permease	K09819	1	no	yes	yes	3	ko_assigned	transferred
M744_RS09555	M744_10035	WP_011377981.1	metal ABC transporter ATP-binding protein	K09820	1	no	yes	yes	3	ko_assigned	transferred
M744_RS09560	M744_10040	WP_231621310.1	metal ABC transporter solute-binding protein%2C Zn/Mn family	K09818	1	no	yes	yes	2	ko_assigned	transferred
M744_RS09565	M744_10045	WP_011242552.1	FADH(2)-oxidizing methylenetetrahydrofolate--tRNA-(uracil(54)-C(5))-methyltransferase TrmFO	K04094	1	no	yes	yes	4	ko_assigned	transferred
M744_RS09570	M744_10050	WP_011377979.1	ATP-dependent zinc metalloprotease FtsH	K03798	1	yes	yes	yes	5	ko_assigned	transferred
M744_RS09575	M744_10055	WP_011377978.1	aspartate--tRNA ligase	K01876	1	yes	yes	yes	3	ko_assigned	transferred
M744_RS09580		WP_011377977.1	ABC transporter ATP-binding protein		0	no	no	no	4	go_iea_only	transferred
M744_RS09585	M744_10070	WP_011377976.1	IS630 transposase-related protein		0	no	no	no	0	named_no_ko_no_go	unknown
M744_RS09590	M744_10075	WP_011242557.1	HTH-type transcriptional activator CmpR	K21703	1	no	yes	yes	0	ko_assigned	transferred
M744_RS09595	M744_10080	WP_011377975.1	methylenetetrahydrofolate reductase	K00297	1	yes	yes	yes	3	ko_assigned	transferred
M744_RS09600	M744_10085	WP_011242559.1	tryptophan--tRNA ligase	K01867	1	yes	yes	yes	3	ko_assigned	transferred
M744_RS09605	M744_10090	WP_011242560.1	ABC transporter permease		0	no	no	no	4	go_iea_only	transferred
M744_RS09610	M744_10095	WP_011242561.1	DUF3172 domain-containing protein		0	no	no	no	0	named_no_ko_no_go	unknown
M744_RS09615	M744_10100	WP_011377973.1	dipeptide ABC transporter ATP-binding protein	K02031;K02032	2	yes	yes	yes	2	ko_assigned	transferred
M744_RS09620	M744_10105	WP_011377972.1	hypothetical protein		0	no	no	no	0	hypothetical_no_homology_evidence	unknown
M744_RS09625	M744_10110	WP_011242564.1	hypothetical protein		0	no	no	no	0	hypothetical_no_homology_evidence	unknown
M744_RS09630	M744_10115	WP_011377971.1	universal stress protein		0	no	no	no	1	go_iea_only	transferred
M744_RS09635	M744_10120	WP_011242566.1	RecQ family ATP-dependent DNA helicase	K03654	1	yes	yes	yes	5	ko_assigned	transferred
M744_RS09640	M744_10125	WP_011242567.1	5-formyltetrahydrofolate cyclo-ligase	K01934	1	yes	yes	yes	2	ko_assigned	transferred
M744_RS09645	M744_10130	WP_011242568.1	Npun_F2552 family protein		0	no	no	no	0	named_no_ko_no_go	unknown
M744_RS09650	M744_10135	WP_011377969.1	diguanylate cyclase		0	no	no	no	2	go_iea_only	transferred
M744_RS09655	M744_10140	WP_011242570.1	NAD(P)-dependent malic enzyme	K00027	1	yes	yes	yes	4	ko_assigned	transferred
M744_RS09660	M744_10145	WP_011242571.1	2OG-Fe(II) oxygenase family protein		0	no	no	no	2	go_iea_only	transferred
M744_RS09665	M744_10150	WP_011377968.1	lysophospholipid acyltransferase family protein		0	no	no	no	2	go_iea_only	transferred
M744_RS09670	M744_10155	WP_231621311.1	serine/threonine-protein kinase	K08884	1	no	yes	yes	0	ko_assigned	transferred
M744_RS09675	M744_10160	WP_011377966.1	phenylalanine--tRNA ligase subunit beta	K01890	1	yes	yes	yes	4	ko_assigned	transferred
M744_RS09680	M744_10165	WP_011377965.1	DNA primase	K02316	1	yes	yes	yes	2	ko_assigned	transferred
M744_RS09685	M744_10170	WP_011242576.1	Zn(II)-sensing metalloregulatory transcriptional repressor SmtB	K21903	1	no	yes	yes	0	ko_assigned	transferred
M744_RS09690	M744_10180	WP_011377963.1	TldD/PmbA family protein	K03592	1	yes	yes	yes	3	ko_assigned	transferred
M744_RS09695	M744_10185	WP_011377962.1	DUF4240 domain-containing protein		0	no	no	no	0	named_no_ko_no_go	unknown
M744_RS09700	M744_10190	WP_011377961.1	calcium-binding protein		0	no	no	no	1	go_iea_only	transferred
M744_RS09705	M744_10195	WP_231621312.1	molybdopterin molybdotransferase MoeA	K03750	1	yes	yes	yes	1	ko_assigned	transferred
M744_RS09710	M744_10200	WP_011377959.1	bifunctional molybdenum cofactor biosynthesis protein MoaC/MoaB		0	no	no	no	1	go_iea_only	transferred
M744_RS09715	M744_10205	WP_011377958.1	molybdopterin synthase sulfur carrier subunit MoaD		0	no	no	no	0	named_no_ko_no_go	unknown
M744_RS09720	M744_10210	WP_011377957.1	molybdopterin synthase catalytic subunit	K03635	1	yes	yes	yes	3	ko_assigned	transferred
M744_RS09725	M744_10215	WP_011377956.1	GTP 3'%2C8-cyclase MoaA	K03639	1	yes	yes	yes	3	ko_assigned	transferred
M744_RS09730	M744_10225	WP_011377955.1	hypothetical protein		0	no	no	no	0	hypothetical_no_homology_evidence	unknown
M744_RS09735	M744_10230	WP_011377954.1	FUSC family protein		0	no	no	no	3	go_iea_only	transferred
M744_RS09740	M744_10235	WP_011377953.1	hypothetical protein		0	no	no	no	0	hypothetical_no_homology_evidence	unknown
M744_RS09745	M744_10240	WP_011242588.1	50S ribosomal protein L35	K02916	1	yes	yes	yes	3	ko_assigned	transferred
M744_RS09750	M744_10245	WP_011242589.1	50S ribosomal protein L20	K02887	1	yes	yes	yes	4	ko_assigned	transferred
M744_RS09755	M744_10250	WP_011242590.1	transporter substrate-binding domain-containing protein	K21395	1	no	yes	yes	0	ko_assigned	transferred
M744_RS09760	M744_10255	WP_011377952.1	DUF389 domain-containing protein		0	no	no	no	0	named_no_ko_no_go	unknown
M744_RS09765	M744_10260	WP_011242592.1	tetratricopeptide repeat protein		0	no	no	no	1	go_iea_only	transferred
M744_RS09770	M744_10265	WP_011377951.1	bifunctional ADP-dependent NAD(P)H-hydrate dehydratase/NAD(P)H-hydrate epimerase	K23997	1	yes	yes	yes	0	ko_assigned	transferred
M744_RS09775	M744_10270	WP_011377950.1	SRPBCC family protein		0	no	no	no	1	go_iea_only	transferred
M744_RS09780	M744_10275	WP_011242595.1	glycosyltransferase		0	no	no	no	1	go_iea_only	transferred
M744_RS09785	M744_10280	WP_039755725.1	hypothetical protein		0	no	no	no	0	hypothetical_no_homology_evidence	unknown
M744_RS09790	M744_10285	WP_011377948.1	magnesium transporter	K06213	1	no	yes	yes	3	ko_assigned	transferred
M744_RS09795	M744_10295	WP_011242597.1	phosphoglucomutase/phosphomannomutase family protein		0	no	no	no	0	named_no_ko_no_go	unknown
M744_RS09800	M744_10300	WP_011377947.1	HpsJ family protein		0	no	no	no	0	named_no_ko_no_go	unknown
M744_RS09805	M744_10305	WP_011377946.1	RdgB/HAM1 family non-canonical purine NTP pyrophosphatase	K01519	1	yes	yes	yes	3	ko_assigned	transferred
M744_RS09810	M744_10310	WP_011377945.1	potassium channel family protein	K03499	1	yes	yes	yes	4	ko_assigned	transferred
M744_RS09815	M744_10315	WP_231621313.1	cation:proton antiporter	K03316	1	no	yes	yes	4	ko_assigned	transferred
M744_RS09820	M744_10320	WP_011377943.1	THUMP domain-containing class I SAM-dependent RNA methyltransferase	K25137	1	no	yes	yes	3	ko_assigned	transferred
M744_RS09825	M744_10325	WP_011242603.1	NAD(P)/FAD-dependent oxidoreductase	K07137	1	no	yes	yes	0	ko_assigned	transferred
M744_RS09830	M744_10330	WP_071818116.1	triose-phosphate isomerase	K01803	1	yes	yes	yes	2	ko_assigned	transferred
M744_RS09835	M744_10335	WP_011377941.1	M48 family metallopeptidase		0	no	no	no	2	go_iea_only	transferred
M744_RS09840	M744_10340	WP_011377940.1	TRC40/GET3/ArsA family transport-energizing ATPase	K01551	1	no	yes	yes	3	ko_assigned	transferred
M744_RS09845	M744_10345	WP_011377939.1	C6orf136 family protein		0	no	no	no	0	named_no_ko_no_go	unknown
M744_RS09850	M744_10350	WP_011377938.1	chloride channel protein	K03281	1	yes	yes	yes	2	ko_assigned	transferred
M744_RS09855	M744_10355	WP_011242609.1	glutathione S-transferase family protein	K00799	1	yes	yes	yes	2	ko_assigned	transferred
M744_RS09860	M744_10360	WP_011242610.1	aminotransferase class V-fold PLP-dependent enzyme	K11325	1	no	yes	yes	3	ko_assigned	transferred
M744_RS09865	M744_10365	WP_039755728.1	cyclic nucleotide-binding domain-containing protein		0	no	no	no	1	go_iea_only	transferred
M744_RS09875	M744_10375	WP_011377936.1	metallophosphoesterase family protein	K03547	1	yes	yes	yes	3	ko_assigned	transferred
M744_RS09880	M744_10380	WP_011242613.1	tRNA (adenosine(37)-N6)-threonylcarbamoyltransferase complex transferase subunit TsaD	K25706	1	yes	yes	yes	1	ko_assigned	transferred
M744_RS09885	M744_10385	WP_011242614.1	photosystem I reaction center subunit III	K02694	1	no	yes	yes	0	ko_assigned	transferred
M744_RS09890	M744_10390	WP_173282512.1	photosystem I reaction center subunit IX	K02697	1	no	yes	yes	0	ko_assigned	transferred
M744_RS09895	M744_10395	WP_011377935.1	hypothetical protein		0	no	no	no	0	hypothetical_no_homology_evidence	unknown
M744_RS09900	M744_10400	WP_231621314.1	hypothetical protein		0	no	no	no	0	hypothetical_no_homology_evidence	unknown
M744_RS09905	M744_10405	WP_011377934.1	carotenoid isomerase	K09835	1	no	yes	yes	2	ko_assigned	transferred
M744_RS09910	M744_10410	WP_197058178.1	AAA-associated domain-containing protein		0	no	no	no	0	named_no_ko_no_go	unknown
M744_RS09915	M744_10415	WP_011377932.1	ABC transporter ATP-binding protein	K09691	1	no	yes	yes	3	ko_assigned	transferred
M744_RS09920	M744_10425	WP_011242621.1	Crp/Fnr family transcriptional regulator	K10914	1	yes	yes	yes	2	ko_assigned	transferred
M744_RS09925	M744_10430	WP_011242622.1	LysR family transcriptional regulator		0	no	no	no	3	go_iea_only	transferred
M744_RS09930	M744_10435	WP_011242623.1	HEAT repeat domain-containing protein		0	no	no	no	1	go_iea_only	transferred
M744_RS09935	M744_10440	WP_011242624.1	ferredoxin--nitrite reductase	K00366	1	no	yes	yes	0	ko_assigned	transferred
M744_RS09940	M744_10445	WP_011242625.1	CmpA/NrtA family ABC transporter substrate-binding protein	K15576	1	no	yes	yes	2	ko_assigned	transferred
M744_RS09945	M744_10450	WP_011242626.1	nitrate ABC transporter permease	K15577	1	no	yes	yes	4	ko_assigned	transferred
M744_RS09950	M744_10455	WP_011242627.1	nitrate ABC transporter ATP-binding protein	K15578	1	no	yes	yes	5	ko_assigned	transferred
M744_RS09955	M744_10460	WP_011242628.1	nitrate ABC transporter ATP-binding protein	K15579	1	no	yes	yes	5	ko_assigned	transferred
M744_RS09960	M744_10465	WP_011377931.1	nitrate reductase catalytic subunit	K00367	1	no	yes	yes	0	ko_assigned	transferred
M744_RS09965	M744_10470	WP_011377930.1	methyltransferase family protein		0	no	no	no	2	go_iea_only	transferred
M744_RS09970	M744_10475	WP_011242631.1	potassium channel family protein		0	no	no	no	3	go_iea_only	transferred
M744_RS09975	M744_10480	WP_011242632.1	cytochrome b6-f complex iron-sulfur subunit	K02636	1	no	yes	yes	2	ko_assigned	transferred
M744_RS09980	M744_10485	WP_011242633.1	cytochrome f	K02634	1	no	yes	yes	0	ko_assigned	transferred
M744_RS09985	M744_10490	WP_011377929.1	prolipoprotein diacylglyceryl transferase	K13292	1	yes	yes	yes	3	ko_assigned	transferred
M744_RS09990	M744_10495	WP_011242635.1	precorrin-4 C(11)-methyltransferase	K05936	1	no	yes	yes	2	ko_assigned	transferred
M744_RS09995	M744_10500	WP_011377927.1	EamA family transporter		0	no	no	no	3	go_iea_only	transferred
M744_RS10000	M744_10505	WP_011242637.1	RadC family protein	K03630	1	yes	yes	yes	0	ko_assigned	transferred
M744_RS10010	M744_10515	WP_011377926.1	M16 family metallopeptidase		0	no	no	no	2	go_iea_only	transferred
M744_RS10015	M744_10520	WP_011377925.1	phycocyanobilin:ferredoxin oxidoreductase	K05371	1	no	yes	yes	0	ko_assigned	transferred
M744_RS10020	M744_10525	WP_011242640.1	HlyD family efflux transporter periplasmic adaptor subunit	K25171	1	no	yes	yes	0	ko_assigned	transferred
M744_RS10025	M744_10530	WP_011377924.1	ABC transporter permease DevC	K25169	1	no	yes	yes	4	ko_assigned	transferred
M744_RS10030	M744_10535	WP_011242642.1	tRNA pseudouridine(55) synthase TruB	K03177	1	yes	yes	yes	3	ko_assigned	transferred
M744_RS10035	M744_10540	WP_011377923.1	response regulator	K02658	1	no	yes	yes	2	ko_assigned	transferred
M744_RS10040	M744_10545	WP_011242644.1	50S ribosomal protein L27	K02899	1	yes	yes	yes	4	ko_assigned	transferred
M744_RS10045	M744_10550	WP_011377922.1	50S ribosomal protein L21	K02888	1	yes	yes	yes	4	ko_assigned	transferred
M744_RS10050	M744_10555	WP_011377921.1	circadian clock protein KaiA	K08480	1	no	yes	yes	0	ko_assigned	transferred
M744_RS10055	M744_10560	WP_011242647.1	circadian clock protein KaiB	K08481	1	no	yes	yes	0	ko_assigned	transferred
M744_RS10060	M744_10565	WP_011242648.1	circadian clock protein KaiC	K08482	1	no	yes	yes	6	ko_assigned	transferred
M744_RS10065	M744_10570	WP_011377920.1	acyl-CoA dehydrogenase family protein		0	no	no	no	2	go_iea_only	transferred
M744_RS10070	M744_10575	WP_173282542.1	glutathione peroxidase	K00432	1	yes	yes	yes	2	ko_assigned	transferred
M744_RS10075	M744_10580	WP_011377919.1	type II toxin-antitoxin system tRNA(fMet)-specific endonuclease VapC	K18828	1	no	yes	yes	2	ko_assigned	transferred
M744_RS10080	M744_10585	WP_039755738.1	hypothetical protein		0	no	no	no	0	hypothetical_no_homology_evidence	unknown
M744_RS10085	M744_10590	WP_011242652.1	DUF4160 domain-containing protein		0	no	no	no	0	named_no_ko_no_go	unknown
M744_RS10090	M744_10595	WP_011242653.1	DUF2442 domain-containing protein		0	no	no	no	0	named_no_ko_no_go	unknown
M744_RS10095	M744_10600	WP_011377918.1	DUF4160 domain-containing protein		0	no	no	no	0	named_no_ko_no_go	unknown
M744_RS10100	M744_10605	WP_011242655.1	DUF2442 domain-containing protein		0	no	no	no	0	named_no_ko_no_go	unknown
M744_RS10105	M744_10610	WP_011242656.1	type II toxin-antitoxin system Phd/YefM family antitoxin	K19159	1	yes	yes	yes	5	ko_assigned	transferred
M744_RS10110	M744_10615	WP_011242657.1	Txe/YoeB family addiction module toxin	K19158	1	yes	yes	yes	1	ko_assigned	transferred
M744_RS10115	M744_10620	WP_231621315.1	DUF2281 domain-containing protein		0	no	no	no	0	named_no_ko_no_go	unknown
M744_RS10120	M744_10625	WP_339327470.1	tyrosine-type recombinase/integrase		0	no	no	no	3	go_iea_only	transferred
M744_RS10125	M744_10630	WP_190528567.1	type II toxin-antitoxin system Phd/YefM family antitoxin	K28280	1	no	yes	yes	1	ko_assigned	transferred
M744_RS10130	M744_10635	WP_011242660.1	type II toxin-antitoxin system VapC family toxin		0	no	no	no	3	go_iea_only	transferred
M744_RS10135	M744_10640	WP_011242661.1	glycosyltransferase family 39 protein		0	no	no	no	0	named_no_ko_no_go	unknown
M744_RS10140	M744_10645	WP_011377915.1	glycosyltransferase		0	no	no	no	0	named_no_ko_no_go	unknown
M744_RS10145	M744_10650	WP_011377914.1	lysylphosphatidylglycerol synthase transmembrane domain-containing protein		0	no	no	no	1	go_iea_only	transferred
M744_RS10150	M744_10655	WP_011242664.1	TrmH family RNA methyltransferase	K03437	1	no	yes	yes	5	ko_assigned	transferred
M744_RS10155	M744_10660	WP_011377912.1	dihydrolipoyl dehydrogenase	K00382	1	yes	yes	yes	2	ko_assigned	transferred
M744_RS10160	M744_10665	WP_011242666.1	indole-3-glycerol phosphate synthase TrpC	K01609	1	no	yes	yes	2	ko_assigned	transferred
M744_RS10165	M744_10670	WP_011242667.1	regulatory protein SipA		0	no	no	no	0	named_no_ko_no_go	unknown
M744_RS10170	M744_10675	WP_011377911.1	hypothetical protein		0	no	no	no	0	hypothetical_no_homology_evidence	unknown
M744_RS10175	M744_10680	WP_039755983.1	pyridoxine 5'-phosphate synthase	K03474	1	yes	yes	yes	2	ko_assigned	transferred
M744_RS10180	M744_10685	WP_039755741.1	lysophospholipid acyltransferase family protein		0	no	no	no	2	go_iea_only	transferred
M744_RS10185	M744_10690	WP_011377909.1	hypothetical protein		0	no	no	no	0	hypothetical_no_homology_evidence	unknown
M744_RS10190	M744_10695	WP_011377908.1	guanylate kinase	K00942	1	yes	yes	yes	2	ko_assigned	transferred
M744_RS10195	M744_10700	WP_011377907.1	leucyl aminopeptidase	K01255	1	yes	yes	yes	0	ko_assigned	transferred
M744_RS10200	M744_10705	WP_011242674.1	molybdenum cofactor guanylyltransferase	K03752	1	yes	yes	yes	0	ko_assigned	transferred
M744_RS10205	M744_10710	WP_011242675.1	DUF4346 domain-containing protein		0	no	no	no	0	named_no_ko_no_go	unknown
M744_RS10210	M744_10715	WP_011377906.1	GNAT family N-acetyltransferase	K09919	1	no	yes	yes	1	ko_assigned	transferred
M744_RS10215	M744_10720	WP_011377905.1	RibD family protein		0	no	no	no	1	go_iea_only	transferred
M744_RS10220	M744_10725	WP_011242677.1	hypothetical protein		0	no	no	no	0	hypothetical_no_homology_evidence	unknown
M744_RS10225	M744_10730	WP_011242678.1	6-carboxytetrahydropterin synthase	K01737	1	yes	yes	yes	3	ko_assigned	transferred
M744_RS10230	M744_10735	WP_011242679.1	hypothetical protein		0	no	no	no	0	hypothetical_no_homology_evidence	unknown
M744_RS10235	M744_10740	WP_011377903.1	NAD(P)H-quinone oxidoreductase subunit J	K05581	1	no	yes	yes	0	ko_assigned	transferred
M744_RS10240	M744_10745	WP_011242681.1	NADH dehydrogenase subunit K	K05582	1	no	yes	yes	0	ko_assigned	transferred
M744_RS10245	M744_10750	WP_039755986.1	photosynthetic/respiratory NAD(P)H-quinone oxidoreductase subunit C	K05574	1	no	yes	yes	0	ko_assigned	transferred
M744_RS10250	M744_10755	WP_011242683.1	rubredoxin		0	no	no	no	3	go_iea_only	transferred
M744_RS10255	M744_10760	WP_011377902.1	photosynthesis system II assembly factor Ycf48		0	no	no	no	0	named_no_ko_no_go	unknown
M744_RS10260	M744_10765	WP_011242685.1	cytochrome b559 subunit alpha	K02707	1	no	yes	yes	5	ko_assigned	transferred
M744_RS10265	M744_10770	WP_011242686.1	cytochrome b559 subunit beta	K02708	1	no	yes	yes	7	ko_assigned	transferred
M744_RS10270	M744_10775	WP_011377901.1	photosystem II reaction center protein PsbL	K02713	1	no	yes	yes	2	ko_assigned	transferred
M744_RS10275	M744_10780	WP_011377899.1	TIGR04283 family arsenosugar biosynthesis glycosyltransferase	K09931	1	no	yes	yes	2	ko_assigned	transferred
M744_RS10280	M744_10785	WP_231621316.1	apolipoprotein N-acyltransferase	K03820	1	yes	yes	yes	3	ko_assigned	transferred
M744_RS10285	M744_10790	WP_011377897.1	cryptochrome/photolyase family protein	K06876	1	no	yes	yes	1	ko_assigned	transferred
M744_RS10290	M744_10795	WP_011242692.1	2-C-methyl-D-erythritol 2%2C4-cyclodiphosphate synthase	K01770	1	yes	yes	yes	2	ko_assigned	transferred
M744_RS10295	M744_10800	WP_011377896.1	ABC transporter substrate-binding protein	K02035	1	yes	yes	yes	2	ko_assigned	transferred
M744_RS10300	M744_10805	WP_011377895.1	nickel pincer cofactor biosynthesis protein LarB	K06898	1	no	yes	yes	2	ko_assigned	transferred
M744_RS10305	M744_10810	WP_011377894.1	phycobiliprotein lyase		0	no	no	no	0	named_no_ko_no_go	unknown
M744_RS10310	M744_10815	WP_011242696.1	recombinase family protein		0	no	no	no	3	go_iea_only	transferred
M744_RS10315	M744_10820	WP_265575066.1	ATP adenylyltransferase family protein		0	no	no	no	3	go_iea_only	transferred
M744_RS10320	M744_10825	WP_011377892.1	hypothetical protein		0	no	no	no	0	hypothetical_no_homology_evidence	unknown
M744_RS10330	M744_10835	WP_011377891.1	MFS transporter		0	no	no	no	2	go_iea_only	transferred
M744_RS10335	M744_10840	WP_011242700.1	DMT family transporter	K09936	1	yes	yes	yes	3	ko_assigned	transferred
M744_RS10340	M744_10845	WP_011242701.1	DMT family transporter	K09936	1	yes	yes	yes	3	ko_assigned	transferred
M744_RS10345	M744_10850	WP_011242702.1	NAD-dependent epimerase/dehydratase family protein		0	no	no	no	1	go_iea_only	transferred
M744_RS10350	M744_10855	WP_039755750.1	MarR family winged helix-turn-helix transcriptional regulator		0	no	no	no	2	go_iea_only	transferred
M744_RS10355	M744_10860	WP_011377890.1	EAL domain-containing protein		0	no	no	no	0	named_no_ko_no_go	unknown
M744_RS10360	M744_10865	WP_011377889.1	UvrD-helicase domain-containing protein		0	no	no	no	4	go_iea_only	transferred
M744_RS10365	M744_10870	WP_011377888.1	PD-(D/E)XK nuclease family protein		0	no	no	no	4	go_iea_only	transferred
M744_RS10370	M744_10875	WP_011242707.1	hypothetical protein		0	no	no	no	0	hypothetical_no_homology_evidence	unknown
M744_RS10375	M744_10880	WP_011377886.1	GTPase family protein		0	no	no	no	2	go_iea_only	transferred
M744_RS10380	M744_10885	WP_011242709.1	GTPase family protein	K06946	1	yes	yes	yes	2	ko_assigned	transferred
M744_RS10390	M744_10895	WP_011242711.1	bifunctional pantoate--beta-alanine ligase/(d)CMP kinase	K13799	1	no	yes	yes	0	ko_assigned	transferred
M744_RS10395	M744_10900	WP_011242712.1	DUF305 domain-containing protein		0	no	no	no	0	named_no_ko_no_go	unknown
M744_RS10405	M744_10910	WP_011377884.1	UDP-glucuronic acid decarboxylase family protein	K08678	1	no	yes	yes	3	ko_assigned	transferred
M744_RS10410	M744_10915	WP_011242714.1	HD domain-containing phosphohydrolase		0	no	no	no	0	named_no_ko_no_go	unknown
M744_RS10415	M744_10920	WP_011242715.1	type II toxin-antitoxin system HicA family toxin		0	no	no	no	1	go_iea_only	transferred
M744_RS10420	M744_10925	WP_011242716.1	BolA family protein		0	no	no	no	3	go_iea_only	transferred
M744_RS10425	M744_10930	WP_039755754.1	Grx4 family monothiol glutaredoxin	K07390	1	yes	yes	yes	1	ko_assigned	transferred
M744_RS10435	M744_10940	WP_011377882.1	LPS export ABC transporter periplasmic protein LptC		0	no	no	no	3	go_iea_only	transferred
M744_RS10440	M744_10945	WP_011242719.1	LabA-like NYN domain-containing protein		0	no	no	no	1	go_iea_only	transferred
M744_RS10445	M744_10950	WP_011242720.1	methionine--tRNA ligase	K01874	1	yes	yes	yes	4	ko_assigned	transferred
M744_RS10450	M744_10955	WP_011377881.1	Mo-dependent nitrogenase C-terminal domain-containing protein		0	no	no	no	0	named_no_ko_no_go	unknown
M744_RS10455	M744_10960	WP_011377880.1	FAD-dependent oxidoreductase		0	no	no	no	2	go_iea_only	transferred
M744_RS10460	M744_10965	WP_011377879.1	pilus motility taxis protein HmpF		0	no	no	no	0	named_no_ko_no_go	unknown
M744_RS10465	M744_10970	WP_011377878.1	tRNA lysidine(34) synthetase TilS	K04075	1	yes	yes	yes	3	ko_assigned	transferred
M744_RS10470	M744_10975	WP_011242725.1	DUF561 domain-containing protein		0	no	no	no	0	named_no_ko_no_go	unknown
M744_RS10475	M744_10980	WP_011377877.1	M1 family metallopeptidase	K01256	1	yes	yes	yes	3	ko_assigned	transferred
M744_RS10480	M744_10985	WP_011242727.1	gamma-glutamylcyclotransferase	K07232	1	yes	yes	yes	2	ko_assigned	transferred
M744_RS10485	M744_10990	WP_126148201.1	hypothetical protein		0	no	no	no	0	hypothetical_no_homology_evidence	unknown
M744_RS10490	M744_10995	WP_011242728.1	peptidase domain-containing ABC transporter		0	no	no	no	5	go_iea_only	transferred
M744_RS10495	M744_11000	WP_011377875.1	beta-barrel domain-containing protein		0	no	no	no	0	named_no_ko_no_go	unknown
M744_RS10500	M744_11005	WP_011242730.1	ferredoxin-thioredoxin reductase variable chain		0	no	no	no	0	named_no_ko_no_go	unknown
M744_RS10505	M744_11010	WP_011377874.1	PP2C family protein-serine/threonine phosphatase		0	no	no	no	3	go_iea_only	transferred
M744_RS10510	M744_11015	WP_011377873.1	hypothetical protein		0	no	no	no	0	hypothetical_no_homology_evidence	unknown
M744_RS10515	M744_11020	WP_011242733.1	bluetail domain-containing putative surface protein		0	no	no	no	0	named_no_ko_no_go	unknown
M744_RS10520	M744_11030	WP_011242734.1	TldD/PmbA family protein	K03568	1	yes	yes	yes	3	ko_assigned	transferred
M744_RS10525	M744_11035	WP_011242735.1	ABC transporter permease	K09690	1	no	yes	yes	4	ko_assigned	transferred
M744_RS10530	M744_11040	WP_011377872.1	Hpt domain-containing protein		0	no	no	no	1	go_iea_only	transferred
M744_RS10535	M744_11045	WP_011242737.1	ribonuclease R family protein	K01147	1	yes	yes	yes	2	ko_assigned	transferred
M744_RS10540	M744_11050	WP_011242738.1	30S ribosomal protein S18	K02963	1	yes	yes	yes	4	ko_assigned	transferred
M744_RS10545	M744_11060	WP_011377871.1	serine/threonine-protein kinase		0	no	no	no	2	go_iea_only	transferred
M744_RS10550	M744_11065	WP_011377870.1	high light inducible protein		0	no	no	no	0	named_no_ko_no_go	unknown
M744_RS10555	M744_11070	WP_231621404.1	TVP38/TMEM64 family protein		0	no	no	no	1	go_iea_only	transferred
M744_RS10560	M744_11075	WP_011242743.1	mercuric reductase		0	no	no	no	0	named_no_ko_no_go	unknown
M744_RS10565	M744_11080	WP_011242744.1	EcsC family protein		0	no	no	no	0	named_no_ko_no_go	unknown
M744_RS10570	M744_11085	WP_011377868.1	phosphoglycerate kinase	K00927	1	yes	yes	yes	4	ko_assigned	transferred
M744_RS10575	M744_11090	WP_011242746.1	universal stress protein		0	no	no	no	1	go_iea_only	transferred
M744_RS10580	M744_11095	WP_011242747.1	ribosome biogenesis GTPase YlqF	K14540	1	no	yes	yes	4	ko_assigned	transferred
M744_RS10585	M744_11100	WP_011242748.1	AI-2E family transporter		0	no	no	no	2	go_iea_only	transferred
M744_RS10590	M744_11105	WP_011242749.1	RluA family pseudouridine synthase	K06180	1	yes	yes	yes	3	ko_assigned	transferred
M744_RS10595	M744_11110	WP_011377867.1	serine/threonine-protein kinase	K08884	1	no	yes	yes	2	ko_assigned	transferred
M744_RS10600	M744_11115	WP_173282515.1	response regulator		0	no	no	no	1	go_iea_only	transferred
M744_RS10605	M744_11120	WP_011377866.1	threonine-phosphate decarboxylase CobD	K04720	1	no	yes	yes	2	ko_assigned	transferred
M744_RS10610	M744_11125	WP_011242753.1	HU family DNA-binding protein	K03530	1	yes	yes	yes	3	ko_assigned	transferred
M744_RS10615	M744_11130	WP_011242754.1	pentapeptide repeat-containing protein		0	no	no	no	0	named_no_ko_no_go	unknown
M744_RS10620	M744_11135	WP_011242755.1	CRR6 family NdhI maturation factor		0	no	no	no	0	named_no_ko_no_go	unknown
M744_RS10625	M744_11140	WP_011242756.1	iron-sulfur cluster carrier protein ApbC	K03593	1	yes	yes	yes	4	ko_assigned	transferred
M744_RS10630	M744_11145	WP_011377865.1	rod shape-determining protein RodA	K05837	1	yes	yes	yes	2	ko_assigned	transferred
M744_RS10635	M744_11150	WP_011377864.1	glucosamine-6-phosphate deaminase	K02564	1	yes	yes	yes	0	ko_assigned	transferred
M744_RS10640	M744_11155	WP_011242759.1	hypothetical protein		0	no	no	no	0	hypothetical_no_homology_evidence	unknown
M744_RS10645	M744_11160	WP_011242760.1	HhoA/HhoB/HtrA family serine endopeptidase		0	no	no	no	0	named_no_ko_no_go	unknown
M744_RS10650	M744_11165	WP_011377863.1	chromosomal replication initiator protein DnaA	K02313	1	yes	yes	yes	4	ko_assigned	transferred
M744_RS10655	M744_11170	WP_011242762.1	bifunctional demethylmenaquinone methyltransferase/2-methoxy-6-polyprenyl-1%2C4-benzoquinol methylase UbiE	K23095	1	no	yes	yes	2	ko_assigned	transferred
M744_RS10660	M744_11175	WP_011377862.1	DUF445 domain-containing protein		0	no	no	no	1	go_iea_only	transferred
M744_RS10665	M744_11180	WP_011377861.1	phosphomethylpyrimidine synthase	K03147	1	yes	yes	yes	3	ko_assigned	transferred
M744_RS10670	M744_11185	WP_011242766.1	hypothetical protein		0	no	no	no	0	hypothetical_no_homology_evidence	unknown
M744_RS10675	M744_11190	WP_011242767.1	TenA family protein	K03707	1	no	yes	yes	2	ko_assigned	transferred
M744_RS10680	M744_11195	WP_011377860.1	anhydro-N-acetylmuramic acid kinase	K09001	1	yes	yes	yes	0	ko_assigned	transferred
M744_RS10685	M744_11200	WP_011242769.1	class I SAM-dependent methyltransferase		0	no	no	no	3	go_iea_only	transferred
M744_RS10690	M744_11210	WP_011242770.1	class I SAM-dependent methyltransferase		0	no	no	no	3	go_iea_only	transferred
M744_RS10695	M744_11215	WP_011242771.1	TPM domain-containing protein		0	no	no	no	1	go_iea_only	transferred
M744_RS10700	M744_11220	WP_039755993.1	ATP-dependent chaperone ClpB	K03695	1	yes	yes	yes	3	ko_assigned	transferred
M744_RS10705	M744_11225	WP_011242773.1	plastocyanin	K02638	1	no	yes	yes	3	ko_assigned	transferred
M744_RS10710	M744_11230	WP_011242774.1	NAD-dependent epimerase/dehydratase family protein		0	no	no	no	2	go_iea_only	transferred
M744_RS10715	M744_11235	WP_011242775.1	uroporphyrinogen decarboxylase	K01599	1	yes	yes	yes	2	ko_assigned	transferred
M744_RS10720	M744_11240	WP_011242776.1	1%2C4-alpha-glucan branching protein GlgB	K00700	1	yes	yes	yes	4	ko_assigned	transferred
M744_RS10725	M744_11245	WP_011242777.1	hypothetical protein		0	no	no	no	0	hypothetical_no_homology_evidence	unknown
M744_RS10730	M744_11250	WP_231621318.1	glycosyltransferase family 2 protein	K19003	1	no	yes	yes	2	ko_assigned	transferred
M744_RS10735	M744_11255	WP_049749327.1	cation-translocating P-type ATPase	K01537	1	no	yes	yes	6	ko_assigned	transferred
M744_RS10740	M744_11265	WP_011242780.1	potassium channel family protein	K03499	1	yes	yes	yes	4	ko_assigned	transferred
M744_RS10745	M744_11270	WP_011377856.1	TrkH family potassium uptake protein	K03498	1	yes	yes	yes	2	ko_assigned	transferred
M744_RS10755	M744_11280	WP_011242782.1	ATP-dependent DNA helicase RecG	K03655	1	yes	yes	yes	0	ko_assigned	transferred
M744_RS10760	M744_11285	WP_011242783.1	hypothetical protein		0	no	no	no	0	hypothetical_no_homology_evidence	unknown
M744_RS10765	M744_11290	WP_011377854.1	DUF3067 family protein		0	no	no	no	0	named_no_ko_no_go	unknown
M744_RS10770	M744_11295	WP_011242785.1	YbjN domain-containing protein		0	no	no	no	0	named_no_ko_no_go	unknown
M744_RS10775	M744_11300	WP_011242786.1	hypothetical protein		0	no	no	no	0	hypothetical_no_homology_evidence	unknown
M744_RS10780	M744_11305	WP_011242787.1	hypothetical protein		0	no	no	no	0	hypothetical_no_homology_evidence	unknown
M744_RS10785	M744_11310	WP_011242788.1	ribonuclease PH	K00989	1	yes	yes	yes	3	ko_assigned	transferred
M744_RS10790	M744_11315	WP_011377853.1	P-loop NTPase family protein	K00798	1	no	yes	yes	0	ko_assigned	transferred
M744_RS10795	M744_11320	WP_011242790.1	bifunctional nuclease family protein	K08999	1	no	yes	yes	1	ko_assigned	transferred
M744_RS10800	M744_11325	WP_011242791.1	aldo/keto reductase	K07079	1	no	yes	yes	1	ko_assigned	transferred
M744_RS10805		WP_126146592.1	hypothetical protein		0	no	no	no	0	hypothetical_no_homology_evidence	unknown
M744_RS10810	M744_11335	WP_011377850.1	dihydrolipoamide acetyltransferase family protein	K00627	1	yes	yes	yes	2	ko_assigned	transferred
M744_RS10815	M744_11340	WP_011242794.1	DUF4145 domain-containing protein		0	no	no	no	0	named_no_ko_no_go	unknown
M744_RS10825	M744_11350	WP_011242795.1	type I restriction endonuclease subunit R	K01153	1	yes	yes	yes	6	ko_assigned	transferred
M744_RS10830	M744_11355	WP_011377848.1	restriction endonuclease subunit S	K01154	1	yes	yes	yes	2	ko_assigned	transferred
M744_RS10835	M744_11360	WP_011242797.1	DUF4351 domain-containing protein		0	no	no	no	0	named_no_ko_no_go	unknown
M744_RS10840	M744_11365	WP_011242798.1	DUF4351 domain-containing protein		0	no	no	no	0	named_no_ko_no_go	unknown
M744_RS10845	M744_11370	WP_011242799.1	DUF4351 domain-containing protein		0	no	no	no	0	named_no_ko_no_go	unknown
M744_RS10850	M744_11375	WP_039755764.1	hypothetical protein		0	no	no	no	0	hypothetical_no_homology_evidence	unknown
M744_RS10855	M744_11380	WP_011242800.1	type I restriction-modification system subunit M	K03427	1	yes	yes	yes	4	ko_assigned	transferred
M744_RS10860	M744_11385	WP_011242801.1	DUF1517 domain-containing protein		0	no	no	no	0	named_no_ko_no_go	unknown
M744_RS10865	M744_11390	WP_011242802.1	sulfur carrier protein ThiS	K03154	1	yes	yes	yes	2	ko_assigned	transferred
M744_RS10870	M744_11395	WP_011377846.1	thiamine phosphate synthase	K00788	1	yes	yes	yes	0	ko_assigned	transferred
M744_RS10875	M744_11400	WP_011242804.1	helix-turn-helix domain-containing protein		0	no	no	no	1	go_iea_only	transferred
M744_RS10880	M744_11405	WP_011377845.1	C-phycocyanin alpha-cysteine-84 phycocyanobilin lyase subunit CpcF	K02289	1	no	yes	yes	2	ko_assigned	transferred
M744_RS10885	M744_11410	WP_011242806.1	C-phycocyanin alpha-cysteine-84 phycocyanobilin lyase subunit CpcE	K02288	1	no	yes	yes	2	ko_assigned	transferred
M744_RS10890	M744_11415	WP_011242807.1	C-phycocyanin subunit alpha	K02284	1	no	yes	yes	3	ko_assigned	transferred
M744_RS10895	M744_11420	WP_011242808.1	C-phycocyanin subunit beta	K02285	1	no	yes	yes	2	ko_assigned	transferred
M744_RS10900	M744_11425	WP_011242809.1	rod-capping linker protein CpcD	K02287	1	no	yes	yes	2	ko_assigned	transferred
M744_RS10905	M744_11430	WP_011242810.1	phycobilisome rod-core linker polypeptide	K02286	1	no	yes	yes	2	ko_assigned	transferred
M744_RS10910	M744_11435	WP_011377844.1	phycobilisome rod-core linker polypeptide	K02286	1	no	yes	yes	2	ko_assigned	transferred
M744_RS10915	M744_11440	WP_011242807.1	C-phycocyanin subunit alpha	K02284	1	no	yes	yes	3	ko_assigned	transferred
M744_RS10920	M744_11445	WP_011242808.1	C-phycocyanin subunit beta	K02285	1	no	yes	yes	2	ko_assigned	transferred
M744_RS10925	M744_11450	WP_011377843.1	hypothetical protein		0	no	no	no	0	hypothetical_no_homology_evidence	unknown
M744_RS10930	M744_11455	WP_011377842.1	SpoIID/LytB domain-containing protein		0	no	no	no	1	go_iea_only	transferred
M744_RS10935	M744_11460	WP_011242816.1	FAD-dependent thymidylate synthase	K03465	1	no	yes	yes	3	ko_assigned	transferred
M744_RS10940	M744_11465	WP_011242817.1	diacylglycerol/polyprenol kinase family protein	K18678	1	no	yes	yes	2	ko_assigned	transferred
M744_RS10945	M744_11470	WP_011242818.1	hypothetical protein		0	no	no	no	0	hypothetical_no_homology_evidence	unknown
M744_RS10950	M744_11480	WP_011242819.1	GIY-YIG nuclease family protein		0	no	no	no	1	go_iea_only	transferred
M744_RS10955	M744_11485	WP_011242820.1	nuclear transport factor 2 family protein	K09958	1	no	yes	yes	0	ko_assigned	transferred
M744_RS10960	M744_11490	WP_231621319.1	photosystem II reaction center PsbP	K02717	1	no	yes	yes	0	ko_assigned	transferred
M744_RS10965	M744_11495	WP_011377840.1	biosynthetic arginine decarboxylase	K01585	1	yes	yes	yes	2	ko_assigned	transferred
M744_RS10970	M744_11500	WP_011377839.1	hypothetical protein		0	no	no	no	0	hypothetical_no_homology_evidence	unknown
M744_RS10975	M744_11510	WP_011377838.1	proteasome-type protease	K07395	1	no	yes	yes	0	ko_assigned	transferred
M744_RS10980	M744_11515	WP_011377837.1	transglutaminase family protein		0	no	no	no	0	named_no_ko_no_go	unknown
M744_RS10985	M744_11520	WP_011242826.1	alpha-E domain-containing protein		0	no	no	no	0	named_no_ko_no_go	unknown
M744_RS10990	M744_11525	WP_011377836.1	circularly permuted type 2 ATP-grasp protein		0	no	no	no	0	named_no_ko_no_go	unknown
M744_RS11000	M744_11535	WP_011377834.1	histidinol-phosphate transaminase	K00817	1	yes	yes	yes	0	ko_assigned	transferred
M744_RS11005	M744_11540	WP_011242829.1	branched-chain amino acid transaminase	K00826	1	yes	yes	yes	2	ko_assigned	transferred
M744_RS11010	M744_11550	WP_473965370.1	alpha/beta fold hydrolase		0	no	no	no	0	named_no_ko_no_go	unknown
M744_RS11015	M744_11555	WP_173282518.1	DUF370 domain-containing protein	K09777	1	no	yes	yes	0	ko_assigned	transferred
M744_RS11020	M744_11560	WP_011242832.1	Rqc2 family fibronectin-binding protein		0	no	no	no	3	go_iea_only	transferred
M744_RS11025	M744_11565	WP_231621320.1	tetratricopeptide repeat protein		0	no	no	no	0	named_no_ko_no_go	unknown
M744_RS11030	M744_11570	WP_231621321.1	DMT family transporter		0	no	no	no	3	go_iea_only	transferred
M744_RS11035	M744_11575	WP_011242836.1	DUF1350 family protein		0	no	no	no	0	named_no_ko_no_go	unknown
M744_RS11040	M744_11580	WP_011242837.1	2-succinylbenzoate--CoA ligase	K01911	1	yes	yes	yes	0	ko_assigned	transferred
M744_RS11045	M744_11585	WP_011242838.1	o-succinylbenzoate synthase	K02549	1	yes	yes	yes	0	ko_assigned	transferred
M744_RS11050	M744_11590	WP_011242839.1	4-alpha-glucanotransferase	K00705	1	yes	yes	yes	2	ko_assigned	transferred
M744_RS11055	M744_11595	WP_011242840.1	hypothetical protein		0	no	no	no	0	hypothetical_no_homology_evidence	unknown
M744_RS11060	M744_11600	WP_011377832.1	YebC/PmpR family DNA-binding transcriptional regulator		0	no	no	no	0	named_no_ko_no_go	unknown
M744_RS11070	M744_11610	WP_011242842.1	chemotaxis protein CheW	K03408	1	yes	yes	yes	2	ko_assigned	transferred
M744_RS11075	M744_11615	WP_011242843.1	methyl-accepting chemotaxis protein	K02660	1	no	yes	yes	4	ko_assigned	transferred
M744_RS11080	M744_11620	WP_011377831.1	hybrid sensor histidine kinase/response regulator		0	no	no	no	4	go_iea_only	transferred
M744_RS11085	M744_11625	WP_011377830.1	hypothetical protein		0	no	no	no	0	hypothetical_no_homology_evidence	unknown
M744_RS11090	M744_11635	WP_011242845.1	response regulator transcription factor	K07657	1	yes	yes	yes	4	ko_assigned	transferred
M744_RS11095	M744_11640	WP_011377829.1	sensor histidine kinase	K07636	1	yes	yes	yes	3	ko_assigned	transferred
M744_RS11100	M744_11645	WP_011242847.1	pseudouridine synthase	K06183	1	yes	yes	yes	4	ko_assigned	transferred
M744_RS11105	M744_11650	WP_011377828.1	helix-turn-helix domain-containing protein		0	no	no	no	1	go_iea_only	transferred
M744_RS11110	M744_11655	WP_011377827.1	formyltetrahydrofolate deformylase	K01433	1	yes	yes	yes	2	ko_assigned	transferred
M744_RS11115	M744_11660	WP_011242850.1	class II fumarate hydratase	K01679	1	yes	yes	yes	3	ko_assigned	transferred
M744_RS11125	M744_11670	WP_011242851.1	tetratricopeptide repeat protein		0	no	no	no	1	go_iea_only	transferred
M744_RS11130	M744_11675	WP_011242852.1	HAD family hydrolase	K20866	1	yes	yes	yes	1	ko_assigned	transferred
M744_RS11135	M744_11680	WP_011377826.1	cupin domain-containing protein	K11312	1	no	yes	yes	0	ko_assigned	transferred
M744_RS11140	M744_11685	WP_011242854.1	anthranilate synthase component I family protein	K01657	1	yes	yes	yes	2	ko_assigned	transferred
M744_RS11145	M744_11690	WP_011377824.1	photosystem I reaction center subunit II PsaD	K02692	1	no	yes	yes	3	ko_assigned	transferred
M744_RS11150	M744_11695	WP_039756002.1	aspartate kinase	K00928	1	yes	yes	yes	0	ko_assigned	transferred
M744_RS11155	M744_11700	WP_011377822.1	endonuclease/exonuclease/phosphatase family protein	K07004	1	no	yes	yes	1	ko_assigned	transferred
M744_RS11160	M744_11705	WP_011377821.1	hypothetical protein		0	no	no	no	0	hypothetical_no_homology_evidence	unknown
M744_RS11165	M744_11710	WP_011377820.1	ATP-dependent zinc metalloprotease FtsH	K03798	1	yes	yes	yes	5	ko_assigned	transferred
M744_RS11170	M744_11715	WP_011242859.1	50S ribosomal protein L32	K02911	1	yes	yes	yes	3	ko_assigned	transferred
M744_RS11175	M744_11720	WP_231621322.1	hypothetical protein	K15918	1	no	yes	yes	0	ko_assigned	transferred
M744_RS11180	M744_11725	WP_011377819.1	DUF565 domain-containing protein		0	no	no	no	0	named_no_ko_no_go	unknown
M744_RS11185	M744_11730	WP_011377818.1	hypothetical protein		0	no	no	no	0	hypothetical_no_homology_evidence	unknown
M744_RS11190	M744_11735	WP_196794059.1	DUF697 domain-containing protein	K06883	1	no	yes	yes	0	ko_assigned	transferred
M744_RS11195	M744_11740	WP_011377816.1	hypothetical protein		0	no	no	no	0	hypothetical_no_homology_evidence	unknown
M744_RS11200	M744_11745	WP_011242865.1	proton extrusion protein PcxA		0	no	no	no	0	named_no_ko_no_go	unknown
M744_RS11205	M744_11750	WP_011242866.1	bifunctional adenosylcobinamide kinase/adenosylcobinamide-phosphate guanylyltransferase	K02231	1	yes	yes	yes	3	ko_assigned	transferred
M744_RS11210	M744_11755	WP_011377815.1	hypothetical protein		0	no	no	no	0	hypothetical_no_homology_evidence	unknown
M744_RS11215	M744_11760	WP_011242868.1	MgPME-cyclase complex family protein		0	no	no	no	0	named_no_ko_no_go	unknown
M744_RS11220	M744_11765	WP_011242869.1	ferric uptake regulation protein	K03711	1	yes	yes	yes	4	ko_assigned	transferred
M744_RS11225	M744_11770	WP_011242870.1	glycosyltransferase family 4 protein		0	no	no	no	2	go_iea_only	transferred
M744_RS11230	M744_11775	WP_011242871.1	MFS transporter		0	no	no	no	2	go_iea_only	transferred
M744_RS11235	M744_11780	WP_011242872.1	DNA repair protein RecO	K03584	1	yes	yes	yes	3	ko_assigned	transferred
M744_RS11240	M744_11785	WP_011242873.1	deoxyribose-phosphate aldolase	K01619	1	yes	yes	yes	3	ko_assigned	transferred
M744_RS11245	M744_11790	WP_231621323.1	SRPBCC family protein		0	no	no	no	1	go_iea_only	transferred
M744_RS11250	M744_11795	WP_011242875.1	ATP-binding protein		0	no	no	no	2	go_iea_only	transferred
M744_RS11255	M744_11805	WP_011377814.1	LysE family translocator		0	no	no	no	2	go_iea_only	transferred
M744_RS11260	M744_11810	WP_011242877.1	DinB family protein		0	no	no	no	1	go_iea_only	transferred
M744_RS11265	M744_11815	WP_039755778.1	hypothetical protein		0	no	no	no	0	hypothetical_no_homology_evidence	unknown
M744_RS11270	M744_11820	WP_011242878.1	bifunctional rod-capping linker CpcD/ferredoxin--NADP reductase PetH	K02641	1	no	yes	yes	2	ko_assigned	transferred
M744_RS11275	M744_11825	WP_011242879.1	phosphoribulokinase	K00855	1	no	yes	yes	0	ko_assigned	transferred
M744_RS11280	M744_11830	WP_011377813.1	CBS domain-containing protein	K00974	1	yes	yes	yes	0	ko_assigned	transferred
M744_RS11285	M744_11835	WP_011242881.1	16S rRNA (cytosine(1402)-N(4))-methyltransferase RsmH	K03438	1	yes	yes	yes	2	ko_assigned	transferred
M744_RS11295	M744_11845	WP_011242883.1	RidA family protein	K09022	1	yes	yes	yes	0	ko_assigned	transferred
M744_RS11300	M744_11850	WP_039755781.1	DUF4912 domain-containing protein	K09942	1	no	yes	yes	0	ko_assigned	transferred
M744_RS11305	M744_11855	WP_011242885.1	C-3'%2C4' desaturase CrtD		0	no	no	no	2	go_iea_only	transferred
M744_RS11310	M744_11860	WP_011242886.1	dienelactone hydrolase family protein	K01061	1	yes	yes	yes	1	ko_assigned	transferred
M744_RS11315	M744_11865	WP_039755782.1	hypothetical protein		0	no	no	no	0	hypothetical_no_homology_evidence	unknown
M744_RS11320	M744_11870	WP_011242887.1	hydroxymethylbilane synthase	K01749	1	yes	yes	yes	2	ko_assigned	transferred
M744_RS11325	M744_11875	WP_011377808.1	type III secretion system chaperone family protein		0	no	no	no	0	named_no_ko_no_go	unknown
M744_RS11330	M744_11880	WP_011242889.1	inositol monophosphatase family protein	K01082	1	yes	yes	yes	0	ko_assigned	transferred
M744_RS11335	M744_11885	WP_011242890.1	hypothetical protein		0	no	no	no	0	hypothetical_no_homology_evidence	unknown
M744_RS11340	M744_11890	WP_011377807.1	16S rRNA (cytosine(967)-C(5))-methyltransferase	K03500	1	yes	yes	yes	0	ko_assigned	transferred
M744_RS11345	M744_11895	WP_011377806.1	LCP family protein		0	no	no	no	1	go_iea_only	transferred
M744_RS11350	M744_11900	WP_039756004.1	ABC transporter ATP-binding protein	K10112	1	no	yes	yes	3	ko_assigned	transferred
M744_RS11355	M744_11905	WP_011242895.1	GTPase ObgE	K03979	1	yes	yes	yes	1	ko_assigned	transferred
M744_RS11360	M744_11910	WP_011242896.1	phosphoribosylglycinamide formyltransferase	K11175	1	yes	yes	yes	2	ko_assigned	transferred
M744_RS11365	M744_11915	WP_011242897.1	cob(I)yrinic acid a%2Cc-diamide adenosyltransferase	K19221	1	yes	yes	yes	2	ko_assigned	transferred
M744_RS11370	M744_11920	WP_011242898.1	CobW family GTP-binding protein		0	no	no	no	3	go_iea_only	transferred
M744_RS11375	M744_11925	WP_011242899.1	hypothetical protein		0	no	no	no	0	hypothetical_no_homology_evidence	unknown
M744_RS11380	M744_11930	WP_231621324.1	CAF17-like 4Fe-4S cluster assembly/insertion protein YgfZ	K06980	1	yes	yes	yes	2	ko_assigned	transferred
M744_RS11385	M744_11935	WP_011242901.1	EVE domain-containing protein		0	no	no	no	1	go_iea_only	transferred
M744_RS11390	M744_11940	WP_011377804.1	RecB family exonuclease		0	no	no	no	5	go_iea_only	transferred
M744_RS11395	M744_11945	WP_011377803.1	carboxylating nicotinate-nucleotide diphosphorylase	K00767	1	yes	yes	yes	2	ko_assigned	transferred
M744_RS11400	M744_11950	WP_011242904.1	ABC transporter substrate-binding protein	K10236	1	no	yes	yes	0	ko_assigned	transferred
M744_RS11405	M744_11955	WP_011242905.1	carbohydrate ABC transporter permease	K10237	1	no	yes	yes	3	ko_assigned	transferred
M744_RS11410	M744_11960	WP_011377802.1	carbohydrate ABC transporter permease	K10238	1	no	yes	yes	2	ko_assigned	transferred
M744_RS11415	M744_11965	WP_011242907.1	ABC transporter ATP-binding protein	K10112	1	no	yes	yes	3	ko_assigned	transferred
M744_RS11420	M744_11970	WP_011242908.1	flavin monoamine oxidase family protein	K21639	1	no	yes	yes	2	ko_assigned	transferred
M744_RS11425	M744_11980	WP_011242909.1	arsenosugar biosynthesis radical SAM (seleno)protein ArsS		0	no	no	no	1	go_iea_only	transferred
M744_RS11430	M744_11985	WP_011242910.1	bifunctional folylpolyglutamate synthase/dihydrofolate synthase	K11754	1	yes	yes	yes	5	ko_assigned	transferred
M744_RS11435	M744_11990	WP_321167209.1	aspartate aminotransferase family protein	K00821	1	yes	yes	yes	0	ko_assigned	transferred
M744_RS11440	M744_12000	WP_011242912.1	ATP-dependent zinc metalloprotease FtsH2	K03798	1	yes	yes	yes	0	ko_assigned	transferred
M744_RS11445	M744_12005	WP_011242913.1	ABC-F family ATP-binding cassette domain-containing protein	K06158	1	yes	yes	yes	2	ko_assigned	transferred
M744_RS11450	M744_12015	WP_011242914.1	helix-turn-helix domain-containing protein		0	no	no	no	0	named_no_ko_no_go	unknown
M744_RS11455	M744_12020	WP_011242915.1	adenylyl-sulfate kinase	K00860	1	yes	yes	yes	3	ko_assigned	transferred
M744_RS11460	M744_12025	WP_011377799.1	ArsR/SmtB family transcription factor		0	no	no	no	3	go_iea_only	transferred
M744_RS11465	M744_12030	WP_011242917.1	MBL fold metallo-hydrolase		0	no	no	no	2	go_iea_only	transferred
M744_RS11470	M744_12035	WP_011377798.1	rhodanese-like domain-containing protein		0	no	no	no	0	named_no_ko_no_go	unknown
M744_RS11475	M744_12040	WP_011377797.1	sulfite exporter TauE/SafE family protein	K07090	1	yes	yes	yes	2	ko_assigned	transferred
M744_RS11480	M744_12045	WP_011377796.1	anthranilate phosphoribosyltransferase family protein		0	no	no	no	0	named_no_ko_no_go	unknown
M744_RS11485	M744_12050	WP_011242921.1	nitrate reductase associated protein		0	no	no	no	0	named_no_ko_no_go	unknown
M744_RS11490	M744_12055	WP_196794065.1	lipid-A-disaccharide synthase	K00748	1	yes	yes	yes	2	ko_assigned	transferred
M744_RS11495	M744_12060	WP_011377794.1	acyl-ACP--UDP-N-acetylglucosamine O-acyltransferase	K00677	1	yes	yes	yes	2	ko_assigned	transferred
M744_RS11500	M744_12065	WP_011377793.1	3-hydroxyacyl-ACP dehydratase FabZ	K02372	1	yes	yes	yes	0	ko_assigned	transferred
M744_RS11505	M744_12070	WP_011242925.1	UDP-3-O-acyl-N-acetylglucosamine deacetylase	K02535	1	yes	yes	yes	2	ko_assigned	transferred
M744_RS11510	M744_12075	WP_011377792.1	BamA/TamA family outer membrane protein	K07277	1	yes	yes	yes	1	ko_assigned	transferred
M744_RS11515	M744_12080	WP_011377791.1	phosphoribosylaminoimidazolesuccinocarboxamide synthase	K01923	1	yes	yes	yes	2	ko_assigned	transferred
M744_RS11520	M744_12085	WP_011242928.1	tetratricopeptide repeat protein		0	no	no	no	1	go_iea_only	transferred
M744_RS11525	M744_12095	WP_011242929.1	phosphoribosylamine--glycine ligase	K01945	1	yes	yes	yes	2	ko_assigned	transferred
M744_RS11530	M744_12100	WP_011377790.1	two-component system sensor histidine kinase NblS	K07769	1	no	yes	yes	0	ko_assigned	transferred
M744_RS11535	M744_12105	WP_011242931.1	S-methyl-5'-thioadenosine phosphorylase	K00772	1	no	yes	yes	0	ko_assigned	transferred
M744_RS11540	M744_12110	WP_011377789.1	tRNA glutamyl-Q(34) synthetase GluQRS	K01894	1	yes	yes	yes	2	ko_assigned	transferred
M744_RS11545	M744_12115	WP_011242933.1	DUF3593 domain-containing protein		0	no	no	no	0	named_no_ko_no_go	unknown
M744_RS11550	M744_12120	WP_011242934.1	photosystem I reaction center subunit PsaK	K02698	1	no	yes	yes	4	ko_assigned	transferred
M744_RS11555	M744_12125	WP_011377788.1	YlqD family protein		0	no	no	no	0	named_no_ko_no_go	unknown
M744_RS11560	M744_12130	WP_039755787.1	AMP-dependent synthetase/ligase	K01897	1	yes	yes	yes	2	ko_assigned	transferred
M744_RS11565	M744_12135	WP_011242937.1	NIL domain-containing protein		0	no	no	no	0	named_no_ko_no_go	unknown
M744_RS11580	M744_12160	WP_011242939.1	type II 3-dehydroquinate dehydratase	K03786	1	no	yes	yes	2	ko_assigned	transferred
M744_RS11585	M744_12165	WP_011242940.1	MiaE family protein	K06169	1	no	yes	yes	2	ko_assigned	transferred
M744_RS11590	M744_12170	WP_321167206.1	GNAT family N-acetyltransferase	K03828	1	yes	yes	yes	1	ko_assigned	transferred
M744_RS11595	M744_12175	WP_011242942.1	DNA polymerase III subunit gamma/tau	K02343	1	yes	yes	yes	0	ko_assigned	transferred
M744_RS11600	M744_12180	WP_011242943.1	hypothetical protein		0	no	no	no	0	hypothetical_no_homology_evidence	unknown
M744_RS11605	M744_12185	WP_011242944.1	tetratricopeptide repeat protein		0	no	no	no	1	go_iea_only	transferred
M744_RS11610	M744_12190	WP_011242945.1	HesB/IscA family protein	K13628	1	yes	yes	yes	2	ko_assigned	transferred
M744_RS11615	M744_12195	WP_011377786.1	hypothetical protein		0	no	no	no	0	hypothetical_no_homology_evidence	unknown
M744_RS11625	M744_12205	WP_039755790.1	hypothetical protein		0	no	no	no	0	hypothetical_no_homology_evidence	unknown
M744_RS11630	M744_12210	WP_011377782.1	hypothetical protein		0	no	no	no	0	hypothetical_no_homology_evidence	unknown
M744_RS11635	M744_12215	WP_011242949.1	bifunctional aconitate hydratase 2/2-methylisocitrate dehydratase	K01682	1	yes	yes	yes	4	ko_assigned	transferred
M744_RS11640	M744_12220	WP_231621325.1	calcium-binding protein		0	no	no	no	1	go_iea_only	transferred
M744_RS11645	M744_12225	WP_011377781.1	alpha/beta fold hydrolase		0	no	no	no	0	named_no_ko_no_go	unknown
M744_RS11650	M744_12230	WP_011242952.1	glutamine synthetase inactivation factor IF7A		0	no	no	no	0	named_no_ko_no_go	unknown
M744_RS11655	M744_12235	WP_011377780.1	DUF6816 family protein		0	no	no	no	0	named_no_ko_no_go	unknown
M744_RS11665	M744_12245	WP_011377779.1	(2Fe-2S) ferredoxin domain-containing protein		0	no	no	no	3	go_iea_only	transferred
M744_RS11670	M744_12250	WP_011242955.1	cell division topological specificity factor MinE	K03608	1	yes	yes	yes	2	ko_assigned	transferred
M744_RS11675	M744_12255	WP_011242956.1	septum site-determining protein MinD	K03609	1	yes	yes	yes	2	ko_assigned	transferred
M744_RS11680	M744_12260	WP_011242957.1	hypothetical protein		0	no	no	no	0	hypothetical_no_homology_evidence	unknown
M744_RS11685	M744_12265	WP_011242958.1	shikimate kinase	K00891	1	yes	yes	yes	5	ko_assigned	transferred
M744_RS11690	M744_12270	WP_011242480.1	photosystem II q(b) protein	K02703	1	no	yes	yes	2	ko_assigned	transferred
M744_RS11695	M744_12275	WP_011242960.1	7%2C8-didemethyl-8-hydroxy-5-deazariboflavin synthase subunit CofG	K11780	1	no	yes	yes	0	ko_assigned	transferred
M744_RS11700	M744_12280	WP_011242961.1	DUF1830 domain-containing protein		0	no	no	no	0	named_no_ko_no_go	unknown
M744_RS11705	M744_12285	WP_039755794.1	glutamate synthase large subunit	K00284	1	no	yes	yes	2	ko_assigned	transferred
M744_RS11710	M744_12290	WP_011377777.1	phosphodiester glycosidase family protein		0	no	no	no	2	go_iea_only	transferred
M744_RS11715	M744_12295	WP_011242964.1	phosphomannose isomerase type II C-terminal cupin domain		0	no	no	no	0	named_no_ko_no_go	unknown
M744_RS11720	M744_12300	WP_011242965.1	30S ribosomal protein S12	K02950	1	yes	yes	yes	3	ko_assigned	transferred
M744_RS11725	M744_12305	WP_011242966.1	30S ribosomal protein S7	K02992	1	yes	yes	yes	3	ko_assigned	transferred
M744_RS11730	M744_12310	WP_011242967.1	elongation factor G	K02355	1	yes	yes	yes	3	ko_assigned	transferred
M744_RS11735	M744_12315	WP_011242968.1	elongation factor Tu	K02358	1	yes	yes	yes	3	ko_assigned	transferred
M744_RS11740	M744_12320	WP_011242969.1	30S ribosomal protein S10	K02946	1	yes	yes	yes	4	ko_assigned	transferred
M744_RS11745	M744_12325	WP_011242970.1	LON peptidase substrate-binding domain-containing protein		0	no	no	no	0	named_no_ko_no_go	unknown
M744_RS11750	M744_12330	WP_011377776.1	prephenate dehydratase	K04518	1	no	yes	yes	2	ko_assigned	transferred
M744_RS11755	M744_12335	WP_011242972.1	DUF1997 domain-containing protein		0	no	no	no	0	named_no_ko_no_go	unknown
M744_RS11760	M744_12340	WP_011242973.1	ribonuclease HII	K03470	1	yes	yes	yes	0	ko_assigned	transferred
M744_RS11765	M744_12345	WP_231621326.1	ribonuclease E	K08300	1	yes	yes	yes	6	ko_assigned	transferred
M744_RS11770	M744_12355	WP_011242975.1	TIGR03960 family B12-binding radical SAM protein		0	no	no	no	3	go_iea_only	transferred
M744_RS11775	M744_12360	WP_039755798.1	alanine--tRNA ligase	K01872	1	yes	yes	yes	4	ko_assigned	transferred
M744_RS11780	M744_12365	WP_011242977.1	hypothetical protein		0	no	no	no	0	hypothetical_no_homology_evidence	unknown
M744_RS11785	M744_12370	WP_011377772.1	DEAD/DEAH box helicase		0	no	no	no	4	go_iea_only	transferred
M744_RS11790	M744_12375	WP_011242979.1	DUF4062 domain-containing protein		0	no	no	no	0	named_no_ko_no_go	unknown
M744_RS11795	M744_12380	WP_011242980.1	hypothetical protein		0	no	no	no	0	hypothetical_no_homology_evidence	unknown
M744_RS11800	M744_12385	WP_039755800.1	type II toxin-antitoxin system HicB family antitoxin		0	no	no	no	1	go_iea_only	transferred
M744_RS11805	M744_12390	WP_011242982.1	type II toxin-antitoxin system HicA family toxin		0	no	no	no	1	go_iea_only	transferred
M744_RS11810	M744_12395	WP_011377770.1	ComEA family DNA-binding protein		0	no	no	no	1	go_iea_only	transferred
M744_RS11815	M744_12400	WP_407830099.1	ABC1 kinase family protein		0	no	no	no	3	go_iea_only	transferred
M744_RS11820	M744_12405	WP_231621327.1	DUF6825 family protein		0	no	no	no	0	named_no_ko_no_go	unknown
M744_RS11825	M744_12410	WP_011377768.1	hypothetical protein		0	no	no	no	0	hypothetical_no_homology_evidence	unknown
M744_RS11830	M744_12415	WP_011242987.1	YajQ family cyclic di-GMP-binding protein	K09767	1	yes	yes	yes	0	ko_assigned	transferred
M744_RS11835	M744_12420	WP_011242988.1	LOG family protein		0	no	no	no	1	go_iea_only	transferred
M744_RS11840	M744_12425	WP_011242989.1	phosphotransacetylase family protein	K06873	1	no	yes	yes	0	ko_assigned	transferred
M744_RS11845	M744_12430	WP_011242990.1	type IV pilus biogenesis protein EbsA		0	no	no	no	0	named_no_ko_no_go	unknown
M744_RS11850	M744_12435	WP_011242991.1	bifunctional sterol desaturase/short chain dehydrogenase	K20024	1	no	yes	yes	0	ko_assigned	transferred
M744_RS11855	M744_12440	WP_011242992.1	chemotaxis protein CheW		0	no	no	no	2	go_iea_only	transferred
M744_RS11860	M744_12445	WP_011377767.1	hybrid sensor histidine kinase/response regulator	K11526	1	no	yes	yes	4	ko_assigned	transferred
M744_RS11865	M744_12450	WP_011377766.1	GAF domain-containing protein	K11525	1	no	yes	yes	1	ko_assigned	transferred
M744_RS11870	M744_12455	WP_231621329.1	chemotaxis protein CheW	K11524	1	no	yes	yes	2	ko_assigned	transferred
M744_RS11875	M744_12460	WP_011242996.1	response regulator transcription factor	K11523	1	no	yes	yes	4	ko_assigned	transferred
M744_RS11880	M744_12465	WP_231621330.1	response regulator	K11522	1	no	yes	yes	1	ko_assigned	transferred
M744_RS11885	M744_12475	WP_011377764.1	GH116 family glycosyl hydrolase	K17108	1	no	yes	yes	1	ko_assigned	transferred
M744_RS11890	M744_12480	WP_011242999.1	LL-diaminopimelate aminotransferase	K10206	1	no	yes	yes	1	ko_assigned	transferred
M744_RS11895	M744_12485	WP_011377763.1	phosphoribosylformylglycinamidine cyclo-ligase	K01933	1	yes	yes	yes	2	ko_assigned	transferred
M744_RS11900	M744_12490	WP_011243002.1	DUF2811 domain-containing protein		0	no	no	no	0	named_no_ko_no_go	unknown
M744_RS11905	M744_12495	WP_011243003.1	protoporphyrinogen oxidase HemJ	K08973	1	no	yes	yes	0	ko_assigned	transferred
M744_RS11910	M744_12500	WP_011243004.1	excinuclease ABC subunit UvrA	K03701	1	yes	yes	yes	4	ko_assigned	transferred
M744_RS11915	M744_12505	WP_011243005.1	type IV pilus twitching motility protein PilT	K02669	1	yes	yes	yes	2	ko_assigned	transferred
M744_RS11920	M744_12510	WP_231621331.1	D-hexose-6-phosphate mutarotase	K01792	1	yes	yes	yes	3	ko_assigned	transferred
M744_RS11925	M744_12515	WP_011377760.1	PHP domain-containing protein		0	no	no	no	1	go_iea_only	transferred
M744_RS11930	M744_12520	WP_011243009.1	hypothetical protein		0	no	no	no	0	hypothetical_no_homology_evidence	unknown
M744_RS11935	M744_12525	WP_011377759.1	glutathione-disulfide reductase	K00383	1	yes	yes	yes	5	ko_assigned	transferred
M744_RS11940	M744_12530	WP_407830100.1	MSMEG_0569 family flavin-dependent oxidoreductase	K07222	1	no	yes	yes	0	ko_assigned	transferred
M744_RS11945	M744_12535	WP_011377758.1	MSMEG_0572/Sll0783 family nitrogen starvation response protein		0	no	no	no	0	named_no_ko_no_go	unknown
M744_RS11950	M744_12540	WP_011243013.1	Nit6803 family nitrilase	K01501	1	no	yes	yes	2	ko_assigned	transferred
M744_RS11955	M744_12545	WP_011377757.1	MSMEG_0568 family radical SAM protein		0	no	no	no	3	go_iea_only	transferred
M744_RS11960	M744_12550	WP_011377756.1	MSMEG_0567/Sll0786 family nitrogen starvation N-acetyltransferase		0	no	no	no	0	named_no_ko_no_go	unknown
M744_RS11965	M744_12555	WP_011377755.1	sll0787 family AIR synthase-like protein	K07123	1	no	yes	yes	2	ko_assigned	transferred
M744_RS11970	M744_12565	WP_011377754.1	Holliday junction branch migration DNA helicase RuvB	K03551	1	yes	yes	yes	5	ko_assigned	transferred
M744_RS11975	M744_12570	WP_011377753.1	alpha/beta hydrolase		0	no	no	no	1	go_iea_only	transferred
M744_RS11980	M744_12580	WP_011377752.1	RuBisCO accumulation factor 1	K27952	1	no	yes	yes	0	ko_assigned	transferred
M744_RS11990	M744_12590	WP_011243020.1	IS5 family transposase		0	no	no	no	0	named_no_ko_no_go	unknown
M744_RS11995	M744_12595	WP_011377751.1	HD domain-containing protein		0	no	no	no	2	go_iea_only	transferred
M744_RS12000	M744_12600	WP_011377750.1	asparagine--tRNA ligase	K01893	1	yes	yes	yes	3	ko_assigned	transferred
M744_RS12005	M744_12605	WP_011377749.1	septal ring lytic transglycosylase RlpA family protein		0	no	no	no	2	go_iea_only	transferred
M744_RS12010	M744_12610	WP_011243023.1	DUF2237 family protein	K09966	1	no	yes	yes	0	ko_assigned	transferred
M744_RS12015	M744_12615	WP_011377748.1	cobalamin biosynthesis protein CobW	K02234	1	no	yes	yes	1	ko_assigned	transferred
M744_RS12020	M744_12620	WP_011243025.1	serine hydrolase		0	no	no	no	1	go_iea_only	transferred
M744_RS12025	M744_12625	WP_011377747.1	C40 family peptidase		0	no	no	no	3	go_iea_only	transferred
M744_RS12030	M744_12630	WP_011377746.1	bifunctional lysylphosphatidylglycerol flippase/synthetase MprF	K14205	1	no	no	no	0	ko_assigned	transferred
M744_RS12035	M744_12635	WP_011243028.1	AI-2E family transporter		0	no	no	no	2	go_iea_only	transferred
M744_RS12040	M744_12640	WP_011243029.1	ABC transporter permease	K02033	1	yes	yes	yes	1	ko_assigned	transferred
M744_RS12045	M744_12645	WP_011243030.1	ABC transporter substrate-binding protein	K02035	1	yes	yes	yes	0	ko_assigned	transferred
M744_RS12050	M744_12650	WP_011377744.1	hypothetical protein		0	no	no	no	0	hypothetical_no_homology_evidence	unknown
M744_RS12055	M744_12655	WP_011243032.1	phosphoribosylformylglycinamidine synthase subunit PurQ	K23265	1	no	yes	yes	2	ko_assigned	transferred
M744_RS12060	M744_12660	WP_011377743.1	phosphoribosylformylglycinamidine synthase subunit PurS	K23264	1	no	yes	yes	0	ko_assigned	transferred
M744_RS12065	M744_12665	WP_011243034.1	Fur family transcriptional regulator	K03711	1	yes	yes	yes	4	ko_assigned	transferred
M744_RS12070	M744_12670	WP_011377742.1	putative bifunctional diguanylate cyclase/phosphodiesterase		0	no	no	no	5	go_iea_only	transferred
M744_RS12075	M744_12675	WP_011243036.1	ABC transporter ATP-binding protein	K11958	1	no	yes	yes	3	ko_assigned	transferred
M744_RS12080	M744_12680	WP_011243037.1	ferredoxin family protein		0	no	no	no	3	go_iea_only	transferred
M744_RS12085	M744_12685	WP_011243038.1	ATP phosphoribosyltransferase regulatory subunit	K02502	1	no	yes	yes	0	ko_assigned	transferred
M744_RS12090	M744_12690	WP_011243039.1	J domain-containing protein		0	no	no	no	2	go_iea_only	transferred
M744_RS12095	M744_12695	WP_011377741.1	cation:proton antiporter	K03316	1	no	yes	yes	4	ko_assigned	transferred
M744_RS12100	M744_12700	WP_011377740.1	hypothetical protein		0	no	no	no	0	hypothetical_no_homology_evidence	unknown
M744_RS12105	M744_12705	WP_231621332.1	ArnT family glycosyltransferase		0	no	no	no	1	go_iea_only	transferred
M744_RS12110	M744_12710	WP_011377738.1	HAD-IIB family hydrolase	K00696	1	no	yes	yes	2	ko_assigned	transferred
M744_RS12115	M744_12715	WP_011243043.1	Rpn family recombination-promoting nuclease/putative transposase		0	no	no	no	0	named_no_ko_no_go	unknown
M744_RS12120	M744_12720	WP_011243044.1	16S rRNA (uracil(1498)-N(3))-methyltransferase	K09761	1	yes	yes	yes	0	ko_assigned	transferred
M744_RS12125	M744_12725	WP_011243045.1	MBL fold metallo-hydrolase		0	no	no	no	2	go_iea_only	transferred
M744_RS12130	M744_12730	WP_011243046.1	4-hydroxythreonine-4-phosphate dehydrogenase PdxA		0	no	no	no	0	named_no_ko_no_go	unknown
M744_RS12135	M744_12735	WP_011243047.1	ABC transporter permease	K25154	1	no	yes	yes	3	ko_assigned	transferred
M744_RS12140	M744_12740	WP_011377737.1	globin family protein		0	no	no	no	2	go_iea_only	transferred
M744_RS12145	M744_12745	WP_039755809.1	superoxide dismutase	K04564	1	yes	yes	yes	3	ko_assigned	transferred
M744_RS12150	M744_12750	WP_011377735.1	chromophore lyase CpcT/CpeT		0	no	no	no	0	named_no_ko_no_go	unknown
M744_RS12155	M744_12755	WP_039755810.1	photosystem II high light acclimation radical SAM protein		0	no	no	no	0	named_no_ko_no_go	unknown
M744_RS12160	M744_12760	WP_011243052.1	crossover junction endodeoxyribonuclease RuvC	K01159	1	yes	yes	yes	2	ko_assigned	transferred
M744_RS12165	M744_12765	WP_011377733.1	hypothetical protein		0	no	no	no	0	hypothetical_no_homology_evidence	unknown
M744_RS12170	M744_12770	WP_011377732.1	DciA family protein		0	no	no	no	0	named_no_ko_no_go	unknown
M744_RS12175	M744_12775	WP_011243054.1	hypothetical protein		0	no	no	no	0	hypothetical_no_homology_evidence	unknown
M744_RS12180	M744_12780	WP_011243055.1	PspA/IM30 family protein	K03969	1	yes	yes	yes	0	ko_assigned	transferred
M744_RS12185	M744_12785	WP_011243056.1	PspA/IM30 family protein		0	no	no	no	0	named_no_ko_no_go	unknown
M744_RS12190	M744_12790	WP_011377731.1	MFS transporter		0	no	no	no	2	go_iea_only	transferred
M744_RS12195	M744_12795	WP_011377730.1	CCA tRNA nucleotidyltransferase	K00974	1	yes	yes	yes	4	ko_assigned	transferred
M744_RS12200	M744_12800	WP_011377729.1	RNA recognition motif domain-containing protein		0	no	no	no	2	go_iea_only	transferred
M744_RS12205	M744_12805	WP_011243060.1	hypothetical protein		0	no	no	no	0	hypothetical_no_homology_evidence	unknown
M744_RS12210	M744_12810	WP_011243061.1	glutathione S-transferase family protein	K00799	1	yes	yes	yes	2	ko_assigned	transferred
M744_RS12215	M744_12815	WP_011243062.1	metallophosphoesterase family protein		0	no	no	no	2	go_iea_only	transferred
M744_RS12220	M744_12820	WP_011377728.1	hypothetical protein		0	no	no	no	0	hypothetical_no_homology_evidence	unknown
M744_RS12225	M744_12825	WP_190528583.1	transglycosylase domain-containing protein		0	no	no	no	4	go_iea_only	transferred
M744_RS12230	M744_12830	WP_011243066.1	ATP phosphoribosyltransferase	K00765	1	yes	yes	yes	3	ko_assigned	transferred
M744_RS12235	M744_12835	WP_011377726.1	ABC transporter ATP-binding protein	K18890	1	yes	yes	yes	4	ko_assigned	transferred
M744_RS12240	M744_12840	WP_011377725.1	phosphoenolpyruvate synthase	K01007	1	yes	yes	yes	4	ko_assigned	transferred
M744_RS12245	M744_12845	WP_011377724.1	serine/threonine protein kinase		0	no	no	no	2	go_iea_only	transferred
M744_RS12250	M744_12850	WP_231621334.1	HD family phosphohydrolase	K07037	1	no	yes	yes	4	ko_assigned	transferred
M744_RS12255	M744_12855	WP_011377722.1	hypothetical protein		0	no	no	no	0	hypothetical_no_homology_evidence	unknown
M744_RS12260	M744_12860	WP_011377721.1	bifunctional methylenetetrahydrofolate dehydrogenase/methenyltetrahydrofolate cyclohydrolase FolD	K01491	1	yes	yes	yes	1	ko_assigned	transferred
M744_RS12265	M744_12865	WP_011243072.1	geranylgeranyl diphosphate synthase CrtE	K13789	1	no	yes	yes	2	ko_assigned	transferred
M744_RS12270	M744_12870	WP_011243073.1	divergent PAP2 family protein	K09775	1	no	yes	yes	0	ko_assigned	transferred
M744_RS12275	M744_12875	WP_011243074.1	alpha/beta fold hydrolase		0	no	no	no	0	named_no_ko_no_go	unknown
M744_RS12280	M744_12880	WP_039755814.1	GNAT family N-acetyltransferase		0	no	no	no	1	go_iea_only	transferred
M744_RS12285	M744_12885	WP_231621335.1	hypothetical protein		0	no	no	no	0	hypothetical_no_homology_evidence	unknown
M744_RS12290	M744_12890	WP_039755816.1	IS1/IS1595 family N-terminal zinc-binding domain-containing protein		0	no	no	no	0	named_no_ko_no_go	unknown
M744_RS12295	M744_12895	WP_011243082.1	BRO family protein	K14623	1	yes	yes	yes	0	ko_assigned	transferred
M744_RS12300	M744_12900	WP_039755818.1	hypothetical protein		0	no	no	no	0	hypothetical_no_homology_evidence	unknown
M744_RS12305	M744_12905	WP_231621336.1	helix-turn-helix domain-containing protein		0	no	no	no	1	go_iea_only	transferred
M744_RS12310	M744_12910	WP_081429504.1	helix-turn-helix domain-containing protein		0	no	no	no	1	go_iea_only	transferred
M744_RS12315	M744_12915	WP_011243085.1	Panacea domain-containing protein		0	no	no	no	0	named_no_ko_no_go	unknown
M744_RS12325	M744_12925	WP_011243086.1	hypothetical protein		0	no	no	no	0	hypothetical_no_homology_evidence	unknown
M744_RS12330	M744_12930	WP_011377712.1	restriction endonuclease		0	no	no	no	3	go_iea_only	transferred
M744_RS12335	M744_12935	WP_011377711.1	hypothetical protein		0	no	no	no	0	hypothetical_no_homology_evidence	unknown
M744_RS12340	M744_12940	WP_049749325.1	hypothetical protein		0	no	no	no	0	hypothetical_no_homology_evidence	unknown
M744_RS12345	M744_12945	WP_011243089.1	glycoside hydrolase family protein	K01185	1	yes	yes	yes	3	ko_assigned	transferred
M744_RS12350	M744_12955	WP_039755822.1	hypothetical protein		0	no	no	no	0	hypothetical_no_homology_evidence	unknown
M744_RS12355	M744_12960	WP_011377708.1	D-Ala-D-Ala carboxypeptidase family metallohydrolase		0	no	no	no	0	named_no_ko_no_go	unknown
M744_RS12365	M744_12970	WP_011377706.1	contractile injection system protein%2C VgrG/Pvc8 family	K06905	1	no	yes	yes	0	ko_assigned	transferred
M744_RS12370	M744_12975	WP_011243092.1	tail protein X		0	no	no	no	0	named_no_ko_no_go	unknown
M744_RS12375	M744_12980	WP_011243093.1	phage tail protein	K06906	1	no	yes	yes	0	ko_assigned	transferred
M744_RS12380	M744_12985	WP_011377705.1	phage tail tape measure protein		0	no	no	no	2	go_iea_only	transferred
M744_RS12385	M744_12995	WP_011377704.1	phage tail assembly protein		0	no	no	no	1	go_iea_only	transferred
M744_RS12390	M744_13000	WP_011377703.1	phage major tail tube protein	K06908	1	no	yes	yes	3	ko_assigned	transferred
M744_RS12395	M744_13005	WP_011377702.1	phage tail sheath C-terminal domain-containing protein	K06907	1	no	yes	yes	0	ko_assigned	transferred
M744_RS12405	M744_13015	WP_011377700.1	phage tail protein		0	no	no	no	0	named_no_ko_no_go	unknown
M744_RS12410	M744_13020	WP_011377699.1	hypothetical protein		0	no	no	no	0	hypothetical_no_homology_evidence	unknown
M744_RS12415	M744_13025	WP_011377698.1	DUF4815 domain-containing protein		0	no	no	no	0	named_no_ko_no_go	unknown
M744_RS12420	M744_13030	WP_011243101.1	hypothetical protein		0	no	no	no	0	hypothetical_no_homology_evidence	unknown
M744_RS12425	M744_13035	WP_011243102.1	phage tail protein		0	no	no	no	2	go_iea_only	transferred
M744_RS12430	M744_13040	WP_011243103.1	baseplate assembly protein		0	no	no	no	2	go_iea_only	transferred
M744_RS12435	M744_13045	WP_011243104.1	GPW/gp25 family protein	K06903	1	no	yes	yes	0	ko_assigned	transferred
M744_RS12440	M744_13050	WP_011243105.1	PAAR domain-containing protein		0	no	no	no	1	go_iea_only	transferred
M744_RS12450	M744_13060	WP_041674885.1	hypothetical protein		0	no	no	no	0	hypothetical_no_homology_evidence	unknown
M744_RS12455	M744_13065	WP_011377696.1	hypothetical protein		0	no	no	no	0	hypothetical_no_homology_evidence	unknown
M744_RS12460	M744_13070	WP_231621338.1	head-tail joining protein		0	no	no	no	1	go_iea_only	transferred
M744_RS12465	M744_13075	WP_011243108.1	DUF2190 family protein		0	no	no	no	0	named_no_ko_no_go	unknown
M744_RS12470	M744_13080	WP_011243109.1	prohead protease/major capsid protein fusion protein		0	no	no	no	2	go_iea_only	transferred
M744_RS12475	M744_13085	WP_011243110.1	phage portal protein		0	no	no	no	3	go_iea_only	transferred
M744_RS12480	M744_13090	WP_011243111.1	phage head-tail joining protein		0	no	no	no	1	go_iea_only	transferred
M744_RS12485	M744_13095	WP_011243112.1	phage terminase large subunit family protein		0	no	no	no	3	go_iea_only	transferred
M744_RS12490	M744_13100	WP_231621339.1	hypothetical protein		0	no	no	no	0	hypothetical_no_homology_evidence	unknown
M744_RS12495	M744_13105	WP_011243114.1	hypothetical protein		0	no	no	no	0	hypothetical_no_homology_evidence	unknown
M744_RS12500	M744_13110	WP_011243115.1	hypothetical protein		0	no	no	no	0	hypothetical_no_homology_evidence	unknown
M744_RS12505	M744_13115	WP_011377695.1	primase-helicase zinc-binding domain-containing protein	K06919	1	no	yes	yes	3	ko_assigned	transferred
M744_RS12510	M744_13120	WP_011243117.1	VRR-NUC domain-containing protein		0	no	no	no	1	go_iea_only	transferred
M744_RS12515	M744_13125	WP_011243118.1	DEAD/DEAH box helicase		0	no	no	no	4	go_iea_only	transferred
M744_RS12520	M744_13135	WP_011243119.1	hypothetical protein		0	no	no	no	0	hypothetical_no_homology_evidence	unknown
M744_RS12530	M744_13145	WP_011243121.1	recombinase family protein		0	no	no	no	2	go_iea_only	transferred
M744_RS12535	M744_13150	WP_011377693.1	hypothetical protein		0	no	no	no	0	hypothetical_no_homology_evidence	unknown
M744_RS12540		WP_039755827.1	hypothetical protein		0	no	no	no	0	hypothetical_no_homology_evidence	unknown
M744_RS12550	M744_13165	WP_039755828.1	hypothetical protein		0	no	no	no	0	hypothetical_no_homology_evidence	unknown
M744_RS12555	M744_13170	WP_011243123.1	hypothetical protein		0	no	no	no	0	hypothetical_no_homology_evidence	unknown
M744_RS12560	M744_13175	WP_011243124.1	hypothetical protein		0	no	no	no	0	hypothetical_no_homology_evidence	unknown
M744_RS12565	M744_13180	WP_011243125.1	dCTP deaminase	K01494	1	yes	yes	yes	4	ko_assigned	transferred
M744_RS12575	M744_13190	WP_039755830.1	hypothetical protein		0	no	no	no	0	hypothetical_no_homology_evidence	unknown
M744_RS12580	M744_13195	WP_011243126.1	site-specific integrase		0	no	no	no	3	go_iea_only	transferred
M744_RS12590	M744_13205	WP_173282550.1	UDP-N-acetylglucosamine 1-carboxyvinyltransferase	K00790	1	yes	yes	yes	2	ko_assigned	transferred
M744_RS12600	M744_13215	WP_011243128.1	N-acetylmuramoyl-L-alanine amidase	K01448	1	yes	yes	yes	2	ko_assigned	transferred
M744_RS12605	M744_13220	WP_011243129.1	(E)-4-hydroxy-3-methylbut-2-enyl-diphosphate synthase	K03526	1	yes	yes	yes	3	ko_assigned	transferred
M744_RS12610	M744_13225	WP_011243130.1	carboxyl-terminal processing protease CtpC	K03797	1	yes	yes	yes	1	ko_assigned	transferred
M744_RS12615	M744_13230	WP_011243131.1	carbamoyl-phosphate synthase large subunit	K01955	1	yes	yes	yes	3	ko_assigned	transferred
M744_RS12620	M744_13235	WP_039755832.1	DUF3318 domain-containing protein		0	no	no	no	0	named_no_ko_no_go	unknown
M744_RS12625	M744_13240	WP_011243133.1	hypothetical protein		0	no	no	no	0	hypothetical_no_homology_evidence	unknown
M744_RS12630	M744_13245	WP_011243134.1	ABC1 kinase family protein		0	no	no	no	3	go_iea_only	transferred
M744_RS12635	M744_13250	WP_011377691.1	aminotransferase class I/II-fold pyridoxal phosphate-dependent enzyme		0	no	no	no	1	go_iea_only	transferred
M744_RS12640	M744_13255	WP_011377690.1	precorrin-6Y C5%2C15-methyltransferase subunit CbiT	K02191	1	no	yes	yes	0	ko_assigned	transferred
M744_RS12645	M744_13260	WP_231621340.1	transglutaminase-like domain-containing protein		0	no	no	no	0	named_no_ko_no_go	unknown
M744_RS12650		WP_011243138.1	Vat family streptogramin A O-acetyltransferase		0	no	no	no	1	go_iea_only	transferred
M744_RS12655	M744_13275	WP_011377689.1	DNA-processing protein DprA	K04096	1	yes	yes	yes	1	ko_assigned	transferred
M744_RS12660	M744_13280	WP_011377688.1	SAM hydrolase/SAM-dependent halogenase family protein	K22205	1	no	yes	yes	1	ko_assigned	transferred
M744_RS12665	M744_13285	WP_011243141.1	acyl-CoA thioesterase	K07107	1	yes	yes	yes	1	ko_assigned	transferred
M744_RS12670	M744_13290	WP_011243142.1	universal stress protein		0	no	no	no	1	go_iea_only	transferred
M744_RS12675	M744_13295	WP_011243143.1	photosystem II reaction center protein PsbM	K02714	1	no	yes	yes	2	ko_assigned	transferred
M744_RS12680	M744_13300	WP_011243144.1	2Fe-2S iron-sulfur cluster-binding protein		0	no	no	no	1	go_iea_only	transferred
M744_RS12685	M744_13305	WP_011243145.1	photosystem II chlorophyll-binding protein CP47	K02704	1	no	yes	yes	6	ko_assigned	transferred
M744_RS12690	M744_13310	WP_011243146.1	photosystem II reaction center protein T	K02718	1	no	yes	yes	0	ko_assigned	transferred
M744_RS12695	M744_13315	WP_011243147.1	transcriptional regulator NrdR	K07738	1	yes	yes	yes	3	ko_assigned	transferred
M744_RS12700	M744_13320	WP_011243148.1	30S ribosomal protein S1	K02945	1	yes	yes	yes	0	ko_assigned	transferred
M744_RS12705	M744_13325	WP_011243149.1	HAD family hydrolase	K01091	1	yes	yes	yes	1	ko_assigned	transferred
M744_RS12710	M744_13330	WP_011243150.1	alpha/beta hydrolase		0	no	no	no	1	go_iea_only	transferred
M744_RS12715	M744_13335	WP_011377685.1	hypothetical protein		0	no	no	no	0	hypothetical_no_homology_evidence	unknown
M744_RS12720	M744_13340	WP_011377684.1	ATP-dependent Clp protease adapter ClpS	K06891	1	yes	yes	yes	0	ko_assigned	transferred
M744_RS12725	M744_13345	WP_011377683.1	CPBP family intramembrane glutamic endopeptidase	K07052	1	no	yes	yes	3	ko_assigned	transferred
M744_RS12730	M744_13350	WP_011243153.1	ArsR/SmtB family transcription factor	K03892	1	yes	yes	yes	3	ko_assigned	transferred
M744_RS12735	M744_13355	WP_011243154.1	DUF3352 domain-containing protein		0	no	no	no	0	named_no_ko_no_go	unknown
M744_RS12740	M744_13360	WP_011243155.1	7%2C8-didemethyl-8-hydroxy-5-deazariboflavin synthase subunit CofH	K11781	1	no	yes	yes	0	ko_assigned	transferred
M744_RS12745	M744_13365	WP_039755834.1	hypothetical protein		0	no	no	no	0	hypothetical_no_homology_evidence	unknown
M744_RS12750	M744_13370	WP_011243156.1	chaperonin GroEL	K04077	1	yes	yes	yes	2	ko_assigned	transferred
M744_RS12755	M744_13375	WP_011243157.1	3-oxoacyl-[acyl-carrier-protein] reductase	K00059	1	yes	yes	yes	3	ko_assigned	transferred
M744_RS12760	M744_13380	WP_011243158.1	potassium channel family protein	K10716	1	yes	yes	yes	4	ko_assigned	transferred
M744_RS12765	M744_13385	WP_011377682.1	glycosyltransferase family 9 protein		0	no	no	no	1	go_iea_only	transferred
M744_RS12770	M744_13390	WP_011377681.1	2-C-methyl-D-erythritol 4-phosphate cytidylyltransferase	K00991	1	yes	yes	yes	3	ko_assigned	transferred
M744_RS12775	M744_13395	WP_011243161.1	sterol desaturase family protein		0	no	no	no	2	go_iea_only	transferred
M744_RS12780	M744_13400	WP_011377680.1	RNA-binding regulator		0	no	no	no	1	go_iea_only	transferred
M744_RS12790	M744_13410	WP_011243163.1	ribonuclease D	K03684	1	yes	yes	yes	5	ko_assigned	transferred
M744_RS12800	M744_13420	WP_011377679.1	PadR family transcriptional regulator	K26743	1	no	yes	yes	3	ko_assigned	transferred
M744_RS12805	M744_13425	WP_011377678.1	lipid-A-disaccharide synthase-related protein		0	no	no	no	0	named_no_ko_no_go	unknown
M744_RS12810	M744_13430	WP_011377677.1	cofactor assembly of complex C subunit B		0	no	no	no	0	named_no_ko_no_go	unknown
M744_RS12815	M744_13435	WP_011243167.1	oxygen-dependent coproporphyrinogen oxidase	K00228	1	yes	yes	yes	2	ko_assigned	transferred
M744_RS12820	M744_13445	WP_011243168.1	A/G-specific adenine glycosylase	K03575	1	yes	yes	yes	2	ko_assigned	transferred
M744_RS12825	M744_13450	WP_011377675.1	RNA polymerase sigma factor%2C RpoD/SigA family	K03087	1	yes	yes	yes	3	ko_assigned	transferred
M744_RS12830	M744_13455	WP_011377674.1	COG2426 family protein		0	no	no	no	0	named_no_ko_no_go	unknown
M744_RS12835	M744_13460	WP_011243171.1	aspartate carbamoyltransferase catalytic subunit	K00609	1	yes	yes	yes	4	ko_assigned	transferred
M744_RS12840	M744_13465	WP_011243172.1	DNA-3-methyladenine glycosylase	K03652	1	no	yes	yes	3	ko_assigned	transferred
M744_RS12850	M744_13475	WP_011243173.1	DUF6679 family protein		0	no	no	no	0	named_no_ko_no_go	unknown
M744_RS12855	M744_13480	WP_011243174.1	J domain-containing protein		0	no	no	no	1	go_iea_only	transferred
M744_RS12860	M744_13485	WP_011243175.1	creatininase family protein	K01470	1	no	yes	yes	0	ko_assigned	transferred
M744_RS12865	M744_13490	WP_011377671.1	mechanosensitive ion channel domain-containing protein		0	no	no	no	2	go_iea_only	transferred
M744_RS12870	M744_13495	WP_011243177.1	adenylate/guanylate cyclase domain-containing protein	K01768	1	no	yes	yes	4	ko_assigned	transferred
M744_RS12875	M744_13500	WP_011377670.1	FecR domain-containing protein		0	no	no	no	0	named_no_ko_no_go	unknown
M744_RS12880	M744_13505	WP_231621341.1	hypothetical protein		0	no	no	no	0	hypothetical_no_homology_evidence	unknown
M744_RS12885	M744_13510	WP_039755844.1	prephenate/arogenate dehydrogenase	K15226	1	no	yes	yes	0	ko_assigned	transferred
M744_RS12890	M744_13515	WP_039755845.1	helicase C-terminal domain-containing protein		0	no	no	no	5	go_iea_only	transferred
M744_RS12895	M744_13520	WP_011243182.1	DUF2839 domain-containing protein		0	no	no	no	0	named_no_ko_no_go	unknown
M744_RS12900	M744_13525	WP_011243183.1	DUF1815 family protein		0	no	no	no	0	named_no_ko_no_go	unknown
M744_RS12905	M744_13530	WP_011377666.1	photosystem II reaction center protein CP43	K02705	1	no	yes	yes	6	ko_assigned	transferred
M744_RS12910	M744_13535	WP_011243185.1	photosystem II D2 protein (photosystem q(a) protein)	K02706	1	no	yes	yes	5	ko_assigned	transferred
M744_RS12915	M744_13540	WP_011243186.1	photosystem I assembly protein Ycf4		0	no	no	no	0	named_no_ko_no_go	unknown
M744_RS12920	M744_13545	WP_011243187.1	peptidylprolyl isomerase	K03768	1	yes	yes	yes	2	ko_assigned	transferred
M744_RS12925	M744_13550	WP_011243188.1	NAD(P)/FAD-dependent oxidoreductase	K14606	1	no	yes	yes	2	ko_assigned	transferred
M744_RS12930	M744_13555	WP_011243189.1	primosomal protein N'	K04066	1	yes	yes	yes	2	ko_assigned	transferred
M744_RS12935	M744_13560	WP_011243190.1	GNAT family N-acetyltransferase		0	no	no	no	1	go_iea_only	transferred
M744_RS12940	M744_13565	WP_011377664.1	RNA polymerase sigma factor RpoD	K03086	1	yes	yes	yes	0	ko_assigned	transferred
M744_RS12945	M744_13570	WP_011377663.1	S1 family serine peptidase		0	no	no	no	2	go_iea_only	transferred
M744_RS12950	M744_13575	WP_011377662.1	L%2CD-transpeptidase	K19236	1	yes	yes	yes	3	ko_assigned	transferred
M744_RS12955	M744_13580	WP_011377661.1	hypothetical protein		0	no	no	no	0	hypothetical_no_homology_evidence	unknown
M744_RS12960	M744_13585	WP_039755849.1	glutamate-1-semialdehyde 2%2C1-aminomutase	K01845	1	yes	yes	yes	2	ko_assigned	transferred
M744_RS12965	M744_13590	WP_011243194.1	circadian input-output histidine kinase CikA	K11356	1	no	yes	yes	0	ko_assigned	transferred
M744_RS12970	M744_13595	WP_011377659.1	heavy-metal-associated domain-containing protein	K07213	1	no	yes	no	1	ko_assigned	transferred
M744_RS12975		WP_011243195.1	peroxiredoxin		0	no	no	no	1	go_iea_only	transferred
M744_RS12980	M744_13615	WP_011377658.1	fumarate reductase/succinate dehydrogenase flavoprotein subunit	K00239	1	yes	yes	yes	0	ko_assigned	transferred
M744_RS12985	M744_13620	WP_011243197.1	ABC transporter ATP-binding protein	K18889	1	yes	yes	yes	4	ko_assigned	transferred
M744_RS12990	M744_13630	WP_011243198.1	phosphopyruvate hydratase	K01689	1	yes	yes	yes	4	ko_assigned	transferred
M744_RS12995	M744_13635	WP_011243199.1	lactoylglutathione lyase	K01759	1	yes	yes	yes	3	ko_assigned	transferred
M744_RS13000	M744_13640	WP_011243200.1	ATP-dependent chaperone ClpB	K03695	1	yes	yes	yes	3	ko_assigned	transferred
M744_RS13005	M744_13645	WP_011243201.1	preprotein translocase subunit SecE	K03073	1	yes	yes	yes	4	ko_assigned	transferred
M744_RS13010	M744_13650	WP_011377657.1	transcription termination/antitermination protein NusG	K02601	1	yes	yes	yes	1	ko_assigned	transferred
M744_RS13015	M744_13655	WP_011377656.1	50S ribosomal protein L11	K02867	1	yes	yes	yes	3	ko_assigned	transferred
M744_RS13020	M744_13660	WP_011377655.1	50S ribosomal protein L1	K02863	1	yes	yes	yes	4	ko_assigned	transferred
M744_RS13025	M744_13670	WP_011243205.1	50S ribosomal protein L10	K02864	1	yes	yes	yes	3	ko_assigned	transferred
M744_RS13030	M744_13675	WP_011243206.1	50S ribosomal protein L7/L12	K02935	1	yes	yes	yes	3	ko_assigned	transferred
M744_RS13035	M744_13680	WP_011243207.1	DUF3747 domain-containing protein		0	no	no	no	0	named_no_ko_no_go	unknown
M744_RS13040	M744_13685	WP_011377654.1	hypothetical protein		0	no	no	no	0	hypothetical_no_homology_evidence	unknown
M744_RS13045	M744_13690	WP_011243208.1	polyamine aminopropyltransferase	K00797	1	yes	yes	yes	0	ko_assigned	transferred
M744_RS13050	M744_13695	WP_011243209.1	HAD family hydrolase		0	no	no	no	1	go_iea_only	transferred
M744_RS13060	M744_13710	WP_011243210.1	dihydroxy-acid dehydratase	K01687	1	yes	yes	yes	2	ko_assigned	transferred
M744_RS13065	M744_13715	WP_011377653.1	R3H domain-containing nucleic acid-binding protein		0	no	no	no	1	go_iea_only	transferred
M744_RS13070	M744_13720	WP_011377652.1	circadian clock protein LdpA		0	no	no	no	3	go_iea_only	transferred
M744_RS13075	M744_13725	WP_011377651.1	thioredoxin-disulfide reductase	K00384	1	yes	yes	yes	4	ko_assigned	transferred
M744_RS13080	M744_13730	WP_011377650.1	ABC transporter ATP-binding protein/permease	K02471	1	yes	yes	yes	3	ko_assigned	transferred
M744_RS13085	M744_13735	WP_011243215.1	hypothetical protein		0	no	no	no	0	hypothetical_no_homology_evidence	unknown
M744_RS13090	M744_13740	WP_011243216.1	SIMPL domain-containing protein	K09807	1	yes	yes	yes	0	ko_assigned	transferred
M744_RS13095	M744_13745	WP_199290787.1	DedA family protein		0	no	no	no	1	go_iea_only	transferred
M744_RS13100	M744_13750	WP_011377649.1	adenosylhomocysteinase	K01251	1	no	yes	yes	2	ko_assigned	transferred
M744_RS13105	M744_13755	WP_011377648.1	hypothetical protein		0	no	no	no	0	hypothetical_no_homology_evidence	unknown
M744_RS13110	M744_13760	WP_011243220.1	heat-inducible transcriptional repressor HrcA	K03705	1	no	yes	yes	2	ko_assigned	transferred
M744_RS13115	M744_13765	WP_011243221.1	rhodanese-like domain-containing protein		0	no	no	no	0	named_no_ko_no_go	unknown
M744_RS13120	M744_13770	WP_011243222.1	DUF3352 domain-containing protein		0	no	no	no	0	named_no_ko_no_go	unknown
M744_RS13125	M744_13775	WP_011243223.1	phosphohistidine phosphatase SixA	K08296	1	yes	yes	yes	3	ko_assigned	transferred
M744_RS13130	M744_13780	WP_011377647.1	citrate synthase	K01659	1	yes	yes	yes	0	ko_assigned	transferred
M744_RS13135	M744_13785	WP_011377646.1	endonuclease MutS2	K07456	1	no	yes	yes	5	ko_assigned	transferred
M744_RS13140	M744_13790	WP_011377645.1	mechanosensitive ion channel family protein	K22044	1	yes	yes	yes	1	ko_assigned	transferred
M744_RS13145	M744_13795	WP_011377644.1	NADH-quinone oxidoreductase subunit M	K05575	1	no	yes	yes	0	ko_assigned	transferred
M744_RS13150	M744_13800	WP_011377643.1	1%2C2-dihydroxy-3-keto-5-methylthiopentene dioxygenase	K08967	1	no	yes	yes	5	ko_assigned	transferred
M744_RS13155	M744_13805	WP_427916594.1	hypothetical protein		0	no	no	no	0	hypothetical_no_homology_evidence	unknown
M744_RS13160	M744_13810	WP_011377642.1	leucyl/phenylalanyl-tRNA--protein transferase	K00684	1	yes	yes	yes	2	ko_assigned	transferred
M744_RS13165	M744_13815	WP_011377641.1	bestrophin family protein	K08994	1	yes	yes	yes	1	ko_assigned	transferred
M744_RS13170	M744_13820	WP_039755853.1	ribulose-phosphate 3-epimerase	K01783	1	yes	yes	yes	2	ko_assigned	transferred
M744_RS13175	M744_13825	WP_011243233.1	glucose-1-phosphate adenylyltransferase	K00975	1	yes	yes	yes	2	ko_assigned	transferred
M744_RS13180	M744_13830	WP_011243234.1	DUF8166 family protein		0	no	no	no	0	named_no_ko_no_go	unknown
M744_RS13185	M744_13840	WP_011243235.1	serine/threonine-protein kinase	K12132	1	no	yes	yes	2	ko_assigned	transferred
M744_RS13190	M744_13845	WP_011243236.1	TetR/AcrR family transcriptional regulator		0	no	no	no	3	go_iea_only	transferred
M744_RS13200		WP_231621343.1	LysM peptidoglycan-binding domain-containing M23 family metallopeptidase		0	no	no	no	0	named_no_ko_no_go	unknown
M744_RS13205	M744_13865	WP_011377638.1	1%2C4-dihydroxy-2-naphthoyl-CoA synthase	K01661	1	yes	yes	yes	2	ko_assigned	transferred
M744_RS13210	M744_13870	WP_011243239.1	methyltransferase domain-containing protein	K18534	1	no	yes	yes	1	ko_assigned	transferred
M744_RS13215	M744_13875	WP_011377637.1	DUF2808 domain-containing protein		0	no	no	no	0	named_no_ko_no_go	unknown
M744_RS13220	M744_13880	WP_011243241.1	CocE/NonD family hydrolase	K06978	1	no	yes	yes	1	ko_assigned	transferred
M744_RS13230	M744_13890	WP_011377635.1	ATP-dependent 6-phosphofructokinase	K21071	1	no	yes	yes	4	ko_assigned	transferred
M744_RS13235	M744_13895	WP_011243244.1	TMEM165/GDT1 family protein		0	no	no	no	0	named_no_ko_no_go	unknown
M744_RS13240	M744_13900	WP_011243245.1	TMEM165/GDT1 family protein		0	no	no	no	0	named_no_ko_no_go	unknown
M744_RS13245	M744_13905	WP_011243246.1	YkgJ family cysteine cluster protein	K06940	1	yes	yes	yes	2	ko_assigned	transferred
M744_RS13250	M744_13915	WP_011243247.1	formate-dependent phosphoribosylglycinamide formyltransferase	K08289	1	yes	yes	yes	4	ko_assigned	transferred
M744_RS13255	M744_13920	WP_011243248.1	valine--tRNA ligase	K01873	1	yes	yes	yes	3	ko_assigned	transferred
M744_RS13290	M744_13955	WP_011055119.1	plasmid replication protein%2C CyRepA1 family		0	no	no	no	0	named_no_ko_no_go	unknown
M744_RS13295	M744_13960	WP_011377392.1	HEAT repeat domain-containing protein		0	no	no	no	1	go_iea_only	transferred
M744_RS13300	M744_13965	WP_199290798.1	DUF4062 domain-containing protein		0	no	no	no	0	named_no_ko_no_go	unknown
M744_RS13310	M744_13975	WP_011055173.1	BrnA antitoxin family protein		0	no	no	no	0	named_no_ko_no_go	unknown
M744_RS13315	M744_13980	WP_011055172.1	BrnT family toxin	K09803	1	no	yes	no	0	ko_assigned	transferred
M744_RS13320	M744_13990	WP_011055170.1	ABC transporter permease	K02050	1	no	yes	no	2	ko_assigned	transferred
M744_RS13325	M744_13995	WP_011055169.1	ABC transporter substrate-binding protein	K02051	1	no	yes	no	2	ko_assigned	transferred
M744_RS13330	M744_14000	WP_011055168.1	ABC transporter ATP-binding protein	K02049	1	no	yes	no	4	ko_assigned	transferred
M744_RS13335	M744_14005	WP_011055167.1	acyl-CoA dehydrogenase family protein		0	no	no	no	2	go_iea_only	transferred
M744_RS13340	M744_14010	WP_011055166.1	DUF4242 domain-containing protein		0	no	no	no	0	named_no_ko_no_go	unknown
M744_RS13345	M744_14015	WP_011055165.1	gamma-glutamyltransferase family protein	K00681	1	yes	yes	yes	1	ko_assigned	transferred
M744_RS13350	M744_14020	WP_011055164.1	cysteine synthase A	K01738	1	yes	yes	yes	2	ko_assigned	transferred
M744_RS13355	M744_14025	WP_011055163.1	chromate transporter	K07240	1	no	yes	yes	0	ko_assigned	transferred
M744_RS13360	M744_14030	WP_011055162.1	MgtC/SapB family protein	K07507	1	yes	yes	no	1	ko_assigned	transferred
M744_RS13365	M744_14035	WP_011055161.1	catalase family peroxidase	K03781	1	yes	yes	no	4	ko_assigned	transferred
M744_RS13370	M744_14040	WP_011055160.1	beta-class carbonic anhydrase	K01673	1	yes	yes	yes	2	ko_assigned	transferred
M744_RS13375	M744_14045	WP_011055159.1	RrF2 family transcriptional regulator		0	no	no	no	2	go_iea_only	transferred
M744_RS13380	M744_14050	WP_011055158.1	ANL43		0	no	no	no	0	named_no_ko_no_go	unknown
M744_RS13385	M744_14055	WP_011055157.1	four-helix bundle copper-binding protein		0	no	no	no	0	named_no_ko_no_go	unknown
M744_RS13395	M744_14065	WP_011055156.1	cysteine synthase A	K01738	1	yes	yes	yes	2	ko_assigned	transferred
M744_RS13400	M744_14070	WP_011055155.1	serine O-acetyltransferase EpsC	K00640	1	yes	yes	yes	2	ko_assigned	transferred
M744_RS13405	M744_14075	WP_011055154.1	family 2A encapsulin nanocompartment shell protein SrpI		0	no	no	no	0	named_no_ko_no_go	unknown
M744_RS13410	M744_14080	WP_011055153.1	family 2A encapsulin nanocompartment cargo protein cysteine desulfurase CyD	K11717	1	yes	yes	yes	0	ko_assigned	transferred
M744_RS13415	M744_14085	WP_011055152.1	rhodanese-like domain-containing protein	K03972	1	yes	no	no	0	ko_assigned	transferred
M744_RS13420	M744_14090	WP_011055151.1	type II toxin-antitoxin system VapC family toxin		0	no	no	no	0	named_no_ko_no_go	unknown
M744_RS13425	M744_14095	WP_011055150.1	hypothetical protein		0	no	no	no	0	hypothetical_no_homology_evidence	unknown
M744_RS13430	M744_14100	WP_011055149.1	ParA family protein		0	no	no	no	2	go_iea_only	transferred
M744_RS13440	M744_14110	WP_011055147.1	nucleotidyltransferase family protein	K07075	1	no	yes	yes	2	ko_assigned	transferred
M744_RS13445	M744_14115	WP_011055146.1	hypothetical protein		0	no	no	no	0	hypothetical_no_homology_evidence	unknown
M744_RS13450	M744_14120	WP_011055145.1	type II toxin-antitoxin system PemK/MazF family toxin		0	no	no	no	5	go_iea_only	transferred
M744_RS13455	M744_14125	WP_011055144.1	tyrosine-type recombinase/integrase	K03733	1	yes	yes	no	3	ko_assigned	transferred
M744_RS13470	M744_14140	WP_011055141.1	winged helix-turn-helix domain-containing protein		0	no	no	no	1	go_iea_only	transferred
M744_RS13475	M744_14145	WP_011055140.1	ANL24		0	no	no	no	0	named_no_ko_no_go	unknown
M744_RS13480	M744_14150	WP_011055139.1	two-component system response regulator RppA		0	no	no	no	3	go_iea_only	transferred
M744_RS13485	M744_14155	WP_011055138.1	two-component system sensor histidine kinase RppB		0	no	no	no	1	go_iea_only	transferred
M744_RS13490	M744_14160	WP_011055137.1	DUF305 domain-containing protein		0	no	no	no	0	named_no_ko_no_go	unknown
M744_RS13495	M744_14165	WP_011055136.1	LuxR C-terminal-related transcriptional regulator		0	no	no	no	1	go_iea_only	transferred
M744_RS13500	M744_14170	WP_011055135.1	DJ-1/PfpI family protein	K18199	1	no	yes	no	1	ko_assigned	transferred
M744_RS13505	M744_14175	WP_011377394.1	NAD(P)-dependent alcohol dehydrogenase		0	no	no	no	1	go_iea_only	transferred
M744_RS13510	M744_14185	WP_011055132.1	DUF2442 domain-containing protein		0	no	no	no	0	named_no_ko_no_go	unknown
M744_RS13515	M744_14190	WP_231621407.1	BrnA antitoxin family protein		0	no	no	no	0	named_no_ko_no_go	unknown
M744_RS13520	M744_14195	WP_011055129.1	BrnT family toxin	K09803	1	no	yes	no	0	ko_assigned	transferred
M744_RS13525	M744_14205	WP_040113190.1	hypothetical protein		0	no	no	no	0	hypothetical_no_homology_evidence	unknown
M744_RS13540	M744_14215	WP_011377393.1	DUF1254 domain-containing protein		0	no	no	no	0	named_no_ko_no_go	unknown
M744_RS13545	M744_14220	WP_011055121.1	hypothetical protein		0	no	no	no	0	hypothetical_no_homology_evidence	unknown
M744_RS13550	M744_14225	WP_011055120.1	AbiTii domain-containing protein		0	no	no	no	0	named_no_ko_no_go	unknown
M744_RS13565	M744_14240	WP_040113202.1	hypothetical protein		0	no	no	no	0	hypothetical_no_homology_evidence	unknown
M744_RS13570	M744_14245	WP_040113203.1	hypothetical protein		0	no	no	no	0	hypothetical_no_homology_evidence	unknown
M744_RS13575	M744_14250	WP_040113204.1	plasmid replication protein%2C CyRepA1 family		0	no	no	no	0	named_no_ko_no_go	unknown
M744_RS13580	M744_14255	WP_040113205.1	phage major capsid protein		0	no	no	no	0	named_no_ko_no_go	unknown
M744_RS13585	M744_14260	WP_040113206.1	hypothetical protein		0	no	no	no	0	hypothetical_no_homology_evidence	unknown
M744_RS13590	M744_01585	WP_011377520.1	potassium channel family protein	K10716	1	yes	yes	yes	2	ko_assigned	transferred
M744_RS13595	M744_08170	WP_155813933.1	hypothetical protein		0	no	no	no	0	hypothetical_no_homology_evidence	unknown
M744_RS13600	M744_13055	WP_011377697.1	phage baseplate assembly protein V		0	no	no	no	3	go_iea_only	transferred
M744_RS13605	M744_13885	WP_011377636.1	DUF3887 domain-containing protein		0	no	no	no	0	named_no_ko_no_go	unknown
M744_RS13615	M744_14105	WP_011055148.1	ParB/RepB/Spo0J family partition protein		0	no	no	no	1	go_iea_only	transferred
M744_RS13620		WP_156141557.1	hypothetical protein		0	no	no	no	0	hypothetical_no_homology_evidence	unknown
M744_RS13625	M744_00685	WP_006195022.1	photosystem II reaction center protein K	K02712	1	no	yes	yes	0	ko_assigned	transferred
M744_RS13630		WP_011377551.1	hypothetical protein		0	no	no	no	0	hypothetical_no_homology_evidence	unknown
M744_RS13635	M744_02175	WP_173282528.1	MreC domain-containing protein		0	no	no	no	2	go_iea_only	transferred
M744_RS13640		WP_011243697.1	nitrate/nitrite transporter NrtS		0	no	no	no	0	named_no_ko_no_go	unknown
M744_RS13645		WP_011243699.1	YopA family protein		0	no	no	no	0	named_no_ko_no_go	unknown
M744_RS13650		WP_011377426.1	DUF2887 domain-containing protein		0	no	no	no	0	named_no_ko_no_go	unknown
M744_RS13655		WP_011243774.1	nucleotidyltransferase family protein		0	no	no	no	2	go_iea_only	transferred
M744_RS13660		WP_011378487.1	hypothetical protein		0	no	no	no	0	hypothetical_no_homology_evidence	unknown
M744_RS13675		WP_011378447.1	ComF family protein		0	no	no	no	1	go_iea_only	transferred
M744_RS13690		WP_011378378.1	NAD(P)H dehydrogenase subunit NdhS		0	no	no	no	1	go_iea_only	transferred
M744_RS13705		WP_011244195.1	50S ribosomal protein L36		0	no	no	no	3	go_iea_only	transferred
M744_RS13710		WP_011244261.1	cupin domain-containing protein		0	no	no	no	0	named_no_ko_no_go	unknown
M744_RS13720		WP_011378297.1	helix-hairpin-helix domain-containing protein		0	no	no	no	0	named_no_ko_no_go	unknown
M744_RS13725		WP_011244696.1	photosystem II reaction center protein I		0	no	no	no	0	named_no_ko_no_go	unknown
M744_RS13735		WP_011244767.1	monovalent cation/H(+) antiporter subunit G		0	no	no	no	0	named_no_ko_no_go	unknown
M744_RS13745		WP_011244835.1	alpha/beta fold hydrolase		0	no	no	no	0	named_no_ko_no_go	unknown
M744_RS13760		WP_011242371.1	DUF2256 domain-containing protein		0	no	no	no	0	named_no_ko_no_go	unknown
M744_RS13770		WP_011377964.1	metallothionein		0	no	no	no	0	named_no_ko_no_go	unknown
M744_RS13775		WP_011377937.1	ssl2009 family thylakoid membrane protein		0	no	no	no	0	named_no_ko_no_go	unknown
M744_RS13780		WP_011377900.1	photosystem II reaction center protein J		0	no	no	no	0	named_no_ko_no_go	unknown
M744_RS13790		WP_011242739.1	50S ribosomal protein L33		0	no	no	no	3	go_iea_only	transferred
M744_RS13795		WP_011242835.1	hypothetical protein		0	no	no	no	0	hypothetical_no_homology_evidence	unknown
M744_RS13805		WP_011242891.1	MGMT family protein		0	no	no	no	3	go_iea_only	transferred
M744_RS13810		WP_162010020.1	transposase		0	no	no	no	0	named_no_ko_no_go	unknown
M744_RS13815		WP_231621333.1	hypothetical protein		0	no	no	no	0	hypothetical_no_homology_evidence	unknown
M744_RS13820		WP_071818112.1	helix-turn-helix domain-containing protein		0	no	no	no	1	go_iea_only	transferred
M744_RS13825		WP_011377710.1	DUF488 domain-containing protein		0	no	no	no	0	named_no_ko_no_go	unknown
M744_RS13830	M744_13910	WP_071818110.1	photosystem II reaction center protein Ycf12/Psb30		0	no	no	no	2	go_iea_only	transferred
M744_RS13840		WP_011055128.1	tyrosine-type recombinase/integrase		0	no	no	no	3	go_iea_only	transferred
M744_RS13845		WP_011378136.1	potassium-transporting ATPase subunit F		0	no	no	no	3	go_iea_only	transferred
M744_RS13850		WP_011242938.1	hypothetical protein		0	no	no	no	0	hypothetical_no_homology_evidence	unknown
M744_RS13860		WP_011055126.1	hypothetical protein		0	no	no	no	0	hypothetical_no_homology_evidence	unknown
M744_RS13870		WP_011243258.1	photosystem II assembly protein Psb34		0	no	no	no	1	go_iea_only	transferred
M744_RS13875	M744_00505	WP_011377599.1	hypothetical protein		0	no	no	no	0	hypothetical_no_homology_evidence	unknown
M744_RS13880		WP_011377580.1	hypothetical protein		0	no	no	no	0	hypothetical_no_homology_evidence	unknown
M744_RS13885		WP_155813899.1	hypothetical protein		0	no	no	no	0	hypothetical_no_homology_evidence	unknown
M744_RS13890		WP_155813902.1	hypothetical protein		0	no	no	no	0	hypothetical_no_homology_evidence	unknown
M744_RS13895		WP_155813907.1	hypothetical protein		0	no	no	no	0	hypothetical_no_homology_evidence	unknown
M744_RS13900		WP_011378486.1	type IV pilus modification PilV family protein		0	no	no	no	1	go_iea_only	transferred
M744_RS13905		WP_011378410.1	hypothetical protein		0	no	no	no	0	hypothetical_no_homology_evidence	unknown
M744_RS13910		WP_155813916.1	hypothetical protein		0	no	no	no	0	hypothetical_no_homology_evidence	unknown
M744_RS13915	M744_05025	WP_011244149.1	ribosome maturation factor RimM	K02860	1	yes	yes	yes	3	ko_assigned	transferred
M744_RS13925		WP_155813919.1	hypothetical protein		0	no	no	no	0	hypothetical_no_homology_evidence	unknown
M744_RS13930		WP_155813921.1	hypothetical protein		0	no	no	no	0	hypothetical_no_homology_evidence	unknown
M744_RS13935		WP_155813922.1	hypothetical protein		0	no	no	no	0	hypothetical_no_homology_evidence	unknown
M744_RS13945		WP_155813927.1	hypothetical protein		0	no	no	no	0	hypothetical_no_homology_evidence	unknown
M744_RS13950		WP_152034137.1	hypothetical protein		0	no	no	no	0	hypothetical_no_homology_evidence	unknown
M744_RS13955	M744_07685	WP_265575013.1	ferrochelatase		0	no	no	no	3	go_iea_only	transferred
M744_RS13960		WP_155813930.1	hypothetical protein		0	no	no	no	0	hypothetical_no_homology_evidence	unknown
M744_RS13965		WP_011378149.1	hypothetical protein		0	no	no	no	0	hypothetical_no_homology_evidence	unknown
M744_RS13970		WP_155813991.1	hypothetical protein		0	no	no	no	0	hypothetical_no_homology_evidence	unknown
M744_RS13975		WP_155813934.1	hypothetical protein		0	no	no	no	0	hypothetical_no_homology_evidence	unknown
M744_RS13980		WP_126147952.1	hypothetical protein		0	no	no	no	0	hypothetical_no_homology_evidence	unknown
M744_RS13985		WP_155813833.1	hypothetical protein		0	no	no	no	0	hypothetical_no_homology_evidence	unknown
M744_RS13990	M744_08840	WP_071818119.1	hypothetical protein		0	no	no	no	0	hypothetical_no_homology_evidence	unknown
M744_RS13995		WP_156141556.1	hypothetical protein		0	no	no	no	0	hypothetical_no_homology_evidence	unknown
M744_RS14005		WP_155813857.1	hypothetical protein		0	no	no	no	0	hypothetical_no_homology_evidence	unknown
M744_RS14010		WP_126148198.1	hypothetical protein		0	no	no	no	0	hypothetical_no_homology_evidence	unknown
M744_RS14015		WP_126148199.1	hypothetical protein		0	no	no	no	0	hypothetical_no_homology_evidence	unknown
M744_RS14020		WP_155813861.1	hypothetical protein		0	no	no	no	0	hypothetical_no_homology_evidence	unknown
M744_RS14025		WP_155813863.1	hypothetical protein		0	no	no	no	0	hypothetical_no_homology_evidence	unknown
M744_RS14030		WP_011377785.1	hypothetical protein		0	no	no	no	0	hypothetical_no_homology_evidence	unknown
M744_RS14035		WP_011377783.1	hypothetical protein		0	no	no	no	0	hypothetical_no_homology_evidence	unknown
M744_RS14040		WP_155813980.1	hypothetical protein		0	no	no	no	0	hypothetical_no_homology_evidence	unknown
M744_RS14045		WP_155813866.1	hypothetical protein		0	no	no	no	0	hypothetical_no_homology_evidence	unknown
M744_RS14050		WP_155813884.1	hypothetical protein		0	no	no	no	0	hypothetical_no_homology_evidence	unknown
M744_RS14055		WP_155813977.1	hypothetical protein		0	no	no	no	0	hypothetical_no_homology_evidence	unknown
M744_RS14060		WP_041674884.1	hypothetical protein		0	no	no	no	0	hypothetical_no_homology_evidence	unknown
M744_RS14065		WP_011055171.1	hypothetical protein		0	no	no	no	0	hypothetical_no_homology_evidence	unknown
M744_RS14070	M744_14135	WP_040113188.1	hypothetical protein		0	no	no	no	0	hypothetical_no_homology_evidence	unknown
M744_RS14080	M744_14210	WP_041674944.1	hypothetical protein		0	no	no	no	0	hypothetical_no_homology_evidence	unknown
M744_RS14085		WP_011243335.1	hypothetical protein		0	no	no	no	0	hypothetical_no_homology_evidence	unknown
M744_RS14090		WP_011377590.1	hypothetical protein		0	no	no	no	0	hypothetical_no_homology_evidence	unknown
M744_RS14095		WP_011243478.1	hypothetical protein		0	no	no	no	0	hypothetical_no_homology_evidence	unknown
M744_RS14100		WP_011377493.1	hypothetical protein		0	no	no	no	0	hypothetical_no_homology_evidence	unknown
M744_RS14105		WP_011243940.1	hypothetical protein		0	no	no	no	0	hypothetical_no_homology_evidence	unknown
M744_RS14110	M744_05065	WP_039755578.1	hypothetical protein		0	no	no	no	0	hypothetical_no_homology_evidence	unknown
M744_RS14115		WP_155813925.1	hypothetical protein		0	no	no	no	0	hypothetical_no_homology_evidence	unknown
M744_RS14120		WP_011378252.1	hypothetical protein		0	no	no	no	0	hypothetical_no_homology_evidence	unknown
M744_RS14125		WP_173282536.1	hypothetical protein		0	no	no	no	0	hypothetical_no_homology_evidence	unknown
M744_RS14130		WP_011244647.1	hypothetical protein		0	no	no	no	0	hypothetical_no_homology_evidence	unknown
M744_RS14135		WP_011242331.1	hypothetical protein		0	no	no	no	0	hypothetical_no_homology_evidence	unknown
M744_RS14140		WP_173282507.1	hypothetical protein		0	no	no	no	0	hypothetical_no_homology_evidence	unknown
M744_RS14150		WP_162010010.1	hypothetical protein		0	no	no	no	0	hypothetical_no_homology_evidence	unknown
M744_RS14155	M744_12350	WP_162010011.1	hypothetical protein		0	no	no	no	0	hypothetical_no_homology_evidence	unknown
M744_RS14160		WP_173282520.1	hypothetical protein		0	no	no	no	0	hypothetical_no_homology_evidence	unknown
M744_RS14165		WP_231621353.1	DUF2281 domain-containing protein		0	no	no	no	0	named_no_ko_no_go	unknown
M744_RS14170		WP_231621365.1	hypothetical protein		0	no	no	no	0	hypothetical_no_homology_evidence	unknown
M744_RS14180		WP_011243909.1	hypothetical protein		0	no	no	no	0	hypothetical_no_homology_evidence	unknown
M744_RS14185		WP_231621337.1	hypothetical protein		0	no	no	no	0	hypothetical_no_homology_evidence	unknown
M744_RS14190		WP_011055133.1	DUF4351 domain-containing protein		0	no	no	no	0	named_no_ko_no_go	unknown
M744_RS14195		WP_231621409.1	hypothetical protein		0	no	no	no	0	hypothetical_no_homology_evidence	unknown
M744_RS14200		WP_265575060.1	hypothetical protein		0	no	no	no	0	hypothetical_no_homology_evidence	unknown
M744_RS14205		WP_265575058.1	hypothetical protein		0	no	no	no	0	hypothetical_no_homology_evidence	unknown
M744_RS14210	M744_02860	WP_011377418.1	type IV pilin protein	K02650	1	no	yes	yes	2	ko_assigned	transferred
M744_RS14215		WP_265575056.1	hypothetical protein		0	no	no	no	0	hypothetical_no_homology_evidence	unknown
M744_RS14225		WP_265575004.1	hypothetical protein		0	no	no	no	0	hypothetical_no_homology_evidence	unknown
M744_RS14230		WP_011378074.1	ribonuclease II		0	no	no	no	0	named_no_ko_no_go	unknown
M744_RS14235		WP_265575009.1	hypothetical protein		0	no	no	no	0	hypothetical_no_homology_evidence	unknown
M744_RS14240		WP_265575003.1	hypothetical protein		0	no	no	no	0	hypothetical_no_homology_evidence	unknown
M744_RS14245		WP_265574996.1	hypothetical protein		0	no	no	no	0	hypothetical_no_homology_evidence	unknown
M744_RS14250		WP_265574994.1	hypothetical protein		0	no	no	no	0	hypothetical_no_homology_evidence	unknown
M744_RS14255		WP_265575067.1	hypothetical protein		0	no	no	no	0	hypothetical_no_homology_evidence	unknown
M744_RS14260		WP_265575063.1	hypothetical protein		0	no	no	no	0	hypothetical_no_homology_evidence	unknown
M744_RS14265		WP_039755839.1	hypothetical protein		0	no	no	no	0	hypothetical_no_homology_evidence	unknown
M744_RS14270		WP_265575062.1	hypothetical protein		0	no	no	no	0	hypothetical_no_homology_evidence	unknown
M744_RS14275	M744_05130	WP_011244166.1	sensor histidine kinase		0	no	no	no	4	go_iea_only	transferred
M744_RS14290	M744_03795	WP_011378488.1	DUF29 family protein		0	no	no	no	0	named_no_ko_no_go	unknown
M744_RS14295		WP_011378483.1	pilus assembly FimT family protein		0	no	no	no	1	go_iea_only	transferred
M744_RS14300		WP_247223783.1	hypothetical protein		0	no	no	no	0	hypothetical_no_homology_evidence	unknown
M744_RS14315		WP_367892162.1	YHYH domain-containing protein		0	no	no	no	0	named_no_ko_no_go	unknown
M744_RS14320		WP_081422168.1	phage integrase N-terminal SAM-like domain-containing protein		0	no	no	no	2	go_iea_only	transferred
M744_RS14325	M744_10890	WP_011377885.1	septal ring lytic transglycosylase RlpA family protein	K03642	1	yes	yes	yes	2	ko_assigned	transferred
M744_RS14330		WP_126148291.1	TLTLP motif-containing protein		0	no	no	no	0	named_no_ko_no_go	unknown
