ag3c_gene_id	ag3c_protein_accession	route_status	rel606_current_locus_tag	mg1655_locus_tag	protein_row_has_signal
ECB_00001	YP_003043230.1	T1_exact_sequence	ECB_RS00005	b0001	False
ECB_00002	YP_003043231.1	T2_near_identical_rbh	ECB_RS00010	b0002	True
ECB_00003	YP_003043232.1	T2_near_identical_rbh	ECB_RS00015	b0003	True
ECB_00004	YP_003043233.1	T2_near_identical_rbh	ECB_RS00020	b0004	True
ECB_00005	YP_003043234.1	T2_near_identical_rbh	ECB_RS00030	b0005	False
ECB_00006	YP_003043235.1	T2_near_identical_rbh	ECB_RS00035	b0006	True
ECB_00007	YP_003043236.1	T2_near_identical_rbh	ECB_RS00040	b0007	False
ECB_00008	YP_003043237.1	T2_near_identical_rbh	ECB_RS00045	b0008	True
ECB_00009	YP_003043238.1	T2_near_identical_rbh	ECB_RS00050	b0009	True
ECB_00010	YP_003043239.1	T1_exact_sequence	ECB_RS00055	b0010	False
ECB_00013	YP_003043242.1	T2_near_identical_rbh	ECB_RS00065	b0013	False
ECB_00014	YP_003043243.1	T1_exact_sequence	ECB_RS00070	b0014	True
ECB_00015	YP_003043244.1	T2_near_identical_rbh	ECB_RS00075	b0015	True
ECB_00016	YP_003043245.1	ambiguous (identical paralogs)	ECB_RS00080		False
ECB_00017	YP_003043246.1	T1_exact_sequence	ECB_RS00085	b4412	False
ECB_00018	YP_003043248.1	T2_near_identical_rbh	ECB_RS00090	b0019	False
ECB_00019	YP_003043249.1	T2_near_identical_rbh	ECB_RS00095	b0020	False
ECB_00020	YP_003043250.1	no MG1655 partner (REL606-specific or below threshold)	ECB_RS00100		False
ECB_00021	YP_003043251.1	current locus is pseudogene	ECB_RS00105		False
ECB_00022	YP_003043252.1	ECB_ tag absent from current REL606 annotation			False
ECB_00023	YP_003043253.1	ECB_ tag absent from current REL606 annotation			False
ECB_00024	YP_003043254.1	ambiguous_rbh_tie	ECB_RS00120		False
ECB_00025	YP_003043255.1	current locus is pseudogene	ECB_RS00125		False
ECB_00026	YP_003043256.1	ECB_ tag absent from current REL606 annotation			False
ECB_00027	YP_003043257.1	T1_exact_sequence	ECB_RS00130	b0023	True
ECB_00028	YP_003043258.1	T1_exact_sequence	ECB_RS00135	b0024	False
ECB_00029	YP_003043259.1	T2_near_identical_rbh	ECB_RS00140	b0025	True
ECB_00030	YP_003043260.1	T2_near_identical_rbh	ECB_RS00145	b0026	True
ECB_00031	YP_003043261.1	T2_near_identical_rbh	ECB_RS00150	b0027	False
ECB_00032	YP_003043262.1	T1_exact_sequence	ECB_RS00155	b0028	True
ECB_00033	YP_003043263.1	T1_exact_sequence	ECB_RS00160	b0029	True
ECB_00034	YP_003043264.1	T2_near_identical_rbh	ECB_RS00165	b0030	True
ECB_00035	YP_003043265.1	T2_near_identical_rbh	ECB_RS00170	b0031	True
ECB_00036	YP_003043266.1	T1_exact_sequence	ECB_RS00185	b0032	True
ECB_00037	YP_003043267.1	T2_near_identical_rbh	ECB_RS00190	b0033	True
ECB_00038	YP_003043268.1	T1_exact_sequence	ECB_RS00200	b0034	False
ECB_00039	YP_003043269.1	T2_near_identical_rbh	ECB_RS00205	b0035	False
ECB_00040	YP_003043270.1	T1_exact_sequence	ECB_RS00210	b0036	False
ECB_00041	YP_003043271.1	T2_near_identical_rbh	ECB_RS00215	b0037	False
ECB_00043	YP_003043272.1	T1_exact_sequence	ECB_RS00225	b0039	False
ECB_00044	YP_003043273.1	T2_near_identical_rbh	ECB_RS00230	b0040	False
ECB_00045	YP_003043274.1	T1_exact_sequence	ECB_RS00235	b0041	False
ECB_00046	YP_003043275.1	T1_exact_sequence	ECB_RS00240	b0042	False
ECB_00047	YP_003043276.1	T2_near_identical_rbh	ECB_RS00245	b0043	False
ECB_00048	YP_003043277.1	T1_exact_sequence	ECB_RS00250	b0044	False
ECB_00049	YP_003043278.1	T1_exact_sequence	ECB_RS00255	b0045	False
ECB_00050	YP_003043279.1	T1_exact_sequence	ECB_RS00260	b0046	False
ECB_00051	YP_003043280.1	T2_near_identical_rbh	ECB_RS00265	b0047	False
ECB_00052	YP_003043281.1	T1_exact_sequence	ECB_RS00270	b0048	True
ECB_00053	YP_003043282.1	T1_exact_sequence	ECB_RS00275	b0049	True
ECB_00054	YP_003043283.1	T1_exact_sequence	ECB_RS00280	b0050	True
ECB_00055	YP_003043284.1	T1_exact_sequence	ECB_RS00285	b0051	True
ECB_00056	YP_003043285.1	T1_exact_sequence	ECB_RS00290	b0052	True
ECB_00057	YP_003043286.1	T1_exact_sequence	ECB_RS00295	b0053	True
ECB_00058	YP_003043287.1	T1_exact_sequence	ECB_RS00300	b0054	True
ECB_00059	YP_003043288.1	T2_near_identical_rbh	ECB_RS00305	b0055	True
ECB_00060	YP_003043289.1	T1_exact_sequence	ECB_RS00310	b0058	False
ECB_00061	YP_003043290.1	T1_exact_sequence	ECB_RS00315	b0059	True
ECB_00062	YP_003043291.1	T2_near_identical_rbh	ECB_RS00320	b0060	False
ECB_00063	YP_003043292.1	T2_near_identical_rbh	ECB_RS00325	b0061	False
ECB_00064	YP_003043293.1	T2_near_identical_rbh	ECB_RS00330	b0062	True
ECB_00065	YP_003043294.1	T2_near_identical_rbh	ECB_RS00335	b0063	False
ECB_00066	YP_003043295.1	T1_exact_sequence	ECB_RS00340	b0064	False
ECB_00067	YP_003043296.1	T2_near_identical_rbh	ECB_RS00345	b0065	False
ECB_00068	YP_003043297.1	T2_near_identical_rbh	ECB_RS00350	b0066	False
ECB_00069	YP_003043298.1	T2_near_identical_rbh	ECB_RS00355	b0067	False
ECB_00070	YP_003043299.1	T1_exact_sequence	ECB_RS00360	b0068	False
ECB_00071	YP_003043300.1	T2_near_identical_rbh	ECB_RS00365	b0069	False
ECB_00072	YP_003043301.1	T2_near_identical_rbh	ECB_RS00375	b0070	False
ECB_00073	YP_003043302.1	T1_exact_sequence	ECB_RS00380	b0071	True
ECB_00074	YP_003043303.1	T1_exact_sequence	ECB_RS00385	b0072	True
ECB_00075	YP_003043304.1	T1_exact_sequence	ECB_RS00390	b0073	True
ECB_00076	YP_003043305.1	T1_exact_sequence	ECB_RS00395	b0074	True
ECB_00077	YP_003043306.1	T1_exact_sequence	ECB_RS00400	b0075	False
ECB_00078	YP_003043307.1	T1_exact_sequence	ECB_RS00405	b0076	False
ECB_00079	YP_003043308.1	T2_near_identical_rbh	ECB_RS00410	b0077	True
ECB_00080	YP_003043309.1	T1_exact_sequence	ECB_RS00415	b0078	True
ECB_00081	YP_003043310.1	T1_exact_sequence	ECB_RS00425	b0080	True
ECB_00082	YP_003043311.1	T2_near_identical_rbh	ECB_RS00430	b0081	True
ECB_00083	YP_003043312.1	T1_exact_sequence	ECB_RS00435	b0082	True
ECB_00084	YP_003043313.1	T1_exact_sequence	ECB_RS00440	b0083	False
ECB_00085	YP_003043314.1	T1_exact_sequence	ECB_RS00445	b0084	True
ECB_00086	YP_003043315.1	T2_near_identical_rbh	ECB_RS00450	b0085	True
ECB_00087	YP_003043316.1	T2_near_identical_rbh	ECB_RS00455	b0086	True
ECB_00088	YP_003043317.1	T1_exact_sequence	ECB_RS00460	b0087	False
ECB_00089	YP_003043318.1	T1_exact_sequence	ECB_RS00465	b0088	True
ECB_00090	YP_003043319.1	T1_exact_sequence	ECB_RS00470	b0089	False
ECB_00091	YP_003043320.1	T1_exact_sequence	ECB_RS00475	b0090	True
ECB_00092	YP_003043321.1	T2_near_identical_rbh	ECB_RS00480	b0091	True
ECB_00093	YP_003043322.1	T2_near_identical_rbh	ECB_RS00485	b0092	True
ECB_00094	YP_003043323.1	T2_near_identical_rbh	ECB_RS00490	b0093	True
ECB_00095	YP_003043324.1	T1_exact_sequence	ECB_RS00495	b0094	True
ECB_00096	YP_003043325.1	T1_exact_sequence	ECB_RS00500	b0095	True
ECB_00097	YP_003043326.1	T1_exact_sequence	ECB_RS00505	b0096	True
ECB_00098	YP_003043327.1	T1_exact_sequence	ECB_RS00510	b0097	False
ECB_00099	YP_003043328.1	T1_exact_sequence	ECB_RS00515	b0098	True
ECB_00100	YP_003043329.1	T1_exact_sequence	ECB_RS00520	b0099	True
ECB_00101	YP_003043330.1	T1_exact_sequence	ECB_RS00530	b0101	True
ECB_00102	YP_003043331.1	T1_exact_sequence	ECB_RS00535	b0102	True
ECB_00103	YP_003043332.1	T1_exact_sequence	ECB_RS00540	b0103	True
ECB_00104	YP_003043333.1	T2_near_identical_rbh	ECB_RS00545	b0104	True
ECB_00105	YP_003043334.1	T1_exact_sequence	ECB_RS00550	b0106	False
ECB_00106	YP_003043335.1	T1_exact_sequence	ECB_RS00555	b0107	False
ECB_00107	YP_003043336.1	T1_exact_sequence	ECB_RS00560	b0108	False
ECB_00108	YP_003043337.1	T1_exact_sequence	ECB_RS00570	b0109	True
ECB_00109	YP_003043338.1	T1_exact_sequence	ECB_RS00575	b0110	True
ECB_00110	YP_003043339.1	T1_exact_sequence	ECB_RS00580	b0111	True
ECB_00111	YP_003043340.1	T1_exact_sequence	ECB_RS00585	b0112	True
ECB_00112	YP_003043341.1	T1_exact_sequence	ECB_RS00590	b0113	True
ECB_00113	YP_003043342.1	T2_near_identical_rbh	ECB_RS00595	b0114	True
ECB_00114	YP_003043343.1	T1_exact_sequence	ECB_RS00600	b0115	True
ECB_00115	YP_003043344.1	T1_exact_sequence	ECB_RS00605	b0116	True
ECB_00116	YP_003043345.1	T2_near_identical_rbh	ECB_RS00610	b0117	False
ECB_00117	YP_003043346.1	T1_exact_sequence	ECB_RS00615	b0118	True
ECB_00118	YP_003043347.1	T1_exact_sequence	ECB_RS00620	b0119	True
ECB_00119	YP_003043348.1	T1_exact_sequence	ECB_RS00625	b0120	True
ECB_00120	YP_003043349.1	T1_exact_sequence	ECB_RS00630	b0121	True
ECB_00121	YP_003043350.1	T1_exact_sequence	ECB_RS00635	b0122	True
ECB_00122	YP_003043351.1	T2_near_identical_rbh	ECB_RS00640	b0123	True
ECB_00123	YP_003043352.1	T2_near_identical_rbh	ECB_RS00645	b0124	True
ECB_00124	YP_003043353.1	T1_exact_sequence	ECB_RS00650	b0125	True
ECB_00125	YP_003043354.1	T1_exact_sequence	ECB_RS00655	b0126	True
ECB_00126	YP_003043355.1	T1_exact_sequence	ECB_RS00660	b0127	True
ECB_00127	YP_003043356.1	T1_exact_sequence	ECB_RS00665	b0128	False
ECB_00128	YP_003043357.1	T2_near_identical_rbh	ECB_RS00670	b0129	False
ECB_00129	YP_003043358.1	T1_exact_sequence	ECB_RS00675	b0130	False
ECB_00130	YP_003043359.1	T1_exact_sequence	ECB_RS00680	b0131	True
ECB_00131	YP_003043360.1	T1_exact_sequence	ECB_RS00685	b0132	False
ECB_00132	YP_003043361.1	T2_near_identical_rbh	ECB_RS00690	b0133	True
ECB_00133	YP_003043362.1	T2_near_identical_rbh	ECB_RS00695	b0134	True
ECB_00134	YP_003043363.1	T3_divergent_syntenic_rbh	ECB_RS00700	b0135	False
ECB_00135	YP_003043364.1	T3_divergent_syntenic_rbh	ECB_RS00705	b0136	False
ECB_00136	YP_003043365.1	T2_near_identical_rbh	ECB_RS00710	b0137	False
ECB_00137	YP_003043366.1	T2_near_identical_rbh	ECB_RS00715	b0138	False
ECB_00138	YP_003043367.1	T2_near_identical_rbh	ECB_RS00720	b0139	False
ECB_00139	YP_003043368.1	T2_near_identical_rbh	ECB_RS00725	b0140	False
ECB_00140	YP_003043369.1	T2_near_identical_rbh	ECB_RS00730	b0141	False
ECB_00141	YP_003043370.1	T2_near_identical_rbh	ECB_RS00735	b0142	True
ECB_00142	YP_003043371.1	T2_near_identical_rbh	ECB_RS00740	b0143	True
ECB_00143	YP_003043372.1	T2_near_identical_rbh	ECB_RS00745	b0144	False
ECB_00144	YP_003043373.1	T1_exact_sequence	ECB_RS00750	b0145	True
ECB_00145	YP_003043374.1	T2_near_identical_rbh	ECB_RS00755	b0146	True
ECB_00146	YP_003043375.1	T2_near_identical_rbh	ECB_RS00760	b0147	False
ECB_00147	YP_003043376.1	T2_near_identical_rbh	ECB_RS00765	b0148	True
ECB_00148	YP_003043377.1	T2_near_identical_rbh	ECB_RS00775	b0149	True
ECB_00149	YP_003043378.1	T2_near_identical_rbh	ECB_RS00780	b0150	True
ECB_00150	YP_003043379.1	T2_near_identical_rbh	ECB_RS00785	b0151	True
ECB_00151	YP_003043380.1	T2_near_identical_rbh	ECB_RS00790	b0152	False
ECB_00152	YP_003043381.1	T2_near_identical_rbh	ECB_RS00795	b0153	False
ECB_00153	YP_003043382.1	T2_near_identical_rbh	ECB_RS00800	b0154	True
ECB_00154	YP_003043383.1	T2_near_identical_rbh	ECB_RS00805	b0155	False
ECB_00155	YP_003043384.1	T1_exact_sequence	ECB_RS00810	b0156	True
ECB_00156	YP_003043385.1	T1_exact_sequence	ECB_RS00815	b0157	False
ECB_00157	YP_003043386.1	T2_near_identical_rbh	ECB_RS00820	b0158	True
ECB_00158	YP_003043387.1	T1_exact_sequence	ECB_RS00825	b0159	True
ECB_00159	YP_003043388.1	T2_near_identical_rbh	ECB_RS00830	b0160	True
ECB_00160	YP_003043389.1	T1_exact_sequence	ECB_RS00835	b0161	True
ECB_00161	YP_003043390.1	T2_near_identical_rbh	ECB_RS00840	b0162	True
ECB_00162	YP_003043391.1	T1_exact_sequence	ECB_RS00845	b0163	True
ECB_00163	YP_003043392.1	T2_near_identical_rbh	ECB_RS00850	b0164	False
ECB_00164	YP_003043393.1	T1_exact_sequence	ECB_RS00855	b0166	True
ECB_00165	YP_003043394.1	T2_near_identical_rbh	ECB_RS00860	b0167	True
ECB_00166	YP_003043395.1	T1_exact_sequence	ECB_RS00865	b0168	True
ECB_00167	YP_003043396.1	T1_exact_sequence	ECB_RS00870	b0169	True
ECB_00168	YP_003043397.1	T1_exact_sequence	ECB_RS00875	b0170	True
ECB_00169	YP_003043398.1	T1_exact_sequence	ECB_RS00880	b0171	True
ECB_00170	YP_003043399.1	T1_exact_sequence	ECB_RS00885	b0172	True
ECB_00171	YP_003043400.1	T1_exact_sequence	ECB_RS00890	b0173	True
ECB_00172	YP_003043401.1	T2_near_identical_rbh	ECB_RS00895	b0174	True
ECB_00173	YP_003043402.1	T1_exact_sequence	ECB_RS00900	b0175	False
ECB_00174	YP_003043403.1	T1_exact_sequence	ECB_RS00905	b0176	True
ECB_00175	YP_003043404.1	T1_exact_sequence	ECB_RS00910	b0177	True
ECB_00176	YP_003043405.1	T1_exact_sequence	ECB_RS00915	b0178	True
ECB_00177	YP_003043406.1	T2_near_identical_rbh	ECB_RS00920	b0179	True
ECB_00178	YP_003043407.1	T1_exact_sequence	ECB_RS00925	b0180	True
ECB_00179	YP_003043408.1	T1_exact_sequence	ECB_RS00930	b0181	True
ECB_00180	YP_003043409.1	T2_near_identical_rbh	ECB_RS00935	b0182	True
ECB_00181	YP_003043410.1	T2_near_identical_rbh	ECB_RS00940	b0183	True
ECB_00182	YP_003043411.1	T2_near_identical_rbh	ECB_RS00945	b0184	True
ECB_00183	YP_003043412.1	T2_near_identical_rbh	ECB_RS00950	b0185	True
ECB_00184	YP_003043413.1	T2_near_identical_rbh	ECB_RS00955	b0186	False
ECB_00185	YP_003043414.1	T2_near_identical_rbh	ECB_RS00960	b0187	True
ECB_00186	YP_003043415.1	T2_near_identical_rbh	ECB_RS00965	b0188	True
ECB_00187	YP_003043416.1	T2_near_identical_rbh	ECB_RS00970	b0189	True
ECB_00188	YP_003043417.1	T1_exact_sequence	ECB_RS00975	b4406	True
ECB_00189	YP_003043418.1	T1_exact_sequence	ECB_RS00980	b0190	True
ECB_00190	YP_003043419.1	T2_near_identical_rbh	ECB_RS00985	b0191	False
ECB_00191	YP_003043420.1	T2_near_identical_rbh	ECB_RS00990	b0192	True
ECB_00192	YP_003043421.1	T2_near_identical_rbh	ECB_RS00995	b0193	False
ECB_00193	YP_003043422.1	T2_near_identical_rbh	ECB_RS01000	b0194	True
ECB_00194	YP_003043423.1	T2_near_identical_rbh	ECB_RS01005	b0195	True
ECB_00195	YP_003043424.1	T1_exact_sequence	ECB_RS01010	b0196	True
ECB_00196	YP_003043425.1	T2_near_identical_rbh	ECB_RS01015	b0197	True
ECB_00197	YP_003043426.1	T1_exact_sequence	ECB_RS01020	b0198	True
ECB_00198	YP_003043427.1	T2_near_identical_rbh	ECB_RS01025	b0199	True
ECB_00199	YP_003043428.1	T2_near_identical_rbh	ECB_RS01030	b0200	True
ECB_00200	YP_003043429.1	T2_near_identical_rbh	ECB_RS01065	b0207	True
ECB_00201	YP_003043430.1	T2_near_identical_rbh	ECB_RS01070	b0208	True
ECB_00202	YP_003043431.1	T1_exact_sequence	ECB_RS01075	b0209	True
ECB_00203	YP_003043432.1	T2_near_identical_rbh	ECB_RS01080	b0210	False
ECB_00204	YP_003043433.1	T1_exact_sequence	ECB_RS01085	b0211	False
ECB_00205	YP_003043434.1	T2_near_identical_rbh	ECB_RS01090	b0212	True
ECB_00206	YP_003043435.1	T2_near_identical_rbh	ECB_RS01095	b0213	True
ECB_00207	YP_003043436.1	T1_exact_sequence	ECB_RS01100	b0214	True
ECB_00208	YP_003043437.1	T2_near_identical_rbh	ECB_RS01105	b0215	False
ECB_00209	YP_003043438.1	T2_near_identical_rbh	ECB_RS01115	b0217	False
ECB_00210	YP_003043439.1	ECB_ tag absent from current REL606 annotation			False
ECB_00211	YP_003043440.1	no MG1655 partner (REL606-specific or below threshold)	ECB_RS01120		False
ECB_00212	YP_003043441.1	no MG1655 partner (REL606-specific or below threshold)	ECB_RS25305		False
ECB_00213	YP_003043442.1	T2_near_identical_rbh	ECB_RS01125	b1460	False
ECB_00214	YP_003043443.1	T2_near_identical_rbh	ECB_RS01130	b0219	True
ECB_00215	YP_003043444.1	T2_near_identical_rbh	ECB_RS01135	b0220	True
ECB_00216	YP_003043445.1	T2_near_identical_rbh	ECB_RS01140	b0221	True
ECB_00217	YP_003043446.1	T1_exact_sequence	ECB_RS01145	b0222	True
ECB_00218	YP_003043447.1	T2_near_identical_rbh	ECB_RS01150	b0223	True
ECB_00219	YP_003043448.1	T1_exact_sequence	ECB_RS01155	b0224	False
ECB_00220	YP_003043449.1	T2_near_identical_rbh	ECB_RS01160	b0225	False
ECB_00221	YP_003043450.1	T2_near_identical_rbh	ECB_RS01165	b0226	True
ECB_00222	YP_003043451.1	T2_near_identical_rbh	ECB_RS01170	b0227	False
ECB_00223	YP_003043452.1	T2_near_identical_rbh	ECB_RS01175	b0228	False
ECB_00226	YP_003043453.1	T1_exact_sequence	ECB_RS01190	b0231	False
ECB_00227	YP_003043454.1	T2_near_identical_rbh	ECB_RS01195	b0232	False
ECB_00228	YP_003043455.1	T2_near_identical_rbh	ECB_RS01200	b0233	False
ECB_00229	YP_003043456.1	T2_near_identical_rbh	ECB_RS01205	b0234	False
ECB_00230	YP_003043457.1	current locus is pseudogene	ECB_RS01210		False
ECB_00231	YP_003043458.1	current locus is pseudogene	ECB_RS01215		False
ECB_00232	YP_003043459.1	T2_near_identical_rbh	ECB_RS01220	b0237	True
ECB_00233	YP_003043460.1	T1_exact_sequence	ECB_RS01225	b0238	True
ECB_00234	YP_003043461.1	T2_near_identical_rbh	ECB_RS01230	b0239	True
ECB_00235	YP_003043462.1	no MG1655 partner (REL606-specific or below threshold)	ECB_RS01235		True
ECB_00236	YP_003043463.1	ECB_ tag absent from current REL606 annotation			False
ECB_00237	YP_003043464.1	no MG1655 partner (REL606-specific or below threshold)	ECB_RS01240		False
ECB_00238	YP_003043465.1	T2_near_identical_rbh	ECB_RS01245	b0241	True
ECB_00239	YP_003043466.1	T1_exact_sequence	ECB_RS01250	b0242	True
ECB_00240	YP_003043467.1	T2_near_identical_rbh	ECB_RS01255	b0243	True
ECB_00241	YP_003043468.1	current locus is pseudogene	ECB_RS01265		False
ECB_00242	YP_003043469.1	T2_near_identical_rbh	ECB_RS01270	b0283	False
ECB_00243	YP_003043470.1	T2_near_identical_rbh	ECB_RS01275	b0284	False
ECB_00244	YP_003043471.1	T2_near_identical_rbh	ECB_RS01280	b0285	False
ECB_00245	YP_003043472.1	T2_near_identical_rbh	ECB_RS01285	b0286	False
ECB_00246	YP_003043473.1	T1_exact_sequence	ECB_RS01290	b0287	True
ECB_00247	YP_003043474.1	T1_exact_sequence	ECB_RS01300	b0288	False
ECB_00248	YP_003043475.1	T2_near_identical_rbh	ECB_RS01305	b0289	False
ECB_00249	YP_003043476.1	T2_near_identical_rbh	ECB_RS01310	b0290	False
ECB_00250	YP_003043477.1	T2_near_identical_rbh	ECB_RS01315	b0291	True
ECB_00251	YP_003043478.1	T2_near_identical_rbh	ECB_RS01320	b0292	False
ECB_00252	YP_003043479.1	T2_near_identical_rbh	ECB_RS01325	b0293	False
ECB_00253	YP_003043480.1	T2_near_identical_rbh	ECB_RS01330	b0294	False
ECB_00254	YP_003043481.1	T1_exact_sequence	ECB_RS01335	b0295	False
ECB_00255	YP_003043482.1	T1_exact_sequence	ECB_RS01345	b0296	False
ECB_00256	YP_003043483.1	no MG1655 partner (REL606-specific or below threshold)	ECB_RS01355		False
ECB_00257	YP_003043484.1	no MG1655 partner (REL606-specific or below threshold)	ECB_RS01360		False
ECB_00258	YP_003043485.1	T1_exact_sequence	ECB_RS01365	b0301	False
ECB_00259	YP_003043486.1	T2_near_identical_rbh	ECB_RS01370	b0303	False
ECB_00260	YP_003043487.1	T2_near_identical_rbh	ECB_RS01375	b0304	False
ECB_00261	YP_003043488.1	T1_exact_sequence	ECB_RS01380	b0305	False
ECB_00262	YP_003043489.1	T1_exact_sequence	ECB_RS01385	b0306	False
ECB_00263	YP_003043490.1	T1_exact_sequence	ECB_RS01390	b0307	True
ECB_00264	YP_003043491.1	T1_exact_sequence	ECB_RS01395	b0308	False
ECB_00265	YP_003043492.1	ECB_ tag absent from current REL606 annotation			False
ECB_00266	YP_003043493.1	T1_exact_sequence	ECB_RS01405	b0310	False
ECB_00267	YP_003043494.1	T2_near_identical_rbh	ECB_RS01410	b0311	True
ECB_00268	YP_003043495.1	T2_near_identical_rbh	ECB_RS01415	b0312	True
ECB_00269	YP_003043496.1	T2_near_identical_rbh	ECB_RS01420	b0313	False
ECB_00270	YP_003043497.1	T1_exact_sequence	ECB_RS01425	b0314	False
ECB_00271	YP_003043498.1	T1_exact_sequence	ECB_RS01435	b0315	False
ECB_00272	YP_003043499.1	T2_near_identical_rbh	ECB_RS01440	b0316	False
ECB_00273	YP_003043500.1	T2_near_identical_rbh	ECB_RS01445	b0317	False
ECB_00274	YP_003043501.1	T1_exact_sequence	ECB_RS01450	b0318	False
ECB_00275	YP_003043502.1	T2_near_identical_rbh	ECB_RS01455	b0319	False
ECB_00276	YP_003043503.1	T2_near_identical_rbh	ECB_RS01460	b0320	False
ECB_00277	YP_003043504.1	T2_near_identical_rbh	ECB_RS01465	b0321	False
ECB_00278	YP_003043505.1	T2_near_identical_rbh	ECB_RS01475	b0323	False
ECB_00279	YP_003043506.1	T1_exact_sequence	ECB_RS01480	b0324	True
ECB_00280	YP_003043507.1	T1_exact_sequence	ECB_RS01485	b0325	True
ECB_00281	YP_003043508.1	T1_exact_sequence	ECB_RS01490	b0326	False
ECB_00282	YP_003043509.1	T1_exact_sequence	ECB_RS01495	b0327	False
ECB_00283	YP_003043510.1	T2_near_identical_rbh	ECB_RS01500	b0328	False
ECB_00284	YP_003043511.1	T1_exact_sequence	ECB_RS01505	b0329	True
ECB_00285	YP_003043512.1	T2_near_identical_rbh	ECB_RS01510	b0330	False
ECB_00286	YP_003043513.1	T1_exact_sequence	ECB_RS01515	b0331	False
ECB_00287	YP_003043514.1	T2_near_identical_rbh	ECB_RS01520	b0333	False
ECB_00288	YP_003043515.1	T2_near_identical_rbh	ECB_RS01525	b0334	True
ECB_00289	YP_003043516.1	T2_near_identical_rbh	ECB_RS01530	b0335	False
ECB_00290	YP_003043517.1	T1_exact_sequence	ECB_RS01535	b0336	False
ECB_00291	YP_003043518.1	T1_exact_sequence	ECB_RS01540	b0337	True
ECB_00292	YP_003043519.1	T1_exact_sequence	ECB_RS01545	b0338	False
ECB_00293	YP_003043520.1	T1_exact_sequence	ECB_RS01550	b0339	False
ECB_00294	YP_003043521.1	T1_exact_sequence	ECB_RS01555	b0340	False
ECB_00295	YP_003043522.1	T2_near_identical_rbh	ECB_RS01560	b0341	False
ECB_00296	YP_003043523.1	T2_near_identical_rbh	ECB_RS01565	b0342	False
ECB_00297	YP_003043524.1	T1_exact_sequence	ECB_RS01570	b0343	False
ECB_00298	YP_003043525.1	T1_exact_sequence	ECB_RS01575	b0344	False
ECB_00299	YP_003043526.1	T1_exact_sequence	ECB_RS01580	b0345	True
ECB_00300	YP_003043527.1	T1_exact_sequence	ECB_RS01585	b0346	True
ECB_00301	YP_003043528.1	T2_near_identical_rbh	ECB_RS01590	b0347	False
ECB_00302	YP_003043529.1	T1_exact_sequence	ECB_RS01595	b0348	False
ECB_00303	YP_003043530.1	T2_near_identical_rbh	ECB_RS01600	b0349	False
ECB_00304	YP_003043531.1	T2_near_identical_rbh	ECB_RS01605	b0350	False
ECB_00305	YP_003043532.1	T1_exact_sequence	ECB_RS01610	b0351	False
ECB_00306	YP_003043533.1	T2_near_identical_rbh	ECB_RS01615	b0352	False
ECB_00307	YP_003043534.1	T1_exact_sequence	ECB_RS01620	b0353	False
ECB_00308	YP_003043535.1	T1_exact_sequence	ECB_RS01625	b0354	True
ECB_00309	YP_003043536.1	T2_near_identical_rbh	ECB_RS01630	b0355	False
ECB_00310	YP_003043537.1	T2_near_identical_rbh	ECB_RS01635	b0356	True
ECB_00311	YP_003043538.1	T1_exact_sequence	ECB_RS01640	b0357	True
ECB_00312	YP_003043539.1	T2_near_identical_rbh	ECB_RS01645	b0358	False
ECB_00313	YP_003043540.1	no MG1655 partner (REL606-specific or below threshold)	ECB_RS01650		False
ECB_00314	YP_003043541.1	ECB_ tag absent from current REL606 annotation			False
ECB_00315	YP_003043542.1	T2_near_identical_rbh	ECB_RS01655	b0365	True
ECB_00316	YP_003043543.1	T2_near_identical_rbh	ECB_RS01660	b0366	True
ECB_00317	YP_003043544.1	T2_near_identical_rbh	ECB_RS01665	b0367	False
ECB_00318	YP_003043545.1	T2_near_identical_rbh	ECB_RS01670	b0368	True
ECB_00319	YP_003043546.1	T2_near_identical_rbh	ECB_RS01675	b0369	True
ECB_00320	YP_003043547.1	ECB_ tag absent from current REL606 annotation			False
ECB_00321	YP_003043548.1	no MG1655 partner (REL606-specific or below threshold)	ECB_RS01680		False
ECB_00322	YP_003043549.1	T2_near_identical_rbh	ECB_RS01685	b0375	False
ECB_00323	YP_003043550.1	T2_near_identical_rbh	ECB_RS01690	b0376	True
ECB_00324	YP_003043551.1	T2_near_identical_rbh	ECB_RS01700	b0377	False
ECB_00325	YP_003043552.1	T2_near_identical_rbh	ECB_RS01705	b0378	True
ECB_00326	YP_003043553.1	T1_exact_sequence	ECB_RS01710	b0379	False
ECB_00327	YP_003043554.1	T1_exact_sequence	ECB_RS25325	b0380	False
ECB_00328	YP_003043555.1	T1_exact_sequence	ECB_RS01720	b0381	True
ECB_00329	YP_003043556.1	T1_exact_sequence	ECB_RS01730	b0382	True
ECB_00330	YP_003043557.1	T2_near_identical_rbh	ECB_RS01735	b0383	False
ECB_00331	YP_003043558.1	T3_divergent_syntenic_rbh	ECB_RS01740	b0384	True
ECB_00332	YP_003043559.1	T1_exact_sequence	ECB_RS01745	b0385	False
ECB_00333	YP_003043560.1	T1_exact_sequence	ECB_RS01750	b0386	True
ECB_00334	YP_003043561.1	T1_exact_sequence	ECB_RS01755	b0387	True
ECB_00335	YP_003043562.1	T1_exact_sequence	ECB_RS01760	b0388	True
ECB_00336	YP_003043563.1	T1_exact_sequence	ECB_RS01765	b0389	False
ECB_00337	YP_003043564.1	T2_near_identical_rbh	ECB_RS01775	b0390	False
ECB_00338	YP_003043565.1	T1_exact_sequence	ECB_RS01780	b0391	True
ECB_00339	YP_003043566.1	current locus is pseudogene	ECB_RS01785		False
ECB_00340	YP_003043567.1	no MG1655 partner (REL606-specific or below threshold)	ECB_RS01790		False
ECB_00341	YP_003043568.1	ECB_ tag absent from current REL606 annotation			False
ECB_00342	YP_003043569.1	T1_exact_sequence	ECB_RS01795	b0393	True
ECB_00343	YP_003043570.1	T1_exact_sequence	ECB_RS01800	b0394	True
ECB_00344	YP_003043571.1	T2_near_identical_rbh	ECB_RS01805	b0396	False
ECB_00345	YP_003043572.1	T2_near_identical_rbh	ECB_RS01810	b0397	True
ECB_00346	YP_003043573.1	T1_exact_sequence	ECB_RS01815	b0398	True
ECB_00347	YP_003043574.1	T1_exact_sequence	ECB_RS01820	b0399	True
ECB_00348	YP_003043575.1	T2_near_identical_rbh	ECB_RS01825	b0400	False
ECB_00349	YP_003043576.1	T1_exact_sequence	ECB_RS01830	b0401	False
ECB_00350	YP_003043577.1	T1_exact_sequence	ECB_RS01835	b0402	False
ECB_00351	YP_003043578.1	T2_near_identical_rbh	ECB_RS01840	b0403	True
ECB_00353	YP_003043579.1	T1_exact_sequence	ECB_RS01850	b0405	True
ECB_00354	YP_003043580.1	T1_exact_sequence	ECB_RS01855	b0406	True
ECB_00355	YP_003043581.1	T1_exact_sequence	ECB_RS01860	b0407	True
ECB_00356	YP_003043582.1	T1_exact_sequence	ECB_RS01865	b0408	True
ECB_00357	YP_003043583.1	T1_exact_sequence	ECB_RS01870	b0409	True
ECB_00358	YP_003043584.1	T1_exact_sequence	ECB_RS01875	b0410	True
ECB_00359	YP_003043585.1	current locus is pseudogene	ECB_RS01885		False
ECB_00360	YP_003043586.1	T2_near_identical_rbh	ECB_RS01890	b0412	False
ECB_00361	YP_003043587.1	T1_exact_sequence	ECB_RS01895	b0413	True
ECB_00362	YP_003043588.1	T2_near_identical_rbh	ECB_RS01900	b0414	True
ECB_00363	YP_003043589.1	T1_exact_sequence	ECB_RS01905	b0415	True
ECB_00364	YP_003043590.1	T1_exact_sequence	ECB_RS01910	b0416	True
ECB_00365	YP_003043591.1	T1_exact_sequence	ECB_RS01915	b0417	True
ECB_00366	YP_003043592.1	T1_exact_sequence	ECB_RS01920	b0418	False
ECB_00367	YP_003043593.1	T2_near_identical_rbh	ECB_RS01925	b0419	True
ECB_00368	YP_003043594.1	T2_near_identical_rbh	ECB_RS01930	b0420	True
ECB_00369	YP_003043595.1	T1_exact_sequence	ECB_RS01935	b0421	True
ECB_00370	YP_003043596.1	T1_exact_sequence	ECB_RS01940	b0422	True
ECB_00371	YP_003043597.1	T2_near_identical_rbh	ECB_RS01945	b0423	True
ECB_00372	YP_003043598.1	T2_near_identical_rbh	ECB_RS01950	b0424	True
ECB_00373	YP_003043599.1	T2_near_identical_rbh	ECB_RS01955	b0425	True
ECB_00374	YP_003043600.1	T1_exact_sequence	ECB_RS01960	b0426	True
ECB_00375	YP_003043601.1	T2_near_identical_rbh	ECB_RS01965	b0427	False
ECB_00376	YP_003043602.1	no MG1655 partner (REL606-specific or below threshold)	ECB_RS01970		False
ECB_00377	YP_003043603.1	no MG1655 partner (REL606-specific or below threshold)	ECB_RS01975		False
ECB_00378	YP_003043604.1	no MG1655 partner (REL606-specific or below threshold)	ECB_RS01980		False
ECB_00379	YP_003043605.1	T1_exact_sequence	ECB_RS01985	b0428	False
ECB_00380	YP_003043606.1	T1_exact_sequence	ECB_RS01990	b0429	False
ECB_00381	YP_003043607.1	T1_exact_sequence	ECB_RS01995	b0430	False
ECB_00382	YP_003043608.1	T1_exact_sequence	ECB_RS02000	b0431	True
ECB_00383	YP_003043609.1	T2_near_identical_rbh	ECB_RS02005	b0432	True
ECB_00384	YP_003043610.1	T2_near_identical_rbh	ECB_RS02010	b0433	False
ECB_00385	YP_003043611.1	T2_near_identical_rbh	ECB_RS02015	b0434	True
ECB_00386	YP_003043612.1	T1_exact_sequence	ECB_RS02020	b0435	True
ECB_00387	YP_003043613.1	T2_near_identical_rbh	ECB_RS02030	b0436	True
ECB_00388	YP_003043614.1	T1_exact_sequence	ECB_RS02035	b0437	True
ECB_00389	YP_003043615.1	T1_exact_sequence	ECB_RS02040	b0438	True
ECB_00390	YP_003043616.1	ambiguous (identical paralogs)	ECB_RS02045		False
ECB_00391	YP_003043617.1	T1_exact_sequence	ECB_RS02050	b0439	True
ECB_00392	YP_003043618.1	T2_near_identical_rbh	ECB_RS02055	b0440	True
ECB_00393	YP_003043619.1	T2_near_identical_rbh	ECB_RS02060	b0441	True
ECB_00394	YP_003043620.1	T2_near_identical_rbh	ECB_RS02065	b0442	False
ECB_00395	YP_003043621.1	T1_exact_sequence	ECB_RS02070	b0443	False
ECB_00396	YP_003043622.1	T2_near_identical_rbh	ECB_RS02075	b0444	True
ECB_00397	YP_003043623.1	T2_near_identical_rbh	ECB_RS02080	b0445	True
ECB_00398	YP_003043624.1	T2_near_identical_rbh	ECB_RS02085	b0446	False
ECB_00399	YP_003043625.1	T1_exact_sequence	ECB_RS02090	b0447	False
ECB_00400	YP_003043626.1	T2_near_identical_rbh	ECB_RS02095	b0448	False
ECB_00401	YP_003043627.1	T2_near_identical_rbh	ECB_RS02100	b0449	False
ECB_00402	YP_003043628.1	T2_near_identical_rbh	ECB_RS02105	b0450	False
ECB_00403	YP_003043629.1	T2_near_identical_rbh	ECB_RS02110	b0451	False
ECB_00404	YP_003043630.1	T1_exact_sequence	ECB_RS02115	b0452	True
ECB_00405	YP_003043631.1	T2_near_identical_rbh	ECB_RS02120	b0453	True
ECB_00406	YP_003043632.1	T3_divergent_syntenic_rbh	ECB_RS02125	b0454	False
ECB_00407	YP_003043633.1	T1_exact_sequence	ECB_RS02130	b0456	False
ECB_00408	YP_003043634.1	T2_near_identical_rbh	ECB_RS02135	b0457	False
ECB_00409	YP_003043635.1	T1_exact_sequence	ECB_RS02140	b0458	False
ECB_00410	YP_003043636.1	T1_exact_sequence	ECB_RS02145	b0459	False
ECB_00411	YP_003043637.1	T1_exact_sequence	ECB_RS02150	b0460	True
ECB_00412	YP_003043638.1	T1_exact_sequence	ECB_RS02155	b0461	False
ECB_00413	YP_003043639.1	T2_near_identical_rbh	ECB_RS02160	b0462	True
ECB_00414	YP_003043640.1	T1_exact_sequence	ECB_RS02165	b0463	True
ECB_00415	YP_003043641.1	T1_exact_sequence	ECB_RS02170	b0464	True
ECB_00416	YP_003043642.1	T2_near_identical_rbh	ECB_RS02175	b0465	True
ECB_00417	YP_003043643.1	T1_exact_sequence	ECB_RS02185	b0466	False
ECB_00418	YP_003043644.1	T1_exact_sequence	ECB_RS02190	b0467	True
ECB_00419	YP_003043645.1	T1_exact_sequence	ECB_RS02195	b0468	False
ECB_00420	YP_003043646.1	T1_exact_sequence	ECB_RS02200	b0469	True
ECB_00421	YP_003043647.1	T1_exact_sequence	ECB_RS02205	b0470	True
ECB_00422	YP_003043648.1	T1_exact_sequence	ECB_RS02210	b0471	True
ECB_00423	YP_003043649.1	T1_exact_sequence	ECB_RS02215	b0472	True
ECB_00424	YP_003043650.1	T1_exact_sequence	ECB_RS02220	b0473	True
ECB_00425	YP_003043651.1	T1_exact_sequence	ECB_RS02225	b0474	True
ECB_00426	YP_003043652.1	T2_near_identical_rbh	ECB_RS02230	b0475	True
ECB_00427	YP_003043653.1	T2_near_identical_rbh	ECB_RS02235	b0476	False
ECB_00428	YP_003043654.1	T1_exact_sequence	ECB_RS02240	b0477	True
ECB_00429	YP_003043655.1	T1_exact_sequence	ECB_RS02245	b0478	True
ECB_00430	YP_003043656.1	T2_near_identical_rbh	ECB_RS02250	b0479	False
ECB_00431	YP_003043657.1	T1_exact_sequence	ECB_RS02255	b0480	True
ECB_00432	YP_003043658.1	T1_exact_sequence	ECB_RS02260	b0481	True
ECB_00433	YP_003043659.1	T1_exact_sequence	ECB_RS02265	b0482	False
ECB_00434	YP_003043660.1	T1_exact_sequence	ECB_RS02270	b0483	False
ECB_00435	YP_003043661.1	T1_exact_sequence	ECB_RS02275	b0484	True
ECB_00436	YP_003043662.1	T1_exact_sequence	ECB_RS02280	b0485	False
ECB_00437	YP_003043663.1	T2_near_identical_rbh	ECB_RS02285	b0486	False
ECB_00438	YP_003043664.1	T1_exact_sequence	ECB_RS02290	b0487	True
ECB_00439	YP_003043665.1	T2_near_identical_rbh	ECB_RS02295	b0488	False
ECB_00440	YP_003043666.1	T1_exact_sequence	ECB_RS02300	b0489	True
ECB_00441	YP_003043667.1	T2_near_identical_rbh	ECB_RS02305	b0490	False
ECB_00442	YP_003043668.1	T1_exact_sequence	ECB_RS02310	b0491	False
ECB_00443	YP_003043669.1	T1_exact_sequence	ECB_RS02315	b0492	True
ECB_00444	YP_003043670.1	T2_near_identical_rbh	ECB_RS02320	b0493	True
ECB_00445	YP_003043671.1	T2_near_identical_rbh	ECB_RS02325	b0494	True
ECB_00446	YP_003043672.1	T1_exact_sequence	ECB_RS02330	b0495	False
ECB_00447	YP_003043673.1	T2_near_identical_rbh	ECB_RS02335	b0496	True
ECB_00448	YP_003043674.1	T2_near_identical_rbh	ECB_RS02340	b0497	False
ECB_00449	YP_003043675.1	T1_exact_sequence	ECB_RS02345	b0498	False
ECB_00450	YP_003043676.1	current locus is pseudogene	ECB_RS02350		False
ECB_00451	YP_003043677.1	no MG1655 partner (REL606-specific or below threshold)	ECB_RS24810		False
ECB_00452	YP_003043678.1	current locus is pseudogene	ECB_RS02360		False
ECB_00453	YP_003043679.1	T1_exact_sequence	ECB_RS02365	b0503	False
ECB_00454	YP_003043680.1	T1_exact_sequence	ECB_RS02370	b0504	False
ECB_00455	YP_003043681.1	T2_near_identical_rbh	ECB_RS02375	b0505	False
ECB_00456	YP_003043682.1	T1_exact_sequence	ECB_RS02380	b0506	True
ECB_00457	YP_003043683.1	T1_exact_sequence	ECB_RS02385	b0507	False
ECB_00458	YP_003043684.1	T1_exact_sequence	ECB_RS02390	b0508	False
ECB_00459	YP_003043685.1	T2_near_identical_rbh	ECB_RS02395	b0509	False
ECB_00460	YP_003043686.1	ECB_ tag absent from current REL606 annotation			False
ECB_00461	YP_003043687.1	T1_exact_sequence	ECB_RS02400	b0511	False
ECB_00462	YP_003043688.1	T2_near_identical_rbh	ECB_RS02405	b0512	False
ECB_00463	YP_003043689.1	T2_near_identical_rbh	ECB_RS02410	b0513	False
ECB_00464	YP_003043690.1	T2_near_identical_rbh	ECB_RS02415	b0514	False
ECB_00465	YP_003043691.1	T2_near_identical_rbh	ECB_RS02420	b0515	True
ECB_00466	YP_003043692.1	T2_near_identical_rbh	ECB_RS02425	b0516	False
ECB_00467	YP_003043693.1	T2_near_identical_rbh	ECB_RS02430	b0517	False
ECB_00468	YP_003043694.1	T2_near_identical_rbh	ECB_RS02435	b0518	False
ECB_00469	YP_003043695.1	T2_near_identical_rbh	ECB_RS02440	b4572	False
ECB_00470	YP_003043696.1	T2_near_identical_rbh	ECB_RS02445	b0520	False
ECB_00471	YP_003043697.1	T2_near_identical_rbh	ECB_RS02450	b0521	False
ECB_00472	YP_003043698.1	T2_near_identical_rbh	ECB_RS02455	b0522	True
ECB_00473	YP_003043699.1	T1_exact_sequence	ECB_RS02460	b0523	True
ECB_00474	YP_003043700.1	T2_near_identical_rbh	ECB_RS02465	b0524	False
ECB_00475	YP_003043701.1	T1_exact_sequence	ECB_RS02470	b0525	True
ECB_00476	YP_003043702.1	T2_near_identical_rbh	ECB_RS02475	b0526	True
ECB_00477	YP_003043703.1	T2_near_identical_rbh	ECB_RS02480	b0527	False
ECB_00478	YP_003043704.1	T1_exact_sequence	ECB_RS02485	b0528	True
ECB_00479	YP_003043705.1	T1_exact_sequence	ECB_RS02490	b0529	True
ECB_00480	YP_003043706.1	T1_exact_sequence	ECB_RS02495	b0530	False
ECB_00481	YP_003043707.1	T1_exact_sequence	ECB_RS02500	b0531	False
ECB_00482	YP_003043708.1	T2_near_identical_rbh	ECB_RS02505	b0532	False
ECB_00483	YP_003043709.1	T2_near_identical_rbh	ECB_RS02510	b0533	False
ECB_00484	YP_003043710.1	T2_near_identical_rbh	ECB_RS02515	b0534	False
ECB_00485	YP_003043711.1	T2_near_identical_rbh	ECB_RS02520	b0535	False
ECB_00486	YP_003043712.1	T2_near_identical_rbh	ECB_RS02530	b0537	False
ECB_00487	YP_003043713.1	ECB_ tag absent from current REL606 annotation			False
ECB_00488	YP_003043714.1	no MG1655 partner (REL606-specific or below threshold)	ECB_RS02540		False
ECB_00489	YP_003043715.1	no MG1655 partner (REL606-specific or below threshold)	ECB_RS02545		False
ECB_00490	YP_003043716.1	current locus is pseudogene	ECB_RS02555		False
ECB_00492	YP_003043717.1	ECB_ tag absent from current REL606 annotation			False
ECB_00493	YP_003043718.1	T2_near_identical_rbh	ECB_RS02570	b0543	False
ECB_00494	YP_003043719.1	T1_exact_sequence	ECB_RS02580	b0544	False
ECB_00495	YP_003043720.1	T1_exact_sequence	ECB_RS02585	b0545	False
ECB_00496	YP_003043721.1	T1_exact_sequence	ECB_RS02590	b0546	False
ECB_00497	YP_003043722.1	T1_exact_sequence	ECB_RS02595	b0547	False
ECB_00498	YP_003043723.1	T2_near_identical_rbh	ECB_RS02600	b0548	False
ECB_00499	YP_003043724.1	T2_near_identical_rbh	ECB_RS02605	b0549	False
ECB_00500	YP_003043725.1	T2_near_identical_rbh	ECB_RS02610	b0550	False
ECB_00501	YP_003043726.1	T2_near_identical_rbh	ECB_RS02615	b4509	False
ECB_00502	YP_003043727.1	T2_near_identical_rbh	ECB_RS02620	b0551	False
ECB_00504	YP_003043728.1	no MG1655 partner (REL606-specific or below threshold)	ECB_RS02630		False
ECB_00505	YP_003043729.1	ECB_ tag absent from current REL606 annotation			False
ECB_00506	YP_003043730.1	T1_exact_sequence	ECB_RS02640	b0554	False
ECB_00507	YP_003043731.1	T2_near_identical_rbh	ECB_RS02645	b0555	False
ECB_00508	YP_003043732.1	T2_near_identical_rbh	ECB_RS26250	b0556	True
ECB_00509	YP_003043733.1	T2_near_identical_rbh	ECB_RS02655	b0557	True
ECB_00510	YP_003043734.1	T2_near_identical_rbh	ECB_RS02665	b4589	False
ECB_00511	YP_003043735.1	T2_near_identical_rbh	ECB_RS02680	b1548	False
ECB_00512	YP_003043736.1	current locus is pseudogene	ECB_RS02685		True
ECB_00513	YP_003043737.1	no MG1655 partner (REL606-specific or below threshold)	ECB_RS02690		False
ECB_00514	YP_003043738.1	no MG1655 partner (REL606-specific or below threshold)	ECB_RS02695		False
ECB_00515	YP_003043739.1	no MG1655 partner (REL606-specific or below threshold)	ECB_RS02700		False
ECB_00516	YP_003043740.1	no MG1655 partner (REL606-specific or below threshold)	ECB_RS02705		False
ECB_00517	YP_003043741.1	ECB_ tag absent from current REL606 annotation			False
ECB_00518	YP_003043742.1	T1_exact_sequence	ECB_RS02715	b0564	False
ECB_00519	YP_003043743.1	T1_exact_sequence	ECB_RS02720	b0565	True
ECB_00520	YP_003043744.1	T2_near_identical_rbh	ECB_RS02730	b0566	False
ECB_00521	YP_003043745.1	T2_near_identical_rbh	ECB_RS02735	b0567	False
ECB_00522	YP_003043746.1	T2_near_identical_rbh	ECB_RS02740	b0568	True
ECB_00524	YP_003043747.1	ECB_ tag absent from current REL606 annotation			False
ECB_00525	YP_003043748.1	no MG1655 partner (REL606-specific or below threshold)	ECB_RS02750		False
ECB_00526	YP_003043749.1	ECB_ tag absent from current REL606 annotation			False
ECB_00527	YP_003043750.1	no MG1655 partner (REL606-specific or below threshold)	ECB_RS25855		False
ECB_00528	YP_003043751.1	no MG1655 partner (REL606-specific or below threshold)	ECB_RS02765		False
ECB_00529	YP_003043752.1	current locus is pseudogene	ECB_RS02770		False
ECB_00530	YP_003043753.1	current locus is pseudogene	ECB_RS02775		False
ECB_00531	YP_003043754.1	T2_near_identical_rbh	ECB_RS02780	b0570	True
ECB_00532	YP_003043755.1	T2_near_identical_rbh	ECB_RS02785	b0571	False
ECB_00533	YP_003043756.1	T2_near_identical_rbh	ECB_RS02790	b0572	True
ECB_00534	YP_003043757.1	T2_near_identical_rbh	ECB_RS02795	b0573	True
ECB_00535	YP_003043758.1	T1_exact_sequence	ECB_RS02800	b0574	True
ECB_00536	YP_003043759.1	T2_near_identical_rbh	ECB_RS02805	b0575	True
ECB_00537	YP_003043760.1	T2_near_identical_rbh	ECB_RS02810	b0576	False
ECB_00538	YP_003043761.1	T2_near_identical_rbh	ECB_RS02815	b0577	True
ECB_00539	YP_003043762.1	T2_near_identical_rbh	ECB_RS02820	b0578	True
ECB_00540	YP_003043763.1	T1_exact_sequence	ECB_RS02825	b0579	False
ECB_00541	YP_003043764.1	T2_near_identical_rbh	ECB_RS02830	b0580	False
ECB_00542	YP_003043765.1	T1_exact_sequence	ECB_RS02835	b0581	True
ECB_00543	YP_003043766.1	ECB_ tag absent from current REL606 annotation			False
ECB_00545	YP_003043767.1	no MG1655 partner (REL606-specific or below threshold)	ECB_RS23205		False
ECB_00546	YP_003043768.1	ECB_ tag absent from current REL606 annotation			False
ECB_00547	YP_003043769.1	T1_exact_sequence	ECB_RS02860	b4415	False
ECB_00548	YP_003043770.1	ambiguous (identical paralogs)	ECB_RS02865		False
ECB_00549	YP_003043771.1	T1_exact_sequence	ECB_RS02870	b0583	False
ECB_00550	YP_003043772.1	T2_near_identical_rbh	ECB_RS02875	b0584	True
ECB_00551	YP_003043773.1	T2_near_identical_rbh	ECB_RS02880	b0585	False
ECB_00552	YP_003043774.1	T1_exact_sequence	ECB_RS02885	b4511	False
ECB_00553	YP_003043775.1	T2_near_identical_rbh	ECB_RS02890	b0586	True
ECB_00554	YP_003043776.1	T2_near_identical_rbh	ECB_RS02895	b0587	False
ECB_00555	YP_003043777.1	T1_exact_sequence	ECB_RS02900	b0588	True
ECB_00556	YP_003043778.1	T2_near_identical_rbh	ECB_RS02905	b0589	False
ECB_00557	YP_003043779.1	T2_near_identical_rbh	ECB_RS02910	b0590	False
ECB_00558	YP_003043780.1	T2_near_identical_rbh	ECB_RS02915	b0591	False
ECB_00559	YP_003043781.1	T2_near_identical_rbh	ECB_RS02920	b0592	True
ECB_00560	YP_003043782.1	T2_near_identical_rbh	ECB_RS02925	b0593	True
ECB_00561	YP_003043783.1	T2_near_identical_rbh	ECB_RS02930	b0594	True
ECB_00562	YP_003043784.1	T2_near_identical_rbh	ECB_RS02935	b0595	True
ECB_00563	YP_003043785.1	T2_near_identical_rbh	ECB_RS02940	b0596	False
ECB_00564	YP_003043786.1	T1_exact_sequence	ECB_RS02945	b0597	True
ECB_00566	YP_003043787.1	T1_exact_sequence	ECB_RS02955	b4512	False
ECB_00567	YP_003043788.1	T2_near_identical_rbh	ECB_RS02960	b0599	True
ECB_00568	YP_003043789.1	T2_near_identical_rbh	ECB_RS02965	b0600	True
ECB_00569	YP_003043790.1	T2_near_identical_rbh	ECB_RS02970	b0601	False
ECB_00570	YP_003043791.1	current locus is pseudogene	ECB_RS02975		False
ECB_00571	YP_003043792.1	no MG1655 partner (REL606-specific or below threshold)	ECB_RS02980		False
ECB_00572	YP_003043793.1	ECB_ tag absent from current REL606 annotation			False
ECB_00573	YP_003043794.1	T2_near_identical_rbh	ECB_RS02985	b0604	True
ECB_00574	YP_003043795.1	T1_exact_sequence	ECB_RS02990	b0605	True
ECB_00575	YP_003043796.1	T1_exact_sequence	ECB_RS02995	b0606	True
ECB_00576	YP_003043797.1	T1_exact_sequence	ECB_RS03000	b0607	True
ECB_00577	YP_003043798.1	T2_near_identical_rbh	ECB_RS03005	b0608	False
ECB_00578	YP_003043799.1	T1_exact_sequence	ECB_RS03015	b0610	True
ECB_00579	YP_003043800.1	T1_exact_sequence	ECB_RS03020	b0611	True
ECB_00580	YP_003043801.1	T1_exact_sequence	ECB_RS03025	b0612	False
ECB_00581	YP_003043802.1	T1_exact_sequence	ECB_RS03030	b0613	False
ECB_00582	YP_003043803.1	T1_exact_sequence	ECB_RS03035	b0614	False
ECB_00583	YP_003043804.1	T2_near_identical_rbh	ECB_RS03040	b0615	False
ECB_00584	YP_003043805.1	T1_exact_sequence	ECB_RS03045	b0616	False
ECB_00585	YP_003043806.1	T1_exact_sequence	ECB_RS03050	b0617	False
ECB_00586	YP_003043807.1	T2_near_identical_rbh	ECB_RS03055	b0618	False
ECB_00587	YP_003043808.1	no MG1655 partner (REL606-specific or below threshold)	ECB_RS03060		False
ECB_00588	YP_003043809.1	ECB_ tag absent from current REL606 annotation			False
ECB_00589	YP_003043810.1	T2_near_identical_rbh	ECB_RS03065	b0619	False
ECB_00590	YP_003043811.1	T1_exact_sequence	ECB_RS03070	b0620	False
ECB_00591	YP_003043812.1	T1_exact_sequence	ECB_RS03075	b0621	False
ECB_00592	YP_003043813.1	T1_exact_sequence	ECB_RS03080	b0622	False
ECB_00593	YP_003043814.1	T1_exact_sequence	ECB_RS03085	b0623	True
ECB_00594	YP_003043815.1	T2_near_identical_rbh	ECB_RS03090	b0624	False
ECB_00595	YP_003043816.1	no MG1655 partner (REL606-specific or below threshold)	ECB_RS03095		True
ECB_00596	YP_003043817.1	T2_near_identical_rbh	ECB_RS03100	b0627	True
ECB_00597	YP_003043818.1	T1_exact_sequence	ECB_RS03105	b0628	True
ECB_00598	YP_003043819.1	T2_near_identical_rbh	ECB_RS03110	b0629	False
ECB_00599	YP_003043820.1	T1_exact_sequence	ECB_RS03120	b0630	True
ECB_00600	YP_003043821.1	T1_exact_sequence	ECB_RS03125	b0631	True
ECB_00601	YP_003043822.1	T1_exact_sequence	ECB_RS03130	b0632	True
ECB_00602	YP_003043823.1	T2_near_identical_rbh	ECB_RS03135	b0633	True
ECB_00603	YP_003043824.1	T1_exact_sequence	ECB_RS03140	b0634	False
ECB_00604	YP_003043825.1	T1_exact_sequence	ECB_RS03145	b0635	True
ECB_00605	YP_003043826.1	T1_exact_sequence	ECB_RS03150	b0636	True
ECB_00606	YP_003043827.1	T1_exact_sequence	ECB_RS03155	b0637	True
ECB_00607	YP_003043828.1	T2_near_identical_rbh	ECB_RS03160	b0638	False
ECB_00608	YP_003043829.1	T1_exact_sequence	ECB_RS03165	b0639	True
ECB_00609	YP_003043830.1	T2_near_identical_rbh	ECB_RS03170	b0640	True
ECB_00610	YP_003043831.1	T1_exact_sequence	ECB_RS03175	b0641	True
ECB_00611	YP_003043832.1	T2_near_identical_rbh	ECB_RS03180	b0642	True
ECB_00612	YP_003043833.1	T1_exact_sequence	ECB_RS03185	b0643	True
ECB_00614	YP_003043834.1	T2_near_identical_rbh	ECB_RS03195	b0645	False
ECB_00615	YP_003043835.1	current locus is pseudogene	ECB_RS03200		False
ECB_00616	YP_003043836.1	T2_near_identical_rbh	ECB_RS03205	b0650	False
ECB_00617	YP_003043837.1	T1_exact_sequence	ECB_RS03210	b0651	True
ECB_00619	YP_003043838.1	ECB_ tag absent from current REL606 annotation			False
ECB_00620	YP_003043839.1	ECB_ tag absent from current REL606 annotation			False
ECB_00621	YP_003043840.1	T1_exact_sequence	ECB_RS03235	b0653	False
ECB_00622	YP_003043841.1	T1_exact_sequence	ECB_RS03240	b0654	False
ECB_00623	YP_003043842.1	T2_near_identical_rbh	ECB_RS03245	b0655	True
ECB_00624	YP_003043843.1	no MG1655 partner (REL606-specific or below threshold)	ECB_RS03250		False
ECB_00625	YP_003043844.1	T2_near_identical_rbh	ECB_RS03255	b0657	True
ECB_00626	YP_003043845.1	T1_exact_sequence	ECB_RS03260	b0658	True
ECB_00627	YP_003043846.1	T2_near_identical_rbh	ECB_RS03265	b0659	True
ECB_00628	YP_003043847.1	T1_exact_sequence	ECB_RS03270	b0660	True
ECB_00629	YP_003043848.1	T1_exact_sequence	ECB_RS03275	b0661	True
ECB_00630	YP_003043849.1	T2_near_identical_rbh	ECB_RS03280	b0662	True
ECB_00631	YP_003043850.1	T2_near_identical_rbh	ECB_RS03320	b0674	True
ECB_00632	YP_003043851.1	T1_exact_sequence	ECB_RS03325	b0675	True
ECB_00633	YP_003043852.1	T1_exact_sequence	ECB_RS03330	b0676	True
ECB_00634	YP_003043853.1	T2_near_identical_rbh	ECB_RS03335	b0677	True
ECB_00635	YP_003043854.1	T1_exact_sequence	ECB_RS03340	b0678	True
ECB_00636	YP_003043855.1	T2_near_identical_rbh	ECB_RS03345	b0679	True
ECB_00637	YP_003043856.1	T1_exact_sequence	ECB_RS03350	b0680	True
ECB_00638	YP_003043857.1	T2_near_identical_rbh	ECB_RS03355	b0681	False
ECB_00639	YP_003043858.1	T2_near_identical_rbh	ECB_RS03360	b0682	False
ECB_00640	YP_003043859.1	T1_exact_sequence	ECB_RS03365	b0683	True
ECB_00641	YP_003043860.1	T1_exact_sequence	ECB_RS03380	b0684	True
ECB_00642	YP_003043861.1	T1_exact_sequence	ECB_RS03385	b0685	True
ECB_00643	YP_003043862.1	T2_near_identical_rbh	ECB_RS03390	b0686	True
ECB_00644	YP_003043863.1	T1_exact_sequence	ECB_RS03395	b0687	True
ECB_00645	YP_003043864.1	T2_near_identical_rbh	ECB_RS03400	b0688	True
ECB_00646	YP_003043865.1	T1_exact_sequence	ECB_RS03405	b0689	False
ECB_00647	YP_003043866.1	no MG1655 partner (REL606-specific or below threshold)	ECB_RS03410		False
ECB_00648	YP_003043867.1	T1_exact_sequence	ECB_RS03420	b0692	False
ECB_00649	YP_003043868.1	T2_near_identical_rbh	ECB_RS03425	b0693	True
ECB_00650	YP_003043869.1	ECB_ tag absent from current REL606 annotation			False
ECB_00651	YP_003043870.1	T2_near_identical_rbh	ECB_RS03435	b0694	False
ECB_00652	YP_003043871.1	T2_near_identical_rbh	ECB_RS03440	b0695	True
ECB_00653	YP_003043872.1	T2_near_identical_rbh	ECB_RS03445	b0696	False
ECB_00654	YP_003043873.1	T2_near_identical_rbh	ECB_RS03450	b0697	False
ECB_00655	YP_003043874.1	T2_near_identical_rbh	ECB_RS03455	b0698	False
ECB_00656	YP_003043875.1	T1_exact_sequence	ECB_RS03460	b4513	False
ECB_00657	YP_003043876.1	T1_exact_sequence	ECB_RS03465	b0699	False
ECB_00658	YP_003043877.1	current locus is pseudogene	ECB_RS03475		False
ECB_00659	YP_003043878.1	T1_exact_sequence	ECB_RS03480	b0702	False
ECB_00660	YP_003043879.1	current locus is pseudogene	ECB_RS03485		False
ECB_00661	YP_003043880.1	T2_near_identical_rbh	ECB_RS03490	b0704	False
ECB_00662	YP_003043881.1	no MG1655 partner (REL606-specific or below threshold)	ECB_RS03495		False
ECB_00663	YP_003043882.1	ECB_ tag absent from current REL606 annotation			False
ECB_00664	YP_003043883.1	no MG1655 partner (REL606-specific or below threshold)	ECB_RS23290		False
ECB_00666	YP_003043884.1	current locus is pseudogene	ECB_RS03510		False
ECB_00667	YP_003043885.1	T2_near_identical_rbh	ECB_RS03515	b0707	False
ECB_00668	YP_003043886.1	T2_near_identical_rbh	ECB_RS03520	b0708	False
ECB_00669	YP_003043887.1	T2_near_identical_rbh	ECB_RS03525	b0709	False
ECB_00670	YP_003043888.1	T2_near_identical_rbh	ECB_RS03530	b0710	True
ECB_00671	YP_003043889.1	T1_exact_sequence	ECB_RS03535	b0711	True
ECB_00672	YP_003043890.1	T1_exact_sequence	ECB_RS03540	b0712	True
ECB_00673	YP_003043891.1	T2_near_identical_rbh	ECB_RS03545	b0713	True
ECB_00674	YP_003043892.1	T2_near_identical_rbh	ECB_RS03550	b0714	False
ECB_00675	YP_003043893.1	T2_near_identical_rbh	ECB_RS03555	b0715	False
ECB_00676	YP_003043894.1	T2_near_identical_rbh	ECB_RS03560	b0716	False
ECB_00677	YP_003043895.1	T2_near_identical_rbh	ECB_RS03565	b0717	False
ECB_00678	YP_003043896.1	T2_near_identical_rbh	ECB_RS03570	b0718	False
ECB_00679	YP_003043897.1	T3_divergent_syntenic_rbh	ECB_RS03575	b0719	False
ECB_00680	YP_003043898.1	T1_exact_sequence	ECB_RS03580	b0720	True
ECB_00681	YP_003043899.1	T2_near_identical_rbh	ECB_RS03590	b0721	True
ECB_00682	YP_003043900.1	T1_exact_sequence	ECB_RS03595	b0722	False
ECB_00683	YP_003043901.1	T1_exact_sequence	ECB_RS03600	b0723	True
ECB_00684	YP_003043902.1	T2_near_identical_rbh	ECB_RS03605	b0724	True
ECB_00685	YP_003043903.1	T1_exact_sequence	ECB_RS03615	b0726	True
ECB_00686	YP_003043904.1	T1_exact_sequence	ECB_RS03620	b0727	True
ECB_00687	YP_003043905.1	T1_exact_sequence	ECB_RS03625	b0728	True
ECB_00688	YP_003043906.1	T1_exact_sequence	ECB_RS03630	b0729	True
ECB_00689	YP_003043907.1	T2_near_identical_rbh	ECB_RS03635	b0730	True
ECB_00690	YP_003043908.1	T2_near_identical_rbh	ECB_RS03640	b0731	False
ECB_00691	YP_003043909.1	T1_exact_sequence	ECB_RS03645	b0732	False
ECB_00692	YP_003043910.1	T1_exact_sequence	ECB_RS03655	b0733	True
ECB_00693	YP_003043911.1	T1_exact_sequence	ECB_RS03660	b0734	False
ECB_00694	YP_003043912.1	T1_exact_sequence	ECB_RS03665	b4515	False
ECB_00695	YP_003043913.1	T1_exact_sequence	ECB_RS03670	b0735	False
ECB_00696	YP_003043914.1	T1_exact_sequence	ECB_RS03675	b0736	True
ECB_00697	YP_003043915.1	T1_exact_sequence	ECB_RS03680	b0737	True
ECB_00698	YP_003043916.1	T2_near_identical_rbh	ECB_RS03685	b0738	True
ECB_00699	YP_003043917.1	T1_exact_sequence	ECB_RS03690	b0739	True
ECB_00700	YP_003043918.1	T1_exact_sequence	ECB_RS03695	b0740	True
ECB_00701	YP_003043919.1	T1_exact_sequence	ECB_RS03700	b0741	True
ECB_00702	YP_003043920.1	T2_near_identical_rbh	ECB_RS03705	b0742	True
ECB_00703	YP_003043921.1	T1_exact_sequence	ECB_RS03745	b0750	True
ECB_00704	YP_003043922.1	T1_exact_sequence	ECB_RS03750	b0751	False
ECB_00705	YP_003043923.1	T2_near_identical_rbh	ECB_RS03755	b0752	False
ECB_00706	YP_003043924.1	T1_exact_sequence	ECB_RS03760	b0753	True
ECB_00707	YP_003043925.1	T1_exact_sequence	ECB_RS03770	b0754	True
ECB_00708	YP_003043926.1	T1_exact_sequence	ECB_RS03775	b0755	True
ECB_00709	YP_003043927.1	T1_exact_sequence	ECB_RS03780	b0756	True
ECB_00710	YP_003043928.1	T1_exact_sequence	ECB_RS03785	b0757	True
ECB_00711	YP_003043929.1	T2_near_identical_rbh	ECB_RS03790	b0758	True
ECB_00712	YP_003043930.1	T1_exact_sequence	ECB_RS03795	b0759	True
ECB_00713	YP_003043931.1	T1_exact_sequence	ECB_RS03800	b0760	True
ECB_00714	YP_003043932.1	T1_exact_sequence	ECB_RS03805	b0761	True
ECB_00715	YP_003043933.1	T1_exact_sequence	ECB_RS03810	b0762	False
ECB_00716	YP_003043934.1	T1_exact_sequence	ECB_RS03815	b0763	True
ECB_00717	YP_003043935.1	T1_exact_sequence	ECB_RS03820	b0764	False
ECB_00718	YP_003043936.1	T1_exact_sequence	ECB_RS03825	b0765	True
ECB_00719	YP_003043937.1	T1_exact_sequence	ECB_RS03830	b0766	True
ECB_00720	YP_003043938.1	T1_exact_sequence	ECB_RS03835	b0767	True
ECB_00721	YP_003043939.1	T2_near_identical_rbh	ECB_RS03840	b0768	False
ECB_00722	YP_003043940.1	T1_exact_sequence	ECB_RS03845	b0769	False
ECB_00723	YP_003043941.1	T2_near_identical_rbh	ECB_RS03850	b0770	False
ECB_00724	YP_003043942.1	T2_near_identical_rbh	ECB_RS03855	b0771	False
ECB_00725	YP_003043943.1	T2_near_identical_rbh	ECB_RS03860	b0772	True
ECB_00726	YP_003043944.1	excluded_weak_rbh	ECB_RS03865		False
ECB_00727	YP_003043945.1	no MG1655 partner (REL606-specific or below threshold)	ECB_RS03880		False
ECB_00728	YP_003043946.1	no MG1655 partner (REL606-specific or below threshold)	ECB_RS03885		False
ECB_00729	YP_003043947.1	ECB_ tag absent from current REL606 annotation			False
ECB_00730	YP_003043948.1	no MG1655 partner (REL606-specific or below threshold)	ECB_RS25865		False
ECB_00731	YP_003043949.1	no MG1655 partner (REL606-specific or below threshold)	ECB_RS03900		False
ECB_00732	YP_003043950.1	no MG1655 partner (REL606-specific or below threshold)	ECB_RS03910		False
ECB_00733	YP_003043951.1	no MG1655 partner (REL606-specific or below threshold)	ECB_RS03915		False
ECB_00734	YP_003043952.1	current locus is pseudogene	ECB_RS03920		False
ECB_00735	YP_003043953.1	no MG1655 partner (REL606-specific or below threshold)	ECB_RS03925		False
ECB_00736	YP_003043954.1	no MG1655 partner (REL606-specific or below threshold)	ECB_RS03930		False
ECB_00737	YP_003043955.1	no MG1655 partner (REL606-specific or below threshold)	ECB_RS03935		False
ECB_00738	YP_003043956.1	no MG1655 partner (REL606-specific or below threshold)	ECB_RS03940		False
ECB_00739	YP_003043957.1	no MG1655 partner (REL606-specific or below threshold)	ECB_RS03945		False
ECB_00740	YP_003043958.1	T1_exact_sequence	ECB_RS03950	b0773	True
ECB_00741	YP_003043959.1	T2_near_identical_rbh	ECB_RS03955	b0774	True
ECB_00742	YP_003043960.1	T1_exact_sequence	ECB_RS03960	b0775	True
ECB_00743	YP_003043961.1	T2_near_identical_rbh	ECB_RS03965	b0776	True
ECB_00744	YP_003043962.1	T1_exact_sequence	ECB_RS03970	b0777	False
ECB_00745	YP_003043963.1	T2_near_identical_rbh	ECB_RS03975	b0778	True
ECB_00746	YP_003043964.1	T1_exact_sequence	ECB_RS03980	b0779	True
ECB_00747	YP_003043965.1	T2_near_identical_rbh	ECB_RS03985	b0780	True
ECB_00748	YP_003043966.1	T2_near_identical_rbh	ECB_RS03995	b0781	False
ECB_00749	YP_003043967.1	T2_near_identical_rbh	ECB_RS04000	b0782	True
ECB_00750	YP_003043968.1	T1_exact_sequence	ECB_RS04005	b0783	True
ECB_00751	YP_003043969.1	T2_near_identical_rbh	ECB_RS04010	b0784	True
ECB_00752	YP_003043970.1	T2_near_identical_rbh	ECB_RS04015	b0785	True
ECB_00753	YP_003043971.1	T1_exact_sequence	ECB_RS04020	b0786	False
ECB_00754	YP_003043972.1	T2_near_identical_rbh	ECB_RS04025	b0787	False
ECB_00755	YP_003043973.1	T2_near_identical_rbh	ECB_RS04030	b0788	False
ECB_00756	YP_003043974.1	T2_near_identical_rbh	ECB_RS04035	b0789	True
ECB_00757	YP_003043975.1	T2_near_identical_rbh	ECB_RS04040	b0790	False
ECB_00758	YP_003043976.1	T1_exact_sequence	ECB_RS04045	b0791	False
ECB_00759	YP_003043977.1	T1_exact_sequence	ECB_RS04050	b0792	False
ECB_00760	YP_003043978.1	T1_exact_sequence	ECB_RS04055	b0793	False
ECB_00761	YP_003043979.1	T2_near_identical_rbh	ECB_RS04060	b0794	False
ECB_00762	YP_003043980.1	T2_near_identical_rbh	ECB_RS04065	b0795	True
ECB_00763	YP_003043981.1	T1_exact_sequence	ECB_RS04070	b0796	False
ECB_00764	YP_003043982.1	T1_exact_sequence	ECB_RS04075	b0797	True
ECB_00765	YP_003043983.1	T1_exact_sequence	ECB_RS04080	b0798	False
ECB_00766	YP_003043984.1	T1_exact_sequence	ECB_RS04085	b0799	True
ECB_00767	YP_003043985.1	T1_exact_sequence	ECB_RS04090	b0800	True
ECB_00768	YP_003043986.1	T1_exact_sequence	ECB_RS04095	b0801	True
ECB_00769	YP_003043987.1	T1_exact_sequence	ECB_RS04100	b0802	False
ECB_00770	YP_003043988.1	T1_exact_sequence	ECB_RS04105	b0803	False
ECB_00771	YP_003043989.1	T1_exact_sequence	ECB_RS04110	b0804	True
ECB_00772	YP_003043990.1	T2_near_identical_rbh	ECB_RS04115	b0805	False
ECB_00773	YP_003043991.1	T1_exact_sequence	ECB_RS25370	b0806	False
ECB_00774	YP_003043992.1	T2_near_identical_rbh	ECB_RS04125	b0807	True
ECB_00775	YP_003043993.1	T1_exact_sequence	ECB_RS04130	b0808	False
ECB_00776	YP_003043994.1	T1_exact_sequence	ECB_RS04135	b0809	True
ECB_00777	YP_003043995.1	T1_exact_sequence	ECB_RS04140	b0810	True
ECB_00778	YP_003043996.1	T1_exact_sequence	ECB_RS04145	b0811	True
ECB_00779	YP_003043997.1	T1_exact_sequence	ECB_RS04155	b0812	True
ECB_00780	YP_003043998.1	T1_exact_sequence	ECB_RS04160	b0813	False
ECB_00781	YP_003043999.1	T1_exact_sequence	ECB_RS04165	b0814	True
ECB_00782	YP_003044000.1	T1_exact_sequence	ECB_RS04170	b0815	False
ECB_00783	YP_003044001.1	ECB_ tag absent from current REL606 annotation			False
ECB_00784	YP_003044002.1	T1_exact_sequence	ECB_RS04180	b0817	True
ECB_00785	YP_003044003.1	T1_exact_sequence	ECB_RS04185	b0818	False
ECB_00786	YP_003044004.1	T1_exact_sequence	ECB_RS04190	b0819	True
ECB_00787	YP_003044005.1	T1_exact_sequence	ECB_RS04195	b0820	True
ECB_00788	YP_003044006.1	T1_exact_sequence	ECB_RS04200	b0821	False
ECB_00789	YP_003044007.1	T1_exact_sequence	ECB_RS04205	b0822	True
ECB_00790	YP_003044008.1	T2_near_identical_rbh	ECB_RS04210	b0823	False
ECB_00791	YP_003044009.1	T2_near_identical_rbh	ECB_RS04215	b0824	False
ECB_00792	YP_003044010.1	T2_near_identical_rbh	ECB_RS04220	b0825	True
ECB_00793	YP_003044011.1	T2_near_identical_rbh	ECB_RS04225	b0826	False
ECB_00794	YP_003044012.1	T2_near_identical_rbh	ECB_RS04230	b0827	True
ECB_00795	YP_003044013.1	T2_near_identical_rbh	ECB_RS04235	b0828	True
ECB_00796	YP_003044014.1	T1_exact_sequence	ECB_RS04240	b0829	True
ECB_00797	YP_003044015.1	T1_exact_sequence	ECB_RS04245	b0830	True
ECB_00798	YP_003044016.1	T1_exact_sequence	ECB_RS04250	b0831	False
ECB_00799	YP_003044017.1	T1_exact_sequence	ECB_RS04255	b0832	False
ECB_00800	YP_003044018.1	current locus is pseudogene	ECB_RS04265		False
ECB_00801	YP_003044019.1	T1_exact_sequence	ECB_RS04270	b0834	False
ECB_00802	YP_003044020.1	T2_near_identical_rbh	ECB_RS04275	b0835	True
ECB_00803	YP_003044021.1	T1_exact_sequence	ECB_RS04280	b0836	False
ECB_00804	YP_003044022.1	T2_near_identical_rbh	ECB_RS04285	b0837	False
ECB_00805	YP_003044023.1	T1_exact_sequence	ECB_RS04290	b0838	True
ECB_00806	YP_003044024.1	T1_exact_sequence	ECB_RS04295	b0839	True
ECB_00807	YP_003044025.1	T1_exact_sequence	ECB_RS04300	b0840	True
ECB_00808	YP_003044026.1	T1_exact_sequence	ECB_RS04305	b0841	False
ECB_00809	YP_003044027.1	T1_exact_sequence	ECB_RS04310	b0842	False
ECB_00810	YP_003044028.1	T1_exact_sequence	ECB_RS04315	b0843	False
ECB_00811	YP_003044029.1	T1_exact_sequence	ECB_RS04320	b0844	True
ECB_00812	YP_003044030.1	T1_exact_sequence	ECB_RS04325	b0845	False
ECB_00813	YP_003044031.1	T1_exact_sequence	ECB_RS04330	b0846	False
ECB_00814	YP_003044032.1	no MG1655 partner (REL606-specific or below threshold)	ECB_RS04335		True
ECB_00815	YP_003044033.1	no MG1655 partner (REL606-specific or below threshold)	ECB_RS26130		False
ECB_00816	YP_003044034.1	no MG1655 partner (REL606-specific or below threshold)	ECB_RS23350		False
ECB_00817	YP_003044035.1	no MG1655 partner (REL606-specific or below threshold)	ECB_RS04345		True
ECB_00818	YP_003044036.1	no MG1655 partner (REL606-specific or below threshold)	ECB_RS04350		False
ECB_00819	YP_003044037.1	no MG1655 partner (REL606-specific or below threshold)	ECB_RS04355		False
ECB_00820	YP_003044038.1	no MG1655 partner (REL606-specific or below threshold)	ECB_RS23355		False
ECB_00821	YP_003044039.1	no MG1655 partner (REL606-specific or below threshold)	ECB_RS04360		False
ECB_00822	YP_003044040.1	no MG1655 partner (REL606-specific or below threshold)	ECB_RS04365		False
ECB_00823	YP_003044041.1	no MG1655 partner (REL606-specific or below threshold)	ECB_RS04370		False
ECB_00824	YP_003044042.1	no MG1655 partner (REL606-specific or below threshold)	ECB_RS04375		False
ECB_00825	YP_003044043.1	no MG1655 partner (REL606-specific or below threshold)	ECB_RS04380		True
ECB_00826	YP_003044044.1	no MG1655 partner (REL606-specific or below threshold)	ECB_RS04385		False
ECB_00827	YP_003044045.1	no MG1655 partner (REL606-specific or below threshold)	ECB_RS04390		False
ECB_00828	YP_003044046.1	no MG1655 partner (REL606-specific or below threshold)	ECB_RS04395		True
ECB_00829	YP_003044047.1	ECB_ tag absent from current REL606 annotation			False
ECB_00830	YP_003044048.1	no MG1655 partner (REL606-specific or below threshold)	ECB_RS04400		False
ECB_00831	YP_003044049.1	no MG1655 partner (REL606-specific or below threshold)	ECB_RS04405		True
ECB_00832	YP_003044050.1	no MG1655 partner (REL606-specific or below threshold)	ECB_RS04410		False
ECB_00833	YP_003044051.1	no MG1655 partner (REL606-specific or below threshold)	ECB_RS04415		False
ECB_00834	YP_003044052.1	no MG1655 partner (REL606-specific or below threshold)	ECB_RS04420		False
ECB_00835	YP_003044053.1	current locus is pseudogene	ECB_RS04425		False
ECB_00836	YP_003044054.1	no MG1655 partner (REL606-specific or below threshold)	ECB_RS04430		False
ECB_00837	YP_003044055.1	no MG1655 partner (REL606-specific or below threshold)	ECB_RS25895		False
ECB_00838	YP_003044056.1	no MG1655 partner (REL606-specific or below threshold)	ECB_RS04435		False
ECB_00839	YP_003044057.1	no MG1655 partner (REL606-specific or below threshold)	ECB_RS04440		False
ECB_00840	YP_003044058.1	no MG1655 partner (REL606-specific or below threshold)	ECB_RS04445		False
ECB_00841	YP_003044059.1	no MG1655 partner (REL606-specific or below threshold)	ECB_RS04450		False
ECB_00842	YP_003044060.1	no MG1655 partner (REL606-specific or below threshold)	ECB_RS04455		False
ECB_00843	YP_003044061.1	no MG1655 partner (REL606-specific or below threshold)	ECB_RS04460		False
ECB_00844	YP_003044062.1	no MG1655 partner (REL606-specific or below threshold)	ECB_RS04465		False
ECB_00845	YP_003044063.1	no MG1655 partner (REL606-specific or below threshold)	ECB_RS04470		True
ECB_00846	YP_003044064.1	excluded_weak_rbh	ECB_RS04475		False
ECB_00847	YP_003044065.1	excluded_weak_rbh	ECB_RS04480		False
ECB_00848	YP_003044066.1	no MG1655 partner (REL606-specific or below threshold)	ECB_RS23360		False
ECB_00849	YP_003044067.1	current locus is pseudogene	ECB_RS04490		False
ECB_00850	YP_003044068.1	current locus is pseudogene	ECB_RS04495		False
ECB_00851	YP_003044069.1	no MG1655 partner (REL606-specific or below threshold)	ECB_RS04500		False
ECB_00852	YP_003044070.1	T1_exact_sequence	ECB_RS04505	b0847	True
ECB_00853	YP_003044071.1	T1_exact_sequence	ECB_RS04510	b0848	False
ECB_00854	YP_003044072.1	T1_exact_sequence	ECB_RS04515	b0849	True
ECB_00855	YP_003044073.1	T1_exact_sequence	ECB_RS04520	b0850	False
ECB_00856	YP_003044074.1	T1_exact_sequence	ECB_RS04525	b0851	True
ECB_00857	YP_003044075.1	T1_exact_sequence	ECB_RS04530	b0852	True
ECB_00858	YP_003044076.1	T1_exact_sequence	ECB_RS04535	b0853	True
ECB_00859	YP_003044077.1	T2_near_identical_rbh	ECB_RS04545	b0854	True
ECB_00860	YP_003044078.1	T1_exact_sequence	ECB_RS04550	b0855	True
ECB_00861	YP_003044079.1	T2_near_identical_rbh	ECB_RS04555	b0856	False
ECB_00862	YP_003044080.1	T2_near_identical_rbh	ECB_RS04560	b0857	False
ECB_00863	YP_003044081.1	T1_exact_sequence	ECB_RS04565	b0858	False
ECB_00864	YP_003044082.1	T2_near_identical_rbh	ECB_RS04570	b0859	True
ECB_00865	YP_003044083.1	T2_near_identical_rbh	ECB_RS04575	b0860	True
ECB_00866	YP_003044084.1	T1_exact_sequence	ECB_RS04580	b0861	False
ECB_00867	YP_003044085.1	T1_exact_sequence	ECB_RS04585	b0862	False
ECB_00868	YP_003044086.1	T1_exact_sequence	ECB_RS04590	b0863	True
ECB_00869	YP_003044087.1	T1_exact_sequence	ECB_RS04595	b0864	True
ECB_00870	YP_003044088.1	T1_exact_sequence	ECB_RS04600	b0865	True
ECB_00871	YP_003044089.1	T1_exact_sequence	ECB_RS04605	b0866	True
ECB_00872	YP_003044090.1	T2_near_identical_rbh	ECB_RS04610	b0867	False
ECB_00873	YP_003044091.1	T1_exact_sequence	ECB_RS04615	b0868	True
ECB_00874	YP_003044092.1	T2_near_identical_rbh	ECB_RS04620	b0869	True
ECB_00875	YP_003044093.1	T2_near_identical_rbh	ECB_RS04625	b0870	True
ECB_00876	YP_003044094.1	T2_near_identical_rbh	ECB_RS04630	b0871	True
ECB_00877	YP_003044095.1	T1_exact_sequence	ECB_RS04635	b0872	False
ECB_00878	YP_003044096.1	T1_exact_sequence	ECB_RS04640	b0873	False
ECB_00879	YP_003044097.1	T1_exact_sequence	ECB_RS04645	b0874	False
ECB_00880	YP_003044098.1	T1_exact_sequence	ECB_RS04650	b0875	False
ECB_00881	YP_003044099.1	T1_exact_sequence	ECB_RS04660	b0876	True
ECB_00882	YP_003044100.1	T2_near_identical_rbh	ECB_RS04665	b0877	True
ECB_00883	YP_003044101.1	T2_near_identical_rbh	ECB_RS04670	b0878	True
ECB_00884	YP_003044102.1	T2_near_identical_rbh	ECB_RS04675	b0879	True
ECB_00885	YP_003044103.1	T1_exact_sequence	ECB_RS04680	b0880	True
ECB_00886	YP_003044104.1	T1_exact_sequence	ECB_RS04685	b0881	True
ECB_00887	YP_003044105.1	current locus is pseudogene	ECB_RS04690		True
ECB_00888	YP_003044106.1	T1_exact_sequence	ECB_RS04700	b0884	True
ECB_00889	YP_003044107.1	T1_exact_sequence	ECB_RS04705	b0885	True
ECB_00890	YP_003044108.1	T2_near_identical_rbh	ECB_RS04710	b0886	True
ECB_00891	YP_003044109.1	T2_near_identical_rbh	ECB_RS04715	b0887	True
ECB_00892	YP_003044110.1	T1_exact_sequence	ECB_RS04720	b0888	True
ECB_00893	YP_003044111.1	T1_exact_sequence	ECB_RS04725	b0889	True
ECB_00894	YP_003044112.1	T2_near_identical_rbh	ECB_RS04730	b0890	True
ECB_00895	YP_003044113.1	T1_exact_sequence	ECB_RS04735	b0891	True
ECB_00896	YP_003044114.1	T1_exact_sequence	ECB_RS04740	b0892	True
ECB_00897	YP_003044115.1	T1_exact_sequence	ECB_RS04745	b0893	True
ECB_00898	YP_003044116.1	T1_exact_sequence	ECB_RS04750	b0894	False
ECB_00899	YP_003044117.1	T1_exact_sequence	ECB_RS04755	b0895	False
ECB_00900	YP_003044118.1	T2_near_identical_rbh	ECB_RS04760	b0896	False
ECB_00901	YP_003044119.1	T1_exact_sequence	ECB_RS04765	b0897	True
ECB_00902	YP_003044120.1	T1_exact_sequence	ECB_RS04770	b0898	False
ECB_00903	YP_003044121.1	T1_exact_sequence	ECB_RS04775	b0899	False
ECB_00904	YP_003044122.1	T1_exact_sequence	ECB_RS04780	b0900	False
ECB_00905	YP_003044123.1	T1_exact_sequence	ECB_RS04785	b0901	True
ECB_00906	YP_003044124.1	T1_exact_sequence	ECB_RS04790	b0902	True
ECB_00907	YP_003044125.1	T1_exact_sequence	ECB_RS04795	b0903	True
ECB_00908	YP_003044126.1	T1_exact_sequence	ECB_RS25385	b0904	False
ECB_00909	YP_003044127.1	T1_exact_sequence	ECB_RS04805	b0905	True
ECB_00910	YP_003044128.1	T1_exact_sequence	ECB_RS04810	b0906	False
ECB_00911	YP_003044129.1	T2_near_identical_rbh	ECB_RS04815	b0907	True
ECB_00912	YP_003044130.1	T2_near_identical_rbh	ECB_RS04820	b0908	True
ECB_00913	YP_003044131.1	T2_near_identical_rbh	ECB_RS04825	b0909	False
ECB_00914	YP_003044132.1	T1_exact_sequence	ECB_RS04830	b0910	True
ECB_00915	YP_003044133.1	T1_exact_sequence	ECB_RS04835	b0911	True
ECB_00916	YP_003044134.1	T1_exact_sequence	ECB_RS04840	b0912	True
ECB_00917	YP_003044135.1	T1_exact_sequence	ECB_RS04845	b0913	False
ECB_00918	YP_003044136.1	T1_exact_sequence	ECB_RS04850	b0914	True
ECB_00919	YP_003044137.1	T1_exact_sequence	ECB_RS04855	b0915	False
ECB_00920	YP_003044138.1	T1_exact_sequence	ECB_RS04860	b0916	True
ECB_00921	YP_003044139.1	T1_exact_sequence	ECB_RS04865	b0917	True
ECB_00922	YP_003044140.1	T1_exact_sequence	ECB_RS04870	b0918	True
ECB_00923	YP_003044141.1	T1_exact_sequence	ECB_RS04875	b0919	False
ECB_00924	YP_003044142.1	T1_exact_sequence	ECB_RS04880	b0920	False
ECB_00925	YP_003044143.1	T1_exact_sequence	ECB_RS04885	b0921	True
ECB_00926	YP_003044144.1	T1_exact_sequence	ECB_RS04890	b0922	True
ECB_00927	YP_003044145.1	T1_exact_sequence	ECB_RS04895	b0923	True
ECB_00928	YP_003044146.1	T2_near_identical_rbh	ECB_RS04900	b0924	True
ECB_00929	YP_003044147.1	T2_near_identical_rbh	ECB_RS04905	b0925	True
ECB_00930	YP_003044148.1	T1_exact_sequence	ECB_RS04910	b0926	False
ECB_00931	YP_003044149.1	T1_exact_sequence	ECB_RS04915	b0927	True
ECB_00932	YP_003044150.1	T1_exact_sequence	ECB_RS04920	b0928	True
ECB_00933	YP_003044151.1	T1_exact_sequence	ECB_RS04930	b0929	True
ECB_00934	YP_003044152.1	T1_exact_sequence	ECB_RS04935	b0930	True
ECB_00935	YP_003044153.1	T2_near_identical_rbh	ECB_RS04940	b0931	True
ECB_00936	YP_003044154.1	T1_exact_sequence	ECB_RS04945	b0932	True
ECB_00937	YP_003044155.1	T1_exact_sequence	ECB_RS04950	b0933	False
ECB_00938	YP_003044156.1	T1_exact_sequence	ECB_RS04955	b0934	False
ECB_00939	YP_003044157.1	T1_exact_sequence	ECB_RS04960	b0935	False
ECB_00940	YP_003044158.1	T2_near_identical_rbh	ECB_RS04965	b0936	False
ECB_00941	YP_003044159.1	T1_exact_sequence	ECB_RS04970	b0937	False
ECB_00942	YP_003044160.1	T1_exact_sequence	ECB_RS04975	b0938	False
ECB_00943	YP_003044161.1	T1_exact_sequence	ECB_RS04980	b0939	False
ECB_00944	YP_003044162.1	T2_near_identical_rbh	ECB_RS04985	b0940	False
ECB_00945	YP_003044163.1	T1_exact_sequence	ECB_RS04990	b0941	False
ECB_00946	YP_003044164.1	T1_exact_sequence	ECB_RS04995	b0942	False
ECB_00947	YP_003044165.1	T2_near_identical_rbh	ECB_RS05000	b0943	False
ECB_00948	YP_003044166.1	T2_near_identical_rbh	ECB_RS05005	b0944	False
ECB_00949	YP_003044167.1	T1_exact_sequence	ECB_RS05010	b0945	True
ECB_00950	YP_003044168.1	T1_exact_sequence	ECB_RS05015	b0946	False
ECB_00951	YP_003044169.1	T2_near_identical_rbh	ECB_RS05020	b0947	True
ECB_00952	YP_003044170.1	T2_near_identical_rbh	ECB_RS05025	b0948	True
ECB_00953	YP_003044171.1	T1_exact_sequence	ECB_RS05030	b0949	True
ECB_00954	YP_003044172.1	T1_exact_sequence	ECB_RS05035	b0950	False
ECB_00955	YP_003044173.1	T1_exact_sequence	ECB_RS05040	b0951	True
ECB_00956	YP_003044174.1	T1_exact_sequence	ECB_RS05045	b0952	True
ECB_00957	YP_003044175.1	T1_exact_sequence	ECB_RS05050	b0953	False
ECB_00958	YP_003044176.1	T1_exact_sequence	ECB_RS05055	b0954	True
ECB_00959	YP_003044177.1	T2_near_identical_rbh	ECB_RS05060	b0955	True
ECB_00960	YP_003044178.1	T1_exact_sequence	ECB_RS05065	b0956	True
ECB_00961	YP_003044179.1	T1_exact_sequence	ECB_RS05070	b0957	True
ECB_00962	YP_003044180.1	T2_near_identical_rbh	ECB_RS05080	b0958	False
ECB_00963	YP_003044181.1	T1_exact_sequence	ECB_RS05085	b0959	True
ECB_00964	YP_003044182.1	T2_near_identical_rbh	ECB_RS05090	b0960	False
ECB_00965	YP_003044183.1	T1_exact_sequence	ECB_RS05095	b0961	False
ECB_00966	YP_003044184.1	T1_exact_sequence	ECB_RS05100	b0962	True
ECB_00967	YP_003044185.1	T1_exact_sequence	ECB_RS05105	b0963	True
ECB_00968	YP_003044186.1	T1_exact_sequence	ECB_RS05110	b0964	False
ECB_00969	YP_003044187.1	T2_near_identical_rbh	ECB_RS05120	b0965	True
ECB_00970	YP_003044188.1	T1_exact_sequence	ECB_RS05125	b0966	False
ECB_00971	YP_003044189.1	T1_exact_sequence	ECB_RS05130	b0967	True
ECB_00972	YP_003044190.1	T1_exact_sequence	ECB_RS05135	b0968	True
ECB_00973	YP_003044191.1	T2_near_identical_rbh	ECB_RS05140	b0969	True
ECB_00974	YP_003044192.1	T2_near_identical_rbh	ECB_RS05145	b0970	False
ECB_00975	YP_003044193.1	T1_exact_sequence	ECB_RS05155	b0972	False
ECB_00976	YP_003044194.1	T1_exact_sequence	ECB_RS05160	b0973	False
ECB_00977	YP_003044195.1	T1_exact_sequence	ECB_RS05165	b0974	False
ECB_00978	YP_003044196.1	T1_exact_sequence	ECB_RS05170	b0975	False
ECB_00979	YP_003044197.1	T1_exact_sequence	ECB_RS05175	b0976	False
ECB_00980	YP_003044198.1	T1_exact_sequence	ECB_RS05180	b0977	False
ECB_00981	YP_003044199.1	T2_near_identical_rbh	ECB_RS05185	b0978	False
ECB_00982	YP_003044200.1	T1_exact_sequence	ECB_RS05190	b0979	False
ECB_00983	YP_003044201.1	T2_near_identical_rbh	ECB_RS05200	b0980	True
ECB_00984	YP_003044202.1	T2_near_identical_rbh	ECB_RS05205	b0981	True
ECB_00985	YP_003044203.1	T1_exact_sequence	ECB_RS05210	b0982	True
ECB_00986	YP_003044204.1	T1_exact_sequence	ECB_RS05215	b0983	False
ECB_00987	YP_003044205.1	T2_near_identical_rbh	ECB_RS05220	b0984	False
ECB_00988	YP_003044206.1	T2_near_identical_rbh	ECB_RS05225	b0985	False
ECB_00989	YP_003044207.1	T2_near_identical_rbh	ECB_RS05230	b0986	False
ECB_00991	YP_003044209.1	T1_exact_sequence	ECB_RS05240	b0989	False
ECB_00992	YP_003044210.1	T1_exact_sequence	ECB_RS05245	b0990	True
ECB_00993	YP_003044211.1	T1_exact_sequence	ECB_RS05250	b0991	False
ECB_00994	YP_003044212.1	T1_exact_sequence	ECB_RS05255	b4517	True
ECB_00995	YP_003044213.1	T2_near_identical_rbh	ECB_RS05260	b0992	False
ECB_00996	YP_003044214.1	T2_near_identical_rbh	ECB_RS05265	b0993	True
ECB_00997	YP_003044215.1	T2_near_identical_rbh	ECB_RS05270	b0994	False
ECB_00998	YP_003044216.1	T1_exact_sequence	ECB_RS05275	b0995	True
ECB_00999	YP_003044217.1	T2_near_identical_rbh	ECB_RS05280	b0996	False
ECB_01000	YP_003044218.1	T2_near_identical_rbh	ECB_RS05285	b0997	False
ECB_01001	YP_003044219.1	T2_near_identical_rbh	ECB_RS05290	b0998	False
ECB_01002	YP_003044220.1	T1_exact_sequence	ECB_RS05295	b0999	False
ECB_01003	YP_003044221.1	T1_exact_sequence	ECB_RS05300	b1000	True
ECB_01004	YP_003044222.1	T2_near_identical_rbh	ECB_RS05305	b1001	False
ECB_01005	YP_003044223.1	T2_near_identical_rbh	ECB_RS05310	b1002	True
ECB_01006	YP_003044224.1	T2_near_identical_rbh	ECB_RS05315	b1003	True
ECB_01007	YP_003044225.1	T1_exact_sequence	ECB_RS05320	b1004	True
ECB_01008	YP_003044226.1	T1_exact_sequence	ECB_RS05330	b4518	False
ECB_01009	YP_003044227.1	T2_near_identical_rbh	ECB_RS05335	b1006	False
ECB_01010	YP_003044228.1	T2_near_identical_rbh	ECB_RS05340	b1007	False
ECB_01011	YP_003044229.1	T2_near_identical_rbh	ECB_RS05345	b1008	False
ECB_01012	YP_003044230.1	T1_exact_sequence	ECB_RS05350	b1009	False
ECB_01013	YP_003044231.1	T1_exact_sequence	ECB_RS05355	b1010	False
ECB_01014	YP_003044232.1	T2_near_identical_rbh	ECB_RS05360	b1011	False
ECB_01015	YP_003044233.1	T2_near_identical_rbh	ECB_RS05365	b1012	False
ECB_01016	YP_003044234.1	T2_near_identical_rbh	ECB_RS05370	b1013	False
ECB_01017	YP_003044235.1	T2_near_identical_rbh	ECB_RS05375	b1014	True
ECB_01018	YP_003044236.1	T2_near_identical_rbh	ECB_RS05385	b1015	True
ECB_01019	YP_003044237.1	no MG1655 partner (REL606-specific or below threshold)	ECB_RS05395		False
ECB_01020	YP_003044238.1	T1_exact_sequence	ECB_RS05400	b1018	True
ECB_01021	YP_003044239.1	T1_exact_sequence	ECB_RS05405	b1019	True
ECB_01022	YP_003044240.1	T3_divergent_syntenic_rbh	ECB_RS05415	b1020	False
ECB_01023	YP_003044241.1	T1_exact_sequence	ECB_RS05420	b1021	False
ECB_01024	YP_003044242.1	T1_exact_sequence	ECB_RS05425	b1022	False
ECB_01025	YP_003044243.1	T1_exact_sequence	ECB_RS05430	b1023	False
ECB_01026	YP_003044244.1	T1_exact_sequence	ECB_RS05435	b1024	False
ECB_01027	YP_003044245.1	T2_near_identical_rbh	ECB_RS05440	b1025	False
ECB_01028	YP_003044246.1	ambiguous_rbh_tie	ECB_RS05445		False
ECB_01029	YP_003044247.1	ECB_ tag absent from current REL606 annotation			False
ECB_01030	YP_003044248.1	T2_near_identical_rbh	ECB_RS05465	b1033	True
ECB_01031	YP_003044249.1	T2_near_identical_rbh	ECB_RS05470	b1034	True
ECB_01032	YP_003044250.1	T2_near_identical_rbh	ECB_RS05475	b1035	True
ECB_01033	YP_003044251.1	T1_exact_sequence	ECB_RS05480	b1036	False
ECB_01034	YP_003044252.1	T1_exact_sequence	ECB_RS05485	b1037	False
ECB_01035	YP_003044253.1	T1_exact_sequence	ECB_RS05490	b1038	False
ECB_01036	YP_003044254.1	T1_exact_sequence	ECB_RS05495	b1039	False
ECB_01037	YP_003044255.1	T2_near_identical_rbh	ECB_RS05500	b1040	False
ECB_01038	YP_003044256.1	T1_exact_sequence	ECB_RS05510	b1041	False
ECB_01039	YP_003044257.1	T1_exact_sequence	ECB_RS05515	b1042	False
ECB_01040	YP_003044258.1	T2_near_identical_rbh	ECB_RS05520	b1043	False
ECB_01041	YP_003044259.1	T2_near_identical_rbh	ECB_RS05525	b1044	False
ECB_01042	YP_003044260.1	T1_exact_sequence	ECB_RS05530	b1045	True
ECB_01043	YP_003044261.1	T2_near_identical_rbh	ECB_RS05535	b1046	True
ECB_01044	YP_003044262.1	T1_exact_sequence	ECB_RS05540	b1047	False
ECB_01045	YP_003044263.1	T1_exact_sequence	ECB_RS05555	b1048	True
ECB_01046	YP_003044264.1	T1_exact_sequence	ECB_RS05560	b1049	True
ECB_01047	YP_003044265.1	T1_exact_sequence	ECB_RS05565	b1050	False
ECB_01048	YP_003044266.1	T1_exact_sequence	ECB_RS05570	b1051	True
ECB_01049	YP_003044267.1	T1_exact_sequence	ECB_RS05580	b1053	False
ECB_01050	YP_003044268.1	T1_exact_sequence	ECB_RS05585	b1054	True
ECB_01051	YP_003044269.1	T2_near_identical_rbh	ECB_RS05590	b1055	True
ECB_01052	YP_003044270.1	T1_exact_sequence	ECB_RS05595	b1056	True
ECB_01053	YP_003044271.1	T1_exact_sequence	ECB_RS05600	b1057	False
ECB_01054	YP_003044272.1	T2_near_identical_rbh	ECB_RS05605	b1058	False
ECB_01055	YP_003044273.1	T1_exact_sequence	ECB_RS05610	b1059	True
ECB_01056	YP_003044274.1	T2_near_identical_rbh	ECB_RS05615	b1060	False
ECB_01057	YP_003044275.1	T1_exact_sequence	ECB_RS05620	b1061	True
ECB_01058	YP_003044276.1	T2_near_identical_rbh	ECB_RS05625	b1062	True
ECB_01059	YP_003044277.1	T1_exact_sequence	ECB_RS05630	b1063	True
ECB_01060	YP_003044278.1	T1_exact_sequence	ECB_RS05635	b1064	True
ECB_01061	YP_003044279.1	T1_exact_sequence	ECB_RS05640	b1065	False
ECB_01062	YP_003044280.1	T1_exact_sequence	ECB_RS05645	b1066	True
ECB_01063	YP_003044281.1	T1_exact_sequence	ECB_RS05650	b1067	True
ECB_01064	YP_003044282.1	T1_exact_sequence	ECB_RS05655	b1068	True
ECB_01065	YP_003044283.1	T1_exact_sequence	ECB_RS05660	b1069	False
ECB_01066	YP_003044284.1	T1_exact_sequence	ECB_RS05665	b1070	True
ECB_01067	YP_003044285.1	T1_exact_sequence	ECB_RS05670	b1071	True
ECB_01068	YP_003044286.1	T1_exact_sequence	ECB_RS05675	b1072	True
ECB_01069	YP_003044287.1	T2_near_identical_rbh	ECB_RS05680	b1073	True
ECB_01070	YP_003044288.1	T1_exact_sequence	ECB_RS05685	b1074	True
ECB_01071	YP_003044289.1	T2_near_identical_rbh	ECB_RS05690	b1075	True
ECB_01072	YP_003044290.1	T2_near_identical_rbh	ECB_RS05695	b1076	True
ECB_01073	YP_003044291.1	T1_exact_sequence	ECB_RS05700	b1077	True
ECB_01074	YP_003044292.1	T1_exact_sequence	ECB_RS05705	b1078	True
ECB_01075	YP_003044293.1	T1_exact_sequence	ECB_RS05710	b1079	True
ECB_01076	YP_003044294.1	T1_exact_sequence	ECB_RS05715	b1080	True
ECB_01077	YP_003044295.1	T1_exact_sequence	ECB_RS05720	b1081	True
ECB_01078	YP_003044296.1	T2_near_identical_rbh	ECB_RS05725	b1082	True
ECB_01079	YP_003044297.1	T2_near_identical_rbh	ECB_RS05730	b1083	True
ECB_01080	YP_003044298.1	T2_near_identical_rbh	ECB_RS05735	b1084	True
ECB_01081	YP_003044299.1	ECB_ tag absent from current REL606 annotation			False
ECB_01082	YP_003044300.1	T1_exact_sequence	ECB_RS05745	b1086	True
ECB_01083	YP_003044301.1	T1_exact_sequence	ECB_RS05750	b1087	True
ECB_01084	YP_003044302.1	T1_exact_sequence	ECB_RS05755	b1088	True
ECB_01085	YP_003044303.1	T1_exact_sequence	ECB_RS05760	b1089	True
ECB_01086	YP_003044304.1	T2_near_identical_rbh	ECB_RS05765	b1090	True
ECB_01087	YP_003044305.1	T2_near_identical_rbh	ECB_RS05770	b1091	True
ECB_01088	YP_003044306.1	T1_exact_sequence	ECB_RS05775	b1092	True
ECB_01089	YP_003044307.1	T2_near_identical_rbh	ECB_RS05780	b1093	True
ECB_01090	YP_003044308.1	T1_exact_sequence	ECB_RS05785	b1094	True
ECB_01091	YP_003044309.1	T1_exact_sequence	ECB_RS05790	b1095	True
ECB_01092	YP_003044310.1	T2_near_identical_rbh	ECB_RS05795	b1096	False
ECB_01093	YP_003044311.1	T2_near_identical_rbh	ECB_RS05800	b1097	True
ECB_01094	YP_003044312.1	T1_exact_sequence	ECB_RS05805	b1098	True
ECB_01095	YP_003044313.1	T2_near_identical_rbh	ECB_RS05810	b1099	True
ECB_01096	YP_003044314.1	T2_near_identical_rbh	ECB_RS05815	b1100	True
ECB_01097	YP_003044315.1	T1_exact_sequence	ECB_RS05820	b1101	True
ECB_01098	YP_003044316.1	T2_near_identical_rbh	ECB_RS05825	b1102	True
ECB_01099	YP_003044317.1	T1_exact_sequence	ECB_RS05830	b1103	True
ECB_01100	YP_003044318.1	T2_near_identical_rbh	ECB_RS05835	b1104	False
ECB_01101	YP_003044319.1	T1_exact_sequence	ECB_RS05840	b1105	True
ECB_01102	YP_003044320.1	T2_near_identical_rbh	ECB_RS05845	b1106	False
ECB_01103	YP_003044321.1	T2_near_identical_rbh	ECB_RS05850	b1107	True
ECB_01104	YP_003044322.1	T2_near_identical_rbh	ECB_RS05855	b1108	True
ECB_01105	YP_003044323.1	T2_near_identical_rbh	ECB_RS05860	b1109	True
ECB_01106	YP_003044324.1	T1_exact_sequence	ECB_RS05865	b1110	False
ECB_01107	YP_003044325.1	T2_near_identical_rbh	ECB_RS05870	b1111	False
ECB_01108	YP_003044326.1	T1_exact_sequence	ECB_RS05875	b1112	False
ECB_01109	YP_003044327.1	T2_near_identical_rbh	ECB_RS05880	b1113	False
ECB_01110	YP_003044328.1	T2_near_identical_rbh	ECB_RS05885	b1114	True
ECB_01111	YP_003044329.1	T2_near_identical_rbh	ECB_RS05890	b1115	False
ECB_01112	YP_003044330.1	T1_exact_sequence	ECB_RS05895	b1116	True
ECB_01113	YP_003044331.1	T2_near_identical_rbh	ECB_RS05900	b1117	True
ECB_01114	YP_003044332.1	T2_near_identical_rbh	ECB_RS05905	b1118	True
ECB_01116	YP_003044333.1	ECB_ tag absent from current REL606 annotation			False
ECB_01117	YP_003044334.1	no MG1655 partner (REL606-specific or below threshold)	ECB_RS05915		False
ECB_01118	YP_003044335.1	T1_exact_sequence	ECB_RS05925	b1120	True
ECB_01119	YP_003044336.1	T2_near_identical_rbh	ECB_RS05930	b1121	False
ECB_01120	YP_003044337.1	current locus is pseudogene	ECB_RS05935		False
ECB_01121	YP_003044338.1	T1_exact_sequence	ECB_RS05940	b1123	True
ECB_01122	YP_003044339.1	T1_exact_sequence	ECB_RS05945	b1124	False
ECB_01123	YP_003044340.1	T2_near_identical_rbh	ECB_RS05950	b1125	False
ECB_01124	YP_003044341.1	T2_near_identical_rbh	ECB_RS05955	b1126	True
ECB_01125	YP_003044342.1	T2_near_identical_rbh	ECB_RS05965	b1127	True
ECB_01126	YP_003044343.1	T2_near_identical_rbh	ECB_RS05970	b1128	True
ECB_01127	YP_003044344.1	T2_near_identical_rbh	ECB_RS05975	b1129	True
ECB_01128	YP_003044345.1	T2_near_identical_rbh	ECB_RS05980	b1130	True
ECB_01129	YP_003044346.1	T2_near_identical_rbh	ECB_RS05985	b1131	True
ECB_01130	YP_003044347.1	T1_exact_sequence	ECB_RS05990	b1132	True
ECB_01131	YP_003044348.1	T1_exact_sequence	ECB_RS05995	b1133	True
ECB_01132	YP_003044349.1	T2_near_identical_rbh	ECB_RS06000	b1134	True
ECB_01133	YP_003044350.1	T2_near_identical_rbh	ECB_RS06005	b1135	False
ECB_01134	YP_003044351.1	T2_near_identical_rbh	ECB_RS06010	b1136	True
ECB_01135	YP_003044352.1	T2_near_identical_rbh	ECB_RS06015	b1160	False
ECB_01136	YP_003044353.1	T1_exact_sequence	ECB_RS06025	b1161	False
ECB_01137	YP_003044354.1	T2_near_identical_rbh	ECB_RS06030	b1162	True
ECB_01138	YP_003044355.1	T2_near_identical_rbh	ECB_RS06035	b1163	False
ECB_01139	YP_003044356.1	T1_exact_sequence	ECB_RS06040	b1164	False
ECB_01140	YP_003044357.1	T1_exact_sequence	ECB_RS06045	b1165	False
ECB_01141	YP_003044358.1	T1_exact_sequence	ECB_RS06050	b1166	False
ECB_01142	YP_003044359.1	T1_exact_sequence	ECB_RS06055	b1167	False
ECB_01143	YP_003044360.1	T2_near_identical_rbh	ECB_RS06060	b1168	False
ECB_01144	YP_003044361.1	T1_exact_sequence	ECB_RS06065	b4520	False
ECB_01146	YP_003044362.1	T2_near_identical_rbh	ECB_RS06085	b1171	False
ECB_01147	YP_003044363.1	T1_exact_sequence	ECB_RS06090	b1172	False
ECB_01148	YP_003044364.1	ECB_ tag absent from current REL606 annotation			False
ECB_01149	YP_003044365.1	T1_exact_sequence	ECB_RS06105	b1174	True
ECB_01150	YP_003044366.1	T1_exact_sequence	ECB_RS06110	b1175	True
ECB_01151	YP_003044367.1	T1_exact_sequence	ECB_RS06115	b1176	True
ECB_01152	YP_003044368.1	T2_near_identical_rbh	ECB_RS06120	b1177	False
ECB_01153	YP_003044369.1	T2_near_identical_rbh	ECB_RS06125	b1178	True
ECB_01154	YP_003044370.1	T2_near_identical_rbh	ECB_RS06130	b1179	True
ECB_01155	YP_003044371.1	T2_near_identical_rbh	ECB_RS06135	b1180	True
ECB_01156	YP_003044372.1	T2_near_identical_rbh	ECB_RS06140	b1181	True
ECB_01158	YP_003044373.1	T1_exact_sequence	ECB_RS06155	b1183	False
ECB_01159	YP_003044374.1	T1_exact_sequence	ECB_RS06160	b1184	False
ECB_01160	YP_003044375.1	T1_exact_sequence	ECB_RS06165	b1185	False
ECB_01161	YP_003044376.1	T1_exact_sequence	ECB_RS06170	b1186	False
ECB_01162	YP_003044377.1	T1_exact_sequence	ECB_RS06175	b1187	True
ECB_01163	YP_003044378.1	T1_exact_sequence	ECB_RS06180	b1188	True
ECB_01164	YP_003044379.1	T1_exact_sequence	ECB_RS06185	b1189	True
ECB_01165	YP_003044380.1	T2_near_identical_rbh	ECB_RS06190	b1190	True
ECB_01166	YP_003044381.1	T1_exact_sequence	ECB_RS06195	b1191	True
ECB_01167	YP_003044382.1	T1_exact_sequence	ECB_RS06200	b1192	True
ECB_01168	YP_003044383.1	T1_exact_sequence	ECB_RS06205	b1193	True
ECB_01169	YP_003044384.1	T1_exact_sequence	ECB_RS06210	b1194	False
ECB_01170	YP_003044385.1	T2_near_identical_rbh	ECB_RS06215	b1195	False
ECB_01171	YP_003044386.1	T1_exact_sequence	ECB_RS06220	b1196	False
ECB_01172	YP_003044387.1	T1_exact_sequence	ECB_RS06225	b1197	True
ECB_01173	YP_003044388.1	T1_exact_sequence	ECB_RS06230	b1198	True
ECB_01174	YP_003044389.1	T1_exact_sequence	ECB_RS06235	b1199	True
ECB_01175	YP_003044390.1	T1_exact_sequence	ECB_RS06240	b1200	True
ECB_01176	YP_003044391.1	T2_near_identical_rbh	ECB_RS06245	b1201	False
ECB_01177	YP_003044392.1	T2_near_identical_rbh	ECB_RS06250	b1202	False
ECB_01178	YP_003044393.1	T2_near_identical_rbh	ECB_RS06260	b1203	True
ECB_01179	YP_003044394.1	T1_exact_sequence	ECB_RS06265	b1204	True
ECB_01180	YP_003044395.1	T1_exact_sequence	ECB_RS06270	b1205	False
ECB_01181	YP_003044396.1	T1_exact_sequence	ECB_RS06275	b1206	False
ECB_01182	YP_003044397.1	T1_exact_sequence	ECB_RS06280	b1207	True
ECB_01183	YP_003044398.1	T2_near_identical_rbh	ECB_RS06285	b1208	True
ECB_01184	YP_003044399.1	T1_exact_sequence	ECB_RS06290	b1209	True
ECB_01185	YP_003044400.1	T2_near_identical_rbh	ECB_RS06295	b1210	True
ECB_01186	YP_003044401.1	T1_exact_sequence	ECB_RS06300	b1211	True
ECB_01187	YP_003044402.1	T2_near_identical_rbh	ECB_RS06305	b1212	True
ECB_01188	YP_003044403.1	T2_near_identical_rbh	ECB_RS06310	b1213	False
ECB_01189	YP_003044404.1	T1_exact_sequence	ECB_RS06315	b1214	False
ECB_01190	YP_003044405.1	T1_exact_sequence	ECB_RS06320	b1215	True
ECB_01191	YP_003044406.1	no MG1655 partner (REL606-specific or below threshold)	ECB_RS06325		False
ECB_01192	YP_003044407.1	T1_exact_sequence	ECB_RS06330	b4421	False
ECB_01193	YP_003044408.1	ambiguous_rbh_tie	ECB_RS06335		False
ECB_01194	YP_003044409.1	T2_near_identical_rbh	ECB_RS06340	b1216	False
ECB_01195	YP_003044410.1	T1_exact_sequence	ECB_RS06345	b1217	False
ECB_01196	YP_003044411.1	T2_near_identical_rbh	ECB_RS06350	b1218	False
ECB_01197	YP_003044412.1	T1_exact_sequence	ECB_RS06355	b1219	True
ECB_01198	YP_003044413.1	T2_near_identical_rbh	ECB_RS06360	b1220	False
ECB_01199	YP_003044414.1	T1_exact_sequence	ECB_RS06365	b1221	True
ECB_01200	YP_003044415.1	T1_exact_sequence	ECB_RS06370	b1222	True
ECB_01201	YP_003044416.1	T1_exact_sequence	ECB_RS06380	b1223	False
ECB_01202	YP_003044417.1	T2_near_identical_rbh	ECB_RS06385	b1224	True
ECB_01203	YP_003044418.1	T2_near_identical_rbh	ECB_RS06390	b1225	False
ECB_01204	YP_003044419.1	T2_near_identical_rbh	ECB_RS06395	b1226	False
ECB_01205	YP_003044420.1	T2_near_identical_rbh	ECB_RS06400	b1227	False
ECB_01208	YP_003044421.1	T2_near_identical_rbh	ECB_RS06415	b1232	True
ECB_01209	YP_003044422.1	T2_near_identical_rbh	ECB_RS06420	b1233	True
ECB_01210	YP_003044423.1	T1_exact_sequence	ECB_RS06425	b1234	True
ECB_01211	YP_003044424.1	T1_exact_sequence	ECB_RS06430	b1235	False
ECB_01212	YP_003044425.1	T1_exact_sequence	ECB_RS06435	b1236	True
ECB_01213	YP_003044426.1	T1_exact_sequence	ECB_RS06440	b1237	True
ECB_01214	YP_003044427.1	T2_near_identical_rbh	ECB_RS06445	b1238	True
ECB_01215	YP_003044428.1	T1_exact_sequence	ECB_RS06450	b1241	True
ECB_01216	YP_003044429.1	T1_exact_sequence	ECB_RS06455	b1242	False
ECB_01217	YP_003044430.1	T2_near_identical_rbh	ECB_RS06460	b1243	True
ECB_01218	YP_003044431.1	T1_exact_sequence	ECB_RS06465	b1244	True
ECB_01219	YP_003044432.1	T1_exact_sequence	ECB_RS06470	b1245	False
ECB_01220	YP_003044433.1	T2_near_identical_rbh	ECB_RS06475	b1246	True
ECB_01221	YP_003044434.1	T2_near_identical_rbh	ECB_RS06480	b1247	True
ECB_01222	YP_003044435.1	T1_exact_sequence	ECB_RS06485	b1248	True
ECB_01223	YP_003044436.1	T1_exact_sequence	ECB_RS06490	b1249	True
ECB_01224	YP_003044437.1	T2_near_identical_rbh	ECB_RS06500	b1250	True
ECB_01225	YP_003044438.1	T1_exact_sequence	ECB_RS06505	b1251	True
ECB_01226	YP_003044439.1	T2_near_identical_rbh	ECB_RS06510	b1252	True
ECB_01227	YP_003044440.1	T1_exact_sequence	ECB_RS06515	b1253	True
ECB_01228	YP_003044441.1	T1_exact_sequence	ECB_RS06520	b1254	False
ECB_01229	YP_003044442.1	T2_near_identical_rbh	ECB_RS06525	b1255	False
ECB_01230	YP_003044443.1	T1_exact_sequence	ECB_RS06530	b1256	True
ECB_01231	YP_003044444.1	T1_exact_sequence	ECB_RS06535	b1257	False
ECB_01232	YP_003044445.1	T1_exact_sequence	ECB_RS06540	b1258	False
ECB_01233	YP_003044446.1	T1_exact_sequence	ECB_RS06545	b1259	False
ECB_01234	YP_003044447.1	T1_exact_sequence	ECB_RS06550	b1260	True
ECB_01235	YP_003044448.1	T2_near_identical_rbh	ECB_RS06555	b1261	True
ECB_01236	YP_003044449.1	T2_near_identical_rbh	ECB_RS06560	b1262	True
ECB_01237	YP_003044450.1	T1_exact_sequence	ECB_RS06565	b1263	True
ECB_01238	YP_003044451.1	T2_near_identical_rbh	ECB_RS06570	b1264	True
ECB_01240	YP_003044453.1	T2_near_identical_rbh	ECB_RS06575	b1266	False
ECB_01241	YP_003044454.1	T1_exact_sequence	ECB_RS06580	b1267	True
ECB_01243	YP_003044455.1	ECB_ tag absent from current REL606 annotation			False
ECB_01244	YP_003044456.1	no MG1655 partner (REL606-specific or below threshold)	ECB_RS06590		False
ECB_01245	YP_003044457.1	T1_exact_sequence	ECB_RS06600	b1269	True
ECB_01246	YP_003044458.1	T1_exact_sequence	ECB_RS06605	b1270	True
ECB_01247	YP_003044459.1	T1_exact_sequence	ECB_RS06610	b1271	True
ECB_01248	YP_003044460.1	T1_exact_sequence	ECB_RS06620	b1272	True
ECB_01249	YP_003044461.1	T1_exact_sequence	ECB_RS06625	b1273	True
ECB_01250	YP_003044462.1	T1_exact_sequence	ECB_RS06635	b1274	True
ECB_01251	YP_003044463.1	T1_exact_sequence	ECB_RS06640	b1275	True
ECB_01253	YP_003044464.1	T2_near_identical_rbh	ECB_RS06660	b1276	True
ECB_01254	YP_003044465.1	T1_exact_sequence	ECB_RS06665	b1277	True
ECB_01255	YP_003044466.1	T1_exact_sequence	ECB_RS06670	b1278	False
ECB_01256	YP_003044467.1	T1_exact_sequence	ECB_RS06675	b1279	True
ECB_01257	YP_003044468.1	T1_exact_sequence	ECB_RS06680	b1280	True
ECB_01258	YP_003044469.1	T2_near_identical_rbh	ECB_RS06685	b1281	True
ECB_01259	YP_003044470.1	T1_exact_sequence	ECB_RS06690	b1282	False
ECB_01260	YP_003044471.1	T1_exact_sequence	ECB_RS06695	b1283	False
ECB_01261	YP_003044472.1	T2_near_identical_rbh	ECB_RS06700	b1284	True
ECB_01262	YP_003044473.1	T2_near_identical_rbh	ECB_RS06710	b1285	False
ECB_01263	YP_003044474.1	T2_near_identical_rbh	ECB_RS06720	b1286	True
ECB_01264	YP_003044475.1	T2_near_identical_rbh	ECB_RS06725	b1287	True
ECB_01265	YP_003044476.1	T1_exact_sequence	ECB_RS06730	b1288	True
ECB_01266	YP_003044477.1	T1_exact_sequence	ECB_RS06735	b1289	False
ECB_01267	YP_003044478.1	T1_exact_sequence	ECB_RS06740	b1290	True
ECB_01268	YP_003044479.1	T1_exact_sequence	ECB_RS06745	b1291	True
ECB_01269	YP_003044480.1	T1_exact_sequence	ECB_RS06750	b1292	False
ECB_01270	YP_003044481.1	T1_exact_sequence	ECB_RS06755	b1293	False
ECB_01271	YP_003044482.1	T1_exact_sequence	ECB_RS06760	b1294	True
ECB_01272	YP_003044483.1	T2_near_identical_rbh	ECB_RS06770	b1295	False
ECB_01273	YP_003044484.1	T2_near_identical_rbh	ECB_RS06775	b1296	False
ECB_01274	YP_003044485.1	T2_near_identical_rbh	ECB_RS06780	b1297	True
ECB_01275	YP_003044486.1	T2_near_identical_rbh	ECB_RS06785	b1298	False
ECB_01276	YP_003044487.1	T1_exact_sequence	ECB_RS06790	b1299	True
ECB_01277	YP_003044488.1	T1_exact_sequence	ECB_RS06795	b1300	True
ECB_01278	YP_003044489.1	T1_exact_sequence	ECB_RS06800	b1301	True
ECB_01279	YP_003044490.1	T1_exact_sequence	ECB_RS06805	b1302	True
ECB_01280	YP_003044491.1	T1_exact_sequence	ECB_RS06810	b1303	False
ECB_01281	YP_003044492.1	T1_exact_sequence	ECB_RS06815	b1304	True
ECB_01282	YP_003044493.1	T1_exact_sequence	ECB_RS06820	b1305	True
ECB_01283	YP_003044494.1	T2_near_identical_rbh	ECB_RS06825	b1306	True
ECB_01284	YP_003044495.1	T1_exact_sequence	ECB_RS06830	b1307	False
ECB_01285	YP_003044496.1	T1_exact_sequence	ECB_RS06835	b1308	True
ECB_01286	YP_003044497.1	T2_near_identical_rbh	ECB_RS06840	b1309	False
ECB_01287	YP_003044498.1	T2_near_identical_rbh	ECB_RS06845	b1310	True
ECB_01288	YP_003044499.1	T2_near_identical_rbh	ECB_RS06850	b1311	False
ECB_01289	YP_003044500.1	T1_exact_sequence	ECB_RS06855	b1312	False
ECB_01290	YP_003044501.1	T1_exact_sequence	ECB_RS06860	b1313	False
ECB_01291	YP_003044502.1	T1_exact_sequence	ECB_RS06865	b1314	False
ECB_01292	YP_003044503.1	T2_near_identical_rbh	ECB_RS06870	b1315	False
ECB_01293	YP_003044504.1	T2_near_identical_rbh	ECB_RS06875	b1316	False
ECB_01294	YP_003044505.1	T2_near_identical_rbh	ECB_RS06880	b1317	False
ECB_01295	YP_003044506.1	no MG1655 partner (REL606-specific or below threshold)	ECB_RS06885		False
ECB_01296	YP_003044507.1	T1_exact_sequence	ECB_RS06890	b1319	False
ECB_01297	YP_003044508.1	T1_exact_sequence	ECB_RS06895	b1320	True
ECB_01298	YP_003044509.1	T2_near_identical_rbh	ECB_RS06900	b1321	True
ECB_01299	YP_003044510.1	T1_exact_sequence	ECB_RS06905	b1322	True
ECB_01300	YP_003044511.1	T1_exact_sequence	ECB_RS06910	b1323	True
ECB_01301	YP_003044512.1	T1_exact_sequence	ECB_RS06915	b1324	True
ECB_01302	YP_003044513.1	T1_exact_sequence	ECB_RS06920	b1325	True
ECB_01303	YP_003044514.1	T1_exact_sequence	ECB_RS06925	b1326	True
ECB_01305	YP_003044515.1	T1_exact_sequence	ECB_RS06935	b1327	True
ECB_01306	YP_003044516.1	T1_exact_sequence	ECB_RS06940	b1328	False
ECB_01307	YP_003044517.1	T1_exact_sequence	ECB_RS06950	b1329	True
ECB_01308	YP_003044518.1	T1_exact_sequence	ECB_RS06955	b1330	False
ECB_01309	YP_003044519.1	T1_exact_sequence	ECB_RS06960	b1332	False
ECB_01310	YP_003044520.1	T1_exact_sequence	ECB_RS06965	b1333	True
ECB_01311	YP_003044521.1	T2_near_identical_rbh	ECB_RS06970	b1334	True
ECB_01312	YP_003044522.1	T2_near_identical_rbh	ECB_RS06975	b1335	True
ECB_01313	YP_003044523.1	T2_near_identical_rbh	ECB_RS06980	b1336	False
ECB_01314	YP_003044524.1	T1_exact_sequence	ECB_RS06990	b1337	False
ECB_01315	YP_003044525.1	T1_exact_sequence	ECB_RS06995	b1338	False
ECB_01316	YP_003044526.1	T2_near_identical_rbh	ECB_RS07000	b1339	False
ECB_01317	YP_003044527.1	T1_exact_sequence	ECB_RS07010	b1340	True
ECB_01318	YP_003044528.1	T2_near_identical_rbh	ECB_RS07015	b1341	False
ECB_01319	YP_003044529.1	T1_exact_sequence	ECB_RS07020	b1342	False
ECB_01320	YP_003044530.1	T1_exact_sequence	ECB_RS07030	b1343	True
ECB_01321	YP_003044531.1	T2_near_identical_rbh	ECB_RS07035	b1344	True
ECB_01322	YP_003044532.1	T2_near_identical_rbh	ECB_RS23520	b1345	False
ECB_01323	YP_003044533.1	T1_exact_sequence	ECB_RS07045	b1346	False
ECB_01324	YP_003044534.1	T1_exact_sequence	ECB_RS07050	b1347	False
ECB_01325	YP_003044535.1	T1_exact_sequence	ECB_RS07055	b1348	False
ECB_01326	YP_003044536.1	T1_exact_sequence	ECB_RS07060	b1349	False
ECB_01327	YP_003044537.1	T2_near_identical_rbh	ECB_RS07065	b1350	True
ECB_01328	YP_003044538.1	T1_exact_sequence	ECB_RS07070	b1351	False
ECB_01329	YP_003044539.1	T1_exact_sequence	ECB_RS07075	b4526	False
ECB_01330	YP_003044540.1	T2_near_identical_rbh	ECB_RS07080	b1352	False
ECB_01331	YP_003044541.1	T1_exact_sequence	ECB_RS07085	b1353	False
ECB_01332	YP_003044542.1	T1_exact_sequence	ECB_RS22885	b4527	False
ECB_01333	YP_003044543.1	T3_divergent_syntenic_rbh	ECB_RS26145	b1355	False
ECB_01334	YP_003044544.1	ECB_ tag absent from current REL606 annotation			False
ECB_01335	YP_003044545.1	T3_divergent_syntenic_rbh	ECB_RS07095	b1555	False
ECB_01336	YP_003044546.1	no MG1655 partner (REL606-specific or below threshold)	ECB_RS07100		True
ECB_01337	YP_003044547.1	T2_near_identical_rbh	ECB_RS07105	b1554	False
ECB_01338	YP_003044548.1	ECB_ tag absent from current REL606 annotation			False
ECB_01339	YP_003044549.1	T2_near_identical_rbh	ECB_RS07115	b1363	False
ECB_01340	YP_003044550.1	ECB_ tag absent from current REL606 annotation			False
ECB_01341	YP_003044551.1	no MG1655 partner (REL606-specific or below threshold)	ECB_RS07125		False
ECB_01342	YP_003044552.1	excluded_weak_rbh	ECB_RS07130		False
ECB_01343	YP_003044553.1	no MG1655 partner (REL606-specific or below threshold)	ECB_RS07135		False
ECB_01344	YP_003044554.1	no MG1655 partner (REL606-specific or below threshold)	ECB_RS07140		False
ECB_01345	YP_003044555.1	T2_near_identical_rbh	ECB_RS07150	b1545	False
ECB_01346	YP_003044556.1	ambiguous (identical paralogs)	ECB_RS07155		False
ECB_01347	YP_003044557.1	T1_exact_sequence	ECB_RS07160	b1376	True
ECB_01348	YP_003044558.1	T2_near_identical_rbh	ECB_RS07165	b1377	True
ECB_01349	YP_003044559.1	T2_near_identical_rbh	ECB_RS07170	b1378	True
ECB_01350	YP_003044560.1	T1_exact_sequence	ECB_RS07175	b4529	False
ECB_01351	YP_003044561.1	T1_exact_sequence	ECB_RS07180	b1379	True
ECB_01352	YP_003044562.1	T2_near_identical_rbh	ECB_RS07185	b1380	True
ECB_01353	YP_003044563.1	T2_near_identical_rbh	ECB_RS07190	b1381	True
ECB_01354	YP_003044564.1	T1_exact_sequence	ECB_RS07195	b1382	False
ECB_01355	YP_003044565.1	T2_near_identical_rbh	ECB_RS07200	b1383	False
ECB_01356	YP_003044566.1	T2_near_identical_rbh	ECB_RS07205	b1384	False
ECB_01357	YP_003044567.1	T2_near_identical_rbh	ECB_RS07210	b1385	False
ECB_01358	YP_003044568.1	current locus is pseudogene	ECB_RS07215		False
ECB_01359	YP_003044569.1	ECB_ tag absent from current REL606 annotation			False
ECB_01360	YP_003044570.1	no MG1655 partner (REL606-specific or below threshold)	ECB_RS07225		False
ECB_01361	YP_003044571.1	current locus is pseudogene	ECB_RS07230		False
ECB_01362	YP_003044572.1	T2_near_identical_rbh	ECB_RS07235	b1407	True
ECB_01363	YP_003044573.1	T2_near_identical_rbh	ECB_RS07240	b1408	False
ECB_01364	YP_003044574.1	T2_near_identical_rbh	ECB_RS07245	b1409	False
ECB_01365	YP_003044575.1	T1_exact_sequence	ECB_RS07250	b1410	False
ECB_01366	YP_003044576.1	T2_near_identical_rbh	ECB_RS07255	b1411	False
ECB_01367	YP_003044577.1	T2_near_identical_rbh	ECB_RS07260	b1412	True
ECB_01368	YP_003044578.1	T2_near_identical_rbh	ECB_RS07265	b1413	True
ECB_01369	YP_003044579.1	T2_near_identical_rbh	ECB_RS07270	b1414	True
ECB_01370	YP_003044580.1	T2_near_identical_rbh	ECB_RS07275	b1415	True
ECB_01371	YP_003044581.1	no MG1655 partner (REL606-specific or below threshold)	ECB_RS07280		True
ECB_01372	YP_003044582.1	ECB_ tag absent from current REL606 annotation			False
ECB_01373	YP_003044583.1	no MG1655 partner (REL606-specific or below threshold)	ECB_RS07290		False
ECB_01374	YP_003044584.1	T1_exact_sequence	ECB_RS07295	b1418	False
ECB_01375	YP_003044585.1	T1_exact_sequence	ECB_RS07300	b1419	False
ECB_01376	YP_003044586.1	T1_exact_sequence	ECB_RS07305	b4428	False
ECB_01377	YP_003044587.1	ECB_ tag absent from current REL606 annotation			False
ECB_01378	YP_003044588.1	T1_exact_sequence	ECB_RS07310	b1421	False
ECB_01379	YP_003044589.1	T1_exact_sequence	ECB_RS07315	b1422	True
ECB_01380	YP_003044590.1	T1_exact_sequence	ECB_RS07320	b1423	True
ECB_01381	YP_003044591.1	T1_exact_sequence	ECB_RS07325	b1424	True
ECB_01382	YP_003044592.1	ECB_ tag absent from current REL606 annotation			False
ECB_01383	YP_003044593.1	T1_exact_sequence	ECB_RS07335	b1426	True
ECB_01384	YP_003044594.1	T1_exact_sequence	ECB_RS07340	b1427	False
ECB_01385	YP_003044595.1	T2_near_identical_rbh	ECB_RS07345	b1428	False
ECB_01386	YP_003044596.1	T1_exact_sequence	ECB_RS07350	b1429	False
ECB_01387	YP_003044597.1	T2_near_identical_rbh	ECB_RS07355	b1430	True
ECB_01388	YP_003044598.1	T1_exact_sequence	ECB_RS07360	b1431	True
ECB_01390	YP_003044599.1	T1_exact_sequence	ECB_RS07380	b1432	False
ECB_01391	YP_003044600.1	T2_near_identical_rbh	ECB_RS07385	b1433	False
ECB_01392	YP_003044601.1	T1_exact_sequence	ECB_RS07390	b1434	False
ECB_01393	YP_003044602.1	T2_near_identical_rbh	ECB_RS07395	b1435	True
ECB_01394	YP_003044603.1	T2_near_identical_rbh	ECB_RS07400	b1436	False
ECB_01395	YP_003044604.1	T1_exact_sequence	ECB_RS07410	b1438	False
ECB_01396	YP_003044605.1	T1_exact_sequence	ECB_RS07415	b1439	False
ECB_01397	YP_003044606.1	T1_exact_sequence	ECB_RS07420	b1440	True
ECB_01398	YP_003044607.1	T1_exact_sequence	ECB_RS07425	b1441	False
ECB_01399	YP_003044608.1	T2_near_identical_rbh	ECB_RS07430	b1442	False
ECB_01400	YP_003044609.1	T1_exact_sequence	ECB_RS07435	b1443	False
ECB_01401	YP_003044610.1	T2_near_identical_rbh	ECB_RS07440	b1444	True
ECB_01402	YP_003044611.1	T1_exact_sequence	ECB_RS07450	b1445	False
ECB_01403	YP_003044612.1	T1_exact_sequence	ECB_RS07455	b1446	False
ECB_01404	YP_003044613.1	T2_near_identical_rbh	ECB_RS07460	b1447	False
ECB_01405	YP_003044614.1	T2_near_identical_rbh	ECB_RS07465	b1448	False
ECB_01406	YP_003044615.1	T2_near_identical_rbh	ECB_RS07470	b1449	True
ECB_01407	YP_003044616.1	T2_near_identical_rbh	ECB_RS07475	b1450	False
ECB_01408	YP_003044617.1	T2_near_identical_rbh	ECB_RS07480	b1451	True
ECB_01409	YP_003044618.1	T2_near_identical_rbh	ECB_RS07485	b1452	True
ECB_01410	YP_003044619.1	T2_near_identical_rbh	ECB_RS07490	b1453	False
ECB_01411	YP_003044620.1	T2_near_identical_rbh	ECB_RS07495	b1454	False
ECB_01412	YP_003044621.1	T1_exact_sequence	ECB_RS07500	b1455	False
ECB_01413	YP_003044622.1	no MG1655 partner (REL606-specific or below threshold)	ECB_RS07505		False
ECB_01414	YP_003044623.1	no MG1655 partner (REL606-specific or below threshold)	ECB_RS07510		True
ECB_01415	YP_003044624.1	T1_exact_sequence	ECB_RS26150	b1457	False
ECB_01416	YP_003044625.1	current locus is pseudogene	ECB_RS07520		False
ECB_01417	YP_003044626.1	ECB_ tag absent from current REL606 annotation			False
ECB_01418	YP_003044627.1	current locus is pseudogene	ECB_RS07525		False
ECB_01419	YP_003044628.1	T2_near_identical_rbh	ECB_RS07530	b1461	False
ECB_01420	YP_003044629.1	T2_near_identical_rbh	ECB_RS07535	b1462	False
ECB_01421	YP_003044630.1	T2_near_identical_rbh	ECB_RS07540	b1463	False
ECB_01423	YP_003044631.1	T1_exact_sequence	ECB_RS07550	b1465	False
ECB_01424	YP_003044632.1	T1_exact_sequence	ECB_RS07555	b1466	False
ECB_01425	YP_003044633.1	T2_near_identical_rbh	ECB_RS07560	b1467	False
ECB_01426	YP_003044634.1	T1_exact_sequence	ECB_RS07565	b1468	True
ECB_01427	YP_003044635.1	T2_near_identical_rbh	ECB_RS07570	b1469	False
ECB_01428	YP_003044636.1	ECB_ tag absent from current REL606 annotation			False
ECB_01429	YP_003044637.1	current locus is pseudogene	ECB_RS07575		False
ECB_01430	YP_003044638.1	current locus is pseudogene	ECB_RS07580		False
ECB_01431	YP_003044639.1	T2_near_identical_rbh	ECB_RS07585	b1473	False
ECB_01432	YP_003044640.1	T2_near_identical_rbh	ECB_RS07595	b1474	True
ECB_01433	YP_003044641.1	T2_near_identical_rbh	ECB_RS07600	b1475	False
ECB_01434	YP_003044642.1	T1_exact_sequence	ECB_RS07605	b1476	False
ECB_01435	YP_003044643.1	T1_exact_sequence	ECB_RS07610	b1477	False
ECB_01436	YP_003044644.1	T1_exact_sequence	ECB_RS07615	b1478	False
ECB_01437	YP_003044645.1	T1_exact_sequence	ECB_RS07620	b1479	True
ECB_01438	YP_003044646.1	T1_exact_sequence	ECB_RS07625	b1480	True
ECB_01439	YP_003044647.1	T1_exact_sequence	ECB_RS07630	b1481	False
ECB_01440	YP_003044648.1	T1_exact_sequence	ECB_RS07635	b1482	True
ECB_01441	YP_003044649.1	T2_near_identical_rbh	ECB_RS07640	b1483	False
ECB_01442	YP_003044650.1	T2_near_identical_rbh	ECB_RS07645	b1484	False
ECB_01443	YP_003044651.1	T2_near_identical_rbh	ECB_RS07650	b1485	False
ECB_01444	YP_003044652.1	T2_near_identical_rbh	ECB_RS07655	b1486	False
ECB_01445	YP_003044653.1	T2_near_identical_rbh	ECB_RS07660	b1487	True
ECB_01446	YP_003044654.1	T1_exact_sequence	ECB_RS07665	b1488	False
ECB_01447	YP_003044655.1	T2_near_identical_rbh	ECB_RS07670	b1489	False
ECB_01448	YP_003044656.1	T2_near_identical_rbh	ECB_RS07675	b1490	True
ECB_01449	YP_003044657.1	T2_near_identical_rbh	ECB_RS07680	b1491	False
ECB_01450	YP_003044658.1	T1_exact_sequence	ECB_RS07685	b1492	False
ECB_01451	YP_003044659.1	T1_exact_sequence	ECB_RS07690	b1493	False
ECB_01452	YP_003044660.1	T2_near_identical_rbh	ECB_RS07700	b1494	True
ECB_01453	YP_003044661.1	T2_near_identical_rbh	ECB_RS07705	b1495	True
ECB_01454	YP_003044662.1	T2_near_identical_rbh	ECB_RS07710	b1496	False
ECB_01455	YP_003044663.1	T1_exact_sequence	ECB_RS07715	b1497	False
ECB_01456	YP_003044664.1	T2_near_identical_rbh	ECB_RS07720	b1498	True
ECB_01457	YP_003044665.1	T2_near_identical_rbh	ECB_RS07725	b1499	False
ECB_01458	YP_003044666.1	T1_exact_sequence	ECB_RS07730	b1500	False
ECB_01459	YP_003044667.1	T1_exact_sequence	ECB_RS07735	b1501	True
ECB_01460	YP_003044668.1	T1_exact_sequence	ECB_RS07740	b1502	False
ECB_01461	YP_003044669.1	T1_exact_sequence	ECB_RS07745	b1503	False
ECB_01462	YP_003044670.1	T1_exact_sequence	ECB_RS07750	b1504	False
ECB_01463	YP_003044671.1	ECB_ tag absent from current REL606 annotation			False
ECB_01468	YP_003044672.1	no MG1655 partner (REL606-specific or below threshold)	ECB_RS07775		False
ECB_01469	YP_003044673.1	T1_exact_sequence	ECB_RS07780	b1507	False
ECB_01470	YP_003044674.1	T1_exact_sequence	ECB_RS07785	b1508	False
ECB_01472	YP_003044675.1	current locus is pseudogene	ECB_RS07795		False
ECB_01473	YP_003044676.1	T2_near_identical_rbh	ECB_RS07800	b1516	False
ECB_01474	YP_003044677.1	T2_near_identical_rbh	ECB_RS07805	b1517	False
ECB_01475	YP_003044678.1	T1_exact_sequence	ECB_RS07810	b1518	False
ECB_01476	YP_003044679.1	T1_exact_sequence	ECB_RS07815	b1519	True
ECB_01477	YP_003044680.1	T2_near_identical_rbh	ECB_RS07820	b1520	False
ECB_01478	YP_003044681.1	T1_exact_sequence	ECB_RS07825	b1521	False
ECB_01479	YP_003044682.1	T3_divergent_syntenic_rbh	ECB_RS07830	b1522	False
ECB_01480	YP_003044683.1	T1_exact_sequence	ECB_RS07835	b1523	False
ECB_01481	YP_003044684.1	T2_near_identical_rbh	ECB_RS07840	b1524	True
ECB_01482	YP_003044685.1	T1_exact_sequence	ECB_RS07845	b1525	True
ECB_01483	YP_003044686.1	T1_exact_sequence	ECB_RS07850	b1526	False
ECB_01484	YP_003044687.1	T2_near_identical_rbh	ECB_RS07855	b1527	True
ECB_01485	YP_003044688.1	T1_exact_sequence	ECB_RS07860	b1528	False
ECB_01486	YP_003044689.1	T1_exact_sequence	ECB_RS07865	b1529	False
ECB_01487	YP_003044690.1	no MG1655 partner (REL606-specific or below threshold)	ECB_RS07870		True
ECB_01488	YP_003044691.1	no MG1655 partner (REL606-specific or below threshold)	ECB_RS07875		False
ECB_01489	YP_003044692.1	T1_exact_sequence	ECB_RS07880	b1530	False
ECB_01490	YP_003044693.1	T1_exact_sequence	ECB_RS07885	b1531	False
ECB_01491	YP_003044694.1	T1_exact_sequence	ECB_RS07890	b1532	False
ECB_01492	YP_003044695.1	T2_near_identical_rbh	ECB_RS07895	b1533	False
ECB_01493	YP_003044696.1	T2_near_identical_rbh	ECB_RS07900	b1534	False
ECB_01494	YP_003044697.1	T2_near_identical_rbh	ECB_RS07910	b1535	False
ECB_01495	YP_003044698.1	T2_near_identical_rbh	ECB_RS07915	b1536	False
ECB_01496	YP_003044699.1	T1_exact_sequence	ECB_RS07920	b1537	False
ECB_01497	YP_003044700.1	T2_near_identical_rbh	ECB_RS07925	b1538	True
ECB_01498	YP_003044701.1	T1_exact_sequence	ECB_RS07930	b1539	True
ECB_01499	YP_003044702.1	T1_exact_sequence	ECB_RS07935	b1540	True
ECB_01500	YP_003044703.1	T1_exact_sequence	ECB_RS07940	b1541	False
ECB_01501	YP_003044704.1	T2_near_identical_rbh	ECB_RS07945	b1542	False
ECB_01502	YP_003044705.1	current locus is pseudogene	ECB_RS07950		False
ECB_01503	YP_003044706.1	ambiguous (identical paralogs)	ECB_RS07960		False
ECB_01504	YP_003044707.1	T1_exact_sequence	ECB_RS07965	b1374	False
ECB_01505	YP_003044708.1	no MG1655 partner (REL606-specific or below threshold)	ECB_RS07970		False
ECB_01506	YP_003044709.1	no MG1655 partner (REL606-specific or below threshold)	ECB_RS07975		False
ECB_01507	YP_003044710.1	no MG1655 partner (REL606-specific or below threshold)	ECB_RS07980		False
ECB_01508	YP_003044711.1	ECB_ tag absent from current REL606 annotation			False
ECB_01509	YP_003044712.1	no MG1655 partner (REL606-specific or below threshold)	ECB_RS07990		False
ECB_01510	YP_003044713.1	current locus is pseudogene	ECB_RS07995		False
ECB_01511	YP_003044714.1	ECB_ tag absent from current REL606 annotation			False
ECB_01512	YP_003044715.1	no MG1655 partner (REL606-specific or below threshold)	ECB_RS08005		False
ECB_01513	YP_003044716.1	excluded_weak_rbh	ECB_RS08010		False
ECB_01514	YP_003044717.1	T2_near_identical_rbh	ECB_RS08015	b1550	True
ECB_01515	YP_003044718.1	T3_divergent_syntenic_rbh	ECB_RS08020	b1551	False
ECB_01516	YP_003044719.1	T2_near_identical_rbh	ECB_RS23615	b4724	False
ECB_01517	YP_003044720.1	T1_exact_sequence	ECB_RS08025	b1552	False
ECB_01518	YP_003044721.1	T2_near_identical_rbh	ECB_RS08030	b1553	False
ECB_01519	YP_003044722.1	no MG1655 partner (REL606-specific or below threshold)	ECB_RS08035		False
ECB_01520	YP_003044723.1	ECB_ tag absent from current REL606 annotation			False
ECB_01521	YP_003044724.1	T2_near_identical_rbh	ECB_RS08045	b1556	False
ECB_01522	YP_003044725.1	no MG1655 partner (REL606-specific or below threshold)	ECB_RS08050		False
ECB_01523	YP_003044726.1	current locus is pseudogene	ECB_RS08055		False
ECB_01524	YP_003044727.1	ECB_ tag absent from current REL606 annotation			False
ECB_01525	YP_003044728.1	no MG1655 partner (REL606-specific or below threshold)	ECB_RS08065		False
ECB_01527	YP_003044729.1	no MG1655 partner (REL606-specific or below threshold)	ECB_RS08070		False
ECB_01528	YP_003044730.1	no MG1655 partner (REL606-specific or below threshold)	ECB_RS08075		False
ECB_01529	YP_003044731.1	current locus is pseudogene	ECB_RS08080		False
ECB_01530	YP_003044732.1	no MG1655 partner (REL606-specific or below threshold)	ECB_RS08085		False
ECB_01531	YP_003044733.1	T2_near_identical_rbh	ECB_RS08090	b1561	False
ECB_01532	YP_003044734.1	T1_exact_sequence	ECB_RS08095	b1562	False
ECB_01533	YP_003044735.1	ECB_ tag absent from current REL606 annotation			False
ECB_01534	YP_003044736.1	no MG1655 partner (REL606-specific or below threshold)	ECB_RS08105		False
ECB_01535	YP_003044737.1	no MG1655 partner (REL606-specific or below threshold)	ECB_RS08115		False
ECB_01536	YP_003044738.1	excluded_weak_rbh	ECB_RS08120		False
ECB_01537	YP_003044739.1	excluded_weak_rbh	ECB_RS08125		False
ECB_01538	YP_003044740.1	T3_divergent_syntenic_rbh	ECB_RS08130	b1569	False
ECB_01539	YP_003044741.1	T3_divergent_syntenic_rbh	ECB_RS08135	b1570	True
ECB_01540	YP_003044742.1	T3_divergent_syntenic_rbh	ECB_RS08140	b1571	False
ECB_01541	YP_003044743.1	no MG1655 partner (REL606-specific or below threshold)	ECB_RS08145		False
ECB_01542	YP_003044744.1	no MG1655 partner (REL606-specific or below threshold)	ECB_RS08150		False
ECB_01543	YP_003044745.1	T2_near_identical_rbh	ECB_RS08155	b1575	False
ECB_01544	YP_003044746.1	T2_near_identical_rbh	ECB_RS08160	b1576	False
ECB_01545	YP_003044747.1	no MG1655 partner (REL606-specific or below threshold)	ECB_RS08165		True
ECB_01546	YP_003044748.1	no MG1655 partner (REL606-specific or below threshold)	ECB_RS08170		False
ECB_01549	YP_003044749.1	T2_near_identical_rbh	ECB_RS08185	b1580	False
ECB_01550	YP_003044750.1	T1_exact_sequence	ECB_RS08190	b1581	False
ECB_01551	YP_003044751.1	T1_exact_sequence	ECB_RS08195	b1582	False
ECB_01552	YP_003044752.1	T1_exact_sequence	ECB_RS08200	b1583	True
ECB_01553	YP_003044753.1	T1_exact_sequence	ECB_RS08205	b1584	True
ECB_01554	YP_003044754.1	T1_exact_sequence	ECB_RS08210	b1585	False
ECB_01555	YP_003044755.1	T1_exact_sequence	ECB_RS08215	b1586	True
ECB_01556	YP_003044756.1	T2_near_identical_rbh	ECB_RS08220	b1587	False
ECB_01557	YP_003044757.1	T1_exact_sequence	ECB_RS08225	b1588	False
ECB_01558	YP_003044758.1	T1_exact_sequence	ECB_RS08230	b1589	False
ECB_01559	YP_003044759.1	T1_exact_sequence	ECB_RS08235	b1590	False
ECB_01560	YP_003044760.1	T1_exact_sequence	ECB_RS08240	b1591	True
ECB_01561	YP_003044761.1	T2_near_identical_rbh	ECB_RS08245	b1592	False
ECB_01562	YP_003044762.1	T1_exact_sequence	ECB_RS08250	b1593	False
ECB_01563	YP_003044763.1	T1_exact_sequence	ECB_RS08255	b1594	True
ECB_01564	YP_003044764.1	T1_exact_sequence	ECB_RS08260	b1595	False
ECB_01565	YP_003044765.1	T1_exact_sequence	ECB_RS08265	b1596	False
ECB_01566	YP_003044766.1	T3_divergent_syntenic_rbh	ECB_RS08270	b1597	False
ECB_01567	YP_003044767.1	T2_near_identical_rbh	ECB_RS08280	b1598	False
ECB_01568	YP_003044768.1	T1_exact_sequence	ECB_RS08285	b1599	False
ECB_01569	YP_003044769.1	T1_exact_sequence	ECB_RS08290	b1600	False
ECB_01570	YP_003044770.1	T1_exact_sequence	ECB_RS08295	b1601	False
ECB_01571	YP_003044771.1	T1_exact_sequence	ECB_RS08300	b1602	True
ECB_01572	YP_003044772.1	T2_near_identical_rbh	ECB_RS08305	b1603	True
ECB_01573	YP_003044773.1	T2_near_identical_rbh	ECB_RS08310	b1604	True
ECB_01574	YP_003044774.1	T1_exact_sequence	ECB_RS08315	b1605	True
ECB_01575	YP_003044775.1	T1_exact_sequence	ECB_RS08320	b1606	True
ECB_01576	YP_003044776.1	T1_exact_sequence	ECB_RS08325	b1607	False
ECB_01577	YP_003044777.1	T1_exact_sequence	ECB_RS08330	b1608	True
ECB_01578	YP_003044778.1	T2_near_identical_rbh	ECB_RS08335	b1609	True
ECB_01579	YP_003044779.1	T2_near_identical_rbh	ECB_RS08340	b1610	True
ECB_01580	YP_003044780.1	T2_near_identical_rbh	ECB_RS08345	b1611	True
ECB_01581	YP_003044781.1	T1_exact_sequence	ECB_RS08350	b1612	True
ECB_01582	YP_003044782.1	T2_near_identical_rbh	ECB_RS08355	b1613	True
ECB_01583	YP_003044783.1	T1_exact_sequence	ECB_RS08360	b1614	True
ECB_01584	YP_003044784.1	T2_near_identical_rbh	ECB_RS08365	b1615	False
ECB_01585	YP_003044785.1	T2_near_identical_rbh	ECB_RS08370	b1616	False
ECB_01586	YP_003044786.1	T2_near_identical_rbh	ECB_RS08375	b1617	True
ECB_01587	YP_003044787.1	T1_exact_sequence	ECB_RS08380	b1618	True
ECB_01588	YP_003044788.1	T1_exact_sequence	ECB_RS08385	b1619	True
ECB_01589	YP_003044789.1	T2_near_identical_rbh	ECB_RS08390	b1620	False
ECB_01590	YP_003044790.1	T2_near_identical_rbh	ECB_RS08395	b1621	False
ECB_01591	YP_003044791.1	T2_near_identical_rbh	ECB_RS08400	b1622	True
ECB_01592	YP_003044792.1	T1_exact_sequence	ECB_RS08405	b1623	True
ECB_01593	YP_003044793.1	T2_near_identical_rbh	ECB_RS08410	b1624	True
ECB_01594	YP_003044794.1	T1_exact_sequence	ECB_RS08415	b4409	False
ECB_01595	YP_003044795.1	T1_exact_sequence	ECB_RS08420	b1625	True
ECB_01596	YP_003044796.1	T2_near_identical_rbh	ECB_RS08425	b1626	False
ECB_01597	YP_003044797.1	T1_exact_sequence	ECB_RS08430	b1627	False
ECB_01598	YP_003044798.1	T1_exact_sequence	ECB_RS08435	b1628	False
ECB_01599	YP_003044799.1	T3_divergent_syntenic_rbh	ECB_RS08440	b1629	True
ECB_01600	YP_003044800.1	T2_near_identical_rbh	ECB_RS08445	b1630	False
ECB_01601	YP_003044801.1	T2_near_identical_rbh	ECB_RS08450	b1631	True
ECB_01602	YP_003044802.1	T1_exact_sequence	ECB_RS08455	b1632	False
ECB_01603	YP_003044803.1	T1_exact_sequence	ECB_RS08460	b1633	True
ECB_01604	YP_003044804.1	T1_exact_sequence	ECB_RS08470	b1634	False
ECB_01605	YP_003044805.1	T1_exact_sequence	ECB_RS08475	b1635	True
ECB_01606	YP_003044806.1	T1_exact_sequence	ECB_RS08480	b1636	True
ECB_01607	YP_003044807.1	T2_near_identical_rbh	ECB_RS08485	b1637	True
ECB_01608	YP_003044808.1	T1_exact_sequence	ECB_RS08490	b1638	True
ECB_01609	YP_003044809.1	T2_near_identical_rbh	ECB_RS08495	b1639	False
ECB_01610	YP_003044810.1	T2_near_identical_rbh	ECB_RS08500	b1640	True
ECB_01611	YP_003044811.1	T1_exact_sequence	ECB_RS08505	b1641	True
ECB_01612	YP_003044812.1	T1_exact_sequence	ECB_RS08510	b1642	True
ECB_01613	YP_003044813.1	T1_exact_sequence	ECB_RS08515	b1643	False
ECB_01614	YP_003044814.1	T2_near_identical_rbh	ECB_RS08520	b1644	True
ECB_01615	YP_003044815.1	T2_near_identical_rbh	ECB_RS08525	b1645	False
ECB_01616	YP_003044816.1	T1_exact_sequence	ECB_RS08530	b1646	True
ECB_01617	YP_003044817.1	T1_exact_sequence	ECB_RS08535	b1647	True
ECB_01618	YP_003044818.1	T1_exact_sequence	ECB_RS08540	b1648	False
ECB_01619	YP_003044819.1	T1_exact_sequence	ECB_RS08545	b1649	False
ECB_01620	YP_003044820.1	T2_near_identical_rbh	ECB_RS08550	b1650	True
ECB_01621	YP_003044821.1	T1_exact_sequence	ECB_RS08555	b1651	True
ECB_01622	YP_003044822.1	T2_near_identical_rbh	ECB_RS08560	b1652	True
ECB_01623	YP_003044823.1	T2_near_identical_rbh	ECB_RS08565	b1653	True
ECB_01624	YP_003044824.1	T1_exact_sequence	ECB_RS08570	b1654	True
ECB_01625	YP_003044825.1	T1_exact_sequence	ECB_RS08575	b1655	False
ECB_01626	YP_003044826.1	T1_exact_sequence	ECB_RS08580	b1656	True
ECB_01627	YP_003044827.1	T1_exact_sequence	ECB_RS08585	b1657	False
ECB_01628	YP_003044828.1	T1_exact_sequence	ECB_RS08590	b4602	False
ECB_01629	YP_003044829.1	T1_exact_sequence	ECB_RS08595	b1658	True
ECB_01630	YP_003044830.1	T2_near_identical_rbh	ECB_RS08600	b1659	False
ECB_01631	YP_003044831.1	T2_near_identical_rbh	ECB_RS08605	b1660	False
ECB_01632	YP_003044832.1	T1_exact_sequence	ECB_RS08610	b1661	True
ECB_01633	YP_003044833.1	T1_exact_sequence	ECB_RS08615	b1662	True
ECB_01634	YP_003044834.1	T2_near_identical_rbh	ECB_RS08620	b1663	False
ECB_01635	YP_003044835.1	T2_near_identical_rbh	ECB_RS08625	b1664	True
ECB_01636	YP_003044836.1	T2_near_identical_rbh	ECB_RS08640	b1667	True
ECB_01637	YP_003044837.1	T1_exact_sequence	ECB_RS08645	b1668	False
ECB_01638	YP_003044838.1	T1_exact_sequence	ECB_RS08650	b1669	False
ECB_01639	YP_003044839.1	T1_exact_sequence	ECB_RS08655	b1670	False
ECB_01640	YP_003044840.1	T1_exact_sequence	ECB_RS08660	b1671	False
ECB_01641	YP_003044841.1	T2_near_identical_rbh	ECB_RS08665	b1672	False
ECB_01642	YP_003044842.1	T1_exact_sequence	ECB_RS08670	b1673	False
ECB_01643	YP_003044843.1	T1_exact_sequence	ECB_RS08675	b1674	False
ECB_01644	YP_003044844.1	T1_exact_sequence	ECB_RS08680	b1675	True
ECB_01645	YP_003044845.1	T1_exact_sequence	ECB_RS08685	b1676	True
ECB_01646	YP_003044846.1	T1_exact_sequence	ECB_RS08690	b1677	True
ECB_01647	YP_003044847.1	T1_exact_sequence	ECB_RS08695	b1678	True
ECB_01648	YP_003044848.1	T1_exact_sequence	ECB_RS08700	b1679	False
ECB_01649	YP_003044849.1	T2_near_identical_rbh	ECB_RS08705	b1680	True
ECB_01650	YP_003044850.1	T2_near_identical_rbh	ECB_RS08710	b1681	True
ECB_01651	YP_003044851.1	T2_near_identical_rbh	ECB_RS08715	b1682	True
ECB_01652	YP_003044852.1	T1_exact_sequence	ECB_RS08720	b1683	True
ECB_01653	YP_003044853.1	T1_exact_sequence	ECB_RS08725	b1684	True
ECB_01654	YP_003044854.1	T1_exact_sequence	ECB_RS08730	b1685	True
ECB_01655	YP_003044855.1	T1_exact_sequence	ECB_RS08735	b1686	True
ECB_01656	YP_003044856.1	T2_near_identical_rbh	ECB_RS08740	b1687	True
ECB_01657	YP_003044857.1	T1_exact_sequence	ECB_RS08745	b1688	False
ECB_01658	YP_003044858.1	T2_near_identical_rbh	ECB_RS08750	b1689	False
ECB_01660	YP_003044859.1	T2_near_identical_rbh	ECB_RS08760	b1691	False
ECB_01661	YP_003044860.1	T1_exact_sequence	ECB_RS08765	b1692	False
ECB_01662	YP_003044861.1	T2_near_identical_rbh	ECB_RS08770	b1693	True
ECB_01663	YP_003044862.1	T2_near_identical_rbh	ECB_RS08775	b1694	False
ECB_01664	YP_003044863.1	T2_near_identical_rbh	ECB_RS08780	b1695	False
ECB_01665	YP_003044864.1	T2_near_identical_rbh	ECB_RS08785	b1696	False
ECB_01666	YP_003044865.1	T2_near_identical_rbh	ECB_RS08795	b1697	False
ECB_01667	YP_003044866.1	T2_near_identical_rbh	ECB_RS08800	b1698	False
ECB_01668	YP_003044867.1	T2_near_identical_rbh	ECB_RS08805	b1699	False
ECB_01669	YP_003044868.1	T2_near_identical_rbh	ECB_RS08810	b1700	False
ECB_01670	YP_003044869.1	T2_near_identical_rbh	ECB_RS08815	b1701	False
ECB_01671	YP_003044870.1	T2_near_identical_rbh	ECB_RS08820	b1702	True
ECB_01672	YP_003044871.1	T1_exact_sequence	ECB_RS08830	b1703	True
ECB_01673	YP_003044872.1	T1_exact_sequence	ECB_RS08835	b1704	True
ECB_01674	YP_003044873.1	T1_exact_sequence	ECB_RS08840	b1705	False
ECB_01675	YP_003044874.1	T2_near_identical_rbh	ECB_RS08845	b1706	True
ECB_01676	YP_003044875.1	current locus is pseudogene	ECB_RS08850		False
ECB_01677	YP_003044876.1	T1_exact_sequence	ECB_RS08855	b1708	False
ECB_01678	YP_003044877.1	T2_near_identical_rbh	ECB_RS08860	b1709	False
ECB_01679	YP_003044878.1	T1_exact_sequence	ECB_RS08865	b1710	True
ECB_01680	YP_003044879.1	T1_exact_sequence	ECB_RS08870	b1711	False
ECB_01681	YP_003044880.1	T1_exact_sequence	ECB_RS08875	b1712	True
ECB_01682	YP_003044881.1	T1_exact_sequence	ECB_RS08880	b1713	True
ECB_01683	YP_003044882.1	T1_exact_sequence	ECB_RS08885	b1714	True
ECB_01685	YP_003044884.1	T1_exact_sequence	ECB_RS08895	b1716	True
ECB_01686	YP_003044885.1	T1_exact_sequence	ECB_RS08900	b1717	True
ECB_01687	YP_003044886.1	T1_exact_sequence	ECB_RS08905	b1718	True
ECB_01688	YP_003044887.1	T1_exact_sequence	ECB_RS08910	b1719	True
ECB_01690	YP_003044888.1	T1_exact_sequence	ECB_RS08920	b4535	False
ECB_01691	YP_003044889.1	T1_exact_sequence	ECB_RS08925	b1722	False
ECB_01692	YP_003044890.1	T1_exact_sequence	ECB_RS08930	b1723	True
ECB_01693	YP_003044891.1	T1_exact_sequence	ECB_RS08935	b1724	False
ECB_01694	YP_003044892.1	T1_exact_sequence	ECB_RS08940	b1725	True
ECB_01695	YP_003044893.1	T2_near_identical_rbh	ECB_RS08945	b1726	False
ECB_01696	YP_003044894.1	T1_exact_sequence	ECB_RS08950	b1727	True
ECB_01697	YP_003044895.1	T2_near_identical_rbh	ECB_RS08955	b1728	False
ECB_01698	YP_003044896.1	T2_near_identical_rbh	ECB_RS08960	b1729	True
ECB_01699	YP_003044897.1	T2_near_identical_rbh	ECB_RS08965	b1730	False
ECB_01700	YP_003044898.1	T2_near_identical_rbh	ECB_RS08970	b1731	True
ECB_01701	YP_003044899.1	T2_near_identical_rbh	ECB_RS08975	b1732	True
ECB_01702	YP_003044900.1	T2_near_identical_rbh	ECB_RS08980	b1733	False
ECB_01703	YP_003044901.1	T2_near_identical_rbh	ECB_RS08985	b1734	True
ECB_01704	YP_003044902.1	T2_near_identical_rbh	ECB_RS08990	b1735	False
ECB_01705	YP_003044903.1	T1_exact_sequence	ECB_RS08995	b1736	False
ECB_01706	YP_003044904.1	T1_exact_sequence	ECB_RS09000	b1737	False
ECB_01707	YP_003044905.1	T1_exact_sequence	ECB_RS09005	b1738	True
ECB_01708	YP_003044906.1	T1_exact_sequence	ECB_RS09010	b1739	True
ECB_01709	YP_003044907.1	T2_near_identical_rbh	ECB_RS09015	b1740	True
ECB_01710	YP_003044908.1	T1_exact_sequence	ECB_RS09025	b1741	False
ECB_01711	YP_003044909.1	T1_exact_sequence	ECB_RS09030	b1742	False
ECB_01712	YP_003044910.1	T2_near_identical_rbh	ECB_RS09035	b1743	True
ECB_01713	YP_003044911.1	T1_exact_sequence	ECB_RS09040	b1744	False
ECB_01714	YP_003044912.1	T2_near_identical_rbh	ECB_RS09045	b1745	True
ECB_01715	YP_003044913.1	T2_near_identical_rbh	ECB_RS09050	b1746	True
ECB_01716	YP_003044914.1	T1_exact_sequence	ECB_RS09055	b1747	True
ECB_01717	YP_003044915.1	T2_near_identical_rbh	ECB_RS09060	b1748	True
ECB_01718	YP_003044916.1	T1_exact_sequence	ECB_RS09065	b1749	True
ECB_01719	YP_003044917.1	T2_near_identical_rbh	ECB_RS09070	b1750	False
ECB_01721	YP_003044918.1	T2_near_identical_rbh	ECB_RS09080	b1752	False
ECB_01722	YP_003044919.1	T1_exact_sequence	ECB_RS09085	b1753	False
ECB_01723	YP_003044920.1	T1_exact_sequence	ECB_RS09090	b1754	True
ECB_01724	YP_003044921.1	T1_exact_sequence	ECB_RS09095	b1755	False
ECB_01725	YP_003044922.1	T1_exact_sequence	ECB_RS09100	b1756	False
ECB_01726	YP_003044923.1	T2_near_identical_rbh	ECB_RS09105	b1757	True
ECB_01727	YP_003044924.1	T1_exact_sequence	ECB_RS09110	b1758	False
ECB_01728	YP_003044925.1	T1_exact_sequence	ECB_RS09115	b1759	True
ECB_01729	YP_003044926.1	T1_exact_sequence	ECB_RS09120	b1760	False
ECB_01730	YP_003044927.1	T1_exact_sequence	ECB_RS09125	b1761	True
ECB_01731	YP_003044928.1	T1_exact_sequence	ECB_RS09130	b1762	False
ECB_01732	YP_003044929.1	T1_exact_sequence	ECB_RS09135	b1763	False
ECB_01733	YP_003044930.1	T2_near_identical_rbh	ECB_RS09140	b1764	True
ECB_01734	YP_003044931.1	T1_exact_sequence	ECB_RS09150	b1765	True
ECB_01735	YP_003044932.1	T2_near_identical_rbh	ECB_RS09160	b1766	True
ECB_01736	YP_003044933.1	T1_exact_sequence	ECB_RS09165	b1767	True
ECB_01737	YP_003044934.1	T1_exact_sequence	ECB_RS09170	b1768	True
ECB_01738	YP_003044935.1	T2_near_identical_rbh	ECB_RS09175	b1769	False
ECB_01739	YP_003044936.1	T2_near_identical_rbh	ECB_RS09180	b1770	True
ECB_01740	YP_003044937.1	T2_near_identical_rbh	ECB_RS09185	b1771	False
ECB_01741	YP_003044938.1	T2_near_identical_rbh	ECB_RS09190	b1772	False
ECB_01742	YP_003044939.1	T2_near_identical_rbh	ECB_RS09195	b1773	False
ECB_01743	YP_003044940.1	T1_exact_sequence	ECB_RS09200	b1774	False
ECB_01744	YP_003044941.1	T2_near_identical_rbh	ECB_RS09205	b1775	False
ECB_01745	YP_003044942.1	T2_near_identical_rbh	ECB_RS09210	b1776	False
ECB_01746	YP_003044943.1	T2_near_identical_rbh	ECB_RS09215	b1777	True
ECB_01747	YP_003044944.1	T1_exact_sequence	ECB_RS09220	b1778	True
ECB_01748	YP_003044945.1	T1_exact_sequence	ECB_RS09225	b1779	True
ECB_01749	YP_003044946.1	T2_near_identical_rbh	ECB_RS09230	b1780	True
ECB_01750	YP_003044947.1	T1_exact_sequence	ECB_RS09235	b1781	True
ECB_01751	YP_003044948.1	T1_exact_sequence	ECB_RS09240	b1782	True
ECB_01752	YP_003044949.1	T2_near_identical_rbh	ECB_RS09245	b1783	False
ECB_01753	YP_003044950.1	T2_near_identical_rbh	ECB_RS09250	b1784	False
ECB_01754	YP_003044951.1	T2_near_identical_rbh	ECB_RS09255	b1785	False
ECB_01755	YP_003044952.1	T2_near_identical_rbh	ECB_RS09260	b1786	True
ECB_01756	YP_003044953.1	T2_near_identical_rbh	ECB_RS09265	b1787	True
ECB_01757	YP_003044954.1	T1_exact_sequence	ECB_RS09270	b1788	False
ECB_01758	YP_003044955.1	T2_near_identical_rbh	ECB_RS09275	b1789	False
ECB_01759	YP_003044956.1	T2_near_identical_rbh	ECB_RS09280	b1790	False
ECB_01760	YP_003044957.1	T1_exact_sequence	ECB_RS09285	b1791	False
ECB_01761	YP_003044958.1	T2_near_identical_rbh	ECB_RS09290	b1792	True
ECB_01762	YP_003044959.1	T2_near_identical_rbh	ECB_RS09295	b1793	True
ECB_01763	YP_003044960.1	T2_near_identical_rbh	ECB_RS09300	b1794	True
ECB_01764	YP_003044961.1	T1_exact_sequence	ECB_RS09310	b1795	False
ECB_01765	YP_003044962.1	T1_exact_sequence	ECB_RS09315	b1796	False
ECB_01766	YP_003044963.1	current locus is pseudogene	ECB_RS09320		False
ECB_01767	YP_003044964.1	ambiguous (identical paralogs)	ECB_RS09325		False
ECB_01768	YP_003044965.1	T2_near_identical_rbh	ECB_RS09335	b1798	False
ECB_01769	YP_003044966.1	T2_near_identical_rbh	ECB_RS09340	b1799	False
ECB_01770	YP_003044967.1	T2_near_identical_rbh	ECB_RS09345	b1800	False
ECB_01771	YP_003044968.1	current locus is pseudogene	ECB_RS09350		False
ECB_01772	YP_003044969.1	T1_exact_sequence	ECB_RS09355	b1802	False
ECB_01773	YP_003044970.1	T2_near_identical_rbh	ECB_RS09360	b1803	False
ECB_01774	YP_003044971.1	T2_near_identical_rbh	ECB_RS09365	b1804	True
ECB_01775	YP_003044972.1	T1_exact_sequence	ECB_RS09370	b1805	True
ECB_01776	YP_003044973.1	T2_near_identical_rbh	ECB_RS09375	b1806	True
ECB_01777	YP_003044974.1	T2_near_identical_rbh	ECB_RS09380	b1807	True
ECB_01778	YP_003044975.1	T2_near_identical_rbh	ECB_RS09385	b1808	True
ECB_01779	YP_003044976.1	T1_exact_sequence	ECB_RS09390	b1809	True
ECB_01780	YP_003044977.1	T1_exact_sequence	ECB_RS09400	b1810	True
ECB_01781	YP_003044978.1	T1_exact_sequence	ECB_RS09405	b1811	False
ECB_01782	YP_003044979.1	T2_near_identical_rbh	ECB_RS09410	b1812	True
ECB_01783	YP_003044980.1	T2_near_identical_rbh	ECB_RS09415	b1813	False
ECB_01784	YP_003044981.1	T1_exact_sequence	ECB_RS09420	b1814	True
ECB_01785	YP_003044982.1	T1_exact_sequence	ECB_RS09425	b1815	False
ECB_01786	YP_003044983.1	T1_exact_sequence	ECB_RS09430	b1816	True
ECB_01787	YP_003044984.1	T1_exact_sequence	ECB_RS09440	b1817	True
ECB_01788	YP_003044985.1	T1_exact_sequence	ECB_RS09445	b1818	True
ECB_01789	YP_003044986.1	T1_exact_sequence	ECB_RS09450	b1819	True
ECB_01790	YP_003044987.1	T1_exact_sequence	ECB_RS09455	b1820	False
ECB_01791	YP_003044988.1	T1_exact_sequence	ECB_RS09465	b1821	False
ECB_01792	YP_003044989.1	T2_near_identical_rbh	ECB_RS09470	b1822	True
ECB_01793	YP_003044990.1	T1_exact_sequence	ECB_RS09475	b1823	True
ECB_01794	YP_003044991.1	T1_exact_sequence	ECB_RS09480	b1824	False
ECB_01795	YP_003044992.1	T1_exact_sequence	ECB_RS09490	b1825	True
ECB_01796	YP_003044993.1	T1_exact_sequence	ECB_RS09495	b1826	False
ECB_01797	YP_003044994.1	T1_exact_sequence	ECB_RS09500	b4536	False
ECB_01798	YP_003044995.1	T2_near_identical_rbh	ECB_RS09505	b1827	True
ECB_01799	YP_003044996.1	T2_near_identical_rbh	ECB_RS09510	b1828	False
ECB_01800	YP_003044997.1	T2_near_identical_rbh	ECB_RS09515	b1829	True
ECB_01801	YP_003044998.1	T2_near_identical_rbh	ECB_RS09520	b1830	True
ECB_01802	YP_003044999.1	T2_near_identical_rbh	ECB_RS09525	b1831	True
ECB_01803	YP_003045000.1	T2_near_identical_rbh	ECB_RS09530	b1832	True
ECB_01804	YP_003045001.1	T2_near_identical_rbh	ECB_RS09535	b1833	False
ECB_01805	YP_003045002.1	T2_near_identical_rbh	ECB_RS09540	b1834	True
ECB_01806	YP_003045003.1	T2_near_identical_rbh	ECB_RS09545	b1835	True
ECB_01807	YP_003045004.1	T1_exact_sequence	ECB_RS09550	b1836	True
ECB_01808	YP_003045005.1	T2_near_identical_rbh	ECB_RS09555	b1837	False
ECB_01809	YP_003045006.1	T1_exact_sequence	ECB_RS09560	b1838	False
ECB_01810	YP_003045007.1	T2_near_identical_rbh	ECB_RS09570	b1839	True
ECB_01811	YP_003045008.1	T2_near_identical_rbh	ECB_RS09575	b1840	False
ECB_01812	YP_003045009.1	T1_exact_sequence	ECB_RS09580	b1841	True
ECB_01813	YP_003045010.1	T1_exact_sequence	ECB_RS09585	b1842	True
ECB_01814	YP_003045011.1	T2_near_identical_rbh	ECB_RS09590	b1843	False
ECB_01815	YP_003045012.1	T2_near_identical_rbh	ECB_RS09595	b1844	True
ECB_01816	YP_003045013.1	T2_near_identical_rbh	ECB_RS09600	b1845	True
ECB_01817	YP_003045014.1	T2_near_identical_rbh	ECB_RS09605	b1846	True
ECB_01818	YP_003045015.1	T2_near_identical_rbh	ECB_RS09615	b1847	True
ECB_01819	YP_003045016.1	T1_exact_sequence	ECB_RS09620	b1848	True
ECB_01820	YP_003045017.1	T2_near_identical_rbh	ECB_RS09625	b1849	True
ECB_01821	YP_003045018.1	T1_exact_sequence	ECB_RS09630	b1850	True
ECB_01822	YP_003045019.1	T1_exact_sequence	ECB_RS09635	b1851	True
ECB_01823	YP_003045020.1	T2_near_identical_rbh	ECB_RS09640	b1852	True
ECB_01824	YP_003045021.1	T1_exact_sequence	ECB_RS09650	b1853	True
ECB_01825	YP_003045022.1	T1_exact_sequence	ECB_RS09655	b1854	True
ECB_01826	YP_003045023.1	T1_exact_sequence	ECB_RS09660	b1855	True
ECB_01827	YP_003045024.1	T1_exact_sequence	ECB_RS09665	b1856	False
ECB_01828	YP_003045025.1	T1_exact_sequence	ECB_RS09670	b1857	True
ECB_01829	YP_003045026.1	T2_near_identical_rbh	ECB_RS09675	b1858	True
ECB_01830	YP_003045027.1	T2_near_identical_rbh	ECB_RS09680	b1859	False
ECB_01831	YP_003045028.1	T1_exact_sequence	ECB_RS09685	b1860	True
ECB_01832	YP_003045029.1	T2_near_identical_rbh	ECB_RS09690	b1861	True
ECB_01833	YP_003045030.1	T2_near_identical_rbh	ECB_RS09695	b1862	False
ECB_01834	YP_003045031.1	T1_exact_sequence	ECB_RS09700	b1863	False
ECB_01835	YP_003045032.1	T2_near_identical_rbh	ECB_RS09705	b1864	True
ECB_01836	YP_003045033.1	T1_exact_sequence	ECB_RS09710	b1865	False
ECB_01837	YP_003045034.1	T1_exact_sequence	ECB_RS09715	b1866	True
ECB_01838	YP_003045035.1	T1_exact_sequence	ECB_RS09720	b1867	True
ECB_01839	YP_003045036.1	T1_exact_sequence	ECB_RS09725	b1868	False
ECB_01840	YP_003045037.1	T1_exact_sequence	ECB_RS09730	b1869	False
ECB_01841	YP_003045038.1	T2_near_identical_rbh	ECB_RS09735	b1870	True
ECB_01842	YP_003045039.1	T2_near_identical_rbh	ECB_RS09740	b1871	True
ECB_01843	YP_003045040.1	T2_near_identical_rbh	ECB_RS09745	b1872	True
ECB_01844	YP_003045041.1	T2_near_identical_rbh	ECB_RS09750	b1873	False
ECB_01845	YP_003045042.1	ECB_ tag absent from current REL606 annotation			True
ECB_01846	YP_003045043.1	T2_near_identical_rbh	ECB_RS09760	b1875	True
ECB_01847	YP_003045044.1	T1_exact_sequence	ECB_RS09765	b1876	True
ECB_01848	YP_003045045.1	T2_near_identical_rbh	ECB_RS09770	b1877	False
ECB_01849	YP_003045046.1	T1_exact_sequence	ECB_RS09775	b1878	True
ECB_01850	YP_003045047.1	T2_near_identical_rbh	ECB_RS09780	b1879	True
ECB_01851	YP_003045048.1	T2_near_identical_rbh	ECB_RS09785	b1880	True
ECB_01852	YP_003045049.1	T1_exact_sequence	ECB_RS09790	b1881	False
ECB_01853	YP_003045050.1	T1_exact_sequence	ECB_RS09795	b1882	False
ECB_01854	YP_003045051.1	T2_near_identical_rbh	ECB_RS09800	b1883	False
ECB_01855	YP_003045052.1	T2_near_identical_rbh	ECB_RS09805	b1884	False
ECB_01856	YP_003045053.1	T2_near_identical_rbh	ECB_RS09810	b1885	False
ECB_01857	YP_003045054.1	T1_exact_sequence	ECB_RS09815	b1886	False
ECB_01858	YP_003045055.1	T1_exact_sequence	ECB_RS09820	b1887	False
ECB_01859	YP_003045056.1	T2_near_identical_rbh	ECB_RS09825	b1888	False
ECB_01860	YP_003045057.1	T1_exact_sequence	ECB_RS09830	b1889	False
ECB_01861	YP_003045058.1	T1_exact_sequence	ECB_RS09835	b1890	False
ECB_01862	YP_003045059.1	T1_exact_sequence	ECB_RS09840	b1891	True
ECB_01863	YP_003045060.1	T1_exact_sequence	ECB_RS09845	b1892	True
ECB_01864	YP_003045061.1	T2_near_identical_rbh	ECB_RS09850	b1895	False
ECB_01865	YP_003045062.1	T1_exact_sequence	ECB_RS09855	b1896	True
ECB_01866	YP_003045063.1	T1_exact_sequence	ECB_RS09860	b1897	False
ECB_01867	YP_003045064.1	T1_exact_sequence	ECB_RS09865	b4460	False
ECB_01868	YP_003045065.1	T1_exact_sequence	ECB_RS09870	b1900	True
ECB_01869	YP_003045066.1	T1_exact_sequence	ECB_RS09875	b1901	True
ECB_01870	YP_003045067.1	T1_exact_sequence	ECB_RS09880	b1902	False
ECB_01871	YP_003045068.1	T1_exact_sequence	ECB_RS09885	b4537	True
ECB_01872	YP_003045069.1	T2_near_identical_rbh	ECB_RS09895	b1904	True
ECB_01873	YP_003045070.1	T1_exact_sequence	ECB_RS09900	b1905	True
ECB_01874	YP_003045071.1	T2_near_identical_rbh	ECB_RS09905	b1906	False
ECB_01875	YP_003045072.1	T2_near_identical_rbh	ECB_RS09910	b1907	False
ECB_01876	YP_003045073.1	T2_near_identical_rbh	ECB_RS09915	b1908	True
ECB_01877	YP_003045074.1	T1_exact_sequence	ECB_RS09935	b1912	False
ECB_01878	YP_003045075.1	T2_near_identical_rbh	ECB_RS09940	b1913	True
ECB_01879	YP_003045076.1	current locus is pseudogene	ECB_RS09945		False
ECB_01880	YP_003045077.1	ECB_ tag absent from current REL606 annotation			False
ECB_01881	YP_003045078.1	no MG1655 partner (REL606-specific or below threshold)	ECB_RS09950		False
ECB_01882	YP_003045079.1	current locus is pseudogene	ECB_RS09955		False
ECB_01883	YP_003045080.1	T2_near_identical_rbh	ECB_RS09960	b1968	False
ECB_01884	YP_003045081.1	T2_near_identical_rbh	ECB_RS09965	b1969	False
ECB_01885	YP_003045082.1	T2_near_identical_rbh	ECB_RS09970	b1970	False
ECB_01886	YP_003045083.1	T2_near_identical_rbh	ECB_RS09975	b1971	True
ECB_01887	YP_003045084.1	T2_near_identical_rbh	ECB_RS09980	b1972	False
ECB_01888	YP_003045085.1	T2_near_identical_rbh	ECB_RS09985	b1973	True
ECB_01889	YP_003045086.1	T1_exact_sequence	ECB_RS09990	b1974	False
ECB_01890	YP_003045087.1	T2_near_identical_rbh	ECB_RS10005	b1976	True
ECB_01891	YP_003045088.1	T2_near_identical_rbh	ECB_RS10015	b1978	True
ECB_01893	YP_003045089.1	T1_exact_sequence	ECB_RS10025	b1981	True
ECB_01894	YP_003045090.1	T1_exact_sequence	ECB_RS10030	b1982	True
ECB_01895	YP_003045091.1	T1_exact_sequence	ECB_RS10035	b1983	True
ECB_01896	YP_003045092.1	T2_near_identical_rbh	ECB_RS10045	b1985	False
ECB_01897	YP_003045093.1	T1_exact_sequence	ECB_RS10055	b1987	True
ECB_01898	YP_003045094.1	T1_exact_sequence	ECB_RS10060	b1988	False
ECB_01899	YP_003045095.1	T2_near_identical_rbh	ECB_RS10070	b1990	True
ECB_01900	YP_003045096.1	T1_exact_sequence	ECB_RS10075	b1991	True
ECB_01901	YP_003045097.1	T2_near_identical_rbh	ECB_RS10080	b1992	False
ECB_01902	YP_003045098.1	T1_exact_sequence	ECB_RS10085	b1993	False
ECB_01904	YP_003045099.1	current locus is pseudogene	ECB_RS10100		False
ECB_01906	YP_003045100.1	no MG1655 partner (REL606-specific or below threshold)	ECB_RS10120		False
ECB_01907	YP_003045101.1	no MG1655 partner (REL606-specific or below threshold)	ECB_RS10125		False
ECB_01908	YP_003045102.1	ECB_ tag absent from current REL606 annotation			False
ECB_01909	YP_003045103.1	current locus is pseudogene	ECB_RS10135		False
ECB_01910	YP_003045104.1	T1_exact_sequence	ECB_RS10145	b2007	True
ECB_01911	YP_003045105.1	T2_near_identical_rbh	ECB_RS10150	b2008	False
ECB_01912	YP_003045106.1	T2_near_identical_rbh	ECB_RS10155	b2009	True
ECB_01913	YP_003045107.1	T2_near_identical_rbh	ECB_RS10160	b2010	False
ECB_01914	YP_003045108.1	T2_near_identical_rbh	ECB_RS10165	b2011	True
ECB_01915	YP_003045109.1	T2_near_identical_rbh	ECB_RS10170	b2012	True
ECB_01916	YP_003045110.1	T2_near_identical_rbh	ECB_RS10175	b2013	False
ECB_01917	YP_003045111.1	T1_exact_sequence	ECB_RS10180	b2014	False
ECB_01918	YP_003045112.1	T2_near_identical_rbh	ECB_RS10185	b2015	False
ECB_01919	YP_003045113.1	T1_exact_sequence	ECB_RS10190	b2016	True
ECB_01921	YP_003045115.1	T2_near_identical_rbh	ECB_RS10195	b2019	True
ECB_01922	YP_003045116.1	T2_near_identical_rbh	ECB_RS10200	b2020	True
ECB_01923	YP_003045117.1	T2_near_identical_rbh	ECB_RS10205	b2021	True
ECB_01924	YP_003045118.1	T2_near_identical_rbh	ECB_RS10210	b2022	True
ECB_01925	YP_003045119.1	T2_near_identical_rbh	ECB_RS10215	b2023	True
ECB_01926	YP_003045120.1	T2_near_identical_rbh	ECB_RS10220	b2024	True
ECB_01927	YP_003045121.1	T2_near_identical_rbh	ECB_RS10225	b2025	True
ECB_01928	YP_003045122.1	T1_exact_sequence	ECB_RS10230	b2026	True
ECB_01929	YP_003045123.1	T2_near_identical_rbh	ECB_RS10235	b2027	True
ECB_01930	YP_003045124.1	T2_near_identical_rbh	ECB_RS10240	b2028	False
ECB_01931	YP_003045125.1	T2_near_identical_rbh	ECB_RS10245	b2029	True
ECB_01932	YP_003045126.1	no MG1655 partner (REL606-specific or below threshold)	ECB_RS10250		True
ECB_01933	YP_003045127.1	no MG1655 partner (REL606-specific or below threshold)	ECB_RS10255		False
ECB_01934	YP_003045128.1	no MG1655 partner (REL606-specific or below threshold)	ECB_RS10260		False
ECB_01935	YP_003045129.1	ECB_ tag absent from current REL606 annotation			False
ECB_01936	YP_003045130.1	no MG1655 partner (REL606-specific or below threshold)	ECB_RS10265		True
ECB_01937	YP_003045131.1	no MG1655 partner (REL606-specific or below threshold)	ECB_RS10270		True
ECB_01938	YP_003045132.1	no MG1655 partner (REL606-specific or below threshold)	ECB_RS10275		False
ECB_01939	YP_003045133.1	no MG1655 partner (REL606-specific or below threshold)	ECB_RS10280		True
ECB_01940	YP_003045134.1	no MG1655 partner (REL606-specific or below threshold)	ECB_RS10285		True
ECB_01941	YP_003045135.1	no MG1655 partner (REL606-specific or below threshold)	ECB_RS10290		True
ECB_01942	YP_003045136.1	no MG1655 partner (REL606-specific or below threshold)	ECB_RS10295		True
ECB_01943	YP_003045137.1	no MG1655 partner (REL606-specific or below threshold)	ECB_RS10300		False
ECB_01944	YP_003045138.1	T3_divergent_syntenic_rbh	ECB_RS10305	b2038	True
ECB_01945	YP_003045139.1	T2_near_identical_rbh	ECB_RS10310	b2039	True
ECB_01946	YP_003045140.1	T2_near_identical_rbh	ECB_RS10315	b2040	True
ECB_01947	YP_003045141.1	T2_near_identical_rbh	ECB_RS10320	b2041	True
ECB_01948	YP_003045142.1	T1_exact_sequence	ECB_RS10325	b2042	True
ECB_01949	YP_003045143.1	T2_near_identical_rbh	ECB_RS10330	b2043	False
ECB_01950	YP_003045144.1	T2_near_identical_rbh	ECB_RS10335	b2044	False
ECB_01951	YP_003045145.1	T2_near_identical_rbh	ECB_RS10340	b2045	False
ECB_01952	YP_003045146.1	T2_near_identical_rbh	ECB_RS10345	b2046	False
ECB_01953	YP_003045147.1	T2_near_identical_rbh	ECB_RS10350	b2047	False
ECB_01954	YP_003045148.1	T2_near_identical_rbh	ECB_RS10355	b2048	True
ECB_01955	YP_003045149.1	T2_near_identical_rbh	ECB_RS10360	b2049	False
ECB_01956	YP_003045150.1	T2_near_identical_rbh	ECB_RS10365	b2050	True
ECB_01957	YP_003045151.1	T2_near_identical_rbh	ECB_RS10370	b2051	False
ECB_01958	YP_003045152.1	T1_exact_sequence	ECB_RS10375	b2052	False
ECB_01959	YP_003045153.1	T1_exact_sequence	ECB_RS10380	b2053	False
ECB_01960	YP_003045154.1	T2_near_identical_rbh	ECB_RS10385	b2054	False
ECB_01961	YP_003045155.1	T2_near_identical_rbh	ECB_RS10390	b2055	False
ECB_01962	YP_003045156.1	T1_exact_sequence	ECB_RS10395	b2056	False
ECB_01963	YP_003045157.1	T2_near_identical_rbh	ECB_RS10400	b2057	False
ECB_01964	YP_003045158.1	T1_exact_sequence	ECB_RS10405	b2058	False
ECB_01965	YP_003045159.1	T2_near_identical_rbh	ECB_RS10410	b2059	False
ECB_01966	YP_003045160.1	T2_near_identical_rbh	ECB_RS10415	b2060	True
ECB_01967	YP_003045161.1	T1_exact_sequence	ECB_RS10420	b2061	False
ECB_01968	YP_003045162.1	T1_exact_sequence	ECB_RS10425	b2062	False
ECB_01969	YP_003045163.1	T2_near_identical_rbh	ECB_RS10430	b2063	True
ECB_01970	YP_003045164.1	T2_near_identical_rbh	ECB_RS10435	b2064	True
ECB_01971	YP_003045165.1	T2_near_identical_rbh	ECB_RS10440	b2065	True
ECB_01972	YP_003045166.1	T1_exact_sequence	ECB_RS10445	b2066	True
ECB_01973	YP_003045167.1	T2_near_identical_rbh	ECB_RS10450	b2067	True
ECB_01974	YP_003045168.1	T2_near_identical_rbh	ECB_RS10455	b2068	False
ECB_01975	YP_003045169.1	T2_near_identical_rbh	ECB_RS10460	b2069	True
ECB_01976	YP_003045170.1	T2_near_identical_rbh	ECB_RS10465	b2070	False
ECB_01977	YP_003045171.1	T2_near_identical_rbh	ECB_RS10470	b2072	False
ECB_01978	YP_003045172.1	T2_near_identical_rbh	ECB_RS10475	b2073	False
ECB_01979	YP_003045173.1	T2_near_identical_rbh	ECB_RS10480	b2074	False
ECB_01980	YP_003045174.1	T2_near_identical_rbh	ECB_RS10485	b2075	False
ECB_01981	YP_003045175.1	T2_near_identical_rbh	ECB_RS10490	b2076	False
ECB_01982	YP_003045176.1	T1_exact_sequence	ECB_RS10495	b2077	False
ECB_01983	YP_003045177.1	T1_exact_sequence	ECB_RS10500	b2078	True
ECB_01984	YP_003045178.1	T1_exact_sequence	ECB_RS10505	b2079	True
ECB_01985	YP_003045179.1	T2_near_identical_rbh	ECB_RS10510	b2080	False
ECB_01986	YP_003045180.1	T2_near_identical_rbh	ECB_RS10515	b2081	True
ECB_01987	YP_003045181.1	T2_near_identical_rbh	ECB_RS23805	b2082	False
ECB_01988	YP_003045182.1	ECB_ tag absent from current REL606 annotation			False
ECB_01989	YP_003045183.1	no MG1655 partner (REL606-specific or below threshold)	ECB_RS10535		False
ECB_01990	YP_003045184.1	ECB_ tag absent from current REL606 annotation			False
ECB_01991	YP_003045185.1	ECB_ tag absent from current REL606 annotation			False
ECB_01992	YP_003045186.1	no MG1655 partner (REL606-specific or below threshold)	ECB_RS23820		False
ECB_01993	YP_003045187.1	no MG1655 partner (REL606-specific or below threshold)	ECB_RS10540		False
ECB_01994	YP_003045188.1	no MG1655 partner (REL606-specific or below threshold)	ECB_RS10545		False
ECB_01995	YP_003045189.1	no MG1655 partner (REL606-specific or below threshold)	ECB_RS10550		False
ECB_01996	YP_003045190.1	no MG1655 partner (REL606-specific or below threshold)	ECB_RS10555		False
ECB_01997	YP_003045191.1	no MG1655 partner (REL606-specific or below threshold)	ECB_RS10560		False
ECB_01998	YP_003045192.1	no MG1655 partner (REL606-specific or below threshold)	ECB_RS10565		False
ECB_01999	YP_003045193.1	no MG1655 partner (REL606-specific or below threshold)	ECB_RS10570		False
ECB_02000	YP_003045194.1	current locus is pseudogene	ECB_RS10580		False
ECB_02001	YP_003045195.1	no MG1655 partner (REL606-specific or below threshold)	ECB_RS10585		False
ECB_02002	YP_003045196.1	no MG1655 partner (REL606-specific or below threshold)	ECB_RS10590		False
ECB_02003	YP_003045197.1	no MG1655 partner (REL606-specific or below threshold)	ECB_RS10595		True
ECB_02004	YP_003045198.1	no MG1655 partner (REL606-specific or below threshold)	ECB_RS10600		True
ECB_02005	YP_003045199.1	no MG1655 partner (REL606-specific or below threshold)	ECB_RS10605		False
ECB_02006	YP_003045200.1	no MG1655 partner (REL606-specific or below threshold)	ECB_RS10610		False
ECB_02007	YP_003045201.1	no MG1655 partner (REL606-specific or below threshold)	ECB_RS10615		False
ECB_02008	YP_003045202.1	no MG1655 partner (REL606-specific or below threshold)	ECB_RS10620		False
ECB_02009	YP_003045203.1	no MG1655 partner (REL606-specific or below threshold)	ECB_RS10625		False
ECB_02010	YP_003045204.1	no MG1655 partner (REL606-specific or below threshold)	ECB_RS10630		False
ECB_02011	YP_003045205.1	no MG1655 partner (REL606-specific or below threshold)	ECB_RS10635		True
ECB_02012	YP_003045206.1	no MG1655 partner (REL606-specific or below threshold)	ECB_RS10640		False
ECB_02013	YP_003045207.1	ECB_ tag absent from current REL606 annotation			False
ECB_02014	YP_003045208.1	T1_exact_sequence	ECB_RS10650	b2085	False
ECB_02015	YP_003045209.1	T2_near_identical_rbh	ECB_RS10655	b2086	False
ECB_02016	YP_003045210.1	no MG1655 partner (REL606-specific or below threshold)	ECB_RS10660		True
ECB_02017	YP_003045211.1	T1_exact_sequence	ECB_RS10665	b2091	False
ECB_02018	YP_003045212.1	no MG1655 partner (REL606-specific or below threshold)	ECB_RS10670		False
ECB_02019	YP_003045213.1	T2_near_identical_rbh	ECB_RS10675	b2093	False
ECB_02020	YP_003045214.1	T2_near_identical_rbh	ECB_RS10680	b2094	False
ECB_02022	YP_003045215.1	ECB_ tag absent from current REL606 annotation			False
ECB_02023	YP_003045216.1	no MG1655 partner (REL606-specific or below threshold)	ECB_RS10685		False
ECB_02024	YP_003045217.1	T2_near_identical_rbh	ECB_RS10695	b2096	False
ECB_02025	YP_003045218.1	T1_exact_sequence	ECB_RS10700	b2097	True
ECB_02026	YP_003045219.1	T2_near_identical_rbh	ECB_RS10705	b2098	False
ECB_02027	YP_003045220.1	T2_near_identical_rbh	ECB_RS10710	b2099	True
ECB_02028	YP_003045221.1	T2_near_identical_rbh	ECB_RS10715	b2100	False
ECB_02029	YP_003045222.1	T1_exact_sequence	ECB_RS10720	b2101	True
ECB_02030	YP_003045223.1	T2_near_identical_rbh	ECB_RS10725	b2102	False
ECB_02031	YP_003045224.1	T2_near_identical_rbh	ECB_RS10730	b2103	True
ECB_02032	YP_003045225.1	T1_exact_sequence	ECB_RS10735	b2104	True
ECB_02033	YP_003045226.1	no MG1655 partner (REL606-specific or below threshold)	ECB_RS10740		True
ECB_02034	YP_003045227.1	no MG1655 partner (REL606-specific or below threshold)	ECB_RS10745		False
ECB_02035	YP_003045228.1	no MG1655 partner (REL606-specific or below threshold)	ECB_RS10750		False
ECB_02036	YP_003045229.1	no MG1655 partner (REL606-specific or below threshold)	ECB_RS10755		False
ECB_02037	YP_003045230.1	ECB_ tag absent from current REL606 annotation			False
ECB_02038	YP_003045231.1	ECB_ tag absent from current REL606 annotation			False
ECB_02039	YP_003045232.1	ECB_ tag absent from current REL606 annotation			False
ECB_02040	YP_003045233.1	no MG1655 partner (REL606-specific or below threshold)	ECB_RS10760		False
ECB_02041	YP_003045234.1	ECB_ tag absent from current REL606 annotation			False
ECB_02042	YP_003045235.1	current locus is pseudogene	ECB_RS10765		False
ECB_02043	YP_003045236.1	T1_exact_sequence	ECB_RS10770	b2113	True
ECB_02044	YP_003045237.1	T2_near_identical_rbh	ECB_RS10775	b2114	True
ECB_02045	YP_003045238.1	no MG1655 partner (REL606-specific or below threshold)	ECB_RS10780		True
ECB_02046	YP_003045239.1	T2_near_identical_rbh	ECB_RS10785	b2118	False
ECB_02047	YP_003045240.1	T1_exact_sequence	ECB_RS10790	b4541	False
ECB_02048	YP_003045241.1	T2_near_identical_rbh	ECB_RS10795	b2119	False
ECB_02049	YP_003045242.1	T2_near_identical_rbh	ECB_RS10800	b2120	False
ECB_02050	YP_003045243.1	T2_near_identical_rbh	ECB_RS10805	b2121	False
ECB_02051	YP_003045244.1	T2_near_identical_rbh	ECB_RS10810	b2122	False
ECB_02052	YP_003045245.1	T2_near_identical_rbh	ECB_RS10815	b2123	False
ECB_02053	YP_003045246.1	T2_near_identical_rbh	ECB_RS10820	b2124	True
ECB_02054	YP_003045247.1	T1_exact_sequence	ECB_RS10825	b2125	True
ECB_02055	YP_003045248.1	T2_near_identical_rbh	ECB_RS10830	b2126	False
ECB_02056	YP_003045249.1	T2_near_identical_rbh	ECB_RS10835	b2127	False
ECB_02057	YP_003045250.1	T2_near_identical_rbh	ECB_RS10840	b4542	False
ECB_02058	YP_003045251.1	T2_near_identical_rbh	ECB_RS10845	b2128	False
ECB_02059	YP_003045252.1	T2_near_identical_rbh	ECB_RS10850	b2129	False
ECB_02060	YP_003045253.1	T2_near_identical_rbh	ECB_RS10855	b2130	False
ECB_02061	YP_003045254.1	T1_exact_sequence	ECB_RS10860	b2131	False
ECB_02062	YP_003045255.1	T2_near_identical_rbh	ECB_RS10865	b2132	True
ECB_02063	YP_003045256.1	T1_exact_sequence	ECB_RS10870	b2133	True
ECB_02064	YP_003045257.1	T1_exact_sequence	ECB_RS10875	b2134	True
ECB_02065	YP_003045258.1	T2_near_identical_rbh	ECB_RS10880	b2135	False
ECB_02066	YP_003045259.1	T1_exact_sequence	ECB_RS10885	b2136	False
ECB_02067	YP_003045260.1	T1_exact_sequence	ECB_RS10890	b2137	False
ECB_02068	YP_003045261.1	no MG1655 partner (REL606-specific or below threshold)	ECB_RS10895		False
ECB_02069	YP_003045262.1	T1_exact_sequence	ECB_RS10905	b2140	False
ECB_02070	YP_003045263.1	T1_exact_sequence	ECB_RS10910	b2141	False
ECB_02071	YP_003045264.1	T1_exact_sequence	ECB_RS10915	b2142	False
ECB_02072	YP_003045265.1	T1_exact_sequence	ECB_RS10920	b2143	True
ECB_02073	YP_003045266.1	T1_exact_sequence	ECB_RS10925	b2144	False
ECB_02074	YP_003045267.1	T1_exact_sequence	ECB_RS10930	b2145	False
ECB_02075	YP_003045268.1	T1_exact_sequence	ECB_RS10935	b2146	False
ECB_02076	YP_003045269.1	T1_exact_sequence	ECB_RS10940	b2147	False
ECB_02077	YP_003045270.1	T1_exact_sequence	ECB_RS10945	b2148	True
ECB_02078	YP_003045271.1	T2_near_identical_rbh	ECB_RS10950	b2149	True
ECB_02079	YP_003045272.1	T1_exact_sequence	ECB_RS10955	b2150	True
ECB_02080	YP_003045273.1	T2_near_identical_rbh	ECB_RS10960	b2151	True
ECB_02081	YP_003045274.1	T2_near_identical_rbh	ECB_RS10970	b2152	False
ECB_02082	YP_003045275.1	T1_exact_sequence	ECB_RS10975	b2153	True
ECB_02083	YP_003045276.1	T1_exact_sequence	ECB_RS10985	b2154	True
ECB_02084	YP_003045277.1	T2_near_identical_rbh	ECB_RS10990	b2155	True
ECB_02085	YP_003045278.1	T1_exact_sequence	ECB_RS10995	b2156	True
ECB_02086	YP_003045279.1	T1_exact_sequence	ECB_RS11000	b2157	True
ECB_02087	YP_003045280.1	T1_exact_sequence	ECB_RS11005	b2158	False
ECB_02088	YP_003045281.1	T2_near_identical_rbh	ECB_RS11010	b2159	True
ECB_02089	YP_003045282.1	T2_near_identical_rbh	ECB_RS11015	b2160	False
ECB_02090	YP_003045283.1	T2_near_identical_rbh	ECB_RS11020	b2161	False
ECB_02091	YP_003045284.1	T2_near_identical_rbh	ECB_RS11025	b2162	False
ECB_02092	YP_003045285.1	T2_near_identical_rbh	ECB_RS11030	b2163	False
ECB_02093	YP_003045286.1	T2_near_identical_rbh	ECB_RS11035	b2164	False
ECB_02094	YP_003045287.1	T2_near_identical_rbh	ECB_RS11040	b2165	False
ECB_02095	YP_003045288.1	T2_near_identical_rbh	ECB_RS11045	b2166	False
ECB_02096	YP_003045289.1	T2_near_identical_rbh	ECB_RS11050	b2167	True
ECB_02097	YP_003045290.1	T1_exact_sequence	ECB_RS11055	b2168	True
ECB_02098	YP_003045291.1	T2_near_identical_rbh	ECB_RS11060	b2169	True
ECB_02099	YP_003045292.1	T2_near_identical_rbh	ECB_RS11065	b2170	False
ECB_02100	YP_003045293.1	T1_exact_sequence	ECB_RS11070	b4502	False
ECB_02101	YP_003045294.1	T1_exact_sequence	ECB_RS11075	b2171	True
ECB_02102	YP_003045295.1	T1_exact_sequence	ECB_RS11080	b2172	False
ECB_02103	YP_003045296.1	T2_near_identical_rbh	ECB_RS11085	b2173	True
ECB_02104	YP_003045297.1	T2_near_identical_rbh	ECB_RS11090	b2174	True
ECB_02105	YP_003045298.1	T1_exact_sequence	ECB_RS11095	b2175	True
ECB_02106	YP_003045299.1	T2_near_identical_rbh	ECB_RS11100	b2176	True
ECB_02107	YP_003045300.1	T2_near_identical_rbh	ECB_RS11105	b2177	True
ECB_02108	YP_003045301.1	T1_exact_sequence	ECB_RS11110	b2178	False
ECB_02109	YP_003045302.1	T2_near_identical_rbh	ECB_RS11115	b2179	False
ECB_02110	YP_003045303.1	T2_near_identical_rbh	ECB_RS11120	b2180	True
ECB_02111	YP_003045304.1	T2_near_identical_rbh	ECB_RS11125	b2181	True
ECB_02112	YP_003045305.1	T1_exact_sequence	ECB_RS11130	b2182	False
ECB_02113	YP_003045306.1	T1_exact_sequence	ECB_RS11135	b2183	True
ECB_02114	YP_003045307.1	T1_exact_sequence	ECB_RS11140	b2184	True
ECB_02115	YP_003045308.1	T1_exact_sequence	ECB_RS11145	b2185	True
ECB_02116	YP_003045309.1	T2_near_identical_rbh	ECB_RS11150	b2186	True
ECB_02117	YP_003045310.1	T1_exact_sequence	ECB_RS11155	b2187	True
ECB_02118	YP_003045311.1	T1_exact_sequence	ECB_RS11160	b2188	True
ECB_02119	YP_003045312.1	excluded_weak_rbh	ECB_RS11170		False
ECB_02120	YP_003045313.1	T2_near_identical_rbh	ECB_RS11180	b2193	True
ECB_02121	YP_003045314.1	T2_near_identical_rbh	ECB_RS11185	b2194	False
ECB_02122	YP_003045315.1	T1_exact_sequence	ECB_RS11190	b2195	True
ECB_02123	YP_003045316.1	T1_exact_sequence	ECB_RS11195	b2196	False
ECB_02124	YP_003045317.1	T1_exact_sequence	ECB_RS11200	b2197	True
ECB_02125	YP_003045318.1	T1_exact_sequence	ECB_RS11205	b2198	False
ECB_02126	YP_003045319.1	T1_exact_sequence	ECB_RS11210	b2199	False
ECB_02127	YP_003045320.1	T1_exact_sequence	ECB_RS11215	b2200	False
ECB_02128	YP_003045321.1	T1_exact_sequence	ECB_RS11220	b2201	False
ECB_02129	YP_003045322.1	T1_exact_sequence	ECB_RS11225	b2202	False
ECB_02130	YP_003045323.1	T2_near_identical_rbh	ECB_RS11230	b2203	False
ECB_02131	YP_003045324.1	T1_exact_sequence	ECB_RS11235	b2204	False
ECB_02132	YP_003045325.1	T1_exact_sequence	ECB_RS11240	b2205	False
ECB_02133	YP_003045326.1	T2_near_identical_rbh	ECB_RS11245	b2206	True
ECB_02134	YP_003045327.1	T1_exact_sequence	ECB_RS11250	b2207	False
ECB_02135	YP_003045328.1	T2_near_identical_rbh	ECB_RS11255	b2208	False
ECB_02136	YP_003045329.1	T2_near_identical_rbh	ECB_RS11265	b2209	True
ECB_02137	YP_003045330.1	T2_near_identical_rbh	ECB_RS11270	b2210	True
ECB_02138	YP_003045331.1	T1_exact_sequence	ECB_RS11275	b2211	False
ECB_02139	YP_003045332.1	T2_near_identical_rbh	ECB_RS11280	b2212	False
ECB_02140	YP_003045333.1	T2_near_identical_rbh	ECB_RS11285	b2213	False
ECB_02141	YP_003045334.1	T1_exact_sequence	ECB_RS11290	b2214	False
ECB_02142	YP_003045335.1	current locus is pseudogene	ECB_RS11295		False
ECB_02143	YP_003045336.1	no MG1655 partner (REL606-specific or below threshold)	ECB_RS25510		False
ECB_02144	YP_003045337.1	ECB_ tag absent from current REL606 annotation			False
ECB_02145	YP_003045338.1	T2_near_identical_rbh	ECB_RS11305	b2218	True
ECB_02146	YP_003045339.1	T2_near_identical_rbh	ECB_RS11310	b2219	False
ECB_02147	YP_003045340.1	T1_exact_sequence	ECB_RS11315	b2220	True
ECB_02148	YP_003045341.1	T1_exact_sequence	ECB_RS11320	b2221	False
ECB_02149	YP_003045342.1	T1_exact_sequence	ECB_RS11325	b2222	False
ECB_02150	YP_003045343.1	T1_exact_sequence	ECB_RS11330	b2223	False
ECB_02151	YP_003045344.1	T1_exact_sequence	ECB_RS11335	b2224	False
ECB_02152	YP_003045345.1	T1_exact_sequence	ECB_RS11340	b2225	False
ECB_02153	YP_003045346.1	T1_exact_sequence	ECB_RS11345	b2226	False
ECB_02154	YP_003045347.1	no MG1655 partner (REL606-specific or below threshold)	ECB_RS11350		True
ECB_02155	YP_003045348.1	T2_near_identical_rbh	ECB_RS11355	b2229	False
ECB_02156	YP_003045349.1	T2_near_identical_rbh	ECB_RS11360	b2230	True
ECB_02157	YP_003045350.1	T2_near_identical_rbh	ECB_RS11365	b2231	True
ECB_02158	YP_003045351.1	T2_near_identical_rbh	ECB_RS11370	b2232	True
ECB_02159	YP_003045352.1	T2_near_identical_rbh	ECB_RS11375	b2233	False
ECB_02160	YP_003045353.1	T1_exact_sequence	ECB_RS11385	b2234	True
ECB_02161	YP_003045354.1	T2_near_identical_rbh	ECB_RS11390	b2235	True
ECB_02162	YP_003045355.1	T1_exact_sequence	ECB_RS11395	b2236	False
ECB_02163	YP_003045356.1	T1_exact_sequence	ECB_RS11400	b2237	False
ECB_02164	YP_003045357.1	current locus is pseudogene	ECB_RS11405		False
ECB_02165	YP_003045358.1	T2_near_identical_rbh	ECB_RS11410	b2239	True
ECB_02166	YP_003045359.1	T2_near_identical_rbh	ECB_RS11415	b2240	False
ECB_02167	YP_003045360.1	T1_exact_sequence	ECB_RS11420	b2241	True
ECB_02168	YP_003045361.1	T2_near_identical_rbh	ECB_RS11425	b2242	True
ECB_02169	YP_003045362.1	T2_near_identical_rbh	ECB_RS11430	b2243	True
ECB_02170	YP_003045363.1	T2_near_identical_rbh	ECB_RS11435	b2244	False
ECB_02171	YP_003045364.1	T1_exact_sequence	ECB_RS11440	b2245	False
ECB_02172	YP_003045365.1	T2_near_identical_rbh	ECB_RS11445	b2246	False
ECB_02173	YP_003045366.1	T1_exact_sequence	ECB_RS11450	b2247	False
ECB_02174	YP_003045367.1	T1_exact_sequence	ECB_RS11455	b2248	False
ECB_02175	YP_003045368.1	T1_exact_sequence	ECB_RS11460	b2249	True
ECB_02176	YP_003045369.1	T1_exact_sequence	ECB_RS11465	b2250	False
ECB_02177	YP_003045370.1	T1_exact_sequence	ECB_RS11470	b2251	False
ECB_02178	YP_003045371.1	T2_near_identical_rbh	ECB_RS11475	b2252	False
ECB_02179	YP_003045372.1	T2_near_identical_rbh	ECB_RS11480	b2253	False
ECB_02180	YP_003045373.1	T1_exact_sequence	ECB_RS11485	b2254	False
ECB_02181	YP_003045374.1	T1_exact_sequence	ECB_RS11490	b2255	False
ECB_02182	YP_003045375.1	T1_exact_sequence	ECB_RS11495	b2256	True
ECB_02183	YP_003045376.1	T1_exact_sequence	ECB_RS11500	b2257	False
ECB_02184	YP_003045377.1	T1_exact_sequence	ECB_RS11505	b4544	False
ECB_02185	YP_003045378.1	T1_exact_sequence	ECB_RS11510	b2258	False
ECB_02186	YP_003045379.1	T1_exact_sequence	ECB_RS11515	b2259	True
ECB_02187	YP_003045380.1	T1_exact_sequence	ECB_RS11520	b2260	False
ECB_02188	YP_003045381.1	T1_exact_sequence	ECB_RS11525	b2261	True
ECB_02189	YP_003045382.1	T1_exact_sequence	ECB_RS11530	b2262	True
ECB_02190	YP_003045383.1	T1_exact_sequence	ECB_RS11535	b2263	False
ECB_02191	YP_003045384.1	T1_exact_sequence	ECB_RS11540	b2264	False
ECB_02192	YP_003045385.1	T1_exact_sequence	ECB_RS11545	b2265	True
ECB_02193	YP_003045386.1	T1_exact_sequence	ECB_RS11550	b2266	True
ECB_02194	YP_003045387.1	T1_exact_sequence	ECB_RS11555	b2267	True
ECB_02195	YP_003045388.1	T1_exact_sequence	ECB_RS11560	b2268	True
ECB_02196	YP_003045389.1	T2_near_identical_rbh	ECB_RS11565	b2269	True
ECB_02198	YP_003045390.1	T2_near_identical_rbh	ECB_RS11575	b2272	False
ECB_02199	YP_003045391.1	ECB_ tag absent from current REL606 annotation			False
ECB_02200	YP_003045392.1	ECB_ tag absent from current REL606 annotation			False
ECB_02201	YP_003045393.1	T1_exact_sequence	ECB_RS11590	b2276	False
ECB_02202	YP_003045394.1	T1_exact_sequence	ECB_RS11595	b2277	False
ECB_02203	YP_003045395.1	T2_near_identical_rbh	ECB_RS11600	b2278	False
ECB_02204	YP_003045396.1	T1_exact_sequence	ECB_RS11605	b2279	True
ECB_02205	YP_003045397.1	T1_exact_sequence	ECB_RS11610	b2280	False
ECB_02206	YP_003045398.1	T1_exact_sequence	ECB_RS11615	b2281	True
ECB_02207	YP_003045399.1	T1_exact_sequence	ECB_RS11620	b2282	True
ECB_02208	YP_003045400.1	T2_near_identical_rbh	ECB_RS11625	b2283	True
ECB_02209	YP_003045401.1	T1_exact_sequence	ECB_RS11630	b2284	True
ECB_02210	YP_003045402.1	T1_exact_sequence	ECB_RS11635	b2285	True
ECB_02211	YP_003045403.1	T2_near_identical_rbh	ECB_RS11640	b2286	True
ECB_02212	YP_003045404.1	T1_exact_sequence	ECB_RS11645	b2287	True
ECB_02213	YP_003045405.1	T1_exact_sequence	ECB_RS11650	b2288	True
ECB_02214	YP_003045406.1	T2_near_identical_rbh	ECB_RS11655	b2289	True
ECB_02215	YP_003045407.1	T1_exact_sequence	ECB_RS11660	b2290	True
ECB_02216	YP_003045408.1	T2_near_identical_rbh	ECB_RS11665	b2291	True
ECB_02217	YP_003045409.1	T1_exact_sequence	ECB_RS11670	b2292	False
ECB_02218	YP_003045410.1	T1_exact_sequence	ECB_RS11675	b2293	True
ECB_02219	YP_003045411.1	T1_exact_sequence	ECB_RS11680	b2294	True
ECB_02220	YP_003045412.1	T1_exact_sequence	ECB_RS11685	b2295	False
ECB_02221	YP_003045413.1	T1_exact_sequence	ECB_RS11695	b2296	True
ECB_02222	YP_003045414.1	T1_exact_sequence	ECB_RS11700	b2297	True
ECB_02223	YP_003045415.1	T2_near_identical_rbh	ECB_RS11705	b2298	False
ECB_02224	YP_003045416.1	T1_exact_sequence	ECB_RS11710	b2299	True
ECB_02225	YP_003045417.1	T2_near_identical_rbh	ECB_RS11715	b2300	True
ECB_02226	YP_003045418.1	T2_near_identical_rbh	ECB_RS11720	b2301	True
ECB_02227	YP_003045419.1	T1_exact_sequence	ECB_RS11725	b2302	False
ECB_02228	YP_003045420.1	T1_exact_sequence	ECB_RS11730	b2303	True
ECB_02229	YP_003045421.1	T1_exact_sequence	ECB_RS11735	b2304	True
ECB_02230	YP_003045422.1	T2_near_identical_rbh	ECB_RS11740	b2305	False
ECB_02231	YP_003045423.1	T1_exact_sequence	ECB_RS11745	b2306	True
ECB_02232	YP_003045424.1	T1_exact_sequence	ECB_RS11750	b2307	False
ECB_02233	YP_003045425.1	T1_exact_sequence	ECB_RS11755	b2308	True
ECB_02234	YP_003045426.1	T1_exact_sequence	ECB_RS11760	b2309	True
ECB_02235	YP_003045427.1	T1_exact_sequence	ECB_RS11765	b2310	True
ECB_02236	YP_003045428.1	T1_exact_sequence	ECB_RS11770	b2311	True
ECB_02237	YP_003045429.1	T1_exact_sequence	ECB_RS11775	b2312	True
ECB_02238	YP_003045430.1	T2_near_identical_rbh	ECB_RS11780	b2313	False
ECB_02239	YP_003045431.1	T1_exact_sequence	ECB_RS11785	b2314	True
ECB_02240	YP_003045432.1	T1_exact_sequence	ECB_RS11790	b2315	True
ECB_02241	YP_003045433.1	T1_exact_sequence	ECB_RS11795	b2316	True
ECB_02242	YP_003045434.1	T1_exact_sequence	ECB_RS11800	b2317	False
ECB_02243	YP_003045435.1	T2_near_identical_rbh	ECB_RS11805	b2318	True
ECB_02244	YP_003045436.1	T1_exact_sequence	ECB_RS11810	b2319	True
ECB_02245	YP_003045437.1	T2_near_identical_rbh	ECB_RS11815	b2320	True
ECB_02246	YP_003045438.1	T1_exact_sequence	ECB_RS11820	b2321	True
ECB_02247	YP_003045439.1	T2_near_identical_rbh	ECB_RS11825	b2322	False
ECB_02248	YP_003045440.1	T1_exact_sequence	ECB_RS11830	b2323	True
ECB_02249	YP_003045441.1	T2_near_identical_rbh	ECB_RS11835	b2324	False
ECB_02250	YP_003045442.1	T1_exact_sequence	ECB_RS11840	b2325	True
ECB_02251	YP_003045443.1	T2_near_identical_rbh	ECB_RS11845	b2326	True
ECB_02252	YP_003045444.1	T1_exact_sequence	ECB_RS11850	b2327	False
ECB_02253	YP_003045445.1	T2_near_identical_rbh	ECB_RS11855	b2328	True
ECB_02254	YP_003045446.1	T2_near_identical_rbh	ECB_RS11860	b2329	True
ECB_02255	YP_003045447.1	T2_near_identical_rbh	ECB_RS11865	b2330	True
ECB_02256	YP_003045448.1	T2_near_identical_rbh	ECB_RS11870	b2331	True
ECB_02257	YP_003045449.1	excluded_weak_rbh	ECB_RS11875		False
ECB_02258	YP_003045450.1	T3_divergent_syntenic_rbh	ECB_RS11880	b2333	False
ECB_02259	YP_003045451.1	T3_divergent_syntenic_rbh	ECB_RS11885	b2334	False
ECB_02260	YP_003045452.1	T3_divergent_syntenic_rbh	ECB_RS11890	b2335	False
ECB_02261	YP_003045453.1	T2_near_identical_rbh	ECB_RS11895	b2336	False
ECB_02262	YP_003045454.1	no MG1655 partner (REL606-specific or below threshold)	ECB_RS11900		False
ECB_02263	YP_003045455.1	T1_exact_sequence	ECB_RS11905	b2339	False
ECB_02264	YP_003045456.1	T1_exact_sequence	ECB_RS11910	b2340	True
ECB_02265	YP_003045457.1	T2_near_identical_rbh	ECB_RS11915	b2341	True
ECB_02266	YP_003045458.1	T1_exact_sequence	ECB_RS11920	b2342	True
ECB_02267	YP_003045459.1	T1_exact_sequence	ECB_RS11925	b2343	True
ECB_02268	YP_003045460.1	T1_exact_sequence	ECB_RS11930	b2344	True
ECB_02270	YP_003045461.1	no MG1655 partner (REL606-specific or below threshold)	ECB_RS23940		False
ECB_02271	YP_003045462.1	ECB_ tag absent from current REL606 annotation			False
ECB_02272	YP_003045463.1	T2_near_identical_rbh	ECB_RS11950	b2346	True
ECB_02273	YP_003045464.1	T2_near_identical_rbh	ECB_RS11955	b2347	False
ECB_02274	YP_003045465.1	T2_near_identical_rbh	ECB_RS11965	b2364	False
ECB_02275	YP_003045466.1	T1_exact_sequence	ECB_RS11970	b2365	False
ECB_02276	YP_003045467.1	T2_near_identical_rbh	ECB_RS11975	b2366	True
ECB_02277	YP_003045468.1	T2_near_identical_rbh	ECB_RS11980	b2367	False
ECB_02278	YP_003045469.1	T1_exact_sequence	ECB_RS11985	b2368	False
ECB_02279	YP_003045470.1	T1_exact_sequence	ECB_RS11990	b2369	False
ECB_02280	YP_003045471.1	T1_exact_sequence	ECB_RS11995	b2370	True
ECB_02281	YP_003045472.1	T1_exact_sequence	ECB_RS12000	b2371	False
ECB_02282	YP_003045473.1	T2_near_identical_rbh	ECB_RS12005	b2372	False
ECB_02283	YP_003045474.1	T1_exact_sequence	ECB_RS12010	b2373	False
ECB_02284	YP_003045475.1	T1_exact_sequence	ECB_RS12015	b2374	False
ECB_02285	YP_003045476.1	T2_near_identical_rbh	ECB_RS12020	b2375	False
ECB_02286	YP_003045477.1	T2_near_identical_rbh	ECB_RS12025	b2376	False
ECB_02287	YP_003045478.1	T2_near_identical_rbh	ECB_RS12035	b2377	False
ECB_02288	YP_003045479.1	T1_exact_sequence	ECB_RS12040	b2378	False
ECB_02289	YP_003045480.1	T1_exact_sequence	ECB_RS12045	b2379	True
ECB_02290	YP_003045481.1	T1_exact_sequence	ECB_RS12050	b2380	False
ECB_02291	YP_003045482.1	T1_exact_sequence	ECB_RS12055	b2381	True
ECB_02292	YP_003045483.1	T2_near_identical_rbh	ECB_RS12060	b2382	False
ECB_02293	YP_003045484.1	T2_near_identical_rbh	ECB_RS12065	b2383	False
ECB_02294	YP_003045485.1	T2_near_identical_rbh	ECB_RS12070	b2384	False
ECB_02295	YP_003045486.1	T2_near_identical_rbh	ECB_RS12075	b2385	False
ECB_02296	YP_003045487.1	T1_exact_sequence	ECB_RS12080	b2386	False
ECB_02297	YP_003045488.1	T1_exact_sequence	ECB_RS12085	b2387	False
ECB_02298	YP_003045489.1	T1_exact_sequence	ECB_RS12090	b2388	True
ECB_02299	YP_003045490.1	T1_exact_sequence	ECB_RS12095	b2389	False
ECB_02300	YP_003045491.1	T1_exact_sequence	ECB_RS12100	b2390	False
ECB_02301	YP_003045492.1	T2_near_identical_rbh	ECB_RS12110	b2392	False
ECB_02302	YP_003045493.1	T1_exact_sequence	ECB_RS12115	b2393	False
ECB_02303	YP_003045494.1	T2_near_identical_rbh	ECB_RS12120	b2395	False
ECB_02304	YP_003045495.1	T2_near_identical_rbh	ECB_RS12135	b2398	True
ECB_02305	YP_003045496.1	T2_near_identical_rbh	ECB_RS12140	b2399	False
ECB_02306	YP_003045497.1	T1_exact_sequence	ECB_RS12145	b2400	True
ECB_02307	YP_003045498.1	no MG1655 partner (REL606-specific or below threshold)	ECB_RS12170		False
ECB_02308	YP_003045499.1	T2_near_identical_rbh	ECB_RS12175	b2409	False
ECB_02309	YP_003045500.1	T1_exact_sequence	ECB_RS12180	b2410	False
ECB_02310	YP_003045501.1	T1_exact_sequence	ECB_RS12185	b4546	False
ECB_02311	YP_003045502.1	T2_near_identical_rbh	ECB_RS12190	b2411	True
ECB_02312	YP_003045503.1	T2_near_identical_rbh	ECB_RS12195	b2412	True
ECB_02313	YP_003045504.1	T1_exact_sequence	ECB_RS12200	b2413	False
ECB_02314	YP_003045505.1	T1_exact_sequence	ECB_RS12205	b2414	True
ECB_02315	YP_003045506.1	T1_exact_sequence	ECB_RS12210	b2415	True
ECB_02316	YP_003045507.1	T2_near_identical_rbh	ECB_RS12215	b2416	True
ECB_02317	YP_003045508.1	T1_exact_sequence	ECB_RS12220	b2417	True
ECB_02318	YP_003045509.1	T1_exact_sequence	ECB_RS12225	b2418	True
ECB_02319	YP_003045510.1	T2_near_identical_rbh	ECB_RS12230	b2419	False
ECB_02320	YP_003045511.1	T2_near_identical_rbh	ECB_RS12235	b2420	True
ECB_02321	YP_003045512.1	T2_near_identical_rbh	ECB_RS12240	b2421	True
ECB_02322	YP_003045513.1	T2_near_identical_rbh	ECB_RS12245	b2422	True
ECB_02323	YP_003045514.1	ECB_ tag absent from current REL606 annotation			False
ECB_02324	YP_003045515.1	T2_near_identical_rbh	ECB_RS12255	b2424	False
ECB_02325	YP_003045516.1	T2_near_identical_rbh	ECB_RS12260	b2425	True
ECB_02326	YP_003045517.1	T2_near_identical_rbh	ECB_RS12265	b2426	True
ECB_02327	YP_003045518.1	T2_near_identical_rbh	ECB_RS12270	b2427	False
ECB_02328	YP_003045519.1	T2_near_identical_rbh	ECB_RS12275	b2428	True
ECB_02329	YP_003045520.1	T2_near_identical_rbh	ECB_RS12280	b2429	False
ECB_02330	YP_003045521.1	ECB_ tag absent from current REL606 annotation			False
ECB_02331	YP_003045522.1	T2_near_identical_rbh	ECB_RS12285	b2431	True
ECB_02332	YP_003045523.1	T2_near_identical_rbh	ECB_RS12290	b2432	True
ECB_02333	YP_003045524.1	T2_near_identical_rbh	ECB_RS12300	b2433	False
ECB_02334	YP_003045525.1	T2_near_identical_rbh	ECB_RS12305	b2434	True
ECB_02335	YP_003045526.1	T1_exact_sequence	ECB_RS12310	b2435	True
ECB_02336	YP_003045527.1	T2_near_identical_rbh	ECB_RS12315	b2436	True
ECB_02337	YP_003045528.1	T1_exact_sequence	ECB_RS12320	b2437	False
ECB_02338	YP_003045529.1	T1_exact_sequence	ECB_RS12325	b2438	False
ECB_02339	YP_003045530.1	T2_near_identical_rbh	ECB_RS12330	b2439	False
ECB_02340	YP_003045531.1	T2_near_identical_rbh	ECB_RS12335	b2440	False
ECB_02341	YP_003045532.1	T1_exact_sequence	ECB_RS12340	b2441	False
ECB_02342	YP_003045533.1	T2_near_identical_rbh	ECB_RS12345	b2451	False
ECB_02343	YP_003045534.1	T2_near_identical_rbh	ECB_RS12350	b2452	False
ECB_02344	YP_003045535.1	T2_near_identical_rbh	ECB_RS12355	b2453	False
ECB_02345	YP_003045536.1	T2_near_identical_rbh	ECB_RS12360	b2454	False
ECB_02346	YP_003045537.1	T2_near_identical_rbh	ECB_RS12365	b2455	False
ECB_02347	YP_003045538.1	T1_exact_sequence	ECB_RS12370	b2456	False
ECB_02348	YP_003045539.1	T1_exact_sequence	ECB_RS12375	b2457	False
ECB_02349	YP_003045540.1	T1_exact_sequence	ECB_RS12380	b2458	False
ECB_02350	YP_003045541.1	T2_near_identical_rbh	ECB_RS12385	b2459	False
ECB_02351	YP_003045542.1	T2_near_identical_rbh	ECB_RS12390	b2460	False
ECB_02352	YP_003045543.1	T2_near_identical_rbh	ECB_RS12395	b2461	False
ECB_02353	YP_003045544.1	T1_exact_sequence	ECB_RS12400	b2462	False
ECB_02354	YP_003045545.1	T2_near_identical_rbh	ECB_RS12405	b2463	True
ECB_02355	YP_003045546.1	T1_exact_sequence	ECB_RS12410	b2464	True
ECB_02356	YP_003045547.1	T1_exact_sequence	ECB_RS12415	b2465	True
ECB_02357	YP_003045548.1	T1_exact_sequence	ECB_RS12420	b2466	False
ECB_02358	YP_003045549.1	T1_exact_sequence	ECB_RS12425	b2467	True
ECB_02359	YP_003045550.1	T1_exact_sequence	ECB_RS12430	b2468	True
ECB_02360	YP_003045551.1	T1_exact_sequence	ECB_RS12435	b2469	True
ECB_02361	YP_003045552.1	T1_exact_sequence	ECB_RS12440	b2470	False
ECB_02362	YP_003045553.1	T1_exact_sequence	ECB_RS12450	b2471	True
ECB_02363	YP_003045554.1	T1_exact_sequence	ECB_RS12455	b2472	True
ECB_02364	YP_003045555.1	T1_exact_sequence	ECB_RS12460	b4547	False
ECB_02365	YP_003045556.1	T1_exact_sequence	ECB_RS12465	b2473	True
ECB_02366	YP_003045557.1	T1_exact_sequence	ECB_RS12470	b2474	True
ECB_02367	YP_003045558.1	T1_exact_sequence	ECB_RS12475	b2475	True
ECB_02368	YP_003045559.1	T1_exact_sequence	ECB_RS12480	b2476	True
ECB_02369	YP_003045560.1	T1_exact_sequence	ECB_RS12490	b2477	True
ECB_02370	YP_003045561.1	T2_near_identical_rbh	ECB_RS12495	b2478	True
ECB_02371	YP_003045562.1	T1_exact_sequence	ECB_RS12500	b2479	True
ECB_02372	YP_003045563.1	T1_exact_sequence	ECB_RS12505	b2480	True
ECB_02373	YP_003045564.1	T2_near_identical_rbh	ECB_RS12510	b2481	False
ECB_02374	YP_003045565.1	T2_near_identical_rbh	ECB_RS12515	b2482	False
ECB_02376	YP_003045566.1	current locus is pseudogene	ECB_RS12525		False
ECB_02377	YP_003045567.1	T1_exact_sequence	ECB_RS12530	b2485	False
ECB_02378	YP_003045568.1	T1_exact_sequence	ECB_RS12535	b2486	False
ECB_02379	YP_003045569.1	T1_exact_sequence	ECB_RS12540	b2487	False
ECB_02380	YP_003045570.1	T3_divergent_syntenic_rbh	ECB_RS12545	b2488	False
ECB_02381	YP_003045571.1	T2_near_identical_rbh	ECB_RS12550	b2489	False
ECB_02382	YP_003045572.1	T2_near_identical_rbh	ECB_RS12555	b2490	False
ECB_02383	YP_003045573.1	T2_near_identical_rbh	ECB_RS12560	b2491	False
ECB_02384	YP_003045574.1	T2_near_identical_rbh	ECB_RS12565	b2492	False
ECB_02385	YP_003045575.1	T1_exact_sequence	ECB_RS12570	b2493	False
ECB_02386	YP_003045576.1	T1_exact_sequence	ECB_RS12575	b2494	True
ECB_02387	YP_003045577.1	T2_near_identical_rbh	ECB_RS12580	b2495	True
ECB_02388	YP_003045578.1	T1_exact_sequence	ECB_RS12585	b2496	True
ECB_02389	YP_003045579.1	T1_exact_sequence	ECB_RS12590	b2497	False
ECB_02390	YP_003045580.1	T1_exact_sequence	ECB_RS12595	b2498	True
ECB_02391	YP_003045581.1	T2_near_identical_rbh	ECB_RS12600	b2499	True
ECB_02392	YP_003045582.1	T2_near_identical_rbh	ECB_RS12605	b2500	True
ECB_02393	YP_003045583.1	T1_exact_sequence	ECB_RS12610	b2501	True
ECB_02394	YP_003045584.1	T1_exact_sequence	ECB_RS12615	b2502	True
ECB_02395	YP_003045585.1	T2_near_identical_rbh	ECB_RS12620	b2503	False
ECB_02396	YP_003045586.1	T1_exact_sequence	ECB_RS12630	b2504	False
ECB_02397	YP_003045587.1	T1_exact_sequence	ECB_RS12635	b2505	False
ECB_02398	YP_003045588.1	T1_exact_sequence	ECB_RS12640	b2506	False
ECB_02399	YP_003045589.1	T1_exact_sequence	ECB_RS12645	b2507	True
ECB_02400	YP_003045590.1	T1_exact_sequence	ECB_RS12650	b2508	True
ECB_02401	YP_003045591.1	T1_exact_sequence	ECB_RS12655	b2509	True
ECB_02402	YP_003045592.1	T1_exact_sequence	ECB_RS12660	b2510	True
ECB_02403	YP_003045593.1	T1_exact_sequence	ECB_RS12665	b2511	True
ECB_02404	YP_003045594.1	T2_near_identical_rbh	ECB_RS12670	b2512	True
ECB_02405	YP_003045595.1	T1_exact_sequence	ECB_RS12675	b2513	True
ECB_02406	YP_003045596.1	T1_exact_sequence	ECB_RS12680	b2514	True
ECB_02407	YP_003045597.1	T1_exact_sequence	ECB_RS12685	b2515	True
ECB_02408	YP_003045598.1	T2_near_identical_rbh	ECB_RS12690	b2516	True
ECB_02409	YP_003045599.1	T1_exact_sequence	ECB_RS12695	b2517	True
ECB_02410	YP_003045600.1	T1_exact_sequence	ECB_RS12700	b2518	True
ECB_02411	YP_003045601.1	T2_near_identical_rbh	ECB_RS12705	b2519	True
ECB_02412	YP_003045602.1	T2_near_identical_rbh	ECB_RS12710	b2520	True
ECB_02413	YP_003045603.1	T1_exact_sequence	ECB_RS12715	b2521	True
ECB_02414	YP_003045604.1	T1_exact_sequence	ECB_RS12720	b2522	True
ECB_02415	YP_003045605.1	T2_near_identical_rbh	ECB_RS12725	b2523	True
ECB_02416	YP_003045606.1	T1_exact_sequence	ECB_RS12730	b2524	True
ECB_02417	YP_003045607.1	T1_exact_sequence	ECB_RS12735	b2525	True
ECB_02418	YP_003045608.1	T2_near_identical_rbh	ECB_RS12740	b2526	True
ECB_02419	YP_003045609.1	T1_exact_sequence	ECB_RS12745	b2527	True
ECB_02420	YP_003045610.1	T1_exact_sequence	ECB_RS12750	b2528	True
ECB_02421	YP_003045611.1	T1_exact_sequence	ECB_RS12755	b2529	True
ECB_02422	YP_003045612.1	T1_exact_sequence	ECB_RS12760	b2530	True
ECB_02423	YP_003045613.1	T1_exact_sequence	ECB_RS12765	b2531	True
ECB_02424	YP_003045614.1	T1_exact_sequence	ECB_RS12770	b2532	True
ECB_02425	YP_003045615.1	T1_exact_sequence	ECB_RS12775	b2533	True
ECB_02426	YP_003045616.1	T2_near_identical_rbh	ECB_RS12780	b2534	False
ECB_02427	YP_003045617.1	T2_near_identical_rbh	ECB_RS12785	b2535	False
ECB_02428	YP_003045618.1	T2_near_identical_rbh	ECB_RS12790	b2536	False
ECB_02429	YP_003045619.1	T2_near_identical_rbh	ECB_RS12795	b2537	False
ECB_02430	YP_003045620.1	T1_exact_sequence	ECB_RS12800	b2538	False
ECB_02431	YP_003045621.1	T2_near_identical_rbh	ECB_RS12805	b2539	False
ECB_02432	YP_003045622.1	T1_exact_sequence	ECB_RS12810	b2540	False
ECB_02433	YP_003045623.1	T2_near_identical_rbh	ECB_RS12815	b2541	False
ECB_02434	YP_003045624.1	T1_exact_sequence	ECB_RS12820	b2542	False
ECB_02435	YP_003045625.1	T1_exact_sequence	ECB_RS12825	b2543	False
ECB_02436	YP_003045626.1	T1_exact_sequence	ECB_RS12830	b2544	False
ECB_02437	YP_003045627.1	T2_near_identical_rbh	ECB_RS12835	b2545	False
ECB_02438	YP_003045628.1	T1_exact_sequence	ECB_RS12840	b2546	False
ECB_02439	YP_003045629.1	T2_near_identical_rbh	ECB_RS12845	b2547	False
ECB_02440	YP_003045630.1	T2_near_identical_rbh	ECB_RS12850	b2548	False
ECB_02441	YP_003045631.1	T2_near_identical_rbh	ECB_RS12855	b2549	False
ECB_02442	YP_003045632.1	T2_near_identical_rbh	ECB_RS12860	b2550	False
ECB_02443	YP_003045633.1	T1_exact_sequence	ECB_RS12865	b2551	True
ECB_02444	YP_003045634.1	T1_exact_sequence	ECB_RS12870	b2552	True
ECB_02445	YP_003045635.1	T1_exact_sequence	ECB_RS12875	b2553	True
ECB_02446	YP_003045636.1	T1_exact_sequence	ECB_RS12880	b2554	True
ECB_02447	YP_003045637.1	T1_exact_sequence	ECB_RS12885	b2555	True
ECB_02448	YP_003045638.1	T2_near_identical_rbh	ECB_RS12890	b2556	True
ECB_02449	YP_003045639.1	T2_near_identical_rbh	ECB_RS12895	b2557	True
ECB_02451	YP_003045640.1	ECB_ tag absent from current REL606 annotation			False
ECB_02452	YP_003045641.1	no MG1655 partner (REL606-specific or below threshold)	ECB_RS12910		False
ECB_02453	YP_003045642.1	T1_exact_sequence	ECB_RS12915	b2559	True
ECB_02454	YP_003045643.1	T1_exact_sequence	ECB_RS12920	b2560	False
ECB_02455	YP_003045644.1	T1_exact_sequence	ECB_RS12925	b2561	True
ECB_02456	YP_003045645.1	T1_exact_sequence	ECB_RS12930	b2562	False
ECB_02457	YP_003045646.1	T1_exact_sequence	ECB_RS12950	b2563	False
ECB_02458	YP_003045647.1	T1_exact_sequence	ECB_RS12955	b2564	True
ECB_02459	YP_003045648.1	T1_exact_sequence	ECB_RS12960	b2565	False
ECB_02460	YP_003045649.1	T1_exact_sequence	ECB_RS12965	b2566	True
ECB_02461	YP_003045650.1	T1_exact_sequence	ECB_RS12970	b2567	True
ECB_02462	YP_003045651.1	T2_near_identical_rbh	ECB_RS12975	b2568	True
ECB_02463	YP_003045652.1	T1_exact_sequence	ECB_RS12980	b2569	True
ECB_02464	YP_003045653.1	T2_near_identical_rbh	ECB_RS12985	b2570	False
ECB_02465	YP_003045654.1	T1_exact_sequence	ECB_RS12990	b2571	True
ECB_02466	YP_003045655.1	T1_exact_sequence	ECB_RS12995	b2572	True
ECB_02467	YP_003045656.1	T1_exact_sequence	ECB_RS13000	b2573	True
ECB_02468	YP_003045657.1	T2_near_identical_rbh	ECB_RS13010	b2574	True
ECB_02469	YP_003045658.1	T1_exact_sequence	ECB_RS13015	b2575	True
ECB_02470	YP_003045659.1	T2_near_identical_rbh	ECB_RS13020	b2576	True
ECB_02471	YP_003045660.1	T1_exact_sequence	ECB_RS13030	b2577	False
ECB_02472	YP_003045661.1	T2_near_identical_rbh	ECB_RS13035	b2578	False
ECB_02473	YP_003045662.1	T1_exact_sequence	ECB_RS13040	b2579	True
ECB_02474	YP_003045663.1	T2_near_identical_rbh	ECB_RS13045	b2580	True
ECB_02475	YP_003045664.1	T1_exact_sequence	ECB_RS13050	b2581	True
ECB_02476	YP_003045665.1	T1_exact_sequence	ECB_RS13060	b2582	True
ECB_02477	YP_003045666.1	T2_near_identical_rbh	ECB_RS13065	b2583	False
ECB_02478	YP_003045667.1	T2_near_identical_rbh	ECB_RS13070	b2584	True
ECB_02479	YP_003045668.1	T1_exact_sequence	ECB_RS13075	b2585	True
ECB_02480	YP_003045669.1	T2_near_identical_rbh	ECB_RS13080	b2586	False
ECB_02481	YP_003045670.1	T1_exact_sequence	ECB_RS13085	b2587	False
ECB_02482	YP_003045671.1	T1_exact_sequence	ECB_RS13110	b2592	True
ECB_02483	YP_003045672.1	T2_near_identical_rbh	ECB_RS13115	b2593	True
ECB_02484	YP_003045673.1	T1_exact_sequence	ECB_RS13120	b2594	True
ECB_02485	YP_003045674.1	T1_exact_sequence	ECB_RS13125	b2595	True
ECB_02486	YP_003045675.1	T1_exact_sequence	ECB_RS13135	b2597	True
ECB_02488	YP_003045677.1	T1_exact_sequence	ECB_RS13140	b2599	True
ECB_02489	YP_003045678.1	T2_near_identical_rbh	ECB_RS13145	b2600	True
ECB_02490	YP_003045679.1	T2_near_identical_rbh	ECB_RS13150	b2601	True
ECB_02491	YP_003045680.1	T1_exact_sequence	ECB_RS13155	b2602	False
ECB_02492	YP_003045681.1	T1_exact_sequence	ECB_RS13160	b2603	False
ECB_02493	YP_003045682.1	T2_near_identical_rbh	ECB_RS13165	b2604	False
ECB_02494	YP_003045683.1	T2_near_identical_rbh	ECB_RS13170	b2605	False
ECB_02495	YP_003045684.1	T1_exact_sequence	ECB_RS13175	b2606	True
ECB_02496	YP_003045685.1	T1_exact_sequence	ECB_RS13180	b2607	True
ECB_02497	YP_003045686.1	T1_exact_sequence	ECB_RS13185	b2608	True
ECB_02498	YP_003045687.1	T1_exact_sequence	ECB_RS13190	b2609	True
ECB_02499	YP_003045688.1	T1_exact_sequence	ECB_RS13195	b2610	True
ECB_02500	YP_003045689.1	T1_exact_sequence	ECB_RS13200	b2611	False
ECB_02501	YP_003045690.1	T2_near_identical_rbh	ECB_RS13205	b4461	True
ECB_02502	YP_003045691.1	T2_near_identical_rbh	ECB_RS13210	b2614	True
ECB_02503	YP_003045692.1	T1_exact_sequence	ECB_RS13220	b2615	True
ECB_02504	YP_003045693.1	T2_near_identical_rbh	ECB_RS13225	b2616	False
ECB_02505	YP_003045694.1	ECB_ tag absent from current REL606 annotation			True
ECB_02506	YP_003045695.1	T1_exact_sequence	ECB_RS13235	b2618	True
ECB_02507	YP_003045696.1	T2_near_identical_rbh	ECB_RS13240	b2619	False
ECB_02508	YP_003045697.1	T1_exact_sequence	ECB_RS13245	b2620	True
ECB_02509	YP_003045698.1	excluded_weak_rbh	ECB_RS13250		False
ECB_02510	YP_003045699.1	no MG1655 partner (REL606-specific or below threshold)	ECB_RS13255		False
ECB_02511	YP_003045700.1	no MG1655 partner (REL606-specific or below threshold)	ECB_RS13260		False
ECB_02512	YP_003045701.1	no MG1655 partner (REL606-specific or below threshold)	ECB_RS13265		False
ECB_02513	YP_003045702.1	ECB_ tag absent from current REL606 annotation			False
ECB_02514	YP_003045703.1	no MG1655 partner (REL606-specific or below threshold)	ECB_RS13270		False
ECB_02515	YP_003045704.1	T2_near_identical_rbh	ECB_RS13275	b2659	True
ECB_02516	YP_003045705.1	T2_near_identical_rbh	ECB_RS13280	b2660	False
ECB_02517	YP_003045706.1	T2_near_identical_rbh	ECB_RS13285	b2661	True
ECB_02518	YP_003045707.1	T2_near_identical_rbh	ECB_RS13290	b2662	True
ECB_02519	YP_003045708.1	T2_near_identical_rbh	ECB_RS13295	b2663	False
ECB_02520	YP_003045709.1	T1_exact_sequence	ECB_RS13300	b2664	False
ECB_02521	YP_003045710.1	T2_near_identical_rbh	ECB_RS13305	b2665	True
ECB_02522	YP_003045711.1	T1_exact_sequence	ECB_RS13310	b2666	False
ECB_02523	YP_003045712.1	T1_exact_sequence	ECB_RS13315	b2667	False
ECB_02524	YP_003045713.1	T2_near_identical_rbh	ECB_RS13320	b2668	True
ECB_02525	YP_003045714.1	T1_exact_sequence	ECB_RS13325	b2669	True
ECB_02526	YP_003045715.1	T1_exact_sequence	ECB_RS13330	b2670	False
ECB_02527	YP_003045716.1	T1_exact_sequence	ECB_RS13335	b2671	False
ECB_02528	YP_003045717.1	T1_exact_sequence	ECB_RS13340	b2672	True
ECB_02529	YP_003045718.1	T1_exact_sequence	ECB_RS13345	b2673	False
ECB_02530	YP_003045719.1	T1_exact_sequence	ECB_RS13350	b2674	False
ECB_02531	YP_003045720.1	T2_near_identical_rbh	ECB_RS13355	b2675	True
ECB_02532	YP_003045721.1	T2_near_identical_rbh	ECB_RS13360	b2676	False
ECB_02533	YP_003045722.1	T1_exact_sequence	ECB_RS13365	b2677	False
ECB_02534	YP_003045723.1	T1_exact_sequence	ECB_RS13370	b2678	False
ECB_02535	YP_003045724.1	T2_near_identical_rbh	ECB_RS13375	b2679	False
ECB_02536	YP_003045725.1	no MG1655 partner (REL606-specific or below threshold)	ECB_RS13380		False
ECB_02537	YP_003045726.1	T1_exact_sequence	ECB_RS13385	b2682	False
ECB_02538	YP_003045727.1	T1_exact_sequence	ECB_RS13390	b2683	False
ECB_02539	YP_003045728.1	T1_exact_sequence	ECB_RS13395	b2684	True
ECB_02540	YP_003045729.1	T2_near_identical_rbh	ECB_RS13400	b2685	True
ECB_02541	YP_003045730.1	T1_exact_sequence	ECB_RS13405	b2686	False
ECB_02542	YP_003045731.1	T1_exact_sequence	ECB_RS13410	b2687	True
ECB_02543	YP_003045732.1	T1_exact_sequence	ECB_RS13415	b2688	True
ECB_02544	YP_003045733.1	T1_exact_sequence	ECB_RS13420	b2689	False
ECB_02545	YP_003045734.1	T1_exact_sequence	ECB_RS13425	b2690	True
ECB_02546	YP_003045735.1	T1_exact_sequence	ECB_RS13460	b2696	True
ECB_02547	YP_003045736.1	T2_near_identical_rbh	ECB_RS13465	b2697	True
ECB_02548	YP_003045737.1	T1_exact_sequence	ECB_RS13475	b2698	False
ECB_02549	YP_003045738.1	T1_exact_sequence	ECB_RS13480	b2699	True
ECB_02550	YP_003045739.1	T1_exact_sequence	ECB_RS13485	b2700	True
ECB_02551	YP_003045740.1	T2_near_identical_rbh	ECB_RS13490	b2701	True
ECB_02552	YP_003045741.1	T1_exact_sequence	ECB_RS13495	b2702	False
ECB_02553	YP_003045742.1	T2_near_identical_rbh	ECB_RS13500	b2703	False
ECB_02554	YP_003045743.1	T2_near_identical_rbh	ECB_RS13505	b2704	True
ECB_02555	YP_003045744.1	T2_near_identical_rbh	ECB_RS13510	b2705	False
ECB_02556	YP_003045745.1	T2_near_identical_rbh	ECB_RS13515	b2706	False
ECB_02557	YP_003045746.1	T1_exact_sequence	ECB_RS13520	b2707	True
ECB_02558	YP_003045747.1	T1_exact_sequence	ECB_RS13525	b2708	True
ECB_02559	YP_003045748.1	T1_exact_sequence	ECB_RS13530	b2709	False
ECB_02560	YP_003045749.1	T2_near_identical_rbh	ECB_RS13535	b2710	False
ECB_02561	YP_003045750.1	T2_near_identical_rbh	ECB_RS13540	b2711	False
ECB_02562	YP_003045751.1	T2_near_identical_rbh	ECB_RS13545	b2712	False
ECB_02563	YP_003045752.1	T1_exact_sequence	ECB_RS13550	b2713	False
ECB_02564	YP_003045753.1	T2_near_identical_rbh	ECB_RS13555	b2714	True
ECB_02565	YP_003045754.1	T2_near_identical_rbh	ECB_RS13560	b2715	False
ECB_02566	YP_003045755.1	T2_near_identical_rbh	ECB_RS13565	b2716	False
ECB_02567	YP_003045756.1	T1_exact_sequence	ECB_RS13570	b2717	False
ECB_02568	YP_003045757.1	T1_exact_sequence	ECB_RS13575	b2718	False
ECB_02569	YP_003045758.1	T2_near_identical_rbh	ECB_RS13580	b2719	False
ECB_02570	YP_003045759.1	T2_near_identical_rbh	ECB_RS13585	b2720	False
ECB_02571	YP_003045760.1	T1_exact_sequence	ECB_RS13590	b2721	False
ECB_02572	YP_003045761.1	T2_near_identical_rbh	ECB_RS13595	b2722	False
ECB_02573	YP_003045762.1	T2_near_identical_rbh	ECB_RS13600	b2723	False
ECB_02574	YP_003045763.1	T2_near_identical_rbh	ECB_RS13605	b2724	False
ECB_02575	YP_003045764.1	T2_near_identical_rbh	ECB_RS13615	b2725	False
ECB_02576	YP_003045765.1	T1_exact_sequence	ECB_RS13620	b2726	False
ECB_02577	YP_003045766.1	T1_exact_sequence	ECB_RS13625	b2727	True
ECB_02578	YP_003045767.1	T1_exact_sequence	ECB_RS13630	b2728	False
ECB_02579	YP_003045768.1	T1_exact_sequence	ECB_RS13635	b2729	False
ECB_02580	YP_003045769.1	T1_exact_sequence	ECB_RS13640	b2730	False
ECB_02581	YP_003045770.1	T1_exact_sequence	ECB_RS13645	b2731	False
ECB_02582	YP_003045771.1	T1_exact_sequence	ECB_RS13650	b2732	False
ECB_02583	YP_003045772.1	T1_exact_sequence	ECB_RS13655	b2733	True
ECB_02584	YP_003045773.1	T2_near_identical_rbh	ECB_RS13660	b2734	False
ECB_02585	YP_003045774.1	T2_near_identical_rbh	ECB_RS13665	b2735	False
ECB_02586	YP_003045775.1	T2_near_identical_rbh	ECB_RS13670	b2736	False
ECB_02587	YP_003045776.1	T2_near_identical_rbh	ECB_RS13675	b2737	False
ECB_02588	YP_003045777.1	T1_exact_sequence	ECB_RS13680	b2738	False
ECB_02589	YP_003045778.1	T2_near_identical_rbh	ECB_RS13685	b2739	False
ECB_02590	YP_003045779.1	T2_near_identical_rbh	ECB_RS13690	b2740	False
ECB_02591	YP_003045780.1	T2_near_identical_rbh	ECB_RS13695	b2741	True
ECB_02592	YP_003045781.1	T2_near_identical_rbh	ECB_RS13700	b2742	True
ECB_02593	YP_003045782.1	T1_exact_sequence	ECB_RS13705	b2743	True
ECB_02594	YP_003045783.1	T1_exact_sequence	ECB_RS13710	b2744	True
ECB_02595	YP_003045784.1	T1_exact_sequence	ECB_RS13715	b2745	True
ECB_02596	YP_003045785.1	T1_exact_sequence	ECB_RS13720	b2746	True
ECB_02597	YP_003045786.1	T2_near_identical_rbh	ECB_RS13725	b2747	True
ECB_02598	YP_003045787.1	T1_exact_sequence	ECB_RS13730	b2748	False
ECB_02599	YP_003045788.1	T1_exact_sequence	ECB_RS13735	b2749	False
ECB_02600	YP_003045789.1	T1_exact_sequence	ECB_RS13740	b2750	True
ECB_02601	YP_003045790.1	T2_near_identical_rbh	ECB_RS13745	b2751	True
ECB_02602	YP_003045791.1	T1_exact_sequence	ECB_RS13750	b2752	True
ECB_02603	YP_003045792.1	T2_near_identical_rbh	ECB_RS13755	b2753	False
ECB_02604	YP_003045793.1	ambiguous (identical paralogs)	ECB_RS13760		False
ECB_02605	YP_003045794.1	ECB_ tag absent from current REL606 annotation			False
ECB_02606	YP_003045795.1	ECB_ tag absent from current REL606 annotation			False
ECB_02607	YP_003045796.1	T2_near_identical_rbh	ECB_RS13780	b2762	True
ECB_02608	YP_003045797.1	T2_near_identical_rbh	ECB_RS13785	b2763	True
ECB_02609	YP_003045798.1	T2_near_identical_rbh	ECB_RS13790	b2764	True
ECB_02610	YP_003045799.1	T2_near_identical_rbh	ECB_RS13795	b2765	True
ECB_02611	YP_003045800.1	T1_exact_sequence	ECB_RS13800	b2766	False
ECB_02612	YP_003045801.1	T2_near_identical_rbh	ECB_RS13805	b2767	False
ECB_02613	YP_003045802.1	T1_exact_sequence	ECB_RS13810	b2768	False
ECB_02614	YP_003045803.1	T1_exact_sequence	ECB_RS13815	b2769	False
ECB_02615	YP_003045804.1	T1_exact_sequence	ECB_RS13820	b2770	False
ECB_02616	YP_003045805.1	T2_near_identical_rbh	ECB_RS13825	b2771	False
ECB_02617	YP_003045806.1	T1_exact_sequence	ECB_RS13830	b4463	False
ECB_02618	YP_003045807.1	T2_near_identical_rbh	ECB_RS13835	b2774	False
ECB_02619	YP_003045808.1	T2_near_identical_rbh	ECB_RS13840	b2775	False
ECB_02620	YP_003045809.1	T1_exact_sequence	ECB_RS13845	b2776	False
ECB_02622	YP_003045811.1	T1_exact_sequence	ECB_RS13850	b2777	True
ECB_02623	YP_003045812.1	T1_exact_sequence	ECB_RS13860	b2778	False
ECB_02624	YP_003045813.1	T1_exact_sequence	ECB_RS13865	b2779	True
ECB_02625	YP_003045814.1	T1_exact_sequence	ECB_RS13870	b2780	True
ECB_02626	YP_003045815.1	T2_near_identical_rbh	ECB_RS13875	b2781	True
ECB_02627	YP_003045816.1	T1_exact_sequence	ECB_RS13880	b2782	True
ECB_02628	YP_003045817.1	T1_exact_sequence	ECB_RS13885	b2783	False
ECB_02629	YP_003045818.1	T1_exact_sequence	ECB_RS13890	b2784	True
ECB_02630	YP_003045819.1	T2_near_identical_rbh	ECB_RS13895	b2785	True
ECB_02631	YP_003045820.1	T2_near_identical_rbh	ECB_RS13900	b2786	True
ECB_02632	YP_003045821.1	T2_near_identical_rbh	ECB_RS13905	b2787	True
ECB_02633	YP_003045822.1	T2_near_identical_rbh	ECB_RS13910	b2788	False
ECB_02634	YP_003045823.1	T2_near_identical_rbh	ECB_RS13915	b2789	False
ECB_02635	YP_003045824.1	T2_near_identical_rbh	ECB_RS13920	b2790	True
ECB_02636	YP_003045825.1	T1_exact_sequence	ECB_RS13925	b2791	False
ECB_02637	YP_003045826.1	T2_near_identical_rbh	ECB_RS13930	b2792	True
ECB_02638	YP_003045827.1	T1_exact_sequence	ECB_RS13940	b2793	True
ECB_02639	YP_003045828.1	T2_near_identical_rbh	ECB_RS13945	b2794	True
ECB_02640	YP_003045829.1	T1_exact_sequence	ECB_RS13950	b2795	True
ECB_02641	YP_003045830.1	T1_exact_sequence	ECB_RS13955	b2796	False
ECB_02642	YP_003045831.1	T2_near_identical_rbh	ECB_RS13960	b2797	True
ECB_02643	YP_003045832.1	T1_exact_sequence	ECB_RS13965	b2798	False
ECB_02644	YP_003045833.1	T2_near_identical_rbh	ECB_RS13970	b2799	False
ECB_02646	YP_003045834.1	ambiguous_rbh_tie	ECB_RS13980		False
ECB_02647	YP_003045835.1	ECB_ tag absent from current REL606 annotation			False
ECB_02648	YP_003045836.1	no MG1655 partner (REL606-specific or below threshold)	ECB_RS13990		True
ECB_02649	YP_003045837.1	no MG1655 partner (REL606-specific or below threshold)	ECB_RS13995		True
ECB_02650	YP_003045838.1	no MG1655 partner (REL606-specific or below threshold)	ECB_RS14000		True
ECB_02651	YP_003045839.1	no MG1655 partner (REL606-specific or below threshold)	ECB_RS14005		True
ECB_02652	YP_003045840.1	no MG1655 partner (REL606-specific or below threshold)	ECB_RS14010		True
ECB_02653	YP_003045841.1	T2_near_identical_rbh	ECB_RS14015	b2802	True
ECB_02654	YP_003045842.1	T2_near_identical_rbh	ECB_RS14020	b2803	False
ECB_02655	YP_003045843.1	T1_exact_sequence	ECB_RS14025	b2804	True
ECB_02656	YP_003045844.1	T2_near_identical_rbh	ECB_RS14030	b2805	True
ECB_02657	YP_003045845.1	T1_exact_sequence	ECB_RS14035	b2806	True
ECB_02658	YP_003045846.1	T1_exact_sequence	ECB_RS14040	b2807	False
ECB_02659	YP_003045847.1	T1_exact_sequence	ECB_RS14045	b2808	True
ECB_02660	YP_003045848.1	T1_exact_sequence	ECB_RS14050	b2809	True
ECB_02661	YP_003045849.1	T1_exact_sequence	ECB_RS14055	b2810	True
ECB_02662	YP_003045850.1	T1_exact_sequence	ECB_RS14060	b2811	True
ECB_02663	YP_003045851.1	T1_exact_sequence	ECB_RS14065	b2812	True
ECB_02664	YP_003045852.1	T1_exact_sequence	ECB_RS14070	b2813	True
ECB_02665	YP_003045853.1	T1_exact_sequence	ECB_RS14090	b2817	True
ECB_02666	YP_003045854.1	T1_exact_sequence	ECB_RS14095	b2818	True
ECB_02667	YP_003045855.1	T2_near_identical_rbh	ECB_RS14100	b2819	True
ECB_02668	YP_003045856.1	T2_near_identical_rbh	ECB_RS14105	b2820	True
ECB_02669	YP_003045857.1	T2_near_identical_rbh	ECB_RS14110	b2821	True
ECB_02670	YP_003045858.1	T2_near_identical_rbh	ECB_RS14115	b2822	True
ECB_02671	YP_003045859.1	T1_exact_sequence	ECB_RS14120	b2823	False
ECB_02672	YP_003045860.1	T2_near_identical_rbh	ECB_RS14125	b2824	False
ECB_02673	YP_003045861.1	T2_near_identical_rbh	ECB_RS14130	b2825	False
ECB_02674	YP_003045862.1	T2_near_identical_rbh	ECB_RS14135	b2826	False
ECB_02675	YP_003045863.1	T2_near_identical_rbh	ECB_RS14140	b2827	True
ECB_02676	YP_003045864.1	T1_exact_sequence	ECB_RS14145	b2828	True
ECB_02677	YP_003045865.1	T2_near_identical_rbh	ECB_RS14150	b2829	True
ECB_02678	YP_003045866.1	T1_exact_sequence	ECB_RS14155	b2830	False
ECB_02679	YP_003045867.1	T1_exact_sequence	ECB_RS14170	b2831	False
ECB_02680	YP_003045868.1	T1_exact_sequence	ECB_RS14175	b2832	False
ECB_02681	YP_003045869.1	T1_exact_sequence	ECB_RS14180	b2833	True
ECB_02682	YP_003045870.1	T1_exact_sequence	ECB_RS14185	b2834	True
ECB_02683	YP_003045871.1	T1_exact_sequence	ECB_RS14190	b2835	False
ECB_02684	YP_003045872.1	T2_near_identical_rbh	ECB_RS14195	b2836	True
ECB_02685	YP_003045873.1	T2_near_identical_rbh	ECB_RS14200	b2837	True
ECB_02686	YP_003045874.1	T1_exact_sequence	ECB_RS14205	b2838	True
ECB_02687	YP_003045875.1	T2_near_identical_rbh	ECB_RS14210	b2839	False
ECB_02688	YP_003045876.1	T2_near_identical_rbh	ECB_RS14215	b2840	False
ECB_02689	YP_003045877.1	T2_near_identical_rbh	ECB_RS14220	b2841	False
ECB_02690	YP_003045878.1	T2_near_identical_rbh	ECB_RS14225	b2842	False
ECB_02691	YP_003045879.1	T2_near_identical_rbh	ECB_RS14230	b2843	False
ECB_02692	YP_003045880.1	T2_near_identical_rbh	ECB_RS14235	b2844	True
ECB_02693	YP_003045881.1	T1_exact_sequence	ECB_RS14240	b2845	False
ECB_02694	YP_003045882.1	T2_near_identical_rbh	ECB_RS14245	b2846	False
ECB_02695	YP_003045883.1	ECB_ tag absent from current REL606 annotation			False
ECB_02696	YP_003045884.1	no MG1655 partner (REL606-specific or below threshold)	ECB_RS14255		False
ECB_02697	YP_003045885.1	current locus is pseudogene	ECB_RS14260		False
ECB_02698	YP_003045886.1	T1_exact_sequence	ECB_RS14270	b2865	False
ECB_02699	YP_003045887.1	T2_near_identical_rbh	ECB_RS14275	b2866	True
ECB_02700	YP_003045888.1	T1_exact_sequence	ECB_RS14280	b2867	False
ECB_02701	YP_003045889.1	T1_exact_sequence	ECB_RS14285	b2868	False
ECB_02702	YP_003045890.1	T2_near_identical_rbh	ECB_RS14290	b2869	True
ECB_02703	YP_003045891.1	T2_near_identical_rbh	ECB_RS14295	b2870	False
ECB_02704	YP_003045892.1	T2_near_identical_rbh	ECB_RS14300	b2871	False
ECB_02705	YP_003045893.1	T1_exact_sequence	ECB_RS14305	b2872	False
ECB_02706	YP_003045894.1	T2_near_identical_rbh	ECB_RS14310	b2873	False
ECB_02707	YP_003045895.1	T2_near_identical_rbh	ECB_RS14315	b2874	False
ECB_02708	YP_003045896.1	T1_exact_sequence	ECB_RS14320	b2875	False
ECB_02709	YP_003045897.1	T2_near_identical_rbh	ECB_RS14325	b2876	False
ECB_02710	YP_003045898.1	T2_near_identical_rbh	ECB_RS14330	b2877	False
ECB_02711	YP_003045899.1	T2_near_identical_rbh	ECB_RS14335	b2878	True
ECB_02712	YP_003045900.1	T1_exact_sequence	ECB_RS14340	b2879	False
ECB_02713	YP_003045901.1	T2_near_identical_rbh	ECB_RS14345	b2880	False
ECB_02714	YP_003045902.1	T2_near_identical_rbh	ECB_RS14350	b2881	False
ECB_02715	YP_003045903.1	T2_near_identical_rbh	ECB_RS14355	b2882	False
ECB_02716	YP_003045904.1	T2_near_identical_rbh	ECB_RS14360	b2883	False
ECB_02717	YP_003045905.1	T1_exact_sequence	ECB_RS14365	b4464	False
ECB_02718	YP_003045906.1	T2_near_identical_rbh	ECB_RS14370	b2886	False
ECB_02719	YP_003045907.1	T2_near_identical_rbh	ECB_RS14375	b2887	True
ECB_02720	YP_003045908.1	T1_exact_sequence	ECB_RS14385	b2888	False
ECB_02721	YP_003045909.1	T2_near_identical_rbh	ECB_RS14395	b2889	True
ECB_02722	YP_003045910.1	T1_exact_sequence	ECB_RS14400	b2890	True
ECB_02723	YP_003045911.1	T2_near_identical_rbh	ECB_RS14405	b2891	True
ECB_02724	YP_003045912.1	T2_near_identical_rbh	ECB_RS14410	b2892	True
ECB_02725	YP_003045913.1	T2_near_identical_rbh	ECB_RS14415	b2893	True
ECB_02726	YP_003045914.1	T1_exact_sequence	ECB_RS14420	b2894	True
ECB_02727	YP_003045915.1	T1_exact_sequence	ECB_RS14425	b2895	True
ECB_02728	YP_003045916.1	T2_near_identical_rbh	ECB_RS14430	b2896	False
ECB_02729	YP_003045917.1	T1_exact_sequence	ECB_RS14435	b2897	True
ECB_02730	YP_003045918.1	T1_exact_sequence	ECB_RS14440	b2898	True
ECB_02731	YP_003045919.1	T1_exact_sequence	ECB_RS14445	b2899	False
ECB_02732	YP_003045920.1	T2_near_identical_rbh	ECB_RS14450	b2900	True
ECB_02733	YP_003045921.1	T2_near_identical_rbh	ECB_RS14455	b2901	True
ECB_02734	YP_003045922.1	T2_near_identical_rbh	ECB_RS14460	b2902	False
ECB_02735	YP_003045923.1	T2_near_identical_rbh	ECB_RS14465	b2903	True
ECB_02736	YP_003045924.1	T1_exact_sequence	ECB_RS14470	b2904	False
ECB_02737	YP_003045925.1	T1_exact_sequence	ECB_RS14475	b2905	True
ECB_02738	YP_003045926.1	T2_near_identical_rbh	ECB_RS14480	b2906	True
ECB_02739	YP_003045927.1	T2_near_identical_rbh	ECB_RS14485	b2907	True
ECB_02740	YP_003045928.1	T2_near_identical_rbh	ECB_RS14490	b2908	True
ECB_02741	YP_003045929.1	T1_exact_sequence	ECB_RS14495	b2909	True
ECB_02742	YP_003045930.1	T1_exact_sequence	ECB_RS14500	b2910	True
ECB_02743	YP_003045931.1	T2_near_identical_rbh	ECB_RS14505	b2912	False
ECB_02744	YP_003045932.1	T1_exact_sequence	ECB_RS14510	b2913	True
ECB_02745	YP_003045933.1	T1_exact_sequence	ECB_RS14515	b2914	True
ECB_02746	YP_003045934.1	no MG1655 partner (REL606-specific or below threshold)	ECB_RS14520		False
ECB_02747	YP_003045935.1	T1_exact_sequence	ECB_RS14525	b2916	True
ECB_02748	YP_003045936.1	T1_exact_sequence	ECB_RS14530	b2917	False
ECB_02749	YP_003045937.1	T1_exact_sequence	ECB_RS14535	b2918	False
ECB_02750	YP_003045938.1	T1_exact_sequence	ECB_RS14540	b2919	False
ECB_02751	YP_003045939.1	T1_exact_sequence	ECB_RS14545	b2920	False
ECB_02752	YP_003045940.1	T1_exact_sequence	ECB_RS14550	b2921	False
ECB_02753	YP_003045941.1	T1_exact_sequence	ECB_RS14555	b2922	True
ECB_02754	YP_003045942.1	T1_exact_sequence	ECB_RS14560	b2923	False
ECB_02755	YP_003045943.1	T1_exact_sequence	ECB_RS14565	b2924	True
ECB_02756	YP_003045944.1	T1_exact_sequence	ECB_RS14570	b2925	True
ECB_02757	YP_003045945.1	T1_exact_sequence	ECB_RS14575	b2926	True
ECB_02758	YP_003045946.1	T1_exact_sequence	ECB_RS14580	b2927	True
ECB_02759	YP_003045947.1	T1_exact_sequence	ECB_RS14585	b2928	False
ECB_02760	YP_003045948.1	T1_exact_sequence	ECB_RS14590	b2929	False
ECB_02761	YP_003045949.1	T1_exact_sequence	ECB_RS14595	b2930	False
ECB_02762	YP_003045950.1	T1_exact_sequence	ECB_RS14600	b4465	False
ECB_02763	YP_003045951.1	T1_exact_sequence	ECB_RS14605	b2933	False
ECB_02764	YP_003045952.1	T2_near_identical_rbh	ECB_RS14610	b2934	False
ECB_02765	YP_003045953.1	T1_exact_sequence	ECB_RS14615	b2935	True
ECB_02766	YP_003045954.1	T2_near_identical_rbh	ECB_RS14620	b2936	True
ECB_02767	YP_003045955.1	T2_near_identical_rbh	ECB_RS14625	b2937	True
ECB_02768	YP_003045956.1	T1_exact_sequence	ECB_RS14630	b2938	True
ECB_02769	YP_003045957.1	T1_exact_sequence	ECB_RS14635	b2939	False
ECB_02770	YP_003045958.1	ECB_ tag absent from current REL606 annotation			False
ECB_02771	YP_003045959.1	T2_near_identical_rbh	ECB_RS25770	b2941	False
ECB_02772	YP_003045960.1	T1_exact_sequence	ECB_RS14650	b2942	True
ECB_02773	YP_003045961.1	T1_exact_sequence	ECB_RS14655	b2943	False
ECB_02774	YP_003045962.1	T1_exact_sequence	ECB_RS14660	b2944	False
ECB_02775	YP_003045963.1	T1_exact_sequence	ECB_RS14665	b2945	False
ECB_02776	YP_003045964.1	T2_near_identical_rbh	ECB_RS14670	b2946	True
ECB_02777	YP_003045965.1	T1_exact_sequence	ECB_RS14675	b2947	True
ECB_02778	YP_003045966.1	T1_exact_sequence	ECB_RS14680	b2948	True
ECB_02779	YP_003045967.1	T2_near_identical_rbh	ECB_RS14685	b2949	True
ECB_02780	YP_003045968.1	T2_near_identical_rbh	ECB_RS14690	b2950	False
ECB_02781	YP_003045969.1	T1_exact_sequence	ECB_RS14695	b2951	True
ECB_02782	YP_003045970.1	T1_exact_sequence	ECB_RS14700	b2952	False
ECB_02783	YP_003045971.1	T2_near_identical_rbh	ECB_RS14705	b2953	True
ECB_02784	YP_003045972.1	T2_near_identical_rbh	ECB_RS14710	b2954	True
ECB_02785	YP_003045973.1	T2_near_identical_rbh	ECB_RS14715	b2955	True
ECB_02786	YP_003045974.1	T2_near_identical_rbh	ECB_RS14720	b2956	False
ECB_02787	YP_003045975.1	T2_near_identical_rbh	ECB_RS14725	b2957	True
ECB_02788	YP_003045976.1	T1_exact_sequence	ECB_RS14730	b2958	True
ECB_02789	YP_003045977.1	T1_exact_sequence	ECB_RS14740	b2959	True
ECB_02790	YP_003045978.1	T1_exact_sequence	ECB_RS14745	b2960	True
ECB_02791	YP_003045979.1	T1_exact_sequence	ECB_RS14750	b2961	False
ECB_02792	YP_003045980.1	T1_exact_sequence	ECB_RS14755	b2962	True
ECB_02793	YP_003045981.1	T2_near_identical_rbh	ECB_RS14760	b2963	True
ECB_02794	YP_003045982.1	T1_exact_sequence	ECB_RS14765	b2964	False
ECB_02795	YP_003045983.1	T2_near_identical_rbh	ECB_RS14770	b2965	True
ECB_02796	YP_003045984.1	T2_near_identical_rbh	ECB_RS14775	b2966	False
ECB_02797	YP_003045985.1	current locus is pseudogene	ECB_RS14785		False
ECB_02798	YP_003045986.1	no MG1655 partner (REL606-specific or below threshold)	ECB_RS14790		True
ECB_02800	YP_003045987.1	T3_divergent_syntenic_rbh	ECB_RS14800	b2000	True
ECB_02801	YP_003045988.1	T3_divergent_syntenic_rbh	ECB_RS14805	b2001	True
ECB_02802	YP_003045989.1	no MG1655 partner (REL606-specific or below threshold)	ECB_RS14810		False
ECB_02803	YP_003045990.1	T3_divergent_syntenic_rbh	ECB_RS14820	b0252	False
ECB_02804	YP_003045991.1	ECB_ tag absent from current REL606 annotation			False
ECB_02805	YP_003045992.1	T2_near_identical_rbh	ECB_RS14830	b2002	False
ECB_02806	YP_003045993.1	T2_near_identical_rbh	ECB_RS14835	b2003	False
ECB_02807	YP_003045994.1	ECB_ tag absent from current REL606 annotation			False
ECB_02808	YP_003045995.1	T3_divergent_syntenic_rbh	ECB_RS14850	b2005	False
ECB_02809	YP_003045996.1	no MG1655 partner (REL606-specific or below threshold)	ECB_RS14855		False
ECB_02810	YP_003045997.1	no MG1655 partner (REL606-specific or below threshold)	ECB_RS14860		False
ECB_02811	YP_003045998.1	no MG1655 partner (REL606-specific or below threshold)	ECB_RS14865		False
ECB_02812	YP_003045999.1	ECB_ tag absent from current REL606 annotation			False
ECB_02813	YP_003046000.1	ECB_ tag absent from current REL606 annotation			False
ECB_02814	YP_003046001.1	no MG1655 partner (REL606-specific or below threshold)	ECB_RS14875		True
ECB_02815	YP_003046002.1	no MG1655 partner (REL606-specific or below threshold)	ECB_RS14880		True
ECB_02816	YP_003046003.1	no MG1655 partner (REL606-specific or below threshold)	ECB_RS14885		True
ECB_02817	YP_003046004.1	no MG1655 partner (REL606-specific or below threshold)	ECB_RS14890		True
ECB_02818	YP_003046005.1	no MG1655 partner (REL606-specific or below threshold)	ECB_RS14895		True
ECB_02819	YP_003046006.1	no MG1655 partner (REL606-specific or below threshold)	ECB_RS14900		False
ECB_02820	YP_003046007.1	no MG1655 partner (REL606-specific or below threshold)	ECB_RS14905		False
ECB_02821	YP_003046008.1	no MG1655 partner (REL606-specific or below threshold)	ECB_RS14910		False
ECB_02822	YP_003046009.1	no MG1655 partner (REL606-specific or below threshold)	ECB_RS14915		False
ECB_02823	YP_003046010.1	no MG1655 partner (REL606-specific or below threshold)	ECB_RS14920		False
ECB_02824	YP_003046011.1	ECB_ tag absent from current REL606 annotation			False
ECB_02825	YP_003046012.1	no MG1655 partner (REL606-specific or below threshold)	ECB_RS14925		True
ECB_02826	YP_003046013.1	no MG1655 partner (REL606-specific or below threshold)	ECB_RS14930		True
ECB_02827	YP_003046014.1	no MG1655 partner (REL606-specific or below threshold)	ECB_RS14935		True
ECB_02828	YP_003046015.1	no MG1655 partner (REL606-specific or below threshold)	ECB_RS14940		False
ECB_02829	YP_003046016.1	T2_near_identical_rbh	ECB_RS14945	b2968	False
ECB_02831	YP_003046017.1	no MG1655 partner (REL606-specific or below threshold)	ECB_RS14955		False
ECB_02832	YP_003046018.1	no MG1655 partner (REL606-specific or below threshold)	ECB_RS14960		False
ECB_02833	YP_003046019.1	no MG1655 partner (REL606-specific or below threshold)	ECB_RS14965		False
ECB_02834	YP_003046020.1	no MG1655 partner (REL606-specific or below threshold)	ECB_RS14970		False
ECB_02835	YP_003046021.1	no MG1655 partner (REL606-specific or below threshold)	ECB_RS14975		False
ECB_02836	YP_003046022.1	no MG1655 partner (REL606-specific or below threshold)	ECB_RS14980		False
ECB_02837	YP_003046023.1	no MG1655 partner (REL606-specific or below threshold)	ECB_RS14985		False
ECB_02838	YP_003046024.1	no MG1655 partner (REL606-specific or below threshold)	ECB_RS14990		False
ECB_02839	YP_003046025.1	T2_near_identical_rbh	ECB_RS14995	b2970	False
ECB_02840	YP_003046026.1	T2_near_identical_rbh	ECB_RS15000	b2971	False
ECB_02841	YP_003046027.1	T2_near_identical_rbh	ECB_RS15005	b2972	False
ECB_02842	YP_003046028.1	T2_near_identical_rbh	ECB_RS15010	b4466	True
ECB_02843	YP_003046029.1	T1_exact_sequence	ECB_RS15020	b2975	False
ECB_02844	YP_003046030.1	T1_exact_sequence	ECB_RS15025	b2976	True
ECB_02845	YP_003046031.1	T1_exact_sequence	ECB_RS15030	b2977	True
ECB_02846	YP_003046032.1	T1_exact_sequence	ECB_RS15035	b4467	False
ECB_02847	YP_003046033.1	T2_near_identical_rbh	ECB_RS15040	b4468	False
ECB_02848	YP_003046034.1	T2_near_identical_rbh	ECB_RS15045	b2979	False
ECB_02849	YP_003046035.1	T1_exact_sequence	ECB_RS15050	b2980	False
ECB_02850	YP_003046036.1	T2_near_identical_rbh	ECB_RS15055	b2981	False
ECB_02851	YP_003046037.1	no MG1655 partner (REL606-specific or below threshold)	ECB_RS15060		False
ECB_02852	YP_003046038.1	no MG1655 partner (REL606-specific or below threshold)	ECB_RS15065		False
ECB_02853	YP_003046039.1	no MG1655 partner (REL606-specific or below threshold)	ECB_RS15070		False
ECB_02854	YP_003046040.1	no MG1655 partner (REL606-specific or below threshold)	ECB_RS15075		False
ECB_02855	YP_003046041.1	no MG1655 partner (REL606-specific or below threshold)	ECB_RS15080		False
ECB_02856	YP_003046042.1	no MG1655 partner (REL606-specific or below threshold)	ECB_RS15085		False
ECB_02857	YP_003046043.1	no MG1655 partner (REL606-specific or below threshold)	ECB_RS15090		False
ECB_02858	YP_003046044.1	no MG1655 partner (REL606-specific or below threshold)	ECB_RS15095		False
ECB_02859	YP_003046045.1	T3_divergent_syntenic_rbh	ECB_RS15100	b2983	False
ECB_02860	YP_003046046.1	T1_exact_sequence	ECB_RS15105	b2984	False
ECB_02861	YP_003046047.1	T1_exact_sequence	ECB_RS15110	b2985	False
ECB_02862	YP_003046048.1	T1_exact_sequence	ECB_RS15115	b2986	False
ECB_02863	YP_003046049.1	T2_near_identical_rbh	ECB_RS15120	b2987	False
ECB_02864	YP_003046050.1	T2_near_identical_rbh	ECB_RS15125	b2988	True
ECB_02865	YP_003046051.1	T1_exact_sequence	ECB_RS15130	b2989	True
ECB_02866	YP_003046052.1	T1_exact_sequence	ECB_RS15135	b2990	False
ECB_02867	YP_003046053.1	T2_near_identical_rbh	ECB_RS15140	b2991	False
ECB_02868	YP_003046054.1	T1_exact_sequence	ECB_RS15145	b2992	False
ECB_02869	YP_003046055.1	T2_near_identical_rbh	ECB_RS15150	b2993	False
ECB_02870	YP_003046056.1	T1_exact_sequence	ECB_RS15155	b2994	False
ECB_02871	YP_003046057.1	T1_exact_sequence	ECB_RS15160	b2995	False
ECB_02872	YP_003046058.1	T1_exact_sequence	ECB_RS15165	b2996	False
ECB_02874	YP_003046059.1	T2_near_identical_rbh	ECB_RS15185	b2998	False
ECB_02875	YP_003046060.1	no MG1655 partner (REL606-specific or below threshold)	ECB_RS15190		False
ECB_02876	YP_003046061.1	T1_exact_sequence	ECB_RS15195	b3001	True
ECB_02877	YP_003046062.1	T1_exact_sequence	ECB_RS15200	b3002	True
ECB_02878	YP_003046063.1	T1_exact_sequence	ECB_RS15205	b3003	True
ECB_02879	YP_003046064.1	T1_exact_sequence	ECB_RS15210	b3005	True
ECB_02880	YP_003046065.1	T1_exact_sequence	ECB_RS15215	b3006	True
ECB_02881	YP_003046066.1	T2_near_identical_rbh	ECB_RS15225	b3008	True
ECB_02882	YP_003046067.1	T1_exact_sequence	ECB_RS15230	b3009	False
ECB_02883	YP_003046068.1	T2_near_identical_rbh	ECB_RS15235	b3010	False
ECB_02884	YP_003046069.1	T1_exact_sequence	ECB_RS15245	b3011	True
ECB_02885	YP_003046070.1	T1_exact_sequence	ECB_RS15250	b3012	True
ECB_02886	YP_003046071.1	T1_exact_sequence	ECB_RS15255	b3013	False
ECB_02887	YP_003046072.1	T1_exact_sequence	ECB_RS15260	b3014	False
ECB_02888	YP_003046073.1	T2_near_identical_rbh	ECB_RS15265	b4469	True
ECB_02889	YP_003046074.1	T1_exact_sequence	ECB_RS15270	b3017	True
ECB_02890	YP_003046075.1	T2_near_identical_rbh	ECB_RS15275	b3018	True
ECB_02891	YP_003046076.1	T2_near_identical_rbh	ECB_RS15280	b3019	True
ECB_02892	YP_003046077.1	T1_exact_sequence	ECB_RS15285	b3020	True
ECB_02893	YP_003046078.1	T1_exact_sequence	ECB_RS15290	b3021	True
ECB_02894	YP_003046079.1	T1_exact_sequence	ECB_RS15295	b3022	False
ECB_02895	YP_003046080.1	T1_exact_sequence	ECB_RS15300	b3023	False
ECB_02896	YP_003046081.1	T1_exact_sequence	ECB_RS15305	b3024	True
ECB_02897	YP_003046082.1	T2_near_identical_rbh	ECB_RS15310	b3025	True
ECB_02898	YP_003046083.1	T1_exact_sequence	ECB_RS15315	b3026	True
ECB_02899	YP_003046084.1	T1_exact_sequence	ECB_RS15320	b3027	False
ECB_02900	YP_003046085.1	T2_near_identical_rbh	ECB_RS15325	b3028	True
ECB_02901	YP_003046086.1	T1_exact_sequence	ECB_RS15330	b3029	True
ECB_02902	YP_003046087.1	T1_exact_sequence	ECB_RS15335	b3030	True
ECB_02903	YP_003046088.1	T1_exact_sequence	ECB_RS15340	b3031	False
ECB_02904	YP_003046089.1	T2_near_identical_rbh	ECB_RS15345	b3032	True
ECB_02905	YP_003046090.1	T1_exact_sequence	ECB_RS15350	b3033	True
ECB_02906	YP_003046091.1	T1_exact_sequence	ECB_RS15355	b3034	True
ECB_02907	YP_003046092.1	T1_exact_sequence	ECB_RS15360	b3035	True
ECB_02908	YP_003046093.1	ECB_ tag absent from current REL606 annotation			False
ECB_02909	YP_003046094.1	T1_exact_sequence	ECB_RS15370	b3037	True
ECB_02910	YP_003046095.1	T1_exact_sequence	ECB_RS15375	b3038	True
ECB_02911	YP_003046096.1	T2_near_identical_rbh	ECB_RS15380	b3039	False
ECB_02912	YP_003046097.1	T1_exact_sequence	ECB_RS15385	b3040	False
ECB_02913	YP_003046098.1	T1_exact_sequence	ECB_RS15395	b3041	True
ECB_02914	YP_003046099.1	T1_exact_sequence	ECB_RS15400	b3042	True
ECB_02915	YP_003046100.1	T1_exact_sequence	ECB_RS15405	b3043	False
ECB_02916	YP_003046101.1	no MG1655 partner (REL606-specific or below threshold)	ECB_RS15410		False
ECB_02917	YP_003046102.1	T1_exact_sequence	ECB_RS15415	b3047	False
ECB_02918	YP_003046103.1	T1_exact_sequence	ECB_RS15420	b3048	False
ECB_02919	YP_003046104.1	T1_exact_sequence	ECB_RS15425	b3049	False
ECB_02920	YP_003046105.1	T1_exact_sequence	ECB_RS15430	b3050	False
ECB_02921	YP_003046106.1	T2_near_identical_rbh	ECB_RS15435	b3051	False
ECB_02922	YP_003046107.1	T1_exact_sequence	ECB_RS15450	b3052	True
ECB_02923	YP_003046108.1	T2_near_identical_rbh	ECB_RS15455	b3053	True
ECB_02924	YP_003046109.1	T1_exact_sequence	ECB_RS15460	b3054	True
ECB_02925	YP_003046110.1	T1_exact_sequence	ECB_RS15470	b3055	True
ECB_02926	YP_003046111.1	T1_exact_sequence	ECB_RS15475	b3056	True
ECB_02927	YP_003046112.1	T1_exact_sequence	ECB_RS15480	b3057	False
ECB_02928	YP_003046113.1	T1_exact_sequence	ECB_RS15485	b3058	True
ECB_02929	YP_003046114.1	T1_exact_sequence	ECB_RS15490	b3059	False
ECB_02930	YP_003046115.1	T1_exact_sequence	ECB_RS15495	b3060	False
ECB_02931	YP_003046116.1	T1_exact_sequence	ECB_RS15500	b3061	False
ECB_02932	YP_003046117.1	T1_exact_sequence	ECB_RS15505	b3062	False
ECB_02933	YP_003046118.1	T2_near_identical_rbh	ECB_RS15510	b3063	False
ECB_02934	YP_003046119.1	T1_exact_sequence	ECB_RS15515	b3064	True
ECB_02935	YP_003046120.1	T1_exact_sequence	ECB_RS15520	b3065	True
ECB_02936	YP_003046121.1	T1_exact_sequence	ECB_RS15525	b3066	True
ECB_02937	YP_003046122.1	T2_near_identical_rbh	ECB_RS15530	b3067	True
ECB_02938	YP_003046123.1	T1_exact_sequence	ECB_RS15535	b3068	True
ECB_02939	YP_003046124.1	T2_near_identical_rbh	ECB_RS15545	b3070	True
ECB_02940	YP_003046125.1	T1_exact_sequence	ECB_RS15550	b3071	True
ECB_02941	YP_003046126.1	T1_exact_sequence	ECB_RS15555	b3072	False
ECB_02942	YP_003046127.1	T1_exact_sequence	ECB_RS15560	b3073	True
ECB_02943	YP_003046128.1	T1_exact_sequence	ECB_RS15565	b3074	False
ECB_02944	YP_003046129.1	T1_exact_sequence	ECB_RS15570	b3075	True
ECB_02945	YP_003046130.1	T2_near_identical_rbh	ECB_RS15575	b3076	False
ECB_02946	YP_003046131.1	T1_exact_sequence	ECB_RS15580	b3077	False
ECB_02947	YP_003046132.1	T1_exact_sequence	ECB_RS15585	b3078	False
ECB_02948	YP_003046133.1	T1_exact_sequence	ECB_RS15590	b3079	False
ECB_02949	YP_003046134.1	T2_near_identical_rbh	ECB_RS15595	b3080	False
ECB_02950	YP_003046135.1	T1_exact_sequence	ECB_RS15600	b3081	True
ECB_02951	YP_003046136.1	T1_exact_sequence	ECB_RS15605	b3082	False
ECB_02952	YP_003046137.1	T1_exact_sequence	ECB_RS15610	b3083	False
ECB_02953	YP_003046138.1	T1_exact_sequence	ECB_RS15620	b3084	True
ECB_02954	YP_003046139.1	T2_near_identical_rbh	ECB_RS15625	b3085	False
ECB_02955	YP_003046140.1	T1_exact_sequence	ECB_RS15630	b3086	False
ECB_02956	YP_003046141.1	T2_near_identical_rbh	ECB_RS15635	b3087	True
ECB_02957	YP_003046142.1	T2_near_identical_rbh	ECB_RS15640	b3088	False
ECB_02958	YP_003046143.1	T2_near_identical_rbh	ECB_RS15645	b3089	True
ECB_02959	YP_003046144.1	T2_near_identical_rbh	ECB_RS15650	b3090	False
ECB_02960	YP_003046145.1	T2_near_identical_rbh	ECB_RS15655	b3091	True
ECB_02961	YP_003046146.1	T1_exact_sequence	ECB_RS15660	b3092	True
ECB_02962	YP_003046147.1	T2_near_identical_rbh	ECB_RS15665	b3093	False
ECB_02963	YP_003046148.1	T2_near_identical_rbh	ECB_RS15670	b3094	True
ECB_02964	YP_003046149.1	T1_exact_sequence	ECB_RS15675	b3095	False
ECB_02965	YP_003046150.1	T1_exact_sequence	ECB_RS15680	b3096	False
ECB_02966	YP_003046151.1	T1_exact_sequence	ECB_RS15685	b3097	False
ECB_02967	YP_003046152.1	T1_exact_sequence	ECB_RS15690	b3098	True
ECB_02968	YP_003046153.1	T1_exact_sequence	ECB_RS15695	b3099	False
ECB_02969	YP_003046154.1	T2_near_identical_rbh	ECB_RS15700	b3100	False
ECB_02970	YP_003046155.1	T1_exact_sequence	ECB_RS15705	b3101	False
ECB_02971	YP_003046156.1	T2_near_identical_rbh	ECB_RS15710	b3102	True
ECB_02972	YP_003046157.1	T1_exact_sequence	ECB_RS15715	b3103	False
ECB_02973	YP_003046158.1	T1_exact_sequence	ECB_RS15720	b3104	False
ECB_02974	YP_003046159.1	T2_near_identical_rbh	ECB_RS15725	b3105	True
ECB_02975	YP_003046160.1	T1_exact_sequence	ECB_RS15730	b3106	False
ECB_02976	YP_003046161.1	T2_near_identical_rbh	ECB_RS15735	b3107	False
ECB_02977	YP_003046162.1	T2_near_identical_rbh	ECB_RS15740	b4470	False
ECB_02978	YP_003046163.1	T1_exact_sequence	ECB_RS15745	b3110	False
ECB_02979	YP_003046164.1	T1_exact_sequence	ECB_RS15750	b4471	False
ECB_02980	YP_003046165.1	T1_exact_sequence	ECB_RS15755	b3113	True
ECB_02981	YP_003046166.1	T1_exact_sequence	ECB_RS15760	b3114	True
ECB_02982	YP_003046167.1	T1_exact_sequence	ECB_RS15765	b3115	False
ECB_02983	YP_003046168.1	T1_exact_sequence	ECB_RS15770	b3116	False
ECB_02984	YP_003046169.1	T1_exact_sequence	ECB_RS15775	b3117	False
ECB_02985	YP_003046170.1	T1_exact_sequence	ECB_RS15780	b3118	False
ECB_02986	YP_003046171.1	T1_exact_sequence	ECB_RS25815	b3119	False
ECB_02987	YP_003046172.1	T1_exact_sequence	ECB_RS15790	b3120	False
ECB_02988	YP_003046173.1	current locus is pseudogene	ECB_RS15795		False
ECB_02989	YP_003046174.1	T1_exact_sequence	ECB_RS15800	b3124	False
ECB_02990	YP_003046175.1	T2_near_identical_rbh	ECB_RS15805	b3125	True
ECB_02991	YP_003046176.1	T1_exact_sequence	ECB_RS15810	b3126	False
ECB_02992	YP_003046177.1	T1_exact_sequence	ECB_RS15815	b3127	False
ECB_02993	YP_003046178.1	T2_near_identical_rbh	ECB_RS15820	b3128	False
ECB_02994	YP_003046179.1	T2_near_identical_rbh	ECB_RS15825	b3129	False
ECB_02995	YP_003046180.1	current locus is pseudogene	ECB_RS15830		False
ECB_02996	YP_003046181.1	T1_exact_sequence	ECB_RS15835	b3131	True
ECB_02997	YP_003046182.1	T2_near_identical_rbh	ECB_RS15840	b3132	False
ECB_02998	YP_003046183.1	T2_near_identical_rbh	ECB_RS15845	b3133	False
ECB_02999	YP_003046184.1	no MG1655 partner (REL606-specific or below threshold)	ECB_RS15850		False
ECB_03000	YP_003046185.1	no MG1655 partner (REL606-specific or below threshold)	ECB_RS15855		False
ECB_03001	YP_003046186.1	no MG1655 partner (REL606-specific or below threshold)	ECB_RS15860		False
ECB_03002	YP_003046187.1	no MG1655 partner (REL606-specific or below threshold)	ECB_RS15865		False
ECB_03003	YP_003046188.1	T2_near_identical_rbh	ECB_RS15870	b3136	False
ECB_03004	YP_003046189.1	T1_exact_sequence	ECB_RS15875	b3137	False
ECB_03005	YP_003046190.1	T2_near_identical_rbh	ECB_RS15880	b3138	False
ECB_03006	YP_003046191.1	T1_exact_sequence	ECB_RS15885	b3139	False
ECB_03007	YP_003046192.1	T2_near_identical_rbh	ECB_RS15890	b3140	False
ECB_03008	YP_003046193.1	T2_near_identical_rbh	ECB_RS15895	b3141	False
ECB_03009	YP_003046194.1	T2_near_identical_rbh	ECB_RS15900	b3142	False
ECB_03010	YP_003046195.1	T2_near_identical_rbh	ECB_RS15905	b3143	False
ECB_03011	YP_003046196.1	T2_near_identical_rbh	ECB_RS15910	b3144	False
ECB_03012	YP_003046197.1	T1_exact_sequence	ECB_RS15915	b3145	False
ECB_03013	YP_003046198.1	T1_exact_sequence	ECB_RS15920	b3146	True
ECB_03014	YP_003046199.1	T2_near_identical_rbh	ECB_RS15925	b3147	True
ECB_03015	YP_003046200.1	T1_exact_sequence	ECB_RS15930	b3148	False
ECB_03016	YP_003046201.1	T1_exact_sequence	ECB_RS15935	b3149	True
ECB_03017	YP_003046202.1	T1_exact_sequence	ECB_RS15940	b3150	True
ECB_03018	YP_003046203.1	T2_near_identical_rbh	ECB_RS15945	b3151	False
ECB_03019	YP_003046204.1	T2_near_identical_rbh	ECB_RS15950	b3152	False
ECB_03020	YP_003046205.1	T1_exact_sequence	ECB_RS15955	b3153	False
ECB_03021	YP_003046206.1	T1_exact_sequence	ECB_RS15960	b3154	False
ECB_03022	YP_003046207.1	T2_near_identical_rbh	ECB_RS15965	b3155	False
ECB_03023	YP_003046208.1	T1_exact_sequence	ECB_RS15970	b3156	True
ECB_03024	YP_003046209.1	T1_exact_sequence	ECB_RS15975	b3157	False
ECB_03025	YP_003046210.1	T2_near_identical_rbh	ECB_RS15980	b3158	False
ECB_03026	YP_003046211.1	T1_exact_sequence	ECB_RS15985	b3159	False
ECB_03027	YP_003046212.1	T2_near_identical_rbh	ECB_RS15990	b3160	True
ECB_03028	YP_003046213.1	T1_exact_sequence	ECB_RS15995	b3161	False
ECB_03029	YP_003046214.1	T1_exact_sequence	ECB_RS16005	b3162	True
ECB_03030	YP_003046215.1	T1_exact_sequence	ECB_RS16010	b3163	True
ECB_03031	YP_003046216.1	T1_exact_sequence	ECB_RS16015	b3164	True
ECB_03032	YP_003046217.1	T1_exact_sequence	ECB_RS16020	b3165	True
ECB_03033	YP_003046218.1	T1_exact_sequence	ECB_RS16025	b3166	True
ECB_03034	YP_003046219.1	T1_exact_sequence	ECB_RS16030	b3167	True
ECB_03035	YP_003046220.1	T1_exact_sequence	ECB_RS16035	b3168	True
ECB_03036	YP_003046221.1	T1_exact_sequence	ECB_RS16040	b3169	True
ECB_03037	YP_003046222.1	T1_exact_sequence	ECB_RS16045	b3170	True
ECB_03038	YP_003046223.1	T2_near_identical_rbh	ECB_RS16055	b3172	True
ECB_03039	YP_003046224.1	T2_near_identical_rbh	ECB_RS16060	b3173	False
ECB_03040	YP_003046225.1	T2_near_identical_rbh	ECB_RS16070	b3175	True
ECB_03041	YP_003046226.1	T1_exact_sequence	ECB_RS16075	b3176	True
ECB_03042	YP_003046227.1	T1_exact_sequence	ECB_RS16080	b3177	True
ECB_03043	YP_003046228.1	T1_exact_sequence	ECB_RS16085	b3178	True
ECB_03044	YP_003046229.1	T1_exact_sequence	ECB_RS16090	b3179	True
ECB_03045	YP_003046230.1	T1_exact_sequence	ECB_RS16095	b3180	True
ECB_03046	YP_003046231.1	T1_exact_sequence	ECB_RS16100	b3181	True
ECB_03047	YP_003046232.1	T2_near_identical_rbh	ECB_RS16105	b3182	True
ECB_03048	YP_003046233.1	T2_near_identical_rbh	ECB_RS16110	b3183	True
ECB_03049	YP_003046234.1	T1_exact_sequence	ECB_RS16115	b3184	False
ECB_03050	YP_003046235.1	T1_exact_sequence	ECB_RS16120	b3185	True
ECB_03051	YP_003046236.1	T1_exact_sequence	ECB_RS16125	b3186	True
ECB_03052	YP_003046237.1	T1_exact_sequence	ECB_RS16130	b3187	True
ECB_03053	YP_003046238.1	T1_exact_sequence	ECB_RS16135	b3188	False
ECB_03054	YP_003046239.1	T1_exact_sequence	ECB_RS16140	b3189	True
ECB_03055	YP_003046240.1	T1_exact_sequence	ECB_RS16145	b3190	True
ECB_03056	YP_003046241.1	T1_exact_sequence	ECB_RS16150	b3191	True
ECB_03057	YP_003046242.1	T1_exact_sequence	ECB_RS16155	b3192	True
ECB_03058	YP_003046243.1	T1_exact_sequence	ECB_RS16160	b3193	True
ECB_03059	YP_003046244.1	T1_exact_sequence	ECB_RS16165	b3194	True
ECB_03060	YP_003046245.1	T1_exact_sequence	ECB_RS16170	b3195	True
ECB_03061	YP_003046246.1	T2_near_identical_rbh	ECB_RS16175	b3196	False
ECB_03062	YP_003046247.1	T1_exact_sequence	ECB_RS16180	b3197	True
ECB_03063	YP_003046248.1	T2_near_identical_rbh	ECB_RS16185	b3198	True
ECB_03064	YP_003046249.1	T2_near_identical_rbh	ECB_RS16190	b3199	True
ECB_03065	YP_003046250.1	T2_near_identical_rbh	ECB_RS16195	b3200	True
ECB_03066	YP_003046251.1	T1_exact_sequence	ECB_RS16200	b3201	True
ECB_03067	YP_003046252.1	T2_near_identical_rbh	ECB_RS16205	b3202	True
ECB_03068	YP_003046253.1	T1_exact_sequence	ECB_RS16210	b3203	True
ECB_03069	YP_003046254.1	T1_exact_sequence	ECB_RS16215	b3204	True
ECB_03070	YP_003046255.1	T1_exact_sequence	ECB_RS16220	b3205	True
ECB_03071	YP_003046256.1	T1_exact_sequence	ECB_RS16225	b3206	False
ECB_03072	YP_003046257.1	T1_exact_sequence	ECB_RS16230	b3207	False
ECB_03073	YP_003046258.1	T1_exact_sequence	ECB_RS16235	b3208	False
ECB_03074	YP_003046259.1	T1_exact_sequence	ECB_RS16240	b3209	True
ECB_03075	YP_003046260.1	T2_near_identical_rbh	ECB_RS16245	b3210	True
ECB_03076	YP_003046261.1	T1_exact_sequence	ECB_RS16250	b3211	False
ECB_03077	YP_003046262.1	T2_near_identical_rbh	ECB_RS16255	b3212	True
ECB_03078	YP_003046263.1	T2_near_identical_rbh	ECB_RS16260	b3213	True
ECB_03079	YP_003046264.1	current locus is pseudogene	ECB_RS16265		False
ECB_03080	YP_003046265.1	no MG1655 partner (REL606-specific or below threshold)	ECB_RS16270		True
ECB_03081	YP_003046266.1	T2_near_identical_rbh	ECB_RS16275	b3221	False
ECB_03082	YP_003046267.1	T2_near_identical_rbh	ECB_RS16280	b3222	False
ECB_03083	YP_003046268.1	T2_near_identical_rbh	ECB_RS16285	b3223	False
ECB_03084	YP_003046269.1	T2_near_identical_rbh	ECB_RS16290	b3224	False
ECB_03085	YP_003046270.1	T1_exact_sequence	ECB_RS16295	b3225	True
ECB_03086	YP_003046271.1	T2_near_identical_rbh	ECB_RS16300	b3226	True
ECB_03087	YP_003046272.1	T1_exact_sequence	ECB_RS16305	b3227	False
ECB_03088	YP_003046273.1	T1_exact_sequence	ECB_RS16310	b3228	True
ECB_03089	YP_003046274.1	T1_exact_sequence	ECB_RS16315	b3229	True
ECB_03090	YP_003046275.1	T1_exact_sequence	ECB_RS16320	b3230	True
ECB_03091	YP_003046276.1	T1_exact_sequence	ECB_RS16325	b3231	True
ECB_03092	YP_003046277.1	T2_near_identical_rbh	ECB_RS16330	b3232	True
ECB_03093	YP_003046278.1	T1_exact_sequence	ECB_RS16335	b3233	True
ECB_03094	YP_003046279.1	T1_exact_sequence	ECB_RS16340	b3234	True
ECB_03095	YP_003046280.1	T2_near_identical_rbh	ECB_RS16345	b3235	True
ECB_03096	YP_003046281.1	T1_exact_sequence	ECB_RS16350	b3236	True
ECB_03097	YP_003046282.1	T2_near_identical_rbh	ECB_RS16355	b3237	True
ECB_03098	YP_003046283.1	T2_near_identical_rbh	ECB_RS16360	b3238	False
ECB_03099	YP_003046284.1	T2_near_identical_rbh	ECB_RS16365	b3239	False
ECB_03100	YP_003046285.1	T2_near_identical_rbh	ECB_RS16370	b3240	False
ECB_03101	YP_003046286.1	T2_near_identical_rbh	ECB_RS16375	b3241	False
ECB_03102	YP_003046287.1	T1_exact_sequence	ECB_RS16380	b3242	False
ECB_03103	YP_003046288.1	T1_exact_sequence	ECB_RS16385	b3243	False
ECB_03104	YP_003046289.1	T1_exact_sequence	ECB_RS16390	b3244	True
ECB_03105	YP_003046290.1	T2_near_identical_rbh	ECB_RS16395	b4472	True
ECB_03106	YP_003046291.1	T1_exact_sequence	ECB_RS16400	b3247	True
ECB_03107	YP_003046292.1	T1_exact_sequence	ECB_RS16405	b3248	True
ECB_03108	YP_003046293.1	T1_exact_sequence	ECB_RS16410	b3249	False
ECB_03109	YP_003046294.1	T1_exact_sequence	ECB_RS16415	b3250	True
ECB_03110	YP_003046295.1	T1_exact_sequence	ECB_RS16420	b3251	True
ECB_03111	YP_003046296.1	T1_exact_sequence	ECB_RS16430	b3252	True
ECB_03112	YP_003046297.1	T1_exact_sequence	ECB_RS16435	b3253	True
ECB_03113	YP_003046298.1	T1_exact_sequence	ECB_RS16455	b3255	True
ECB_03114	YP_003046299.1	T1_exact_sequence	ECB_RS16460	b3256	True
ECB_03115	YP_003046300.1	T1_exact_sequence	ECB_RS16465	b3257	False
ECB_03116	YP_003046301.1	T1_exact_sequence	ECB_RS16470	b3258	False
ECB_03117	YP_003046302.1	T1_exact_sequence	ECB_RS16475	b3259	True
ECB_03118	YP_003046303.1	T1_exact_sequence	ECB_RS16480	b3260	False
ECB_03119	YP_003046304.1	T1_exact_sequence	ECB_RS16485	b3261	True
ECB_03120	YP_003046305.1	T2_near_identical_rbh	ECB_RS16490	b3262	False
ECB_03121	YP_003046306.1	T1_exact_sequence	ECB_RS16495	b3263	False
ECB_03122	YP_003046307.1	T1_exact_sequence	ECB_RS16500	b3264	False
ECB_03123	YP_003046308.1	T2_near_identical_rbh	ECB_RS16505	b3265	False
ECB_03124	YP_003046309.1	T2_near_identical_rbh	ECB_RS16510	b3266	True
ECB_03125	YP_003046310.1	T1_exact_sequence	ECB_RS16515	b3267	False
ECB_03126	YP_003046311.1	no MG1655 partner (REL606-specific or below threshold)	ECB_RS16525		True
ECB_03127	YP_003046312.1	T2_near_identical_rbh	ECB_RS16530	b3269	False
ECB_03128	YP_003046313.1	T2_near_identical_rbh	ECB_RS16535	b3270	False
ECB_03129	YP_003046314.1	T1_exact_sequence	ECB_RS16540	b3271	True
ECB_03130	YP_003046315.1	T2_near_identical_rbh	ECB_RS16580	b3279	True
ECB_03131	YP_003046316.1	T1_exact_sequence	ECB_RS16585	b3280	False
ECB_03132	YP_003046317.1	T1_exact_sequence	ECB_RS16590	b3281	True
ECB_03133	YP_003046318.1	T1_exact_sequence	ECB_RS16595	b3282	True
ECB_03134	YP_003046319.1	T1_exact_sequence	ECB_RS16600	b3283	True
ECB_03135	YP_003046320.1	T1_exact_sequence	ECB_RS16605	b3284	False
ECB_03136	YP_003046321.1	T1_exact_sequence	ECB_RS16610	b4473	False
ECB_03137	YP_003046322.1	T1_exact_sequence	ECB_RS16615	b3287	True
ECB_03138	YP_003046323.1	T1_exact_sequence	ECB_RS16620	b3288	True
ECB_03139	YP_003046324.1	T1_exact_sequence	ECB_RS16625	b3289	True
ECB_03140	YP_003046325.1	T2_near_identical_rbh	ECB_RS16630	b3290	True
ECB_03141	YP_003046326.1	T1_exact_sequence	ECB_RS16635	b3291	True
ECB_03142	YP_003046327.1	T1_exact_sequence	ECB_RS16640	b4550	False
ECB_03143	YP_003046328.1	T1_exact_sequence	ECB_RS16645	b3292	False
ECB_03144	YP_003046329.1	T1_exact_sequence	ECB_RS16650	b3293	False
ECB_03145	YP_003046330.1	T1_exact_sequence	ECB_RS16655	b3294	True
ECB_03146	YP_003046331.1	T1_exact_sequence	ECB_RS16660	b3295	True
ECB_03147	YP_003046332.1	T1_exact_sequence	ECB_RS16665	b3296	True
ECB_03148	YP_003046333.1	T1_exact_sequence	ECB_RS16670	b3297	True
ECB_03149	YP_003046334.1	T1_exact_sequence	ECB_RS16675	b3298	True
ECB_03150	YP_003046335.1	T1_exact_sequence	ECB_RS16680	b3299	False
ECB_03151	YP_003046336.1	T1_exact_sequence	ECB_RS16685	b3300	True
ECB_03152	YP_003046337.1	T2_near_identical_rbh	ECB_RS16690	b3301	True
ECB_03153	YP_003046338.1	T1_exact_sequence	ECB_RS16695	b3302	True
ECB_03154	YP_003046339.1	T2_near_identical_rbh	ECB_RS16700	b3303	True
ECB_03155	YP_003046340.1	T1_exact_sequence	ECB_RS16705	b3304	True
ECB_03156	YP_003046341.1	T1_exact_sequence	ECB_RS16710	b3305	True
ECB_03157	YP_003046342.1	T1_exact_sequence	ECB_RS16715	b3306	True
ECB_03158	YP_003046343.1	T1_exact_sequence	ECB_RS16720	b3307	True
ECB_03159	YP_003046344.1	T1_exact_sequence	ECB_RS16725	b3308	True
ECB_03160	YP_003046345.1	T1_exact_sequence	ECB_RS16730	b3309	True
ECB_03161	YP_003046346.1	T1_exact_sequence	ECB_RS16735	b3310	True
ECB_03162	YP_003046347.1	T1_exact_sequence	ECB_RS16740	b3311	True
ECB_03163	YP_003046348.1	T1_exact_sequence	ECB_RS16745	b3312	True
ECB_03164	YP_003046349.1	T1_exact_sequence	ECB_RS16750	b3313	True
ECB_03165	YP_003046350.1	T1_exact_sequence	ECB_RS16755	b3314	True
ECB_03166	YP_003046351.1	T1_exact_sequence	ECB_RS16760	b3315	True
ECB_03167	YP_003046352.1	T1_exact_sequence	ECB_RS16765	b3316	True
ECB_03168	YP_003046353.1	T1_exact_sequence	ECB_RS16770	b3317	True
ECB_03169	YP_003046354.1	T1_exact_sequence	ECB_RS16775	b3318	True
ECB_03170	YP_003046355.1	T1_exact_sequence	ECB_RS16780	b3319	True
ECB_03171	YP_003046356.1	T1_exact_sequence	ECB_RS16785	b3320	True
ECB_03172	YP_003046357.1	T1_exact_sequence	ECB_RS16790	b3321	True
ECB_03173	YP_003046358.1	T2_near_identical_rbh	ECB_RS16795	b3322	False
ECB_03174	YP_003046359.1	T2_near_identical_rbh	ECB_RS16800	b3323	False
ECB_03175	YP_003046360.1	T1_exact_sequence	ECB_RS16805	b3324	False
ECB_03176	YP_003046361.1	T2_near_identical_rbh	ECB_RS16810	b3325	False
ECB_03177	YP_003046362.1	T2_near_identical_rbh	ECB_RS16815	b3326	False
ECB_03178	YP_003046363.1	T1_exact_sequence	ECB_RS16820	b3327	False
ECB_03179	YP_003046364.1	T1_exact_sequence	ECB_RS16825	b3328	False
ECB_03180	YP_003046365.1	T2_near_identical_rbh	ECB_RS16830	b3329	False
ECB_03181	YP_003046366.1	T1_exact_sequence	ECB_RS16835	b3330	False
ECB_03182	YP_003046367.1	T1_exact_sequence	ECB_RS16840	b3331	False
ECB_03183	YP_003046368.1	T2_near_identical_rbh	ECB_RS16845	b3332	False
ECB_03184	YP_003046369.1	T2_near_identical_rbh	ECB_RS16850	b3333	False
ECB_03185	YP_003046370.1	T1_exact_sequence	ECB_RS16855	b3334	False
ECB_03186	YP_003046371.1	T2_near_identical_rbh	ECB_RS16860	b3335	False
ECB_03187	YP_003046372.1	T1_exact_sequence	ECB_RS16865	b3336	True
ECB_03188	YP_003046373.1	T1_exact_sequence	ECB_RS16870	b3337	False
ECB_03189	YP_003046374.1	T2_near_identical_rbh	ECB_RS16875	b3338	False
ECB_03190	YP_003046375.1	T1_exact_sequence	ECB_RS16880	b3339	True
ECB_03191	YP_003046376.1	T1_exact_sequence	ECB_RS16885	b3340	True
ECB_03192	YP_003046377.1	T2_near_identical_rbh	ECB_RS16890	b3341	True
ECB_03193	YP_003046378.1	T2_near_identical_rbh	ECB_RS16895	b3342	True
ECB_03194	YP_003046379.1	T2_near_identical_rbh	ECB_RS16900	b3343	True
ECB_03195	YP_003046380.1	T2_near_identical_rbh	ECB_RS16905	b3344	True
ECB_03196	YP_003046381.1	T2_near_identical_rbh	ECB_RS16910	b3345	False
ECB_03197	YP_003046382.1	T1_exact_sequence	ECB_RS16915	b3346	True
ECB_03198	YP_003046383.1	T2_near_identical_rbh	ECB_RS16920	b3347	True
ECB_03199	YP_003046384.1	T1_exact_sequence	ECB_RS16925	b3348	True
ECB_03200	YP_003046385.1	T1_exact_sequence	ECB_RS16930	b3349	True
ECB_03201	YP_003046386.1	T2_near_identical_rbh	ECB_RS16940	b3350	False
ECB_03202	YP_003046387.1	T2_near_identical_rbh	ECB_RS16945	b3351	True
ECB_03203	YP_003046388.1	T1_exact_sequence	ECB_RS16950	b3352	True
ECB_03204	YP_003046389.1	T1_exact_sequence	ECB_RS16955	b3353	False
ECB_03205	YP_003046390.1	T1_exact_sequence	ECB_RS16960	b3354	False
ECB_03206	YP_003046391.1	T1_exact_sequence	ECB_RS16965	b3355	True
ECB_03207	YP_003046392.1	T1_exact_sequence	ECB_RS16970	b3356	True
ECB_03208	YP_003046393.1	T1_exact_sequence	ECB_RS16980	b3357	True
ECB_03209	YP_003046394.1	T2_near_identical_rbh	ECB_RS16985	b3358	True
ECB_03210	YP_003046395.1	T1_exact_sequence	ECB_RS16990	b3359	True
ECB_03211	YP_003046396.1	T1_exact_sequence	ECB_RS16995	b3360	True
ECB_03212	YP_003046397.1	T2_near_identical_rbh	ECB_RS17000	b3361	True
ECB_03213	YP_003046398.1	T2_near_identical_rbh	ECB_RS17005	b3362	False
ECB_03214	YP_003046399.1	T2_near_identical_rbh	ECB_RS17010	b3363	True
ECB_03215	YP_003046400.1	T2_near_identical_rbh	ECB_RS17015	b3364	False
ECB_03216	YP_003046401.1	T1_exact_sequence	ECB_RS17020	b3365	False
ECB_03217	YP_003046402.1	T1_exact_sequence	ECB_RS17025	b3366	False
ECB_03218	YP_003046403.1	T1_exact_sequence	ECB_RS17030	b3367	False
ECB_03219	YP_003046404.1	T1_exact_sequence	ECB_RS17035	b3368	True
ECB_03220	YP_003046405.1	T1_exact_sequence	ECB_RS17040	b3369	False
ECB_03221	YP_003046406.1	T1_exact_sequence	ECB_RS17045	b3370	False
ECB_03222	YP_003046407.1	T1_exact_sequence	ECB_RS17050	b3371	True
ECB_03223	YP_003046408.1	T1_exact_sequence	ECB_RS17055	b4474	False
ECB_03224	YP_003046409.1	T1_exact_sequence	ECB_RS17060	b3374	False
ECB_03225	YP_003046410.1	T1_exact_sequence	ECB_RS17065	b3375	False
ECB_03227	YP_003046411.1	no MG1655 partner (REL606-specific or below threshold)	ECB_RS17075		False
ECB_03228	YP_003046412.1	ECB_ tag absent from current REL606 annotation			False
ECB_03229	YP_003046413.1	T2_near_identical_rbh	ECB_RS17085	b3377	False
ECB_03230	YP_003046414.1	T1_exact_sequence	ECB_RS17090	b3378	False
ECB_03231	YP_003046415.1	T1_exact_sequence	ECB_RS17095	b3379	False
ECB_03232	YP_003046416.1	T2_near_identical_rbh	ECB_RS17100	b3380	True
ECB_03233	YP_003046417.1	T2_near_identical_rbh	ECB_RS17105	b3381	False
ECB_03234	YP_003046418.1	T1_exact_sequence	ECB_RS17110	b3382	False
ECB_03235	YP_003046419.1	T1_exact_sequence	ECB_RS17115	b3383	False
ECB_03236	YP_003046420.1	T1_exact_sequence	ECB_RS17120	b3384	True
ECB_03237	YP_003046421.1	T1_exact_sequence	ECB_RS17125	b3385	True
ECB_03238	YP_003046422.1	T1_exact_sequence	ECB_RS17130	b3386	True
ECB_03239	YP_003046423.1	T1_exact_sequence	ECB_RS17135	b3387	False
ECB_03240	YP_003046424.1	T2_near_identical_rbh	ECB_RS17140	b3388	True
ECB_03241	YP_003046425.1	T2_near_identical_rbh	ECB_RS17145	b3389	True
ECB_03242	YP_003046426.1	T1_exact_sequence	ECB_RS17150	b3390	True
ECB_03243	YP_003046427.1	T2_near_identical_rbh	ECB_RS17155	b3391	False
ECB_03244	YP_003046428.1	T2_near_identical_rbh	ECB_RS17160	b3392	False
ECB_03245	YP_003046429.1	T2_near_identical_rbh	ECB_RS17165	b3393	False
ECB_03246	YP_003046430.1	T1_exact_sequence	ECB_RS17170	b3394	False
ECB_03247	YP_003046431.1	T2_near_identical_rbh	ECB_RS17175	b3395	False
ECB_03248	YP_003046432.1	T2_near_identical_rbh	ECB_RS17180	b3396	True
ECB_03249	YP_003046433.1	T1_exact_sequence	ECB_RS17185	b3397	True
ECB_03250	YP_003046434.1	T2_near_identical_rbh	ECB_RS17190	b3398	True
ECB_03251	YP_003046435.1	T2_near_identical_rbh	ECB_RS17195	b3399	True
ECB_03252	YP_003046436.1	T2_near_identical_rbh	ECB_RS17200	b3400	True
ECB_03253	YP_003046437.1	T1_exact_sequence	ECB_RS17205	b3401	True
ECB_03254	YP_003046438.1	T2_near_identical_rbh	ECB_RS17210	b3402	False
ECB_03255	YP_003046439.1	T1_exact_sequence	ECB_RS17220	b3403	True
ECB_03256	YP_003046440.1	T2_near_identical_rbh	ECB_RS17225	b3404	False
ECB_03257	YP_003046441.1	T2_near_identical_rbh	ECB_RS17230	b3405	True
ECB_03258	YP_003046442.1	T2_near_identical_rbh	ECB_RS17235	b3406	True
ECB_03259	YP_003046443.1	T2_near_identical_rbh	ECB_RS17240	b3407	True
ECB_03260	YP_003046444.1	T1_exact_sequence	ECB_RS17245	b3408	False
ECB_03261	YP_003046445.1	T2_near_identical_rbh	ECB_RS17250	b3409	True
ECB_03262	YP_003046446.1	T2_near_identical_rbh	ECB_RS17255	b3410	False
ECB_03263	YP_003046447.1	T2_near_identical_rbh	ECB_RS17260	b3411	False
ECB_03264	YP_003046448.1	T2_near_identical_rbh	ECB_RS17265	b3412	True
ECB_03265	YP_003046449.1	T2_near_identical_rbh	ECB_RS17270	b3413	False
ECB_03266	YP_003046450.1	T1_exact_sequence	ECB_RS17275	b3414	True
ECB_03267	YP_003046451.1	T1_exact_sequence	ECB_RS17280	b3415	False
ECB_03268	YP_003046452.1	T2_near_identical_rbh	ECB_RS17285	b3416	True
ECB_03269	YP_003046453.1	T2_near_identical_rbh	ECB_RS17290	b3417	True
ECB_03270	YP_003046454.1	T2_near_identical_rbh	ECB_RS17295	b3418	True
ECB_03271	YP_003046455.1	T2_near_identical_rbh	ECB_RS17300	b4475	False
ECB_03272	YP_003046456.1	T2_near_identical_rbh	ECB_RS17305	b3421	False
ECB_03273	YP_003046457.1	T2_near_identical_rbh	ECB_RS17310	b3422	False
ECB_03274	YP_003046458.1	no MG1655 partner (REL606-specific or below threshold)	ECB_RS17315		True
ECB_03275	YP_003046459.1	T1_exact_sequence	ECB_RS17320	b3424	True
ECB_03276	YP_003046460.1	T1_exact_sequence	ECB_RS17325	b3425	True
ECB_03277	YP_003046461.1	T2_near_identical_rbh	ECB_RS17330	b3426	True
ECB_03279	YP_003046462.1	no MG1655 partner (REL606-specific or below threshold)	ECB_RS17340		False
ECB_03280	YP_003046463.1	T1_exact_sequence	ECB_RS17350	b3428	True
ECB_03281	YP_003046464.1	T1_exact_sequence	ECB_RS17355	b3429	True
ECB_03282	YP_003046465.1	T1_exact_sequence	ECB_RS17360	b3430	True
ECB_03283	YP_003046466.1	T2_near_identical_rbh	ECB_RS17365	b3431	True
ECB_03284	YP_003046467.1	T1_exact_sequence	ECB_RS17370	b3432	True
ECB_03285	YP_003046468.1	T2_near_identical_rbh	ECB_RS17375	b3433	True
ECB_03286	YP_003046469.1	T1_exact_sequence	ECB_RS17380	b3434	False
ECB_03287	YP_003046470.1	T1_exact_sequence	ECB_RS17385	b4476	False
ECB_03288	YP_003046471.1	T1_exact_sequence	ECB_RS17390	b3437	True
ECB_03289	YP_003046472.1	T2_near_identical_rbh	ECB_RS17395	b3438	True
ECB_03290	YP_003046473.1	T1_exact_sequence	ECB_RS17400	b3439	False
ECB_03291	YP_003046474.1	T1_exact_sequence	ECB_RS17405	b3440	True
ECB_03292	YP_003046475.1	T1_exact_sequence	ECB_RS17410	b3441	False
ECB_03293	YP_003046476.1	T2_near_identical_rbh	ECB_RS17415	b3442	False
ECB_03294	YP_003046477.1	no MG1655 partner (REL606-specific or below threshold)	ECB_RS17420		False
ECB_03295	YP_003046478.1	T1_exact_sequence	ECB_RS17425	b3446	False
ECB_03296	YP_003046479.1	T2_near_identical_rbh	ECB_RS17430	b3447	False
ECB_03297	YP_003046480.1	T1_exact_sequence	ECB_RS17435	b3448	True
ECB_03298	YP_003046481.1	T2_near_identical_rbh	ECB_RS17440	b3449	True
ECB_03299	YP_003046482.1	T1_exact_sequence	ECB_RS17445	b3450	True
ECB_03300	YP_003046483.1	T2_near_identical_rbh	ECB_RS17450	b3451	False
ECB_03301	YP_003046484.1	T1_exact_sequence	ECB_RS17455	b3452	False
ECB_03302	YP_003046485.1	T1_exact_sequence	ECB_RS17460	b3453	True
ECB_03303	YP_003046486.1	T2_near_identical_rbh	ECB_RS17470	b3454	True
ECB_03304	YP_003046487.1	T1_exact_sequence	ECB_RS17475	b3455	True
ECB_03305	YP_003046488.1	T2_near_identical_rbh	ECB_RS17480	b3456	True
ECB_03306	YP_003046489.1	T1_exact_sequence	ECB_RS17485	b3457	False
ECB_03307	YP_003046490.1	T2_near_identical_rbh	ECB_RS17490	b3458	True
ECB_03308	YP_003046491.1	T2_near_identical_rbh	ECB_RS17495	b3459	True
ECB_03309	YP_003046492.1	T2_near_identical_rbh	ECB_RS17505	b3460	True
ECB_03310	YP_003046493.1	T1_exact_sequence	ECB_RS17510	b3461	False
ECB_03311	YP_003046494.1	T1_exact_sequence	ECB_RS17515	b3462	True
ECB_03312	YP_003046495.1	T2_near_identical_rbh	ECB_RS17520	b3463	True
ECB_03313	YP_003046496.1	T2_near_identical_rbh	ECB_RS17525	b3464	True
ECB_03314	YP_003046497.1	T2_near_identical_rbh	ECB_RS17530	b3465	True
ECB_03315	YP_003046498.1	T2_near_identical_rbh	ECB_RS17535	b3466	False
ECB_03316	YP_003046499.1	T2_near_identical_rbh	ECB_RS17540	b3467	True
ECB_03317	YP_003046500.1	T1_exact_sequence	ECB_RS17545	b3468	False
ECB_03318	YP_003046501.1	T2_near_identical_rbh	ECB_RS17550	b3469	True
ECB_03319	YP_003046502.1	T1_exact_sequence	ECB_RS17555	b3470	True
ECB_03320	YP_003046503.1	T1_exact_sequence	ECB_RS17560	b3471	False
ECB_03321	YP_003046504.1	T1_exact_sequence	ECB_RS17565	b3472	True
ECB_03322	YP_003046505.1	T1_exact_sequence	ECB_RS17570	b3473	False
ECB_03323	YP_003046506.1	T1_exact_sequence	ECB_RS17575	b3474	False
ECB_03324	YP_003046507.1	T2_near_identical_rbh	ECB_RS17580	b3475	False
ECB_03325	YP_003046508.1	T2_near_identical_rbh	ECB_RS17585	b3476	False
ECB_03326	YP_003046509.1	T1_exact_sequence	ECB_RS17590	b3477	False
ECB_03327	YP_003046510.1	T1_exact_sequence	ECB_RS17595	b3478	False
ECB_03328	YP_003046511.1	T2_near_identical_rbh	ECB_RS17600	b3479	False
ECB_03329	YP_003046512.1	T2_near_identical_rbh	ECB_RS17605	b3480	False
ECB_03330	YP_003046513.1	T1_exact_sequence	ECB_RS17610	b3481	True
ECB_03331	YP_003046514.1	T2_near_identical_rbh	ECB_RS17615	b3482	True
ECB_03332	YP_003046515.1	T2_near_identical_rbh	ECB_RS17620	b3483	False
ECB_03334	YP_003046516.1	T1_exact_sequence	ECB_RS17630	b3484	False
ECB_03335	YP_003046517.1	T1_exact_sequence	ECB_RS17635	b3485	False
ECB_03336	YP_003046518.1	T1_exact_sequence	ECB_RS17640	b3486	True
ECB_03337	YP_003046519.1	T2_near_identical_rbh	ECB_RS17645	b3487	True
ECB_03338	YP_003046520.1	T2_near_identical_rbh	ECB_RS17650	b3488	False
ECB_03339	YP_003046521.1	no MG1655 partner (REL606-specific or below threshold)	ECB_RS17655		False
ECB_03340	YP_003046522.1	T1_exact_sequence	ECB_RS17670	b3491	False
ECB_03341	YP_003046523.1	T2_near_identical_rbh	ECB_RS17675	b3492	True
ECB_03342	YP_003046524.1	T1_exact_sequence	ECB_RS17680	b3493	True
ECB_03343	YP_003046525.1	T1_exact_sequence	ECB_RS17685	b3494	False
ECB_03344	YP_003046526.1	T1_exact_sequence	ECB_RS17690	b3495	True
ECB_03345	YP_003046527.1	T2_near_identical_rbh	ECB_RS17695	b3496	False
ECB_03346	YP_003046528.1	T1_exact_sequence	ECB_RS17700	b3497	True
ECB_03347	YP_003046529.1	T2_near_identical_rbh	ECB_RS17705	b3498	True
ECB_03348	YP_003046530.1	T2_near_identical_rbh	ECB_RS17710	b3499	True
ECB_03349	YP_003046531.1	T2_near_identical_rbh	ECB_RS17715	b3500	True
ECB_03350	YP_003046532.1	T1_exact_sequence	ECB_RS17730	b3501	False
ECB_03351	YP_003046533.1	T1_exact_sequence	ECB_RS17735	b3502	False
ECB_03352	YP_003046534.1	T1_exact_sequence	ECB_RS17740	b3503	True
ECB_03353	YP_003046535.1	no MG1655 partner (REL606-specific or below threshold)	ECB_RS17745		False
ECB_03354	YP_003046536.1	T2_near_identical_rbh	ECB_RS17750	b3506	False
ECB_03355	YP_003046537.1	T1_exact_sequence	ECB_RS17755	b3507	False
ECB_03356	YP_003046538.1	T1_exact_sequence	ECB_RS17760	b3508	False
ECB_03357	YP_003046539.1	T1_exact_sequence	ECB_RS17765	b3509	False
ECB_03358	YP_003046540.1	T1_exact_sequence	ECB_RS17770	b3510	False
ECB_03359	YP_003046541.1	T1_exact_sequence	ECB_RS17775	b3511	False
ECB_03360	YP_003046542.1	T1_exact_sequence	ECB_RS17780	b3512	False
ECB_03361	YP_003046543.1	T2_near_identical_rbh	ECB_RS17790	b3513	False
ECB_03362	YP_003046544.1	T1_exact_sequence	ECB_RS17795	b3514	False
ECB_03363	YP_003046545.1	T1_exact_sequence	ECB_RS17800	b3515	False
ECB_03364	YP_003046546.1	T1_exact_sequence	ECB_RS17805	b3516	False
ECB_03365	YP_003046547.1	T1_exact_sequence	ECB_RS17810	b3517	False
ECB_03366	YP_003046548.1	T1_exact_sequence	ECB_RS17815	b3518	False
ECB_03367	YP_003046549.1	T2_near_identical_rbh	ECB_RS17820	b3519	False
ECB_03368	YP_003046550.1	T1_exact_sequence	ECB_RS17825	b3520	False
ECB_03369	YP_003046551.1	T2_near_identical_rbh	ECB_RS17830	b3521	True
ECB_03370	YP_003046552.1	T1_exact_sequence	ECB_RS17835	b3522	True
ECB_03371	YP_003046553.1	T2_near_identical_rbh	ECB_RS17840	b3523	True
ECB_03372	YP_003046554.1	T2_near_identical_rbh	ECB_RS17845	b3524	True
ECB_03373	YP_003046555.1	T1_exact_sequence	ECB_RS17850	b3525	False
ECB_03374	YP_003046556.1	T2_near_identical_rbh	ECB_RS17860	b3526	True
ECB_03375	YP_003046557.1	T1_exact_sequence	ECB_RS17865	b3527	True
ECB_03376	YP_003046558.1	T2_near_identical_rbh	ECB_RS17870	b3528	True
ECB_03377	YP_003046559.1	T1_exact_sequence	ECB_RS17875	b3529	True
ECB_03378	YP_003046560.1	T2_near_identical_rbh	ECB_RS17880	b3530	True
ECB_03379	YP_003046561.1	T2_near_identical_rbh	ECB_RS17885	b3531	True
ECB_03380	YP_003046562.1	T2_near_identical_rbh	ECB_RS17890	b3532	True
ECB_03381	YP_003046563.1	T1_exact_sequence	ECB_RS17895	b3533	False
ECB_03383	YP_003046564.1	T1_exact_sequence	ECB_RS17905	b3535	False
ECB_03384	YP_003046565.1	T1_exact_sequence	ECB_RS17910	b3536	True
ECB_03385	YP_003046566.1	T1_exact_sequence	ECB_RS17915	b3537	False
ECB_03386	YP_003046567.1	T1_exact_sequence	ECB_RS17920	b3538	True
ECB_03387	YP_003046568.1	T1_exact_sequence	ECB_RS25175	b4453	False
ECB_03388	YP_003046569.1	no MG1655 partner (REL606-specific or below threshold)	ECB_RS25600		False
ECB_03390	YP_003046571.1	T1_exact_sequence	ECB_RS17945	b3539	False
ECB_03391	YP_003046572.1	T1_exact_sequence	ECB_RS17950	b3540	True
ECB_03392	YP_003046573.1	T1_exact_sequence	ECB_RS17955	b3541	True
ECB_03393	YP_003046574.1	T1_exact_sequence	ECB_RS17960	b3542	False
ECB_03394	YP_003046575.1	T1_exact_sequence	ECB_RS17965	b3543	False
ECB_03395	YP_003046576.1	T1_exact_sequence	ECB_RS17975	b3544	True
ECB_03396	YP_003046577.1	T1_exact_sequence	ECB_RS17990	b3546	True
ECB_03397	YP_003046578.1	T2_near_identical_rbh	ECB_RS17995	b3547	False
ECB_03398	YP_003046579.1	T2_near_identical_rbh	ECB_RS18000	b3548	False
ECB_03399	YP_003046580.1	T2_near_identical_rbh	ECB_RS18005	b3549	False
ECB_03400	YP_003046581.1	T2_near_identical_rbh	ECB_RS18010	b3550	False
ECB_03401	YP_003046582.1	T2_near_identical_rbh	ECB_RS18015	b3551	True
ECB_03402	YP_003046583.1	T2_near_identical_rbh	ECB_RS18020	b3552	True
ECB_03403	YP_003046584.1	T2_near_identical_rbh	ECB_RS18025	b3553	True
ECB_03404	YP_003046585.1	T1_exact_sequence	ECB_RS18030	b3554	True
ECB_03405	YP_003046586.1	T1_exact_sequence	ECB_RS18035	b3555	False
ECB_03406	YP_003046587.1	T1_exact_sequence	ECB_RS18040	b3556	True
ECB_03407	YP_003046588.1	T1_exact_sequence	ECB_RS18045	b4455	False
ECB_03408	YP_003046589.1	ECB_ tag absent from current REL606 annotation			False
ECB_03409	YP_003046590.1	ECB_ tag absent from current REL606 annotation			False
ECB_03410	YP_003046591.1	T1_exact_sequence	ECB_RS18060	b3559	True
ECB_03411	YP_003046592.1	T2_near_identical_rbh	ECB_RS18065	b3560	True
ECB_03412	YP_003046593.1	T2_near_identical_rbh	ECB_RS18070	b4553	False
ECB_03413	YP_003046594.1	T2_near_identical_rbh	ECB_RS18075	b3561	False
ECB_03414	YP_003046595.1	T1_exact_sequence	ECB_RS18080	b3562	False
ECB_03415	YP_003046596.1	T1_exact_sequence	ECB_RS18085	b3563	False
ECB_03416	YP_003046597.1	T2_near_identical_rbh	ECB_RS18090	b3564	True
ECB_03417	YP_003046598.1	T2_near_identical_rbh	ECB_RS18095	b3565	True
ECB_03418	YP_003046599.1	T2_near_identical_rbh	ECB_RS18100	b3566	True
ECB_03420	YP_003046600.1	T2_near_identical_rbh	ECB_RS18110	b3568	False
ECB_03421	YP_003046601.1	T2_near_identical_rbh	ECB_RS18115	b3569	False
ECB_03422	YP_003046602.1	T1_exact_sequence	ECB_RS18120	b3570	False
ECB_03423	YP_003046603.1	T2_near_identical_rbh	ECB_RS18125	b3571	True
ECB_03424	YP_003046604.1	T2_near_identical_rbh	ECB_RS18130	b3572	True
ECB_03425	YP_003046605.1	T1_exact_sequence	ECB_RS18140	b3573	False
ECB_03426	YP_003046606.1	T2_near_identical_rbh	ECB_RS18145	b3574	True
ECB_03427	YP_003046607.1	T1_exact_sequence	ECB_RS18150	b3575	True
ECB_03428	YP_003046608.1	T2_near_identical_rbh	ECB_RS18155	b3576	False
ECB_03429	YP_003046609.1	T1_exact_sequence	ECB_RS18160	b3577	False
ECB_03430	YP_003046610.1	T1_exact_sequence	ECB_RS18165	b3578	False
ECB_03431	YP_003046611.1	T1_exact_sequence	ECB_RS18170	b3579	False
ECB_03432	YP_003046612.1	T1_exact_sequence	ECB_RS18175	b3580	False
ECB_03433	YP_003046613.1	T2_near_identical_rbh	ECB_RS18180	b3581	False
ECB_03434	YP_003046614.1	T2_near_identical_rbh	ECB_RS18185	b3582	False
ECB_03435	YP_003046615.1	T2_near_identical_rbh	ECB_RS18190	b3583	False
ECB_03436	YP_003046616.1	no MG1655 partner (REL606-specific or below threshold)	ECB_RS18195		False
ECB_03437	YP_003046617.1	no MG1655 partner (REL606-specific or below threshold)	ECB_RS18200		False
ECB_03438	YP_003046618.1	no MG1655 partner (REL606-specific or below threshold)	ECB_RS18205		False
ECB_03439	YP_003046619.1	T2_near_identical_rbh	ECB_RS18210	b3584	False
ECB_03440	YP_003046620.1	T1_exact_sequence	ECB_RS18215	b3585	False
ECB_03441	YP_003046621.1	T2_near_identical_rbh	ECB_RS18220	b3586	False
ECB_03442	YP_003046622.1	T1_exact_sequence	ECB_RS18225	b3587	False
ECB_03443	YP_003046623.1	T2_near_identical_rbh	ECB_RS18235	b3588	True
ECB_03444	YP_003046624.1	T2_near_identical_rbh	ECB_RS18240	b3589	False
ECB_03445	YP_003046625.1	T2_near_identical_rbh	ECB_RS18245	b3590	True
ECB_03446	YP_003046626.1	T1_exact_sequence	ECB_RS18250	b3591	True
ECB_03447	YP_003046627.1	T1_exact_sequence	ECB_RS18255	b3592	True
ECB_03448	YP_003046628.1	T2_near_identical_rbh	ECB_RS18260	b3593	False
ECB_03449	YP_003046629.1	T1_exact_sequence	ECB_RS18265	b3594	False
ECB_03450	YP_003046630.1	current locus is pseudogene	ECB_RS18270		False
ECB_03451	YP_003046631.1	T2_near_identical_rbh	ECB_RS18275	b3596	False
ECB_03452	YP_003046632.1	T1_exact_sequence	ECB_RS18285	b3597	False
ECB_03453	YP_003046633.1	T1_exact_sequence	ECB_RS18290	b3598	False
ECB_03454	YP_003046634.1	T1_exact_sequence	ECB_RS18295	b3599	True
ECB_03455	YP_003046635.1	T2_near_identical_rbh	ECB_RS18300	b3600	True
ECB_03456	YP_003046636.1	T1_exact_sequence	ECB_RS18305	b3601	False
ECB_03457	YP_003046637.1	T1_exact_sequence	ECB_RS18310	b4554	True
ECB_03458	YP_003046638.1	T2_near_identical_rbh	ECB_RS18315	b3602	True
ECB_03459	YP_003046639.1	no MG1655 partner (REL606-specific or below threshold)	ECB_RS18320		False
ECB_03460	YP_003046640.1	no MG1655 partner (REL606-specific or below threshold)	ECB_RS18325		True
ECB_03461	YP_003046641.1	T2_near_identical_rbh	ECB_RS18330	b3603	False
ECB_03462	YP_003046642.1	T1_exact_sequence	ECB_RS18335	b3604	True
ECB_03463	YP_003046643.1	T1_exact_sequence	ECB_RS18340	b3605	True
ECB_03464	YP_003046644.1	T2_near_identical_rbh	ECB_RS18345	b3606	True
ECB_03465	YP_003046645.1	T1_exact_sequence	ECB_RS18350	b3607	True
ECB_03466	YP_003046646.1	T1_exact_sequence	ECB_RS18355	b3608	True
ECB_03467	YP_003046647.1	T1_exact_sequence	ECB_RS18360	b3609	True
ECB_03468	YP_003046648.1	T1_exact_sequence	ECB_RS18365	b3610	True
ECB_03469	YP_003046649.1	T1_exact_sequence	ECB_RS18370	b3611	True
ECB_03470	YP_003046650.1	T2_near_identical_rbh	ECB_RS18375	b3612	True
ECB_03471	YP_003046651.1	T2_near_identical_rbh	ECB_RS18380	b3613	True
ECB_03472	YP_003046652.1	T2_near_identical_rbh	ECB_RS18385	b3614	False
ECB_03473	YP_003046653.1	T1_exact_sequence	ECB_RS18390	b3615	False
ECB_03474	YP_003046654.1	T2_near_identical_rbh	ECB_RS18395	b3616	True
ECB_03475	YP_003046655.1	T2_near_identical_rbh	ECB_RS18400	b3617	True
ECB_03476	YP_003046656.1	T1_exact_sequence	ECB_RS18405	b3619	True
ECB_03477	YP_003046657.1	T2_near_identical_rbh	ECB_RS18410	b3620	True
ECB_03478	YP_003046658.1	T2_near_identical_rbh	ECB_RS18415	b3621	True
ECB_03479	YP_003046659.1	excluded_weak_rbh	ECB_RS18420		False
ECB_03480	YP_003046660.1	no MG1655 partner (REL606-specific or below threshold)	ECB_RS18425		False
ECB_03481	YP_003046661.1	excluded_weak_rbh	ECB_RS18430		False
ECB_03482	YP_003046662.1	T3_divergent_syntenic_rbh	ECB_RS18435	b3625	False
ECB_03484	YP_003046663.1	no MG1655 partner (REL606-specific or below threshold)	ECB_RS18445		False
ECB_03485	YP_003046664.1	ECB_ tag absent from current REL606 annotation			False
ECB_03486	YP_003046665.1	T3_divergent_syntenic_rbh	ECB_RS18455	b3627	False
ECB_03487	YP_003046666.1	T3_divergent_syntenic_rbh	ECB_RS18460	b3630	True
ECB_03488	YP_003046667.1	T2_near_identical_rbh	ECB_RS18465	b3631	True
ECB_03489	YP_003046668.1	T3_divergent_syntenic_rbh	ECB_RS18470	b3632	True
ECB_03490	YP_003046669.1	T2_near_identical_rbh	ECB_RS18475	b3633	True
ECB_03491	YP_003046670.1	T1_exact_sequence	ECB_RS18480	b3634	True
ECB_03492	YP_003046671.1	T1_exact_sequence	ECB_RS18485	b3635	True
ECB_03493	YP_003046672.1	T1_exact_sequence	ECB_RS18490	b3636	True
ECB_03494	YP_003046673.1	T1_exact_sequence	ECB_RS18495	b3637	True
ECB_03495	YP_003046674.1	T2_near_identical_rbh	ECB_RS18500	b3638	False
ECB_03496	YP_003046675.1	T1_exact_sequence	ECB_RS18505	b3639	True
ECB_03497	YP_003046676.1	T2_near_identical_rbh	ECB_RS18510	b3640	True
ECB_03498	YP_003046677.1	T1_exact_sequence	ECB_RS18515	b3641	True
ECB_03499	YP_003046678.1	T1_exact_sequence	ECB_RS18520	b3642	True
ECB_03500	YP_003046679.1	T2_near_identical_rbh	ECB_RS18525	b3643	True
ECB_03501	YP_003046680.1	T2_near_identical_rbh	ECB_RS18530	b3644	True
ECB_03502	YP_003046681.1	T3_divergent_syntenic_rbh	ECB_RS18535	b3645	False
ECB_03503	YP_003046682.1	T1_exact_sequence	ECB_RS18540	b3646	False
ECB_03504	YP_003046683.1	T2_near_identical_rbh	ECB_RS18545	b3647	False
ECB_03505	YP_003046684.1	T1_exact_sequence	ECB_RS18550	b3648	True
ECB_03506	YP_003046685.1	T1_exact_sequence	ECB_RS18555	b3649	True
ECB_03507	YP_003046686.1	T2_near_identical_rbh	ECB_RS18560	b3650	True
ECB_03508	YP_003046687.1	T1_exact_sequence	ECB_RS18565	b3651	True
ECB_03509	YP_003046688.1	T1_exact_sequence	ECB_RS18570	b3652	True
ECB_03510	YP_003046689.1	no MG1655 partner (REL606-specific or below threshold)	ECB_RS25620		False
ECB_03511	YP_003046690.1	T1_exact_sequence	ECB_RS18580	b3653	True
ECB_03512	YP_003046691.1	T1_exact_sequence	ECB_RS18585	b3654	False
ECB_03513	YP_003046692.1	T1_exact_sequence	ECB_RS18590	b3655	True
ECB_03514	YP_003046693.1	T2_near_identical_rbh	ECB_RS18595	b3656	True
ECB_03515	YP_003046694.1	T2_near_identical_rbh	ECB_RS18600	b3657	False
ECB_03516	YP_003046695.1	excluded_weak_rbh	ECB_RS18610		True
ECB_03517	YP_003046696.1	no MG1655 partner (REL606-specific or below threshold)	ECB_RS18615		True
ECB_03518	YP_003046697.1	no MG1655 partner (REL606-specific or below threshold)	ECB_RS26320		False
ECB_03519	YP_003046698.1	no MG1655 partner (REL606-specific or below threshold)	ECB_RS18620		True
ECB_03520	YP_003046699.1	no MG1655 partner (REL606-specific or below threshold)	ECB_RS18625		False
ECB_03521	YP_003046700.1	no MG1655 partner (REL606-specific or below threshold)	ECB_RS18630		False
ECB_03522	YP_003046701.1	no MG1655 partner (REL606-specific or below threshold)	ECB_RS18635		True
ECB_03523	YP_003046702.1	ECB_ tag absent from current REL606 annotation			False
ECB_03524	YP_003046703.1	current locus is pseudogene	ECB_RS18645		False
ECB_03525	YP_003046704.1	current locus is pseudogene	ECB_RS18650		False
ECB_03526	YP_003046705.1	no MG1655 partner (REL606-specific or below threshold)	ECB_RS25785		False
ECB_03527	YP_003046706.1	ECB_ tag absent from current REL606 annotation			False
ECB_03530	YP_003046707.1	ECB_ tag absent from current REL606 annotation			False
ECB_03531	YP_003046708.1	no MG1655 partner (REL606-specific or below threshold)	ECB_RS18660		False
ECB_03532	YP_003046709.1	ECB_ tag absent from current REL606 annotation			False
ECB_03533	YP_003046710.1	ECB_ tag absent from current REL606 annotation			False
ECB_03534	YP_003046711.1	current locus is pseudogene	ECB_RS26330		False
ECB_03535	YP_003046712.1	current locus is pseudogene	ECB_RS18680		False
ECB_03536	YP_003046713.1	current locus is pseudogene	ECB_RS18685		False
ECB_03537	YP_003046714.1	no MG1655 partner (REL606-specific or below threshold)	ECB_RS18690		False
ECB_03538	YP_003046715.1	excluded_weak_rbh	ECB_RS18695		False
ECB_03539	YP_003046716.1	no MG1655 partner (REL606-specific or below threshold)	ECB_RS18700		False
ECB_03540	YP_003046717.1	no MG1655 partner (REL606-specific or below threshold)	ECB_RS18705		False
ECB_03541	YP_003046718.1	current locus is pseudogene	ECB_RS26060		False
ECB_03542	YP_003046719.1	T2_near_identical_rbh	ECB_RS18715	b3659	False
ECB_03543	YP_003046720.1	T2_near_identical_rbh	ECB_RS18720	b3660	False
ECB_03544	YP_003046721.1	T2_near_identical_rbh	ECB_RS18725	b3661	True
ECB_03545	YP_003046722.1	T1_exact_sequence	ECB_RS18735	b4555	False
ECB_03546	YP_003046723.1	T2_near_identical_rbh	ECB_RS18740	b3662	False
ECB_03547	YP_003046724.1	T2_near_identical_rbh	ECB_RS18745	b3663	True
ECB_03548	YP_003046725.1	T2_near_identical_rbh	ECB_RS18750	b3664	False
ECB_03549	YP_003046726.1	T1_exact_sequence	ECB_RS18755	b3665	True
ECB_03550	YP_003046727.1	T1_exact_sequence	ECB_RS18760	b3666	False
ECB_03551	YP_003046728.1	T1_exact_sequence	ECB_RS18765	b3667	False
ECB_03552	YP_003046729.1	T1_exact_sequence	ECB_RS18770	b3668	False
ECB_03553	YP_003046730.1	T1_exact_sequence	ECB_RS18775	b3669	False
ECB_03554	YP_003046731.1	T1_exact_sequence	ECB_RS18780	b3670	True
ECB_03555	YP_003046732.1	T1_exact_sequence	ECB_RS18785	b3671	True
ECB_03556	YP_003046733.1	T1_exact_sequence	ECB_RS18790	b3672	False
ECB_03557	YP_003046734.1	T1_exact_sequence	ECB_RS18810	b3673	False
ECB_03558	YP_003046735.1	T2_near_identical_rbh	ECB_RS18815	b3674	False
ECB_03559	YP_003046736.1	T1_exact_sequence	ECB_RS18820	b3675	False
ECB_03560	YP_003046737.1	T2_near_identical_rbh	ECB_RS18825	b3676	False
ECB_03561	YP_003046738.1	T1_exact_sequence	ECB_RS18830	b3677	False
ECB_03562	YP_003046739.1	T1_exact_sequence	ECB_RS18835	b3678	False
ECB_03563	YP_003046740.1	T1_exact_sequence	ECB_RS18840	b3679	False
ECB_03564	YP_003046741.1	T2_near_identical_rbh	ECB_RS18845	b3680	False
ECB_03565	YP_003046742.1	no MG1655 partner (REL606-specific or below threshold)	ECB_RS18850		False
ECB_03566	YP_003046743.1	T3_divergent_syntenic_rbh	ECB_RS18855	b3683	False
ECB_03568	YP_003046744.1	T2_near_identical_rbh	ECB_RS18865	b3685	False
ECB_03569	YP_003046745.1	T1_exact_sequence	ECB_RS18875	b3686	True
ECB_03570	YP_003046746.1	T1_exact_sequence	ECB_RS18880	b3687	True
ECB_03571	YP_003046747.1	T1_exact_sequence	ECB_RS18885	b3688	True
ECB_03572	YP_003046748.1	T2_near_identical_rbh	ECB_RS18890	b3689	True
ECB_03573	YP_003046749.1	T2_near_identical_rbh	ECB_RS18895	b3690	False
ECB_03574	YP_003046750.1	T2_near_identical_rbh	ECB_RS18900	b3691	False
ECB_03575	YP_003046751.1	T1_exact_sequence	ECB_RS18905	b4478	False
ECB_03576	YP_003046752.1	T1_exact_sequence	ECB_RS18910	b4477	False
ECB_03577	YP_003046753.1	T2_near_identical_rbh	ECB_RS18915	b3693	False
ECB_03578	YP_003046754.1	T1_exact_sequence	ECB_RS18920	b4479	True
ECB_03579	YP_003046755.1	T2_near_identical_rbh	ECB_RS18925	b3696	False
ECB_03580	YP_003046756.1	T1_exact_sequence	ECB_RS18930	b3697	True
ECB_03581	YP_003046757.1	T1_exact_sequence	ECB_RS18935	b3698	True
ECB_03582	YP_003046758.1	T1_exact_sequence	ECB_RS18945	b3699	True
ECB_03583	YP_003046759.1	T1_exact_sequence	ECB_RS18950	b3700	False
ECB_03584	YP_003046760.1	T1_exact_sequence	ECB_RS18955	b3701	True
ECB_03585	YP_003046761.1	T1_exact_sequence	ECB_RS18960	b3702	True
ECB_03586	YP_003046762.1	T1_exact_sequence	ECB_RS18965	b3703	True
ECB_03587	YP_003046763.1	T1_exact_sequence	ECB_RS18970	b3704	True
ECB_03588	YP_003046764.1	T1_exact_sequence	ECB_RS18975	b4557	False
ECB_03589	YP_003046765.1	T2_near_identical_rbh	ECB_RS18980	b3705	True
ECB_03590	YP_003046766.1	T2_near_identical_rbh	ECB_RS18985	b3706	True
ECB_03591	YP_003046767.1	T1_exact_sequence	ECB_RS18990	b3707	False
ECB_03592	YP_003046768.1	T1_exact_sequence	ECB_RS18995	b3708	True
ECB_03593	YP_003046769.1	T2_near_identical_rbh	ECB_RS19000	b3709	False
ECB_03594	YP_003046770.1	T2_near_identical_rbh	ECB_RS19005	b3710	False
ECB_03595	YP_003046771.1	T2_near_identical_rbh	ECB_RS19010	b3711	False
ECB_03596	YP_003046772.1	T2_near_identical_rbh	ECB_RS19015	b3712	False
ECB_03597	YP_003046773.1	T1_exact_sequence	ECB_RS19020	b3713	True
ECB_03598	YP_003046774.1	T2_near_identical_rbh	ECB_RS19025	b3714	False
ECB_03599	YP_003046775.1	T2_near_identical_rbh	ECB_RS19030	b3715	True
ECB_03600	YP_003046776.1	T2_near_identical_rbh	ECB_RS19035	b3716	False
ECB_03601	YP_003046777.1	T2_near_identical_rbh	ECB_RS19040	b3717	False
ECB_03602	YP_003046778.1	T1_exact_sequence	ECB_RS19045	b3718	True
ECB_03603	YP_003046779.1	T2_near_identical_rbh	ECB_RS19050	b3719	False
ECB_03604	YP_003046780.1	T2_near_identical_rbh	ECB_RS19055	b3720	False
ECB_03605	YP_003046781.1	T2_near_identical_rbh	ECB_RS19060	b3721	False
ECB_03606	YP_003046782.1	T2_near_identical_rbh	ECB_RS19065	b3722	False
ECB_03607	YP_003046783.1	T2_near_identical_rbh	ECB_RS19070	b3723	False
ECB_03608	YP_003046784.1	T1_exact_sequence	ECB_RS19075	b3724	True
ECB_03609	YP_003046785.1	T1_exact_sequence	ECB_RS19080	b3725	True
ECB_03610	YP_003046786.1	T2_near_identical_rbh	ECB_RS19085	b3726	False
ECB_03611	YP_003046787.1	T1_exact_sequence	ECB_RS19090	b3727	False
ECB_03612	YP_003046788.1	T1_exact_sequence	ECB_RS19095	b3728	True
ECB_03613	YP_003046789.1	T1_exact_sequence	ECB_RS19100	b3729	True
ECB_03614	YP_003046790.1	T1_exact_sequence	ECB_RS19105	b3730	True
ECB_03615	YP_003046791.1	T1_exact_sequence	ECB_RS19110	b3731	True
ECB_03616	YP_003046792.1	T1_exact_sequence	ECB_RS19115	b3732	True
ECB_03617	YP_003046793.1	T1_exact_sequence	ECB_RS19120	b3733	True
ECB_03618	YP_003046794.1	T1_exact_sequence	ECB_RS19125	b3734	True
ECB_03619	YP_003046795.1	T1_exact_sequence	ECB_RS19130	b3735	True
ECB_03620	YP_003046796.1	T1_exact_sequence	ECB_RS19135	b3736	True
ECB_03621	YP_003046797.1	T1_exact_sequence	ECB_RS19140	b3737	True
ECB_03622	YP_003046798.1	T1_exact_sequence	ECB_RS19145	b3738	True
ECB_03623	YP_003046799.1	T1_exact_sequence	ECB_RS19150	b3739	False
ECB_03625	YP_003046800.1	T2_near_identical_rbh	ECB_RS19160	b3741	True
ECB_03626	YP_003046801.1	T2_near_identical_rbh	ECB_RS19165	b3742	True
ECB_03627	YP_003046802.1	T1_exact_sequence	ECB_RS19170	b3743	True
ECB_03628	YP_003046803.1	T2_near_identical_rbh	ECB_RS19175	b3744	True
ECB_03629	YP_003046804.1	T2_near_identical_rbh	ECB_RS19180	b3745	False
ECB_03630	YP_003046805.1	T2_near_identical_rbh	ECB_RS19185	b3746	True
ECB_03631	YP_003046806.1	T1_exact_sequence	ECB_RS19190	b3747	False
ECB_03632	YP_003046807.1	ECB_ tag absent from current REL606 annotation			False
ECB_03633	YP_003046808.1	ECB_ tag absent from current REL606 annotation			False
ECB_03634	YP_003046809.1	T2_near_identical_rbh	ECB_RS19205	b3748	True
ECB_03635	YP_003046810.1	T2_near_identical_rbh	ECB_RS19210	b3749	True
ECB_03636	YP_003046811.1	T1_exact_sequence	ECB_RS19215	b3750	True
ECB_03637	YP_003046812.1	T2_near_identical_rbh	ECB_RS19220	b3751	True
ECB_03638	YP_003046813.1	T2_near_identical_rbh	ECB_RS19225	b3752	True
ECB_03639	YP_003046814.1	T2_near_identical_rbh	ECB_RS19230	b3753	True
ECB_03640	YP_003046815.1	T1_exact_sequence	ECB_RS19235	b3754	False
ECB_03641	YP_003046816.1	T1_exact_sequence	ECB_RS19240	b3755	False
ECB_03642	YP_003046817.1	T1_exact_sequence	ECB_RS19275	b4480	True
ECB_03643	YP_003046818.1	T1_exact_sequence	ECB_RS19280	b3764	True
ECB_03644	YP_003046819.1	T1_exact_sequence	ECB_RS19285	b3765	False
ECB_03645	YP_003046820.1	T1_exact_sequence	ECB_RS19290	b3766	False
ECB_03646	YP_003046821.1	no MG1655 partner (REL606-specific or below threshold)	ECB_RS19295		True
ECB_03647	YP_003046822.1	T1_exact_sequence	ECB_RS19300	b3769	True
ECB_03648	YP_003046823.1	T2_near_identical_rbh	ECB_RS19305	b3770	True
ECB_03649	YP_003046824.1	T2_near_identical_rbh	ECB_RS19310	b3771	True
ECB_03650	YP_003046825.1	T2_near_identical_rbh	ECB_RS19315	b3772	True
ECB_03651	YP_003046826.1	T1_exact_sequence	ECB_RS19320	b3773	False
ECB_03652	YP_003046827.1	T1_exact_sequence	ECB_RS19325	b3774	True
ECB_03653	YP_003046828.1	T1_exact_sequence	ECB_RS19330	b3775	True
ECB_03654	YP_003046829.1	ECB_ tag absent from current REL606 annotation			False
ECB_03656	YP_003046830.1	T2_near_identical_rbh	ECB_RS19340	b3778	True
ECB_03657	YP_003046831.1	T2_near_identical_rbh	ECB_RS19345	b3779	True
ECB_03658	YP_003046832.1	T1_exact_sequence	ECB_RS19350	b3780	True
ECB_03659	YP_003046833.1	T1_exact_sequence	ECB_RS19355	b3781	True
ECB_03660	YP_003046834.1	T1_exact_sequence	ECB_RS19360	b3782	False
ECB_03661	YP_003046835.1	T2_near_identical_rbh	ECB_RS19365	b3783	True
ECB_03662	YP_003046836.1	T1_exact_sequence	ECB_RS19375	b3784	False
ECB_03663	YP_003046837.1	T1_exact_sequence	ECB_RS19380	b3785	True
ECB_03664	YP_003046838.1	T2_near_identical_rbh	ECB_RS19385	b3786	True
ECB_03665	YP_003046839.1	T1_exact_sequence	ECB_RS19390	b3787	True
ECB_03666	YP_003046840.1	T2_near_identical_rbh	ECB_RS19395	b3788	True
ECB_03667	YP_003046841.1	T1_exact_sequence	ECB_RS19400	b3789	True
ECB_03668	YP_003046842.1	T1_exact_sequence	ECB_RS19405	b3790	False
ECB_03669	YP_003046843.1	T1_exact_sequence	ECB_RS19410	b3791	True
ECB_03670	YP_003046844.1	T2_near_identical_rbh	ECB_RS19415	b3792	False
ECB_03671	YP_003046845.1	T2_near_identical_rbh	ECB_RS19420	b4481	True
ECB_03672	YP_003046846.1	T2_near_identical_rbh	ECB_RS19425	b3793	False
ECB_03673	YP_003046847.1	T2_near_identical_rbh	ECB_RS19430	b3794	True
ECB_03674	YP_003046848.1	T2_near_identical_rbh	ECB_RS19435	b3795	False
ECB_03675	YP_003046849.1	T2_near_identical_rbh	ECB_RS19460	b3800	False
ECB_03676	YP_003046850.1	T2_near_identical_rbh	ECB_RS19465	b3801	False
ECB_03677	YP_003046851.1	T1_exact_sequence	ECB_RS19470	b3802	True
ECB_03678	YP_003046852.1	T2_near_identical_rbh	ECB_RS19475	b3803	True
ECB_03679	YP_003046853.1	T2_near_identical_rbh	ECB_RS19480	b3804	True
ECB_03680	YP_003046854.1	T2_near_identical_rbh	ECB_RS19485	b3805	True
ECB_03681	YP_003046855.1	T2_near_identical_rbh	ECB_RS19490	b3806	True
ECB_03682	YP_003046856.1	T2_near_identical_rbh	ECB_RS19495	b3807	True
ECB_03683	YP_003046857.1	ECB_ tag absent from current REL606 annotation			False
ECB_03684	YP_003046858.1	T1_exact_sequence	ECB_RS19500	b4558	True
ECB_03685	YP_003046859.1	T1_exact_sequence	ECB_RS19505	b3809	True
ECB_03686	YP_003046860.1	T1_exact_sequence	ECB_RS19510	b3810	True
ECB_03687	YP_003046861.1	T2_near_identical_rbh	ECB_RS19515	b3811	True
ECB_03688	YP_003046862.1	T1_exact_sequence	ECB_RS19520	b3812	True
ECB_03689	YP_003046863.1	T2_near_identical_rbh	ECB_RS19525	b3813	True
ECB_03690	YP_003046864.1	no MG1655 partner (REL606-specific or below threshold)	ECB_RS19530		True
ECB_03691	YP_003046865.1	T2_near_identical_rbh	ECB_RS19535	b4482	False
ECB_03692	YP_003046866.1	T1_exact_sequence	ECB_RS19545	b3816	True
ECB_03693	YP_003046867.1	no MG1655 partner (REL606-specific or below threshold)	ECB_RS19550		False
ECB_03694	YP_003046868.1	no MG1655 partner (REL606-specific or below threshold)	ECB_RS19555		False
ECB_03695	YP_003046869.1	current locus is pseudogene	ECB_RS19560		False
ECB_03696	YP_003046870.1	T1_exact_sequence	ECB_RS19565	b3817	False
ECB_03697	YP_003046871.1	ECB_ tag absent from current REL606 annotation			False
ECB_03698	YP_003046872.1	T1_exact_sequence	ECB_RS19575	b3819	False
ECB_03699	YP_003046873.1	T1_exact_sequence	ECB_RS19580	b3820	True
ECB_03700	YP_003046874.1	T2_near_identical_rbh	ECB_RS19585	b3821	True
ECB_03701	YP_003046875.1	T2_near_identical_rbh	ECB_RS19590	b3822	False
ECB_03702	YP_003046876.1	T2_near_identical_rbh	ECB_RS19595	b3823	False
ECB_03703	YP_003046877.1	T1_exact_sequence	ECB_RS19600	b3824	False
ECB_03704	YP_003046878.1	T1_exact_sequence	ECB_RS19605	b3825	False
ECB_03705	YP_003046879.1	T2_near_identical_rbh	ECB_RS19610	b3826	True
ECB_03706	YP_003046880.1	T2_near_identical_rbh	ECB_RS19615	b3827	False
ECB_03707	YP_003046881.1	T2_near_identical_rbh	ECB_RS19620	b3828	True
ECB_03708	YP_003046882.1	T2_near_identical_rbh	ECB_RS19625	b3829	True
ECB_03709	YP_003046883.1	no MG1655 partner (REL606-specific or below threshold)	ECB_RS19630		False
ECB_03710	YP_003046884.1	no MG1655 partner (REL606-specific or below threshold)	ECB_RS19635		False
ECB_03711	YP_003046885.1	no MG1655 partner (REL606-specific or below threshold)	ECB_RS19640		False
ECB_03712	YP_003046886.1	no MG1655 partner (REL606-specific or below threshold)	ECB_RS19645		False
ECB_03713	YP_003046887.1	no MG1655 partner (REL606-specific or below threshold)	ECB_RS19650		False
ECB_03714	YP_003046888.1	no MG1655 partner (REL606-specific or below threshold)	ECB_RS19655		False
ECB_03715	YP_003046889.1	no MG1655 partner (REL606-specific or below threshold)	ECB_RS19660		False
ECB_03716	YP_003046890.1	no MG1655 partner (REL606-specific or below threshold)	ECB_RS19665		True
ECB_03717	YP_003046891.1	T2_near_identical_rbh	ECB_RS19675	b3830	True
ECB_03718	YP_003046892.1	T2_near_identical_rbh	ECB_RS19680	b3831	True
ECB_03719	YP_003046893.1	no MG1655 partner (REL606-specific or below threshold)	ECB_RS19685		False
ECB_03720	YP_003046894.1	no MG1655 partner (REL606-specific or below threshold)	ECB_RS19690		False
ECB_03721	YP_003046895.1	no MG1655 partner (REL606-specific or below threshold)	ECB_RS19695		False
ECB_03722	YP_003046896.1	no MG1655 partner (REL606-specific or below threshold)	ECB_RS19700		False
ECB_03723	YP_003046897.1	no MG1655 partner (REL606-specific or below threshold)	ECB_RS19705		False
ECB_03724	YP_003046898.1	no MG1655 partner (REL606-specific or below threshold)	ECB_RS19710		False
ECB_03725	YP_003046899.1	T2_near_identical_rbh	ECB_RS19715	b3832	True
ECB_03726	YP_003046900.1	T2_near_identical_rbh	ECB_RS19720	b3833	True
ECB_03727	YP_003046901.1	T1_exact_sequence	ECB_RS19725	b3834	False
ECB_03728	YP_003046902.1	T1_exact_sequence	ECB_RS19730	b3835	True
ECB_03729	YP_003046903.1	T1_exact_sequence	ECB_RS19735	b3836	True
ECB_03730	YP_003046904.1	T1_exact_sequence	ECB_RS19740	b3838	True
ECB_03731	YP_003046905.1	T1_exact_sequence	ECB_RS19745	b3839	False
ECB_03732	YP_003046906.1	T2_near_identical_rbh	ECB_RS19750	b4483	True
ECB_03733	YP_003046907.1	T1_exact_sequence	ECB_RS19755	b3842	True
ECB_03734	YP_003046908.1	T2_near_identical_rbh	ECB_RS19760	b3843	True
ECB_03735	YP_003046909.1	T1_exact_sequence	ECB_RS19765	b3844	True
ECB_03736	YP_003046910.1	T2_near_identical_rbh	ECB_RS19770	b3845	True
ECB_03737	YP_003046911.1	T2_near_identical_rbh	ECB_RS19775	b3846	True
ECB_03738	YP_003046912.1	T1_exact_sequence	ECB_RS19780	b3847	True
ECB_03739	YP_003046913.1	T2_near_identical_rbh	ECB_RS19785	b3848	False
ECB_03740	YP_003046914.1	T2_near_identical_rbh	ECB_RS19790	b3849	False
ECB_03741	YP_003046915.1	T1_exact_sequence	ECB_RS19795	b3850	True
ECB_03742	YP_003046916.1	T1_exact_sequence	ECB_RS19825	b3856	False
ECB_03743	YP_003046917.1	T1_exact_sequence	ECB_RS19830	b3857	True
ECB_03744	YP_003046918.1	T1_exact_sequence	ECB_RS19835	b3858	True
ECB_03745	YP_003046919.1	T1_exact_sequence	ECB_RS19840	b3859	True
ECB_03746	YP_003046920.1	T1_exact_sequence	ECB_RS19845	b3860	True
ECB_03747	YP_003046921.1	T2_near_identical_rbh	ECB_RS19850	b3861	False
ECB_03748	YP_003046922.1	T2_near_identical_rbh	ECB_RS19855	b3862	False
ECB_03749	YP_003046923.1	T1_exact_sequence	ECB_RS19865	b3863	True
ECB_03750	YP_003046924.1	T1_exact_sequence	ECB_RS19870	b3865	True
ECB_03751	YP_003046925.1	T1_exact_sequence	ECB_RS19875	b3866	True
ECB_03752	YP_003046926.1	T1_exact_sequence	ECB_RS19880	b3867	True
ECB_03753	YP_003046927.1	T2_near_identical_rbh	ECB_RS19890	b3868	True
ECB_03754	YP_003046928.1	T1_exact_sequence	ECB_RS19895	b3869	True
ECB_03755	YP_003046929.1	T1_exact_sequence	ECB_RS19900	b3870	True
ECB_03756	YP_003046930.1	T1_exact_sequence	ECB_RS19910	b3871	True
ECB_03757	YP_003046931.1	T2_near_identical_rbh	ECB_RS19915	b3872	False
ECB_03758	YP_003046932.1	T2_near_identical_rbh	ECB_RS19920	b3873	True
ECB_03759	YP_003046933.1	T2_near_identical_rbh	ECB_RS19925	b3874	False
ECB_03760	YP_003046934.1	T2_near_identical_rbh	ECB_RS19930	b3875	False
ECB_03761	YP_003046935.1	T2_near_identical_rbh	ECB_RS19935	b3876	False
ECB_03762	YP_003046936.1	T2_near_identical_rbh	ECB_RS19940	b3877	False
ECB_03763	YP_003046937.1	current locus is pseudogene	ECB_RS19945		False
ECB_03764	YP_003046938.1	T2_near_identical_rbh	ECB_RS19950	b3879	False
ECB_03765	YP_003046939.1	T1_exact_sequence	ECB_RS19955	b3880	False
ECB_03766	YP_003046940.1	T1_exact_sequence	ECB_RS19960	b3881	False
ECB_03767	YP_003046941.1	T2_near_identical_rbh	ECB_RS19965	b3882	False
ECB_03768	YP_003046942.1	T1_exact_sequence	ECB_RS19970	b3883	False
ECB_03769	YP_003046943.1	T1_exact_sequence	ECB_RS19975	b3884	True
ECB_03770	YP_003046944.1	T2_near_identical_rbh	ECB_RS19980	b3885	True
ECB_03771	YP_003046945.1	T1_exact_sequence	ECB_RS19985	b3886	False
ECB_03772	YP_003046946.1	T1_exact_sequence	ECB_RS19990	b3887	True
ECB_03774	YP_003046947.1	T1_exact_sequence	ECB_RS20000	b3889	False
ECB_03775	YP_003046948.1	T2_near_identical_rbh	ECB_RS20005	b3890	False
ECB_03776	YP_003046949.1	T2_near_identical_rbh	ECB_RS20015	b3891	True
ECB_03777	YP_003046950.1	T1_exact_sequence	ECB_RS20020	b3892	False
ECB_03778	YP_003046951.1	T1_exact_sequence	ECB_RS20025	b3893	False
ECB_03779	YP_003046952.1	T1_exact_sequence	ECB_RS20030	b3894	True
ECB_03780	YP_003046953.1	T2_near_identical_rbh	ECB_RS20040	b3895	True
ECB_03781	YP_003046954.1	T1_exact_sequence	ECB_RS20045	b3896	False
ECB_03782	YP_003046955.1	T2_near_identical_rbh	ECB_RS20050	b3897	False
ECB_03783	YP_003046956.1	T1_exact_sequence	ECB_RS20055	b3898	False
ECB_03784	YP_003046957.1	T1_exact_sequence	ECB_RS20060	b3899	False
ECB_03785	YP_003046958.1	T1_exact_sequence	ECB_RS20065	b3900	False
ECB_03786	YP_003046959.1	no MG1655 partner (REL606-specific or below threshold)	ECB_RS20070		False
ECB_03787	YP_003046960.1	T2_near_identical_rbh	ECB_RS20075	b3901	False
ECB_03788	YP_003046961.1	T2_near_identical_rbh	ECB_RS20080	b3902	False
ECB_03789	YP_003046962.1	T2_near_identical_rbh	ECB_RS20085	b3903	False
ECB_03790	YP_003046963.1	T2_near_identical_rbh	ECB_RS20090	b3904	False
ECB_03791	YP_003046964.1	T2_near_identical_rbh	ECB_RS20100	b3905	False
ECB_03792	YP_003046965.1	T2_near_identical_rbh	ECB_RS20105	b3906	False
ECB_03793	YP_003046966.1	T2_near_identical_rbh	ECB_RS20110	b3907	False
ECB_03794	YP_003046967.1	T2_near_identical_rbh	ECB_RS20115	b3908	True
ECB_03795	YP_003046968.1	T1_exact_sequence	ECB_RS20125	b3909	False
ECB_03796	YP_003046969.1	T1_exact_sequence	ECB_RS20130	b3910	True
ECB_03797	YP_003046970.1	T2_near_identical_rbh	ECB_RS20135	b3911	True
ECB_03798	YP_003046971.1	T1_exact_sequence	ECB_RS20140	b3912	True
ECB_03799	YP_003046972.1	T2_near_identical_rbh	ECB_RS20145	b4484	True
ECB_03800	YP_003046973.1	T1_exact_sequence	ECB_RS20150	b3915	True
ECB_03801	YP_003046974.1	T1_exact_sequence	ECB_RS20155	b3916	True
ECB_03802	YP_003046975.1	T1_exact_sequence	ECB_RS20165	b3917	True
ECB_03803	YP_003046976.1	T2_near_identical_rbh	ECB_RS20170	b3918	True
ECB_03804	YP_003046977.1	T1_exact_sequence	ECB_RS20175	b3919	True
ECB_03805	YP_003046978.1	T2_near_identical_rbh	ECB_RS20180	b3920	True
ECB_03806	YP_003046979.1	T1_exact_sequence	ECB_RS20185	b3921	False
ECB_03807	YP_003046980.1	T2_near_identical_rbh	ECB_RS20190	b3922	True
ECB_03808	YP_003046981.1	T1_exact_sequence	ECB_RS20195	b3923	True
ECB_03809	YP_003046982.1	T2_near_identical_rbh	ECB_RS20200	b3924	True
ECB_03810	YP_003046983.1	T2_near_identical_rbh	ECB_RS20205	b3925	True
ECB_03811	YP_003046984.1	T1_exact_sequence	ECB_RS20210	b3926	True
ECB_03812	YP_003046985.1	T1_exact_sequence	ECB_RS20215	b3927	True
ECB_03813	YP_003046986.1	T1_exact_sequence	ECB_RS20220	b3928	True
ECB_03814	YP_003046987.1	T1_exact_sequence	ECB_RS20225	b3929	True
ECB_03815	YP_003046988.1	T1_exact_sequence	ECB_RS20230	b3930	False
ECB_03816	YP_003046989.1	T1_exact_sequence	ECB_RS20235	b3931	True
ECB_03817	YP_003046990.1	T1_exact_sequence	ECB_RS20240	b3932	True
ECB_03818	YP_003046991.1	T1_exact_sequence	ECB_RS20245	b3933	True
ECB_03819	YP_003046992.1	T1_exact_sequence	ECB_RS20250	b3934	True
ECB_03820	YP_003046993.1	T1_exact_sequence	ECB_RS20255	b3935	True
ECB_03821	YP_003046994.1	T1_exact_sequence	ECB_RS20260	b3936	True
ECB_03822	YP_003046995.1	no MG1655 partner (REL606-specific or below threshold)	ECB_RS20265		False
ECB_03823	YP_003046996.1	T2_near_identical_rbh	ECB_RS20270	b3937	False
ECB_03824	YP_003046997.1	T1_exact_sequence	ECB_RS20275	b3938	True
ECB_03825	YP_003046998.1	T2_near_identical_rbh	ECB_RS20280	b3939	True
ECB_03826	YP_003046999.1	T2_near_identical_rbh	ECB_RS20285	b3940	True
ECB_03827	YP_003047000.1	T1_exact_sequence	ECB_RS20295	b3941	True
ECB_03828	YP_003047001.1	T2_near_identical_rbh	ECB_RS20300	b3942	True
ECB_03829	YP_003047002.1	T1_exact_sequence	ECB_RS20305	b3943	False
ECB_03830	YP_003047003.1	T2_near_identical_rbh	ECB_RS20310	b3944	False
ECB_03831	YP_003047004.1	T1_exact_sequence	ECB_RS20320	b3945	True
ECB_03832	YP_003047005.1	T2_near_identical_rbh	ECB_RS20325	b3946	False
ECB_03833	YP_003047006.1	T2_near_identical_rbh	ECB_RS20330	b3947	True
ECB_03834	YP_003047007.1	T1_exact_sequence	ECB_RS20335	b3949	False
ECB_03835	YP_003047008.1	T1_exact_sequence	ECB_RS20340	b3950	False
ECB_03836	YP_003047009.1	T2_near_identical_rbh	ECB_RS20345	b3951	True
ECB_03837	YP_003047010.1	T2_near_identical_rbh	ECB_RS20350	b3952	True
ECB_03838	YP_003047011.1	T1_exact_sequence	ECB_RS20355	b3953	False
ECB_03839	YP_003047012.1	T2_near_identical_rbh	ECB_RS20360	b3954	False
ECB_03840	YP_003047013.1	T2_near_identical_rbh	ECB_RS20365	b3955	True
ECB_03841	YP_003047014.1	T2_near_identical_rbh	ECB_RS20370	b3956	True
ECB_03842	YP_003047015.1	T2_near_identical_rbh	ECB_RS20375	b3957	True
ECB_03843	YP_003047016.1	T1_exact_sequence	ECB_RS20380	b3958	True
ECB_03844	YP_003047017.1	T1_exact_sequence	ECB_RS20385	b3959	True
ECB_03845	YP_003047018.1	T1_exact_sequence	ECB_RS20390	b3960	True
ECB_03846	YP_003047019.1	T1_exact_sequence	ECB_RS20395	b3961	True
ECB_03847	YP_003047020.1	T2_near_identical_rbh	ECB_RS20400	b3962	True
ECB_03848	YP_003047021.1	T2_near_identical_rbh	ECB_RS20405	b3963	True
ECB_03849	YP_003047022.1	T1_exact_sequence	ECB_RS20410	b3964	False
ECB_03850	YP_003047023.1	T1_exact_sequence	ECB_RS20415	b3965	True
ECB_03851	YP_003047024.1	T2_near_identical_rbh	ECB_RS20420	b3966	True
ECB_03852	YP_003047025.1	T1_exact_sequence	ECB_RS20425	b3967	True
ECB_03853	YP_003047026.1	T2_near_identical_rbh	ECB_RS20450	b3972	True
ECB_03854	YP_003047027.1	T2_near_identical_rbh	ECB_RS20455	b3973	True
ECB_03855	YP_003047028.1	T1_exact_sequence	ECB_RS20460	b3974	True
ECB_03856	YP_003047029.1	T1_exact_sequence	ECB_RS20490	b3980	True
ECB_03857	YP_003047030.1	T1_exact_sequence	ECB_RS20495	b3981	False
ECB_03858	YP_003047031.1	T1_exact_sequence	ECB_RS20500	b3982	True
ECB_03859	YP_003047032.1	T1_exact_sequence	ECB_RS20505	b3983	True
ECB_03860	YP_003047033.1	T1_exact_sequence	ECB_RS20510	b3984	True
ECB_03861	YP_003047034.1	T1_exact_sequence	ECB_RS20515	b3985	True
ECB_03862	YP_003047035.1	T1_exact_sequence	ECB_RS20520	b3986	True
ECB_03863	YP_003047036.1	T1_exact_sequence	ECB_RS20525	b3987	True
ECB_03864	YP_003047037.1	T1_exact_sequence	ECB_RS20530	b3988	True
ECB_03865	YP_003047038.1	T1_exact_sequence	ECB_RS20535	b3989	False
ECB_03866	YP_003047039.1	T2_near_identical_rbh	ECB_RS20540	b3990	False
ECB_03867	YP_003047040.1	T2_near_identical_rbh	ECB_RS20545	b3991	False
ECB_03868	YP_003047041.1	T2_near_identical_rbh	ECB_RS20550	b4407	False
ECB_03869	YP_003047042.1	T1_exact_sequence	ECB_RS20555	b3992	False
ECB_03870	YP_003047043.1	T1_exact_sequence	ECB_RS20560	b3993	False
ECB_03871	YP_003047044.1	T2_near_identical_rbh	ECB_RS20565	b3994	False
ECB_03872	YP_003047045.1	T1_exact_sequence	ECB_RS20570	b3995	True
ECB_03873	YP_003047046.1	T1_exact_sequence	ECB_RS20575	b3996	True
ECB_03874	YP_003047047.1	T1_exact_sequence	ECB_RS20580	b3997	True
ECB_03875	YP_003047048.1	T1_exact_sequence	ECB_RS20585	b3998	True
ECB_03876	YP_003047049.1	T1_exact_sequence	ECB_RS20590	b3999	True
ECB_03877	YP_003047050.1	T1_exact_sequence	ECB_RS20595	b4000	True
ECB_03878	YP_003047051.1	T2_near_identical_rbh	ECB_RS20600	b4001	False
ECB_03879	YP_003047052.1	T2_near_identical_rbh	ECB_RS20605	b4002	False
ECB_03880	YP_003047053.1	T3_divergent_syntenic_rbh	ECB_RS20610	b4003	False
ECB_03881	YP_003047054.1	T2_near_identical_rbh	ECB_RS20615	b4004	False
ECB_03882	YP_003047055.1	T2_near_identical_rbh	ECB_RS20620	b4005	True
ECB_03883	YP_003047056.1	T1_exact_sequence	ECB_RS20625	b4006	True
ECB_03884	YP_003047057.1	T2_near_identical_rbh	ECB_RS20650	b4012	False
ECB_03885	YP_003047058.1	T2_near_identical_rbh	ECB_RS20655	b4013	True
ECB_03886	YP_003047059.1	T2_near_identical_rbh	ECB_RS20660	b4014	True
ECB_03887	YP_003047060.1	T1_exact_sequence	ECB_RS20665	b4015	True
ECB_03888	YP_003047061.1	T2_near_identical_rbh	ECB_RS20670	b4016	False
ECB_03890	YP_003047062.1	T1_exact_sequence	ECB_RS20685	b4018	True
ECB_03891	YP_003047063.1	T2_near_identical_rbh	ECB_RS20690	b4019	True
ECB_03892	YP_003047064.1	T1_exact_sequence	ECB_RS20695	b4020	True
ECB_03893	YP_003047065.1	T1_exact_sequence	ECB_RS20700	b4021	True
ECB_03894	YP_003047066.1	T1_exact_sequence	ECB_RS20705	b4022	True
ECB_03895	YP_003047067.1	T1_exact_sequence	ECB_RS20710	b4023	False
ECB_03896	YP_003047068.1	T1_exact_sequence	ECB_RS20715	b4024	True
ECB_03897	YP_003047069.1	T1_exact_sequence	ECB_RS20720	b4025	True
ECB_03899	YP_003047071.1	T2_near_identical_rbh	ECB_RS20730	b4027	False
ECB_03900	YP_003047072.1	T2_near_identical_rbh	ECB_RS20735	b4028	False
ECB_03901	YP_003047073.1	T2_near_identical_rbh	ECB_RS20740	b4029	False
ECB_03902	YP_003047074.1	T1_exact_sequence	ECB_RS20755	b4030	False
ECB_03903	YP_003047075.1	T1_exact_sequence	ECB_RS20760	b4031	False
ECB_03904	YP_003047076.1	T1_exact_sequence	ECB_RS20765	b4032	False
ECB_03905	YP_003047077.1	T1_exact_sequence	ECB_RS20770	b4033	True
ECB_03906	YP_003047078.1	T1_exact_sequence	ECB_RS20775	b4034	True
ECB_03907	YP_003047079.1	T1_exact_sequence	ECB_RS20785	b4035	True
ECB_03908	YP_003047080.1	T1_exact_sequence	ECB_RS20790	b4036	True
ECB_03909	YP_003047081.1	T1_exact_sequence	ECB_RS20795	b4037	True
ECB_03910	YP_003047082.1	current locus is pseudogene	ECB_RS20805		False
ECB_03911	YP_003047083.1	T1_exact_sequence	ECB_RS20810	b4039	True
ECB_03912	YP_003047084.1	T1_exact_sequence	ECB_RS20815	b4040	False
ECB_03913	YP_003047085.1	T1_exact_sequence	ECB_RS20820	b4041	True
ECB_03914	YP_003047086.1	T1_exact_sequence	ECB_RS20825	b4042	False
ECB_03915	YP_003047087.1	T1_exact_sequence	ECB_RS20830	b4043	True
ECB_03916	YP_003047088.1	T2_near_identical_rbh	ECB_RS20835	b4044	False
ECB_03917	YP_003047089.1	T1_exact_sequence	ECB_RS20840	b4045	True
ECB_03918	YP_003047090.1	T1_exact_sequence	ECB_RS20845	b4046	True
ECB_03919	YP_003047091.1	ECB_ tag absent from current REL606 annotation			False
ECB_03920	YP_003047092.1	current locus is pseudogene	ECB_RS20855		False
ECB_03921	YP_003047093.1	T1_exact_sequence	ECB_RS20860	b4049	True
ECB_03922	YP_003047094.1	T1_exact_sequence	ECB_RS20865	b4050	False
ECB_03923	YP_003047095.1	T1_exact_sequence	ECB_RS20870	b4051	True
ECB_03924	YP_003047096.1	T1_exact_sequence	ECB_RS20875	b4052	True
ECB_03925	YP_003047097.1	T1_exact_sequence	ECB_RS20880	b4053	True
ECB_03926	YP_003047098.1	T1_exact_sequence	ECB_RS20885	b4054	True
ECB_03927	YP_003047099.1	T2_near_identical_rbh	ECB_RS20895	b4055	False
ECB_03928	YP_003047100.1	T1_exact_sequence	ECB_RS20900	b4056	True
ECB_03929	YP_003047101.1	T1_exact_sequence	ECB_RS20905	b4057	True
ECB_03930	YP_003047102.1	T2_near_identical_rbh	ECB_RS20910	b4058	True
ECB_03931	YP_003047103.1	T1_exact_sequence	ECB_RS20915	b4059	True
ECB_03932	YP_003047104.1	T1_exact_sequence	ECB_RS20920	b4060	False
ECB_03934	YP_003047105.1	T1_exact_sequence	ECB_RS20930	b4062	False
ECB_03935	YP_003047106.1	T1_exact_sequence	ECB_RS20935	b4063	False
ECB_03936	YP_003047107.1	T1_exact_sequence	ECB_RS20940	b4064	True
ECB_03937	YP_003047108.1	T2_near_identical_rbh	ECB_RS20945	b4065	True
ECB_03938	YP_003047109.1	T1_exact_sequence	ECB_RS20950	b4066	False
ECB_03939	YP_003047110.1	T1_exact_sequence	ECB_RS20955	b4067	False
ECB_03940	YP_003047111.1	T1_exact_sequence	ECB_RS20960	b4068	False
ECB_03941	YP_003047112.1	T1_exact_sequence	ECB_RS20965	b4069	True
ECB_03942	YP_003047113.1	T1_exact_sequence	ECB_RS20970	b4070	False
ECB_03943	YP_003047114.1	T1_exact_sequence	ECB_RS20975	b4071	False
ECB_03944	YP_003047115.1	T1_exact_sequence	ECB_RS20980	b4072	False
ECB_03945	YP_003047116.1	T1_exact_sequence	ECB_RS20985	b4073	False
ECB_03946	YP_003047117.1	T2_near_identical_rbh	ECB_RS20990	b4074	False
ECB_03947	YP_003047118.1	T2_near_identical_rbh	ECB_RS20995	b4075	False
ECB_03948	YP_003047119.1	T2_near_identical_rbh	ECB_RS21000	b4076	False
ECB_03949	YP_003047120.1	T2_near_identical_rbh	ECB_RS21005	b4077	True
ECB_03950	YP_003047121.1	T1_exact_sequence	ECB_RS21010	b4078	True
ECB_03951	YP_003047122.1	T1_exact_sequence	ECB_RS21015	b4079	False
ECB_03952	YP_003047123.1	T1_exact_sequence	ECB_RS21025	b4080	False
ECB_03953	YP_003047124.1	T2_near_identical_rbh	ECB_RS21030	b4081	False
ECB_03954	YP_003047125.1	T1_exact_sequence	ECB_RS21035	b4082	False
ECB_03955	YP_003047126.1	T2_near_identical_rbh	ECB_RS21045	b4083	False
ECB_03956	YP_003047127.1	T1_exact_sequence	ECB_RS21050	b4084	False
ECB_03957	YP_003047128.1	T1_exact_sequence	ECB_RS21055	b4085	False
ECB_03958	YP_003047129.1	T1_exact_sequence	ECB_RS21060	b4086	False
ECB_03959	YP_003047130.1	T1_exact_sequence	ECB_RS21065	b4087	True
ECB_03960	YP_003047131.1	T1_exact_sequence	ECB_RS21070	b4088	True
ECB_03961	YP_003047132.1	T1_exact_sequence	ECB_RS21075	b4089	True
ECB_03962	YP_003047133.1	T1_exact_sequence	ECB_RS21080	b4090	False
ECB_03963	YP_003047134.1	T1_exact_sequence	ECB_RS21085	b4487	False
ECB_03964	YP_003047135.1	T2_near_identical_rbh	ECB_RS21090	b4092	False
ECB_03965	YP_003047136.1	T1_exact_sequence	ECB_RS21095	b4093	False
ECB_03966	YP_003047137.1	T1_exact_sequence	ECB_RS21100	b4094	False
ECB_03967	YP_003047138.1	T1_exact_sequence	ECB_RS21105	b4095	False
ECB_03968	YP_003047139.1	T1_exact_sequence	ECB_RS21110	b4096	False
ECB_03969	YP_003047140.1	T2_near_identical_rbh	ECB_RS21115	b4097	False
ECB_03970	YP_003047141.1	T2_near_identical_rbh	ECB_RS21120	b4098	False
ECB_03971	YP_003047142.1	T2_near_identical_rbh	ECB_RS21125	b4099	False
ECB_03972	YP_003047143.1	T1_exact_sequence	ECB_RS21130	b4100	False
ECB_03973	YP_003047144.1	T2_near_identical_rbh	ECB_RS21135	b4101	False
ECB_03974	YP_003047145.1	T1_exact_sequence	ECB_RS21140	b4102	False
ECB_03975	YP_003047146.1	no MG1655 partner (REL606-specific or below threshold)	ECB_RS21145		False
ECB_03976	YP_003047147.1	T2_near_identical_rbh	ECB_RS21150	b4105	False
ECB_03977	YP_003047148.1	T2_near_identical_rbh	ECB_RS21155	b4106	False
ECB_03978	YP_003047149.1	T1_exact_sequence	ECB_RS21160	b4107	True
ECB_03979	YP_003047150.1	T1_exact_sequence	ECB_RS21165	b4108	True
ECB_03980	YP_003047151.1	T2_near_identical_rbh	ECB_RS21170	b4109	False
ECB_03981	YP_003047152.1	T2_near_identical_rbh	ECB_RS21175	b4110	False
ECB_03982	YP_003047153.1	T1_exact_sequence	ECB_RS21180	b4111	True
ECB_03983	YP_003047154.1	T2_near_identical_rbh	ECB_RS21190	b4112	False
ECB_03984	YP_003047155.1	T2_near_identical_rbh	ECB_RS21195	b4113	False
ECB_03985	YP_003047156.1	T2_near_identical_rbh	ECB_RS21200	b4114	False
ECB_03986	YP_003047157.1	T2_near_identical_rbh	ECB_RS21205	b4115	False
ECB_03987	YP_003047158.1	T1_exact_sequence	ECB_RS21210	b4116	False
ECB_03988	YP_003047159.1	T2_near_identical_rbh	ECB_RS21215	b4117	False
ECB_03989	YP_003047160.1	T1_exact_sequence	ECB_RS21220	b4118	False
ECB_03990	YP_003047161.1	T2_near_identical_rbh	ECB_RS21230	b4119	False
ECB_03991	YP_003047162.1	T2_near_identical_rbh	ECB_RS21235	b4120	False
ECB_03992	YP_003047163.1	T2_near_identical_rbh	ECB_RS21240	b4121	False
ECB_03993	YP_003047164.1	T2_near_identical_rbh	ECB_RS21245	b4122	True
ECB_03994	YP_003047165.1	T1_exact_sequence	ECB_RS21250	b4123	False
ECB_03995	YP_003047166.1	T1_exact_sequence	ECB_RS21260	b4124	False
ECB_03997	YP_003047167.1	T2_near_identical_rbh	ECB_RS21270	b4126	False
ECB_03998	YP_003047168.1	T1_exact_sequence	ECB_RS21275	b4127	False
ECB_03999	YP_003047169.1	T1_exact_sequence	ECB_RS21280	b4128	False
ECB_04000	YP_003047170.1	T2_near_identical_rbh	ECB_RS21290	b4129	True
ECB_04001	YP_003047171.1	T2_near_identical_rbh	ECB_RS21295	b4130	False
ECB_04002	YP_003047172.1	T1_exact_sequence	ECB_RS21300	b4131	True
ECB_04003	YP_003047173.1	T1_exact_sequence	ECB_RS21305	b4132	False
ECB_04004	YP_003047174.1	T2_near_identical_rbh	ECB_RS21310	b4133	False
ECB_04005	YP_003047175.1	T1_exact_sequence	ECB_RS21320	b4135	True
ECB_04006	YP_003047176.1	T2_near_identical_rbh	ECB_RS21325	b4136	True
ECB_04007	YP_003047177.1	T1_exact_sequence	ECB_RS21330	b4137	True
ECB_04008	YP_003047178.1	T1_exact_sequence	ECB_RS21335	b4138	False
ECB_04009	YP_003047179.1	T1_exact_sequence	ECB_RS21340	b4139	True
ECB_04010	YP_003047180.1	T1_exact_sequence	ECB_RS21345	b4140	True
ECB_04011	YP_003047181.1	T2_near_identical_rbh	ECB_RS21350	b4141	False
ECB_04012	YP_003047182.1	T1_exact_sequence	ECB_RS21355	b4142	True
ECB_04013	YP_003047183.1	T1_exact_sequence	ECB_RS21360	b4143	True
ECB_04014	YP_003047184.1	T2_near_identical_rbh	ECB_RS21365	b4144	True
ECB_04015	YP_003047185.1	T2_near_identical_rbh	ECB_RS21370	b4145	False
ECB_04016	YP_003047186.1	T2_near_identical_rbh	ECB_RS21375	b4146	True
ECB_04017	YP_003047187.1	T1_exact_sequence	ECB_RS21380	b4147	True
ECB_04018	YP_003047188.1	T1_exact_sequence	ECB_RS21385	b4410	False
ECB_04019	YP_003047189.1	T1_exact_sequence	ECB_RS21390	b4411	True
ECB_04020	YP_003047190.1	T2_near_identical_rbh	ECB_RS21395	b4148	False
ECB_04021	YP_003047191.1	T2_near_identical_rbh	ECB_RS21400	b4149	True
ECB_04022	YP_003047192.1	T2_near_identical_rbh	ECB_RS21405	b4150	True
ECB_04023	YP_003047193.1	T1_exact_sequence	ECB_RS21410	b4151	False
ECB_04024	YP_003047194.1	T1_exact_sequence	ECB_RS21415	b4152	False
ECB_04025	YP_003047195.1	T1_exact_sequence	ECB_RS21420	b4153	True
ECB_04026	YP_003047196.1	T1_exact_sequence	ECB_RS21425	b4154	True
ECB_04027	YP_003047197.1	T1_exact_sequence	ECB_RS21430	b4155	True
ECB_04028	YP_003047198.1	T2_near_identical_rbh	ECB_RS21435	b4156	False
ECB_04029	YP_003047199.1	T1_exact_sequence	ECB_RS21440	b4159	True
ECB_04030	YP_003047200.1	T1_exact_sequence	ECB_RS21445	b4160	True
ECB_04031	YP_003047201.1	T2_near_identical_rbh	ECB_RS21450	b4161	True
ECB_04032	YP_003047202.1	T1_exact_sequence	ECB_RS21455	b4162	True
ECB_04033	YP_003047203.1	T1_exact_sequence	ECB_RS21475	b4166	False
ECB_04034	YP_003047204.1	T2_near_identical_rbh	ECB_RS21480	b4167	True
ECB_04035	YP_003047205.1	T1_exact_sequence	ECB_RS21485	b4168	True
ECB_04036	YP_003047206.1	T2_near_identical_rbh	ECB_RS21490	b4169	True
ECB_04037	YP_003047207.1	T1_exact_sequence	ECB_RS21495	b4170	True
ECB_04038	YP_003047208.1	T1_exact_sequence	ECB_RS21500	b4171	True
ECB_04039	YP_003047209.1	T1_exact_sequence	ECB_RS21505	b4172	True
ECB_04040	YP_003047210.1	T2_near_identical_rbh	ECB_RS21510	b4173	True
ECB_04041	YP_003047211.1	T1_exact_sequence	ECB_RS21515	b4174	True
ECB_04042	YP_003047212.1	T1_exact_sequence	ECB_RS21520	b4175	True
ECB_04043	YP_003047213.1	T2_near_identical_rbh	ECB_RS21525	b4176	False
ECB_04044	YP_003047214.1	T1_exact_sequence	ECB_RS21530	b4177	True
ECB_04045	YP_003047215.1	T2_near_identical_rbh	ECB_RS21535	b4178	True
ECB_04046	YP_003047216.1	T1_exact_sequence	ECB_RS21540	b4179	True
ECB_04047	YP_003047217.1	T1_exact_sequence	ECB_RS21545	b4180	True
ECB_04048	YP_003047218.1	T1_exact_sequence	ECB_RS21550	b4181	False
ECB_04049	YP_003047219.1	T1_exact_sequence	ECB_RS21555	b4182	False
ECB_04050	YP_003047220.1	T2_near_identical_rbh	ECB_RS21560	b4183	False
ECB_04051	YP_003047221.1	T1_exact_sequence	ECB_RS21565	b4184	False
ECB_04052	YP_003047222.1	T2_near_identical_rbh	ECB_RS21570	b4185	False
ECB_04053	YP_003047223.1	T2_near_identical_rbh	ECB_RS21575	b4186	False
ECB_04054	YP_003047224.1	T2_near_identical_rbh	ECB_RS21580	b4187	False
ECB_04055	YP_003047225.1	T1_exact_sequence	ECB_RS21585	b4188	False
ECB_04056	YP_003047226.1	T1_exact_sequence	ECB_RS21590	b4189	False
ECB_04057	YP_003047227.1	T2_near_identical_rbh	ECB_RS21595	b4190	True
ECB_04058	YP_003047228.1	T1_exact_sequence	ECB_RS21600	b4191	False
ECB_04059	YP_003047229.1	T2_near_identical_rbh	ECB_RS21605	b4192	True
ECB_04060	YP_003047230.1	T2_near_identical_rbh	ECB_RS21610	b4193	False
ECB_04061	YP_003047231.1	T1_exact_sequence	ECB_RS21615	b4194	False
ECB_04062	YP_003047232.1	T2_near_identical_rbh	ECB_RS21620	b4195	False
ECB_04063	YP_003047233.1	T2_near_identical_rbh	ECB_RS21625	b4196	False
ECB_04064	YP_003047234.1	T2_near_identical_rbh	ECB_RS21630	b4197	False
ECB_04065	YP_003047235.1	T2_near_identical_rbh	ECB_RS21635	b4198	False
ECB_04066	YP_003047236.1	T1_exact_sequence	ECB_RS21640	b4199	False
ECB_04067	YP_003047237.1	T2_near_identical_rbh	ECB_RS21650	b4200	True
ECB_04068	YP_003047238.1	T2_near_identical_rbh	ECB_RS21655	b4201	False
ECB_04069	YP_003047239.1	T1_exact_sequence	ECB_RS21660	b4202	True
ECB_04070	YP_003047240.1	T1_exact_sequence	ECB_RS21665	b4203	True
ECB_04071	YP_003047241.1	no MG1655 partner (REL606-specific or below threshold)	ECB_RS21670		False
ECB_04072	YP_003047242.1	no MG1655 partner (REL606-specific or below threshold)	ECB_RS21675		False
ECB_04073	YP_003047243.1	no MG1655 partner (REL606-specific or below threshold)	ECB_RS21680		False
ECB_04074	YP_003047244.1	no MG1655 partner (REL606-specific or below threshold)	ECB_RS21685		False
ECB_04075	YP_003047245.1	no MG1655 partner (REL606-specific or below threshold)	ECB_RS21690		False
ECB_04076	YP_003047246.1	no MG1655 partner (REL606-specific or below threshold)	ECB_RS21695		False
ECB_04077	YP_003047247.1	ECB_ tag absent from current REL606 annotation			False
ECB_04078	YP_003047248.1	T2_near_identical_rbh	ECB_RS21705	b4206	True
ECB_04079	YP_003047249.1	T2_near_identical_rbh	ECB_RS21710	b4207	True
ECB_04080	YP_003047250.1	T1_exact_sequence	ECB_RS21715	b4208	True
ECB_04081	YP_003047251.1	T1_exact_sequence	ECB_RS21720	b4209	False
ECB_04082	YP_003047252.1	T2_near_identical_rbh	ECB_RS21725	b4210	False
ECB_04083	YP_003047253.1	T2_near_identical_rbh	ECB_RS21730	b4211	True
ECB_04084	YP_003047254.1	T1_exact_sequence	ECB_RS21735	b4212	False
ECB_04085	YP_003047255.1	T2_near_identical_rbh	ECB_RS21740	b4213	True
ECB_04086	YP_003047256.1	T2_near_identical_rbh	ECB_RS21745	b4214	True
ECB_04087	YP_003047257.1	T2_near_identical_rbh	ECB_RS21750	b4216	True
ECB_04088	YP_003047258.1	T1_exact_sequence	ECB_RS21755	b4217	False
ECB_04089	YP_003047259.1	T1_exact_sequence	ECB_RS21760	b4218	True
ECB_04090	YP_003047260.1	T1_exact_sequence	ECB_RS21765	b4219	True
ECB_04091	YP_003047261.1	T2_near_identical_rbh	ECB_RS21775	b4220	True
ECB_04092	YP_003047262.1	T2_near_identical_rbh	ECB_RS21780	b4221	True
ECB_04095	YP_003047265.1	T2_near_identical_rbh	ECB_RS21790	b4226	True
ECB_04096	YP_003047266.1	T2_near_identical_rbh	ECB_RS21795	b4227	True
ECB_04097	YP_003047267.1	T2_near_identical_rbh	ECB_RS21800	b4485	False
ECB_04098	YP_003047268.1	T2_near_identical_rbh	ECB_RS21805	b4230	False
ECB_04099	YP_003047269.1	T2_near_identical_rbh	ECB_RS21810	b4231	False
ECB_04100	YP_003047270.1	T1_exact_sequence	ECB_RS21815	b4232	True
ECB_04101	YP_003047271.1	T2_near_identical_rbh	ECB_RS21820	b4233	True
ECB_04102	YP_003047272.1	T1_exact_sequence	ECB_RS21825	b4234	True
ECB_04103	YP_003047273.1	T2_near_identical_rbh	ECB_RS21830	b4235	True
ECB_04105	YP_003047274.1	T2_near_identical_rbh	ECB_RS21840	b4237	False
ECB_04106	YP_003047275.1	T1_exact_sequence	ECB_RS21845	b4238	True
ECB_04107	YP_003047276.1	T2_near_identical_rbh	ECB_RS21850	b4239	False
ECB_04108	YP_003047277.1	T2_near_identical_rbh	ECB_RS21855	b4240	False
ECB_04109	YP_003047278.1	T2_near_identical_rbh	ECB_RS21860	b4241	True
ECB_04110	YP_003047279.1	T1_exact_sequence	ECB_RS21865	b4242	True
ECB_04111	YP_003047280.1	T1_exact_sequence	ECB_RS21870	b4243	True
ECB_04112	YP_003047281.1	T1_exact_sequence	ECB_RS21875	b4244	True
ECB_04113	YP_003047282.1	T1_exact_sequence	ECB_RS21880	b4245	True
ECB_04114	YP_003047283.1	T1_exact_sequence	ECB_RS21885	b4246	False
ECB_04115	YP_003047284.1	T2_near_identical_rbh	ECB_RS21895	b4248	False
ECB_04116	YP_003047285.1	T2_near_identical_rbh	ECB_RS21900	b4249	True
ECB_04117	YP_003047286.1	T2_near_identical_rbh	ECB_RS21905	b4251	False
ECB_04118	YP_003047287.1	T2_near_identical_rbh	ECB_RS21910	b4252	True
ECB_04119	YP_003047288.1	T3_divergent_syntenic_rbh	ECB_RS21915	b4253	True
ECB_04120	YP_003047289.1	T2_near_identical_rbh	ECB_RS21920	b4254	True
ECB_04121	YP_003047290.1	T1_exact_sequence	ECB_RS21925	b4255	True
ECB_04122	YP_003047291.1	T2_near_identical_rbh	ECB_RS21930	b4256	True
ECB_04123	YP_003047292.1	T2_near_identical_rbh	ECB_RS21935	b4257	False
ECB_04124	YP_003047293.1	T2_near_identical_rbh	ECB_RS21940	b4258	True
ECB_04125	YP_003047294.1	T2_near_identical_rbh	ECB_RS21945	b4259	True
ECB_04126	YP_003047295.1	T1_exact_sequence	ECB_RS21950	b4260	True
ECB_04127	YP_003047296.1	T1_exact_sequence	ECB_RS21955	b4261	True
ECB_04128	YP_003047297.1	T1_exact_sequence	ECB_RS21960	b4262	True
ECB_04129	YP_003047298.1	T1_exact_sequence	ECB_RS21965	b4263	True
ECB_04130	YP_003047299.1	T1_exact_sequence	ECB_RS21970	b4264	False
ECB_04131	YP_003047300.1	T2_near_identical_rbh	ECB_RS21975	b4265	False
ECB_04132	YP_003047301.1	T1_exact_sequence	ECB_RS21980	b4266	False
ECB_04133	YP_003047302.1	T1_exact_sequence	ECB_RS21985	b4267	False
ECB_04134	YP_003047303.1	T1_exact_sequence	ECB_RS21990	b4268	False
ECB_04135	YP_003047304.1	T2_near_identical_rbh	ECB_RS21995	b4269	False
ECB_04136	YP_003047305.1	no MG1655 partner (REL606-specific or below threshold)	ECB_RS22005		False
ECB_04137	YP_003047306.1	ECB_ tag absent from current REL606 annotation			False
ECB_04139	YP_003047307.1	current locus is pseudogene	ECB_RS24635		False
ECB_04140	YP_003047308.1	T2_near_identical_rbh	ECB_RS22035	b4278	False
ECB_04141	YP_003047309.1	T1_exact_sequence	ECB_RS22040	b4279	False
ECB_04142	YP_003047310.1	T1_exact_sequence	ECB_RS22045	b4280	True
ECB_04145	YP_003047311.1	ECB_ tag absent from current REL606 annotation			False
ECB_04146	YP_003047312.1	no MG1655 partner (REL606-specific or below threshold)	ECB_RS22065		False
ECB_04147	YP_003047313.1	ECB_ tag absent from current REL606 annotation			False
ECB_04148	YP_003047314.1	no MG1655 partner (REL606-specific or below threshold)	ECB_RS22075		True
ECB_04149	YP_003047315.1	no MG1655 partner (REL606-specific or below threshold)	ECB_RS22080		False
ECB_04150	YP_003047316.1	ECB_ tag absent from current REL606 annotation			False
ECB_04152	YP_003047317.1	ECB_ tag absent from current REL606 annotation			False
ECB_04153	YP_003047318.1	T1_exact_sequence	ECB_RS22105	b4287	True
ECB_04154	YP_003047319.1	T2_near_identical_rbh	ECB_RS22110	b4288	False
ECB_04155	YP_003047320.1	T1_exact_sequence	ECB_RS22115	b4289	False
ECB_04156	YP_003047321.1	T2_near_identical_rbh	ECB_RS22120	b4290	True
ECB_04157	YP_003047322.1	T2_near_identical_rbh	ECB_RS22125	b4291	True
ECB_04158	YP_003047323.1	T1_exact_sequence	ECB_RS22130	b4292	False
ECB_04159	YP_003047324.1	T1_exact_sequence	ECB_RS22135	b4293	False
ECB_04160	YP_003047325.1	ECB_ tag absent from current REL606 annotation			False
ECB_04162	YP_003047326.1	no MG1655 partner (REL606-specific or below threshold)	ECB_RS22160		False
ECB_04163	YP_003047327.1	no MG1655 partner (REL606-specific or below threshold)	ECB_RS22165		False
ECB_04164	YP_003047328.1	ECB_ tag absent from current REL606 annotation			False
ECB_04165	YP_003047329.1	T1_exact_sequence	ECB_RS22170	b4300	False
ECB_04166	YP_003047330.1	T1_exact_sequence	ECB_RS22175	b4301	False
ECB_04167	YP_003047331.1	T1_exact_sequence	ECB_RS22180	b4302	False
ECB_04168	YP_003047332.1	T1_exact_sequence	ECB_RS22185	b4303	False
ECB_04169	YP_003047333.1	T1_exact_sequence	ECB_RS22190	b4304	False
ECB_04170	YP_003047334.1	T1_exact_sequence	ECB_RS22195	b4565	False
ECB_04171	YP_003047335.1	T1_exact_sequence	ECB_RS22200	b4305	True
ECB_04172	YP_003047336.1	T1_exact_sequence	ECB_RS22205	b4306	False
ECB_04173	YP_003047337.1	T1_exact_sequence	ECB_RS22210	b4307	False
ECB_04174	YP_003047338.1	T1_exact_sequence	ECB_RS22215	b4566	False
ECB_04176	YP_003047339.1	ECB_ tag absent from current REL606 annotation			False
ECB_04177	YP_003047340.1	T1_exact_sequence	ECB_RS22240	b4310	True
ECB_04178	YP_003047341.1	T1_exact_sequence	ECB_RS22245	b4311	False
ECB_04180	YP_003047342.1	no MG1655 partner (REL606-specific or below threshold)	ECB_RS22265		False
ECB_04181	YP_003047343.1	ECB_ tag absent from current REL606 annotation			False
ECB_04182	YP_003047344.1	T1_exact_sequence	ECB_RS22270	b4313	False
ECB_04183	YP_003047345.1	T1_exact_sequence	ECB_RS22280	b4314	False
ECB_04184	YP_003047346.1	T1_exact_sequence	ECB_RS22285	b4315	False
ECB_04185	YP_003047347.1	T2_near_identical_rbh	ECB_RS22290	b4316	False
ECB_04186	YP_003047348.1	T2_near_identical_rbh	ECB_RS22295	b4317	False
ECB_04187	YP_003047349.1	T1_exact_sequence	ECB_RS22300	b4318	False
ECB_04188	YP_003047350.1	T2_near_identical_rbh	ECB_RS22305	b4319	False
ECB_04189	YP_003047351.1	T2_near_identical_rbh	ECB_RS22310	b4320	False
ECB_04190	YP_003047352.1	T1_exact_sequence	ECB_RS22315	b4321	False
ECB_04191	YP_003047353.1	T1_exact_sequence	ECB_RS22325	b4322	True
ECB_04192	YP_003047354.1	T2_near_identical_rbh	ECB_RS22330	b4323	True
ECB_04193	YP_003047355.1	T1_exact_sequence	ECB_RS22340	b4324	True
ECB_04194	YP_003047356.1	T1_exact_sequence	ECB_RS22345	b4325	False
ECB_04195	YP_003047357.1	T1_exact_sequence	ECB_RS22360	b4326	False
ECB_04196	YP_003047358.1	T1_exact_sequence	ECB_RS22365	b4327	False
ECB_04197	YP_003047359.1	T1_exact_sequence	ECB_RS22370	b4328	True
ECB_04198	YP_003047360.1	T1_exact_sequence	ECB_RS22375	b4329	False
ECB_04199	YP_003047361.1	T1_exact_sequence	ECB_RS22380	b4330	False
ECB_04200	YP_003047362.1	T1_exact_sequence	ECB_RS22385	b4331	False
ECB_04201	YP_003047363.1	T1_exact_sequence	ECB_RS22390	b4332	False
ECB_04202	YP_003047364.1	T2_near_identical_rbh	ECB_RS22395	b4333	False
ECB_04203	YP_003047365.1	T1_exact_sequence	ECB_RS22405	b4334	False
ECB_04204	YP_003047366.1	T1_exact_sequence	ECB_RS22410	b4335	False
ECB_04205	YP_003047367.1	T1_exact_sequence	ECB_RS22415	b4336	False
ECB_04206	YP_003047368.1	T1_exact_sequence	ECB_RS22420	b4337	False
ECB_04207	YP_003047369.1	current locus is pseudogene	ECB_RS22425		False
ECB_04208	YP_003047370.1	ECB_ tag absent from current REL606 annotation			False
ECB_04209	YP_003047371.1	no MG1655 partner (REL606-specific or below threshold)	ECB_RS22430		False
ECB_04211	YP_003047372.1	T2_near_identical_rbh	ECB_RS22440	b4345	False
ECB_04212	YP_003047373.1	T2_near_identical_rbh	ECB_RS22445	b4346	True
ECB_04213	YP_003047374.1	T2_near_identical_rbh	ECB_RS22450	b4347	False
ECB_04214	YP_003047375.1	excluded_weak_rbh	ECB_RS22455		True
ECB_04215	YP_003047376.1	T2_near_identical_rbh	ECB_RS22460	b4349	True
ECB_04216	YP_003047377.1	T2_near_identical_rbh	ECB_RS22465	b4350	True
ECB_04217	YP_003047378.1	T2_near_identical_rbh	ECB_RS22470	b4351	True
ECB_04218	YP_003047379.1	T2_near_identical_rbh	ECB_RS22475	b4352	True
ECB_04219	YP_003047380.1	T1_exact_sequence	ECB_RS22480	b4353	False
ECB_04220	YP_003047381.1	T2_near_identical_rbh	ECB_RS22485	b4354	True
ECB_04221	YP_003047382.1	no MG1655 partner (REL606-specific or below threshold)	ECB_RS22495		False
ECB_04222	YP_003047383.1	no MG1655 partner (REL606-specific or below threshold)	ECB_RS22500		False
ECB_04223	YP_003047384.1	no MG1655 partner (REL606-specific or below threshold)	ECB_RS22505		False
ECB_04224	YP_003047385.1	no MG1655 partner (REL606-specific or below threshold)	ECB_RS22510		False
ECB_04225	YP_003047386.1	no MG1655 partner (REL606-specific or below threshold)	ECB_RS22515		False
ECB_04226	YP_003047387.1	no MG1655 partner (REL606-specific or below threshold)	ECB_RS22520		False
ECB_04227	YP_003047388.1	no MG1655 partner (REL606-specific or below threshold)	ECB_RS22525		False
ECB_04228	YP_003047389.1	no MG1655 partner (REL606-specific or below threshold)	ECB_RS22530		False
ECB_04229	YP_003047390.1	no MG1655 partner (REL606-specific or below threshold)	ECB_RS22535		True
ECB_04230	YP_003047391.1	no MG1655 partner (REL606-specific or below threshold)	ECB_RS22540		False
ECB_04231	YP_003047392.1	no MG1655 partner (REL606-specific or below threshold)	ECB_RS22545		False
ECB_04232	YP_003047393.1	T2_near_identical_rbh	ECB_RS22550	b4355	False
ECB_04233	YP_003047394.1	T1_exact_sequence	ECB_RS22555	b4356	False
ECB_04235	YP_003047395.1	T1_exact_sequence	ECB_RS22565	b4358	False
ECB_04236	YP_003047396.1	T1_exact_sequence	ECB_RS22570	b4359	True
ECB_04237	YP_003047397.1	T1_exact_sequence	ECB_RS22575	b4360	True
ECB_04238	YP_003047398.1	T1_exact_sequence	ECB_RS22580	b4361	True
ECB_04239	YP_003047399.1	T1_exact_sequence	ECB_RS22585	b4362	True
ECB_04240	YP_003047400.1	T1_exact_sequence	ECB_RS22590	b4363	False
ECB_04241	YP_003047401.1	T1_exact_sequence	ECB_RS22595	b4364	False
ECB_04242	YP_003047402.1	T2_near_identical_rbh	ECB_RS22600	b4365	False
ECB_04243	YP_003047403.1	T1_exact_sequence	ECB_RS22605	b4366	False
ECB_04244	YP_003047404.1	T1_exact_sequence	ECB_RS22610	b4367	True
ECB_04245	YP_003047405.1	T1_exact_sequence	ECB_RS22615	b4567	False
ECB_04246	YP_003047406.1	T1_exact_sequence	ECB_RS22635	b4371	True
ECB_04247	YP_003047407.1	T1_exact_sequence	ECB_RS22640	b4372	True
ECB_04248	YP_003047408.1	T1_exact_sequence	ECB_RS22645	b4373	True
ECB_04249	YP_003047409.1	T1_exact_sequence	ECB_RS22650	b4374	True
ECB_04250	YP_003047410.1	T1_exact_sequence	ECB_RS22655	b4375	True
ECB_04251	YP_003047411.1	T1_exact_sequence	ECB_RS22660	b4376	True
ECB_04252	YP_003047412.1	T1_exact_sequence	ECB_RS22665	b4568	False
ECB_04253	YP_003047413.1	T1_exact_sequence	ECB_RS22670	b4377	True
ECB_04254	YP_003047414.1	T1_exact_sequence	ECB_RS22675	b4378	True
ECB_04255	YP_003047415.1	T1_exact_sequence	ECB_RS22680	b4379	False
ECB_04256	YP_003047416.1	T2_near_identical_rbh	ECB_RS22685	b4380	False
ECB_04257	YP_003047417.1	T2_near_identical_rbh	ECB_RS22695	b4381	True
ECB_04258	YP_003047418.1	T2_near_identical_rbh	ECB_RS22700	b4382	True
ECB_04259	YP_003047419.1	T2_near_identical_rbh	ECB_RS22705	b4383	True
ECB_04260	YP_003047420.1	T2_near_identical_rbh	ECB_RS22710	b4384	True
ECB_04261	YP_003047421.1	no MG1655 partner (REL606-specific or below threshold)	ECB_RS22715		False
ECB_04262	YP_003047422.1	T2_near_identical_rbh	ECB_RS25685	b4386	True
ECB_04263	YP_003047423.1	T1_exact_sequence	ECB_RS25690	b4387	True
ECB_04264	YP_003047424.1	T1_exact_sequence	ECB_RS22730	b4388	True
ECB_04265	YP_003047425.1	T2_near_identical_rbh	ECB_RS22735	b4389	True
ECB_04266	YP_003047426.1	T2_near_identical_rbh	ECB_RS22740	b4390	True
ECB_04267	YP_003047427.1	T1_exact_sequence	ECB_RS22750	b4391	True
ECB_04268	YP_003047428.1	T2_near_identical_rbh	ECB_RS22755	b4392	True
ECB_04269	YP_003047429.1	T1_exact_sequence	ECB_RS22760	b4393	True
ECB_04270	YP_003047430.1	T2_near_identical_rbh	ECB_RS22765	b4394	True
ECB_04271	YP_003047431.1	T1_exact_sequence	ECB_RS22770	b4395	True
ECB_04272	YP_003047432.1	T1_exact_sequence	ECB_RS22775	b4396	True
ECB_04273	YP_003047433.1	T1_exact_sequence	ECB_RS22780	b4397	True
ECB_04274	YP_003047434.1	T2_near_identical_rbh	ECB_RS22785	b4398	True
ECB_04275	YP_003047435.1	T2_near_identical_rbh	ECB_RS22790	b4399	False
ECB_04277	YP_003047436.1	T2_near_identical_rbh	ECB_RS22800	b4401	True
ECB_04278	YP_003047437.1	T1_exact_sequence	ECB_RS22805	b4402	False
ECB_04279	YP_003047438.1	T2_near_identical_rbh	ECB_RS22810	b4403	False
