rel606_locus_tag	rel606_old_locus_tag	rel606_protein_id	rel606_product	mg1655_locus_tag	mg1655_protein_id	mg1655_gene	relationship_class	pident	rel_coverage	mg_coverage	synteny_conserved_neighbours	synteny_anchored_neighbours	mapping_ambiguity	evidence
ECB_RS01515	ECB_00286	WP_000052206.1	methylisocitrate lyase	b0331	NP_414865.1	prpB	T1_exact_sequence	100.0	1.0	1.0	6.0	6.0		identical protein sequence, unique on both sides
ECB_RS19575	ECB_03698	WP_000339104.1	EamA family transporter RarD	b3819	YP_026262.1	rarD	T1_exact_sequence	100.0	1.0	1.0	4.0	4.0		identical protein sequence, unique on both sides
ECB_RS05175	ECB_00979	WP_000063978.1	hydrogenase-1 operon protein HyaE	b0976	NP_415495.1	hyaE	T1_exact_sequence	100.0	1.0	1.0	6.0	6.0		identical protein sequence, unique on both sides
ECB_RS19300	ECB_03647	WP_000983255.1	acetolactate synthase 2 small subunit	b3769	NP_418217.1	ilvM	T1_exact_sequence	100.0	1.0	1.0	5.0	5.0		identical protein sequence, unique on both sides
ECB_RS22420	ECB_04206	WP_001137036.1	multidrug efflux MFS transporter MdtM	b4337	NP_418757.1	mdtM	T1_exact_sequence	100.0	1.0	1.0	5.0	5.0		identical protein sequence, unique on both sides
ECB_RS04145	ECB_00778	WP_000843866.1	glutamine ABC transporter substrate-binding protein GlnH	b0811	NP_415332.1	glnH	T1_exact_sequence	100.0	1.0	1.0	6.0	6.0		identical protein sequence, unique on both sides
ECB_RS19215	ECB_03636	WP_000211858.1	ribose ABC transporter permease	b3750	NP_418206.1	rbsC	T1_exact_sequence	100.0	1.0	1.0	5.0	5.0		identical protein sequence, unique on both sides
ECB_RS00235	ECB_00045	WP_000692204.1	electron transfer flavoprotein FixA	b0041	NP_414583.2	fixA	T1_exact_sequence	100.0	1.0	1.0	6.0	6.0		identical protein sequence, unique on both sides
ECB_RS18170	ECB_03431	WP_000776887.1	2,3-diketo-L-gulonate TRAP transporter substrate-binding protein YiaO	b3579	NP_418036.1	yiaO	T1_exact_sequence	100.0	1.0	1.0	6.0	6.0		identical protein sequence, unique on both sides
ECB_RS19405	ECB_03668	WP_001145183.1	dTDP-4-amino-4,6-dideoxy-D-galactose acyltransferase	b3790	YP_026256.2	rffC	T1_exact_sequence	100.0	1.0	1.0	6.0	6.0		identical protein sequence, unique on both sides
ECB_RS21505	ECB_04039	WP_001051883.1	RNA chaperone Hfq	b4172	NP_418593.1	hfq	T1_exact_sequence	100.0	1.0	1.0	6.0	6.0		identical protein sequence, unique on both sides
ECB_RS03105	ECB_00597	WP_000042632.1	lipoyl synthase	b0628	NP_415161.1	lipA	T1_exact_sequence	100.0	1.0	1.0	5.0	5.0		identical protein sequence, unique on both sides
ECB_RS01100	ECB_00207	WP_000917883.1	ribonuclease HI	b0214	NP_414750.1	rnhA	T1_exact_sequence	100.0	1.0	1.0	5.0	5.0		identical protein sequence, unique on both sides
ECB_RS20920	ECB_03932	WP_001295689.1	YjcB family protein	b4060	NP_418484.4	yjcB	T1_exact_sequence	100.0	1.0	1.0	6.0	6.0		identical protein sequence, unique on both sides
ECB_RS00500	ECB_00096	WP_000462776.1	cell division protein FtsZ	b0095	NP_414637.1	ftsZ	T1_exact_sequence	100.0	1.0	1.0	6.0	6.0		identical protein sequence, unique on both sides
ECB_RS11540	ECB_02191	WP_001295284.1	2-succinyl-5-enolpyruvyl-6-hydroxy-3-cyclohexene-1-carboxylic-acid synthase	b2264	NP_416767.1	menD	T1_exact_sequence	100.0	1.0	1.0	6.0	6.0		identical protein sequence, unique on both sides
ECB_RS21845	ECB_04106	WP_000187778.1	anaerobic ribonucleoside-triphosphate reductase	b4238	NP_418659.1	nrdD	T1_exact_sequence	100.0	1.0	1.0	5.0	5.0		identical protein sequence, unique on both sides
ECB_RS13390	ECB_02538	WP_000119763.1	L-valine transporter subunit YgaH	b2683	NP_417168.1	ygaH	T1_exact_sequence	100.0	1.0	1.0	5.0	5.0		identical protein sequence, unique on both sides
ECB_RS13315	ECB_02523	WP_000137280.1	ArsR/SmtB family transcription factor	b2667	NP_417153.1	ygaV	T1_exact_sequence	100.0	1.0	1.0	6.0	6.0		identical protein sequence, unique on both sides
ECB_RS11930	ECB_02268	WP_001295701.1	long-chain fatty acid transporter FadL	b2344	NP_416846.2	fadL	T1_exact_sequence	100.0	1.0	1.0	5.0	5.0		identical protein sequence, unique on both sides
ECB_RS05490	ECB_01035	WP_001264088.1	curli production assembly/transport protein CsgF	b1038	NP_415556.1	csgF	T1_exact_sequence	100.0	1.0	1.0	6.0	6.0		identical protein sequence, unique on both sides
ECB_RS00975	ECB_00188	WP_000417058.1	YaeP family protein	b4406	YP_026160.1	yaeP	T1_exact_sequence	100.0	1.0	1.0	6.0	6.0		identical protein sequence, unique on both sides
ECB_RS05030	ECB_00953	WP_000053099.1	ABC transporter ATP-binding protein	b0949	NP_415469.1	uup	T1_exact_sequence	100.0	1.0	1.0	6.0	6.0		identical protein sequence, unique on both sides
ECB_RS00855	ECB_00164	WP_001186650.1	2,3,4,5-tetrahydropyridine-2,6-dicarboxylate N-succinyltransferase	b0166	NP_414708.1	dapD	T1_exact_sequence	100.0	1.0	1.0	6.0	6.0		identical protein sequence, unique on both sides
ECB_RS21425	ECB_04026	WP_001192973.1	fumarate reductase (quinol) flavoprotein subunit	b4154	NP_418578.1	frdA	T1_exact_sequence	100.0	1.0	1.0	6.0	6.0		identical protein sequence, unique on both sides
ECB_RS21485	ECB_04035	WP_000981977.1	tRNA (adenosine(37)-N6)-threonylcarbamoyltransferase complex ATPase subunit type 1 TsaE	b4168	NP_418589.1	tsaE	T1_exact_sequence	100.0	1.0	1.0	6.0	6.0		identical protein sequence, unique on both sides
ECB_RS12715	ECB_02413	WP_000108626.1	3-mercaptopyruvate sulfurtransferase	b2521	NP_417016.4	sseA	T1_exact_sequence	100.0	1.0	1.0	6.0	6.0		identical protein sequence, unique on both sides
ECB_RS21305	ECB_04003	WP_000092909.1	cadaverine/lysine antiporter	b4132	NP_418556.1	cadB	T1_exact_sequence	100.0	1.0	1.0	6.0	6.0		identical protein sequence, unique on both sides
ECB_RS18875	ECB_03569	WP_001243431.1	small heat shock chaperone IbpB	b3686	NP_418141.2	ibpB	T1_exact_sequence	100.0	1.0	1.0	5.0	5.0		identical protein sequence, unique on both sides
ECB_RS19895	ECB_03754	WP_000190577.1	nitrogen regulation protein NR(II)	b3869	NP_418305.1	glnL	T1_exact_sequence	100.0	1.0	1.0	6.0	6.0		identical protein sequence, unique on both sides
ECB_RS12630	ECB_02396	WP_000076001.1	YfgG family protein	b2504	NP_416999.1	yfgG	T1_exact_sequence	100.0	1.0	1.0	5.0	5.0		identical protein sequence, unique on both sides
ECB_RS14755	ECB_02792	WP_000091700.1	oxidative damage protection protein	b2962	NP_417437.1	yggX	T1_exact_sequence	100.0	1.0	1.0	6.0	6.0		identical protein sequence, unique on both sides
ECB_RS03535	ECB_00671	WP_001188343.1	5-oxoprolinase subunit PxpB	b0711	NP_415239.1	pxpB	T1_exact_sequence	100.0	1.0	1.0	6.0	6.0		identical protein sequence, unique on both sides
ECB_RS12745	ECB_02419	WP_000384413.1	co-chaperone HscB	b2527	NP_417022.1	hscB	T1_exact_sequence	100.0	1.0	1.0	6.0	6.0		identical protein sequence, unique on both sides
ECB_RS11765	ECB_02235	WP_000748271.1	lysine/arginine/ornithine ABC transporter substrate-binding protein ArgT	b2310	NP_416813.1	argT	T1_exact_sequence	100.0	1.0	1.0	6.0	6.0		identical protein sequence, unique on both sides
ECB_RS18930	ECB_03580	WP_000985549.1	sugar-phosphatase	b3697	NP_418152.1	yidA	T1_exact_sequence	100.0	1.0	1.0	6.0	6.0		identical protein sequence, unique on both sides
ECB_RS21390	ECB_04019	WP_000239596.1	lipoprotein toxin entericidin B	b4411	YP_026284.1	ecnB	T1_exact_sequence	100.0	1.0	1.0	6.0	6.0		identical protein sequence, unique on both sides
ECB_RS08940	ECB_01694	WP_000267650.1	fructosamine kinase family protein	b1725	NP_416239.1	yniA	T1_exact_sequence	100.0	1.0	1.0	6.0	6.0		identical protein sequence, unique on both sides
ECB_RS11515	ECB_02186	WP_001295285.1	signal transduction protein PmrD	b2259	NP_416762.2	pmrD	T1_exact_sequence	100.0	1.0	1.0	6.0	6.0		identical protein sequence, unique on both sides
ECB_RS15290	ECB_02893	WP_000650107.1	type II toxin-antitoxin system antitoxin MqsA	b3021	NP_417493.1	mqsA	T1_exact_sequence	100.0	1.0	1.0	6.0	6.0		identical protein sequence, unique on both sides
ECB_RS20570	ECB_03872	WP_000934302.1	sigma D regulator	b3995	NP_418423.1	rsd	T1_exact_sequence	100.0	1.0	1.0	6.0	6.0		identical protein sequence, unique on both sides
ECB_RS04955	ECB_00938	WP_000235203.1	aliphatic sulfonate ABC transporter permease SsuC	b0934	NP_415454.4	ssuC	T1_exact_sequence	100.0	1.0	1.0	6.0	6.0		identical protein sequence, unique on both sides
ECB_RS10770	ECB_02043	WP_001005448.1	iron-sulfur cluster carrier protein ApbC	b2113	NP_416616.4	mrp	T1_exact_sequence	100.0	1.0	1.0	2.0	2.0		identical protein sequence, unique on both sides
ECB_RS13340	ECB_02528	WP_001295174.1	DUF883 domain-containing protein	b2672	NP_417158.4	ygaM	T1_exact_sequence	100.0	1.0	1.0	6.0	6.0		identical protein sequence, unique on both sides
ECB_RS03645	ECB_00691	WP_000648976.1	mannosylglycerate hydrolase	b0732	NP_415260.1	mngB	T1_exact_sequence	100.0	1.0	1.0	5.0	5.0		identical protein sequence, unique on both sides
ECB_RS06960	ECB_01309	WP_000605090.1	DUF2534 family protein	b1332	NP_415848.1	ynaJ	T1_exact_sequence	100.0	1.0	1.0	6.0	6.0		identical protein sequence, unique on both sides
ECB_RS25880		WP_211180490.1	protein YbiE	b4769	YP_010051178.1	ybiE	T1_exact_sequence	100.0	1.0	1.0	6.0	6.0		identical protein sequence, unique on both sides
ECB_RS22660	ECB_04251	WP_001295748.1	molecular chaperone OsmY	b4376	NP_418793.1	osmY	T1_exact_sequence	100.0	1.0	1.0	6.0	6.0		identical protein sequence, unique on both sides
ECB_RS16750	ECB_03164	WP_000941212.1	50S ribosomal protein L16	b3313	NP_417772.1	rplP	T1_exact_sequence	100.0	1.0	1.0	6.0	6.0		identical protein sequence, unique on both sides
ECB_RS13395	ECB_02539	WP_000378442.1	multidrug efflux transporter EmrAB transcriptional repressor EmrR	b2684	NP_417169.1	mprA	T1_exact_sequence	100.0	1.0	1.0	5.0	5.0		identical protein sequence, unique on both sides
ECB_RS05320	ECB_01007	WP_001151437.1	NAD(P)H:quinone oxidoreductase	b1004	NP_415524.1	wrbA	T1_exact_sequence	100.0	1.0	1.0	6.0	6.0		identical protein sequence, unique on both sides
ECB_RS21540	ECB_04046	WP_000076332.1	ribonuclease R	b4179	NP_418600.4	rnr	T1_exact_sequence	100.0	1.0	1.0	6.0	6.0		identical protein sequence, unique on both sides
ECB_RS05745	ECB_01082	WP_000846343.1	23S rRNA pseudouridine(955/2504/2580) synthase RluC	b1086	NP_415604.1	rluC	T1_exact_sequence	100.0	1.0	1.0	6.0	6.0		identical protein sequence, unique on both sides
ECB_RS02860	ECB_00547	WP_000956455.1	type I toxin-antitoxin system toxin HokE	b4415	YP_025295.1	hokE	T1_exact_sequence	100.0	1.0	1.0	4.0	4.0		identical protein sequence, unique on both sides
ECB_RS17770	ECB_03358	WP_000756550.1	acid-activated periplasmic chaperone HdeA	b3510	NP_417967.1	hdeA	T1_exact_sequence	100.0	1.0	1.0	5.0	5.0		identical protein sequence, unique on both sides
ECB_RS04565	ECB_00863	WP_000389260.1	YbjO family protein	b0858	NP_415379.1	ybjO	T1_exact_sequence	100.0	1.0	1.0	6.0	6.0		identical protein sequence, unique on both sides
ECB_RS18945	ECB_03582	WP_000072067.1	DNA topoisomerase (ATP-hydrolyzing) subunit B	b3699	YP_026241.1	gyrB	T1_exact_sequence	100.0	1.0	1.0	6.0	6.0		identical protein sequence, unique on both sides
ECB_RS17390	ECB_03288	WP_000108330.1	gluconokinase	b3437	NP_417894.2	gntK	T1_exact_sequence	100.0	1.0	1.0	6.0	6.0		identical protein sequence, unique on both sides
ECB_RS21095	ECB_03965	WP_001110490.1	aminoalkylphosphonate N-acetyltransferase	b4093	NP_418517.1	phnO	T1_exact_sequence	100.0	1.0	1.0	6.0	6.0		identical protein sequence, unique on both sides
ECB_RS09715	ECB_01837	WP_001258678.1	aspartate--tRNA ligase	b1866	NP_416380.1	aspS	T1_exact_sequence	100.0	1.0	1.0	6.0	6.0		identical protein sequence, unique on both sides
ECB_RS02115	ECB_00404	WP_000075876.1	acyl-CoA thioesterase II	b0452	NP_414986.1	tesB	T1_exact_sequence	100.0	1.0	1.0	6.0	6.0		identical protein sequence, unique on both sides
ECB_RS07935	ECB_01499	WP_000215549.1	DNA-binding transcriptional regulator rspR	b1540	NP_416058.1	rspR	T1_exact_sequence	100.0	1.0	1.0	5.0	5.0		identical protein sequence, unique on both sides
ECB_RS16160	ECB_03058	WP_001296448.1	outer membrane lipid asymmetry maintenance protein MlaD	b3193	NP_417660.1	mlaD	T1_exact_sequence	100.0	1.0	1.0	6.0	6.0		identical protein sequence, unique on both sides
ECB_RS16925	ECB_03199	WP_001153615.1	protein SlyX	b3348	NP_417807.1	slyX	T1_exact_sequence	100.0	1.0	1.0	6.0	6.0		identical protein sequence, unique on both sides
ECB_RS09355	ECB_01772	WP_000067822.1	carnitine monooxygenase, oxygenase subunit YeaW	b1802	NP_416316.1	yeaW	T1_exact_sequence	100.0	1.0	1.0	6.0	6.0		identical protein sequence, unique on both sides
ECB_RS25905		WP_211180492.1	protein YchT	b4771	YP_010051181.1	ychT	T1_exact_sequence	100.0	1.0	1.0	6.0	6.0		identical protein sequence, unique on both sides
ECB_RS14425	ECB_02727	WP_001055874.1	flavodoxin FldB	b2895	NP_417371.1	fldB	T1_exact_sequence	100.0	1.0	1.0	6.0	6.0		identical protein sequence, unique on both sides
ECB_RS25470		WP_010723108.1	membrane protein YoeI	b4678	YP_002791246.1	yoeI	T1_exact_sequence	100.0	1.0	1.0	6.0	6.0		identical protein sequence, unique on both sides
ECB_RS19390	ECB_03665	WP_000006621.1	UDP-N-acetyl-D-mannosamine dehydrogenase	b3787	YP_026254.1	wecC	T1_exact_sequence	100.0	1.0	1.0	6.0	6.0		identical protein sequence, unique on both sides
ECB_RS22570	ECB_04236	WP_001292679.1	phosphatidylglycerol--membrane-oligosaccharide glycerophosphotransferase	b4359	NP_418779.2	opgB	T1_exact_sequence	100.0	1.0	1.0	6.0	6.0		identical protein sequence, unique on both sides
ECB_RS08660	ECB_01640	WP_001310861.1	4Fe-4S dicluster domain-containing protein	b1671	NP_416186.4	ydhX	T1_exact_sequence	100.0	1.0	1.0	6.0	6.0		identical protein sequence, unique on both sides
ECB_RS20875	ECB_03924	WP_000918363.1	replicative DNA helicase	b4052	NP_418476.1	dnaB	T1_exact_sequence	100.0	1.0	1.0	6.0	6.0		identical protein sequence, unique on both sides
ECB_RS20790	ECB_03908	WP_000973663.1	maltoporin LamB	b4036	NP_418460.1	lamB	T1_exact_sequence	100.0	1.0	1.0	6.0	6.0		identical protein sequence, unique on both sides
ECB_RS15375	ECB_02910	WP_000442860.1	glutathionylspermidine synthase family protein	b3038	NP_417510.1	ygiC	T1_exact_sequence	100.0	1.0	1.0	6.0	6.0		identical protein sequence, unique on both sides
ECB_RS12640	ECB_02398	WP_000755173.1	DUF5384 family protein	b2506	NP_417001.1	yfgI	T1_exact_sequence	100.0	1.0	1.0	5.0	5.0		identical protein sequence, unique on both sides
ECB_RS18820	ECB_03559	WP_001113432.1	DUF202 domain-containing protein	b3675	NP_418131.1	yidG	T1_exact_sequence	100.0	1.0	1.0	6.0	6.0		identical protein sequence, unique on both sides
ECB_RS09630	ECB_01821	WP_000800512.1	bifunctional 4-hydroxy-2-oxoglutarate aldolase/2-dehydro-3-deoxy-phosphogluconate aldolase	b1850	NP_416364.1	eda	T1_exact_sequence	100.0	1.0	1.0	6.0	6.0		identical protein sequence, unique on both sides
ECB_RS06195	ECB_01166	WP_000340194.1	potassium/proton antiporter	b1191	NP_415709.2	cvrA	T1_exact_sequence	100.0	1.0	1.0	6.0	6.0		identical protein sequence, unique on both sides
ECB_RS00605	ECB_00115	WP_000102485.1	dihydrolipoyl dehydrogenase	b0116	NP_414658.1	lpd	T1_exact_sequence	100.0	1.0	1.0	6.0	6.0		identical protein sequence, unique on both sides
ECB_RS11465	ECB_02176	WP_001300392.1	YfaZ family protein	b2250	NP_416753.4	yfaZ	T1_exact_sequence	100.0	1.0	1.0	6.0	6.0		identical protein sequence, unique on both sides
ECB_RS11205	ECB_02125	WP_000186540.1	heme exporter protein CcmD	b2198	NP_416702.1	ccmD	T1_exact_sequence	100.0	1.0	1.0	6.0	6.0		identical protein sequence, unique on both sides
ECB_RS13705	ECB_02593	WP_000254708.1	protein-L-isoaspartate O-methyltransferase	b2743	NP_417223.1	pcm	T1_exact_sequence	100.0	1.0	1.0	6.0	6.0		identical protein sequence, unique on both sides
ECB_RS05065	ECB_00960	WP_000877161.1	macrodomain Ter protein MatP	b0956	NP_415476.1	matP	T1_exact_sequence	100.0	1.0	1.0	6.0	6.0		identical protein sequence, unique on both sides
ECB_RS03140	ECB_00603	WP_000131719.1	peptidoglycan glycosyltransferase MrdB	b0634	NP_415167.1	mrdB	T1_exact_sequence	100.0	1.0	1.0	6.0	6.0		identical protein sequence, unique on both sides
ECB_RS12420	ECB_02357	WP_001270542.1	DUF1176 domain-containing protein	b2466	NP_416961.1	ypfG	T1_exact_sequence	100.0	1.0	1.0	6.0	6.0		identical protein sequence, unique on both sides
ECB_RS18885	ECB_03571	WP_000620888.1	YceK/YidQ family lipoprotein	b3688	NP_418143.2	yidQ	T1_exact_sequence	100.0	1.0	1.0	6.0	6.0		identical protein sequence, unique on both sides
ECB_RS01340		WP_000866436.1	type B 50S ribosomal protein L36	b4506	YP_588437.1	ykgO	T1_exact_sequence	100.0	1.0	1.0	5.0	5.0		identical protein sequence, unique on both sides
ECB_RS05195		WP_000270305.1	cytochrome bd-II oxidase subunit CbdX	b4592	YP_001165313.1	appX	T1_exact_sequence	100.0	1.0	1.0	6.0	6.0		identical protein sequence, unique on both sides
ECB_RS09125	ECB_01730	WP_000373021.1	NADP-specific glutamate dehydrogenase	b1761	NP_416275.1	gdhA	T1_exact_sequence	100.0	1.0	1.0	6.0	6.0		identical protein sequence, unique on both sides
ECB_RS08725	ECB_01653	WP_000367160.1	Fe-S cluster assembly scaffold SufA	b1684	NP_416199.1	sufA	T1_exact_sequence	100.0	1.0	1.0	6.0	6.0		identical protein sequence, unique on both sides
ECB_RS21420	ECB_04025	WP_000829498.1	fumarate reductase iron-sulfur protein	b4153	NP_418577.1	frdB	T1_exact_sequence	100.0	1.0	1.0	6.0	6.0		identical protein sequence, unique on both sides
ECB_RS04155	ECB_00779	WP_000100800.1	DNA starvation/stationary phase protection protein Dps	b0812	NP_415333.1	dps	T1_exact_sequence	100.0	1.0	1.0	6.0	6.0		identical protein sequence, unique on both sides
ECB_RS00590	ECB_00112	WP_000331776.1	pyruvate dehydrogenase complex transcriptional repressor PdhR	b0113	NP_414655.1	pdhR	T1_exact_sequence	100.0	1.0	1.0	6.0	6.0		identical protein sequence, unique on both sides
ECB_RS05555	ECB_01045	WP_001343212.1	glucans biosynthesis protein MdoG	b1048	NP_415566.1	opgG	T1_exact_sequence	100.0	1.0	1.0	6.0	6.0		identical protein sequence, unique on both sides
ECB_RS00655	ECB_00125	WP_000651599.1	carbonate dehydratase	b0126	NP_414668.1	can	T1_exact_sequence	100.0	1.0	1.0	6.0	6.0		identical protein sequence, unique on both sides
ECB_RS06990	ECB_01314	WP_001156451.1	p-aminobenzoyl-glutamate hydrolase subunit AbgB	b1337	NP_415853.1	abgB	T1_exact_sequence	100.0	1.0	1.0	6.0	6.0		identical protein sequence, unique on both sides
ECB_RS01505	ECB_00284	WP_000691956.1	DUF1471 family periplasmic protein YahO	b0329	NP_414863.1	yahO	T1_exact_sequence	100.0	1.0	1.0	6.0	6.0		identical protein sequence, unique on both sides
ECB_RS07750	ECB_01462	WP_000876763.1	fimbrial protein	b1504	NP_416021.1	ydeS	T1_exact_sequence	100.0	1.0	1.0	5.0	5.0		identical protein sequence, unique on both sides
ECB_RS16200	ECB_03066	WP_000224099.1	LPS export ABC transporter ATP-binding protein	b3201	NP_417668.1	lptB	T1_exact_sequence	100.0	1.0	1.0	6.0	6.0		identical protein sequence, unique on both sides
ECB_RS06225	ECB_01172	WP_000841714.1	alpha,alpha-trehalase	b1197	NP_415715.1	treA	T1_exact_sequence	100.0	1.0	1.0	6.0	6.0		identical protein sequence, unique on both sides
ECB_RS07075	ECB_01329	WP_001352098.1	YdaE family protein	b4526	YP_588451.1	ydaE	T1_exact_sequence	100.0	1.0	1.0	6.0	6.0		identical protein sequence, unique on both sides
ECB_RS03665	ECB_00694	WP_000270282.1	cytochrome bd-I oxidase subunit CydX	b4515	YP_588444.1	cydX	T1_exact_sequence	100.0	1.0	1.0	5.0	5.0		identical protein sequence, unique on both sides
ECB_RS20220	ECB_03813	WP_001296623.1	septal ring assembly protein ZapB	b3928	NP_418363.1	zapB	T1_exact_sequence	100.0	1.0	1.0	6.0	6.0		identical protein sequence, unique on both sides
ECB_RS06505	ECB_01225	WP_000967595.1	YciI family protein	b1251	NP_415767.2	yciI	T1_exact_sequence	100.0	1.0	1.0	6.0	6.0		identical protein sequence, unique on both sides
ECB_RS19020	ECB_03597	WP_001291268.1	class I chromate reductase YieF	b3713	NP_418169.1	yieF	T1_exact_sequence	100.0	1.0	1.0	6.0	6.0		identical protein sequence, unique on both sides
ECB_RS11145	ECB_02115	WP_000494183.1	50S ribosomal protein L25	b2185	NP_416690.1	rplY	T1_exact_sequence	100.0	1.0	1.0	6.0	6.0		identical protein sequence, unique on both sides
ECB_RS04085	ECB_00766	WP_001340191.1	ATP-dependent DNA helicase DinG	b0799	NP_415320.1	dinG	T1_exact_sequence	100.0	1.0	1.0	6.0	6.0		identical protein sequence, unique on both sides
ECB_RS22300	ECB_04187	WP_001244827.1	type 1 fimbria minor subunit FimF	b4318	NP_418738.1	fimF	T1_exact_sequence	100.0	1.0	1.0	6.0	6.0		identical protein sequence, unique on both sides
ECB_RS05585	ECB_01050	WP_000183364.1	kdo(2)-lipid IV(A) lauroyltransferase	b1054	NP_415572.1	lpxL	T1_exact_sequence	100.0	1.0	1.0	6.0	6.0		identical protein sequence, unique on both sides
ECB_RS08745	ECB_01657	WP_000248636.1	AI-2E family transporter YdiK	b1688	NP_416203.1	ydiK	T1_exact_sequence	100.0	1.0	1.0	6.0	6.0		identical protein sequence, unique on both sides
ECB_RS21025	ECB_03952	WP_000610601.1	multidrug efflux transporter outer membrane subunit MdtP	b4080	NP_418504.1	mdtP	T1_exact_sequence	100.0	1.0	1.0	6.0	6.0		identical protein sequence, unique on both sides
ECB_RS12180	ECB_02309	WP_000765610.1	bile acid:sodium symporter family protein	b2410	NP_416905.1	yfeH	T1_exact_sequence	100.0	1.0	1.0	5.0	5.0		identical protein sequence, unique on both sides
ECB_RS12425	ECB_02358	WP_001300814.1	GDP-mannose pyrophosphatase NudK	b2467	NP_416962.1	nudK	T1_exact_sequence	100.0	1.0	1.0	6.0	6.0		identical protein sequence, unique on both sides
ECB_RS03365	ECB_00640	WP_000131702.1	ferric iron uptake transcriptional regulator	b0683	NP_415209.1	fur	T1_exact_sequence	100.0	1.0	1.0	6.0	6.0		identical protein sequence, unique on both sides
ECB_RS20720	ECB_03897	WP_000789986.1	glucose-6-phosphate isomerase	b4025	NP_418449.1	pgi	T1_exact_sequence	100.0	1.0	1.0	6.0	6.0		identical protein sequence, unique on both sides
ECB_RS13750	ECB_02602	WP_000372108.1	sulfate adenylyltransferase subunit CysD	b2752	NP_417232.1	cysD	T1_exact_sequence	100.0	1.0	1.0	4.0	4.0		identical protein sequence, unique on both sides
ECB_RS09055	ECB_01716	WP_000989419.1	arginine N-succinyltransferase	b1747	NP_416261.1	astA	T1_exact_sequence	100.0	1.0	1.0	6.0	6.0		identical protein sequence, unique on both sides
ECB_RS03045	ECB_00584	WP_000622357.1	citrate (pro-3S)-lyase subunit beta	b0616	NP_415149.4	citE	T1_exact_sequence	100.0	1.0	1.0	5.0	5.0		identical protein sequence, unique on both sides
ECB_RS09005	ECB_01707	WP_000412169.1	PTS N,N'-diacetylchitobiose transporter subunit IIB	b1738	NP_416252.1	chbB	T1_exact_sequence	100.0	1.0	1.0	6.0	6.0		identical protein sequence, unique on both sides
ECB_RS17170	ECB_03246	WP_001069315.1	DNA utilization protein HofN	b3394	NP_417853.1	hofN	T1_exact_sequence	100.0	1.0	1.0	6.0	6.0		identical protein sequence, unique on both sides
ECB_RS21355	ECB_04012	WP_001026276.1	co-chaperone GroES	b4142	NP_418566.1	groS	T1_exact_sequence	100.0	1.0	1.0	6.0	6.0		identical protein sequence, unique on both sides
ECB_RS12955	ECB_02458	WP_001297412.1	pyridoxine 5'-phosphate synthase	b2564	NP_417059.1	pdxJ	T1_exact_sequence	100.0	1.0	1.0	6.0	6.0		identical protein sequence, unique on both sides
ECB_RS00240	ECB_00046	WP_001091499.1	electron transfer flavoprotein subunit alpha/FixB family protein	b0042	NP_414584.1	fixB	T1_exact_sequence	100.0	1.0	1.0	6.0	6.0		identical protein sequence, unique on both sides
ECB_RS05355	ECB_01013	WP_001126780.1	3-aminoacrylate deaminase	b1010	NP_415530.1	rutC	T1_exact_sequence	100.0	1.0	1.0	6.0	6.0		identical protein sequence, unique on both sides
ECB_RS17380	ECB_03286	WP_001002544.1	NAAT family transporter YhgN	b3434	NP_417892.1	yhgN	T1_exact_sequence	100.0	1.0	1.0	6.0	6.0		identical protein sequence, unique on both sides
ECB_RS00615	ECB_00117	WP_001307570.1	bifunctional aconitate hydratase 2/2-methylisocitrate dehydratase	b0118	NP_414660.1	acnB	T1_exact_sequence	100.0	1.0	1.0	6.0	6.0		identical protein sequence, unique on both sides
ECB_RS17730	ECB_03350	WP_000008957.1	As(III)-sensing metalloregulatory transcriptional repressor ArsR	b3501	NP_417958.1	arsR	T1_exact_sequence	100.0	1.0	1.0	5.0	5.0		identical protein sequence, unique on both sides
ECB_RS13850	ECB_02622	WP_001199973.1	7-carboxy-7-deazaguanine synthase QueE	b2777	NP_417257.1	queE	T1_exact_sequence	100.0	1.0	1.0	6.0	6.0		identical protein sequence, unique on both sides
ECB_RS04585	ECB_00867	WP_001001691.1	arginine ABC transporter permease ArtQ	b0862	NP_415383.1	artQ	T1_exact_sequence	100.0	1.0	1.0	6.0	6.0		identical protein sequence, unique on both sides
ECB_RS05215	ECB_00986	WP_001295357.1	polysaccharide export protein	b0983	NP_415503.1	gfcE	T1_exact_sequence	100.0	1.0	1.0	6.0	6.0		identical protein sequence, unique on both sides
ECB_RS00810	ECB_00155	WP_001295564.1	iron-sulfur cluster insertion protein ErpA	b0156	NP_414698.1	erpA	T1_exact_sequence	100.0	1.0	1.0	6.0	6.0		identical protein sequence, unique on both sides
ECB_RS19045	ECB_03602	WP_000766900.1	glucosamine-6-phosphate deaminase	b3718	YP_026242.1	yieK	T1_exact_sequence	100.0	1.0	1.0	6.0	6.0		identical protein sequence, unique on both sides
ECB_RS16785	ECB_03171	WP_000579833.1	50S ribosomal protein L3	b3320	NP_417779.1	rplC	T1_exact_sequence	100.0	1.0	1.0	6.0	6.0		identical protein sequence, unique on both sides
ECB_RS09150	ECB_01734	WP_000339283.1	NAD(P)H nitroreductase	b1765	NP_416279.1	ydjA	T1_exact_sequence	100.0	1.0	1.0	6.0	6.0		identical protein sequence, unique on both sides
ECB_RS13590	ECB_02571	WP_001288122.1	formate hydrogenlyase subunit HycE	b2721	NP_417201.1	hycE	T1_exact_sequence	100.0	1.0	1.0	6.0	6.0		identical protein sequence, unique on both sides
ECB_RS18580	ECB_03511	WP_000468833.1	sodium/glutamate symporter	b3653	NP_418110.1	gltS	T1_exact_sequence	100.0	1.0	1.0	5.0	5.0		identical protein sequence, unique on both sides
ECB_RS01720	ECB_00328	WP_000413677.1	D-alanine--D-alanine ligase	b0381	NP_414915.1	ddlA	T1_exact_sequence	100.0	1.0	1.0	5.0	5.0		identical protein sequence, unique on both sides
ECB_RS06740	ECB_01267	WP_000573407.1	peptide ABC transporter ATP-binding protein SapF	b1290	NP_415806.1	sapF	T1_exact_sequence	100.0	1.0	1.0	6.0	6.0		identical protein sequence, unique on both sides
ECB_RS05700	ECB_01073	WP_000349316.1	flagellar basal-body rod protein FlgF	b1077	NP_415595.1	flgF	T1_exact_sequence	100.0	1.0	1.0	6.0	6.0		identical protein sequence, unique on both sides
ECB_RS15680	ECB_02965	WP_001166760.1	EnvZ/OmpR regulon moderator MzrA	b3096	NP_417567.1	mzrA	T1_exact_sequence	100.0	1.0	1.0	6.0	6.0		identical protein sequence, unique on both sides
ECB_RS20590	ECB_03876	WP_000940106.1	YjaG family protein	b3999	NP_418427.1	yjaG	T1_exact_sequence	100.0	1.0	1.0	6.0	6.0		identical protein sequence, unique on both sides
ECB_RS22640	ECB_04247	WP_000204012.1	DNA polymerase III subunit psi	b4372	NP_418789.1	holD	T1_exact_sequence	100.0	1.0	1.0	6.0	6.0		identical protein sequence, unique on both sides
ECB_RS01075	ECB_00202	WP_001230983.1	endonuclease/exonuclease/phosphatase family protein	b0209	NP_414745.1	yafD	T1_exact_sequence	100.0	1.0	1.0	6.0	6.0		identical protein sequence, unique on both sides
ECB_RS05805	ECB_01094	WP_001257000.1	dTMP kinase	b1098	NP_415616.1	tmk	T1_exact_sequence	100.0	1.0	1.0	6.0	6.0		identical protein sequence, unique on both sides
ECB_RS08235	ECB_01559	WP_000526503.1	selenate reductase membrane anchor subunit YnfH	b1590	NP_416107.1	ynfH	T1_exact_sequence	100.0	1.0	1.0	6.0	6.0		identical protein sequence, unique on both sides
ECB_RS00815	ECB_00156	WP_000964221.1	TRIC cation channel family protein	b0157	NP_414699.1	yadS	T1_exact_sequence	100.0	1.0	1.0	6.0	6.0		identical protein sequence, unique on both sides
ECB_RS00650	ECB_00124	WP_000683335.1	hypoxanthine phosphoribosyltransferase	b0125	NP_414667.4	hpt	T1_exact_sequence	100.0	1.0	1.0	6.0	6.0		identical protein sequence, unique on both sides
ECB_RS03330	ECB_00633	WP_000187594.1	DNA-binding transcriptional regulator NagC	b0676	NP_415202.1	nagC	T1_exact_sequence	100.0	1.0	1.0	6.0	6.0		identical protein sequence, unique on both sides
ECB_RS00270	ECB_00052	WP_000624375.1	type 3 dihydrofolate reductase	b0048	NP_414590.1	folA	T1_exact_sequence	100.0	1.0	1.0	6.0	6.0		identical protein sequence, unique on both sides
ECB_RS07450	ECB_01402	WP_000061178.1	orphan toxin OrtT	b1445	NP_415962.2	ortT	T1_exact_sequence	100.0	1.0	1.0	6.0	6.0		identical protein sequence, unique on both sides
ECB_RS00910	ECB_00175	WP_001240896.1	outer membrane protein assembly factor BamA	b0177	NP_414719.1	bamA	T1_exact_sequence	100.0	1.0	1.0	6.0	6.0		identical protein sequence, unique on both sides
ECB_RS20125	ECB_03795	WP_001166063.1	2-keto-3-deoxygluconate transporter	b3909	NP_418345.2	kdgT	T1_exact_sequence	100.0	1.0	1.0	6.0	6.0		identical protein sequence, unique on both sides
ECB_RS00470	ECB_00090	WP_001295532.1	cell division protein FtsW	b0089	NP_414631.1	ftsW	T1_exact_sequence	100.0	1.0	1.0	6.0	6.0		identical protein sequence, unique on both sides
ECB_RS19320	ECB_03651	WP_000365791.1	HTH-type transcriptional activator IlvY	b3773	NP_418221.1	ilvY	T1_exact_sequence	100.0	1.0	1.0	6.0	6.0		identical protein sequence, unique on both sides
ECB_RS10905	ECB_02069	WP_001264861.1	tRNA dihydrouridine(16) synthase DusC	b2140	NP_416645.1	dusC	T1_exact_sequence	100.0	1.0	1.0	5.0	5.0		identical protein sequence, unique on both sides
ECB_RS04920	ECB_00932	WP_000462687.1	aspartate transaminase	b0928	NP_415448.1	aspC	T1_exact_sequence	100.0	1.0	1.0	6.0	6.0		identical protein sequence, unique on both sides
ECB_RS12440	ECB_02361	WP_001273151.1	multidrug efflux RND transporter permease AcrD	b2470	NP_416965.1	acrD	T1_exact_sequence	100.0	1.0	1.0	6.0	6.0		identical protein sequence, unique on both sides
ECB_RS11850	ECB_02252	WP_000447361.1	sulfite exporter TauE/SafE family protein	b2327	NP_416830.1	yfcA	T1_exact_sequence	100.0	1.0	1.0	6.0	6.0		identical protein sequence, unique on both sides
ECB_RS09085	ECB_01722	WP_000524097.1	carboxymuconolactone decarboxylase family protein	b1753	NP_416267.1	ynjA	T1_exact_sequence	100.0	1.0	1.0	6.0	6.0		identical protein sequence, unique on both sides
ECB_RS21980	ECB_04132	WP_000998695.1	gluconate 5-dehydrogenase	b4266	NP_418687.1	idnO	T1_exact_sequence	100.0	1.0	1.0	6.0	6.0		identical protein sequence, unique on both sides
ECB_RS21495	ECB_04037	WP_001122505.1	DNA mismatch repair endonuclease MutL	b4170	NP_418591.1	mutL	T1_exact_sequence	100.0	1.0	1.0	6.0	6.0		identical protein sequence, unique on both sides
ECB_RS14270	ECB_02698	WP_001301085.1	amidase activator ActS	b2865	NP_417341.4	actS	T1_exact_sequence	100.0	1.0	1.0	3.0	5.0		identical protein sequence, unique on both sides
ECB_RS17825	ECB_03368	WP_001167676.1	helix-turn-helix transcriptional regulator	b3520	NP_417977.1	yhjB	T1_exact_sequence	100.0	1.0	1.0	6.0	6.0		identical protein sequence, unique on both sides
ECB_RS20240	ECB_03817	WP_000208242.1	ATP-dependent protease subunit HslV	b3932	NP_418367.1	hslV	T1_exact_sequence	100.0	1.0	1.0	6.0	6.0		identical protein sequence, unique on both sides
ECB_RS16480	ECB_03118	WP_001219652.1	tRNA dihydrouridine synthase DusB	b3260	NP_417726.1	dusB	T1_exact_sequence	100.0	1.0	1.0	6.0	6.0		identical protein sequence, unique on both sides
ECB_RS16030	ECB_03034	WP_001040205.1	30S ribosome-binding factor RbfA	b3167	NP_417636.1	rbfA	T1_exact_sequence	100.0	1.0	1.0	6.0	6.0		identical protein sequence, unique on both sides
ECB_RS04775	ECB_00903	WP_000918506.1	APC family permease	b0899	NP_415419.2	ycaM	T1_exact_sequence	100.0	1.0	1.0	6.0	6.0		identical protein sequence, unique on both sides
ECB_RS17775	ECB_03359	WP_000965672.1	acid-resistance protein HdeD	b3511	NP_417968.1	hdeD	T1_exact_sequence	100.0	1.0	1.0	5.0	5.0		identical protein sequence, unique on both sides
ECB_RS01020	ECB_00197	WP_001294600.1	methionine ABC transporter permease MetI	b0198	NP_414740.1	metI	T1_exact_sequence	100.0	1.0	1.0	6.0	6.0		identical protein sequence, unique on both sides
ECB_RS25700		WP_120795372.1	protein YacM	b4727	YP_009518737.1	yacM	T1_exact_sequence	100.0	1.0	1.0	6.0	6.0		identical protein sequence, unique on both sides
ECB_RS13680	ECB_02588	WP_001278994.1	aldolase	b2738	NP_417218.1	ygbL	T1_exact_sequence	100.0	1.0	1.0	6.0	6.0		identical protein sequence, unique on both sides
ECB_RS19145	ECB_03622	WP_000135625.1	F0F1 ATP synthase subunit A	b3738	NP_418194.1	atpB	T1_exact_sequence	100.0	1.0	1.0	6.0	6.0		identical protein sequence, unique on both sides
ECB_RS21455	ECB_04032	WP_001295188.1	oligoribonuclease	b4162	NP_418586.4	orn	T1_exact_sequence	100.0	1.0	1.0	6.0	6.0		identical protein sequence, unique on both sides
ECB_RS02585	ECB_00495	WP_001306955.1	Raf kinase inhibitor-like protein YbcL	b0545	NP_415077.1	ybcL	T1_exact_sequence	100.0	1.0	1.0	6.0	6.0		identical protein sequence, unique on both sides
ECB_RS14090	ECB_02665	WP_000016907.1	N-acetylmuramoyl-L-alanine amidase AmiC	b2817	NP_417294.4	amiC	T1_exact_sequence	100.0	1.0	1.0	6.0	6.0		identical protein sequence, unique on both sides
ECB_RS03420	ECB_00648	WP_000075845.1	putrescine-ornithine antiporter	b0692	NP_415219.1	potE	T1_exact_sequence	100.0	1.0	1.0	5.0	5.0		identical protein sequence, unique on both sides
ECB_RS17510	ECB_03310	WP_000130217.1	RNA polymerase sigma factor RpoH	b3461	NP_417918.1	rpoH	T1_exact_sequence	100.0	1.0	1.0	6.0	6.0		identical protein sequence, unique on both sides
ECB_RS16680	ECB_03150	WP_000868187.1	50S ribosomal protein L36	b3299	NP_417758.1	rpmJ	T1_exact_sequence	100.0	1.0	1.0	6.0	6.0		identical protein sequence, unique on both sides
ECB_RS12825	ECB_02435	WP_001094726.1	DoxX family protein	b2543	NP_417038.4	yphA	T1_exact_sequence	100.0	1.0	1.0	6.0	6.0		identical protein sequence, unique on both sides
ECB_RS13420	ECB_02544	WP_001287454.1	YqaA family protein	b2689	NP_417174.1	yqaA	T1_exact_sequence	100.0	1.0	1.0	6.0	6.0		identical protein sequence, unique on both sides
ECB_RS15800	ECB_02989	WP_001300387.1	glycerate 2-kinase	b3124	NP_417593.4	garK	T1_exact_sequence	100.0	1.0	1.0	6.0	6.0		identical protein sequence, unique on both sides
ECB_RS07965	ECB_01504	WP_000086527.1	recombinase family protein	b1374	NP_415892.1	pinR	T1_exact_sequence	100.0	1.0	1.0	0.0	1.0		identical protein sequence, unique on both sides
ECB_RS02800	ECB_00535	WP_000717157.1	Cu(+)/Ag(+) efflux RND transporter periplasmic adaptor subunit CusB	b0574	NP_415106.1	cusB	T1_exact_sequence	100.0	1.0	1.0	6.0	6.0		identical protein sequence, unique on both sides
ECB_RS17125	ECB_03237	WP_001031729.1	phosphoglycolate phosphatase	b3385	NP_417844.1	gph	T1_exact_sequence	100.0	1.0	1.0	6.0	6.0		identical protein sequence, unique on both sides
ECB_RS16915	ECB_03197	WP_000091466.1	helix-turn-helix transcriptional regulator	b3346	NP_417805.4	yheO	T1_exact_sequence	100.0	1.0	1.0	6.0	6.0		identical protein sequence, unique on both sides
ECB_RS09550	ECB_01807	WP_001295499.1	YebV family protein	b1836	NP_416350.4	yebV	T1_exact_sequence	100.0	1.0	1.0	6.0	6.0		identical protein sequence, unique on both sides
ECB_RS15350	ECB_02905	WP_000833393.1	DUF1249 family protein	b3033	NP_417505.1	yqiB	T1_exact_sequence	100.0	1.0	1.0	6.0	6.0		identical protein sequence, unique on both sides
ECB_RS17110	ECB_03234	WP_001295165.1	PRD domain protein	b3382	NP_417841.2	yhfY	T1_exact_sequence	100.0	1.0	1.0	6.0	6.0		identical protein sequence, unique on both sides
ECB_RS04635	ECB_00877	WP_000178677.1	NADH oxidoreductase	b0872	NP_415393.1	hcr	T1_exact_sequence	100.0	1.0	1.0	6.0	6.0		identical protein sequence, unique on both sides
ECB_RS17045	ECB_03221	WP_000535505.1	fructoselysine/psicoselysine transporter	b3370	NP_417829.2	frlA	T1_exact_sequence	100.0	1.0	1.0	6.0	6.0		identical protein sequence, unique on both sides
ECB_RS09860	ECB_01866	WP_001295645.1	trehalose-phosphatase	b1897	NP_416411.1	otsB	T1_exact_sequence	100.0	1.0	1.0	6.0	6.0		identical protein sequence, unique on both sides
ECB_RS26115		WP_000796528.1	small membrane protein YldA	b4734	YP_009518757.1	yldA	T1_exact_sequence	100.0	1.0	1.0	6.0	6.0		identical protein sequence, unique on both sides
ECB_RS09095	ECB_01724	WP_000224958.1	ABC transporter permease subunit	b1755	NP_416269.4	ynjC	T1_exact_sequence	100.0	1.0	1.0	6.0	6.0		identical protein sequence, unique on both sides
ECB_RS12645	ECB_02399	WP_000138270.1	glutamine-hydrolyzing GMP synthase	b2507	NP_417002.1	guaA	T1_exact_sequence	100.0	1.0	1.0	6.0	6.0		identical protein sequence, unique on both sides
ECB_RS16435	ECB_03112	WP_001148481.1	MDR family oxidoreductase	b3253	NP_417719.1	yhdH	T1_exact_sequence	100.0	1.0	1.0	6.0	6.0		identical protein sequence, unique on both sides
ECB_RS16745	ECB_03163	WP_000644741.1	50S ribosomal protein L29	b3312	NP_417771.1	rpmC	T1_exact_sequence	100.0	1.0	1.0	6.0	6.0		identical protein sequence, unique on both sides
ECB_RS20825	ECB_03914	WP_000002907.1	diacylglycerol kinase	b4042	NP_418466.1	dgkA	T1_exact_sequence	100.0	1.0	1.0	6.0	6.0		identical protein sequence, unique on both sides
ECB_RS14280	ECB_02700	WP_000459182.1	xanthine dehydrogenase FAD-binding subunit XdhB	b2867	NP_417343.1	xdhB	T1_exact_sequence	100.0	1.0	1.0	5.0	5.0		identical protein sequence, unique on both sides
ECB_RS05875	ECB_01108	WP_000800153.1	multiple stress resistance protein BhsA	b1112	NP_415630.1	bhsA	T1_exact_sequence	100.0	1.0	1.0	6.0	6.0		identical protein sequence, unique on both sides
ECB_RS13345	ECB_02529	WP_001223227.1	glutaredoxin-like protein NrdH	b2673	NP_417159.1	nrdH	T1_exact_sequence	100.0	1.0	1.0	6.0	6.0		identical protein sequence, unique on both sides
ECB_RS13650	ECB_02582	WP_000015497.1	nitrous oxide-stimulated promoter family protein	b2732	NP_417212.1	ygbA	T1_exact_sequence	100.0	1.0	1.0	5.0	5.0		identical protein sequence, unique on both sides
ECB_RS15760	ECB_02981	WP_000861734.1	2-ketobutyrate formate-lyase/pyruvate formate-lyase	b3114	YP_026205.1	tdcE	T1_exact_sequence	100.0	1.0	1.0	6.0	6.0		identical protein sequence, unique on both sides
ECB_RS13330	ECB_02526	WP_000492656.1	L-alanine exporter AlaE	b2670	NP_417156.1	alaE	T1_exact_sequence	100.0	1.0	1.0	6.0	6.0		identical protein sequence, unique on both sides
ECB_RS10030	ECB_01894	WP_001060244.1	AMP nucleosidase	b1982	NP_416489.1	amn	T1_exact_sequence	100.0	1.0	1.0	6.0	6.0		identical protein sequence, unique on both sides
ECB_RS13140	ECB_02488	WP_000200120.1	bifunctional chorismate mutase/prephenate dehydratase	b2599	NP_417090.1	pheA	T1_exact_sequence	100.0	1.0	1.0	5.0	5.0		identical protein sequence, unique on both sides
ECB_RS16460	ECB_03114	WP_000884639.1	acetyl-CoA carboxylase biotin carboxylase subunit	b3256	NP_417722.1	accC	T1_exact_sequence	100.0	1.0	1.0	6.0	6.0		identical protein sequence, unique on both sides
ECB_RS19095	ECB_03612	WP_000867146.1	phosphate ABC transporter substrate-binding protein PstS	b3728	NP_418184.1	pstS	T1_exact_sequence	100.0	1.0	1.0	6.0	6.0		identical protein sequence, unique on both sides
ECB_RS25645		WP_010723271.1	hypothetical protein	b4670	YP_002791261.1	yjeV	T1_exact_sequence	100.0	1.0	1.0	6.0	6.0		identical protein sequence, unique on both sides
ECB_RS13220	ECB_02503	WP_001059169.1	NAD(+) kinase	b2615	NP_417105.1	nadK	T1_exact_sequence	100.0	1.0	1.0	6.0	6.0		identical protein sequence, unique on both sides
ECB_RS04605	ECB_00871	WP_001160737.1	heavy metal-binding domain-containing protein	b0866	NP_415387.1	ybjQ	T1_exact_sequence	100.0	1.0	1.0	6.0	6.0		identical protein sequence, unique on both sides
ECB_RS08680	ECB_01644	WP_000528342.1	fumarate hydratase FumD	b1675	NP_416190.1	fumD	T1_exact_sequence	100.0	1.0	1.0	6.0	6.0		identical protein sequence, unique on both sides
ECB_RS11800	ECB_02242	WP_000364335.1	DedA family protein	b2317	NP_416820.1	dedA	T1_exact_sequence	100.0	1.0	1.0	6.0	6.0		identical protein sequence, unique on both sides
ECB_RS14285	ECB_02701	WP_001016605.1	xanthine dehydrogenase iron sulfur-binding subunit XdhC	b2868	NP_417344.1	xdhC	T1_exact_sequence	100.0	1.0	1.0	6.0	6.0		identical protein sequence, unique on both sides
ECB_RS07030	ECB_01320	WP_000123737.1	ATP-dependent RNA helicase DbpA	b1343	NP_415859.1	dbpA	T1_exact_sequence	100.0	1.0	1.0	6.0	6.0		identical protein sequence, unique on both sides
ECB_RS06550	ECB_01234	WP_000443067.1	tryptophan synthase subunit alpha	b1260	NP_415776.1	trpA	T1_exact_sequence	100.0	1.0	1.0	6.0	6.0		identical protein sequence, unique on both sides
ECB_RS20955	ECB_03939	WP_000832573.1	cation/acetate symporter ActP	b4067	NP_418491.1	actP	T1_exact_sequence	100.0	1.0	1.0	6.0	6.0		identical protein sequence, unique on both sides
ECB_RS04805	ECB_00909	WP_001295344.1	30S ribosomal protein S12 methylthiotransferase accessory factor YcaO	b0905	NP_415425.4	ycaO	T1_exact_sequence	100.0	1.0	1.0	6.0	6.0		identical protein sequence, unique on both sides
ECB_RS07625	ECB_01438	WP_000841554.1	stationary-phase-induced ribosome-associated protein	b1480	NP_415997.1	sra	T1_exact_sequence	100.0	1.0	1.0	6.0	6.0		identical protein sequence, unique on both sides
ECB_RS17370	ECB_03284	WP_001283723.1	1,4-alpha-glucan branching enzyme	b3432	NP_417890.1	glgB	T1_exact_sequence	100.0	1.0	1.0	6.0	6.0		identical protein sequence, unique on both sides
ECB_RS02460	ECB_00473	WP_001295318.1	5-(carboxyamino)imidazole ribonucleotide mutase	b0523	NP_415056.1	purE	T1_exact_sequence	100.0	1.0	1.0	6.0	6.0		identical protein sequence, unique on both sides
ECB_RS16955	ECB_03204	WP_000057356.1	hydrolase	b3353	NP_417812.1	yheT	T1_exact_sequence	100.0	1.0	1.0	6.0	6.0		identical protein sequence, unique on both sides
ECB_RS15750	ECB_02979	WP_000622126.1	L-serine ammonia-lyase	b4471	YP_026204.1	tdcG	T1_exact_sequence	100.0	1.0	1.0	6.0	6.0		identical protein sequence, unique on both sides
ECB_RS12225	ECB_02318	WP_000096674.1	pyridoxine/pyridoxal/pyridoxamine kinase	b2418	NP_416913.1	pdxK	T1_exact_sequence	100.0	1.0	1.0	6.0	6.0		identical protein sequence, unique on both sides
ECB_RS16420	ECB_03110	WP_000913396.1	rod shape-determining protein MreB	b3251	NP_417717.2	mreB	T1_exact_sequence	100.0	1.0	1.0	6.0	6.0		identical protein sequence, unique on both sides
ECB_RS06605	ECB_01246	WP_001278906.1	cob(I)yrinic acid a,c-diamide adenosyltransferase	b1270	NP_415786.1	btuR	T1_exact_sequence	100.0	1.0	1.0	5.0	5.0		identical protein sequence, unique on both sides
ECB_RS11385	ECB_02160	WP_001075164.1	class 1a ribonucleoside-diphosphate reductase subunit alpha	b2234	NP_416737.1	nrdA	T1_exact_sequence	100.0	1.0	1.0	6.0	6.0		identical protein sequence, unique on both sides
ECB_RS21075	ECB_03961	WP_000083216.1	MurR/RpiR family transcriptional regulator	b4089	NP_418513.4	alsR	T1_exact_sequence	100.0	1.0	1.0	6.0	6.0		identical protein sequence, unique on both sides
ECB_RS07780	ECB_01469	WP_001125439.1	type II toxin-antitoxin system serine/threonine protein kinase toxin HipA	b1507	NP_416024.1	hipA	T1_exact_sequence	100.0	1.0	1.0	3.0	5.0		identical protein sequence, unique on both sides
ECB_RS00505	ECB_00097	WP_000595482.1	UDP-3-O-acyl-N-acetylglucosamine deacetylase	b0096	NP_414638.1	lpxC	T1_exact_sequence	100.0	1.0	1.0	6.0	6.0		identical protein sequence, unique on both sides
ECB_RS11730	ECB_02228	WP_000068457.1	dihydroneopterin triphosphate 2'-epimerase	b2303	NP_416806.1	folX	T1_exact_sequence	100.0	1.0	1.0	6.0	6.0		identical protein sequence, unique on both sides
ECB_RS16735	ECB_03161	WP_000613955.1	50S ribosomal protein L14	b3310	NP_417769.1	rplN	T1_exact_sequence	100.0	1.0	1.0	6.0	6.0		identical protein sequence, unique on both sides
ECB_RS15470	ECB_02925	WP_001125331.1	TIGR04211 family SH3 domain-containing protein	b3055	NP_417527.1	ygiM	T1_exact_sequence	100.0	1.0	1.0	6.0	6.0		identical protein sequence, unique on both sides
ECB_RS02500	ECB_00481	WP_000988364.1	type 1 fimbria chaperone FimC	b0531	NP_415064.1	sfmC	T1_exact_sequence	100.0	1.0	1.0	6.0	6.0		identical protein sequence, unique on both sides
ECB_RS19975	ECB_03769	WP_000059678.1	DeoR/GlpR family DNA-binding transcription regulator	b3884	NP_418320.2	csqR	T1_exact_sequence	100.0	1.0	1.0	6.0	6.0		identical protein sequence, unique on both sides
ECB_RS04660	ECB_00881	WP_000599802.1	ATP-dependent endonuclease	b0876	NP_415397.1	ybjD	T1_exact_sequence	100.0	1.0	1.0	6.0	6.0		identical protein sequence, unique on both sides
ECB_RS11400	ECB_02163	WP_000301050.1	lipopolysaccharide kinase InaA	b2237	NP_416740.1	inaA	T1_exact_sequence	100.0	1.0	1.0	6.0	6.0		identical protein sequence, unique on both sides
ECB_RS11635	ECB_02210	WP_000545042.1	NADH-quinone oxidoreductase subunit NuoE	b2285	NP_416788.1	nuoE	T1_exact_sequence	100.0	1.0	1.0	6.0	6.0		identical protein sequence, unique on both sides
ECB_RS04140	ECB_00777	WP_001159065.1	glutamine ABC transporter permease GlnP	b0810	NP_415331.1	glnP	T1_exact_sequence	100.0	1.0	1.0	6.0	6.0		identical protein sequence, unique on both sides
ECB_RS11810	ECB_02244	WP_001289167.1	aspartate-semialdehyde dehydrogenase	b2319	NP_416822.1	usg	T1_exact_sequence	100.0	1.0	1.0	6.0	6.0		identical protein sequence, unique on both sides
ECB_RS14040	ECB_02658	WP_000203905.1	DUF423 domain-containing protein	b2807	NP_417287.1	ygdD	T1_exact_sequence	100.0	1.0	1.0	6.0	6.0		identical protein sequence, unique on both sides
ECB_RS01745	ECB_00332	WP_000484048.1	diguanylate cyclase AdrA	b0385	NP_414919.1	dgcC	T1_exact_sequence	100.0	1.0	1.0	6.0	6.0		identical protein sequence, unique on both sides
ECB_RS15315	ECB_02898	WP_000673402.1	quorum sensing histidine kinase QseC	b3026	NP_417498.1	qseC	T1_exact_sequence	100.0	1.0	1.0	6.0	6.0		identical protein sequence, unique on both sides
ECB_RS11725	ECB_02227	WP_000566471.1	GSH-dependent disulfide bond oxidoreductase	b2302	NP_416805.1	yfcG	T1_exact_sequence	100.0	1.0	1.0	6.0	6.0		identical protein sequence, unique on both sides
ECB_RS21180	ECB_03982	WP_001298520.1	glycine betaine/L-proline transporter ProP	b4111	NP_418535.1	proP	T1_exact_sequence	100.0	1.0	1.0	6.0	6.0		identical protein sequence, unique on both sides
ECB_RS20860	ECB_03921	WP_001298868.1	tRNA dihydrouridine(20/20a) synthase DusA	b4049	NP_418473.3	dusA	T1_exact_sequence	100.0	1.0	1.0	6.0	6.0		identical protein sequence, unique on both sides
ECB_RS26140		WP_001296046.1	protein YnaL	b4743	YP_009518775.1	ynaL	T1_exact_sequence	100.0	1.0	1.0	6.0	6.0		identical protein sequence, unique on both sides
ECB_RS15790	ECB_02987	WP_000675733.1	protein YhaB	b3120	NP_417590.2	yhaB	T1_exact_sequence	100.0	1.0	1.0	6.0	6.0		identical protein sequence, unique on both sides
ECB_RS06895	ECB_01297	WP_000075375.1	LacI family DNA-binding transcriptional regulator	b1320	NP_415836.1	ycjW	T1_exact_sequence	100.0	1.0	1.0	5.0	5.0		identical protein sequence, unique on both sides
ECB_RS14680	ECB_02778	WP_001053178.1	YqgE/AlgH family protein	b2948	NP_417423.4	yqgE	T1_exact_sequence	100.0	1.0	1.0	6.0	6.0		identical protein sequence, unique on both sides
ECB_RS20140	ECB_03798	WP_001033722.1	envelope stress response regulator transcription factor CpxR	b3912	NP_418348.1	cpxR	T1_exact_sequence	100.0	1.0	1.0	6.0	6.0		identical protein sequence, unique on both sides
ECB_RS02170	ECB_00415	WP_000101737.1	multidrug efflux transporter transcriptional repressor AcrR	b0464	NP_414997.1	acrR	T1_exact_sequence	100.0	1.0	1.0	6.0	6.0		identical protein sequence, unique on both sides
ECB_RS11510	ECB_02185	WP_000523880.1	4-amino-4-deoxy-L-arabinose-phosphoundecaprenol flippase subunit ArnF	b2258	NP_416761.4	arnF	T1_exact_sequence	100.0	1.0	1.0	6.0	6.0		identical protein sequence, unique on both sides
ECB_RS06600	ECB_01245	WP_001291217.1	23S rRNA pseudouridine(2605) synthase RluB	b1269	NP_415785.1	rluB	T1_exact_sequence	100.0	1.0	1.0	5.0	5.0		identical protein sequence, unique on both sides
ECB_RS03000	ECB_00576	WP_000278509.1	universal stress protein UspG	b0607	NP_415140.1	uspG	T1_exact_sequence	100.0	1.0	1.0	6.0	6.0		identical protein sequence, unique on both sides
ECB_RS16155	ECB_03057	WP_000476487.1	phospholipid-binding protein MlaC	b3192	NP_417659.1	mlaC	T1_exact_sequence	100.0	1.0	1.0	6.0	6.0		identical protein sequence, unique on both sides
ECB_RS08840	ECB_01674	WP_001270809.1	hemin uptake protein HemP	b1705	NP_416220.1	ydiE	T1_exact_sequence	100.0	1.0	1.0	6.0	6.0		identical protein sequence, unique on both sides
ECB_RS07550	ECB_01423	WP_000617115.1	respiratory nitrate reductase subunit gamma	b1465	NP_415982.1	narV	T1_exact_sequence	100.0	1.0	1.0	6.0	6.0		identical protein sequence, unique on both sides
ECB_RS00425	ECB_00081	WP_000762401.1	catabolite repressor/activator	b0080	NP_414622.1	cra	T1_exact_sequence	100.0	1.0	1.0	5.0	5.0		identical protein sequence, unique on both sides
ECB_RS18910	ECB_03576	WP_001198722.1	2-dehydro-3-deoxy-6-phosphogalactonate aldolase	b4477	YP_026238.1	dgoA	T1_exact_sequence	100.0	1.0	1.0	6.0	6.0		identical protein sequence, unique on both sides
ECB_RS04765	ECB_00901	WP_000165879.1	isochorismate family cysteine hydrolase YcaC	b0897	NP_415417.1	ycaC	T1_exact_sequence	100.0	1.0	1.0	6.0	6.0		identical protein sequence, unique on both sides
ECB_RS11160	ECB_02118	WP_000256203.1	LPS biosynthesis-modulating metalloenzyme YejM	b2188	NP_416693.1	lapC	T1_exact_sequence	100.0	1.0	1.0	5.0	6.0		identical protein sequence, unique on both sides
ECB_RS14180	ECB_02681	WP_000758655.1	lipoprotein YgdR	b2833	NP_417310.1	ygdR	T1_exact_sequence	100.0	1.0	1.0	6.0	6.0		identical protein sequence, unique on both sides
ECB_RS04960	ECB_00939	WP_000056006.1	FMNH2-dependent alkanesulfonate monooxygenase	b0935	NP_415455.1	ssuD	T1_exact_sequence	100.0	1.0	1.0	6.0	6.0		identical protein sequence, unique on both sides
ECB_RS16100	ECB_03046	WP_001148001.1	transcription elongation factor GreA	b3181	NP_417648.4	greA	T1_exact_sequence	100.0	1.0	1.0	6.0	6.0		identical protein sequence, unique on both sides
ECB_RS23500	ECB_01239	WP_001700591.1	trp operon leader peptide	b1265	NP_415781.1	trpL	T1_exact_sequence	100.0	1.0	1.0	5.0	5.0		identical protein sequence, unique on both sides
ECB_RS08215	ECB_01555	WP_001300836.1	DUF1161 domain-containing protein	b1586	NP_416103.2	ynfD	T1_exact_sequence	100.0	1.0	1.0	6.0	6.0		identical protein sequence, unique on both sides
ECB_RS06055	ECB_01142	WP_001065752.1	protein YmgC	b1167	NP_415685.1	ymgC	T1_exact_sequence	100.0	1.0	1.0	6.0	6.0		identical protein sequence, unique on both sides
ECB_RS01855	ECB_00354	WP_000667319.1	tRNA guanosine(34) transglycosylase Tgt	b0406	NP_414940.1	tgt	T1_exact_sequence	100.0	1.0	1.0	6.0	6.0		identical protein sequence, unique on both sides
ECB_RS11135	ECB_02113	WP_001234850.1	16S rRNA pseudouridine(516) synthase RsuA	b2183	NP_416688.1	rsuA	T1_exact_sequence	100.0	1.0	1.0	6.0	6.0		identical protein sequence, unique on both sides
ECB_RS22115	ECB_04155	WP_000125187.1	iron-dicitrate ABC transporter permease FecC	b4289	NP_418709.1	fecC	T1_exact_sequence	100.0	1.0	1.0	5.0	5.0		identical protein sequence, unique on both sides
ECB_RS19830	ECB_03743	WP_001052181.1	molybdenum cofactor guanylyltransferase MobA	b3857	NP_418294.1	mobA	T1_exact_sequence	100.0	1.0	1.0	6.0	6.0		identical protein sequence, unique on both sides
ECB_RS11775	ECB_02237	WP_000334220.1	amidophosphoribosyltransferase	b2312	NP_416815.1	purF	T1_exact_sequence	100.0	1.0	1.0	6.0	6.0		identical protein sequence, unique on both sides
ECB_RS03805	ECB_00714	WP_001147439.1	molybdenum-dependent transcriptional regulator	b0761	NP_415282.1	modE	T1_exact_sequence	100.0	1.0	1.0	6.0	6.0		identical protein sequence, unique on both sides
ECB_RS03600	ECB_00683	WP_000775540.1	succinate dehydrogenase flavoprotein subunit	b0723	NP_415251.1	sdhA	T1_exact_sequence	100.0	1.0	1.0	6.0	6.0		identical protein sequence, unique on both sides
ECB_RS14750	ECB_02791	WP_001321419.1	A/G-specific adenine glycosylase	b2961	NP_417436.1	mutY	T1_exact_sequence	100.0	1.0	1.0	6.0	6.0		identical protein sequence, unique on both sides
ECB_RS22215	ECB_04174	WP_001054376.1	YjhX family toxin	b4566	YP_588477.1	topAI	T1_exact_sequence	100.0	1.0	1.0	5.0	5.0		identical protein sequence, unique on both sides
ECB_RS20865	ECB_03922	WP_000891404.1	envelope stress response protein PspG	b4050	NP_418474.4	pspG	T1_exact_sequence	100.0	1.0	1.0	6.0	6.0		identical protein sequence, unique on both sides
ECB_RS07055	ECB_01325	WP_001317028.1	type I toxin-antitoxin system endodeoxyribonuclease toxin RalR	b1348	NP_415864.1	ralR	T1_exact_sequence	100.0	1.0	1.0	6.0	6.0		identical protein sequence, unique on both sides
ECB_RS04850	ECB_00918	WP_000551270.1	lipid A ABC transporter ATP-binding protein/permease MsbA	b0914	NP_415434.1	msbA	T1_exact_sequence	100.0	1.0	1.0	6.0	6.0		identical protein sequence, unique on both sides
ECB_RS25355		WP_001305582.1	hypothetical protein	b4735	YP_009518759.1	ybgU	T1_exact_sequence	100.0	1.0	1.0	6.0	6.0		identical protein sequence, unique on both sides
ECB_RS08615	ECB_01633	WP_000493947.1	riboflavin synthase	b1662	NP_416179.1	ribC	T1_exact_sequence	100.0	1.0	1.0	6.0	6.0		identical protein sequence, unique on both sides
ECB_RS18030	ECB_03404	WP_000190516.1	DUF3053 domain-containing protein	b3554	NP_418010.2	yiaF	T1_exact_sequence	100.0	1.0	1.0	6.0	6.0		identical protein sequence, unique on both sides
ECB_RS17435	ECB_03297	WP_000825996.1	DUF2756 family protein	b3448	NP_417905.1	yhhA	T1_exact_sequence	100.0	1.0	1.0	6.0	6.0		identical protein sequence, unique on both sides
ECB_RS18970	ECB_03587	WP_000239730.1	ribonuclease P protein component	b3704	NP_418159.1	rnpA	T1_exact_sequence	100.0	1.0	1.0	6.0	6.0		identical protein sequence, unique on both sides
ECB_RS19755	ECB_03733	WP_001192396.1	transcription/translation regulatory transformer protein RfaH	b3842	NP_418284.1	rfaH	T1_exact_sequence	100.0	1.0	1.0	6.0	6.0		identical protein sequence, unique on both sides
ECB_RS00875	ECB_00168	WP_000818114.1	translation elongation factor Ts	b0170	NP_414712.1	tsf	T1_exact_sequence	100.0	1.0	1.0	6.0	6.0		identical protein sequence, unique on both sides
ECB_RS04305	ECB_00808	WP_001295291.1	undecaprenyl-diphosphate phosphatase	b0841	NP_415362.1	ybjG	T1_exact_sequence	100.0	1.0	1.0	6.0	6.0		identical protein sequence, unique on both sides
ECB_RS20580	ECB_03874	WP_000137657.1	uroporphyrinogen decarboxylase	b3997	NP_418425.1	hemE	T1_exact_sequence	100.0	1.0	1.0	6.0	6.0		identical protein sequence, unique on both sides
ECB_RS13425	ECB_02545	WP_000273290.1	fructose-1-phosphate/6-phosphogluconate phosphatase	b2690	NP_417175.1	yqaB	T1_exact_sequence	100.0	1.0	1.0	6.0	6.0		identical protein sequence, unique on both sides
ECB_RS06865	ECB_01291	WP_000690229.1	sugar phosphate isomerase/epimerase family protein	b1314	NP_415830.2	ycjR	T1_exact_sequence	100.0	1.0	1.0	6.0	6.0		identical protein sequence, unique on both sides
ECB_RS03625	ECB_00687	WP_001048602.1	ADP-forming succinate--CoA ligase subunit beta	b0728	NP_415256.1	sucC	T1_exact_sequence	100.0	1.0	1.0	6.0	6.0		identical protein sequence, unique on both sides
ECB_RS07890	ECB_01491	WP_000803657.1	multiple antibiotic resistance protein MarB	b1532	NP_416049.1	marB	T1_exact_sequence	100.0	1.0	1.0	5.0	5.0		identical protein sequence, unique on both sides
ECB_RS05275	ECB_00998	WP_001120125.1	two-component system response regulator TorR	b0995	NP_415515.1	torR	T1_exact_sequence	100.0	1.0	1.0	6.0	6.0		identical protein sequence, unique on both sides
ECB_RS01595	ECB_00302	WP_000543457.1	2,3-dihydroxyphenylpropionate/2,3-dihydroxicinnamic acid 1,2-dioxygenase	b0348	NP_414882.1	mhpB	T1_exact_sequence	100.0	1.0	1.0	6.0	6.0		identical protein sequence, unique on both sides
ECB_RS15775	ECB_02984	WP_000548347.1	bifunctional threonine ammonia-lyase/L-serine ammonia-lyase TdcB	b3117	NP_417587.1	tdcB	T1_exact_sequence	100.0	1.0	1.0	6.0	6.0		identical protein sequence, unique on both sides
ECB_RS02495	ECB_00480	WP_000776555.1	type 1 fimbrial major subunit FimA	b0530	NP_415063.4	sfmA	T1_exact_sequence	100.0	1.0	1.0	6.0	6.0		identical protein sequence, unique on both sides
ECB_RS03780	ECB_00709	WP_000931389.1	galactose-1-epimerase	b0756	NP_415277.1	galM	T1_exact_sequence	100.0	1.0	1.0	6.0	6.0		identical protein sequence, unique on both sides
ECB_RS11190	ECB_02122	WP_000824439.1	thiol:disulfide interchange protein DsbE	b2195	NP_416699.1	ccmG	T1_exact_sequence	100.0	1.0	1.0	5.0	6.0		identical protein sequence, unique on both sides
ECB_RS25720		WP_120795380.1	protein YmgK	b4738	YP_009518766.1	ymgK	T1_exact_sequence	100.0	1.0	1.0	4.0	6.0		identical protein sequence, unique on both sides
ECB_RS06750	ECB_01269	WP_001146163.1	peptide ABC transporter permease SapC	b1292	NP_415808.1	sapC	T1_exact_sequence	100.0	1.0	1.0	6.0	6.0		identical protein sequence, unique on both sides
ECB_RS09115	ECB_01728	WP_000781888.1	CTP pyrophosphohydrolase	b1759	NP_416273.1	nudG	T1_exact_sequence	100.0	1.0	1.0	6.0	6.0		identical protein sequence, unique on both sides
ECB_RS22605	ECB_04243	WP_001301727.1	DNA-binding transcriptional activator BglJ	b4366	NP_418786.4	bglJ	T1_exact_sequence	100.0	1.0	1.0	6.0	6.0		identical protein sequence, unique on both sides
ECB_RS12995	ECB_02466	WP_001168459.1	anti-sigma-E factor RseA	b2572	NP_417067.1	rseA	T1_exact_sequence	100.0	1.0	1.0	6.0	6.0		identical protein sequence, unique on both sides
ECB_RS16620	ECB_03138	WP_000004473.1	methionyl-tRNA formyltransferase	b3288	NP_417746.1	fmt	T1_exact_sequence	100.0	1.0	1.0	6.0	6.0		identical protein sequence, unique on both sides
ECB_RS20495	ECB_03857	WP_001275702.1	preprotein translocase subunit SecE	b3981	NP_418408.1	secE	T1_exact_sequence	100.0	1.0	1.0	6.0	6.0		identical protein sequence, unique on both sides
ECB_RS04330	ECB_00813	WP_001295289.1	DNA-binding transcriptional regulator RcdA	b0846	NP_415367.1	rcdA	T1_exact_sequence	100.0	1.0	1.0	3.0	3.0		identical protein sequence, unique on both sides
ECB_RS14570	ECB_02756	WP_000034372.1	class II fructose-bisphosphate aldolase	b2925	NP_417400.1	fbaA	T1_exact_sequence	100.0	1.0	1.0	6.0	6.0		identical protein sequence, unique on both sides
ECB_RS06115	ECB_01151	WP_001301105.1	septum site-determining protein MinC	b1176	NP_415694.1	minC	T1_exact_sequence	100.0	1.0	1.0	5.0	5.0		identical protein sequence, unique on both sides
ECB_RS21220	ECB_03989	WP_001090758.1	transcriptional regulator MelR	b4118	NP_418542.1	melR	T1_exact_sequence	100.0	1.0	1.0	6.0	6.0		identical protein sequence, unique on both sides
ECB_RS07315	ECB_01379	WP_000414567.1	LysR substrate-binding domain-containing protein	b1422	NP_415939.2	ydcI	T1_exact_sequence	100.0	1.0	1.0	6.0	6.0		identical protein sequence, unique on both sides
ECB_RS13160	ECB_02492	WP_001212391.1	YfiR family protein	b2603	NP_417094.1	yfiR	T1_exact_sequence	100.0	1.0	1.0	6.0	6.0		identical protein sequence, unique on both sides
ECB_RS16145	ECB_03055	WP_000429656.1	BolA family iron metabolism protein IbaG	b3190	NP_417657.2	ibaG	T1_exact_sequence	100.0	1.0	1.0	6.0	6.0		identical protein sequence, unique on both sides
ECB_RS08380	ECB_01587	WP_000969092.1	DNA-binding transcriptional regulator UidR	b1618	NP_416135.1	uidR	T1_exact_sequence	100.0	1.0	1.0	6.0	6.0		identical protein sequence, unique on both sides
ECB_RS19885		WP_000893994.1	YshB family small membrane protein	b4686	YP_002791260.1	yshB	T1_exact_sequence	100.0	1.0	1.0	6.0	6.0		identical protein sequence, unique on both sides
ECB_RS21280	ECB_03999	WP_000398619.1	type V toxin-antitoxin system endoribonuclease antitoxin GhoS	b4128	NP_418552.1	ghoS	T1_exact_sequence	100.0	1.0	1.0	6.0	6.0		identical protein sequence, unique on both sides
ECB_RS18250	ECB_03446	WP_000206275.1	L-seryl-tRNA(Sec) selenium transferase	b3591	NP_418048.1	selA	T1_exact_sequence	100.0	1.0	1.0	6.0	6.0		identical protein sequence, unique on both sides
ECB_RS08675	ECB_01643	WP_001070230.1	ferredoxin-like protein	b1674	NP_416189.1	ydhY	T1_exact_sequence	100.0	1.0	1.0	6.0	6.0		identical protein sequence, unique on both sides
ECB_RS10975	ECB_02082	WP_001139613.1	GTP cyclohydrolase I FolE	b2153	NP_416658.1	folE	T1_exact_sequence	100.0	1.0	1.0	6.0	6.0		identical protein sequence, unique on both sides
ECB_RS05485	ECB_01034	WP_001189321.1	curli production assembly/transport protein CsgG	b1037	NP_415555.1	csgG	T1_exact_sequence	100.0	1.0	1.0	6.0	6.0		identical protein sequence, unique on both sides
ECB_RS16025	ECB_03033	WP_000089698.1	tRNA pseudouridine(55) synthase TruB	b3166	NP_417635.1	truB	T1_exact_sequence	100.0	1.0	1.0	6.0	6.0		identical protein sequence, unique on both sides
ECB_RS09165	ECB_01736	WP_001170162.1	asparaginase	b1767	NP_416281.1	ansA	T1_exact_sequence	100.0	1.0	1.0	6.0	6.0		identical protein sequence, unique on both sides
ECB_RS13870	ECB_02625	WP_000210878.1	glutamine hydrolyzing CTP synthase	b2780	NP_417260.1	pyrG	T1_exact_sequence	100.0	1.0	1.0	6.0	6.0		identical protein sequence, unique on both sides
ECB_RS03185	ECB_00612	WP_001044880.1	zinc ribbon-containing protein	b0643	NP_415176.1	ybeL	T1_exact_sequence	100.0	1.0	1.0	4.0	6.0		identical protein sequence, unique on both sides
ECB_RS15755	ECB_02980	WP_000719990.1	enamine/imine deaminase	b3113	NP_417583.4	tdcF	T1_exact_sequence	100.0	1.0	1.0	6.0	6.0		identical protein sequence, unique on both sides
ECB_RS09225	ECB_01748	WP_000153502.1	glyceraldehyde-3-phosphate dehydrogenase	b1779	NP_416293.1	gapA	T1_exact_sequence	100.0	1.0	1.0	6.0	6.0		identical protein sequence, unique on both sides
ECB_RS17095	ECB_03231	WP_000007010.1	phosphotriesterase-related protein	b3379	NP_417838.1	php	T1_exact_sequence	100.0	1.0	1.0	5.0	5.0		identical protein sequence, unique on both sides
ECB_RS20065	ECB_03785	WP_000729595.1	PTS fructose transporter subunit IIA	b3900	NP_418336.1	frvA	T1_exact_sequence	100.0	1.0	1.0	5.0	5.0		identical protein sequence, unique on both sides
ECB_RS09560	ECB_01809	WP_000812724.1	protein-serine/threonine phosphatase	b1838	NP_416352.4	pphA	T1_exact_sequence	100.0	1.0	1.0	6.0	6.0		identical protein sequence, unique on both sides
ECB_RS05670	ECB_01067	WP_000020880.1	flagellar biosynthesis anti-sigma factor FlgM	b1071	NP_415589.1	flgM	T1_exact_sequence	100.0	1.0	1.0	6.0	6.0		identical protein sequence, unique on both sides
ECB_RS08490	ECB_01608	WP_001282319.1	pyridoxamine 5'-phosphate oxidase	b1638	NP_416155.1	pdxH	T1_exact_sequence	100.0	1.0	1.0	6.0	6.0		identical protein sequence, unique on both sides
ECB_RS12570	ECB_02385	WP_000892044.1	AI-2E family transporter	b2493	NP_416988.1	yfgO	T1_exact_sequence	100.0	1.0	1.0	6.0	6.0		identical protein sequence, unique on both sides
ECB_RS12435	ECB_02360	WP_001300881.1	nitrate/nitrite two-component system sensor histidine kinase NarQ	b2469	NP_416964.1	narQ	T1_exact_sequence	100.0	1.0	1.0	6.0	6.0		identical protein sequence, unique on both sides
ECB_RS13015	ECB_02469	WP_001295363.1	tRNA(1)(Val) (adenine(37)-N(6))-methyltransferase TrmN	b2575	NP_417070.2	yfiC	T1_exact_sequence	100.0	1.0	1.0	6.0	6.0		identical protein sequence, unique on both sides
ECB_RS17570	ECB_03322	WP_001300943.1	MFS transporter	b3473	NP_417930.2	yhhS	T1_exact_sequence	100.0	1.0	1.0	6.0	6.0		identical protein sequence, unique on both sides
ECB_RS22650	ECB_04249	WP_000870710.1	pyrimidine 5'-nucleotidase	b4374	NP_418791.1	yjjG	T1_exact_sequence	100.0	1.0	1.0	6.0	6.0		identical protein sequence, unique on both sides
ECB_RS13845	ECB_02620	WP_000039688.1	FGGY-family carbohydrate kinase	b2776	NP_417256.1	ygcE	T1_exact_sequence	100.0	1.0	1.0	6.0	6.0		identical protein sequence, unique on both sides
ECB_RS12145	ECB_02306	WP_000695655.1	glutamate--tRNA ligase	b2400	NP_416899.1	gltX	T1_exact_sequence	100.0	1.0	1.0	5.0	5.0		identical protein sequence, unique on both sides
ECB_RS12325	ECB_02338	WP_000606257.1	ethanolamine utilization microcompartment protein EutK	b2438	NP_416933.4	eutK	T1_exact_sequence	100.0	1.0	1.0	6.0	6.0		identical protein sequence, unique on both sides
ECB_RS18215	ECB_03440	WP_000164036.1	LysR family transcriptional regulator	b3585	NP_418042.1	yiaU	T1_exact_sequence	100.0	1.0	1.0	3.0	3.0		identical protein sequence, unique on both sides
ECB_RS04865	ECB_00921	WP_000350058.1	protein YcaR	b0917	NP_415437.1	ycaR	T1_exact_sequence	100.0	1.0	1.0	6.0	6.0		identical protein sequence, unique on both sides
ECB_RS14555	ECB_02753	WP_000669834.1	oxidative stress defense protein	b2922	NP_417397.1	yggE	T1_exact_sequence	100.0	1.0	1.0	6.0	6.0		identical protein sequence, unique on both sides
ECB_RS00925	ECB_00178	WP_000210739.1	3-hydroxyacyl-ACP dehydratase FabZ	b0180	NP_414722.1	fabZ	T1_exact_sequence	100.0	1.0	1.0	6.0	6.0		identical protein sequence, unique on both sides
ECB_RS05620	ECB_01057	WP_001217754.1	DNA damage-inducible protein I	b1061	NP_415579.1	dinI	T1_exact_sequence	100.0	1.0	1.0	6.0	6.0		identical protein sequence, unique on both sides
ECB_RS15490	ECB_02929	WP_001272796.1	glycerol-3-phosphate 1-O-acyltransferase PlsY	b3059	NP_417531.1	plsY	T1_exact_sequence	100.0	1.0	1.0	6.0	6.0		identical protein sequence, unique on both sides
ECB_RS11560	ECB_02195	WP_001300687.1	ribonuclease BN	b2268	NP_416771.4	rbn	T1_exact_sequence	100.0	1.0	1.0	5.0	5.0		identical protein sequence, unique on both sides
ECB_RS20575	ECB_03873	WP_000373940.1	NAD(+) diphosphatase	b3996	YP_026280.1	nudC	T1_exact_sequence	100.0	1.0	1.0	6.0	6.0		identical protein sequence, unique on both sides
ECB_RS12200	ECB_02313	WP_000254839.1	sulfate transporter CysZ	b2413	NP_416908.1	cysZ	T1_exact_sequence	100.0	1.0	1.0	6.0	6.0		identical protein sequence, unique on both sides
ECB_RS08865	ECB_01679	WP_001154168.1	bifunctional thioredoxin/glutathione peroxidase	b1710	NP_416225.1	btuE	T1_exact_sequence	100.0	1.0	1.0	6.0	6.0		identical protein sequence, unique on both sides
ECB_RS07340	ECB_01384	WP_000140873.1	50S ribosomal protein L7/L12-serine acetyltransferase	b1427	NP_415944.1	rimL	T1_exact_sequence	100.0	1.0	1.0	6.0	6.0		identical protein sequence, unique on both sides
ECB_RS05510	ECB_01038	WP_000791650.1	curli minor subunit CsgB	b1041	NP_415559.1	csgB	T1_exact_sequence	100.0	1.0	1.0	6.0	6.0		identical protein sequence, unique on both sides
ECB_RS22415	ECB_04205	WP_001037419.1	DUF445 domain-containing protein	b4336	NP_418756.1	yjiN	T1_exact_sequence	100.0	1.0	1.0	5.0	5.0		identical protein sequence, unique on both sides
ECB_RS04095	ECB_00768	WP_000443530.1	hydroxycarboxylate dehydrogenase HcXB	b0801	NP_415322.1	hcxB	T1_exact_sequence	100.0	1.0	1.0	6.0	6.0		identical protein sequence, unique on both sides
ECB_RS10720	ECB_02029	WP_000434038.1	GntR family transcriptional regulator	b2101	NP_416604.1	yegW	T1_exact_sequence	100.0	1.0	1.0	6.0	6.0		identical protein sequence, unique on both sides
ECB_RS11525	ECB_02188	WP_001255628.1	o-succinylbenzoate synthase	b2261	NP_416764.1	menC	T1_exact_sequence	100.0	1.0	1.0	6.0	6.0		identical protein sequence, unique on both sides
ECB_RS19580	ECB_03699	WP_001277142.1	acyl-CoA thioesterase YigI	b3820	NP_418264.4	yigI	T1_exact_sequence	100.0	1.0	1.0	5.0	5.0		identical protein sequence, unique on both sides
ECB_RS07195	ECB_01354	WP_000698145.1	YnbE family lipoprotein	b1382	NP_415900.1	ynbE	T1_exact_sequence	100.0	1.0	1.0	6.0	6.0		identical protein sequence, unique on both sides
ECB_RS08025	ECB_01517	WP_000066495.1	cold shock protein CspI	b1552	NP_416070.1	cspI	T1_exact_sequence	100.0	1.0	1.0	4.0	4.0		identical protein sequence, unique on both sides
ECB_RS15745	ECB_02978	WP_000401598.1	amino acid permease	b3110	YP_026203.3	cyuP	T1_exact_sequence	100.0	1.0	1.0	6.0	6.0		identical protein sequence, unique on both sides
ECB_RS18735	ECB_03545	WP_000805509.1	protein YicS	b4555	YP_588471.1	yicS	T1_exact_sequence	100.0	1.0	1.0	6.0	6.0		identical protein sequence, unique on both sides
ECB_RS03015	ECB_00578	WP_000089731.1	nucleoside diphosphate kinase regulator	b0610	NP_415143.1	rnk	T1_exact_sequence	100.0	1.0	1.0	6.0	6.0		identical protein sequence, unique on both sides
ECB_RS18225	ECB_03442	WP_000478195.1	DUF3302 domain-containing protein	b3587	NP_418044.1	yiaW	T1_exact_sequence	100.0	1.0	1.0	5.0	5.0		identical protein sequence, unique on both sides
ECB_RS12055	ECB_02291	WP_001295458.1	two-component system response regulator YpdB	b2381	NP_416882.1	pyrR	T1_exact_sequence	100.0	1.0	1.0	5.0	5.0		identical protein sequence, unique on both sides
ECB_RS13175	ECB_02495	WP_000065253.1	50S ribosomal protein L19	b2606	NP_417097.1	rplS	T1_exact_sequence	100.0	1.0	1.0	6.0	6.0		identical protein sequence, unique on both sides
ECB_RS20840	ECB_03917	WP_001030593.1	CsbD family protein	b4045	NP_418469.1	yjbJ	T1_exact_sequence	100.0	1.0	1.0	6.0	6.0		identical protein sequence, unique on both sides
ECB_RS13950	ECB_02640	WP_000627995.1	nucleotide 5'-monophosphate nucleosidase PpnN	b2795	NP_417275.1	ppnN	T1_exact_sequence	100.0	1.0	1.0	6.0	6.0		identical protein sequence, unique on both sides
ECB_RS10055	ECB_01897	WP_001011008.1	HTH-type transcriptional regulator Cbl	b1987	NP_416492.1	cbl	T1_exact_sequence	100.0	1.0	1.0	6.0	6.0		identical protein sequence, unique on both sides
ECB_RS06210	ECB_01169	WP_000020169.1	flagellar brake protein YcgR	b1194	NP_415712.1	ycgR	T1_exact_sequence	100.0	1.0	1.0	6.0	6.0		identical protein sequence, unique on both sides
ECB_RS10085	ECB_01902	WP_000973176.1	bifunctional adenosylcobinamide kinase/adenosylcobinamide-phosphate guanylyltransferase	b1993	NP_416497.1	cobU	T1_exact_sequence	100.0	1.0	1.0	3.0	3.0		identical protein sequence, unique on both sides
ECB_RS16150	ECB_03056	WP_000004488.1	lipid asymmetry maintenance protein MlaB	b3191	NP_417658.4	mlaB	T1_exact_sequence	100.0	1.0	1.0	6.0	6.0		identical protein sequence, unique on both sides
ECB_RS04190	ECB_00786	WP_001056384.1	L,D-transpeptidase	b0819	NP_415340.1	ldtB	T1_exact_sequence	100.0	1.0	1.0	6.0	6.0		identical protein sequence, unique on both sides
ECB_RS12585	ECB_02388	WP_001307333.1	DnaA inactivator Hda	b2496	NP_416991.2	hda	T1_exact_sequence	100.0	1.0	1.0	6.0	6.0		identical protein sequence, unique on both sides
ECB_RS13715	ECB_02595	WP_000568943.1	tRNA pseudouridine(13) synthase TruD	b2745	NP_417225.1	truD	T1_exact_sequence	100.0	1.0	1.0	6.0	6.0		identical protein sequence, unique on both sides
ECB_RS11820	ECB_02246	WP_000615834.1	flagella biosynthesis regulator Flk	b2321	NP_416824.1	flk	T1_exact_sequence	100.0	1.0	1.0	6.0	6.0		identical protein sequence, unique on both sides
ECB_RS11830	ECB_02248	WP_000817178.1	beta-ketoacyl-ACP synthase I	b2323	NP_416826.1	fabB	T1_exact_sequence	100.0	1.0	1.0	6.0	6.0		identical protein sequence, unique on both sides
ECB_RS16235	ECB_03073	WP_000047091.1	monofunctional biosynthetic peptidoglycan transglycosylase	b3208	NP_417675.1	mtgA	T1_exact_sequence	100.0	1.0	1.0	6.0	6.0		identical protein sequence, unique on both sides
ECB_RS08670	ECB_01642	WP_001273527.1	aldehyde ferredoxin oxidoreductase	b1673	NP_416188.1	ydhV	T1_exact_sequence	100.0	1.0	1.0	6.0	6.0		identical protein sequence, unique on both sides
ECB_RS08910	ECB_01688	WP_001144202.1	threonine--tRNA ligase	b1719	NP_416234.1	thrS	T1_exact_sequence	100.0	1.0	1.0	6.0	6.0		identical protein sequence, unique on both sides
ECB_RS20410	ECB_03849	WP_000806411.1	YijD family membrane protein	b3964	NP_418399.1	yijD	T1_exact_sequence	100.0	1.0	1.0	6.0	6.0		identical protein sequence, unique on both sides
ECB_RS03775	ECB_00708	WP_001295305.1	2,3-diphosphoglycerate-dependent phosphoglycerate mutase	b0755	NP_415276.1	gpmA	T1_exact_sequence	100.0	1.0	1.0	6.0	6.0		identical protein sequence, unique on both sides
ECB_RS00620	ECB_00118	WP_000384306.1	protein YacL	b0119	NP_414661.2	yacL	T1_exact_sequence	100.0	1.0	1.0	6.0	6.0		identical protein sequence, unique on both sides
ECB_RS18955	ECB_03584	WP_000673464.1	DNA polymerase III subunit beta	b3701	NP_418156.1	dnaN	T1_exact_sequence	100.0	1.0	1.0	6.0	6.0		identical protein sequence, unique on both sides
ECB_RS16085	ECB_03043	WP_001107467.1	ATP-dependent zinc metalloprotease FtsH	b3178	NP_417645.1	ftsH	T1_exact_sequence	100.0	1.0	1.0	6.0	6.0		identical protein sequence, unique on both sides
ECB_RS10145	ECB_01910	WP_000450409.1	DUF496 family protein	b2007	NP_416511.4	tmaR	T1_exact_sequence	100.0	1.0	1.0	4.0	4.0		identical protein sequence, unique on both sides
ECB_RS15425	ECB_02919	WP_000350095.1	cell surface composition regulator GlgS	b3049	NP_417521.1	glgS	T1_exact_sequence	100.0	1.0	1.0	5.0	5.0		identical protein sequence, unique on both sides
ECB_RS25910		WP_211180493.1	protein YmiD	b4772	YP_010051182.1	ymiD	T1_exact_sequence	100.0	1.0	1.0	6.0	6.0		identical protein sequence, unique on both sides
ECB_RS03615	ECB_00685	WP_001181473.1	2-oxoglutarate dehydrogenase E1 component	b0726	NP_415254.1	sucA	T1_exact_sequence	100.0	1.0	1.0	6.0	6.0		identical protein sequence, unique on both sides
ECB_RS21885	ECB_04114	WP_001296693.1	pyr operon leader peptide	b4246	NP_418667.1	pyrL	T1_exact_sequence	100.0	1.0	1.0	6.0	6.0		identical protein sequence, unique on both sides
ECB_RS18405	ECB_03476	WP_000587764.1	ADP-glyceromanno-heptose 6-epimerase	b3619	NP_418076.1	rfaD	T1_exact_sequence	100.0	1.0	1.0	6.0	6.0		identical protein sequence, unique on both sides
ECB_RS10735	ECB_02032	WP_001195564.1	hydroxyethylthiazole kinase	b2104	NP_416607.1	thiM	T1_exact_sequence	100.0	1.0	1.0	3.0	3.0		identical protein sequence, unique on both sides
ECB_RS04580	ECB_00866	WP_000464491.1	arginine ABC transporter permease ArtM	b0861	NP_415382.1	artM	T1_exact_sequence	100.0	1.0	1.0	6.0	6.0		identical protein sequence, unique on both sides
ECB_RS03210	ECB_00617	WP_001207520.1	pyrimidine-specific ribonucleoside hydrolase RihA	b0651	NP_415184.1	rihA	T1_exact_sequence	100.0	1.0	1.0	4.0	6.0		identical protein sequence, unique on both sides
ECB_RS19565	ECB_03696	WP_000032581.1	DUF2628 domain-containing protein	b3817	NP_418261.1	yigF	T1_exact_sequence	100.0	1.0	1.0	4.0	4.0		identical protein sequence, unique on both sides
ECB_RS04245	ECB_00797	WP_000090140.1	glutathione ABC transporter substrate-binding protein GsiB	b0830	NP_415351.1	gsiB	T1_exact_sequence	100.0	1.0	1.0	6.0	6.0		identical protein sequence, unique on both sides
ECB_RS10860	ECB_02061	WP_001130308.1	glycine betaine ABC transporter substrate-binding protein OsmF	b2131	NP_416635.1	osmF	T1_exact_sequence	100.0	1.0	1.0	6.0	6.0		identical protein sequence, unique on both sides
ECB_RS19875	ECB_03751	WP_001295266.1	Der GTPase-activating protein YihI	b3866	NP_418302.1	yihI	T1_exact_sequence	100.0	1.0	1.0	6.0	6.0		identical protein sequence, unique on both sides
ECB_RS04880	ECB_00924	WP_000899600.1	envelope biogenesis factor ElyC	b0920	NP_415440.1	elyC	T1_exact_sequence	100.0	1.0	1.0	6.0	6.0		identical protein sequence, unique on both sides
ECB_RS07310	ECB_01378	WP_001098559.1	methyl-accepting chemotaxis protein Trg	b1421	NP_415938.1	trg	T1_exact_sequence	100.0	1.0	1.0	6.0	6.0		identical protein sequence, unique on both sides
ECB_RS16675	ECB_03149	WP_000090775.1	30S ribosomal protein S13	b3298	NP_417757.1	rpsM	T1_exact_sequence	100.0	1.0	1.0	6.0	6.0		identical protein sequence, unique on both sides
ECB_RS17220	ECB_03255	WP_001265681.1	phosphoenolpyruvate carboxykinase (ATP)	b3403	NP_417862.1	pck	T1_exact_sequence	100.0	1.0	1.0	6.0	6.0		identical protein sequence, unique on both sides
ECB_RS03785	ECB_00710	WP_000053415.1	galactokinase	b0757	NP_415278.1	galK	T1_exact_sequence	100.0	1.0	1.0	6.0	6.0		identical protein sequence, unique on both sides
ECB_RS18990	ECB_03591	WP_001364348.1	tryptophanase leader peptide	b3707	NP_418163.1	tnaC	T1_exact_sequence	100.0	1.0	1.0	6.0	6.0		identical protein sequence, unique on both sides
ECB_RS20460	ECB_03855	WP_000023081.1	type I pantothenate kinase	b3974	NP_418405.1	coaA	T1_exact_sequence	100.0	1.0	1.0	6.0	6.0		identical protein sequence, unique on both sides
ECB_RS15970	ECB_03023	WP_000908554.1	GNAT family N-acetyltransferase	b3156	NP_417625.1	yhbS	T1_exact_sequence	100.0	1.0	1.0	6.0	6.0		identical protein sequence, unique on both sides
ECB_RS07850	ECB_01483	WP_000366501.1	putrescine utilization regulator PtrR	b1526	NP_416043.1	ptrR	T1_exact_sequence	100.0	1.0	1.0	6.0	6.0		identical protein sequence, unique on both sides
ECB_RS17590	ECB_03326	WP_000947068.1	nickel ABC transporter permease subunit NikB	b3477	NP_417934.1	nikB	T1_exact_sequence	100.0	1.0	1.0	6.0	6.0		identical protein sequence, unique on both sides
ECB_RS21140	ECB_03974	WP_001295387.1	phosphonate metabolism transcriptional regulator PhnF	b4102	NP_418526.1	phnF	T1_exact_sequence	100.0	1.0	1.0	5.0	5.0		identical protein sequence, unique on both sides
ECB_RS15020	ECB_02843	WP_000259302.1	glycolate permease GlcA	b2975	NP_417449.1	glcA	T1_exact_sequence	100.0	1.0	1.0	6.0	6.0		identical protein sequence, unique on both sides
ECB_RS14560	ECB_02754	WP_000493352.1	arginine exporter ArgO	b2923	NP_417398.1	argO	T1_exact_sequence	100.0	1.0	1.0	6.0	6.0		identical protein sequence, unique on both sides
ECB_RS08830	ECB_01672	WP_000368046.1	posphoenolpyruvate synthetase regulatory kinase/phosphorylase PpsR	b1703	NP_416218.1	ppsR	T1_exact_sequence	100.0	1.0	1.0	6.0	6.0		identical protein sequence, unique on both sides
ECB_RS04600	ECB_00870	WP_001270734.1	lipoprotein	b0865	NP_415386.1	ybjP	T1_exact_sequence	100.0	1.0	1.0	6.0	6.0		identical protein sequence, unique on both sides
ECB_RS09855	ECB_01865	WP_001295646.1	alpha,alpha-trehalose-phosphate synthase	b1896	NP_416410.1	otsA	T1_exact_sequence	100.0	1.0	1.0	6.0	6.0		identical protein sequence, unique on both sides
ECB_RS01290	ECB_00246	WP_001019920.1	YagU family protein	b0287	NP_414821.1	yagU	T1_exact_sequence	100.0	1.0	1.0	5.0	5.0		identical protein sequence, unique on both sides
ECB_RS00290	ECB_00056	WP_000241277.1	4-hydroxythreonine-4-phosphate dehydrogenase PdxA	b0052	NP_414594.1	pdxA	T1_exact_sequence	100.0	1.0	1.0	6.0	6.0		identical protein sequence, unique on both sides
ECB_RS20560	ECB_03870	WP_000284615.1	thiamine phosphate synthase	b3993	NP_418421.1	thiE	T1_exact_sequence	100.0	1.0	1.0	6.0	6.0		identical protein sequence, unique on both sides
ECB_RS17975	ECB_03395	WP_001222883.1	dipeptide ABC transporter substrate-binding protein DppA	b3544	NP_418001.1	dppA	T1_exact_sequence	100.0	1.0	1.0	5.0	5.0		identical protein sequence, unique on both sides
ECB_RS08545	ECB_01619	WP_001032936.1	DNA-binding transcriptional regulator NemR	b1649	NP_416166.3	nemR	T1_exact_sequence	100.0	1.0	1.0	6.0	6.0		identical protein sequence, unique on both sides
ECB_RS08420	ECB_01595	WP_000217950.1	transcription modulator YdgT	b1625	NP_416142.1	cnu	T1_exact_sequence	100.0	1.0	1.0	6.0	6.0		identical protein sequence, unique on both sides
ECB_RS15730	ECB_02975	WP_000633576.1	pirin family protein	b3106	NP_417577.1	yhaK	T1_exact_sequence	100.0	1.0	1.0	6.0	6.0		identical protein sequence, unique on both sides
ECB_RS15155	ECB_02870	WP_000083065.1	hydrogenase 2 large subunit	b2994	NP_417468.1	hybC	T1_exact_sequence	100.0	1.0	1.0	6.0	6.0		identical protein sequence, unique on both sides
ECB_RS20595	ECB_03877	WP_001044513.1	nucleoid-associated protein HU-alpha	b4000	NP_418428.1	hupA	T1_exact_sequence	100.0	1.0	1.0	6.0	6.0		identical protein sequence, unique on both sides
ECB_RS04835	ECB_00915	WP_000140327.1	30S ribosomal protein S1	b0911	NP_415431.1	rpsA	T1_exact_sequence	100.0	1.0	1.0	6.0	6.0		identical protein sequence, unique on both sides
ECB_RS09990	ECB_01889	WP_001079074.1	cytochrome b	b1974	NP_416483.4	yodB	T1_exact_sequence	100.0	1.0	1.0	6.0	6.0		identical protein sequence, unique on both sides
ECB_RS17025	ECB_03217	WP_000084764.1	nitrite reductase small subunit NirD	b3366	NP_417825.1	nirD	T1_exact_sequence	100.0	1.0	1.0	6.0	6.0		identical protein sequence, unique on both sides
ECB_RS15685	ECB_02966	WP_001295543.1	DUF1090 family protein YqjC	b3097	NP_417568.2	yqjC	T1_exact_sequence	100.0	1.0	1.0	6.0	6.0		identical protein sequence, unique on both sides
ECB_RS08690	ECB_01646	WP_000648420.1	murein lipoprotein Lpp	b1677	NP_416192.1	lpp	T1_exact_sequence	100.0	1.0	1.0	6.0	6.0		identical protein sequence, unique on both sides
ECB_RS21210	ECB_03987	WP_001217060.1	DNA-binding transcriptional activator AdiY	b4116	NP_418540.1	adiY	T1_exact_sequence	100.0	1.0	1.0	6.0	6.0		identical protein sequence, unique on both sides
ECB_RS08300	ECB_01571	WP_000014036.1	Re/Si-specific NAD(P)(+) transhydrogenase subunit beta	b1602	NP_416119.1	pntB	T1_exact_sequence	100.0	1.0	1.0	6.0	6.0		identical protein sequence, unique on both sides
ECB_RS16665	ECB_03147	WP_000135224.1	30S ribosomal protein S4	b3296	NP_417755.1	rpsD	T1_exact_sequence	100.0	1.0	1.0	6.0	6.0		identical protein sequence, unique on both sides
ECB_RS25650		WP_001387276.1	mgtA regulatory leader peptide MgtL	b4702	YP_003933616.1	mgtL	T1_exact_sequence	100.0	1.0	1.0	6.0	6.0		identical protein sequence, unique on both sides
ECB_RS10505	ECB_01984	WP_000137877.1	two-component system response regulator BaeR	b2079	NP_416583.1	baeR	T1_exact_sequence	100.0	1.0	1.0	6.0	6.0		identical protein sequence, unique on both sides
ECB_RS14385	ECB_02720	WP_001295374.1	urate/proton symporter UacT	b2888	NP_417364.2	uacT	T1_exact_sequence	100.0	1.0	1.0	6.0	6.0		identical protein sequence, unique on both sides
ECB_RS15520	ECB_02935	WP_001144069.1	30S ribosomal protein S21	b3065	NP_417537.1	rpsU	T1_exact_sequence	100.0	1.0	1.0	6.0	6.0		identical protein sequence, unique on both sides
ECB_RS22575	ECB_04237	WP_001308243.1	DUF2501 domain-containing protein YjjA	b4360	NP_418780.2	yjjA	T1_exact_sequence	100.0	1.0	1.0	6.0	6.0		identical protein sequence, unique on both sides
ECB_RS11080	ECB_02102	WP_001091940.1	mannitol dehydrogenase family protein	b2172	NP_416677.1	yeiQ	T1_exact_sequence	100.0	1.0	1.0	6.0	6.0		identical protein sequence, unique on both sides
ECB_RS17545	ECB_03317	WP_000964718.1	lysoplasmalogenase	b3468	NP_417925.1	yhhN	T1_exact_sequence	100.0	1.0	1.0	6.0	6.0		identical protein sequence, unique on both sides
ECB_RS01480	ECB_00279	WP_000665120.1	amidohydrolase family protein	b0324	NP_414858.1	yahJ	T1_exact_sequence	100.0	1.0	1.0	5.0	5.0		identical protein sequence, unique on both sides
ECB_RS21590	ECB_04056	WP_000254633.1	biofilm peroxide resistance protein BsmA	b4189	NP_418610.4	bsmA	T1_exact_sequence	100.0	1.0	1.0	6.0	6.0		identical protein sequence, unique on both sides
ECB_RS09315	ECB_01765	WP_000513737.1	DUF1869 domain-containing protein	b1796	NP_416310.1	yoaG	T1_exact_sequence	100.0	1.0	1.0	5.0	5.0		identical protein sequence, unique on both sides
ECB_RS11240	ECB_02132	WP_000091291.1	ferredoxin-type protein NapG	b2205	NP_416709.1	napG	T1_exact_sequence	100.0	1.0	1.0	6.0	6.0		identical protein sequence, unique on both sides
ECB_RS06535	ECB_01231	WP_001079505.1	ferritin-like domain-containing protein	b1257	NP_415773.1	yciE	T1_exact_sequence	100.0	1.0	1.0	6.0	6.0		identical protein sequence, unique on both sides
ECB_RS04520	ECB_00855	WP_001201560.1	DUF1418 family protein	b0850	NP_415371.1	ybjC	T1_exact_sequence	100.0	1.0	1.0	6.0	6.0		identical protein sequence, unique on both sides
ECB_RS04240	ECB_00796	WP_001301279.1	glutathione ABC transporter ATP-binding protein GsiA	b0829	NP_415350.2	gsiA	T1_exact_sequence	100.0	1.0	1.0	6.0	6.0		identical protein sequence, unique on both sides
ECB_RS11495	ECB_02182	WP_000169728.1	4-deoxy-4-formamido-L-arabinose-phosphoundecaprenol deformylase	b2256	NP_416759.1	arnD	T1_exact_sequence	100.0	1.0	1.0	6.0	6.0		identical protein sequence, unique on both sides
ECB_RS21415	ECB_04024	WP_000208757.1	fumarate reductase subunit FrdC	b4152	NP_418576.1	frdC	T1_exact_sequence	100.0	1.0	1.0	6.0	6.0		identical protein sequence, unique on both sides
ECB_RS06470	ECB_01219	WP_000979661.1	oligopeptide ABC transporter permease OppC	b1245	NP_415761.1	oppC	T1_exact_sequence	100.0	1.0	1.0	6.0	6.0		identical protein sequence, unique on both sides
ECB_RS05190	ECB_00982	WP_000460803.1	cytochrome d ubiquinol oxidase subunit II	b0979	NP_415498.1	appB	T1_exact_sequence	100.0	1.0	1.0	6.0	6.0		identical protein sequence, unique on both sides
ECB_RS14525	ECB_02747	WP_000828351.1	DNA-binding transcriptional regulator ArgP	b2916	NP_417391.1	argP	T1_exact_sequence	100.0	1.0	1.0	5.0	5.0		identical protein sequence, unique on both sides
ECB_RS05600	ECB_01053	WP_000011114.1	cytochrome b	b1057	NP_415575.1	yceJ	T1_exact_sequence	100.0	1.0	1.0	6.0	6.0		identical protein sequence, unique on both sides
ECB_RS15810	ECB_02991	WP_001058209.1	2-dehydro-3-deoxyglucarate aldolase	b3126	NP_417595.1	garL	T1_exact_sequence	100.0	1.0	1.0	6.0	6.0		identical protein sequence, unique on both sides
ECB_RS20535	ECB_03865	WP_001307500.1	heat-shock protein C	b3989	NP_418416.1	yjaZ	T1_exact_sequence	100.0	1.0	1.0	6.0	6.0		identical protein sequence, unique on both sides
ECB_RS06220	ECB_01171	WP_000615067.1	protein YcgY	b1196	NP_415714.1	ycgY	T1_exact_sequence	100.0	1.0	1.0	6.0	6.0		identical protein sequence, unique on both sides
ECB_RS17760	ECB_03356	WP_001296814.1	MgtC/SapB family protein	b3508	NP_417965.1	yhiD	T1_exact_sequence	100.0	1.0	1.0	5.0	5.0		identical protein sequence, unique on both sides
ECB_RS13085	ECB_02481	WP_000841103.1	alpha-ketoglutarate permease	b2587	NP_417082.1	kgtP	T1_exact_sequence	100.0	1.0	1.0	6.0	6.0		identical protein sequence, unique on both sides
ECB_RS17875	ECB_03377	WP_001266293.1	biofilm formation regulator HmsP	b3529	NP_417986.4	pdeK	T1_exact_sequence	100.0	1.0	1.0	6.0	6.0		identical protein sequence, unique on both sides
ECB_RS06380	ECB_01201	WP_000019827.1	nitrate transporter NarK	b1223	NP_415741.1	narK	T1_exact_sequence	100.0	1.0	1.0	6.0	6.0		identical protein sequence, unique on both sides
ECB_RS08265	ECB_01565	WP_000091840.1	MFS transporter	b1596	NP_416113.1	ynfM	T1_exact_sequence	100.0	1.0	1.0	5.0	5.0		identical protein sequence, unique on both sides
ECB_RS20985	ECB_03945	WP_000195171.1	cytochrome c nitrite reductase subunit NrfD	b4073	NP_418497.1	nrfD	T1_exact_sequence	100.0	1.0	1.0	6.0	6.0		identical protein sequence, unique on both sides
ECB_RS05110	ECB_00968	WP_000847791.1	DUF2057 family protein	b0964	NP_415484.1	csgI	T1_exact_sequence	100.0	1.0	1.0	6.0	6.0		identical protein sequence, unique on both sides
ECB_RS04200	ECB_00788	WP_000168797.1	DUF1479 domain-containing protein	b0821	NP_415342.1	ybiU	T1_exact_sequence	100.0	1.0	1.0	6.0	6.0		identical protein sequence, unique on both sides
ECB_RS26010		WP_001380605.1	small toxic inner membrane protein TimP	b4812	YP_010283914.1	timP	T1_exact_sequence	100.0	1.0	1.0	6.0	6.0		identical protein sequence, unique on both sides
ECB_RS00260	ECB_00050	WP_000600725.1	glutathione-regulated potassium-efflux system oxidoreductase KefF	b0046	NP_414588.1	kefF	T1_exact_sequence	100.0	1.0	1.0	6.0	6.0		identical protein sequence, unique on both sides
ECB_RS21440	ECB_04029	WP_001236847.1	miniconductance mechanosensitive channel MscM	b4159	NP_418583.1	mscM	T1_exact_sequence	100.0	1.0	1.0	6.0	6.0		identical protein sequence, unique on both sides
ECB_RS04740	ECB_00896	WP_000067755.1	replication-associated recombination protein RarA	b0892	NP_415412.1	rarA	T1_exact_sequence	100.0	1.0	1.0	6.0	6.0		identical protein sequence, unique on both sides
ECB_RS01755	ECB_00334	WP_000158159.1	YaiI/YqxD family protein	b0387	NP_414921.2	yaiI	T1_exact_sequence	100.0	1.0	1.0	6.0	6.0		identical protein sequence, unique on both sides
ECB_RS22105	ECB_04153	WP_000175457.1	Fe(3+) dicitrate ABC transporter ATP-binding protein FecE	b4287	NP_418707.1	fecE	T1_exact_sequence	100.0	1.0	1.0	3.0	3.0		identical protein sequence, unique on both sides
ECB_RS08880	ECB_01682	WP_000672380.1	phenylalanine--tRNA ligase subunit beta	b1713	NP_416228.1	pheT	T1_exact_sequence	100.0	1.0	1.0	6.0	6.0		identical protein sequence, unique on both sides
ECB_RS17185	ECB_03249	WP_000045744.1	ADP compounds hydrolase NudE	b3397	NP_417856.1	nudE	T1_exact_sequence	100.0	1.0	1.0	6.0	6.0		identical protein sequence, unique on both sides
ECB_RS07360	ECB_01388	WP_001261013.1	DUF3313 domain-containing protein	b1431	NP_415948.1	ydcL	T1_exact_sequence	100.0	1.0	1.0	6.0	6.0		identical protein sequence, unique on both sides
ECB_RS13865	ECB_02624	WP_000036723.1	phosphopyruvate hydratase	b2779	NP_417259.1	eno	T1_exact_sequence	100.0	1.0	1.0	6.0	6.0		identical protein sequence, unique on both sides
ECB_RS05095	ECB_00965	WP_001261235.1	YccF domain-containing protein	b0961	NP_415481.1	yccF	T1_exact_sequence	100.0	1.0	1.0	6.0	6.0		identical protein sequence, unique on both sides
ECB_RS07250	ECB_01365	WP_000431845.1	bifunctional alpha/beta hydrolase/class I SAM-dependent methyltransferase	b1410	NP_415928.1	ynbC	T1_exact_sequence	100.0	1.0	1.0	6.0	6.0		identical protein sequence, unique on both sides
ECB_RS05710	ECB_01075	WP_001295442.1	flagellar basal body L-ring protein FlgH	b1079	NP_415597.1	flgH	T1_exact_sequence	100.0	1.0	1.0	6.0	6.0		identical protein sequence, unique on both sides
ECB_RS20225	ECB_03814	WP_000872908.1	ribonuclease E activity regulator RraA	b3929	NP_418364.1	rraA	T1_exact_sequence	100.0	1.0	1.0	6.0	6.0		identical protein sequence, unique on both sides
ECB_RS02995	ECB_00575	WP_000887629.1	alkyl hydroperoxide reductase subunit F	b0606	NP_415139.2	ahpF	T1_exact_sequence	100.0	1.0	1.0	5.0	5.0		identical protein sequence, unique on both sides
ECB_RS06185	ECB_01164	WP_001266908.1	D-amino acid dehydrogenase	b1189	NP_415707.1	dadA	T1_exact_sequence	100.0	1.0	1.0	6.0	6.0		identical protein sequence, unique on both sides
ECB_RS16995	ECB_03211	WP_000601847.1	aminodeoxychorismate synthase component 2	b3360	NP_417819.1	pabA	T1_exact_sequence	100.0	1.0	1.0	6.0	6.0		identical protein sequence, unique on both sides
ECB_RS04135	ECB_00776	WP_000569083.1	glutamine ABC transporter ATP-binding protein GlnQ	b0809	NP_415330.1	glnQ	T1_exact_sequence	100.0	1.0	1.0	6.0	6.0		identical protein sequence, unique on both sides
ECB_RS17950	ECB_03391	WP_000107012.1	dipeptide ABC transporter ATP-binding subunit DppF	b3540	NP_417997.1	dppF	T1_exact_sequence	100.0	1.0	1.0	4.0	4.0		identical protein sequence, unique on both sides
ECB_RS07880	ECB_01489	WP_000843414.1	multiple antibiotic resistance transcriptional regulator MarR	b1530	NP_416047.4	marR	T1_exact_sequence	100.0	1.0	1.0	4.0	4.0		identical protein sequence, unique on both sides
ECB_RS10375	ECB_01958	WP_000043654.1	GDP-L-fucose synthase	b2052	NP_416556.1	fcl	T1_exact_sequence	100.0	1.0	1.0	6.0	6.0		identical protein sequence, unique on both sides
ECB_RS06205	ECB_01168	WP_001301104.1	membrane-bound lytic murein transglycosylase EmtA	b1193	NP_415711.2	emtA	T1_exact_sequence	100.0	1.0	1.0	6.0	6.0		identical protein sequence, unique on both sides
ECB_RS00465	ECB_00089	WP_000796481.1	UDP-N-acetylmuramoyl-L-alanine--D-glutamate ligase	b0088	NP_414630.1	murD	T1_exact_sequence	100.0	1.0	1.0	6.0	6.0		identical protein sequence, unique on both sides
ECB_RS00200	ECB_00038	WP_000333125.1	carnitine metabolism transcriptional regulator CaiF	b0034	NP_414576.4	caiF	T1_exact_sequence	100.0	1.0	1.0	6.0	6.0		identical protein sequence, unique on both sides
ECB_RS04650	ECB_00880	WP_001298299.1	aquaporin Z	b0875	NP_415396.1	aqpZ	T1_exact_sequence	100.0	1.0	1.0	6.0	6.0		identical protein sequence, unique on both sides
ECB_RS02580	ECB_00494	WP_000709082.1	recombinase family protein	b0544	NP_415076.1	ybcK	T1_exact_sequence	100.0	1.0	1.0	5.0	5.0		identical protein sequence, unique on both sides
ECB_RS05135	ECB_00972	WP_000048252.1	acylphosphatase	b0968	NP_415488.1	yccX	T1_exact_sequence	100.0	1.0	1.0	6.0	6.0		identical protein sequence, unique on both sides
ECB_RS15255	ECB_02886	WP_000691619.1	YbjP/YqhG family protein	b3013	YP_026195.1	yqhG	T1_exact_sequence	100.0	1.0	1.0	6.0	6.0		identical protein sequence, unique on both sides
ECB_RS00905	ECB_00174	WP_001295561.1	sigma E protease regulator RseP	b0176	NP_414718.1	rseP	T1_exact_sequence	100.0	1.0	1.0	6.0	6.0		identical protein sequence, unique on both sides
ECB_RS11000	ECB_02086	WP_000548294.1	DNA-binding transcriptional regulator YeiE	b2157	NP_416662.1	yeiE	T1_exact_sequence	100.0	1.0	1.0	6.0	6.0		identical protein sequence, unique on both sides
ECB_RS02380	ECB_00456	WP_000141275.1	HTH-type transcriptional repressor AllR	b0506	NP_415039.1	allR	T1_exact_sequence	100.0	1.0	1.0	6.0	6.0		identical protein sequence, unique on both sides
ECB_RS06745	ECB_01268	WP_001128858.1	peptide ABC transporter ATP-binding protein SapD	b1291	NP_415807.1	sapD	T1_exact_sequence	100.0	1.0	1.0	6.0	6.0		identical protein sequence, unique on both sides
ECB_RS12595	ECB_02390	WP_001295473.1	uracil phosphoribosyltransferase	b2498	NP_416993.2	upp	T1_exact_sequence	100.0	1.0	1.0	6.0	6.0		identical protein sequence, unique on both sides
ECB_RS09450	ECB_01789	WP_000228655.1	PTS mannose transporter subunit IID	b1819	NP_416333.4	manZ	T1_exact_sequence	100.0	1.0	1.0	6.0	6.0		identical protein sequence, unique on both sides
ECB_RS14025	ECB_02655	WP_000920840.1	L-fucose mutarotase	b2804	NP_417284.1	fucU	T1_exact_sequence	100.0	1.0	1.0	5.0	5.0		identical protein sequence, unique on both sides
ECB_RS05660	ECB_01065	WP_001050683.1	murein biosynthesis integral membrane protein MurJ	b1069	NP_415587.1	murJ	T1_exact_sequence	100.0	1.0	1.0	6.0	6.0		identical protein sequence, unique on both sides
ECB_RS18480	ECB_03491	WP_001171866.1	pantetheine-phosphate adenylyltransferase	b3634	NP_418091.1	coaD	T1_exact_sequence	100.0	1.0	1.0	6.0	6.0		identical protein sequence, unique on both sides
ECB_RS19130	ECB_03619	WP_001288587.1	F0F1 ATP synthase subunit delta	b3735	NP_418191.1	atpH	T1_exact_sequence	100.0	1.0	1.0	6.0	6.0		identical protein sequence, unique on both sides
ECB_RS02345	ECB_00449	WP_000877768.1	YbbC/YhhH family protein	b0498	NP_415031.1	ybbC	T1_exact_sequence	100.0	1.0	1.0	4.0	4.0		identical protein sequence, unique on both sides
ECB_RS00870	ECB_00167	WP_000246882.1	30S ribosomal protein S2	b0169	NP_414711.1	rpsB	T1_exact_sequence	100.0	1.0	1.0	6.0	6.0		identical protein sequence, unique on both sides
ECB_RS08700	ECB_01648	WP_001196530.1	cysteine desulfuration protein SufE	b1679	NP_416194.1	sufE	T1_exact_sequence	100.0	1.0	1.0	6.0	6.0		identical protein sequence, unique on both sides
ECB_RS10900		WP_000691708.1	small membrane protein YohP	b4679	YP_002791249.1	yohP	T1_exact_sequence	100.0	1.0	1.0	5.0	5.0		identical protein sequence, unique on both sides
ECB_RS15105	ECB_02860	WP_000339531.1	ATP-binding protein	b2984	NP_417458.1	yghR	T1_exact_sequence	100.0	1.0	1.0	4.0	4.0		identical protein sequence, unique on both sides
ECB_RS06715		WP_000221855.1	hypothetical protein	b4672	YP_002791239.1	ymiB	T1_exact_sequence	100.0	1.0	1.0	6.0	6.0		identical protein sequence, unique on both sides
ECB_RS02365	ECB_00453	WP_001157938.1	tRNA 2-selenouridine(34) synthase MnmH	b0503	NP_415036.1	selU	T1_exact_sequence	100.0	1.0	1.0	4.0	4.0		identical protein sequence, unique on both sides
ECB_RS17795	ECB_03362	WP_000024872.1	multidrug efflux pump RND permease MdtF	b3514	NP_417971.1	mdtF	T1_exact_sequence	100.0	1.0	1.0	5.0	5.0		identical protein sequence, unique on both sides
ECB_RS08250	ECB_01562	WP_000919231.1	dethiobiotin synthase	b1593	NP_416110.4	bidA	T1_exact_sequence	100.0	1.0	1.0	6.0	6.0		identical protein sequence, unique on both sides
ECB_RS04790	ECB_00906	WP_000111043.1	pyruvate formate lyase 1-activating protein	b0902	NP_415422.1	pflA	T1_exact_sequence	100.0	1.0	1.0	6.0	6.0		identical protein sequence, unique on both sides
ECB_RS04700	ECB_00888	WP_001040187.1	translation initiation factor IF-1	b0884	NP_415404.1	infA	T1_exact_sequence	100.0	1.0	1.0	6.0	6.0		identical protein sequence, unique on both sides
ECB_RS00135	ECB_00028	WP_001300728.1	DUF2575 family protein	b0024	NP_414565.1	yaaY	T1_exact_sequence	100.0	1.0	1.0	4.0	5.0		identical protein sequence, unique on both sides
ECB_RS15505	ECB_02932	WP_000722957.1	L(+)-tartrate dehydratase subunit beta	b3062	NP_417534.1	ttdB	T1_exact_sequence	100.0	1.0	1.0	6.0	6.0		identical protein sequence, unique on both sides
ECB_RS17905	ECB_03383	WP_001063318.1	cellulose biosynthesis protein BcsR	b3535	NP_417992.1	yhjR	T1_exact_sequence	100.0	1.0	1.0	5.0	5.0		identical protein sequence, unique on both sides
ECB_RS04100	ECB_00769	WP_000849301.1	DUF1471 family protein YbiJ	b0802	NP_415323.1	ybiJ	T1_exact_sequence	100.0	1.0	1.0	6.0	6.0		identical protein sequence, unique on both sides
ECB_RS05170	ECB_00978	WP_000003671.1	hydrogenase 1 maturation protease	b0975	NP_415494.1	hyaD	T1_exact_sequence	100.0	1.0	1.0	6.0	6.0		identical protein sequence, unique on both sides
ECB_RS03035	ECB_00582	WP_000550422.1	citrate lyase holo-[acyl-carrier protein] synthase	b0614	NP_415147.1	citX	T1_exact_sequence	100.0	1.0	1.0	6.0	6.0		identical protein sequence, unique on both sides
ECB_RS09090	ECB_01723	WP_001215339.1	ABC transporter substrate-binding protein	b1754	NP_416268.2	ynjB	T1_exact_sequence	100.0	1.0	1.0	6.0	6.0		identical protein sequence, unique on both sides
ECB_RS00560	ECB_00107	WP_000360904.1	prepilin peptidase-dependent pilin	b0108	NP_414650.1	ppdD	T1_exact_sequence	100.0	1.0	1.0	6.0	6.0		identical protein sequence, unique on both sides
ECB_RS06065	ECB_01144	WP_001065861.1	cell division-associated protein YmgF	b4520	YP_588447.1	ymgF	T1_exact_sequence	100.0	1.0	1.0	6.0	6.0		identical protein sequence, unique on both sides
ECB_RS11685	ECB_02220	WP_000106627.1	terminus macrodomain insulation protein YfbV	b2295	NP_416798.1	yfbV	T1_exact_sequence	100.0	1.0	1.0	6.0	6.0		identical protein sequence, unique on both sides
ECB_RS17990	ECB_03396	WP_001269197.1	kdo(2)-lipid A phosphoethanolamine 7''-transferase	b3546	NP_418002.2	eptB	T1_exact_sequence	100.0	1.0	1.0	5.0	5.0		identical protein sequence, unique on both sides
ECB_RS08995	ECB_01705	WP_000968919.1	PTS N,N'-diacetylchitobiose transporter subunit IIA	b1736	NP_416250.1	chbA	T1_exact_sequence	100.0	1.0	1.0	6.0	6.0		identical protein sequence, unique on both sides
ECB_RS01820	ECB_00347	WP_000113933.1	phosphate response regulator transcription factor PhoB	b0399	NP_414933.1	phoB	T1_exact_sequence	100.0	1.0	1.0	6.0	6.0		identical protein sequence, unique on both sides
ECB_RS19505	ECB_03685	WP_001160654.1	diaminopimelate epimerase	b3809	NP_418254.2	dapF	T1_exact_sequence	100.0	1.0	1.0	6.0	6.0		identical protein sequence, unique on both sides
ECB_RS15360	ECB_02907	WP_000735278.1	outer membrane channel protein TolC	b3035	NP_417507.2	tolC	T1_exact_sequence	100.0	1.0	1.0	6.0	6.0		identical protein sequence, unique on both sides
ECB_RS16705	ECB_03155	WP_000358960.1	50S ribosomal protein L18	b3304	NP_417763.1	rplR	T1_exact_sequence	100.0	1.0	1.0	6.0	6.0		identical protein sequence, unique on both sides
ECB_RS04110	ECB_00771	WP_000990177.1	PKHD-type hydroxylase YbiX	b0804	NP_415325.4	ybiX	T1_exact_sequence	100.0	1.0	1.0	6.0	6.0		identical protein sequence, unique on both sides
ECB_RS15955	ECB_03020	WP_000037608.1	protein/nucleic acid deglycase	b3153	NP_417622.2	yhbO	T1_exact_sequence	100.0	1.0	1.0	6.0	6.0		identical protein sequence, unique on both sides
ECB_RS22675	ECB_04254	WP_000563040.1	metal-dependent hydrolase	b4378	YP_026291.2	yjjV	T1_exact_sequence	100.0	1.0	1.0	6.0	6.0		identical protein sequence, unique on both sides
ECB_RS04705	ECB_00889	WP_001241678.1	leucyl/phenylalanyl-tRNA--protein transferase	b0885	NP_415405.1	aat	T1_exact_sequence	100.0	1.0	1.0	6.0	6.0		identical protein sequence, unique on both sides
ECB_RS16325	ECB_03091	WP_000847559.1	50S ribosomal protein L13	b3231	NP_417698.1	rplM	T1_exact_sequence	100.0	1.0	1.0	6.0	6.0		identical protein sequence, unique on both sides
ECB_RS23795		WP_010723109.1	type I toxin-antitoxin system toxin IbsA	b4667	YP_002791247.1	ibsA	T1_exact_sequence	100.0	1.0	1.0	4.0	4.0		identical protein sequence, unique on both sides
ECB_RS22645	ECB_04248	WP_001092461.1	ribosomal protein S18-alanine N-acetyltransferase	b4373	NP_418790.1	rimI	T1_exact_sequence	100.0	1.0	1.0	6.0	6.0		identical protein sequence, unique on both sides
ECB_RS00070	ECB_00014	WP_000516135.1	molecular chaperone DnaK	b0014	NP_414555.1	dnaK	T1_exact_sequence	100.0	1.0	1.0	5.0	5.0		identical protein sequence, unique on both sides
ECB_RS13630	ECB_02578	WP_000334881.1	hydrogenase 3 maturation protein HypC	b2728	NP_417208.1	hypC	T1_exact_sequence	100.0	1.0	1.0	6.0	6.0		identical protein sequence, unique on both sides
ECB_RS05105	ECB_00967	WP_000424181.1	methylglyoxal synthase	b0963	NP_415483.2	mgsA	T1_exact_sequence	100.0	1.0	1.0	6.0	6.0		identical protein sequence, unique on both sides
ECB_RS04875	ECB_00923	WP_000436922.1	YcbJ family phosphotransferase	b0919	NP_415439.1	ycbJ	T1_exact_sequence	100.0	1.0	1.0	6.0	6.0		identical protein sequence, unique on both sides
ECB_RS01495	ECB_00282	WP_000290616.1	protein YahM	b0327	NP_414861.2	yahM	T1_exact_sequence	100.0	1.0	1.0	6.0	6.0		identical protein sequence, unique on both sides
ECB_RS17780	ECB_03360	WP_000576690.1	acid resistance transcriptional activator GadE	b3512	NP_417969.1	gadE	T1_exact_sequence	100.0	1.0	1.0	5.0	5.0		identical protein sequence, unique on both sides
ECB_RS18790	ECB_03556	WP_001300753.1	ilvB operon leader peptide IvbL	b3672	NP_418128.1	ivbL	T1_exact_sequence	100.0	1.0	1.0	5.0	5.0		identical protein sequence, unique on both sides
ECB_RS19470	ECB_03677	WP_000921791.1	protoheme IX biogenesis protein HemY	b3802	NP_418246.1	hemY	T1_exact_sequence	100.0	1.0	1.0	6.0	6.0		identical protein sequence, unique on both sides
ECB_RS02140	ECB_00409	WP_000136192.1	YlaC family protein	b0458	NP_414991.4	ylaC	T1_exact_sequence	100.0	1.0	1.0	6.0	6.0		identical protein sequence, unique on both sides
ECB_RS04810	ECB_00910	WP_000642849.1	DUF421 domain-containing protein	b0906	NP_415426.1	ycaP	T1_exact_sequence	100.0	1.0	1.0	6.0	6.0		identical protein sequence, unique on both sides
ECB_RS22565	ECB_04235	WP_000106030.1	L-galactonate oxidoreductase	b4358	NP_418778.4	lgoD	T1_exact_sequence	100.0	1.0	1.0	5.0	5.0		identical protein sequence, unique on both sides
ECB_RS11695	ECB_02221	WP_000095707.1	acetate kinase	b2296	NP_416799.1	ackA	T1_exact_sequence	100.0	1.0	1.0	6.0	6.0		identical protein sequence, unique on both sides
ECB_RS12470	ECB_02366	WP_000829360.1	tRNA cytosine(34) acetyltransferase TmcA	b2474	NP_416969.1	tmcA	T1_exact_sequence	100.0	1.0	1.0	6.0	6.0		identical protein sequence, unique on both sides
ECB_RS01750	ECB_00333	WP_001295331.1	pyrroline-5-carboxylate reductase	b0386	NP_414920.1	proC	T1_exact_sequence	100.0	1.0	1.0	6.0	6.0		identical protein sequence, unique on both sides
ECB_RS16660	ECB_03146	WP_001162094.1	DNA-directed RNA polymerase subunit alpha	b3295	NP_417754.1	rpoA	T1_exact_sequence	100.0	1.0	1.0	6.0	6.0		identical protein sequence, unique on both sides
ECB_RS11700	ECB_02222	WP_000086722.1	phosphate acetyltransferase	b2297	NP_416800.1	pta	T1_exact_sequence	100.0	1.0	1.0	6.0	6.0		identical protein sequence, unique on both sides
ECB_RS05610	ECB_01055	WP_000872833.1	N-methyl-L-tryptophan oxidase	b1059	NP_415577.1	solA	T1_exact_sequence	100.0	1.0	1.0	6.0	6.0		identical protein sequence, unique on both sides
ECB_RS06425	ECB_01210	WP_001295622.1	patatin-like phospholipase RssA	b1234	NP_415750.2	rssA	T1_exact_sequence	100.0	1.0	1.0	6.0	6.0		identical protein sequence, unique on both sides
ECB_RS01580	ECB_00299	WP_000805902.1	DNA-binding transcriptional repressor LacI	b0345	NP_414879.3	lacI	T1_exact_sequence	100.0	1.0	1.0	6.0	6.0		identical protein sequence, unique on both sides
ECB_RS23395		WP_071524879.1	cold-shock protein	b4723	YP_009518761.1	ymcF	T1_exact_sequence	100.0	1.0	1.0	6.0	6.0		identical protein sequence, unique on both sides
ECB_RS15385	ECB_02912	WP_001295627.1	zinc transporter ZupT	b3040	NP_417512.1	zupT	T1_exact_sequence	100.0	1.0	1.0	6.0	6.0		identical protein sequence, unique on both sides
ECB_RS05400	ECB_01020	WP_000154398.1	iron uptake system protein EfeO	b1018	NP_415537.1	efeO	T1_exact_sequence	100.0	1.0	1.0	4.0	4.0		identical protein sequence, unique on both sides
ECB_RS11315	ECB_02147	WP_000125282.1	acetoacetate metabolism transcriptional regulator AtoC	b2220	NP_416724.1	atoC	T1_exact_sequence	100.0	1.0	1.0	5.0	5.0		identical protein sequence, unique on both sides
ECB_RS20255	ECB_03820	WP_001301269.1	primosomal protein N'	b3935	NP_418370.1	priA	T1_exact_sequence	100.0	1.0	1.0	5.0	5.0		identical protein sequence, unique on both sides
ECB_RS20020	ECB_03777	WP_000829013.1	formate dehydrogenase cytochrome b556 subunit	b3892	NP_418328.1	fdoI	T1_exact_sequence	100.0	1.0	1.0	6.0	6.0		identical protein sequence, unique on both sides
ECB_RS17455	ECB_03301	WP_000099289.1	sn-glycerol-3-phosphate ABC transporter permease UgpA	b3452	NP_417909.1	ugpA	T1_exact_sequence	100.0	1.0	1.0	6.0	6.0		identical protein sequence, unique on both sides
ECB_RS02900	ECB_00555	WP_000140647.1	iron-enterobactin ABC transporter ATP-binding protein	b0588	NP_415120.1	fepC	T1_exact_sequence	100.0	1.0	1.0	6.0	6.0		identical protein sequence, unique on both sides
ECB_RS04890	ECB_00926	WP_001288850.1	chromosome partition protein MukF	b0922	NP_415442.1	mukF	T1_exact_sequence	100.0	1.0	1.0	6.0	6.0		identical protein sequence, unique on both sides
ECB_RS19725	ECB_03727	WP_001295259.1	ubiquinone biosynthesis protein UbiJ	b3834	NP_418278.1	ubiJ	T1_exact_sequence	100.0	1.0	1.0	5.0	5.0		identical protein sequence, unique on both sides
ECB_RS03350	ECB_00637	WP_001287154.1	glutamine--tRNA ligase	b0680	NP_415206.1	glnS	T1_exact_sequence	100.0	1.0	1.0	6.0	6.0		identical protein sequence, unique on both sides
ECB_RS00535	ECB_00102	WP_001194734.1	cell division protein ZapD	b0102	NP_414644.1	zapD	T1_exact_sequence	100.0	1.0	1.0	6.0	6.0		identical protein sequence, unique on both sides
ECB_RS00250	ECB_00048	WP_000203741.1	ferredoxin-like protein FixX	b0044	NP_414586.1	fixX	T1_exact_sequence	100.0	1.0	1.0	6.0	6.0		identical protein sequence, unique on both sides
ECB_RS15985	ECB_03026	WP_001301318.1	U32 family peptidase	b3159	NP_417628.2	ubiV	T1_exact_sequence	100.0	1.0	1.0	6.0	6.0		identical protein sequence, unique on both sides
ECB_RS18835	ECB_03562	WP_000828527.1	sulfatase-like hydrolase/transferase	b3678	NP_418134.1	yidJ	T1_exact_sequence	100.0	1.0	1.0	5.0	5.0		identical protein sequence, unique on both sides
ECB_RS20815	ECB_03912	WP_000455227.1	4-hydroxybenzoate octaprenyltransferase	b4040	NP_418464.1	ubiA	T1_exact_sequence	100.0	1.0	1.0	6.0	6.0		identical protein sequence, unique on both sides
ECB_RS06690	ECB_01259	WP_001295580.1	stress response translation initiation inhibitor YciH	b1282	NP_415798.2	yciH	T1_exact_sequence	100.0	1.0	1.0	6.0	6.0		identical protein sequence, unique on both sides
ECB_RS16180	ECB_03062	WP_001295557.1	arabinose-5-phosphate isomerase KdsD	b3197	NP_417664.1	kdsD	T1_exact_sequence	100.0	1.0	1.0	6.0	6.0		identical protein sequence, unique on both sides
ECB_RS20585	ECB_03875	WP_000362388.1	deoxyribonuclease V	b3998	NP_418426.2	nfi	T1_exact_sequence	100.0	1.0	1.0	6.0	6.0		identical protein sequence, unique on both sides
ECB_RS13740	ECB_02600	WP_001173673.1	adenylyl-sulfate kinase	b2750	NP_417230.1	cysC	T1_exact_sequence	100.0	1.0	1.0	6.0	6.0		identical protein sequence, unique on both sides
ECB_RS00680	ECB_00130	WP_000621515.1	aspartate 1-decarboxylase	b0131	NP_414673.1	panD	T1_exact_sequence	100.0	1.0	1.0	6.0	6.0		identical protein sequence, unique on both sides
ECB_RS17810	ECB_03365	WP_000372240.1	glutamate decarboxylase	b3517	NP_417974.1	gadA	T1_exact_sequence	100.0	1.0	1.0	6.0	6.0		identical protein sequence, unique on both sides
ECB_RS15585	ECB_02947	WP_001285432.1	amino acid permease	b3078	YP_026200.1	ygjI	T1_exact_sequence	100.0	1.0	1.0	6.0	6.0		identical protein sequence, unique on both sides
ECB_RS17740	ECB_03352	WP_000065769.1	glutaredoxin-dependent arsenate reductase	b3503	NP_417960.1	arsC	T1_exact_sequence	100.0	1.0	1.0	5.0	5.0		identical protein sequence, unique on both sides
ECB_RS22280	ECB_04183	WP_000695564.1	type 1 fimbrial major subunit FimA	b4314	NP_418734.1	fimA	T1_exact_sequence	100.0	1.0	1.0	5.0	5.0		identical protein sequence, unique on both sides
ECB_RS22210	ECB_04173	WP_001309181.1	GNAT family N-acetyltransferase	b4307	NP_418727.1	yjhQ	T1_exact_sequence	100.0	1.0	1.0	5.0	5.0		identical protein sequence, unique on both sides
ECB_RS15245	ECB_02884	WP_001058802.1	alcohol dehydrogenase	b3011	NP_417484.1	yqhD	T1_exact_sequence	100.0	1.0	1.0	6.0	6.0		identical protein sequence, unique on both sides
ECB_RS09845	ECB_01863	WP_001295647.1	flagellar transcriptional regulator FlhD	b1892	NP_416406.4	flhD	T1_exact_sequence	100.0	1.0	1.0	6.0	6.0		identical protein sequence, unique on both sides
ECB_RS08570	ECB_01624	WP_000108172.1	monothiol glutaredoxin 4	b1654	NP_416171.1	grxD	T1_exact_sequence	100.0	1.0	1.0	6.0	6.0		identical protein sequence, unique on both sides
ECB_RS16295	ECB_03085	WP_000224714.1	N-acetylneuraminate lyase	b3225	NP_417692.1	nanA	T1_exact_sequence	100.0	1.0	1.0	6.0	6.0		identical protein sequence, unique on both sides
ECB_RS05160	ECB_00976	WP_000107384.1	Ni/Fe-hydrogenase large subunit	b0973	NP_415492.1	hyaB	T1_exact_sequence	100.0	1.0	1.0	6.0	6.0		identical protein sequence, unique on both sides
ECB_RS07630	ECB_01439	WP_000495771.1	biofilm-dependent modulation protein	b1481	NP_415998.4	bdm	T1_exact_sequence	100.0	1.0	1.0	6.0	6.0		identical protein sequence, unique on both sides
ECB_RS11275	ECB_02138	WP_000422182.1	microcin J25 efflux ABC transporter YojI	b2211	NP_416715.1	yojI	T1_exact_sequence	100.0	1.0	1.0	6.0	6.0		identical protein sequence, unique on both sides
ECB_RS04680	ECB_00885	WP_000410785.1	cold shock-like protein CspD	b0880	NP_415401.1	cspD	T1_exact_sequence	100.0	1.0	1.0	6.0	6.0		identical protein sequence, unique on both sides
ECB_RS16760	ECB_03166	WP_000447529.1	50S ribosomal protein L22	b3315	NP_417774.1	rplV	T1_exact_sequence	100.0	1.0	1.0	6.0	6.0		identical protein sequence, unique on both sides
ECB_RS05755	ECB_01084	WP_001174481.1	23S rRNA accumulation protein YceD	b1088	NP_415606.1	yceD	T1_exact_sequence	100.0	1.0	1.0	6.0	6.0		identical protein sequence, unique on both sides
ECB_RS12810	ECB_02432	WP_001080102.1	bifunctional 3-phenylpropionate/cinnamic acid dioxygenase ferredoxin subunit	b2540	NP_417035.1	hcaC	T1_exact_sequence	100.0	1.0	1.0	6.0	6.0		identical protein sequence, unique on both sides
ECB_RS17670	ECB_03340	WP_001028905.1	DUF2776 domain-containing protein	b3491	NP_417948.4	yhiM	T1_exact_sequence	100.0	1.0	1.0	5.0	5.0		identical protein sequence, unique on both sides
ECB_RS11200	ECB_02124	WP_001026418.1	cytochrome c maturation protein CcmE	b2197	NP_416701.1	ccmE	T1_exact_sequence	100.0	1.0	1.0	6.0	6.0		identical protein sequence, unique on both sides
ECB_RS06565	ECB_01237	WP_000763511.1	bifunctional anthranilate synthase glutamate amidotransferase component TrpG/anthranilate phosphoribosyltransferase TrpD	b1263	NP_415779.1	trpD	T1_exact_sequence	100.0	1.0	1.0	6.0	6.0		identical protein sequence, unique on both sides
ECB_RS12455	ECB_02363	WP_001277801.1	succinyl-diaminopimelate desuccinylase	b2472	NP_416967.1	dapE	T1_exact_sequence	100.0	1.0	1.0	6.0	6.0		identical protein sequence, unique on both sides
ECB_RS16020	ECB_03032	WP_000059466.1	30S ribosomal protein S15	b3165	NP_417634.1	rpsO	T1_exact_sequence	100.0	1.0	1.0	6.0	6.0		identical protein sequence, unique on both sides
ECB_RS07825	ECB_01478	WP_000854633.1	tagaturonate reductase	b1521	YP_025302.1	uxaB	T1_exact_sequence	100.0	1.0	1.0	6.0	6.0		identical protein sequence, unique on both sides
ECB_RS11095	ECB_02105	WP_000241011.1	bifunctional murein DD-endopeptidase/murein LD-carboxypeptidase	b2175	NP_416680.1	mepS	T1_exact_sequence	100.0	1.0	1.0	6.0	6.0		identical protein sequence, unique on both sides
ECB_RS03275	ECB_00629	WP_000162740.1	tRNA (N6-isopentenyl adenosine(37)-C2)-methylthiotransferase MiaB	b0661	NP_415194.1	miaB	T1_exact_sequence	100.0	1.0	1.0	6.0	6.0		identical protein sequence, unique on both sides
ECB_RS19170	ECB_03627	WP_000432970.1	transcriptional regulator AsnC	b3743	NP_418199.1	asnC	T1_exact_sequence	100.0	1.0	1.0	6.0	6.0		identical protein sequence, unique on both sides
ECB_RS07810	ECB_01475	WP_000558527.1	(4S)-4-hydroxy-5-phosphonooxypentane-2,3-dione isomerase	b1518	NP_416035.1	lsrG	T1_exact_sequence	100.0	1.0	1.0	5.0	6.0		identical protein sequence, unique on both sides
ECB_RS18520	ECB_03499	WP_000806177.1	orotate phosphoribosyltransferase	b3642	NP_418099.1	pyrE	T1_exact_sequence	100.0	1.0	1.0	6.0	6.0		identical protein sequence, unique on both sides
ECB_RS16650	ECB_03144	WP_000266486.1	DUF1992 domain-containing protein	b3293	NP_417752.1	yhdN	T1_exact_sequence	100.0	1.0	1.0	6.0	6.0		identical protein sequence, unique on both sides
ECB_RS00280	ECB_00054	WP_000610901.1	Co2+/Mg2+ efflux protein ApaG	b0050	NP_414592.1	apaG	T1_exact_sequence	100.0	1.0	1.0	6.0	6.0		identical protein sequence, unique on both sides
ECB_RS02280	ECB_00436	WP_000883034.1	glutaminase A	b0485	NP_415018.1	glsA	T1_exact_sequence	100.0	1.0	1.0	6.0	6.0		identical protein sequence, unique on both sides
ECB_RS04885	ECB_00925	WP_001298300.1	tRNA uridine 5-oxyacetic acid(34) methyltransferase CmoM	b0921	NP_415441.1	cmoM	T1_exact_sequence	100.0	1.0	1.0	6.0	6.0		identical protein sequence, unique on both sides
ECB_RS18360	ECB_03467	WP_000003377.1	protein-export chaperone SecB	b3609	NP_418066.1	secB	T1_exact_sequence	100.0	1.0	1.0	6.0	6.0		identical protein sequence, unique on both sides
ECB_RS18490	ECB_03493	WP_001051798.1	50S ribosomal protein L33	b3636	NP_418093.1	rpmG	T1_exact_sequence	100.0	1.0	1.0	6.0	6.0		identical protein sequence, unique on both sides
ECB_RS16140	ECB_03054	WP_000357259.1	UDP-N-acetylglucosamine 1-carboxyvinyltransferase	b3189	NP_417656.1	murA	T1_exact_sequence	100.0	1.0	1.0	6.0	6.0		identical protein sequence, unique on both sides
ECB_RS01895	ECB_00361	WP_000543535.1	transcriptional regulator NrdR	b0413	NP_414947.1	nrdR	T1_exact_sequence	100.0	1.0	1.0	6.0	6.0		identical protein sequence, unique on both sides
ECB_RS21085	ECB_03963	WP_000819746.1	DDRRRQL repeat protein YjdP	b4487	YP_026281.1	yjdP	T1_exact_sequence	100.0	1.0	1.0	6.0	6.0		identical protein sequence, unique on both sides
ECB_RS11215	ECB_02127	WP_000971730.1	heme exporter protein CcmB	b2200	NP_416704.1	ccmB	T1_exact_sequence	100.0	1.0	1.0	6.0	6.0		identical protein sequence, unique on both sides
ECB_RS16825	ECB_03179	WP_001202874.1	type II secretion system major pseudopilin GspG	b3328	NP_417787.1	gspG	T1_exact_sequence	100.0	1.0	1.0	6.0	6.0		identical protein sequence, unique on both sides
ECB_RS07815	ECB_01476	WP_001286597.1	trans-aconitate 2-methyltransferase	b1519	NP_416036.1	tam	T1_exact_sequence	100.0	1.0	1.0	6.0	6.0		identical protein sequence, unique on both sides
ECB_RS06045	ECB_01140	WP_000858002.1	two-component-system connector protein YmgA	b1165	NP_415683.1	ymgA	T1_exact_sequence	100.0	1.0	1.0	6.0	6.0		identical protein sequence, unique on both sides
ECB_RS13110	ECB_02482	WP_001235102.1	ATP-dependent chaperone ClpB	b2592	NP_417083.1	clpB	T1_exact_sequence	100.0	1.0	1.0	6.0	6.0		identical protein sequence, unique on both sides
ECB_RS14530	ECB_02748	WP_000073223.1	methylmalonyl-CoA mutase	b2917	NP_417392.1	scpA	T1_exact_sequence	100.0	1.0	1.0	5.0	5.0		identical protein sequence, unique on both sides
ECB_RS17245	ECB_03260	WP_001200455.1	ferrous iron transporter A	b3408	NP_417867.1	feoA	T1_exact_sequence	100.0	1.0	1.0	6.0	6.0		identical protein sequence, unique on both sides
ECB_RS21050	ECB_03956	WP_001171687.1	allose kinase	b4084	NP_418508.1	alsK	T1_exact_sequence	100.0	1.0	1.0	6.0	6.0		identical protein sequence, unique on both sides
ECB_RS08255	ECB_01563	WP_000225262.1	sugar metabolism global transcriptional regulator Mlc	b1594	NP_416111.1	mlc	T1_exact_sequence	100.0	1.0	1.0	5.0	5.0		identical protein sequence, unique on both sides
ECB_RS17680	ECB_03342	WP_000902780.1	inorganic phosphate transporter PitA	b3493	NP_417950.1	pitA	T1_exact_sequence	100.0	1.0	1.0	5.0	5.0		identical protein sequence, unique on both sides
ECB_RS00405	ECB_00078	WP_001115472.1	transcriptional regulator LeuO	b0076	NP_414618.4	leuO	T1_exact_sequence	100.0	1.0	1.0	5.0	5.0		identical protein sequence, unique on both sides
ECB_RS09400	ECB_01780	WP_001111995.1	DUF1889 family protein	b1810	NP_416324.2	yoaC	T1_exact_sequence	100.0	1.0	1.0	6.0	6.0		identical protein sequence, unique on both sides
ECB_RS06915	ECB_01301	WP_000084387.1	thiol peroxidase	b1324	NP_415840.1	tpx	T1_exact_sequence	100.0	1.0	1.0	6.0	6.0		identical protein sequence, unique on both sides
ECB_RS22370	ECB_04197	WP_000568432.1	beta-aspartyl-peptidase	b4328	NP_418748.1	iadA	T1_exact_sequence	100.0	1.0	1.0	6.0	6.0		identical protein sequence, unique on both sides
ECB_RS21640	ECB_04066	WP_000492914.1	DUF1471 family protein YjfY	b4199	NP_418620.1	yjfY	T1_exact_sequence	100.0	1.0	1.0	6.0	6.0		identical protein sequence, unique on both sides
ECB_RS11140	ECB_02114	WP_000578061.1	DEAD/DEAH box helicase	b2184	NP_416689.1	radD	T1_exact_sequence	100.0	1.0	1.0	6.0	6.0		identical protein sequence, unique on both sides
ECB_RS21080	ECB_03962	WP_000716794.1	bifunctional allose-6-phosphate isomerase/ribose-5-phosphate isomerase RpiB	b4090	NP_418514.1	rpiB	T1_exact_sequence	100.0	1.0	1.0	6.0	6.0		identical protein sequence, unique on both sides
ECB_RS20980	ECB_03944	WP_000220281.1	cytochrome c nitrite reductase Fe-S protein	b4072	NP_418496.1	nrfC	T1_exact_sequence	100.0	1.0	1.0	6.0	6.0		identical protein sequence, unique on both sides
ECB_RS11755	ECB_02233	WP_000965522.1	histidine ABC transporter permease HisQ	b2308	NP_416811.1	hisQ	T1_exact_sequence	100.0	1.0	1.0	6.0	6.0		identical protein sequence, unique on both sides
ECB_RS22595	ECB_04241	WP_001338213.1	threonine/serine ThrE exporter family protein	b4364	NP_418784.4	yjjP	T1_exact_sequence	100.0	1.0	1.0	6.0	6.0		identical protein sequence, unique on both sides
ECB_RS01640	ECB_00311	WP_001141271.1	formaldehyde-responsive transcriptional repressor FrmR	b0357	NP_414891.4	frmR	T1_exact_sequence	100.0	1.0	1.0	4.0	5.0		identical protein sequence, unique on both sides
ECB_RS19865	ECB_03749	WP_000250006.1	DNA polymerase I	b3863	NP_418300.1	polA	T1_exact_sequence	100.0	1.0	1.0	6.0	6.0		identical protein sequence, unique on both sides
ECB_RS01385	ECB_00262	WP_001102108.1	(Fe-S)-binding protein	b0306	NP_414840.1	ykgE	T1_exact_sequence	100.0	1.0	1.0	6.0	6.0		identical protein sequence, unique on both sides
ECB_RS21010	ECB_03950	WP_000719886.1	Sel1 family TPR-like repeat protein YjcO	b4078	NP_418502.1	yjcO	T1_exact_sequence	100.0	1.0	1.0	6.0	6.0		identical protein sequence, unique on both sides
ECB_RS19880	ECB_03752	WP_000116090.1	oxygen-independent coproporphyrinogen III oxidase	b3867	NP_418303.2	hemN	T1_exact_sequence	100.0	1.0	1.0	6.0	6.0		identical protein sequence, unique on both sides
ECB_RS20715	ECB_03896	WP_001290310.1	lysine-sensitive aspartokinase 3	b4024	NP_418448.1	lysC	T1_exact_sequence	100.0	1.0	1.0	6.0	6.0		identical protein sequence, unique on both sides
ECB_RS09170	ECB_01737	WP_001135066.1	bifunctional nicotinamidase/pyrazinamidase	b1768	NP_416282.4	pncA	T1_exact_sequence	100.0	1.0	1.0	6.0	6.0		identical protein sequence, unique on both sides
ECB_RS08480	ECB_01606	WP_001307229.1	pyridoxal kinase	b1636	NP_416153.1	pdxY	T1_exact_sequence	100.0	1.0	1.0	6.0	6.0		identical protein sequence, unique on both sides
ECB_RS15515	ECB_02934	WP_001264352.1	tRNA (adenosine(37)-N6)-threonylcarbamoyltransferase complex transferase subunit TsaD	b3064	NP_417536.1	tsaD	T1_exact_sequence	100.0	1.0	1.0	6.0	6.0		identical protein sequence, unique on both sides
ECB_RS20820	ECB_03913	WP_000017354.1	glycerol-3-phosphate 1-O-acyltransferase PlsB	b4041	NP_418465.4	plsB	T1_exact_sequence	100.0	1.0	1.0	6.0	6.0		identical protein sequence, unique on both sides
ECB_RS01850	ECB_00353	WP_001266503.1	tRNA preQ1(34) S-adenosylmethionine ribosyltransferase-isomerase QueA	b0405	NP_414939.1	queA	T1_exact_sequence	100.0	1.0	1.0	6.0	6.0		identical protein sequence, unique on both sides
ECB_RS18905	ECB_03575	WP_000705001.1	galactonate dehydratase	b4478	YP_026237.1	dgoD	T1_exact_sequence	100.0	1.0	1.0	6.0	6.0		identical protein sequence, unique on both sides
ECB_RS08685	ECB_01645	WP_001295403.1	pyruvate kinase PykF	b1676	NP_416191.1	pykF	T1_exact_sequence	100.0	1.0	1.0	6.0	6.0		identical protein sequence, unique on both sides
ECB_RS08950	ECB_01696	WP_000106833.1	hexitol phosphatase HxpB	b1727	NP_416241.1	hxpB	T1_exact_sequence	100.0	1.0	1.0	6.0	6.0		identical protein sequence, unique on both sides
ECB_RS01920	ECB_00366	WP_000154044.1	phosphatidylglycerophosphatase A	b0418	NP_414952.1	pgpA	T1_exact_sequence	100.0	1.0	1.0	6.0	6.0		identical protein sequence, unique on both sides
ECB_RS25105		WP_001386977.1	protein YpfM	b4606	YP_001165325.1	ypfM	T1_exact_sequence	100.0	1.0	1.0	6.0	6.0		identical protein sequence, unique on both sides
ECB_RS13830	ECB_02617	WP_000059307.1	FAD-binding oxidoreductase	b4463	YP_026183.1	ygcU	T1_exact_sequence	100.0	1.0	1.0	6.0	6.0		identical protein sequence, unique on both sides
ECB_RS09585	ECB_01813	WP_000916763.1	DNA polymerase III subunit theta	b1842	NP_416356.1	holE	T1_exact_sequence	100.0	1.0	1.0	6.0	6.0		identical protein sequence, unique on both sides
ECB_RS21720	ECB_04081	WP_000331456.1	iron-sulfur cluster repair protein YtfE	b4209	NP_418630.1	ytfE	T1_exact_sequence	100.0	1.0	1.0	6.0	6.0		identical protein sequence, unique on both sides
ECB_RS10230	ECB_01928	WP_000954911.1	bifunctional phosphoribosyl-AMP cyclohydrolase/phosphoribosyl-ATP diphosphatase HisIE	b2026	NP_416530.1	hisI	T1_exact_sequence	100.0	1.0	1.0	6.0	6.0		identical protein sequence, unique on both sides
ECB_RS08460	ECB_01603	WP_001030339.1	endonuclease III	b1633	NP_416150.1	nth	T1_exact_sequence	100.0	1.0	1.0	6.0	6.0		identical protein sequence, unique on both sides
ECB_RS02265	ECB_00433	WP_000365173.1	TraB/GumN family protein	b0482	NP_415015.1	ybaP	T1_exact_sequence	100.0	1.0	1.0	6.0	6.0		identical protein sequence, unique on both sides
ECB_RS04250	ECB_00798	WP_000936043.1	glutathione ABC transporter permease GsiC	b0831	NP_415352.1	gsiC	T1_exact_sequence	100.0	1.0	1.0	6.0	6.0		identical protein sequence, unique on both sides
ECB_RS07420	ECB_01397	WP_000047424.1	putative ABC transporter substrate-binding protein YdcS	b1440	NP_415957.1	ydcS	T1_exact_sequence	100.0	1.0	1.0	6.0	6.0		identical protein sequence, unique on both sides
ECB_RS17405	ECB_03291	WP_000236293.1	oxidoreductase	b3440	NP_417897.1	yhhX	T1_exact_sequence	100.0	1.0	1.0	5.0	5.0		identical protein sequence, unique on both sides
ECB_RS01960	ECB_00374	WP_001138904.1	nucleotide binding protein YajQ	b0426	NP_414960.2	yajQ	T1_exact_sequence	100.0	1.0	1.0	4.0	4.0		identical protein sequence, unique on both sides
ECB_RS16880	ECB_03190	WP_000031783.1	elongation factor Tu	b3339	NP_417798.1	tufA	T1_exact_sequence	100.0	1.0	1.0	6.0	6.0		identical protein sequence, unique on both sides
ECB_RS07415	ECB_01396	WP_000760626.1	PLP-dependent aminotransferase family protein	b1439	NP_415956.1	ydcR	T1_exact_sequence	100.0	1.0	1.0	6.0	6.0		identical protein sequence, unique on both sides
ECB_RS15975	ECB_03024	WP_001295552.1	ubiquinone anaerobic biosynthesis accessory factor UbiT	b3157	NP_417626.1	ubiT	T1_exact_sequence	100.0	1.0	1.0	6.0	6.0		identical protein sequence, unique on both sides
ECB_RS18080	ECB_03414	WP_001296808.1	inner membrane protein YiaA	b3562	NP_418019.4	yiaA	T1_exact_sequence	100.0	1.0	1.0	6.0	6.0		identical protein sequence, unique on both sides
ECB_RS22670	ECB_04253	WP_001299799.1	patatin-like phospholipase family protein	b4377	NP_418794.1	yjjU	T1_exact_sequence	100.0	1.0	1.0	6.0	6.0		identical protein sequence, unique on both sides
ECB_RS13495	ECB_02552	WP_000573321.1	PTS glucitol/sorbitol transporter subunit IIC	b2702	YP_026180.1	srlA	T1_exact_sequence	100.0	1.0	1.0	6.0	6.0		identical protein sequence, unique on both sides
ECB_RS08695	ECB_01647	WP_000817105.1	L,D-transpeptidase LdtE	b1678	NP_416193.1	ldtE	T1_exact_sequence	100.0	1.0	1.0	6.0	6.0		identical protein sequence, unique on both sides
ECB_RS13955	ECB_02641	WP_000450476.1	HAAAP family serine/threonine permease SdaC	b2796	NP_417276.1	sdaC	T1_exact_sequence	100.0	1.0	1.0	6.0	6.0		identical protein sequence, unique on both sides
ECB_RS16740	ECB_03162	WP_000130100.1	30S ribosomal protein S17	b3311	NP_417770.1	rpsQ	T1_exact_sequence	100.0	1.0	1.0	6.0	6.0		identical protein sequence, unique on both sides
ECB_RS02225	ECB_00425	WP_001220233.1	adenylate kinase	b0474	NP_415007.1	adk	T1_exact_sequence	100.0	1.0	1.0	6.0	6.0		identical protein sequence, unique on both sides
ECB_RS26035		WP_001296785.1	protein YhiY	b4790	YP_010051203.1	yhiY	T1_exact_sequence	100.0	1.0	1.0	5.0	5.0		identical protein sequence, unique on both sides
ECB_RS19955	ECB_03765	WP_000870916.1	sulfoquinovose isomerase	b3880	NP_418316.4	yihS	T1_exact_sequence	100.0	1.0	1.0	6.0	6.0		identical protein sequence, unique on both sides
ECB_RS06490	ECB_01223	WP_000214516.1	cardiolipin synthase	b1249	NP_415765.1	clsA	T1_exact_sequence	100.0	1.0	1.0	6.0	6.0		identical protein sequence, unique on both sides
ECB_RS04770	ECB_00902	WP_000109259.1	MFS transporter	b0898	NP_415418.1	ycaD	T1_exact_sequence	100.0	1.0	1.0	6.0	6.0		identical protein sequence, unique on both sides
ECB_RS13735	ECB_02599	WP_001246104.1	DUF3561 family protein	b2749	NP_417229.1	ygbE	T1_exact_sequence	100.0	1.0	1.0	6.0	6.0		identical protein sequence, unique on both sides
ECB_RS10180	ECB_01917	WP_000019197.1	putrescine/proton symporter PlaP	b2014	NP_416518.2	plaP	T1_exact_sequence	100.0	1.0	1.0	6.0	6.0		identical protein sequence, unique on both sides
ECB_RS11590	ECB_02201	WP_000156701.1	NADH-quinone oxidoreductase subunit NuoN	b2276	NP_416779.2	nuoN	T1_exact_sequence	100.0	1.0	1.0	4.0	5.0		identical protein sequence, unique on both sides
ECB_RS26170		WP_000953278.1	protein YgdT	b4610	YP_009518810.1	ygdT	T1_exact_sequence	100.0	1.0	1.0	6.0	6.0		identical protein sequence, unique on both sides
ECB_RS17040	ECB_03220	WP_001031834.1	YhfL family protein	b3369	NP_417828.1	yhfL	T1_exact_sequence	100.0	1.0	1.0	6.0	6.0		identical protein sequence, unique on both sides
ECB_RS11130	ECB_02112	WP_000213361.1	multidrug efflux MFS transporter Bcr	b2182	NP_416687.1	bcr	T1_exact_sequence	100.0	1.0	1.0	6.0	6.0		identical protein sequence, unique on both sides
ECB_RS11505	ECB_02184	WP_000638031.1	4-amino-4-deoxy-L-arabinose-phosphoundecaprenol flippase subunit ArnE	b4544	YP_588462.1	arnE	T1_exact_sequence	100.0	1.0	1.0	6.0	6.0		identical protein sequence, unique on both sides
ECB_RS02640	ECB_00506	WP_000839596.1	phage lysis protein EssD	b0554	NP_415086.1	essD	T1_exact_sequence	100.0	1.0	1.0	5.0	5.0		identical protein sequence, unique on both sides
ECB_RS16485	ECB_03119	WP_000462905.1	DNA-binding transcriptional regulator Fis	b3261	NP_417727.1	fis	T1_exact_sequence	100.0	1.0	1.0	6.0	6.0		identical protein sequence, unique on both sides
ECB_RS16430	ECB_03111	WP_001241469.1	RNase E specificity factor CsrD	b3252	NP_417718.1	csrD	T1_exact_sequence	100.0	1.0	1.0	6.0	6.0		identical protein sequence, unique on both sides
ECB_RS16965	ECB_03206	WP_001274680.1	phosphoribulokinase	b3355	NP_417814.1	prkB	T1_exact_sequence	100.0	1.0	1.0	6.0	6.0		identical protein sequence, unique on both sides
ECB_RS11795	ECB_02241	WP_000118404.1	acetyl-CoA carboxylase, carboxyltransferase subunit beta	b2316	NP_416819.1	accD	T1_exact_sequence	100.0	1.0	1.0	6.0	6.0		identical protein sequence, unique on both sides
ECB_RS10885	ECB_02066	WP_001296821.1	DedA family protein	b2136	NP_416640.2	yohD	T1_exact_sequence	100.0	1.0	1.0	5.0	5.0		identical protein sequence, unique on both sides
ECB_RS02330	ECB_00446	WP_001110573.1	putative ABC transporter ATP-binding protein YbbA	b0495	NP_415028.1	ybbA	T1_exact_sequence	100.0	1.0	1.0	6.0	6.0		identical protein sequence, unique on both sides
ECB_RS07715	ECB_01455	WP_001301030.1	anaerobic sulfatase maturase	b1497	NP_416014.4	ydeM	T1_exact_sequence	100.0	1.0	1.0	6.0	6.0		identical protein sequence, unique on both sides
ECB_RS00530	ECB_00101	WP_000005042.1	DNA gyrase inhibitor YacG	b0101	NP_414643.1	yacG	T1_exact_sequence	100.0	1.0	1.0	6.0	6.0		identical protein sequence, unique on both sides
ECB_RS02190	ECB_00418	WP_000844874.1	primosomal replication protein N''	b0467	NP_415000.1	priC	T1_exact_sequence	100.0	1.0	1.0	6.0	6.0		identical protein sequence, unique on both sides
ECB_RS25945		WP_211180496.1	protein MgtT	b4775	YP_010051185.1	mgtT	T1_exact_sequence	100.0	1.0	1.0	6.0	6.0		identical protein sequence, unique on both sides
ECB_RS16610	ECB_03136	WP_000228551.1	DNA-protecting protein DprA	b4473	YP_026211.1	smf	T1_exact_sequence	100.0	1.0	1.0	6.0	6.0		identical protein sequence, unique on both sides
ECB_RS09270	ECB_01757	WP_000999630.1	small membrane protein YoaI	b1788	NP_416302.2	yoaI	T1_exact_sequence	100.0	1.0	1.0	6.0	6.0		identical protein sequence, unique on both sides
ECB_RS21335	ECB_04008	WP_000961959.1	anaerobic C4-dicarboxylate transporter DcuA	b4138	NP_418561.1	dcuA	T1_exact_sequence	100.0	1.0	1.0	6.0	6.0		identical protein sequence, unique on both sides
ECB_RS12735	ECB_02417	WP_001124469.1	ISC system 2Fe-2S type ferredoxin	b2525	NP_417020.1	fdx	T1_exact_sequence	100.0	1.0	1.0	6.0	6.0		identical protein sequence, unique on both sides
ECB_RS25330		WP_120795376.1	protein YkiD	b4732	YP_009518750.1	ykiD	T1_exact_sequence	100.0	1.0	1.0	5.0	5.0		identical protein sequence, unique on both sides
ECB_RS07745	ECB_01461	WP_000825452.1	fimbrial protein	b1503	NP_416020.1	ydeR	T1_exact_sequence	100.0	1.0	1.0	5.0	5.0		identical protein sequence, unique on both sides
ECB_RS08595	ECB_01629	WP_000190982.1	HTH-type transcriptional repressor PurR	b1658	NP_416175.1	purR	T1_exact_sequence	100.0	1.0	1.0	6.0	6.0		identical protein sequence, unique on both sides
ECB_RS09875	ECB_01869	WP_000548675.1	arabinose ABC transporter substrate-binding protein AraF	b1901	NP_416414.1	araF	T1_exact_sequence	100.0	1.0	1.0	6.0	6.0		identical protein sequence, unique on both sides
ECB_RS13925	ECB_02636	WP_000890001.1	tRNA pseudouridine(65) synthase TruC	b2791	NP_417271.1	truC	T1_exact_sequence	100.0	1.0	1.0	6.0	6.0		identical protein sequence, unique on both sides
ECB_RS07920	ECB_01496	WP_001024746.1	2-oxo-tetronate isomerase	b1537	NP_416055.1	ydeJ	T1_exact_sequence	100.0	1.0	1.0	6.0	6.0		identical protein sequence, unique on both sides
ECB_RS14590	ECB_02760	WP_000224147.1	fumarase E	b2929	NP_417404.1	fumE	T1_exact_sequence	100.0	1.0	1.0	6.0	6.0		identical protein sequence, unique on both sides
ECB_RS05010	ECB_00949	WP_001295352.1	quinone-dependent dihydroorotate dehydrogenase	b0945	NP_415465.1	pyrD	T1_exact_sequence	100.0	1.0	1.0	6.0	6.0		identical protein sequence, unique on both sides
ECB_RS14535	ECB_02749	WP_000606525.1	methylmalonyl Co-A mutase-associated GTPase MeaB	b2918	NP_417393.1	argK	T1_exact_sequence	100.0	1.0	1.0	5.0	5.0		identical protein sequence, unique on both sides
ECB_RS06795	ECB_01277	WP_001009090.1	aldehyde dehydrogenase PuuC	b1300	NP_415816.1	puuC	T1_exact_sequence	100.0	1.0	1.0	6.0	6.0		identical protein sequence, unique on both sides
ECB_RS15110	ECB_02861	WP_001076243.1	dTMP kinase	b2985	NP_417459.1	yghS	T1_exact_sequence	100.0	1.0	1.0	5.0	5.0		identical protein sequence, unique on both sides
ECB_RS13620	ECB_02576	WP_001299100.1	hydrogenase maturation nickel metallochaperone HypA	b2726	NP_417206.1	hypA	T1_exact_sequence	100.0	1.0	1.0	6.0	6.0		identical protein sequence, unique on both sides
ECB_RS13965	ECB_02643	WP_000268232.1	flap endonuclease Xni	b2798	NP_417278.4	ygdG	T1_exact_sequence	100.0	1.0	1.0	4.0	5.0		identical protein sequence, unique on both sides
ECB_RS03085	ECB_00593	WP_000034825.1	transcription antiterminator/RNA stability regulator CspE	b0623	NP_415156.1	cspE	T1_exact_sequence	100.0	1.0	1.0	5.0	5.0		identical protein sequence, unique on both sides
ECB_RS26065		WP_211180519.1	protein YsdE	b4798	YP_010051212.1	ysdE	T1_exact_sequence	100.0	1.0	1.0	5.0	5.0		identical protein sequence, unique on both sides
ECB_RS18550	ECB_03505	WP_001295237.1	guanylate kinase	b3648	NP_418105.1	gmk	T1_exact_sequence	100.0	1.0	1.0	6.0	6.0		identical protein sequence, unique on both sides
ECB_RS12210	ECB_02315	WP_000487600.1	phosphocarrier protein Hpr	b2415	NP_416910.1	ptsH	T1_exact_sequence	100.0	1.0	1.0	6.0	6.0		identical protein sequence, unique on both sides
ECB_RS10825	ECB_02054	WP_000598641.1	two-component system response regulator BtsR	b2125	NP_416629.4	btsR	T1_exact_sequence	100.0	1.0	1.0	6.0	6.0		identical protein sequence, unique on both sides
ECB_RS22580	ECB_04238	WP_000799911.1	DNA replication protein DnaC	b4361	NP_418781.1	dnaC	T1_exact_sequence	100.0	1.0	1.0	6.0	6.0		identical protein sequence, unique on both sides
ECB_RS11225	ECB_02129	WP_000528376.1	cytochrome c-type protein NapC	b2202	NP_416706.1	napC	T1_exact_sequence	100.0	1.0	1.0	6.0	6.0		identical protein sequence, unique on both sides
ECB_RS01710	ECB_00326	WP_000763151.1	YaiY family protein	b0379	NP_414913.1	yaiY	T1_exact_sequence	100.0	1.0	1.0	5.0	5.0		identical protein sequence, unique on both sides
ECB_RS04205	ECB_00789	WP_000114272.1	sugar-phosphatase YbiV	b0822	NP_415343.1	ybiV	T1_exact_sequence	100.0	1.0	1.0	6.0	6.0		identical protein sequence, unique on both sides
ECB_RS04550	ECB_00860	WP_000996005.1	putrescine ABC transporter ATP-binding subunit PotG	b0855	NP_415376.4	potG	T1_exact_sequence	100.0	1.0	1.0	6.0	6.0		identical protein sequence, unique on both sides
ECB_RS12465	ECB_02365	WP_000679799.1	esterase	b2473	NP_416968.2	ypfH	T1_exact_sequence	100.0	1.0	1.0	6.0	6.0		identical protein sequence, unique on both sides
ECB_RS04855	ECB_00919	WP_000570539.1	tetraacyldisaccharide 4'-kinase	b0915	NP_415435.1	lpxK	T1_exact_sequence	100.0	1.0	1.0	6.0	6.0		identical protein sequence, unique on both sides
ECB_RS11650	ECB_02213	WP_000062997.1	NADH-quinone oxidoreductase subunit NuoA	b2288	NP_416791.3	nuoA	T1_exact_sequence	100.0	1.0	1.0	6.0	6.0		identical protein sequence, unique on both sides
ECB_RS03465	ECB_00657	WP_000424924.1	YbfA family protein	b0699	NP_415228.1	ybfA	T1_exact_sequence	100.0	1.0	1.0	5.0	5.0		identical protein sequence, unique on both sides
ECB_RS06950	ECB_01307	WP_000683020.1	murein tripeptide ABC transporter substrate-binding protein MppA	b1329	NP_415845.2	mppA	T1_exact_sequence	100.0	1.0	1.0	6.0	6.0		identical protein sequence, unique on both sides
ECB_RS01780	ECB_00338	WP_000941942.1	pyrimidine/purine nucleoside phosphorylase	b0391	NP_414925.1	ppnP	T1_exact_sequence	100.0	1.0	1.0	5.0	5.0		identical protein sequence, unique on both sides
ECB_RS00835	ECB_00160	WP_000753946.1	serine endoprotease DegP	b0161	NP_414703.1	degP	T1_exact_sequence	100.0	1.0	1.0	6.0	6.0		identical protein sequence, unique on both sides
ECB_RS15300	ECB_02895	WP_000183505.1	AraC family transcriptional regulator	b3023	YP_026197.1	ygiV	T1_exact_sequence	100.0	1.0	1.0	6.0	6.0		identical protein sequence, unique on both sides
ECB_RS15405	ECB_02915	WP_001272145.1	fimbrial-like protein	b3043	NP_417515.1	ygiL	T1_exact_sequence	100.0	1.0	1.0	5.0	5.0		identical protein sequence, unique on both sides
ECB_RS00675	ECB_00129	WP_000277917.1	polysaccharide deacetylase family protein	b0130	NP_414672.1	yadE	T1_exact_sequence	100.0	1.0	1.0	6.0	6.0		identical protein sequence, unique on both sides
ECB_RS07635	ECB_01440	WP_000152305.1	peroxiredoxin OsmC	b1482	NP_415999.1	osmC	T1_exact_sequence	100.0	1.0	1.0	6.0	6.0		identical protein sequence, unique on both sides
ECB_RS17120	ECB_03236	WP_000165552.1	tryptophan--tRNA ligase	b3384	NP_417843.1	trpS	T1_exact_sequence	100.0	1.0	1.0	6.0	6.0		identical protein sequence, unique on both sides
ECB_RS19090	ECB_03611	WP_000741620.1	phosphate ABC transporter permease PstC	b3727	NP_418183.1	pstC	T1_exact_sequence	100.0	1.0	1.0	6.0	6.0		identical protein sequence, unique on both sides
ECB_RS19600	ECB_03703	WP_000171710.1	homoserine/homoserine lactone efflux protein	b3824	YP_026265.1	rhtB	T1_exact_sequence	100.0	1.0	1.0	6.0	6.0		identical protein sequence, unique on both sides
ECB_RS07455	ECB_01403	WP_000018633.1	DUF2526 family protein YdcY	b1446	NP_415963.1	ydcY	T1_exact_sequence	100.0	1.0	1.0	6.0	6.0		identical protein sequence, unique on both sides
ECB_RS08875	ECB_01681	WP_001229265.1	integration host factor subunit alpha	b1712	NP_416227.1	ihfA	T1_exact_sequence	100.0	1.0	1.0	6.0	6.0		identical protein sequence, unique on both sides
ECB_RS12320	ECB_02337	WP_000753690.1	HTH-type transcriptional regulator EutR	b2437	NP_416932.1	eutR	T1_exact_sequence	100.0	1.0	1.0	6.0	6.0		identical protein sequence, unique on both sides
ECB_RS01815	ECB_00346	WP_001221319.1	exonuclease subunit SbcD	b0398	NP_414932.1	sbcD	T1_exact_sequence	100.0	1.0	1.0	6.0	6.0		identical protein sequence, unique on both sides
ECB_RS02200	ECB_00420	WP_000127356.1	adenine phosphoribosyltransferase	b0469	NP_415002.1	apt	T1_exact_sequence	100.0	1.0	1.0	6.0	6.0		identical protein sequence, unique on both sides
ECB_RS03130	ECB_00601	WP_001092082.1	D-alanyl-D-alanine carboxypeptidase DacA	b0632	NP_415165.1	dacA	T1_exact_sequence	100.0	1.0	1.0	6.0	6.0		identical protein sequence, unique on both sides
ECB_RS03325	ECB_00632	WP_000153129.1	ribonucleotide monophosphatase NagD	b0675	NP_415201.1	umpH	T1_exact_sequence	100.0	1.0	1.0	6.0	6.0		identical protein sequence, unique on both sides
ECB_RS19990	ECB_03772	WP_000560983.1	D-aminoacyl-tRNA deacylase	b3887	NP_418323.1	dtd	T1_exact_sequence	100.0	1.0	1.0	6.0	6.0		identical protein sequence, unique on both sides
ECB_RS18160	ECB_03429	WP_000721664.1	2,3-diketo-L-gulonate TRAP transporter small permease YiaM	b3577	NP_418034.1	yiaM	T1_exact_sequence	100.0	1.0	1.0	6.0	6.0		identical protein sequence, unique on both sides
ECB_RS00625	ECB_00119	WP_000734287.1	adenosylmethionine decarboxylase	b0120	NP_414662.1	speD	T1_exact_sequence	100.0	1.0	1.0	6.0	6.0		identical protein sequence, unique on both sides
ECB_RS16500	ECB_03122	WP_001129518.1	multidrug efflux transporter transcriptional repressor AcrS	b3264	NP_417730.1	envR	T1_exact_sequence	100.0	1.0	1.0	6.0	6.0		identical protein sequence, unique on both sides
ECB_RS14340	ECB_02712	WP_000906252.1	putative aminohydrolase SsnA	b2879	NP_417355.4	ssnA	T1_exact_sequence	100.0	1.0	1.0	6.0	6.0		identical protein sequence, unique on both sides
ECB_RS06635	ECB_01250	WP_001297122.1	type I DNA topoisomerase	b1274	NP_415790.1	topA	T1_exact_sequence	100.0	1.0	1.0	6.0	6.0		identical protein sequence, unique on both sides
ECB_RS00575	ECB_00109	WP_000923721.1	1,6-anhydro-N-acetylmuramyl-L-alanine amidase AmpD	b0110	NP_414652.1	ampD	T1_exact_sequence	100.0	1.0	1.0	6.0	6.0		identical protein sequence, unique on both sides
ECB_RS22285	ECB_04184	WP_000824114.1	fimbrial protein	b4315	NP_418735.2	fimI	T1_exact_sequence	100.0	1.0	1.0	5.0	5.0		identical protein sequence, unique on both sides
ECB_RS05240	ECB_00991	WP_000087763.1	cold shock-like protein CspH	b0989	NP_415509.1	cspH	T1_exact_sequence	100.0	1.0	1.0	6.0	6.0		identical protein sequence, unique on both sides
ECB_RS06440	ECB_01213	WP_001287378.1	histone-like nucleoid-structuring protein H-NS	b1237	NP_415753.1	hns	T1_exact_sequence	100.0	1.0	1.0	6.0	6.0		identical protein sequence, unique on both sides
ECB_RS19375	ECB_03662	WP_001050960.1	UDP-N-acetylglucosamine--undecaprenyl-phosphate N-acetylglucosaminephosphotransferase	b3784	NP_418231.1	wecA	T1_exact_sequence	100.0	1.0	1.0	6.0	6.0		identical protein sequence, unique on both sides
ECB_RS22135	ECB_04159	WP_001283626.1	RNA polymerase sigma factor FecI	b4293	NP_418713.1	fecI	T1_exact_sequence	100.0	1.0	1.0	4.0	4.0		identical protein sequence, unique on both sides
ECB_RS15025	ECB_02844	WP_000084131.1	malate synthase G	b2976	NP_417450.1	glcB	T1_exact_sequence	100.0	1.0	1.0	6.0	6.0		identical protein sequence, unique on both sides
ECB_RS07175	ECB_01350	WP_001295715.1	putative hemolysin	b4529	YP_588453.1	ydbJ	T1_exact_sequence	100.0	1.0	1.0	6.0	6.0		identical protein sequence, unique on both sides
ECB_RS25150		WP_010723222.1	protein YrbN	b4685	YP_002791258.1	yrbN	T1_exact_sequence	100.0	1.0	1.0	6.0	6.0		identical protein sequence, unique on both sides
ECB_RS11055	ECB_02097	WP_000091263.1	1-phosphofructokinase	b2168	NP_416673.1	fruK	T1_exact_sequence	100.0	1.0	1.0	6.0	6.0		identical protein sequence, unique on both sides
ECB_RS05640	ECB_01061	WP_000092206.1	multidrug efflux MFS transporter MdtH	b1065	NP_415583.4	mdtH	T1_exact_sequence	100.0	1.0	1.0	6.0	6.0		identical protein sequence, unique on both sides
ECB_RS01990	ECB_00380	WP_000019869.1	cytochrome o ubiquinol oxidase subunit IV	b0429	NP_414963.1	cyoD	T1_exact_sequence	100.0	1.0	1.0	4.0	4.0		identical protein sequence, unique on both sides
ECB_RS20785	ECB_03907	WP_000179165.1	maltose/maltodextrin ABC transporter ATP-binding protein MalK	b4035	NP_418459.1	malK	T1_exact_sequence	100.0	1.0	1.0	6.0	6.0		identical protein sequence, unique on both sides
ECB_RS09025	ECB_01710	WP_000252397.1	excinuclease Cho	b1741	NP_416255.1	cho	T1_exact_sequence	100.0	1.0	1.0	6.0	6.0		identical protein sequence, unique on both sides
ECB_RS06320	ECB_01190	WP_000811065.1	3-deoxy-8-phosphooctulonate synthase	b1215	NP_415733.1	kdsA	T1_exact_sequence	100.0	1.0	1.0	5.0	5.0		identical protein sequence, unique on both sides
ECB_RS05645	ECB_01062	WP_000468186.1	ribosomal protein S5-alanine N-acetyltransferase	b1066	NP_415584.1	rimJ	T1_exact_sequence	100.0	1.0	1.0	6.0	6.0		identical protein sequence, unique on both sides
ECB_RS11790	ECB_02240	WP_000584546.1	bifunctional tetrahydrofolate synthase/dihydrofolate synthase	b2315	NP_416818.1	folC	T1_exact_sequence	100.0	1.0	1.0	6.0	6.0		identical protein sequence, unique on both sides
ECB_RS03675	ECB_00696	WP_001098384.1	tol-pal system-associated acyl-CoA thioesterase	b0736	NP_415264.1	ybgC	T1_exact_sequence	100.0	1.0	1.0	6.0	6.0		identical protein sequence, unique on both sides
ECB_RS18255	ECB_03447	WP_000779792.1	glutathione S-transferase	b3592	NP_418049.1	yibF	T1_exact_sequence	100.0	1.0	1.0	6.0	6.0		identical protein sequence, unique on both sides
ECB_RS20025	ECB_03778	WP_000331377.1	formate dehydrogenase O subunit beta	b3893	NP_418329.1	fdoH	T1_exact_sequence	100.0	1.0	1.0	6.0	6.0		identical protein sequence, unique on both sides
ECB_RS06940	ECB_01306	WP_000817708.1	DNA-binding transcriptional regulator PgrR	b1328	NP_415844.1	pgrR	T1_exact_sequence	100.0	1.0	1.0	6.0	6.0		identical protein sequence, unique on both sides
ECB_RS00085	ECB_00017%2CECB_04280	WP_000809168.1	type I toxin-antitoxin system toxin MokC	b4412	YP_025292.1	hokC	T1_exact_sequence	100.0	1.0	1.0	4.0	4.0		identical protein sequence, unique on both sides
ECB_RS05945	ECB_01122	WP_000580316.1	spermidine/putrescine ABC transporter permease PotC	b1124	NP_415642.1	potC	T1_exact_sequence	100.0	1.0	1.0	6.0	6.0		identical protein sequence, unique on both sides
ECB_RS12040	ECB_02288	WP_000484404.1	kdo(2)-lipid IV(A) palmitoleoyltransferase	b2378	NP_416879.4	lpxP	T1_exact_sequence	100.0	1.0	1.0	5.0	5.0		identical protein sequence, unique on both sides
ECB_RS04845	ECB_00917	WP_000705764.1	ComEC family protein	b0913	NP_415433.4	ycaI	T1_exact_sequence	100.0	1.0	1.0	6.0	6.0		identical protein sequence, unique on both sides
ECB_RS25325	ECB_00327	WP_001295334.1	DUF2754 domain-containing protein	b0380	NP_414914.2	yaiZ	T1_exact_sequence	100.0	1.0	1.0	5.0	5.0		identical protein sequence, unique on both sides
ECB_RS05580	ECB_01049	WP_000074172.1	multidrug efflux MFS transporter MdtG	b1053	NP_415571.1	mdtG	T1_exact_sequence	100.0	1.0	1.0	6.0	6.0		identical protein sequence, unique on both sides
ECB_RS22635	ECB_04246	WP_001272330.1	16S rRNA (guanine(1207)-N(2))-methyltransferase RsmC	b4371	NP_418788.1	rsmC	T1_exact_sequence	100.0	1.0	1.0	6.0	6.0		identical protein sequence, unique on both sides
ECB_RS17280	ECB_03267	WP_001131758.1	gluconate transporter	b3415	YP_026217.1	gntT	T1_exact_sequence	100.0	1.0	1.0	6.0	6.0		identical protein sequence, unique on both sides
ECB_RS12615	ECB_02394	WP_001121363.1	exopolyphosphatase	b2502	NP_416997.1	ppx	T1_exact_sequence	100.0	1.0	1.0	5.0	5.0		identical protein sequence, unique on both sides
ECB_RS07885	ECB_01490	WP_000091199.1	MDR efflux pump AcrAB transcriptional activator MarA	b1531	NP_416048.2	marA	T1_exact_sequence	100.0	1.0	1.0	4.0	4.0		identical protein sequence, unique on both sides
ECB_RS11290	ECB_02141	WP_000406064.1	FAD:protein FMN transferase ApbE	b2214	NP_416718.1	ftp	T1_exact_sequence	100.0	1.0	1.0	5.0	5.0		identical protein sequence, unique on both sides
ECB_RS21185		WP_000797657.1	LpxT activity modulator PmrR	b4703	YP_004831120.1	pmrR	T1_exact_sequence	100.0	1.0	1.0	6.0	6.0		identical protein sequence, unique on both sides
ECB_RS18975	ECB_03588	WP_001307474.1	membrane protein insertion efficiency factor YidD	b4557	YP_588472.1	yidD	T1_exact_sequence	100.0	1.0	1.0	6.0	6.0		identical protein sequence, unique on both sides
ECB_RS06485	ECB_01222	WP_000366959.1	HI1450 family dsDNA-mimic protein	b1248	NP_415764.4	yciU	T1_exact_sequence	100.0	1.0	1.0	6.0	6.0		identical protein sequence, unique on both sides
ECB_RS16465	ECB_03115	WP_000381173.1	YhdT family protein	b3257	NP_417723.1	yhdT	T1_exact_sequence	100.0	1.0	1.0	6.0	6.0		identical protein sequence, unique on both sides
ECB_RS15875	ECB_03004	WP_000022766.1	tagatose-bisphosphate aldolase subunit KbaY	b3137	NP_417606.1	kbaY	T1_exact_sequence	100.0	1.0	1.0	4.0	4.0		identical protein sequence, unique on both sides
ECB_RS22680	ECB_04255	WP_001088415.1	YjjW family glycine radical enzyme activase	b4379	NP_418796.1	yjjW	T1_exact_sequence	100.0	1.0	1.0	6.0	6.0		identical protein sequence, unique on both sides
ECB_RS12840	ECB_02438	WP_001276670.1	ABC transporter permease	b2546	NP_417041.1	yphD	T1_exact_sequence	100.0	1.0	1.0	6.0	6.0		identical protein sequence, unique on both sides
ECB_RS16380	ECB_03102	WP_000051841.1	p-hydroxybenzoic acid efflux pump operon protein AaeX	b3242	NP_417709.2	aaeX	T1_exact_sequence	100.0	1.0	1.0	6.0	6.0		identical protein sequence, unique on both sides
ECB_RS04910	ECB_00930	WP_001295932.1	YcbK family protein	b0926	NP_415446.1	mepK	T1_exact_sequence	100.0	1.0	1.0	6.0	6.0		identical protein sequence, unique on both sides
ECB_RS09660	ECB_01826	WP_000448381.1	lauroyl-Kdo(2)-lipid IV(A) myristoyltransferase	b1855	NP_416369.1	lpxM	T1_exact_sequence	100.0	1.0	1.0	6.0	6.0		identical protein sequence, unique on both sides
ECB_RS11520	ECB_02187	WP_000577625.1	o-succinylbenzoate--CoA ligase	b2260	NP_416763.1	menE	T1_exact_sequence	100.0	1.0	1.0	6.0	6.0		identical protein sequence, unique on both sides
ECB_RS08720	ECB_01652	WP_000089364.1	Fe-S cluster assembly protein SufB	b1683	NP_416198.2	sufB	T1_exact_sequence	100.0	1.0	1.0	6.0	6.0		identical protein sequence, unique on both sides
ECB_RS18140	ECB_03425	WP_001300918.1	4Fe-4S dicluster domain-containing protein	b3573	NP_418030.1	ysaA	T1_exact_sequence	100.0	1.0	1.0	6.0	6.0		identical protein sequence, unique on both sides
ECB_RS08315	ECB_01574	WP_000412379.1	amino acid permease	b1605	NP_416122.1	ydgI	T1_exact_sequence	100.0	1.0	1.0	6.0	6.0		identical protein sequence, unique on both sides
ECB_RS10875	ECB_02064	WP_001319943.1	D-alanyl-D-alanine endopeptidase	b2134	NP_416638.4	pbpG	T1_exact_sequence	100.0	1.0	1.0	6.0	6.0		identical protein sequence, unique on both sides
ECB_RS09580	ECB_01812	WP_000168747.1	CopC domain-containing protein YobA	b1841	NP_416355.1	yobA	T1_exact_sequence	100.0	1.0	1.0	6.0	6.0		identical protein sequence, unique on both sides
ECB_RS01905	ECB_00363	WP_001021161.1	6,7-dimethyl-8-ribityllumazine synthase	b0415	NP_414949.1	ribE	T1_exact_sequence	100.0	1.0	1.0	6.0	6.0		identical protein sequence, unique on both sides
ECB_RS21970	ECB_04130	WP_001309159.1	DNA-binding transcriptional regulator IdnR	b4264	NP_418685.1	idnR	T1_exact_sequence	100.0	1.0	1.0	6.0	6.0		identical protein sequence, unique on both sides
ECB_RS03750	ECB_00704	WP_000345410.1	nicotinamide riboside transporter PnuC	b0751	NP_415272.1	pnuC	T1_exact_sequence	100.0	1.0	1.0	6.0	6.0		identical protein sequence, unique on both sides
ECB_RS25260		WP_000594405.1	protein YthA	b4655	YP_001491548.1	ythA	T1_exact_sequence	100.0	1.0	1.0	3.0	3.0		identical protein sequence, unique on both sides
ECB_RS14185	ECB_02682	WP_001199295.1	NADP(H)-dependent aldo-keto reductase	b2834	NP_417311.1	tas	T1_exact_sequence	100.0	1.0	1.0	6.0	6.0		identical protein sequence, unique on both sides
ECB_RS13135	ECB_02486	WP_000178456.1	ribosome-associated translation inhibitor RaiA	b2597	NP_417088.1	raiA	T1_exact_sequence	100.0	1.0	1.0	5.0	5.0		identical protein sequence, unique on both sides
ECB_RS10650	ECB_02014	WP_001318299.1	protein YegR	b2085	NP_416589.2	yegR	T1_exact_sequence	100.0	1.0	1.0	2.0	2.0		identical protein sequence, unique on both sides
ECB_RS16415	ECB_03109	WP_000802511.1	rod shape-determining protein MreC	b3250	NP_417716.1	mreC	T1_exact_sequence	100.0	1.0	1.0	6.0	6.0		identical protein sequence, unique on both sides
ECB_RS19960	ECB_03766	WP_001046453.1	sulfofructosephosphate aldolase	b3881	NP_418317.1	yihT	T1_exact_sequence	100.0	1.0	1.0	6.0	6.0		identical protein sequence, unique on both sides
ECB_RS01450	ECB_00274	WP_000023635.1	ankyrin repeat domain-containing protein	b0318	NP_414852.1	yahD	T1_exact_sequence	100.0	1.0	1.0	6.0	6.0		identical protein sequence, unique on both sides
ECB_RS03820	ECB_00717	WP_000604034.1	molybdate ABC transporter permease subunit	b0764	NP_415285.1	modB	T1_exact_sequence	100.0	1.0	1.0	6.0	6.0		identical protein sequence, unique on both sides
ECB_RS07335	ECB_01383	WP_001296778.1	YdcH family protein	b1426	NP_415943.4	ydcH	T1_exact_sequence	100.0	1.0	1.0	6.0	6.0		identical protein sequence, unique on both sides
ECB_RS06735	ECB_01266	WP_000565727.1	DUF559 domain-containing protein	b1289	NP_415805.1	ycjD	T1_exact_sequence	100.0	1.0	1.0	6.0	6.0		identical protein sequence, unique on both sides
ECB_RS14675	ECB_02777	WP_000593273.1	glutathione synthase	b2947	NP_417422.1	gshB	T1_exact_sequence	100.0	1.0	1.0	6.0	6.0		identical protein sequence, unique on both sides
ECB_RS11985	ECB_02278	WP_000435167.1	multidrug efflux MFS transporter periplasmic adaptor subunit EmrK	b2368	NP_416869.1	emrK	T1_exact_sequence	100.0	1.0	1.0	6.0	6.0		identical protein sequence, unique on both sides
ECB_RS13720	ECB_02596	WP_001219242.1	2-C-methyl-D-erythritol 2,4-cyclodiphosphate synthase	b2746	NP_417226.1	ispF	T1_exact_sequence	100.0	1.0	1.0	6.0	6.0		identical protein sequence, unique on both sides
ECB_RS20950	ECB_03938	WP_001270094.1	T3SS effector pentapeptide repeat protein EspX5	b4066	NP_418490.1	yjcF	T1_exact_sequence	100.0	1.0	1.0	6.0	6.0		identical protein sequence, unique on both sides
ECB_RS03030	ECB_00581	WP_000062457.1	triphosphoribosyl-dephospho-CoA synthase CitG	b0613	NP_415146.1	citG	T1_exact_sequence	100.0	1.0	1.0	6.0	6.0		identical protein sequence, unique on both sides
ECB_RS09500	ECB_01797	WP_001211011.1	YobH family protein	b4536	YP_588456.1	yobH	T1_exact_sequence	100.0	1.0	1.0	6.0	6.0		identical protein sequence, unique on both sides
ECB_RS21715	ECB_04080	WP_000228346.1	D-serine/D-alanine/glycine transporter	b4208	NP_418629.1	cycA	T1_exact_sequence	100.0	1.0	1.0	5.0	5.0		identical protein sequence, unique on both sides
ECB_RS21345	ECB_04010	WP_001267448.1	FxsA family protein	b4140	NP_418564.2	fxsA	T1_exact_sequence	100.0	1.0	1.0	6.0	6.0		identical protein sequence, unique on both sides
ECB_RS00395	ECB_00076	WP_000082850.1	2-isopropylmalate synthase	b0074	NP_414616.1	leuA	T1_exact_sequence	100.0	1.0	1.0	5.0	5.0		identical protein sequence, unique on both sides
ECB_RS00630	ECB_00120	WP_000818411.1	polyamine aminopropyltransferase	b0121	NP_414663.1	speE	T1_exact_sequence	100.0	1.0	1.0	6.0	6.0		identical protein sequence, unique on both sides
ECB_RS04505	ECB_00852	WP_001024876.1	aspartate:alanine antiporter	b0847	NP_415368.1	ybjL	T1_exact_sequence	100.0	1.0	1.0	3.0	4.0		identical protein sequence, unique on both sides
ECB_RS16645	ECB_03143	WP_000285607.1	Zn(2+)-responsive transcriptional regulator	b3292	NP_417751.1	zntR	T1_exact_sequence	100.0	1.0	1.0	6.0	6.0		identical protein sequence, unique on both sides
ECB_RS15145	ECB_02868	WP_000134014.1	hydrogenase-2 assembly chaperone	b2992	NP_417466.1	hybE	T1_exact_sequence	100.0	1.0	1.0	6.0	6.0		identical protein sequence, unique on both sides
ECB_RS13640	ECB_02580	WP_001059922.1	hydrogenase maturation carbamoyl dehydratase HypE	b2730	NP_417210.2	hypE	T1_exact_sequence	100.0	1.0	1.0	5.0	5.0		identical protein sequence, unique on both sides
ECB_RS20150	ECB_03800	WP_001076742.1	CDF family cation-efflux transporter FieF	b3915	NP_418350.1	fieF	T1_exact_sequence	100.0	1.0	1.0	6.0	6.0		identical protein sequence, unique on both sides
ECB_RS19275	ECB_03642	WP_000379245.1	HTH-type transcriptional regulator HdfR	b4480	YP_026246.1	hdfR	T1_exact_sequence	100.0	1.0	1.0	6.0	6.0		identical protein sequence, unique on both sides
ECB_RS02290	ECB_00438	WP_001026747.1	Cu(I)-responsive transcriptional regulator	b0487	NP_415020.1	cueR	T1_exact_sequence	100.0	1.0	1.0	6.0	6.0		identical protein sequence, unique on both sides
ECB_RS22730	ECB_04264	WP_001132955.1	phosphoserine phosphatase	b4388	NP_418805.1	serB	T1_exact_sequence	100.0	1.0	1.0	5.0	5.0		identical protein sequence, unique on both sides
ECB_RS05295	ECB_01002	WP_000024560.1	chaperone modulator CbpM	b0999	NP_415519.1	cbpM	T1_exact_sequence	100.0	1.0	1.0	6.0	6.0		identical protein sequence, unique on both sides
ECB_RS01380	ECB_00261	WP_000339594.1	reactive chlorine-specific transcriptional regulator RclR	b0305	NP_414839.1	rclR	T1_exact_sequence	100.0	1.0	1.0	6.0	6.0		identical protein sequence, unique on both sides
ECB_RS06620	ECB_01248	WP_000422045.1	protease SohB	b1272	NP_415788.1	sohB	T1_exact_sequence	100.0	1.0	1.0	6.0	6.0		identical protein sequence, unique on both sides
ECB_RS10920	ECB_02072	WP_000553555.1	cytidine deaminase	b2143	NP_416648.1	cdd	T1_exact_sequence	100.0	1.0	1.0	6.0	6.0		identical protein sequence, unique on both sides
ECB_RS17050	ECB_03222	WP_001295163.1	fructoselysine 6-phosphate deglycase	b3371	NP_417830.4	frlB	T1_exact_sequence	100.0	1.0	1.0	6.0	6.0		identical protein sequence, unique on both sides
ECB_RS25010		WP_001386836.1	protein YoaJ	b4675	YP_002791243.1	yoaJ	T1_exact_sequence	100.0	1.0	1.0	5.0	5.0		identical protein sequence, unique on both sides
ECB_RS16335	ECB_03093	WP_001295270.1	Z-ring associated protein ZapG	b3233	NP_417700.2	yhcB	T1_exact_sequence	100.0	1.0	1.0	6.0	6.0		identical protein sequence, unique on both sides
ECB_RS14730	ECB_02788	WP_000984796.1	DUF2884 domain-containing protein	b2958	NP_417433.1	yggN	T1_exact_sequence	100.0	1.0	1.0	6.0	6.0		identical protein sequence, unique on both sides
ECB_RS03970	ECB_00744	WP_000246761.1	malonyl-ACP O-methyltransferase BioC	b0777	NP_415298.1	bioC	T1_exact_sequence	100.0	1.0	1.0	6.0	6.0		identical protein sequence, unique on both sides
ECB_RS15960	ECB_03021	WP_000449030.1	YhbP family protein	b3154	NP_417623.1	yhbP	T1_exact_sequence	100.0	1.0	1.0	6.0	6.0		identical protein sequence, unique on both sides
ECB_RS20415	ECB_03850	WP_000187022.1	tRNA (uridine(54)-C5)-methyltransferase TrmA	b3965	NP_418400.1	trmA	T1_exact_sequence	100.0	1.0	1.0	6.0	6.0		identical protein sequence, unique on both sides
ECB_RS17685	ECB_03343	WP_000626187.1	universal stress protein UspB	b3494	NP_417951.1	uspB	T1_exact_sequence	100.0	1.0	1.0	6.0	6.0		identical protein sequence, unique on both sides
ECB_RS20505	ECB_03859	WP_001085926.1	50S ribosomal protein L11	b3983	NP_418410.1	rplK	T1_exact_sequence	100.0	1.0	1.0	6.0	6.0		identical protein sequence, unique on both sides
ECB_RS16230	ECB_03072	WP_000620405.1	PhoP regulatory network protein YrbL	b3207	NP_417674.1	yrbL	T1_exact_sequence	100.0	1.0	1.0	6.0	6.0		identical protein sequence, unique on both sides
ECB_RS06640	ECB_01251	WP_000776253.1	HTH-type transcriptional regulator CysB	b1275	NP_415791.1	cysB	T1_exact_sequence	100.0	1.0	1.0	6.0	6.0		identical protein sequence, unique on both sides
ECB_RS02185	ECB_00417	WP_000051153.1	pleiotropic regulatory protein RsmS	b0466	NP_414999.1	ybaM	T1_exact_sequence	100.0	1.0	1.0	6.0	6.0		identical protein sequence, unique on both sides
ECB_RS04745	ECB_00897	WP_000886683.1	serine--tRNA ligase	b0893	NP_415413.1	serS	T1_exact_sequence	100.0	1.0	1.0	6.0	6.0		identical protein sequence, unique on both sides
ECB_RS02070	ECB_00395	WP_001194534.1	long-chain acyl-CoA thioesterase FadM	b0443	NP_414977.1	fadM	T1_exact_sequence	100.0	1.0	1.0	6.0	6.0		identical protein sequence, unique on both sides
ECB_RS14500	ECB_02742	WP_001276008.1	cell division protein ZapA	b2910	NP_417386.1	zapA	T1_exact_sequence	100.0	1.0	1.0	6.0	6.0		identical protein sequence, unique on both sides
ECB_RS02240	ECB_00428	WP_000671574.1	inosine/guanosine kinase	b0477	NP_415010.1	gsk	T1_exact_sequence	100.0	1.0	1.0	6.0	6.0		identical protein sequence, unique on both sides
ECB_RS20425	ECB_03852	WP_000201820.1	glutamate racemase	b3967	NP_418402.2	murI	T1_exact_sequence	100.0	1.0	1.0	6.0	6.0		identical protein sequence, unique on both sides
ECB_RS19285	ECB_03644	WP_000058964.1	YifB family Mg chelatase-like AAA ATPase	b3765	NP_418214.2	yifB	T1_exact_sequence	100.0	1.0	1.0	5.0	5.0		identical protein sequence, unique on both sides
ECB_RS06835	ECB_01285	WP_000473109.1	thiosulfate sulfurtransferase PspE	b1308	NP_415824.1	pspE	T1_exact_sequence	100.0	1.0	1.0	6.0	6.0		identical protein sequence, unique on both sides
ECB_RS06820	ECB_01282	WP_001274963.1	envelope stress response membrane protein PspB	b1305	NP_415821.1	pspB	T1_exact_sequence	100.0	1.0	1.0	6.0	6.0		identical protein sequence, unique on both sides
ECB_RS03540	ECB_00672	WP_000912724.1	5-oxoprolinase subunit PxpC	b0712	NP_415240.1	pxpC	T1_exact_sequence	100.0	1.0	1.0	6.0	6.0		identical protein sequence, unique on both sides
ECB_RS13855		WP_001288228.1	cell envelope stress response protein YqcG	b4682	YP_002791252.1	yqcG	T1_exact_sequence	100.0	1.0	1.0	6.0	6.0		identical protein sequence, unique on both sides
ECB_RS03260	ECB_00626	WP_001278605.1	CNNM family magnesium/cobalt transport protein CorC	b0658	NP_415191.1	ybeX	T1_exact_sequence	100.0	1.0	1.0	5.0	5.0		identical protein sequence, unique on both sides
ECB_RS16170	ECB_03060	WP_000438245.1	phospholipid ABC transporter ATP-binding protein MlaF	b3195	NP_417662.1	mlaF	T1_exact_sequence	100.0	1.0	1.0	6.0	6.0		identical protein sequence, unique on both sides
ECB_RS03830	ECB_00719	WP_001300666.1	bifunctional pyridoxal phosphate/fructose-1,6-bisphosphate phosphatase	b0766	NP_415287.1	ybhA	T1_exact_sequence	100.0	1.0	1.0	6.0	6.0		identical protein sequence, unique on both sides
ECB_RS02885	ECB_00552	WP_000885798.1	enterobactin biosynthesis protein YbdZ	b4511	YP_588441.1	ybdZ	T1_exact_sequence	100.0	1.0	1.0	6.0	6.0		identical protein sequence, unique on both sides
ECB_RS18950	ECB_03583	WP_000060112.1	DNA replication/repair protein RecF	b3700	NP_418155.1	recF	T1_exact_sequence	100.0	1.0	1.0	6.0	6.0		identical protein sequence, unique on both sides
ECB_RS04300	ECB_00807	WP_000450121.1	DNA-binding transcriptional repressor DeoR	b0840	NP_415361.1	deoR	T1_exact_sequence	100.0	1.0	1.0	6.0	6.0		identical protein sequence, unique on both sides
ECB_RS01765	ECB_00336	WP_001142439.1	protein YaiA	b0389	NP_414923.1	yaiA	T1_exact_sequence	100.0	1.0	1.0	6.0	6.0		identical protein sequence, unique on both sides
ECB_RS12480	ECB_02368	WP_001295467.1	phosphoribosylaminoimidazolesuccinocarboxamide synthase	b2476	NP_416971.1	purC	T1_exact_sequence	100.0	1.0	1.0	6.0	6.0		identical protein sequence, unique on both sides
ECB_RS05540	ECB_01044	WP_001070375.1	glucans biosynthesis protein MdoC	b1047	NP_415565.1	opgC	T1_exact_sequence	100.0	1.0	1.0	6.0	6.0		identical protein sequence, unique on both sides
ECB_RS01910	ECB_00364	WP_000801125.1	transcription antitermination factor NusB	b0416	NP_414950.1	nusB	T1_exact_sequence	100.0	1.0	1.0	6.0	6.0		identical protein sequence, unique on both sides
ECB_RS08930	ECB_01692	WP_000251727.1	6-phosphofructokinase II	b1723	NP_416237.3	pfkB	T1_exact_sequence	100.0	1.0	1.0	6.0	6.0		identical protein sequence, unique on both sides
ECB_RS13000	ECB_02467	WP_001295364.1	RNA polymerase sigma factor RpoE	b2573	NP_417068.1	rpoE	T1_exact_sequence	100.0	1.0	1.0	6.0	6.0		identical protein sequence, unique on both sides
ECB_RS05990	ECB_01130	WP_001297479.1	high frequency lysogenization protein HflD	b1132	NP_415650.1	hflD	T1_exact_sequence	100.0	1.0	1.0	6.0	6.0		identical protein sequence, unique on both sides
ECB_RS11680	ECB_02219	WP_000426124.1	YfbU family protein	b2294	NP_416797.2	yfbU	T1_exact_sequence	100.0	1.0	1.0	6.0	6.0		identical protein sequence, unique on both sides
ECB_RS21055	ECB_03957	WP_001311314.1	D-allulose-6-phosphate 3-epimerase	b4085	NP_418509.1	alsE	T1_exact_sequence	100.0	1.0	1.0	6.0	6.0		identical protein sequence, unique on both sides
ECB_RS07930	ECB_01498	WP_000636571.1	bifunctional NADP-dependent 3-hydroxy acid dehydrogenase/3-hydroxypropionate dehydrogenase YdfG	b1539	NP_416057.1	ydfG	T1_exact_sequence	100.0	1.0	1.0	6.0	6.0		identical protein sequence, unique on both sides
ECB_RS09665	ECB_01827	WP_001184045.1	murein DD-endopeptidase MepM	b1856	NP_416370.2	mepM	T1_exact_sequence	100.0	1.0	1.0	6.0	6.0		identical protein sequence, unique on both sides
ECB_RS06800	ECB_01278	WP_000134870.1	gamma-glutamylputrescine oxidase	b1301	NP_415817.1	puuB	T1_exact_sequence	100.0	1.0	1.0	6.0	6.0		identical protein sequence, unique on both sides
ECB_RS03700	ECB_00701	WP_001295306.1	peptidoglycan-associated lipoprotein Pal	b0741	NP_415269.1	pal	T1_exact_sequence	100.0	1.0	1.0	6.0	6.0		identical protein sequence, unique on both sides
ECB_RS05330	ECB_01008	WP_001273658.1	general stress protein	b4518	NP_415525.2	ymdF	T1_exact_sequence	100.0	1.0	1.0	6.0	6.0		identical protein sequence, unique on both sides
ECB_RS12415	ECB_02356	WP_000087280.1	transketolase	b2465	NP_416960.1	tktB	T1_exact_sequence	100.0	1.0	1.0	6.0	6.0		identical protein sequence, unique on both sides
ECB_RS09765	ECB_01847	WP_001025322.1	arginine--tRNA ligase	b1876	NP_416390.1	argS	T1_exact_sequence	100.0	1.0	1.0	6.0	6.0		identical protein sequence, unique on both sides
ECB_RS18175	ECB_03432	WP_000196054.1	L-xylulokinase	b3580	NP_418037.1	lyxK	T1_exact_sequence	100.0	1.0	1.0	6.0	6.0		identical protein sequence, unique on both sides
ECB_RS05180	ECB_00980	WP_000004899.1	hydrogenase expression/formation protein	b0977	NP_415496.1	hyaF	T1_exact_sequence	100.0	1.0	1.0	6.0	6.0		identical protein sequence, unique on both sides
ECB_RS12990	ECB_02465	WP_000812053.1	sigma-E factor regulatory protein RseB	b2571	NP_417066.1	rseB	T1_exact_sequence	100.0	1.0	1.0	6.0	6.0		identical protein sequence, unique on both sides
ECB_RS11325	ECB_02149	WP_000339065.1	acetate CoA-transferase subunit beta	b2222	NP_416726.1	atoA	T1_exact_sequence	100.0	1.0	1.0	6.0	6.0		identical protein sequence, unique on both sides
ECB_RS18355	ECB_03466	WP_001076194.1	NAD(P)H-dependent glycerol-3-phosphate dehydrogenase	b3608	NP_418065.1	gpsA	T1_exact_sequence	100.0	1.0	1.0	6.0	6.0		identical protein sequence, unique on both sides
ECB_RS15605	ECB_02951	WP_000560266.1	type II toxin-antitoxin system antitoxin HigA	b3082	NP_417553.1	higA	T1_exact_sequence	100.0	1.0	1.0	6.0	6.0		identical protein sequence, unique on both sides
ECB_RS04840	ECB_00916	WP_000167336.1	integration host factor subunit beta	b0912	NP_415432.1	ihfB	T1_exact_sequence	100.0	1.0	1.0	6.0	6.0		identical protein sequence, unique on both sides
ECB_RS13820	ECB_02615	WP_001299652.1	electron transfer flavoprotein subunit beta/FixA family protein	b2770	NP_417250.4	ygcR	T1_exact_sequence	100.0	1.0	1.0	6.0	6.0		identical protein sequence, unique on both sides
ECB_RS05995	ECB_01131	WP_001297484.1	tRNA 2-thiouridine(34) synthase MnmA	b1133	NP_415651.4	mnmA	T1_exact_sequence	100.0	1.0	1.0	6.0	6.0		identical protein sequence, unique on both sides
ECB_RS17150	ECB_03242	WP_000818618.1	shikimate kinase AroK	b3390	YP_026215.2	aroK	T1_exact_sequence	100.0	1.0	1.0	6.0	6.0		identical protein sequence, unique on both sides
ECB_RS13635	ECB_02579	WP_001212985.1	hydrogenase formation protein HypD	b2729	NP_417209.1	hypD	T1_exact_sequence	100.0	1.0	1.0	6.0	6.0		identical protein sequence, unique on both sides
ECB_RS13300	ECB_02520	WP_000156811.1	DNA-binding transcriptional regulator CsiR	b2664	NP_417150.4	glaR	T1_exact_sequence	100.0	1.0	1.0	6.0	6.0		identical protein sequence, unique on both sides
ECB_RS07615	ECB_01436	WP_000642433.1	alcohol dehydrogenase AdhP	b1478	NP_415995.4	adhP	T1_exact_sequence	100.0	1.0	1.0	6.0	6.0		identical protein sequence, unique on both sides
ECB_RS08260	ECB_01564	WP_001019525.1	LysR family transcriptional regulator	b1595	NP_416112.1	ynfL	T1_exact_sequence	100.0	1.0	1.0	5.0	5.0		identical protein sequence, unique on both sides
ECB_RS08210	ECB_01554	WP_001321287.1	YnfC family lipoprotein	b1585	NP_416102.2	ynfC	T1_exact_sequence	100.0	1.0	1.0	6.0	6.0		identical protein sequence, unique on both sides
ECB_RS21815	ECB_04100	WP_000853753.1	class 1 fructose-bisphosphatase	b4232	NP_418653.1	fbp	T1_exact_sequence	100.0	1.0	1.0	6.0	6.0		identical protein sequence, unique on both sides
ECB_RS19795	ECB_03741	WP_000853959.1	menaquinone-dependent protoporphyrinogen IX dehydrogenase	b3850	NP_418292.1	hemG	T1_exact_sequence	100.0	1.0	1.0	6.0	6.0		identical protein sequence, unique on both sides
ECB_RS10035	ECB_01895	WP_000532923.1	YebC/PmpR family DNA-binding transcriptional regulator	b1983	NP_416490.1	yeeN	T1_exact_sequence	100.0	1.0	1.0	6.0	6.0		identical protein sequence, unique on both sides
ECB_RS16870	ECB_03188	WP_000289085.1	bacterioferritin-associated ferredoxin	b3337	NP_417796.1	bfd	T1_exact_sequence	100.0	1.0	1.0	6.0	6.0		identical protein sequence, unique on both sides
ECB_RS09685	ECB_01831	WP_000568519.1	Holliday junction branch migration DNA helicase RuvB	b1860	NP_416374.1	ruvB	T1_exact_sequence	100.0	1.0	1.0	5.0	5.0		identical protein sequence, unique on both sides
ECB_RS22610	ECB_04244	WP_000331618.1	siderophore-iron reductase FhuF	b4367	NP_418787.1	fhuF	T1_exact_sequence	100.0	1.0	1.0	6.0	6.0		identical protein sequence, unique on both sides
ECB_RS15815	ECB_02992	WP_000599636.1	galactarate/glucarate/glycerate transporter GarP	b3127	NP_417596.1	garP	T1_exact_sequence	100.0	1.0	1.0	6.0	6.0		identical protein sequence, unique on both sides
ECB_RS01155	ECB_00219	WP_001225679.1	peptidoglycan meso-diaminopimelic acid protein amidase	b0224	NP_414759.1	dpaA	T1_exact_sequence	100.0	1.0	1.0	6.0	6.0		identical protein sequence, unique on both sides
ECB_RS00415	ECB_00080	WP_001300383.1	acetolactate synthase small subunit	b0078	NP_414620.1	ilvH	T1_exact_sequence	100.0	1.0	1.0	4.0	4.0		identical protein sequence, unique on both sides
ECB_RS18555	ECB_03506	WP_000135058.1	DNA-directed RNA polymerase subunit omega	b3649	NP_418106.1	rpoZ	T1_exact_sequence	100.0	1.0	1.0	6.0	6.0		identical protein sequence, unique on both sides
ECB_RS07685	ECB_01450	WP_000246019.1	acid resistance gamma-aminobutyrate antiporter GadC	b1492	NP_416009.1	gadC	T1_exact_sequence	100.0	1.0	1.0	6.0	6.0		identical protein sequence, unique on both sides
ECB_RS13625	ECB_02577	WP_000337665.1	hydrogenase nickel incorporation protein HypB	b2727	NP_417207.1	hypB	T1_exact_sequence	100.0	1.0	1.0	6.0	6.0		identical protein sequence, unique on both sides
ECB_RS14065	ECB_02663	WP_000117728.1	tRNA cyclic N6-threonylcarbamoyladenosine(37) synthase TcdA	b2812	NP_417292.1	tcdA	T1_exact_sequence	100.0	1.0	1.0	6.0	6.0		identical protein sequence, unique on both sides
ECB_RS16930	ECB_03200	WP_000861334.1	peptidylprolyl isomerase	b3349	NP_417808.1	slyD	T1_exact_sequence	100.0	1.0	1.0	6.0	6.0		identical protein sequence, unique on both sides
ECB_RS05750	ECB_01083	WP_001125202.1	7-methyl-GTP pyrophosphatase	b1087	NP_415605.2	yceF	T1_exact_sequence	100.0	1.0	1.0	6.0	6.0		identical protein sequence, unique on both sides
ECB_RS17130	ECB_03238	WP_000816280.1	ribulose-phosphate 3-epimerase	b3386	NP_417845.1	rpe	T1_exact_sequence	100.0	1.0	1.0	6.0	6.0		identical protein sequence, unique on both sides
ECB_RS18265	ECB_03449	WP_000072850.1	HEAT repeat domain-containing protein	b3594	NP_418051.1	yibA	T1_exact_sequence	100.0	1.0	1.0	6.0	6.0		identical protein sequence, unique on both sides
ECB_RS03370		WP_001406816.1	fur leader peptide	b4637	YP_001491546.1	uof	T1_exact_sequence	100.0	1.0	1.0	6.0	6.0		identical protein sequence, unique on both sides
ECB_RS09620	ECB_01819	WP_000257738.1	DNA damage-inducible protein YebG	b1848	NP_416362.1	yebG	T1_exact_sequence	100.0	1.0	1.0	6.0	6.0		identical protein sequence, unique on both sides
ECB_RS21530	ECB_04044	WP_000527955.1	adenylosuccinate synthase	b4177	NP_418598.1	purA	T1_exact_sequence	100.0	1.0	1.0	6.0	6.0		identical protein sequence, unique on both sides
ECB_RS16035	ECB_03035	WP_000133044.1	translation initiation factor IF-2	b3168	NP_417637.1	infB	T1_exact_sequence	100.0	1.0	1.0	6.0	6.0		identical protein sequence, unique on both sides
ECB_RS04515	ECB_00854	WP_001195240.1	glutaredoxin 1	b0849	NP_415370.1	grxA	T1_exact_sequence	100.0	1.0	1.0	5.0	5.0		identical protein sequence, unique on both sides
ECB_RS16090	ECB_03044	WP_000145975.1	23S rRNA (uridine(2552)-2'-O)-methyltransferase RlmE	b3179	NP_417646.1	rlmE	T1_exact_sequence	100.0	1.0	1.0	6.0	6.0		identical protein sequence, unique on both sides
ECB_RS17065	ECB_03225	WP_001276847.1	DNA-binding transcriptional regulator FrlR	b3375	NP_417834.6	frlR	T1_exact_sequence	100.0	1.0	1.0	5.0	5.0		identical protein sequence, unique on both sides
ECB_RS20555	ECB_03869	WP_000999737.1	thiazole biosynthesis adenylyltransferase ThiF	b3992	NP_418420.4	thiF	T1_exact_sequence	100.0	1.0	1.0	6.0	6.0		identical protein sequence, unique on both sides
ECB_RS09670	ECB_01828	WP_001300644.1	zinc ABC transporter substrate-binding protein ZnuA	b1857	NP_416371.4	znuA	T1_exact_sequence	100.0	1.0	1.0	6.0	6.0		identical protein sequence, unique on both sides
ECB_RS04995	ECB_00946	WP_000730614.1	fimbrial protein	b0942	NP_415462.1	ycbU	T1_exact_sequence	100.0	1.0	1.0	6.0	6.0		identical protein sequence, unique on both sides
ECB_RS00255	ECB_00049	WP_001183198.1	MFS transporter	b0045	NP_414587.1	yaaU	T1_exact_sequence	100.0	1.0	1.0	6.0	6.0		identical protein sequence, unique on both sides
ECB_RS21955	ECB_04127	WP_000584114.1	LPS export ABC transporter permease LptF	b4261	NP_418682.1	lptF	T1_exact_sequence	100.0	1.0	1.0	6.0	6.0		identical protein sequence, unique on both sides
ECB_RS08285	ECB_01568	WP_000046661.1	multidrug/spermidine efflux SMR transporter subunit MdtI	b1599	NP_416116.1	mdtI	T1_exact_sequence	100.0	1.0	1.0	6.0	6.0		identical protein sequence, unique on both sides
ECB_RS22345	ECB_04194	WP_000062552.1	YjfZ/YjiC family protein	b4325	NP_418745.3	yjiC	T1_exact_sequence	100.0	1.0	1.0	5.0	5.0		identical protein sequence, unique on both sides
ECB_RS08895	ECB_01685	WP_000124850.1	50S ribosomal protein L20	b1716	NP_416231.1	rplT	T1_exact_sequence	100.0	1.0	1.0	6.0	6.0		identical protein sequence, unique on both sides
ECB_RS08580	ECB_01626	WP_000007283.1	superoxide dismutase [Fe]	b1656	NP_416173.1	sodB	T1_exact_sequence	100.0	1.0	1.0	6.0	6.0		identical protein sequence, unique on both sides
ECB_RS02470	ECB_00475	WP_000255997.1	peptidylprolyl isomerase B	b0525	NP_415058.1	ppiB	T1_exact_sequence	100.0	1.0	1.0	6.0	6.0		identical protein sequence, unique on both sides
ECB_RS02000	ECB_00382	WP_000467180.1	cytochrome o ubiquinol oxidase subunit I	b0431	NP_414965.1	cyoB	T1_exact_sequence	100.0	1.0	1.0	6.0	6.0		identical protein sequence, unique on both sides
ECB_RS09370	ECB_01775	WP_000758422.1	long-chain-fatty-acid--CoA ligase FadD	b1805	NP_416319.1	fadD	T1_exact_sequence	100.0	1.0	1.0	6.0	6.0		identical protein sequence, unique on both sides
ECB_RS19075	ECB_03608	WP_000377786.1	phosphate signaling complex protein PhoU	b3724	NP_418180.1	phoU	T1_exact_sequence	100.0	1.0	1.0	6.0	6.0		identical protein sequence, unique on both sides
ECB_RS16120	ECB_03050	WP_000940595.1	50S ribosomal protein L27	b3185	NP_417652.1	rpmA	T1_exact_sequence	100.0	1.0	1.0	6.0	6.0		identical protein sequence, unique on both sides
ECB_RS18310	ECB_03457	WP_000517100.1	protein YibT	b4554	YP_588470.1	yibT	T1_exact_sequence	100.0	1.0	1.0	4.0	4.0		identical protein sequence, unique on both sides
ECB_RS25690	ECB_04263	WP_000124615.1	YtjB family periplasmic protein	b4387	NP_418804.1	ytjB	T1_exact_sequence	100.0	1.0	1.0	5.0	5.0		identical protein sequence, unique on both sides
ECB_RS18840	ECB_03563	WP_001087145.1	solute:sodium symporter family transporter	b3679	NP_418135.1	yidK	T1_exact_sequence	100.0	1.0	1.0	5.0	5.0		identical protein sequence, unique on both sides
ECB_RS17385	ECB_03287	WP_000210111.1	gluconate transporter	b4476	YP_026221.1	gntU	T1_exact_sequence	100.0	1.0	1.0	6.0	6.0		identical protein sequence, unique on both sides
ECB_RS01190	ECB_00226	WP_001226164.1	DNA polymerase IV	b0231	NP_414766.1	dinB	T1_exact_sequence	100.0	1.0	1.0	5.0	5.0		identical protein sequence, unique on both sides
ECB_RS04795	ECB_00907	WP_001292822.1	formate C-acetyltransferase	b0903	NP_415423.1	pflB	T1_exact_sequence	100.0	1.0	1.0	6.0	6.0		identical protein sequence, unique on both sides
ECB_RS24820		WP_001303586.1	hypothetical protein	b4588	YP_001165308.1	ylcH	T1_exact_sequence	100.0	1.0	1.0	6.0	6.0		identical protein sequence, unique on both sides
ECB_RS15195	ECB_02876	WP_000262172.1	L-glyceraldehyde 3-phosphate reductase	b3001	NP_417474.1	gpr	T1_exact_sequence	100.0	1.0	1.0	5.0	5.0		identical protein sequence, unique on both sides
ECB_RS22205	ECB_04172	WP_000354251.1	SAM-dependent methyltransferase	b4306	NP_418726.1	yjhP	T1_exact_sequence	100.0	1.0	1.0	5.0	5.0		identical protein sequence, unique on both sides
ECB_RS15675	ECB_02964	WP_000422149.1	DedA family general envelope maintenance protein YqjA	b3095	NP_417566.1	yqjA	T1_exact_sequence	100.0	1.0	1.0	6.0	6.0		identical protein sequence, unique on both sides
ECB_RS09000	ECB_01706	WP_000073041.1	PTS N,N'-diacetylchitobiose transporter subunit IIC	b1737	NP_416251.1	chbC	T1_exact_sequence	100.0	1.0	1.0	6.0	6.0		identical protein sequence, unique on both sides
ECB_RS07405		WP_000813794.1	type II toxin-antitoxin system mRNA interferase toxin HicA	b4532	NP_415954.2	hicA	T1_exact_sequence	100.0	1.0	1.0	6.0	6.0		identical protein sequence, unique on both sides
ECB_RS21880	ECB_04113	WP_000013046.1	aspartate carbamoyltransferase	b4245	NP_418666.1	pyrB	T1_exact_sequence	100.0	1.0	1.0	6.0	6.0		identical protein sequence, unique on both sides
ECB_RS21960	ECB_04128	WP_001295681.1	LPS export ABC transporter permease LptG	b4262	NP_418683.4	lptG	T1_exact_sequence	100.0	1.0	1.0	6.0	6.0		identical protein sequence, unique on both sides
ECB_RS14585	ECB_02759	WP_000687705.1	nucleoside/nucleotide kinase family protein	b2928	NP_417403.1	yggC	T1_exact_sequence	100.0	1.0	1.0	6.0	6.0		identical protein sequence, unique on both sides
ECB_RS19845	ECB_03746	WP_000725337.1	thiol:disulfide interchange protein DsbA	b3860	NP_418297.1	dsbA	T1_exact_sequence	100.0	1.0	1.0	6.0	6.0		identical protein sequence, unique on both sides
ECB_RS13410	ECB_02542	WP_001130211.1	S-ribosylhomocysteine lyase	b2687	NP_417172.1	luxS	T1_exact_sequence	100.0	1.0	1.0	6.0	6.0		identical protein sequence, unique on both sides
ECB_RS06110	ECB_01150	WP_000101055.1	septum site-determining protein MinD	b1175	NP_415693.1	minD	T1_exact_sequence	100.0	1.0	1.0	5.0	5.0		identical protein sequence, unique on both sides
ECB_RS20525	ECB_03863	WP_000263098.1	DNA-directed RNA polymerase subunit beta	b3987	NP_418414.1	rpoB	T1_exact_sequence	100.0	1.0	1.0	6.0	6.0		identical protein sequence, unique on both sides
ECB_RS15765	ECB_02982	WP_001295545.1	propionate kinase	b3115	NP_417585.2	tdcD	T1_exact_sequence	100.0	1.0	1.0	6.0	6.0		identical protein sequence, unique on both sides
ECB_RS12865	ECB_02443	WP_000919159.1	serine hydroxymethyltransferase	b2551	NP_417046.1	glyA	T1_exact_sequence	100.0	1.0	1.0	6.0	6.0		identical protein sequence, unique on both sides
ECB_RS14695	ECB_02781	WP_000997795.1	pyridoxal phosphate homeostasis protein	b2951	NP_417426.1	yggS	T1_exact_sequence	100.0	1.0	1.0	6.0	6.0		identical protein sequence, unique on both sides
ECB_RS24045		WP_010723220.1	type I toxin-antitoxin system toxin IbsC	b4665	YP_002791255.1	ibsC	T1_exact_sequence	100.0	1.0	1.0	5.0	5.0		identical protein sequence, unique on both sides
ECB_RS06520	ECB_01228	WP_000808667.1	septation protein A	b1254	NP_415770.1	yciB	T1_exact_sequence	100.0	1.0	1.0	6.0	6.0		identical protein sequence, unique on both sides
ECB_RS13475	ECB_02548	WP_000140508.1	recombination regulator RecX	b2698	NP_417178.1	recX	T1_exact_sequence	100.0	1.0	1.0	6.0	6.0		identical protein sequence, unique on both sides
ECB_RS25375		WP_120795379.1	protein YliM	b4736	YP_009518760.1	yliM	T1_exact_sequence	100.0	1.0	1.0	6.0	6.0		identical protein sequence, unique on both sides
ECB_RS04180	ECB_00784	WP_000091016.1	manganese-binding transcriptional regulator MntR	b0817	NP_415338.1	mntR	T1_exact_sequence	100.0	1.0	1.0	6.0	6.0		identical protein sequence, unique on both sides
ECB_RS06670	ECB_01255	WP_001256538.1	phosphatidylglycerophosphatase B	b1278	NP_415794.1	pgpB	T1_exact_sequence	100.0	1.0	1.0	6.0	6.0		identical protein sequence, unique on both sides
ECB_RS00440	ECB_00084	WP_000625658.1	cell division protein FtsL	b0083	NP_414625.1	ftsL	T1_exact_sequence	100.0	1.0	1.0	6.0	6.0		identical protein sequence, unique on both sides
ECB_RS04945	ECB_00936	WP_000193841.1	aminopeptidase N	b0932	NP_415452.1	pepN	T1_exact_sequence	100.0	1.0	1.0	6.0	6.0		identical protein sequence, unique on both sides
ECB_RS19520	ECB_03688	WP_001213584.1	5-amino-6-(5-phospho-D-ribitylamino)uracil phosphatase YigB	b3812	NP_418257.1	yigB	T1_exact_sequence	100.0	1.0	1.0	5.0	5.0		identical protein sequence, unique on both sides
ECB_RS17565	ECB_03321	WP_001245295.1	phage sensitivity protein DcrB	b3472	NP_417929.4	dcrB	T1_exact_sequence	100.0	1.0	1.0	6.0	6.0		identical protein sequence, unique on both sides
ECB_RS04535	ECB_00858	WP_000203025.1	YbjN domain-containing protein	b0853	NP_415374.1	ybjN	T1_exact_sequence	100.0	1.0	1.0	6.0	6.0		identical protein sequence, unique on both sides
ECB_RS15050	ECB_02849	WP_001297764.1	transcriptional regulator GlcC	b2980	NP_417454.1	glcC	T1_exact_sequence	100.0	1.0	1.0	4.0	4.0		identical protein sequence, unique on both sides
ECB_RS22480	ECB_04219	WP_000467859.1	YbdD/YjiX family protein	b4353	NP_418773.1	yjiX	T1_exact_sequence	100.0	1.0	1.0	4.0	4.0		identical protein sequence, unique on both sides
ECB_RS20830	ECB_03915	WP_000646078.1	transcriptional repressor LexA	b4043	NP_418467.1	lexA	T1_exact_sequence	100.0	1.0	1.0	6.0	6.0		identical protein sequence, unique on both sides
ECB_RS12720	ECB_02414	WP_001295479.1	enhanced serine sensitivity protein SseB	b2522	NP_417017.4	sseB	T1_exact_sequence	100.0	1.0	1.0	6.0	6.0		identical protein sequence, unique on both sides
ECB_RS14045	ECB_02659	WP_000044401.1	glycine cleavage system transcriptional regulator GcvA	b2808	NP_417288.1	gcvA	T1_exact_sequence	100.0	1.0	1.0	6.0	6.0		identical protein sequence, unique on both sides
ECB_RS17720		WP_001295215.1	damage-inducible type I toxin DinQ	b4613	YP_001165328.2	dinQ	T1_exact_sequence	100.0	1.0	1.0	6.0	6.0		identical protein sequence, unique on both sides
ECB_RS14155	ECB_02678	WP_000564489.1	RNA pyrophosphohydrolase	b2830	NP_417307.1	rppH	T1_exact_sequence	100.0	1.0	1.0	6.0	6.0		identical protein sequence, unique on both sides
ECB_RS09840	ECB_01862	WP_001291603.1	flagellar transcriptional regulator FlhC	b1891	NP_416405.1	flhC	T1_exact_sequence	100.0	1.0	1.0	6.0	6.0		identical protein sequence, unique on both sides
ECB_RS13050	ECB_02475	WP_000997403.1	tRNA/rRNA methyltransferase	b2581	NP_417076.1	yfiF	T1_exact_sequence	100.0	1.0	1.0	6.0	6.0		identical protein sequence, unique on both sides
ECB_RS09710	ECB_01836	WP_001300367.1	dihydroneopterin triphosphate diphosphatase	b1865	NP_416379.1	nudB	T1_exact_sequence	100.0	1.0	1.0	6.0	6.0		identical protein sequence, unique on both sides
ECB_RS01585	ECB_00300	WP_001301325.1	DNA-binding transcriptional regulator	b0346	NP_414880.2	mhpR	T1_exact_sequence	100.0	1.0	1.0	6.0	6.0		identical protein sequence, unique on both sides
ECB_RS11195	ECB_02123	WP_000982447.1	cytochrome c-type biogenesis heme lyase CcmF	b2196	NP_416700.1	ccmF	T1_exact_sequence	100.0	1.0	1.0	6.0	6.0		identical protein sequence, unique on both sides
ECB_RS05925	ECB_01118	WP_000952737.1	Sir2 family NAD+-dependent deacetylase	b1120	NP_415638.3	cobB	T1_exact_sequence	100.0	1.0	1.0	5.0	5.0		identical protein sequence, unique on both sides
ECB_RS07845	ECB_01482	WP_000156615.1	succinate-semialdehyde dehydrogenase	b1525	NP_416042.2	sad	T1_exact_sequence	100.0	1.0	1.0	6.0	6.0		identical protein sequence, unique on both sides
ECB_RS16635	ECB_03141	WP_000022442.1	large-conductance mechanosensitive channel protein MscL	b3291	NP_417749.1	mscL	T1_exact_sequence	100.0	1.0	1.0	6.0	6.0		identical protein sequence, unique on both sides
ECB_RS04935	ECB_00934	WP_000117881.1	asparagine--tRNA ligase	b0930	NP_415450.1	asnS	T1_exact_sequence	100.0	1.0	1.0	6.0	6.0		identical protein sequence, unique on both sides
ECB_RS20530	ECB_03864	WP_000653944.1	DNA-directed RNA polymerase subunit beta'	b3988	NP_418415.1	rpoC	T1_exact_sequence	100.0	1.0	1.0	6.0	6.0		identical protein sequence, unique on both sides
ECB_RS04270	ECB_00801	WP_000086904.1	GGDEF domain-containing protein	b0834	NP_415355.1	dgcI	T1_exact_sequence	100.0	1.0	1.0	6.0	6.0		identical protein sequence, unique on both sides
ECB_RS13405	ECB_02541	WP_001295176.1	multidrug efflux MFS transporter permease subunit EmrB	b2686	NP_417171.1	emrB	T1_exact_sequence	100.0	1.0	1.0	6.0	6.0		identical protein sequence, unique on both sides
ECB_RS19110	ECB_03615	WP_001251965.1	F0F1 ATP synthase subunit epsilon	b3731	NP_418187.1	atpC	T1_exact_sequence	100.0	1.0	1.0	6.0	6.0		identical protein sequence, unique on both sides
ECB_RS11330	ECB_02150	WP_000580275.1	TIGR00366 family protein	b2223	NP_416727.1	atoE	T1_exact_sequence	100.0	1.0	1.0	6.0	6.0		identical protein sequence, unique on both sides
ECB_RS09815	ECB_01857	WP_001297437.1	methyl-accepting chemotaxis protein II	b1886	NP_416400.1	tar	T1_exact_sequence	100.0	1.0	1.0	6.0	6.0		identical protein sequence, unique on both sides
ECB_RS25860		WP_211180488.1	leader peptide SpeFL	b4803	YP_010051176.1	speFL	T1_exact_sequence	100.0	1.0	1.0	5.0	5.0		identical protein sequence, unique on both sides
ECB_RS03020	ECB_00579	WP_000643397.1	ribonuclease I	b0611	NP_415144.1	rna	T1_exact_sequence	100.0	1.0	1.0	6.0	6.0		identical protein sequence, unique on both sides
ECB_RS25825		WP_211180485.1	protein YadX	b4765	YP_010051173.1	yadX	T1_exact_sequence	100.0	1.0	1.0	6.0	6.0		identical protein sequence, unique on both sides
ECB_RS16405	ECB_03107	WP_000203105.1	nucleoside triphosphate pyrophosphatase YhdE	b3248	NP_417714.1	yhdE	T1_exact_sequence	100.0	1.0	1.0	6.0	6.0		identical protein sequence, unique on both sides
ECB_RS18995	ECB_03592	WP_001295247.1	tryptophanase	b3708	NP_418164.4	tnaA	T1_exact_sequence	100.0	1.0	1.0	6.0	6.0		identical protein sequence, unique on both sides
ECB_RS13525	ECB_02558	WP_001287420.1	arabinose-5-phosphate isomerase GutQ	b2708	NP_417188.4	gutQ	T1_exact_sequence	100.0	1.0	1.0	6.0	6.0		identical protein sequence, unique on both sides
ECB_RS06270	ECB_01180	WP_000823885.1	stress-induced protein YchH	b1205	NP_415723.1	ychH	T1_exact_sequence	100.0	1.0	1.0	6.0	6.0		identical protein sequence, unique on both sides
ECB_RS11075	ECB_02101	WP_001136827.1	elongation factor P-like protein YeiP	b2171	NP_416676.4	yeiP	T1_exact_sequence	100.0	1.0	1.0	6.0	6.0		identical protein sequence, unique on both sides
ECB_RS06345	ECB_01195	WP_001146444.1	putative cation transport regulator ChaB	b1217	NP_415735.1	chaB	T1_exact_sequence	100.0	1.0	1.0	6.0	6.0		identical protein sequence, unique on both sides
ECB_RS04130	ECB_00775	WP_001267253.1	mechanosensitive channel protein	b0808	NP_415329.4	ybiO	T1_exact_sequence	100.0	1.0	1.0	6.0	6.0		identical protein sequence, unique on both sides
ECB_RS07320	ECB_01380	WP_000013789.1	2-oxoadipate dioxygenase/decarboxylase HglS	b1423	NP_415940.1	ydcJ	T1_exact_sequence	100.0	1.0	1.0	6.0	6.0		identical protein sequence, unique on both sides
ECB_RS20340	ECB_03835	WP_000161265.1	PTS fructose-like transporter subunit IIB	b3950	NP_418385.1	frwB	T1_exact_sequence	100.0	1.0	1.0	6.0	6.0		identical protein sequence, unique on both sides
ECB_RS14635	ECB_02769	WP_001297406.1	acid stress response protein YqgB	b2939	NP_417414.2	yqgB	T1_exact_sequence	100.0	1.0	1.0	6.0	6.0		identical protein sequence, unique on both sides
ECB_RS17805	ECB_03364	WP_001191059.1	acid resistance transcriptional activator GadX	b3516	NP_417973.1	gadX	T1_exact_sequence	100.0	1.0	1.0	6.0	6.0		identical protein sequence, unique on both sides
ECB_RS04950	ECB_00937	WP_001090506.1	aliphatic sulfonates ABC transporter ATP-binding protein	b0933	NP_415453.1	ssuB	T1_exact_sequence	100.0	1.0	1.0	6.0	6.0		identical protein sequence, unique on both sides
ECB_RS02275	ECB_00435	WP_000083955.1	copper-exporting P-type ATPase CopA	b0484	NP_415017.1	copA	T1_exact_sequence	100.0	1.0	1.0	6.0	6.0		identical protein sequence, unique on both sides
ECB_RS01390	ECB_00263	WP_000023927.1	LutB/LldF family L-lactate oxidation iron-sulfur protein	b0307	NP_414841.1	ykgF	T1_exact_sequence	100.0	1.0	1.0	6.0	6.0		identical protein sequence, unique on both sides
ECB_RS06705		WP_001288368.1	YciZ family protein	b4596	YP_001165317.1	yciZ	T1_exact_sequence	100.0	1.0	1.0	6.0	6.0		identical protein sequence, unique on both sides
ECB_RS14605	ECB_02763	WP_000428805.1	PTS mannitol transporter subunit IICB	b2933	NP_417408.1	cmtA	T1_exact_sequence	100.0	1.0	1.0	6.0	6.0		identical protein sequence, unique on both sides
ECB_RS13800	ECB_02611	WP_001301334.1	FAD-dependent oxidoreductase	b2766	NP_417246.4	ygcN	T1_exact_sequence	100.0	1.0	1.0	6.0	6.0		identical protein sequence, unique on both sides
ECB_RS02870	ECB_00549	WP_001749708.1	enterobactin synthase subunit EntD	b0583	NP_415115.2	entD	T1_exact_sequence	100.0	1.0	1.0	4.0	4.0		identical protein sequence, unique on both sides
ECB_RS10025	ECB_01893	WP_000378575.1	shikimate transporter	b1981	NP_416488.1	shiA	T1_exact_sequence	100.0	1.0	1.0	6.0	6.0		identical protein sequence, unique on both sides
ECB_RS17320	ECB_03275	WP_000928723.1	rhomboid family intramembrane serine protease GlpG	b3424	YP_026220.1	glpG	T1_exact_sequence	100.0	1.0	1.0	4.0	4.0		identical protein sequence, unique on both sides
ECB_RS20175	ECB_03804	WP_001216325.1	triose-phosphate isomerase	b3919	NP_418354.1	tpiA	T1_exact_sequence	100.0	1.0	1.0	6.0	6.0		identical protein sequence, unique on both sides
ECB_RS12960	ECB_02459	WP_000399404.1	DNA repair protein RecO	b2565	NP_417060.1	recO	T1_exact_sequence	100.0	1.0	1.0	6.0	6.0		identical protein sequence, unique on both sides
ECB_RS06040	ECB_01139	WP_000554140.1	regulatory protein YcgZ	b1164	NP_415682.1	ycgZ	T1_exact_sequence	100.0	1.0	1.0	6.0	6.0		identical protein sequence, unique on both sides
ECB_RS03800	ECB_00713	WP_000096869.1	molybdate ABC transporter ATP-binding protein ModF	b0760	NP_415281.1	modF	T1_exact_sequence	100.0	1.0	1.0	6.0	6.0		identical protein sequence, unique on both sides
ECB_RS06965	ECB_01310	WP_001262123.1	universal stress protein UspE	b1333	NP_415849.1	uspE	T1_exact_sequence	100.0	1.0	1.0	6.0	6.0		identical protein sequence, unique on both sides
ECB_RS18365	ECB_03468	WP_000024392.1	glutaredoxin 3	b3610	NP_418067.1	grxC	T1_exact_sequence	100.0	1.0	1.0	6.0	6.0		identical protein sequence, unique on both sides
ECB_RS05655	ECB_01064	WP_000736158.1	Gfo/Idh/MocA family protein	b1068	NP_415586.1	yceM	T1_exact_sequence	100.0	1.0	1.0	6.0	6.0		identical protein sequence, unique on both sides
ECB_RS18295	ECB_03454	WP_000093247.1	PTS mannitol transporter subunit IICBA	b3599	NP_418056.1	mtlA	T1_exact_sequence	100.0	1.0	1.0	6.0	6.0		identical protein sequence, unique on both sides
ECB_RS11605	ECB_02204	WP_000612644.1	NADH-quinone oxidoreductase subunit NuoK	b2279	NP_416782.1	nuoK	T1_exact_sequence	100.0	1.0	1.0	6.0	6.0		identical protein sequence, unique on both sides
ECB_RS00360	ECB_00070	WP_001301364.1	thiamine ABC transporter substrate binding subunit	b0068	NP_414610.1	thiB	T1_exact_sequence	100.0	1.0	1.0	6.0	6.0		identical protein sequence, unique on both sides
ECB_RS01610	ECB_00305	WP_000044314.1	acetaldehyde dehydrogenase	b0351	NP_414885.1	mhpF	T1_exact_sequence	100.0	1.0	1.0	6.0	6.0		identical protein sequence, unique on both sides
ECB_RS03795	ECB_00712	WP_001265438.1	UDP-glucose 4-epimerase GalE	b0759	NP_415280.3	galE	T1_exact_sequence	100.0	1.0	1.0	6.0	6.0		identical protein sequence, unique on both sides
ECB_RS16935		WP_001007730.1	YheV family putative zinc ribbon protein	b4551	YP_588468.1	yheV	T1_exact_sequence	100.0	1.0	1.0	6.0	6.0		identical protein sequence, unique on both sides
ECB_RS20695	ECB_03892	WP_000956830.1	Na/Pi cotransporter family protein	b4020	NP_418444.1	yjbB	T1_exact_sequence	100.0	1.0	1.0	6.0	6.0		identical protein sequence, unique on both sides
ECB_RS19330	ECB_03653	WP_001140251.1	peptidylprolyl isomerase PpiC	b3775	NP_418223.1	ppiC	T1_exact_sequence	100.0	1.0	1.0	6.0	6.0		identical protein sequence, unique on both sides
ECB_RS22195	ECB_04170	WP_000722973.1	PTS sugar transporter subunit IIB SgcB	b4565	YP_588476.1	sgcB	T1_exact_sequence	100.0	1.0	1.0	6.0	6.0		identical protein sequence, unique on both sides
ECB_RS04075	ECB_00764	WP_000007101.1	ATP-dependent RNA helicase RhlE	b0797	NP_415318.1	rhlE	T1_exact_sequence	100.0	1.0	1.0	6.0	6.0		identical protein sequence, unique on both sides
ECB_RS22200	ECB_04171	WP_000010829.1	M42 family metallopeptidase	b4305	NP_418725.4	sgcX	T1_exact_sequence	100.0	1.0	1.0	6.0	6.0		identical protein sequence, unique on both sides
ECB_RS08320	ECB_01575	WP_000520804.1	dihydromonapterin reductase	b1606	NP_416123.1	folM	T1_exact_sequence	100.0	1.0	1.0	6.0	6.0		identical protein sequence, unique on both sides
ECB_RS15415	ECB_02917	WP_001269824.1	fimbrial biogenesis chaperone	b3047	NP_417519.4	yqiH	T1_exact_sequence	100.0	1.0	1.0	5.0	5.0		identical protein sequence, unique on both sides
ECB_RS08735	ECB_01655	WP_000637982.1	1,4-dihydroxy-2-naphthoyl-CoA hydrolase	b1686	NP_416201.1	menI	T1_exact_sequence	100.0	1.0	1.0	6.0	6.0		identical protein sequence, unique on both sides
ECB_RS10910	ECB_02070	WP_001295452.1	CidA/LrgA family protein	b2141	NP_416646.1	yohJ	T1_exact_sequence	100.0	1.0	1.0	5.0	5.0		identical protein sequence, unique on both sides
ECB_RS15330	ECB_02901	WP_000958598.1	putative quinol monooxygenase	b3029	NP_417501.1	ygiN	T1_exact_sequence	100.0	1.0	1.0	6.0	6.0		identical protein sequence, unique on both sides
ECB_RS15210	ECB_02879	WP_001240712.1	TonB system transport protein ExbD	b3005	NP_417478.1	exbD	T1_exact_sequence	100.0	1.0	1.0	6.0	6.0		identical protein sequence, unique on both sides
ECB_RS16970	ECB_03207	WP_001148908.1	OsmC family protein	b3356	NP_417815.1	yhfA	T1_exact_sequence	100.0	1.0	1.0	6.0	6.0		identical protein sequence, unique on both sides
ECB_RS04105	ECB_00770	WP_000146343.1	C4-type zinc finger protein YbiI	b0803	NP_415324.1	ybiI	T1_exact_sequence	100.0	1.0	1.0	6.0	6.0		identical protein sequence, unique on both sides
ECB_RS21385	ECB_04018	WP_000977757.1	lipoprotein antitoxin entericidin A	b4410	YP_026283.1	ecnA	T1_exact_sequence	100.0	1.0	1.0	6.0	6.0		identical protein sequence, unique on both sides
ECB_RS01870	ECB_00357	WP_000046637.1	protein translocase subunit SecF	b0409	NP_414943.1	secF	T1_exact_sequence	100.0	1.0	1.0	6.0	6.0		identical protein sequence, unique on both sides
ECB_RS17865	ECB_03375	WP_001163141.1	M16 family metallopeptidase	b3527	NP_417984.1	yhjJ	T1_exact_sequence	100.0	1.0	1.0	6.0	6.0		identical protein sequence, unique on both sides
ECB_RS09390	ECB_01779	WP_001295493.1	RidA family protein	b1809	NP_416323.4	yoaB	T1_exact_sequence	100.0	1.0	1.0	6.0	6.0		identical protein sequence, unique on both sides
ECB_RS09935	ECB_01877	WP_001160187.1	CDP-diacylglycerol--glycerol-3-phosphate 3-phosphatidyltransferase	b1912	NP_416422.1	pgsA	T1_exact_sequence	100.0	1.0	1.0	4.0	5.0		identical protein sequence, unique on both sides
ECB_RS11345	ECB_02153	WP_001104549.1	YfaQ family protein	b2226	NP_416730.1	yfaQ	T1_exact_sequence	100.0	1.0	1.0	5.0	5.0		identical protein sequence, unique on both sides
ECB_RS16040	ECB_03036	WP_001031057.1	transcription termination factor NusA	b3169	NP_417638.1	nusA	T1_exact_sequence	100.0	1.0	1.0	6.0	6.0		identical protein sequence, unique on both sides
ECB_RS13385	ECB_02537	WP_000445651.1	L-valine exporter subunit YgaZ	b2682	NP_417167.1	ygaZ	T1_exact_sequence	100.0	1.0	1.0	5.0	5.0		identical protein sequence, unique on both sides
ECB_RS05405	ECB_01021	WP_001199471.1	iron uptake transporter deferrochelatase/peroxidase subunit	b1019	NP_415538.1	efeB	T1_exact_sequence	100.0	1.0	1.0	5.0	5.0		identical protein sequence, unique on both sides
ECB_RS05685	ECB_01070	WP_001196460.1	flagellar basal body rod protein FlgC	b1074	NP_415592.1	flgC	T1_exact_sequence	100.0	1.0	1.0	6.0	6.0		identical protein sequence, unique on both sides
ECB_RS12830	ECB_02436	WP_000158547.1	aldose 1-epimerase	b2544	NP_417039.1	yphB	T1_exact_sequence	100.0	1.0	1.0	6.0	6.0		identical protein sequence, unique on both sides
ECB_RS21165	ECB_03979	WP_001300891.1	zinc ribbon domain-containing protein YjdM	b4108	NP_418532.1	yjdM	T1_exact_sequence	100.0	1.0	1.0	6.0	6.0		identical protein sequence, unique on both sides
ECB_RS16515	ECB_03125	WP_000825639.1	membrane protein	b3267	NP_417733.1	yhdV	T1_exact_sequence	100.0	1.0	1.0	5.0	5.0		identical protein sequence, unique on both sides
ECB_RS22385	ECB_04200	WP_001151855.1	RNA 2'-phosphotransferase	b4331	NP_418751.4	kptA	T1_exact_sequence	100.0	1.0	1.0	6.0	6.0		identical protein sequence, unique on both sides
ECB_RS12925	ECB_02455	WP_001013779.1	MurR/RpiR family transcriptional regulator	b2561	NP_417056.2	yfhH	T1_exact_sequence	100.0	1.0	1.0	5.0	5.0		identical protein sequence, unique on both sides
ECB_RS00130	ECB_00027	WP_001274021.1	30S ribosomal protein S20	b0023	NP_414564.1	rpsT	T1_exact_sequence	100.0	1.0	1.0	4.0	5.0		identical protein sequence, unique on both sides
ECB_RS10915	ECB_02071	WP_000968208.1	CidB/LrgB family autolysis modulator	b2142	NP_416647.1	yohK	T1_exact_sequence	100.0	1.0	1.0	6.0	6.0		identical protein sequence, unique on both sides
ECB_RS06680	ECB_01257	WP_000891353.1	lipopolysaccharide assembly protein LapB	b1280	NP_415796.1	lapB	T1_exact_sequence	100.0	1.0	1.0	6.0	6.0		identical protein sequence, unique on both sides
ECB_RS00555	ECB_00106	WP_001025145.1	type II secretion system protein GspE	b0107	NP_414649.1	hofB	T1_exact_sequence	100.0	1.0	1.0	6.0	6.0		identical protein sequence, unique on both sides
ECB_RS00475	ECB_00091	WP_000016560.1	undecaprenyldiphospho-muramoylpentapeptide beta-N-acetylglucosaminyltransferase	b0090	NP_414632.1	murG	T1_exact_sequence	100.0	1.0	1.0	6.0	6.0		identical protein sequence, unique on both sides
ECB_RS18570	ECB_03509	WP_000678419.1	ATP-dependent DNA helicase RecG	b3652	NP_418109.1	recG	T1_exact_sequence	100.0	1.0	1.0	5.0	5.0		identical protein sequence, unique on both sides
ECB_RS01145	ECB_00217	WP_000284050.1	D-sedoheptulose 7-phosphate isomerase	b0222	NP_414757.1	gmhA	T1_exact_sequence	100.0	1.0	1.0	6.0	6.0		identical protein sequence, unique on both sides
ECB_RS19140	ECB_03621	WP_000429386.1	F0F1 ATP synthase subunit C	b3737	NP_418193.1	atpE	T1_exact_sequence	100.0	1.0	1.0	6.0	6.0		identical protein sequence, unique on both sides
ECB_RS05435	ECB_01026	WP_000287458.1	poly-beta-1,6 N-acetyl-D-glucosamine export porin PgaA	b1024	NP_415543.1	pgaA	T1_exact_sequence	100.0	1.0	1.0	5.0	6.0		identical protein sequence, unique on both sides
ECB_RS11210	ECB_02126	WP_001295447.1	heme exporter protein CcmC	b2199	NP_416703.1	ccmC	T1_exact_sequence	100.0	1.0	1.0	6.0	6.0		identical protein sequence, unique on both sides
ECB_RS06860	ECB_01290	WP_000737347.1	zinc-dependent alcohol dehydrogenase	b1313	NP_415829.1	ycjQ	T1_exact_sequence	100.0	1.0	1.0	6.0	6.0		identical protein sequence, unique on both sides
ECB_RS25585		WP_001307436.1	protein YrhD	b4612	YP_009518820.1	yrhD	T1_exact_sequence	100.0	1.0	1.0	5.0	5.0		identical protein sequence, unique on both sides
ECB_RS00635	ECB_00121	WP_001295568.1	YacC family pilotin-like protein	b0122	NP_414664.4	yacC	T1_exact_sequence	100.0	1.0	1.0	6.0	6.0		identical protein sequence, unique on both sides
ECB_RS08430	ECB_01597	WP_000133193.1	electron transport complex subunit RsxA	b1627	NP_416144.1	rsxA	T1_exact_sequence	100.0	1.0	1.0	6.0	6.0		identical protein sequence, unique on both sides
ECB_RS12635	ECB_02397	WP_001295476.1	glycine zipper 2TM domain-containing protein	b2505	NP_417000.1	yfgH	T1_exact_sequence	100.0	1.0	1.0	5.0	5.0		identical protein sequence, unique on both sides
ECB_RS06935	ECB_01305	WP_001300523.1	alpha/beta hydrolase	b1327	NP_415843.2	ycjY	T1_exact_sequence	100.0	1.0	1.0	6.0	6.0		identical protein sequence, unique on both sides
ECB_RS19135	ECB_03620	WP_001052219.1	F0F1 ATP synthase subunit B	b3736	NP_418192.1	atpF	T1_exact_sequence	100.0	1.0	1.0	6.0	6.0		identical protein sequence, unique on both sides
ECB_RS12755	ECB_02421	WP_000331707.1	Fe-S cluster assembly scaffold IscU	b2529	NP_417024.1	iscU	T1_exact_sequence	100.0	1.0	1.0	6.0	6.0		identical protein sequence, unique on both sides
ECB_RS03980	ECB_00746	WP_000042533.1	excinuclease ABC subunit UvrB	b0779	NP_415300.1	uvrB	T1_exact_sequence	100.0	1.0	1.0	6.0	6.0		identical protein sequence, unique on both sides
ECB_RS03120	ECB_00599	WP_000284027.1	lipoyl(octanoyl) transferase LipB	b0630	NP_415163.2	lipB	T1_exact_sequence	100.0	1.0	1.0	6.0	6.0		identical protein sequence, unique on both sides
ECB_RS22665	ECB_04252	WP_000490275.1	DUF1328 domain-containing protein	b4568	YP_588479.2	ytjA	T1_exact_sequence	100.0	1.0	1.0	6.0	6.0		identical protein sequence, unique on both sides
ECB_RS06995	ECB_01315	WP_000444929.1	p-aminobenzoyl-glutamate hydrolase subunit AbgA	b1338	NP_415854.4	abgA	T1_exact_sequence	100.0	1.0	1.0	6.0	6.0		identical protein sequence, unique on both sides
ECB_RS08190	ECB_01550	WP_001295394.1	starvation-sensing protein RspA	b1581	NP_416098.1	rspA	T1_exact_sequence	100.0	1.0	1.0	4.0	4.0		identical protein sequence, unique on both sides
ECB_RS11785	ECB_02239	WP_000146992.1	cell division protein DedD	b2314	NP_416817.2	dedD	T1_exact_sequence	100.0	1.0	1.0	6.0	6.0		identical protein sequence, unique on both sides
ECB_RS18305	ECB_03456	WP_000228269.1	mannitol operon repressor MtlR	b3601	NP_418058.1	mtlR	T1_exact_sequence	100.0	1.0	1.0	5.0	5.0		identical protein sequence, unique on both sides
ECB_RS15590	ECB_02948	WP_000767652.1	protein YgjJ	b3079	NP_417550.1	ygjJ	T1_exact_sequence	100.0	1.0	1.0	6.0	6.0		identical protein sequence, unique on both sides
ECB_RS19100	ECB_03613	WP_000334099.1	glutamine--fructose-6-phosphate transaminase (isomerizing)	b3729	NP_418185.1	glmS	T1_exact_sequence	100.0	1.0	1.0	6.0	6.0		identical protein sequence, unique on both sides
ECB_RS02945	ECB_00564	WP_000637953.1	proofreading thioesterase EntH	b0597	NP_415129.1	entH	T1_exact_sequence	100.0	1.0	1.0	6.0	6.0		identical protein sequence, unique on both sides
ECB_RS13570	ECB_02567	WP_000132961.1	hydrogenase maturation peptidase HycI	b2717	NP_417197.1	hycI	T1_exact_sequence	100.0	1.0	1.0	6.0	6.0		identical protein sequence, unique on both sides
ECB_RS16725	ECB_03159	WP_001096200.1	50S ribosomal protein L5	b3308	NP_417767.1	rplE	T1_exact_sequence	100.0	1.0	1.0	6.0	6.0		identical protein sequence, unique on both sides
ECB_RS04785	ECB_00905	WP_001190363.1	NAD(P)H oxidoreductase	b0901	NP_415421.1	ycaK	T1_exact_sequence	100.0	1.0	1.0	6.0	6.0		identical protein sequence, unique on both sides
ECB_RS19360	ECB_03660	WP_001295255.1	rho operon leader peptide RhoL	b3782	YP_009518827.1	rhoL	T1_exact_sequence	100.0	1.0	1.0	6.0	6.0		identical protein sequence, unique on both sides
ECB_RS15620	ECB_02953	WP_000018695.1	23S rRNA (guanine(1835)-N(2))-methyltransferase RlmG	b3084	NP_417555.4	rlmG	T1_exact_sequence	100.0	1.0	1.0	6.0	6.0		identical protein sequence, unique on both sides
ECB_RS14320	ECB_02708	WP_001020381.1	selenium-dependent molybdenum cofactor biosynthesis protein YqeB	b2875	NP_417351.1	yqeB	T1_exact_sequence	100.0	1.0	1.0	6.0	6.0		identical protein sequence, unique on both sides
ECB_RS19780	ECB_03738	WP_000444561.1	Xaa-Pro dipeptidase	b3847	NP_418289.1	pepQ	T1_exact_sequence	100.0	1.0	1.0	6.0	6.0		identical protein sequence, unique on both sides
ECB_RS08585	ECB_01627	WP_000701040.1	MFS transporter	b1657	NP_416174.1	ydhP	T1_exact_sequence	100.0	1.0	1.0	6.0	6.0		identical protein sequence, unique on both sides
ECB_RS20710	ECB_03895	WP_001207634.1	DUF3811 domain-containing protein	b4023	NP_418447.1	yjbD	T1_exact_sequence	100.0	1.0	1.0	6.0	6.0		identical protein sequence, unique on both sides
ECB_RS00685	ECB_00131	WP_000339954.1	recombination-promoting nuclease RpnC	b0132	NP_414674.1	rpnC	T1_exact_sequence	100.0	1.0	1.0	6.0	6.0		identical protein sequence, unique on both sides
ECB_RS04685	ECB_00886	WP_000520781.1	ATP-dependent Clp protease adapter ClpS	b0881	NP_415402.1	clpS	T1_exact_sequence	100.0	1.0	1.0	6.0	6.0		identical protein sequence, unique on both sides
ECB_RS19605	ECB_03704	WP_000487654.1	lysophospholipase L2	b3825	YP_026266.1	pldB	T1_exact_sequence	100.0	1.0	1.0	6.0	6.0		identical protein sequence, unique on both sides
ECB_RS07620	ECB_01437	WP_000433476.1	malate dehydrogenase	b1479	NP_415996.2	maeA	T1_exact_sequence	100.0	1.0	1.0	6.0	6.0		identical protein sequence, unique on both sides
ECB_RS16605	ECB_03135	WP_000460680.1	DUF494 family protein Smg	b3284	NP_417743.1	smg	T1_exact_sequence	100.0	1.0	1.0	6.0	6.0		identical protein sequence, unique on both sides
ECB_RS06330	ECB_01192	WP_000170963.1	type I toxin-antitoxin system toxin Ldr family protein	b4421	YP_025298.1	ldrB	T1_exact_sequence	100.0	1.0	1.0	5.0	5.0		identical protein sequence, unique on both sides
ECB_RS12775	ECB_02425	WP_000553451.1	inositol-1-monophosphatase	b2533	NP_417028.1	suhB	T1_exact_sequence	100.0	1.0	1.0	6.0	6.0		identical protein sequence, unique on both sides
ECB_RS20515	ECB_03861	WP_001207201.1	50S ribosomal protein L10	b3985	NP_418412.1	rplJ	T1_exact_sequence	100.0	1.0	1.0	6.0	6.0		identical protein sequence, unique on both sides
ECB_RS22390	ECB_04201	WP_001141220.1	MFS transporter	b4332	NP_418752.1	yjiJ	T1_exact_sequence	100.0	1.0	1.0	6.0	6.0		identical protein sequence, unique on both sides
ECB_RS07410	ECB_01395	WP_001270286.1	type II toxin-antitoxin system antitoxin HicB	b1438	NP_415955.2	hicB	T1_exact_sequence	100.0	1.0	1.0	6.0	6.0		identical protein sequence, unique on both sides
ECB_RS21430	ECB_04027	WP_000004771.1	elongation factor P--(R)-beta-lysine ligase	b4155	NP_418579.2	epmA	T1_exact_sequence	100.0	1.0	1.0	6.0	6.0		identical protein sequence, unique on both sides
ECB_RS12935		WP_000128776.1	type I toxin-antitoxin system toxin ShoB	b4687	YP_002791251.1	shoB	T1_exact_sequence	100.0	1.0	1.0	6.0	6.0		identical protein sequence, unique on both sides
ECB_RS06760	ECB_01271	WP_001250216.1	ABC transporter substrate-binding protein SapA	b1294	NP_415810.1	sapA	T1_exact_sequence	100.0	1.0	1.0	6.0	6.0		identical protein sequence, unique on both sides
ECB_RS08240	ECB_01560	WP_000148710.1	Tat proofreading chaperone DmsD	b1591	NP_416108.2	dmsD	T1_exact_sequence	100.0	1.0	1.0	6.0	6.0		identical protein sequence, unique on both sides
ECB_RS22805	ECB_04278	WP_001303782.1	protein YjjY	b4402	NP_418819.1	yjjY	T1_exact_sequence	100.0	1.0	1.0	6.0	6.0		identical protein sequence, unique on both sides
ECB_RS15500	ECB_02931	WP_000986797.1	L(+)-tartrate dehydratase subunit alpha	b3061	NP_417533.1	ttdA	T1_exact_sequence	100.0	1.0	1.0	6.0	6.0		identical protein sequence, unique on both sides
ECB_RS01425	ECB_00270	WP_000131044.1	choline BCCT transporter BetT	b0314	NP_414848.1	betT	T1_exact_sequence	100.0	1.0	1.0	6.0	6.0		identical protein sequence, unique on both sides
ECB_RS14240	ECB_02693	WP_000065950.1	amino acid permease	b2845	NP_417322.1	yqeG	T1_exact_sequence	100.0	1.0	1.0	4.0	5.0		identical protein sequence, unique on both sides
ECB_RS10925	ECB_02073	WP_000920064.1	outer membrane permeability protein SanA	b2144	NP_416649.1	sanA	T1_exact_sequence	100.0	1.0	1.0	6.0	6.0		identical protein sequence, unique on both sides
ECB_RS07425	ECB_01398	WP_000220396.1	ABC transporter ATP-binding protein	b1441	NP_415958.1	ydcT	T1_exact_sequence	100.0	1.0	1.0	6.0	6.0		identical protein sequence, unique on both sides
ECB_RS16855	ECB_03185	WP_001295161.1	type II secretion system protein GspM	b3334	NP_417793.2	gspM	T1_exact_sequence	100.0	1.0	1.0	6.0	6.0		identical protein sequence, unique on both sides
ECB_RS00370		WP_001248770.1	glucose uptake inhibitor SgrT	b4662	YP_002791237.1	sgrT	T1_exact_sequence	100.0	1.0	1.0	6.0	6.0		identical protein sequence, unique on both sides
ECB_RS12920	ECB_02454	WP_000190655.1	phosphatidylglycerophosphatase C	b2560	NP_417055.4	pgpC	T1_exact_sequence	100.0	1.0	1.0	5.0	5.0		identical protein sequence, unique on both sides
ECB_RS00340	ECB_00066	WP_001300811.1	arabinose operon transcriptional regulator AraC	b0064	NP_414606.1	araC	T1_exact_sequence	100.0	1.0	1.0	6.0	6.0		identical protein sequence, unique on both sides
ECB_RS06265	ECB_01179	WP_000152933.1	aminoacyl-tRNA hydrolase	b1204	NP_415722.1	pth	T1_exact_sequence	100.0	1.0	1.0	6.0	6.0		identical protein sequence, unique on both sides
ECB_RS04755	ECB_00899	WP_000213098.1	dimethylsulfoxide reductase iron-sulfur subunit DmsB	b0895	NP_415415.1	dmsB	T1_exact_sequence	100.0	1.0	1.0	6.0	6.0		identical protein sequence, unique on both sides
ECB_RS16670	ECB_03148	WP_001029684.1	30S ribosomal protein S11	b3297	NP_417756.1	rpsK	T1_exact_sequence	100.0	1.0	1.0	6.0	6.0		identical protein sequence, unique on both sides
ECB_RS15835	ECB_02996	WP_000072187.1	aga operon transcriptional regulator AgaR	b3131	NP_417600.1	agaR	T1_exact_sequence	100.0	1.0	1.0	5.0	5.0		identical protein sequence, unique on both sides
ECB_RS17635	ECB_03335	WP_001216257.1	ABC transporter permease	b3485	NP_417942.6	yhhJ	T1_exact_sequence	100.0	1.0	1.0	6.0	6.0		identical protein sequence, unique on both sides
ECB_RS02990	ECB_00574	WP_000052796.1	alkyl hydroperoxide reductase subunit C	b0605	NP_415138.1	ahpC	T1_exact_sequence	100.0	1.0	1.0	5.0	5.0		identical protein sequence, unique on both sides
ECB_RS16600	ECB_03134	WP_001129722.1	DNA topoisomerase family protein	b3283	YP_026210.1	yrdD	T1_exact_sequence	100.0	1.0	1.0	6.0	6.0		identical protein sequence, unique on both sides
ECB_RS14765	ECB_02794	WP_001049791.1	nucleoside permease NupG	b2964	NP_417439.4	nupG	T1_exact_sequence	100.0	1.0	1.0	5.0	5.0		identical protein sequence, unique on both sides
ECB_RS12915	ECB_02453	WP_001297409.1	tRNA adenosine(34) deaminase TadA	b2559	NP_417054.2	tadA	T1_exact_sequence	100.0	1.0	1.0	5.0	5.0		identical protein sequence, unique on both sides
ECB_RS11460	ECB_02175	WP_000921621.1	nicotinamide mononucleotide deamidase-related protein YfaY	b2249	NP_416752.1	yfaY	T1_exact_sequence	100.0	1.0	1.0	6.0	6.0		identical protein sequence, unique on both sides
ECB_RS16990	ECB_03210	WP_000963792.1	bifunctional acetylornithine/succinyldiaminopimelate transaminase	b3359	NP_417818.1	argD	T1_exact_sequence	100.0	1.0	1.0	6.0	6.0		identical protein sequence, unique on both sides
ECB_RS07060	ECB_01326	WP_000166319.1	recombination protein RecT	b1349	NP_415865.1	recT	T1_exact_sequence	100.0	1.0	1.0	6.0	6.0		identical protein sequence, unique on both sides
ECB_RS01625	ECB_00308	WP_001096705.1	DUF2058 domain-containing protein	b0354	NP_414888.4	yaiL	T1_exact_sequence	100.0	1.0	1.0	6.0	6.0		identical protein sequence, unique on both sides
ECB_RS17960	ECB_03393	WP_000084677.1	dipeptide ABC transporter permease DppC	b3542	NP_417999.1	dppC	T1_exact_sequence	100.0	1.0	1.0	5.0	5.0		identical protein sequence, unique on both sides
ECB_RS21615	ECB_04061	WP_000218362.1	PTS ascorbate transporter subunit IIB	b4194	NP_418615.1	ulaB	T1_exact_sequence	100.0	1.0	1.0	6.0	6.0		identical protein sequence, unique on both sides
ECB_RS14495	ECB_02741	WP_001295378.1	UPF0149 family protein YgfB	b2909	NP_417385.4	ygfB	T1_exact_sequence	100.0	1.0	1.0	6.0	6.0		identical protein sequence, unique on both sides
ECB_RS25250		WP_001321562.1	protein YjbS	b4621	YP_001165333.1	yjbS	T1_exact_sequence	100.0	1.0	1.0	6.0	6.0		identical protein sequence, unique on both sides
ECB_RS18120	ECB_03422	WP_001297957.1	protein bax	b3570	YP_026230.1	bax	T1_exact_sequence	100.0	1.0	1.0	6.0	6.0		identical protein sequence, unique on both sides
ECB_RS02195	ECB_00419	WP_001188905.1	DUF454 family protein	b0468	NP_415001.1	ybaN	T1_exact_sequence	100.0	1.0	1.0	6.0	6.0		identical protein sequence, unique on both sides
ECB_RS08610	ECB_01632	WP_000098896.1	cyclopropane fatty acyl phospholipid synthase	b1661	NP_416178.1	cfa	T1_exact_sequence	100.0	1.0	1.0	6.0	6.0		identical protein sequence, unique on both sides
ECB_RS17700	ECB_03346	WP_000686620.1	16S rRNA (guanine(1516)-N(2))-methyltransferase RsmJ	b3497	NP_417954.1	rsmJ	T1_exact_sequence	100.0	1.0	1.0	6.0	6.0		identical protein sequence, unique on both sides
ECB_RS17060	ECB_03224	WP_000853353.1	fructoselysine 6-kinase	b3374	NP_417833.1	frlD	T1_exact_sequence	100.0	1.0	1.0	5.0	5.0		identical protein sequence, unique on both sides
ECB_RS08645	ECB_01637	WP_000716950.1	FAD-NAD(P)-binding protein	b1668	NP_416183.1	ydhS	T1_exact_sequence	100.0	1.0	1.0	6.0	6.0		identical protein sequence, unique on both sides
ECB_RS12730	ECB_02416	WP_000523616.1	Fe-S cluster assembly protein IscX	b2524	NP_417019.1	iscX	T1_exact_sequence	100.0	1.0	1.0	6.0	6.0		identical protein sequence, unique on both sides
ECB_RS11535	ECB_02190	WP_000600499.1	2-succinyl-6-hydroxy-2,4-cyclohexadiene-1-carboxylate synthase	b2263	NP_416766.1	menH	T1_exact_sequence	100.0	1.0	1.0	6.0	6.0		identical protein sequence, unique on both sides
ECB_RS20130	ECB_03796	WP_001270260.1	6-hydroxyaminopurine reductase	b3910	NP_418346.2	yiiM	T1_exact_sequence	100.0	1.0	1.0	6.0	6.0		identical protein sequence, unique on both sides
ECB_RS05530	ECB_01042	WP_000857405.1	O-acetyl-ADP-ribose deacetylase	b1045	NP_415563.1	ymdB	T1_exact_sequence	100.0	1.0	1.0	6.0	6.0		identical protein sequence, unique on both sides
ECB_RS00185	ECB_00036	WP_000597260.1	glutamine-hydrolyzing carbamoyl-phosphate synthase small subunit	b0032	NP_414573.1	carA	T1_exact_sequence	100.0	1.0	1.0	6.0	6.0		identical protein sequence, unique on both sides
ECB_RS07020	ECB_01319	WP_000387388.1	zinc transporter ZntB	b1342	NP_415858.1	zntB	T1_exact_sequence	100.0	1.0	1.0	6.0	6.0		identical protein sequence, unique on both sides
ECB_RS12685	ECB_02407	WP_000551807.1	flavodoxin-dependent (E)-4-hydroxy-3-methylbut-2-enyl-diphosphate synthase	b2515	NP_417010.1	ispG	T1_exact_sequence	100.0	1.0	1.0	6.0	6.0		identical protein sequence, unique on both sides
ECB_RS25930		WP_211180495.1	protein YncP	b4774	YP_010051184.1	yncP	T1_exact_sequence	100.0	1.0	1.0	5.0	5.0		identical protein sequence, unique on both sides
ECB_RS22240	ECB_04177	WP_001309184.1	N-acetylneuraminate epimerase	b4310	NP_418730.4	nanM	T1_exact_sequence	100.0	1.0	1.0	4.0	4.0		identical protein sequence, unique on both sides
ECB_RS00900	ECB_00173	WP_000922446.1	phosphatidate cytidylyltransferase	b0175	NP_414717.2	cdsA	T1_exact_sequence	100.0	1.0	1.0	6.0	6.0		identical protein sequence, unique on both sides
ECB_RS18960	ECB_03585	WP_000059111.1	chromosomal replication initiator protein DnaA	b3702	NP_418157.1	dnaA	T1_exact_sequence	100.0	1.0	1.0	6.0	6.0		identical protein sequence, unique on both sides
ECB_RS12100	ECB_02300	WP_000490072.1	DUF2502 domain-containing protein YpeC	b2390	NP_416891.1	ypeC	T1_exact_sequence	100.0	1.0	1.0	6.0	6.0		identical protein sequence, unique on both sides
ECB_RS09065	ECB_01718	WP_000673918.1	exodeoxyribonuclease III	b1749	NP_416263.1	xthA	T1_exact_sequence	100.0	1.0	1.0	6.0	6.0		identical protein sequence, unique on both sides
ECB_RS17955	ECB_03392	WP_001196486.1	dipeptide ABC transporter ATP-binding protein	b3541	NP_417998.1	dppD	T1_exact_sequence	100.0	1.0	1.0	4.0	4.0		identical protein sequence, unique on both sides
ECB_RS06890	ECB_01296	WP_000735257.1	monomeric porin OmpG	b1319	NP_415835.1	ompG	T1_exact_sequence	100.0	1.0	1.0	5.0	5.0		identical protein sequence, unique on both sides
ECB_RS02020	ECB_00386	WP_000973448.1	transcriptional regulator BolA	b0435	NP_414969.4	bolA	T1_exact_sequence	100.0	1.0	1.0	6.0	6.0		identical protein sequence, unique on both sides
ECB_RS11500	ECB_02183	WP_000844057.1	lipid IV(A) 4-amino-4-deoxy-L-arabinosyltransferase	b2257	NP_416760.1	arnT	T1_exact_sequence	100.0	1.0	1.0	6.0	6.0		identical protein sequence, unique on both sides
ECB_RS20320	ECB_03831	WP_000374004.1	bifunctional L-1,2-propanediol dehydrogenase/glycerol dehydrogenase	b3945	NP_418380.4	gldA	T1_exact_sequence	100.0	1.0	1.0	6.0	6.0		identical protein sequence, unique on both sides
ECB_RS26305		WP_240811045.1	protein YpeD	b4819	YP_010283913.1	ypeD	T1_exact_sequence	100.0	1.0	1.0	6.0	6.0		identical protein sequence, unique on both sides
ECB_RS21925	ECB_04121	WP_000002953.1	ribonuclease E inhibitor RraB	b4255	NP_418676.1	rraB	T1_exact_sequence	100.0	1.0	1.0	6.0	6.0		identical protein sequence, unique on both sides
ECB_RS16885	ECB_03191	WP_000124700.1	elongation factor G	b3340	NP_417799.1	fusA	T1_exact_sequence	100.0	1.0	1.0	6.0	6.0		identical protein sequence, unique on both sides
ECB_RS22555	ECB_04233	WP_000410113.1	MFS transporter	b4356	NP_418776.1	lgoT	T1_exact_sequence	100.0	1.0	1.0	4.0	4.0		identical protein sequence, unique on both sides
ECB_RS14745	ECB_02790	WP_000786911.1	tRNA (guanosine(46)-N7)-methyltransferase TrmB	b2960	NP_417435.1	trmB	T1_exact_sequence	100.0	1.0	1.0	6.0	6.0		identical protein sequence, unique on both sides
ECB_RS08855	ECB_01677	WP_001209795.1	C40 family peptidase	b1708	NP_416223.1	nlpC	T1_exact_sequence	100.0	1.0	1.0	6.0	6.0		identical protein sequence, unique on both sides
ECB_RS16640	ECB_03142	WP_000092696.1	alternative ribosome-rescue factor ArfA	b4550	YP_588467.1	arfA	T1_exact_sequence	100.0	1.0	1.0	6.0	6.0		identical protein sequence, unique on both sides
ECB_RS00825	ECB_00158	WP_000689844.1	5'-methylthioadenosine/S-adenosylhomocysteine nucleosidase	b0159	NP_414701.1	mtn	T1_exact_sequence	100.0	1.0	1.0	6.0	6.0		identical protein sequence, unique on both sides
ECB_RS06300	ECB_01186	WP_000804726.1	peptide chain release factor 1	b1211	NP_415729.1	prfA	T1_exact_sequence	100.0	1.0	1.0	6.0	6.0		identical protein sequence, unique on both sides
ECB_RS02720	ECB_00519	WP_001201845.1	omptin family outer membrane protease OmpT	b0565	NP_415097.1	ompT	T1_exact_sequence	100.0	1.0	1.0	4.0	4.0		identical protein sequence, unique on both sides
ECB_RS20965	ECB_03941	WP_000078239.1	acetate--CoA ligase	b4069	NP_418493.1	acs	T1_exact_sequence	100.0	1.0	1.0	6.0	6.0		identical protein sequence, unique on both sides
ECB_RS16585	ECB_03131	WP_001070563.1	DUF1488 domain-containing protein	b3280	NP_417739.1	yrdB	T1_exact_sequence	100.0	1.0	1.0	6.0	6.0		identical protein sequence, unique on both sides
ECB_RS11670	ECB_02217	WP_001012899.1	SLC13 family permease	b2292	NP_416795.1	yfbS	T1_exact_sequence	100.0	1.0	1.0	6.0	6.0		identical protein sequence, unique on both sides
ECB_RS10700	ECB_02025	WP_000129551.1	class I fructose-bisphosphate aldolase	b2097	NP_416600.4	fbaB	T1_exact_sequence	100.0	1.0	1.0	5.0	5.0		identical protein sequence, unique on both sides
ECB_RS17850	ECB_03373	WP_001295219.1	cyclic-guanylate-specific phosphodiesterase	b3525	NP_417982.2	pdeH	T1_exact_sequence	100.0	1.0	1.0	6.0	6.0		identical protein sequence, unique on both sides
ECB_RS04050	ECB_00759	WP_000469031.1	ABC transporter permease	b0792	NP_415313.1	ybhR	T1_exact_sequence	100.0	1.0	1.0	6.0	6.0		identical protein sequence, unique on both sides
ECB_RS07740	ECB_01460	WP_000520676.1	fimbrial protein	b1502	NP_416019.1	ydeQ	T1_exact_sequence	100.0	1.0	1.0	5.0	5.0		identical protein sequence, unique on both sides
ECB_RS20250	ECB_03819	WP_000644904.1	DNA-binding transcriptional regulator CytR	b3934	NP_418369.1	cytR	T1_exact_sequence	100.0	1.0	1.0	5.0	5.0		identical protein sequence, unique on both sides
ECB_RS13030	ECB_02471	WP_001300638.1	LysR family transcriptional regulator	b2577	NP_417072.4	yfiE	T1_exact_sequence	100.0	1.0	1.0	6.0	6.0		identical protein sequence, unique on both sides
ECB_RS11970	ECB_02275	WP_000556048.1	D-serine transporter DsdX	b2365	NP_416866.1	dsdX	T1_exact_sequence	100.0	1.0	1.0	4.0	6.0		identical protein sequence, unique on both sides
ECB_RS13530	ECB_02559	WP_000010749.1	nitric oxide reductase transcriptional regulator NorR	b2709	NP_417189.2	norR	T1_exact_sequence	100.0	1.0	1.0	6.0	6.0		identical protein sequence, unique on both sides
ECB_RS08885	ECB_01683	WP_000018596.1	phenylalanine--tRNA ligase subunit alpha	b1714	NP_416229.1	pheS	T1_exact_sequence	100.0	1.0	1.0	6.0	6.0		identical protein sequence, unique on both sides
ECB_RS06025	ECB_01136	WP_000373101.1	DUF1398 domain-containing protein	b1161	NP_415679.1	ycgX	T1_exact_sequence	100.0	1.0	1.0	6.0	6.0		identical protein sequence, unique on both sides
ECB_RS26180		WP_001297404.1	protein YqgG	b4784	YP_010051195.1	yqgG	T1_exact_sequence	100.0	1.0	1.0	6.0	6.0		identical protein sequence, unique on both sides
ECB_RS13325	ECB_02525	WP_000115383.1	DNA-binding protein StpA	b2669	NP_417155.1	stpA	T1_exact_sequence	100.0	1.0	1.0	6.0	6.0		identical protein sequence, unique on both sides
ECB_RS00750	ECB_00144	WP_001155227.1	RNA polymerase-binding protein DksA	b0145	NP_414687.1	dksA	T1_exact_sequence	100.0	1.0	1.0	6.0	6.0		identical protein sequence, unique on both sides
ECB_RS03125	ECB_00600	WP_000850550.1	DUF493 family protein YbeD	b0631	NP_415164.1	ybeD	T1_exact_sequence	100.0	1.0	1.0	6.0	6.0		identical protein sequence, unique on both sides
ECB_RS14615	ECB_02765	WP_000098614.1	transketolase	b2935	YP_026188.1	tktA	T1_exact_sequence	100.0	1.0	1.0	6.0	6.0		identical protein sequence, unique on both sides
ECB_RS09830	ECB_01860	WP_000795630.1	flagellar motor protein MotB	b1889	NP_416403.1	motB	T1_exact_sequence	100.0	1.0	1.0	6.0	6.0		identical protein sequence, unique on both sides
ECB_RS13075	ECB_02479	WP_000949265.1	CDP-diacylglycerol--serine O-phosphatidyltransferase	b2585	NP_417080.4	pssA	T1_exact_sequence	100.0	1.0	1.0	6.0	6.0		identical protein sequence, unique on both sides
ECB_RS03690	ECB_00699	WP_000030637.1	cell envelope integrity protein TolA	b0739	NP_415267.1	tolA	T1_exact_sequence	100.0	1.0	1.0	6.0	6.0		identical protein sequence, unique on both sides
ECB_RS20510	ECB_03860	WP_001096684.1	50S ribosomal protein L1	b3984	NP_418411.1	rplA	T1_exact_sequence	100.0	1.0	1.0	6.0	6.0		identical protein sequence, unique on both sides
ECB_RS16210	ECB_03068	WP_001176599.1	ribosome hibernation promoting factor	b3203	NP_417670.1	hpf	T1_exact_sequence	100.0	1.0	1.0	6.0	6.0		identical protein sequence, unique on both sides
ECB_RS01730	ECB_00329	WP_000792970.1	anti-adapter protein IraP	b0382	NP_414916.1	iraP	T1_exact_sequence	100.0	1.0	1.0	5.0	5.0		identical protein sequence, unique on both sides
ECB_RS12080	ECB_02296	WP_000985359.1	PTS fructose transporter subunit IIC	b2386	NP_416887.1	fryC	T1_exact_sequence	100.0	1.0	1.0	6.0	6.0		identical protein sequence, unique on both sides
ECB_RS03810	ECB_00715	WP_000891515.1	multidrug efflux pump accessory protein AcrZ	b0762	NP_415283.1	acrZ	T1_exact_sequence	100.0	1.0	1.0	6.0	6.0		identical protein sequence, unique on both sides
ECB_RS05790	ECB_01091	WP_000044679.1	beta-ketoacyl-ACP synthase II	b1095	NP_415613.1	fabF	T1_exact_sequence	100.0	1.0	1.0	6.0	6.0		identical protein sequence, unique on both sides
ECB_RS11110	ECB_02108	WP_000501604.1	microcin C ABC transporter permease YejB	b2178	NP_416683.1	yejB	T1_exact_sequence	100.0	1.0	1.0	6.0	6.0		identical protein sequence, unique on both sides
ECB_RS11420	ECB_02167	WP_000857257.1	anaerobic glycerol-3-phosphate dehydrogenase subunit A	b2241	NP_416744.1	glpA	T1_exact_sequence	100.0	1.0	1.0	6.0	6.0		identical protein sequence, unique on both sides
ECB_RS17275	ECB_03266	WP_000619389.1	Fe-S biogenesis protein NfuA	b3414	NP_417873.1	nfuA	T1_exact_sequence	100.0	1.0	1.0	6.0	6.0		identical protein sequence, unique on both sides
ECB_RS01365	ECB_00258	WP_001299021.1	reactive chlorine species resistance protein RclC	b0301	NP_414835.2	rclC	T1_exact_sequence	100.0	1.0	1.0	4.0	4.0		identical protein sequence, unique on both sides
ECB_RS03050	ECB_00585	WP_000700703.1	citrate lyase acyl carrier protein	b0617	NP_415150.1	citD	T1_exact_sequence	100.0	1.0	1.0	5.0	5.0		identical protein sequence, unique on both sides
ECB_RS15580	ECB_02946	WP_001219954.1	beta-galactosidase subunit beta	b3077	NP_417548.1	ebgC	T1_exact_sequence	100.0	1.0	1.0	6.0	6.0		identical protein sequence, unique on both sides
ECB_RS13310	ECB_02522	WP_000508177.1	YqaE/Pmp3 family membrane protein	b2666	NP_417152.1	yqaE	T1_exact_sequence	100.0	1.0	1.0	6.0	6.0		identical protein sequence, unique on both sides
ECB_RS09425	ECB_01785	WP_001295494.1	EAL domain-containing protein	b1815	NP_416329.4	pdeD	T1_exact_sequence	100.0	1.0	1.0	6.0	6.0		identical protein sequence, unique on both sides
ECB_RS19080	ECB_03609	WP_000063125.1	phosphate ABC transporter ATP-binding protein PstB	b3725	NP_418181.1	pstB	T1_exact_sequence	100.0	1.0	1.0	6.0	6.0		identical protein sequence, unique on both sides
ECB_RS03760	ECB_00706	WP_000784351.1	YbgS-like family protein	b0753	NP_415274.1	ybgS	T1_exact_sequence	100.0	1.0	1.0	6.0	6.0		identical protein sequence, unique on both sides
ECB_RS20295	ECB_03827	WP_000007523.1	methylenetetrahydrofolate reductase	b3941	NP_418376.1	metF	T1_exact_sequence	100.0	1.0	1.0	5.0	5.0		identical protein sequence, unique on both sides
ECB_RS14510	ECB_02744	WP_001151604.1	phosphoglycerate dehydrogenase	b2913	NP_417388.1	serA	T1_exact_sequence	100.0	1.0	1.0	5.0	5.0		identical protein sequence, unique on both sides
ECB_RS16470	ECB_03116	WP_001175728.1	sodium/pantothenate symporter	b3258	NP_417724.4	panF	T1_exact_sequence	100.0	1.0	1.0	6.0	6.0		identical protein sequence, unique on both sides
ECB_RS09010	ECB_01708	WP_001039044.1	osmotically-inducible lipoprotein OsmE	b1739	NP_416253.1	osmE	T1_exact_sequence	100.0	1.0	1.0	6.0	6.0		identical protein sequence, unique on both sides
ECB_RS06530	ECB_01230	WP_000737226.1	outer membrane protein OmpW	b1256	NP_415772.1	ompW	T1_exact_sequence	100.0	1.0	1.0	6.0	6.0		identical protein sequence, unique on both sides
ECB_RS02835	ECB_00542	WP_001130654.1	YbdK family carboxylate-amine ligase	b0581	NP_415113.1	ybdK	T1_exact_sequence	100.0	1.0	1.0	4.0	4.0		identical protein sequence, unique on both sides
ECB_RS22760	ECB_04269	WP_000068679.1	trp operon repressor	b4393	NP_418810.1	trpR	T1_exact_sequence	100.0	1.0	1.0	6.0	6.0		identical protein sequence, unique on both sides
ECB_RS03630	ECB_00688	WP_000025458.1	succinate--CoA ligase subunit alpha	b0729	NP_415257.1	sucD	T1_exact_sequence	100.0	1.0	1.0	6.0	6.0		identical protein sequence, unique on both sides
ECB_RS02090	ECB_00399	WP_000884589.1	DNA-binding transcriptional regulator DecR	b0447	NP_414981.4	decR	T1_exact_sequence	100.0	1.0	1.0	6.0	6.0		identical protein sequence, unique on both sides
ECB_RS02270	ECB_00434	WP_000806442.1	HigA family addiction module antitoxin	b0483	NP_415016.4	ybaQ	T1_exact_sequence	100.0	1.0	1.0	6.0	6.0		identical protein sequence, unique on both sides
ECB_RS14095	ECB_02666	WP_000237947.1	amino-acid N-acetyltransferase	b2818	NP_417295.1	argA	T1_exact_sequence	100.0	1.0	1.0	6.0	6.0		identical protein sequence, unique on both sides
ECB_RS20260	ECB_03821	WP_000710769.1	50S ribosomal protein L31	b3936	NP_418371.1	rpmE	T1_exact_sequence	100.0	1.0	1.0	5.0	5.0		identical protein sequence, unique on both sides
ECB_RS19105	ECB_03614	WP_000933736.1	bifunctional UDP-N-acetylglucosamine diphosphorylase/glucosamine-1-phosphate N-acetyltransferase GlmU	b3730	NP_418186.1	glmU	T1_exact_sequence	100.0	1.0	1.0	6.0	6.0		identical protein sequence, unique on both sides
ECB_RS08290	ECB_01569	WP_000276149.1	multidrug/spermidine efflux SMR transporter subunit MdtJ	b1600	NP_416117.1	mdtJ	T1_exact_sequence	100.0	1.0	1.0	6.0	6.0		identical protein sequence, unique on both sides
ECB_RS00665	ECB_00127	WP_000972203.1	ABC transporter permease	b0128	NP_414670.1	yadH	T1_exact_sequence	100.0	1.0	1.0	6.0	6.0		identical protein sequence, unique on both sides
ECB_RS19150	ECB_03623	WP_000116695.1	F0F1 ATP synthase subunit I	b3739	NP_418195.2	atpI	T1_exact_sequence	100.0	1.0	1.0	6.0	6.0		identical protein sequence, unique on both sides
ECB_RS03080	ECB_00592	WP_001103094.1	lipid IV(A) palmitoyltransferase PagP	b0622	NP_415155.1	pagP	T1_exact_sequence	100.0	1.0	1.0	5.0	5.0		identical protein sequence, unique on both sides
ECB_RS07390	ECB_01392	WP_000429155.1	DNA-binding transcriptional regulator SutR	b1434	NP_415951.1	sutR	T1_exact_sequence	100.0	1.0	1.0	6.0	6.0		identical protein sequence, unique on both sides
ECB_RS18565	ECB_03508	WP_001070177.1	tRNA (guanosine(18)-2'-O)-methyltransferase TrmH	b3651	NP_418108.1	trmH	T1_exact_sequence	100.0	1.0	1.0	5.0	5.0		identical protein sequence, unique on both sides
ECB_RS22190	ECB_04169	WP_000460843.1	PTS sugar transporter subunit IIC SgcC	b4304	NP_418724.1	sgcC	T1_exact_sequence	100.0	1.0	1.0	6.0	6.0		identical protein sequence, unique on both sides
ECB_RS15230	ECB_02882	WP_000268419.1	DedA family general envelope maintenance protein YghB	b3009	NP_417482.1	yghB	T1_exact_sequence	100.0	1.0	1.0	6.0	6.0		identical protein sequence, unique on both sides
ECB_RS12875	ECB_02445	WP_000717694.1	nitrogen regulatory protein P-II	b2553	NP_417048.1	glnB	T1_exact_sequence	100.0	1.0	1.0	6.0	6.0		identical protein sequence, unique on both sides
ECB_RS01225	ECB_00233	WP_001291990.1	xanthine phosphoribosyltransferase	b0238	NP_414773.1	gpt	T1_exact_sequence	100.0	1.0	1.0	4.0	4.0		identical protein sequence, unique on both sides
ECB_RS13350	ECB_02530	WP_000080947.1	class Ib ribonucleoside-diphosphate reductase assembly flavoprotein NrdI	b2674	NP_417160.1	nrdI	T1_exact_sequence	100.0	1.0	1.0	6.0	6.0		identical protein sequence, unique on both sides
ECB_RS00890	ECB_00171	WP_000811923.1	1-deoxy-D-xylulose-5-phosphate reductoisomerase	b0173	NP_414715.1	dxr	T1_exact_sequence	100.0	1.0	1.0	6.0	6.0		identical protein sequence, unique on both sides
ECB_RS20960	ECB_03940	WP_001014565.1	DUF485 domain-containing protein	b4068	NP_418492.1	yjcH	T1_exact_sequence	100.0	1.0	1.0	6.0	6.0		identical protein sequence, unique on both sides
ECB_RS19125	ECB_03618	WP_001176745.1	F0F1 ATP synthase subunit alpha	b3734	NP_418190.1	atpA	T1_exact_sequence	100.0	1.0	1.0	6.0	6.0		identical protein sequence, unique on both sides
ECB_RS07785	ECB_01470	WP_001301023.1	type II toxin-antitoxin system antitoxin HipB	b1508	NP_416025.1	hipB	T1_exact_sequence	100.0	1.0	1.0	3.0	5.0		identical protein sequence, unique on both sides
ECB_RS06105	ECB_01149	WP_001185665.1	cell division topological specificity factor MinE	b1174	NP_415692.1	minE	T1_exact_sequence	100.0	1.0	1.0	5.0	5.0		identical protein sequence, unique on both sides
ECB_RS17895	ECB_03381	WP_000025892.1	UDP-forming cellulose synthase catalytic subunit	b3533	NP_417990.4	bcsA	T1_exact_sequence	100.0	1.0	1.0	5.0	5.0		identical protein sequence, unique on both sides
ECB_RS19190	ECB_03631	WP_000102319.1	low affinity potassium transporter Kup	b3747	YP_026244.1	kup	T1_exact_sequence	100.0	1.0	1.0	5.0	5.0		identical protein sequence, unique on both sides
ECB_RS09885	ECB_01871	WP_000082127.1	DUF2766 family protein YecJ	b4537	NP_416416.2	yecJ	T1_exact_sequence	100.0	1.0	1.0	6.0	6.0		identical protein sequence, unique on both sides
ECB_RS17755	ECB_03355	WP_000478619.1	helix-turn-helix transcriptional regulator	b3507	NP_417964.1	dctR	T1_exact_sequence	100.0	1.0	1.0	5.0	5.0		identical protein sequence, unique on both sides
ECB_RS22750	ECB_04267	WP_000046749.1	energy-dependent translational throttle protein EttA	b4391	NP_418808.1	ettA	T1_exact_sequence	100.0	1.0	1.0	6.0	6.0		identical protein sequence, unique on both sides
ECB_RS05425	ECB_01024	WP_000610451.1	poly-beta-1,6-N-acetyl-D-glucosamine synthase	b1022	NP_415541.1	pgaC	T1_exact_sequence	100.0	1.0	1.0	6.0	6.0		identical protein sequence, unique on both sides
ECB_RS21040		WP_001295389.1	YtcA family lipoprotein	b4622	YP_001165334.1	ytcA	T1_exact_sequence	100.0	1.0	1.0	6.0	6.0		identical protein sequence, unique on both sides
ECB_RS03595	ECB_00682	WP_000254365.1	succinate dehydrogenase membrane anchor subunit	b0722	NP_415250.1	sdhD	T1_exact_sequence	100.0	1.0	1.0	6.0	6.0		identical protein sequence, unique on both sides
ECB_RS07160	ECB_01347	WP_001300461.1	universal stress protein UspF	b1376	NP_415894.4	uspF	T1_exact_sequence	100.0	1.0	1.0	3.0	3.0		identical protein sequence, unique on both sides
ECB_RS01835	ECB_00350	WP_001295329.1	proline-specific permease ProY	b0402	NP_414936.1	proY	T1_exact_sequence	100.0	1.0	1.0	6.0	6.0		identical protein sequence, unique on both sides
ECB_RS06090	ECB_01147	WP_000726974.1	YMGG-like glycine zipper-containing protein	b1172	NP_415690.5	ymgG	T1_exact_sequence	100.0	1.0	1.0	5.0	5.0		identical protein sequence, unique on both sides
ECB_RS05895	ECB_01112	WP_000284714.1	lipoprotein-releasing ABC transporter permease subunit LolC	b1116	NP_415634.1	lolC	T1_exact_sequence	100.0	1.0	1.0	5.0	5.0		identical protein sequence, unique on both sides
ECB_RS18965	ECB_03586	WP_000831330.1	50S ribosomal protein L34	b3703	NP_418158.1	rpmH	T1_exact_sequence	100.0	1.0	1.0	6.0	6.0		identical protein sequence, unique on both sides
ECB_RS00570	ECB_00108	WP_001135174.1	carboxylating nicotinate-nucleotide diphosphorylase	b0109	NP_414651.1	nadC	T1_exact_sequence	100.0	1.0	1.0	6.0	6.0		identical protein sequence, unique on both sides
ECB_RS10985	ECB_02083	WP_000425438.1	S-formylglutathione hydrolase	b2154	NP_416659.1	yeiG	T1_exact_sequence	100.0	1.0	1.0	6.0	6.0		identical protein sequence, unique on both sides
ECB_RS05775	ECB_01088	WP_000191372.1	ACP S-malonyltransferase	b1092	NP_415610.1	fabD	T1_exact_sequence	100.0	1.0	1.0	6.0	6.0		identical protein sequence, unique on both sides
ECB_RS20700	ECB_03893	WP_000421763.1	dipeptidase PepE	b4021	NP_418445.1	pepE	T1_exact_sequence	100.0	1.0	1.0	6.0	6.0		identical protein sequence, unique on both sides
ECB_RS04590	ECB_00868	WP_000756569.1	arginine ABC transporter substrate-binding protein ArtI	b0863	NP_415384.1	artI	T1_exact_sequence	100.0	1.0	1.0	6.0	6.0		identical protein sequence, unique on both sides
ECB_RS17610	ECB_03330	WP_001190062.1	nickel-responsive transcriptional regulator NikR	b3481	NP_417938.1	nikR	T1_exact_sequence	100.0	1.0	1.0	6.0	6.0		identical protein sequence, unique on both sides
ECB_RS09495	ECB_01796	WP_000714550.1	PhoP/PhoQ regulator MgrB	b1826	NP_416340.1	mgrB	T1_exact_sequence	100.0	1.0	1.0	6.0	6.0		identical protein sequence, unique on both sides
ECB_RS04045	ECB_00758	WP_000871982.1	YbhQ family protein	b0791	NP_415312.1	ybhQ	T1_exact_sequence	100.0	1.0	1.0	6.0	6.0		identical protein sequence, unique on both sides
ECB_RS13885	ECB_02628	WP_000581937.1	type II toxin-antitoxin system antitoxin MazE	b2783	NP_417263.1	mazE	T1_exact_sequence	100.0	1.0	1.0	6.0	6.0		identical protein sequence, unique on both sides
ECB_RS11335	ECB_02151	WP_000786547.1	acetyl-CoA acetyltransferase	b2224	NP_416728.1	atoB	T1_exact_sequence	100.0	1.0	1.0	5.0	5.0		identical protein sequence, unique on both sides
ECB_RS05420	ECB_01023	WP_001061095.1	poly-beta-1,6-N-acetyl-D-glucosamine biosynthesis protein PgaD	b1021	NP_415540.1	pgaD	T1_exact_sequence	100.0	1.0	1.0	6.0	6.0		identical protein sequence, unique on both sides
ECB_RS00400	ECB_00077	WP_001300467.1	leu operon leader peptide	b0075	NP_414617.1	leuL	T1_exact_sequence	100.0	1.0	1.0	5.0	5.0		identical protein sequence, unique on both sides
ECB_RS11530	ECB_02189	WP_000639996.1	1,4-dihydroxy-2-naphthoyl-CoA synthase	b2262	NP_416765.1	menB	T1_exact_sequence	100.0	1.0	1.0	6.0	6.0		identical protein sequence, unique on both sides
ECB_RS16125	ECB_03051	WP_000271401.1	50S ribosomal protein L21	b3186	NP_417653.1	rplU	T1_exact_sequence	100.0	1.0	1.0	6.0	6.0		identical protein sequence, unique on both sides
ECB_RS03165	ECB_00608	WP_000838889.1	nicotinate-nucleotide adenylyltransferase	b0639	NP_415172.1	nadD	T1_exact_sequence	100.0	1.0	1.0	6.0	6.0		identical protein sequence, unique on both sides
ECB_RS20760	ECB_03903	WP_001097274.1	D-xylose transporter XylE	b4031	NP_418455.1	xylE	T1_exact_sequence	100.0	1.0	1.0	5.0	5.0		identical protein sequence, unique on both sides
ECB_RS16215	ECB_03069	WP_000183676.1	PTS IIA-like nitrogen regulatory protein PtsN	b3204	NP_417671.1	ptsN	T1_exact_sequence	100.0	1.0	1.0	6.0	6.0		identical protein sequence, unique on both sides
ECB_RS00005	ECB_00001	WP_001386572.1	thr operon leader peptide	b0001	NP_414542.1	thrL	T1_exact_sequence	100.0	1.0	1.0	6.0	6.0		identical protein sequence, unique on both sides
ECB_RS05045	ECB_00956	WP_000759120.1	membrane integrity-associated transporter subunit PqiC	b0952	NP_415472.2	pqiC	T1_exact_sequence	100.0	1.0	1.0	6.0	6.0		identical protein sequence, unique on both sides
ECB_RS15115	ECB_02862	WP_001190781.1	dTMP kinase	b2986	NP_417460.1	yghT	T1_exact_sequence	100.0	1.0	1.0	6.0	6.0		identical protein sequence, unique on both sides
ECB_RS20045	ECB_03781	WP_001295677.1	YiiG family protein	b3896	NP_418332.1	yiiG	T1_exact_sequence	100.0	1.0	1.0	6.0	6.0		identical protein sequence, unique on both sides
ECB_RS13815	ECB_02614	WP_001299097.1	electron transfer flavoprotein subunit alpha/FixB family protein	b2769	NP_417249.4	ygcQ	T1_exact_sequence	100.0	1.0	1.0	6.0	6.0		identical protein sequence, unique on both sides
ECB_RS12500	ECB_02371	WP_000176187.1	glycine cleavage system transcriptional repressor	b2479	NP_416974.4	gcvR	T1_exact_sequence	100.0	1.0	1.0	6.0	6.0		identical protein sequence, unique on both sides
ECB_RS00435	ECB_00083	WP_000970479.1	16S rRNA (cytosine(1402)-N(4))-methyltransferase RsmH	b0082	NP_414624.1	rsmH	T1_exact_sequence	100.0	1.0	1.0	5.0	5.0		identical protein sequence, unique on both sides
ECB_RS04055	ECB_00760	WP_000070131.1	ABC transporter permease	b0793	NP_415314.1	ybhS	T1_exact_sequence	100.0	1.0	1.0	6.0	6.0		identical protein sequence, unique on both sides
ECB_RS00515	ECB_00099	WP_000905789.1	preprotein translocase subunit SecA	b0098	NP_414640.1	secA	T1_exact_sequence	100.0	1.0	1.0	6.0	6.0		identical protein sequence, unique on both sides
ECB_RS20915	ECB_03931	WP_000168305.1	single-stranded DNA-binding protein SSB1	b4059	NP_418483.1	ssb	T1_exact_sequence	100.0	1.0	1.0	6.0	6.0		identical protein sequence, unique on both sides
ECB_RS16590	ECB_03132	WP_000451243.1	shikimate dehydrogenase	b3281	NP_417740.1	aroE	T1_exact_sequence	100.0	1.0	1.0	6.0	6.0		identical protein sequence, unique on both sides
ECB_RS06910	ECB_01300	WP_001300658.1	transcriptional regulator TyrR	b1323	NP_415839.1	tyrR	T1_exact_sequence	100.0	1.0	1.0	6.0	6.0		identical protein sequence, unique on both sides
ECB_RS11905	ECB_02263	WP_000033316.1	fimbrial protein	b2339	NP_416841.1	yfcV	T1_exact_sequence	100.0	1.0	1.0	5.0	5.0		identical protein sequence, unique on both sides
ECB_RS05250	ECB_00993	WP_001309400.1	protein YmcE	b0991	NP_415511.1	ymcE	T1_exact_sequence	100.0	1.0	1.0	6.0	6.0		identical protein sequence, unique on both sides
ECB_RS15130	ECB_02865	WP_001295515.1	glutathione-dependent disulfide-bond oxidoreductase	b2989	NP_417463.4	yghU	T1_exact_sequence	100.0	1.0	1.0	6.0	6.0		identical protein sequence, unique on both sides
ECB_RS17030	ECB_03218	WP_000493556.1	nitrite transporter NirC	b3367	YP_026212.2	nirC	T1_exact_sequence	100.0	1.0	1.0	6.0	6.0		identical protein sequence, unique on both sides
ECB_RS21320	ECB_04005	WP_001188520.1	transcriptional regulator	b4135	NP_418558.2	dicD	T1_exact_sequence	100.0	1.0	1.0	6.0	6.0		identical protein sequence, unique on both sides
ECB_RS08230	ECB_01558	WP_000213028.1	DMSO reductase like molybdoenzyme iron-sulfur subunit YnfG	b1589	NP_416106.1	ynfG	T1_exact_sequence	100.0	1.0	1.0	6.0	6.0		identical protein sequence, unique on both sides
ECB_RS04525	ECB_00856	WP_000189159.1	nitroreductase NfsA	b0851	NP_415372.1	nfsA	T1_exact_sequence	100.0	1.0	1.0	6.0	6.0		identical protein sequence, unique on both sides
ECB_RS19900	ECB_03755	WP_001271717.1	glutamate--ammonia ligase	b3870	NP_418306.1	glnA	T1_exact_sequence	100.0	1.0	1.0	6.0	6.0		identical protein sequence, unique on both sides
ECB_RS17325	ECB_03276	WP_000371928.1	thiosulfate sulfurtransferase GlpE	b3425	NP_417883.1	glpE	T1_exact_sequence	100.0	1.0	1.0	3.0	3.0		identical protein sequence, unique on both sides
ECB_RS19380	ECB_03663	WP_001295256.1	ECA polysaccharide chain length modulation protein	b3785	NP_418232.2	wzzE	T1_exact_sequence	100.0	1.0	1.0	6.0	6.0		identical protein sequence, unique on both sides
ECB_RS04975	ECB_00942	WP_000750293.1	fimbrial protein	b0938	NP_415458.2	elfA	T1_exact_sequence	100.0	1.0	1.0	6.0	6.0		identical protein sequence, unique on both sides
ECB_RS01995	ECB_00381	WP_000179819.1	cytochrome o ubiquinol oxidase subunit III	b0430	NP_414964.1	cyoC	T1_exact_sequence	100.0	1.0	1.0	5.0	5.0		identical protein sequence, unique on both sides
ECB_RS17915	ECB_03385	WP_000988308.1	cellulose biosynthesis protein BcsF	b3537	NP_417994.2	bcsF	T1_exact_sequence	100.0	1.0	1.0	4.0	4.0		identical protein sequence, unique on both sides
ECB_RS16240	ECB_03074	WP_001300411.1	isoprenoid biosynthesis glyoxalase ElbB	b3209	NP_417676.2	elbB	T1_exact_sequence	100.0	1.0	1.0	6.0	6.0		identical protein sequence, unique on both sides
ECB_RS09700	ECB_01834	WP_001295503.1	crossover junction endodeoxyribonuclease RuvC	b1863	NP_416377.1	ruvC	T1_exact_sequence	100.0	1.0	1.0	5.0	5.0		identical protein sequence, unique on both sides
ECB_RS19545	ECB_03692	WP_000947159.1	magnesium/cobalt transporter CorA	b3816	NP_418260.1	corA	T1_exact_sequence	100.0	1.0	1.0	3.0	3.0		identical protein sequence, unique on both sides
ECB_RS21300	ECB_04002	WP_001295383.1	lysine decarboxylase CadA	b4131	NP_418555.1	cadA	T1_exact_sequence	100.0	1.0	1.0	6.0	6.0		identical protein sequence, unique on both sides
ECB_RS09870	ECB_01868	WP_001187819.1	arabinose ABC transporter ATP-binding protein AraG	b1900	NP_416413.1	araG	T1_exact_sequence	100.0	1.0	1.0	6.0	6.0		identical protein sequence, unique on both sides
ECB_RS07070	ECB_01328	WP_000632297.1	protein RacC	b1351	NP_415867.1	racC	T1_exact_sequence	100.0	1.0	1.0	6.0	6.0		identical protein sequence, unique on both sides
ECB_RS09795	ECB_01853	WP_000763867.1	chemotaxis response regulator CheY	b1882	NP_416396.1	cheY	T1_exact_sequence	100.0	1.0	1.0	6.0	6.0		identical protein sequence, unique on both sides
ECB_RS12980	ECB_02463	WP_000790168.1	translation elongation factor 4	b2569	NP_417064.1	lepA	T1_exact_sequence	100.0	1.0	1.0	6.0	6.0		identical protein sequence, unique on both sides
ECB_RS05865	ECB_01106	WP_001043459.1	glycine zipper 2TM domain-containing protein	b1110	NP_415628.1	ycfJ	T1_exact_sequence	100.0	1.0	1.0	6.0	6.0		identical protein sequence, unique on both sides
ECB_RS06160	ECB_01159	WP_000457616.1	DNA polymerase V catalytic protein	b1184	NP_415702.1	umuC	T1_exact_sequence	100.0	1.0	1.0	6.0	6.0		identical protein sequence, unique on both sides
ECB_RS02260	ECB_00432	WP_000186631.1	Cys-tRNA(Pro)/Cys-tRNA(Cys) deacylase YbaK	b0481	NP_415014.1	ybaK	T1_exact_sequence	100.0	1.0	1.0	6.0	6.0		identical protein sequence, unique on both sides
ECB_RS00585	ECB_00111	WP_000969915.1	aromatic amino acid transporter AroP	b0112	NP_414654.1	aroP	T1_exact_sequence	100.0	1.0	1.0	6.0	6.0		identical protein sequence, unique on both sides
ECB_RS20705	ECB_03894	WP_000936377.1	23S rRNA pseudouridine(2604) synthase RluF	b4022	NP_418446.1	rluF	T1_exact_sequence	100.0	1.0	1.0	6.0	6.0		identical protein sequence, unique on both sides
ECB_RS05560	ECB_01046	WP_001295445.1	glucans biosynthesis glucosyltransferase MdoH	b1049	NP_415567.1	opgH	T1_exact_sequence	100.0	1.0	1.0	6.0	6.0		identical protein sequence, unique on both sides
ECB_RS21065	ECB_03959	WP_000235257.1	D-allose ABC transporter ATP-binding protein AlsA	b4087	NP_418511.1	alsA	T1_exact_sequence	100.0	1.0	1.0	6.0	6.0		identical protein sequence, unique on both sides
ECB_RS17920	ECB_03386	WP_000191622.1	cellulose biosynthesis protein BcsG	b3538	NP_417995.1	bcsG	T1_exact_sequence	100.0	1.0	1.0	4.0	4.0		identical protein sequence, unique on both sides
ECB_RS15355	ECB_02906	WP_000917117.1	ADP-ribose diphosphatase	b3034	NP_417506.1	nudF	T1_exact_sequence	100.0	1.0	1.0	6.0	6.0		identical protein sequence, unique on both sides
ECB_RS20795	ECB_03909	WP_001326641.1	maltose operon protein MalM	b4037	NP_418461.1	malM	T1_exact_sequence	100.0	1.0	1.0	6.0	6.0		identical protein sequence, unique on both sides
ECB_RS26085		WP_211180521.1	protein YtgA	b4800	YP_010051214.1	ytgA	T1_exact_sequence	100.0	1.0	1.0	6.0	6.0		identical protein sequence, unique on both sides
ECB_RS03070	ECB_00590	WP_000126500.1	two-component response regulator DpiA	b0620	NP_415153.1	dpiA	T1_exact_sequence	100.0	1.0	1.0	5.0	5.0		identical protein sequence, unique on both sides
ECB_RS15215	ECB_02880	WP_000527844.1	tol-pal system-associated acyl-CoA thioesterase	b3006	NP_417479.1	exbB	T1_exact_sequence	100.0	1.0	1.0	6.0	6.0		identical protein sequence, unique on both sides
ECB_RS14440	ECB_02730	WP_000886062.1	tRNA-modifying protein YgfZ	b2898	NP_417374.1	ygfZ	T1_exact_sequence	100.0	1.0	1.0	6.0	6.0		identical protein sequence, unique on both sides
ECB_RS01540	ECB_00291	WP_001301240.1	cytosine/isoguanine deaminase	b0337	NP_414871.1	codA	T1_exact_sequence	100.0	1.0	1.0	6.0	6.0		identical protein sequence, unique on both sides
ECB_RS21660	ECB_04069	WP_000135199.1	30S ribosomal protein S18	b4202	NP_418623.1	rpsR	T1_exact_sequence	100.0	1.0	1.0	4.0	4.0		identical protein sequence, unique on both sides
ECB_RS07045	ECB_01323	WP_000079604.1	excisionase XisR	b1346	NP_415862.4	xisR	T1_exact_sequence	100.0	1.0	1.0	6.0	6.0		identical protein sequence, unique on both sides
ECB_RS03580	ECB_00680	WP_000785834.1	citrate synthase	b0720	NP_415248.1	gltA	T1_exact_sequence	100.0	1.0	1.0	6.0	6.0		identical protein sequence, unique on both sides
ECB_RS09475	ECB_01793	WP_001062678.1	transcription antiterminator/RNA stability regulator CspE	b1823	NP_416337.1	cspC	T1_exact_sequence	100.0	1.0	1.0	6.0	6.0		identical protein sequence, unique on both sides
ECB_RS02370	ECB_00454	WP_000460145.1	HTH-type transcriptional activator AllS	b0504	NP_415037.1	allS	T1_exact_sequence	100.0	1.0	1.0	4.0	4.0		identical protein sequence, unique on both sides
ECB_RS01405	ECB_00266	WP_001209100.1	protein YkgH	b0310	NP_414844.1	ykgH	T1_exact_sequence	100.0	1.0	1.0	6.0	6.0		identical protein sequence, unique on both sides
ECB_RS05130	ECB_00971	WP_000116297.1	23S rRNA (cytosine(1962)-C(5))-methyltransferase RlmI	b0967	NP_415487.4	rlmI	T1_exact_sequence	100.0	1.0	1.0	6.0	6.0		identical protein sequence, unique on both sides
ECB_RS14545	ECB_02751	WP_000449965.1	propionyl-CoA:succinate CoA transferase	b2920	NP_417395.1	scpC	T1_exact_sequence	100.0	1.0	1.0	6.0	6.0		identical protein sequence, unique on both sides
ECB_RS01935	ECB_00369	WP_000347217.1	(2E,6E)-farnesyl diphosphate synthase	b0421	NP_414955.1	ispA	T1_exact_sequence	100.0	1.0	1.0	6.0	6.0		identical protein sequence, unique on both sides
ECB_RS03950	ECB_00740	WP_000767389.1	kinase inhibitor	b0773	NP_415294.1	ybhB	T1_exact_sequence	100.0	1.0	1.0	3.0	3.0		identical protein sequence, unique on both sides
ECB_RS01300	ECB_00247	WP_001303809.1	YkgJ family cysteine cluster protein	b0288	NP_414822.1	ykgJ	T1_exact_sequence	100.0	1.0	1.0	5.0	5.0		identical protein sequence, unique on both sides
ECB_RS18540	ECB_03503	WP_000924289.1	trimeric intracellular cation channel family protein	b3646	NP_418103.4	yicG	T1_exact_sequence	100.0	1.0	1.0	6.0	6.0		identical protein sequence, unique on both sides
ECB_RS03660	ECB_00693	WP_000568275.1	cytochrome d ubiquinol oxidase subunit II	b0734	NP_415262.1	cydB	T1_exact_sequence	100.0	1.0	1.0	5.0	5.0		identical protein sequence, unique on both sides
ECB_RS21760	ECB_04089	WP_000935036.1	hemolysin family protein	b4218	NP_418639.1	paeA	T1_exact_sequence	100.0	1.0	1.0	6.0	6.0		identical protein sequence, unique on both sides
ECB_RS06365	ECB_01199	WP_000070491.1	two-component system response regulator NarL	b1221	NP_415739.1	narL	T1_exact_sequence	100.0	1.0	1.0	6.0	6.0		identical protein sequence, unique on both sides
ECB_RS15430	ECB_02920	WP_000599926.1	OB-fold-containig protein	b3050	NP_417522.1	yqiJ	T1_exact_sequence	100.0	1.0	1.0	5.0	5.0		identical protein sequence, unique on both sides
ECB_RS22170	ECB_04165	WP_000082780.1	DeoR/GlpR family DNA-binding transcription regulator	b4300	NP_418720.1	sgcR	T1_exact_sequence	100.0	1.0	1.0	3.0	4.0		identical protein sequence, unique on both sides
ECB_RS04970	ECB_00941	WP_001263933.1	NADPH-dependent FMN reductase	b0937	NP_415457.1	ssuE	T1_exact_sequence	100.0	1.0	1.0	6.0	6.0		identical protein sequence, unique on both sides
ECB_RS25560		WP_120795390.1	protein YqfH	b4753	YP_009518812.1	yqfH	T1_exact_sequence	100.0	1.0	1.0	6.0	6.0		identical protein sequence, unique on both sides
ECB_RS12045	ECB_02289	WP_000785931.1	alanine transaminase	b2379	NP_416880.1	alaC	T1_exact_sequence	100.0	1.0	1.0	5.0	5.0		identical protein sequence, unique on both sides
ECB_RS25475		WP_001386899.1	type I toxin-antitoxin system Ibs family toxin	b4668	YP_002791248.1	ibsB	T1_exact_sequence	100.0	1.0	1.0	4.0	4.0		identical protein sequence, unique on both sides
ECB_RS13940	ECB_02638	WP_000342431.1	SecY-interacting protein	b2793	NP_417273.1	syd	T1_exact_sequence	100.0	1.0	1.0	6.0	6.0		identical protein sequence, unique on both sides
ECB_RS09730	ECB_01840	WP_000252980.1	MAPEG family protein	b1869	NP_416383.4	yecN	T1_exact_sequence	100.0	1.0	1.0	6.0	6.0		identical protein sequence, unique on both sides
ECB_RS00380	ECB_00073	WP_000818228.1	3-isopropylmalate dehydratase small subunit	b0071	NP_414613.1	leuD	T1_exact_sequence	100.0	1.0	1.0	6.0	6.0		identical protein sequence, unique on both sides
ECB_RS00550	ECB_00105	WP_000157266.1	protein transport protein HofC	b0106	NP_414648.1	hofC	T1_exact_sequence	100.0	1.0	1.0	6.0	6.0		identical protein sequence, unique on both sides
ECB_RS13860	ECB_02623	WP_001268460.1	TPM domain-containing protein	b2778	NP_417258.4	ygcG	T1_exact_sequence	100.0	1.0	1.0	6.0	6.0		identical protein sequence, unique on both sides
ECB_RS19985	ECB_03771	WP_000920762.1	virulence factor BrkB family protein	b3886	NP_418322.1	yihY	T1_exact_sequence	100.0	1.0	1.0	6.0	6.0		identical protein sequence, unique on both sides
ECB_RS07085	ECB_01331	WP_001312793.1	superinfection exclusion B family protein	b1353	NP_415870.4	sieB	T1_exact_sequence	100.0	1.0	1.0	5.0	5.0		identical protein sequence, unique on both sides
ECB_RS00915	ECB_00176	WP_000758956.1	molecular chaperone Skp	b0178	NP_414720.1	skp	T1_exact_sequence	100.0	1.0	1.0	6.0	6.0		identical protein sequence, unique on both sides
ECB_RS14475	ECB_02737	WP_000068701.1	glycine cleavage system aminomethyltransferase GcvT	b2905	NP_417381.1	gcvT	T1_exact_sequence	100.0	1.0	1.0	6.0	6.0		identical protein sequence, unique on both sides
ECB_RS15340	ECB_02903	WP_000105733.1	esterase YqiA	b3031	NP_417503.1	yqiA	T1_exact_sequence	100.0	1.0	1.0	6.0	6.0		identical protein sequence, unique on both sides
ECB_RS14145	ECB_02676	WP_000204658.1	prolipoprotein diacylglyceryl transferase	b2828	NP_417305.1	lgt	T1_exact_sequence	100.0	1.0	1.0	6.0	6.0		identical protein sequence, unique on both sides
ECB_RS17460	ECB_03302	WP_000803190.1	sn-glycerol-3-phosphate ABC transporter substrate-binding protein UgpB	b3453	NP_417910.1	ugpB	T1_exact_sequence	100.0	1.0	1.0	6.0	6.0		identical protein sequence, unique on both sides
ECB_RS06625	ECB_01249	WP_001031530.1	YciN family protein	b1273	NP_415789.1	yciN	T1_exact_sequence	100.0	1.0	1.0	6.0	6.0		identical protein sequence, unique on both sides
ECB_RS14365	ECB_02717	WP_000012163.1	guanine/hypoxanthine transporter GhxQ	b4464	YP_026186.1	ghxQ	T1_exact_sequence	100.0	1.0	1.0	6.0	6.0		identical protein sequence, unique on both sides
ECB_RS21360	ECB_04013	WP_000729117.1	chaperonin GroEL	b4143	NP_418567.1	groL	T1_exact_sequence	100.0	1.0	1.0	6.0	6.0		identical protein sequence, unique on both sides
ECB_RS03680	ECB_00697	WP_000131314.1	Tol-Pal system protein TolQ	b0737	NP_415265.1	tolQ	T1_exact_sequence	100.0	1.0	1.0	6.0	6.0		identical protein sequence, unique on both sides
ECB_RS15690	ECB_02967	WP_000031415.1	DUF883 family protein	b3098	NP_417569.1	yqjD	T1_exact_sequence	100.0	1.0	1.0	6.0	6.0		identical protein sequence, unique on both sides
ECB_RS20235	ECB_03816	WP_001293341.1	HslU--HslV peptidase ATPase subunit	b3931	NP_418366.1	hslU	T1_exact_sequence	100.0	1.0	1.0	6.0	6.0		identical protein sequence, unique on both sides
ECB_RS03845	ECB_00722	WP_000723652.1	4-oxalomesaconate tautomerase	b0769	NP_415290.1	ybhH	T1_exact_sequence	100.0	1.0	1.0	6.0	6.0		identical protein sequence, unique on both sides
ECB_RS11070	ECB_02100	WP_000389030.1	YkgJ family cysteine cluster protein	b4502	YP_588461.1	yeiW	T1_exact_sequence	100.0	1.0	1.0	6.0	6.0		identical protein sequence, unique on both sides
ECB_RS22360	ECB_04195	WP_001309187.1	anti-adapter protein IraD	b4326	NP_418746.4	iraD	T1_exact_sequence	100.0	1.0	1.0	5.0	5.0		identical protein sequence, unique on both sides
ECB_RS12575	ECB_02386	WP_000489667.1	beta-barrel assembly-enhancing protease	b2494	NP_416989.1	bepA	T1_exact_sequence	100.0	1.0	1.0	6.0	6.0		identical protein sequence, unique on both sides
ECB_RS13810	ECB_02613	WP_001130266.1	glycerol-3-phosphate responsive antiterminator	b2768	NP_417248.1	ygcP	T1_exact_sequence	100.0	1.0	1.0	6.0	6.0		identical protein sequence, unique on both sides
ECB_RS05570	ECB_01048	WP_000180056.1	MysB family protein	b1051	NP_415569.4	msyB	T1_exact_sequence	100.0	1.0	1.0	6.0	6.0		identical protein sequence, unique on both sides
ECB_RS02485	ECB_00478	WP_000190288.1	ribosome-associated protein YbcJ	b0528	NP_415061.2	ybcJ	T1_exact_sequence	100.0	1.0	1.0	6.0	6.0		identical protein sequence, unique on both sides
ECB_RS16220	ECB_03070	WP_000243741.1	RNase adapter RapZ	b3205	NP_417672.1	rapZ	T1_exact_sequence	100.0	1.0	1.0	6.0	6.0		identical protein sequence, unique on both sides
ECB_RS16045	ECB_03037	WP_001300397.1	ribosome maturation factor RimP	b3170	NP_417639.6	rimP	T1_exact_sequence	100.0	1.0	1.0	6.0	6.0		identical protein sequence, unique on both sides
ECB_RS11555	ECB_02194	WP_000574091.1	GNAT family N-acetyltransferase	b2267	NP_416770.1	elaA	T1_exact_sequence	100.0	1.0	1.0	6.0	6.0		identical protein sequence, unique on both sides
ECB_RS13415	ECB_02543	WP_000611804.1	glutamate--cysteine ligase	b2688	NP_417173.1	gshA	T1_exact_sequence	100.0	1.0	1.0	6.0	6.0		identical protein sequence, unique on both sides
ECB_RS06200	ECB_01167	WP_000051560.1	muramoyltetrapeptide carboxypeptidase	b1192	NP_415710.1	ldcA	T1_exact_sequence	100.0	1.0	1.0	6.0	6.0		identical protein sequence, unique on both sides
ECB_RS22325	ECB_04191	WP_000438562.1	mannonate dehydratase	b4322	NP_418742.1	uxuA	T1_exact_sequence	100.0	1.0	1.0	6.0	6.0		identical protein sequence, unique on both sides
ECB_RS21445	ECB_04030	WP_000934920.1	archaetidylserine decarboxylase	b4160	NP_418584.1	psd	T1_exact_sequence	100.0	1.0	1.0	6.0	6.0		identical protein sequence, unique on both sides
ECB_RS15295	ECB_02894	WP_000415584.1	type II toxin-antitoxin system toxin MqsR	b3022	NP_417494.1	mqsR	T1_exact_sequence	100.0	1.0	1.0	6.0	6.0		identical protein sequence, unique on both sides
ECB_RS04870	ECB_00922	WP_000011603.1	3-deoxy-manno-octulosonate cytidylyltransferase	b0918	NP_415438.1	kdsB	T1_exact_sequence	100.0	1.0	1.0	6.0	6.0		identical protein sequence, unique on both sides
ECB_RS21410	ECB_04023	WP_000609663.1	fumarate reductase subunit FrdD	b4151	NP_418575.1	frdD	T1_exact_sequence	100.0	1.0	1.0	6.0	6.0		identical protein sequence, unique on both sides
ECB_RS12665	ECB_02403	WP_000249410.1	ribosome biogenesis GTPase Der	b2511	NP_417006.2	der	T1_exact_sequence	100.0	1.0	1.0	6.0	6.0		identical protein sequence, unique on both sides
ECB_RS14120	ECB_02671	WP_001276460.1	prepilin-type N-terminal cleavage/methylation domain-containing protein	b2823	NP_417300.1	ppdC	T1_exact_sequence	100.0	1.0	1.0	6.0	6.0		identical protein sequence, unique on both sides
ECB_RS07300	ECB_01375	WP_000731833.1	periplasmic protein	b1419	NP_415936.1	ydcA	T1_exact_sequence	100.0	1.0	1.0	4.0	4.0		identical protein sequence, unique on both sides
ECB_RS08205	ECB_01553	WP_001138581.1	spermidine N1-acetyltransferase	b1584	NP_416101.1	speG	T1_exact_sequence	100.0	1.0	1.0	6.0	6.0		identical protein sequence, unique on both sides
ECB_RS15335	ECB_02902	WP_000195296.1	DNA topoisomerase IV subunit B	b3030	NP_417502.1	parE	T1_exact_sequence	100.0	1.0	1.0	6.0	6.0		identical protein sequence, unique on both sides
ECB_RS19235	ECB_03640	WP_001280852.1	multidrug transporter subunit MdtD	b3754	NP_418210.1	hsrA	T1_exact_sequence	100.0	1.0	1.0	6.0	6.0		identical protein sequence, unique on both sides
ECB_RS07305	ECB_01376	WP_001320773.1	type I toxin-antitoxin system toxin HokB	b4428	YP_025301.1	hokB	T1_exact_sequence	100.0	1.0	1.0	6.0	6.0		identical protein sequence, unique on both sides
ECB_RS12310	ECB_02335	WP_000102886.1	N-acetylmuramoyl-L-alanine amidase AmiA	b2435	NP_416930.1	amiA	T1_exact_sequence	100.0	1.0	1.0	6.0	6.0		identical protein sequence, unique on both sides
ECB_RS13335	ECB_02527	WP_000281320.1	DUF2002 family protein	b2671	NP_417157.1	ygaC	T1_exact_sequence	100.0	1.0	1.0	6.0	6.0		identical protein sequence, unique on both sides
ECB_RS09030	ECB_01711	WP_001300480.1	environmental stress-induced protein Ves	b1742	NP_416256.2	ves	T1_exact_sequence	100.0	1.0	1.0	6.0	6.0		identical protein sequence, unique on both sides
ECB_RS13365	ECB_02533	WP_000985494.1	glycine betaine/L-proline ABC transporter ATP-binding protein ProV	b2677	NP_417163.1	proV	T1_exact_sequence	100.0	1.0	1.0	5.0	5.0		identical protein sequence, unique on both sides
ECB_RS03235	ECB_00621	WP_000272824.1	glutamate/aspartate ABC transporter permease GltK	b0653	NP_415186.1	gltK	T1_exact_sequence	100.0	1.0	1.0	4.0	5.0		identical protein sequence, unique on both sides
ECB_RS20490	ECB_03856	WP_000031784.1	elongation factor Tu	b3980	NP_418407.1	tufB	T1_exact_sequence	100.0	1.0	1.0	6.0	6.0		identical protein sequence, unique on both sides
ECB_RS18485	ECB_03492	WP_001114543.1	bifunctional DNA-formamidopyrimidine glycosylase/DNA-(apurinic or apyrimidinic site) lyase	b3635	NP_418092.1	mutM	T1_exact_sequence	100.0	1.0	1.0	6.0	6.0		identical protein sequence, unique on both sides
ECB_RS21475	ECB_04033	WP_001294219.1	tRNA epoxyqueuosine(34) reductase QueG	b4166	NP_418587.1	queG	T1_exact_sequence	100.0	1.0	1.0	6.0	6.0		identical protein sequence, unique on both sides
ECB_RS03670	ECB_00695	WP_000034602.1	cyd operon protein YbgE	b0735	NP_415263.1	ybgE	T1_exact_sequence	100.0	1.0	1.0	6.0	6.0		identical protein sequence, unique on both sides
ECB_RS01550	ECB_00293	WP_000658652.1	carbonic anhydrase CynT	b0339	NP_414873.1	cynT	T1_exact_sequence	100.0	1.0	1.0	6.0	6.0		identical protein sequence, unique on both sides
ECB_RS08350	ECB_01581	WP_000066639.1	class I fumarate hydratase	b1612	NP_416129.1	fumA	T1_exact_sequence	100.0	1.0	1.0	6.0	6.0		identical protein sequence, unique on both sides
ECB_RS15030	ECB_02845	WP_000853256.1	GlcG family protein	b2977	NP_417451.1	glcG	T1_exact_sequence	100.0	1.0	1.0	6.0	6.0		identical protein sequence, unique on both sides
ECB_RS17555	ECB_03319	WP_000130621.1	sulfurtransferase TusA	b3470	NP_417927.1	tusA	T1_exact_sequence	100.0	1.0	1.0	6.0	6.0		identical protein sequence, unique on both sides
ECB_RS19870	ECB_03750	WP_000183349.1	ribosome biogenesis GTP-binding protein YihA/YsxC	b3865	NP_418301.3	yihA	T1_exact_sequence	100.0	1.0	1.0	6.0	6.0		identical protein sequence, unique on both sides
ECB_RS12475	ECB_02367	WP_001267498.1	KPN_02809 family neutral zinc metallopeptidase	b2475	NP_416970.1	ypfJ	T1_exact_sequence	100.0	1.0	1.0	6.0	6.0		identical protein sequence, unique on both sides
ECB_RS16015	ECB_03031	WP_001295554.1	polyribonucleotide nucleotidyltransferase	b3164	NP_417633.4	pnp	T1_exact_sequence	100.0	1.0	1.0	6.0	6.0		identical protein sequence, unique on both sides
ECB_RS12610	ECB_02393	WP_000529576.1	polyphosphate kinase 1	b2501	NP_416996.1	ppk	T1_exact_sequence	100.0	1.0	1.0	5.0	5.0		identical protein sequence, unique on both sides
ECB_RS15550	ECB_02940	WP_000018003.1	DNA-binding transcriptional regulator NfeR	b3071	NP_417542.1	nfeR	T1_exact_sequence	100.0	1.0	1.0	6.0	6.0		identical protein sequence, unique on both sides
ECB_RS13890	ECB_02629	WP_000226815.1	GTP diphosphokinase	b2784	NP_417264.1	relA	T1_exact_sequence	100.0	1.0	1.0	6.0	6.0		identical protein sequence, unique on both sides
ECB_RS17485	ECB_03306	WP_001295111.1	high-affinity branched-chain amino acid ABC transporter permease LivH	b3457	NP_417914.1	livH	T1_exact_sequence	100.0	1.0	1.0	6.0	6.0		identical protein sequence, unique on both sides
ECB_RS08435	ECB_01598	WP_000991805.1	electron transport complex subunit RsxB	b1628	NP_416145.1	rsxB	T1_exact_sequence	100.0	1.0	1.0	6.0	6.0		identical protein sequence, unique on both sides
ECB_RS13460	ECB_02546	WP_000906486.1	carbon storage regulator CsrA	b2696	NP_417176.1	csrA	T1_exact_sequence	100.0	1.0	1.0	6.0	6.0		identical protein sequence, unique on both sides
ECB_RS08385	ECB_01588	WP_000483353.1	7-alpha-hydroxysteroid dehydrogenase	b1619	NP_416136.1	hdhA	T1_exact_sequence	100.0	1.0	1.0	6.0	6.0		identical protein sequence, unique on both sides
ECB_RS14655	ECB_02773	WP_001112301.1	galactose/proton symporter	b2943	NP_417418.1	galP	T1_exact_sequence	100.0	1.0	1.0	6.0	6.0		identical protein sequence, unique on both sides
ECB_RS11155	ECB_02117	WP_001135667.1	YejL family protein	b2187	NP_416692.1	yejL	T1_exact_sequence	100.0	1.0	1.0	5.0	6.0		identical protein sequence, unique on both sides
ECB_RS10420	ECB_01967	WP_000482901.1	low molecular weight protein-tyrosine-phosphatase Wzb	b2061	NP_416565.1	wzb	T1_exact_sequence	100.0	1.0	1.0	6.0	6.0		identical protein sequence, unique on both sides
ECB_RS22045	ECB_04142	WP_000611568.1	2,7-anhydro-N-acetylneuraminate hydratase	b4280	NP_418700.2	nanY	T1_exact_sequence	100.0	1.0	1.0	3.0	3.0		identical protein sequence, unique on both sides
ECB_RS22040	ECB_04141	WP_000179691.1	MFS transporter	b4279	NP_418699.4	nanX	T1_exact_sequence	100.0	1.0	1.0	3.0	3.0		identical protein sequence, unique on both sides
ECB_RS09775	ECB_01849	WP_001259583.1	flagellar protein FlhE	b1878	NP_416392.1	flhE	T1_exact_sequence	100.0	1.0	1.0	6.0	6.0		identical protein sequence, unique on both sides
ECB_RS20930	ECB_03934	WP_000019358.1	superoxide response transcriptional regulator SoxS	b4062	NP_418486.1	soxS	T1_exact_sequence	100.0	1.0	1.0	6.0	6.0		identical protein sequence, unique on both sides
ECB_RS00385	ECB_00074	WP_001140652.1	3-isopropylmalate dehydratase large subunit	b0072	NP_414614.1	leuC	T1_exact_sequence	100.0	1.0	1.0	6.0	6.0		identical protein sequence, unique on both sides
ECB_RS21105	ECB_03967	WP_000586325.1	alpha-D-ribose 1-methylphosphonate 5-triphosphate diphosphatase	b4095	NP_418519.1	phnM	T1_exact_sequence	100.0	1.0	1.0	6.0	6.0		identical protein sequence, unique on both sides
ECB_RS12430	ECB_02359	WP_001078880.1	formate-dependent uric acid utilization protein AegA	b2468	NP_416963.1	aegA	T1_exact_sequence	100.0	1.0	1.0	6.0	6.0		identical protein sequence, unique on both sides
ECB_RS21500	ECB_04038	WP_001280345.1	tRNA (adenosine(37)-N6)-dimethylallyltransferase MiaA	b4171	NP_418592.1	miaA	T1_exact_sequence	100.0	1.0	1.0	6.0	6.0		identical protein sequence, unique on both sides
ECB_RS07730	ECB_01458	WP_000543384.1	two-component system connector SafA	b1500	NP_416017.1	safA	T1_exact_sequence	100.0	1.0	1.0	6.0	6.0		identical protein sequence, unique on both sides
ECB_RS10060	ECB_01898	WP_001011462.1	nitrogen assimilation transcriptional regulator NAC	b1988	NP_416493.1	nac	T1_exact_sequence	100.0	1.0	1.0	6.0	6.0		identical protein sequence, unique on both sides
ECB_RS21990	ECB_04134	WP_000896738.1	gluconokinase	b4268	NP_418689.1	idnK	T1_exact_sequence	100.0	1.0	1.0	4.0	4.0		identical protein sequence, unique on both sides
ECB_RS20775	ECB_03906	WP_000695387.1	maltose/maltodextrin ABC transporter substrate-binding protein MalE	b4034	NP_418458.1	malE	T1_exact_sequence	100.0	1.0	1.0	6.0	6.0		identical protein sequence, unique on both sides
ECB_RS14205	ECB_02686	WP_001120711.1	diaminopimelate decarboxylase	b2838	NP_417315.1	lysA	T1_exact_sequence	100.0	1.0	1.0	6.0	6.0		identical protein sequence, unique on both sides
ECB_RS16655	ECB_03145	WP_001216368.1	50S ribosomal protein L17	b3294	NP_417753.1	rplQ	T1_exact_sequence	100.0	1.0	1.0	6.0	6.0		identical protein sequence, unique on both sides
ECB_RS18755	ECB_03549	WP_001065718.1	adenine deaminase	b3665	NP_418121.1	adeD	T1_exact_sequence	100.0	1.0	1.0	6.0	6.0		identical protein sequence, unique on both sides
ECB_RS18830	ECB_03561	WP_000511289.1	protein YidI	b3677	NP_418133.1	yidI	T1_exact_sequence	100.0	1.0	1.0	6.0	6.0		identical protein sequence, unique on both sides
ECB_RS01875	ECB_00358	WP_000974813.1	HNH nuclease YajD	b0410	NP_414944.1	yajD	T1_exact_sequence	100.0	1.0	1.0	6.0	6.0		identical protein sequence, unique on both sides
ECB_RS03075	ECB_00591	WP_000955063.1	anaerobic C4-dicarboxylate transporter DcuC	b0621	NP_415154.1	dcuC	T1_exact_sequence	100.0	1.0	1.0	5.0	5.0		identical protein sequence, unique on both sides
ECB_RS10445	ECB_01972	WP_001295424.1	uridine kinase	b2066	NP_416570.2	udk	T1_exact_sequence	100.0	1.0	1.0	6.0	6.0		identical protein sequence, unique on both sides
ECB_RS11910	ECB_02264	WP_001195819.1	phosphohistidine phosphatase SixA	b2340	NP_416842.1	sixA	T1_exact_sequence	100.0	1.0	1.0	5.0	5.0		identical protein sequence, unique on both sides
ECB_RS03240	ECB_00622	WP_000020941.1	glutamate/aspartate ABC transporter permease GltJ	b0654	NP_415187.1	gltJ	T1_exact_sequence	100.0	1.0	1.0	4.0	5.0		identical protein sequence, unique on both sides
ECB_RS06675	ECB_01256	WP_000876286.1	lipopolysaccharide assembly protein LapA	b1279	NP_415795.1	lapA	T1_exact_sequence	100.0	1.0	1.0	6.0	6.0		identical protein sequence, unique on both sides
ECB_RS09900	ECB_01873	WP_000917208.1	non-heme ferritin	b1905	NP_416418.1	ftnA	T1_exact_sequence	100.0	1.0	1.0	6.0	6.0		identical protein sequence, unique on both sides
ECB_RS21965	ECB_04129	WP_001294573.1	helicase HerA-like C-terminal domain-containing protein	b4263	NP_418684.1	yjgR	T1_exact_sequence	100.0	1.0	1.0	6.0	6.0		identical protein sequence, unique on both sides
ECB_RS19355	ECB_03659	WP_001280776.1	thioredoxin TrxA	b3781	NP_418228.2	trxA	T1_exact_sequence	100.0	1.0	1.0	6.0	6.0		identical protein sequence, unique on both sides
ECB_RS13550	ECB_02563	WP_001078777.1	electron transport protein HydN	b2713	NP_417193.1	hydN	T1_exact_sequence	100.0	1.0	1.0	6.0	6.0		identical protein sequence, unique on both sides
ECB_RS17595	ECB_03327	WP_001008963.1	nickel ABC transporter permease subunit NikC	b3478	NP_417935.1	nikC	T1_exact_sequence	100.0	1.0	1.0	6.0	6.0		identical protein sequence, unique on both sides
ECB_RS19745	ECB_03731	WP_000109943.1	Sec-independent protein translocase subunit TatC	b3839	NP_418282.1	tatC	T1_exact_sequence	100.0	1.0	1.0	6.0	6.0		identical protein sequence, unique on both sides
ECB_RS09220	ECB_01747	WP_001284618.1	peptide-methionine (R)-S-oxide reductase MsrB	b1778	NP_416292.1	msrB	T1_exact_sequence	100.0	1.0	1.0	6.0	6.0		identical protein sequence, unique on both sides
ECB_RS19840	ECB_03745	WP_001065497.1	stress response kinase SrkA	b3859	NP_418296.1	srkA	T1_exact_sequence	100.0	1.0	1.0	6.0	6.0		identical protein sequence, unique on both sides
ECB_RS04185	ECB_00785	WP_000056457.1	anion transporter	b0818	NP_415339.1	ybiR	T1_exact_sequence	100.0	1.0	1.0	6.0	6.0		identical protein sequence, unique on both sides
ECB_RS07690	ECB_01451	WP_000358930.1	glutamate decarboxylase	b1493	NP_416010.1	gadB	T1_exact_sequence	100.0	1.0	1.0	6.0	6.0		identical protein sequence, unique on both sides
ECB_RS18785	ECB_03555	WP_000168475.1	acetolactate synthase large subunit	b3671	NP_418127.1	ilvB	T1_exact_sequence	100.0	1.0	1.0	5.0	5.0		identical protein sequence, unique on both sides
ECB_RS14400	ECB_02722	WP_000003071.1	lysine--tRNA ligase	b2890	NP_417366.1	lysS	T1_exact_sequence	100.0	1.0	1.0	6.0	6.0		identical protein sequence, unique on both sides
ECB_RS04530	ECB_00857	WP_000684321.1	30S ribosomal protein S6--L-glutamate ligase	b0852	NP_415373.1	rimK	T1_exact_sequence	100.0	1.0	1.0	6.0	6.0		identical protein sequence, unique on both sides
ECB_RS08510	ECB_01612	WP_001296943.1	transcriptional regulator SlyA	b1642	NP_416159.2	slyA	T1_exact_sequence	100.0	1.0	1.0	6.0	6.0		identical protein sequence, unique on both sides
ECB_RS00310	ECB_00060	WP_000525176.1	bifunctional tRNA pseudouridine(32) synthase/23S rRNA pseudouridine(746) synthase RluA	b0058	NP_414600.1	rluA	T1_exact_sequence	100.0	1.0	1.0	6.0	6.0		identical protein sequence, unique on both sides
ECB_RS17735	ECB_03351	WP_000922639.1	arsenite/antimonite:H(+) antiporter ArsB	b3502	NP_417959.4	arsB	T1_exact_sequence	100.0	1.0	1.0	5.0	5.0		identical protein sequence, unique on both sides
ECB_RS13575	ECB_02568	WP_001291921.1	formate hydrogenlyase assembly protein HycH	b2718	NP_417198.1	hycH	T1_exact_sequence	100.0	1.0	1.0	6.0	6.0		identical protein sequence, unique on both sides
ECB_RS15420	ECB_02918	WP_001269802.1	fimbrial protein	b3048	NP_417520.1	yqiI	T1_exact_sequence	100.0	1.0	1.0	5.0	5.0		identical protein sequence, unique on both sides
ECB_RS19325	ECB_03652	WP_000024939.1	ketol-acid reductoisomerase	b3774	NP_418222.1	ilvC	T1_exact_sequence	100.0	1.0	1.0	6.0	6.0		identical protein sequence, unique on both sides
ECB_RS19500	ECB_03684	WP_000799889.1	LPS translocon maturation chaperone LptM	b4558	YP_588473.1	lptM	T1_exact_sequence	100.0	1.0	1.0	6.0	6.0		identical protein sequence, unique on both sides
ECB_RS15475	ECB_02926	WP_000708487.1	fused tRNA nucleotidyltransferase/2',3'-cyclic phosphodiesterase/2' nucleotidase/phosphatase Cca	b3056	NP_417528.1	cca	T1_exact_sequence	100.0	1.0	1.0	6.0	6.0		identical protein sequence, unique on both sides
ECB_RS14660	ECB_02774	WP_001300769.1	SprT family zinc-dependent metalloprotease	b2944	NP_417419.1	yggI	T1_exact_sequence	100.0	1.0	1.0	6.0	6.0		identical protein sequence, unique on both sides
ECB_RS16495	ECB_03121	WP_001295275.1	DUF2556 family protein	b3263	NP_417729.1	yhdU	T1_exact_sequence	100.0	1.0	1.0	6.0	6.0		identical protein sequence, unique on both sides
ECB_RS19740	ECB_03730	WP_000459594.1	Sec-independent protein translocase protein TatB	b3838	YP_026270.1	tatB	T1_exact_sequence	100.0	1.0	1.0	6.0	6.0		identical protein sequence, unique on both sides
ECB_RS03405	ECB_00646	WP_000856353.1	lipoprotein	b0689	NP_415215.1	ybfP	T1_exact_sequence	100.0	1.0	1.0	5.0	5.0		identical protein sequence, unique on both sides
ECB_RS08325	ECB_01576	WP_000524868.1	GlpM family protein	b1607	NP_416124.1	ydgC	T1_exact_sequence	100.0	1.0	1.0	6.0	6.0		identical protein sequence, unique on both sides
ECB_RS19115	ECB_03616	WP_000190506.1	F0F1 ATP synthase subunit beta	b3732	NP_418188.1	atpD	T1_exact_sequence	100.0	1.0	1.0	6.0	6.0		identical protein sequence, unique on both sides
ECB_RS21545	ECB_04047	WP_001293282.1	23S rRNA (guanosine(2251)-2'-O)-methyltransferase RlmB	b4180	NP_418601.1	rlmB	T1_exact_sequence	100.0	1.0	1.0	6.0	6.0		identical protein sequence, unique on both sides
ECB_RS15660	ECB_02961	WP_000187442.1	glucuronate isomerase	b3092	NP_417563.1	uxaC	T1_exact_sequence	100.0	1.0	1.0	6.0	6.0		identical protein sequence, unique on both sides
ECB_RS20885	ECB_03926	WP_000486985.1	aromatic amino acid transaminase	b4054	NP_418478.1	tyrB	T1_exact_sequence	100.0	1.0	1.0	6.0	6.0		identical protein sequence, unique on both sides
ECB_RS16075	ECB_03041	WP_000071134.1	phosphoglucosamine mutase	b3176	NP_417643.1	glmM	T1_exact_sequence	100.0	1.0	1.0	6.0	6.0		identical protein sequence, unique on both sides
ECB_RS26090		WP_211180522.1	protein YkiE	b4801	YP_010051215.1	ykiE	T1_exact_sequence	100.0	1.0	1.0	3.0	4.0		identical protein sequence, unique on both sides
ECB_RS01620	ECB_00307	WP_000107627.1	3-(3-hydroxy-phenyl)propionate transporter	b0353	NP_414887.2	mhpT	T1_exact_sequence	100.0	1.0	1.0	6.0	6.0		identical protein sequence, unique on both sides
ECB_RS04725	ECB_00893	WP_000228473.1	leucine-responsive transcriptional regulator Lrp	b0889	NP_415409.1	lrp	T1_exact_sequence	100.0	1.0	1.0	6.0	6.0		identical protein sequence, unique on both sides
ECB_RS21875	ECB_04112	WP_000148581.1	aspartate carbamoyltransferase regulatory subunit	b4244	NP_418665.1	pyrI	T1_exact_sequence	100.0	1.0	1.0	6.0	6.0		identical protein sequence, unique on both sides
ECB_RS10790	ECB_02047	WP_000636925.1	protein YehK	b4541	YP_588459.1	yehK	T1_exact_sequence	100.0	1.0	1.0	5.0	5.0		identical protein sequence, unique on both sides
ECB_RS18045	ECB_03407	WP_001135732.1	type I toxin-antitoxin system toxin HokA	b4455	YP_026229.1	hokA	T1_exact_sequence	100.0	1.0	1.0	5.0	5.0		identical protein sequence, unique on both sides
ECB_RS03460	ECB_00656	WP_001272653.1	K(+)-transporting ATPase subunit F	b4513	YP_588443.1	kdpF	T1_exact_sequence	100.0	1.0	1.0	5.0	5.0		identical protein sequence, unique on both sides
ECB_RS10190	ECB_01919	WP_000754737.1	SDR family oxidoreductase	b2016	NP_416520.1	yeeZ	T1_exact_sequence	100.0	1.0	1.0	6.0	6.0		identical protein sequence, unique on both sides
ECB_RS19510	ECB_03686	WP_000812796.1	DUF484 domain-containing protein	b3810	NP_418255.1	yigA	T1_exact_sequence	100.0	1.0	1.0	6.0	6.0		identical protein sequence, unique on both sides
ECB_RS10325	ECB_01948	WP_000183060.1	UTP--glucose-1-phosphate uridylyltransferase GalF	b2042	NP_416546.1	galF	T1_exact_sequence	100.0	1.0	1.0	6.0	6.0		identical protein sequence, unique on both sides
ECB_RS15165	ECB_02872	WP_001081870.1	hydrogenase 2 operon protein HybA	b2996	NP_417470.1	hybA	T1_exact_sequence	100.0	1.0	1.0	5.0	5.0		identical protein sequence, unique on both sides
ECB_RS01555	ECB_00294	WP_000616243.1	cyanase	b0340	NP_414874.1	cynS	T1_exact_sequence	100.0	1.0	1.0	6.0	6.0		identical protein sequence, unique on both sides
ECB_RS12770	ECB_02424	WP_000940019.1	tRNA (cytosine(32)/uridine(32)-2'-O)-methyltransferase TrmJ	b2532	NP_417027.1	trmJ	T1_exact_sequence	100.0	1.0	1.0	6.0	6.0		identical protein sequence, unique on both sides
ECB_RS20355	ECB_03838	WP_000323846.1	PTS fructose-like transporter subunit IIB	b3953	NP_418388.1	frwD	T1_exact_sequence	100.0	1.0	1.0	6.0	6.0		identical protein sequence, unique on both sides
ECB_RS22885	ECB_01332	WP_001169151.1	YdaF family protein	b4527	NP_415872.2	ydaF	T1_exact_sequence	100.0	1.0	1.0	4.0	5.0		identical protein sequence, unique on both sides
ECB_RS02595	ECB_00497	WP_001054340.1	DNA base-flipping protein YbcN	b0547	NP_415079.1	ybcN	T1_exact_sequence	100.0	1.0	1.0	6.0	6.0		identical protein sequence, unique on both sides
ECB_RS25625		WP_120795392.1	protein YsdD	b4757	YP_009518826.1	ysdD	T1_exact_sequence	100.0	1.0	1.0	6.0	6.0		identical protein sequence, unique on both sides
ECB_RS20770	ECB_03905	WP_001297290.1	maltose ABC transporter permease MalF	b4033	NP_418457.1	malF	T1_exact_sequence	100.0	1.0	1.0	6.0	6.0		identical protein sequence, unique on both sides
ECB_RS21555	ECB_04049	WP_000511955.1	PspA/IM30 family protein	b4182	NP_418603.1	yjfJ	T1_exact_sequence	100.0	1.0	1.0	6.0	6.0		identical protein sequence, unique on both sides
ECB_RS22780	ECB_04273	WP_000875487.1	protein CreA	b4397	NP_418814.1	creA	T1_exact_sequence	100.0	1.0	1.0	6.0	6.0		identical protein sequence, unique on both sides
ECB_RS11735	ECB_02229	WP_001028341.1	TIGR01777 family oxidoreductase	b2304	NP_416807.1	yfcH	T1_exact_sequence	100.0	1.0	1.0	6.0	6.0		identical protein sequence, unique on both sides
ECB_RS13230		WP_001203437.1	outer membrane protein assembly factor BamE	b2617	NP_417107.2	bamE	T1_exact_sequence	100.0	1.0	1.0	6.0	6.0		identical protein sequence, unique on both sides
ECB_RS09120	ECB_01729	WP_000085240.1	YnjH family protein	b1760	NP_416274.1	ynjH	T1_exact_sequence	100.0	1.0	1.0	6.0	6.0		identical protein sequence, unique on both sides
ECB_RS16770	ECB_03168	WP_000301864.1	50S ribosomal protein L2	b3317	NP_417776.1	rplB	T1_exact_sequence	100.0	1.0	1.0	6.0	6.0		identical protein sequence, unique on both sides
ECB_RS04720	ECB_00892	WP_000537418.1	thioredoxin-disulfide reductase	b0888	NP_415408.1	trxB	T1_exact_sequence	100.0	1.0	1.0	6.0	6.0		identical protein sequence, unique on both sides
ECB_RS17350	ECB_03280	WP_000993449.1	glycogen phosphorylase	b3428	NP_417886.1	glgP	T1_exact_sequence	100.0	1.0	1.0	4.0	4.0		identical protein sequence, unique on both sides
ECB_RS01010	ECB_00195	WP_001202329.1	Rcs stress response system protein RcsF	b0196	NP_414738.1	rcsF	T1_exact_sequence	100.0	1.0	1.0	6.0	6.0		identical protein sequence, unique on both sides
ECB_RS12655	ECB_02401	WP_000937912.1	exodeoxyribonuclease VII large subunit	b2509	NP_417004.1	xseA	T1_exact_sequence	100.0	1.0	1.0	6.0	6.0		identical protein sequence, unique on both sides
ECB_RS03025	ECB_00580	WP_000050323.1	citrate/succinate antiporter CitT	b0612	NP_415145.1	citT	T1_exact_sequence	100.0	1.0	1.0	6.0	6.0		identical protein sequence, unique on both sides
ECB_RS09455	ECB_01790	WP_000156255.1	DUF986 family protein	b1820	NP_416334.1	yobD	T1_exact_sequence	100.0	1.0	1.0	6.0	6.0		identical protein sequence, unique on both sides
ECB_RS16165	ECB_03059	WP_000925795.1	lipid asymmetry maintenance ABC transporter permease subunit MlaE	b3194	NP_417661.1	mlaE	T1_exact_sequence	100.0	1.0	1.0	6.0	6.0		identical protein sequence, unique on both sides
ECB_RS02490	ECB_00479	WP_000729160.1	bifunctional methylenetetrahydrofolate dehydrogenase/methenyltetrahydrofolate cyclohydrolase FolD	b0529	NP_415062.1	folD	T1_exact_sequence	100.0	1.0	1.0	6.0	6.0		identical protein sequence, unique on both sides
ECB_RS04320	ECB_00811	WP_000023565.1	5-amino-6-(5-phospho-D-ribitylamino)uracil phosphatase	b0844	NP_415365.4	ybjI	T1_exact_sequence	100.0	1.0	1.0	5.0	5.0		identical protein sequence, unique on both sides
ECB_RS08655	ECB_01639	WP_001069979.1	thiosulfate reductase cytochrome B subunit	b1670	NP_416185.1	ydhU	T1_exact_sequence	100.0	1.0	1.0	6.0	6.0		identical protein sequence, unique on both sides
ECB_RS09650	ECB_01824	WP_001056706.1	DNA-binding transcriptional regulator HexR	b1853	NP_416367.1	yebK	T1_exact_sequence	100.0	1.0	1.0	6.0	6.0		identical protein sequence, unique on both sides
ECB_RS18770	ECB_03552	WP_001295243.1	signal transduction histidine-protein kinase/phosphatase UhpB	b3668	NP_418124.4	uhpB	T1_exact_sequence	100.0	1.0	1.0	6.0	6.0		identical protein sequence, unique on both sides
ECB_RS22175	ECB_04166	WP_000600622.1	ribulose-phosphate 3 epimerase family protein	b4301	NP_418721.1	sgcE	T1_exact_sequence	100.0	1.0	1.0	4.0	4.0		identical protein sequence, unique on both sides
ECB_RS04290	ECB_00805	WP_001295292.1	glutathione S-transferase GstB	b0838	NP_415359.4	gstB	T1_exact_sequence	100.0	1.0	1.0	6.0	6.0		identical protein sequence, unique on both sides
ECB_RS02210	ECB_00422	WP_000467098.1	YbaB/EbfC family nucleoid-associated protein	b0471	NP_415004.1	ybaB	T1_exact_sequence	100.0	1.0	1.0	6.0	6.0		identical protein sequence, unique on both sides
ECB_RS14070	ECB_02664	WP_000678646.1	murein transglycosylase A	b2813	NP_417293.1	mltA	T1_exact_sequence	100.0	1.0	1.0	6.0	6.0		identical protein sequence, unique on both sides
ECB_RS05070	ECB_00961	WP_000750416.1	porin OmpA	b0957	NP_415477.1	ompA	T1_exact_sequence	100.0	1.0	1.0	6.0	6.0		identical protein sequence, unique on both sides
ECB_RS07295	ECB_01374	WP_000428998.1	cytochrome b561	b1418	NP_415935.2	cybB	T1_exact_sequence	100.0	1.0	1.0	4.0	4.0		identical protein sequence, unique on both sides
ECB_RS22340	ECB_04193	WP_000833679.1	Uxu operon transcriptional regulator	b4324	NP_418744.1	uxuR	T1_exact_sequence	100.0	1.0	1.0	5.0	5.0		identical protein sequence, unique on both sides
ECB_RS09305		WP_001219350.1	YoaK family small membrane protein	b4676	YP_002791242.1	yoaK	T1_exact_sequence	100.0	1.0	1.0	6.0	6.0		identical protein sequence, unique on both sides
ECB_RS02400	ECB_00461	WP_000401100.1	allantoin transporter	b0511	NP_415044.4	allW	T1_exact_sequence	100.0	1.0	1.0	6.0	6.0		identical protein sequence, unique on both sides
ECB_RS03270	ECB_00628	WP_001018040.1	PhoH family protein	b0660	NP_415193.2	ybeZ	T1_exact_sequence	100.0	1.0	1.0	6.0	6.0		identical protein sequence, unique on both sides
ECB_RS05040	ECB_00955	WP_000445533.1	intermembrane transport protein PqiB	b0951	NP_415471.1	pqiB	T1_exact_sequence	100.0	1.0	1.0	6.0	6.0		identical protein sequence, unique on both sides
ECB_RS11710	ECB_02224	WP_000437935.1	NUDIX hydrolase YfcD	b2299	NP_416802.1	yfcD	T1_exact_sequence	100.0	1.0	1.0	6.0	6.0		identical protein sequence, unique on both sides
ECB_RS17425	ECB_03295	WP_000634159.1	YrhB family protein	b3446	NP_417903.1	yrhB	T1_exact_sequence	100.0	1.0	1.0	5.0	5.0		identical protein sequence, unique on both sides
ECB_RS00315	ECB_00061	WP_001117011.1	RNA polymerase-associated protein RapA	b0059	NP_414601.1	rapA	T1_exact_sequence	100.0	1.0	1.0	6.0	6.0		identical protein sequence, unique on both sides
ECB_RS14050	ECB_02660	WP_000750398.1	YgdI/YgdR family lipoprotein	b2809	NP_417289.2	ygdI	T1_exact_sequence	100.0	1.0	1.0	6.0	6.0		identical protein sequence, unique on both sides
ECB_RS07435	ECB_01400	WP_000555458.1	ABC transporter permease	b1443	NP_415960.1	ydcV	T1_exact_sequence	100.0	1.0	1.0	6.0	6.0		identical protein sequence, unique on both sides
ECB_RS09130	ECB_01731	WP_000756910.1	DUF1266 domain-containing protein	b1762	NP_416276.4	ynjI	T1_exact_sequence	100.0	1.0	1.0	6.0	6.0		identical protein sequence, unique on both sides
ECB_RS10935	ECB_02075	WP_001136389.1	NAD-dependent dihydropyrimidine dehydrogenase subunit PreT	b2146	NP_416651.1	preT	T1_exact_sequence	100.0	1.0	1.0	6.0	6.0		identical protein sequence, unique on both sides
ECB_RS12220	ECB_02317	WP_000522247.1	PTS glucose transporter subunit IIA	b2417	NP_416912.1	crr	T1_exact_sequence	100.0	1.0	1.0	6.0	6.0		identical protein sequence, unique on both sides
ECB_RS07835	ECB_01480	WP_001191027.1	DUF4186 domain-containing protein	b1523	NP_416040.1	yneG	T1_exact_sequence	100.0	1.0	1.0	6.0	6.0		identical protein sequence, unique on both sides
ECB_RS22770	ECB_04271	WP_000942344.1	2,3-diphosphoglycerate-dependent phosphoglycerate mutase GpmB	b4395	NP_418812.1	ytjC	T1_exact_sequence	100.0	1.0	1.0	6.0	6.0		identical protein sequence, unique on both sides
ECB_RS16730	ECB_03160	WP_000729185.1	50S ribosomal protein L24	b3309	NP_417768.1	rplX	T1_exact_sequence	100.0	1.0	1.0	6.0	6.0		identical protein sequence, unique on both sides
ECB_RS02165	ECB_00414	WP_001295324.1	multidrug efflux RND transporter periplasmic adaptor subunit AcrA	b0463	NP_414996.1	acrA	T1_exact_sequence	100.0	1.0	1.0	6.0	6.0		identical protein sequence, unique on both sides
ECB_RS02245	ECB_00429	WP_000546237.1	YbaL family putative K(+) efflux transporter	b0478	NP_415011.1	ybaL	T1_exact_sequence	100.0	1.0	1.0	6.0	6.0		identical protein sequence, unique on both sides
ECB_RS03825	ECB_00718	WP_000891692.1	molybdenum ABC transporter ATP-binding protein ModC	b0765	NP_415286.1	modC	T1_exact_sequence	100.0	1.0	1.0	6.0	6.0		identical protein sequence, unique on both sides
ECB_RS10945	ECB_02077	WP_001275118.1	galactose/methyl galactoside ABC transporter permease MglC	b2148	NP_416653.1	mglC	T1_exact_sequence	100.0	1.0	1.0	6.0	6.0		identical protein sequence, unique on both sides
ECB_RS03145	ECB_00604	WP_000776191.1	peptidoglycan DD-transpeptidase MrdA	b0635	NP_415168.1	mrdA	T1_exact_sequence	100.0	1.0	1.0	6.0	6.0		identical protein sequence, unique on both sides
ECB_RS25775		WP_000469266.1	protein YqiD	b4756	YP_009518818.1	yqiD	T1_exact_sequence	100.0	1.0	1.0	6.0	6.0		identical protein sequence, unique on both sides
ECB_RS10955	ECB_02079	WP_001036964.1	galactose/glucose ABC transporter substrate-binding protein MglB	b2150	NP_416655.1	mglB	T1_exact_sequence	100.0	1.0	1.0	6.0	6.0		identical protein sequence, unique on both sides
ECB_RS26025		WP_211180508.1	protein YqiM	b4787	YP_010051200.1	yqiM	T1_exact_sequence	100.0	1.0	1.0	6.0	6.0		identical protein sequence, unique on both sides
ECB_RS03960	ECB_00742	WP_000951213.1	biotin synthase BioB	b0775	NP_415296.1	bioB	T1_exact_sequence	100.0	1.0	1.0	5.0	5.0		identical protein sequence, unique on both sides
ECB_RS05495	ECB_01036	WP_000833288.1	curli production assembly/transport protein CsgE	b1039	NP_415557.1	csgE	T1_exact_sequence	100.0	1.0	1.0	6.0	6.0		identical protein sequence, unique on both sides
ECB_RS26150	ECB_01415	WP_000939263.1	YdcD family protein	b1457	NP_415974.1	ydcD	T1_exact_sequence	100.0	1.0	1.0	4.0	4.0		identical protein sequence, unique on both sides
ECB_RS16960	ECB_03205	WP_000907085.1	YheU family protein	b3354	NP_417813.1	yheU	T1_exact_sequence	100.0	1.0	1.0	6.0	6.0		identical protein sequence, unique on both sides
ECB_RS14190	ECB_02683	WP_000004616.1	lysophospholipid transporter LplT	b2835	NP_417312.1	lplT	T1_exact_sequence	100.0	1.0	1.0	6.0	6.0		identical protein sequence, unique on both sides
ECB_RS26070		WP_211180520.1	protein YsgD	b4799	YP_010051213.1	ysgD	T1_exact_sequence	100.0	1.0	1.0	3.0	3.0		identical protein sequence, unique on both sides
ECB_RS14665	ECB_02775	WP_000286500.1	deoxyribonuclease I	b2945	NP_417420.1	endA	T1_exact_sequence	100.0	1.0	1.0	6.0	6.0		identical protein sequence, unique on both sides
ECB_RS22315	ECB_04190	WP_000558251.1	gluconate permease GntP	b4321	NP_418741.1	gntP	T1_exact_sequence	100.0	1.0	1.0	6.0	6.0		identical protein sequence, unique on both sides
ECB_RS14175	ECB_02680	WP_000895624.1	TerC family protein	b2832	NP_417309.1	ygdQ	T1_exact_sequence	100.0	1.0	1.0	6.0	6.0		identical protein sequence, unique on both sides
ECB_RS18335	ECB_03462	WP_000636500.1	transcriptional regulator LldR	b3604	NP_418061.1	lldR	T1_exact_sequence	100.0	1.0	1.0	4.0	4.0		identical protein sequence, unique on both sides
ECB_RS08330	ECB_01577	WP_001092508.1	two-component system response regulator RstA	b1608	NP_416125.2	rstA	T1_exact_sequence	100.0	1.0	1.0	6.0	6.0		identical protein sequence, unique on both sides
ECB_RS04020	ECB_00753	WP_000373624.1	Bax inhibitor-1/YccA family protein	b0786	NP_415307.1	ybhL	T1_exact_sequence	100.0	1.0	1.0	6.0	6.0		identical protein sequence, unique on both sides
ECB_RS04255	ECB_00799	WP_001236051.1	glutathione ABC transporter permease GsiD	b0832	NP_415353.1	gsiD	T1_exact_sequence	100.0	1.0	1.0	6.0	6.0		identical protein sequence, unique on both sides
ECB_RS25915		WP_211180494.1	protein YnaN	b4773	YP_010051183.1	ynaN	T1_exact_sequence	100.0	1.0	1.0	6.0	6.0		identical protein sequence, unique on both sides
ECB_RS06645		WP_001300896.1	YmiA family putative membrane protein	b4522	YP_588449.3	ymiA	T1_exact_sequence	100.0	1.0	1.0	6.0	6.0		identical protein sequence, unique on both sides
ECB_RS00930	ECB_00179	WP_000565966.1	acyl-ACP--UDP-N-acetylglucosamine O-acyltransferase	b0181	NP_414723.1	lpxA	T1_exact_sequence	100.0	1.0	1.0	6.0	6.0		identical protein sequence, unique on both sides
ECB_RS12000	ECB_02281	WP_001296867.1	CoA:oxalate CoA-transferase	b2371	NP_416872.4	yfdE	T1_exact_sequence	100.0	1.0	1.0	6.0	6.0		identical protein sequence, unique on both sides
ECB_RS09865	ECB_01867	WP_000100205.1	arabinose ABC transporter permease AraH	b4460	YP_026162.2	araH	T1_exact_sequence	100.0	1.0	1.0	6.0	6.0		identical protein sequence, unique on both sides
ECB_RS20685	ECB_03890	WP_000226403.1	glyoxylate bypass operon transcriptional repressor IclR	b4018	NP_418442.2	iclR	T1_exact_sequence	100.0	1.0	1.0	6.0	6.0		identical protein sequence, unique on both sides
ECB_RS16385	ECB_03103	WP_000440317.1	HTH-type transcriptional activator AaeR	b3243	NP_417710.1	aaeR	T1_exact_sequence	100.0	1.0	1.0	6.0	6.0		identical protein sequence, unique on both sides
ECB_RS19970	ECB_03768	WP_000621656.1	sulfofructose kinase	b3883	NP_418319.2	yihV	T1_exact_sequence	100.0	1.0	1.0	6.0	6.0		identical protein sequence, unique on both sides
ECB_RS07500	ECB_01412	WP_000226995.1	YncH family protein	b1455	NP_415972.1	yncH	T1_exact_sequence	100.0	1.0	1.0	4.0	4.0		identical protein sequence, unique on both sides
ECB_RS11630	ECB_02209	WP_000789500.1	NADH-quinone oxidoreductase subunit NuoF	b2284	NP_416787.1	nuoF	T1_exact_sequence	100.0	1.0	1.0	6.0	6.0		identical protein sequence, unique on both sides
ECB_RS25320		WP_120795374.1	protein YahV	b4730	YP_009518747.1	yahV	T1_exact_sequence	100.0	1.0	1.0	6.0	6.0		identical protein sequence, unique on both sides
ECB_RS09465	ECB_01791	WP_001296134.1	manganese efflux pump MntP	b1821	NP_416335.4	mntP	T1_exact_sequence	100.0	1.0	1.0	6.0	6.0		identical protein sequence, unique on both sides
ECB_RS05085	ECB_00963	WP_000839153.1	CRP-S regulon transcriptional coactivator Sxy	b0959	NP_415479.1	sxy	T1_exact_sequence	100.0	1.0	1.0	6.0	6.0		identical protein sequence, unique on both sides
ECB_RS02130	ECB_00407	WP_000878140.1	DUF1428 domain-containing protein	b0456	NP_414989.1	ybaA	T1_exact_sequence	100.0	1.0	1.0	6.0	6.0		identical protein sequence, unique on both sides
ECB_RS05635	ECB_01060	WP_000780912.1	glutaredoxin 2	b1064	NP_415582.1	grxB	T1_exact_sequence	100.0	1.0	1.0	6.0	6.0		identical protein sequence, unique on both sides
ECB_RS13185	ECB_02497	WP_000043335.1	ribosome maturation factor RimM	b2608	NP_417099.4	rimM	T1_exact_sequence	100.0	1.0	1.0	6.0	6.0		identical protein sequence, unique on both sides
ECB_RS00160	ECB_00033	WP_001166395.1	4-hydroxy-3-methylbut-2-enyl diphosphate reductase	b0029	NP_414570.1	ispH	T1_exact_sequence	100.0	1.0	1.0	6.0	6.0		identical protein sequence, unique on both sides
ECB_RS15135	ECB_02866	WP_000334896.1	hydrogenase maturation factor HybG	b2990	NP_417464.1	hybG	T1_exact_sequence	100.0	1.0	1.0	6.0	6.0		identical protein sequence, unique on both sides
ECB_RS04295	ECB_00806	WP_001300708.1	serine-type D-Ala-D-Ala carboxypeptidase	b0839	NP_415360.1	dacC	T1_exact_sequence	100.0	1.0	1.0	6.0	6.0		identical protein sequence, unique on both sides
ECB_RS05785	ECB_01090	WP_000103754.1	acyl carrier protein	b1094	NP_415612.1	acpP	T1_exact_sequence	100.0	1.0	1.0	6.0	6.0		identical protein sequence, unique on both sides
ECB_RS16390	ECB_03104	WP_000055909.1	metalloprotease TldD	b3244	NP_417711.1	tldD	T1_exact_sequence	100.0	1.0	1.0	6.0	6.0		identical protein sequence, unique on both sides
ECB_RS15920	ECB_03013	WP_000809262.1	16S rRNA (cytidine(1402)-2'-O)-methyltransferase	b3146	NP_417615.1	rsmI	T1_exact_sequence	100.0	1.0	1.0	6.0	6.0		identical protein sequence, unique on both sides
ECB_RS08515	ECB_01613	WP_000670998.1	DUF1656 domain-containing protein	b1643	NP_416160.1	ydhI	T1_exact_sequence	100.0	1.0	1.0	6.0	6.0		identical protein sequence, unique on both sides
ECB_RS13125	ECB_02485	WP_000197686.1	outer membrane protein assembly factor BamD	b2595	NP_417086.1	bamD	T1_exact_sequence	100.0	1.0	1.0	5.0	5.0		identical protein sequence, unique on both sides
ECB_RS06435	ECB_01212	WP_000718995.1	UTP--glucose-1-phosphate uridylyltransferase GalU	b1236	NP_415752.1	galU	T1_exact_sequence	100.0	1.0	1.0	6.0	6.0		identical protein sequence, unique on both sides
ECB_RS03380	ECB_00641	WP_001018618.1	flavodoxin FldA	b0684	NP_415210.1	fldA	T1_exact_sequence	100.0	1.0	1.0	6.0	6.0		identical protein sequence, unique on both sides
ECB_RS11750	ECB_02232	WP_000569958.1	ABC transporter permease	b2307	NP_416810.1	hisM	T1_exact_sequence	100.0	1.0	1.0	6.0	6.0		identical protein sequence, unique on both sides
ECB_RS06275	ECB_01181	WP_001033352.1	C4-dicarboxylic acid transporter DauA	b1206	NP_415724.2	dauA	T1_exact_sequence	100.0	1.0	1.0	6.0	6.0		identical protein sequence, unique on both sides
ECB_RS21260	ECB_03995	WP_000611288.1	two-component system response regulator DcuR	b4124	NP_418548.1	dcuR	T1_exact_sequence	100.0	1.0	1.0	6.0	6.0		identical protein sequence, unique on both sides
ECB_RS06430	ECB_01211	WP_000193447.1	two-component system response regulator RssB	b1235	NP_415751.1	rssB	T1_exact_sequence	100.0	1.0	1.0	6.0	6.0		identical protein sequence, unique on both sides
ECB_RS19825	ECB_03742	WP_000907622.1	molybdopterin-guanine dinucleotide biosynthesis protein MobB	b3856	NP_418293.2	mobB	T1_exact_sequence	100.0	1.0	1.0	6.0	6.0		identical protein sequence, unique on both sides
ECB_RS15485	ECB_02928	WP_001295541.1	bifunctional dihydroneopterin aldolase/7,8-dihydroneopterin epimerase	b3058	NP_417530.2	folB	T1_exact_sequence	100.0	1.0	1.0	6.0	6.0		identical protein sequence, unique on both sides
ECB_RS25385	ECB_00908	WP_000642546.1	formate transporter FocA	b0904	NP_415424.1	focA	T1_exact_sequence	100.0	1.0	1.0	6.0	6.0		identical protein sequence, unique on both sides
ECB_RS07940	ECB_01500	WP_000214712.1	putative selenium delivery protein YdfZ	b1541	NP_416059.1	ydfZ	T1_exact_sequence	100.0	1.0	1.0	4.0	4.0		identical protein sequence, unique on both sides
ECB_RS20395	ECB_03846	WP_001025939.1	DNA-binding transcriptional regulator OxyR	b3961	NP_418396.1	oxyR	T1_exact_sequence	100.0	1.0	1.0	6.0	6.0		identical protein sequence, unique on both sides
ECB_RS12505	ECB_02372	WP_001068682.1	thioredoxin-dependent thiol peroxidase	b2480	NP_416975.1	bcp	T1_exact_sequence	100.0	1.0	1.0	6.0	6.0		identical protein sequence, unique on both sides
ECB_RS14055	ECB_02661	WP_001300698.1	cysteine desulfurase CsdA	b2810	NP_417290.1	csdA	T1_exact_sequence	100.0	1.0	1.0	6.0	6.0		identical protein sequence, unique on both sides
ECB_RS21100	ECB_03966	WP_000971886.1	ribose 1,5-bisphosphokinase	b4094	NP_418518.1	phnN	T1_exact_sequence	100.0	1.0	1.0	6.0	6.0		identical protein sequence, unique on both sides
ECB_RS13485	ECB_02550	WP_000132231.1	nicotinamide-nucleotide amidase	b2700	NP_417180.1	pncC	T1_exact_sequence	100.0	1.0	1.0	6.0	6.0		identical protein sequence, unique on both sides
ECB_RS10500	ECB_01983	WP_000675150.1	two-component system sensor histidine kinase BaeS	b2078	NP_416582.1	baeS	T1_exact_sequence	100.0	1.0	1.0	6.0	6.0		identical protein sequence, unique on both sides
ECB_RS06290	ECB_01184	WP_001130692.1	lipoprotein insertase outer membrane protein LolB	b1209	NP_415727.1	lolB	T1_exact_sequence	100.0	1.0	1.0	6.0	6.0		identical protein sequence, unique on both sides
ECB_RS16865	ECB_03187	WP_000675504.1	bacterioferritin	b3336	NP_417795.1	bfr	T1_exact_sequence	100.0	1.0	1.0	6.0	6.0		identical protein sequence, unique on both sides
ECB_RS20030	ECB_03779	WP_010723259.1	formate dehydrogenase-N subunit alpha	b3894	NP_418330.1	fdoG	T1_exact_sequence	100.0	1.0	1.0	6.0	6.0		identical protein sequence, unique on both sides
ECB_RS10380	ECB_01959	WP_000048190.1	GDP-mannose 4,6-dehydratase	b2053	NP_416557.1	gmd	T1_exact_sequence	100.0	1.0	1.0	6.0	6.0		identical protein sequence, unique on both sides
ECB_RS09480	ECB_01794	WP_001295496.1	DUF2627 domain-containing protein	b1824	NP_416338.1	yobF	T1_exact_sequence	100.0	1.0	1.0	6.0	6.0		identical protein sequence, unique on both sides
ECB_RS09110	ECB_01727	WP_001295484.1	CDP-alcohol phosphatidyltransferase family protein	b1758	NP_416272.2	ynjF	T1_exact_sequence	100.0	1.0	1.0	6.0	6.0		identical protein sequence, unique on both sides
ECB_RS01490	ECB_00281	WP_001301260.1	protein YahL	b0326	NP_414860.1	yahL	T1_exact_sequence	100.0	1.0	1.0	6.0	6.0		identical protein sequence, unique on both sides
ECB_RS15035	ECB_02846	WP_001194661.1	glycolate oxidase subunit GlcF	b4467	YP_026190.1	glcF	T1_exact_sequence	100.0	1.0	1.0	6.0	6.0		identical protein sequence, unique on both sides
ECB_RS12115	ECB_02302	WP_000376337.1	nucleoside permease NupC	b2393	NP_416894.1	nupC	T1_exact_sequence	100.0	1.0	1.0	6.0	6.0		identical protein sequence, unique on both sides
ECB_RS14060	ECB_02662	WP_000184261.1	cysteine desulfurase sulfur acceptor subunit CsdE	b2811	NP_417291.1	csdE	T1_exact_sequence	100.0	1.0	1.0	6.0	6.0		identical protein sequence, unique on both sides
ECB_RS04070	ECB_00763	WP_001296991.1	DNA-binding transcriptional regulator CecR	b0796	NP_415317.4	cecR	T1_exact_sequence	100.0	1.0	1.0	6.0	6.0		identical protein sequence, unique on both sides
ECB_RS05675	ECB_01068	WP_000905458.1	flagellar basal body P-ring formation chaperone FlgA	b1072	NP_415590.1	flgA	T1_exact_sequence	100.0	1.0	1.0	6.0	6.0		identical protein sequence, unique on both sides
ECB_RS20810	ECB_03911	WP_001326644.1	chorismate lyase	b4039	NP_418463.4	ubiC	T1_exact_sequence	100.0	1.0	1.0	6.0	6.0		identical protein sequence, unique on both sides
ECB_RS10930	ECB_02074	WP_000383096.1	DUF2542 family protein	b2145	NP_416650.1	yeiS	T1_exact_sequence	100.0	1.0	1.0	6.0	6.0		identical protein sequence, unique on both sides
ECB_RS09440	ECB_01787	WP_000150543.1	PTS mannose transporter subunit IIAB	b1817	NP_416331.1	manX	T1_exact_sequence	100.0	1.0	1.0	6.0	6.0		identical protein sequence, unique on both sides
ECB_RS01985	ECB_00379	WP_000971336.1	heme o synthase	b0428	NP_414962.1	cyoE	T1_exact_sequence	100.0	1.0	1.0	3.0	3.0		identical protein sequence, unique on both sides
ECB_RS12660	ECB_02402	WP_001301158.1	zinc ribbon domain-containing protein	b2510	NP_417005.2	yfgJ	T1_exact_sequence	100.0	1.0	1.0	6.0	6.0		identical protein sequence, unique on both sides
ECB_RS17560	ECB_03320	WP_001100469.1	7-cyano-7-deazaguanine/7-aminomethyl-7-deazaguanine transporter	b3471	NP_417928.1	yhhQ	T1_exact_sequence	100.0	1.0	1.0	6.0	6.0		identical protein sequence, unique on both sides
ECB_RS22180	ECB_04167	WP_000606406.1	SgcA family PTS sugar transporter subunit IIA	b4302	NP_418722.1	sgcA	T1_exact_sequence	100.0	1.0	1.0	5.0	5.0		identical protein sequence, unique on both sides
ECB_RS11550	ECB_02193	WP_000070621.1	stress response protein ElaB	b2266	NP_416769.1	elaB	T1_exact_sequence	100.0	1.0	1.0	6.0	6.0		identical protein sequence, unique on both sides
ECB_RS17765	ECB_03357	WP_001298717.1	acid-activated periplasmic chaperone HdeB	b3509	NP_417966.4	hdeB	T1_exact_sequence	100.0	1.0	1.0	6.0	6.0		identical protein sequence, unique on both sides
ECB_RS06805	ECB_01279	WP_000069229.1	4-aminobutyrate transaminase	b1302	NP_415818.1	puuE	T1_exact_sequence	100.0	1.0	1.0	6.0	6.0		identical protein sequence, unique on both sides
ECB_RS05100	ECB_00966	WP_001295354.1	DNA helicase IV	b0962	NP_415482.1	helD	T1_exact_sequence	100.0	1.0	1.0	6.0	6.0		identical protein sequence, unique on both sides
ECB_RS13040	ECB_02473	WP_000627807.1	autonomous glycyl radical cofactor GrcA	b2579	NP_417074.1	grcA	T1_exact_sequence	100.0	1.0	1.0	6.0	6.0		identical protein sequence, unique on both sides
ECB_RS06665	ECB_01254	WP_001176295.1	GTP cyclohydrolase II	b1277	NP_415793.1	ribA	T1_exact_sequence	100.0	1.0	1.0	6.0	6.0		identical protein sequence, unique on both sides
ECB_RS16790	ECB_03172	WP_001181004.1	30S ribosomal protein S10	b3321	NP_417780.1	rpsJ	T1_exact_sequence	100.0	1.0	1.0	6.0	6.0		identical protein sequence, unique on both sides
ECB_RS16410	ECB_03108	WP_000179409.1	rod shape-determining protein MreD	b3249	NP_417715.1	mreD	T1_exact_sequence	100.0	1.0	1.0	6.0	6.0		identical protein sequence, unique on both sides
ECB_RS17965	ECB_03394	WP_000938855.1	dipeptide ABC transporter permease DppB	b3543	NP_418000.1	dppB	T1_exact_sequence	100.0	1.0	1.0	5.0	5.0		identical protein sequence, unique on both sides
ECB_RS05630	ECB_01059	WP_001295443.1	lipoprotein	b1063	NP_415581.1	yceB	T1_exact_sequence	100.0	1.0	1.0	6.0	6.0		identical protein sequence, unique on both sides
ECB_RS16400	ECB_03106	WP_000123197.1	ribonuclease G	b3247	NP_417713.2	rng	T1_exact_sequence	100.0	1.0	1.0	6.0	6.0		identical protein sequence, unique on both sides
ECB_RS05255	ECB_00994	WP_001019197.1	GnsA/GnsB family addiction module toxin	b4517	YP_588446.1	gnsA	T1_exact_sequence	100.0	1.0	1.0	6.0	6.0		identical protein sequence, unique on both sides
ECB_RS21825	ECB_04102	WP_000166270.1	ribosome biogenesis factor YjgA	b4234	NP_418655.1	yjgA	T1_exact_sequence	100.0	1.0	1.0	5.0	5.0		identical protein sequence, unique on both sides
ECB_RS07380	ECB_01390	WP_000826416.1	RNA-guided endonuclease InsQ/TnpB family protein	b1432	NP_415949.3	insQ	T1_exact_sequence	100.0	1.0	1.0	6.0	6.0		identical protein sequence, unique on both sides
ECB_RS11840	ECB_02250	WP_000559764.1	YfcL family protein	b2325	NP_416828.1	yfcL	T1_exact_sequence	100.0	1.0	1.0	6.0	6.0		identical protein sequence, unique on both sides
ECB_RS05830	ECB_01099	WP_000807125.1	purine nucleoside phosphoramidase	b1103	NP_415621.3	hinT	T1_exact_sequence	100.0	1.0	1.0	6.0	6.0		identical protein sequence, unique on both sides
ECB_RS08650	ECB_01638	WP_000587525.1	protein YdhT	b1669	NP_416184.1	ydhT	T1_exact_sequence	100.0	1.0	1.0	6.0	6.0		identical protein sequence, unique on both sides
ECB_RS15285	ECB_02892	WP_001295629.1	ABC transporter substrate-binding protein	b3020	NP_417492.1	ygiS	T1_exact_sequence	100.0	1.0	1.0	6.0	6.0		identical protein sequence, unique on both sides
ECB_RS12695	ECB_02409	WP_000003317.1	bifunctional tRNA (adenosine(37)-C2)-methyltransferase TrmG/ribosomal RNA large subunit methyltransferase RlmN	b2517	NP_417012.1	rlmN	T1_exact_sequence	100.0	1.0	1.0	6.0	6.0		identical protein sequence, unique on both sides
ECB_RS14435	ECB_02729	WP_000354046.1	FAD assembly factor SdhE	b2897	NP_417373.1	sdhE	T1_exact_sequence	100.0	1.0	1.0	6.0	6.0		identical protein sequence, unique on both sides
ECB_RS22585	ECB_04239	WP_000098818.1	primosomal protein DnaT	b4362	NP_418782.1	dnaT	T1_exact_sequence	100.0	1.0	1.0	6.0	6.0		identical protein sequence, unique on both sides
ECB_RS06280	ECB_01182	WP_001298109.1	ribose-phosphate diphosphokinase	b1207	NP_415725.1	prs	T1_exact_sequence	100.0	1.0	1.0	6.0	6.0		identical protein sequence, unique on both sides
ECB_RS18810	ECB_03557	WP_000828746.1	multidrug efflux MFS transporter EmrD	b3673	NP_418129.2	emrD	T1_exact_sequence	100.0	1.0	1.0	5.0	5.0		identical protein sequence, unique on both sides
ECB_RS16540	ECB_03129	WP_000078349.1	amino acid ABC transporter ATP-binding protein	b3271	NP_417737.1	yhdZ	T1_exact_sequence	100.0	1.0	1.0	5.0	5.0		identical protein sequence, unique on both sides
ECB_RS12680	ECB_02406	WP_001107167.1	histidine--tRNA ligase	b2514	NP_417009.1	hisS	T1_exact_sequence	100.0	1.0	1.0	6.0	6.0		identical protein sequence, unique on both sides
ECB_RS17360	ECB_03282	WP_000253975.1	glucose-1-phosphate adenylyltransferase	b3430	NP_417888.1	glgC	T1_exact_sequence	100.0	1.0	1.0	6.0	6.0		identical protein sequence, unique on both sides
ECB_RS06810	ECB_01280	WP_001301108.1	phage shock protein operon transcriptional activator	b1303	NP_415819.4	pspF	T1_exact_sequence	100.0	1.0	1.0	6.0	6.0		identical protein sequence, unique on both sides
ECB_RS18085	ECB_03415	WP_001295228.1	inner membrane protein YiaB	b3563	NP_418020.2	yiaB	T1_exact_sequence	100.0	1.0	1.0	6.0	6.0		identical protein sequence, unique on both sides
ECB_RS15495	ECB_02930	WP_000935206.1	L-tartrate utilization transcriptional activator TtdR	b3060	NP_417532.1	ttdR	T1_exact_sequence	100.0	1.0	1.0	6.0	6.0		identical protein sequence, unique on both sides
ECB_RS20155	ECB_03801	WP_000591795.1	6-phosphofructokinase	b3916	NP_418351.1	pfkA	T1_exact_sequence	100.0	1.0	1.0	6.0	6.0		identical protein sequence, unique on both sides
ECB_RS20245	ECB_03818	WP_000068828.1	cell division protein FtsN	b3933	NP_418368.1	ftsN	T1_exact_sequence	100.0	1.0	1.0	6.0	6.0		identical protein sequence, unique on both sides
ECB_RS16755	ECB_03165	WP_000529945.1	30S ribosomal protein S3	b3314	NP_417773.1	rpsC	T1_exact_sequence	100.0	1.0	1.0	6.0	6.0		identical protein sequence, unique on both sides
ECB_RS14565	ECB_02755	WP_000389818.1	small-conductance mechanosensitive channel MscS	b2924	NP_417399.1	mscS	T1_exact_sequence	100.0	1.0	1.0	6.0	6.0		identical protein sequence, unique on both sides
ECB_RS12370	ECB_02347	WP_000762196.1	ethanolamine utilization microcompartment protein EutN	b2456	NP_416951.1	eutN	T1_exact_sequence	100.0	1.0	1.0	6.0	6.0		identical protein sequence, unique on both sides
ECB_RS15885	ECB_03006	WP_000544489.1	PTS galactosamine transporter subunit IIC	b3139	NP_417608.1	agaC	T1_exact_sequence	100.0	1.0	1.0	6.0	6.0		identical protein sequence, unique on both sides
ECB_RS15555	ECB_02941	WP_000094721.1	aerotaxis sensor receptor Aer	b3072	NP_417543.1	aer	T1_exact_sequence	100.0	1.0	1.0	6.0	6.0		identical protein sequence, unique on both sides
ECB_RS03695	ECB_00700	WP_001295307.1	Tol-Pal system beta propeller repeat protein TolB	b0740	NP_415268.1	tolB	T1_exact_sequence	100.0	1.0	1.0	6.0	6.0		identical protein sequence, unique on both sides
ECB_RS04645	ECB_00879	WP_000491142.1	L-lysine exporter LysO	b0874	NP_415395.2	lysO	T1_exact_sequence	100.0	1.0	1.0	6.0	6.0		identical protein sequence, unique on both sides
ECB_RS21130	ECB_03972	WP_000171628.1	phosphonate C-P lyase system protein PhnH	b4100	NP_418524.1	phnH	T1_exact_sequence	100.0	1.0	1.0	5.0	5.0		identical protein sequence, unique on both sides
ECB_RS11320	ECB_02148	WP_000850540.1	acetate CoA-transferase subunit alpha	b2221	NP_416725.1	atoD	T1_exact_sequence	100.0	1.0	1.0	6.0	6.0		identical protein sequence, unique on both sides
ECB_RS18060	ECB_03410	WP_001291772.1	glycine--tRNA ligase subunit beta	b3559	NP_418016.1	glyS	T1_exact_sequence	100.0	1.0	1.0	5.0	5.0		identical protein sequence, unique on both sides
ECB_RS16710	ECB_03156	WP_000091945.1	50S ribosomal protein L6	b3305	NP_417764.1	rplF	T1_exact_sequence	100.0	1.0	1.0	6.0	6.0		identical protein sequence, unique on both sides
ECB_RS06165	ECB_01160	WP_000943459.1	disulfide bond formation protein DsbB	b1185	NP_415703.3	dsbB	T1_exact_sequence	100.0	1.0	1.0	6.0	6.0		identical protein sequence, unique on both sides
ECB_RS17640	ECB_03336	WP_000149156.1	ribosome-associated ATPase/putative transporter RbbA	b3486	YP_026225.1	rbbA	T1_exact_sequence	100.0	1.0	1.0	6.0	6.0		identical protein sequence, unique on both sides
ECB_RS14540	ECB_02750	WP_000122080.1	methylmalonyl-CoA decarboxylase	b2919	NP_417394.4	scpB	T1_exact_sequence	100.0	1.0	1.0	6.0	6.0		identical protein sequence, unique on both sides
ECB_RS06095		WP_000122462.1	protein YmgI	b4593	YP_001165314.1	ymgI	T1_exact_sequence	100.0	1.0	1.0	5.0	5.0		identical protein sequence, unique on both sides
ECB_RS21665	ECB_04070	WP_001196062.1	50S ribosomal protein L9	b4203	NP_418624.1	rplI	T1_exact_sequence	100.0	1.0	1.0	3.0	3.0		identical protein sequence, unique on both sides
ECB_RS12540	ECB_02379	WP_001102321.1	hydrogenase 4 catalytic subunit HyfG	b2487	NP_416982.1	hyfG	T1_exact_sequence	100.0	1.0	1.0	6.0	6.0		identical protein sequence, unique on both sides
ECB_RS12590	ECB_02389	WP_000198328.1	uracil permease	b2497	NP_416992.1	uraA	T1_exact_sequence	100.0	1.0	1.0	6.0	6.0		identical protein sequence, unique on both sides
ECB_RS06050	ECB_01141	WP_000888772.1	biofilm/acid-resistance regulator AriR	b1166	NP_415684.1	ariR	T1_exact_sequence	100.0	1.0	1.0	6.0	6.0		identical protein sequence, unique on both sides
ECB_RS08540	ECB_01618	WP_000840481.1	DUF1289 domain-containing protein	b1648	NP_416165.2	ydhL	T1_exact_sequence	100.0	1.0	1.0	6.0	6.0		identical protein sequence, unique on both sides
ECB_RS15395	ECB_02913	WP_001076997.1	3,4-dihydroxy-2-butanone-4-phosphate synthase	b3041	NP_417513.1	ribB	T1_exact_sequence	100.0	1.0	1.0	5.0	5.0		identical protein sequence, unique on both sides
ECB_RS01830	ECB_00349	WP_000149639.1	branched-chain amino acid transporter carrier protein BrnQ	b0401	NP_414935.1	brnQ	T1_exact_sequence	100.0	1.0	1.0	6.0	6.0		identical protein sequence, unique on both sides
ECB_RS13195	ECB_02499	WP_000460035.1	signal recognition particle protein	b2610	NP_417101.1	ffh	T1_exact_sequence	100.0	1.0	1.0	6.0	6.0		identical protein sequence, unique on both sides
ECB_RS00660	ECB_00126	WP_000150637.1	ABC transporter ATP-binding protein	b0127	NP_414669.1	yadG	T1_exact_sequence	100.0	1.0	1.0	6.0	6.0		identical protein sequence, unique on both sides
ECB_RS14515	ECB_02745	WP_000189743.1	ribose-5-phosphate isomerase RpiA	b2914	NP_417389.1	rpiA	T1_exact_sequence	100.0	1.0	1.0	5.0	5.0		identical protein sequence, unique on both sides
ECB_RS26340		WP_211180523.1	protein YthB	b4802	YP_010051216.1	ythB	T1_exact_sequence	100.0	1.0	1.0	4.0	4.0		identical protein sequence, unique on both sides
ECB_RS05940	ECB_01121	WP_000759317.1	spermidine/putrescine ABC transporter substrate-binding protein PotD	b1123	NP_415641.1	potD	T1_exact_sequence	100.0	1.0	1.0	5.0	5.0		identical protein sequence, unique on both sides
ECB_RS17035	ECB_03219	WP_000349855.1	siroheme synthase CysG	b3368	NP_417827.1	cysG	T1_exact_sequence	100.0	1.0	1.0	6.0	6.0		identical protein sequence, unique on both sides
ECB_RS15715	ECB_02972	WP_000384145.1	DUF805 domain-containing protein	b3103	NP_417574.1	yhaH	T1_exact_sequence	100.0	1.0	1.0	6.0	6.0		identical protein sequence, unique on both sides
ECB_RS15270	ECB_02889	WP_000059388.1	cell division protein FtsP	b3017	NP_417489.1	ftsP	T1_exact_sequence	100.0	1.0	1.0	6.0	6.0		identical protein sequence, unique on both sides
ECB_RS25900		WP_001406719.1	protein YljB	b4770	YP_010051179.1	yljB	T1_exact_sequence	100.0	1.0	1.0	6.0	6.0		identical protein sequence, unique on both sides
ECB_RS10425	ECB_01968	WP_000978094.1	polysaccharide export protein Wza	b2062	NP_416566.1	wza	T1_exact_sequence	100.0	1.0	1.0	6.0	6.0		identical protein sequence, unique on both sides
ECB_RS06355	ECB_01197	WP_001169669.1	DsrE/F sulfur relay family protein YchN	b1219	NP_415737.1	ychN	T1_exact_sequence	100.0	1.0	1.0	6.0	6.0		identical protein sequence, unique on both sides
ECB_RS21060	ECB_03958	WP_000507106.1	D-allose ABC transporter permease	b4086	NP_418510.1	alsC	T1_exact_sequence	100.0	1.0	1.0	6.0	6.0		identical protein sequence, unique on both sides
ECB_RS15935	ECB_03016	WP_001158034.1	DnaA initiator-associating protein DiaA	b3149	NP_417618.1	diaA	T1_exact_sequence	100.0	1.0	1.0	6.0	6.0		identical protein sequence, unique on both sides
ECB_RS00460	ECB_00088	WP_000964131.1	phospho-N-acetylmuramoyl-pentapeptide-transferase	b0087	NP_414629.1	mraY	T1_exact_sequence	100.0	1.0	1.0	6.0	6.0		identical protein sequence, unique on both sides
ECB_RS21520	ECB_04042	WP_001232412.1	protease modulator HflC	b4175	NP_418596.1	hflC	T1_exact_sequence	100.0	1.0	1.0	6.0	6.0		identical protein sequence, unique on both sides
ECB_RS09135	ECB_01732	WP_001235800.1	DNA topoisomerase III	b1763	NP_416277.1	topB	T1_exact_sequence	100.0	1.0	1.0	6.0	6.0		identical protein sequence, unique on both sides
ECB_RS21585	ECB_04055	WP_000811566.1	DUF1471 family protease activator YjfN	b4188	NP_418609.4	yjfN	T1_exact_sequence	100.0	1.0	1.0	6.0	6.0		identical protein sequence, unique on both sides
ECB_RS09720	ECB_01838	WP_000891621.1	hydrolase	b1867	NP_416381.2	yecD	T1_exact_sequence	100.0	1.0	1.0	6.0	6.0		identical protein sequence, unique on both sides
ECB_RS00055	ECB_00010	WP_000528538.1	acetate uptake transporter	b0010	NP_414551.1	satP	T1_exact_sequence	100.0	1.0	1.0	6.0	6.0		identical protein sequence, unique on both sides
ECB_RS20665	ECB_03887	WP_000857856.1	isocitrate lyase	b4015	NP_418439.1	aceA	T1_exact_sequence	100.0	1.0	1.0	6.0	6.0		identical protein sequence, unique on both sides
ECB_RS18035	ECB_03405	WP_000455798.1	HTH-type transcriptional regulator	b3555	NP_418011.1	yiaG	T1_exact_sequence	100.0	1.0	1.0	6.0	6.0		identical protein sequence, unique on both sides
ECB_RS01575	ECB_00298	WP_000177906.1	beta-galactosidase	b0344	NP_414878.1	lacZ	T1_exact_sequence	100.0	1.0	1.0	6.0	6.0		identical protein sequence, unique on both sides
ECB_RS25410		WP_001310756.1	small membrane protein YmiC	b4741	YP_009518771.1	ymiC	T1_exact_sequence	100.0	1.0	1.0	6.0	6.0		identical protein sequence, unique on both sides
ECB_RS06925	ECB_01303	WP_000219122.1	murein tripeptide amidase MpaA	b1326	NP_415842.2	mpaA	T1_exact_sequence	100.0	1.0	1.0	6.0	6.0		identical protein sequence, unique on both sides
ECB_RS19735	ECB_03729	WP_001295260.1	Sec-independent protein translocase subunit TatA	b3836	NP_418280.4	tatA	T1_exact_sequence	100.0	1.0	1.0	6.0	6.0		identical protein sequence, unique on both sides
ECB_RS14170	ECB_02679	WP_000082201.1	DNA mismatch repair endonuclease MutH	b2831	NP_417308.1	mutH	T1_exact_sequence	100.0	1.0	1.0	6.0	6.0		identical protein sequence, unique on both sides
ECB_RS08925	ECB_01691	WP_000771391.1	DUF481 domain-containing protein	b1722	NP_416236.1	ydiY	T1_exact_sequence	100.0	1.0	1.0	6.0	6.0		identical protein sequence, unique on both sides
ECB_RS21865	ECB_04110	WP_000471889.1	magnesium-translocating P-type ATPase	b4242	NP_418663.1	mgtA	T1_exact_sequence	100.0	1.0	1.0	6.0	6.0		identical protein sequence, unique on both sides
ECB_RS17445	ECB_03299	WP_000907792.1	sn-glycerol 3-phosphate ABC transporter ATP binding protein UgpC	b3450	NP_417907.2	ugpC	T1_exact_sequence	100.0	1.0	1.0	6.0	6.0		identical protein sequence, unique on both sides
ECB_RS10870	ECB_02063	WP_000097403.1	D-lactate dehydrogenase	b2133	NP_416637.1	dld	T1_exact_sequence	100.0	1.0	1.0	6.0	6.0		identical protein sequence, unique on both sides
ECB_RS04160	ECB_00780	WP_001295297.1	threonine/homoserine exporter RhtA	b0813	NP_415334.1	rhtA	T1_exact_sequence	100.0	1.0	1.0	6.0	6.0		identical protein sequence, unique on both sides
ECB_RS01485	ECB_00280	WP_000692754.1	NADPH-dependent aldehyde reductase YahK	b0325	NP_414859.1	yahK	T1_exact_sequence	100.0	1.0	1.0	5.0	5.0		identical protein sequence, unique on both sides
ECB_RS25175	ECB_03387	WP_000141634.1	type I toxin-antitoxin system toxic polypeptide LdrD	b4453	YP_026227.1	ldrD	T1_exact_sequence	100.0	1.0	1.0	4.0	4.0		identical protein sequence, unique on both sides
ECB_RS18880	ECB_03570	WP_001243437.1	small heat shock chaperone IbpA	b3687	NP_418142.1	ibpA	T1_exact_sequence	100.0	1.0	1.0	6.0	6.0		identical protein sequence, unique on both sides
ECB_RS12450	ECB_02362	WP_000258236.1	ArsC family reductase	b2471	NP_416966.1	yffB	T1_exact_sequence	100.0	1.0	1.0	6.0	6.0		identical protein sequence, unique on both sides
ECB_RS14650	ECB_02772	WP_001062128.1	methionine adenosyltransferase	b2942	NP_417417.1	metK	T1_exact_sequence	100.0	1.0	1.0	6.0	6.0		identical protein sequence, unique on both sides
ECB_RS07610	ECB_01435	WP_000781370.1	HigA family addiction module antitoxin	b1477	NP_415994.4	yddM	T1_exact_sequence	100.0	1.0	1.0	6.0	6.0		identical protein sequence, unique on both sides
ECB_RS18765	ECB_03551	WP_000936566.1	MFS transporter family glucose-6-phosphate receptor UhpC	b3667	NP_418123.2	uhpC	T1_exact_sequence	100.0	1.0	1.0	6.0	6.0		identical protein sequence, unique on both sides
ECB_RS15450	ECB_02922	WP_000869178.1	bifunctional D-glycero-beta-D-manno-heptose-7-phosphate kinase/D-glycero-beta-D-manno-heptose 1-phosphate adenylyltransferase HldE	b3052	NP_417524.1	hldE	T1_exact_sequence	100.0	1.0	1.0	5.0	5.0		identical protein sequence, unique on both sides
ECB_RS15995	ECB_03028	WP_000224351.1	tryptophan permease	b3161	NP_417630.1	mtr	T1_exact_sequence	100.0	1.0	1.0	6.0	6.0		identical protein sequence, unique on both sides
ECB_RS05050	ECB_00957	WP_000828648.1	ribosome modulation factor	b0953	NP_415473.1	rmf	T1_exact_sequence	100.0	1.0	1.0	6.0	6.0		identical protein sequence, unique on both sides
ECB_RS05210	ECB_00985	WP_000057871.1	protein-tyrosine-phosphatase Etp	b0982	NP_415502.4	etp	T1_exact_sequence	100.0	1.0	1.0	6.0	6.0		identical protein sequence, unique on both sides
ECB_RS16475	ECB_03117	WP_001145827.1	50S ribosomal protein L11 methyltransferase	b3259	NP_417725.1	prmA	T1_exact_sequence	100.0	1.0	1.0	6.0	6.0		identical protein sequence, unique on both sides
ECB_RS16980	ECB_03208	WP_000242755.1	cAMP-activated global transcriptional regulator CRP	b3357	NP_417816.1	crp	T1_exact_sequence	100.0	1.0	1.0	6.0	6.0		identical protein sequence, unique on both sides
ECB_RS01915	ECB_00365	WP_000742109.1	thiamine-phosphate kinase	b0417	NP_414951.1	thiL	T1_exact_sequence	100.0	1.0	1.0	6.0	6.0		identical protein sequence, unique on both sides
ECB_RS22410	ECB_04204	WP_001300012.1	double-cubane-cluster-containing anaerobic reductase	b4335	NP_418755.4	yjiM	T1_exact_sequence	100.0	1.0	1.0	5.0	5.0		identical protein sequence, unique on both sides
ECB_RS20905	ECB_03929	WP_000155657.1	MmcQ/YjbR family DNA-binding protein	b4057	NP_418481.1	yjbR	T1_exact_sequence	100.0	1.0	1.0	6.0	6.0		identical protein sequence, unique on both sides
ECB_RS05705	ECB_01074	WP_000625837.1	flagellar basal-body rod protein FlgG	b1078	NP_415596.1	flgG	T1_exact_sequence	100.0	1.0	1.0	6.0	6.0		identical protein sequence, unique on both sides
ECB_RS19290	ECB_03645	WP_001311244.1	ilv operon leader peptide	b3766	NP_418215.1	ilvL	T1_exact_sequence	100.0	1.0	1.0	5.0	5.0		identical protein sequence, unique on both sides
ECB_RS07605	ECB_01434	WP_000045648.1	formate dehydrogenase-N subunit gamma	b1476	NP_415993.1	fdnI	T1_exact_sequence	100.0	1.0	1.0	6.0	6.0		identical protein sequence, unique on both sides
ECB_RS15260	ECB_02887	WP_000848528.1	lipoprotein YqhH	b3014	NP_417487.1	yqhH	T1_exact_sequence	100.0	1.0	1.0	6.0	6.0		identical protein sequence, unique on both sides
ECB_RS17800	ECB_03363	WP_000149999.1	acid resistance transcriptional activator GadW	b3515	NP_417972.1	gadW	T1_exact_sequence	100.0	1.0	1.0	5.0	5.0		identical protein sequence, unique on both sides
ECB_RS04165	ECB_00781	WP_001295296.1	outer membrane protein OmpX	b0814	NP_415335.1	ompX	T1_exact_sequence	100.0	1.0	1.0	6.0	6.0		identical protein sequence, unique on both sides
ECB_RS25295		WP_120795373.1	small protein YadW	b4728	YP_009518738.1	yadW	T1_exact_sequence	100.0	1.0	1.0	6.0	6.0		identical protein sequence, unique on both sides
ECB_RS09285	ECB_01760	WP_000128491.1	2-nitroimidazole transporter	b1791	NP_416305.1	nimT	T1_exact_sequence	100.0	1.0	1.0	6.0	6.0		identical protein sequence, unique on both sides
ECB_RS11610	ECB_02205	WP_000393511.1	NADH-quinone oxidoreductase subunit J	b2280	NP_416783.1	nuoJ	T1_exact_sequence	100.0	1.0	1.0	6.0	6.0		identical protein sequence, unique on both sides
ECB_RS06905	ECB_01299	WP_000138728.1	YcjF family protein	b1322	NP_415838.1	ycjF	T1_exact_sequence	100.0	1.0	1.0	6.0	6.0		identical protein sequence, unique on both sides
ECB_RS18150	ECB_03427	WP_000869037.1	3-dehydro-L-gulonate 2-dehydrogenase	b3575	NP_418032.1	yiaK	T1_exact_sequence	100.0	1.0	1.0	6.0	6.0		identical protein sequence, unique on both sides
ECB_RS01760	ECB_00335	WP_000193393.1	shikimate kinase AroL	b0388	NP_414922.1	aroL	T1_exact_sequence	100.0	1.0	1.0	6.0	6.0		identical protein sequence, unique on both sides
ECB_RS17090	ECB_03230	WP_000719728.1	DUF2620 domain-containing protein	b3378	NP_417837.2	yhfU	T1_exact_sequence	100.0	1.0	1.0	5.0	5.0		identical protein sequence, unique on both sides
ECB_RS11745	ECB_02231	WP_001293613.1	histidine ABC transporter ATP-binding protein HisP	b2306	NP_416809.1	hisP	T1_exact_sequence	100.0	1.0	1.0	6.0	6.0		identical protein sequence, unique on both sides
ECB_RS06855	ECB_01289	WP_000224659.1	carbohydrate ABC transporter permease	b1312	NP_415828.1	ycjP	T1_exact_sequence	100.0	1.0	1.0	6.0	6.0		identical protein sequence, unique on both sides
ECB_RS11450	ECB_02173	WP_001319848.1	L-rhamnonate dehydratase	b2247	NP_416750.2	rhmD	T1_exact_sequence	100.0	1.0	1.0	6.0	6.0		identical protein sequence, unique on both sides
ECB_RS11455	ECB_02174	WP_000894185.1	IclR family transcriptional regulator	b2248	NP_416751.1	yfaX	T1_exact_sequence	100.0	1.0	1.0	6.0	6.0		identical protein sequence, unique on both sides
ECB_RS01435	ECB_00271	WP_001301264.1	DNA-binding transcriptional activator/c-di-GMP phosphodiesterase PdeL	b0315	NP_414849.1	pdeL	T1_exact_sequence	100.0	1.0	1.0	6.0	6.0		identical protein sequence, unique on both sides
ECB_RS12490	ECB_02369	WP_001297320.1	outer membrane protein assembly factor BamC	b2477	NP_416972.4	bamC	T1_exact_sequence	100.0	1.0	1.0	6.0	6.0		identical protein sequence, unique on both sides
ECB_RS02590	ECB_00496	WP_000881075.1	helix-turn-helix transcriptional regulator	b0546	NP_415078.1	ybcM	T1_exact_sequence	100.0	1.0	1.0	6.0	6.0		identical protein sequence, unique on both sides
ECB_RS13520	ECB_02557	WP_000804550.1	glucitol operon DNA-binding transcriptional repressor SrlR	b2707	NP_417187.1	srlR	T1_exact_sequence	100.0	1.0	1.0	6.0	6.0		identical protein sequence, unique on both sides
ECB_RS20500	ECB_03858	WP_001287516.1	transcription termination/antitermination protein NusG	b3982	NP_418409.1	nusG	T1_exact_sequence	100.0	1.0	1.0	6.0	6.0		identical protein sequence, unique on both sides
ECB_RS08405	ECB_01592	WP_000567490.1	adenosine deaminase	b1623	NP_416140.1	add	T1_exact_sequence	100.0	1.0	1.0	6.0	6.0		identical protein sequence, unique on both sides
ECB_RS20000	ECB_03774	WP_001295676.1	CopG family transcriptional regulator	b3889	NP_418325.4	yiiE	T1_exact_sequence	100.0	1.0	1.0	6.0	6.0		identical protein sequence, unique on both sides
ECB_RS06830	ECB_01284	WP_001295585.1	phage shock protein PspD	b1307	NP_415823.1	pspD	T1_exact_sequence	100.0	1.0	1.0	6.0	6.0		identical protein sequence, unique on both sides
ECB_RS14740	ECB_02789	WP_001107564.1	YggL family protein	b2959	NP_417434.4	yggL	T1_exact_sequence	100.0	1.0	1.0	6.0	6.0		identical protein sequence, unique on both sides
ECB_RS04860	ECB_00920	WP_000056538.1	crosslink repair DNA glycosylase YcaQ	b0916	NP_415436.1	ycaQ	T1_exact_sequence	100.0	1.0	1.0	6.0	6.0		identical protein sequence, unique on both sides
ECB_RS16095	ECB_03045	WP_001054420.1	ribosome assembly RNA-binding protein YhbY	b3180	NP_417647.1	yhbY	T1_exact_sequence	100.0	1.0	1.0	6.0	6.0		identical protein sequence, unique on both sides
ECB_RS12970	ECB_02461	WP_001068343.1	ribonuclease III	b2567	NP_417062.1	rnc	T1_exact_sequence	100.0	1.0	1.0	6.0	6.0		identical protein sequence, unique on both sides
ECB_RS20940	ECB_03936	WP_000106882.1	guanine/hypoxanthine transporter GhxP	b4064	NP_418488.1	ghxP	T1_exact_sequence	100.0	1.0	1.0	6.0	6.0		identical protein sequence, unique on both sides
ECB_RS02310	ECB_00442	WP_001295323.1	iron efflux ABC transporter permease subunit FetB	b0491	NP_415024.4	fetB	T1_exact_sequence	100.0	1.0	1.0	6.0	6.0		identical protein sequence, unique on both sides
ECB_RS03340	ECB_00635	WP_001237072.1	glucosamine-6-phosphate deaminase	b0678	NP_415204.1	nagB	T1_exact_sequence	100.0	1.0	1.0	6.0	6.0		identical protein sequence, unique on both sides
ECB_RS15160	ECB_02871	WP_000017703.1	Ni/Fe-hydrogenase cytochrome b subunit	b2995	NP_417469.1	hybB	T1_exact_sequence	100.0	1.0	1.0	5.0	5.0		identical protein sequence, unique on both sides
ECB_RS04930	ECB_00933	WP_000977920.1	porin OmpF	b0929	NP_415449.1	ompF	T1_exact_sequence	100.0	1.0	1.0	6.0	6.0		identical protein sequence, unique on both sides
ECB_RS06370	ECB_01200	WP_000918073.1	nitrate/nitrite two-component system sensor histidine kinase NarX	b1222	NP_415740.1	narX	T1_exact_sequence	100.0	1.0	1.0	6.0	6.0		identical protein sequence, unique on both sides
ECB_RS13180	ECB_02496	WP_000264777.1	tRNA (guanosine(37)-N1)-methyltransferase TrmD	b2607	NP_417098.1	trmD	T1_exact_sequence	100.0	1.0	1.0	6.0	6.0		identical protein sequence, unique on both sides
ECB_RS11925	ECB_02267	WP_001296261.1	YfcZ/YiiS family protein	b2343	NP_416845.2	yfcZ	T1_exact_sequence	100.0	1.0	1.0	5.0	5.0		identical protein sequence, unique on both sides
ECB_RS00300	ECB_00058	WP_000746151.1	LPS assembly protein LptD	b0054	NP_414596.1	lptD	T1_exact_sequence	100.0	1.0	1.0	6.0	6.0		identical protein sequence, unique on both sides
ECB_RS06695	ECB_01260	WP_000498253.1	osmotically-inducible lipoprotein OsmB	b1283	NP_415799.1	osmB	T1_exact_sequence	100.0	1.0	1.0	6.0	6.0		identical protein sequence, unique on both sides
ECB_RS14630	ECB_02768	WP_001300904.1	biosynthetic arginine decarboxylase	b2938	NP_417413.1	speA	T1_exact_sequence	100.0	1.0	1.0	6.0	6.0		identical protein sequence, unique on both sides
ECB_RS23445		WP_001325005.1	protein YmgJ	b4594	YP_001165315.1	ymgJ	T1_exact_sequence	100.0	1.0	1.0	5.0	5.0		identical protein sequence, unique on both sides
ECB_RS07905		WP_000901367.1	protein MgtS	b4599	YP_001165319.1	mgtS	T1_exact_sequence	100.0	1.0	1.0	6.0	6.0		identical protein sequence, unique on both sides
ECB_RS21755	ECB_04088	WP_000689228.1	DUF1107 domain-containing protein	b4217	NP_418638.2	ytfK	T1_exact_sequence	100.0	1.0	1.0	6.0	6.0		identical protein sequence, unique on both sides
ECB_RS17400	ECB_03290	WP_000639811.1	quercetin 2,3-dioxygenase	b3439	NP_417896.1	yhhW	T1_exact_sequence	100.0	1.0	1.0	6.0	6.0		identical protein sequence, unique on both sides
ECB_RS20625	ECB_03883	WP_001187559.1	bifunctional phosphoribosylaminoimidazolecarboxamide formyltransferase/IMP cyclohydrolase	b4006	NP_418434.1	purH	T1_exact_sequence	100.0	1.0	1.0	6.0	6.0		identical protein sequence, unique on both sides
ECB_RS18920	ECB_03578	WP_000174305.1	D-galactonate utilization transcriptional regulator DgoR	b4479	YP_026239.1	dgoR	T1_exact_sequence	100.0	1.0	1.0	6.0	6.0		identical protein sequence, unique on both sides
ECB_RS09430	ECB_01786	WP_000394983.1	CNNM family cation transport protein YoaE	b1816	NP_416330.1	yoaE	T1_exact_sequence	100.0	1.0	1.0	6.0	6.0		identical protein sequence, unique on both sides
ECB_RS11760	ECB_02234	WP_000737621.1	histidine ABC transporter substrate-binding protein HisJ	b2309	NP_416812.1	hisJ	T1_exact_sequence	100.0	1.0	1.0	6.0	6.0		identical protein sequence, unique on both sides
ECB_RS11920	ECB_02266	WP_000531952.1	acetyl-CoA C-acyltransferase FadI	b2342	NP_416844.1	fadI	T1_exact_sequence	100.0	1.0	1.0	5.0	5.0		identical protein sequence, unique on both sides
ECB_RS11005	ECB_02087	WP_000182053.1	YeiH family protein	b2158	NP_416663.1	yeiH	T1_exact_sequence	100.0	1.0	1.0	6.0	6.0		identical protein sequence, unique on both sides
ECB_RS08535	ECB_01617	WP_000250656.1	aldo/keto reductase	b1647	YP_025305.1	ydhF	T1_exact_sequence	100.0	1.0	1.0	6.0	6.0		identical protein sequence, unique on both sides
ECB_RS12010	ECB_02283	WP_001283490.1	oxalyl-CoA decarboxylase	b2373	NP_416874.1	oxc	T1_exact_sequence	100.0	1.0	1.0	6.0	6.0		identical protein sequence, unique on both sides
ECB_RS20380	ECB_03843	WP_000935370.1	N-acetyl-gamma-glutamyl-phosphate reductase	b3958	NP_418393.1	argC	T1_exact_sequence	100.0	1.0	1.0	6.0	6.0		identical protein sequence, unique on both sides
ECB_RS22615	ECB_04245	WP_001393508.1	DUF1435 domain-containing protein	b4567	YP_588478.1	yjjZ	T1_exact_sequence	100.0	1.0	1.0	6.0	6.0		identical protein sequence, unique on both sides
ECB_RS02300	ECB_00440	WP_000904502.1	SPFH domain-containing protein	b0489	NP_415022.1	qmcA	T1_exact_sequence	100.0	1.0	1.0	6.0	6.0		identical protein sequence, unique on both sides
ECB_RS20765	ECB_03904	WP_001252058.1	maltose ABC transporter permease MalG	b4032	NP_418456.1	malG	T1_exact_sequence	100.0	1.0	1.0	5.0	5.0		identical protein sequence, unique on both sides
ECB_RS20215	ECB_03812	WP_000084268.1	glycerol uptake facilitator protein GlpF	b3927	NP_418362.1	glpF	T1_exact_sequence	100.0	1.0	1.0	6.0	6.0		identical protein sequence, unique on both sides
ECB_RS19835	ECB_03744	WP_001295263.1	YihD family protein	b3858	NP_418295.1	yihD	T1_exact_sequence	100.0	1.0	1.0	6.0	6.0		identical protein sequence, unique on both sides
ECB_RS04980	ECB_00943	WP_001295349.1	fimbrial biogenesis chaperone	b0939	NP_415459.1	elfD	T1_exact_sequence	100.0	1.0	1.0	6.0	6.0		identical protein sequence, unique on both sides
ECB_RS08900	ECB_01686	WP_001124225.1	50S ribosomal protein L35	b1717	NP_416232.3	rpmI	T1_exact_sequence	100.0	1.0	1.0	6.0	6.0		identical protein sequence, unique on both sides
ECB_RS10495	ECB_01982	WP_000130850.1	MFS transporter	b2077	NP_416581.1	mdtD	T1_exact_sequence	100.0	1.0	1.0	6.0	6.0		identical protein sequence, unique on both sides
ECB_RS10075	ECB_01900	WP_001166160.1	nicotinate-nucleotide--dimethylbenzimidazole phosphoribosyltransferase	b1991	NP_416495.1	cobT	T1_exact_sequence	100.0	1.0	1.0	5.0	5.0		identical protein sequence, unique on both sides
ECB_RS02220	ECB_00424	WP_000678201.1	molecular chaperone HtpG	b0473	NP_415006.1	htpG	T1_exact_sequence	100.0	1.0	1.0	6.0	6.0		identical protein sequence, unique on both sides
ECB_RS12760	ECB_02422	WP_001295373.1	cysteine desulfurase	b2530	YP_026169.1	iscS	T1_exact_sequence	100.0	1.0	1.0	6.0	6.0		identical protein sequence, unique on both sides
ECB_RS02715	ECB_00518	WP_000386784.1	DNA-binding transcriptional activator AppY	b0564	NP_415096.1	appY	T1_exact_sequence	100.0	1.0	1.0	3.0	3.0		identical protein sequence, unique on both sides
ECB_RS01250	ECB_00239	WP_001285288.1	glutamate 5-kinase	b0242	NP_414777.1	proB	T1_exact_sequence	100.0	1.0	1.0	2.0	4.0		identical protein sequence, unique on both sides
ECB_RS08765	ECB_01661	WP_000383469.1	quinate/shikimate dehydrogenase	b1692	NP_416207.1	ydiB	T1_exact_sequence	100.0	1.0	1.0	6.0	6.0		identical protein sequence, unique on both sides
ECB_RS17115	ECB_03235	WP_001254790.1	GntR family transcriptional regulator YhfZ	b3383	YP_026214.1	yhfZ	T1_exact_sequence	100.0	1.0	1.0	6.0	6.0		identical protein sequence, unique on both sides
ECB_RS06465	ECB_01218	WP_000911112.1	oligopeptide ABC transporter permease OppB	b1244	NP_415760.1	oppB	T1_exact_sequence	100.0	1.0	1.0	6.0	6.0		identical protein sequence, unique on both sides
ECB_RS21160	ECB_03978	WP_001131339.1	VOC family metalloprotein YjdN	b4107	NP_418531.1	yjdN	T1_exact_sequence	100.0	1.0	1.0	5.0	5.0		identical protein sequence, unique on both sides
ECB_RS15930	ECB_03015	WP_000246830.1	YraN family protein	b3148	NP_417617.1	yraN	T1_exact_sequence	100.0	1.0	1.0	6.0	6.0		identical protein sequence, unique on both sides
ECB_RS15600	ECB_02950	WP_000121433.1	NADPH-dependent 2,4-dienoyl-CoA reductase	b3081	NP_417552.1	fadH	T1_exact_sequence	100.0	1.0	1.0	6.0	6.0		identical protein sequence, unique on both sides
ECB_RS19410	ECB_03669	WP_000612043.1	dTDP-4-amino-4,6-dideoxygalactose transaminase	b3791	NP_418238.1	wecE	T1_exact_sequence	100.0	1.0	1.0	6.0	6.0		identical protein sequence, unique on both sides
ECB_RS26165		WP_001753443.1	protein YpaB	b4605	YP_009518802.1	ypaB	T1_exact_sequence	100.0	1.0	1.0	6.0	6.0		identical protein sequence, unique on both sides
ECB_RS00225	ECB_00043	WP_000347117.1	crotonobetainyl-CoA dehydrogenase	b0039	NP_414581.1	caiA	T1_exact_sequence	100.0	1.0	1.0	6.0	6.0		identical protein sequence, unique on both sides
ECB_RS03835	ECB_00720	WP_000815435.1	6-phosphogluconolactonase	b0767	NP_415288.1	pgl	T1_exact_sequence	100.0	1.0	1.0	6.0	6.0		identical protein sequence, unique on both sides
ECB_RS05760	ECB_01085	WP_000290727.1	50S ribosomal protein L32	b1089	NP_415607.1	rpmF	T1_exact_sequence	100.0	1.0	1.0	6.0	6.0		identical protein sequence, unique on both sides
ECB_RS22245	ECB_04178	WP_001295734.1	N-acetylneuraminic acid outer membrane channel NanC	b4311	NP_418731.2	nanC	T1_exact_sequence	100.0	1.0	1.0	4.0	4.0		identical protein sequence, unique on both sides
ECB_RS20880	ECB_03925	WP_001147328.1	alanine racemase	b4053	NP_418477.1	alr	T1_exact_sequence	100.0	1.0	1.0	6.0	6.0		identical protein sequence, unique on both sides
ECB_RS02050	ECB_00391	WP_001295325.1	endopeptidase La	b0439	NP_414973.1	lon	T1_exact_sequence	100.0	1.0	1.0	5.0	5.0		identical protein sequence, unique on both sides
ECB_RS21070	ECB_03960	WP_001046187.1	D-allose transporter substrate-binding protein	b4088	NP_418512.1	alsB	T1_exact_sequence	100.0	1.0	1.0	6.0	6.0		identical protein sequence, unique on both sides
ECB_RS06515	ECB_01227	WP_000108160.1	acyl-CoA thioester hydrolase YciA	b1253	NP_415769.1	yciA	T1_exact_sequence	100.0	1.0	1.0	6.0	6.0		identical protein sequence, unique on both sides
ECB_RS23775	ECB_01920	WP_001364200.1	his operon leader peptide	b2018	NP_416522.1	hisL	T1_exact_sequence	100.0	1.0	1.0	6.0	6.0		identical protein sequence, unique on both sides
ECB_RS17945	ECB_03390	WP_001295225.1	aromatic amino acid transport family protein	b3539	NP_417996.1	yhjV	T1_exact_sequence	100.0	1.0	1.0	4.0	4.0		identical protein sequence, unique on both sides
ECB_RS07865	ECB_01486	WP_000885033.1	NAAT family transporter MarC	b1529	NP_416046.1	marC	T1_exact_sequence	100.0	1.0	1.0	4.0	4.0		identical protein sequence, unique on both sides
ECB_RS18165	ECB_03430	WP_000279599.1	2,3-diketo-L-gulonate TRAP transporter large permease YiaN	b3578	YP_026232.1	yiaN	T1_exact_sequence	100.0	1.0	1.0	6.0	6.0		identical protein sequence, unique on both sides
ECB_RS07010	ECB_01317	WP_001046829.1	DNA endonuclease SmrA	b1340	NP_415856.1	smrA	T1_exact_sequence	100.0	1.0	1.0	6.0	6.0		identical protein sequence, unique on both sides
ECB_RS05015	ECB_00950	WP_001295353.1	cell division protein ZapC	b0946	NP_415466.4	zapC	T1_exact_sequence	100.0	1.0	1.0	6.0	6.0		identical protein sequence, unique on both sides
ECB_RS13370	ECB_02534	WP_000774988.1	glycine betaine/L-proline ABC transporter permease ProW	b2678	NP_417164.1	proW	T1_exact_sequence	100.0	1.0	1.0	5.0	5.0		identical protein sequence, unique on both sides
ECB_RS04175		WP_001001761.1	manganase accumulation protein MntS	b4705	YP_009029995.1	mntS	T1_exact_sequence	100.0	1.0	1.0	6.0	6.0		identical protein sequence, unique on both sides
ECB_RS06540	ECB_01232	WP_001056490.1	ferritin-like domain-containing protein	b1258	NP_415774.1	yciF	T1_exact_sequence	100.0	1.0	1.0	6.0	6.0		identical protein sequence, unique on both sides
ECB_RS00275	ECB_00053	WP_000257192.1	bis(5'-nucleosyl)-tetraphosphatase (symmetrical) ApaH	b0049	NP_414591.1	apaH	T1_exact_sequence	100.0	1.0	1.0	6.0	6.0		identical protein sequence, unique on both sides
ECB_RS05035	ECB_00954	WP_000333176.1	membrane integrity-associated transporter subunit PqiA	b0950	NP_415470.1	pqiA	T1_exact_sequence	100.0	1.0	1.0	6.0	6.0		identical protein sequence, unique on both sides
ECB_RS16010	ECB_03030	WP_000802080.1	lipoprotein NlpI	b3163	NP_417632.1	nlpI	T1_exact_sequence	100.0	1.0	1.0	6.0	6.0		identical protein sequence, unique on both sides
ECB_RS15370	ECB_02909	WP_000831543.1	DUF1190 family protein	b3037	NP_417509.3	ygiB	T1_exact_sequence	100.0	1.0	1.0	6.0	6.0		identical protein sequence, unique on both sides
ECB_RS10995	ECB_02085	WP_000253273.1	lysine-specific permease	b2156	NP_416661.1	lysP	T1_exact_sequence	100.0	1.0	1.0	6.0	6.0		identical protein sequence, unique on both sides
ECB_RS22365	ECB_04196	WP_000340740.1	hypochlorite stress DNA-binding transcriptional regulator HypT	b4327	NP_418747.1	hypT	T1_exact_sequence	100.0	1.0	1.0	6.0	6.0		identical protein sequence, unique on both sides
ECB_RS05235	ECB_00990	WP_001295358.1	threonine-rich inner membrane protein GfcA	b0987	NP_415507.2	gfcA	T1_exact_sequence	100.0	1.0	1.0	6.0	6.0		identical protein sequence, unique on both sides
ECB_RS16305	ECB_03087	WP_000467018.1	anaerobic C4-dicarboxylate transporter DcuC	b3227	NP_417694.1	dcuD	T1_exact_sequence	100.0	1.0	1.0	6.0	6.0		identical protein sequence, unique on both sides
ECB_RS21950	ECB_04126	WP_000397144.1	leucyl aminopeptidase	b4260	NP_418681.1	pepA	T1_exact_sequence	100.0	1.0	1.0	6.0	6.0		identical protein sequence, unique on both sides
ECB_RS03620	ECB_00686	WP_000099823.1	2-oxoglutarate dehydrogenase complex dihydrolipoyllysine-residue succinyltransferase	b0727	NP_415255.1	sucB	T1_exact_sequence	100.0	1.0	1.0	6.0	6.0		identical protein sequence, unique on both sides
ECB_RS16320	ECB_03090	WP_000829818.1	30S ribosomal protein S9	b3230	NP_417697.1	rpsI	T1_exact_sequence	100.0	1.0	1.0	6.0	6.0		identical protein sequence, unique on both sides
ECB_RS10940	ECB_02076	WP_000956071.1	NAD-dependent dihydropyrimidine dehydrogenase subunit PreA	b2147	NP_416652.4	preA	T1_exact_sequence	100.0	1.0	1.0	6.0	6.0		identical protein sequence, unique on both sides
ECB_RS14600	ECB_02762	WP_000853247.1	zinc-binding dehydrogenase	b4465	YP_026187.1	yggP	T1_exact_sequence	100.0	1.0	1.0	6.0	6.0		identical protein sequence, unique on both sides
ECB_RS21250	ECB_03994	WP_000899522.1	anaerobic C4-dicarboxylate transporter DcuB	b4123	NP_418547.1	dcuB	T1_exact_sequence	100.0	1.0	1.0	6.0	6.0		identical protein sequence, unique on both sides
ECB_RS21870	ECB_04111	WP_000047539.1	2-iminobutanoate/2-iminopropanoate deaminase	b4243	NP_418664.2	ridA	T1_exact_sequence	100.0	1.0	1.0	6.0	6.0		identical protein sequence, unique on both sides
ECB_RS12930	ECB_02456	WP_001196283.1	4Fe-4S dicluster ferredoxin YfhL	b2562	NP_417057.1	yfhL	T1_exact_sequence	100.0	1.0	1.0	6.0	6.0		identical protein sequence, unique on both sides
ECB_RS21735	ECB_04084	WP_000084622.1	winged helix-turn-helix transcriptional regulator	b4212	NP_418633.4	ytfH	T1_exact_sequence	100.0	1.0	1.0	6.0	6.0		identical protein sequence, unique on both sides
ECB_RS21765	ECB_04090	WP_001295196.1	peptide-methionine (S)-S-oxide reductase MsrA	b4219	NP_418640.1	msrA	T1_exact_sequence	100.0	1.0	1.0	6.0	6.0		identical protein sequence, unique on both sides
ECB_RS21515	ECB_04041	WP_000312488.1	FtsH protease activity modulator HflK	b4174	NP_418595.1	hflK	T1_exact_sequence	100.0	1.0	1.0	6.0	6.0		identical protein sequence, unique on both sides
ECB_RS00885	ECB_00170	WP_000622418.1	ribosome recycling factor	b0172	NP_414714.1	frr	T1_exact_sequence	100.0	1.0	1.0	6.0	6.0		identical protein sequence, unique on both sides
ECB_RS20060	ECB_03784	WP_000446023.1	PTS fructose-like transporter subunit IIBC	b3899	NP_418335.4	frvB	T1_exact_sequence	100.0	1.0	1.0	5.0	5.0		identical protein sequence, unique on both sides
ECB_RS18285	ECB_03452	WP_000364939.1	HlyD family secretion protein	b3597	NP_418054.1	yibH	T1_exact_sequence	100.0	1.0	1.0	6.0	6.0		identical protein sequence, unique on both sides
ECB_RS16135	ECB_03053	WP_000445413.1	DNA-binding transcriptional regulator SfsB	b3188	NP_417655.1	sfsB	T1_exact_sequence	100.0	1.0	1.0	6.0	6.0		identical protein sequence, unique on both sides
ECB_RS15570	ECB_02944	WP_000212475.1	transcriptional regulator EbgR	b3075	NP_417546.1	ebgR	T1_exact_sequence	100.0	1.0	1.0	6.0	6.0		identical protein sequence, unique on both sides
ECB_RS20385	ECB_03844	WP_001302318.1	acetylglutamate kinase	b3959	NP_418394.3	argB	T1_exact_sequence	100.0	1.0	1.0	6.0	6.0		identical protein sequence, unique on both sides
ECB_RS20055	ECB_03783	WP_001019484.1	aminopeptidase	b3898	NP_418334.1	frvX	T1_exact_sequence	100.0	1.0	1.0	5.0	5.0		identical protein sequence, unique on both sides
ECB_RS02150	ECB_00411	WP_001291435.1	HHA domain-containing protein	b0460	NP_414993.1	hha	T1_exact_sequence	100.0	1.0	1.0	6.0	6.0		identical protein sequence, unique on both sides
ECB_RS03745	ECB_00703	WP_000115290.1	quinolinate synthase NadA	b0750	NP_415271.1	nadA	T1_exact_sequence	100.0	1.0	1.0	6.0	6.0		identical protein sequence, unique on both sides
ECB_RS15770	ECB_02983	WP_000107723.1	threonine/serine transporter TdcC	b3116	NP_417586.1	tdcC	T1_exact_sequence	100.0	1.0	1.0	6.0	6.0		identical protein sequence, unique on both sides
ECB_RS21275	ECB_03998	WP_000405651.1	GNAT family N-acetyltransferase	b4127	NP_418551.1	yjdJ	T1_exact_sequence	100.0	1.0	1.0	6.0	6.0		identical protein sequence, unique on both sides
ECB_RS12700	ECB_02410	WP_000963837.1	nucleoside-diphosphate kinase	b2518	NP_417013.1	ndk	T1_exact_sequence	100.0	1.0	1.0	6.0	6.0		identical protein sequence, unique on both sides
ECB_RS17055	ECB_03223	WP_000847837.1	fructoselysine 3-epimerase	b4474	YP_026213.1	frlC	T1_exact_sequence	100.0	1.0	1.0	5.0	5.0		identical protein sequence, unique on both sides
ECB_RS06580	ECB_01241	WP_001295575.1	L-threonylcarbamoyladenylate synthase	b1267	NP_415783.6	yciO	T1_exact_sequence	100.0	1.0	1.0	5.0	5.0		identical protein sequence, unique on both sides
ECB_RS08195	ECB_01551	WP_000598292.1	YnfA family protein	b1582	NP_416099.1	ynfA	T1_exact_sequence	100.0	1.0	1.0	5.0	5.0		identical protein sequence, unique on both sides
ECB_RS03395	ECB_00644	WP_000848387.1	replication initiation negative regulator SeqA	b0687	NP_415213.1	seqA	T1_exact_sequence	100.0	1.0	1.0	5.0	5.0		identical protein sequence, unique on both sides
ECB_RS06610	ECB_01247	WP_000559286.1	YciK family oxidoreductase	b1271	NP_415787.1	yciK	T1_exact_sequence	100.0	1.0	1.0	5.0	5.0		identical protein sequence, unique on both sides
ECB_RS18040	ECB_03406	WP_000014594.1	transcription antiterminator/RNA stability regulator CspE	b3556	NP_418012.1	cspA	T1_exact_sequence	100.0	1.0	1.0	5.0	5.0		identical protein sequence, unique on both sides
ECB_RS00285	ECB_00055	WP_001065381.1	16S rRNA (adenine(1518)-N(6)/adenine(1519)-N(6))-dimethyltransferase RsmA	b0051	NP_414593.1	rsmA	T1_exact_sequence	100.0	1.0	1.0	6.0	6.0		identical protein sequence, unique on both sides
ECB_RS04780	ECB_00904	WP_001242684.1	LysR family transcriptional regulator	b0900	NP_415420.1	ycaN	T1_exact_sequence	100.0	1.0	1.0	6.0	6.0		identical protein sequence, unique on both sides
ECB_RS05055	ECB_00958	WP_000227927.1	bifunctional 3-hydroxydecanoyl-ACP dehydratase/trans-2-decenoyl-ACP isomerase	b0954	NP_415474.1	fabA	T1_exact_sequence	100.0	1.0	1.0	6.0	6.0		identical protein sequence, unique on both sides
ECB_RS14575	ECB_02757	WP_000111269.1	phosphoglycerate kinase	b2926	NP_417401.1	pgk	T1_exact_sequence	100.0	1.0	1.0	6.0	6.0		identical protein sequence, unique on both sides
ECB_RS08530	ECB_01616	WP_001296937.1	superoxide dismutase [Cu-Zn] SodC	b1646	NP_416163.1	sodC	T1_exact_sequence	100.0	1.0	1.0	6.0	6.0		identical protein sequence, unique on both sides
ECB_RS06955	ECB_01308	WP_000559900.1	low conductance mechanosensitive channel YnaI	b1330	NP_415846.1	ynaI	T1_exact_sequence	100.0	1.0	1.0	6.0	6.0		identical protein sequence, unique on both sides
ECB_RS17910	ECB_03384	WP_001204931.1	cellulose biosynthesis c-di-GMP-binding protein BcsE	b3536	NP_417993.1	bcsE	T1_exact_sequence	100.0	1.0	1.0	5.0	5.0		identical protein sequence, unique on both sides
ECB_RS08475	ECB_01605	WP_000765749.1	glutathione transferase GstA	b1635	NP_416152.1	gstA	T1_exact_sequence	100.0	1.0	1.0	6.0	6.0		identical protein sequence, unique on both sides
ECB_RS08730	ECB_01654	WP_001296104.1	YdiH family protein	b1685	NP_416200.2	ydiH	T1_exact_sequence	100.0	1.0	1.0	6.0	6.0		identical protein sequence, unique on both sides
ECB_RS20305	ECB_03829	WP_001271242.1	cystine transporter YijE	b3943	NP_418378.4	yijE	T1_exact_sequence	100.0	1.0	1.0	5.0	5.0		identical protein sequence, unique on both sides
ECB_RS12800	ECB_02430	WP_000211172.1	3-phenylpropionate/cinnamic acid dioxygenase subunit alpha	b2538	NP_417033.1	hcaE	T1_exact_sequence	100.0	1.0	1.0	6.0	6.0		identical protein sequence, unique on both sides
ECB_RS26045		WP_211180513.1	protein YsaE	b4793	YP_010051206.1	ysaE	T1_exact_sequence	100.0	1.0	1.0	5.0	5.0		identical protein sequence, unique on both sides
ECB_RS11340	ECB_02152	WP_001225852.1	YfaP family protein	b2225	NP_416729.1	yfaP	T1_exact_sequence	100.0	1.0	1.0	5.0	5.0		identical protein sequence, unique on both sides
ECB_RS16595	ECB_03133	WP_001301412.1	L-threonylcarbamoyladenylate synthase type 1 TsaC	b3282	NP_417741.1	tsaC	T1_exact_sequence	100.0	1.0	1.0	6.0	6.0		identical protein sequence, unique on both sides
ECB_RS03480	ECB_00659	WP_000873944.1	protein YbfB	b0702	NP_415230.1	ybfB	T1_exact_sequence	100.0	1.0	1.0	3.0	3.0		identical protein sequence, unique on both sides
ECB_RS20335	ECB_03834	WP_001004446.1	PTS fructose transporter subunit EIIC	b3949	NP_418384.1	frwC	T1_exact_sequence	100.0	1.0	1.0	6.0	6.0		identical protein sequence, unique on both sides
ECB_RS12820	ECB_02434	WP_000660788.1	phenylpropionate dioxygenase ferredoxin reductase subunit	b2542	NP_417037.1	hcaD	T1_exact_sequence	100.0	1.0	1.0	6.0	6.0		identical protein sequence, unique on both sides
ECB_RS09635	ECB_01822	WP_001069467.1	phosphogluconate dehydratase	b1851	NP_416365.1	edd	T1_exact_sequence	100.0	1.0	1.0	6.0	6.0		identical protein sequence, unique on both sides
ECB_RS02040	ECB_00389	WP_000130305.1	ATP-dependent protease ATP-binding subunit ClpX	b0438	NP_414972.1	clpX	T1_exact_sequence	100.0	1.0	1.0	5.0	5.0		identical protein sequence, unique on both sides
ECB_RS22130	ECB_04158	WP_001068910.1	ferric citrate uptake sigma factor regulator FecR	b4292	NP_418712.1	fecR	T1_exact_sequence	100.0	1.0	1.0	5.0	5.0		identical protein sequence, unique on both sides
ECB_RS21550	ECB_04048	WP_000220128.1	YjfI family protein	b4181	NP_418602.1	yjfI	T1_exact_sequence	100.0	1.0	1.0	6.0	6.0		identical protein sequence, unique on both sides
ECB_RS17815	ECB_03366	WP_000784827.1	cytochrome c peroxidase	b3518	NP_417975.1	ccp	T1_exact_sequence	100.0	1.0	1.0	6.0	6.0		identical protein sequence, unique on both sides
ECB_RS13645	ECB_02581	WP_001301332.1	formate hydrogenlyase transcriptional activator FlhA	b2731	NP_417211.1	fhlA	T1_exact_sequence	100.0	1.0	1.0	5.0	5.0		identical protein sequence, unique on both sides
ECB_RS00980	ECB_00189	WP_001185290.1	YaeQ family protein	b0190	NP_414732.1	yaeQ	T1_exact_sequence	100.0	1.0	1.0	6.0	6.0		identical protein sequence, unique on both sides
ECB_RS20970	ECB_03942	WP_000196875.1	ammonia-forming nitrite reductase cytochrome c552 subunit	b4070	NP_418494.1	nrfA	T1_exact_sequence	100.0	1.0	1.0	6.0	6.0		identical protein sequence, unique on both sides
ECB_RS11660	ECB_02215	WP_000074527.1	alanine transaminase AlaA	b2290	NP_416793.1	alaA	T1_exact_sequence	100.0	1.0	1.0	6.0	6.0		identical protein sequence, unique on both sides
ECB_RS08935	ECB_01693	WP_000146159.1	type V toxin-antitoxin system endoribonuclease antitoxin GhoS	b1724	NP_416238.1	ydiZ	T1_exact_sequence	100.0	1.0	1.0	6.0	6.0		identical protein sequence, unique on both sides
ECB_RS15695	ECB_02968	WP_000785722.1	phage holin family protein	b3099	NP_417570.1	yqjE	T1_exact_sequence	100.0	1.0	1.0	6.0	6.0		identical protein sequence, unique on both sides
ECB_RS02385	ECB_00457	WP_001096881.1	glyoxylate carboligase	b0507	NP_415040.1	gcl	T1_exact_sequence	100.0	1.0	1.0	6.0	6.0		identical protein sequence, unique on both sides
ECB_RS22655	ECB_04250	WP_000175940.1	peptide chain release factor 3	b4375	NP_418792.1	prfC	T1_exact_sequence	100.0	1.0	1.0	6.0	6.0		identical protein sequence, unique on both sides
ECB_RS13880	ECB_02627	WP_000254738.1	endoribonuclease MazF	b2782	NP_417262.1	mazF	T1_exact_sequence	100.0	1.0	1.0	6.0	6.0		identical protein sequence, unique on both sides
ECB_RS16615	ECB_03137	WP_000114984.1	peptide deformylase	b3287	NP_417745.1	def	T1_exact_sequence	100.0	1.0	1.0	6.0	6.0		identical protein sequence, unique on both sides
ECB_RS03815	ECB_00716	WP_000101984.1	molybdate ABC transporter substrate-binding protein	b0763	NP_415284.1	modA	T1_exact_sequence	100.0	1.0	1.0	6.0	6.0		identical protein sequence, unique on both sides
ECB_RS20210	ECB_03811	WP_000136788.1	glycerol kinase GlpK	b3926	NP_418361.1	glpK	T1_exact_sequence	100.0	1.0	1.0	6.0	6.0		identical protein sequence, unique on both sides
ECB_RS15780	ECB_02985	WP_000104211.1	transcriptional regulator TdcA	b3118	NP_417588.1	tdcA	T1_exact_sequence	100.0	1.0	1.0	6.0	6.0		identical protein sequence, unique on both sides
ECB_RS05565	ECB_01047	WP_001237205.1	YceK/YidQ family lipoprotein	b1050	NP_415568.1	yceK	T1_exact_sequence	100.0	1.0	1.0	6.0	6.0		identical protein sequence, unique on both sides
ECB_RS01395	ECB_00264	WP_000370307.1	LutC/YkgG family protein	b0308	NP_414842.4	ykgG	T1_exact_sequence	100.0	1.0	1.0	6.0	6.0		identical protein sequence, unique on both sides
ECB_RS00580	ECB_00110	WP_000172005.1	beta-lactamase regulator AmpE	b0111	NP_414653.1	ampE	T1_exact_sequence	100.0	1.0	1.0	6.0	6.0		identical protein sequence, unique on both sides
ECB_RS06815	ECB_01281	WP_000511025.1	phage shock protein PspA	b1304	NP_415820.1	pspA	T1_exact_sequence	100.0	1.0	1.0	6.0	6.0		identical protein sequence, unique on both sides
ECB_RS12950	ECB_02457	WP_000986023.1	holo-ACP synthase	b2563	NP_417058.1	acpS	T1_exact_sequence	100.0	1.0	1.0	6.0	6.0		identical protein sequence, unique on both sides
ECB_RS16685	ECB_03151	WP_001118861.1	preprotein translocase subunit SecY	b3300	NP_417759.1	secY	T1_exact_sequence	100.0	1.0	1.0	6.0	6.0		identical protein sequence, unique on both sides
ECB_RS09240	ECB_01751	WP_000163771.1	scaffolding protein MipA	b1782	NP_416296.1	mipA	T1_exact_sequence	100.0	1.0	1.0	6.0	6.0		identical protein sequence, unique on both sides
ECB_RS05665	ECB_01066	WP_000197363.1	flagella biosynthesis chaperone FlgN	b1070	NP_415588.1	flgN	T1_exact_sequence	100.0	1.0	1.0	6.0	6.0		identical protein sequence, unique on both sides
ECB_RS04750	ECB_00898	WP_000850303.1	dimethylsulfoxide reductase subunit A	b0894	NP_415414.4	dmsA	T1_exact_sequence	100.0	1.0	1.0	6.0	6.0		identical protein sequence, unique on both sides
ECB_RS03155	ECB_00606	WP_001161664.1	ribosome silencing factor	b0637	NP_415170.4	rsfS	T1_exact_sequence	100.0	1.0	1.0	6.0	6.0		identical protein sequence, unique on both sides
ECB_RS22590	ECB_04240	WP_000538191.1	threonine/serine exporter	b4363	NP_418783.2	yjjB	T1_exact_sequence	100.0	1.0	1.0	6.0	6.0		identical protein sequence, unique on both sides
ECB_RS07735	ECB_01459	WP_000726691.1	acid resistance putative oxidoreductase YdeP	b1501	NP_416018.1	ydeP	T1_exact_sequence	100.0	1.0	1.0	6.0	6.0		identical protein sequence, unique on both sides
ECB_RS05820	ECB_01097	WP_000475719.1	PTS glucose transporter subunit IIBC	b1101	NP_415619.1	ptsG	T1_exact_sequence	100.0	1.0	1.0	6.0	6.0		identical protein sequence, unique on both sides
ECB_RS01335	ECB_00254	WP_001147279.1	protein YkgL	b0295	NP_414829.1	ykgL	T1_exact_sequence	100.0	1.0	1.0	6.0	6.0		identical protein sequence, unique on both sides
ECB_RS08360	ECB_01583	WP_001043339.1	YdgA family protein	b1614	NP_416131.1	ydgA	T1_exact_sequence	100.0	1.0	1.0	6.0	6.0		identical protein sequence, unique on both sides
ECB_RS06545	ECB_01233	WP_000807651.1	general stress protein	b1259	NP_415775.4	yciG	T1_exact_sequence	100.0	1.0	1.0	6.0	6.0		identical protein sequence, unique on both sides
ECB_RS25525		WP_001303621.1	rpoE leader peptide RseD	b4725	YP_009518806.1	rseD	T1_exact_sequence	100.0	1.0	1.0	6.0	6.0		identical protein sequence, unique on both sides
ECB_RS01345	ECB_00255	WP_000803998.1	type B 50S ribosomal protein L31	b0296	NP_414830.1	ykgM	T1_exact_sequence	100.0	1.0	1.0	4.0	4.0		identical protein sequence, unique on both sides
ECB_RS09405	ECB_01781	WP_000457334.1	YoaH family protein	b1811	NP_416325.1	yoaH	T1_exact_sequence	100.0	1.0	1.0	6.0	6.0		identical protein sequence, unique on both sides
ECB_RS25815	ECB_02986	WP_001301311.1	transcriptional activator TdcR	b3119	NP_417589.4	tdcR	T1_exact_sequence	100.0	1.0	1.0	6.0	6.0		identical protein sequence, unique on both sides
ECB_RS13060	ECB_02476	WP_001098726.1	thioredoxin TrxC	b2582	NP_417077.1	trxC	T1_exact_sequence	100.0	1.0	1.0	6.0	6.0		identical protein sequence, unique on both sides
ECB_RS19280	ECB_03643	WP_000841001.1	macrodomain Ori organization protein MaoP	b3764	NP_418213.1	maoP	T1_exact_sequence	100.0	1.0	1.0	6.0	6.0		identical protein sequence, unique on both sides
ECB_RS04280	ECB_00803	WP_000497137.1	biofilm formation regulator BssR	b0836	NP_415357.1	bssR	T1_exact_sequence	100.0	1.0	1.0	6.0	6.0		identical protein sequence, unique on both sides
ECB_RS16340	ECB_03094	WP_001295271.1	serine endoprotease DegQ	b3234	NP_417701.1	degQ	T1_exact_sequence	100.0	1.0	1.0	6.0	6.0		identical protein sequence, unique on both sides
ECB_RS17575	ECB_03323	WP_001300885.1	AI-2E family transporter	b3474	NP_417931.4	yhhT	T1_exact_sequence	100.0	1.0	1.0	6.0	6.0		identical protein sequence, unique on both sides
ECB_RS12095	ECB_02299	WP_000903148.1	ion channel protein	b2389	NP_416890.1	yfeO	T1_exact_sequence	100.0	1.0	1.0	6.0	6.0		identical protein sequence, unique on both sides
ECB_RS04735	ECB_00895	WP_001295343.1	outer membrane lipoprotein chaperone LolA	b0891	NP_415411.2	lolA	T1_exact_sequence	100.0	1.0	1.0	6.0	6.0		identical protein sequence, unique on both sides
ECB_RS09835	ECB_01861	WP_000906340.1	flagellar motor stator protein MotA	b1890	NP_416404.1	motA	T1_exact_sequence	100.0	1.0	1.0	6.0	6.0		identical protein sequence, unique on both sides
ECB_RS12400	ECB_02353	WP_000356956.1	ethanolamine utilization microcompartment protein EutS	b2462	NP_416957.4	eutS	T1_exact_sequence	100.0	1.0	1.0	6.0	6.0		identical protein sequence, unique on both sides
ECB_RS11675	ECB_02218	WP_001203392.1	hexitol phosphatase HxpA	b2293	NP_416796.2	hxpA	T1_exact_sequence	100.0	1.0	1.0	6.0	6.0		identical protein sequence, unique on both sides
ECB_RS16455	ECB_03113	WP_000354622.1	acetyl-CoA carboxylase biotin carboxyl carrier protein	b3255	NP_417721.1	accB	T1_exact_sequence	100.0	1.0	1.0	6.0	6.0		identical protein sequence, unique on both sides
ECB_RS13120	ECB_02484	WP_000079100.1	23S rRNA pseudouridine(1911/1915/1917) synthase RluD	b2594	NP_417085.1	rluD	T1_exact_sequence	100.0	1.0	1.0	5.0	5.0		identical protein sequence, unique on both sides
ECB_RS08905	ECB_01687	WP_001700733.1	translation initiation factor IF-3	b1718	NP_416233.1	infC	T1_exact_sequence	100.0	1.0	1.0	6.0	6.0		identical protein sequence, unique on both sides
ECB_RS01545	ECB_00292	WP_000952503.1	transcriptional regulator CynR	b0338	NP_414872.3	cynR	T1_exact_sequence	100.0	1.0	1.0	6.0	6.0		identical protein sequence, unique on both sides
ECB_RS04310	ECB_00809	WP_001180089.1	multidrug efflux MFS transporter MdfA	b0842	NP_415363.1	mdfA	T1_exact_sequence	100.0	1.0	1.0	6.0	6.0		identical protein sequence, unique on both sides
ECB_RS13655	ECB_02583	WP_001272928.1	DNA mismatch repair protein MutS	b2733	NP_417213.1	mutS	T1_exact_sequence	100.0	1.0	1.0	5.0	5.0		identical protein sequence, unique on both sides
ECB_RS22375	ECB_04198	WP_000211971.1	YjiG family protein	b4329	NP_418749.1	yjiG	T1_exact_sequence	100.0	1.0	1.0	6.0	6.0		identical protein sequence, unique on both sides
ECB_RS05300	ECB_01003	WP_000420621.1	curved DNA-binding protein	b1000	NP_415520.1	cbpA	T1_exact_sequence	100.0	1.0	1.0	6.0	6.0		identical protein sequence, unique on both sides
ECB_RS06730	ECB_01265	WP_000506490.1	enoyl-ACP reductase FabI	b1288	NP_415804.1	fabI	T1_exact_sequence	100.0	1.0	1.0	6.0	6.0		identical protein sequence, unique on both sides
ECB_RS04080	ECB_00765	WP_001145126.1	N-glycosidase YbiA	b0798	NP_415319.1	ybiA	T1_exact_sequence	100.0	1.0	1.0	6.0	6.0		identical protein sequence, unique on both sides
ECB_RS04325	ECB_00812	WP_000217859.1	MFS transporter	b0845	NP_415366.1	ybjJ	T1_exact_sequence	100.0	1.0	1.0	4.0	4.0		identical protein sequence, unique on both sides
ECB_RS15480	ECB_02927	WP_001281927.1	undecaprenyl-diphosphate phosphatase	b3057	NP_417529.1	bacA	T1_exact_sequence	100.0	1.0	1.0	6.0	6.0		identical protein sequence, unique on both sides
ECB_RS12050	ECB_02290	WP_000544359.1	two-component system sensor histidine kinase YpdA	b2380	NP_416881.1	pyrS	T1_exact_sequence	100.0	1.0	1.0	5.0	5.0		identical protein sequence, unique on both sides
ECB_RS14700	ECB_02782	WP_001094831.1	osmotic shock tolerance protein YggT	b2952	NP_417427.1	yggT	T1_exact_sequence	100.0	1.0	1.0	6.0	6.0		identical protein sequence, unique on both sides
ECB_RS13200	ECB_02500	WP_001338897.1	cytochrome C assembly family protein	b2611	NP_417102.4	ypjD	T1_exact_sequence	100.0	1.0	1.0	6.0	6.0		identical protein sequence, unique on both sides
ECB_RS18505	ECB_03496	WP_000050139.1	bifunctional phosphopantothenoylcysteine decarboxylase/phosphopantothenate--cysteine ligase CoaBC	b3639	NP_418096.4	dfp	T1_exact_sequence	100.0	1.0	1.0	6.0	6.0		identical protein sequence, unique on both sides
ECB_RS10405	ECB_01964	WP_000888740.1	colanic acid biosynthesis acetyltransferase WcaB	b2058	NP_416562.1	wcaB	T1_exact_sequence	100.0	1.0	1.0	6.0	6.0		identical protein sequence, unique on both sides
ECB_RS01865	ECB_00356	WP_000934822.1	protein translocase subunit SecD	b0408	NP_414942.1	secD	T1_exact_sequence	100.0	1.0	1.0	6.0	6.0		identical protein sequence, unique on both sides
ECB_RS16315	ECB_03089	WP_000257293.1	stringent starvation protein SspA	b3229	NP_417696.1	sspA	T1_exact_sequence	100.0	1.0	1.0	6.0	6.0		identical protein sequence, unique on both sides
ECB_RS16350	ECB_03096	WP_001295272.1	malate dehydrogenase	b3236	NP_417703.1	mdh	T1_exact_sequence	100.0	1.0	1.0	6.0	6.0		identical protein sequence, unique on both sides
ECB_RS11595	ECB_02202	WP_000926441.1	NADH-quinone oxidoreductase subunit M	b2277	NP_416780.1	nuoM	T1_exact_sequence	100.0	1.0	1.0	5.0	5.0		identical protein sequence, unique on both sides
ECB_RS20870	ECB_03923	WP_000235508.1	quinone oxidoreductase	b4051	NP_418475.1	qorA	T1_exact_sequence	100.0	1.0	1.0	6.0	6.0		identical protein sequence, unique on both sides
ECB_RS04595	ECB_00869	WP_000027205.1	arginine ABC transporter ATP-binding protein ArtP	b0864	NP_415385.1	artP	T1_exact_sequence	100.0	1.0	1.0	6.0	6.0		identical protein sequence, unique on both sides
ECB_RS10665	ECB_02017	WP_000844219.1	galactitol-1-phosphate 5-dehydrogenase	b2091	NP_416594.1	gatD	T1_exact_sequence	100.0	1.0	1.0	4.0	4.0		identical protein sequence, unique on both sides
ECB_RS19350	ECB_03658	WP_000047499.1	ATP-dependent RNA helicase RhlB	b3780	NP_418227.1	rhlB	T1_exact_sequence	100.0	1.0	1.0	6.0	6.0		identical protein sequence, unique on both sides
ECB_RS12085	ECB_02297	WP_000038456.1	PTS fructose transporter subunit IIB	b2387	NP_416888.1	fryB	T1_exact_sequence	100.0	1.0	1.0	6.0	6.0		identical protein sequence, unique on both sides
ECB_RS15915	ECB_03012	WP_000816992.1	fimbrial protein	b3145	NP_417614.1	yraK	T1_exact_sequence	100.0	1.0	1.0	6.0	6.0		identical protein sequence, unique on both sides
ECB_RS06455	ECB_01216	WP_000616554.1	NAAT family transporter YchE	b1242	NP_415758.1	ychE	T1_exact_sequence	100.0	1.0	1.0	6.0	6.0		identical protein sequence, unique on both sides
ECB_RS09880	ECB_01870	WP_000179469.1	non-heme ferritin-like protein	b1902	NP_416415.1	ftnB	T1_exact_sequence	100.0	1.0	1.0	6.0	6.0		identical protein sequence, unique on both sides
ECB_RS12185	ECB_02310	WP_000410201.1	DUF3820 family protein	b4546	YP_588464.1	ypeB	T1_exact_sequence	100.0	1.0	1.0	5.0	5.0		identical protein sequence, unique on both sides
ECB_RS17475	ECB_03304	WP_000082101.1	high-affinity branched-chain amino acid ABC transporter ATP-binding protein LivG	b3455	NP_417912.1	livG	T1_exact_sequence	100.0	1.0	1.0	6.0	6.0		identical protein sequence, unique on both sides
ECB_RS17020	ECB_03216	WP_000049208.1	NADPH-nitrite reductase large subunit	b3365	NP_417824.1	nirB	T1_exact_sequence	100.0	1.0	1.0	6.0	6.0		identical protein sequence, unique on both sides
ECB_RS05125	ECB_00970	WP_001295356.1	heat shock protein HspQ	b0966	NP_415486.4	hspQ	T1_exact_sequence	100.0	1.0	1.0	6.0	6.0		identical protein sequence, unique on both sides
ECB_RS16005	ECB_03029	WP_001295553.1	ATP-dependent RNA helicase DeaD	b3162	NP_417631.2	deaD	T1_exact_sequence	100.0	1.0	1.0	6.0	6.0		identical protein sequence, unique on both sides
ECB_RS03655	ECB_00692	WP_000884361.1	cytochrome ubiquinol oxidase subunit I	b0733	NP_415261.2	cydA	T1_exact_sequence	100.0	1.0	1.0	5.0	5.0		identical protein sequence, unique on both sides
ECB_RS22185	ECB_04168	WP_000118626.1	BtpA family protein SgcQ	b4303	NP_418723.1	sgcQ	T1_exact_sequence	100.0	1.0	1.0	6.0	6.0		identical protein sequence, unique on both sides
ECB_RS22400		WP_000657675.1	DUF3343 domain-containing protein	b4715	YP_009518833.1	ytiA	T1_exact_sequence	100.0	1.0	1.0	6.0	6.0		identical protein sequence, unique on both sides
ECB_RS08095	ECB_01532	WP_000813254.1	type I toxin-antitoxin system toxin HokD	b1562	NP_416080.1	hokD	T1_exact_sequence	100.0	1.0	1.0	1.0	2.0		identical protein sequence, unique on both sides
ECB_RS11545	ECB_02192	WP_001191419.1	isochorismate synthase MenF	b2265	NP_416768.4	menF	T1_exact_sequence	100.0	1.0	1.0	6.0	6.0		identical protein sequence, unique on both sides
ECB_RS22270	ECB_04182	WP_000044711.1	type 1 fimbria switch DNA invertase FimE	b4313	NP_418733.1	fimE	T1_exact_sequence	100.0	1.0	1.0	5.0	5.0		identical protein sequence, unique on both sides
ECB_RS01085	ECB_00204	WP_000644685.1	murein transglycosylase D	b0211	NP_414747.1	mltD	T1_exact_sequence	100.0	1.0	1.0	6.0	6.0		identical protein sequence, unique on both sides
ECB_RS20900	ECB_03928	WP_000270375.1	secondary thiamine-phosphate synthase enzyme YjbQ	b4056	NP_418480.1	yjbQ	T1_exact_sequence	100.0	1.0	1.0	6.0	6.0		identical protein sequence, unique on both sides
ECB_RS21015	ECB_03951	WP_001300547.1	formate dehydrogenase subunit alpha	b4079	NP_418503.1	fdhF	T1_exact_sequence	100.0	1.0	1.0	6.0	6.0		identical protein sequence, unique on both sides
ECB_RS12675	ECB_02405	WP_000409205.1	ancillary SecYEG translocon subunit YfgM	b2513	NP_417008.1	yfgM	T1_exact_sequence	100.0	1.0	1.0	6.0	6.0		identical protein sequence, unique on both sides
ECB_RS02215	ECB_00423	WP_001195025.1	recombination mediator RecR	b0472	NP_415005.1	recR	T1_exact_sequence	100.0	1.0	1.0	6.0	6.0		identical protein sequence, unique on both sides
ECB_RS08870	ECB_01680	WP_000956528.1	vitamin B12 ABC transporter permease BtuC	b1711	NP_416226.1	btuC	T1_exact_sequence	100.0	1.0	1.0	6.0	6.0		identical protein sequence, unique on both sides
ECB_RS04915	ECB_00931	WP_001109486.1	hydroxyacylglutathione hydrolase GloC	b0927	NP_415447.1	gloC	T1_exact_sequence	100.0	1.0	1.0	6.0	6.0		identical protein sequence, unique on both sides
ECB_RS16765	ECB_03167	WP_001138117.1	30S ribosomal protein S19	b3316	NP_417775.1	rpsS	T1_exact_sequence	100.0	1.0	1.0	6.0	6.0		identical protein sequence, unique on both sides
ECB_RS01860	ECB_00355	WP_000007629.1	preprotein translocase subunit YajC	b0407	NP_414941.1	yajC	T1_exact_sequence	100.0	1.0	1.0	6.0	6.0		identical protein sequence, unique on both sides
ECB_RS16715	ECB_03157	WP_000062611.1	30S ribosomal protein S8	b3306	NP_417765.1	rpsH	T1_exact_sequence	100.0	1.0	1.0	6.0	6.0		identical protein sequence, unique on both sides
ECB_RS16625	ECB_03139	WP_000744778.1	16S rRNA (cytosine(967)-C(5))-methyltransferase RsmB	b3289	NP_417747.1	rsmB	T1_exact_sequence	100.0	1.0	1.0	6.0	6.0		identical protein sequence, unique on both sides
ECB_RS09100	ECB_01725	WP_001300558.1	ATP-binding cassette domain-containing protein	b1756	NP_416270.1	ynjD	T1_exact_sequence	100.0	1.0	1.0	6.0	6.0		identical protein sequence, unique on both sides
ECB_RS18340	ECB_03463	WP_000586962.1	quinone-dependent L-lactate dehydrogenase	b3605	NP_418062.1	lldD	T1_exact_sequence	100.0	1.0	1.0	5.0	5.0		identical protein sequence, unique on both sides
ECB_RS00845	ECB_00162	WP_000272188.1	DUF3461 family protein	b0163	NP_414705.1	yaeH	T1_exact_sequence	100.0	1.0	1.0	6.0	6.0		identical protein sequence, unique on both sides
ECB_RS15460	ECB_02924	WP_000046281.1	inorganic triphosphatase	b3054	NP_417526.1	ygiF	T1_exact_sequence	100.0	1.0	1.0	5.0	5.0		identical protein sequence, unique on both sides
ECB_RS21985	ECB_04133	WP_001197411.1	L-idonate 5-dehydrogenase	b4267	NP_418688.1	idnD	T1_exact_sequence	100.0	1.0	1.0	5.0	5.0		identical protein sequence, unique on both sides
ECB_RS18775	ECB_03553	WP_000633668.1	transcriptional regulator UhpA	b3669	NP_418125.1	uhpA	T1_exact_sequence	100.0	1.0	1.0	6.0	6.0		identical protein sequence, unique on both sides
ECB_RS13480	ECB_02549	WP_000963143.1	recombinase RecA	b2699	NP_417179.1	recA	T1_exact_sequence	100.0	1.0	1.0	6.0	6.0		identical protein sequence, unique on both sides
ECB_RS00390	ECB_00075	WP_000042353.1	3-isopropylmalate dehydrogenase	b0073	NP_414615.4	leuB	T1_exact_sequence	100.0	1.0	1.0	6.0	6.0		identical protein sequence, unique on both sides
ECB_RS17515	ECB_03311	WP_001042003.1	permease-like cell division protein FtsX	b3462	NP_417919.1	ftsX	T1_exact_sequence	100.0	1.0	1.0	6.0	6.0		identical protein sequence, unique on both sides
ECB_RS00445	ECB_00085	WP_000642196.1	peptidoglycan glycosyltransferase FtsI	b0084	NP_414626.1	ftsI	T1_exact_sequence	100.0	1.0	1.0	6.0	6.0		identical protein sequence, unique on both sides
ECB_RS05595	ECB_01052	WP_000749261.1	YceI family protein	b1056	NP_415574.1	yceI	T1_exact_sequence	100.0	1.0	1.0	6.0	6.0		identical protein sequence, unique on both sides
ECB_RS12090	ECB_02298	WP_000170346.1	glucokinase	b2388	NP_416889.1	glk	T1_exact_sequence	100.0	1.0	1.0	6.0	6.0		identical protein sequence, unique on both sides
ECB_RS07050	ECB_01324	WP_000276809.1	double-strand break reduction protein RcbA	b1347	NP_415863.1	rcbA	T1_exact_sequence	100.0	1.0	1.0	6.0	6.0		identical protein sequence, unique on both sides
ECB_RS04315	ECB_00810	WP_000605480.1	protein YbjH	b0843	NP_415364.1	ybjH	T1_exact_sequence	100.0	1.0	1.0	6.0	6.0		identical protein sequence, unique on both sides
ECB_RS12535	ECB_02378	WP_000122577.1	hydrogenase 4 subunit F	b2486	NP_416981.1	hyfF	T1_exact_sequence	100.0	1.0	1.0	6.0	6.0		identical protein sequence, unique on both sides
ECB_RS05350	ECB_01012	WP_000777653.1	pyrimidine utilization protein D	b1009	NP_415529.1	rutD	T1_exact_sequence	100.0	1.0	1.0	6.0	6.0		identical protein sequence, unique on both sides
ECB_RS06155	ECB_01158	WP_000897378.1	translesion error-prone DNA polymerase V autoproteolytic subunit	b1183	NP_415701.1	umuD	T1_exact_sequence	100.0	1.0	1.0	6.0	6.0		identical protein sequence, unique on both sides
ECB_RS12340	ECB_02341	WP_000769961.1	ethanolamine ammonia-lyase subunit alpha	b2441	NP_416936.4	eutB	T1_exact_sequence	100.0	1.0	1.0	3.0	6.0		identical protein sequence, unique on both sides
ECB_RS20755	ECB_03902	WP_000202902.1	phosphate-starvation-inducible protein PsiE	b4030	NP_418454.1	psiE	T1_exact_sequence	100.0	1.0	1.0	5.0	5.0		identical protein sequence, unique on both sides
ECB_RS16310	ECB_03088	WP_000366129.1	ClpXP protease specificity-enhancing factor	b3228	NP_417695.1	sspB	T1_exact_sequence	100.0	1.0	1.0	6.0	6.0		identical protein sequence, unique on both sides
ECB_RS11220	ECB_02128	WP_000525587.1	cytochrome c biogenesis heme-transporting ATPase CcmA	b2201	NP_416705.2	ccmA	T1_exact_sequence	100.0	1.0	1.0	6.0	6.0		identical protein sequence, unique on both sides
ECB_RS25460	ECB_01684	WP_001386830.1	pheST operon leader peptide PheM	b1715	NP_416230.1	pheM	T1_exact_sequence	100.0	1.0	1.0	6.0	6.0		identical protein sequence, unique on both sides
ECB_RS16820	ECB_03178	WP_001109573.1	type II secretion system inner membrane protein GspF	b3327	NP_417786.1	gspF	T1_exact_sequence	100.0	1.0	1.0	6.0	6.0		identical protein sequence, unique on both sides
ECB_RS15525	ECB_02936	WP_000918827.1	DNA primase	b3066	NP_417538.1	dnaG	T1_exact_sequence	100.0	1.0	1.0	6.0	6.0		identical protein sequence, unique on both sides
ECB_RS21340	ECB_04009	WP_000069437.1	aspartate ammonia-lyase	b4139	NP_418562.4	aspA	T1_exact_sequence	100.0	1.0	1.0	6.0	6.0		identical protein sequence, unique on both sides
ECB_RS15940	ECB_03017	WP_000646033.1	division/outer membrane stress-associated lipid-binding lipoprotein	b3150	NP_417619.1	dolP	T1_exact_sequence	100.0	1.0	1.0	6.0	6.0		identical protein sequence, unique on both sides
ECB_RS12965	ECB_02460	WP_000020749.1	GTPase Era	b2566	NP_417061.1	era	T1_exact_sequence	100.0	1.0	1.0	6.0	6.0		identical protein sequence, unique on both sides
ECB_RS19910	ECB_03756	WP_000570668.1	ribosome-dependent GTPase TypA	b3871	YP_026274.1	bipA	T1_exact_sequence	100.0	1.0	1.0	6.0	6.0		identical protein sequence, unique on both sides
ECB_RS20520	ECB_03862	WP_000028878.1	50S ribosomal protein L7/L12	b3986	NP_418413.1	rplL	T1_exact_sequence	100.0	1.0	1.0	6.0	6.0		identical protein sequence, unique on both sides
ECB_RS20230	ECB_03815	WP_000139496.1	1,4-dihydroxy-2-naphthoate polyprenyltransferase	b3930	NP_418365.1	menA	T1_exact_sequence	100.0	1.0	1.0	6.0	6.0		identical protein sequence, unique on both sides
ECB_RS02955	ECB_00566	WP_000460431.1	YbdD/YjiX family protein	b4512	YP_588442.1	ybdD	T1_exact_sequence	100.0	1.0	1.0	6.0	6.0		identical protein sequence, unique on both sides
ECB_RS16840	ECB_03182	WP_000610634.1	type II secretion system minor pseudopilin GspJ	b3331	NP_417790.1	gspJ	T1_exact_sequence	100.0	1.0	1.0	6.0	6.0		identical protein sequence, unique on both sides
ECB_RS18370	ECB_03469	WP_001156181.1	rhodanese-like domain-containing protein	b3611	NP_418068.1	yibN	T1_exact_sequence	100.0	1.0	1.0	6.0	6.0		identical protein sequence, unique on both sides
ECB_RS16250	ECB_03076	WP_001299745.1	TIGR01212 family radical SAM protein	b3211	NP_417678.1	yhcC	T1_exact_sequence	100.0	1.0	1.0	5.0	5.0		identical protein sequence, unique on both sides
ECB_RS21110	ECB_03968	WP_000611405.1	phosphonate C-P lyase system protein PhnL	b4096	NP_418520.1	phnL	T1_exact_sequence	100.0	1.0	1.0	6.0	6.0		identical protein sequence, unique on both sides
ECB_RS08225	ECB_01557	WP_001340362.1	selenate/tellurate reductase subunit YnfF	b1588	NP_416105.4	ynfF	T1_exact_sequence	100.0	1.0	1.0	6.0	6.0		identical protein sequence, unique on both sides
ECB_RS16950	ECB_03203	WP_000634798.1	ABC transporter ATP-binding protein	b3352	NP_417811.1	yheS	T1_exact_sequence	100.0	1.0	1.0	6.0	6.0		identical protein sequence, unique on both sides
ECB_RS12410	ECB_02355	WP_001003709.1	transaldolase	b2464	NP_416959.1	talA	T1_exact_sequence	100.0	1.0	1.0	6.0	6.0		identical protein sequence, unique on both sides
ECB_RS20845	ECB_03918	WP_001295691.1	zinc uptake transcriptional repressor Zur	b4046	NP_418470.4	zur	T1_exact_sequence	100.0	1.0	1.0	6.0	6.0		identical protein sequence, unique on both sides
ECB_RS05720	ECB_01077	WP_001295441.1	flagellar assembly peptidoglycan hydrolase FlgJ	b1081	NP_415599.1	flgJ	T1_exact_sequence	100.0	1.0	1.0	6.0	6.0		identical protein sequence, unique on both sides
ECB_RS19240	ECB_03641	WP_001131164.1	FadR/GntR family transcriptional regulator	b3755	YP_026245.1	yieP	T1_exact_sequence	100.0	1.0	1.0	6.0	6.0		identical protein sequence, unique on both sides
ECB_RS03385	ECB_00642	WP_001300829.1	LexA regulated protein	b0685	NP_415211.2	ybfE	T1_exact_sequence	100.0	1.0	1.0	6.0	6.0		identical protein sequence, unique on both sides
ECB_RS14035	ECB_02657	WP_001045520.1	23S rRNA (cytidine(2498)-2'-O)-methyltransferase RlmM	b2806	NP_417286.1	rlmM	T1_exact_sequence	100.0	1.0	1.0	6.0	6.0		identical protein sequence, unique on both sides
ECB_RS05650	ECB_01063	WP_000877107.1	YceH family protein	b1067	NP_415585.1	yceH	T1_exact_sequence	100.0	1.0	1.0	6.0	6.0		identical protein sequence, unique on both sides
ECB_RS04090	ECB_00767	WP_000386551.1	DNA-binding protein YbiB	b0800	NP_415321.1	ybiB	T1_exact_sequence	100.0	1.0	1.0	6.0	6.0		identical protein sequence, unique on both sides
ECB_RS17630	ECB_03334	WP_000420980.1	ISAs1-like element ISEc1 family transposase	b3484	NP_417941.1	yhhI	T1_exact_sequence	100.0	1.0	1.0	6.0	6.0		identical protein sequence, unique on both sides
ECB_RS11485	ECB_02180	WP_000461657.1	undecaprenyl-phosphate 4-deoxy-4-formamido-L-arabinose transferase	b2254	NP_416757.1	arnC	T1_exact_sequence	100.0	1.0	1.0	6.0	6.0		identical protein sequence, unique on both sides
ECB_RS15250	ECB_02885	WP_000013149.1	2,5-didehydrogluconate reductase DkgA	b3012	NP_417485.4	dkgA	T1_exact_sequence	100.0	1.0	1.0	6.0	6.0		identical protein sequence, unique on both sides
ECB_RS08505	ECB_01611	WP_000597196.1	outer membrane lipoprotein SlyB	b1641	YP_025304.1	slyB	T1_exact_sequence	100.0	1.0	1.0	6.0	6.0		identical protein sequence, unique on both sides
ECB_RS11615	ECB_02206	WP_000172749.1	NADH-quinone oxidoreductase subunit NuoI	b2281	NP_416784.1	nuoI	T1_exact_sequence	100.0	1.0	1.0	6.0	6.0		identical protein sequence, unique on both sides
ECB_RS18390	ECB_03473	WP_000982115.1	UDP-glucuronate:LPS(HepIII) glycosyltransferase	b3615	NP_418072.1	waaH	T1_exact_sequence	100.0	1.0	1.0	6.0	6.0		identical protein sequence, unique on both sides
ECB_RS02035	ECB_00388	WP_000122253.1	ATP-dependent Clp endopeptidase proteolytic subunit ClpP	b0437	NP_414971.1	clpP	T1_exact_sequence	100.0	1.0	1.0	5.0	5.0		identical protein sequence, unique on both sides
ECB_RS11490	ECB_02181	WP_000860273.1	bifunctional UDP-4-amino-4-deoxy-L-arabinose formyltransferase/UDP-glucuronic acid oxidase ArnA	b2255	NP_416758.1	arnA	T1_exact_sequence	100.0	1.0	1.0	6.0	6.0		identical protein sequence, unique on both sides
ECB_RS11235	ECB_02131	WP_000013515.1	quinol dehydrogenase ferredoxin subunit NapH	b2204	NP_416708.1	napH	T1_exact_sequence	100.0	1.0	1.0	6.0	6.0		identical protein sequence, unique on both sides
ECB_RS06235	ECB_01174	WP_000059411.1	dihydroxyacetone kinase subunit DhaL	b1199	NP_415717.1	dhaL	T1_exact_sequence	100.0	1.0	1.0	6.0	6.0		identical protein sequence, unique on both sides
ECB_RS01795	ECB_00342	WP_001298537.1	recombination-associated protein RdgC	b0393	NP_414927.1	rdgC	T1_exact_sequence	100.0	1.0	1.0	5.0	5.0		identical protein sequence, unique on both sides
ECB_RS08295	ECB_01570	WP_001118241.1	AI-2 transporter TqsA	b1601	NP_416118.1	tqsA	T1_exact_sequence	100.0	1.0	1.0	6.0	6.0		identical protein sequence, unique on both sides
ECB_RS04195	ECB_00787	WP_000961458.1	ABC-F family ATPase	b0820	NP_415341.1	ybiT	T1_exact_sequence	100.0	1.0	1.0	6.0	6.0		identical protein sequence, unique on both sides
ECB_RS02205	ECB_00421	WP_000122013.1	DNA polymerase III subunit gamma/tau	b0470	NP_415003.1	dnaX	T1_exact_sequence	100.0	1.0	1.0	6.0	6.0		identical protein sequence, unique on both sides
ECB_RS07860	ECB_01485	WP_000210799.1	L-arabinose MFS transporter	b1528	NP_416045.1	ydeA	T1_exact_sequence	100.0	1.0	1.0	4.0	4.0		identical protein sequence, unique on both sides
ECB_RS09310	ECB_01764	WP_000512153.1	GlsB/YeaQ/YmgE family stress response membrane protein	b1795	NP_416309.1	yeaQ	T1_exact_sequence	100.0	1.0	1.0	5.0	5.0		identical protein sequence, unique on both sides
ECB_RS10395	ECB_01962	WP_000107816.1	colanic acid polymerase WcaD	b2056	NP_416560.1	wcaD	T1_exact_sequence	100.0	1.0	1.0	6.0	6.0		identical protein sequence, unique on both sides
ECB_RS25435		WP_120795387.1	protein YneP	b4747	YP_009518784.1	yneP	T1_exact_sequence	100.0	1.0	1.0	6.0	6.0		identical protein sequence, unique on both sides
ECB_RS06230	ECB_01173	WP_001301101.1	dihydroxyacetone kinase phosphoryl donor subunit DhaM	b1198	NP_415716.4	dhaM	T1_exact_sequence	100.0	1.0	1.0	6.0	6.0		identical protein sequence, unique on both sides
ECB_RS09235	ECB_01750	WP_001186371.1	methylglyoxal reductase YeaE	b1781	NP_416295.1	yeaE	T1_exact_sequence	100.0	1.0	1.0	6.0	6.0		identical protein sequence, unique on both sides
ECB_RS05840	ECB_01101	WP_000164439.1	penicillin-binding protein activator LpoB	b1105	NP_415623.1	lpoB	T1_exact_sequence	100.0	1.0	1.0	6.0	6.0		identical protein sequence, unique on both sides
ECB_RS15630	ECB_02955	WP_000942548.1	SanA/YdcF family protein	b3086	NP_417557.1	ygjQ	T1_exact_sequence	100.0	1.0	1.0	6.0	6.0		identical protein sequence, unique on both sides
ECB_RS11440	ECB_02171	WP_000992954.1	2-keto-3-deoxy-L-rhamnonate aldolase	b2245	NP_416748.1	yfaU	T1_exact_sequence	100.0	1.0	1.0	6.0	6.0		identical protein sequence, unique on both sides
ECB_RS00210	ECB_00040	WP_001295419.1	crotonobetainyl-CoA hydratase	b0036	NP_414578.2	caiD	T1_exact_sequence	100.0	1.0	1.0	6.0	6.0		identical protein sequence, unique on both sides
ECB_RS12375	ECB_02348	WP_000387713.1	ethanolamine utilization microcompartment protein EutM	b2457	NP_416952.2	eutM	T1_exact_sequence	100.0	1.0	1.0	6.0	6.0		identical protein sequence, unique on both sides
ECB_RS20165	ECB_03802	WP_001045689.1	sulfate/thiosulfate ABC transporter substrate-binding protein Sbp	b3917	NP_418352.1	sbp	T1_exact_sequence	100.0	1.0	1.0	6.0	6.0		identical protein sequence, unique on both sides
ECB_RS09725	ECB_01839	WP_000639274.1	DUF72 domain-containing protein	b1868	NP_416382.1	yecE	T1_exact_sequence	100.0	1.0	1.0	6.0	6.0		identical protein sequence, unique on both sides
ECB_RS17835	ECB_03370	WP_000191237.1	inner membrane protein YhjD	b3522	NP_417979.1	yhjD	T1_exact_sequence	100.0	1.0	1.0	6.0	6.0		identical protein sequence, unique on both sides
ECB_RS02315	ECB_00443	WP_001300573.1	chaperedoxin	b0492	NP_415025.4	cnoX	T1_exact_sequence	100.0	1.0	1.0	6.0	6.0		identical protein sequence, unique on both sides
ECB_RS16080	ECB_03042	WP_000764731.1	dihydropteroate synthase	b3177	NP_417644.4	folP	T1_exact_sequence	100.0	1.0	1.0	6.0	6.0		identical protein sequence, unique on both sides
ECB_RS14580	ECB_02758	WP_000218480.1	erythrose-4-phosphate dehydrogenase	b2927	NP_417402.1	epd	T1_exact_sequence	100.0	1.0	1.0	6.0	6.0		identical protein sequence, unique on both sides
ECB_RS25965		WP_211180499.1	protein YecV	b4778	YP_010051188.1	yecV	T1_exact_sequence	100.0	1.0	1.0	6.0	6.0		identical protein sequence, unique on both sides
ECB_RS16780	ECB_03170	WP_000424395.1	50S ribosomal protein L4	b3319	NP_417778.1	rplD	T1_exact_sequence	100.0	1.0	1.0	6.0	6.0		identical protein sequence, unique on both sides
ECB_RS00520	ECB_00100	WP_000736007.1	8-oxo-dGTP diphosphatase MutT	b0099	NP_414641.1	mutT	T1_exact_sequence	100.0	1.0	1.0	6.0	6.0		identical protein sequence, unique on both sides
ECB_RS14470	ECB_02736	WP_001295377.1	glycine cleavage system protein GcvH	b2904	NP_417380.1	gcvH	T1_exact_sequence	100.0	1.0	1.0	6.0	6.0		identical protein sequence, unique on both sides
ECB_RS19765	ECB_03735	WP_000209826.1	NAD(P)H-flavin reductase	b3844	NP_418286.1	fre	T1_exact_sequence	100.0	1.0	1.0	6.0	6.0		identical protein sequence, unique on both sides
ECB_RS18515	ECB_03498	WP_000818601.1	nucleoid occlusion factor SlmA	b3641	NP_418098.4	slmA	T1_exact_sequence	100.0	1.0	1.0	6.0	6.0		identical protein sequence, unique on both sides
ECB_RS06755	ECB_01270	WP_000583277.1	putrescine export ABC transporter permease SapB	b1293	NP_415809.1	sapB	T1_exact_sequence	100.0	1.0	1.0	6.0	6.0		identical protein sequence, unique on both sides
ECB_RS25235		WP_001295279.1	periplasmic protein	b4620	YP_001165332.1	yjbT	T1_exact_sequence	100.0	1.0	1.0	5.0	5.0		identical protein sequence, unique on both sides
ECB_RS18590	ECB_03513	WP_001300954.1	AsmA family protein	b3655	NP_418112.1	yicH	T1_exact_sequence	100.0	1.0	1.0	4.0	5.0		identical protein sequence, unique on both sides
ECB_RS21330	ECB_04007	WP_000883400.1	divalent cation tolerance protein CutA	b4137	NP_418560.1	cutA	T1_exact_sequence	100.0	1.0	1.0	6.0	6.0		identical protein sequence, unique on both sides
ECB_RS25960		WP_240806354.1	protein YnhH	b4817	YP_010283910.1	ynhH	T1_exact_sequence	100.0	1.0	1.0	6.0	6.0		identical protein sequence, unique on both sides
ECB_RS12530	ECB_02377	WP_000147987.1	hydrogenase 4 membrane subunit	b2485	NP_416980.1	hyfE	T1_exact_sequence	100.0	1.0	1.0	6.0	6.0		identical protein sequence, unique on both sides
ECB_RS00600	ECB_00114	WP_000963518.1	pyruvate dehydrogenase complex dihydrolipoyllysine-residue acetyltransferase	b0115	NP_414657.1	aceF	T1_exact_sequence	100.0	1.0	1.0	6.0	6.0		identical protein sequence, unique on both sides
ECB_RS07325	ECB_01381	WP_000375961.1	glucan biosynthesis protein OpgD	b1424	NP_415941.5	opgD	T1_exact_sequence	100.0	1.0	1.0	6.0	6.0		identical protein sequence, unique on both sides
ECB_RS21285		WP_001173343.1	type V toxin-antitoxin system toxin GhoT	b4559	YP_588474.1	ghoT	T1_exact_sequence	100.0	1.0	1.0	6.0	6.0		identical protein sequence, unique on both sides
ECB_RS20975	ECB_03943	WP_001295391.1	cytochrome c nitrite reductase pentaheme subunit	b4071	NP_418495.2	nrfB	T1_exact_sequence	100.0	1.0	1.0	6.0	6.0		identical protein sequence, unique on both sides
ECB_RS08470	ECB_01604	WP_000100932.1	dipeptide/tripeptide permease DtpA	b1634	NP_416151.1	dtpA	T1_exact_sequence	100.0	1.0	1.0	6.0	6.0		identical protein sequence, unique on both sides
ECB_RS04170	ECB_00782	WP_001054678.1	phosphoethanolamine transferase	b0815	NP_415336.1	opgE	T1_exact_sequence	100.0	1.0	1.0	6.0	6.0		identical protein sequence, unique on both sides
ECB_RS11620	ECB_02207	WP_000118507.1	NADH-quinone oxidoreductase subunit NuoH	b2282	NP_416785.1	nuoH	T1_exact_sequence	100.0	1.0	1.0	6.0	6.0		identical protein sequence, unique on both sides
ECB_RS03175	ECB_00610	WP_001269673.1	LPS assembly lipoprotein LptE	b0641	NP_415174.1	lptE	T1_exact_sequence	100.0	1.0	1.0	6.0	6.0		identical protein sequence, unique on both sides
ECB_RS08200	ECB_01552	WP_000705211.1	DUF1283 family protein	b1583	NP_416100.1	ynfB	T1_exact_sequence	100.0	1.0	1.0	6.0	6.0		identical protein sequence, unique on both sides
ECB_RS06920	ECB_01302	WP_001261211.1	L-Ala-D/L-Glu epimerase	b1325	NP_415841.4	ycjG	T1_exact_sequence	100.0	1.0	1.0	6.0	6.0		identical protein sequence, unique on both sides
ECB_RS15705	ECB_02970	WP_000732240.1	DoxX family protein	b3101	NP_417572.2	yqjF	T1_exact_sequence	100.0	1.0	1.0	6.0	6.0		identical protein sequence, unique on both sides
ECB_RS09200	ECB_01743	WP_000798110.1	NAD(P)-dependent alcohol dehydrogenase	b1774	NP_416288.1	ydjJ	T1_exact_sequence	100.0	1.0	1.0	6.0	6.0		identical protein sequence, unique on both sides
ECB_RS11990	ECB_02279	WP_000991370.1	acid-sensing system DNA-binding response regulator EvgA	b2369	NP_416870.1	evgA	T1_exact_sequence	100.0	1.0	1.0	6.0	6.0		identical protein sequence, unique on both sides
ECB_RS08455	ECB_01602	WP_001289652.1	electron transport complex subunit RsxE	b1632	NP_416149.1	rsxE	T1_exact_sequence	100.0	1.0	1.0	6.0	6.0		identical protein sequence, unique on both sides
ECB_RS05155	ECB_00975	WP_001058323.1	hydrogenase 1 small subunit	b0972	NP_415491.1	hyaA	T1_exact_sequence	100.0	1.0	1.0	6.0	6.0		identical protein sequence, unique on both sides
ECB_RS07180	ECB_01351	WP_001298828.1	heat shock protein HslJ	b1379	NP_415897.1	hslJ	T1_exact_sequence	100.0	1.0	1.0	6.0	6.0		identical protein sequence, unique on both sides
ECB_RS15320	ECB_02899	WP_000917684.1	DUF2645 family protein	b3027	NP_417499.1	ygiZ	T1_exact_sequence	100.0	1.0	1.0	6.0	6.0		identical protein sequence, unique on both sides
ECB_RS15205	ECB_02878	WP_000018760.1	NADP(+)-dependent aldehyde reductase	b3003	NP_417476.1	yghA	T1_exact_sequence	100.0	1.0	1.0	5.0	5.0		identical protein sequence, unique on both sides
ECB_RS05165	ECB_00977	WP_001186424.1	Ni/Fe-hydrogenase b-type cytochrome subunit	b0974	NP_415493.1	hyaC	T1_exact_sequence	100.0	1.0	1.0	6.0	6.0		identical protein sequence, unique on both sides
ECB_RS16775	ECB_03169	WP_000617544.1	50S ribosomal protein L23	b3318	NP_417777.1	rplW	T1_exact_sequence	100.0	1.0	1.0	6.0	6.0		identical protein sequence, unique on both sides
ECB_RS16130	ECB_03052	WP_001047336.1	octaprenyl diphosphate synthase	b3187	NP_417654.1	ispB	T1_exact_sequence	100.0	1.0	1.0	6.0	6.0		identical protein sequence, unique on both sides
ECB_RS15535	ECB_02938	WP_000228937.1	G/U mismatch-specific DNA glycosylase	b3068	NP_417540.1	mug	T1_exact_sequence	100.0	1.0	1.0	6.0	6.0		identical protein sequence, unique on both sides
ECB_RS25400		WP_001309467.1	YciY family protein	b4595	YP_001165316.1	yciY	T1_exact_sequence	100.0	1.0	1.0	6.0	6.0		identical protein sequence, unique on both sides
ECB_RS22775	ECB_04272	WP_000371666.1	MDR efflux pump AcrAB transcriptional activator RobA	b4396	NP_418813.1	rob	T1_exact_sequence	100.0	1.0	1.0	6.0	6.0		identical protein sequence, unique on both sides
ECB_RS22380	ECB_04199	WP_001295597.1	nucleoside recognition domain-containing protein	b4330	NP_418750.2	yjiH	T1_exact_sequence	100.0	1.0	1.0	6.0	6.0		identical protein sequence, unique on both sides
ECB_RS14445	ECB_02731	WP_000250274.1	PAQR family membrane homeostasis protein TrhA	b2899	NP_417375.1	trhA	T1_exact_sequence	100.0	1.0	1.0	6.0	6.0		identical protein sequence, unique on both sides
ECB_RS11470	ECB_02177	WP_001300564.1	nucleoside triphosphatase NudI	b2251	NP_416754.1	nudI	T1_exact_sequence	100.0	1.0	1.0	6.0	6.0		identical protein sequence, unique on both sides
ECB_RS12650	ECB_02400	WP_001299507.1	IMP dehydrogenase	b2508	NP_417003.1	guaB	T1_exact_sequence	100.0	1.0	1.0	6.0	6.0		identical protein sequence, unique on both sides
ECB_RS05480	ECB_01033	WP_001300785.1	DUF1097 domain-containing protein	b1036	NP_415554.4	ycdZ	T1_exact_sequence	100.0	1.0	1.0	6.0	6.0		identical protein sequence, unique on both sides
ECB_RS02155	ECB_00412	WP_000344800.1	Hha toxicity modulator TomB	b0461	NP_414994.1	tomB	T1_exact_sequence	100.0	1.0	1.0	6.0	6.0		identical protein sequence, unique on both sides
ECB_RS13155	ECB_02491	WP_000976004.1	DUF2799 domain-containing protein	b2602	NP_417093.2	yfiL	T1_exact_sequence	100.0	1.0	1.0	6.0	6.0		identical protein sequence, unique on both sides
ECB_RS00880	ECB_00169	WP_000224573.1	UMP kinase	b0171	NP_414713.1	pyrH	T1_exact_sequence	100.0	1.0	1.0	6.0	6.0		identical protein sequence, unique on both sides
ECB_RS05430	ECB_01025	WP_000945561.1	poly-beta-1,6-N-acetyl-D-glucosamine N-deacetylase PgaB	b1023	NP_415542.1	pgaB	T1_exact_sequence	100.0	1.0	1.0	5.0	6.0		identical protein sequence, unique on both sides
ECB_RS21565	ECB_04051	WP_000547760.1	DUF350 domain-containing protein	b4184	NP_418605.1	yjfL	T1_exact_sequence	100.0	1.0	1.0	6.0	6.0		identical protein sequence, unique on both sides
ECB_RS14595	ECB_02761	WP_000987283.1	class II fructose-bisphosphatase	b2930	NP_417405.1	yggF	T1_exact_sequence	100.0	1.0	1.0	6.0	6.0		identical protein sequence, unique on both sides
ECB_RS11645	ECB_02212	WP_000386733.1	NADH-quinone oxidoreductase subunit NuoB	b2287	NP_416790.1	nuoB	T1_exact_sequence	100.0	1.0	1.0	6.0	6.0		identical protein sequence, unique on both sides
ECB_RS25025		WP_010723106.1	stress response protein AzuC	b4663	YP_002791245.1	azuC	T1_exact_sequence	100.0	1.0	1.0	6.0	6.0		identical protein sequence, unique on both sides
ECB_RS18760	ECB_03550	WP_000879194.1	hexose-6-phosphate:phosphate antiporter	b3666	NP_418122.1	uhpT	T1_exact_sequence	100.0	1.0	1.0	6.0	6.0		identical protein sequence, unique on both sides
ECB_RS15200	ECB_02877	WP_000439331.1	TIGR00645 family protein	b3002	NP_417475.1	yqhA	T1_exact_sequence	100.0	1.0	1.0	5.0	5.0		identical protein sequence, unique on both sides
ECB_RS18290	ECB_03453	WP_000479624.1	DUF3302 domain-containing protein	b3598	NP_418055.1	yibI	T1_exact_sequence	100.0	1.0	1.0	6.0	6.0		identical protein sequence, unique on both sides
ECB_RS09820	ECB_01858	WP_000147302.1	chemotaxis protein CheW	b1887	NP_416401.1	cheW	T1_exact_sequence	100.0	1.0	1.0	6.0	6.0		identical protein sequence, unique on both sides
ECB_RS18780	ECB_03554	WP_001181706.1	acetolactate synthase small subunit	b3670	NP_418126.1	ilvN	T1_exact_sequence	100.0	1.0	1.0	5.0	5.0		identical protein sequence, unique on both sides
ECB_RS13730	ECB_02598	WP_000517476.1	cell division protein FtsB	b2748	NP_417228.1	ftsB	T1_exact_sequence	100.0	1.0	1.0	6.0	6.0		identical protein sequence, unique on both sides
ECB_RS12885	ECB_02447	WP_001215861.1	two-component system QseEF-associated lipoprotein QseG	b2555	NP_417050.1	qseG	T1_exact_sequence	100.0	1.0	1.0	6.0	6.0		identical protein sequence, unique on both sides
ECB_RS06180	ECB_01163	WP_000190854.1	SpoVR family protein	b1188	NP_415706.1	ycgB	T1_exact_sequence	100.0	1.0	1.0	6.0	6.0		identical protein sequence, unique on both sides
ECB_RS18495	ECB_03494	WP_000091955.1	50S ribosomal protein L28	b3637	NP_418094.1	rpmB	T1_exact_sequence	100.0	1.0	1.0	6.0	6.0		identical protein sequence, unique on both sides
ECB_RS09790	ECB_01852	WP_000983609.1	protein phosphatase CheZ	b1881	NP_416395.1	cheZ	T1_exact_sequence	100.0	1.0	1.0	6.0	6.0		identical protein sequence, unique on both sides
ECB_RS11250	ECB_02134	WP_000557378.1	chaperone NapD	b2207	NP_416711.1	napD	T1_exact_sequence	100.0	1.0	1.0	6.0	6.0		identical protein sequence, unique on both sides
ECB_RS06240	ECB_01175	WP_000733715.1	dihydroxyacetone kinase subunit DhaK	b1200	NP_415718.6	dhaK	T1_exact_sequence	100.0	1.0	1.0	6.0	6.0		identical protein sequence, unique on both sides
ECB_RS05245	ECB_00992	WP_000066490.1	cold shock protein CspG	b0990	NP_415510.1	cspG	T1_exact_sequence	100.0	1.0	1.0	6.0	6.0		identical protein sequence, unique on both sides
ECB_RS05715	ECB_01076	WP_000589326.1	flagellar basal body P-ring protein FlgI	b1080	NP_415598.3	flgI	T1_exact_sequence	100.0	1.0	1.0	6.0	6.0		identical protein sequence, unique on both sides
ECB_RS13245	ECB_02508	WP_000162574.1	SsrA-binding protein SmpB	b2620	NP_417110.1	smpB	T1_exact_sequence	100.0	1.0	1.0	4.0	4.0		identical protein sequence, unique on both sides
ECB_RS12870	ECB_02444	WP_000883122.1	NO-inducible flavohemoprotein	b2552	NP_417047.1	hmp	T1_exact_sequence	100.0	1.0	1.0	6.0	6.0		identical protein sequence, unique on both sides
ECB_RS21380	ECB_04017	WP_000257278.1	elongation factor P	b4147	NP_418571.1	efp	T1_exact_sequence	100.0	1.0	1.0	6.0	6.0		identical protein sequence, unique on both sides
ECB_RS11770	ECB_02236	WP_000825700.1	flavin prenyltransferase UbiX	b2311	NP_416814.1	ubiX	T1_exact_sequence	100.0	1.0	1.0	6.0	6.0		identical protein sequence, unique on both sides
ECB_RS00865	ECB_00166	WP_001018194.1	type I methionyl aminopeptidase	b0168	NP_414710.1	map	T1_exact_sequence	100.0	1.0	1.0	6.0	6.0		identical protein sequence, unique on both sides
ECB_RS17355	ECB_03281	WP_001197646.1	glycogen synthase GlgA	b3429	NP_417887.1	glgA	T1_exact_sequence	100.0	1.0	1.0	5.0	5.0		identical protein sequence, unique on both sides
ECB_RS01570	ECB_00297	WP_000291549.1	lactose permease	b0343	NP_414877.1	lacY	T1_exact_sequence	100.0	1.0	1.0	6.0	6.0		identical protein sequence, unique on both sides
ECB_RS02255	ECB_00431	WP_000771748.1	bifunctional UDP-sugar hydrolase/5'-nucleotidase	b0480	NP_415013.1	ushA	T1_exact_sequence	100.0	1.0	1.0	6.0	6.0		identical protein sequence, unique on both sides
ECB_RS15560	ECB_02942	WP_001301395.1	putrescine aminotransferase	b3073	NP_417544.5	patA	T1_exact_sequence	100.0	1.0	1.0	6.0	6.0		identical protein sequence, unique on both sides
ECB_RS25415		WP_120795382.1	protein YmjE	b4742	YP_009518772.1	ymjE	T1_exact_sequence	100.0	1.0	1.0	6.0	6.0		identical protein sequence, unique on both sides
ECB_RS12205	ECB_02314	WP_000034402.1	cysteine synthase A	b2414	NP_416909.1	cysK	T1_exact_sequence	100.0	1.0	1.0	6.0	6.0		identical protein sequence, unique on both sides
ECB_RS17205	ECB_03253	WP_001135574.1	Hsp33 family molecular chaperone HslO	b3401	NP_417860.2	hslO	T1_exact_sequence	100.0	1.0	1.0	6.0	6.0		identical protein sequence, unique on both sides
ECB_RS19120	ECB_03617	WP_000896498.1	F0F1 ATP synthase subunit gamma	b3733	NP_418189.1	atpG	T1_exact_sequence	100.0	1.0	1.0	6.0	6.0		identical protein sequence, unique on both sides
ECB_RS02145	ECB_00410	WP_000102564.1	maltose O-acetyltransferase	b0459	NP_414992.1	maa	T1_exact_sequence	100.0	1.0	1.0	6.0	6.0		identical protein sequence, unique on both sides
ECB_RS16720	ECB_03158	WP_001118930.1	30S ribosomal protein S14	b3307	NP_417766.1	rpsN	T1_exact_sequence	100.0	1.0	1.0	6.0	6.0		identical protein sequence, unique on both sides
ECB_RS00155	ECB_00032	WP_000004655.1	FKBP-type peptidyl-prolyl cis-trans isomerase	b0028	NP_414569.1	fkpB	T1_exact_sequence	100.0	1.0	1.0	6.0	6.0		identical protein sequence, unique on both sides
ECB_RS15400	ECB_02914	WP_001295626.1	ubiquinone biosynthesis accessory factor UbiK	b3042	NP_417514.4	ubiK	T1_exact_sequence	100.0	1.0	1.0	5.0	5.0		identical protein sequence, unique on both sides
ECB_RS12750	ECB_02420	WP_000028953.1	iron-sulfur cluster assembly protein IscA	b2528	NP_417023.1	iscA	T1_exact_sequence	100.0	1.0	1.0	6.0	6.0		identical protein sequence, unique on both sides
ECB_RS21785	ECB_04093	WP_001219160.1	gamma-glutamylcyclotransferase family protein	b4222	NP_418643.1	ytfP	T1_exact_sequence	100.0	1.0	1.0	6.0	6.0		identical protein sequence, unique on both sides
ECB_RS20725	ECB_03898	WP_000757333.1	exopolysaccharide production protein YjbE	b4026	NP_418450.1	yjbE	T1_exact_sequence	100.0	1.0	1.0	6.0	6.0		identical protein sequence, unique on both sides
ECB_RS21600	ECB_04058	WP_000133631.1	HTH-type transcriptional regulator UlaR	b4191	NP_418612.1	ulaR	T1_exact_sequence	100.0	1.0	1.0	6.0	6.0		identical protein sequence, unique on both sides
ECB_RS12765	ECB_02423	WP_001241357.1	Fe-S cluster assembly transcriptional regulator IscR	b2531	NP_417026.1	iscR	T1_exact_sequence	100.0	1.0	1.0	6.0	6.0		identical protein sequence, unique on both sides
ECB_RS02390	ECB_00458	WP_000943544.1	hydroxypyruvate isomerase	b0508	NP_415041.1	hyi	T1_exact_sequence	100.0	1.0	1.0	6.0	6.0		identical protein sequence, unique on both sides
ECB_RS11995	ECB_02280	WP_001326970.1	acid-sensing system histidine kinase EvgS	b2370	NP_416871.1	evgS	T1_exact_sequence	100.0	1.0	1.0	6.0	6.0		identical protein sequence, unique on both sides
ECB_RS16225	ECB_03071	WP_000216791.1	PTS phosphocarrier protein NPr	b3206	NP_417673.1	npr	T1_exact_sequence	100.0	1.0	1.0	6.0	6.0		identical protein sequence, unique on both sides
ECB_RS02825	ECB_00540	WP_000360951.1	MmcQ/YjbR family DNA-binding protein	b0579	NP_415111.1	ybdF	T1_exact_sequence	100.0	1.0	1.0	5.0	5.0		identical protein sequence, unique on both sides
ECB_RS15305	ECB_02896	WP_000712658.1	OB fold stress tolerance protein YgiW	b3024	NP_417496.1	ygiW	T1_exact_sequence	100.0	1.0	1.0	6.0	6.0		identical protein sequence, unique on both sides
ECB_RS19730	ECB_03728	WP_000187530.1	ubiquinone biosynthesis regulatory protein kinase UbiB	b3835	NP_418279.1	ubiB	T1_exact_sequence	100.0	1.0	1.0	6.0	6.0		identical protein sequence, unique on both sides
ECB_RS07665	ECB_01446	WP_001285833.1	D-alanyl-D-alanine dipeptidase	b1488	NP_416005.1	ddpX	T1_exact_sequence	100.0	1.0	1.0	6.0	6.0		identical protein sequence, unique on both sides
ECB_RS15720	ECB_02973	WP_001198807.1	DUF805 domain-containing protein	b3104	NP_417575.1	yhaI	T1_exact_sequence	100.0	1.0	1.0	6.0	6.0		identical protein sequence, unique on both sides
ECB_RS25570		WP_001387081.1	type I toxin-antitoxin system Ibs family toxin	b4664	YP_002791256.1	ibsD	T1_exact_sequence	100.0	1.0	1.0	5.0	5.0		identical protein sequence, unique on both sides
ECB_RS00495	ECB_00095	WP_000588474.1	cell division protein FtsA	b0094	NP_414636.1	ftsA	T1_exact_sequence	100.0	1.0	1.0	6.0	6.0		identical protein sequence, unique on both sides
ECB_RS09445	ECB_01788	WP_000406926.1	PTS mannose transporter subunit IIC	b1818	NP_416332.1	manY	T1_exact_sequence	100.0	1.0	1.0	6.0	6.0		identical protein sequence, unique on both sides
ECB_RS08575	ECB_01625	WP_000101193.1	peptidoglycan DD-endopeptidase MepH	b1655	NP_416172.1	mepH	T1_exact_sequence	100.0	1.0	1.0	6.0	6.0		identical protein sequence, unique on both sides
ECB_RS07555	ECB_01424	WP_001166353.1	nitrate reductase molybdenum cofactor assembly chaperone	b1466	NP_415983.1	narW	T1_exact_sequence	100.0	1.0	1.0	6.0	6.0		identical protein sequence, unique on both sides
ECB_RS20935	ECB_03935	WP_000412428.1	redox-sensitive transcriptional activator SoxR	b4063	NP_418487.1	soxR	T1_exact_sequence	100.0	1.0	1.0	6.0	6.0		identical protein sequence, unique on both sides
ECB_RS04510	ECB_00853	WP_000681108.1	inner membrane protein YbjM	b0848	NP_415369.1	ybjM	T1_exact_sequence	100.0	1.0	1.0	4.0	4.0		identical protein sequence, unique on both sides
ECB_RS03770	ECB_00707	WP_001109196.1	3-deoxy-7-phosphoheptulonate synthase AroG	b0754	NP_415275.1	aroG	T1_exact_sequence	100.0	1.0	1.0	6.0	6.0		identical protein sequence, unique on both sides
ECB_RS16805	ECB_03175	WP_001142708.1	type II secretion system protein GspC	b3324	NP_417783.1	gspC	T1_exact_sequence	100.0	1.0	1.0	6.0	6.0		identical protein sequence, unique on both sides
ECB_RS08835	ECB_01673	WP_001082229.1	3-deoxy-7-phosphoheptulonate synthase AroH	b1704	NP_416219.1	aroH	T1_exact_sequence	100.0	1.0	1.0	6.0	6.0		identical protein sequence, unique on both sides
ECB_RS16695	ECB_03153	WP_001140433.1	50S ribosomal protein L30	b3302	NP_417761.1	rpmD	T1_exact_sequence	100.0	1.0	1.0	6.0	6.0		identical protein sequence, unique on both sides
ECB_RS09490	ECB_01795	WP_001006866.1	YebO family protein	b1825	NP_416339.1	yebO	T1_exact_sequence	100.0	1.0	1.0	6.0	6.0		identical protein sequence, unique on both sides
ECB_RS14420	ECB_02726	WP_000806638.1	site-specific tyrosine recombinase XerD	b2894	NP_417370.1	xerD	T1_exact_sequence	100.0	1.0	1.0	6.0	6.0		identical protein sequence, unique on both sides
ECB_RS10890	ECB_02067	WP_000079538.1	SDR family oxidoreductase	b2137	NP_416641.1	yohF	T1_exact_sequence	100.0	1.0	1.0	5.0	5.0		identical protein sequence, unique on both sides
ECB_RS13235	ECB_02506	WP_001117838.1	RnfH family protein	b2618	NP_417108.4	yfjF	T1_exact_sequence	100.0	1.0	1.0	6.0	6.0		identical protein sequence, unique on both sides
ECB_RS08920	ECB_01690	WP_001142445.1	small membrane protein YniD	b4535	YP_588455.2	yniD	T1_exact_sequence	100.0	1.0	1.0	6.0	6.0		identical protein sequence, unique on both sides
ECB_RS21035	ECB_03954	WP_000446378.1	multidrug efflux transporter periplasmic adaptor subunit MdtN	b4082	NP_418506.1	mdtN	T1_exact_sequence	100.0	1.0	1.0	6.0	6.0		identical protein sequence, unique on both sides
ECB_RS25430		WP_120795385.1	protein YncO	b4745	YP_009518780.1	yncO	T1_exact_sequence	100.0	1.0	1.0	4.0	4.0		identical protein sequence, unique on both sides
ECB_RS25630		WP_001387183.1	peptide IlvX	b4669	YP_002791259.1	ilvX	T1_exact_sequence	100.0	1.0	1.0	5.0	5.0		identical protein sequence, unique on both sides
ECB_RS12460	ECB_02364	WP_000383836.1	YpfN family protein	b4547	YP_588465.1	ypfN	T1_exact_sequence	100.0	1.0	1.0	6.0	6.0		identical protein sequence, unique on both sides
ECB_RS06175	ECB_01162	WP_000234823.1	fatty acid metabolism transcriptional regulator FadR	b1187	NP_415705.1	fadR	T1_exact_sequence	100.0	1.0	1.0	6.0	6.0		identical protein sequence, unique on both sides
ECB_RS04895	ECB_00927	WP_001295347.1	chromosome partition protein MukE	b0923	NP_415443.2	mukE	T1_exact_sequence	100.0	1.0	1.0	6.0	6.0		identical protein sequence, unique on both sides
ECB_RS06650		WP_001297116.1	protein YciX	b4523	YP_588450.2	yciX	T1_exact_sequence	100.0	1.0	1.0	6.0	6.0		identical protein sequence, unique on both sides
ECB_RS19400	ECB_03667	WP_000676056.1	glucose-1-phosphate thymidylyltransferase RfbA	b3789	NP_418236.1	rffH	T1_exact_sequence	100.0	1.0	1.0	6.0	6.0		identical protein sequence, unique on both sides
ECB_RS04640	ECB_00878	WP_000458809.1	hydroxylamine reductase	b0873	NP_415394.4	hcp	T1_exact_sequence	100.0	1.0	1.0	6.0	6.0		identical protein sequence, unique on both sides
ECB_RS04990	ECB_00945	WP_001165668.1	fimbrial protein	b0941	NP_415461.1	elfG	T1_exact_sequence	100.0	1.0	1.0	6.0	6.0		identical protein sequence, unique on both sides
ECB_RS25370	ECB_00773	WP_000710619.1	DUF1471 family periplasmic protein McbA	b0806	NP_415327.2	mcbA	T1_exact_sequence	100.0	1.0	1.0	6.0	6.0		identical protein sequence, unique on both sides
ECB_RS20390	ECB_03845	WP_001230087.1	argininosuccinate lyase	b3960	NP_418395.1	argH	T1_exact_sequence	100.0	1.0	1.0	6.0	6.0		identical protein sequence, unique on both sides
ECB_RS13190	ECB_02498	WP_000256450.1	30S ribosomal protein S16	b2609	NP_417100.1	rpsP	T1_exact_sequence	100.0	1.0	1.0	6.0	6.0		identical protein sequence, unique on both sides
ECB_RS09420	ECB_01784	WP_000624298.1	L-serine ammonia-lyase	b1814	NP_416328.1	sdaA	T1_exact_sequence	100.0	1.0	1.0	6.0	6.0		identical protein sequence, unique on both sides
ECB_RS08555	ECB_01621	WP_001237796.1	lactoylglutathione lyase	b1651	NP_416168.1	gloA	T1_exact_sequence	100.0	1.0	1.0	6.0	6.0		identical protein sequence, unique on both sides
ECB_RS16835	ECB_03181	WP_001041743.1	type II secretion system minor pseudopilin GspI	b3330	NP_417789.4	gspI	T1_exact_sequence	100.0	1.0	1.0	6.0	6.0		identical protein sequence, unique on both sides
ECB_RS06450	ECB_01215	WP_000301651.1	bifunctional acetaldehyde-CoA/alcohol dehydrogenase	b1241	NP_415757.1	adhE	T1_exact_sequence	100.0	1.0	1.0	6.0	6.0		identical protein sequence, unique on both sides
ECB_RS20185	ECB_03806	WP_000155257.1	DUF805 domain-containing protein	b3921	NP_418356.1	yiiR	T1_exact_sequence	100.0	1.0	1.0	6.0	6.0		identical protein sequence, unique on both sides
ECB_RS09040	ECB_01713	WP_000368506.1	succinylglutamate desuccinylase	b1744	NP_416258.1	astE	T1_exact_sequence	100.0	1.0	1.0	6.0	6.0		identical protein sequence, unique on both sides
ECB_RS06170	ECB_01161	WP_000406391.1	Na(+)/H(+) antiporter NhaB	b1186	NP_415704.1	nhaB	T1_exact_sequence	100.0	1.0	1.0	6.0	6.0		identical protein sequence, unique on both sides
ECB_RS15610	ECB_02952	WP_000550189.1	type II toxin-antitoxin system toxin HigB	b3083	NP_417554.1	higB	T1_exact_sequence	100.0	1.0	1.0	6.0	6.0		identical protein sequence, unique on both sides
ECB_RS12380	ECB_02349	WP_000582977.1	phosphate acetyltransferase	b2458	NP_416953.1	eutD	T1_exact_sequence	100.0	1.0	1.0	6.0	6.0		identical protein sequence, unique on both sides
ECB_RS17135	ECB_03239	WP_000742143.1	adenine-specific DNA-methyltransferase	b3387	NP_417846.1	dam	T1_exact_sequence	100.0	1.0	1.0	6.0	6.0		identical protein sequence, unique on both sides
ECB_RS26200		WP_001301448.1	protein YtiD	b4721	YP_009518831.1	ytiD	T1_exact_sequence	100.0	1.0	1.0	5.0	5.0		identical protein sequence, unique on both sides
ECB_RS13710	ECB_02594	WP_001295182.1	5'/3'-nucleotidase SurE	b2744	NP_417224.1	umpG	T1_exact_sequence	100.0	1.0	1.0	6.0	6.0		identical protein sequence, unique on both sides
ECB_RS15565	ECB_02943	WP_000450594.1	tRNA-binding protein	b3074	NP_417545.1	ygjH	T1_exact_sequence	100.0	1.0	1.0	6.0	6.0		identical protein sequence, unique on both sides
ECB_RS07565	ECB_01426	WP_000040458.1	nitrate reductase Z subunit alpha	b1468	NP_415985.1	narZ	T1_exact_sequence	100.0	1.0	1.0	6.0	6.0		identical protein sequence, unique on both sides
ECB_RS08590	ECB_01628	WP_000102278.1	cytochrome bd-I accessory subunit CydH	b4602	YP_001165321.1	cydH	T1_exact_sequence	100.0	1.0	1.0	6.0	6.0		identical protein sequence, unique on both sides
ECB_RS17410	ECB_03292	WP_001295206.1	N-acetyltransferase	b3441	NP_417898.1	yhhY	T1_exact_sequence	100.0	1.0	1.0	5.0	5.0		identical protein sequence, unique on both sides
ECB_RS14550	ECB_02752	WP_000350807.1	LysR family transcriptional regulator SrsR	b2921	NP_417396.4	srsR	T1_exact_sequence	100.0	1.0	1.0	6.0	6.0		identical protein sequence, unique on both sides
ECB_RS01535	ECB_00290	WP_000076233.1	cytosine permease	b0336	NP_414870.1	codB	T1_exact_sequence	100.0	1.0	1.0	6.0	6.0		identical protein sequence, unique on both sides
ECB_RS26210		WP_000662258.1	small membrane protein YkgR	b4671	YP_002791238.1	ykgR	T1_exact_sequence	100.0	1.0	1.0	4.0	4.0		identical protein sequence, unique on both sides
ECB_RS06790	ECB_01276	WP_001278727.1	HTH-type transcriptional regulator PuuR	b1299	NP_415815.1	puuR	T1_exact_sequence	100.0	1.0	1.0	6.0	6.0		identical protein sequence, unique on both sides
ECB_RS04005	ECB_00750	WP_000080885.1	cyclic pyranopterin monophosphate synthase MoaC	b0783	NP_415304.1	moaC	T1_exact_sequence	100.0	1.0	1.0	6.0	6.0		identical protein sequence, unique on both sides
ECB_RS12015	ECB_02284	WP_000106759.1	formyl-CoA transferase	b2374	NP_416875.1	frc	T1_exact_sequence	100.0	1.0	1.0	6.0	6.0		identical protein sequence, unique on both sides
ECB_RS00540	ECB_00103	WP_001269520.1	dephospho-CoA kinase	b0103	NP_414645.1	coaE	T1_exact_sequence	100.0	1.0	1.0	6.0	6.0		identical protein sequence, unique on both sides
ECB_RS06315	ECB_01189	WP_001257044.1	invasion regulator SirB1	b1214	NP_415732.1	ychA	T1_exact_sequence	100.0	1.0	1.0	5.0	5.0		identical protein sequence, unique on both sides
ECB_RS07350	ECB_01386	WP_001301046.1	dicarboxylate transporter/tellurite-resistance protein TehA	b1429	NP_415946.1	tehA	T1_exact_sequence	100.0	1.0	1.0	6.0	6.0		identical protein sequence, unique on both sides
ECB_RS08415	ECB_01594	WP_001300888.1	division septum protein Blr	b4409	YP_025303.1	blr	T1_exact_sequence	100.0	1.0	1.0	6.0	6.0		identical protein sequence, unique on both sides
ECB_RS01940	ECB_00370	WP_001124935.1	exodeoxyribonuclease VII small subunit	b0422	NP_414956.1	xseB	T1_exact_sequence	100.0	1.0	1.0	6.0	6.0		identical protein sequence, unique on both sides
ECB_RS11395	ECB_02162	WP_000135040.1	ferredoxin-like diferric-tyrosyl radical cofactor maintenance protein YfaE	b2236	NP_416739.1	yfaE	T1_exact_sequence	100.0	1.0	1.0	6.0	6.0		identical protein sequence, unique on both sides
ECB_RS00295	ECB_00057	WP_000800457.1	peptidylprolyl isomerase SurA	b0053	NP_414595.1	surA	T1_exact_sequence	100.0	1.0	1.0	6.0	6.0		identical protein sequence, unique on both sides
ECB_RS14305	ECB_02705	WP_001107125.1	YgeY family selenium metabolism-linked hydrolase	b2872	NP_417348.1	ygeY	T1_exact_sequence	100.0	1.0	1.0	6.0	6.0		identical protein sequence, unique on both sides
ECB_RS22405	ECB_04203	WP_000331745.1	putative 2-hydroxyacyl-CoA dehydratase activator YjiL	b4334	NP_418754.2	yjiL	T1_exact_sequence	100.0	1.0	1.0	6.0	6.0		identical protein sequence, unique on both sides
ECB_RS12880	ECB_02446	WP_001295369.1	two-component system response regulator GlrR	b2554	NP_417049.1	glrR	T1_exact_sequence	100.0	1.0	1.0	6.0	6.0		identical protein sequence, unique on both sides
ECB_RS05515	ECB_01039	WP_000771437.1	curli major subunit CsgA	b1042	NP_415560.1	csgA	T1_exact_sequence	100.0	1.0	1.0	6.0	6.0		identical protein sequence, unique on both sides
ECB_RS18935	ECB_03581	WP_000522208.1	YidB family protein	b3698	NP_418153.4	yidB	T1_exact_sequence	100.0	1.0	1.0	6.0	6.0		identical protein sequence, unique on both sides
ECB_RS17690	ECB_03344	WP_000323571.1	universal stress protein UspA	b3495	NP_417952.1	uspA	T1_exact_sequence	100.0	1.0	1.0	6.0	6.0		identical protein sequence, unique on both sides
ECB_RS18585	ECB_03512	WP_001295238.1	xanthine/proton symporter XanP	b3654	NP_418111.1	xanP	T1_exact_sequence	100.0	1.0	1.0	5.0	5.0		identical protein sequence, unique on both sides
ECB_RS09655	ECB_01825	WP_000091148.1	pyruvate kinase	b1854	NP_416368.1	pykA	T1_exact_sequence	100.0	1.0	1.0	6.0	6.0		identical protein sequence, unique on both sides
ECB_RS04830	ECB_00914	WP_000125016.1	(d)CMP kinase	b0910	NP_415430.1	cmk	T1_exact_sequence	100.0	1.0	1.0	6.0	6.0		identical protein sequence, unique on both sides
ECB_RS16115	ECB_03049	WP_000813037.1	DMT family transporter	b3184	NP_417651.1	yhbE	T1_exact_sequence	100.0	1.0	1.0	6.0	6.0		identical protein sequence, unique on both sides
ECB_RS03150	ECB_00605	WP_000776104.1	23S rRNA (pseudouridine(1915)-N(3))-methyltransferase RlmH	b0636	NP_415169.1	rlmH	T1_exact_sequence	100.0	1.0	1.0	6.0	6.0		identical protein sequence, unique on both sides
ECB_RS20275	ECB_03824	WP_000852812.1	met regulon transcriptional regulator MetJ	b3938	NP_418373.1	metJ	T1_exact_sequence	100.0	1.0	1.0	4.0	4.0		identical protein sequence, unique on both sides
ECB_RS04615	ECB_00873	WP_001338420.1	NAD-dependent epimerase/dehydratase family protein	b0868	NP_415389.2	ybjS	T1_exact_sequence	100.0	1.0	1.0	6.0	6.0		identical protein sequence, unique on both sides
ECB_RS01800	ECB_00343	WP_001219309.1	fructokinase	b0394	NP_414928.2	mak	T1_exact_sequence	100.0	1.0	1.0	5.0	5.0		identical protein sequence, unique on both sides
ECB_RS20195	ECB_03808	WP_000323556.1	universal stress protein UspD	b3923	NP_418358.1	uspD	T1_exact_sequence	100.0	1.0	1.0	6.0	6.0		identical protein sequence, unique on both sides
ECB_RS18350	ECB_03465	WP_001277561.1	serine O-acetyltransferase	b3607	NP_418064.1	cysE	T1_exact_sequence	100.0	1.0	1.0	6.0	6.0		identical protein sequence, unique on both sides
ECB_RS00510	ECB_00098	WP_000014321.1	secA translation cis-regulator SecM	b0097	NP_414639.2	secM	T1_exact_sequence	100.0	1.0	1.0	6.0	6.0		identical protein sequence, unique on both sides
ECB_RS00010	ECB_00002	WP_001264697.1	bifunctional aspartate kinase/homoserine dehydrogenase I	b0002	NP_414543.1	thrA	T2_near_identical_rbh	99.6	1.0	1.0	6.0	6.0		DIAMOND ultra-sensitive reciprocal best hit, identity >=90%, both coverages >=0.8, no tied hit
ECB_RS00015	ECB_00003	WP_000241660.1	homoserine kinase	b0003	NP_414544.1	thrB	T2_near_identical_rbh	99.7	1.0	1.0	6.0	6.0		DIAMOND ultra-sensitive reciprocal best hit, identity >=90%, both coverages >=0.8, no tied hit
ECB_RS00020	ECB_00004	WP_000781063.1	threonine synthase	b0004	NP_414545.1	thrC	T2_near_identical_rbh	99.8	1.0	1.0	6.0	6.0		DIAMOND ultra-sensitive reciprocal best hit, identity >=90%, both coverages >=0.8, no tied hit
ECB_RS00030	ECB_00005	WP_000738723.1	DUF2502 domain-containing protein	b0005	NP_414546.1	yaaX	T2_near_identical_rbh	95.9	1.0	1.0	6.0	6.0		DIAMOND ultra-sensitive reciprocal best hit, identity >=90%, both coverages >=0.8, no tied hit
ECB_RS00035	ECB_00006	WP_000906203.1	peroxide stress protein YaaA	b0006	NP_414547.1	yaaA	T2_near_identical_rbh	99.2	1.0	1.0	6.0	6.0		DIAMOND ultra-sensitive reciprocal best hit, identity >=90%, both coverages >=0.8, no tied hit
ECB_RS00040	ECB_00007	WP_001112563.1	alanine/glycine:cation symporter family protein	b0007	NP_414548.1	yaaJ	T2_near_identical_rbh	99.4	1.0	1.0	6.0	6.0		DIAMOND ultra-sensitive reciprocal best hit, identity >=90%, both coverages >=0.8, no tied hit
ECB_RS00045	ECB_00008	WP_000130189.1	transaldolase	b0008	NP_414549.1	talB	T2_near_identical_rbh	99.7	1.0	1.0	6.0	6.0		DIAMOND ultra-sensitive reciprocal best hit, identity >=90%, both coverages >=0.8, no tied hit
ECB_RS00050	ECB_00009	WP_001094682.1	molybdopterin adenylyltransferase	b0009	NP_414550.1	mog	T2_near_identical_rbh	99.5	1.0	1.0	6.0	6.0		DIAMOND ultra-sensitive reciprocal best hit, identity >=90%, both coverages >=0.8, no tied hit
ECB_RS00060	ECB_00011	WP_001102353.1	acidic protein MsyB	b0011	NP_414552.1	yaaW	T2_near_identical_rbh	99.2	1.0	1.0	6.0	6.0		DIAMOND ultra-sensitive reciprocal best hit, identity >=90%, both coverages >=0.8, no tied hit
ECB_RS00065	ECB_00013	WP_000843568.1	DUF2541 family protein	b0013	NP_414554.1	yaaI	T2_near_identical_rbh	99.3	1.0	1.0	5.0	5.0		DIAMOND ultra-sensitive reciprocal best hit, identity >=90%, both coverages >=0.8, no tied hit
ECB_RS00075	ECB_00015	WP_001118446.1	molecular chaperone DnaJ	b0015	NP_414556.1	dnaJ	T2_near_identical_rbh	99.2	1.0	1.0	5.0	5.0		DIAMOND ultra-sensitive reciprocal best hit, identity >=90%, both coverages >=0.8, no tied hit
ECB_RS00090	ECB_00018	WP_000681360.1	Na+/H+ antiporter NhaA	b0019	NP_414560.1	nhaA	T2_near_identical_rbh	99.5	1.0	1.0	3.0	4.0		DIAMOND ultra-sensitive reciprocal best hit, identity >=90%, both coverages >=0.8, no tied hit
ECB_RS00095	ECB_00019	WP_001300855.1	transcriptional activator NhaR	b0020	NP_414561.1	nhaR	T2_near_identical_rbh	99.7	1.0	0.993	3.0	4.0		DIAMOND ultra-sensitive reciprocal best hit, identity >=90%, both coverages >=0.8, no tied hit
ECB_RS00120	ECB_00024	WP_103215986.1	IS1-like element IS1A family transposase	b0988	NP_415508.1	insB4	ambiguous_rbh_tie	99.3	0.642	0.892	0.0	5.0	tied best hit	reciprocal best hit with an equal-bitscore alternative
ECB_RS00140	ECB_00029	WP_000767337.1	bifunctional riboflavin kinase/FAD synthetase	b0025	NP_414566.1	ribF	T2_near_identical_rbh	99.7	1.0	1.0	5.0	6.0		DIAMOND ultra-sensitive reciprocal best hit, identity >=90%, both coverages >=0.8, no tied hit
ECB_RS00145	ECB_00030	WP_001286879.1	isoleucine--tRNA ligase	b0026	NP_414567.1	ileS	T2_near_identical_rbh	99.7	1.0	1.0	6.0	6.0		DIAMOND ultra-sensitive reciprocal best hit, identity >=90%, both coverages >=0.8, no tied hit
ECB_RS00150	ECB_00031	WP_000083375.1	signal peptidase II	b0027	NP_414568.1	lspA	T2_near_identical_rbh	98.8	1.0	1.0	6.0	6.0		DIAMOND ultra-sensitive reciprocal best hit, identity >=90%, both coverages >=0.8, no tied hit
ECB_RS00165	ECB_00034	WP_001239155.1	ribonucleoside hydrolase RihC	b0030	NP_414571.1	rihC	T2_near_identical_rbh	97.0	0.993	0.993	6.0	6.0		DIAMOND ultra-sensitive reciprocal best hit, identity >=90%, both coverages >=0.8, no tied hit
ECB_RS00170	ECB_00035	WP_000543586.1	4-hydroxy-tetrahydrodipicolinate reductase	b0031	NP_414572.1	dapB	T2_near_identical_rbh	99.3	1.0	1.0	6.0	6.0		DIAMOND ultra-sensitive reciprocal best hit, identity >=90%, both coverages >=0.8, no tied hit
ECB_RS00190	ECB_00037	WP_001126376.1	carbamoyl-phosphate synthase large subunit	b0033	NP_414574.1	carB	T2_near_identical_rbh	99.8	1.0	1.0	6.0	6.0		DIAMOND ultra-sensitive reciprocal best hit, identity >=90%, both coverages >=0.8, no tied hit
ECB_RS00205	ECB_00039	WP_000122886.1	carnitine operon protein CaiE	b0035	NP_414577.2	caiE	T2_near_identical_rbh	94.4	1.0	1.0	6.0	6.0		DIAMOND ultra-sensitive reciprocal best hit, identity >=90%, both coverages >=0.8, no tied hit
ECB_RS00215	ECB_00041	WP_000351506.1	crotonobetaine/carnitine-CoA ligase	b0037	NP_414579.4	caiC	T2_near_identical_rbh	98.1	1.0	1.0	6.0	6.0		DIAMOND ultra-sensitive reciprocal best hit, identity >=90%, both coverages >=0.8, no tied hit
ECB_RS00230	ECB_00044	WP_000787118.1	L-carnitine/gamma-butyrobetaine antiporter	b0040	NP_414582.1	caiT	T2_near_identical_rbh	99.6	1.0	1.0	6.0	6.0		DIAMOND ultra-sensitive reciprocal best hit, identity >=90%, both coverages >=0.8, no tied hit
ECB_RS00245	ECB_00047	WP_001287725.1	FAD-dependent oxidoreductase	b0043	NP_414585.1	fixC	T2_near_identical_rbh	99.5	1.0	1.0	6.0	6.0		DIAMOND ultra-sensitive reciprocal best hit, identity >=90%, both coverages >=0.8, no tied hit
ECB_RS00265	ECB_00051	WP_000377129.1	glutathione-regulated potassium-efflux system protein KefC	b0047	NP_414589.1	kefC	T2_near_identical_rbh	99.8	1.0	1.0	6.0	6.0		DIAMOND ultra-sensitive reciprocal best hit, identity >=90%, both coverages >=0.8, no tied hit
ECB_RS00305	ECB_00059	WP_001200578.1	co-chaperone DjlA	b0055	NP_414597.1	djlA	T2_near_identical_rbh	99.6	1.0	1.0	6.0	6.0		DIAMOND ultra-sensitive reciprocal best hit, identity >=90%, both coverages >=0.8, no tied hit
ECB_RS00320	ECB_00062	WP_000035693.1	DNA polymerase II	b0060	NP_414602.1	polB	T2_near_identical_rbh	99.5	1.0	1.0	6.0	6.0		DIAMOND ultra-sensitive reciprocal best hit, identity >=90%, both coverages >=0.8, no tied hit
ECB_RS00325	ECB_00063	WP_000888655.1	L-ribulose-5-phosphate 4-epimerase	b0061	NP_414603.1	araD	T2_near_identical_rbh	98.7	1.0	1.0	6.0	6.0		DIAMOND ultra-sensitive reciprocal best hit, identity >=90%, both coverages >=0.8, no tied hit
ECB_RS00330	ECB_00064	WP_000151718.1	L-arabinose isomerase	b0062	NP_414604.1	araA	T2_near_identical_rbh	99.2	1.0	1.0	6.0	6.0		DIAMOND ultra-sensitive reciprocal best hit, identity >=90%, both coverages >=0.8, no tied hit
ECB_RS00335	ECB_00065	WP_000951777.1	ribulokinase	b0063	NP_414605.1	araB	T2_near_identical_rbh	99.1	1.0	1.0	6.0	6.0		DIAMOND ultra-sensitive reciprocal best hit, identity >=90%, both coverages >=0.8, no tied hit
ECB_RS00345	ECB_00067	WP_001148410.1	DedA family protein	b0065	NP_414607.1	yabI	T2_near_identical_rbh	98.8	1.0	1.0	6.0	6.0		DIAMOND ultra-sensitive reciprocal best hit, identity >=90%, both coverages >=0.8, no tied hit
ECB_RS00350	ECB_00068	WP_000916325.1	thiamine ABC transporter ATP-binding protein ThiQ	b0066	NP_414608.1	thiQ	T2_near_identical_rbh	97.8	1.0	1.0	6.0	6.0		DIAMOND ultra-sensitive reciprocal best hit, identity >=90%, both coverages >=0.8, no tied hit
ECB_RS00355	ECB_00069	WP_000235723.1	thiamine/thiamine pyrophosphate ABC transporter permease ThiP	b0067	NP_414609.1	thiP	T2_near_identical_rbh	98.9	1.0	1.0	6.0	6.0		DIAMOND ultra-sensitive reciprocal best hit, identity >=90%, both coverages >=0.8, no tied hit
ECB_RS00365	ECB_00071	WP_001295535.1	DNA-binding transcriptional regulator SgrR	b0069	NP_414611.1	sgrR	T2_near_identical_rbh	98.9	1.0	1.0	6.0	6.0		DIAMOND ultra-sensitive reciprocal best hit, identity >=90%, both coverages >=0.8, no tied hit
ECB_RS00375	ECB_00072	WP_000637849.1	sugar efflux transporter SetA	b0070	YP_025293.1	setA	T2_near_identical_rbh	99.0	1.0	1.0	6.0	6.0		DIAMOND ultra-sensitive reciprocal best hit, identity >=90%, both coverages >=0.8, no tied hit
ECB_RS00410	ECB_00079	WP_000425661.1	acetolactate synthase 3 large subunit	b0077	YP_025294.2	ilvI	T2_near_identical_rbh	99.7	1.0	1.0	4.0	4.0		DIAMOND ultra-sensitive reciprocal best hit, identity >=90%, both coverages >=0.8, no tied hit
ECB_RS00430	ECB_00082	WP_001295770.1	division/cell wall cluster transcriptional repressor MraZ	b0081	NP_414623.1	mraZ	T2_near_identical_rbh	99.3	1.0	1.0	5.0	5.0		DIAMOND ultra-sensitive reciprocal best hit, identity >=90%, both coverages >=0.8, no tied hit
ECB_RS00450	ECB_00086	WP_000785116.1	UDP-N-acetylmuramoyl-L-alanyl-D-glutamate--2,6-diaminopimelate ligase	b0085	NP_414627.1	murE	T2_near_identical_rbh	99.4	1.0	1.0	6.0	6.0		DIAMOND ultra-sensitive reciprocal best hit, identity >=90%, both coverages >=0.8, no tied hit
ECB_RS00455	ECB_00087	WP_000626688.1	UDP-N-acetylmuramoyl-tripeptide--D-alanyl-D-alanine ligase	b0086	NP_414628.1	murF	T2_near_identical_rbh	99.8	1.0	1.0	6.0	6.0		DIAMOND ultra-sensitive reciprocal best hit, identity >=90%, both coverages >=0.8, no tied hit
ECB_RS00480	ECB_00092	WP_001096048.1	UDP-N-acetylmuramate--L-alanine ligase	b0091	NP_414633.1	murC	T2_near_identical_rbh	99.8	1.0	1.0	6.0	6.0		DIAMOND ultra-sensitive reciprocal best hit, identity >=90%, both coverages >=0.8, no tied hit
ECB_RS00485	ECB_00093	WP_000130048.1	D-alanine--D-alanine ligase	b0092	NP_414634.1	ddlB	T2_near_identical_rbh	99.7	1.0	1.0	6.0	6.0		DIAMOND ultra-sensitive reciprocal best hit, identity >=90%, both coverages >=0.8, no tied hit
ECB_RS00490	ECB_00094	WP_000075744.1	cell division protein FtsQ	b0093	NP_414635.1	ftsQ	T2_near_identical_rbh	99.6	1.0	1.0	6.0	6.0		DIAMOND ultra-sensitive reciprocal best hit, identity >=90%, both coverages >=0.8, no tied hit
ECB_RS00545	ECB_00104	WP_001217335.1	GMP reductase	b0104	NP_414646.1	guaC	T2_near_identical_rbh	99.7	1.0	1.0	6.0	6.0		DIAMOND ultra-sensitive reciprocal best hit, identity >=90%, both coverages >=0.8, no tied hit
ECB_RS00595	ECB_00113	WP_000003829.1	pyruvate dehydrogenase (acetyl-transferring), homodimeric type	b0114	NP_414656.1	aceE	T2_near_identical_rbh	99.9	1.0	1.0	6.0	6.0		DIAMOND ultra-sensitive reciprocal best hit, identity >=90%, both coverages >=0.8, no tied hit
ECB_RS00610	ECB_00116	WP_000784460.1	DUF3300 domain-containing protein	b0117	NP_414659.1	yacH	T2_near_identical_rbh	99.8	1.0	1.0	6.0	6.0		DIAMOND ultra-sensitive reciprocal best hit, identity >=90%, both coverages >=0.8, no tied hit
ECB_RS00640	ECB_00122	WP_001189577.1	multicopper oxidase CueO	b0123	NP_414665.1	cueO	T2_near_identical_rbh	99.8	1.0	1.0	6.0	6.0		DIAMOND ultra-sensitive reciprocal best hit, identity >=90%, both coverages >=0.8, no tied hit
ECB_RS00645	ECB_00123	WP_001297052.1	quinoprotein glucose dehydrogenase	b0124	NP_414666.1	gcd	T2_near_identical_rbh	99.9	1.0	1.0	6.0	6.0		DIAMOND ultra-sensitive reciprocal best hit, identity >=90%, both coverages >=0.8, no tied hit
ECB_RS00670	ECB_00128	WP_000902004.1	PTS sugar transporter subunit IIA	b0129	NP_414671.1	yadI	T2_near_identical_rbh	99.3	1.0	1.0	6.0	6.0		DIAMOND ultra-sensitive reciprocal best hit, identity >=90%, both coverages >=0.8, no tied hit
ECB_RS00690	ECB_00132	WP_000905386.1	pantoate--beta-alanine ligase	b0133	NP_414675.1	panC	T2_near_identical_rbh	99.6	1.0	1.0	6.0	6.0		DIAMOND ultra-sensitive reciprocal best hit, identity >=90%, both coverages >=0.8, no tied hit
ECB_RS00695	ECB_00133	WP_000805449.1	3-methyl-2-oxobutanoate hydroxymethyltransferase	b0134	NP_414676.1	panB	T2_near_identical_rbh	98.5	1.0	1.0	6.0	6.0		DIAMOND ultra-sensitive reciprocal best hit, identity >=90%, both coverages >=0.8, no tied hit
ECB_RS00700	ECB_00134	WP_001331232.1	fimbrial-like adhesin	b0135	NP_414677.1	yadC	T3_divergent_syntenic_rbh	64.2	0.949	1.029	6.0	6.0		reciprocal best hit below T2 thresholds (identity >=50%, coverage >=0.6) with >=1 conserved neighbour within +/-3 loci
ECB_RS00705	ECB_00135	WP_000553764.1	fimbrial-like protein	b0136	NP_414678.1	yadK	T3_divergent_syntenic_rbh	83.3	1.0	1.0	6.0	6.0		reciprocal best hit below T2 thresholds (identity >=50%, coverage >=0.6) with >=1 conserved neighbour within +/-3 loci
ECB_RS00710	ECB_00136	WP_000143205.1	fimbrial-like protein YadL	b0137	NP_414679.1	yadL	T2_near_identical_rbh	97.5	1.0	0.995	6.0	6.0		DIAMOND ultra-sensitive reciprocal best hit, identity >=90%, both coverages >=0.8, no tied hit
ECB_RS00715	ECB_00137	WP_000591057.1	fimbrial protein	b0138	NP_414680.4	yadM	T2_near_identical_rbh	98.9	1.0	1.0	6.0	6.0		DIAMOND ultra-sensitive reciprocal best hit, identity >=90%, both coverages >=0.8, no tied hit
ECB_RS00720	ECB_00138	WP_000153162.1	Yad fimbria usher protein HtrE	b0139	NP_414681.1	htrE	T2_near_identical_rbh	97.7	1.0	1.001	6.0	6.0		DIAMOND ultra-sensitive reciprocal best hit, identity >=90%, both coverages >=0.8, no tied hit
ECB_RS00725	ECB_00139	WP_000465930.1	fimbrial chaperone	b0140	NP_414682.1	yadV	T2_near_identical_rbh	98.8	1.0	1.0	6.0	6.0		DIAMOND ultra-sensitive reciprocal best hit, identity >=90%, both coverages >=0.8, no tied hit
ECB_RS00730	ECB_00140	WP_000038445.1	fimbrial protein	b0141	NP_414683.1	yadN	T2_near_identical_rbh	99.5	1.0	1.0	6.0	6.0		DIAMOND ultra-sensitive reciprocal best hit, identity >=90%, both coverages >=0.8, no tied hit
ECB_RS00735	ECB_00141	WP_000215124.1	2-amino-4-hydroxy-6-hydroxymethyldihydropteridine diphosphokinase	b0142	NP_414684.1	folK	T2_near_identical_rbh	96.2	1.0	1.0	6.0	6.0		DIAMOND ultra-sensitive reciprocal best hit, identity >=90%, both coverages >=0.8, no tied hit
ECB_RS00740	ECB_00142	WP_012304915.1	polynucleotide adenylyltransferase PcnB	b0143	NP_414685.4	pcnB	T2_near_identical_rbh	99.8	1.0	1.0	6.0	6.0		DIAMOND ultra-sensitive reciprocal best hit, identity >=90%, both coverages >=0.8, no tied hit
ECB_RS00745	ECB_00143	WP_000132643.1	tRNA glutamyl-Q(34) synthetase GluQRS	b0144	NP_414686.3	gluQ	T2_near_identical_rbh	99.0	1.0	0.968	6.0	6.0		DIAMOND ultra-sensitive reciprocal best hit, identity >=90%, both coverages >=0.8, no tied hit
ECB_RS00755	ECB_00145	WP_000396020.1	DNA/RNA nuclease SfsA	b0146	NP_414688.1	sfsA	T2_near_identical_rbh	99.6	1.0	1.0	6.0	6.0		DIAMOND ultra-sensitive reciprocal best hit, identity >=90%, both coverages >=0.8, no tied hit
ECB_RS00760	ECB_00146	WP_001294674.1	RNA 2',3'-cyclic phosphodiesterase	b0147	NP_414689.4	thpR	T2_near_identical_rbh	99.4	1.0	1.0	6.0	6.0		DIAMOND ultra-sensitive reciprocal best hit, identity >=90%, both coverages >=0.8, no tied hit
ECB_RS00765	ECB_00147	WP_001301345.1	ATP-dependent helicase HrpB	b0148	NP_414690.4	hrpB	T2_near_identical_rbh	98.3	1.0	1.0	6.0	6.0		DIAMOND ultra-sensitive reciprocal best hit, identity >=90%, both coverages >=0.8, no tied hit
ECB_RS00775	ECB_00148	WP_000918147.1	bifunctional glycosyl transferase/transpeptidase	b0149	NP_414691.1	mrcB	T2_near_identical_rbh	98.6	1.004	1.0	6.0	6.0		DIAMOND ultra-sensitive reciprocal best hit, identity >=90%, both coverages >=0.8, no tied hit
ECB_RS00780	ECB_00149	WP_000124402.1	ferrichrome porin FhuA	b0150	NP_414692.1	fhuA	T2_near_identical_rbh	99.7	1.0	1.0	6.0	6.0		DIAMOND ultra-sensitive reciprocal best hit, identity >=90%, both coverages >=0.8, no tied hit
ECB_RS00785	ECB_00150	WP_001158929.1	Fe3+-hydroxamate ABC transporter ATP-binding protein FhuC	b0151	NP_414693.1	fhuC	T2_near_identical_rbh	99.6	1.0	1.0	6.0	6.0		DIAMOND ultra-sensitive reciprocal best hit, identity >=90%, both coverages >=0.8, no tied hit
ECB_RS00790	ECB_00151	WP_000015989.1	Fe(3+)-hydroxamate ABC transporter substrate-binding protein FhuD	b0152	NP_414694.1	fhuD	T2_near_identical_rbh	99.3	1.0	1.0	6.0	6.0		DIAMOND ultra-sensitive reciprocal best hit, identity >=90%, both coverages >=0.8, no tied hit
ECB_RS00795	ECB_00152	WP_000044067.1	Fe(3+)-hydroxamate ABC transporter permease FhuB	b0153	NP_414695.1	fhuB	T2_near_identical_rbh	99.4	1.0	1.0	6.0	6.0		DIAMOND ultra-sensitive reciprocal best hit, identity >=90%, both coverages >=0.8, no tied hit
ECB_RS00800	ECB_00153	WP_000045290.1	glutamate-1-semialdehyde 2,1-aminomutase	b0154	NP_414696.1	hemL	T2_near_identical_rbh	99.3	1.0	1.0	6.0	6.0		DIAMOND ultra-sensitive reciprocal best hit, identity >=90%, both coverages >=0.8, no tied hit
ECB_RS00805	ECB_00154	WP_000845401.1	H(+)/Cl(-) exchange transporter ClcA	b0155	NP_414697.1	clcA	T2_near_identical_rbh	99.8	1.0	1.0	6.0	6.0		DIAMOND ultra-sensitive reciprocal best hit, identity >=90%, both coverages >=0.8, no tied hit
ECB_RS00820	ECB_00157	WP_001319823.1	vitamin B12 ABC transporter substrate-binding protein BtuF	b0158	NP_414700.1	btuF	T2_near_identical_rbh	99.6	1.0	1.0	6.0	6.0		DIAMOND ultra-sensitive reciprocal best hit, identity >=90%, both coverages >=0.8, no tied hit
ECB_RS00830	ECB_00159	WP_000057067.1	dGTPase	b0160	NP_414702.1	dgt	T2_near_identical_rbh	99.8	1.0	1.0	6.0	6.0		DIAMOND ultra-sensitive reciprocal best hit, identity >=90%, both coverages >=0.8, no tied hit
ECB_RS00840	ECB_00161	WP_000929439.1	DNA-binding transcriptional regulator CdaR	b0162	NP_414704.4	cdaR	T2_near_identical_rbh	99.7	1.0	1.0	6.0	6.0		DIAMOND ultra-sensitive reciprocal best hit, identity >=90%, both coverages >=0.8, no tied hit
ECB_RS00850	ECB_00163	WP_000625625.1	phosphodiesterase YaeI	b0164	NP_414706.2	yaeI	T2_near_identical_rbh	92.6	1.0	1.0	6.0	6.0		DIAMOND ultra-sensitive reciprocal best hit, identity >=90%, both coverages >=0.8, no tied hit
ECB_RS00860	ECB_00165	WP_001094566.1	bifunctional uridylyltransferase/uridylyl-removing protein GlnD	b0167	NP_414709.1	glnD	T2_near_identical_rbh	99.7	1.0	1.0	6.0	6.0		DIAMOND ultra-sensitive reciprocal best hit, identity >=90%, both coverages >=0.8, no tied hit
ECB_RS00895	ECB_00172	WP_001295562.1	(2E,6E)-farnesyl-diphosphate-specific ditrans,polycis-undecaprenyl-diphosphate synthase	b0174	NP_414716.1	ispU	T2_near_identical_rbh	100.0	1.0	0.996	6.0	6.0		DIAMOND ultra-sensitive reciprocal best hit, identity >=90%, both coverages >=0.8, no tied hit
ECB_RS00920	ECB_00177	WP_001139294.1	UDP-3-O-(3-hydroxymyristoyl)glucosamine N-acyltransferase	b0179	NP_414721.1	lpxD	T2_near_identical_rbh	93.8	1.0	1.0	6.0	6.0		DIAMOND ultra-sensitive reciprocal best hit, identity >=90%, both coverages >=0.8, no tied hit
ECB_RS00935	ECB_00180	WP_000139655.1	lipid-A-disaccharide synthase	b0182	NP_414724.1	lpxB	T2_near_identical_rbh	99.7	1.0	1.0	6.0	6.0		DIAMOND ultra-sensitive reciprocal best hit, identity >=90%, both coverages >=0.8, no tied hit
ECB_RS00940	ECB_00181	WP_000569405.1	ribonuclease HII	b0183	NP_414725.1	rnhB	T2_near_identical_rbh	97.5	1.0	1.0	6.0	6.0		DIAMOND ultra-sensitive reciprocal best hit, identity >=90%, both coverages >=0.8, no tied hit
ECB_RS00945	ECB_00182	WP_001294774.1	DNA polymerase III subunit alpha	b0184	NP_414726.1	dnaE	T2_near_identical_rbh	99.9	1.0	1.0	6.0	6.0		DIAMOND ultra-sensitive reciprocal best hit, identity >=90%, both coverages >=0.8, no tied hit
ECB_RS00950	ECB_00183	WP_000055746.1	acetyl-CoA carboxylase carboxyl transferase subunit alpha	b0185	NP_414727.1	accA	T2_near_identical_rbh	99.1	1.0	1.0	6.0	6.0		DIAMOND ultra-sensitive reciprocal best hit, identity >=90%, both coverages >=0.8, no tied hit
ECB_RS00955	ECB_00184	WP_001020950.1	lysine decarboxylase LdcC	b0186	NP_414728.1	ldcC	T2_near_identical_rbh	99.9	1.0	1.0	6.0	6.0		DIAMOND ultra-sensitive reciprocal best hit, identity >=90%, both coverages >=0.8, no tied hit
ECB_RS00960	ECB_00185	WP_000901106.1	VOC family protein	b0187	NP_414729.4	yaeR	T2_near_identical_rbh	98.4	1.0	1.0	6.0	6.0		DIAMOND ultra-sensitive reciprocal best hit, identity >=90%, both coverages >=0.8, no tied hit
ECB_RS00965	ECB_00186	WP_000176582.1	tRNA lysidine(34) synthetase TilS	b0188	NP_414730.1	tilS	T2_near_identical_rbh	96.3	1.0	1.0	6.0	6.0		DIAMOND ultra-sensitive reciprocal best hit, identity >=90%, both coverages >=0.8, no tied hit
ECB_RS00970	ECB_00187	WP_000062312.1	Rho-binding antiterminator	b0189	NP_414731.2	rof	T2_near_identical_rbh	100.0	0.977	1.0	6.0	6.0		DIAMOND ultra-sensitive reciprocal best hit, identity >=90%, both coverages >=0.8, no tied hit
ECB_RS00985	ECB_00190	WP_000635543.1	alternative ribosome rescue aminoacyl-tRNA hydrolase ArfB	b0191	NP_414733.1	arfB	T2_near_identical_rbh	97.1	1.0	1.0	6.0	6.0		DIAMOND ultra-sensitive reciprocal best hit, identity >=90%, both coverages >=0.8, no tied hit
ECB_RS00990	ECB_00191	WP_000239183.1	envelope stress response activation lipoprotein NlpE	b0192	NP_414734.1	nlpE	T2_near_identical_rbh	99.2	1.0	1.0	6.0	6.0		DIAMOND ultra-sensitive reciprocal best hit, identity >=90%, both coverages >=0.8, no tied hit
ECB_RS00995	ECB_00192	WP_001301405.1	YaeF family permuted papain-like enzyme	b0193	NP_414735.4	yaeF	T2_near_identical_rbh	98.2	1.0	1.0	6.0	6.0		DIAMOND ultra-sensitive reciprocal best hit, identity >=90%, both coverages >=0.8, no tied hit
ECB_RS01000	ECB_00193	WP_001260712.1	proline--tRNA ligase	b0194	NP_414736.1	proS	T2_near_identical_rbh	99.7	1.0	1.0	6.0	6.0		DIAMOND ultra-sensitive reciprocal best hit, identity >=90%, both coverages >=0.8, no tied hit
ECB_RS01005	ECB_00194	WP_000094031.1	tRNA (N6-threonylcarbamoyladenosine(37)-N6)-methyltransferase TrmO	b0195	NP_414737.1	trmO	T2_near_identical_rbh	99.6	1.0	1.0	6.0	6.0		DIAMOND ultra-sensitive reciprocal best hit, identity >=90%, both coverages >=0.8, no tied hit
ECB_RS01015	ECB_00196	WP_000874224.1	methionine ABC transporter substrate-binding lipoprotein MetQ	b0197	NP_414739.1	metQ	T2_near_identical_rbh	99.6	1.0	1.0	6.0	6.0		DIAMOND ultra-sensitive reciprocal best hit, identity >=90%, both coverages >=0.8, no tied hit
ECB_RS01025	ECB_00198	WP_000593994.1	methionine ABC transporter ATP-binding protein MetN	b0199	NP_414741.1	metN	T2_near_identical_rbh	99.7	1.0	1.0	6.0	6.0		DIAMOND ultra-sensitive reciprocal best hit, identity >=90%, both coverages >=0.8, no tied hit
ECB_RS01030	ECB_00199	WP_001140174.1	D-glycero-beta-D-manno-heptose 1,7-bisphosphate 7-phosphatase	b0200	NP_414742.1	gmhB	T2_near_identical_rbh	99.5	1.0	0.995	6.0	6.0		DIAMOND ultra-sensitive reciprocal best hit, identity >=90%, both coverages >=0.8, no tied hit
ECB_RS01065	ECB_00200	WP_000997050.1	2,5-didehydrogluconate reductase DkgB	b0207	NP_414743.1	dkgB	T2_near_identical_rbh	98.9	1.0	1.0	6.0	6.0		DIAMOND ultra-sensitive reciprocal best hit, identity >=90%, both coverages >=0.8, no tied hit
ECB_RS01070	ECB_00201	WP_000648577.1	DNA-binding transcriptional regulator YafC	b0208	NP_414744.1	yafC	T2_near_identical_rbh	99.3	1.0	1.0	6.0	6.0		DIAMOND ultra-sensitive reciprocal best hit, identity >=90%, both coverages >=0.8, no tied hit
ECB_RS01080	ECB_00203	WP_000016015.1	class I SAM-dependent methyltransferase	b0210	NP_414746.1	yafE	T2_near_identical_rbh	95.7	1.0	1.0	6.0	6.0		DIAMOND ultra-sensitive reciprocal best hit, identity >=90%, both coverages >=0.8, no tied hit
ECB_RS01090	ECB_00205	WP_001052717.1	hydroxyacylglutathione hydrolase	b0212	NP_414748.1	gloB	T2_near_identical_rbh	99.6	1.0	1.0	6.0	6.0		DIAMOND ultra-sensitive reciprocal best hit, identity >=90%, both coverages >=0.8, no tied hit
ECB_RS01095	ECB_00206	WP_001297210.1	class I SAM-dependent methyltransferase	b0213	NP_414749.2	yafS	T2_near_identical_rbh	98.3	1.0	1.0	6.0	6.0		DIAMOND ultra-sensitive reciprocal best hit, identity >=90%, both coverages >=0.8, no tied hit
ECB_RS01105	ECB_00208	WP_001300756.1	DNA polymerase III subunit epsilon	b0215	NP_414751.1	dnaQ	T2_near_identical_rbh	99.2	1.0	1.0	4.0	4.0		DIAMOND ultra-sensitive reciprocal best hit, identity >=90%, both coverages >=0.8, no tied hit
ECB_RS01115	ECB_00209	WP_001053631.1	hypothetical protein	b0217	NP_414752.1	yafT	T2_near_identical_rbh	98.1	1.0	1.0	3.0	4.0		DIAMOND ultra-sensitive reciprocal best hit, identity >=90%, both coverages >=0.8, no tied hit
ECB_RS01125	ECB_00213	WP_000420821.1	ISAs1 family transposase	b1460	NP_415977.1	ydcC	T2_near_identical_rbh	96.3	1.0	1.0	0.0	4.0		DIAMOND ultra-sensitive reciprocal best hit, identity >=90%, both coverages >=0.8, no tied hit
ECB_RS01130	ECB_00214	WP_001118052.1	2-oxoglutaramate amidase	b0219	NP_414754.1	yafV	T2_near_identical_rbh	99.6	1.0	1.0	3.0	4.0		DIAMOND ultra-sensitive reciprocal best hit, identity >=90%, both coverages >=0.8, no tied hit
ECB_RS01135	ECB_00215	WP_001308392.1	Ivy family C-type lysozyme inhibitor	b0220	NP_414755.1	ivy	T2_near_identical_rbh	100.0	1.0	0.943	4.0	5.0		DIAMOND ultra-sensitive reciprocal best hit, identity >=90%, both coverages >=0.8, no tied hit
ECB_RS01140	ECB_00216	WP_000973107.1	acyl-CoA dehydrogenase FadE	b0221	NP_414756.2	fadE	T2_near_identical_rbh	99.9	1.0	1.0	5.0	6.0		DIAMOND ultra-sensitive reciprocal best hit, identity >=90%, both coverages >=0.8, no tied hit
ECB_RS01150	ECB_00218	WP_000333379.1	class II glutamine amidotransferase	b0223	NP_414758.1	yafJ	T2_near_identical_rbh	99.6	1.0	1.0	6.0	6.0		DIAMOND ultra-sensitive reciprocal best hit, identity >=90%, both coverages >=0.8, no tied hit
ECB_RS01160	ECB_00220	WP_000615981.1	type II toxin-antitoxin system mRNA interferase toxin YafQ	b0225	NP_414760.1	yafQ	T2_near_identical_rbh	97.8	1.0	1.0	6.0	6.0		DIAMOND ultra-sensitive reciprocal best hit, identity >=90%, both coverages >=0.8, no tied hit
ECB_RS01165	ECB_00221	WP_000729704.1	type II toxin-antitoxin system antitoxin DinJ	b0226	NP_414761.1	dinJ	T2_near_identical_rbh	98.8	1.0	1.0	5.0	5.0		DIAMOND ultra-sensitive reciprocal best hit, identity >=90%, both coverages >=0.8, no tied hit
ECB_RS01170	ECB_00222	WP_001301253.1	C40 family peptidase	b0227	NP_414762.1	yafL	T2_near_identical_rbh	98.0	1.0	1.0	5.0	5.0		DIAMOND ultra-sensitive reciprocal best hit, identity >=90%, both coverages >=0.8, no tied hit
ECB_RS01175	ECB_00223	WP_000006260.1	REP-associated tyrosine transposase RayT	b0228	NP_414763.1	rayT	T2_near_identical_rbh	97.6	0.994	0.994	5.0	5.0		DIAMOND ultra-sensitive reciprocal best hit, identity >=90%, both coverages >=0.8, no tied hit
ECB_RS01195	ECB_00227	WP_000554757.1	type I toxin-antitoxin system antitoxin YafN	b0232	NP_414767.1	yafN	T2_near_identical_rbh	99.0	1.0	1.0	5.0	5.0		DIAMOND ultra-sensitive reciprocal best hit, identity >=90%, both coverages >=0.8, no tied hit
ECB_RS01200	ECB_00228	WP_001263493.1	type II toxin-antitoxin system mRNA interferase toxin YafO	b0233	NP_414768.1	yafO	T2_near_identical_rbh	98.5	1.0	1.0	5.0	5.0		DIAMOND ultra-sensitive reciprocal best hit, identity >=90%, both coverages >=0.8, no tied hit
ECB_RS01205	ECB_00229	WP_001059847.1	GNAT family N-acetyltransferase	b0234	NP_414769.1	yafP	T2_near_identical_rbh	91.3	1.0	1.0	6.0	6.0		DIAMOND ultra-sensitive reciprocal best hit, identity >=90%, both coverages >=0.8, no tied hit
ECB_RS01220	ECB_00232	WP_001293003.1	cytosol nonspecific dipeptidase	b0237	NP_414772.1	pepD	T2_near_identical_rbh	99.2	1.0	1.0	5.0	5.0		DIAMOND ultra-sensitive reciprocal best hit, identity >=90%, both coverages >=0.8, no tied hit
ECB_RS01230	ECB_00234	WP_000189541.1	esterase FrsA	b0239	NP_414774.1	frsA	T2_near_identical_rbh	99.8	1.0	1.0	4.0	4.0		DIAMOND ultra-sensitive reciprocal best hit, identity >=90%, both coverages >=0.8, no tied hit
ECB_RS01245	ECB_00238	WP_000749880.1	phosphoporin PhoE	b0241	NP_414776.1	phoE	T2_near_identical_rbh	99.7	0.997	0.98	3.0	4.0		DIAMOND ultra-sensitive reciprocal best hit, identity >=90%, both coverages >=0.8, no tied hit
ECB_RS01255	ECB_00240	WP_000893272.1	glutamate-5-semialdehyde dehydrogenase	b0243	NP_414778.1	proA	T2_near_identical_rbh	99.3	1.0	1.0	2.0	5.0		DIAMOND ultra-sensitive reciprocal best hit, identity >=90%, both coverages >=0.8, no tied hit
ECB_RS01270	ECB_00242	WP_000122394.1	molybdenum cofactor insertion chaperone PaoD	b0283	NP_414817.1	paoD	T2_near_identical_rbh	98.7	1.0	1.0	3.0	6.0		DIAMOND ultra-sensitive reciprocal best hit, identity >=90%, both coverages >=0.8, no tied hit
ECB_RS01275	ECB_00243	WP_000667062.1	aldehyde oxidoreductase molybdenum-binding subunit PaoC	b0284	NP_414818.1	paoC	T2_near_identical_rbh	98.6	1.0	1.0	4.0	6.0		DIAMOND ultra-sensitive reciprocal best hit, identity >=90%, both coverages >=0.8, no tied hit
ECB_RS01280	ECB_00244	WP_000643325.1	aldehyde oxidoreductase FAD-binding subunit PaoB	b0285	NP_414819.1	paoB	T2_near_identical_rbh	99.4	1.0	1.0	4.0	5.0		DIAMOND ultra-sensitive reciprocal best hit, identity >=90%, both coverages >=0.8, no tied hit
ECB_RS01285	ECB_00245	WP_000070679.1	aldehyde dehydrogenase iron-sulfur subunit PaoA	b0286	NP_414820.1	paoA	T2_near_identical_rbh	99.1	1.0	1.0	5.0	5.0		DIAMOND ultra-sensitive reciprocal best hit, identity >=90%, both coverages >=0.8, no tied hit
ECB_RS01305	ECB_00248	WP_001301243.1	fimbrial chaperone EcpE	b0289	NP_414823.2	ecpE	T2_near_identical_rbh	98.7	1.0	1.0	5.0	5.0		DIAMOND ultra-sensitive reciprocal best hit, identity >=90%, both coverages >=0.8, no tied hit
ECB_RS01310	ECB_00249	WP_001301239.1	fimbrial adhesin EcpD	b0290	NP_414824.1	ecpD	T2_near_identical_rbh	99.6	1.0	1.0	5.0	5.0		DIAMOND ultra-sensitive reciprocal best hit, identity >=90%, both coverages >=0.8, no tied hit
ECB_RS01315	ECB_00250	WP_001131058.1	fimbrial usher EcpC	b0291	NP_414825.1	ecpC	T2_near_identical_rbh	99.2	1.0	1.0	6.0	6.0		DIAMOND ultra-sensitive reciprocal best hit, identity >=90%, both coverages >=0.8, no tied hit
ECB_RS01320	ECB_00251	WP_000716394.1	fimbrial chaperone EcpB	b0292	NP_414826.1	ecpB	T2_near_identical_rbh	99.5	1.0	1.0	6.0	6.0		DIAMOND ultra-sensitive reciprocal best hit, identity >=90%, both coverages >=0.8, no tied hit
ECB_RS01325	ECB_00252	WP_000150118.1	common pilus major fimbrillin subunit EcpA	b0293	NP_414827.1	ecpA	T2_near_identical_rbh	99.5	0.919	0.995	6.0	6.0		DIAMOND ultra-sensitive reciprocal best hit, identity >=90%, both coverages >=0.8, no tied hit
ECB_RS01330	ECB_00253	WP_001301257.1	ECP biosynthesis operon DNA-binding transcriptional regulator EcpR	b0294	NP_414828.1	matA	T2_near_identical_rbh	100.0	1.0	0.918	6.0	6.0		DIAMOND ultra-sensitive reciprocal best hit, identity >=90%, both coverages >=0.8, no tied hit
ECB_RS01370	ECB_00259	WP_000474077.1	reactive chlorine resistance periplasmic protein RclB	b0303	NP_414837.2	rclB	T2_near_identical_rbh	98.7	1.0	1.0	4.0	4.0		DIAMOND ultra-sensitive reciprocal best hit, identity >=90%, both coverages >=0.8, no tied hit
ECB_RS01375	ECB_00260	WP_001046311.1	reactive chlorine resistance oxidoreductase RclA	b0304	NP_414838.2	rclA	T2_near_identical_rbh	99.8	1.0	1.0	5.0	5.0		DIAMOND ultra-sensitive reciprocal best hit, identity >=90%, both coverages >=0.8, no tied hit
ECB_RS01410	ECB_00267	WP_001159087.1	choline dehydrogenase	b0311	NP_414845.1	betA	T2_near_identical_rbh	99.5	1.0	1.0	6.0	6.0		DIAMOND ultra-sensitive reciprocal best hit, identity >=90%, both coverages >=0.8, no tied hit
ECB_RS01415	ECB_00268	WP_000089084.1	betaine-aldehyde dehydrogenase	b0312	NP_414846.1	betB	T2_near_identical_rbh	99.4	1.0	1.0	6.0	6.0		DIAMOND ultra-sensitive reciprocal best hit, identity >=90%, both coverages >=0.8, no tied hit
ECB_RS01420	ECB_00269	WP_001301261.1	transcriptional regulator BetI	b0313	NP_414847.3	betI	T2_near_identical_rbh	97.4	1.0	1.0	6.0	6.0		DIAMOND ultra-sensitive reciprocal best hit, identity >=90%, both coverages >=0.8, no tied hit
ECB_RS01440	ECB_00272	WP_001084399.1	LysR substrate-binding domain-containing protein	b0316	NP_414850.1	yahB	T2_near_identical_rbh	99.7	1.0	1.0	6.0	6.0		DIAMOND ultra-sensitive reciprocal best hit, identity >=90%, both coverages >=0.8, no tied hit
ECB_RS01445	ECB_00273	WP_001013880.1	DUF1097 domain-containing protein	b0317	NP_414851.1	yahC	T2_near_identical_rbh	98.8	1.0	1.0	6.0	6.0		DIAMOND ultra-sensitive reciprocal best hit, identity >=90%, both coverages >=0.8, no tied hit
ECB_RS01455	ECB_00275	WP_001315281.1	DUF2877 domain-containing protein	b0319	NP_414853.1	yahE	T2_near_identical_rbh	95.8	1.0	1.0	5.0	5.0		DIAMOND ultra-sensitive reciprocal best hit, identity >=90%, both coverages >=0.8, no tied hit
ECB_RS01460	ECB_00276	WP_000111813.1	acyl-CoA synthetase FdrA	b0320	NP_414854.1	yahF	T2_near_identical_rbh	98.1	1.0	1.0	5.0	5.0		DIAMOND ultra-sensitive reciprocal best hit, identity >=90%, both coverages >=0.8, no tied hit
ECB_RS01465	ECB_00277	WP_000083450.1	DUF1116 domain-containing protein	b0321	NP_414855.1	yahG	T2_near_identical_rbh	99.6	1.0	1.0	5.0	5.0		DIAMOND ultra-sensitive reciprocal best hit, identity >=90%, both coverages >=0.8, no tied hit
ECB_RS01475	ECB_00278	WP_000661620.1	carbamate kinase family protein	b0323	NP_414857.1	yahI	T2_near_identical_rbh	99.4	1.0	1.0	5.0	5.0		DIAMOND ultra-sensitive reciprocal best hit, identity >=90%, both coverages >=0.8, no tied hit
ECB_RS01500	ECB_00283	WP_000976975.1	LysE family transporter	b0328	NP_414862.1	yahN	T2_near_identical_rbh	99.1	1.0	1.0	6.0	6.0		DIAMOND ultra-sensitive reciprocal best hit, identity >=90%, both coverages >=0.8, no tied hit
ECB_RS01510	ECB_00285	WP_000941027.1	propionate catabolism operon regulatory protein PrpR	b0330	NP_414864.1	prpR	T2_near_identical_rbh	98.9	1.0	1.0	6.0	6.0		DIAMOND ultra-sensitive reciprocal best hit, identity >=90%, both coverages >=0.8, no tied hit
ECB_RS01520	ECB_00287	WP_001285908.1	bifunctional 2-methylcitrate synthase/citrate synthase	b0333	NP_414867.1	prpC	T2_near_identical_rbh	99.7	1.0	1.0	6.0	6.0		DIAMOND ultra-sensitive reciprocal best hit, identity >=90%, both coverages >=0.8, no tied hit
ECB_RS01525	ECB_00288	WP_001275862.1	2-methylcitrate dehydratase	b0334	NP_414868.1	prpD	T2_near_identical_rbh	99.8	1.0	1.0	6.0	6.0		DIAMOND ultra-sensitive reciprocal best hit, identity >=90%, both coverages >=0.8, no tied hit
ECB_RS01530	ECB_00289	WP_000010267.1	propionate--CoA ligase	b0335	NP_414869.1	prpE	T2_near_identical_rbh	99.5	1.0	1.0	6.0	6.0		DIAMOND ultra-sensitive reciprocal best hit, identity >=90%, both coverages >=0.8, no tied hit
ECB_RS01560	ECB_00295	WP_001301263.1	cyanate transporter CynX	b0341	NP_414875.1	cynX	T2_near_identical_rbh	100.0	0.977	1.0	6.0	6.0		DIAMOND ultra-sensitive reciprocal best hit, identity >=90%, both coverages >=0.8, no tied hit
ECB_RS01565	ECB_00296	WP_001320653.1	galactoside O-acetyltransferase	b0342	NP_414876.1	lacA	T2_near_identical_rbh	99.5	1.0	1.0	6.0	6.0		DIAMOND ultra-sensitive reciprocal best hit, identity >=90%, both coverages >=0.8, no tied hit
ECB_RS01590	ECB_00301	WP_001007410.1	bifunctional 3-(3-hydroxy-phenyl)propionate/3-hydroxycinnamic acid hydroxylase	b0347	NP_414881.1	mhpA	T2_near_identical_rbh	99.6	1.0	1.0	6.0	6.0		DIAMOND ultra-sensitive reciprocal best hit, identity >=90%, both coverages >=0.8, no tied hit
ECB_RS01600	ECB_00303	WP_000121898.1	2-hydroxy-6-oxonona-2,4-dienedioate hydrolase	b0349	NP_414883.5	mhpC	T2_near_identical_rbh	99.3	1.0	1.0	6.0	6.0		DIAMOND ultra-sensitive reciprocal best hit, identity >=90%, both coverages >=0.8, no tied hit
ECB_RS01605	ECB_00304	WP_000160727.1	2-keto-4-pentenoate hydratase	b0350	NP_414884.2	mhpD	T2_near_identical_rbh	99.6	1.0	1.0	6.0	6.0		DIAMOND ultra-sensitive reciprocal best hit, identity >=90%, both coverages >=0.8, no tied hit
ECB_RS01615	ECB_00306	WP_001013494.1	4-hydroxy-2-oxovalerate aldolase	b0352	NP_414886.1	mhpE	T2_near_identical_rbh	99.1	1.0	1.0	6.0	6.0		DIAMOND ultra-sensitive reciprocal best hit, identity >=90%, both coverages >=0.8, no tied hit
ECB_RS01630	ECB_00309	WP_000419042.1	S-formylglutathione hydrolase	b0355	NP_414889.1	frmB	T2_near_identical_rbh	99.3	1.0	1.0	6.0	6.0		DIAMOND ultra-sensitive reciprocal best hit, identity >=90%, both coverages >=0.8, no tied hit
ECB_RS01635	ECB_00310	WP_000842100.1	S-(hydroxymethyl)glutathione dehydrogenase	b0356	NP_414890.1	frmA	T2_near_identical_rbh	99.7	1.0	1.0	5.0	5.0		DIAMOND ultra-sensitive reciprocal best hit, identity >=90%, both coverages >=0.8, no tied hit
ECB_RS01645	ECB_00312	WP_000596085.1	YaiO family outer membrane beta-barrel protein	b0358	NP_414892.1	yaiO	T2_near_identical_rbh	99.2	1.0	1.0	4.0	5.0		DIAMOND ultra-sensitive reciprocal best hit, identity >=90%, both coverages >=0.8, no tied hit
ECB_RS01655	ECB_00315	WP_001018416.1	taurine ABC transporter substrate-binding protein	b0365	NP_414899.2	tauA	T2_near_identical_rbh	99.7	1.0	1.0	4.0	5.0		DIAMOND ultra-sensitive reciprocal best hit, identity >=90%, both coverages >=0.8, no tied hit
ECB_RS01660	ECB_00316	WP_000939399.1	taurine ABC transporter ATP-binding subunit	b0366	NP_414900.1	tauB	T2_near_identical_rbh	98.8	1.0	1.0	4.0	5.0		DIAMOND ultra-sensitive reciprocal best hit, identity >=90%, both coverages >=0.8, no tied hit
ECB_RS01665	ECB_00317	WP_000114585.1	taurine ABC transporter permease TauC	b0367	NP_414901.1	tauC	T2_near_identical_rbh	96.4	1.0	1.0	4.0	4.0		DIAMOND ultra-sensitive reciprocal best hit, identity >=90%, both coverages >=0.8, no tied hit
ECB_RS01670	ECB_00318	WP_000004024.1	taurine dioxygenase	b0368	NP_414902.1	tauD	T2_near_identical_rbh	99.6	1.0	1.0	5.0	5.0		DIAMOND ultra-sensitive reciprocal best hit, identity >=90%, both coverages >=0.8, no tied hit
ECB_RS01675	ECB_00319	WP_001300813.1	porphobilinogen synthase	b0369	NP_414903.4	hemB	T2_near_identical_rbh	99.7	1.0	1.0	5.0	5.0		DIAMOND ultra-sensitive reciprocal best hit, identity >=90%, both coverages >=0.8, no tied hit
ECB_RS01685	ECB_00322	WP_012775994.1	hydrogen peroxide resistance inhibitor IprA	b0375	NP_414909.2	iprA	T2_near_identical_rbh	99.5	1.0	1.0	5.0	5.0		DIAMOND ultra-sensitive reciprocal best hit, identity >=90%, both coverages >=0.8, no tied hit
ECB_RS01690	ECB_00323	WP_000830738.1	D-alanyl-D-alanine-carboxypeptidase/endopeptidase AmpH	b0376	NP_414910.1	ampH	T2_near_identical_rbh	99.7	1.0	1.0	5.0	5.0		DIAMOND ultra-sensitive reciprocal best hit, identity >=90%, both coverages >=0.8, no tied hit
ECB_RS01700	ECB_00324	WP_001297134.1	peptide antibiotic transporter SbmA	b0377	NP_414911.1	sbmA	T2_near_identical_rbh	99.5	1.0	1.0	5.0	5.0		DIAMOND ultra-sensitive reciprocal best hit, identity >=90%, both coverages >=0.8, no tied hit
ECB_RS01705	ECB_00325	WP_000092061.1	surface-exposed outer membrane lipoprotein YaiW	b0378	NP_414912.1	yaiW	T2_near_identical_rbh	98.9	1.0	1.0	6.0	6.0		DIAMOND ultra-sensitive reciprocal best hit, identity >=90%, both coverages >=0.8, no tied hit
ECB_RS01735	ECB_00330	WP_001301326.1	alkaline phosphatase	b0383	NP_414917.2	phoA	T2_near_identical_rbh	98.9	1.0	1.0	5.0	5.0		DIAMOND ultra-sensitive reciprocal best hit, identity >=90%, both coverages >=0.8, no tied hit
ECB_RS01740	ECB_00331	WP_001301327.1	phosphate starvation-inducible protein PsiF	b0384	NP_414918.4	psiF	T3_divergent_syntenic_rbh	98.5	0.623	0.623	5.0	5.0		reciprocal best hit below T2 thresholds (identity >=50%, coverage >=0.6) with >=1 conserved neighbour within +/-3 loci
ECB_RS01775	ECB_00337	WP_001276425.1	AroM family protein	b0390	NP_414924.1	aroM	T2_near_identical_rbh	99.1	1.0	1.0	5.0	5.0		DIAMOND ultra-sensitive reciprocal best hit, identity >=90%, both coverages >=0.8, no tied hit
ECB_RS01805	ECB_00344	WP_012767698.1	MFS transporter AraJ	b0396	NP_414930.3	araJ	T2_near_identical_rbh	99.7	1.0	1.0	5.0	5.0		DIAMOND ultra-sensitive reciprocal best hit, identity >=90%, both coverages >=0.8, no tied hit
ECB_RS01810	ECB_00345	WP_000698909.1	exonuclease subunit SbcC	b0397	NP_414931.1	sbcC	T2_near_identical_rbh	98.2	1.0	1.0	6.0	6.0		DIAMOND ultra-sensitive reciprocal best hit, identity >=90%, both coverages >=0.8, no tied hit
ECB_RS01825	ECB_00348	WP_000893580.1	phosphate regulon sensor histidine kinase PhoR	b0400	NP_414934.1	phoR	T2_near_identical_rbh	99.1	1.0	1.0	6.0	6.0		DIAMOND ultra-sensitive reciprocal best hit, identity >=90%, both coverages >=0.8, no tied hit
ECB_RS01840	ECB_00351	WP_001300528.1	maltodextrin glucosidase	b0403	NP_414937.2	malZ	T2_near_identical_rbh	99.8	0.998	1.0	6.0	6.0		DIAMOND ultra-sensitive reciprocal best hit, identity >=90%, both coverages >=0.8, no tied hit
ECB_RS01890	ECB_00360	WP_001301329.1	DUF3251 domain-containing protein	b0412	NP_414946.4	yajI	T2_near_identical_rbh	99.4	0.994	0.994	6.0	6.0		DIAMOND ultra-sensitive reciprocal best hit, identity >=90%, both coverages >=0.8, no tied hit
ECB_RS01900	ECB_00362	WP_001150456.1	bifunctional diaminohydroxyphosphoribosylaminopyrimidine deaminase/5-amino-6-(5-phosphoribosylamino)uracil reductase RibD	b0414	NP_414948.1	ribD	T2_near_identical_rbh	99.5	1.0	1.0	6.0	6.0		DIAMOND ultra-sensitive reciprocal best hit, identity >=90%, both coverages >=0.8, no tied hit
ECB_RS01925	ECB_00367	WP_001199799.1	1-deoxyxylulose-5-phosphate synthase YajO	b0419	NP_414953.2	yajO	T2_near_identical_rbh	99.7	1.0	1.0	6.0	6.0		DIAMOND ultra-sensitive reciprocal best hit, identity >=90%, both coverages >=0.8, no tied hit
ECB_RS01930	ECB_00368	WP_000006818.1	1-deoxy-D-xylulose-5-phosphate synthase	b0420	NP_414954.1	dxs	T2_near_identical_rbh	99.7	1.0	1.0	6.0	6.0		DIAMOND ultra-sensitive reciprocal best hit, identity >=90%, both coverages >=0.8, no tied hit
ECB_RS01945	ECB_00371	WP_000668690.1	tRNA uracil 4-sulfurtransferase ThiI	b0423	NP_414957.1	thiI	T2_near_identical_rbh	99.4	1.0	1.0	6.0	6.0		DIAMOND ultra-sensitive reciprocal best hit, identity >=90%, both coverages >=0.8, no tied hit
ECB_RS01950	ECB_00372	WP_001276309.1	protein deglycase YajL	b0424	NP_414958.4	yajL	T2_near_identical_rbh	99.5	1.0	1.0	6.0	6.0		DIAMOND ultra-sensitive reciprocal best hit, identity >=90%, both coverages >=0.8, no tied hit
ECB_RS01955	ECB_00373	WP_000705853.1	2-dehydropantoate 2-reductase	b0425	NP_414959.1	panE	T2_near_identical_rbh	99.7	1.0	1.0	5.0	5.0		DIAMOND ultra-sensitive reciprocal best hit, identity >=90%, both coverages >=0.8, no tied hit
ECB_RS01965	ECB_00375	WP_001000978.1	MFS transporter	b0427	NP_414961.4	yajR	T2_near_identical_rbh	98.7	1.0	1.0	3.0	3.0		DIAMOND ultra-sensitive reciprocal best hit, identity >=90%, both coverages >=0.8, no tied hit
ECB_RS02005	ECB_00383	WP_001239440.1	cytochrome o ubiquinol oxidase subunit II	b0432	NP_414966.1	cyoA	T2_near_identical_rbh	99.4	1.0	1.0	6.0	6.0		DIAMOND ultra-sensitive reciprocal best hit, identity >=90%, both coverages >=0.8, no tied hit
ECB_RS02010	ECB_00384	WP_000098413.1	muropeptide MFS transporter AmpG	b0433	NP_414967.1	ampG	T2_near_identical_rbh	99.6	1.0	1.0	6.0	6.0		DIAMOND ultra-sensitive reciprocal best hit, identity >=90%, both coverages >=0.8, no tied hit
ECB_RS02015	ECB_00385	WP_001300776.1	lipoprotein	b0434	NP_414968.4	yajG	T2_near_identical_rbh	99.5	1.0	1.0	6.0	6.0		DIAMOND ultra-sensitive reciprocal best hit, identity >=90%, both coverages >=0.8, no tied hit
ECB_RS02030	ECB_00387	WP_001198382.1	trigger factor	b0436	NP_414970.1	tig	T2_near_identical_rbh	99.8	1.0	1.0	5.0	5.0		DIAMOND ultra-sensitive reciprocal best hit, identity >=90%, both coverages >=0.8, no tied hit
ECB_RS02055	ECB_00392	WP_254892905.1	nucleoid-associated protein HU-beta	b0440	NP_414974.1	hupB	T2_near_identical_rbh	98.9	0.938	1.0	5.0	5.0		DIAMOND ultra-sensitive reciprocal best hit, identity >=90%, both coverages >=0.8, no tied hit
ECB_RS02060	ECB_00393	WP_000969378.1	peptidylprolyl isomerase	b0441	NP_414975.1	ppiD	T2_near_identical_rbh	99.8	1.0	1.0	5.0	5.0		DIAMOND ultra-sensitive reciprocal best hit, identity >=90%, both coverages >=0.8, no tied hit
ECB_RS02065	ECB_00394	WP_000680290.1	helix-hairpin-helix domain-containing protein	b0442	NP_414976.1	ybaV	T2_near_identical_rbh	96.7	1.0	1.0	6.0	6.0		DIAMOND ultra-sensitive reciprocal best hit, identity >=90%, both coverages >=0.8, no tied hit
ECB_RS02075	ECB_00396	WP_000817236.1	7-cyano-7-deazaguanine synthase QueC	b0444	NP_414978.1	queC	T2_near_identical_rbh	99.1	1.0	1.0	6.0	6.0		DIAMOND ultra-sensitive reciprocal best hit, identity >=90%, both coverages >=0.8, no tied hit
ECB_RS02080	ECB_00397	WP_001238194.1	SgrR family transcriptional regulator	b0445	NP_414979.1	ybaE	T2_near_identical_rbh	99.1	1.0	1.0	6.0	6.0		DIAMOND ultra-sensitive reciprocal best hit, identity >=90%, both coverages >=0.8, no tied hit
ECB_RS02085	ECB_00398	WP_000113027.1	HMP-PP phosphatase	b0446	NP_414980.2	cof	T2_near_identical_rbh	99.6	1.0	1.0	6.0	6.0		DIAMOND ultra-sensitive reciprocal best hit, identity >=90%, both coverages >=0.8, no tied hit
ECB_RS02095	ECB_00400	WP_001235579.1	SmdA family multidrug ABC transporter permease/ATP-binding protein	b0448	NP_414982.1	mdlA	T2_near_identical_rbh	99.3	1.0	1.0	6.0	6.0		DIAMOND ultra-sensitive reciprocal best hit, identity >=90%, both coverages >=0.8, no tied hit
ECB_RS02100	ECB_00401	WP_001256174.1	SmdB family multidrug efflux ABC transporter permease/ATP-binding protein	b0449	NP_414983.1	mdlB	T2_near_identical_rbh	99.8	1.0	1.0	6.0	6.0		DIAMOND ultra-sensitive reciprocal best hit, identity >=90%, both coverages >=0.8, no tied hit
ECB_RS02105	ECB_00402	WP_000780344.1	P-II family nitrogen regulator	b0450	NP_414984.1	glnK	T2_near_identical_rbh	99.1	1.0	1.0	6.0	6.0		DIAMOND ultra-sensitive reciprocal best hit, identity >=90%, both coverages >=0.8, no tied hit
ECB_RS02110	ECB_00403	WP_000685033.1	ammonium transporter AmtB	b0451	NP_414985.1	amtB	T2_near_identical_rbh	97.9	1.0	1.0	6.0	6.0		DIAMOND ultra-sensitive reciprocal best hit, identity >=90%, both coverages >=0.8, no tied hit
ECB_RS02120	ECB_00405	WP_000779826.1	YbaY family lipoprotein	b0453	NP_414987.3	ybaY	T2_near_identical_rbh	98.9	1.0	1.0	6.0	6.0		DIAMOND ultra-sensitive reciprocal best hit, identity >=90%, both coverages >=0.8, no tied hit
ECB_RS02125	ECB_00406	WP_000409911.1	MGMT family protein	b0454	NP_414988.1	ybaZ	T3_divergent_syntenic_rbh	100.0	1.0	0.798	6.0	6.0		reciprocal best hit below T2 thresholds (identity >=50%, coverage >=0.6) with >=1 conserved neighbour within +/-3 loci
ECB_RS02135	ECB_00408	WP_001319841.1	cyclic-guanylate-specific phosphodiesterase PdeB	b0457	NP_414990.2	pdeB	T2_near_identical_rbh	99.0	1.0	1.0	6.0	6.0		DIAMOND ultra-sensitive reciprocal best hit, identity >=90%, both coverages >=0.8, no tied hit
ECB_RS02160	ECB_00413	WP_001132520.1	efflux RND transporter permease AcrB	b0462	NP_414995.1	acrB	T2_near_identical_rbh	99.8	1.0	1.0	6.0	6.0		DIAMOND ultra-sensitive reciprocal best hit, identity >=90%, both coverages >=0.8, no tied hit
ECB_RS02175	ECB_00416	WP_000177730.1	mechanosensitive channel MscK	b0465	NP_414998.1	mscK	T2_near_identical_rbh	99.9	1.0	1.0	6.0	6.0		DIAMOND ultra-sensitive reciprocal best hit, identity >=90%, both coverages >=0.8, no tied hit
ECB_RS02230	ECB_00426	WP_001250117.1	ferrochelatase	b0475	NP_415008.1	hemH	T2_near_identical_rbh	99.4	1.0	1.0	6.0	6.0		DIAMOND ultra-sensitive reciprocal best hit, identity >=90%, both coverages >=0.8, no tied hit
ECB_RS02235	ECB_00427	WP_000801849.1	acetyl esterase	b0476	NP_415009.1	aes	T2_near_identical_rbh	99.1	1.0	1.0	6.0	6.0		DIAMOND ultra-sensitive reciprocal best hit, identity >=90%, both coverages >=0.8, no tied hit
ECB_RS02250	ECB_00430	WP_001251610.1	fosmidomycin MFS transporter	b0479	NP_415012.1	fsr	T2_near_identical_rbh	99.8	1.0	1.0	6.0	6.0		DIAMOND ultra-sensitive reciprocal best hit, identity >=90%, both coverages >=0.8, no tied hit
ECB_RS02285	ECB_00437	WP_000982170.1	APC family permease	b0486	NP_415019.1	ybaT	T2_near_identical_rbh	99.5	1.0	1.0	6.0	6.0		DIAMOND ultra-sensitive reciprocal best hit, identity >=90%, both coverages >=0.8, no tied hit
ECB_RS02295	ECB_00439	WP_000970309.1	NfeD family protein	b0488	NP_415021.2	ybbJ	T2_near_identical_rbh	98.7	1.0	1.0	6.0	6.0		DIAMOND ultra-sensitive reciprocal best hit, identity >=90%, both coverages >=0.8, no tied hit
ECB_RS02305	ECB_00441	WP_001157551.1	iron efflux ABC transporter ATP-binding subunit FetA	b0490	NP_415023.1	fetA	T2_near_identical_rbh	99.1	1.0	1.0	6.0	6.0		DIAMOND ultra-sensitive reciprocal best hit, identity >=90%, both coverages >=0.8, no tied hit
ECB_RS02320	ECB_00444	WP_000148941.1	NADP(+)-dependent aldehyde reductase	b0493	NP_415026.1	ybbO	T2_near_identical_rbh	99.6	1.0	1.0	6.0	6.0		DIAMOND ultra-sensitive reciprocal best hit, identity >=90%, both coverages >=0.8, no tied hit
ECB_RS02325	ECB_00445	WP_001295836.1	multifunctional acyl-CoA thioesterase I/protease I/lysophospholipase L1	b0494	NP_415027.1	tesA	T2_near_identical_rbh	100.0	1.0	0.995	6.0	6.0		DIAMOND ultra-sensitive reciprocal best hit, identity >=90%, both coverages >=0.8, no tied hit
ECB_RS02335	ECB_00447	WP_000561803.1	putative ABC transporter permease subunit YbbP	b0496	NP_415029.1	ybbP	T2_near_identical_rbh	99.8	1.0	1.0	5.0	5.0		DIAMOND ultra-sensitive reciprocal best hit, identity >=90%, both coverages >=0.8, no tied hit
ECB_RS02340	ECB_00448	WP_000014858.1	rhs element protein RhsD	b0497	NP_415030.1	rhsD	T2_near_identical_rbh	99.5	1.0	1.0	4.0	4.0		DIAMOND ultra-sensitive reciprocal best hit, identity >=90%, both coverages >=0.8, no tied hit
ECB_RS02375	ECB_00455	WP_000776388.1	ureidoglycolate lyase	b0505	NP_415038.1	allA	T2_near_identical_rbh	99.4	1.0	1.0	5.0	5.0		DIAMOND ultra-sensitive reciprocal best hit, identity >=90%, both coverages >=0.8, no tied hit
ECB_RS02395	ECB_00459	WP_000765842.1	2-hydroxy-3-oxopropionate reductase	b0509	NP_415042.1	glxR	T2_near_identical_rbh	99.7	1.0	1.0	6.0	6.0		DIAMOND ultra-sensitive reciprocal best hit, identity >=90%, both coverages >=0.8, no tied hit
ECB_RS02405	ECB_00462	WP_000006899.1	allantoinase AllB	b0512	NP_415045.1	allB	T2_near_identical_rbh	99.6	1.0	1.0	6.0	6.0		DIAMOND ultra-sensitive reciprocal best hit, identity >=90%, both coverages >=0.8, no tied hit
ECB_RS02410	ECB_00463	WP_001298987.1	uracil/xanthine transporter	b0513	NP_415046.4	ybbY	T2_near_identical_rbh	99.8	1.0	1.0	6.0	6.0		DIAMOND ultra-sensitive reciprocal best hit, identity >=90%, both coverages >=0.8, no tied hit
ECB_RS02415	ECB_00464	WP_000706355.1	glycerate 3-kinase	b0514	NP_415047.1	glxK	T2_near_identical_rbh	99.2	1.0	1.0	6.0	6.0		DIAMOND ultra-sensitive reciprocal best hit, identity >=90%, both coverages >=0.8, no tied hit
ECB_RS02420	ECB_00465	WP_000540946.1	(S)-ureidoglycine aminohydrolase	b0515	NP_415048.1	allE	T2_near_identical_rbh	99.2	1.0	1.0	6.0	6.0		DIAMOND ultra-sensitive reciprocal best hit, identity >=90%, both coverages >=0.8, no tied hit
ECB_RS02425	ECB_00466	WP_001301144.1	allantoate deiminase	b0516	NP_415049.1	allC	T2_near_identical_rbh	99.5	1.0	1.0	6.0	6.0		DIAMOND ultra-sensitive reciprocal best hit, identity >=90%, both coverages >=0.8, no tied hit
ECB_RS02430	ECB_00467	WP_000703906.1	ureidoglycolate dehydrogenase	b0517	NP_415050.1	allD	T2_near_identical_rbh	98.6	1.0	1.0	6.0	6.0		DIAMOND ultra-sensitive reciprocal best hit, identity >=90%, both coverages >=0.8, no tied hit
ECB_RS02435	ECB_00468	WP_000580858.1	acyl-CoA synthetase FdrA	b0518	NP_415051.1	fdrA	T2_near_identical_rbh	97.8	1.0	1.0	6.0	6.0		DIAMOND ultra-sensitive reciprocal best hit, identity >=90%, both coverages >=0.8, no tied hit
ECB_RS02440	ECB_00469	WP_000495379.1	DUF1116 domain-containing protein	b4572	YP_009029994.1	ylbE	T2_near_identical_rbh	99.5	1.0	1.0	6.0	6.0		DIAMOND ultra-sensitive reciprocal best hit, identity >=90%, both coverages >=0.8, no tied hit
ECB_RS02445	ECB_00470	WP_001301143.1	DUF2877 domain-containing protein	b0520	NP_415053.1	ylbF	T2_near_identical_rbh	99.3	1.0	1.0	6.0	6.0		DIAMOND ultra-sensitive reciprocal best hit, identity >=90%, both coverages >=0.8, no tied hit
ECB_RS02450	ECB_00471	WP_000855388.1	carbamate kinase	b0521	NP_415054.1	ybcF	T2_near_identical_rbh	99.3	1.0	1.0	6.0	6.0		DIAMOND ultra-sensitive reciprocal best hit, identity >=90%, both coverages >=0.8, no tied hit
ECB_RS02455	ECB_00472	WP_000815553.1	5-(carboxyamino)imidazole ribonucleotide synthase	b0522	NP_415055.1	purK	T2_near_identical_rbh	98.9	0.997	0.997	6.0	6.0		DIAMOND ultra-sensitive reciprocal best hit, identity >=90%, both coverages >=0.8, no tied hit
ECB_RS02465	ECB_00474	WP_000212242.1	UDP-2,3-diacylglucosamine diphosphatase	b0524	NP_415057.1	lpxH	T2_near_identical_rbh	98.8	1.0	1.0	6.0	6.0		DIAMOND ultra-sensitive reciprocal best hit, identity >=90%, both coverages >=0.8, no tied hit
ECB_RS02475	ECB_00476	WP_000912345.1	cysteine--tRNA ligase	b0526	NP_415059.1	cysS	T2_near_identical_rbh	99.8	1.0	1.0	6.0	6.0		DIAMOND ultra-sensitive reciprocal best hit, identity >=90%, both coverages >=0.8, no tied hit
ECB_RS02480	ECB_00477	WP_001143561.1	metal-dependent hydrolase	b0527	NP_415060.1	ybcI	T2_near_identical_rbh	97.7	1.0	1.0	6.0	6.0		DIAMOND ultra-sensitive reciprocal best hit, identity >=90%, both coverages >=0.8, no tied hit
ECB_RS02505	ECB_00482	WP_001318685.1	fimbrial biogenesis usher protein	b0532	NP_415065.1	sfmD	T2_near_identical_rbh	99.1	1.0	1.002	6.0	6.0		DIAMOND ultra-sensitive reciprocal best hit, identity >=90%, both coverages >=0.8, no tied hit
ECB_RS02510	ECB_00483	WP_001301128.1	type 1 fimbria D-mannose specific adhesin FimH	b0533	NP_415066.2	sfmH	T2_near_identical_rbh	100.0	1.0	0.994	6.0	6.0		DIAMOND ultra-sensitive reciprocal best hit, identity >=90%, both coverages >=0.8, no tied hit
ECB_RS02515	ECB_00484	WP_001255228.1	fimbria assembly protein	b0534	NP_415067.1	sfmF	T2_near_identical_rbh	99.4	1.0	1.0	5.0	5.0		DIAMOND ultra-sensitive reciprocal best hit, identity >=90%, both coverages >=0.8, no tied hit
ECB_RS02520	ECB_00485	WP_000805422.1	fimbria biosynthesis transcriptional regulator FimZ	b0535	NP_415068.1	fimZ	T2_near_identical_rbh	99.5	1.0	1.0	4.0	4.0		DIAMOND ultra-sensitive reciprocal best hit, identity >=90%, both coverages >=0.8, no tied hit
ECB_RS02530	ECB_00486	WP_001318654.1	integrase	b0537	NP_415069.1	intD	T2_near_identical_rbh	99.5	1.0	1.0	3.0	3.0		DIAMOND ultra-sensitive reciprocal best hit, identity >=90%, both coverages >=0.8, no tied hit
ECB_RS02570	ECB_00493	WP_001070454.1	multidrug efflux SMR transporter EmrE	b0543	NP_415075.1	emrE	T2_near_identical_rbh	97.3	1.0	1.0	3.0	3.0		DIAMOND ultra-sensitive reciprocal best hit, identity >=90%, both coverages >=0.8, no tied hit
ECB_RS02600	ECB_00498	WP_000224907.1	NinE family protein	b0548	NP_415080.1	ninE	T2_near_identical_rbh	96.4	1.0	1.0	6.0	6.0		DIAMOND ultra-sensitive reciprocal best hit, identity >=90%, both coverages >=0.8, no tied hit
ECB_RS02605	ECB_00499	WP_000774479.1	DUF1364 domain-containing protein	b0549	NP_415081.1	ybcO	T2_near_identical_rbh	97.9	1.0	1.0	6.0	6.0		DIAMOND ultra-sensitive reciprocal best hit, identity >=90%, both coverages >=0.8, no tied hit
ECB_RS02610	ECB_00500	WP_001099655.1	crossover junction endodeoxyribonuclease RusA	b0550	NP_415082.1	rusA	T2_near_identical_rbh	94.2	1.0	1.0	5.0	5.0		DIAMOND ultra-sensitive reciprocal best hit, identity >=90%, both coverages >=0.8, no tied hit
ECB_RS02615	ECB_00501	WP_000971071.1	YlcG family protein	b4509	YP_588439.1	ylcG	T2_near_identical_rbh	95.7	1.0	1.0	5.0	5.0		DIAMOND ultra-sensitive reciprocal best hit, identity >=90%, both coverages >=0.8, no tied hit
ECB_RS02620	ECB_00502	WP_001204780.1	antitermination protein QuuD	b0551	NP_415083.1	quuD	T2_near_identical_rbh	99.2	1.0	1.0	5.0	5.0		DIAMOND ultra-sensitive reciprocal best hit, identity >=90%, both coverages >=0.8, no tied hit
ECB_RS02645	ECB_00507	WP_001135280.1	lysozyme RrrD	b0555	NP_415087.1	rrrD	T2_near_identical_rbh	99.4	1.0	1.0	5.0	5.0		DIAMOND ultra-sensitive reciprocal best hit, identity >=90%, both coverages >=0.8, no tied hit
ECB_RS02655	ECB_00509	WP_000738423.1	increased serum survival lipoprotein Iss	b0557	NP_415089.1	borD	T2_near_identical_rbh	90.7	1.0	1.0	4.0	5.0		DIAMOND ultra-sensitive reciprocal best hit, identity >=90%, both coverages >=0.8, no tied hit
ECB_RS02665	ECB_00510	WP_001415975.1	YlcI/YnfO family protein	b4589	YP_001165309.1	ylcI	T2_near_identical_rbh	96.9	1.0	1.0	3.0	4.0		DIAMOND ultra-sensitive reciprocal best hit, identity >=90%, both coverages >=0.8, no tied hit
ECB_RS02680	ECB_00511	WP_000453609.1	terminase small subunit	b1548	YP_009518788.1	nohA	T2_near_identical_rbh	100.0	0.89	0.899	0.0	3.0		DIAMOND ultra-sensitive reciprocal best hit, identity >=90%, both coverages >=0.8, no tied hit
ECB_RS02730	ECB_00520	WP_001177481.1	DNA-binding transcriptional regulator EnvY	b0566	NP_415098.1	envY	T2_near_identical_rbh	99.2	1.0	1.0	4.0	4.0		DIAMOND ultra-sensitive reciprocal best hit, identity >=90%, both coverages >=0.8, no tied hit
ECB_RS02735	ECB_00521	WP_001224575.1	DUF4434 family protein	b0567	NP_415099.1	ybcH	T2_near_identical_rbh	98.3	1.0	1.0	4.0	4.0		DIAMOND ultra-sensitive reciprocal best hit, identity >=90%, both coverages >=0.8, no tied hit
ECB_RS02740	ECB_00522	WP_001300620.1	bacteriophage adsorption protein NfrA	b0568	NP_415100.1	nfrA	T2_near_identical_rbh	99.0	1.0	1.0	3.0	3.0		DIAMOND ultra-sensitive reciprocal best hit, identity >=90%, both coverages >=0.8, no tied hit
ECB_RS02780	ECB_00531	WP_000253837.1	Cu(+)/Ag(+) sensor histidine kinase CusS	b0570	NP_415102.1	cusS	T2_near_identical_rbh	98.3	0.994	0.998	3.0	3.0		DIAMOND ultra-sensitive reciprocal best hit, identity >=90%, both coverages >=0.8, no tied hit
ECB_RS02785	ECB_00532	WP_000770941.1	copper response regulator transcription factor CusR	b0571	NP_415103.1	cusR	T2_near_identical_rbh	99.6	1.0	1.0	4.0	4.0		DIAMOND ultra-sensitive reciprocal best hit, identity >=90%, both coverages >=0.8, no tied hit
ECB_RS02790	ECB_00533	WP_000074253.1	Cu(+)/Ag(+) efflux RND transporter outer membrane channel CusC	b0572	NP_415104.1	cusC	T2_near_identical_rbh	99.8	1.0	1.0	5.0	5.0		DIAMOND ultra-sensitive reciprocal best hit, identity >=90%, both coverages >=0.8, no tied hit
ECB_RS02795	ECB_00534	WP_000709865.1	Cu(+)/Ag(+) efflux RND transporter periplasmic metallochaperone CusF	b0573	NP_415105.1	cusF	T2_near_identical_rbh	99.1	1.0	1.0	6.0	6.0		DIAMOND ultra-sensitive reciprocal best hit, identity >=90%, both coverages >=0.8, no tied hit
ECB_RS02805	ECB_00536	WP_000573928.1	Cu(+)/Ag(+) efflux RND transporter permease subunit CusA	b0575	NP_415107.1	cusA	T2_near_identical_rbh	99.9	1.0	1.0	6.0	6.0		DIAMOND ultra-sensitive reciprocal best hit, identity >=90%, both coverages >=0.8, no tied hit
ECB_RS02810	ECB_00537	WP_000786310.1	phenylalanine transporter	b0576	NP_415108.1	pheP	T2_near_identical_rbh	99.6	1.0	1.0	6.0	6.0		DIAMOND ultra-sensitive reciprocal best hit, identity >=90%, both coverages >=0.8, no tied hit
ECB_RS02815	ECB_00538	WP_001153155.1	mechanosensitive ion channel YbdG	b0577	NP_415109.1	ybdG	T2_near_identical_rbh	99.8	1.0	1.0	6.0	6.0		DIAMOND ultra-sensitive reciprocal best hit, identity >=90%, both coverages >=0.8, no tied hit
ECB_RS02820	ECB_00539	WP_000351477.1	oxygen-insensitive NAD(P)H nitroreductase	b0578	NP_415110.1	nfsB	T2_near_identical_rbh	98.6	1.0	1.0	6.0	6.0		DIAMOND ultra-sensitive reciprocal best hit, identity >=90%, both coverages >=0.8, no tied hit
ECB_RS02830	ECB_00541	WP_000682514.1	DUF1158 domain-containing protein	b0580	NP_415112.1	ybdJ	T2_near_identical_rbh	96.3	1.0	1.0	5.0	5.0		DIAMOND ultra-sensitive reciprocal best hit, identity >=90%, both coverages >=0.8, no tied hit
ECB_RS02875	ECB_00550	WP_001034916.1	siderophore enterobactin receptor FepA	b0584	NP_415116.1	fepA	T2_near_identical_rbh	99.9	1.0	1.0	5.0	5.0		DIAMOND ultra-sensitive reciprocal best hit, identity >=90%, both coverages >=0.8, no tied hit
ECB_RS02880	ECB_00551	WP_000125832.1	enterochelin esterase	b0585	NP_415117.2	fes	T2_near_identical_rbh	99.8	1.0	1.0	5.0	5.0		DIAMOND ultra-sensitive reciprocal best hit, identity >=90%, both coverages >=0.8, no tied hit
ECB_RS02890	ECB_00553	WP_000077809.1	enterobactin non-ribosomal peptide synthetase EntF	b0586	NP_415118.1	entF	T2_near_identical_rbh	99.7	1.0	1.0	6.0	6.0		DIAMOND ultra-sensitive reciprocal best hit, identity >=90%, both coverages >=0.8, no tied hit
ECB_RS02895	ECB_00554	WP_000096701.1	LPS O-antigen length regulator Wzz(fepE)	b0587	NP_415119.1	fepE	T2_near_identical_rbh	98.9	1.0	1.0	6.0	6.0		DIAMOND ultra-sensitive reciprocal best hit, identity >=90%, both coverages >=0.8, no tied hit
ECB_RS02905	ECB_00556	WP_000640979.1	iron-enterobactin ABC transporter permease	b0589	NP_415121.1	fepG	T2_near_identical_rbh	99.1	1.0	1.0	6.0	6.0		DIAMOND ultra-sensitive reciprocal best hit, identity >=90%, both coverages >=0.8, no tied hit
ECB_RS02910	ECB_00557	WP_001295314.1	Fe(3+)-siderophore ABC transporter permease	b0590	NP_415122.1	fepD	T2_near_identical_rbh	99.4	1.0	1.0	6.0	6.0		DIAMOND ultra-sensitive reciprocal best hit, identity >=90%, both coverages >=0.8, no tied hit
ECB_RS02915	ECB_00558	WP_001041789.1	enterobactin transporter EntS	b0591	NP_415123.1	entS	T2_near_identical_rbh	99.8	1.0	1.0	6.0	6.0		DIAMOND ultra-sensitive reciprocal best hit, identity >=90%, both coverages >=0.8, no tied hit
ECB_RS02920	ECB_00559	WP_001234314.1	Fe2+-enterobactin ABC transporter substrate-binding protein	b0592	NP_415124.1	fepB	T2_near_identical_rbh	99.4	1.0	1.0	6.0	6.0		DIAMOND ultra-sensitive reciprocal best hit, identity >=90%, both coverages >=0.8, no tied hit
ECB_RS02925	ECB_00560	WP_001301140.1	isochorismate synthase EntC	b0593	NP_415125.1	entC	T2_near_identical_rbh	99.0	1.0	1.0	6.0	6.0		DIAMOND ultra-sensitive reciprocal best hit, identity >=90%, both coverages >=0.8, no tied hit
ECB_RS02930	ECB_00561	WP_000026804.1	(2,3-dihydroxybenzoyl)adenylate synthase EntE	b0594	NP_415126.1	entE	T2_near_identical_rbh	99.4	1.0	1.0	6.0	6.0		DIAMOND ultra-sensitive reciprocal best hit, identity >=90%, both coverages >=0.8, no tied hit
ECB_RS02935	ECB_00562	WP_001007155.1	enterobactin biosynthesis bifunctional isochorismatase/aryl carrier protein EntB	b0595	NP_415127.1	entB	T2_near_identical_rbh	99.6	1.0	1.0	6.0	6.0		DIAMOND ultra-sensitive reciprocal best hit, identity >=90%, both coverages >=0.8, no tied hit
ECB_RS02940	ECB_00563	WP_000347664.1	2,3-dihydro-2,3-dihydroxybenzoate dehydrogenase EntA	b0596	NP_415128.1	entA	T2_near_identical_rbh	98.8	1.0	1.0	6.0	6.0		DIAMOND ultra-sensitive reciprocal best hit, identity >=90%, both coverages >=0.8, no tied hit
ECB_RS02960	ECB_00567	WP_001120460.1	hydroxycarboxylate dehydrogenase HcxA	b0599	NP_415132.1	hcxA	T2_near_identical_rbh	98.3	1.0	1.0	5.0	5.0		DIAMOND ultra-sensitive reciprocal best hit, identity >=90%, both coverages >=0.8, no tied hit
ECB_RS02965	ECB_00568	WP_000183906.1	methionine-oxo-acid transaminase	b0600	NP_415133.1	ybdL	T2_near_identical_rbh	99.5	1.0	1.0	5.0	5.0		DIAMOND ultra-sensitive reciprocal best hit, identity >=90%, both coverages >=0.8, no tied hit
ECB_RS02970	ECB_00569	WP_000502936.1	IbrB-like domain-containing protein	b0601	NP_415134.1	ybdM	T2_near_identical_rbh	98.1	1.0	1.0	5.0	5.0		DIAMOND ultra-sensitive reciprocal best hit, identity >=90%, both coverages >=0.8, no tied hit
ECB_RS02985	ECB_00573	WP_000913828.1	thiol:disulfide interchange protein DsbG	b0604	NP_415137.2	dsbG	T2_near_identical_rbh	100.0	0.972	0.992	5.0	5.0		DIAMOND ultra-sensitive reciprocal best hit, identity >=90%, both coverages >=0.8, no tied hit
ECB_RS03005	ECB_00577	WP_000646137.1	zinc-dependent alcohol dehydrogenase	b0608	NP_415141.1	ybdR	T2_near_identical_rbh	99.8	1.0	1.0	6.0	6.0		DIAMOND ultra-sensitive reciprocal best hit, identity >=90%, both coverages >=0.8, no tied hit
ECB_RS03040	ECB_00583	WP_000192245.1	citrate lyase subunit alpha	b0615	NP_415148.1	citF	T2_near_identical_rbh	99.8	1.0	1.0	6.0	6.0		DIAMOND ultra-sensitive reciprocal best hit, identity >=90%, both coverages >=0.8, no tied hit
ECB_RS03055	ECB_00586	WP_000467700.1	[citrate (pro-3S)-lyase] ligase	b0618	NP_415151.4	citC	T2_near_identical_rbh	99.7	1.0	1.0	5.0	5.0		DIAMOND ultra-sensitive reciprocal best hit, identity >=90%, both coverages >=0.8, no tied hit
ECB_RS03065	ECB_00589	WP_012767702.1	sensor histidine kinase DpiB	b0619	NP_415152.1	dpiB	T2_near_identical_rbh	99.6	1.0	1.0	5.0	5.0		DIAMOND ultra-sensitive reciprocal best hit, identity >=90%, both coverages >=0.8, no tied hit
ECB_RS03090	ECB_00594	WP_000939738.1	fluoride efflux transporter CrcB	b0624	NP_415157.1	crcB	T2_near_identical_rbh	98.4	1.0	1.0	5.0	5.0		DIAMOND ultra-sensitive reciprocal best hit, identity >=90%, both coverages >=0.8, no tied hit
ECB_RS03100	ECB_00596	WP_000503930.1	twin-arginine translocase subunit TatE	b0627	NP_415160.1	tatE	T2_near_identical_rbh	98.5	1.0	1.0	5.0	5.0		DIAMOND ultra-sensitive reciprocal best hit, identity >=90%, both coverages >=0.8, no tied hit
ECB_RS03110	ECB_00598	WP_000378033.1	YbeF family transcriptional regulator	b0629	NP_415162.4	ybeF	T2_near_identical_rbh	99.4	1.0	1.0	5.0	5.0		DIAMOND ultra-sensitive reciprocal best hit, identity >=90%, both coverages >=0.8, no tied hit
ECB_RS03135	ECB_00602	WP_001231428.1	endolytic peptidoglycan transglycosylase RlpA	b0633	NP_415166.1	rlpA	T2_near_identical_rbh	98.6	1.0	1.0	6.0	6.0		DIAMOND ultra-sensitive reciprocal best hit, identity >=90%, both coverages >=0.8, no tied hit
ECB_RS03160	ECB_00607	WP_001241888.1	adenosylcobalamin/alpha-ribazole phosphatase	b0638	NP_415171.1	cobC	T2_near_identical_rbh	96.6	1.0	1.0	6.0	6.0		DIAMOND ultra-sensitive reciprocal best hit, identity >=90%, both coverages >=0.8, no tied hit
ECB_RS03170	ECB_00609	WP_000620554.1	DNA polymerase III subunit delta	b0640	NP_415173.1	holA	T2_near_identical_rbh	99.4	1.0	1.0	6.0	6.0		DIAMOND ultra-sensitive reciprocal best hit, identity >=90%, both coverages >=0.8, no tied hit
ECB_RS03180	ECB_00611	WP_001157886.1	leucine--tRNA ligase	b0642	NP_415175.1	leuS	T2_near_identical_rbh	99.7	1.0	1.0	5.0	6.0		DIAMOND ultra-sensitive reciprocal best hit, identity >=90%, both coverages >=0.8, no tied hit
ECB_RS03195	ECB_00614	WP_000367022.1	DUF1266 domain-containing protein	b0645	NP_415178.1	ybeR	T2_near_identical_rbh	97.9	1.0	1.0	5.0	6.0		DIAMOND ultra-sensitive reciprocal best hit, identity >=90%, both coverages >=0.8, no tied hit
ECB_RS03205	ECB_00616	WP_000367881.1	molecular chaperone HscC	b0650	NP_415183.1	hscC	T2_near_identical_rbh	99.3	1.0	1.0	3.0	6.0		DIAMOND ultra-sensitive reciprocal best hit, identity >=90%, both coverages >=0.8, no tied hit
ECB_RS03245	ECB_00623	WP_001301404.1	glutamate/aspartate ABC transporter substrate-binding protein GltI	b0655	NP_415188.1	gltI	T2_near_identical_rbh	99.0	1.0	1.0	4.0	5.0		DIAMOND ultra-sensitive reciprocal best hit, identity >=90%, both coverages >=0.8, no tied hit
ECB_RS03255	ECB_00625	WP_000853065.1	apolipoprotein N-acyltransferase	b0657	NP_415190.1	lnt	T2_near_identical_rbh	98.8	1.0	1.0	5.0	5.0		DIAMOND ultra-sensitive reciprocal best hit, identity >=90%, both coverages >=0.8, no tied hit
ECB_RS03265	ECB_00627	WP_000084473.1	rRNA maturation RNase YbeY	b0659	NP_415192.1	ybeY	T2_near_identical_rbh	99.4	1.0	1.0	5.0	5.0		DIAMOND ultra-sensitive reciprocal best hit, identity >=90%, both coverages >=0.8, no tied hit
ECB_RS03280	ECB_00630	WP_000184540.1	3-demethoxyubiquinol 3-hydroxylase	b0662	NP_415195.1	ubiF	T2_near_identical_rbh	99.7	1.0	1.0	6.0	6.0		DIAMOND ultra-sensitive reciprocal best hit, identity >=90%, both coverages >=0.8, no tied hit
ECB_RS03320	ECB_00631	WP_000337081.1	asparagine synthase B	b0674	NP_415200.1	asnB	T2_near_identical_rbh	99.8	1.0	1.0	6.0	6.0		DIAMOND ultra-sensitive reciprocal best hit, identity >=90%, both coverages >=0.8, no tied hit
ECB_RS03335	ECB_00634	WP_000271154.1	N-acetylglucosamine-6-phosphate deacetylase	b0677	NP_415203.1	nagA	T2_near_identical_rbh	99.7	1.0	1.0	6.0	6.0		DIAMOND ultra-sensitive reciprocal best hit, identity >=90%, both coverages >=0.8, no tied hit
ECB_RS03345	ECB_00636	WP_001023126.1	PTS N-acetyl glucosamine transporter subunit IIABC	b0679	NP_415205.1	nagE	T2_near_identical_rbh	99.4	1.0	1.0	6.0	6.0		DIAMOND ultra-sensitive reciprocal best hit, identity >=90%, both coverages >=0.8, no tied hit
ECB_RS03355	ECB_00638	WP_001258839.1	chitoporin ChiP	b0681	NP_415207.1	chiP	T2_near_identical_rbh	99.8	1.0	1.0	6.0	6.0		DIAMOND ultra-sensitive reciprocal best hit, identity >=90%, both coverages >=0.8, no tied hit
ECB_RS03360	ECB_00639	WP_000733592.1	ChiQ/YbfN family lipoprotein	b0682	NP_415208.1	chiQ	T2_near_identical_rbh	99.1	1.0	1.0	6.0	6.0		DIAMOND ultra-sensitive reciprocal best hit, identity >=90%, both coverages >=0.8, no tied hit
ECB_RS03390	ECB_00643	WP_000773301.1	esterase	b0686	NP_415212.1	ybfF	T2_near_identical_rbh	98.8	1.0	1.0	6.0	6.0		DIAMOND ultra-sensitive reciprocal best hit, identity >=90%, both coverages >=0.8, no tied hit
ECB_RS03400	ECB_00645	WP_001320171.1	phosphoglucomutase (alpha-D-glucose-1,6-bisphosphate-dependent)	b0688	NP_415214.1	pgm	T2_near_identical_rbh	99.8	1.0	1.0	5.0	5.0		DIAMOND ultra-sensitive reciprocal best hit, identity >=90%, both coverages >=0.8, no tied hit
ECB_RS03425	ECB_00649	WP_000040191.1	ornithine decarboxylase SpeF	b0693	NP_415220.1	speF	T2_near_identical_rbh	99.7	1.0	1.0	5.0	5.0		DIAMOND ultra-sensitive reciprocal best hit, identity >=90%, both coverages >=0.8, no tied hit
ECB_RS03435	ECB_00651	WP_000186074.1	two-component system response regulator KdpE	b0694	NP_415222.1	kdpE	T2_near_identical_rbh	99.6	1.0	1.0	6.0	6.0		DIAMOND ultra-sensitive reciprocal best hit, identity >=90%, both coverages >=0.8, no tied hit
ECB_RS03440	ECB_00652	WP_001301349.1	two-component system sensor histidine kinase KdpD	b0695	NP_415223.1	kdpD	T2_near_identical_rbh	99.8	1.0	1.0	6.0	6.0		DIAMOND ultra-sensitive reciprocal best hit, identity >=90%, both coverages >=0.8, no tied hit
ECB_RS03445	ECB_00653	WP_001297248.1	K(+)-transporting ATPase subunit C	b0696	NP_415224.1	kdpC	T2_near_identical_rbh	96.8	1.0	1.0	6.0	6.0		DIAMOND ultra-sensitive reciprocal best hit, identity >=90%, both coverages >=0.8, no tied hit
ECB_RS03450	ECB_00654	WP_000087944.1	potassium-transporting ATPase subunit KdpB	b0697	NP_415225.1	kdpB	T2_near_identical_rbh	99.6	1.0	1.0	6.0	6.0		DIAMOND ultra-sensitive reciprocal best hit, identity >=90%, both coverages >=0.8, no tied hit
ECB_RS03455	ECB_00655	WP_000741131.1	potassium-transporting ATPase subunit KdpA	b0698	NP_415226.1	kdpA	T2_near_identical_rbh	99.8	1.0	1.0	5.0	5.0		DIAMOND ultra-sensitive reciprocal best hit, identity >=90%, both coverages >=0.8, no tied hit
ECB_RS03490	ECB_00661	WP_000832333.1	protein YbfC	b0704	NP_415232.1	ybfC	T2_near_identical_rbh	97.4	1.0	1.0	3.0	3.0		DIAMOND ultra-sensitive reciprocal best hit, identity >=90%, both coverages >=0.8, no tied hit
ECB_RS03515	ECB_00667	WP_001076004.1	YbgA family protein	b0707	NP_415235.1	ybgA	T2_near_identical_rbh	97.6	1.0	1.0	4.0	4.0		DIAMOND ultra-sensitive reciprocal best hit, identity >=90%, both coverages >=0.8, no tied hit
ECB_RS03520	ECB_00668	WP_000628034.1	deoxyribodipyrimidine photo-lyase	b0708	NP_415236.1	phr	T2_near_identical_rbh	97.0	0.996	0.998	4.0	4.0		DIAMOND ultra-sensitive reciprocal best hit, identity >=90%, both coverages >=0.8, no tied hit
ECB_RS03525	ECB_00669	WP_001032697.1	dipeptide permease DtpD	b0709	NP_415237.1	dtpD	T2_near_identical_rbh	99.6	1.0	1.0	5.0	5.0		DIAMOND ultra-sensitive reciprocal best hit, identity >=90%, both coverages >=0.8, no tied hit
ECB_RS03530	ECB_00670	WP_000798859.1	radiation resistance protein YbgI	b0710	NP_415238.1	ybgI	T2_near_identical_rbh	99.6	1.0	1.0	6.0	6.0		DIAMOND ultra-sensitive reciprocal best hit, identity >=90%, both coverages >=0.8, no tied hit
ECB_RS03545	ECB_00673	WP_000687130.1	5-oxoprolinase subunit PxpA	b0713	NP_415241.1	pxpA	T2_near_identical_rbh	98.0	1.0	1.0	6.0	6.0		DIAMOND ultra-sensitive reciprocal best hit, identity >=90%, both coverages >=0.8, no tied hit
ECB_RS03550	ECB_00674	WP_001114026.1	endonuclease VIII	b0714	NP_415242.1	nei	T2_near_identical_rbh	99.2	1.0	1.0	6.0	6.0		DIAMOND ultra-sensitive reciprocal best hit, identity >=90%, both coverages >=0.8, no tied hit
ECB_RS03555	ECB_00675	WP_001297246.1	AbrB family transcriptional regulator	b0715	NP_415243.4	abrB	T2_near_identical_rbh	98.9	1.0	1.0	6.0	6.0		DIAMOND ultra-sensitive reciprocal best hit, identity >=90%, both coverages >=0.8, no tied hit
ECB_RS03560	ECB_00676	WP_001272429.1	fimbrial protein	b0716	NP_415244.4	ybgO	T2_near_identical_rbh	96.6	1.0	1.0	6.0	6.0		DIAMOND ultra-sensitive reciprocal best hit, identity >=90%, both coverages >=0.8, no tied hit
ECB_RS03565	ECB_00677	WP_000143517.1	fimbrial biogenesis chaperone	b0717	NP_415245.1	ybgP	T2_near_identical_rbh	90.1	0.996	1.0	6.0	6.0		DIAMOND ultra-sensitive reciprocal best hit, identity >=90%, both coverages >=0.8, no tied hit
ECB_RS03570	ECB_00678	WP_000381918.1	fimbria/pilus outer membrane usher protein	b0718	NP_415246.2	ybgQ	T2_near_identical_rbh	97.3	0.995	1.0	6.0	6.0		DIAMOND ultra-sensitive reciprocal best hit, identity >=90%, both coverages >=0.8, no tied hit
ECB_RS03575	ECB_00679	WP_000472430.1	fimbrial protein	b0719	NP_415247.1	ybgD	T3_divergent_syntenic_rbh	78.2	1.0	1.0	6.0	6.0		reciprocal best hit below T2 thresholds (identity >=50%, coverage >=0.6) with >=1 conserved neighbour within +/-3 loci
ECB_RS03590	ECB_00681	WP_000263347.1	succinate dehydrogenase cytochrome b556 subunit	b0721	NP_415249.1	sdhC	T2_near_identical_rbh	100.0	0.963	1.0	6.0	6.0		DIAMOND ultra-sensitive reciprocal best hit, identity >=90%, both coverages >=0.8, no tied hit
ECB_RS03605	ECB_00684	WP_001235264.1	succinate dehydrogenase iron-sulfur subunit SdhB	b0724	NP_415252.1	sdhB	T2_near_identical_rbh	99.2	1.0	1.0	6.0	6.0		DIAMOND ultra-sensitive reciprocal best hit, identity >=90%, both coverages >=0.8, no tied hit
ECB_RS03635	ECB_00689	WP_000509900.1	mannosyl-D-glycerate transport/metabolism system transcriptional repressor MngR	b0730	NP_415258.1	mngR	T2_near_identical_rbh	99.2	1.0	1.0	5.0	5.0		DIAMOND ultra-sensitive reciprocal best hit, identity >=90%, both coverages >=0.8, no tied hit
ECB_RS03640	ECB_00690	WP_001054864.1	PTS 2-O-a-mannosyl-D-glycerate transporter subunit IIABC	b0731	NP_415259.1	mngA	T2_near_identical_rbh	100.0	1.0	0.97	5.0	5.0		DIAMOND ultra-sensitive reciprocal best hit, identity >=90%, both coverages >=0.8, no tied hit
ECB_RS03685	ECB_00698	WP_000090100.1	colicin uptake protein TolR	b0738	NP_415266.1	tolR	T2_near_identical_rbh	99.3	1.0	1.0	6.0	6.0		DIAMOND ultra-sensitive reciprocal best hit, identity >=90%, both coverages >=0.8, no tied hit
ECB_RS03705	ECB_00702	WP_000097580.1	cell division protein CpoB	b0742	NP_415270.1	cpoB	T2_near_identical_rbh	98.1	1.0	1.0	6.0	6.0		DIAMOND ultra-sensitive reciprocal best hit, identity >=90%, both coverages >=0.8, no tied hit
ECB_RS03755	ECB_00705	WP_000951295.1	CDF family zinc transporter ZitB	b0752	NP_415273.1	zitB	T2_near_identical_rbh	99.7	1.0	1.0	6.0	6.0		DIAMOND ultra-sensitive reciprocal best hit, identity >=90%, both coverages >=0.8, no tied hit
ECB_RS03790	ECB_00711	WP_000191496.1	galactose-1-phosphate uridylyltransferase	b0758	NP_415279.1	galT	T2_near_identical_rbh	99.7	1.0	1.0	6.0	6.0		DIAMOND ultra-sensitive reciprocal best hit, identity >=90%, both coverages >=0.8, no tied hit
ECB_RS03840	ECB_00721	WP_000679972.1	LysR family transcriptional regulator	b0768	NP_415289.4	ybhD	T2_near_identical_rbh	99.7	1.0	1.0	6.0	6.0		DIAMOND ultra-sensitive reciprocal best hit, identity >=90%, both coverages >=0.8, no tied hit
ECB_RS03850	ECB_00723	WP_001036489.1	anion permease	b0770	NP_415291.1	ybhI	T2_near_identical_rbh	99.8	1.0	1.0	5.0	6.0		DIAMOND ultra-sensitive reciprocal best hit, identity >=90%, both coverages >=0.8, no tied hit
ECB_RS03855	ECB_00724	WP_000593924.1	hydratase	b0771	NP_415292.2	ybhJ	T2_near_identical_rbh	99.9	1.0	1.0	4.0	5.0		DIAMOND ultra-sensitive reciprocal best hit, identity >=90%, both coverages >=0.8, no tied hit
ECB_RS03860	ECB_00725	WP_001091587.1	putative acyl-CoA thioester hydrolase	b0772	NP_415293.1	ybhC	T2_near_identical_rbh	99.8	1.0	1.0	3.0	4.0		DIAMOND ultra-sensitive reciprocal best hit, identity >=90%, both coverages >=0.8, no tied hit
ECB_RS03865	ECB_00726	WP_000533643.1	tyrosine-type recombinase/integrase	b1140	NP_415658.1	intE	excluded_weak_rbh	34.5	1.025	0.973	0.0	3.0		reciprocal best hit failing T2 and T3 thresholds; not a transfer route
ECB_RS03955	ECB_00741	WP_001515101.1	adenosylmethionine--8-amino-7-oxononanoate transaminase	b0774	NP_415295.1	bioA	T2_near_identical_rbh	99.1	1.0	1.0	4.0	4.0		DIAMOND ultra-sensitive reciprocal best hit, identity >=90%, both coverages >=0.8, no tied hit
ECB_RS03965	ECB_00743	WP_000118797.1	8-amino-7-oxononanoate synthase	b0776	NP_415297.1	bioF	T2_near_identical_rbh	98.2	1.0	1.0	6.0	6.0		DIAMOND ultra-sensitive reciprocal best hit, identity >=90%, both coverages >=0.8, no tied hit
ECB_RS03975	ECB_00745	WP_000044837.1	dethiobiotin synthase	b0778	NP_415299.1	bioD	T2_near_identical_rbh	99.6	1.0	1.0	6.0	6.0		DIAMOND ultra-sensitive reciprocal best hit, identity >=90%, both coverages >=0.8, no tied hit
ECB_RS03985	ECB_00747	WP_001321368.1	YvcK family protein	b0780	NP_415301.1	ybhK	T2_near_identical_rbh	99.7	1.0	1.0	6.0	6.0		DIAMOND ultra-sensitive reciprocal best hit, identity >=90%, both coverages >=0.8, no tied hit
ECB_RS03995	ECB_00748	WP_001295301.1	GTP 3',8-cyclase MoaA	b0781	NP_415302.1	moaA	T2_near_identical_rbh	99.4	1.0	1.0	6.0	6.0		DIAMOND ultra-sensitive reciprocal best hit, identity >=90%, both coverages >=0.8, no tied hit
ECB_RS04000	ECB_00749	WP_000084627.1	molybdenum cofactor biosynthesis protein B	b0782	NP_415303.1	moaB	T2_near_identical_rbh	99.4	1.0	1.0	6.0	6.0		DIAMOND ultra-sensitive reciprocal best hit, identity >=90%, both coverages >=0.8, no tied hit
ECB_RS04010	ECB_00751	WP_000598612.1	molybdopterin synthase sulfur carrier subunit	b0784	NP_415305.1	moaD	T2_near_identical_rbh	98.8	1.0	1.0	6.0	6.0		DIAMOND ultra-sensitive reciprocal best hit, identity >=90%, both coverages >=0.8, no tied hit
ECB_RS04015	ECB_00752	WP_000852290.1	molybdopterin synthase catalytic subunit MoaE	b0785	NP_415306.1	moaE	T2_near_identical_rbh	98.7	1.0	1.0	6.0	6.0		DIAMOND ultra-sensitive reciprocal best hit, identity >=90%, both coverages >=0.8, no tied hit
ECB_RS04025	ECB_00754	WP_000446894.1	Bax inhibitor-1/YccA family protein	b0787	NP_415308.1	ybhM	T2_near_identical_rbh	97.9	1.0	1.0	6.0	6.0		DIAMOND ultra-sensitive reciprocal best hit, identity >=90%, both coverages >=0.8, no tied hit
ECB_RS04030	ECB_00755	WP_000045472.1	lysylphosphatidylglycerol synthase domain-containing protein	b0788	NP_415309.1	ybhN	T2_near_identical_rbh	99.1	1.0	1.0	6.0	6.0		DIAMOND ultra-sensitive reciprocal best hit, identity >=90%, both coverages >=0.8, no tied hit
ECB_RS04035	ECB_00756	WP_000650315.1	cardiolipin synthase ClsB	b0789	NP_415310.1	clsB	T2_near_identical_rbh	99.3	1.0	1.0	6.0	6.0		DIAMOND ultra-sensitive reciprocal best hit, identity >=90%, both coverages >=0.8, no tied hit
ECB_RS04040	ECB_00757	WP_001113347.1	endonuclease/exonuclease/phosphatase family protein	b0790	NP_415311.1	ybhP	T2_near_identical_rbh	99.6	1.0	1.0	6.0	6.0		DIAMOND ultra-sensitive reciprocal best hit, identity >=90%, both coverages >=0.8, no tied hit
ECB_RS04060	ECB_00761	WP_012767712.1	ATP-binding cassette domain-containing protein	b0794	NP_415315.4	ybhF	T2_near_identical_rbh	99.8	1.0	1.0	6.0	6.0		DIAMOND ultra-sensitive reciprocal best hit, identity >=90%, both coverages >=0.8, no tied hit
ECB_RS04065	ECB_00762	WP_000743444.1	secretion protein HlyD	b0795	NP_415316.1	ybhG	T2_near_identical_rbh	99.1	1.0	0.997	6.0	6.0		DIAMOND ultra-sensitive reciprocal best hit, identity >=90%, both coverages >=0.8, no tied hit
ECB_RS04115	ECB_00772	WP_000430013.1	catecholate siderophore receptor Fiu	b0805	NP_415326.1	fiu	T2_near_identical_rbh	99.5	1.0	1.0	6.0	6.0		DIAMOND ultra-sensitive reciprocal best hit, identity >=90%, both coverages >=0.8, no tied hit
ECB_RS04125	ECB_00774	WP_001301285.1	23S rRNA (adenine(1618)-N(6))-methyltransferase RlmF	b0807	NP_415328.4	rlmF	T2_near_identical_rbh	99.7	1.0	1.0	6.0	6.0		DIAMOND ultra-sensitive reciprocal best hit, identity >=90%, both coverages >=0.8, no tied hit
ECB_RS04210	ECB_00790	WP_000209344.1	glycyl radical protein	b0823	NP_415344.1	ybiW	T2_near_identical_rbh	99.6	1.0	1.0	6.0	6.0		DIAMOND ultra-sensitive reciprocal best hit, identity >=90%, both coverages >=0.8, no tied hit
ECB_RS04215	ECB_00791	WP_001338400.1	glycyl-radical enzyme activating protein	b0824	NP_415345.2	ybiY	T2_near_identical_rbh	99.3	1.0	1.0	6.0	6.0		DIAMOND ultra-sensitive reciprocal best hit, identity >=90%, both coverages >=0.8, no tied hit
ECB_RS04220	ECB_00792	WP_001301278.1	fructose-6-phosphate aldolase	b0825	NP_415346.4	fsaA	T2_near_identical_rbh	98.6	1.0	1.0	6.0	6.0		DIAMOND ultra-sensitive reciprocal best hit, identity >=90%, both coverages >=0.8, no tied hit
ECB_RS04225	ECB_00793	WP_000829242.1	molybdopterin-synthase adenylyltransferase MoeB	b0826	NP_415347.1	moeB	T2_near_identical_rbh	98.8	1.0	1.0	6.0	6.0		DIAMOND ultra-sensitive reciprocal best hit, identity >=90%, both coverages >=0.8, no tied hit
ECB_RS04230	ECB_00794	WP_000397372.1	molybdopterin molybdotransferase MoeA	b0827	NP_415348.1	moeA	T2_near_identical_rbh	99.0	0.998	0.998	6.0	6.0		DIAMOND ultra-sensitive reciprocal best hit, identity >=90%, both coverages >=0.8, no tied hit
ECB_RS04235	ECB_00795	WP_000513775.1	beta-aspartyl-peptidase	b0828	NP_415349.1	iaaA	T2_near_identical_rbh	99.7	1.0	1.0	6.0	6.0		DIAMOND ultra-sensitive reciprocal best hit, identity >=90%, both coverages >=0.8, no tied hit
ECB_RS04275	ECB_00802	WP_000049362.1	30S ribosomal protein S12 methylthiotransferase RimO	b0835	NP_415356.1	rimO	T2_near_identical_rbh	99.8	1.0	1.0	6.0	6.0		DIAMOND ultra-sensitive reciprocal best hit, identity >=90%, both coverages >=0.8, no tied hit
ECB_RS04285	ECB_00804	WP_000554959.1	aldose sugar dehydrogenase YliI	b0837	NP_415358.1	yliI	T2_near_identical_rbh	99.7	1.0	1.0	6.0	6.0		DIAMOND ultra-sensitive reciprocal best hit, identity >=90%, both coverages >=0.8, no tied hit
ECB_RS04475	ECB_00846	WP_000280166.1	tail fiber assembly protein	b2354	NP_416855.1	yfdK	excluded_weak_rbh	67.4	0.993	0.986	0.0	1.0		reciprocal best hit failing T2 and T3 thresholds; not a transfer route
ECB_RS04480	ECB_00847	WP_000368077.1	tail fiber assembly protein	b1156	NP_415674.1	tfaE	excluded_weak_rbh	89.0	1.0	1.0	0.0	2.0		reciprocal best hit failing T2 and T3 thresholds; not a transfer route
ECB_RS04545	ECB_00859	WP_000126069.1	spermidine/putrescine ABC transporter substrate-binding protein PotF	b0854	NP_415375.1	potF	T2_near_identical_rbh	99.7	1.0	1.0	6.0	6.0		DIAMOND ultra-sensitive reciprocal best hit, identity >=90%, both coverages >=0.8, no tied hit
ECB_RS04555	ECB_00861	WP_000105444.1	putrescine ABC transporter permease PotH	b0856	NP_415377.1	potH	T2_near_identical_rbh	99.4	1.0	1.0	6.0	6.0		DIAMOND ultra-sensitive reciprocal best hit, identity >=90%, both coverages >=0.8, no tied hit
ECB_RS04560	ECB_00862	WP_001061667.1	putrescine ABC transporter permease PotI	b0857	NP_415378.1	potI	T2_near_identical_rbh	99.3	1.0	1.0	6.0	6.0		DIAMOND ultra-sensitive reciprocal best hit, identity >=90%, both coverages >=0.8, no tied hit
ECB_RS04570	ECB_00864	WP_001149743.1	23S rRNA (uracil(747)-C(5))-methyltransferase RlmC	b0859	NP_415380.1	rlmC	T2_near_identical_rbh	97.6	1.0	1.0	6.0	6.0		DIAMOND ultra-sensitive reciprocal best hit, identity >=90%, both coverages >=0.8, no tied hit
ECB_RS04575	ECB_00865	WP_001295905.1	arginine ABC transporter substrate-binding protein ArtJ	b0860	NP_415381.1	artJ	T2_near_identical_rbh	99.6	1.0	1.0	6.0	6.0		DIAMOND ultra-sensitive reciprocal best hit, identity >=90%, both coverages >=0.8, no tied hit
ECB_RS04610	ECB_00872	WP_001255168.1	N-acetylmuramoyl-L-alanine amidase AmiD	b0867	NP_415388.1	amiD	T2_near_identical_rbh	98.9	1.0	1.0	6.0	6.0		DIAMOND ultra-sensitive reciprocal best hit, identity >=90%, both coverages >=0.8, no tied hit
ECB_RS04620	ECB_00874	WP_001136577.1	SDR family oxidoreductase	b0869	NP_415390.4	ybjT	T2_near_identical_rbh	99.8	1.0	1.0	6.0	6.0		DIAMOND ultra-sensitive reciprocal best hit, identity >=90%, both coverages >=0.8, no tied hit
ECB_RS04625	ECB_00875	WP_000566356.1	low-specificity L-threonine aldolase	b0870	NP_415391.1	ltaE	T2_near_identical_rbh	99.1	1.0	1.0	6.0	6.0		DIAMOND ultra-sensitive reciprocal best hit, identity >=90%, both coverages >=0.8, no tied hit
ECB_RS04630	ECB_00876	WP_000815335.1	ubiquinone-dependent pyruvate dehydrogenase	b0871	NP_415392.1	poxB	T2_near_identical_rbh	99.8	1.0	1.0	6.0	6.0		DIAMOND ultra-sensitive reciprocal best hit, identity >=90%, both coverages >=0.8, no tied hit
ECB_RS04665	ECB_00882	WP_001355621.1	VirK/YbjX family protein	b0877	NP_415398.1	ybjX	T2_near_identical_rbh	99.7	1.0	0.964	6.0	6.0		DIAMOND ultra-sensitive reciprocal best hit, identity >=90%, both coverages >=0.8, no tied hit
ECB_RS04670	ECB_00883	WP_000746443.1	macrolide transporter subunit MacA	b0878	NP_415399.4	macA	T2_near_identical_rbh	99.7	1.0	1.0	6.0	6.0		DIAMOND ultra-sensitive reciprocal best hit, identity >=90%, both coverages >=0.8, no tied hit
ECB_RS04675	ECB_00884	WP_000188180.1	macrolide ABC transporter ATP-binding protein/permease MacB	b0879	NP_415400.1	macB	T2_near_identical_rbh	99.7	1.0	1.0	6.0	6.0		DIAMOND ultra-sensitive reciprocal best hit, identity >=90%, both coverages >=0.8, no tied hit
ECB_RS04710	ECB_00890	WP_001202189.1	heme ABC transporter ATP-binding protein/permease CydC	b0886	NP_415406.1	cydC	T2_near_identical_rbh	99.7	1.0	1.0	6.0	6.0		DIAMOND ultra-sensitive reciprocal best hit, identity >=90%, both coverages >=0.8, no tied hit
ECB_RS04715	ECB_00891	WP_001043577.1	heme ABC transporter permease/ATP-binding protein CydD	b0887	NP_415407.1	cydD	T2_near_identical_rbh	99.5	1.0	1.0	6.0	6.0		DIAMOND ultra-sensitive reciprocal best hit, identity >=90%, both coverages >=0.8, no tied hit
ECB_RS04730	ECB_00894	WP_000077053.1	DNA translocase FtsK	b0890	NP_415410.1	ftsK	T2_near_identical_rbh	98.2	1.0	1.01	6.0	6.0		DIAMOND ultra-sensitive reciprocal best hit, identity >=90%, both coverages >=0.8, no tied hit
ECB_RS04760	ECB_00900	WP_000534631.1	dimethyl sulfoxide reductase anchor subunit DmsC	b0896	NP_415416.1	dmsC	T2_near_identical_rbh	99.7	1.0	1.0	6.0	6.0		DIAMOND ultra-sensitive reciprocal best hit, identity >=90%, both coverages >=0.8, no tied hit
ECB_RS04815	ECB_00911	WP_000057149.1	3-phosphoserine/phosphohydroxythreonine transaminase	b0907	NP_415427.1	serC	T2_near_identical_rbh	99.7	1.0	1.0	6.0	6.0		DIAMOND ultra-sensitive reciprocal best hit, identity >=90%, both coverages >=0.8, no tied hit
ECB_RS04820	ECB_00912	WP_000445249.1	3-phosphoshikimate 1-carboxyvinyltransferase	b0908	NP_415428.1	aroA	T2_near_identical_rbh	99.8	1.0	1.0	6.0	6.0		DIAMOND ultra-sensitive reciprocal best hit, identity >=90%, both coverages >=0.8, no tied hit
ECB_RS04825	ECB_00913	WP_001295345.1	metallopeptidase YcaL	b0909	NP_415429.2	ycaL	T2_near_identical_rbh	99.6	1.0	1.0	6.0	6.0		DIAMOND ultra-sensitive reciprocal best hit, identity >=90%, both coverages >=0.8, no tied hit
ECB_RS04900	ECB_00928	WP_000572670.1	chromosome partition protein MukB	b0924	NP_415444.1	mukB	T2_near_identical_rbh	99.9	1.0	1.0	6.0	6.0		DIAMOND ultra-sensitive reciprocal best hit, identity >=90%, both coverages >=0.8, no tied hit
ECB_RS04905	ECB_00929	WP_000925985.1	L,D-transpeptidase	b0925	NP_415445.1	ldtD	T2_near_identical_rbh	99.8	1.0	1.0	6.0	6.0		DIAMOND ultra-sensitive reciprocal best hit, identity >=90%, both coverages >=0.8, no tied hit
ECB_RS04940	ECB_00935	WP_001297200.1	nicotinate phosphoribosyltransferase	b0931	NP_415451.1	pncB	T2_near_identical_rbh	99.8	1.0	1.0	6.0	6.0		DIAMOND ultra-sensitive reciprocal best hit, identity >=90%, both coverages >=0.8, no tied hit
ECB_RS04965	ECB_00940	WP_001244342.1	aliphatic sulfonate ABC transporter substrate-binding protein SsuA	b0936	NP_415456.4	ssuA	T2_near_identical_rbh	99.1	1.0	1.0	6.0	6.0		DIAMOND ultra-sensitive reciprocal best hit, identity >=90%, both coverages >=0.8, no tied hit
ECB_RS04985	ECB_00944	WP_000286292.1	fimbrial biogenesis usher protein	b0940	NP_415460.1	elfC	T2_near_identical_rbh	99.8	1.0	1.0	6.0	6.0		DIAMOND ultra-sensitive reciprocal best hit, identity >=90%, both coverages >=0.8, no tied hit
ECB_RS05000	ECB_00947	WP_000919498.1	fimbrial protein	b0943	NP_415463.2	ycbV	T2_near_identical_rbh	99.4	1.0	1.0	6.0	6.0		DIAMOND ultra-sensitive reciprocal best hit, identity >=90%, both coverages >=0.8, no tied hit
ECB_RS05005	ECB_00948	WP_001111465.1	fimbrial chaperone	b0944	NP_415464.4	ycbF	T2_near_identical_rbh	100.0	0.963	1.0	6.0	6.0		DIAMOND ultra-sensitive reciprocal best hit, identity >=90%, both coverages >=0.8, no tied hit
ECB_RS05020	ECB_00951	WP_000212427.1	6-N-hydroxylaminopurine resistance protein YcbX	b0947	NP_415467.1	ycbX	T2_near_identical_rbh	99.7	1.0	1.0	6.0	6.0		DIAMOND ultra-sensitive reciprocal best hit, identity >=90%, both coverages >=0.8, no tied hit
ECB_RS05025	ECB_00952	WP_001086540.1	bifunctional 23S rRNA (guanine(2069)-N(7))-methyltransferase RlmK/23S rRNA (guanine(2445)-N(2))-methyltransferase RlmL	b0948	NP_415468.1	rlmL	T2_near_identical_rbh	99.9	1.0	1.0	6.0	6.0		DIAMOND ultra-sensitive reciprocal best hit, identity >=90%, both coverages >=0.8, no tied hit
ECB_RS05060	ECB_00959	WP_000156531.1	AAA family ATPase	b0955	NP_415475.1	ycbZ	T2_near_identical_rbh	99.7	1.0	1.0	6.0	6.0		DIAMOND ultra-sensitive reciprocal best hit, identity >=90%, both coverages >=0.8, no tied hit
ECB_RS05080	ECB_00962	WP_000288700.1	SOS-induced cell division inhibitor SulA	b0958	NP_415478.1	sulA	T2_near_identical_rbh	99.4	1.0	1.0	6.0	6.0		DIAMOND ultra-sensitive reciprocal best hit, identity >=90%, both coverages >=0.8, no tied hit
ECB_RS05090	ECB_00964	WP_000875061.1	YccS family putative transporter	b0960	NP_415480.2	yccS	T2_near_identical_rbh	100.0	0.996	1.0	6.0	6.0		DIAMOND ultra-sensitive reciprocal best hit, identity >=90%, both coverages >=0.8, no tied hit
ECB_RS05120	ECB_00969	WP_012767716.1	CoA-binding protein	b0965	NP_415485.4	yccU	T2_near_identical_rbh	99.3	1.0	1.0	6.0	6.0		DIAMOND ultra-sensitive reciprocal best hit, identity >=90%, both coverages >=0.8, no tied hit
ECB_RS05140	ECB_00973	WP_001301417.1	sulfurtransferase TusE	b0969	NP_415489.4	tusE	T2_near_identical_rbh	99.1	1.0	1.0	6.0	6.0		DIAMOND ultra-sensitive reciprocal best hit, identity >=90%, both coverages >=0.8, no tied hit
ECB_RS05145	ECB_00974	WP_000375126.1	FtsH protease modulator YccA	b0970	NP_415490.1	yccA	T2_near_identical_rbh	99.5	1.0	1.0	6.0	6.0		DIAMOND ultra-sensitive reciprocal best hit, identity >=90%, both coverages >=0.8, no tied hit
ECB_RS05185	ECB_00981	WP_000263577.1	cytochrome bd-II oxidase subunit 1	b0978	NP_415497.1	appC	T2_near_identical_rbh	99.8	1.0	1.0	6.0	6.0		DIAMOND ultra-sensitive reciprocal best hit, identity >=90%, both coverages >=0.8, no tied hit
ECB_RS05200	ECB_00983	WP_001297112.1	bifunctional acid phosphatase/4-phytase	b0980	NP_415500.1	appA	T2_near_identical_rbh	99.5	1.0	1.0	6.0	6.0		DIAMOND ultra-sensitive reciprocal best hit, identity >=90%, both coverages >=0.8, no tied hit
ECB_RS05205	ECB_00984	WP_000208668.1	tyrosine-protein kinase	b0981	NP_415501.1	etk	T2_near_identical_rbh	99.9	1.0	1.0	6.0	6.0		DIAMOND ultra-sensitive reciprocal best hit, identity >=90%, both coverages >=0.8, no tied hit
ECB_RS05220	ECB_00987	WP_000742329.1	YjbH domain-containing protein	b0984	NP_415504.1	gfcD	T2_near_identical_rbh	99.9	1.0	1.0	6.0	6.0		DIAMOND ultra-sensitive reciprocal best hit, identity >=90%, both coverages >=0.8, no tied hit
ECB_RS05225	ECB_00988	WP_001038056.1	capsule biosynthesis GfcC family protein	b0985	NP_415505.1	gfcC	T2_near_identical_rbh	99.2	1.0	1.0	6.0	6.0		DIAMOND ultra-sensitive reciprocal best hit, identity >=90%, both coverages >=0.8, no tied hit
ECB_RS05230	ECB_00989	WP_001301225.1	lipoprotein GfcB	b0986	NP_415506.1	gfcB	T2_near_identical_rbh	99.5	1.0	1.0	6.0	6.0		DIAMOND ultra-sensitive reciprocal best hit, identity >=90%, both coverages >=0.8, no tied hit
ECB_RS05260	ECB_00995	WP_000829668.1	4Fe-4S binding protein	b0992	NP_415512.1	yccM	T2_near_identical_rbh	99.4	1.0	1.0	6.0	6.0		DIAMOND ultra-sensitive reciprocal best hit, identity >=90%, both coverages >=0.8, no tied hit
ECB_RS05265	ECB_00996	WP_012767717.1	TMAO reductase system sensor histidine kinase/response regulator TorS	b0993	NP_415513.2	torS	T2_near_identical_rbh	99.9	1.0	1.0	6.0	6.0		DIAMOND ultra-sensitive reciprocal best hit, identity >=90%, both coverages >=0.8, no tied hit
ECB_RS05270	ECB_00997	WP_001264935.1	TMAO reductase system periplasmic protein TorT	b0994	NP_415514.1	torT	T2_near_identical_rbh	99.7	1.0	1.0	6.0	6.0		DIAMOND ultra-sensitive reciprocal best hit, identity >=90%, both coverages >=0.8, no tied hit
ECB_RS05280	ECB_00999	WP_001301216.1	pentaheme c-type cytochrome TorC	b0996	NP_415516.1	torC	T2_near_identical_rbh	99.7	1.0	1.0	6.0	6.0		DIAMOND ultra-sensitive reciprocal best hit, identity >=90%, both coverages >=0.8, no tied hit
ECB_RS05285	ECB_01000	WP_001062090.1	trimethylamine-N-oxide reductase TorA	b0997	NP_415517.1	torA	T2_near_identical_rbh	99.9	1.0	1.0	6.0	6.0		DIAMOND ultra-sensitive reciprocal best hit, identity >=90%, both coverages >=0.8, no tied hit
ECB_RS05290	ECB_01001	WP_000209868.1	molecular chaperone TorD	b0998	NP_415518.1	torD	T2_near_identical_rbh	99.0	1.0	1.0	6.0	6.0		DIAMOND ultra-sensitive reciprocal best hit, identity >=90%, both coverages >=0.8, no tied hit
ECB_RS05305	ECB_01004	WP_000535345.1	YccE family protein	b1001	NP_415521.1	yccE	T2_near_identical_rbh	92.8	1.0	1.002	6.0	6.0		DIAMOND ultra-sensitive reciprocal best hit, identity >=90%, both coverages >=0.8, no tied hit
ECB_RS05310	ECB_01005	WP_001044366.1	bifunctional glucose-1-phosphatase/inositol phosphatase	b1002	NP_415522.1	agp	T2_near_identical_rbh	98.8	1.0	1.0	6.0	6.0		DIAMOND ultra-sensitive reciprocal best hit, identity >=90%, both coverages >=0.8, no tied hit
ECB_RS05315	ECB_01006	WP_000107009.1	YccJ family protein	b1003	NP_415523.1	yccJ	T2_near_identical_rbh	97.3	1.0	1.0	6.0	6.0		DIAMOND ultra-sensitive reciprocal best hit, identity >=90%, both coverages >=0.8, no tied hit
ECB_RS05335	ECB_01009	WP_001301229.1	pyrimidine utilization transport protein G	b1006	NP_415526.4	rutG	T2_near_identical_rbh	99.1	1.0	1.0	6.0	6.0		DIAMOND ultra-sensitive reciprocal best hit, identity >=90%, both coverages >=0.8, no tied hit
ECB_RS05340	ECB_01010	WP_001028095.1	NADH-dependent FMN reductase RutF	b1007	NP_415527.4	rutF	T2_near_identical_rbh	98.8	1.0	1.0	6.0	6.0		DIAMOND ultra-sensitive reciprocal best hit, identity >=90%, both coverages >=0.8, no tied hit
ECB_RS05345	ECB_01011	WP_001001169.1	malonic semialdehyde reductase	b1008	NP_415528.1	rutE	T2_near_identical_rbh	97.4	1.0	1.0	6.0	6.0		DIAMOND ultra-sensitive reciprocal best hit, identity >=90%, both coverages >=0.8, no tied hit
ECB_RS05360	ECB_01014	WP_001307100.1	peroxyureidoacrylate/ureidoacrylate amidohydrolase RutB	b1011	NP_415531.2	rutB	T2_near_identical_rbh	99.6	1.0	1.0	6.0	6.0		DIAMOND ultra-sensitive reciprocal best hit, identity >=90%, both coverages >=0.8, no tied hit
ECB_RS05365	ECB_01015	WP_001301233.1	pyrimidine utilization protein A	b1012	NP_415532.3	rutA	T2_near_identical_rbh	99.4	1.0	0.95	5.0	5.0		DIAMOND ultra-sensitive reciprocal best hit, identity >=90%, both coverages >=0.8, no tied hit
ECB_RS05370	ECB_01016	WP_001301219.1	HTH-type transcriptional regulator RutR	b1013	NP_415533.1	rutR	T2_near_identical_rbh	99.5	1.0	1.0	5.0	5.0		DIAMOND ultra-sensitive reciprocal best hit, identity >=90%, both coverages >=0.8, no tied hit
ECB_RS05375	ECB_01017	WP_001703864.1	trifunctional transcriptional regulator/proline dehydrogenase/L-glutamate gamma-semialdehyde dehydrogenase	b1014	NP_415534.1	putA	T2_near_identical_rbh	99.5	1.0	1.0	4.0	4.0		DIAMOND ultra-sensitive reciprocal best hit, identity >=90%, both coverages >=0.8, no tied hit
ECB_RS05385	ECB_01018	WP_001018486.1	sodium/proline symporter PutP	b1015	NP_415535.1	putP	T2_near_identical_rbh	99.6	1.0	1.0	4.0	4.0		DIAMOND ultra-sensitive reciprocal best hit, identity >=90%, both coverages >=0.8, no tied hit
ECB_RS05415	ECB_01022	WP_000533522.1	phosphate starvation-inducible protein PhoH	b1020	NP_415539.1	phoH	T3_divergent_syntenic_rbh	100.0	1.0	0.74	5.0	5.0		reciprocal best hit below T2 thresholds (identity >=50%, coverage >=0.6) with >=1 conserved neighbour within +/-3 loci
ECB_RS05440	ECB_01027	WP_000409883.1	GGDEF domain-containing protein	b1025	NP_415544.1	dgcT	T2_near_identical_rbh	99.8	1.0	1.0	5.0	6.0		DIAMOND ultra-sensitive reciprocal best hit, identity >=90%, both coverages >=0.8, no tied hit
ECB_RS05445	ECB_01028	WP_085947771.1	IS3-like element IS3 family transposase	b0299	NP_414833.1	insF1	ambiguous_rbh_tie	100.0	0.744	1.0	0.0	6.0	tied best hit	reciprocal best hit with an equal-bitscore alternative
ECB_RS05465	ECB_01030	WP_000351315.1	glyoxylate/hydroxypyruvate reductase GhrA	b1033	NP_415551.2	ghrA	T2_near_identical_rbh	99.7	1.0	1.0	5.0	6.0		DIAMOND ultra-sensitive reciprocal best hit, identity >=90%, both coverages >=0.8, no tied hit
ECB_RS05470	ECB_01031	WP_000283664.1	zinc-binding phosphatase	b1034	NP_415552.1	ycdX	T2_near_identical_rbh	99.6	1.0	1.0	5.0	6.0		DIAMOND ultra-sensitive reciprocal best hit, identity >=90%, both coverages >=0.8, no tied hit
ECB_RS05475	ECB_01032	WP_001001902.1	molecular chaperone YcdY	b1035	NP_415553.1	ycdY	T2_near_identical_rbh	98.9	1.0	1.0	5.0	6.0		DIAMOND ultra-sensitive reciprocal best hit, identity >=90%, both coverages >=0.8, no tied hit
ECB_RS05500	ECB_01037	WP_000481506.1	biofilm master transcriptional regulator CsgD	b1040	NP_415558.1	csgD	T2_near_identical_rbh	99.1	1.0	1.0	6.0	6.0		DIAMOND ultra-sensitive reciprocal best hit, identity >=90%, both coverages >=0.8, no tied hit
ECB_RS05520	ECB_01040	WP_000992837.1	curli assembly chaperone CsgC	b1043	NP_415561.1	csgC	T2_near_identical_rbh	98.2	1.0	1.0	6.0	6.0		DIAMOND ultra-sensitive reciprocal best hit, identity >=90%, both coverages >=0.8, no tied hit
ECB_RS05525	ECB_01041	WP_000489585.1	protein YmdA	b1044	NP_415562.1	ymdA	T2_near_identical_rbh	99.0	1.0	1.0	6.0	6.0		DIAMOND ultra-sensitive reciprocal best hit, identity >=90%, both coverages >=0.8, no tied hit
ECB_RS05535	ECB_01043	WP_001307714.1	cardiolipin synthase ClsC	b1046	NP_415564.2	clsC	T2_near_identical_rbh	99.8	0.959	1.0	6.0	6.0		DIAMOND ultra-sensitive reciprocal best hit, identity >=90%, both coverages >=0.8, no tied hit
ECB_RS05590	ECB_01051	WP_001319625.1	rhodanese-related sulfurtransferase	b1055	NP_415573.1	trhO	T2_near_identical_rbh	99.7	1.0	1.0	6.0	6.0		DIAMOND ultra-sensitive reciprocal best hit, identity >=90%, both coverages >=0.8, no tied hit
ECB_RS05605	ECB_01054	WP_001253418.1	YceO family protein	b1058	NP_415576.1	yceO	T2_near_identical_rbh	100.0	1.0	0.804	6.0	6.0		DIAMOND ultra-sensitive reciprocal best hit, identity >=90%, both coverages >=0.8, no tied hit
ECB_RS05615	ECB_01056	WP_000414437.1	biofilm formation regulator BssS	b1060	NP_415578.3	bssS	T2_near_identical_rbh	98.8	1.0	1.0	6.0	6.0		DIAMOND ultra-sensitive reciprocal best hit, identity >=90%, both coverages >=0.8, no tied hit
ECB_RS05625	ECB_01058	WP_000126543.1	dihydroorotase	b1062	NP_415580.1	pyrC	T2_near_identical_rbh	99.7	1.0	1.0	6.0	6.0		DIAMOND ultra-sensitive reciprocal best hit, identity >=90%, both coverages >=0.8, no tied hit
ECB_RS05680	ECB_01069	WP_000884692.1	flagellar basal body rod protein FlgB	b1073	NP_415591.1	flgB	T2_near_identical_rbh	99.3	1.0	1.0	6.0	6.0		DIAMOND ultra-sensitive reciprocal best hit, identity >=90%, both coverages >=0.8, no tied hit
ECB_RS05690	ECB_01071	WP_000020467.1	flagellar hook assembly protein FlgD	b1075	NP_415593.1	flgD	T2_near_identical_rbh	99.1	1.0	1.0	6.0	6.0		DIAMOND ultra-sensitive reciprocal best hit, identity >=90%, both coverages >=0.8, no tied hit
ECB_RS05695	ECB_01072	WP_000885878.1	flagellar hook protein FlgE	b1076	NP_415594.1	flgE	T2_near_identical_rbh	95.5	1.002	1.0	6.0	6.0		DIAMOND ultra-sensitive reciprocal best hit, identity >=90%, both coverages >=0.8, no tied hit
ECB_RS05725	ECB_01078	WP_000096480.1	flagellar hook-associated protein FlgK	b1082	NP_415600.1	flgK	T2_near_identical_rbh	99.8	1.0	1.0	6.0	6.0		DIAMOND ultra-sensitive reciprocal best hit, identity >=90%, both coverages >=0.8, no tied hit
ECB_RS05730	ECB_01079	WP_001212776.1	flagellar hook-associated protein FlgL	b1083	NP_415601.1	flgL	T2_near_identical_rbh	98.4	1.0	1.0	6.0	6.0		DIAMOND ultra-sensitive reciprocal best hit, identity >=90%, both coverages >=0.8, no tied hit
ECB_RS05735	ECB_01080	WP_000827411.1	ribonuclease E	b1084	NP_415602.1	rne	T2_near_identical_rbh	98.8	1.0	1.0	6.0	6.0		DIAMOND ultra-sensitive reciprocal best hit, identity >=90%, both coverages >=0.8, no tied hit
ECB_RS05765	ECB_01086	WP_000197578.1	phosphate acyltransferase PlsX	b1090	NP_415608.2	plsX	T2_near_identical_rbh	99.7	1.0	1.0	6.0	6.0		DIAMOND ultra-sensitive reciprocal best hit, identity >=90%, both coverages >=0.8, no tied hit
ECB_RS05770	ECB_01087	WP_000288146.1	beta-ketoacyl-ACP synthase III	b1091	NP_415609.1	fabH	T2_near_identical_rbh	99.7	1.0	1.0	6.0	6.0		DIAMOND ultra-sensitive reciprocal best hit, identity >=90%, both coverages >=0.8, no tied hit
ECB_RS05780	ECB_01089	WP_001008532.1	3-oxoacyl-ACP reductase FabG	b1093	NP_415611.1	fabG	T2_near_identical_rbh	99.6	1.0	1.0	6.0	6.0		DIAMOND ultra-sensitive reciprocal best hit, identity >=90%, both coverages >=0.8, no tied hit
ECB_RS05795	ECB_01092	WP_000478709.1	aminodeoxychorismate lyase	b1096	NP_415614.1	pabC	T2_near_identical_rbh	98.1	1.0	1.0	6.0	6.0		DIAMOND ultra-sensitive reciprocal best hit, identity >=90%, both coverages >=0.8, no tied hit
ECB_RS05800	ECB_01093	WP_000756838.1	cell division protein YceG	b1097	NP_415615.1	mltG	T2_near_identical_rbh	99.7	1.0	1.0	6.0	6.0		DIAMOND ultra-sensitive reciprocal best hit, identity >=90%, both coverages >=0.8, no tied hit
ECB_RS05810	ECB_01095	WP_001267920.1	DNA polymerase III subunit delta'	b1099	NP_415617.1	holB	T2_near_identical_rbh	99.4	1.0	1.0	6.0	6.0		DIAMOND ultra-sensitive reciprocal best hit, identity >=90%, both coverages >=0.8, no tied hit
ECB_RS05815	ECB_01096	WP_000480255.1	metal-dependent hydrolase	b1100	NP_415618.1	ycfH	T2_near_identical_rbh	99.6	1.0	1.0	6.0	6.0		DIAMOND ultra-sensitive reciprocal best hit, identity >=90%, both coverages >=0.8, no tied hit
ECB_RS05825	ECB_01098	WP_000953449.1	ferric-rhodotorulic acid/ferric-coprogen receptor FhuE	b1102	NP_415620.1	fhuE	T2_near_identical_rbh	99.6	1.0	1.0	6.0	6.0		DIAMOND ultra-sensitive reciprocal best hit, identity >=90%, both coverages >=0.8, no tied hit
ECB_RS05835	ECB_01100	WP_001225276.1	YcfL family protein	b1104	NP_415622.1	ycfL	T2_near_identical_rbh	97.6	1.0	1.0	6.0	6.0		DIAMOND ultra-sensitive reciprocal best hit, identity >=90%, both coverages >=0.8, no tied hit
ECB_RS05845	ECB_01102	WP_001116560.1	thiamine kinase	b1106	NP_415624.1	thiK	T2_near_identical_rbh	98.9	1.0	1.0	6.0	6.0		DIAMOND ultra-sensitive reciprocal best hit, identity >=90%, both coverages >=0.8, no tied hit
ECB_RS05850	ECB_01103	WP_000529317.1	beta-N-acetylhexosaminidase	b1107	NP_415625.1	nagZ	T2_near_identical_rbh	98.8	1.0	1.0	6.0	6.0		DIAMOND ultra-sensitive reciprocal best hit, identity >=90%, both coverages >=0.8, no tied hit
ECB_RS05855	ECB_01104	WP_000587930.1	alpha/beta hydrolase YcfP	b1108	NP_415626.4	ycfP	T2_near_identical_rbh	99.4	1.0	1.0	6.0	6.0		DIAMOND ultra-sensitive reciprocal best hit, identity >=90%, both coverages >=0.8, no tied hit
ECB_RS05860	ECB_01105	WP_001295439.1	NADH-quinone dehydrogenase	b1109	NP_415627.1	ndh	T2_near_identical_rbh	99.8	1.0	1.0	6.0	6.0		DIAMOND ultra-sensitive reciprocal best hit, identity >=90%, both coverages >=0.8, no tied hit
ECB_RS05870	ECB_01107	WP_000179805.1	TetR family copper-responsive transcriptional repressor ComR	b1111	NP_415629.4	comR	T2_near_identical_rbh	99.5	1.0	1.0	6.0	6.0		DIAMOND ultra-sensitive reciprocal best hit, identity >=90%, both coverages >=0.8, no tied hit
ECB_RS05880	ECB_01109	WP_012767720.1	L,D-transpeptidase LdtC	b1113	NP_415631.1	ldtC	T2_near_identical_rbh	99.4	1.0	1.0	6.0	6.0		DIAMOND ultra-sensitive reciprocal best hit, identity >=90%, both coverages >=0.8, no tied hit
ECB_RS05885	ECB_01110	WP_012767721.1	transcription-repair coupling factor	b1114	NP_415632.1	mfd	T2_near_identical_rbh	99.5	1.0	1.0	6.0	6.0		DIAMOND ultra-sensitive reciprocal best hit, identity >=90%, both coverages >=0.8, no tied hit
ECB_RS05890	ECB_01111	WP_000810262.1	acyltransferase family protein	b1115	NP_415633.1	ycfT	T2_near_identical_rbh	98.6	1.0	1.0	6.0	6.0		DIAMOND ultra-sensitive reciprocal best hit, identity >=90%, both coverages >=0.8, no tied hit
ECB_RS05900	ECB_01113	WP_001033695.1	lipoprotein-releasing ABC transporter ATP-binding protein LolD	b1117	NP_415635.4	lolD	T2_near_identical_rbh	99.6	1.0	1.0	5.0	5.0		DIAMOND ultra-sensitive reciprocal best hit, identity >=90%, both coverages >=0.8, no tied hit
ECB_RS05905	ECB_01114	WP_001251384.1	lipoprotein-releasing ABC transporter permease subunit LolE	b1118	NP_415636.1	lolE	T2_near_identical_rbh	99.0	1.0	1.0	5.0	5.0		DIAMOND ultra-sensitive reciprocal best hit, identity >=90%, both coverages >=0.8, no tied hit
ECB_RS05930	ECB_01119	WP_000713459.1	TPM domain-containing protein	b1121	NP_415639.1	ycfZ	T2_near_identical_rbh	96.6	1.0	1.0	5.0	5.0		DIAMOND ultra-sensitive reciprocal best hit, identity >=90%, both coverages >=0.8, no tied hit
ECB_RS05950	ECB_01123	WP_000799401.1	spermidine/putrescine ABC transporter permease PotB	b1125	NP_415643.3	potB	T2_near_identical_rbh	100.0	0.961	0.996	6.0	6.0		DIAMOND ultra-sensitive reciprocal best hit, identity >=90%, both coverages >=0.8, no tied hit
ECB_RS05955	ECB_01124	WP_000531601.1	spermidine/putrescine ABC transporter ATP-binding protein PotA	b1126	NP_415644.1	potA	T2_near_identical_rbh	99.7	1.0	1.0	6.0	6.0		DIAMOND ultra-sensitive reciprocal best hit, identity >=90%, both coverages >=0.8, no tied hit
ECB_RS05965	ECB_01125	WP_000359441.1	peptidase T	b1127	NP_415645.1	pepT	T2_near_identical_rbh	99.5	1.0	1.0	6.0	6.0		DIAMOND ultra-sensitive reciprocal best hit, identity >=90%, both coverages >=0.8, no tied hit
ECB_RS05970	ECB_01126	WP_001295435.1	[50S ribosomal protein L16]-arginine 3-hydroxylase	b1128	NP_415646.4	roxA	T2_near_identical_rbh	99.7	1.0	1.0	6.0	6.0		DIAMOND ultra-sensitive reciprocal best hit, identity >=90%, both coverages >=0.8, no tied hit
ECB_RS05975	ECB_01127	WP_000735411.1	two-component system sensor histidine kinase PhoQ	b1129	NP_415647.1	phoQ	T2_near_identical_rbh	99.6	1.0	1.0	6.0	6.0		DIAMOND ultra-sensitive reciprocal best hit, identity >=90%, both coverages >=0.8, no tied hit
ECB_RS05980	ECB_01128	WP_001265481.1	two-component system response regulator PhoP	b1130	NP_415648.1	phoP	T2_near_identical_rbh	99.6	1.0	1.0	6.0	6.0		DIAMOND ultra-sensitive reciprocal best hit, identity >=90%, both coverages >=0.8, no tied hit
ECB_RS05985	ECB_01129	WP_000423729.1	adenylosuccinate lyase	b1131	NP_415649.1	purB	T2_near_identical_rbh	99.8	1.0	1.0	6.0	6.0		DIAMOND ultra-sensitive reciprocal best hit, identity >=90%, both coverages >=0.8, no tied hit
ECB_RS06000	ECB_01132	WP_000476096.1	phosphatase NudJ	b1134	NP_415652.1	nudJ	T2_near_identical_rbh	99.3	1.0	1.0	5.0	6.0		DIAMOND ultra-sensitive reciprocal best hit, identity >=90%, both coverages >=0.8, no tied hit
ECB_RS06005	ECB_01133	WP_001248685.1	23S rRNA pseudouridine(2457) synthase RluE	b1135	NP_415653.4	rluE	T2_near_identical_rbh	97.7	1.0	1.0	4.0	6.0		DIAMOND ultra-sensitive reciprocal best hit, identity >=90%, both coverages >=0.8, no tied hit
ECB_RS06010	ECB_01134	WP_000444487.1	NADP-dependent isocitrate dehydrogenase	b1136	NP_415654.1	icd	T2_near_identical_rbh	99.5	1.0	1.0	3.0	6.0		DIAMOND ultra-sensitive reciprocal best hit, identity >=90%, both coverages >=0.8, no tied hit
ECB_RS06015	ECB_01135	WP_001307134.1	anti-adapter protein IraM	b1160	NP_415678.1	iraM	T2_near_identical_rbh	97.2	1.0	1.0	3.0	6.0		DIAMOND ultra-sensitive reciprocal best hit, identity >=90%, both coverages >=0.8, no tied hit
ECB_RS06030	ECB_01137	WP_000332308.1	DNA-binding transcriptional repressor BluR	b1162	NP_415680.1	bluR	T2_near_identical_rbh	99.2	1.0	1.0	6.0	6.0		DIAMOND ultra-sensitive reciprocal best hit, identity >=90%, both coverages >=0.8, no tied hit
ECB_RS06035	ECB_01138	WP_001353798.1	blue light-responsive regulator BluF	b1163	NP_415681.1	bluF	T2_near_identical_rbh	99.5	1.0	1.0	6.0	6.0		DIAMOND ultra-sensitive reciprocal best hit, identity >=90%, both coverages >=0.8, no tied hit
ECB_RS06060	ECB_01143	WP_001246510.1	EAL domain-containing protein	b1168	NP_415686.2	pdeG	T2_near_identical_rbh	99.4	1.0	1.0	6.0	6.0		DIAMOND ultra-sensitive reciprocal best hit, identity >=90%, both coverages >=0.8, no tied hit
ECB_RS06085	ECB_01146	WP_000979983.1	YmgD family protein	b1171	NP_415689.2	ymgD	T2_near_identical_rbh	99.1	0.982	1.0	6.0	6.0		DIAMOND ultra-sensitive reciprocal best hit, identity >=90%, both coverages >=0.8, no tied hit
ECB_RS06120	ECB_01152	WP_001056848.1	YcgJ family protein	b1177	NP_415695.1	ycgJ	T2_near_identical_rbh	97.5	1.0	1.0	6.0	6.0		DIAMOND ultra-sensitive reciprocal best hit, identity >=90%, both coverages >=0.8, no tied hit
ECB_RS06125	ECB_01153	WP_000695218.1	g-type lysoyme inhibitor PliG	b1178	NP_415696.1	pliG	T2_near_identical_rbh	98.5	1.0	1.0	6.0	6.0		DIAMOND ultra-sensitive reciprocal best hit, identity >=90%, both coverages >=0.8, no tied hit
ECB_RS06130	ECB_01154	WP_001297679.1	YcgL domain-containing protein	b1179	NP_415697.5	ycgL	T2_near_identical_rbh	99.0	1.0	0.898	6.0	6.0		DIAMOND ultra-sensitive reciprocal best hit, identity >=90%, both coverages >=0.8, no tied hit
ECB_RS06135	ECB_01155	WP_000284277.1	fumarylacetoacetate hydrolase family protein	b1180	NP_415698.1	ycgM	T2_near_identical_rbh	99.5	1.0	1.0	6.0	6.0		DIAMOND ultra-sensitive reciprocal best hit, identity >=90%, both coverages >=0.8, no tied hit
ECB_RS06140	ECB_01156	WP_012767724.1	YcgN family cysteine cluster protein	b1181	NP_415699.5	ycgN	T2_near_identical_rbh	99.3	1.0	0.967	6.0	6.0		DIAMOND ultra-sensitive reciprocal best hit, identity >=90%, both coverages >=0.8, no tied hit
ECB_RS06190	ECB_01165	WP_000197884.1	catabolic alanine racemase DadX	b1190	NP_415708.1	dadX	T2_near_identical_rbh	99.7	1.0	1.0	6.0	6.0		DIAMOND ultra-sensitive reciprocal best hit, identity >=90%, both coverages >=0.8, no tied hit
ECB_RS06215	ECB_01170	WP_000511313.1	GlsB/YeaQ/YmgE family stress response membrane protein	b1195	NP_415713.1	ymgE	T2_near_identical_rbh	98.8	1.0	1.0	6.0	6.0		DIAMOND ultra-sensitive reciprocal best hit, identity >=90%, both coverages >=0.8, no tied hit
ECB_RS06245	ECB_01176	WP_001295618.1	dihydroxyacetone kinase operon transcriptional regulator DhaR	b1201	NP_415719.2	dhaR	T2_near_identical_rbh	99.8	1.0	1.0	6.0	6.0		DIAMOND ultra-sensitive reciprocal best hit, identity >=90%, both coverages >=0.8, no tied hit
ECB_RS06250	ECB_01177	WP_001328993.1	autotransporter outer membrane beta-barrel domain-containing protein	b1202	NP_415720.1	ycgV	T2_near_identical_rbh	99.8	1.0	1.0	6.0	6.0		DIAMOND ultra-sensitive reciprocal best hit, identity >=90%, both coverages >=0.8, no tied hit
ECB_RS06260	ECB_01178	WP_000505877.1	redox-regulated ATPase YchF	b1203	NP_415721.1	ychF	T2_near_identical_rbh	99.7	1.0	1.0	6.0	6.0		DIAMOND ultra-sensitive reciprocal best hit, identity >=90%, both coverages >=0.8, no tied hit
ECB_RS06285	ECB_01183	WP_001260328.1	4-(cytidine 5'-diphospho)-2-C-methyl-D-erythritol kinase	b1208	NP_415726.1	ispE	T2_near_identical_rbh	99.3	1.0	1.0	6.0	6.0		DIAMOND ultra-sensitive reciprocal best hit, identity >=90%, both coverages >=0.8, no tied hit
ECB_RS06295	ECB_01185	WP_001295619.1	glutamyl-tRNA reductase	b1210	NP_415728.1	hemA	T2_near_identical_rbh	99.8	1.0	1.0	6.0	6.0		DIAMOND ultra-sensitive reciprocal best hit, identity >=90%, both coverages >=0.8, no tied hit
ECB_RS06305	ECB_01187	WP_000456454.1	peptide chain release factor N(5)-glutamine methyltransferase	b1212	NP_415730.1	prmC	T2_near_identical_rbh	98.2	1.0	1.0	6.0	6.0		DIAMOND ultra-sensitive reciprocal best hit, identity >=90%, both coverages >=0.8, no tied hit
ECB_RS06310	ECB_01188	WP_000200373.1	invasion regulator SirB2	b1213	NP_415731.1	ychQ	T2_near_identical_rbh	99.2	1.0	1.0	5.0	5.0		DIAMOND ultra-sensitive reciprocal best hit, identity >=90%, both coverages >=0.8, no tied hit
ECB_RS06335	ECB_01193	WP_000170965.1	type I toxin-antitoxin system toxin Ldr family protein	b4423	YP_025299.1	ldrC	ambiguous_rbh_tie	97.1	1.0	1.0	5.0	5.0	tied best hit	reciprocal best hit with an equal-bitscore alternative
ECB_RS06340	ECB_01194	WP_001295620.1	sodium-potassium/proton antiporter ChaA	b1216	NP_415734.1	chaA	T2_near_identical_rbh	99.5	1.0	1.0	5.0	5.0		DIAMOND ultra-sensitive reciprocal best hit, identity >=90%, both coverages >=0.8, no tied hit
ECB_RS06350	ECB_01196	WP_012775986.1	glutathione-specific gamma-glutamylcyclotransferase	b1218	NP_415736.2	chaC	T2_near_identical_rbh	98.3	1.0	1.0	6.0	6.0		DIAMOND ultra-sensitive reciprocal best hit, identity >=90%, both coverages >=0.8, no tied hit
ECB_RS06360	ECB_01198	WP_001400233.1	inverse autotransporter invasin YchO	b1220	NP_415738.2	ychO	T2_near_identical_rbh	99.1	1.0	1.0	6.0	6.0		DIAMOND ultra-sensitive reciprocal best hit, identity >=90%, both coverages >=0.8, no tied hit
ECB_RS06385	ECB_01202	WP_000032935.1	nitrate reductase subunit alpha	b1224	NP_415742.1	narG	T2_near_identical_rbh	99.9	1.0	1.0	6.0	6.0		DIAMOND ultra-sensitive reciprocal best hit, identity >=90%, both coverages >=0.8, no tied hit
ECB_RS06390	ECB_01203	WP_000702660.1	nitrate reductase subunit beta	b1225	NP_415743.1	narH	T2_near_identical_rbh	99.8	1.0	1.0	6.0	6.0		DIAMOND ultra-sensitive reciprocal best hit, identity >=90%, both coverages >=0.8, no tied hit
ECB_RS06395	ECB_01204	WP_000571699.1	nitrate reductase molybdenum cofactor assembly chaperone	b1226	NP_415744.1	narJ	T2_near_identical_rbh	98.3	1.0	1.0	6.0	6.0		DIAMOND ultra-sensitive reciprocal best hit, identity >=90%, both coverages >=0.8, no tied hit
ECB_RS06400	ECB_01205	WP_001160110.1	respiratory nitrate reductase subunit gamma	b1227	NP_415745.1	narI	T2_near_identical_rbh	99.6	1.0	1.0	6.0	6.0		DIAMOND ultra-sensitive reciprocal best hit, identity >=90%, both coverages >=0.8, no tied hit
ECB_RS06415	ECB_01208	WP_000555849.1	formyltetrahydrofolate deformylase	b1232	NP_415748.1	purU	T2_near_identical_rbh	99.6	1.0	1.0	6.0	6.0		DIAMOND ultra-sensitive reciprocal best hit, identity >=90%, both coverages >=0.8, no tied hit
ECB_RS06420	ECB_01209	WP_001362540.1	YchJ family protein	b1233	NP_415749.1	ychJ	T2_near_identical_rbh	99.3	1.0	1.0	6.0	6.0		DIAMOND ultra-sensitive reciprocal best hit, identity >=90%, both coverages >=0.8, no tied hit
ECB_RS06445	ECB_01214	WP_000068089.1	thymidine kinase	b1238	NP_415754.1	tdk	T2_near_identical_rbh	99.0	1.0	1.0	6.0	6.0		DIAMOND ultra-sensitive reciprocal best hit, identity >=90%, both coverages >=0.8, no tied hit
ECB_RS06460	ECB_01217	WP_001297114.1	oligopeptide ABC transporter substrate-binding protein OppA	b1243	NP_415759.1	oppA	T2_near_identical_rbh	99.4	1.0	1.0	6.0	6.0		DIAMOND ultra-sensitive reciprocal best hit, identity >=90%, both coverages >=0.8, no tied hit
ECB_RS06475	ECB_01220	WP_000110945.1	murein tripeptide/oligopeptide ABC transporter ATP-binding protein OppD	b1246	YP_025300.1	oppD	T2_near_identical_rbh	99.7	1.0	1.0	6.0	6.0		DIAMOND ultra-sensitive reciprocal best hit, identity >=90%, both coverages >=0.8, no tied hit
ECB_RS06480	ECB_01221	WP_000994905.1	murein tripeptide/oligopeptide ABC transporter ATP-binding protein OppF	b1247	NP_415763.1	oppF	T2_near_identical_rbh	99.7	1.0	1.0	6.0	6.0		DIAMOND ultra-sensitive reciprocal best hit, identity >=90%, both coverages >=0.8, no tied hit
ECB_RS06500	ECB_01224	WP_000020078.1	voltage-gated potassium channel protein	b1250	NP_415766.1	kch	T2_near_identical_rbh	99.8	1.0	1.0	6.0	6.0		DIAMOND ultra-sensitive reciprocal best hit, identity >=90%, both coverages >=0.8, no tied hit
ECB_RS06510	ECB_01226	WP_001300409.1	TonB system transport protein TonB	b1252	NP_415768.1	tonB	T2_near_identical_rbh	94.1	1.0	1.0	6.0	6.0		DIAMOND ultra-sensitive reciprocal best hit, identity >=90%, both coverages >=0.8, no tied hit
ECB_RS06525	ECB_01229	WP_000028540.1	YciC family protein	b1255	NP_415771.1	yciC	T2_near_identical_rbh	99.6	1.0	1.0	6.0	6.0		DIAMOND ultra-sensitive reciprocal best hit, identity >=90%, both coverages >=0.8, no tied hit
ECB_RS06555	ECB_01235	WP_000209518.1	tryptophan synthase subunit beta	b1261	NP_415777.1	trpB	T2_near_identical_rbh	99.7	1.0	1.0	6.0	6.0		DIAMOND ultra-sensitive reciprocal best hit, identity >=90%, both coverages >=0.8, no tied hit
ECB_RS06560	ECB_01236	WP_000983912.1	bifunctional indole-3-glycerol-phosphate synthase TrpC/phosphoribosylanthranilate isomerase TrpF	b1262	NP_415778.3	trpC	T2_near_identical_rbh	99.1	1.0	1.0	6.0	6.0		DIAMOND ultra-sensitive reciprocal best hit, identity >=90%, both coverages >=0.8, no tied hit
ECB_RS06570	ECB_01238	WP_001194647.1	anthranilate synthase component I	b1264	NP_415780.1	trpE	T2_near_identical_rbh	99.8	1.0	1.0	6.0	6.0		DIAMOND ultra-sensitive reciprocal best hit, identity >=90%, both coverages >=0.8, no tied hit
ECB_RS06575	ECB_01240	WP_001285663.1	RNase RNM	b1266	NP_415782.1	rnm	T2_near_identical_rbh	99.7	1.0	1.0	5.0	5.0		DIAMOND ultra-sensitive reciprocal best hit, identity >=90%, both coverages >=0.8, no tied hit
ECB_RS06660	ECB_01253	WP_000099534.1	aconitate hydratase AcnA	b1276	NP_415792.1	acnA	T2_near_identical_rbh	99.9	1.0	1.0	6.0	6.0		DIAMOND ultra-sensitive reciprocal best hit, identity >=90%, both coverages >=0.8, no tied hit
ECB_RS06685	ECB_01258	WP_000176278.1	orotidine-5'-phosphate decarboxylase	b1281	NP_415797.1	pyrF	T2_near_identical_rbh	99.6	1.0	1.0	6.0	6.0		DIAMOND ultra-sensitive reciprocal best hit, identity >=90%, both coverages >=0.8, no tied hit
ECB_RS06700	ECB_01261	WP_001088621.1	DNA-binding transcriptional regulator YciT	b1284	NP_415800.1	yciT	T2_near_identical_rbh	99.6	1.0	1.0	6.0	6.0		DIAMOND ultra-sensitive reciprocal best hit, identity >=90%, both coverages >=0.8, no tied hit
ECB_RS06710	ECB_01262	WP_000859981.1	cyclic di-GMP phosphodiesterase	b1285	NP_415801.1	pdeR	T2_near_identical_rbh	98.9	1.0	1.0	6.0	6.0		DIAMOND ultra-sensitive reciprocal best hit, identity >=90%, both coverages >=0.8, no tied hit
ECB_RS06720	ECB_01263	WP_000484965.1	exoribonuclease II	b1286	NP_415802.1	rnb	T2_near_identical_rbh	99.4	1.0	1.0	6.0	6.0		DIAMOND ultra-sensitive reciprocal best hit, identity >=90%, both coverages >=0.8, no tied hit
ECB_RS06725	ECB_01264	WP_001301103.1	carboxymuconolactone decarboxylase family protein	b1287	NP_415803.2	yciW	T2_near_identical_rbh	95.2	1.0	1.0	6.0	6.0		DIAMOND ultra-sensitive reciprocal best hit, identity >=90%, both coverages >=0.8, no tied hit
ECB_RS06770	ECB_01272	WP_001015105.1	YmjA family protein	b1295	NP_415811.1	ymjA	T2_near_identical_rbh	97.5	1.0	1.0	6.0	6.0		DIAMOND ultra-sensitive reciprocal best hit, identity >=90%, both coverages >=0.8, no tied hit
ECB_RS06775	ECB_01273	WP_000996861.1	putrescine/proton symporter PuuP	b1296	NP_415812.4	puuP	T2_near_identical_rbh	98.9	1.0	1.0	6.0	6.0		DIAMOND ultra-sensitive reciprocal best hit, identity >=90%, both coverages >=0.8, no tied hit
ECB_RS06780	ECB_01274	WP_001300763.1	glutamate-putrescine ligase	b1297	NP_415813.4	puuA	T2_near_identical_rbh	99.6	1.0	1.0	6.0	6.0		DIAMOND ultra-sensitive reciprocal best hit, identity >=90%, both coverages >=0.8, no tied hit
ECB_RS06785	ECB_01275	WP_012767726.1	gamma-glutamyl-gamma-aminobutyrate hydrolase	b1298	NP_415814.4	puuD	T2_near_identical_rbh	99.6	1.0	1.0	6.0	6.0		DIAMOND ultra-sensitive reciprocal best hit, identity >=90%, both coverages >=0.8, no tied hit
ECB_RS06825	ECB_01283	WP_000907385.1	envelope stress response membrane protein PspC	b1306	NP_415822.1	pspC	T2_near_identical_rbh	99.2	1.0	1.0	6.0	6.0		DIAMOND ultra-sensitive reciprocal best hit, identity >=90%, both coverages >=0.8, no tied hit
ECB_RS06840	ECB_01286	WP_000810500.1	glucosylglycerate phosphorylase	b1309	NP_415825.4	ycjM	T2_near_identical_rbh	99.8	1.0	1.0	6.0	6.0		DIAMOND ultra-sensitive reciprocal best hit, identity >=90%, both coverages >=0.8, no tied hit
ECB_RS06845	ECB_01287	WP_000597460.1	ABC transporter substrate-binding protein	b1310	NP_415826.1	ycjN	T2_near_identical_rbh	99.8	1.0	1.0	6.0	6.0		DIAMOND ultra-sensitive reciprocal best hit, identity >=90%, both coverages >=0.8, no tied hit
ECB_RS06850	ECB_01288	WP_001080778.1	carbohydrate ABC transporter permease	b1311	NP_415827.1	ycjO	T2_near_identical_rbh	99.7	1.0	1.0	6.0	6.0		DIAMOND ultra-sensitive reciprocal best hit, identity >=90%, both coverages >=0.8, no tied hit
ECB_RS06870	ECB_01292	WP_001300711.1	Gfo/Idh/MocA family protein	b1315	NP_415831.1	ycjS	T2_near_identical_rbh	99.7	1.0	1.0	5.0	5.0		DIAMOND ultra-sensitive reciprocal best hit, identity >=90%, both coverages >=0.8, no tied hit
ECB_RS06875	ECB_01293	WP_000198030.1	kojibiose phosphorylase	b1316	NP_415832.1	ycjT	T2_near_identical_rbh	99.3	1.0	1.0	5.0	5.0		DIAMOND ultra-sensitive reciprocal best hit, identity >=90%, both coverages >=0.8, no tied hit
ECB_RS06880	ECB_01294	WP_000775758.1	beta-phosphoglucomutase	b1317	NP_415833.1	ycjU	T2_near_identical_rbh	99.5	1.0	1.0	5.0	5.0		DIAMOND ultra-sensitive reciprocal best hit, identity >=90%, both coverages >=0.8, no tied hit
ECB_RS06900	ECB_01298	WP_000825777.1	YcjX family protein	b1321	NP_415837.1	ycjX	T2_near_identical_rbh	99.8	1.0	1.0	5.0	5.0		DIAMOND ultra-sensitive reciprocal best hit, identity >=90%, both coverages >=0.8, no tied hit
ECB_RS06970	ECB_01311	WP_000611902.1	fumarate/nitrate reduction transcriptional regulator Fnr	b1334	NP_415850.1	fnr	T2_near_identical_rbh	99.6	1.0	1.0	6.0	6.0		DIAMOND ultra-sensitive reciprocal best hit, identity >=90%, both coverages >=0.8, no tied hit
ECB_RS06975	ECB_01312	WP_000945005.1	methylated-DNA--[protein]-cysteine S-methyltransferase	b1335	NP_415851.1	ogt	T2_near_identical_rbh	99.4	1.0	1.0	6.0	6.0		DIAMOND ultra-sensitive reciprocal best hit, identity >=90%, both coverages >=0.8, no tied hit
ECB_RS06980	ECB_01313	WP_000062972.1	p-aminobenzoyl-glutamate transporter	b1336	NP_415852.2	abgT	T2_near_identical_rbh	99.8	1.0	1.0	6.0	6.0		DIAMOND ultra-sensitive reciprocal best hit, identity >=90%, both coverages >=0.8, no tied hit
ECB_RS07000	ECB_01316	WP_000885454.1	LysR family transcriptional regulator	b1339	NP_415855.1	abgR	T2_near_identical_rbh	99.7	1.0	1.0	6.0	6.0		DIAMOND ultra-sensitive reciprocal best hit, identity >=90%, both coverages >=0.8, no tied hit
ECB_RS07015	ECB_01318	WP_001301114.1	diguanylate cyclase DgcM	b1341	NP_415857.2	dgcM	T2_near_identical_rbh	99.8	1.0	1.0	6.0	6.0		DIAMOND ultra-sensitive reciprocal best hit, identity >=90%, both coverages >=0.8, no tied hit
ECB_RS07035	ECB_01321	WP_001157407.1	tRNA 2-thiocytidine(32) synthetase TtcA	b1344	NP_415860.1	ttcA	T2_near_identical_rbh	99.7	1.0	1.0	6.0	6.0		DIAMOND ultra-sensitive reciprocal best hit, identity >=90%, both coverages >=0.8, no tied hit
ECB_RS07065	ECB_01327	WP_000105139.1	exodeoxyribonuclease VIII	b1350	NP_415866.1	recE	T2_near_identical_rbh	99.9	1.0	1.0	6.0	6.0		DIAMOND ultra-sensitive reciprocal best hit, identity >=90%, both coverages >=0.8, no tied hit
ECB_RS07080	ECB_01330	WP_000560223.1	killing protein KilR	b1352	NP_415869.2	kilR	T2_near_identical_rbh	98.6	1.0	1.0	6.0	6.0		DIAMOND ultra-sensitive reciprocal best hit, identity >=90%, both coverages >=0.8, no tied hit
ECB_RS07095	ECB_01335	WP_000193293.1	YdfR family protein	b1555	NP_416073.1	ydfR	T3_divergent_syntenic_rbh	79.7	0.649	0.718	1.0	3.0		reciprocal best hit below T2 thresholds (identity >=50%, coverage >=0.6) with >=1 conserved neighbour within +/-3 loci
ECB_RS07105	ECB_01337	WP_000992105.1	lysozyme	b1554	NP_416072.1	rrrQ	T2_near_identical_rbh	92.7	1.0	1.0	1.0	2.0		DIAMOND ultra-sensitive reciprocal best hit, identity >=90%, both coverages >=0.8, no tied hit
ECB_RS07115	ECB_01339	WP_001097897.1	Trk system potassium transporter TrkG	b1363	NP_415881.1	trkG	T2_near_identical_rbh	99.6	1.0	1.0	1.0	2.0		DIAMOND ultra-sensitive reciprocal best hit, identity >=90%, both coverages >=0.8, no tied hit
ECB_RS07130	ECB_01342	WP_024182056.1	prophage tail fiber N-terminal domain-containing protein	b1372	NP_415890.2	stfR	excluded_weak_rbh	87.7	0.181	0.109	1.0	2.0		reciprocal best hit failing T2 and T3 thresholds; not a transfer route
ECB_RS07150	ECB_01345	WP_000078178.1	recombinase family protein	b1545	NP_416063.1	pinQ	T2_near_identical_rbh	99.5	1.0	1.0	0.0	1.0		DIAMOND ultra-sensitive reciprocal best hit, identity >=90%, both coverages >=0.8, no tied hit
ECB_RS07165	ECB_01348	WP_000837924.1	porin OmpN	b1377	NP_415895.1	ompN	T2_near_identical_rbh	99.7	1.0	1.0	4.0	4.0		DIAMOND ultra-sensitive reciprocal best hit, identity >=90%, both coverages >=0.8, no tied hit
ECB_RS07170	ECB_01349	WP_000628173.1	pyruvate:ferredoxin (flavodoxin) oxidoreductase	b1378	NP_415896.1	ydbK	T2_near_identical_rbh	99.3	1.0	1.0	5.0	5.0		DIAMOND ultra-sensitive reciprocal best hit, identity >=90%, both coverages >=0.8, no tied hit
ECB_RS07185	ECB_01352	WP_000762229.1	D-lactate dehydrogenase	b1380	NP_415898.1	ldhA	T2_near_identical_rbh	99.7	1.0	1.0	6.0	6.0		DIAMOND ultra-sensitive reciprocal best hit, identity >=90%, both coverages >=0.8, no tied hit
ECB_RS07190	ECB_01353	WP_000900914.1	YdbH family protein	b1381	NP_415899.1	ydbH	T2_near_identical_rbh	99.0	1.0	1.0	6.0	6.0		DIAMOND ultra-sensitive reciprocal best hit, identity >=90%, both coverages >=0.8, no tied hit
ECB_RS07200	ECB_01355	WP_000752043.1	YdbL family protein	b1383	NP_415901.2	ydbL	T2_near_identical_rbh	97.2	0.991	0.991	5.0	5.0		DIAMOND ultra-sensitive reciprocal best hit, identity >=90%, both coverages >=0.8, no tied hit
ECB_RS07205	ECB_01356	WP_001320272.1	transcriptional regulator FeaR	b1384	NP_415902.1	feaR	T2_near_identical_rbh	99.0	1.0	1.0	4.0	5.0		DIAMOND ultra-sensitive reciprocal best hit, identity >=90%, both coverages >=0.8, no tied hit
ECB_RS07210	ECB_01357	WP_000138605.1	phenylacetaldehyde dehydrogenase	b1385	NP_415903.4	feaB	T2_near_identical_rbh	99.4	1.0	1.0	3.0	5.0		DIAMOND ultra-sensitive reciprocal best hit, identity >=90%, both coverages >=0.8, no tied hit
ECB_RS07235	ECB_01362	WP_000471481.1	DUF2773 domain-containing bactofilin	b1407	NP_415925.2	ydbD	T2_near_identical_rbh	97.8	1.0	1.0	3.0	5.0		DIAMOND ultra-sensitive reciprocal best hit, identity >=90%, both coverages >=0.8, no tied hit
ECB_RS07240	ECB_01363	WP_000177526.1	CDP-alcohol phosphatidyltransferase family protein	b1408	NP_415926.4	ynbA	T2_near_identical_rbh	98.5	1.0	1.0	4.0	5.0		DIAMOND ultra-sensitive reciprocal best hit, identity >=90%, both coverages >=0.8, no tied hit
ECB_RS07245	ECB_01364	WP_000890940.1	phosphatidate cytidylyltransferase	b1409	NP_415927.1	ynbB	T2_near_identical_rbh	99.7	1.0	1.0	5.0	5.0		DIAMOND ultra-sensitive reciprocal best hit, identity >=90%, both coverages >=0.8, no tied hit
ECB_RS07255	ECB_01366	WP_000627365.1	phosphatase PAP2/dual specificity phosphatase family protein	b1411	NP_415929.1	ynbD	T2_near_identical_rbh	98.1	0.982	1.0	6.0	6.0		DIAMOND ultra-sensitive reciprocal best hit, identity >=90%, both coverages >=0.8, no tied hit
ECB_RS07260	ECB_01367	WP_000048939.1	FMN-dependent NADH-azoreductase	b1412	NP_415930.1	azoR	T2_near_identical_rbh	98.5	1.0	1.0	6.0	6.0		DIAMOND ultra-sensitive reciprocal best hit, identity >=90%, both coverages >=0.8, no tied hit
ECB_RS07265	ECB_01368	WP_000139585.1	ATP-dependent RNA helicase HrpA	b1413	NP_415931.4	hrpA	T2_near_identical_rbh	99.8	1.0	1.0	5.0	5.0		DIAMOND ultra-sensitive reciprocal best hit, identity >=90%, both coverages >=0.8, no tied hit
ECB_RS07270	ECB_01369	WP_001027964.1	DUF218 domain-containing protein YdcF	b1414	NP_415932.1	ydcF	T2_near_identical_rbh	98.9	1.0	1.0	4.0	4.0		DIAMOND ultra-sensitive reciprocal best hit, identity >=90%, both coverages >=0.8, no tied hit
ECB_RS07275	ECB_01370	WP_000115936.1	aldehyde dehydrogenase	b1415	NP_415933.1	aldA	T2_near_identical_rbh	99.2	1.0	1.0	4.0	4.0		DIAMOND ultra-sensitive reciprocal best hit, identity >=90%, both coverages >=0.8, no tied hit
ECB_RS07345	ECB_01385	WP_001234052.1	YdcK family protein	b1428	NP_415945.1	ydcK	T2_near_identical_rbh	97.2	1.0	1.0	6.0	6.0		DIAMOND ultra-sensitive reciprocal best hit, identity >=90%, both coverages >=0.8, no tied hit
ECB_RS07355	ECB_01387	WP_000586744.1	tellurite resistance methyltransferase TehB	b1430	NP_415947.1	tehB	T2_near_identical_rbh	97.0	1.0	1.0	6.0	6.0		DIAMOND ultra-sensitive reciprocal best hit, identity >=90%, both coverages >=0.8, no tied hit
ECB_RS07385	ECB_01391	WP_001326689.1	BenE family transporter YdcO	b1433	NP_415950.4	ydcO	T2_near_identical_rbh	100.0	0.968	1.0	6.0	6.0		DIAMOND ultra-sensitive reciprocal best hit, identity >=90%, both coverages >=0.8, no tied hit
ECB_RS07395	ECB_01393	WP_001301045.1	23S rRNA 5-hydroxycytidine C2501 synthase	b1435	NP_415952.2	rlhA	T2_near_identical_rbh	99.8	1.0	1.0	6.0	6.0		DIAMOND ultra-sensitive reciprocal best hit, identity >=90%, both coverages >=0.8, no tied hit
ECB_RS07400	ECB_01394	WP_000494237.1	YncJ family protein	b1436	NP_415953.1	yncJ	T2_near_identical_rbh	98.7	1.0	1.0	6.0	6.0		DIAMOND ultra-sensitive reciprocal best hit, identity >=90%, both coverages >=0.8, no tied hit
ECB_RS07430	ECB_01399	WP_001251313.1	ABC transporter permease	b1442	NP_415959.1	ydcU	T2_near_identical_rbh	99.7	1.0	1.0	6.0	6.0		DIAMOND ultra-sensitive reciprocal best hit, identity >=90%, both coverages >=0.8, no tied hit
ECB_RS07440	ECB_01401	WP_001163875.1	aminobutyraldehyde dehydrogenase	b1444	NP_415961.1	patD	T2_near_identical_rbh	99.8	1.0	1.0	6.0	6.0		DIAMOND ultra-sensitive reciprocal best hit, identity >=90%, both coverages >=0.8, no tied hit
ECB_RS07460	ECB_01404	WP_001076521.1	DMT family transporter	b1447	NP_415964.1	ydcZ	T2_near_identical_rbh	99.3	1.0	1.0	6.0	6.0		DIAMOND ultra-sensitive reciprocal best hit, identity >=90%, both coverages >=0.8, no tied hit
ECB_RS07465	ECB_01405	WP_012767729.1	GNAT family N-acetyltransferase	b1448	NP_415965.1	mnaT	T2_near_identical_rbh	97.1	1.0	1.0	6.0	6.0		DIAMOND ultra-sensitive reciprocal best hit, identity >=90%, both coverages >=0.8, no tied hit
ECB_RS07470	ECB_01406	WP_001318466.1	NADPH-dependent curcumin/dihydrocurcumin reductase	b1449	NP_415966.6	curA	T2_near_identical_rbh	98.6	1.0	1.0	6.0	6.0		DIAMOND ultra-sensitive reciprocal best hit, identity >=90%, both coverages >=0.8, no tied hit
ECB_RS07475	ECB_01407	WP_001301034.1	colanic acid/biofilm transcriptional regulator McbR	b1450	NP_415967.2	mcbR	T2_near_identical_rbh	99.5	1.0	1.0	6.0	6.0		DIAMOND ultra-sensitive reciprocal best hit, identity >=90%, both coverages >=0.8, no tied hit
ECB_RS07480	ECB_01408	WP_000689311.1	TonB-dependent receptor PqqU	b1451	NP_415968.1	pqqU	T2_near_identical_rbh	99.6	1.0	1.0	6.0	6.0		DIAMOND ultra-sensitive reciprocal best hit, identity >=90%, both coverages >=0.8, no tied hit
ECB_RS07485	ECB_01409	WP_000550675.1	YncE family protein	b1452	NP_415969.1	yncE	T2_near_identical_rbh	99.2	1.0	1.0	6.0	6.0		DIAMOND ultra-sensitive reciprocal best hit, identity >=90%, both coverages >=0.8, no tied hit
ECB_RS07490	ECB_01410	WP_001295649.1	L-asparagine permease	b1453	NP_415970.4	ansP	T2_near_identical_rbh	99.8	1.0	1.0	5.0	5.0		DIAMOND ultra-sensitive reciprocal best hit, identity >=90%, both coverages >=0.8, no tied hit
ECB_RS07495	ECB_01411	WP_000598851.1	glutathione S-transferase family protein	b1454	NP_415971.1	yncG	T2_near_identical_rbh	98.5	1.0	1.0	4.0	4.0		DIAMOND ultra-sensitive reciprocal best hit, identity >=90%, both coverages >=0.8, no tied hit
ECB_RS07530	ECB_01419	WP_001120141.1	tautomerase PptA	b1461	NP_415978.1	pptA	T2_near_identical_rbh	100.0	1.0	0.974	5.0	5.0		DIAMOND ultra-sensitive reciprocal best hit, identity >=90%, both coverages >=0.8, no tied hit
ECB_RS07535	ECB_01420	WP_000085912.1	flavin reductase family protein	b1462	NP_415979.2	yddH	T2_near_identical_rbh	96.3	1.0	1.0	6.0	6.0		DIAMOND ultra-sensitive reciprocal best hit, identity >=90%, both coverages >=0.8, no tied hit
ECB_RS07540	ECB_01421	WP_000187904.1	N-hydroxyarylamine O-acetyltransferase	b1463	NP_415980.1	nhoA	T2_near_identical_rbh	99.3	1.0	1.0	6.0	6.0		DIAMOND ultra-sensitive reciprocal best hit, identity >=90%, both coverages >=0.8, no tied hit
ECB_RS07560	ECB_01425	WP_000702542.1	nitrate reductase subunit beta	b1467	NP_415984.1	narY	T2_near_identical_rbh	99.2	1.0	1.0	6.0	6.0		DIAMOND ultra-sensitive reciprocal best hit, identity >=90%, both coverages >=0.8, no tied hit
ECB_RS07570	ECB_01427	WP_001207896.1	nitrate/nitrite transporter NarU	b1469	NP_415986.1	narU	T2_near_identical_rbh	99.6	1.0	1.0	6.0	6.0		DIAMOND ultra-sensitive reciprocal best hit, identity >=90%, both coverages >=0.8, no tied hit
ECB_RS07585	ECB_01431	WP_000198214.1	aromatic amino acid efflux DMT transporter YddG	b1473	NP_415990.5	yddG	T2_near_identical_rbh	99.3	1.0	1.0	6.0	6.0		DIAMOND ultra-sensitive reciprocal best hit, identity >=90%, both coverages >=0.8, no tied hit
ECB_RS07595	ECB_01432	WP_012767733.1	formate dehydrogenase-N subunit alpha	b1474	NP_415991.1	fdnG	T2_near_identical_rbh	99.8	1.0	1.0	6.0	6.0		DIAMOND ultra-sensitive reciprocal best hit, identity >=90%, both coverages >=0.8, no tied hit
ECB_RS07600	ECB_01433	WP_001240579.1	formate dehydrogenase N subunit beta	b1475	NP_415992.1	fdnH	T2_near_identical_rbh	99.7	1.0	1.0	6.0	6.0		DIAMOND ultra-sensitive reciprocal best hit, identity >=90%, both coverages >=0.8, no tied hit
ECB_RS07640	ECB_01441	WP_001285557.1	oligopeptide/dipeptide ABC transporter ATP-binding protein	b1483	NP_416000.1	ddpF	T2_near_identical_rbh	99.7	1.0	1.0	6.0	6.0		DIAMOND ultra-sensitive reciprocal best hit, identity >=90%, both coverages >=0.8, no tied hit
ECB_RS07645	ECB_01442	WP_000193517.1	ABC transporter ATP-binding protein	b1484	NP_416001.1	ddpD	T2_near_identical_rbh	99.4	1.0	1.0	6.0	6.0		DIAMOND ultra-sensitive reciprocal best hit, identity >=90%, both coverages >=0.8, no tied hit
ECB_RS07650	ECB_01443	WP_000979608.1	D,D-dipeptide ABC transporter permease	b1485	NP_416002.1	ddpC	T2_near_identical_rbh	99.7	1.0	1.0	6.0	6.0		DIAMOND ultra-sensitive reciprocal best hit, identity >=90%, both coverages >=0.8, no tied hit
ECB_RS07655	ECB_01444	WP_000145111.1	ABC transporter permease	b1486	NP_416003.1	ddpB	T2_near_identical_rbh	99.7	1.0	1.0	6.0	6.0		DIAMOND ultra-sensitive reciprocal best hit, identity >=90%, both coverages >=0.8, no tied hit
ECB_RS07660	ECB_01445	WP_000830546.1	ABC transporter substrate-binding protein	b1487	NP_416004.1	ddpA	T2_near_identical_rbh	99.8	1.0	1.0	6.0	6.0		DIAMOND ultra-sensitive reciprocal best hit, identity >=90%, both coverages >=0.8, no tied hit
ECB_RS07670	ECB_01447	WP_012304876.1	oxygen-sensing cyclic-di-GMP phosphodiesterase DosP	b1489	NP_416006.4	dosP	T2_near_identical_rbh	99.5	1.0	1.0	6.0	6.0		DIAMOND ultra-sensitive reciprocal best hit, identity >=90%, both coverages >=0.8, no tied hit
ECB_RS07675	ECB_01448	WP_000426272.1	diguanylate cyclase DosC	b1490	NP_416007.3	dosC	T2_near_identical_rbh	99.8	1.0	1.0	6.0	6.0		DIAMOND ultra-sensitive reciprocal best hit, identity >=90%, both coverages >=0.8, no tied hit
ECB_RS07680	ECB_01449	WP_000350350.1	family 10 glycosylhydrolase	b1491	NP_416008.1	digH	T2_near_identical_rbh	99.3	1.0	1.0	6.0	6.0		DIAMOND ultra-sensitive reciprocal best hit, identity >=90%, both coverages >=0.8, no tied hit
ECB_RS07700	ECB_01452	WP_001244978.1	M16 family metallopeptidase	b1494	NP_416011.1	pqqL	T2_near_identical_rbh	99.6	1.0	0.996	6.0	6.0		DIAMOND ultra-sensitive reciprocal best hit, identity >=90%, both coverages >=0.8, no tied hit
ECB_RS07705	ECB_01453	WP_000832450.1	TonB-dependent receptor plug domain-containing protein	b1495	NP_416012.1	yddB	T2_near_identical_rbh	99.6	1.0	1.0	6.0	6.0		DIAMOND ultra-sensitive reciprocal best hit, identity >=90%, both coverages >=0.8, no tied hit
ECB_RS07710	ECB_01454	WP_000628583.1	ABC transporter ATP-binding protein/permease	b1496	NP_416013.1	yddA	T2_near_identical_rbh	99.3	1.0	1.0	6.0	6.0		DIAMOND ultra-sensitive reciprocal best hit, identity >=90%, both coverages >=0.8, no tied hit
ECB_RS07720	ECB_01456	WP_001318307.1	sulfatase-like hydrolase/transferase	b1498	NP_416015.2	ydeN	T2_near_identical_rbh	99.5	1.0	1.0	6.0	6.0		DIAMOND ultra-sensitive reciprocal best hit, identity >=90%, both coverages >=0.8, no tied hit
ECB_RS07725	ECB_01457	WP_000060493.1	acid stress response transcriptional regulator YdeO	b1499	NP_416016.1	ydeO	T2_near_identical_rbh	99.2	1.0	1.0	6.0	6.0		DIAMOND ultra-sensitive reciprocal best hit, identity >=90%, both coverages >=0.8, no tied hit
ECB_RS07800	ECB_01473	WP_000172488.1	autoinducer 2 ABC transporter substrate-binding protein LsrB	b1516	NP_416033.1	lsrB	T2_near_identical_rbh	99.4	1.0	1.0	4.0	5.0		DIAMOND ultra-sensitive reciprocal best hit, identity >=90%, both coverages >=0.8, no tied hit
ECB_RS07805	ECB_01474	WP_000774188.1	3-hydroxy-5-phosphonooxypentane-2,4-dione thiolase	b1517	NP_416034.1	lsrF	T2_near_identical_rbh	98.6	1.0	1.0	4.0	6.0		DIAMOND ultra-sensitive reciprocal best hit, identity >=90%, both coverages >=0.8, no tied hit
ECB_RS07820	ECB_01477	WP_000637082.1	bestrophin family protein	b1520	NP_416037.2	yneE	T2_near_identical_rbh	99.7	1.0	1.0	6.0	6.0		DIAMOND ultra-sensitive reciprocal best hit, identity >=90%, both coverages >=0.8, no tied hit
ECB_RS07830	ECB_01479	WP_000558032.1	sensor domain-containing diguanylate cyclase	b1522	NP_416039.1	dgcF	T3_divergent_syntenic_rbh	99.4	0.667	1.0	6.0	6.0		reciprocal best hit below T2 thresholds (identity >=50%, coverage >=0.6) with >=1 conserved neighbour within +/-3 loci
ECB_RS07840	ECB_01481	WP_000257417.1	glutaminase B	b1524	NP_416041.1	glsB	T2_near_identical_rbh	99.7	1.0	1.0	6.0	6.0		DIAMOND ultra-sensitive reciprocal best hit, identity >=90%, both coverages >=0.8, no tied hit
ECB_RS07855	ECB_01484	WP_000258604.1	putative protein YneK	b1527	NP_416044.1	yneK	T2_near_identical_rbh	99.2	1.0	1.0	5.0	5.0		DIAMOND ultra-sensitive reciprocal best hit, identity >=90%, both coverages >=0.8, no tied hit
ECB_RS07895	ECB_01492	WP_000087210.1	O-acetylserine/cysteine exporter	b1533	NP_416050.4	eamA	T2_near_identical_rbh	99.0	1.0	1.0	6.0	6.0		DIAMOND ultra-sensitive reciprocal best hit, identity >=90%, both coverages >=0.8, no tied hit
ECB_RS07900	ECB_01493	WP_001054175.1	efflux MFS transporter YdeE	b1534	NP_416051.1	ydeE	T2_near_identical_rbh	99.2	1.0	1.0	6.0	6.0		DIAMOND ultra-sensitive reciprocal best hit, identity >=90%, both coverages >=0.8, no tied hit
ECB_RS07910	ECB_01494	WP_000592802.1	diguanylate cyclase DgcZ	b1535	NP_416052.1	dgcZ	T2_near_identical_rbh	98.6	1.0	1.0	6.0	6.0		DIAMOND ultra-sensitive reciprocal best hit, identity >=90%, both coverages >=0.8, no tied hit
ECB_RS07915	ECB_01495	WP_000671731.1	YdeI family stress tolerance OB fold protein	b1536	NP_416054.1	ydeI	T2_near_identical_rbh	99.2	1.0	1.0	6.0	6.0		DIAMOND ultra-sensitive reciprocal best hit, identity >=90%, both coverages >=0.8, no tied hit
ECB_RS07925	ECB_01497	WP_001300598.1	peptidyl-dipeptidase Dcp	b1538	NP_416056.1	dcp	T2_near_identical_rbh	99.9	1.0	1.0	6.0	6.0		DIAMOND ultra-sensitive reciprocal best hit, identity >=90%, both coverages >=0.8, no tied hit
ECB_RS07945	ECB_01501	WP_000527826.1	mannitol dehydrogenase family protein	b1542	NP_416060.1	ydfI	T2_near_identical_rbh	98.4	1.0	1.0	3.0	4.0		DIAMOND ultra-sensitive reciprocal best hit, identity >=90%, both coverages >=0.8, no tied hit
ECB_RS08010	ECB_01513	WP_000548593.1	hypothetical protein	b0559	NP_415091.1	ybcW	excluded_weak_rbh	79.4	1.0	1.0	0.0	3.0		reciprocal best hit failing T2 and T3 thresholds; not a transfer route
ECB_RS08015	ECB_01514	WP_001019207.1	GnsA/GnsB family addiction module toxin	b1550	NP_416068.2	gnsB	T2_near_identical_rbh	93.0	1.0	1.0	3.0	4.0		DIAMOND ultra-sensitive reciprocal best hit, identity >=90%, both coverages >=0.8, no tied hit
ECB_RS08020	ECB_01515	WP_000720960.1	protein YnfN	b1551	NP_416069.2	ynfN	T3_divergent_syntenic_rbh	94.1	0.671	1.0	4.0	5.0		reciprocal best hit below T2 thresholds (identity >=50%, coverage >=0.6) with >=1 conserved neighbour within +/-3 loci
ECB_RS08030	ECB_01518	WP_001071781.1	DUF2514 domain-containing protein	b1553	NP_416071.1	rzpQ	T2_near_identical_rbh	90.9	1.0	1.0	4.0	4.0		DIAMOND ultra-sensitive reciprocal best hit, identity >=90%, both coverages >=0.8, no tied hit
ECB_RS08045	ECB_01521	WP_000839587.1	phage lysis protein EssD	b1556	NP_416074.4	essQ	T2_near_identical_rbh	91.5	1.0	1.0	1.0	1.0		DIAMOND ultra-sensitive reciprocal best hit, identity >=90%, both coverages >=0.8, no tied hit
ECB_RS08090	ECB_01531	WP_000981003.1	protein Rem	b1561	NP_416079.1	rem	T2_near_identical_rbh	95.2	1.0	1.0	1.0	1.0		DIAMOND ultra-sensitive reciprocal best hit, identity >=90%, both coverages >=0.8, no tied hit
ECB_RS08120	ECB_01536	WP_000054497.1	hypothetical protein	b2358	YP_009518804.1	yfdO	excluded_weak_rbh	56.1	0.383	1.008	0.0	4.0		reciprocal best hit failing T2 and T3 thresholds; not a transfer route
ECB_RS08125	ECB_01537	WP_000705360.1	toxin YdaT family protein	b1568	YP_009518793.1	ydfX	excluded_weak_rbh	97.8	0.538	0.969	3.0	4.0		reciprocal best hit failing T2 and T3 thresholds; not a transfer route
ECB_RS08130	ECB_01538	WP_000921596.1	Cro/CI family transcriptional regulator	b1569	NP_416087.1	dicC	T3_divergent_syntenic_rbh	85.5	1.013	1.0	3.0	4.0		reciprocal best hit below T2 thresholds (identity >=50%, coverage >=0.6) with >=1 conserved neighbour within +/-3 loci
ECB_RS08135	ECB_01539	WP_000381212.1	helix-turn-helix domain-containing protein	b1570	NP_416088.1	dicA	T3_divergent_syntenic_rbh	57.3	0.97	0.97	3.0	4.0		reciprocal best hit below T2 thresholds (identity >=50%, coverage >=0.6) with >=1 conserved neighbour within +/-3 loci
ECB_RS08140	ECB_01540	WP_000379591.1	DUF1391 family protein	b1571	NP_416089.1	ydfA	T3_divergent_syntenic_rbh	89.6	0.96	0.941	4.0	4.0		reciprocal best hit below T2 thresholds (identity >=50%, coverage >=0.6) with >=1 conserved neighbour within +/-3 loci
ECB_RS08155	ECB_01543	WP_000854560.1	cell division inhibition protein DicB	b1575	NP_416092.1	dicB	T2_near_identical_rbh	98.4	1.0	1.0	2.0	2.0		DIAMOND ultra-sensitive reciprocal best hit, identity >=90%, both coverages >=0.8, no tied hit
ECB_RS08160	ECB_01544	WP_001083270.1	lysis protein YdfD	b1576	NP_416093.1	ydfD	T2_near_identical_rbh	96.8	1.0	1.0	2.0	2.0		DIAMOND ultra-sensitive reciprocal best hit, identity >=90%, both coverages >=0.8, no tied hit
ECB_RS08185	ECB_01549	WP_000836067.1	Zn-dependent oxidoreductase	b1580	NP_416097.1	rspB	T2_near_identical_rbh	99.7	1.0	1.0	4.0	4.0		DIAMOND ultra-sensitive reciprocal best hit, identity >=90%, both coverages >=0.8, no tied hit
ECB_RS08220	ECB_01556	WP_000041695.1	selenate/tellurate reductase subunit YnfE	b1587	NP_416104.1	ynfE	T2_near_identical_rbh	99.0	1.0	1.0	6.0	6.0		DIAMOND ultra-sensitive reciprocal best hit, identity >=90%, both coverages >=0.8, no tied hit
ECB_RS08245	ECB_01561	WP_001315626.1	voltage-gated ClC-type chloride channel ClcB	b1592	NP_416109.2	clcB	T2_near_identical_rbh	99.8	0.972	1.0	6.0	6.0		DIAMOND ultra-sensitive reciprocal best hit, identity >=90%, both coverages >=0.8, no tied hit
ECB_RS08270	ECB_01566	WP_001556621.1	acid resistance repetitive basic protein Asr	b1597	NP_416114.2	asr	T3_divergent_syntenic_rbh	75.5	1.0	1.0	5.0	5.0		reciprocal best hit below T2 thresholds (identity >=50%, coverage >=0.6) with >=1 conserved neighbour within +/-3 loci
ECB_RS08275		WP_000233090.1	hypothetical protein	b4601	YP_001165320.1	ydgU	T2_near_identical_rbh	96.3	1.0	1.0	5.0	5.0		DIAMOND ultra-sensitive reciprocal best hit, identity >=90%, both coverages >=0.8, no tied hit
ECB_RS08280	ECB_01567	WP_001260835.1	trypsin-like serine peptidase	b1598	NP_416115.1	ydgD	T2_near_identical_rbh	99.3	1.0	1.0	5.0	5.0		DIAMOND ultra-sensitive reciprocal best hit, identity >=90%, both coverages >=0.8, no tied hit
ECB_RS08305	ECB_01572	WP_001353838.1	Re/Si-specific NAD(P)(+) transhydrogenase subunit alpha	b1603	NP_416120.1	pntA	T2_near_identical_rbh	99.8	1.0	1.0	6.0	6.0		DIAMOND ultra-sensitive reciprocal best hit, identity >=90%, both coverages >=0.8, no tied hit
ECB_RS08310	ECB_01573	WP_000769322.1	DUF1471 family protein YdgH	b1604	NP_416121.1	ydgH	T2_near_identical_rbh	99.7	1.0	1.0	6.0	6.0		DIAMOND ultra-sensitive reciprocal best hit, identity >=90%, both coverages >=0.8, no tied hit
ECB_RS08335	ECB_01578	WP_000732510.1	two-component system sensor histidine kinase RstB	b1609	NP_416126.1	rstB	T2_near_identical_rbh	98.8	1.0	1.0	6.0	6.0		DIAMOND ultra-sensitive reciprocal best hit, identity >=90%, both coverages >=0.8, no tied hit
ECB_RS08340	ECB_01579	WP_001295399.1	DNA replication terminus site-binding protein	b1610	NP_416127.1	tus	T2_near_identical_rbh	99.7	1.0	1.0	6.0	6.0		DIAMOND ultra-sensitive reciprocal best hit, identity >=90%, both coverages >=0.8, no tied hit
ECB_RS08345	ECB_01580	WP_001099086.1	class II fumarate hydratase	b1611	NP_416128.1	fumC	T2_near_identical_rbh	99.8	1.0	1.0	6.0	6.0		DIAMOND ultra-sensitive reciprocal best hit, identity >=90%, both coverages >=0.8, no tied hit
ECB_RS08355	ECB_01582	WP_001170661.1	mannose-6-phosphate isomerase	b1613	NP_416130.3	manA	T2_near_identical_rbh	99.7	1.0	1.0	6.0	6.0		DIAMOND ultra-sensitive reciprocal best hit, identity >=90%, both coverages >=0.8, no tied hit
ECB_RS08365	ECB_01584	WP_001227036.1	glucuronide uptake porin UidC	b1615	NP_416132.2	uidC	T2_near_identical_rbh	99.3	1.0	1.0	6.0	6.0		DIAMOND ultra-sensitive reciprocal best hit, identity >=90%, both coverages >=0.8, no tied hit
ECB_RS08370	ECB_01585	WP_001075844.1	glucuronide transporter	b1616	NP_416133.1	uidB	T2_near_identical_rbh	99.3	1.0	1.0	6.0	6.0		DIAMOND ultra-sensitive reciprocal best hit, identity >=90%, both coverages >=0.8, no tied hit
ECB_RS08375	ECB_01586	WP_000945901.1	beta-glucuronidase	b1617	NP_416134.1	uidA	T2_near_identical_rbh	99.5	1.0	1.0	6.0	6.0		DIAMOND ultra-sensitive reciprocal best hit, identity >=90%, both coverages >=0.8, no tied hit
ECB_RS08390	ECB_01589	WP_000179519.1	mal regulon transcriptional regulator MalI	b1620	NP_416137.1	malI	T2_near_identical_rbh	99.4	1.0	1.0	6.0	6.0		DIAMOND ultra-sensitive reciprocal best hit, identity >=90%, both coverages >=0.8, no tied hit
ECB_RS08395	ECB_01590	WP_000125638.1	PTS maltose transporter subunit IICB	b1621	NP_416138.1	malX	T2_near_identical_rbh	99.1	1.0	1.0	6.0	6.0		DIAMOND ultra-sensitive reciprocal best hit, identity >=90%, both coverages >=0.8, no tied hit
ECB_RS08400	ECB_01591	WP_000459371.1	bifunctional maltose regulon transcriptional repressor/cystathionine beta-lyase MalY	b1622	NP_416139.1	malY	T2_near_identical_rbh	99.0	1.0	1.0	6.0	6.0		DIAMOND ultra-sensitive reciprocal best hit, identity >=90%, both coverages >=0.8, no tied hit
ECB_RS08410	ECB_01593	WP_001282516.1	oxidoreductase	b1624	NP_416141.4	ydgJ	T2_near_identical_rbh	99.7	1.0	1.0	6.0	6.0		DIAMOND ultra-sensitive reciprocal best hit, identity >=90%, both coverages >=0.8, no tied hit
ECB_RS08425	ECB_01596	WP_000214176.1	DUF2569 domain-containing protein	b1626	NP_416143.2	ydgK	T2_near_identical_rbh	99.3	1.0	1.0	6.0	6.0		DIAMOND ultra-sensitive reciprocal best hit, identity >=90%, both coverages >=0.8, no tied hit
ECB_RS08440	ECB_01599	WP_000915790.1	electron transport complex subunit RsxC	b1629	NP_416146.1	rsxC	T3_divergent_syntenic_rbh	99.7	0.789	0.789	6.0	6.0		reciprocal best hit below T2 thresholds (identity >=50%, coverage >=0.6) with >=1 conserved neighbour within +/-3 loci
ECB_RS08445	ECB_01600	WP_000231922.1	electron transport complex subunit RsxD	b1630	NP_416147.1	rsxD	T2_near_identical_rbh	99.4	1.0	1.0	6.0	6.0		DIAMOND ultra-sensitive reciprocal best hit, identity >=90%, both coverages >=0.8, no tied hit
ECB_RS08450	ECB_01601	WP_000920802.1	electron transport complex subunit RsxG	b1631	NP_416148.1	rsxG	T2_near_identical_rbh	98.5	1.0	1.0	6.0	6.0		DIAMOND ultra-sensitive reciprocal best hit, identity >=90%, both coverages >=0.8, no tied hit
ECB_RS08485	ECB_01607	WP_001301026.1	tyrosine--tRNA ligase	b1637	NP_416154.1	tyrS	T2_near_identical_rbh	99.8	1.0	1.0	6.0	6.0		DIAMOND ultra-sensitive reciprocal best hit, identity >=90%, both coverages >=0.8, no tied hit
ECB_RS08495	ECB_01609	WP_000178042.1	C-type lysozyme inhibitor	b1639	NP_416156.4	mliC	T2_near_identical_rbh	99.1	1.0	1.0	6.0	6.0		DIAMOND ultra-sensitive reciprocal best hit, identity >=90%, both coverages >=0.8, no tied hit
ECB_RS08500	ECB_01610	WP_000835077.1	anhydro-N-acetylmuramic acid kinase	b1640	NP_416157.1	anmK	T2_near_identical_rbh	99.7	1.0	1.0	6.0	6.0		DIAMOND ultra-sensitive reciprocal best hit, identity >=90%, both coverages >=0.8, no tied hit
ECB_RS08520	ECB_01614	WP_001301002.1	efflux RND transporter periplasmic adaptor subunit	b1644	NP_416161.4	ydhJ	T2_near_identical_rbh	98.9	1.0	1.0	6.0	6.0		DIAMOND ultra-sensitive reciprocal best hit, identity >=90%, both coverages >=0.8, no tied hit
ECB_RS08525	ECB_01615	WP_000994296.1	FUSC family protein	b1645	NP_416162.1	ydhK	T2_near_identical_rbh	99.9	1.0	1.0	6.0	6.0		DIAMOND ultra-sensitive reciprocal best hit, identity >=90%, both coverages >=0.8, no tied hit
ECB_RS08550	ECB_01620	WP_000093587.1	N-ethylmaleimide reductase	b1650	NP_416167.1	nemA	T2_near_identical_rbh	99.7	1.0	1.0	6.0	6.0		DIAMOND ultra-sensitive reciprocal best hit, identity >=90%, both coverages >=0.8, no tied hit
ECB_RS08560	ECB_01622	WP_001282281.1	ribonuclease T	b1652	NP_416169.1	rnt	T2_near_identical_rbh	99.5	1.0	1.0	6.0	6.0		DIAMOND ultra-sensitive reciprocal best hit, identity >=90%, both coverages >=0.8, no tied hit
ECB_RS08565	ECB_01623	WP_001301008.1	ATP-dependent helicase	b1653	NP_416170.1	lhr	T2_near_identical_rbh	99.9	1.0	1.0	6.0	6.0		DIAMOND ultra-sensitive reciprocal best hit, identity >=90%, both coverages >=0.8, no tied hit
ECB_RS08600	ECB_01630	WP_000269493.1	DNA-binding transcriptional activator PunR	b1659	NP_416176.1	punR	T2_near_identical_rbh	99.7	1.0	1.0	6.0	6.0		DIAMOND ultra-sensitive reciprocal best hit, identity >=90%, both coverages >=0.8, no tied hit
ECB_RS08605	ECB_01631	WP_001182363.1	purine nucleoside transporter PunC	b1660	YP_025306.1	punC	T2_near_identical_rbh	99.8	1.0	1.0	6.0	6.0		DIAMOND ultra-sensitive reciprocal best hit, identity >=90%, both coverages >=0.8, no tied hit
ECB_RS08620	ECB_01634	WP_001174961.1	multidrug efflux MATE transporter MdtK	b1663	YP_025307.1	mdtK	T2_near_identical_rbh	99.8	1.0	1.0	6.0	6.0		DIAMOND ultra-sensitive reciprocal best hit, identity >=90%, both coverages >=0.8, no tied hit
ECB_RS08625	ECB_01635	WP_000534307.1	AIDA repeat-containing protein	b1664	NP_416181.1	ydhQ	T2_near_identical_rbh	98.3	1.0	1.0	6.0	6.0		DIAMOND ultra-sensitive reciprocal best hit, identity >=90%, both coverages >=0.8, no tied hit
ECB_RS08640	ECB_01636	WP_000212680.1	monooxygenase	b1667	NP_416182.1	ydhR	T2_near_identical_rbh	98.0	1.0	1.0	6.0	6.0		DIAMOND ultra-sensitive reciprocal best hit, identity >=90%, both coverages >=0.8, no tied hit
ECB_RS08665	ECB_01641	WP_001301419.1	YdhW family putative oxidoreductase system protein	b1672	NP_416187.1	ydhW	T2_near_identical_rbh	100.0	1.0	0.986	6.0	6.0		DIAMOND ultra-sensitive reciprocal best hit, identity >=90%, both coverages >=0.8, no tied hit
ECB_RS08705	ECB_01649	WP_000144539.1	cysteine desulfurase SufS	b1680	NP_416195.1	sufS	T2_near_identical_rbh	99.0	1.0	1.0	6.0	6.0		DIAMOND ultra-sensitive reciprocal best hit, identity >=90%, both coverages >=0.8, no tied hit
ECB_RS08710	ECB_01650	WP_000908013.1	Fe-S cluster assembly protein SufD	b1681	NP_416196.1	sufD	T2_near_identical_rbh	98.1	1.0	1.0	6.0	6.0		DIAMOND ultra-sensitive reciprocal best hit, identity >=90%, both coverages >=0.8, no tied hit
ECB_RS08715	ECB_01651	WP_000948865.1	Fe-S cluster assembly ATPase SufC	b1682	NP_416197.1	sufC	T2_near_identical_rbh	99.2	1.0	1.0	6.0	6.0		DIAMOND ultra-sensitive reciprocal best hit, identity >=90%, both coverages >=0.8, no tied hit
ECB_RS08740	ECB_01656	WP_000612953.1	D-2-hydroxyglutarate dehydrogenase YdiJ	b1687	NP_416202.1	ydiJ	T2_near_identical_rbh	99.5	1.0	1.0	6.0	6.0		DIAMOND ultra-sensitive reciprocal best hit, identity >=90%, both coverages >=0.8, no tied hit
ECB_RS08750	ECB_01658	WP_001301287.1	YdiL family protein	b1689	NP_416204.2	ydiL	T2_near_identical_rbh	98.3	1.0	1.0	6.0	6.0		DIAMOND ultra-sensitive reciprocal best hit, identity >=90%, both coverages >=0.8, no tied hit
ECB_RS08760	ECB_01660	WP_001301286.1	MFS transporter	b1691	NP_416206.6	ydiN	T2_near_identical_rbh	99.8	1.0	1.0	6.0	6.0		DIAMOND ultra-sensitive reciprocal best hit, identity >=90%, both coverages >=0.8, no tied hit
ECB_RS08770	ECB_01662	WP_000860163.1	type I 3-dehydroquinate dehydratase	b1693	NP_416208.1	aroD	T2_near_identical_rbh	98.4	1.0	1.0	6.0	6.0		DIAMOND ultra-sensitive reciprocal best hit, identity >=90%, both coverages >=0.8, no tied hit
ECB_RS08775	ECB_01663	WP_000805638.1	acyl CoA:acetate/3-ketoacid CoA transferase	b1694	NP_416209.1	ydiF	T2_near_identical_rbh	99.4	1.0	1.0	6.0	6.0		DIAMOND ultra-sensitive reciprocal best hit, identity >=90%, both coverages >=0.8, no tied hit
ECB_RS08780	ECB_01664	WP_000347863.1	acyl-CoA dehydrogenase	b1695	NP_416210.4	ydiO	T2_near_identical_rbh	99.7	1.0	1.0	6.0	6.0		DIAMOND ultra-sensitive reciprocal best hit, identity >=90%, both coverages >=0.8, no tied hit
ECB_RS08785	ECB_01665	WP_000284782.1	AraC family transcriptional regulator	b1696	NP_416211.1	ydiP	T2_near_identical_rbh	98.7	1.0	1.0	6.0	6.0		DIAMOND ultra-sensitive reciprocal best hit, identity >=90%, both coverages >=0.8, no tied hit
ECB_RS08795	ECB_01666	WP_000692153.1	electron transfer flavoprotein	b1697	NP_416212.1	ydiQ	T2_near_identical_rbh	98.8	1.0	1.0	6.0	6.0		DIAMOND ultra-sensitive reciprocal best hit, identity >=90%, both coverages >=0.8, no tied hit
ECB_RS08800	ECB_01667	WP_000080700.1	electron transfer flavoprotein subunit alpha	b1698	NP_416213.1	ydiR	T2_near_identical_rbh	99.4	1.0	1.0	6.0	6.0		DIAMOND ultra-sensitive reciprocal best hit, identity >=90%, both coverages >=0.8, no tied hit
ECB_RS08805	ECB_01668	WP_001278501.1	FAD-dependent oxidoreductase	b1699	NP_416214.1	ydiS	T2_near_identical_rbh	99.5	1.0	1.0	6.0	6.0		DIAMOND ultra-sensitive reciprocal best hit, identity >=90%, both coverages >=0.8, no tied hit
ECB_RS08810	ECB_01669	WP_000081078.1	ferredoxin family protein	b1700	NP_416215.1	ydiT	T2_near_identical_rbh	96.9	1.0	1.0	6.0	6.0		DIAMOND ultra-sensitive reciprocal best hit, identity >=90%, both coverages >=0.8, no tied hit
ECB_RS08815	ECB_01670	WP_001301294.1	medium-chain fatty-acid--CoA ligase	b1701	NP_416216.5	fadK	T2_near_identical_rbh	98.2	1.0	0.968	6.0	6.0		DIAMOND ultra-sensitive reciprocal best hit, identity >=90%, both coverages >=0.8, no tied hit
ECB_RS08820	ECB_01671	WP_000069410.1	phosphoenolpyruvate synthase	b1702	NP_416217.1	ppsA	T2_near_identical_rbh	99.7	1.0	1.0	6.0	6.0		DIAMOND ultra-sensitive reciprocal best hit, identity >=90%, both coverages >=0.8, no tied hit
ECB_RS08845	ECB_01675	WP_000175606.1	protein adenylyltransferase SelO	b1706	NP_416221.1	selO	T2_near_identical_rbh	97.7	1.0	1.0	6.0	6.0		DIAMOND ultra-sensitive reciprocal best hit, identity >=90%, both coverages >=0.8, no tied hit
ECB_RS08860	ECB_01678	WP_000029471.1	vitamin B12 ABC transporter ATP-binding protein BtuD	b1709	NP_416224.1	btuD	T2_near_identical_rbh	99.2	1.0	1.0	6.0	6.0		DIAMOND ultra-sensitive reciprocal best hit, identity >=90%, both coverages >=0.8, no tied hit
ECB_RS08945	ECB_01695	WP_000222172.1	YniB family protein	b1726	NP_416240.1	yniB	T2_near_identical_rbh	99.4	1.0	1.0	6.0	6.0		DIAMOND ultra-sensitive reciprocal best hit, identity >=90%, both coverages >=0.8, no tied hit
ECB_RS08955	ECB_01697	WP_001295408.1	metal-dependent hydrolase	b1728	NP_416242.6	ydjM	T2_near_identical_rbh	99.5	1.0	1.0	6.0	6.0		DIAMOND ultra-sensitive reciprocal best hit, identity >=90%, both coverages >=0.8, no tied hit
ECB_RS08960	ECB_01698	WP_001010706.1	cystine/sulfocysteine:cation symporter	b1729	NP_416243.1	tcyP	T2_near_identical_rbh	99.8	1.0	1.0	6.0	6.0		DIAMOND ultra-sensitive reciprocal best hit, identity >=90%, both coverages >=0.8, no tied hit
ECB_RS08965	ECB_01699	WP_000493142.1	protein YdjO	b1730	NP_416244.2	ydjO	T2_near_identical_rbh	97.7	1.0	0.974	6.0	6.0		DIAMOND ultra-sensitive reciprocal best hit, identity >=90%, both coverages >=0.8, no tied hit
ECB_RS08970	ECB_01700	WP_001241561.1	cell division activator CedA	b1731	NP_416245.2	cedA	T2_near_identical_rbh	100.0	0.92	1.0	6.0	6.0		DIAMOND ultra-sensitive reciprocal best hit, identity >=90%, both coverages >=0.8, no tied hit
ECB_RS08975	ECB_01701	WP_000077856.1	catalase HPII	b1732	YP_025308.1	katE	T2_near_identical_rbh	99.6	1.0	1.0	6.0	6.0		DIAMOND ultra-sensitive reciprocal best hit, identity >=90%, both coverages >=0.8, no tied hit
ECB_RS08980	ECB_01702	WP_000440472.1	chitin disaccharide deacetylase	b1733	NP_416247.1	chbG	T2_near_identical_rbh	99.6	1.0	1.0	6.0	6.0		DIAMOND ultra-sensitive reciprocal best hit, identity >=90%, both coverages >=0.8, no tied hit
ECB_RS08985	ECB_01703	WP_000078754.1	6-phospho-beta-glucosidase	b1734	NP_416248.1	chbF	T2_near_identical_rbh	99.3	1.0	1.0	6.0	6.0		DIAMOND ultra-sensitive reciprocal best hit, identity >=90%, both coverages >=0.8, no tied hit
ECB_RS08990	ECB_01704	WP_000983648.1	transcriptional regulator ChbR	b1735	NP_416249.1	chbR	T2_near_identical_rbh	100.0	0.996	0.996	6.0	6.0		DIAMOND ultra-sensitive reciprocal best hit, identity >=90%, both coverages >=0.8, no tied hit
ECB_RS09015	ECB_01709	WP_000175052.1	ammonia-dependent NAD(+) synthetase	b1740	NP_416254.1	nadE	T2_near_identical_rbh	98.9	1.0	1.0	6.0	6.0		DIAMOND ultra-sensitive reciprocal best hit, identity >=90%, both coverages >=0.8, no tied hit
ECB_RS09035	ECB_01712	WP_001228987.1	ATP-independent periplasmic protein-refolding chaperone Spy	b1743	NP_416257.1	spy	T2_near_identical_rbh	99.4	1.0	1.0	6.0	6.0		DIAMOND ultra-sensitive reciprocal best hit, identity >=90%, both coverages >=0.8, no tied hit
ECB_RS09045	ECB_01714	WP_000995016.1	N-succinylarginine dihydrolase	b1745	NP_416259.1	astB	T2_near_identical_rbh	99.8	1.0	1.0	6.0	6.0		DIAMOND ultra-sensitive reciprocal best hit, identity >=90%, both coverages >=0.8, no tied hit
ECB_RS09050	ECB_01715	WP_000177202.1	succinylglutamate-semialdehyde dehydrogenase	b1746	NP_416260.1	astD	T2_near_identical_rbh	97.6	1.0	1.0	6.0	6.0		DIAMOND ultra-sensitive reciprocal best hit, identity >=90%, both coverages >=0.8, no tied hit
ECB_RS09060	ECB_01717	WP_000082032.1	succinylornithine/acetylornithine transaminase	b1748	NP_416262.1	astC	T2_near_identical_rbh	99.8	1.0	1.0	6.0	6.0		DIAMOND ultra-sensitive reciprocal best hit, identity >=90%, both coverages >=0.8, no tied hit
ECB_RS09070	ECB_01719	WP_001299560.1	TVP38/TMEM64 family protein	b1750	NP_416264.4	ydjX	T2_near_identical_rbh	98.3	1.0	1.0	6.0	6.0		DIAMOND ultra-sensitive reciprocal best hit, identity >=90%, both coverages >=0.8, no tied hit
ECB_RS09080	ECB_01721	WP_000975812.1	TVP38/TMEM64 family protein	b1752	NP_416266.1	ydjZ	T2_near_identical_rbh	99.1	1.0	1.0	6.0	6.0		DIAMOND ultra-sensitive reciprocal best hit, identity >=90%, both coverages >=0.8, no tied hit
ECB_RS09105	ECB_01726	WP_001301291.1	thiosulfate sulfurtransferase YnjE	b1757	NP_416271.4	ynjE	T2_near_identical_rbh	99.8	1.0	1.0	6.0	6.0		DIAMOND ultra-sensitive reciprocal best hit, identity >=90%, both coverages >=0.8, no tied hit
ECB_RS09140	ECB_01733	WP_001301298.1	selenide, water dikinase SelD	b1764	NP_416278.1	selD	T2_near_identical_rbh	99.7	1.0	1.0	6.0	6.0		DIAMOND ultra-sensitive reciprocal best hit, identity >=90%, both coverages >=0.8, no tied hit
ECB_RS09160	ECB_01735	WP_001259822.1	signal peptide peptidase SppA	b1766	NP_416280.1	sppA	T2_near_identical_rbh	99.8	1.0	1.0	6.0	6.0		DIAMOND ultra-sensitive reciprocal best hit, identity >=90%, both coverages >=0.8, no tied hit
ECB_RS09175	ECB_01738	WP_001299574.1	MFS transporter	b1769	NP_416283.1	ydjE	T2_near_identical_rbh	99.8	1.0	1.0	6.0	6.0		DIAMOND ultra-sensitive reciprocal best hit, identity >=90%, both coverages >=0.8, no tied hit
ECB_RS09180	ECB_01739	WP_000719088.1	DeoR/GlpR family DNA-binding transcription regulator	b1770	NP_416284.1	ydjF	T2_near_identical_rbh	99.2	1.0	1.0	6.0	6.0		DIAMOND ultra-sensitive reciprocal best hit, identity >=90%, both coverages >=0.8, no tied hit
ECB_RS09185	ECB_01740	WP_000723724.1	NADH-dependent methylglyoxal reductase	b1771	NP_416285.1	ydjG	T2_near_identical_rbh	99.4	1.0	1.0	6.0	6.0		DIAMOND ultra-sensitive reciprocal best hit, identity >=90%, both coverages >=0.8, no tied hit
ECB_RS09190	ECB_01741	WP_001353847.1	sugar kinase	b1772	NP_416286.4	ydjH	T2_near_identical_rbh	99.0	1.0	1.0	6.0	6.0		DIAMOND ultra-sensitive reciprocal best hit, identity >=90%, both coverages >=0.8, no tied hit
ECB_RS09195	ECB_01742	WP_000878903.1	ketose-bisphosphate aldolase	b1773	NP_416287.1	ydjI	T2_near_identical_rbh	99.6	1.0	1.0	6.0	6.0		DIAMOND ultra-sensitive reciprocal best hit, identity >=90%, both coverages >=0.8, no tied hit
ECB_RS09205	ECB_01744	WP_000435282.1	MFS transporter	b1775	NP_416289.1	ydjK	T2_near_identical_rbh	99.6	1.0	1.0	6.0	6.0		DIAMOND ultra-sensitive reciprocal best hit, identity >=90%, both coverages >=0.8, no tied hit
ECB_RS09210	ECB_01745	WP_000645220.1	zinc-binding dehydrogenase	b1776	NP_416290.1	ydjL	T2_near_identical_rbh	99.7	1.0	1.0	6.0	6.0		DIAMOND ultra-sensitive reciprocal best hit, identity >=90%, both coverages >=0.8, no tied hit
ECB_RS09215	ECB_01746	WP_001301293.1	YeaC family protein	b1777	NP_416291.4	yeaC	T2_near_identical_rbh	95.6	1.0	1.0	6.0	6.0		DIAMOND ultra-sensitive reciprocal best hit, identity >=90%, both coverages >=0.8, no tied hit
ECB_RS09230	ECB_01749	WP_001353848.1	D-hexose-6-phosphate mutarotase	b1780	NP_416294.4	yeaD	T2_near_identical_rbh	98.3	1.0	1.0	6.0	6.0		DIAMOND ultra-sensitive reciprocal best hit, identity >=90%, both coverages >=0.8, no tied hit
ECB_RS09245	ECB_01752	WP_071819586.1	protein kinase YeaG	b1783	NP_416297.1	yeaG	T2_near_identical_rbh	99.8	1.0	0.969	6.0	6.0		DIAMOND ultra-sensitive reciprocal best hit, identity >=90%, both coverages >=0.8, no tied hit
ECB_RS09250	ECB_01753	WP_000219686.1	YeaH/YhbH family protein	b1784	NP_416298.1	yeaH	T2_near_identical_rbh	100.0	0.998	0.998	6.0	6.0		DIAMOND ultra-sensitive reciprocal best hit, identity >=90%, both coverages >=0.8, no tied hit
ECB_RS09255	ECB_01754	WP_000616417.1	sensor domain-containing diguanylate cyclase	b1785	NP_416299.1	cdgI	T2_near_identical_rbh	99.8	1.0	1.0	6.0	6.0		DIAMOND ultra-sensitive reciprocal best hit, identity >=90%, both coverages >=0.8, no tied hit
ECB_RS09260	ECB_01755	WP_000766131.1	diguanylate cyclase DgcJ	b1786	NP_416300.2	dgcJ	T2_near_identical_rbh	99.8	1.0	1.0	6.0	6.0		DIAMOND ultra-sensitive reciprocal best hit, identity >=90%, both coverages >=0.8, no tied hit
ECB_RS09265	ECB_01756	WP_000138051.1	mischarged aminoacyl-tRNA deacylase	b1787	NP_416301.1	yeaK	T2_near_identical_rbh	99.4	1.0	1.0	6.0	6.0		DIAMOND ultra-sensitive reciprocal best hit, identity >=90%, both coverages >=0.8, no tied hit
ECB_RS09275	ECB_01758	WP_000460710.1	DUF441 domain-containing protein	b1789	NP_416303.1	yeaL	T2_near_identical_rbh	99.3	1.0	1.0	6.0	6.0		DIAMOND ultra-sensitive reciprocal best hit, identity >=90%, both coverages >=0.8, no tied hit
ECB_RS09280	ECB_01759	WP_000972240.1	DNA-binding transcriptional regulator NimR	b1790	NP_416304.1	nimR	T2_near_identical_rbh	98.2	1.0	1.0	6.0	6.0		DIAMOND ultra-sensitive reciprocal best hit, identity >=90%, both coverages >=0.8, no tied hit
ECB_RS09290	ECB_01761	WP_001297652.1	DUF488 domain-containing protein	b1792	NP_416306.2	yeaO	T2_near_identical_rbh	97.4	1.0	1.0	6.0	6.0		DIAMOND ultra-sensitive reciprocal best hit, identity >=90%, both coverages >=0.8, no tied hit
ECB_RS09295	ECB_01762	WP_000691934.1	DUF333 domain-containing lipoprotein YoaF	b1793	NP_416307.1	yoaF	T2_near_identical_rbh	98.8	1.0	1.0	6.0	6.0		DIAMOND ultra-sensitive reciprocal best hit, identity >=90%, both coverages >=0.8, no tied hit
ECB_RS09300	ECB_01763	WP_001329055.1	diguanylate cyclase DgcP	b1794	NP_416308.4	dgcP	T2_near_identical_rbh	99.4	1.0	1.0	6.0	6.0		DIAMOND ultra-sensitive reciprocal best hit, identity >=90%, both coverages >=0.8, no tied hit
ECB_RS09335	ECB_01768	WP_000457199.1	leucine efflux protein LeuE	b1798	NP_416312.1	leuE	T2_near_identical_rbh	98.6	1.0	1.0	5.0	5.0		DIAMOND ultra-sensitive reciprocal best hit, identity >=90%, both coverages >=0.8, no tied hit
ECB_RS09340	ECB_01769	WP_001061578.1	DNA-binding transcriptional regulator DmlR	b1799	NP_416313.4	dmlR	T2_near_identical_rbh	99.3	1.0	1.0	5.0	5.0		DIAMOND ultra-sensitive reciprocal best hit, identity >=90%, both coverages >=0.8, no tied hit
ECB_RS09345	ECB_01770	WP_000978489.1	multifunctional D-malate/3-isopropylmalate/tartarate dehydrogenase	b1800	NP_416314.1	dmlA	T2_near_identical_rbh	99.7	1.0	1.0	5.0	5.0		DIAMOND ultra-sensitive reciprocal best hit, identity >=90%, both coverages >=0.8, no tied hit
ECB_RS09360	ECB_01773	WP_001287032.1	carnitine monooxygenase reductase subunit YeaX	b1803	NP_416317.1	yeaX	T2_near_identical_rbh	99.1	1.0	1.0	6.0	6.0		DIAMOND ultra-sensitive reciprocal best hit, identity >=90%, both coverages >=0.8, no tied hit
ECB_RS09365	ECB_01774	WP_001318538.1	ribonuclease D	b1804	NP_416318.1	rnd	T2_near_identical_rbh	99.5	1.0	0.989	6.0	6.0		DIAMOND ultra-sensitive reciprocal best hit, identity >=90%, both coverages >=0.8, no tied hit
ECB_RS09375	ECB_01776	WP_000290581.1	Slp family lipoprotein YeaY	b1806	NP_416320.1	yeaY	T2_near_identical_rbh	99.5	1.0	1.0	6.0	6.0		DIAMOND ultra-sensitive reciprocal best hit, identity >=90%, both coverages >=0.8, no tied hit
ECB_RS09380	ECB_01777	WP_001220987.1	tRNA (adenosine(37)-N6)-threonylcarbamoyltransferase complex dimerization subunit type 1 TsaB	b1807	NP_416321.1	tsaB	T2_near_identical_rbh	99.1	1.0	1.0	6.0	6.0		DIAMOND ultra-sensitive reciprocal best hit, identity >=90%, both coverages >=0.8, no tied hit
ECB_RS09385	ECB_01778	WP_000128847.1	ATP-dependent DNA helicase	b1808	NP_416322.1	yoaA	T2_near_identical_rbh	99.8	1.0	1.0	6.0	6.0		DIAMOND ultra-sensitive reciprocal best hit, identity >=90%, both coverages >=0.8, no tied hit
ECB_RS09410	ECB_01782	WP_000854972.1	aminodeoxychorismate synthase component 1	b1812	NP_416326.1	pabB	T2_near_identical_rbh	98.5	1.0	1.0	6.0	6.0		DIAMOND ultra-sensitive reciprocal best hit, identity >=90%, both coverages >=0.8, no tied hit
ECB_RS09415	ECB_01783	WP_000456720.1	CoA pyrophosphatase	b1813	NP_416327.1	nudL	T2_near_identical_rbh	98.4	1.0	1.0	6.0	6.0		DIAMOND ultra-sensitive reciprocal best hit, identity >=90%, both coverages >=0.8, no tied hit
ECB_RS09470	ECB_01792	WP_000010149.1	23S rRNA (guanine(745)-N(1))-methyltransferase	b1822	NP_416336.1	rlmA	T2_near_identical_rbh	98.1	1.0	1.0	6.0	6.0		DIAMOND ultra-sensitive reciprocal best hit, identity >=90%, both coverages >=0.8, no tied hit
ECB_RS09505	ECB_01798	WP_001262182.1	DNA-binding transcriptional regulator KdgR	b1827	NP_416341.1	kdgR	T2_near_identical_rbh	99.6	1.0	1.0	6.0	6.0		DIAMOND ultra-sensitive reciprocal best hit, identity >=90%, both coverages >=0.8, no tied hit
ECB_RS09510	ECB_01799	WP_001301427.1	MFS transporter	b1828	NP_416342.4	yebQ	T2_near_identical_rbh	99.8	1.0	1.0	6.0	6.0		DIAMOND ultra-sensitive reciprocal best hit, identity >=90%, both coverages >=0.8, no tied hit
ECB_RS09515	ECB_01800	WP_000984500.1	protease HtpX	b1829	NP_416343.1	htpX	T2_near_identical_rbh	99.3	1.0	1.0	6.0	6.0		DIAMOND ultra-sensitive reciprocal best hit, identity >=90%, both coverages >=0.8, no tied hit
ECB_RS09520	ECB_01801	WP_001315679.1	carboxy terminal-processing peptidase	b1830	NP_416344.1	prc	T2_near_identical_rbh	99.7	1.0	1.0	6.0	6.0		DIAMOND ultra-sensitive reciprocal best hit, identity >=90%, both coverages >=0.8, no tied hit
ECB_RS09525	ECB_01802	WP_000431370.1	RNA chaperone ProQ	b1831	YP_026161.1	proQ	T2_near_identical_rbh	95.7	1.0	1.0	6.0	6.0		DIAMOND ultra-sensitive reciprocal best hit, identity >=90%, both coverages >=0.8, no tied hit
ECB_RS09530	ECB_01803	WP_001043882.1	L-methionine (R)-S-oxide reductase	b1832	NP_416346.4	msrC	T2_near_identical_rbh	98.8	1.0	1.0	6.0	6.0		DIAMOND ultra-sensitive reciprocal best hit, identity >=90%, both coverages >=0.8, no tied hit
ECB_RS09535	ECB_01804	WP_001301337.1	membrane integrity lipid transport subunit YebS	b1833	NP_416347.1	letA	T2_near_identical_rbh	99.1	1.0	1.0	6.0	6.0		DIAMOND ultra-sensitive reciprocal best hit, identity >=90%, both coverages >=0.8, no tied hit
ECB_RS09540	ECB_01805	WP_001297532.1	lipid-binding membrane homeostasis protein YebT	b1834	NP_416348.2	letB	T2_near_identical_rbh	99.9	1.0	1.0	6.0	6.0		DIAMOND ultra-sensitive reciprocal best hit, identity >=90%, both coverages >=0.8, no tied hit
ECB_RS09545	ECB_01806	WP_000057022.1	16S rRNA (cytosine(1407)-C(5))-methyltransferase RsmF	b1835	NP_416349.2	rsmF	T2_near_identical_rbh	98.5	1.0	1.0	6.0	6.0		DIAMOND ultra-sensitive reciprocal best hit, identity >=90%, both coverages >=0.8, no tied hit
ECB_RS09555	ECB_01808	WP_001296140.1	YebW family protein	b1837	NP_416351.2	yebW	T2_near_identical_rbh	98.4	1.0	1.0	6.0	6.0		DIAMOND ultra-sensitive reciprocal best hit, identity >=90%, both coverages >=0.8, no tied hit
ECB_RS09570	ECB_01810	WP_000976472.1	YebY family protein	b1839	NP_416353.1	yebY	T2_near_identical_rbh	99.1	1.0	1.0	6.0	6.0		DIAMOND ultra-sensitive reciprocal best hit, identity >=90%, both coverages >=0.8, no tied hit
ECB_RS09575	ECB_01811	WP_000879293.1	copper homeostasis membrane protein CopD	b1840	NP_416354.1	yebZ	T2_near_identical_rbh	97.9	1.0	1.0	6.0	6.0		DIAMOND ultra-sensitive reciprocal best hit, identity >=90%, both coverages >=0.8, no tied hit
ECB_RS09590	ECB_01814	WP_000011657.1	carbon-nitrogen hydrolase family protein YobB	b1843	NP_416357.1	yobB	T2_near_identical_rbh	99.5	1.0	1.0	6.0	6.0		DIAMOND ultra-sensitive reciprocal best hit, identity >=90%, both coverages >=0.8, no tied hit
ECB_RS09595	ECB_01815	WP_000944245.1	exodeoxyribonuclease X	b1844	NP_416358.1	exoX	T2_near_identical_rbh	99.5	1.0	1.0	6.0	6.0		DIAMOND ultra-sensitive reciprocal best hit, identity >=90%, both coverages >=0.8, no tied hit
ECB_RS09600	ECB_01816	WP_000936922.1	oligopeptidase B	b1845	NP_416359.1	ptrB	T2_near_identical_rbh	99.4	1.0	1.0	6.0	6.0		DIAMOND ultra-sensitive reciprocal best hit, identity >=90%, both coverages >=0.8, no tied hit
ECB_RS09605	ECB_01817	WP_000024745.1	tellurite resistance TerB family protein	b1846	NP_416360.1	yebE	T2_near_identical_rbh	98.6	1.0	1.0	6.0	6.0		DIAMOND ultra-sensitive reciprocal best hit, identity >=90%, both coverages >=0.8, no tied hit
ECB_RS09615	ECB_01818	WP_001295500.1	protein YebF	b1847	NP_416361.2	yebF	T2_near_identical_rbh	99.2	1.0	1.0	6.0	6.0		DIAMOND ultra-sensitive reciprocal best hit, identity >=90%, both coverages >=0.8, no tied hit
ECB_RS09625	ECB_01820	WP_000173474.1	formate-dependent phosphoribosylglycinamide formyltransferase	b1849	NP_416363.1	purT	T2_near_identical_rbh	99.5	1.0	1.0	6.0	6.0		DIAMOND ultra-sensitive reciprocal best hit, identity >=90%, both coverages >=0.8, no tied hit
ECB_RS09640	ECB_01823	WP_000301720.1	glucose-6-phosphate dehydrogenase	b1852	NP_416366.1	zwf	T2_near_identical_rbh	99.8	1.0	1.0	6.0	6.0		DIAMOND ultra-sensitive reciprocal best hit, identity >=90%, both coverages >=0.8, no tied hit
ECB_RS09675	ECB_01829	WP_000202990.1	zinc ABC transporter ATP-binding protein ZnuC	b1858	NP_416372.1	znuC	T2_near_identical_rbh	99.6	1.0	1.0	6.0	6.0		DIAMOND ultra-sensitive reciprocal best hit, identity >=90%, both coverages >=0.8, no tied hit
ECB_RS09680	ECB_01830	WP_000571479.1	zinc ABC transporter permease subunit ZnuB	b1859	NP_416373.1	znuB	T2_near_identical_rbh	99.6	1.0	1.0	5.0	5.0		DIAMOND ultra-sensitive reciprocal best hit, identity >=90%, both coverages >=0.8, no tied hit
ECB_RS09690	ECB_01832	WP_000580332.1	Holliday junction branch migration protein RuvA	b1861	NP_416375.1	ruvA	T2_near_identical_rbh	99.0	1.0	1.0	5.0	5.0		DIAMOND ultra-sensitive reciprocal best hit, identity >=90%, both coverages >=0.8, no tied hit
ECB_RS09695	ECB_01833	WP_001024904.1	YebB family permuted papain-like enzyme	b1862	NP_416376.2	yebB	T2_near_identical_rbh	98.5	1.0	1.0	5.0	5.0		DIAMOND ultra-sensitive reciprocal best hit, identity >=90%, both coverages >=0.8, no tied hit
ECB_RS09705	ECB_01835	WP_000907234.1	YebC/PmpR family DNA-binding transcriptional regulator	b1864	NP_416378.1	yebC	T2_near_identical_rbh	99.6	1.0	1.0	5.0	5.0		DIAMOND ultra-sensitive reciprocal best hit, identity >=90%, both coverages >=0.8, no tied hit
ECB_RS09735	ECB_01841	WP_000019588.1	carboxy-S-adenosyl-L-methionine synthase CmoA	b1870	NP_416384.1	cmoA	T2_near_identical_rbh	99.6	1.0	1.0	6.0	6.0		DIAMOND ultra-sensitive reciprocal best hit, identity >=90%, both coverages >=0.8, no tied hit
ECB_RS09740	ECB_01842	WP_000564726.1	tRNA 5-methoxyuridine(34)/uridine 5-oxyacetic acid(34) synthase CmoB	b1871	NP_416385.1	cmoB	T2_near_identical_rbh	99.7	1.0	1.0	6.0	6.0		DIAMOND ultra-sensitive reciprocal best hit, identity >=90%, both coverages >=0.8, no tied hit
ECB_RS09745	ECB_01843	WP_000176795.1	trimethylamine N-oxide reductase TorZ	b1872	NP_416386.4	torZ	T2_near_identical_rbh	99.3	1.0	1.0	6.0	6.0		DIAMOND ultra-sensitive reciprocal best hit, identity >=90%, both coverages >=0.8, no tied hit
ECB_RS09750	ECB_01844	WP_001214323.1	NapC/NirT family cytochrome c	b1873	NP_416387.1	torY	T2_near_identical_rbh	98.1	1.0	1.0	6.0	6.0		DIAMOND ultra-sensitive reciprocal best hit, identity >=90%, both coverages >=0.8, no tied hit
ECB_RS09755		WP_001185727.1	copper homeostasis protein CutC	b1874	YP_025309.2	cutC	T2_near_identical_rbh	98.8	1.0	1.0	6.0	6.0		DIAMOND ultra-sensitive reciprocal best hit, identity >=90%, both coverages >=0.8, no tied hit
ECB_RS09760	ECB_01846	WP_001295504.1	VOC family protein	b1875	NP_416389.4	yecM	T2_near_identical_rbh	99.5	1.0	1.0	6.0	6.0		DIAMOND ultra-sensitive reciprocal best hit, identity >=90%, both coverages >=0.8, no tied hit
ECB_RS09770	ECB_01848	WP_001320618.1	lysozyme inhibitor LprI family protein	b1877	NP_416391.4	yecT	T2_near_identical_rbh	98.8	1.0	1.0	6.0	6.0		DIAMOND ultra-sensitive reciprocal best hit, identity >=90%, both coverages >=0.8, no tied hit
ECB_RS09780	ECB_01850	WP_000066978.1	flagellar biosynthesis protein FlhA	b1879	NP_416393.1	flhA	T2_near_identical_rbh	99.7	1.0	1.0	6.0	6.0		DIAMOND ultra-sensitive reciprocal best hit, identity >=90%, both coverages >=0.8, no tied hit
ECB_RS09785	ECB_01851	WP_001278936.1	flagellar biosynthesis protein FlhB	b1880	NP_416394.1	flhB	T2_near_identical_rbh	99.7	1.0	1.0	6.0	6.0		DIAMOND ultra-sensitive reciprocal best hit, identity >=90%, both coverages >=0.8, no tied hit
ECB_RS09800	ECB_01854	WP_000036371.1	protein-glutamate methylesterase/protein glutamine deamidase	b1883	NP_416397.1	cheB	T2_near_identical_rbh	99.4	1.0	1.0	6.0	6.0		DIAMOND ultra-sensitive reciprocal best hit, identity >=90%, both coverages >=0.8, no tied hit
ECB_RS09805	ECB_01855	WP_000204338.1	protein-glutamate O-methyltransferase CheR	b1884	NP_416398.1	cheR	T2_near_identical_rbh	99.7	1.0	1.0	6.0	6.0		DIAMOND ultra-sensitive reciprocal best hit, identity >=90%, both coverages >=0.8, no tied hit
ECB_RS09810	ECB_01856	WP_000483187.1	methyl-accepting chemotaxis protein IV	b1885	NP_416399.1	tap	T2_near_identical_rbh	99.2	1.0	1.0	6.0	6.0		DIAMOND ultra-sensitive reciprocal best hit, identity >=90%, both coverages >=0.8, no tied hit
ECB_RS09825	ECB_01859	WP_012767737.1	chemotaxis protein CheA	b1888	YP_010283911.1	cheA	T2_near_identical_rbh	99.7	1.0	1.0	6.0	6.0		DIAMOND ultra-sensitive reciprocal best hit, identity >=90%, both coverages >=0.8, no tied hit
ECB_RS09850	ECB_01864	WP_000122426.1	universal stress protein UspC	b1895	NP_416409.1	uspC	T2_near_identical_rbh	99.3	1.0	1.0	6.0	6.0		DIAMOND ultra-sensitive reciprocal best hit, identity >=90%, both coverages >=0.8, no tied hit
ECB_RS09895	ECB_01872	WP_001237875.1	YecR-like lipofamily protein	b1904	NP_416417.1	yecR	T2_near_identical_rbh	98.1	1.0	1.0	6.0	6.0		DIAMOND ultra-sensitive reciprocal best hit, identity >=90%, both coverages >=0.8, no tied hit
ECB_RS09905	ECB_01874	WP_000377224.1	YecH family metal-binding protein	b1906	NP_416419.1	yecH	T2_near_identical_rbh	97.5	1.0	1.0	6.0	6.0		DIAMOND ultra-sensitive reciprocal best hit, identity >=90%, both coverages >=0.8, no tied hit
ECB_RS09910	ECB_01875	WP_000797573.1	tyrosine transporter TyrP	b1907	NP_416420.1	tyrP	T2_near_identical_rbh	99.5	1.0	1.0	6.0	6.0		DIAMOND ultra-sensitive reciprocal best hit, identity >=90%, both coverages >=0.8, no tied hit
ECB_RS09915	ECB_01876	WP_000847880.1	UPF0149 family protein YecA	b1908	NP_416421.1	yecA	T2_near_identical_rbh	99.1	1.0	1.0	5.0	5.0		DIAMOND ultra-sensitive reciprocal best hit, identity >=90%, both coverages >=0.8, no tied hit
ECB_RS09940	ECB_01878	WP_001283424.1	excinuclease ABC subunit UvrC	b1913	NP_416423.4	uvrC	T2_near_identical_rbh	99.8	1.0	1.0	3.0	5.0		DIAMOND ultra-sensitive reciprocal best hit, identity >=90%, both coverages >=0.8, no tied hit
ECB_RS09960	ECB_01883	WP_000826748.1	two-component system sensor histidine kinase HprS	b1968	NP_416477.1	hprS	T2_near_identical_rbh	99.3	1.0	1.0	3.0	5.0		DIAMOND ultra-sensitive reciprocal best hit, identity >=90%, both coverages >=0.8, no tied hit
ECB_RS09965	ECB_01884	WP_001339045.1	response regulator transcription factor HprR	b1969	NP_416478.2	hprR	T2_near_identical_rbh	99.6	1.0	1.0	4.0	5.0		DIAMOND ultra-sensitive reciprocal best hit, identity >=90%, both coverages >=0.8, no tied hit
ECB_RS09970	ECB_01885	WP_000920127.1	hydroxyisourate hydrolase	b1970	NP_416479.1	hiuH	T2_near_identical_rbh	99.3	1.0	1.0	5.0	5.0		DIAMOND ultra-sensitive reciprocal best hit, identity >=90%, both coverages >=0.8, no tied hit
ECB_RS09975	ECB_01886	WP_000740094.1	protein-methionine-sulfoxide reductase catalytic subunit MsrP	b1971	NP_416480.1	msrP	T2_near_identical_rbh	98.8	1.0	1.0	6.0	6.0		DIAMOND ultra-sensitive reciprocal best hit, identity >=90%, both coverages >=0.8, no tied hit
ECB_RS09980	ECB_01887	WP_001240102.1	protein-methionine-sulfoxide reductase heme-binding subunit MsrQ	b1972	NP_416481.1	msrQ	T2_near_identical_rbh	99.1	1.0	1.0	6.0	6.0		DIAMOND ultra-sensitive reciprocal best hit, identity >=90%, both coverages >=0.8, no tied hit
ECB_RS09985	ECB_01888	WP_001007789.1	metal-binding protein ZinT	b1973	NP_416482.1	zinT	T2_near_identical_rbh	98.6	1.0	1.0	6.0	6.0		DIAMOND ultra-sensitive reciprocal best hit, identity >=90%, both coverages >=0.8, no tied hit
ECB_RS10005	ECB_01890	WP_001320474.1	DgsA anti-repressor MtfA	b1976	NP_416484.2	mtfA	T2_near_identical_rbh	99.2	1.0	1.0	6.0	6.0		DIAMOND ultra-sensitive reciprocal best hit, identity >=90%, both coverages >=0.8, no tied hit
ECB_RS10015	ECB_01891	WP_012775979.1	inverse autotransporter adhesin YeeJ	b1978	NP_416485.5	yeeJ	T2_near_identical_rbh	99.9	0.992	1.0	6.0	6.0		DIAMOND ultra-sensitive reciprocal best hit, identity >=90%, both coverages >=0.8, no tied hit
ECB_RS10045	ECB_01896	WP_001323172.1	toxic metabolite efflux MATE transporter YeeO	b1985	NP_416491.3	yeeO	T2_near_identical_rbh	100.0	1.0	0.905	6.0	6.0		DIAMOND ultra-sensitive reciprocal best hit, identity >=90%, both coverages >=0.8, no tied hit
ECB_RS10070	ECB_01899	WP_000986321.1	L,D-transpeptidase	b1990	NP_416494.1	ldtA	T2_near_identical_rbh	100.0	0.997	1.0	6.0	6.0		DIAMOND ultra-sensitive reciprocal best hit, identity >=90%, both coverages >=0.8, no tied hit
ECB_RS10080	ECB_01901	WP_012767739.1	adenosylcobinamide-GDP ribazoletransferase	b1992	NP_416496.1	cobS	T2_near_identical_rbh	99.6	1.0	1.0	4.0	4.0		DIAMOND ultra-sensitive reciprocal best hit, identity >=90%, both coverages >=0.8, no tied hit
ECB_RS10140		WP_001016348.1	EutP/PduV family microcompartment system protein	b4538	YP_009518798.1	yoeF	excluded_weak_rbh	100.0	1.0	0.508	3.0	3.0		reciprocal best hit failing T2 and T3 thresholds; not a transfer route
ECB_RS10150	ECB_01911	WP_001200905.1	FUSC family protein	b2008	NP_416512.1	yeeA	T2_near_identical_rbh	99.7	1.0	1.0	5.0	5.0		DIAMOND ultra-sensitive reciprocal best hit, identity >=90%, both coverages >=0.8, no tied hit
ECB_RS10155	ECB_01912	WP_001105393.1	DNA gyrase inhibitor SbmC	b2009	NP_416513.1	sbmC	T2_near_identical_rbh	97.5	1.0	1.0	6.0	6.0		DIAMOND ultra-sensitive reciprocal best hit, identity >=90%, both coverages >=0.8, no tied hit
ECB_RS10160	ECB_01913	WP_001320295.1	serine-type D-Ala-D-Ala carboxypeptidase DacD	b2010	NP_416514.4	dacD	T2_near_identical_rbh	99.0	1.0	1.0	6.0	6.0		DIAMOND ultra-sensitive reciprocal best hit, identity >=90%, both coverages >=0.8, no tied hit
ECB_RS10165	ECB_01914	WP_000980563.1	exodeoxyribonuclease I	b2011	NP_416515.1	sbcB	T2_near_identical_rbh	99.2	1.0	1.0	6.0	6.0		DIAMOND ultra-sensitive reciprocal best hit, identity >=90%, both coverages >=0.8, no tied hit
ECB_RS10170	ECB_01915	WP_000985273.1	thiosulfate utilization sulfurtransferase TsuB/YeeD	b2012	NP_416516.1	tsuB	T2_near_identical_rbh	97.3	1.0	1.0	6.0	6.0		DIAMOND ultra-sensitive reciprocal best hit, identity >=90%, both coverages >=0.8, no tied hit
ECB_RS10175	ECB_01916	WP_000492348.1	thiosulfate utilization transporter TsuA/YeeE	b2013	NP_416517.1	tsuA	T2_near_identical_rbh	98.3	1.0	1.0	6.0	6.0		DIAMOND ultra-sensitive reciprocal best hit, identity >=90%, both coverages >=0.8, no tied hit
ECB_RS10185	ECB_01918	WP_000803363.1	LysR substrate-binding domain-containing protein	b2015	NP_416519.4	yeeY	T2_near_identical_rbh	99.0	1.0	1.0	6.0	6.0		DIAMOND ultra-sensitive reciprocal best hit, identity >=90%, both coverages >=0.8, no tied hit
ECB_RS10195	ECB_01921	WP_000131757.1	ATP phosphoribosyltransferase	b2019	NP_416523.1	hisG	T2_near_identical_rbh	99.3	1.0	1.0	6.0	6.0		DIAMOND ultra-sensitive reciprocal best hit, identity >=90%, both coverages >=0.8, no tied hit
ECB_RS10200	ECB_01922	WP_012767740.1	histidinol dehydrogenase	b2020	NP_416524.1	hisD	T2_near_identical_rbh	98.8	1.0	1.0	6.0	6.0		DIAMOND ultra-sensitive reciprocal best hit, identity >=90%, both coverages >=0.8, no tied hit
ECB_RS10205	ECB_01923	WP_000108921.1	histidinol-phosphate transaminase	b2021	NP_416525.1	hisC	T2_near_identical_rbh	98.9	1.0	1.0	6.0	6.0		DIAMOND ultra-sensitive reciprocal best hit, identity >=90%, both coverages >=0.8, no tied hit
ECB_RS10210	ECB_01924	WP_000080085.1	bifunctional histidinol-phosphatase/imidazoleglycerol-phosphate dehydratase HisB	b2022	NP_416526.4	hisB	T2_near_identical_rbh	99.2	1.0	1.0	6.0	6.0		DIAMOND ultra-sensitive reciprocal best hit, identity >=90%, both coverages >=0.8, no tied hit
ECB_RS10215	ECB_01925	WP_001103550.1	imidazole glycerol phosphate synthase subunit HisH	b2023	NP_416527.1	hisH	T2_near_identical_rbh	99.5	1.0	1.0	6.0	6.0		DIAMOND ultra-sensitive reciprocal best hit, identity >=90%, both coverages >=0.8, no tied hit
ECB_RS10220	ECB_01926	WP_000586449.1	1-(5-phosphoribosyl)-5-[(5-phosphoribosylamino)methylideneamino]imidazole-4-carboxamide isomerase	b2024	NP_416528.2	hisA	T2_near_identical_rbh	98.8	1.0	1.0	6.0	6.0		DIAMOND ultra-sensitive reciprocal best hit, identity >=90%, both coverages >=0.8, no tied hit
ECB_RS10225	ECB_01927	WP_000880195.1	imidazole glycerol phosphate synthase subunit HisF	b2025	NP_416529.1	hisF	T2_near_identical_rbh	98.8	1.0	1.0	6.0	6.0		DIAMOND ultra-sensitive reciprocal best hit, identity >=90%, both coverages >=0.8, no tied hit
ECB_RS10235	ECB_01929	WP_001319146.1	LPS O-antigen chain length determinant protein WzzB	b2027	NP_416531.4	wzzB	T2_near_identical_rbh	99.1	1.0	1.0	5.0	5.0		DIAMOND ultra-sensitive reciprocal best hit, identity >=90%, both coverages >=0.8, no tied hit
ECB_RS10240	ECB_01930	WP_000704860.1	UDP-glucose 6-dehydrogenase	b2028	NP_416532.1	ugd	T2_near_identical_rbh	99.7	1.0	1.0	4.0	4.0		DIAMOND ultra-sensitive reciprocal best hit, identity >=90%, both coverages >=0.8, no tied hit
ECB_RS10245	ECB_01931	WP_000043460.1	NADP-dependent phosphogluconate dehydrogenase	b2029	NP_416533.1	gnd	T2_near_identical_rbh	99.1	1.0	1.0	3.0	3.0		DIAMOND ultra-sensitive reciprocal best hit, identity >=90%, both coverages >=0.8, no tied hit
ECB_RS10305	ECB_01944	WP_001100801.1	dTDP-4-dehydrorhamnose 3,5-epimerase	b2038	NP_416542.1	rfbC	T3_divergent_syntenic_rbh	60.9	0.989	0.968	3.0	3.0		reciprocal best hit below T2 thresholds (identity >=50%, coverage >=0.6) with >=1 conserved neighbour within +/-3 loci
ECB_RS10310	ECB_01945	WP_000857508.1	glucose-1-phosphate thymidylyltransferase RfbA	b2039	NP_416543.1	rfbA	T2_near_identical_rbh	95.2	0.993	0.99	4.0	4.0		DIAMOND ultra-sensitive reciprocal best hit, identity >=90%, both coverages >=0.8, no tied hit
ECB_RS10315	ECB_01946	WP_001023616.1	dTDP-4-dehydrorhamnose reductase	b2040	NP_416544.1	rfbD	T2_near_identical_rbh	94.0	1.0	1.0	5.0	5.0		DIAMOND ultra-sensitive reciprocal best hit, identity >=90%, both coverages >=0.8, no tied hit
ECB_RS10320	ECB_01947	WP_000699450.1	dTDP-glucose 4,6-dehydratase	b2041	NP_416545.1	rfbB	T2_near_identical_rbh	94.2	1.0	1.0	6.0	6.0		DIAMOND ultra-sensitive reciprocal best hit, identity >=90%, both coverages >=0.8, no tied hit
ECB_RS10330	ECB_01949	WP_001115981.1	colanic acid biosynthesis protein WcaM	b2043	NP_416547.1	wcaM	T2_near_identical_rbh	97.4	1.0	1.0	6.0	6.0		DIAMOND ultra-sensitive reciprocal best hit, identity >=90%, both coverages >=0.8, no tied hit
ECB_RS10335	ECB_01950	WP_000862635.1	colanic acid biosynthesis glycosyltransferase WcaL	b2044	NP_416548.1	wcaL	T2_near_identical_rbh	98.0	1.0	1.0	6.0	6.0		DIAMOND ultra-sensitive reciprocal best hit, identity >=90%, both coverages >=0.8, no tied hit
ECB_RS10340	ECB_01951	WP_000770767.1	colanic acid biosynthesis pyruvyl transferase WcaK	b2045	NP_416549.1	wcaK	T2_near_identical_rbh	98.4	1.0	1.0	6.0	6.0		DIAMOND ultra-sensitive reciprocal best hit, identity >=90%, both coverages >=0.8, no tied hit
ECB_RS10345	ECB_01952	WP_000058488.1	colanic acid undecaprenyl disphosphate flippase WzxC	b2046	NP_416550.1	wzxC	T2_near_identical_rbh	98.8	1.0	1.0	6.0	6.0		DIAMOND ultra-sensitive reciprocal best hit, identity >=90%, both coverages >=0.8, no tied hit
ECB_RS10350	ECB_01953	WP_000183130.1	undecaprenyl-phosphate glucose phosphotransferase	b2047	NP_416551.1	wcaJ	T2_near_identical_rbh	99.8	1.0	1.0	6.0	6.0		DIAMOND ultra-sensitive reciprocal best hit, identity >=90%, both coverages >=0.8, no tied hit
ECB_RS10355	ECB_01954	WP_001374064.1	colanic acid biosynthesis phosphomannomutase CpsG	b2048	NP_416552.1	cpsG	T2_near_identical_rbh	99.3	1.0	1.0	6.0	6.0		DIAMOND ultra-sensitive reciprocal best hit, identity >=90%, both coverages >=0.8, no tied hit
ECB_RS10360	ECB_01955	WP_000079313.1	mannose-1-phosphate guanyltransferase	b2049	NP_416553.1	cpsB	T2_near_identical_rbh	99.2	1.0	1.0	6.0	6.0		DIAMOND ultra-sensitive reciprocal best hit, identity >=90%, both coverages >=0.8, no tied hit
ECB_RS10365	ECB_01956	WP_000699709.1	colanic acid biosynthesis fucosyltransferase WcaI	b2050	NP_416554.1	wcaI	T2_near_identical_rbh	99.0	1.0	1.0	6.0	6.0		DIAMOND ultra-sensitive reciprocal best hit, identity >=90%, both coverages >=0.8, no tied hit
ECB_RS10370	ECB_01957	WP_000479835.1	GDP-mannose mannosyl hydrolase	b2051	NP_416555.2	gmm	T2_near_identical_rbh	97.5	1.0	1.0	6.0	6.0		DIAMOND ultra-sensitive reciprocal best hit, identity >=90%, both coverages >=0.8, no tied hit
ECB_RS10385	ECB_01960	WP_001153575.1	colanic acid biosynthesis acetyltransferase WcaF	b2054	NP_416558.1	wcaF	T2_near_identical_rbh	98.9	1.0	1.0	6.0	6.0		DIAMOND ultra-sensitive reciprocal best hit, identity >=90%, both coverages >=0.8, no tied hit
ECB_RS10390	ECB_01961	WP_000927064.1	colanic acid biosynthesis glycosyltransferase WcaE	b2055	NP_416559.1	wcaE	T2_near_identical_rbh	98.8	0.996	0.996	6.0	6.0		DIAMOND ultra-sensitive reciprocal best hit, identity >=90%, both coverages >=0.8, no tied hit
ECB_RS10400	ECB_01963	WP_001023901.1	colanic acid biosynthesis glycosyltransferase WcaC	b2057	NP_416561.1	wcaC	T2_near_identical_rbh	99.3	1.0	1.0	6.0	6.0		DIAMOND ultra-sensitive reciprocal best hit, identity >=90%, both coverages >=0.8, no tied hit
ECB_RS10410	ECB_01965	WP_000654491.1	colanic acid biosynthesis glycosyltransferase WcaA	b2059	NP_416563.1	wcaA	T2_near_identical_rbh	99.3	1.0	1.0	6.0	6.0		DIAMOND ultra-sensitive reciprocal best hit, identity >=90%, both coverages >=0.8, no tied hit
ECB_RS10415	ECB_01966	WP_000137133.1	tyrosine-protein kinase Wzc	b2060	NP_416564.4	wzc	T2_near_identical_rbh	99.6	1.0	1.0	6.0	6.0		DIAMOND ultra-sensitive reciprocal best hit, identity >=90%, both coverages >=0.8, no tied hit
ECB_RS10430	ECB_01969	WP_001300971.1	TerC family protein	b2063	NP_416567.4	yegH	T2_near_identical_rbh	99.4	1.0	1.0	6.0	6.0		DIAMOND ultra-sensitive reciprocal best hit, identity >=90%, both coverages >=0.8, no tied hit
ECB_RS10435	ECB_01970	WP_001252324.1	outer membrane assembly protein AsmA	b2064	NP_416568.1	asmA	T2_near_identical_rbh	98.9	1.0	1.0	6.0	6.0		DIAMOND ultra-sensitive reciprocal best hit, identity >=90%, both coverages >=0.8, no tied hit
ECB_RS10440	ECB_01971	WP_001234777.1	dCTP deaminase	b2065	NP_416569.1	dcd	T2_near_identical_rbh	99.0	1.0	1.0	6.0	6.0		DIAMOND ultra-sensitive reciprocal best hit, identity >=90%, both coverages >=0.8, no tied hit
ECB_RS10450	ECB_01973	WP_000043670.1	diguanylate cyclase	b2067	NP_416571.1	dgcE	T2_near_identical_rbh	99.2	1.004	1.0	6.0	6.0		DIAMOND ultra-sensitive reciprocal best hit, identity >=90%, both coverages >=0.8, no tied hit
ECB_RS10455	ECB_01974	WP_000288422.1	DNA-3-methyladenine glycosylase 2	b2068	NP_416572.1	alkA	T2_near_identical_rbh	96.8	1.0	1.0	6.0	6.0		DIAMOND ultra-sensitive reciprocal best hit, identity >=90%, both coverages >=0.8, no tied hit
ECB_RS10460	ECB_01975	WP_000469743.1	molecular chaperone	b2069	NP_416573.4	yegD	T2_near_identical_rbh	98.7	1.0	1.0	6.0	6.0		DIAMOND ultra-sensitive reciprocal best hit, identity >=90%, both coverages >=0.8, no tied hit
ECB_RS10465	ECB_01976	WP_001300985.1	protein kinase YegI	b2070	NP_416574.1	yegI	T2_near_identical_rbh	96.7	0.994	0.991	6.0	6.0		DIAMOND ultra-sensitive reciprocal best hit, identity >=90%, both coverages >=0.8, no tied hit
ECB_RS10470	ECB_01977	WP_000119055.1	PP2C family serine/threonine-protein phosphatase	b2072	NP_416576.1	pphC	T2_near_identical_rbh	92.8	0.992	0.992	6.0	6.0		DIAMOND ultra-sensitive reciprocal best hit, identity >=90%, both coverages >=0.8, no tied hit
ECB_RS10475	ECB_01978	WP_000003153.1	vWA domain-containing protein	b2073	NP_416577.1	yegL	T2_near_identical_rbh	98.6	1.0	1.0	5.0	5.0		DIAMOND ultra-sensitive reciprocal best hit, identity >=90%, both coverages >=0.8, no tied hit
ECB_RS10480	ECB_01979	WP_000678965.1	multidrug efflux RND transporter subunit MdtA	b2074	NP_416578.2	mdtA	T2_near_identical_rbh	98.6	1.0	1.0	4.0	4.0		DIAMOND ultra-sensitive reciprocal best hit, identity >=90%, both coverages >=0.8, no tied hit
ECB_RS10485	ECB_01980	WP_001197904.1	multidrug efflux RND transporter permease subunit MdtB	b2075	NP_416579.1	mdtB	T2_near_identical_rbh	99.7	1.0	1.0	4.0	4.0		DIAMOND ultra-sensitive reciprocal best hit, identity >=90%, both coverages >=0.8, no tied hit
ECB_RS10490	ECB_01981	WP_000667585.1	multidrug efflux RND transporter permease subunit MdtC	b2076	NP_416580.1	mdtC	T2_near_identical_rbh	99.9	1.0	1.0	5.0	5.0		DIAMOND ultra-sensitive reciprocal best hit, identity >=90%, both coverages >=0.8, no tied hit
ECB_RS10510	ECB_01985	WP_000929408.1	YegP family protein	b2080	NP_416584.4	yegP	T2_near_identical_rbh	99.1	1.0	1.0	5.0	5.0		DIAMOND ultra-sensitive reciprocal best hit, identity >=90%, both coverages >=0.8, no tied hit
ECB_RS10515	ECB_01986	WP_000476014.1	tRNA 5-hydroxyuridine modification protein YegQ	b2081	NP_416585.1	trhP	T2_near_identical_rbh	99.8	1.0	1.0	4.0	4.0		DIAMOND ultra-sensitive reciprocal best hit, identity >=90%, both coverages >=0.8, no tied hit
ECB_RS10655	ECB_02015	WP_000807361.1	lipid kinase YegS	b2086	NP_416590.1	yegS	T2_near_identical_rbh	99.0	1.0	1.0	2.0	2.0		DIAMOND ultra-sensitive reciprocal best hit, identity >=90%, both coverages >=0.8, no tied hit
ECB_RS10675	ECB_02019	WP_000823266.1	PTS galactitol transporter subunit IIB	b2093	NP_416596.1	gatB	T2_near_identical_rbh	98.9	1.0	1.0	3.0	3.0		DIAMOND ultra-sensitive reciprocal best hit, identity >=90%, both coverages >=0.8, no tied hit
ECB_RS10680	ECB_02020	WP_000182921.1	PTS galactitol transporter subunit IIA	b2094	NP_416597.1	gatA	T2_near_identical_rbh	99.3	1.0	1.0	4.0	4.0		DIAMOND ultra-sensitive reciprocal best hit, identity >=90%, both coverages >=0.8, no tied hit
ECB_RS10695	ECB_02024	WP_001300977.1	tagatose-bisphosphate aldolase subunit GatY	b2096	NP_416599.2	gatY	T2_near_identical_rbh	99.6	1.0	1.0	5.0	5.0		DIAMOND ultra-sensitive reciprocal best hit, identity >=90%, both coverages >=0.8, no tied hit
ECB_RS10705	ECB_02026	WP_000858501.1	nucleoside permease	b2098	NP_416601.1	yegT	T2_near_identical_rbh	99.5	1.0	1.0	5.0	5.0		DIAMOND ultra-sensitive reciprocal best hit, identity >=90%, both coverages >=0.8, no tied hit
ECB_RS10710	ECB_02027	WP_000846243.1	ADP-ribosylglycohydrolase family protein	b2099	NP_416602.1	yegU	T2_near_identical_rbh	99.7	1.0	1.0	6.0	6.0		DIAMOND ultra-sensitive reciprocal best hit, identity >=90%, both coverages >=0.8, no tied hit
ECB_RS10715	ECB_02028	WP_000011997.1	carbohydrate kinase family protein	b2100	NP_416603.1	yegV	T2_near_identical_rbh	99.7	1.0	1.0	6.0	6.0		DIAMOND ultra-sensitive reciprocal best hit, identity >=90%, both coverages >=0.8, no tied hit
ECB_RS10725	ECB_02030	WP_001300994.1	glycoside hydrolase family 25 protein	b2102	NP_416605.2	yegX	T2_near_identical_rbh	98.2	1.0	1.0	5.0	5.0		DIAMOND ultra-sensitive reciprocal best hit, identity >=90%, both coverages >=0.8, no tied hit
ECB_RS10730	ECB_02031	WP_000822257.1	bifunctional hydroxymethylpyrimidine kinase/phosphomethylpyrimidine kinase	b2103	NP_416606.1	thiD	T2_near_identical_rbh	99.6	1.0	1.0	4.0	4.0		DIAMOND ultra-sensitive reciprocal best hit, identity >=90%, both coverages >=0.8, no tied hit
ECB_RS10775	ECB_02044	WP_001300978.1	methionine--tRNA ligase	b2114	NP_416617.1	metG	T2_near_identical_rbh	99.4	1.0	1.0	3.0	3.0		DIAMOND ultra-sensitive reciprocal best hit, identity >=90%, both coverages >=0.8, no tied hit
ECB_RS10785	ECB_02046	WP_000356829.1	DUF4132 domain-containing protein YehI	b2118	NP_416621.1	yehI	T2_near_identical_rbh	96.6	1.0	1.0	5.0	5.0		DIAMOND ultra-sensitive reciprocal best hit, identity >=90%, both coverages >=0.8, no tied hit
ECB_RS10795	ECB_02048	WP_001300974.1	ATP-binding protein	b2119	NP_416623.2	yehL	T2_near_identical_rbh	99.7	1.0	1.0	5.0	5.0		DIAMOND ultra-sensitive reciprocal best hit, identity >=90%, both coverages >=0.8, no tied hit
ECB_RS10800	ECB_02049	WP_001294384.1	DUF5682 family protein	b2120	NP_416624.1	yehM	T2_near_identical_rbh	98.7	1.0	1.0	6.0	6.0		DIAMOND ultra-sensitive reciprocal best hit, identity >=90%, both coverages >=0.8, no tied hit
ECB_RS10805	ECB_02050	WP_001300968.1	vWA domain-containing protein	b2121	NP_416625.1	yehP	T2_near_identical_rbh	99.2	1.0	1.0	6.0	6.0		DIAMOND ultra-sensitive reciprocal best hit, identity >=90%, both coverages >=0.8, no tied hit
ECB_RS10810	ECB_02051	WP_001300967.1	SWIM zinc finger family protein	b2122	YP_009518800.1	yehQ	T2_near_identical_rbh	96.4	0.922	1.0	6.0	6.0		DIAMOND ultra-sensitive reciprocal best hit, identity >=90%, both coverages >=0.8, no tied hit
ECB_RS10815	ECB_02052	WP_001296231.1	YehR family lipoprotein	b2123	NP_416627.2	yehR	T2_near_identical_rbh	99.3	1.0	1.0	6.0	6.0		DIAMOND ultra-sensitive reciprocal best hit, identity >=90%, both coverages >=0.8, no tied hit
ECB_RS10820	ECB_02053	WP_001295430.1	DUF1456 family protein	b2124	NP_416628.1	yehS	T2_near_identical_rbh	100.0	0.994	0.994	6.0	6.0		DIAMOND ultra-sensitive reciprocal best hit, identity >=90%, both coverages >=0.8, no tied hit
ECB_RS10830	ECB_02055	WP_015833303.1	two-component regulatory system sensor histidine kinase BtsS	b2126	NP_416630.1	btsS	T2_near_identical_rbh	99.8	1.0	1.0	6.0	6.0		DIAMOND ultra-sensitive reciprocal best hit, identity >=90%, both coverages >=0.8, no tied hit
ECB_RS10835	ECB_02056	WP_001240403.1	HTH-type transcriptional regulator MlrA	b2127	NP_416631.1	mlrA	T2_near_identical_rbh	99.6	1.0	1.0	6.0	6.0		DIAMOND ultra-sensitive reciprocal best hit, identity >=90%, both coverages >=0.8, no tied hit
ECB_RS10840	ECB_02057	WP_001216966.1	protein YohO	b4542	YP_588460.1	yohO	T2_near_identical_rbh	97.1	1.0	1.0	6.0	6.0		DIAMOND ultra-sensitive reciprocal best hit, identity >=90%, both coverages >=0.8, no tied hit
ECB_RS10845	ECB_02058	WP_000783120.1	glycine betaine ABC transporter permease YehW	b2128	NP_416632.1	yehW	T2_near_identical_rbh	99.6	1.0	1.0	6.0	6.0		DIAMOND ultra-sensitive reciprocal best hit, identity >=90%, both coverages >=0.8, no tied hit
ECB_RS10850	ECB_02059	WP_000569344.1	glycine betaine ABC transporter ATP binding protein YehX	b2129	NP_416633.1	yehX	T2_near_identical_rbh	99.4	1.0	1.0	6.0	6.0		DIAMOND ultra-sensitive reciprocal best hit, identity >=90%, both coverages >=0.8, no tied hit
ECB_RS10855	ECB_02060	WP_000220833.1	glycine betaine ABC transporter permease YehY	b2130	NP_416634.1	yehY	T2_near_identical_rbh	99.5	1.0	1.0	6.0	6.0		DIAMOND ultra-sensitive reciprocal best hit, identity >=90%, both coverages >=0.8, no tied hit
ECB_RS10865	ECB_02062	WP_000871512.1	beta-glucosidase BglX	b2132	NP_416636.1	bglX	T2_near_identical_rbh	99.9	1.0	1.0	6.0	6.0		DIAMOND ultra-sensitive reciprocal best hit, identity >=90%, both coverages >=0.8, no tied hit
ECB_RS10880	ECB_02065	WP_001319944.1	Yip1 family protein	b2135	NP_416639.2	yohC	T2_near_identical_rbh	99.5	1.0	1.0	5.0	5.0		DIAMOND ultra-sensitive reciprocal best hit, identity >=90%, both coverages >=0.8, no tied hit
ECB_RS10950	ECB_02078	WP_000255051.1	galactose/methyl galactoside ABC transporter ATP-binding protein MglA	b2149	NP_416654.1	mglA	T2_near_identical_rbh	99.8	1.0	1.0	6.0	6.0		DIAMOND ultra-sensitive reciprocal best hit, identity >=90%, both coverages >=0.8, no tied hit
ECB_RS10960	ECB_02080	WP_000628661.1	HTH-type transcriptional regulator GalS	b2151	NP_416656.1	galS	T2_near_identical_rbh	99.4	1.0	1.0	6.0	6.0		DIAMOND ultra-sensitive reciprocal best hit, identity >=90%, both coverages >=0.8, no tied hit
ECB_RS10970	ECB_02081	WP_000440894.1	DUF418 domain-containing protein YeiB	b2152	NP_416657.1	yeiB	T2_near_identical_rbh	99.5	1.0	1.0	6.0	6.0		DIAMOND ultra-sensitive reciprocal best hit, identity >=90%, both coverages >=0.8, no tied hit
ECB_RS10990	ECB_02084	WP_000489227.1	catecholate siderophore receptor CirA	b2155	NP_416660.1	cirA	T2_near_identical_rbh	99.8	1.0	1.0	6.0	6.0		DIAMOND ultra-sensitive reciprocal best hit, identity >=90%, both coverages >=0.8, no tied hit
ECB_RS11010	ECB_02088	WP_000873881.1	deoxyribonuclease IV	b2159	NP_416664.1	nfo	T2_near_identical_rbh	98.9	1.0	1.0	6.0	6.0		DIAMOND ultra-sensitive reciprocal best hit, identity >=90%, both coverages >=0.8, no tied hit
ECB_RS11015	ECB_02089	WP_001065002.1	sugar kinase	b2160	NP_416665.1	yeiI	T2_near_identical_rbh	99.4	1.0	1.0	6.0	6.0		DIAMOND ultra-sensitive reciprocal best hit, identity >=90%, both coverages >=0.8, no tied hit
ECB_RS11020	ECB_02090	WP_001329244.1	NupC/NupG family nucleoside CNT transporter	b2161	NP_416666.1	nupX	T2_near_identical_rbh	95.9	1.0	1.0	6.0	6.0		DIAMOND ultra-sensitive reciprocal best hit, identity >=90%, both coverages >=0.8, no tied hit
ECB_RS11025	ECB_02091	WP_000415445.1	ribosylpyrimidine nucleosidase	b2162	NP_416667.1	rihB	T2_near_identical_rbh	99.0	1.0	1.0	6.0	6.0		DIAMOND ultra-sensitive reciprocal best hit, identity >=90%, both coverages >=0.8, no tied hit
ECB_RS11030	ECB_02092	WP_000658583.1	transcriptional regulator YeiL	b2163	NP_416668.3	yeiL	T2_near_identical_rbh	99.1	0.944	1.0	6.0	6.0		DIAMOND ultra-sensitive reciprocal best hit, identity >=90%, both coverages >=0.8, no tied hit
ECB_RS11035	ECB_02093	WP_000353887.1	NupC/NupG family nucleoside CNT transporter	b2164	NP_416669.1	psuT	T2_near_identical_rbh	99.8	1.0	1.0	6.0	6.0		DIAMOND ultra-sensitive reciprocal best hit, identity >=90%, both coverages >=0.8, no tied hit
ECB_RS11040	ECB_02094	WP_000040208.1	pseudouridine-5'-phosphate glycosidase	b2165	NP_416670.1	psuG	T2_near_identical_rbh	97.8	1.0	1.0	6.0	6.0		DIAMOND ultra-sensitive reciprocal best hit, identity >=90%, both coverages >=0.8, no tied hit
ECB_RS11045	ECB_02095	WP_001208132.1	pseudouridine kinase	b2166	NP_416671.1	psuK	T2_near_identical_rbh	98.7	1.0	1.0	6.0	6.0		DIAMOND ultra-sensitive reciprocal best hit, identity >=90%, both coverages >=0.8, no tied hit
ECB_RS11050	ECB_02096	WP_000854467.1	PTS fructose transporter subunit IIBC	b2167	NP_416672.1	fruA	T2_near_identical_rbh	99.6	1.0	1.0	6.0	6.0		DIAMOND ultra-sensitive reciprocal best hit, identity >=90%, both coverages >=0.8, no tied hit
ECB_RS11060	ECB_02098	WP_000487267.1	fused PTS fructose transporter subunit IIA/HPr protein	b2169	NP_416674.1	fruB	T2_near_identical_rbh	99.5	1.0	1.0	6.0	6.0		DIAMOND ultra-sensitive reciprocal best hit, identity >=90%, both coverages >=0.8, no tied hit
ECB_RS11065	ECB_02099	WP_000551969.1	sugar efflux transporter SetB	b2170	NP_416675.1	setB	T2_near_identical_rbh	99.7	1.0	1.0	6.0	6.0		DIAMOND ultra-sensitive reciprocal best hit, identity >=90%, both coverages >=0.8, no tied hit
ECB_RS11085	ECB_02103	WP_000198822.1	zinc-binding GTPase YeiR	b2173	NP_416678.1	yeiR	T2_near_identical_rbh	99.7	1.0	1.0	6.0	6.0		DIAMOND ultra-sensitive reciprocal best hit, identity >=90%, both coverages >=0.8, no tied hit
ECB_RS11090	ECB_02104	WP_001300998.1	Kdo(2)-lipid A phosphotransferase	b2174	NP_416679.4	lpxT	T2_near_identical_rbh	99.2	1.0	1.0	6.0	6.0		DIAMOND ultra-sensitive reciprocal best hit, identity >=90%, both coverages >=0.8, no tied hit
ECB_RS11100	ECB_02106	WP_000470561.1	cyclic di-GMP phosphodiesterase	b2176	NP_416681.1	pdeN	T2_near_identical_rbh	99.8	1.0	1.0	6.0	6.0		DIAMOND ultra-sensitive reciprocal best hit, identity >=90%, both coverages >=0.8, no tied hit
ECB_RS11105	ECB_02107	WP_000637035.1	extracellular solute-binding protein	b2177	NP_416682.4	yejA	T2_near_identical_rbh	99.3	1.0	1.0	6.0	6.0		DIAMOND ultra-sensitive reciprocal best hit, identity >=90%, both coverages >=0.8, no tied hit
ECB_RS11115	ECB_02109	WP_000088916.1	ABC transporter permease	b2179	NP_416684.1	yejE	T2_near_identical_rbh	99.7	1.0	1.0	6.0	6.0		DIAMOND ultra-sensitive reciprocal best hit, identity >=90%, both coverages >=0.8, no tied hit
ECB_RS11120	ECB_02110	WP_000194943.1	microcin C ABC transporter ATP-binding protein YejF	b2180	NP_416685.1	yejF	T2_near_identical_rbh	99.6	1.0	1.0	6.0	6.0		DIAMOND ultra-sensitive reciprocal best hit, identity >=90%, both coverages >=0.8, no tied hit
ECB_RS11125	ECB_02111	WP_000202794.1	YejG family protein	b2181	NP_416686.1	yejG	T2_near_identical_rbh	99.1	1.0	1.0	6.0	6.0		DIAMOND ultra-sensitive reciprocal best hit, identity >=90%, both coverages >=0.8, no tied hit
ECB_RS11150	ECB_02116	WP_000050798.1	nucleoid-associated protein YejK	b2186	NP_416691.1	yejK	T2_near_identical_rbh	99.7	1.0	1.0	5.0	6.0		DIAMOND ultra-sensitive reciprocal best hit, identity >=90%, both coverages >=0.8, no tied hit
ECB_RS11170	ECB_02119	WP_000554226.1	autotransporter YejO	b2647	NP_417134.2	ypjA	excluded_weak_rbh	42.2	0.924	0.522	0.0	6.0		reciprocal best hit failing T2 and T3 thresholds; not a transfer route
ECB_RS11180	ECB_02120	WP_001113637.1	nitrate/nitrite response regulator protein NarP	b2193	NP_416697.1	narP	T2_near_identical_rbh	99.5	1.0	1.0	5.0	6.0		DIAMOND ultra-sensitive reciprocal best hit, identity >=90%, both coverages >=0.8, no tied hit
ECB_RS11185	ECB_02121	WP_001211589.1	cytochrome c-type biogenesis thiol:disulfide oxidoreductase CcmH	b2194	NP_416698.1	ccmH	T2_near_identical_rbh	98.9	1.0	1.0	5.0	6.0		DIAMOND ultra-sensitive reciprocal best hit, identity >=90%, both coverages >=0.8, no tied hit
ECB_RS11230	ECB_02130	WP_000835177.1	nitrate reductase cytochrome c-type subunit	b2203	NP_416707.4	napB	T2_near_identical_rbh	99.3	1.0	1.0	6.0	6.0		DIAMOND ultra-sensitive reciprocal best hit, identity >=90%, both coverages >=0.8, no tied hit
ECB_RS11245	ECB_02133	WP_000778078.1	periplasmic nitrate reductase subunit alpha	b2206	NP_416710.1	napA	T2_near_identical_rbh	99.8	1.0	1.0	6.0	6.0		DIAMOND ultra-sensitive reciprocal best hit, identity >=90%, both coverages >=0.8, no tied hit
ECB_RS11255	ECB_02135	WP_000686736.1	ferredoxin-type protein NapF	b2208	NP_416712.1	napF	T2_near_identical_rbh	98.8	1.0	1.0	6.0	6.0		DIAMOND ultra-sensitive reciprocal best hit, identity >=90%, both coverages >=0.8, no tied hit
ECB_RS11265	ECB_02136	WP_000712249.1	serine protease inhibitor ecotin	b2209	NP_416713.1	eco	T2_near_identical_rbh	100.0	0.959	1.0	6.0	6.0		DIAMOND ultra-sensitive reciprocal best hit, identity >=90%, both coverages >=0.8, no tied hit
ECB_RS11270	ECB_02137	WP_000758073.1	malate dehydrogenase (quinone)	b2210	NP_416714.1	mqo	T2_near_identical_rbh	99.5	1.0	1.0	6.0	6.0		DIAMOND ultra-sensitive reciprocal best hit, identity >=90%, both coverages >=0.8, no tied hit
ECB_RS11280	ECB_02139	WP_000885006.1	DNA oxidative demethylase AlkB	b2212	NP_416716.1	alkB	T2_near_identical_rbh	98.6	1.0	1.0	5.0	5.0		DIAMOND ultra-sensitive reciprocal best hit, identity >=90%, both coverages >=0.8, no tied hit
ECB_RS11285	ECB_02140	WP_000710372.1	bifunctional DNA-binding transcriptional regulator/O6-methylguanine-DNA methyltransferase Ada	b2213	NP_416717.1	ada	T2_near_identical_rbh	98.6	1.0	1.0	5.0	5.0		DIAMOND ultra-sensitive reciprocal best hit, identity >=90%, both coverages >=0.8, no tied hit
ECB_RS11305	ECB_02145	WP_000876025.1	two-component system sensor histidine kinase RcsC	b2218	NP_416722.2	rcsC	T2_near_identical_rbh	99.9	1.0	1.0	5.0	5.0		DIAMOND ultra-sensitive reciprocal best hit, identity >=90%, both coverages >=0.8, no tied hit
ECB_RS11310	ECB_02146	WP_000559135.1	two-component system sensor histidine kinase AtoS	b2219	NP_416723.1	atoS	T2_near_identical_rbh	99.5	1.0	1.0	5.0	5.0		DIAMOND ultra-sensitive reciprocal best hit, identity >=90%, both coverages >=0.8, no tied hit
ECB_RS11355	ECB_02155	WP_001300976.1	DUF1175 domain-containing protein	b2229	NP_416732.4	yfaT	T2_near_identical_rbh	99.0	1.0	1.0	5.0	5.0		DIAMOND ultra-sensitive reciprocal best hit, identity >=90%, both coverages >=0.8, no tied hit
ECB_RS11360	ECB_02156	WP_000012273.1	DUF2138 domain-containing protein	b2230	NP_416733.4	yfaA	T2_near_identical_rbh	99.6	1.0	1.0	5.0	5.0		DIAMOND ultra-sensitive reciprocal best hit, identity >=90%, both coverages >=0.8, no tied hit
ECB_RS11365	ECB_02157	WP_001281254.1	DNA topoisomerase (ATP-hydrolyzing) subunit A	b2231	NP_416734.1	gyrA	T2_near_identical_rbh	96.8	1.0	1.0	5.0	5.0		DIAMOND ultra-sensitive reciprocal best hit, identity >=90%, both coverages >=0.8, no tied hit
ECB_RS11370	ECB_02158	WP_000990753.1	bifunctional 2-polyprenyl-6-hydroxyphenol methylase/3-demethylubiquinol 3-O-methyltransferase UbiG	b2232	NP_416735.1	ubiG	T2_near_identical_rbh	99.6	1.0	1.0	6.0	6.0		DIAMOND ultra-sensitive reciprocal best hit, identity >=90%, both coverages >=0.8, no tied hit
ECB_RS11375	ECB_02159	WP_001220069.1	AIDA-I family autotransporter adhesin YfaL/EhaC	b2233	NP_416736.1	yfaL	T2_near_identical_rbh	98.3	1.0	1.0	6.0	6.0		DIAMOND ultra-sensitive reciprocal best hit, identity >=90%, both coverages >=0.8, no tied hit
ECB_RS11390	ECB_02161	WP_000332036.1	class Ia ribonucleoside-diphosphate reductase subunit beta	b2235	NP_416738.1	nrdB	T2_near_identical_rbh	99.7	1.0	1.0	6.0	6.0		DIAMOND ultra-sensitive reciprocal best hit, identity >=90%, both coverages >=0.8, no tied hit
ECB_RS11410	ECB_02165	WP_000779102.1	glycerophosphodiester phosphodiesterase	b2239	NP_416742.1	glpQ	T2_near_identical_rbh	99.4	1.0	1.0	6.0	6.0		DIAMOND ultra-sensitive reciprocal best hit, identity >=90%, both coverages >=0.8, no tied hit
ECB_RS11415	ECB_02166	WP_000948732.1	glycerol-3-phosphate transporter	b2240	NP_416743.1	glpT	T2_near_identical_rbh	98.9	1.0	1.0	6.0	6.0		DIAMOND ultra-sensitive reciprocal best hit, identity >=90%, both coverages >=0.8, no tied hit
ECB_RS11425	ECB_02168	WP_001209902.1	glycerol-3-phosphate dehydrogenase subunit GlpB	b2242	NP_416745.1	glpB	T2_near_identical_rbh	98.6	1.0	1.0	6.0	6.0		DIAMOND ultra-sensitive reciprocal best hit, identity >=90%, both coverages >=0.8, no tied hit
ECB_RS11430	ECB_02169	WP_001000359.1	anaerobic glycerol-3-phosphate dehydrogenase subunit GlpC	b2243	NP_416746.1	glpC	T2_near_identical_rbh	99.5	1.0	1.0	6.0	6.0		DIAMOND ultra-sensitive reciprocal best hit, identity >=90%, both coverages >=0.8, no tied hit
ECB_RS11435	ECB_02170	WP_000140557.1	ISNCY family transposase	b2244	NP_416747.1	rpnE	T2_near_identical_rbh	96.6	0.983	0.987	6.0	6.0		DIAMOND ultra-sensitive reciprocal best hit, identity >=90%, both coverages >=0.8, no tied hit
ECB_RS11445	ECB_02172	WP_012767744.1	MFS transporter	b2246	NP_416749.4	yfaV	T2_near_identical_rbh	99.5	1.0	1.0	6.0	6.0		DIAMOND ultra-sensitive reciprocal best hit, identity >=90%, both coverages >=0.8, no tied hit
ECB_RS11475	ECB_02178	WP_000879113.1	lipopolysaccharide core heptose(II)-phosphate phosphatase Ais	b2252	NP_416755.1	ais	T2_near_identical_rbh	99.5	1.0	1.0	6.0	6.0		DIAMOND ultra-sensitive reciprocal best hit, identity >=90%, both coverages >=0.8, no tied hit
ECB_RS11480	ECB_02179	WP_001295286.1	UDP-4-amino-4-deoxy-L-arabinose aminotransferase	b2253	NP_416756.6	arnB	T2_near_identical_rbh	100.0	1.0	0.984	6.0	6.0		DIAMOND ultra-sensitive reciprocal best hit, identity >=90%, both coverages >=0.8, no tied hit
ECB_RS11565	ECB_02196	WP_001326980.1	deubiquitinase ElaD	b2269	NP_416772.1	elaD	T2_near_identical_rbh	99.8	1.0	1.0	4.0	5.0		DIAMOND ultra-sensitive reciprocal best hit, identity >=90%, both coverages >=0.8, no tied hit
ECB_RS11575	ECB_02198	WP_000525365.1	YfbM family protein	b2272	NP_416775.1	yfbM	T2_near_identical_rbh	99.4	1.0	1.0	5.0	5.0		DIAMOND ultra-sensitive reciprocal best hit, identity >=90%, both coverages >=0.8, no tied hit
ECB_RS11600	ECB_02203	WP_001056644.1	NADH-quinone oxidoreductase subunit L	b2278	NP_416781.1	nuoL	T2_near_identical_rbh	99.8	1.0	1.0	5.0	5.0		DIAMOND ultra-sensitive reciprocal best hit, identity >=90%, both coverages >=0.8, no tied hit
ECB_RS11625	ECB_02208	WP_012767746.1	NADH-quinone oxidoreductase subunit NuoG	b2283	NP_416786.4	nuoG	T2_near_identical_rbh	99.8	1.0	1.0	6.0	6.0		DIAMOND ultra-sensitive reciprocal best hit, identity >=90%, both coverages >=0.8, no tied hit
ECB_RS11640	ECB_02211	WP_000247878.1	NADH-quinone oxidoreductase subunit C/D	b2286	NP_416789.2	nuoC	T2_near_identical_rbh	99.7	0.993	1.0	6.0	6.0		DIAMOND ultra-sensitive reciprocal best hit, identity >=90%, both coverages >=0.8, no tied hit
ECB_RS11655	ECB_02214	WP_000622290.1	transcriptional regulator LrhA	b2289	NP_416792.1	lrhA	T2_near_identical_rbh	99.4	1.0	1.0	6.0	6.0		DIAMOND ultra-sensitive reciprocal best hit, identity >=90%, both coverages >=0.8, no tied hit
ECB_RS11665	ECB_02216	WP_000813860.1	5'-deoxynucleotidase	b2291	NP_416794.1	yfbR	T2_near_identical_rbh	99.5	1.0	1.0	6.0	6.0		DIAMOND ultra-sensitive reciprocal best hit, identity >=90%, both coverages >=0.8, no tied hit
ECB_RS11705	ECB_02223	WP_001274501.1	putative basic amino acid antiporter YfcC	b2298	NP_416801.2	yfcC	T2_near_identical_rbh	99.8	1.0	1.0	6.0	6.0		DIAMOND ultra-sensitive reciprocal best hit, identity >=90%, both coverages >=0.8, no tied hit
ECB_RS11715	ECB_02225	WP_000772452.1	phosphodiesterase	b2300	NP_416803.3	yfcE	T2_near_identical_rbh	100.0	1.0	0.995	6.0	6.0		DIAMOND ultra-sensitive reciprocal best hit, identity >=90%, both coverages >=0.8, no tied hit
ECB_RS11720	ECB_02226	WP_000042440.1	glutathione transferase	b2301	NP_416804.1	yfcF	T2_near_identical_rbh	99.5	1.0	1.0	6.0	6.0		DIAMOND ultra-sensitive reciprocal best hit, identity >=90%, both coverages >=0.8, no tied hit
ECB_RS11740	ECB_02230	WP_000156140.1	recombination-promoting nuclease RpnB	b2305	NP_416808.1	rpnB	T2_near_identical_rbh	99.7	1.0	1.0	6.0	6.0		DIAMOND ultra-sensitive reciprocal best hit, identity >=90%, both coverages >=0.8, no tied hit
ECB_RS11780	ECB_02238	WP_000262113.1	colicin V production protein	b2313	NP_416816.1	cvpA	T2_near_identical_rbh	99.4	1.0	1.0	6.0	6.0		DIAMOND ultra-sensitive reciprocal best hit, identity >=90%, both coverages >=0.8, no tied hit
ECB_RS11805	ECB_02243	WP_001283585.1	tRNA pseudouridine(38-40) synthase TruA	b2318	NP_416821.1	truA	T2_near_identical_rbh	99.6	1.0	1.0	6.0	6.0		DIAMOND ultra-sensitive reciprocal best hit, identity >=90%, both coverages >=0.8, no tied hit
ECB_RS11815	ECB_02245	WP_000699145.1	4-phosphoerythronate dehydrogenase PdxB	b2320	NP_416823.1	pdxB	T2_near_identical_rbh	99.7	1.0	1.0	6.0	6.0		DIAMOND ultra-sensitive reciprocal best hit, identity >=90%, both coverages >=0.8, no tied hit
ECB_RS11825	ECB_02247	WP_000127751.1	arabinose transporter	b2322	NP_416825.1	yfcJ	T2_near_identical_rbh	99.2	1.0	1.0	6.0	6.0		DIAMOND ultra-sensitive reciprocal best hit, identity >=90%, both coverages >=0.8, no tied hit
ECB_RS11835	ECB_02249	WP_000683788.1	bifunctional tRNA (5-methylaminomethyl-2-thiouridine)(34)-methyltransferase MnmD/FAD-dependent 5-carboxymethylaminomethyl-2-thiouridine(34) oxidoreductase MnmC	b2324	NP_416827.4	mnmC	T2_near_identical_rbh	99.7	1.0	1.0	6.0	6.0		DIAMOND ultra-sensitive reciprocal best hit, identity >=90%, both coverages >=0.8, no tied hit
ECB_RS11845	ECB_02251	WP_001089241.1	elongation factor P hydroxylase	b2326	NP_416829.1	epmC	T2_near_identical_rbh	99.5	1.0	1.0	6.0	6.0		DIAMOND ultra-sensitive reciprocal best hit, identity >=90%, both coverages >=0.8, no tied hit
ECB_RS11855	ECB_02253	WP_001043796.1	penicillin-insensitive murein endopeptidase	b2328	NP_416831.1	mepA	T2_near_identical_rbh	99.6	1.0	1.0	6.0	6.0		DIAMOND ultra-sensitive reciprocal best hit, identity >=90%, both coverages >=0.8, no tied hit
ECB_RS11860	ECB_02254	WP_001297933.1	chorismate synthase	b2329	NP_416832.1	aroC	T2_near_identical_rbh	99.7	1.0	1.0	6.0	6.0		DIAMOND ultra-sensitive reciprocal best hit, identity >=90%, both coverages >=0.8, no tied hit
ECB_RS11865	ECB_02255	WP_001295704.1	50S ribosomal protein L3 N(5)-glutamine methyltransferase	b2330	NP_416833.4	prmB	T2_near_identical_rbh	99.0	1.0	1.0	6.0	6.0		DIAMOND ultra-sensitive reciprocal best hit, identity >=90%, both coverages >=0.8, no tied hit
ECB_RS11870	ECB_02256	WP_000730805.1	endonuclease SmrB	b2331	NP_416834.1	smrB	T2_near_identical_rbh	99.5	1.0	1.0	6.0	6.0		DIAMOND ultra-sensitive reciprocal best hit, identity >=90%, both coverages >=0.8, no tied hit
ECB_RS11875	ECB_02257	WP_001318566.1	StfH/YfcO family fimbrial adhesin	b2332	NP_416835.2	yfcO	excluded_weak_rbh	46.2	0.953	0.974	6.0	6.0		reciprocal best hit failing T2 and T3 thresholds; not a transfer route
ECB_RS11880	ECB_02258	WP_000197766.1	fimbrial protein	b2333	NP_416836.1	yfcP	T3_divergent_syntenic_rbh	58.3	0.918	0.939	6.0	6.0		reciprocal best hit below T2 thresholds (identity >=50%, coverage >=0.6) with >=1 conserved neighbour within +/-3 loci
ECB_RS11885	ECB_02259	WP_000809301.1	fimbrial protein	b2334	NP_416837.1	yfcQ	T3_divergent_syntenic_rbh	51.6	0.975	0.957	5.0	5.0		reciprocal best hit below T2 thresholds (identity >=50%, coverage >=0.6) with >=1 conserved neighbour within +/-3 loci
ECB_RS11890	ECB_02260	WP_000789849.1	fimbrial protein	b2335	NP_416838.1	yfcR	T3_divergent_syntenic_rbh	53.8	0.94	0.929	5.0	5.0		reciprocal best hit below T2 thresholds (identity >=50%, coverage >=0.6) with >=1 conserved neighbour within +/-3 loci
ECB_RS11895	ECB_02261	WP_001281621.1	fimbria/pilus periplasmic chaperone	b2336	NP_416839.1	yfcS	T2_near_identical_rbh	94.4	1.0	1.0	5.0	5.0		DIAMOND ultra-sensitive reciprocal best hit, identity >=90%, both coverages >=0.8, no tied hit
ECB_RS11915	ECB_02265	WP_000426175.1	fatty acid oxidation complex subunit alpha FadJ	b2341	NP_416843.1	fadJ	T2_near_identical_rbh	99.4	1.0	1.0	5.0	5.0		DIAMOND ultra-sensitive reciprocal best hit, identity >=90%, both coverages >=0.8, no tied hit
ECB_RS11950	ECB_02272	WP_000776768.1	phospholipid-binding lipoprotein MlaA	b2346	NP_416848.1	mlaA	T2_near_identical_rbh	99.6	1.0	1.0	3.0	5.0		DIAMOND ultra-sensitive reciprocal best hit, identity >=90%, both coverages >=0.8, no tied hit
ECB_RS11955	ECB_02273	WP_000368117.1	formate/nitrite transporter family protein	b2347	NP_416849.1	yfdC	T2_near_identical_rbh	99.7	1.0	1.0	2.0	5.0		DIAMOND ultra-sensitive reciprocal best hit, identity >=90%, both coverages >=0.8, no tied hit
ECB_RS11965	ECB_02274	WP_001300996.1	DNA-binding transcriptional regulator DsdC	b2364	NP_416865.1	dsdC	T2_near_identical_rbh	99.7	1.0	1.0	3.0	5.0		DIAMOND ultra-sensitive reciprocal best hit, identity >=90%, both coverages >=0.8, no tied hit
ECB_RS11975	ECB_02276	WP_000426426.1	D-serine ammonia-lyase	b2366	NP_416867.1	dsdA	T2_near_identical_rbh	99.8	1.0	1.0	5.0	6.0		DIAMOND ultra-sensitive reciprocal best hit, identity >=90%, both coverages >=0.8, no tied hit
ECB_RS11980	ECB_02277	WP_001018731.1	multidrug efflux MFS transporter permease subunit EmrY	b2367	NP_416868.1	emrY	T2_near_identical_rbh	99.4	1.0	1.0	6.0	6.0		DIAMOND ultra-sensitive reciprocal best hit, identity >=90%, both coverages >=0.8, no tied hit
ECB_RS12005	ECB_02282	WP_000955025.1	transporter YfdV	b2372	NP_416873.1	yfdV	T2_near_identical_rbh	99.7	1.0	1.0	6.0	6.0		DIAMOND ultra-sensitive reciprocal best hit, identity >=90%, both coverages >=0.8, no tied hit
ECB_RS12020	ECB_02285	WP_000825604.1	YfdX family protein	b2375	NP_416876.1	yfdX	T2_near_identical_rbh	96.2	1.005	1.0	6.0	6.0		DIAMOND ultra-sensitive reciprocal best hit, identity >=90%, both coverages >=0.8, no tied hit
ECB_RS12025	ECB_02286	WP_000867637.1	colanic acid biosynthesis lipoprotein YpdI	b2376	NP_416877.1	ypdI	T2_near_identical_rbh	94.5	1.0	1.0	5.0	5.0		DIAMOND ultra-sensitive reciprocal best hit, identity >=90%, both coverages >=0.8, no tied hit
ECB_RS12035	ECB_02287	WP_000639883.1	YfdY family protein	b2377	NP_416878.1	yfdY	T2_near_identical_rbh	98.8	1.0	1.0	5.0	5.0		DIAMOND ultra-sensitive reciprocal best hit, identity >=90%, both coverages >=0.8, no tied hit
ECB_RS12060	ECB_02292	WP_000646844.1	AraC family transcriptional regulator	b2382	NP_416883.1	ypdC	T2_near_identical_rbh	98.9	1.0	1.0	6.0	6.0		DIAMOND ultra-sensitive reciprocal best hit, identity >=90%, both coverages >=0.8, no tied hit
ECB_RS12065	ECB_02293	WP_000955917.1	phosphoenolpyruvate--protein phosphotransferase	b2383	NP_416884.1	fryA	T2_near_identical_rbh	99.6	1.0	1.0	6.0	6.0		DIAMOND ultra-sensitive reciprocal best hit, identity >=90%, both coverages >=0.8, no tied hit
ECB_RS12070	ECB_02294	WP_000366012.1	aminopeptidase	b2384	NP_416885.1	ypdE	T2_near_identical_rbh	99.7	1.0	1.0	6.0	6.0		DIAMOND ultra-sensitive reciprocal best hit, identity >=90%, both coverages >=0.8, no tied hit
ECB_RS12075	ECB_02295	WP_000173289.1	aminopeptidase	b2385	NP_416886.1	ypdF	T2_near_identical_rbh	99.4	1.0	1.0	6.0	6.0		DIAMOND ultra-sensitive reciprocal best hit, identity >=90%, both coverages >=0.8, no tied hit
ECB_RS12110	ECB_02301	WP_000186384.1	Nramp family divalent metal transporter	b2392	NP_416893.1	mntH	T2_near_identical_rbh	99.8	1.0	1.0	6.0	6.0		DIAMOND ultra-sensitive reciprocal best hit, identity >=90%, both coverages >=0.8, no tied hit
ECB_RS12120	ECB_02303	WP_001301424.1	bifunctional diguanylate cyclase/phosphodiesterase	b2395	NP_416896.4	pdeA	T2_near_identical_rbh	99.9	1.0	1.0	6.0	6.0		DIAMOND ultra-sensitive reciprocal best hit, identity >=90%, both coverages >=0.8, no tied hit
ECB_RS12135	ECB_02304	WP_000472021.1	YfeC-like transcriptional regulator	b2398	NP_416897.2	yfeC	T2_near_identical_rbh	100.0	0.958	1.0	5.0	5.0		DIAMOND ultra-sensitive reciprocal best hit, identity >=90%, both coverages >=0.8, no tied hit
ECB_RS12140	ECB_02305	WP_000826513.1	MerR family transcriptional regulator	b2399	NP_416898.3	yfeD	T2_near_identical_rbh	99.2	1.0	1.0	5.0	5.0		DIAMOND ultra-sensitive reciprocal best hit, identity >=90%, both coverages >=0.8, no tied hit
ECB_RS12175	ECB_02308	WP_001109799.1	LysR family transcriptional regulator	b2409	NP_416904.1	yfeR	T2_near_identical_rbh	99.7	1.0	1.0	5.0	5.0		DIAMOND ultra-sensitive reciprocal best hit, identity >=90%, both coverages >=0.8, no tied hit
ECB_RS12190	ECB_02311	WP_000443700.1	NAD-dependent DNA ligase LigA	b2411	NP_416906.1	ligA	T2_near_identical_rbh	99.7	1.0	1.0	6.0	6.0		DIAMOND ultra-sensitive reciprocal best hit, identity >=90%, both coverages >=0.8, no tied hit
ECB_RS12195	ECB_02312	WP_001297862.1	cell division protein ZipA	b2412	NP_416907.1	zipA	T2_near_identical_rbh	100.0	1.0	1.0	6.0	6.0		DIAMOND ultra-sensitive reciprocal best hit, identity >=90%, both coverages >=0.8, no tied hit
ECB_RS12215	ECB_02316	WP_000623136.1	phosphoenolpyruvate-protein phosphotransferase PtsI	b2416	NP_416911.1	ptsI	T2_near_identical_rbh	99.8	1.0	1.0	6.0	6.0		DIAMOND ultra-sensitive reciprocal best hit, identity >=90%, both coverages >=0.8, no tied hit
ECB_RS12230	ECB_02319	WP_000719959.1	YfeK family protein	b2419	NP_416914.1	yfeK	T2_near_identical_rbh	97.6	1.0	1.0	6.0	6.0		DIAMOND ultra-sensitive reciprocal best hit, identity >=90%, both coverages >=0.8, no tied hit
ECB_RS12235	ECB_02320	WP_000710495.1	WGR domain-containing protein	b2420	NP_416915.1	yfeS	T2_near_identical_rbh	96.7	1.0	1.0	6.0	6.0		DIAMOND ultra-sensitive reciprocal best hit, identity >=90%, both coverages >=0.8, no tied hit
ECB_RS12240	ECB_02321	WP_001295461.1	cysteine synthase B	b2421	NP_416916.1	cysM	T2_near_identical_rbh	99.0	1.0	1.0	6.0	6.0		DIAMOND ultra-sensitive reciprocal best hit, identity >=90%, both coverages >=0.8, no tied hit
ECB_RS12245	ECB_02322	WP_000021019.1	sulfate/thiosulfate ABC transporter ATP-binding protein CysA	b2422	NP_416917.1	cysA	T2_near_identical_rbh	99.7	1.0	1.0	6.0	6.0		DIAMOND ultra-sensitive reciprocal best hit, identity >=90%, both coverages >=0.8, no tied hit
ECB_RS12250		WP_000852696.1	sulfate/thiosulfate ABC transporter permease CysW	b2423	YP_026168.2	cysW	T2_near_identical_rbh	99.7	1.0	1.0	6.0	6.0		DIAMOND ultra-sensitive reciprocal best hit, identity >=90%, both coverages >=0.8, no tied hit
ECB_RS12255	ECB_02324	WP_000458418.1	sulfate/thiosulfate ABC transporter permease CysT	b2424	NP_416919.1	cysU	T2_near_identical_rbh	98.9	1.0	1.0	6.0	6.0		DIAMOND ultra-sensitive reciprocal best hit, identity >=90%, both coverages >=0.8, no tied hit
ECB_RS12260	ECB_02325	WP_000290224.1	thiosulfate/sulfate ABC transporter substrate-binding protein CysP	b2425	NP_416920.1	cysP	T2_near_identical_rbh	99.4	1.0	1.0	6.0	6.0		DIAMOND ultra-sensitive reciprocal best hit, identity >=90%, both coverages >=0.8, no tied hit
ECB_RS12265	ECB_02326	WP_000517428.1	SDR family oxidoreductase UcpA	b2426	NP_416921.4	ucpA	T2_near_identical_rbh	99.2	1.0	1.0	6.0	6.0		DIAMOND ultra-sensitive reciprocal best hit, identity >=90%, both coverages >=0.8, no tied hit
ECB_RS12270	ECB_02327	WP_000966478.1	HTH-type transcriptional regulator MurR	b2427	NP_416922.1	murR	T2_near_identical_rbh	97.5	1.0	1.0	6.0	6.0		DIAMOND ultra-sensitive reciprocal best hit, identity >=90%, both coverages >=0.8, no tied hit
ECB_RS12275	ECB_02328	WP_001175605.1	N-acetylmuramic acid 6-phosphate etherase	b2428	NP_416923.1	murQ	T2_near_identical_rbh	98.7	1.0	1.0	6.0	6.0		DIAMOND ultra-sensitive reciprocal best hit, identity >=90%, both coverages >=0.8, no tied hit
ECB_RS12280	ECB_02329	WP_001040449.1	PTS N-acetylmuramic acid transporter subunit IIBC	b2429	NP_416924.1	murP	T2_near_identical_rbh	99.2	1.0	1.0	6.0	6.0		DIAMOND ultra-sensitive reciprocal best hit, identity >=90%, both coverages >=0.8, no tied hit
ECB_RS12285	ECB_02331	WP_000084590.1	porphyrinogen peroxidase	b2431	NP_416926.4	yfeX	T2_near_identical_rbh	99.7	1.0	1.0	6.0	6.0		DIAMOND ultra-sensitive reciprocal best hit, identity >=90%, both coverages >=0.8, no tied hit
ECB_RS12290	ECB_02332	WP_000838937.1	RpoE-regulated lipoprotein	b2432	NP_416927.1	yfeY	T2_near_identical_rbh	99.0	1.0	1.0	6.0	6.0		DIAMOND ultra-sensitive reciprocal best hit, identity >=90%, both coverages >=0.8, no tied hit
ECB_RS12300	ECB_02333	WP_001300381.1	DUF2919 domain-containing protein	b2433	NP_416928.4	yfeZ	T2_near_identical_rbh	98.7	1.0	1.0	6.0	6.0		DIAMOND ultra-sensitive reciprocal best hit, identity >=90%, both coverages >=0.8, no tied hit
ECB_RS12305	ECB_02334	WP_000406000.1	GNAT family acetyltransferase	b2434	NP_416929.4	ypeA	T2_near_identical_rbh	99.3	1.0	1.0	6.0	6.0		DIAMOND ultra-sensitive reciprocal best hit, identity >=90%, both coverages >=0.8, no tied hit
ECB_RS12315	ECB_02336	WP_000801364.1	oxygen-dependent coproporphyrinogen oxidase	b2436	NP_416931.1	hemF	T2_near_identical_rbh	99.3	1.0	1.0	6.0	6.0		DIAMOND ultra-sensitive reciprocal best hit, identity >=90%, both coverages >=0.8, no tied hit
ECB_RS12330	ECB_02339	WP_001111037.1	ethanolamine utilization microcompartment protein EutL	b2439	NP_416934.1	eutL	T2_near_identical_rbh	97.7	1.0	1.0	5.0	6.0		DIAMOND ultra-sensitive reciprocal best hit, identity >=90%, both coverages >=0.8, no tied hit
ECB_RS12335	ECB_02340	WP_000372364.1	ethanolamine ammonia-lyase subunit beta	b2440	NP_416935.1	eutC	T2_near_identical_rbh	99.7	1.0	1.0	4.0	6.0		DIAMOND ultra-sensitive reciprocal best hit, identity >=90%, both coverages >=0.8, no tied hit
ECB_RS12345	ECB_02342	WP_001097447.1	ethanolamine ammonia-lyase reactivating factor EutA	b2451	NP_416946.1	eutA	T2_near_identical_rbh	99.1	1.0	1.0	3.0	6.0		DIAMOND ultra-sensitive reciprocal best hit, identity >=90%, both coverages >=0.8, no tied hit
ECB_RS12350	ECB_02343	WP_000512382.1	ethanolamine utilization protein EutH	b2452	NP_416947.1	eutH	T2_near_identical_rbh	99.0	1.0	1.0	4.0	6.0		DIAMOND ultra-sensitive reciprocal best hit, identity >=90%, both coverages >=0.8, no tied hit
ECB_RS12355	ECB_02344	WP_001300552.1	ethanolamine utilization ethanol dehydrogenase EutG	b2453	NP_416948.4	eutG	T2_near_identical_rbh	99.2	1.0	1.0	5.0	6.0		DIAMOND ultra-sensitive reciprocal best hit, identity >=90%, both coverages >=0.8, no tied hit
ECB_RS12360	ECB_02345	WP_000929711.1	ethanolamine utilization protein EutJ	b2454	NP_416949.1	eutJ	T2_near_identical_rbh	99.3	1.0	1.0	6.0	6.0		DIAMOND ultra-sensitive reciprocal best hit, identity >=90%, both coverages >=0.8, no tied hit
ECB_RS12365	ECB_02346	WP_001075690.1	aldehyde dehydrogenase family protein	b2455	NP_416950.1	eutE	T2_near_identical_rbh	99.4	1.0	1.0	6.0	6.0		DIAMOND ultra-sensitive reciprocal best hit, identity >=90%, both coverages >=0.8, no tied hit
ECB_RS12385	ECB_02350	WP_000651266.1	ethanolamine utilization cob(I)yrinic acid a,c-diamide adenosyltransferase EutT	b2459	NP_416954.1	eutT	T2_near_identical_rbh	99.6	0.985	0.993	6.0	6.0		DIAMOND ultra-sensitive reciprocal best hit, identity >=90%, both coverages >=0.8, no tied hit
ECB_RS12390	ECB_02351	WP_000733916.1	ethanolamine utilization acetate kinase EutQ	b2460	NP_416955.1	eutQ	T2_near_identical_rbh	98.3	1.0	1.0	6.0	6.0		DIAMOND ultra-sensitive reciprocal best hit, identity >=90%, both coverages >=0.8, no tied hit
ECB_RS12395	ECB_02352	WP_000820782.1	ethanolamine utilization acetate kinase EutP	b2461	NP_416956.1	eutP	T2_near_identical_rbh	98.1	1.0	1.0	6.0	6.0		DIAMOND ultra-sensitive reciprocal best hit, identity >=90%, both coverages >=0.8, no tied hit
ECB_RS12405	ECB_02354	WP_000342648.1	NADP-dependent oxaloacetate-decarboxylating malate dehydrogenase	b2463	NP_416958.1	maeB	T2_near_identical_rbh	99.9	1.0	1.0	6.0	6.0		DIAMOND ultra-sensitive reciprocal best hit, identity >=90%, both coverages >=0.8, no tied hit
ECB_RS12495	ECB_02370	WP_001295469.1	4-hydroxy-tetrahydrodipicolinate synthase	b2478	NP_416973.1	dapA	T2_near_identical_rbh	99.7	1.0	1.0	6.0	6.0		DIAMOND ultra-sensitive reciprocal best hit, identity >=90%, both coverages >=0.8, no tied hit
ECB_RS12510	ECB_02373	WP_001301156.1	hydrogenase 4 subunit HyfA	b2481	NP_416976.4	hyfA	T2_near_identical_rbh	98.0	1.0	1.0	6.0	6.0		DIAMOND ultra-sensitive reciprocal best hit, identity >=90%, both coverages >=0.8, no tied hit
ECB_RS12515	ECB_02374	WP_000339481.1	hydrogenase 4 subunit B	b2482	NP_416977.1	hyfB	T2_near_identical_rbh	98.2	1.0	1.0	6.0	6.0		DIAMOND ultra-sensitive reciprocal best hit, identity >=90%, both coverages >=0.8, no tied hit
ECB_RS12545	ECB_02380	WP_000916086.1	hydrogenase 4 subunit H	b2488	NP_416983.1	hyfH	T3_divergent_syntenic_rbh	87.3	1.011	1.0	6.0	6.0		reciprocal best hit below T2 thresholds (identity >=50%, coverage >=0.6) with >=1 conserved neighbour within +/-3 loci
ECB_RS12550	ECB_02381	WP_000075541.1	hydrogenase 4 catalytic subunit HyfI	b2489	NP_416984.1	hyfI	T2_near_identical_rbh	99.2	1.0	1.0	6.0	6.0		DIAMOND ultra-sensitive reciprocal best hit, identity >=90%, both coverages >=0.8, no tied hit
ECB_RS12555	ECB_02382	WP_001300799.1	hydrogenase 4 assembly chaperone HyfJ	b2490	NP_416985.4	hyfJ	T2_near_identical_rbh	100.0	0.993	0.993	6.0	6.0		DIAMOND ultra-sensitive reciprocal best hit, identity >=90%, both coverages >=0.8, no tied hit
ECB_RS12560	ECB_02383	WP_001251526.1	DNA-binding transcriptional regulator HyfR	b2491	NP_416986.4	hyfR	T2_near_identical_rbh	99.4	1.0	1.0	6.0	6.0		DIAMOND ultra-sensitive reciprocal best hit, identity >=90%, both coverages >=0.8, no tied hit
ECB_RS12565	ECB_02384	WP_001244715.1	formate transporter FocB	b2492	NP_416987.1	focB	T2_near_identical_rbh	99.6	0.996	0.996	6.0	6.0		DIAMOND ultra-sensitive reciprocal best hit, identity >=90%, both coverages >=0.8, no tied hit
ECB_RS12580	ECB_02387	WP_000166449.1	arsenate reductase (glutaredoxin)	b2495	NP_416990.1	yfgD	T2_near_identical_rbh	99.2	1.0	1.0	6.0	6.0		DIAMOND ultra-sensitive reciprocal best hit, identity >=90%, both coverages >=0.8, no tied hit
ECB_RS12600	ECB_02391	WP_001295474.1	phosphoribosylformylglycinamidine cyclo-ligase	b2499	NP_416994.1	purM	T2_near_identical_rbh	99.7	1.0	1.0	6.0	6.0		DIAMOND ultra-sensitive reciprocal best hit, identity >=90%, both coverages >=0.8, no tied hit
ECB_RS12605	ECB_02392	WP_001028614.1	phosphoribosylglycinamide formyltransferase	b2500	NP_416995.1	purN	T2_near_identical_rbh	99.5	1.0	1.0	6.0	6.0		DIAMOND ultra-sensitive reciprocal best hit, identity >=90%, both coverages >=0.8, no tied hit
ECB_RS12620	ECB_02395	WP_000772722.1	cyclic-guanylate-specific phosphodiesterase PdeF	b2503	NP_416998.1	pdeF	T2_near_identical_rbh	99.9	1.0	1.0	5.0	5.0		DIAMOND ultra-sensitive reciprocal best hit, identity >=90%, both coverages >=0.8, no tied hit
ECB_RS12670	ECB_02404	WP_001177048.1	outer membrane protein assembly factor BamB	b2512	NP_417007.1	bamB	T2_near_identical_rbh	99.7	1.0	1.0	6.0	6.0		DIAMOND ultra-sensitive reciprocal best hit, identity >=90%, both coverages >=0.8, no tied hit
ECB_RS12690	ECB_02408	WP_001090844.1	cytoskeleton protein RodZ	b2516	NP_417011.1	rodZ	T2_near_identical_rbh	97.9	1.0	1.0	6.0	6.0		DIAMOND ultra-sensitive reciprocal best hit, identity >=90%, both coverages >=0.8, no tied hit
ECB_RS12705	ECB_02411	WP_001137669.1	peptidoglycan glycosyltransferase PbpC	b2519	NP_417014.1	pbpC	T2_near_identical_rbh	99.9	1.0	1.0	6.0	6.0		DIAMOND ultra-sensitive reciprocal best hit, identity >=90%, both coverages >=0.8, no tied hit
ECB_RS12710	ECB_02412	WP_000736266.1	alpha2-macroglobulin	b2520	NP_417015.1	yfhM	T2_near_identical_rbh	99.8	1.0	1.0	6.0	6.0		DIAMOND ultra-sensitive reciprocal best hit, identity >=90%, both coverages >=0.8, no tied hit
ECB_RS12725	ECB_02415	WP_000133580.1	aminopeptidase PepB	b2523	NP_417018.4	pepB	T2_near_identical_rbh	99.8	1.0	1.0	6.0	6.0		DIAMOND ultra-sensitive reciprocal best hit, identity >=90%, both coverages >=0.8, no tied hit
ECB_RS12740	ECB_02418	WP_001196611.1	Fe-S protein assembly chaperone HscA	b2526	NP_417021.1	hscA	T2_near_identical_rbh	99.8	1.0	1.0	6.0	6.0		DIAMOND ultra-sensitive reciprocal best hit, identity >=90%, both coverages >=0.8, no tied hit
ECB_RS12780	ECB_02426	WP_001299515.1	alpha/beta hydrolase	b2534	NP_417029.4	yfhR	T2_near_identical_rbh	99.3	1.0	1.0	6.0	6.0		DIAMOND ultra-sensitive reciprocal best hit, identity >=90%, both coverages >=0.8, no tied hit
ECB_RS12785	ECB_02427	WP_000982997.1	stationary phase inducible protein CsiE	b2535	NP_417030.2	csiE	T2_near_identical_rbh	99.8	1.0	1.0	6.0	6.0		DIAMOND ultra-sensitive reciprocal best hit, identity >=90%, both coverages >=0.8, no tied hit
ECB_RS12790	ECB_02428	WP_000244174.1	3-phenylpropionate MFS transporter	b2536	NP_417031.1	hcaT	T2_near_identical_rbh	99.7	1.0	1.0	6.0	6.0		DIAMOND ultra-sensitive reciprocal best hit, identity >=90%, both coverages >=0.8, no tied hit
ECB_RS12795	ECB_02429	WP_000423257.1	DNA-binding transcriptional regulator HcaR	b2537	NP_417032.1	hcaR	T2_near_identical_rbh	99.7	1.0	1.0	6.0	6.0		DIAMOND ultra-sensitive reciprocal best hit, identity >=90%, both coverages >=0.8, no tied hit
ECB_RS12805	ECB_02431	WP_001276076.1	3-phenylpropionate/cinnamic acid dioxygenase subunit beta	b2539	NP_417034.1	hcaF	T2_near_identical_rbh	99.4	1.0	1.0	6.0	6.0		DIAMOND ultra-sensitive reciprocal best hit, identity >=90%, both coverages >=0.8, no tied hit
ECB_RS12815	ECB_02433	WP_001281377.1	3-phenylpropionate-dihydrodiol/cinnamic acid-dihydrodiol dehydrogenase	b2541	NP_417036.1	hcaB	T2_near_identical_rbh	99.6	1.0	1.0	6.0	6.0		DIAMOND ultra-sensitive reciprocal best hit, identity >=90%, both coverages >=0.8, no tied hit
ECB_RS12835	ECB_02437	WP_000700812.1	zinc-dependent alcohol dehydrogenase family protein	b2545	NP_417040.2	yphC	T2_near_identical_rbh	99.4	0.97	1.0	6.0	6.0		DIAMOND ultra-sensitive reciprocal best hit, identity >=90%, both coverages >=0.8, no tied hit
ECB_RS12845	ECB_02439	WP_000493466.1	sugar ABC transporter ATP-binding protein	b2547	NP_417042.1	yphE	T2_near_identical_rbh	99.8	1.0	1.0	6.0	6.0		DIAMOND ultra-sensitive reciprocal best hit, identity >=90%, both coverages >=0.8, no tied hit
ECB_RS12850	ECB_02440	WP_001124894.1	substrate-binding domain-containing protein	b2548	NP_417043.1	yphF	T2_near_identical_rbh	99.4	1.0	1.0	6.0	6.0		DIAMOND ultra-sensitive reciprocal best hit, identity >=90%, both coverages >=0.8, no tied hit
ECB_RS12855	ECB_02441	WP_001329228.1	DUF5107 domain-containing protein	b2549	NP_417044.4	yphG	T2_near_identical_rbh	99.2	1.0	1.0	6.0	6.0		DIAMOND ultra-sensitive reciprocal best hit, identity >=90%, both coverages >=0.8, no tied hit
ECB_RS12860	ECB_02442	WP_001200789.1	ROK family protein	b2550	NP_417045.4	yphH	T2_near_identical_rbh	99.5	1.0	1.0	6.0	6.0		DIAMOND ultra-sensitive reciprocal best hit, identity >=90%, both coverages >=0.8, no tied hit
ECB_RS12890	ECB_02448	WP_001297612.1	two component system sensor histidine kinase QseE/GlrK	b2556	NP_417051.2	glrK	T2_near_identical_rbh	99.8	1.0	1.0	5.0	5.0		DIAMOND ultra-sensitive reciprocal best hit, identity >=90%, both coverages >=0.8, no tied hit
ECB_RS12895	ECB_02449	WP_000970117.1	phosphoribosylformylglycinamidine synthase	b2557	YP_026170.1	purL	T2_near_identical_rbh	99.6	1.0	1.0	5.0	5.0		DIAMOND ultra-sensitive reciprocal best hit, identity >=90%, both coverages >=0.8, no tied hit
ECB_RS12900		WP_000734213.1	membrane-bound lytic murein transglycosylase MltF	b2558	NP_417053.2	mltF	T2_near_identical_rbh	99.6	0.994	0.979	5.0	5.0		DIAMOND ultra-sensitive reciprocal best hit, identity >=90%, both coverages >=0.8, no tied hit
ECB_RS12975	ECB_02462	WP_000002542.1	signal peptidase I	b2568	NP_417063.1	lepB	T2_near_identical_rbh	99.7	1.0	1.0	6.0	6.0		DIAMOND ultra-sensitive reciprocal best hit, identity >=90%, both coverages >=0.8, no tied hit
ECB_RS12985	ECB_02464	WP_000589070.1	SoxR-reducing system protein RseC	b2570	NP_417065.1	rseC	T2_near_identical_rbh	99.4	1.0	1.0	6.0	6.0		DIAMOND ultra-sensitive reciprocal best hit, identity >=90%, both coverages >=0.8, no tied hit
ECB_RS13010	ECB_02468	WP_001094484.1	L-aspartate oxidase	b2574	NP_417069.1	nadB	T2_near_identical_rbh	99.4	1.0	1.0	6.0	6.0		DIAMOND ultra-sensitive reciprocal best hit, identity >=90%, both coverages >=0.8, no tied hit
ECB_RS13020	ECB_02470	WP_000219193.1	ATP-dependent RNA helicase SrmB	b2576	NP_417071.1	srmB	T2_near_identical_rbh	99.8	1.0	1.0	6.0	6.0		DIAMOND ultra-sensitive reciprocal best hit, identity >=90%, both coverages >=0.8, no tied hit
ECB_RS13035	ECB_02472	WP_000189210.1	cysteine/O-acetylserine transporter	b2578	NP_417073.1	eamB	T2_near_identical_rbh	99.5	1.0	1.0	6.0	6.0		DIAMOND ultra-sensitive reciprocal best hit, identity >=90%, both coverages >=0.8, no tied hit
ECB_RS13045	ECB_02474	WP_001262713.1	uracil-DNA glycosylase	b2580	NP_417075.1	ung	T2_near_identical_rbh	99.6	1.0	1.0	6.0	6.0		DIAMOND ultra-sensitive reciprocal best hit, identity >=90%, both coverages >=0.8, no tied hit
ECB_RS13065	ECB_02477	WP_001301152.1	tRNA-uridine aminocarboxypropyltransferase	b2583	NP_417078.4	tapT	T2_near_identical_rbh	99.1	1.0	1.0	6.0	6.0		DIAMOND ultra-sensitive reciprocal best hit, identity >=90%, both coverages >=0.8, no tied hit
ECB_RS13070	ECB_02478	WP_000083017.1	peptidyl-lysine N-acetyltransferase PatZ	b2584	NP_417079.1	patZ	T2_near_identical_rbh	99.2	1.0	1.0	6.0	6.0		DIAMOND ultra-sensitive reciprocal best hit, identity >=90%, both coverages >=0.8, no tied hit
ECB_RS13080	ECB_02480	WP_012138968.1	YfiM family lipoprotein	b2586	NP_417081.2	yfiM	T2_near_identical_rbh	99.1	1.0	1.0	6.0	6.0		DIAMOND ultra-sensitive reciprocal best hit, identity >=90%, both coverages >=0.8, no tied hit
ECB_RS13115	ECB_02483	WP_000040127.1	purine nucleoside phosphorylase YfiH	b2593	NP_417084.1	yfiH	T2_near_identical_rbh	97.1	1.0	1.0	6.0	6.0		DIAMOND ultra-sensitive reciprocal best hit, identity >=90%, both coverages >=0.8, no tied hit
ECB_RS13145	ECB_02489	WP_000225221.1	bifunctional chorismate mutase/prephenate dehydrogenase	b2600	NP_417091.1	tyrA	T2_near_identical_rbh	99.7	1.0	1.0	5.0	5.0		DIAMOND ultra-sensitive reciprocal best hit, identity >=90%, both coverages >=0.8, no tied hit
ECB_RS13150	ECB_02490	WP_001168045.1	3-deoxy-7-phosphoheptulonate synthase AroF	b2601	NP_417092.1	aroF	T2_near_identical_rbh	99.7	1.0	1.0	5.0	5.0		DIAMOND ultra-sensitive reciprocal best hit, identity >=90%, both coverages >=0.8, no tied hit
ECB_RS13165	ECB_02493	WP_000969010.1	diguanylate cyclase DgcN	b2604	NP_417095.1	dgcN	T2_near_identical_rbh	99.5	1.0	1.0	6.0	6.0		DIAMOND ultra-sensitive reciprocal best hit, identity >=90%, both coverages >=0.8, no tied hit
ECB_RS13170	ECB_02494	WP_000589828.1	OmpA family protein	b2605	NP_417096.1	yfiB	T2_near_identical_rbh	99.4	1.0	1.0	6.0	6.0		DIAMOND ultra-sensitive reciprocal best hit, identity >=90%, both coverages >=0.8, no tied hit
ECB_RS13205	ECB_02501	WP_077260525.1	HlyC/CorC family transporter	b4461	YP_026171.3	yfjD	T2_near_identical_rbh	99.5	1.0	1.0	6.0	6.0		DIAMOND ultra-sensitive reciprocal best hit, identity >=90%, both coverages >=0.8, no tied hit
ECB_RS13210	ECB_02502	WP_001296310.1	nucleotide exchange factor GrpE	b2614	NP_417104.1	grpE	T2_near_identical_rbh	99.5	1.0	1.0	6.0	6.0		DIAMOND ultra-sensitive reciprocal best hit, identity >=90%, both coverages >=0.8, no tied hit
ECB_RS13225	ECB_02504	WP_000880909.1	DNA repair protein RecN	b2616	YP_026172.1	recN	T2_near_identical_rbh	99.8	1.0	1.0	6.0	6.0		DIAMOND ultra-sensitive reciprocal best hit, identity >=90%, both coverages >=0.8, no tied hit
ECB_RS13240	ECB_02507	WP_001300750.1	type II toxin-antitoxin system toxin RatA	b2619	NP_417109.1	ratA	T2_near_identical_rbh	100.0	1.0	0.918	5.0	5.0		DIAMOND ultra-sensitive reciprocal best hit, identity >=90%, both coverages >=0.8, no tied hit
ECB_RS13250	ECB_02509	WP_001062342.1	integrase domain-containing protein	b2622	NP_417111.1	intA	excluded_weak_rbh	48.1	0.98	0.971	3.0	3.0		reciprocal best hit failing T2 and T3 thresholds; not a transfer route
ECB_RS13275	ECB_02515	WP_000993087.1	glutarate dioxygenase GlaH	b2659	NP_417145.4	glaH	T2_near_identical_rbh	97.5	1.0	1.0	3.0	3.0		DIAMOND ultra-sensitive reciprocal best hit, identity >=90%, both coverages >=0.8, no tied hit
ECB_RS13280	ECB_02516	WP_000271963.1	L-2-hydroxyglutarate oxidase	b2660	NP_417146.2	lhgD	T2_near_identical_rbh	98.3	1.0	1.0	4.0	4.0		DIAMOND ultra-sensitive reciprocal best hit, identity >=90%, both coverages >=0.8, no tied hit
ECB_RS13285	ECB_02517	WP_000772820.1	NADP-dependent succinate-semialdehyde dehydrogenase	b2661	NP_417147.1	gabD	T2_near_identical_rbh	98.1	1.0	1.0	5.0	5.0		DIAMOND ultra-sensitive reciprocal best hit, identity >=90%, both coverages >=0.8, no tied hit
ECB_RS13290	ECB_02518	WP_000097642.1	4-aminobutyrate--2-oxoglutarate transaminase	b2662	NP_417148.1	gabT	T2_near_identical_rbh	98.8	1.0	1.0	6.0	6.0		DIAMOND ultra-sensitive reciprocal best hit, identity >=90%, both coverages >=0.8, no tied hit
ECB_RS13295	ECB_02519	WP_001301367.1	GABA permease	b2663	NP_417149.1	gabP	T2_near_identical_rbh	99.8	1.0	1.0	6.0	6.0		DIAMOND ultra-sensitive reciprocal best hit, identity >=90%, both coverages >=0.8, no tied hit
ECB_RS13305	ECB_02521	WP_000522424.1	potassium binding protein Kbp	b2665	NP_417151.1	kbp	T2_near_identical_rbh	99.3	1.0	1.0	6.0	6.0		DIAMOND ultra-sensitive reciprocal best hit, identity >=90%, both coverages >=0.8, no tied hit
ECB_RS13320	ECB_02524	WP_001229445.1	thiosulfate sulfurtransferase YgaP	b2668	NP_417154.1	ygaP	T2_near_identical_rbh	99.4	1.0	1.0	6.0	6.0		DIAMOND ultra-sensitive reciprocal best hit, identity >=90%, both coverages >=0.8, no tied hit
ECB_RS13355	ECB_02531	WP_000246527.1	class 1b ribonucleoside-diphosphate reductase subunit alpha	b2675	NP_417161.1	nrdE	T2_near_identical_rbh	99.9	1.0	1.0	6.0	6.0		DIAMOND ultra-sensitive reciprocal best hit, identity >=90%, both coverages >=0.8, no tied hit
ECB_RS13360	ECB_02532	WP_000777972.1	class 1b ribonucleoside-diphosphate reductase subunit beta	b2676	NP_417162.1	nrdF	T2_near_identical_rbh	99.7	1.0	1.0	6.0	6.0		DIAMOND ultra-sensitive reciprocal best hit, identity >=90%, both coverages >=0.8, no tied hit
ECB_RS13375	ECB_02535	WP_001216521.1	glycine betaine/L-proline ABC transporter substrate-binding protein ProX	b2679	NP_417165.1	proX	T2_near_identical_rbh	99.7	1.0	1.0	5.0	5.0		DIAMOND ultra-sensitive reciprocal best hit, identity >=90%, both coverages >=0.8, no tied hit
ECB_RS13400	ECB_02540	WP_001295175.1	multidrug efflux MFS transporter periplasmic adaptor subunit EmrA	b2685	NP_417170.1	emrA	T2_near_identical_rbh	99.7	1.0	1.0	6.0	6.0		DIAMOND ultra-sensitive reciprocal best hit, identity >=90%, both coverages >=0.8, no tied hit
ECB_RS13465	ECB_02547	WP_000047185.1	alanine--tRNA ligase	b2697	NP_417177.1	alaS	T2_near_identical_rbh	99.9	1.0	1.0	6.0	6.0		DIAMOND ultra-sensitive reciprocal best hit, identity >=90%, both coverages >=0.8, no tied hit
ECB_RS13490	ECB_02551	WP_001301333.1	lytic murein transglycosylase B	b2701	NP_417181.1	mltB	T2_near_identical_rbh	97.8	1.0	1.0	6.0	6.0		DIAMOND ultra-sensitive reciprocal best hit, identity >=90%, both coverages >=0.8, no tied hit
ECB_RS13500	ECB_02553	WP_000148867.1	PTS glucitol/sorbitol transporter subunit IIB	b2703	YP_026181.1	srlE	T2_near_identical_rbh	99.1	1.0	1.0	6.0	6.0		DIAMOND ultra-sensitive reciprocal best hit, identity >=90%, both coverages >=0.8, no tied hit
ECB_RS13505	ECB_02554	WP_000216210.1	PTS glucitol/sorbitol transporter subunit IIA	b2704	NP_417184.1	srlB	T2_near_identical_rbh	98.4	1.0	1.0	6.0	6.0		DIAMOND ultra-sensitive reciprocal best hit, identity >=90%, both coverages >=0.8, no tied hit
ECB_RS13510	ECB_02555	WP_001077351.1	sorbitol-6-phosphate dehydrogenase	b2705	NP_417185.1	srlD	T2_near_identical_rbh	99.2	1.0	1.0	6.0	6.0		DIAMOND ultra-sensitive reciprocal best hit, identity >=90%, both coverages >=0.8, no tied hit
ECB_RS13515	ECB_02556	WP_000252907.1	transcriptional regulator GutM	b2706	NP_417186.1	gutM	T2_near_identical_rbh	99.2	1.0	1.0	6.0	6.0		DIAMOND ultra-sensitive reciprocal best hit, identity >=90%, both coverages >=0.8, no tied hit
ECB_RS13535	ECB_02560	WP_000029611.1	anaerobic nitric oxide reductase flavorubredoxin	b2710	NP_417190.1	norV	T2_near_identical_rbh	99.4	1.0	1.0	6.0	6.0		DIAMOND ultra-sensitive reciprocal best hit, identity >=90%, both coverages >=0.8, no tied hit
ECB_RS13540	ECB_02561	WP_000064738.1	NADH:flavorubredoxin reductase NorW	b2711	NP_417191.1	norW	T2_near_identical_rbh	99.2	1.0	1.0	6.0	6.0		DIAMOND ultra-sensitive reciprocal best hit, identity >=90%, both coverages >=0.8, no tied hit
ECB_RS13545	ECB_02562	WP_001353941.1	carbamoyltransferase HypF	b2712	NP_417192.1	hypF	T2_near_identical_rbh	99.3	1.0	1.0	6.0	6.0		DIAMOND ultra-sensitive reciprocal best hit, identity >=90%, both coverages >=0.8, no tied hit
ECB_RS13555	ECB_02564	WP_001320117.1	DNA-binding transcriptional regulator AscG	b2714	NP_417194.2	ascG	T2_near_identical_rbh	97.9	1.0	1.0	6.0	6.0		DIAMOND ultra-sensitive reciprocal best hit, identity >=90%, both coverages >=0.8, no tied hit
ECB_RS13560	ECB_02565	WP_001107835.1	PTS cellobiose/arbutin/salicin transporter subunit IIBC	b2715	YP_026182.1	ascF	T2_near_identical_rbh	99.2	1.0	1.0	6.0	6.0		DIAMOND ultra-sensitive reciprocal best hit, identity >=90%, both coverages >=0.8, no tied hit
ECB_RS13565	ECB_02566	WP_000110340.1	6-phospho-beta-glucosidase AscB	b2716	NP_417196.1	ascB	T2_near_identical_rbh	94.1	1.0	1.0	6.0	6.0		DIAMOND ultra-sensitive reciprocal best hit, identity >=90%, both coverages >=0.8, no tied hit
ECB_RS13580	ECB_02569	WP_000067401.1	formate hydrogenlyase subunit HycG	b2719	NP_417199.1	hycG	T2_near_identical_rbh	99.6	1.0	1.0	6.0	6.0		DIAMOND ultra-sensitive reciprocal best hit, identity >=90%, both coverages >=0.8, no tied hit
ECB_RS13585	ECB_02570	WP_000493785.1	formate hydrogenlyase subunit HycF	b2720	NP_417200.1	hycF	T2_near_identical_rbh	99.4	1.0	1.0	6.0	6.0		DIAMOND ultra-sensitive reciprocal best hit, identity >=90%, both coverages >=0.8, no tied hit
ECB_RS13595	ECB_02572	WP_000115234.1	formate hydrogenlyase subunit HycD	b2722	NP_417202.1	hycD	T2_near_identical_rbh	99.3	1.0	1.0	6.0	6.0		DIAMOND ultra-sensitive reciprocal best hit, identity >=90%, both coverages >=0.8, no tied hit
ECB_RS13600	ECB_02573	WP_001274388.1	formate hydrogenlyase subunit 3	b2723	NP_417203.1	hycC	T2_near_identical_rbh	99.8	1.0	1.0	6.0	6.0		DIAMOND ultra-sensitive reciprocal best hit, identity >=90%, both coverages >=0.8, no tied hit
ECB_RS13605	ECB_02574	WP_001079187.1	formate hydrogenlyase subunit HycB	b2724	NP_417204.1	hycB	T2_near_identical_rbh	99.5	1.0	1.0	6.0	6.0		DIAMOND ultra-sensitive reciprocal best hit, identity >=90%, both coverages >=0.8, no tied hit
ECB_RS13615	ECB_02575	WP_000158054.1	formate hydrogenlyase regulator HycA	b2725	NP_417205.1	hycA	T2_near_identical_rbh	99.3	1.0	1.0	6.0	6.0		DIAMOND ultra-sensitive reciprocal best hit, identity >=90%, both coverages >=0.8, no tied hit
ECB_RS13660	ECB_02584	WP_001141307.1	protein-serine/threonine phosphatase	b2734	NP_417214.1	pphB	T2_near_identical_rbh	93.1	1.0	1.0	5.0	5.0		DIAMOND ultra-sensitive reciprocal best hit, identity >=90%, both coverages >=0.8, no tied hit
ECB_RS13665	ECB_02585	WP_001295181.1	DNA-binding transcriptional repressor YgbI	b2735	NP_417215.2	ygbI	T2_near_identical_rbh	99.6	1.0	1.0	5.0	5.0		DIAMOND ultra-sensitive reciprocal best hit, identity >=90%, both coverages >=0.8, no tied hit
ECB_RS13670	ECB_02586	WP_000847971.1	L-threonate dehydrogenase	b2736	NP_417216.1	ygbJ	T2_near_identical_rbh	99.0	1.0	1.0	6.0	6.0		DIAMOND ultra-sensitive reciprocal best hit, identity >=90%, both coverages >=0.8, no tied hit
ECB_RS13675	ECB_02587	WP_000590371.1	3-oxo-tetronate kinase	b2737	NP_417217.1	ygbK	T2_near_identical_rbh	99.5	0.914	0.99	6.0	6.0		DIAMOND ultra-sensitive reciprocal best hit, identity >=90%, both coverages >=0.8, no tied hit
ECB_RS13685	ECB_02589	WP_001136925.1	HPr family phosphocarrier protein	b2739	NP_417219.1	ygbM	T2_near_identical_rbh	99.2	1.0	1.0	6.0	6.0		DIAMOND ultra-sensitive reciprocal best hit, identity >=90%, both coverages >=0.8, no tied hit
ECB_RS13690	ECB_02590	WP_000104459.1	GntP family transporter	b2740	NP_417220.1	ygbN	T2_near_identical_rbh	99.8	1.0	1.0	6.0	6.0		DIAMOND ultra-sensitive reciprocal best hit, identity >=90%, both coverages >=0.8, no tied hit
ECB_RS13695	ECB_02591	WP_000081550.1	RNA polymerase sigma factor RpoS	b2741	NP_417221.1	rpoS	T2_near_identical_rbh	99.7	1.0	1.0	6.0	6.0		DIAMOND ultra-sensitive reciprocal best hit, identity >=90%, both coverages >=0.8, no tied hit
ECB_RS13700	ECB_02592	WP_224692580.1	murein hydrolase activator NlpD	b2742	NP_417222.1	nlpD	T2_near_identical_rbh	99.2	1.0	0.96	6.0	6.0		DIAMOND ultra-sensitive reciprocal best hit, identity >=90%, both coverages >=0.8, no tied hit
ECB_RS13725	ECB_02597	WP_000246144.1	2-C-methyl-D-erythritol 4-phosphate cytidylyltransferase	b2747	NP_417227.1	ispD	T2_near_identical_rbh	99.6	1.0	1.0	6.0	6.0		DIAMOND ultra-sensitive reciprocal best hit, identity >=90%, both coverages >=0.8, no tied hit
ECB_RS13745	ECB_02601	WP_001090386.1	sulfate adenylyltransferase subunit CysN	b2751	NP_417231.1	cysN	T2_near_identical_rbh	99.6	1.0	1.0	5.0	5.0		DIAMOND ultra-sensitive reciprocal best hit, identity >=90%, both coverages >=0.8, no tied hit
ECB_RS13755	ECB_02603	WP_000490430.1	alkaline phosphatase isozyme conversion aminopeptidase	b2753	NP_417233.1	iap	T2_near_identical_rbh	99.1	1.0	1.0	3.0	3.0		DIAMOND ultra-sensitive reciprocal best hit, identity >=90%, both coverages >=0.8, no tied hit
ECB_RS13780	ECB_02607	WP_000039863.1	phosphoadenosine phosphosulfate reductase	b2762	NP_417242.1	cysH	T2_near_identical_rbh	99.2	1.0	1.0	3.0	3.0		DIAMOND ultra-sensitive reciprocal best hit, identity >=90%, both coverages >=0.8, no tied hit
ECB_RS13785	ECB_02608	WP_001290699.1	assimilatory sulfite reductase (NADPH) hemoprotein subunit	b2763	NP_417243.1	cysI	T2_near_identical_rbh	99.8	1.0	1.0	4.0	4.0		DIAMOND ultra-sensitive reciprocal best hit, identity >=90%, both coverages >=0.8, no tied hit
ECB_RS13790	ECB_02609	WP_000211907.1	NADPH-dependent assimilatory sulfite reductase flavoprotein subunit	b2764	NP_417244.1	cysJ	T2_near_identical_rbh	99.7	1.0	1.0	5.0	5.0		DIAMOND ultra-sensitive reciprocal best hit, identity >=90%, both coverages >=0.8, no tied hit
ECB_RS13795	ECB_02610	WP_000108294.1	6-carboxytetrahydropterin synthase QueD	b2765	NP_417245.1	queD	T2_near_identical_rbh	100.0	1.0	0.992	6.0	6.0		DIAMOND ultra-sensitive reciprocal best hit, identity >=90%, both coverages >=0.8, no tied hit
ECB_RS13805	ECB_02612	WP_000109526.1	ferredoxin family protein	b2767	NP_417247.2	ygcO	T2_near_identical_rbh	98.8	1.0	1.0	6.0	6.0		DIAMOND ultra-sensitive reciprocal best hit, identity >=90%, both coverages >=0.8, no tied hit
ECB_RS13825	ECB_02616	WP_000147666.1	MFS transporter	b2771	NP_417251.2	ygcS	T2_near_identical_rbh	100.0	0.949	1.0	6.0	6.0		DIAMOND ultra-sensitive reciprocal best hit, identity >=90%, both coverages >=0.8, no tied hit
ECB_RS13835	ECB_02618	WP_000021321.1	SDR family oxidoreductase	b2774	NP_417254.4	ygcW	T2_near_identical_rbh	99.6	1.0	1.0	6.0	6.0		DIAMOND ultra-sensitive reciprocal best hit, identity >=90%, both coverages >=0.8, no tied hit
ECB_RS13840	ECB_02619	WP_001164543.1	MFS transporter	b2775	NP_417255.1	yqcE	T2_near_identical_rbh	99.8	1.0	1.0	6.0	6.0		DIAMOND ultra-sensitive reciprocal best hit, identity >=90%, both coverages >=0.8, no tied hit
ECB_RS13875	ECB_02626	WP_001071638.1	nucleoside triphosphate pyrophosphohydrolase	b2781	NP_417261.1	mazG	T2_near_identical_rbh	99.6	1.0	1.0	6.0	6.0		DIAMOND ultra-sensitive reciprocal best hit, identity >=90%, both coverages >=0.8, no tied hit
ECB_RS13895	ECB_02630	WP_000046810.1	23S rRNA (uracil(1939)-C(5))-methyltransferase RlmD	b2785	NP_417265.1	rlmD	T2_near_identical_rbh	99.8	1.0	1.0	6.0	6.0		DIAMOND ultra-sensitive reciprocal best hit, identity >=90%, both coverages >=0.8, no tied hit
ECB_RS13900	ECB_02631	WP_000186439.1	two-component sensor histidine kinase BarA	b2786	NP_417266.1	barA	T2_near_identical_rbh	99.9	1.0	1.0	6.0	6.0		DIAMOND ultra-sensitive reciprocal best hit, identity >=90%, both coverages >=0.8, no tied hit
ECB_RS13905	ECB_02632	WP_000098247.1	glucarate dehydratase	b2787	NP_417267.1	gudD	T2_near_identical_rbh	99.6	1.0	1.0	6.0	6.0		DIAMOND ultra-sensitive reciprocal best hit, identity >=90%, both coverages >=0.8, no tied hit
ECB_RS13910	ECB_02633	WP_000211759.1	enolase C-terminal domain-like protein	b2788	NP_417268.1	gudX	T2_near_identical_rbh	99.1	1.0	1.0	6.0	6.0		DIAMOND ultra-sensitive reciprocal best hit, identity >=90%, both coverages >=0.8, no tied hit
ECB_RS13915	ECB_02634	WP_000097082.1	galactarate/glucarate/glycerate transporter GudP	b2789	NP_417269.1	gudP	T2_near_identical_rbh	99.8	1.0	1.0	6.0	6.0		DIAMOND ultra-sensitive reciprocal best hit, identity >=90%, both coverages >=0.8, no tied hit
ECB_RS13920	ECB_02635	WP_000807751.1	flavodoxin	b2790	NP_417270.1	yqcA	T2_near_identical_rbh	99.3	1.0	1.0	6.0	6.0		DIAMOND ultra-sensitive reciprocal best hit, identity >=90%, both coverages >=0.8, no tied hit
ECB_RS13930	ECB_02637	WP_000207003.1	YqcC family protein	b2792	NP_417272.1	yqcC	T2_near_identical_rbh	99.1	1.0	1.0	6.0	6.0		DIAMOND ultra-sensitive reciprocal best hit, identity >=90%, both coverages >=0.8, no tied hit
ECB_RS13945	ECB_02639	WP_000100420.1	NADPH-dependent 7-cyano-7-deazaguanine reductase QueF	b2794	NP_417274.1	queF	T2_near_identical_rbh	99.6	1.0	1.0	6.0	6.0		DIAMOND ultra-sensitive reciprocal best hit, identity >=90%, both coverages >=0.8, no tied hit
ECB_RS13960	ECB_02642	WP_000626410.1	L-serine ammonia-lyase II	b2797	NP_417277.1	sdaB	T2_near_identical_rbh	99.6	1.0	1.0	5.0	6.0		DIAMOND ultra-sensitive reciprocal best hit, identity >=90%, both coverages >=0.8, no tied hit
ECB_RS13970	ECB_02644	WP_000013582.1	lactaldehyde reductase	b2799	NP_417279.2	fucO	T2_near_identical_rbh	99.5	1.0	1.0	3.0	4.0		DIAMOND ultra-sensitive reciprocal best hit, identity >=90%, both coverages >=0.8, no tied hit
ECB_RS13980	ECB_02646	WP_094096600.1	IS1-like element IS1A family transposase	b0021	NP_414562.1	insB1	ambiguous_rbh_tie	99.3	0.642	0.892	0.0	3.0	tied best hit	reciprocal best hit with an equal-bitscore alternative
ECB_RS14015	ECB_02653	WP_000700894.1	L-fucose isomerase	b2802	NP_417282.1	fucI	T2_near_identical_rbh	99.2	1.0	1.0	3.0	3.0		DIAMOND ultra-sensitive reciprocal best hit, identity >=90%, both coverages >=0.8, no tied hit
ECB_RS14020	ECB_02654	WP_000808371.1	L-fuculokinase	b2803	NP_417283.2	fucK	T2_near_identical_rbh	99.6	1.0	1.0	4.0	4.0		DIAMOND ultra-sensitive reciprocal best hit, identity >=90%, both coverages >=0.8, no tied hit
ECB_RS14030	ECB_02656	WP_000642343.1	L-fucose operon activator	b2805	NP_417285.1	fucR	T2_near_identical_rbh	99.6	1.0	1.0	6.0	6.0		DIAMOND ultra-sensitive reciprocal best hit, identity >=90%, both coverages >=0.8, no tied hit
ECB_RS14100	ECB_02667	WP_000775999.1	exodeoxyribonuclease V subunit alpha	b2819	NP_417296.1	recD	T2_near_identical_rbh	99.7	1.0	1.0	6.0	6.0		DIAMOND ultra-sensitive reciprocal best hit, identity >=90%, both coverages >=0.8, no tied hit
ECB_RS14105	ECB_02668	WP_001285992.1	exodeoxyribonuclease V subunit beta	b2820	NP_417297.1	recB	T2_near_identical_rbh	99.7	1.0	1.0	6.0	6.0		DIAMOND ultra-sensitive reciprocal best hit, identity >=90%, both coverages >=0.8, no tied hit
ECB_RS14110	ECB_02669	WP_001138150.1	pitrilysin	b2821	NP_417298.1	ptrA	T2_near_identical_rbh	99.8	1.0	1.0	6.0	6.0		DIAMOND ultra-sensitive reciprocal best hit, identity >=90%, both coverages >=0.8, no tied hit
ECB_RS14115	ECB_02670	WP_000946947.1	exodeoxyribonuclease V subunit gamma	b2822	NP_417299.1	recC	T2_near_identical_rbh	99.8	1.0	1.0	6.0	6.0		DIAMOND ultra-sensitive reciprocal best hit, identity >=90%, both coverages >=0.8, no tied hit
ECB_RS14125	ECB_02672	WP_001078380.1	DUF2509 family protein	b2824	NP_417301.4	ygdB	T2_near_identical_rbh	99.3	1.0	1.0	6.0	6.0		DIAMOND ultra-sensitive reciprocal best hit, identity >=90%, both coverages >=0.8, no tied hit
ECB_RS14130	ECB_02673	WP_001144297.1	prepilin peptidase-dependent protein	b2825	NP_417302.1	ppdB	T2_near_identical_rbh	97.9	1.0	1.0	6.0	6.0		DIAMOND ultra-sensitive reciprocal best hit, identity >=90%, both coverages >=0.8, no tied hit
ECB_RS14135	ECB_02674	WP_000857056.1	prepilin peptidase-dependent protein	b2826	NP_417303.1	ppdA	T2_near_identical_rbh	99.4	1.0	1.0	6.0	6.0		DIAMOND ultra-sensitive reciprocal best hit, identity >=90%, both coverages >=0.8, no tied hit
ECB_RS14140	ECB_02675	WP_000816234.1	thymidylate synthase	b2827	NP_417304.1	thyA	T2_near_identical_rbh	99.6	1.0	1.0	6.0	6.0		DIAMOND ultra-sensitive reciprocal best hit, identity >=90%, both coverages >=0.8, no tied hit
ECB_RS14150	ECB_02677	WP_000957907.1	phosphoenolpyruvate--protein phosphotransferase	b2829	NP_417306.1	ptsP	T2_near_identical_rbh	99.7	1.0	1.0	6.0	6.0		DIAMOND ultra-sensitive reciprocal best hit, identity >=90%, both coverages >=0.8, no tied hit
ECB_RS14195	ECB_02684	WP_000899049.1	bifunctional acyl-ACP--phospholipid O-acyltransferase/long-chain-fatty-acid--ACP ligase	b2836	NP_417313.1	aas	T2_near_identical_rbh	99.9	1.0	1.0	6.0	6.0		DIAMOND ultra-sensitive reciprocal best hit, identity >=90%, both coverages >=0.8, no tied hit
ECB_RS14200	ECB_02685	WP_000201048.1	HTH-type transcriptional regulator GalR	b2837	NP_417314.1	galR	T2_near_identical_rbh	99.7	1.0	1.0	6.0	6.0		DIAMOND ultra-sensitive reciprocal best hit, identity >=90%, both coverages >=0.8, no tied hit
ECB_RS14210	ECB_02687	WP_000741828.1	DNA-binding transcriptional regulator LysR	b2839	NP_417316.1	lysR	T2_near_identical_rbh	99.7	1.0	1.0	6.0	6.0		DIAMOND ultra-sensitive reciprocal best hit, identity >=90%, both coverages >=0.8, no tied hit
ECB_RS14215	ECB_02688	WP_000848664.1	amino acid racemase	b2840	NP_417317.1	ygeA	T2_near_identical_rbh	99.6	1.0	1.0	6.0	6.0		DIAMOND ultra-sensitive reciprocal best hit, identity >=90%, both coverages >=0.8, no tied hit
ECB_RS14220	ECB_02689	WP_000256436.1	arabinose-proton symporter AraE	b2841	NP_417318.1	araE	T2_near_identical_rbh	99.8	1.0	1.0	6.0	6.0		DIAMOND ultra-sensitive reciprocal best hit, identity >=90%, both coverages >=0.8, no tied hit
ECB_RS14225	ECB_02690	WP_000603518.1	2-dehydro-3-deoxy-D-gluconate 5-dehydrogenase KduD	b2842	NP_417319.1	kduD	T2_near_identical_rbh	99.2	1.0	1.0	6.0	6.0		DIAMOND ultra-sensitive reciprocal best hit, identity >=90%, both coverages >=0.8, no tied hit
ECB_RS14230	ECB_02691	WP_000383233.1	5-dehydro-4-deoxy-D-glucuronate isomerase	b2843	NP_417320.1	kduI	T2_near_identical_rbh	99.6	1.0	1.0	6.0	6.0		DIAMOND ultra-sensitive reciprocal best hit, identity >=90%, both coverages >=0.8, no tied hit
ECB_RS14235	ECB_02692	WP_000656029.1	acetyl-CoA C-acetyltransferase	b2844	NP_417321.2	yqeF	T2_near_identical_rbh	99.7	1.0	1.0	5.0	5.0		DIAMOND ultra-sensitive reciprocal best hit, identity >=90%, both coverages >=0.8, no tied hit
ECB_RS14245	ECB_02694	WP_001389254.1	hypothetical protein	b2846	NP_417323.2	yqeH	T2_near_identical_rbh	97.4	1.0	0.9	3.0	5.0		DIAMOND ultra-sensitive reciprocal best hit, identity >=90%, both coverages >=0.8, no tied hit
ECB_RS14275	ECB_02699	WP_000388174.1	xanthine dehydrogenase molybdenum-binding subunit XdhA	b2866	NP_417342.1	xdhA	T2_near_identical_rbh	99.9	0.983	1.0	4.0	5.0		DIAMOND ultra-sensitive reciprocal best hit, identity >=90%, both coverages >=0.8, no tied hit
ECB_RS14290	ECB_02702	WP_000417806.1	sigma-54 interaction domain-containing protein	b2869	NP_417345.1	ygeV	T2_near_identical_rbh	99.7	1.0	1.0	6.0	6.0		DIAMOND ultra-sensitive reciprocal best hit, identity >=90%, both coverages >=0.8, no tied hit
ECB_RS14295	ECB_02703	WP_000859787.1	knotted carbamoyltransferase YgeW	b2870	YP_026185.1	ygeW	T2_near_identical_rbh	100.0	1.0	0.997	6.0	6.0		DIAMOND ultra-sensitive reciprocal best hit, identity >=90%, both coverages >=0.8, no tied hit
ECB_RS14300	ECB_02704	WP_000110501.1	diaminopropionate ammonia-lyase	b2871	NP_417347.1	ygeX	T2_near_identical_rbh	99.7	1.0	1.0	6.0	6.0		DIAMOND ultra-sensitive reciprocal best hit, identity >=90%, both coverages >=0.8, no tied hit
ECB_RS14310	ECB_02706	WP_001264452.1	D-phenylhydantoinase	b2873	NP_417349.4	hyuA	T2_near_identical_rbh	99.8	1.0	1.0	6.0	6.0		DIAMOND ultra-sensitive reciprocal best hit, identity >=90%, both coverages >=0.8, no tied hit
ECB_RS14315	ECB_02707	WP_000038008.1	carbamate kinase	b2874	NP_417350.1	yqeA	T2_near_identical_rbh	99.7	1.0	1.0	6.0	6.0		DIAMOND ultra-sensitive reciprocal best hit, identity >=90%, both coverages >=0.8, no tied hit
ECB_RS14325	ECB_02709	WP_001300448.1	selenium cofactor biosynthesis protein YqeC	b2876	NP_417352.2	yqeC	T2_near_identical_rbh	98.0	1.0	1.0	6.0	6.0		DIAMOND ultra-sensitive reciprocal best hit, identity >=90%, both coverages >=0.8, no tied hit
ECB_RS14330	ECB_02710	WP_001272850.1	molybdenum cofactor cytidylyltransferase	b2877	NP_417353.1	mocA	T2_near_identical_rbh	98.4	1.0	1.0	6.0	6.0		DIAMOND ultra-sensitive reciprocal best hit, identity >=90%, both coverages >=0.8, no tied hit
ECB_RS14335	ECB_02711	WP_000502388.1	putative selenate reductase subunit YgfK	b2878	NP_417354.1	ygfK	T2_near_identical_rbh	99.8	1.0	1.0	6.0	6.0		DIAMOND ultra-sensitive reciprocal best hit, identity >=90%, both coverages >=0.8, no tied hit
ECB_RS14345	ECB_02713	WP_000572483.1	molybdopterin-dependent oxidoreductase FAD-binding subunit	b2880	NP_417356.1	ygfM	T2_near_identical_rbh	99.6	1.0	1.0	6.0	6.0		DIAMOND ultra-sensitive reciprocal best hit, identity >=90%, both coverages >=0.8, no tied hit
ECB_RS14350	ECB_02714	WP_000583631.1	molybdopterin-dependent oxidoreductase Mo/Fe-S-binding subunit	b2881	NP_417357.1	xdhD	T2_near_identical_rbh	99.8	1.0	1.0	6.0	6.0		DIAMOND ultra-sensitive reciprocal best hit, identity >=90%, both coverages >=0.8, no tied hit
ECB_RS14355	ECB_02715	WP_001280199.1	xanthine/proton symporter XanQ	b2882	NP_417358.2	xanQ	T2_near_identical_rbh	99.8	1.0	1.0	6.0	6.0		DIAMOND ultra-sensitive reciprocal best hit, identity >=90%, both coverages >=0.8, no tied hit
ECB_RS14360	ECB_02716	WP_001301062.1	guanine deaminase	b2883	NP_417359.1	guaD	T2_near_identical_rbh	99.5	1.0	0.998	6.0	6.0		DIAMOND ultra-sensitive reciprocal best hit, identity >=90%, both coverages >=0.8, no tied hit
ECB_RS14370	ECB_02718	WP_000838422.1	4Fe-4S dicluster domain-containing protein	b2886	NP_417362.4	ygfS	T2_near_identical_rbh	98.8	1.0	1.0	6.0	6.0		DIAMOND ultra-sensitive reciprocal best hit, identity >=90%, both coverages >=0.8, no tied hit
ECB_RS14375	ECB_02719	WP_001300605.1	formate-dependent uric acid utilization protein YgfT	b2887	NP_417363.2	ygfT	T2_near_identical_rbh	99.7	1.0	1.0	6.0	6.0		DIAMOND ultra-sensitive reciprocal best hit, identity >=90%, both coverages >=0.8, no tied hit
ECB_RS14390		WP_001050745.1	protein YqfG	b4684	YP_002791254.1	yqfG	T2_near_identical_rbh	97.6	1.0	1.0	6.0	6.0		DIAMOND ultra-sensitive reciprocal best hit, identity >=90%, both coverages >=0.8, no tied hit
ECB_RS14395	ECB_02721	WP_001192790.1	isopentenyl-diphosphate Delta-isomerase	b2889	NP_417365.1	idi	T2_near_identical_rbh	96.1	0.989	0.989	6.0	6.0		DIAMOND ultra-sensitive reciprocal best hit, identity >=90%, both coverages >=0.8, no tied hit
ECB_RS14405	ECB_02723	WP_001701073.1	peptide chain release factor 2	b2891	NP_417367.1	prfB	T2_near_identical_rbh	99.7	1.0	1.0	6.0	6.0		DIAMOND ultra-sensitive reciprocal best hit, identity >=90%, both coverages >=0.8, no tied hit
ECB_RS14410	ECB_02724	WP_000813212.1	single-stranded-DNA-specific exonuclease RecJ	b2892	NP_417368.1	recJ	T2_near_identical_rbh	99.1	1.0	1.0	6.0	6.0		DIAMOND ultra-sensitive reciprocal best hit, identity >=90%, both coverages >=0.8, no tied hit
ECB_RS14415	ECB_02725	WP_000715216.1	bifunctional protein-disulfide isomerase/oxidoreductase DsbC	b2893	NP_417369.1	dsbC	T2_near_identical_rbh	99.6	1.0	1.0	6.0	6.0		DIAMOND ultra-sensitive reciprocal best hit, identity >=90%, both coverages >=0.8, no tied hit
ECB_RS14430	ECB_02728	WP_000244783.1	protein YgfX	b2896	NP_417372.1	ygfX	T2_near_identical_rbh	99.3	1.0	1.0	6.0	6.0		DIAMOND ultra-sensitive reciprocal best hit, identity >=90%, both coverages >=0.8, no tied hit
ECB_RS14450	ECB_02732	WP_001182954.1	N(4)-acetylcytidine aminohydrolase	b2900	NP_417376.1	yqfB	T2_near_identical_rbh	99.0	1.0	1.0	6.0	6.0		DIAMOND ultra-sensitive reciprocal best hit, identity >=90%, both coverages >=0.8, no tied hit
ECB_RS14455	ECB_02733	WP_012775976.1	6-phospho-beta-glucosidase BglA	b2901	NP_417377.1	bglA	T2_near_identical_rbh	99.4	1.0	0.996	6.0	6.0		DIAMOND ultra-sensitive reciprocal best hit, identity >=90%, both coverages >=0.8, no tied hit
ECB_RS14460	ECB_02734	WP_000951948.1	SDR family oxidoreductase	b2902	NP_417378.1	ygfF	T2_near_identical_rbh	98.4	1.0	1.0	6.0	6.0		DIAMOND ultra-sensitive reciprocal best hit, identity >=90%, both coverages >=0.8, no tied hit
ECB_RS14465	ECB_02735	WP_000195061.1	aminomethyl-transferring glycine dehydrogenase	b2903	NP_417379.1	gcvP	T2_near_identical_rbh	99.9	1.0	1.0	6.0	6.0		DIAMOND ultra-sensitive reciprocal best hit, identity >=90%, both coverages >=0.8, no tied hit
ECB_RS14480	ECB_02738	WP_001192185.1	FAD-dependent 2-octaprenylphenol hydroxylase	b2906	NP_417382.1	ubiI	T2_near_identical_rbh	98.8	1.0	1.0	6.0	6.0		DIAMOND ultra-sensitive reciprocal best hit, identity >=90%, both coverages >=0.8, no tied hit
ECB_RS14485	ECB_02739	WP_000111199.1	2-octaprenyl-6-methoxyphenyl hydroxylase	b2907	NP_417383.1	ubiH	T2_near_identical_rbh	99.5	1.0	1.0	6.0	6.0		DIAMOND ultra-sensitive reciprocal best hit, identity >=90%, both coverages >=0.8, no tied hit
ECB_RS14490	ECB_02740	WP_001290123.1	Xaa-Pro aminopeptidase	b2908	NP_417384.1	pepP	T2_near_identical_rbh	99.3	1.0	1.0	6.0	6.0		DIAMOND ultra-sensitive reciprocal best hit, identity >=90%, both coverages >=0.8, no tied hit
ECB_RS14505	ECB_02743	WP_001298273.1	5-formyltetrahydrofolate cyclo-ligase	b2912	NP_417387.3	fau	T2_near_identical_rbh	99.5	0.91	1.0	6.0	6.0		DIAMOND ultra-sensitive reciprocal best hit, identity >=90%, both coverages >=0.8, no tied hit
ECB_RS14610	ECB_02764	WP_001239647.1	PTS mannitol transporter subunit IIA	b2934	NP_417409.1	cmtB	T2_near_identical_rbh	100.0	1.0	0.939	6.0	6.0		DIAMOND ultra-sensitive reciprocal best hit, identity >=90%, both coverages >=0.8, no tied hit
ECB_RS14620	ECB_02766	WP_001319878.1	metalloprotease LoiP	b2936	NP_417411.2	loiP	T2_near_identical_rbh	99.6	1.0	1.0	6.0	6.0		DIAMOND ultra-sensitive reciprocal best hit, identity >=90%, both coverages >=0.8, no tied hit
ECB_RS14625	ECB_02767	WP_000105579.1	agmatinase	b2937	NP_417412.1	speB	T2_near_identical_rbh	99.7	1.0	1.0	6.0	6.0		DIAMOND ultra-sensitive reciprocal best hit, identity >=90%, both coverages >=0.8, no tied hit
ECB_RS14670	ECB_02776	WP_001300912.1	16S rRNA (uracil(1498)-N(3))-methyltransferase	b2946	NP_417421.4	rsmE	T2_near_identical_rbh	99.6	1.0	1.0	6.0	6.0		DIAMOND ultra-sensitive reciprocal best hit, identity >=90%, both coverages >=0.8, no tied hit
ECB_RS14685	ECB_02779	WP_000017105.1	Holliday junction resolvase RuvX	b2949	NP_417424.1	yqgF	T2_near_identical_rbh	99.3	1.0	1.0	6.0	6.0		DIAMOND ultra-sensitive reciprocal best hit, identity >=90%, both coverages >=0.8, no tied hit
ECB_RS14690	ECB_02780	WP_012767756.1	PilT/PilU family type 4a pilus ATPase	b2950	NP_417425.2	yggR	T2_near_identical_rbh	99.4	1.0	1.0	6.0	6.0		DIAMOND ultra-sensitive reciprocal best hit, identity >=90%, both coverages >=0.8, no tied hit
ECB_RS14705	ECB_02783	WP_001277222.1	DUF167 family protein YggU	b2953	NP_417428.2	yggU	T2_near_identical_rbh	99.0	1.0	1.0	6.0	6.0		DIAMOND ultra-sensitive reciprocal best hit, identity >=90%, both coverages >=0.8, no tied hit
ECB_RS14710	ECB_02784	WP_001174737.1	RdgB/HAM1 family non-canonical purine NTP pyrophosphatase	b2954	NP_417429.1	rdgB	T2_near_identical_rbh	98.0	1.0	1.0	6.0	6.0		DIAMOND ultra-sensitive reciprocal best hit, identity >=90%, both coverages >=0.8, no tied hit
ECB_RS14715	ECB_02785	WP_000239975.1	radical SAM family heme chaperone HemW	b2955	NP_417430.1	hemW	T2_near_identical_rbh	97.9	1.0	1.0	6.0	6.0		DIAMOND ultra-sensitive reciprocal best hit, identity >=90%, both coverages >=0.8, no tied hit
ECB_RS14720	ECB_02786	WP_000745230.1	DUF1202 family protein	b2956	NP_417431.1	yggM	T2_near_identical_rbh	97.6	1.0	1.0	6.0	6.0		DIAMOND ultra-sensitive reciprocal best hit, identity >=90%, both coverages >=0.8, no tied hit
ECB_RS14725	ECB_02787	WP_000394107.1	L-asparaginase 2	b2957	NP_417432.1	ansB	T2_near_identical_rbh	98.9	1.0	1.0	6.0	6.0		DIAMOND ultra-sensitive reciprocal best hit, identity >=90%, both coverages >=0.8, no tied hit
ECB_RS14760	ECB_02793	WP_001298916.1	membrane-bound lytic murein transglycosylase MltC	b2963	NP_417438.2	mltC	T2_near_identical_rbh	99.7	1.0	1.0	5.0	5.0		DIAMOND ultra-sensitive reciprocal best hit, identity >=90%, both coverages >=0.8, no tied hit
ECB_RS14770	ECB_02795	WP_000839790.1	ornithine decarboxylase	b2965	NP_417440.4	speC	T2_near_identical_rbh	98.7	1.0	1.0	4.0	4.0		DIAMOND ultra-sensitive reciprocal best hit, identity >=90%, both coverages >=0.8, no tied hit
ECB_RS14775	ECB_02796	WP_000234533.1	DUF554 domain-containing protein	b2966	NP_417441.1	yqgA	T2_near_identical_rbh	99.1	1.0	1.0	2.0	4.0		DIAMOND ultra-sensitive reciprocal best hit, identity >=90%, both coverages >=0.8, no tied hit
ECB_RS14795		WP_001322100.1	GTPase family protein	b2632	YP_026173.1	yfjP	ambiguous_rbh_tie	50.5	0.99	1.0	0.0	3.0	tied best hit	reciprocal best hit with an equal-bitscore alternative
ECB_RS14800	ECB_02800	WP_000820521.1	Ag43/Cah family autotransporter adhesin	b2000	YP_026164.1	flu	T3_divergent_syntenic_rbh	72.2	1.1	1.004	1.0	4.0		reciprocal best hit below T2 thresholds (identity >=50%, coverage >=0.6) with >=1 conserved neighbour within +/-3 loci
ECB_RS14805	ECB_02801	WP_015833304.1	hypothetical protein	b2001	NP_416505.2	yeeR	T3_divergent_syntenic_rbh	98.8	0.605	0.994	1.0	4.0		reciprocal best hit below T2 thresholds (identity >=50%, coverage >=0.6) with >=1 conserved neighbour within +/-3 loci
ECB_RS14815		WP_001119719.1	DUF905 family protein	b0249	NP_414783.1	ykfF	excluded_weak_rbh	46.3	0.87	0.848	1.0	5.0		reciprocal best hit failing T2 and T3 thresholds; not a transfer route
ECB_RS14820	ECB_02803	WP_001234644.1	DUF932 domain-containing protein	b0252	NP_414786.4	yafZ	T3_divergent_syntenic_rbh	75.3	0.996	0.993	1.0	5.0		reciprocal best hit below T2 thresholds (identity >=50%, coverage >=0.6) with >=1 conserved neighbour within +/-3 loci
ECB_RS14825		WP_000849578.1	antirestriction protein	b2643	NP_417130.1	lfgA	excluded_weak_rbh	74.5	0.851	0.901	0.0	5.0		reciprocal best hit failing T2 and T3 thresholds; not a transfer route
ECB_RS14830	ECB_02805	WP_001347688.1	JAB domain-containing protein	b2002	NP_416506.1	yeeS	T2_near_identical_rbh	99.3	0.937	1.0	3.0	6.0		DIAMOND ultra-sensitive reciprocal best hit, identity >=90%, both coverages >=0.8, no tied hit
ECB_RS14835	ECB_02806	WP_000692300.1	DUF987 domain-containing protein	b2003	NP_416507.1	yeeT	T2_near_identical_rbh	98.6	1.0	1.0	3.0	5.0		DIAMOND ultra-sensitive reciprocal best hit, identity >=90%, both coverages >=0.8, no tied hit
ECB_RS14845		WP_001320394.1	type IV toxin-antitoxin system YeeU family antitoxin	b2004	NP_416508.1	cbeA	T3_divergent_syntenic_rbh	87.6	0.992	0.992	3.0	4.0		reciprocal best hit below T2 thresholds (identity >=50%, coverage >=0.6) with >=1 conserved neighbour within +/-3 loci
ECB_RS14850	ECB_02808	WP_001094454.1	TA system toxin CbtA family protein	b2005	NP_416509.1	cbtA	T3_divergent_syntenic_rbh	87.7	0.984	0.984	3.0	3.0		reciprocal best hit below T2 thresholds (identity >=50%, coverage >=0.6) with >=1 conserved neighbour within +/-3 loci
ECB_RS14945	ECB_02829	WP_000942810.1	GspM family type II secretion system protein YghD	b2968	NP_417442.1	yghD	T2_near_identical_rbh	94.9	1.0	1.0	1.0	1.0		DIAMOND ultra-sensitive reciprocal best hit, identity >=90%, both coverages >=0.8, no tied hit
ECB_RS14950	ECB_02830	WP_000094981.1	type II secretion system protein GspL	b2969	YP_010051197.1	yghE	T3_divergent_syntenic_rbh	95.1	0.73	1.0	1.0	1.0		reciprocal best hit below T2 thresholds (identity >=50%, coverage >=0.6) with >=1 conserved neighbour within +/-3 loci
ECB_RS14995	ECB_02839	WP_014639304.1	type II secretion system protein GspC	b2970	YP_010051199.1	yghF	T2_near_identical_rbh	95.0	1.0	0.964	3.0	3.0		DIAMOND ultra-sensitive reciprocal best hit, identity >=90%, both coverages >=0.8, no tied hit
ECB_RS15000	ECB_02840	WP_001305972.1	type II secretion system pilot lipoprotein GspS-beta	b2971	NP_417445.1	yghG	T2_near_identical_rbh	98.5	1.0	1.0	4.0	4.0		DIAMOND ultra-sensitive reciprocal best hit, identity >=90%, both coverages >=0.8, no tied hit
ECB_RS15005	ECB_02841	WP_000895873.1	prepilin peptidase PppA	b2972	NP_417446.4	pppA	T2_near_identical_rbh	96.7	1.0	1.0	5.0	5.0		DIAMOND ultra-sensitive reciprocal best hit, identity >=90%, both coverages >=0.8, no tied hit
ECB_RS15010	ECB_02842	WP_001034486.1	lipoprotein metalloprotease SslE	b4466	YP_026189.1	yghJ	T2_near_identical_rbh	92.5	1.002	1.0	6.0	6.0		DIAMOND ultra-sensitive reciprocal best hit, identity >=90%, both coverages >=0.8, no tied hit
ECB_RS15040	ECB_02847	WP_000943064.1	glycolate oxidase subunit GlcE	b4468	YP_026191.1	glcE	T2_near_identical_rbh	98.0	1.0	1.0	6.0	6.0		DIAMOND ultra-sensitive reciprocal best hit, identity >=90%, both coverages >=0.8, no tied hit
ECB_RS15045	ECB_02848	WP_000026147.1	glycolate oxidase subunit GlcD	b2979	NP_417453.1	glcD	T2_near_identical_rbh	99.4	1.0	1.0	5.0	5.0		DIAMOND ultra-sensitive reciprocal best hit, identity >=90%, both coverages >=0.8, no tied hit
ECB_RS15055	ECB_02850	WP_001300526.1	protein YghO	b2981	YP_009518815.1	yghO	T2_near_identical_rbh	98.7	0.976	0.951	3.0	3.0		DIAMOND ultra-sensitive reciprocal best hit, identity >=90%, both coverages >=0.8, no tied hit
ECB_RS15100	ECB_02859	WP_000896885.1	lipopolysaccharide biosynthesis protein	b2983	YP_026192.1	yghQ	T3_divergent_syntenic_rbh	99.7	0.791	1.0	3.0	3.0		reciprocal best hit below T2 thresholds (identity >=50%, coverage >=0.6) with >=1 conserved neighbour within +/-3 loci
ECB_RS15120	ECB_02863	WP_000933296.1	inorganic phosphate transporter PitB	b2987	NP_417461.1	pitB	T2_near_identical_rbh	99.8	1.0	1.0	6.0	6.0		DIAMOND ultra-sensitive reciprocal best hit, identity >=90%, both coverages >=0.8, no tied hit
ECB_RS15125	ECB_02864	WP_001300624.1	bifunctional glutathionylspermidine amidase/synthase	b2988	NP_417462.1	gss	T2_near_identical_rbh	99.8	1.0	1.0	6.0	6.0		DIAMOND ultra-sensitive reciprocal best hit, identity >=90%, both coverages >=0.8, no tied hit
ECB_RS15140	ECB_02867	WP_000544952.1	hydrogenase maturation nickel metallochaperone HypA	b2991	NP_417465.1	hybF	T2_near_identical_rbh	99.1	1.0	1.0	6.0	6.0		DIAMOND ultra-sensitive reciprocal best hit, identity >=90%, both coverages >=0.8, no tied hit
ECB_RS15150	ECB_02869	WP_001221946.1	HyaD/HybD family hydrogenase maturation endopeptidase	b2993	NP_417467.1	hybD	T2_near_identical_rbh	99.4	1.0	1.0	6.0	6.0		DIAMOND ultra-sensitive reciprocal best hit, identity >=90%, both coverages >=0.8, no tied hit
ECB_RS15185	ECB_02874	WP_001059139.1	DUF2623 family protein YghW	b2998	NP_417472.1	yghW	T2_near_identical_rbh	98.9	1.0	1.0	5.0	5.0		DIAMOND ultra-sensitive reciprocal best hit, identity >=90%, both coverages >=0.8, no tied hit
ECB_RS15225	ECB_02881	WP_001320425.1	cystathionine beta-lyase	b3008	NP_417481.1	metC	T2_near_identical_rbh	98.7	1.0	1.0	6.0	6.0		DIAMOND ultra-sensitive reciprocal best hit, identity >=90%, both coverages >=0.8, no tied hit
ECB_RS15235	ECB_02883	WP_001298382.1	DNA-binding transcriptional regulator YqhC	b3010	NP_417483.2	yqhC	T2_near_identical_rbh	99.7	1.0	0.94	6.0	6.0		DIAMOND ultra-sensitive reciprocal best hit, identity >=90%, both coverages >=0.8, no tied hit
ECB_RS15265	ECB_02888	WP_000095154.1	YgiQ family radical SAM protein	b4469	YP_026196.1	ygiQ	T2_near_identical_rbh	99.7	1.0	1.0	6.0	6.0		DIAMOND ultra-sensitive reciprocal best hit, identity >=90%, both coverages >=0.8, no tied hit
ECB_RS15275	ECB_02890	WP_000965712.1	1-acylglycerol-3-phosphate O-acyltransferase	b3018	NP_417490.1	plsC	T2_near_identical_rbh	99.6	1.0	1.0	6.0	6.0		DIAMOND ultra-sensitive reciprocal best hit, identity >=90%, both coverages >=0.8, no tied hit
ECB_RS15280	ECB_02891	WP_001281877.1	DNA topoisomerase IV subunit A	b3019	NP_417491.1	parC	T2_near_identical_rbh	99.9	1.0	1.0	6.0	6.0		DIAMOND ultra-sensitive reciprocal best hit, identity >=90%, both coverages >=0.8, no tied hit
ECB_RS15310	ECB_02897	WP_001221493.1	quorum sensing response regulator transcription factor QseB	b3025	NP_417497.1	qseB	T2_near_identical_rbh	99.5	1.0	1.0	6.0	6.0		DIAMOND ultra-sensitive reciprocal best hit, identity >=90%, both coverages >=0.8, no tied hit
ECB_RS15325	ECB_02900	WP_000072420.1	NADPH:quinone oxidoreductase MdaB	b3028	NP_417500.1	mdaB	T2_near_identical_rbh	99.5	1.0	1.0	6.0	6.0		DIAMOND ultra-sensitive reciprocal best hit, identity >=90%, both coverages >=0.8, no tied hit
ECB_RS15345	ECB_02904	WP_000444752.1	3',5'-cyclic-AMP phosphodiesterase	b3032	NP_417504.1	cpdA	T2_near_identical_rbh	99.6	1.0	1.0	6.0	6.0		DIAMOND ultra-sensitive reciprocal best hit, identity >=90%, both coverages >=0.8, no tied hit
ECB_RS15380	ECB_02911	WP_001320780.1	4,5-DOPA dioxygenase extradiol	b3039	NP_417511.3	ygiD	T2_near_identical_rbh	100.0	1.0	0.967	6.0	6.0		DIAMOND ultra-sensitive reciprocal best hit, identity >=90%, both coverages >=0.8, no tied hit
ECB_RS15435	ECB_02921	WP_000341043.1	flotillin family protein	b3051	NP_417523.1	yqiK	T2_near_identical_rbh	98.7	1.0	1.0	5.0	5.0		DIAMOND ultra-sensitive reciprocal best hit, identity >=90%, both coverages >=0.8, no tied hit
ECB_RS15455	ECB_02923	WP_012767764.1	bifunctional [glutamate--ammonia ligase]-adenylyl-L-tyrosine phosphorylase/[glutamate--ammonia-ligase] adenylyltransferase	b3053	NP_417525.1	glnE	T2_near_identical_rbh	99.7	1.0	1.0	5.0	5.0		DIAMOND ultra-sensitive reciprocal best hit, identity >=90%, both coverages >=0.8, no tied hit
ECB_RS15510	ECB_02933	WP_000804967.1	L-tartrate/succinate antiporter	b3063	NP_417535.1	ttdT	T2_near_identical_rbh	99.8	1.0	1.0	6.0	6.0		DIAMOND ultra-sensitive reciprocal best hit, identity >=90%, both coverages >=0.8, no tied hit
ECB_RS15530	ECB_02937	WP_000437375.1	RNA polymerase sigma factor RpoD	b3067	NP_417539.1	rpoD	T2_near_identical_rbh	99.8	1.0	1.0	6.0	6.0		DIAMOND ultra-sensitive reciprocal best hit, identity >=90%, both coverages >=0.8, no tied hit
ECB_RS15545	ECB_02939	WP_001059839.1	NADPH-dependent ferric chelate reductase NfeF	b3070	NP_417541.1	nfeF	T2_near_identical_rbh	99.6	1.0	1.0	6.0	6.0		DIAMOND ultra-sensitive reciprocal best hit, identity >=90%, both coverages >=0.8, no tied hit
ECB_RS15575	ECB_02945	WP_001082928.1	beta-galactosidase subunit alpha	b3076	YP_026199.1	ebgA	T2_near_identical_rbh	99.8	1.0	1.0	6.0	6.0		DIAMOND ultra-sensitive reciprocal best hit, identity >=90%, both coverages >=0.8, no tied hit
ECB_RS15595	ECB_02949	WP_000695489.1	alpha-glucosidase	b3080	NP_417551.1	ygjK	T2_near_identical_rbh	99.7	1.0	1.0	6.0	6.0		DIAMOND ultra-sensitive reciprocal best hit, identity >=90%, both coverages >=0.8, no tied hit
ECB_RS15625	ECB_02954	WP_001300832.1	M48 metallopeptidase family protein	b3085	NP_417556.2	ygjP	T2_near_identical_rbh	99.4	1.0	1.0	6.0	6.0		DIAMOND ultra-sensitive reciprocal best hit, identity >=90%, both coverages >=0.8, no tied hit
ECB_RS15635	ECB_02956	WP_012775974.1	Gfo/Idh/MocA family protein	b3087	NP_417558.2	ygjR	T2_near_identical_rbh	99.7	1.0	1.0	6.0	6.0		DIAMOND ultra-sensitive reciprocal best hit, identity >=90%, both coverages >=0.8, no tied hit
ECB_RS15640	ECB_02957	WP_001098805.1	TerC family membrane protein Alx	b3088	YP_026201.1	alx	T2_near_identical_rbh	100.0	0.997	0.997	6.0	6.0		DIAMOND ultra-sensitive reciprocal best hit, identity >=90%, both coverages >=0.8, no tied hit
ECB_RS15645	ECB_02958	WP_000211656.1	serine/threonine transporter SstT	b3089	NP_417560.1	sstT	T2_near_identical_rbh	99.8	1.0	1.0	6.0	6.0		DIAMOND ultra-sensitive reciprocal best hit, identity >=90%, both coverages >=0.8, no tied hit
ECB_RS15650	ECB_02959	WP_000128136.1	YgjV family protein	b3090	NP_417561.1	ygjV	T2_near_identical_rbh	98.4	1.0	1.0	6.0	6.0		DIAMOND ultra-sensitive reciprocal best hit, identity >=90%, both coverages >=0.8, no tied hit
ECB_RS15655	ECB_02960	WP_001199352.1	altronate dehydratase	b3091	NP_417562.1	uxaA	T2_near_identical_rbh	99.4	1.0	1.0	6.0	6.0		DIAMOND ultra-sensitive reciprocal best hit, identity >=90%, both coverages >=0.8, no tied hit
ECB_RS15665	ECB_02962	WP_001226463.1	hexuronate transporter ExuT	b3093	NP_417564.2	exuT	T2_near_identical_rbh	99.8	1.0	1.0	6.0	6.0		DIAMOND ultra-sensitive reciprocal best hit, identity >=90%, both coverages >=0.8, no tied hit
ECB_RS15670	ECB_02963	WP_000406493.1	transcriptional regulator ExuR	b3094	NP_417565.2	exuR	T2_near_identical_rbh	99.6	1.0	1.0	6.0	6.0		DIAMOND ultra-sensitive reciprocal best hit, identity >=90%, both coverages >=0.8, no tied hit
ECB_RS15700	ECB_02969	WP_000096086.1	YqjK-like family protein	b3100	NP_417571.1	yqjK	T2_near_identical_rbh	99.0	1.0	1.0	6.0	6.0		DIAMOND ultra-sensitive reciprocal best hit, identity >=90%, both coverages >=0.8, no tied hit
ECB_RS15710	ECB_02971	WP_000531205.1	glutathionyl-hydroquinone reductase YqjG	b3102	NP_417573.1	yqjG	T2_near_identical_rbh	99.1	1.0	1.0	6.0	6.0		DIAMOND ultra-sensitive reciprocal best hit, identity >=90%, both coverages >=0.8, no tied hit
ECB_RS15725	ECB_02974	WP_001041010.1	DNA-binding transcriptional regulator YhaJ	b3105	NP_417576.1	yhaJ	T2_near_identical_rbh	99.7	1.0	1.0	6.0	6.0		DIAMOND ultra-sensitive reciprocal best hit, identity >=90%, both coverages >=0.8, no tied hit
ECB_RS15735	ECB_02976	WP_001426206.1	protein YhaL	b3107	NP_417578.2	yhaL	T2_near_identical_rbh	96.3	1.0	1.0	6.0	6.0		DIAMOND ultra-sensitive reciprocal best hit, identity >=90%, both coverages >=0.8, no tied hit
ECB_RS15740	ECB_02977	WP_000460514.1	cysteine desulfidase	b4470	YP_026202.1	cyuA	T2_near_identical_rbh	99.5	1.0	1.0	6.0	6.0		DIAMOND ultra-sensitive reciprocal best hit, identity >=90%, both coverages >=0.8, no tied hit
ECB_RS15805	ECB_02990	WP_001303675.1	2-hydroxy-3-oxopropionate reductase	b3125	NP_417594.3	garR	T2_near_identical_rbh	100.0	0.993	1.0	6.0	6.0		DIAMOND ultra-sensitive reciprocal best hit, identity >=90%, both coverages >=0.8, no tied hit
ECB_RS15820	ECB_02993	WP_001273763.1	galactarate dehydratase	b3128	NP_417597.1	garD	T2_near_identical_rbh	99.8	1.0	1.0	6.0	6.0		DIAMOND ultra-sensitive reciprocal best hit, identity >=90%, both coverages >=0.8, no tied hit
ECB_RS15825	ECB_02994	WP_001300560.1	type II toxin-antitoxin system antitoxin PrlF	b3129	NP_417598.1	prlF	T2_near_identical_rbh	97.3	1.0	1.0	6.0	6.0		DIAMOND ultra-sensitive reciprocal best hit, identity >=90%, both coverages >=0.8, no tied hit
ECB_RS15840	ECB_02997	WP_000681903.1	tagatose-bisphosphate aldolase subunit KbaZ	b3132	NP_417601.1	kbaZ	T2_near_identical_rbh	99.8	1.0	1.0	4.0	4.0		DIAMOND ultra-sensitive reciprocal best hit, identity >=90%, both coverages >=0.8, no tied hit
ECB_RS15845	ECB_02998	WP_001295547.1	PTS N-acetylgalactosamine transporter subunit IIB	b3133	NP_417602.4	agaV	T2_near_identical_rbh	99.4	1.0	1.0	3.0	3.0		DIAMOND ultra-sensitive reciprocal best hit, identity >=90%, both coverages >=0.8, no tied hit
ECB_RS15870	ECB_03003	WP_001114873.1	AgaS family sugar isomerase	b3136	NP_417605.1	agaS	T2_near_identical_rbh	99.5	1.0	1.0	3.0	3.0		DIAMOND ultra-sensitive reciprocal best hit, identity >=90%, both coverages >=0.8, no tied hit
ECB_RS15880	ECB_03005	WP_000098022.1	PTS galactosamine transporter subunit IIB	b3138	NP_417607.1	agaB	T2_near_identical_rbh	98.7	1.0	1.0	5.0	5.0		DIAMOND ultra-sensitive reciprocal best hit, identity >=90%, both coverages >=0.8, no tied hit
ECB_RS15890	ECB_03007	WP_000534351.1	PTS galactosamine transporter subunit IID	b3140	NP_417609.1	agaD	T2_near_identical_rbh	99.6	1.0	1.0	6.0	6.0		DIAMOND ultra-sensitive reciprocal best hit, identity >=90%, both coverages >=0.8, no tied hit
ECB_RS15895	ECB_03008	WP_001300536.1	galactosamine-6-phosphate isomerase	b3141	NP_417610.1	agaI	T2_near_identical_rbh	99.6	1.0	1.0	6.0	6.0		DIAMOND ultra-sensitive reciprocal best hit, identity >=90%, both coverages >=0.8, no tied hit
ECB_RS15900	ECB_03009	WP_001032614.1	fimbrial protein	b3142	NP_417611.1	yraH	T2_near_identical_rbh	95.4	1.0	1.0	6.0	6.0		DIAMOND ultra-sensitive reciprocal best hit, identity >=90%, both coverages >=0.8, no tied hit
ECB_RS15905	ECB_03010	WP_000044777.1	fimbrial biogenesis chaperone	b3143	NP_417612.1	yraI	T2_near_identical_rbh	99.1	1.0	1.0	6.0	6.0		DIAMOND ultra-sensitive reciprocal best hit, identity >=90%, both coverages >=0.8, no tied hit
ECB_RS15910	ECB_03011	WP_001136485.1	fimbria/pilus outer membrane usher protein	b3144	NP_417613.1	yraJ	T2_near_identical_rbh	99.6	1.0	1.0	6.0	6.0		DIAMOND ultra-sensitive reciprocal best hit, identity >=90%, both coverages >=0.8, no tied hit
ECB_RS15925	ECB_03014	WP_000249099.1	penicillin-binding protein activator LpoA	b3147	NP_417616.1	lpoA	T2_near_identical_rbh	99.9	1.0	1.0	6.0	6.0		DIAMOND ultra-sensitive reciprocal best hit, identity >=90%, both coverages >=0.8, no tied hit
ECB_RS15945	ECB_03018	WP_000147624.1	permease	b3151	NP_417620.1	yraQ	T2_near_identical_rbh	99.4	1.0	1.0	6.0	6.0		DIAMOND ultra-sensitive reciprocal best hit, identity >=90%, both coverages >=0.8, no tied hit
ECB_RS15950	ECB_03019	WP_001301320.1	NAD(P)H-binding protein	b3152	NP_417621.2	yraR	T2_near_identical_rbh	98.1	1.0	1.0	6.0	6.0		DIAMOND ultra-sensitive reciprocal best hit, identity >=90%, both coverages >=0.8, no tied hit
ECB_RS15965	ECB_03022	WP_000189314.1	DNA damage response exodeoxyribonuclease YhbQ	b3155	NP_417624.1	yhbQ	T2_near_identical_rbh	99.0	1.0	1.0	6.0	6.0		DIAMOND ultra-sensitive reciprocal best hit, identity >=90%, both coverages >=0.8, no tied hit
ECB_RS15980	ECB_03025	WP_000421305.1	ubiquinone anaerobic biosynthesis protein UbiU	b3158	NP_417627.1	ubiU	T2_near_identical_rbh	99.7	1.0	1.0	6.0	6.0		DIAMOND ultra-sensitive reciprocal best hit, identity >=90%, both coverages >=0.8, no tied hit
ECB_RS15990	ECB_03027	WP_000130385.1	luciferase-like monooxygenase	b3160	NP_417629.1	yhbW	T2_near_identical_rbh	99.7	1.0	1.0	6.0	6.0		DIAMOND ultra-sensitive reciprocal best hit, identity >=90%, both coverages >=0.8, no tied hit
ECB_RS16055	ECB_03038	WP_000207665.1	argininosuccinate synthase	b3172	NP_417640.1	argG	T2_near_identical_rbh	99.8	1.0	1.0	6.0	6.0		DIAMOND ultra-sensitive reciprocal best hit, identity >=90%, both coverages >=0.8, no tied hit
ECB_RS16060	ECB_03039	WP_001300540.1	phosphoethanolamine transferase	b3173	NP_417641.4	yhbX	T2_near_identical_rbh	99.8	1.0	1.0	6.0	6.0		DIAMOND ultra-sensitive reciprocal best hit, identity >=90%, both coverages >=0.8, no tied hit
ECB_RS16070	ECB_03040	WP_001297427.1	preprotein translocase subunit SecG	b3175	NP_417642.1	secG	T2_near_identical_rbh	99.1	1.0	1.0	6.0	6.0		DIAMOND ultra-sensitive reciprocal best hit, identity >=90%, both coverages >=0.8, no tied hit
ECB_RS16105	ECB_03047	WP_001212662.1	serine-type D-Ala-D-Ala carboxypeptidase	b3182	NP_417649.1	dacB	T2_near_identical_rbh	99.6	1.0	1.0	6.0	6.0		DIAMOND ultra-sensitive reciprocal best hit, identity >=90%, both coverages >=0.8, no tied hit
ECB_RS16110	ECB_03048	WP_000673561.1	Obg family GTPase CgtA	b3183	NP_417650.1	obgE	T2_near_identical_rbh	99.5	1.0	1.0	6.0	6.0		DIAMOND ultra-sensitive reciprocal best hit, identity >=90%, both coverages >=0.8, no tied hit
ECB_RS16175	ECB_03061	WP_000922900.1	calcium/sodium antiporter	b3196	NP_417663.1	yrbG	T2_near_identical_rbh	99.7	1.0	1.0	6.0	6.0		DIAMOND ultra-sensitive reciprocal best hit, identity >=90%, both coverages >=0.8, no tied hit
ECB_RS16185	ECB_03063	WP_000030016.1	3-deoxy-manno-octulosonate-8-phosphatase KdsC	b3198	NP_417665.1	kdsC	T2_near_identical_rbh	99.5	1.0	1.0	6.0	6.0		DIAMOND ultra-sensitive reciprocal best hit, identity >=90%, both coverages >=0.8, no tied hit
ECB_RS16190	ECB_03064	WP_000030530.1	LPS export ABC transporter periplasmic protein LptC	b3199	NP_417666.1	lptC	T2_near_identical_rbh	99.5	1.0	1.0	6.0	6.0		DIAMOND ultra-sensitive reciprocal best hit, identity >=90%, both coverages >=0.8, no tied hit
ECB_RS16195	ECB_03065	WP_000669774.1	lipopolysaccharide ABC transporter substrate-binding protein LptA	b3200	NP_417667.1	lptA	T2_near_identical_rbh	99.5	1.0	1.0	6.0	6.0		DIAMOND ultra-sensitive reciprocal best hit, identity >=90%, both coverages >=0.8, no tied hit
ECB_RS16205	ECB_03067	WP_000809051.1	RNA polymerase factor sigma-54	b3202	NP_417669.1	rpoN	T2_near_identical_rbh	99.6	1.0	1.0	6.0	6.0		DIAMOND ultra-sensitive reciprocal best hit, identity >=90%, both coverages >=0.8, no tied hit
ECB_RS16245	ECB_03075	WP_000809753.1	aerobic respiration two-component sensor histidine kinase ArcB	b3210	YP_026207.1	arcB	T2_near_identical_rbh	99.9	1.0	1.0	6.0	6.0		DIAMOND ultra-sensitive reciprocal best hit, identity >=90%, both coverages >=0.8, no tied hit
ECB_RS16255	ECB_03077	WP_001406033.1	glutamate synthase large subunit	b3212	NP_417679.2	gltB	T2_near_identical_rbh	99.9	1.0	1.0	4.0	5.0		DIAMOND ultra-sensitive reciprocal best hit, identity >=90%, both coverages >=0.8, no tied hit
ECB_RS16260	ECB_03078	WP_000081664.1	glutamate synthase subunit GltD	b3213	NP_417680.1	gltD	T2_near_identical_rbh	99.8	1.0	1.0	3.0	5.0		DIAMOND ultra-sensitive reciprocal best hit, identity >=90%, both coverages >=0.8, no tied hit
ECB_RS16275	ECB_03081	WP_000979881.1	N-acetylneuraminate anomerase	b3221	NP_417688.1	nanQ	T2_near_identical_rbh	97.4	1.0	1.0	3.0	5.0		DIAMOND ultra-sensitive reciprocal best hit, identity >=90%, both coverages >=0.8, no tied hit
ECB_RS16280	ECB_03082	WP_000209020.1	N-acetylmannosamine kinase	b3222	NP_417689.4	nanK	T2_near_identical_rbh	98.3	1.0	1.0	4.0	5.0		DIAMOND ultra-sensitive reciprocal best hit, identity >=90%, both coverages >=0.8, no tied hit
ECB_RS16285	ECB_03083	WP_001300570.1	N-acetylmannosamine-6-phosphate 2-epimerase	b3223	NP_417690.1	nanE	T2_near_identical_rbh	99.6	1.0	1.0	5.0	5.0		DIAMOND ultra-sensitive reciprocal best hit, identity >=90%, both coverages >=0.8, no tied hit
ECB_RS16290	ECB_03084	WP_000108459.1	sialic acid transporter NanT	b3224	NP_417691.4	nanT	T2_near_identical_rbh	99.8	1.0	1.0	6.0	6.0		DIAMOND ultra-sensitive reciprocal best hit, identity >=90%, both coverages >=0.8, no tied hit
ECB_RS16300	ECB_03086	WP_000523844.1	transcriptional regulator NanR	b3226	NP_417693.3	nanR	T2_near_identical_rbh	90.9	1.0	1.0	6.0	6.0		DIAMOND ultra-sensitive reciprocal best hit, identity >=90%, both coverages >=0.8, no tied hit
ECB_RS16330	ECB_03092	WP_001192312.1	cell division protein ZapE	b3232	NP_417699.1	zapE	T2_near_identical_rbh	98.4	1.0	1.0	6.0	6.0		DIAMOND ultra-sensitive reciprocal best hit, identity >=90%, both coverages >=0.8, no tied hit
ECB_RS16345	ECB_03095	WP_000497724.1	outer membrane-stress sensor serine endopeptidase DegS	b3235	NP_417702.1	degS	T2_near_identical_rbh	99.7	1.0	1.0	6.0	6.0		DIAMOND ultra-sensitive reciprocal best hit, identity >=90%, both coverages >=0.8, no tied hit
ECB_RS16355	ECB_03097	WP_001257842.1	transcriptional regulator ArgR	b3237	NP_417704.1	argR	T2_near_identical_rbh	99.4	1.0	1.0	6.0	6.0		DIAMOND ultra-sensitive reciprocal best hit, identity >=90%, both coverages >=0.8, no tied hit
ECB_RS16360	ECB_03098	WP_001295273.1	peroxide/acid stress response protein YhcN	b3238	NP_417705.2	yhcN	T2_near_identical_rbh	95.4	1.0	1.0	6.0	6.0		DIAMOND ultra-sensitive reciprocal best hit, identity >=90%, both coverages >=0.8, no tied hit
ECB_RS16365	ECB_03099	WP_001029005.1	barstar family protein	b3239	NP_417706.1	yhcO	T2_near_identical_rbh	98.9	1.0	1.0	6.0	6.0		DIAMOND ultra-sensitive reciprocal best hit, identity >=90%, both coverages >=0.8, no tied hit
ECB_RS16370	ECB_03100	WP_000510980.1	p-hydroxybenzoic acid efflux pump subunit AaeB	b3240	NP_417707.1	aaeB	T2_near_identical_rbh	99.2	1.0	1.0	6.0	6.0		DIAMOND ultra-sensitive reciprocal best hit, identity >=90%, both coverages >=0.8, no tied hit
ECB_RS16375	ECB_03101	WP_000854033.1	p-hydroxybenzoic acid efflux pump subunit AaeA	b3241	NP_417708.1	aaeA	T2_near_identical_rbh	99.7	1.0	1.0	6.0	6.0		DIAMOND ultra-sensitive reciprocal best hit, identity >=90%, both coverages >=0.8, no tied hit
ECB_RS16395	ECB_03105	WP_001253612.1	AsmA2 domain-containing protein YhdP	b4472	YP_026208.1	yhdP	T2_near_identical_rbh	98.9	1.0	1.0	6.0	6.0		DIAMOND ultra-sensitive reciprocal best hit, identity >=90%, both coverages >=0.8, no tied hit
ECB_RS16490	ECB_03120	WP_001258917.1	adenine-specific DNA-methyltransferase	b3262	NP_417728.4	yhdJ	T2_near_identical_rbh	98.0	1.0	1.0	6.0	6.0		DIAMOND ultra-sensitive reciprocal best hit, identity >=90%, both coverages >=0.8, no tied hit
ECB_RS16505	ECB_03123	WP_000160331.1	multidrug efflux RND transporter periplasmic adaptor subunit AcrE	b3265	NP_417731.1	acrE	T2_near_identical_rbh	99.7	1.0	1.0	5.0	5.0		DIAMOND ultra-sensitive reciprocal best hit, identity >=90%, both coverages >=0.8, no tied hit
ECB_RS16510	ECB_03124	WP_001273195.1	multidrug efflux RND transporter permease subunit AcrF	b3266	NP_417732.1	acrF	T2_near_identical_rbh	99.5	1.0	1.0	5.0	5.0		DIAMOND ultra-sensitive reciprocal best hit, identity >=90%, both coverages >=0.8, no tied hit
ECB_RS16530	ECB_03127	WP_000019664.1	amino acid ABC transporter permease	b3269	YP_026209.1	yhdX	T2_near_identical_rbh	99.7	1.0	1.0	5.0	5.0		DIAMOND ultra-sensitive reciprocal best hit, identity >=90%, both coverages >=0.8, no tied hit
ECB_RS16535	ECB_03128	WP_001301413.1	amino acid ABC transporter permease	b3270	NP_417736.2	yhdY	T2_near_identical_rbh	99.5	1.0	1.0	5.0	5.0		DIAMOND ultra-sensitive reciprocal best hit, identity >=90%, both coverages >=0.8, no tied hit
ECB_RS16580	ECB_03130	WP_001286158.1	gamma carbonic anhydrase family protein	b3279	NP_417738.4	yrdA	T2_near_identical_rbh	99.5	1.0	1.0	6.0	6.0		DIAMOND ultra-sensitive reciprocal best hit, identity >=90%, both coverages >=0.8, no tied hit
ECB_RS16630	ECB_03140	WP_000691385.1	Trk system potassium transporter TrkA	b3290	NP_417748.1	trkA	T2_near_identical_rbh	99.8	1.0	1.0	6.0	6.0		DIAMOND ultra-sensitive reciprocal best hit, identity >=90%, both coverages >=0.8, no tied hit
ECB_RS16690	ECB_03152	WP_001238917.1	50S ribosomal protein L15	b3301	NP_417760.1	rplO	T2_near_identical_rbh	99.3	1.0	1.0	6.0	6.0		DIAMOND ultra-sensitive reciprocal best hit, identity >=90%, both coverages >=0.8, no tied hit
ECB_RS16700	ECB_03154	WP_000940118.1	30S ribosomal protein S5	b3303	NP_417762.1	rpsE	T2_near_identical_rbh	98.8	1.0	1.0	6.0	6.0		DIAMOND ultra-sensitive reciprocal best hit, identity >=90%, both coverages >=0.8, no tied hit
ECB_RS16795	ECB_03173	WP_000461449.1	putative general secretion pathway protein GspB	b3322	NP_417781.1	gspB	T2_near_identical_rbh	99.3	1.0	1.0	6.0	6.0		DIAMOND ultra-sensitive reciprocal best hit, identity >=90%, both coverages >=0.8, no tied hit
ECB_RS16800	ECB_03174	WP_000107574.1	type II secretion system protein GspA	b3323	NP_417782.1	gspA	T2_near_identical_rbh	99.8	1.0	1.0	6.0	6.0		DIAMOND ultra-sensitive reciprocal best hit, identity >=90%, both coverages >=0.8, no tied hit
ECB_RS16810	ECB_03176	WP_015833306.1	type II secretion system secretin GspD	b3325	NP_417784.4	gspD	T2_near_identical_rbh	99.8	1.0	1.0	6.0	6.0		DIAMOND ultra-sensitive reciprocal best hit, identity >=90%, both coverages >=0.8, no tied hit
ECB_RS16815	ECB_03177	WP_001219889.1	type II secretion system ATPase GspE	b3326	NP_417785.1	gspE	T2_near_identical_rbh	99.8	1.0	1.0	6.0	6.0		DIAMOND ultra-sensitive reciprocal best hit, identity >=90%, both coverages >=0.8, no tied hit
ECB_RS16830	ECB_03180	WP_001076029.1	type II secretion system minor pseudopilin GspH	b3329	NP_417788.1	gspH	T2_near_identical_rbh	98.8	1.0	1.0	6.0	6.0		DIAMOND ultra-sensitive reciprocal best hit, identity >=90%, both coverages >=0.8, no tied hit
ECB_RS16845	ECB_03183	WP_001058521.1	type II secretion system minor pseudopilin GspK	b3332	NP_417791.1	gspK	T2_near_identical_rbh	99.1	1.0	1.0	6.0	6.0		DIAMOND ultra-sensitive reciprocal best hit, identity >=90%, both coverages >=0.8, no tied hit
ECB_RS16850	ECB_03184	WP_001115228.1	type II secretion system protein GspL	b3333	NP_417792.2	gspL	T2_near_identical_rbh	99.5	1.0	1.0	6.0	6.0		DIAMOND ultra-sensitive reciprocal best hit, identity >=90%, both coverages >=0.8, no tied hit
ECB_RS16860	ECB_03186	WP_000178163.1	prepilin peptidase GspO	b3335	NP_417794.1	gspO	T2_near_identical_rbh	99.1	1.0	1.0	6.0	6.0		DIAMOND ultra-sensitive reciprocal best hit, identity >=90%, both coverages >=0.8, no tied hit
ECB_RS16875	ECB_03189	WP_000773143.1	bifunctional chitinase/lysozyme	b3338	NP_417797.1	chiA	T2_near_identical_rbh	99.3	1.0	1.0	6.0	6.0		DIAMOND ultra-sensitive reciprocal best hit, identity >=90%, both coverages >=0.8, no tied hit
ECB_RS16890	ECB_03192	WP_001138043.1	30S ribosomal protein S7	b3341	NP_417800.1	rpsG	T2_near_identical_rbh	100.0	1.0	0.872	6.0	6.0		DIAMOND ultra-sensitive reciprocal best hit, identity >=90%, both coverages >=0.8, no tied hit
ECB_RS16895	ECB_03193	WP_001376535.1	30S ribosomal protein S12	b3342	NP_417801.1	rpsL	T2_near_identical_rbh	99.2	1.0	1.0	6.0	6.0		DIAMOND ultra-sensitive reciprocal best hit, identity >=90%, both coverages >=0.8, no tied hit
ECB_RS16900	ECB_03194	WP_000903377.1	sulfurtransferase complex subunit TusB	b3343	NP_417802.1	tusB	T2_near_identical_rbh	97.9	1.0	1.0	6.0	6.0		DIAMOND ultra-sensitive reciprocal best hit, identity >=90%, both coverages >=0.8, no tied hit
ECB_RS16905	ECB_03195	WP_000820720.1	sulfurtransferase complex subunit TusC	b3344	NP_417803.1	tusC	T2_near_identical_rbh	99.2	1.0	1.0	6.0	6.0		DIAMOND ultra-sensitive reciprocal best hit, identity >=90%, both coverages >=0.8, no tied hit
ECB_RS16910	ECB_03196	WP_001209710.1	sulfurtransferase complex subunit TusD	b3345	NP_417804.1	tusD	T2_near_identical_rbh	96.1	1.0	1.0	6.0	6.0		DIAMOND ultra-sensitive reciprocal best hit, identity >=90%, both coverages >=0.8, no tied hit
ECB_RS16920	ECB_03198	WP_000838261.1	FKBP-type peptidyl-prolyl cis-trans isomerase	b3347	NP_417806.1	fkpA	T2_near_identical_rbh	99.6	1.0	1.0	6.0	6.0		DIAMOND ultra-sensitive reciprocal best hit, identity >=90%, both coverages >=0.8, no tied hit
ECB_RS16940	ECB_03201	WP_000399122.1	glutathione-regulated potassium-efflux system protein KefB	b3350	NP_417809.1	kefB	T2_near_identical_rbh	99.8	1.0	1.0	6.0	6.0		DIAMOND ultra-sensitive reciprocal best hit, identity >=90%, both coverages >=0.8, no tied hit
ECB_RS16945	ECB_03202	WP_001297514.1	glutathione-regulated potassium-efflux system ancillary protein KefG	b3351	NP_417810.1	kefG	T2_near_identical_rbh	100.0	1.0	0.995	6.0	6.0		DIAMOND ultra-sensitive reciprocal best hit, identity >=90%, both coverages >=0.8, no tied hit
ECB_RS16985	ECB_03209	WP_012775971.1	YccS/YhfK family putative transporter	b3358	NP_417817.2	yhfK	T2_near_identical_rbh	99.9	1.0	0.994	6.0	6.0		DIAMOND ultra-sensitive reciprocal best hit, identity >=90%, both coverages >=0.8, no tied hit
ECB_RS17000	ECB_03212	WP_000502522.1	putative adenosine monophosphate-protein transferase Fic	b3361	NP_417820.1	fic	T2_near_identical_rbh	99.0	1.0	1.0	6.0	6.0		DIAMOND ultra-sensitive reciprocal best hit, identity >=90%, both coverages >=0.8, no tied hit
ECB_RS17005	ECB_03213	WP_000736861.1	YhfG family protein	b3362	NP_417821.1	yhfG	T2_near_identical_rbh	96.4	1.0	1.0	6.0	6.0		DIAMOND ultra-sensitive reciprocal best hit, identity >=90%, both coverages >=0.8, no tied hit
ECB_RS17010	ECB_03214	WP_000477227.1	peptidylprolyl isomerase A	b3363	NP_417822.1	ppiA	T2_near_identical_rbh	99.5	1.0	1.0	6.0	6.0		DIAMOND ultra-sensitive reciprocal best hit, identity >=90%, both coverages >=0.8, no tied hit
ECB_RS17015	ECB_03215	WP_000185257.1	MFS transporter TsgA	b3364	NP_417823.1	tsgA	T2_near_identical_rbh	99.2	1.0	1.0	6.0	6.0		DIAMOND ultra-sensitive reciprocal best hit, identity >=90%, both coverages >=0.8, no tied hit
ECB_RS17085	ECB_03229	WP_000366852.1	YhfT family protein	b3377	NP_417836.1	yhfT	T2_near_identical_rbh	99.5	1.0	1.0	5.0	5.0		DIAMOND ultra-sensitive reciprocal best hit, identity >=90%, both coverages >=0.8, no tied hit
ECB_RS17100	ECB_03232	WP_000090611.1	phosphopentomutase	b3380	NP_417839.1	yhfW	T2_near_identical_rbh	99.8	1.0	1.0	6.0	6.0		DIAMOND ultra-sensitive reciprocal best hit, identity >=90%, both coverages >=0.8, no tied hit
ECB_RS17105	ECB_03233	WP_000497346.1	YhfX family PLP-dependent enzyme	b3381	NP_417840.1	yhfX	T2_near_identical_rbh	97.2	1.0	1.0	6.0	6.0		DIAMOND ultra-sensitive reciprocal best hit, identity >=90%, both coverages >=0.8, no tied hit
ECB_RS17140	ECB_03240	WP_000343193.1	cell division protein DamX	b3388	NP_417847.1	damX	T2_near_identical_rbh	95.3	1.0	1.0	6.0	6.0		DIAMOND ultra-sensitive reciprocal best hit, identity >=90%, both coverages >=0.8, no tied hit
ECB_RS17145	ECB_03241	WP_000439846.1	3-dehydroquinate synthase	b3389	NP_417848.1	aroB	T2_near_identical_rbh	99.7	1.0	1.0	6.0	6.0		DIAMOND ultra-sensitive reciprocal best hit, identity >=90%, both coverages >=0.8, no tied hit
ECB_RS17155	ECB_03243	WP_000815968.1	DNA uptake porin HofQ	b3391	NP_417850.1	hofQ	T2_near_identical_rbh	99.8	1.0	1.0	6.0	6.0		DIAMOND ultra-sensitive reciprocal best hit, identity >=90%, both coverages >=0.8, no tied hit
ECB_RS17160	ECB_03244	WP_001300917.1	DNA utilization protein HofP	b3392	NP_417851.4	hofP	T2_near_identical_rbh	98.5	1.0	1.0	6.0	6.0		DIAMOND ultra-sensitive reciprocal best hit, identity >=90%, both coverages >=0.8, no tied hit
ECB_RS17165	ECB_03245	WP_001055763.1	DNA utilization protein HofO	b3393	NP_417852.1	hofO	T2_near_identical_rbh	97.9	1.0	1.0	6.0	6.0		DIAMOND ultra-sensitive reciprocal best hit, identity >=90%, both coverages >=0.8, no tied hit
ECB_RS17175	ECB_03247	WP_001297394.1	DNA utilization protein HofM	b3395	NP_417854.4	hofM	T2_near_identical_rbh	99.2	1.0	1.0	6.0	6.0		DIAMOND ultra-sensitive reciprocal best hit, identity >=90%, both coverages >=0.8, no tied hit
ECB_RS17180	ECB_03248	WP_000673804.1	peptidoglycan glycosyltransferase/peptidoglycan DD-transpeptidase MrcA	b3396	NP_417855.4	mrcA	T2_near_identical_rbh	99.9	1.0	1.0	6.0	6.0		DIAMOND ultra-sensitive reciprocal best hit, identity >=90%, both coverages >=0.8, no tied hit
ECB_RS17190	ECB_03250	WP_000104525.1	intracellular growth attenuator protein IgaA	b3398	NP_417857.1	igaA	T2_near_identical_rbh	99.7	1.0	1.0	6.0	6.0		DIAMOND ultra-sensitive reciprocal best hit, identity >=90%, both coverages >=0.8, no tied hit
ECB_RS17195	ECB_03251	WP_001300440.1	GMP/IMP nucleotidase	b3399	NP_417858.4	yrfG	T2_near_identical_rbh	99.5	1.0	1.0	6.0	6.0		DIAMOND ultra-sensitive reciprocal best hit, identity >=90%, both coverages >=0.8, no tied hit
ECB_RS17200	ECB_03252	WP_000660476.1	ribosome-associated heat shock protein Hsp15	b3400	NP_417859.1	hslR	T2_near_identical_rbh	99.2	1.0	1.0	6.0	6.0		DIAMOND ultra-sensitive reciprocal best hit, identity >=90%, both coverages >=0.8, no tied hit
ECB_RS17210	ECB_03254	WP_000370881.1	DUF4153 domain-containing protein	b3402	NP_417861.1	yhgE	T2_near_identical_rbh	99.8	1.0	1.0	6.0	6.0		DIAMOND ultra-sensitive reciprocal best hit, identity >=90%, both coverages >=0.8, no tied hit
ECB_RS17225	ECB_03256	WP_001253686.1	two-component system sensor histidine kinase EnvZ	b3404	NP_417863.1	envZ	T2_near_identical_rbh	99.8	1.0	1.0	6.0	6.0		DIAMOND ultra-sensitive reciprocal best hit, identity >=90%, both coverages >=0.8, no tied hit
ECB_RS17230	ECB_03257	WP_001157757.1	osmolarity response regulator transcription factor OmpR	b3405	NP_417864.1	ompR	T2_near_identical_rbh	99.2	1.0	1.0	6.0	6.0		DIAMOND ultra-sensitive reciprocal best hit, identity >=90%, both coverages >=0.8, no tied hit
ECB_RS17235	ECB_03258	WP_000856731.1	transcription elongation factor GreB	b3406	YP_026216.2	greB	T2_near_identical_rbh	99.4	1.0	1.0	6.0	6.0		DIAMOND ultra-sensitive reciprocal best hit, identity >=90%, both coverages >=0.8, no tied hit
ECB_RS17240	ECB_03259	WP_000980709.1	Tex family protein	b3407	NP_417866.4	yhgF	T2_near_identical_rbh	99.7	1.0	1.0	6.0	6.0		DIAMOND ultra-sensitive reciprocal best hit, identity >=90%, both coverages >=0.8, no tied hit
ECB_RS17250	ECB_03261	WP_000737007.1	Fe(2+) transporter permease subunit FeoB	b3409	NP_417868.1	feoB	T2_near_identical_rbh	99.9	1.0	1.0	6.0	6.0		DIAMOND ultra-sensitive reciprocal best hit, identity >=90%, both coverages >=0.8, no tied hit
ECB_RS17255	ECB_03262	WP_001295699.1	[Fe-S]-dependent transcriptional repressor FeoC	b3410	NP_417869.1	feoC	T2_near_identical_rbh	98.7	1.0	1.0	6.0	6.0		DIAMOND ultra-sensitive reciprocal best hit, identity >=90%, both coverages >=0.8, no tied hit
ECB_RS17260	ECB_03263	WP_000039090.1	recombination-promoting nuclease RpnA	b3411	NP_417870.1	rpnA	T2_near_identical_rbh	99.0	1.0	1.0	6.0	6.0		DIAMOND ultra-sensitive reciprocal best hit, identity >=90%, both coverages >=0.8, no tied hit
ECB_RS17265	ECB_03264	WP_001060071.1	pimeloyl-ACP methyl ester esterase BioH	b3412	NP_417871.1	bioH	T2_near_identical_rbh	99.6	1.0	1.0	6.0	6.0		DIAMOND ultra-sensitive reciprocal best hit, identity >=90%, both coverages >=0.8, no tied hit
ECB_RS17270	ECB_03265	WP_001297265.1	DNA utilization protein GntX	b3413	NP_417872.2	yhgH	T2_near_identical_rbh	98.7	1.0	1.0	6.0	6.0		DIAMOND ultra-sensitive reciprocal best hit, identity >=90%, both coverages >=0.8, no tied hit
ECB_RS17285	ECB_03268	WP_000444361.1	4-alpha-glucanotransferase	b3416	NP_417875.1	malQ	T2_near_identical_rbh	99.1	1.0	1.0	6.0	6.0		DIAMOND ultra-sensitive reciprocal best hit, identity >=90%, both coverages >=0.8, no tied hit
ECB_RS17290	ECB_03269	WP_000081903.1	maltodextrin phosphorylase	b3417	YP_026218.1	malP	T2_near_identical_rbh	99.9	1.0	1.0	6.0	6.0		DIAMOND ultra-sensitive reciprocal best hit, identity >=90%, both coverages >=0.8, no tied hit
ECB_RS17295	ECB_03270	WP_000906954.1	HTH-type transcriptional regulator MalT	b3418	NP_417877.1	malT	T2_near_identical_rbh	99.7	1.0	1.0	6.0	6.0		DIAMOND ultra-sensitive reciprocal best hit, identity >=90%, both coverages >=0.8, no tied hit
ECB_RS17300	ECB_03271	WP_001300557.1	RNA 3'-terminal phosphate cyclase	b4475	YP_026219.1	rtcA	T2_near_identical_rbh	98.8	1.0	1.0	5.0	5.0		DIAMOND ultra-sensitive reciprocal best hit, identity >=90%, both coverages >=0.8, no tied hit
ECB_RS17305	ECB_03272	WP_001105478.1	RNA-splicing ligase RtcB	b3421	NP_417879.1	rtcB	T2_near_identical_rbh	99.3	1.0	1.0	5.0	5.0		DIAMOND ultra-sensitive reciprocal best hit, identity >=90%, both coverages >=0.8, no tied hit
ECB_RS17310	ECB_03273	WP_001232881.1	DNA-binding transcriptional regulator RtcR	b3422	NP_417880.1	rtcR	T2_near_identical_rbh	99.1	1.0	1.0	5.0	5.0		DIAMOND ultra-sensitive reciprocal best hit, identity >=90%, both coverages >=0.8, no tied hit
ECB_RS17330	ECB_03277	WP_000448135.1	glycerol-3-phosphate dehydrogenase	b3426	NP_417884.1	glpD	T2_near_identical_rbh	99.8	1.0	1.0	3.0	3.0		DIAMOND ultra-sensitive reciprocal best hit, identity >=90%, both coverages >=0.8, no tied hit
ECB_RS17345		WP_122987105.1	PstS family phosphate ABC transporter substrate-binding protein	b3427	YP_009518819.1	yzgL	excluded_weak_rbh	95.9	0.145	0.785	4.0	4.0		reciprocal best hit failing T2 and T3 thresholds; not a transfer route
ECB_RS17365	ECB_03283	WP_000192533.1	glycogen debranching protein GlgX	b3431	NP_417889.1	glgX	T2_near_identical_rbh	99.5	1.0	1.0	6.0	6.0		DIAMOND ultra-sensitive reciprocal best hit, identity >=90%, both coverages >=0.8, no tied hit
ECB_RS17375	ECB_03285	WP_000799969.1	aspartate-semialdehyde dehydrogenase	b3433	NP_417891.1	asd	T2_near_identical_rbh	99.7	1.0	1.0	6.0	6.0		DIAMOND ultra-sensitive reciprocal best hit, identity >=90%, both coverages >=0.8, no tied hit
ECB_RS17395	ECB_03289	WP_000730249.1	gluconate operon transcriptional repressor GntR	b3438	YP_026222.1	gntR	T2_near_identical_rbh	99.7	1.0	1.0	6.0	6.0		DIAMOND ultra-sensitive reciprocal best hit, identity >=90%, both coverages >=0.8, no tied hit
ECB_RS17415	ECB_03293	WP_000065921.1	Hcp1 family type VI secretion system effector	b3442	NP_417899.1	yhhZ	T2_near_identical_rbh	99.0	1.0	1.0	5.0	5.0		DIAMOND ultra-sensitive reciprocal best hit, identity >=90%, both coverages >=0.8, no tied hit
ECB_RS17430	ECB_03296	WP_000595071.1	gamma-glutamyltransferase	b3447	NP_417904.1	ggt	T2_near_identical_rbh	99.7	1.0	1.0	5.0	5.0		DIAMOND ultra-sensitive reciprocal best hit, identity >=90%, both coverages >=0.8, no tied hit
ECB_RS17440	ECB_03298	WP_000073599.1	glycerophosphodiester phosphodiesterase	b3449	NP_417906.1	ugpQ	T2_near_identical_rbh	97.6	1.0	1.0	6.0	6.0		DIAMOND ultra-sensitive reciprocal best hit, identity >=90%, both coverages >=0.8, no tied hit
ECB_RS17450	ECB_03300	WP_000572176.1	sn-glycerol-3-phosphate ABC transporter permease UgpE	b3451	NP_417908.1	ugpE	T2_near_identical_rbh	99.6	1.0	1.0	6.0	6.0		DIAMOND ultra-sensitive reciprocal best hit, identity >=90%, both coverages >=0.8, no tied hit
ECB_RS17470	ECB_03303	WP_000416895.1	high-affinity branched-chain amino acid ABC transporter ATP-binding protein LivF	b3454	NP_417911.4	livF	T2_near_identical_rbh	99.6	1.0	1.0	6.0	6.0		DIAMOND ultra-sensitive reciprocal best hit, identity >=90%, both coverages >=0.8, no tied hit
ECB_RS17480	ECB_03305	WP_000803797.1	branched chain amino acid ABC transporter permease LivM	b3456	NP_417913.1	livM	T2_near_identical_rbh	99.5	1.0	1.0	6.0	6.0		DIAMOND ultra-sensitive reciprocal best hit, identity >=90%, both coverages >=0.8, no tied hit
ECB_RS17490	ECB_03307	WP_001300935.1	high-affinity branched-chain amino acid ABC transporter substrate-binding protein LivK	b3458	NP_417915.1	livK	T2_near_identical_rbh	99.5	1.0	1.0	6.0	6.0		DIAMOND ultra-sensitive reciprocal best hit, identity >=90%, both coverages >=0.8, no tied hit
ECB_RS17495	ECB_03308	WP_000778795.1	aspartate 1-decarboxylase autocleavage activator PanM	b3459	NP_417916.1	panZ	T2_near_identical_rbh	99.2	0.992	0.992	6.0	6.0		DIAMOND ultra-sensitive reciprocal best hit, identity >=90%, both coverages >=0.8, no tied hit
ECB_RS17505	ECB_03309	WP_001022007.1	branched chain amino acid ABC transporter substrate-binding protein LivJ	b3460	YP_026223.1	livJ	T2_near_identical_rbh	99.7	1.0	1.0	6.0	6.0		DIAMOND ultra-sensitive reciprocal best hit, identity >=90%, both coverages >=0.8, no tied hit
ECB_RS17520	ECB_03312	WP_000617726.1	cell division ATP-binding protein FtsE	b3463	NP_417920.1	ftsE	T2_near_identical_rbh	99.5	1.0	1.0	6.0	6.0		DIAMOND ultra-sensitive reciprocal best hit, identity >=90%, both coverages >=0.8, no tied hit
ECB_RS17525	ECB_03313	WP_001040664.1	signal recognition particle-docking protein FtsY	b3464	NP_417921.1	ftsY	T2_near_identical_rbh	93.6	1.0	1.002	6.0	6.0		DIAMOND ultra-sensitive reciprocal best hit, identity >=90%, both coverages >=0.8, no tied hit
ECB_RS17530	ECB_03314	WP_000743204.1	16S rRNA (guanine(966)-N(2))-methyltransferase	b3465	NP_417922.1	rsmD	T2_near_identical_rbh	99.0	1.0	1.0	6.0	6.0		DIAMOND ultra-sensitive reciprocal best hit, identity >=90%, both coverages >=0.8, no tied hit
ECB_RS17535	ECB_03315	WP_001295207.1	DUF1145 family protein	b3466	NP_417923.1	yhhL	T2_near_identical_rbh	98.9	1.0	1.0	6.0	6.0		DIAMOND ultra-sensitive reciprocal best hit, identity >=90%, both coverages >=0.8, no tied hit
ECB_RS17540	ECB_03316	WP_000042886.1	DUF2500 domain-containing protein	b3467	NP_417924.1	yhhM	T2_near_identical_rbh	98.3	1.0	1.0	6.0	6.0		DIAMOND ultra-sensitive reciprocal best hit, identity >=90%, both coverages >=0.8, no tied hit
ECB_RS17550	ECB_03318	WP_000106517.1	Zn(II)/Cd(II)/Pb(II) translocating P-type ATPase ZntA	b3469	NP_417926.1	zntA	T2_near_identical_rbh	98.5	1.0	1.0	6.0	6.0		DIAMOND ultra-sensitive reciprocal best hit, identity >=90%, both coverages >=0.8, no tied hit
ECB_RS17580	ECB_03324	WP_000285773.1	4'-phosphopantetheinyl transferase AcpT	b3475	NP_417932.1	acpT	T2_near_identical_rbh	99.5	1.0	1.0	6.0	6.0		DIAMOND ultra-sensitive reciprocal best hit, identity >=90%, both coverages >=0.8, no tied hit
ECB_RS17585	ECB_03325	WP_000953348.1	nickel ABC transporter substrate-binding protein	b3476	NP_417933.1	nikA	T2_near_identical_rbh	99.6	1.0	1.0	6.0	6.0		DIAMOND ultra-sensitive reciprocal best hit, identity >=90%, both coverages >=0.8, no tied hit
ECB_RS17600	ECB_03328	WP_001136236.1	nickel import ATP-binding protein NikD	b3479	NP_417936.1	nikD	T2_near_identical_rbh	99.6	1.0	1.0	6.0	6.0		DIAMOND ultra-sensitive reciprocal best hit, identity >=90%, both coverages >=0.8, no tied hit
ECB_RS17605	ECB_03329	WP_000173665.1	nickel import ATP-binding protein NikE	b3480	NP_417937.1	nikE	T2_near_identical_rbh	97.8	1.0	1.0	6.0	6.0		DIAMOND ultra-sensitive reciprocal best hit, identity >=90%, both coverages >=0.8, no tied hit
ECB_RS17615	ECB_03331	WP_000015099.1	rhs element protein RhsB	b3482	YP_026224.1	rhsB	T2_near_identical_rbh	98.4	1.0	1.0	6.0	6.0		DIAMOND ultra-sensitive reciprocal best hit, identity >=90%, both coverages >=0.8, no tied hit
ECB_RS17620	ECB_03332	WP_001271690.1	protein YhhH	b3483	NP_417940.2	yhhH	T2_near_identical_rbh	99.2	1.0	1.0	6.0	6.0		DIAMOND ultra-sensitive reciprocal best hit, identity >=90%, both coverages >=0.8, no tied hit
ECB_RS17645	ECB_03337	WP_000361491.1	HlyD family secretion protein	b3487	NP_417944.1	yhiI	T2_near_identical_rbh	99.7	1.0	1.0	5.0	5.0		DIAMOND ultra-sensitive reciprocal best hit, identity >=90%, both coverages >=0.8, no tied hit
ECB_RS17650	ECB_03338	WP_001329173.1	DUF4049 domain-containing protein	b3488	NP_417945.1	yhiJ	T2_near_identical_rbh	99.4	1.0	1.0	5.0	5.0		DIAMOND ultra-sensitive reciprocal best hit, identity >=90%, both coverages >=0.8, no tied hit
ECB_RS17675	ECB_03341	WP_000439197.1	NAD(P)/FAD-dependent oxidoreductase	b3492	NP_417949.1	yhiN	T2_near_identical_rbh	99.8	1.0	1.0	5.0	5.0		DIAMOND ultra-sensitive reciprocal best hit, identity >=90%, both coverages >=0.8, no tied hit
ECB_RS17695	ECB_03345	WP_001098647.1	dipeptide/tripeptide permease DtpB	b3496	NP_417953.1	dtpB	T2_near_identical_rbh	99.8	1.0	1.0	6.0	6.0		DIAMOND ultra-sensitive reciprocal best hit, identity >=90%, both coverages >=0.8, no tied hit
ECB_RS17705	ECB_03347	WP_001295214.1	oligopeptidase A	b3498	NP_417955.1	prlC	T2_near_identical_rbh	99.9	1.0	1.0	6.0	6.0		DIAMOND ultra-sensitive reciprocal best hit, identity >=90%, both coverages >=0.8, no tied hit
ECB_RS17710	ECB_03348	WP_000954225.1	23S rRNA (adenine(2030)-N(6))-methyltransferase	b3499	NP_417956.1	rlmJ	T2_near_identical_rbh	99.3	1.0	1.0	6.0	6.0		DIAMOND ultra-sensitive reciprocal best hit, identity >=90%, both coverages >=0.8, no tied hit
ECB_RS17715	ECB_03349	WP_000160808.1	glutathione-disulfide reductase	b3500	NP_417957.1	gor	T2_near_identical_rbh	99.8	1.0	1.0	6.0	6.0		DIAMOND ultra-sensitive reciprocal best hit, identity >=90%, both coverages >=0.8, no tied hit
ECB_RS17750	ECB_03354	WP_001057453.1	outer membrane lipoprotein Slp	b3506	NP_417963.4	slp	T2_near_identical_rbh	99.5	1.0	1.0	5.0	5.0		DIAMOND ultra-sensitive reciprocal best hit, identity >=90%, both coverages >=0.8, no tied hit
ECB_RS17790	ECB_03361	WP_001340474.1	multidrug transporter subunit MdtE	b3513	NP_417970.1	mdtE	T2_near_identical_rbh	100.0	1.0	0.958	5.0	5.0		DIAMOND ultra-sensitive reciprocal best hit, identity >=90%, both coverages >=0.8, no tied hit
ECB_RS17820	ECB_03367	WP_000934218.1	alpha,alpha-trehalase	b3519	NP_417976.1	treF	T2_near_identical_rbh	99.8	1.0	1.0	6.0	6.0		DIAMOND ultra-sensitive reciprocal best hit, identity >=90%, both coverages >=0.8, no tied hit
ECB_RS17830	ECB_03369	WP_001343446.1	LysR family transcriptional regulator	b3521	NP_417978.2	rcdB	T2_near_identical_rbh	99.7	1.0	1.0	6.0	6.0		DIAMOND ultra-sensitive reciprocal best hit, identity >=90%, both coverages >=0.8, no tied hit
ECB_RS17840	ECB_03371	WP_001149018.1	MFS transporter	b3523	NP_417980.1	yhjE	T2_near_identical_rbh	99.5	1.0	1.0	6.0	6.0		DIAMOND ultra-sensitive reciprocal best hit, identity >=90%, both coverages >=0.8, no tied hit
ECB_RS17845	ECB_03372	WP_024182060.1	AsmA family protein	b3524	NP_417981.2	yhjG	T2_near_identical_rbh	99.9	1.0	1.0	6.0	6.0		DIAMOND ultra-sensitive reciprocal best hit, identity >=90%, both coverages >=0.8, no tied hit
ECB_RS17860	ECB_03374	WP_001300928.1	2-dehydro-3-deoxygluconokinase	b3526	NP_417983.2	kdgK	T2_near_identical_rbh	99.4	1.0	1.0	6.0	6.0		DIAMOND ultra-sensitive reciprocal best hit, identity >=90%, both coverages >=0.8, no tied hit
ECB_RS17870	ECB_03376	WP_000858210.1	C4-dicarboxylate transporter DctC	b3528	NP_417985.1	dctA	T2_near_identical_rbh	99.8	1.0	1.0	6.0	6.0		DIAMOND ultra-sensitive reciprocal best hit, identity >=90%, both coverages >=0.8, no tied hit
ECB_RS17880	ECB_03378	WP_001225168.1	cellulose synthase complex outer membrane protein BcsC	b3530	YP_026226.4	bcsC	T2_near_identical_rbh	99.7	1.0	1.0	6.0	6.0		DIAMOND ultra-sensitive reciprocal best hit, identity >=90%, both coverages >=0.8, no tied hit
ECB_RS17885	ECB_03379	WP_001295222.1	cellulose synthase complex periplasmic endoglucanase BcsZ	b3531	NP_417988.1	bcsZ	T2_near_identical_rbh	99.7	1.0	1.0	5.0	5.0		DIAMOND ultra-sensitive reciprocal best hit, identity >=90%, both coverages >=0.8, no tied hit
ECB_RS17890	ECB_03380	WP_001324588.1	cellulose biosynthesis cyclic di-GMP-binding regulatory protein BcsB	b3532	NP_417989.1	bcsB	T2_near_identical_rbh	99.5	1.0	1.0	5.0	5.0		DIAMOND ultra-sensitive reciprocal best hit, identity >=90%, both coverages >=0.8, no tied hit
ECB_RS17995	ECB_03397	WP_000189015.1	L-lactate MFS transporter	b3547	NP_418003.1	yhjX	T2_near_identical_rbh	99.5	1.0	1.0	5.0	5.0		DIAMOND ultra-sensitive reciprocal best hit, identity >=90%, both coverages >=0.8, no tied hit
ECB_RS18000	ECB_03398	WP_000584472.1	autotransporter outer membrane beta-barrel domain-containing protein	b3548	NP_418004.4	yhjY	T2_near_identical_rbh	99.1	1.0	1.0	6.0	6.0		DIAMOND ultra-sensitive reciprocal best hit, identity >=90%, both coverages >=0.8, no tied hit
ECB_RS18005	ECB_03399	WP_000438944.1	DNA-3-methyladenine glycosylase I	b3549	NP_418005.1	tag	T2_near_identical_rbh	98.4	1.0	1.0	6.0	6.0		DIAMOND ultra-sensitive reciprocal best hit, identity >=90%, both coverages >=0.8, no tied hit
ECB_RS18010	ECB_03400	WP_000617485.1	N-acetyltransferase	b3550	NP_418006.1	yiaC	T2_near_identical_rbh	97.9	1.0	1.0	6.0	6.0		DIAMOND ultra-sensitive reciprocal best hit, identity >=90%, both coverages >=0.8, no tied hit
ECB_RS18015	ECB_03401	WP_000013961.1	biotin sulfoxide reductase	b3551	NP_418007.3	bisC	T2_near_identical_rbh	98.6	1.0	1.0	6.0	6.0		DIAMOND ultra-sensitive reciprocal best hit, identity >=90%, both coverages >=0.8, no tied hit
ECB_RS18020	ECB_03402	WP_000747636.1	OmpA family lipoprotein	b3552	YP_026228.1	yiaD	T2_near_identical_rbh	95.9	1.0	1.0	6.0	6.0		DIAMOND ultra-sensitive reciprocal best hit, identity >=90%, both coverages >=0.8, no tied hit
ECB_RS18025	ECB_03403	WP_000805027.1	glyoxylate/hydroxypyruvate reductase GhrB	b3553	NP_418009.2	ghrB	T2_near_identical_rbh	99.7	1.0	1.0	6.0	6.0		DIAMOND ultra-sensitive reciprocal best hit, identity >=90%, both coverages >=0.8, no tied hit
ECB_RS18065	ECB_03411	WP_001168544.1	glycine--tRNA ligase subunit alpha	b3560	NP_418017.1	glyQ	T2_near_identical_rbh	99.7	1.0	1.0	5.0	5.0		DIAMOND ultra-sensitive reciprocal best hit, identity >=90%, both coverages >=0.8, no tied hit
ECB_RS18070	ECB_03412	WP_000980109.1	YsaB family lipoprotein	b4553	YP_588469.1	ysaB	T2_near_identical_rbh	96.0	1.0	1.0	5.0	5.0		DIAMOND ultra-sensitive reciprocal best hit, identity >=90%, both coverages >=0.8, no tied hit
ECB_RS18075	ECB_03413	WP_001182642.1	O-acetyltransferase WecH	b3561	NP_418018.1	wecH	T2_near_identical_rbh	98.2	1.0	1.0	6.0	6.0		DIAMOND ultra-sensitive reciprocal best hit, identity >=90%, both coverages >=0.8, no tied hit
ECB_RS18090	ECB_03416	WP_000275381.1	xylulokinase	b3564	NP_418021.1	xylB	T2_near_identical_rbh	99.8	1.0	1.0	6.0	6.0		DIAMOND ultra-sensitive reciprocal best hit, identity >=90%, both coverages >=0.8, no tied hit
ECB_RS18095	ECB_03417	WP_001149592.1	xylose isomerase	b3565	NP_418022.1	xylA	T2_near_identical_rbh	99.8	1.0	1.0	6.0	6.0		DIAMOND ultra-sensitive reciprocal best hit, identity >=90%, both coverages >=0.8, no tied hit
ECB_RS18100	ECB_03418	WP_001300957.1	D-xylose ABC transporter substrate-binding protein	b3566	NP_418023.1	xylF	T2_near_identical_rbh	99.7	1.0	1.0	6.0	6.0		DIAMOND ultra-sensitive reciprocal best hit, identity >=90%, both coverages >=0.8, no tied hit
ECB_RS18110	ECB_03420	WP_000047004.1	xylose ABC transporter permease XylH	b3568	NP_418025.1	xylH	T2_near_identical_rbh	99.5	1.0	1.0	6.0	6.0		DIAMOND ultra-sensitive reciprocal best hit, identity >=90%, both coverages >=0.8, no tied hit
ECB_RS18115	ECB_03421	WP_000494473.1	D-xylose utilization transcriptional activator XylR	b3569	NP_418026.1	xylR	T2_near_identical_rbh	99.7	1.0	1.0	6.0	6.0		DIAMOND ultra-sensitive reciprocal best hit, identity >=90%, both coverages >=0.8, no tied hit
ECB_RS18125	ECB_03423	WP_000761227.1	alpha-amylase	b3571	NP_418028.1	malS	T2_near_identical_rbh	99.7	1.0	1.0	6.0	6.0		DIAMOND ultra-sensitive reciprocal best hit, identity >=90%, both coverages >=0.8, no tied hit
ECB_RS18130	ECB_03424	WP_000144361.1	valine--pyruvate transaminase	b3572	YP_026231.1	avtA	T2_near_identical_rbh	99.8	1.0	1.0	6.0	6.0		DIAMOND ultra-sensitive reciprocal best hit, identity >=90%, both coverages >=0.8, no tied hit
ECB_RS18145	ECB_03426	WP_000514242.1	IclR family transcriptional regulator YiaJ	b3574	NP_418031.1	plaR	T2_near_identical_rbh	99.6	1.0	1.0	6.0	6.0		DIAMOND ultra-sensitive reciprocal best hit, identity >=90%, both coverages >=0.8, no tied hit
ECB_RS18155	ECB_03428	WP_000576077.1	YhcH/YjgK/YiaL family protein	b3576	NP_418033.1	yiaL	T2_near_identical_rbh	99.4	1.0	1.0	6.0	6.0		DIAMOND ultra-sensitive reciprocal best hit, identity >=90%, both coverages >=0.8, no tied hit
ECB_RS18180	ECB_03433	WP_000089487.1	3-keto-L-gulonate-6-phosphate decarboxylase UlaD	b3581	NP_418038.1	sgbH	T2_near_identical_rbh	99.1	1.0	1.0	5.0	5.0		DIAMOND ultra-sensitive reciprocal best hit, identity >=90%, both coverages >=0.8, no tied hit
ECB_RS18185	ECB_03434	WP_001296811.1	L-ribulose-5-phosphate 3-epimerase	b3582	NP_418039.2	sgbU	T2_near_identical_rbh	98.3	1.0	1.0	4.0	4.0		DIAMOND ultra-sensitive reciprocal best hit, identity >=90%, both coverages >=0.8, no tied hit
ECB_RS18190	ECB_03435	WP_000893118.1	L-ribulose-5-phosphate 4-epimerase	b3583	NP_418040.1	sgbE	T2_near_identical_rbh	99.1	1.0	1.0	3.0	3.0		DIAMOND ultra-sensitive reciprocal best hit, identity >=90%, both coverages >=0.8, no tied hit
ECB_RS18210	ECB_03439	WP_000906810.1	MipA/OmpV family protein	b3584	NP_418041.1	yiaT	T2_near_identical_rbh	98.8	1.0	1.0	3.0	3.0		DIAMOND ultra-sensitive reciprocal best hit, identity >=90%, both coverages >=0.8, no tied hit
ECB_RS18220	ECB_03441	WP_000364895.1	HlyD family secretion protein	b3586	NP_418043.1	yiaV	T2_near_identical_rbh	99.7	1.0	1.0	4.0	4.0		DIAMOND ultra-sensitive reciprocal best hit, identity >=90%, both coverages >=0.8, no tied hit
ECB_RS18235	ECB_03443	WP_001300944.1	aldehyde dehydrogenase AldB	b3588	NP_418045.4	aldB	T2_near_identical_rbh	99.8	1.0	1.0	5.0	5.0		DIAMOND ultra-sensitive reciprocal best hit, identity >=90%, both coverages >=0.8, no tied hit
ECB_RS18240	ECB_03444	WP_000168700.1	L-threonine dehydrogenase	b3589	YP_026233.1	yiaY	T2_near_identical_rbh	99.7	1.0	1.0	5.0	5.0		DIAMOND ultra-sensitive reciprocal best hit, identity >=90%, both coverages >=0.8, no tied hit
ECB_RS18245	ECB_03445	WP_000582441.1	selenocysteine-specific translation elongation factor	b3590	NP_418047.1	selB	T2_near_identical_rbh	99.3	1.0	1.0	5.0	5.0		DIAMOND ultra-sensitive reciprocal best hit, identity >=90%, both coverages >=0.8, no tied hit
ECB_RS18260	ECB_03448	WP_000015392.1	RHS element core protein	b3593	NP_418050.1	rhsA	T2_near_identical_rbh	98.9	1.0	1.0	6.0	6.0		DIAMOND ultra-sensitive reciprocal best hit, identity >=90%, both coverages >=0.8, no tied hit
ECB_RS18275	ECB_03451	WP_000642489.1	sel1 repeat family protein	b3596	NP_418053.1	yibG	T2_near_identical_rbh	96.7	1.0	1.0	6.0	6.0		DIAMOND ultra-sensitive reciprocal best hit, identity >=90%, both coverages >=0.8, no tied hit
ECB_RS18300	ECB_03455	WP_000645420.1	mannitol-1-phosphate 5-dehydrogenase	b3600	NP_418057.1	mtlD	T2_near_identical_rbh	99.7	1.0	1.0	6.0	6.0		DIAMOND ultra-sensitive reciprocal best hit, identity >=90%, both coverages >=0.8, no tied hit
ECB_RS18315	ECB_03458	WP_000665676.1	YibL family ribosome-associated protein	b3602	NP_418059.1	yibL	T2_near_identical_rbh	99.2	1.0	1.0	4.0	4.0		DIAMOND ultra-sensitive reciprocal best hit, identity >=90%, both coverages >=0.8, no tied hit
ECB_RS18330	ECB_03461	WP_001297977.1	L-lactate permease	b3603	NP_418060.1	lldP	T2_near_identical_rbh	99.8	1.0	1.0	4.0	4.0		DIAMOND ultra-sensitive reciprocal best hit, identity >=90%, both coverages >=0.8, no tied hit
ECB_RS18345	ECB_03464	WP_000932344.1	tRNA (uridine(34)/cytosine(34)/5-carboxymethylaminomethyluridine(34)-2'-O)-methyltransferase TrmL	b3606	NP_418063.1	trmL	T2_near_identical_rbh	98.7	1.0	1.0	6.0	6.0		DIAMOND ultra-sensitive reciprocal best hit, identity >=90%, both coverages >=0.8, no tied hit
ECB_RS18375	ECB_03470	WP_000116565.1	2,3-bisphosphoglycerate-independent phosphoglycerate mutase	b3612	NP_418069.1	gpmM	T2_near_identical_rbh	99.6	1.0	1.0	6.0	6.0		DIAMOND ultra-sensitive reciprocal best hit, identity >=90%, both coverages >=0.8, no tied hit
ECB_RS18380	ECB_03471	WP_000196249.1	murein hydrolase activator EnvC	b3613	NP_418070.6	envC	T2_near_identical_rbh	99.8	1.0	1.0	6.0	6.0		DIAMOND ultra-sensitive reciprocal best hit, identity >=90%, both coverages >=0.8, no tied hit
ECB_RS18385	ECB_03472	WP_000483856.1	divergent polysaccharide deacetylase family protein	b3614	NP_418071.4	yibQ	T2_near_identical_rbh	99.7	1.0	1.0	6.0	6.0		DIAMOND ultra-sensitive reciprocal best hit, identity >=90%, both coverages >=0.8, no tied hit
ECB_RS18395	ECB_03474	WP_000646014.1	L-threonine 3-dehydrogenase	b3616	NP_418073.1	tdh	T2_near_identical_rbh	99.7	1.0	1.0	6.0	6.0		DIAMOND ultra-sensitive reciprocal best hit, identity >=90%, both coverages >=0.8, no tied hit
ECB_RS18400	ECB_03475	WP_001213837.1	glycine C-acetyltransferase	b3617	NP_418074.1	kbl	T2_near_identical_rbh	99.7	1.0	1.0	6.0	6.0		DIAMOND ultra-sensitive reciprocal best hit, identity >=90%, both coverages >=0.8, no tied hit
ECB_RS18410	ECB_03477	WP_000699242.1	ADP-heptose--LPS heptosyltransferase RfaF	b3620	NP_418077.1	waaF	T2_near_identical_rbh	99.1	0.997	0.997	5.0	5.0		DIAMOND ultra-sensitive reciprocal best hit, identity >=90%, both coverages >=0.8, no tied hit
ECB_RS18415	ECB_03478	WP_001264601.1	lipopolysaccharide heptosyltransferase RfaC	b3621	NP_418078.1	waaC	T2_near_identical_rbh	96.5	0.957	0.978	4.0	5.0		DIAMOND ultra-sensitive reciprocal best hit, identity >=90%, both coverages >=0.8, no tied hit
ECB_RS18420	ECB_03479	WP_001318782.1	O-antigen ligase family protein	b3622	NP_418079.1	waaL	excluded_weak_rbh	30.4	0.947	0.943	5.0	5.0		reciprocal best hit failing T2 and T3 thresholds; not a transfer route
ECB_RS18430	ECB_03481	WP_000364777.1	UDP-galactose--(galactosyl) LPS alpha1,2-galactosyltransferase	b3626	NP_418083.1	waaJ	excluded_weak_rbh	38.1	0.938	0.947	3.0	4.0		reciprocal best hit failing T2 and T3 thresholds; not a transfer route
ECB_RS18435	ECB_03482	WP_000633084.1	lipopolysaccharide core heptose(II) kinase RfaY	b3625	NP_418082.1	waaY	T3_divergent_syntenic_rbh	52.4	0.996	0.987	4.0	4.0		reciprocal best hit below T2 thresholds (identity >=50%, coverage >=0.6) with >=1 conserved neighbour within +/-3 loci
ECB_RS18455	ECB_03486	WP_001272734.1	lipopolysaccharide 3-alpha-galactosyltransferase	b3627	NP_418084.1	waaO	T3_divergent_syntenic_rbh	50.6	1.0	0.997	5.0	5.0		reciprocal best hit below T2 thresholds (identity >=50%, coverage >=0.6) with >=1 conserved neighbour within +/-3 loci
ECB_RS18460	ECB_03487	WP_001300933.1	lipopolysaccharide core heptose(I) kinase RfaP	b3630	NP_418087.1	waaP	T3_divergent_syntenic_rbh	84.2	1.0	1.0	5.0	5.0		reciprocal best hit below T2 thresholds (identity >=50%, coverage >=0.6) with >=1 conserved neighbour within +/-3 loci
ECB_RS18465	ECB_03488	WP_000634238.1	glycosyltransferase family 4 protein	b3631	NP_418088.1	waaG	T2_near_identical_rbh	90.1	1.0	1.0	5.0	5.0		DIAMOND ultra-sensitive reciprocal best hit, identity >=90%, both coverages >=0.8, no tied hit
ECB_RS18470	ECB_03489	WP_000360401.1	lipopolysaccharide core heptosyltransferase RfaQ	b3632	NP_418089.1	waaQ	T3_divergent_syntenic_rbh	73.2	0.943	0.965	6.0	6.0		reciprocal best hit below T2 thresholds (identity >=50%, coverage >=0.6) with >=1 conserved neighbour within +/-3 loci
ECB_RS18475	ECB_03490	WP_000891574.1	lipid IV(A) 3-deoxy-D-manno-octulosonic acid transferase	b3633	NP_418090.1	waaA	T2_near_identical_rbh	99.8	1.0	1.0	6.0	6.0		DIAMOND ultra-sensitive reciprocal best hit, identity >=90%, both coverages >=0.8, no tied hit
ECB_RS18500	ECB_03495	WP_001321683.1	RadC family protein	b3638	NP_418095.4	yicR	T2_near_identical_rbh	98.6	1.0	1.0	6.0	6.0		DIAMOND ultra-sensitive reciprocal best hit, identity >=90%, both coverages >=0.8, no tied hit
ECB_RS18510	ECB_03497	WP_000976070.1	dUTP diphosphatase	b3640	NP_418097.2	dut	T2_near_identical_rbh	99.3	1.0	1.0	6.0	6.0		DIAMOND ultra-sensitive reciprocal best hit, identity >=90%, both coverages >=0.8, no tied hit
ECB_RS18525	ECB_03500	WP_001247089.1	ribonuclease PH	b3643	YP_009518822.1	rph	T2_near_identical_rbh	98.7	0.937	0.978	6.0	6.0		DIAMOND ultra-sensitive reciprocal best hit, identity >=90%, both coverages >=0.8, no tied hit
ECB_RS18530	ECB_03501	WP_000621336.1	YicC/YloC family endoribonuclease	b3644	NP_418101.1	yicC	T2_near_identical_rbh	99.7	1.0	1.0	6.0	6.0		DIAMOND ultra-sensitive reciprocal best hit, identity >=90%, both coverages >=0.8, no tied hit
ECB_RS18535	ECB_03502	WP_001300958.1	DNA damage-inducible protein D	b3645	NP_418102.2	dinD	T3_divergent_syntenic_rbh	84.3	1.0	1.0	6.0	6.0		reciprocal best hit below T2 thresholds (identity >=50%, coverage >=0.6) with >=1 conserved neighbour within +/-3 loci
ECB_RS18545	ECB_03504	WP_000870047.1	NAD-dependent DNA ligase LigB	b3647	NP_418104.2	ligB	T2_near_identical_rbh	99.8	1.0	1.0	6.0	6.0		DIAMOND ultra-sensitive reciprocal best hit, identity >=90%, both coverages >=0.8, no tied hit
ECB_RS18560	ECB_03507	WP_000280494.1	bifunctional GTP diphosphokinase/guanosine-3',5'-bis pyrophosphate 3'-pyrophosphohydrolase	b3650	NP_418107.1	spoT	T2_near_identical_rbh	99.9	1.0	1.0	5.0	5.0		DIAMOND ultra-sensitive reciprocal best hit, identity >=90%, both coverages >=0.8, no tied hit
ECB_RS18595	ECB_03514	WP_000702882.1	alpha-xylosidase	b3656	NP_418113.1	yicI	T2_near_identical_rbh	99.9	1.0	1.0	4.0	5.0		DIAMOND ultra-sensitive reciprocal best hit, identity >=90%, both coverages >=0.8, no tied hit
ECB_RS18600	ECB_03515	WP_000834411.1	glycoside-pentoside-hexuronide family transporter	b3657	NP_418114.4	yicJ	T2_near_identical_rbh	99.8	1.0	1.0	3.0	4.0		DIAMOND ultra-sensitive reciprocal best hit, identity >=90%, both coverages >=0.8, no tied hit
ECB_RS18610	ECB_03516	WP_001218910.1	tyrosine-type recombinase/integrase	b2349	NP_416850.1	intS	excluded_weak_rbh	48.7	0.98	1.003	0.0	3.0		reciprocal best hit failing T2 and T3 thresholds; not a transfer route
ECB_RS18695	ECB_03538	WP_000761714.1	DUF5983 family protein	b2006	YP_009518797.1	yeeW	excluded_weak_rbh	72.7	0.34	0.859	0.0	1.0		reciprocal best hit failing T2 and T3 thresholds; not a transfer route
ECB_RS18715	ECB_03542	WP_001172876.1	sugar efflux transporter	b3659	NP_418115.1	setC	T2_near_identical_rbh	99.7	1.0	1.0	3.0	4.0		DIAMOND ultra-sensitive reciprocal best hit, identity >=90%, both coverages >=0.8, no tied hit
ECB_RS18720	ECB_03543	WP_000535960.1	carboxylate/amino acid/amine transporter	b3660	NP_418116.1	yicL	T2_near_identical_rbh	99.7	1.0	1.0	4.0	4.0		DIAMOND ultra-sensitive reciprocal best hit, identity >=90%, both coverages >=0.8, no tied hit
ECB_RS18725	ECB_03544	WP_000779417.1	lipoprotein NlpA	b3661	NP_418117.1	nlpA	T2_near_identical_rbh	99.6	1.0	1.0	5.0	5.0		DIAMOND ultra-sensitive reciprocal best hit, identity >=90%, both coverages >=0.8, no tied hit
ECB_RS18740	ECB_03546	WP_001401341.1	purine ribonucleoside efflux pump NepI	b3662	NP_418118.2	nepI	T2_near_identical_rbh	99.7	1.0	1.0	6.0	6.0		DIAMOND ultra-sensitive reciprocal best hit, identity >=90%, both coverages >=0.8, no tied hit
ECB_RS18745	ECB_03547	WP_001300927.1	DUF1198 domain-containing protein	b3663	NP_418119.2	yicN	T2_near_identical_rbh	99.3	1.0	1.0	6.0	6.0		DIAMOND ultra-sensitive reciprocal best hit, identity >=90%, both coverages >=0.8, no tied hit
ECB_RS18750	ECB_03548	WP_012767770.1	adenine permease AdeQ	b3664	NP_418120.2	adeQ	T2_near_identical_rbh	99.5	1.0	1.0	6.0	6.0		DIAMOND ultra-sensitive reciprocal best hit, identity >=90%, both coverages >=0.8, no tied hit
ECB_RS18815	ECB_03558	WP_000148063.1	radical SAM protein	b3674	NP_418130.1	yidF	T2_near_identical_rbh	99.4	1.0	1.0	5.0	5.0		DIAMOND ultra-sensitive reciprocal best hit, identity >=90%, both coverages >=0.8, no tied hit
ECB_RS18825	ECB_03560	WP_001027452.1	YidH family protein	b3676	NP_418132.1	yidH	T2_near_identical_rbh	99.1	1.0	1.0	6.0	6.0		DIAMOND ultra-sensitive reciprocal best hit, identity >=90%, both coverages >=0.8, no tied hit
ECB_RS18845	ECB_03564	WP_024182061.1	helix-turn-helix transcriptional regulator	b3680	NP_418136.2	yidL	T2_near_identical_rbh	99.7	1.0	1.0	5.0	5.0		DIAMOND ultra-sensitive reciprocal best hit, identity >=90%, both coverages >=0.8, no tied hit
ECB_RS18855	ECB_03566	WP_000952133.1	PTS sugar transporter subunit IIB	b3683	YP_009518825.1	glvC	T3_divergent_syntenic_rbh	99.2	0.684	1.0	5.0	5.0		reciprocal best hit below T2 thresholds (identity >=50%, coverage >=0.6) with >=1 conserved neighbour within +/-3 loci
ECB_RS18865	ECB_03568	WP_001279763.1	putative transporter	b3685	NP_418140.4	yidE	T2_near_identical_rbh	99.8	1.0	1.0	5.0	5.0		DIAMOND ultra-sensitive reciprocal best hit, identity >=90%, both coverages >=0.8, no tied hit
ECB_RS18890	ECB_03572	WP_001295245.1	DUF3748 domain-containing protein	b3689	NP_418144.3	yidR	T2_near_identical_rbh	98.8	1.0	0.973	6.0	6.0		DIAMOND ultra-sensitive reciprocal best hit, identity >=90%, both coverages >=0.8, no tied hit
ECB_RS18895	ECB_03573	WP_001298958.1	colicin M resistance lipid reductase CbrA	b3690	NP_418145.2	cbrA	T2_near_identical_rbh	98.6	1.0	1.0	6.0	6.0		DIAMOND ultra-sensitive reciprocal best hit, identity >=90%, both coverages >=0.8, no tied hit
ECB_RS18900	ECB_03574	WP_000253454.1	MFS transporter	b3691	NP_418146.4	dgoT	T2_near_identical_rbh	99.8	0.966	1.0	6.0	6.0		DIAMOND ultra-sensitive reciprocal best hit, identity >=90%, both coverages >=0.8, no tied hit
ECB_RS18915	ECB_03577	WP_000127107.1	2-dehydro-3-deoxygalactonokinase	b3693	NP_418148.1	dgoK	T2_near_identical_rbh	99.0	1.0	1.0	6.0	6.0		DIAMOND ultra-sensitive reciprocal best hit, identity >=90%, both coverages >=0.8, no tied hit
ECB_RS18925	ECB_03579	WP_000772941.1	protein YidX	b3696	YP_026240.1	yidX	T2_near_identical_rbh	99.5	1.0	1.0	6.0	6.0		DIAMOND ultra-sensitive reciprocal best hit, identity >=90%, both coverages >=0.8, no tied hit
ECB_RS18980	ECB_03589	WP_000378266.1	membrane protein insertase YidC	b3705	NP_418161.1	yidC	T2_near_identical_rbh	99.6	1.0	1.0	6.0	6.0		DIAMOND ultra-sensitive reciprocal best hit, identity >=90%, both coverages >=0.8, no tied hit
ECB_RS18985	ECB_03590	WP_001282347.1	tRNA uridine-5-carboxymethylaminomethyl(34) synthesis GTPase MnmE	b3706	NP_418162.1	mnmE	T2_near_identical_rbh	99.8	1.0	1.0	6.0	6.0		DIAMOND ultra-sensitive reciprocal best hit, identity >=90%, both coverages >=0.8, no tied hit
ECB_RS19000	ECB_03593	WP_000131911.1	low affinity tryptophan permease TnaB	b3709	NP_418165.1	tnaB	T2_near_identical_rbh	99.5	1.0	1.0	6.0	6.0		DIAMOND ultra-sensitive reciprocal best hit, identity >=90%, both coverages >=0.8, no tied hit
ECB_RS19005	ECB_03594	WP_000085987.1	multidrug efflux MFS transporter MdtL	b3710	NP_418166.1	mdtL	T2_near_identical_rbh	99.7	1.0	1.0	6.0	6.0		DIAMOND ultra-sensitive reciprocal best hit, identity >=90%, both coverages >=0.8, no tied hit
ECB_RS19010	ECB_03595	WP_000748502.1	HTH-type transcriptional regulator YidZ	b3711	NP_418167.1	yidZ	T2_near_identical_rbh	99.1	1.0	1.0	6.0	6.0		DIAMOND ultra-sensitive reciprocal best hit, identity >=90%, both coverages >=0.8, no tied hit
ECB_RS19015	ECB_03596	WP_000190670.1	4'-phosphopantetheinyl transferase family protein	b3712	NP_418168.2	yieE	T2_near_identical_rbh	98.8	1.0	1.0	6.0	6.0		DIAMOND ultra-sensitive reciprocal best hit, identity >=90%, both coverages >=0.8, no tied hit
ECB_RS19025	ECB_03598	WP_000082693.1	adenine permease AdeP	b3714	NP_418170.1	adeP	T2_near_identical_rbh	99.6	1.0	1.0	6.0	6.0		DIAMOND ultra-sensitive reciprocal best hit, identity >=90%, both coverages >=0.8, no tied hit
ECB_RS19030	ECB_03599	WP_000078043.1	6-phosphogluconate phosphatase	b3715	NP_418171.1	yieH	T2_near_identical_rbh	99.5	1.0	1.0	6.0	6.0		DIAMOND ultra-sensitive reciprocal best hit, identity >=90%, both coverages >=0.8, no tied hit
ECB_RS19035	ECB_03600	WP_000116772.1	protein CbrB	b3716	NP_418172.1	cbrB	T2_near_identical_rbh	96.2	1.0	1.013	6.0	6.0		DIAMOND ultra-sensitive reciprocal best hit, identity >=90%, both coverages >=0.8, no tied hit
ECB_RS19040	ECB_03601	WP_000193070.1	PF03691 family colicin E2 tolerance protein CbrC	b3717	NP_418173.1	cbrC	T2_near_identical_rbh	99.0	1.0	1.0	6.0	6.0		DIAMOND ultra-sensitive reciprocal best hit, identity >=90%, both coverages >=0.8, no tied hit
ECB_RS19050	ECB_03603	WP_001300948.1	esterase	b3719	NP_418175.3	yieL	T2_near_identical_rbh	99.2	1.0	1.0	6.0	6.0		DIAMOND ultra-sensitive reciprocal best hit, identity >=90%, both coverages >=0.8, no tied hit
ECB_RS19055	ECB_03604	WP_000489868.1	carbohydrate-specific porin BglH	b3720	NP_418176.1	bglH	T2_near_identical_rbh	99.6	1.0	1.0	6.0	6.0		DIAMOND ultra-sensitive reciprocal best hit, identity >=90%, both coverages >=0.8, no tied hit
ECB_RS19060	ECB_03605	WP_000643219.1	6-phospho-beta-glucosidase BglB	b3721	NP_418177.1	bglB	T2_near_identical_rbh	98.9	1.0	0.987	6.0	6.0		DIAMOND ultra-sensitive reciprocal best hit, identity >=90%, both coverages >=0.8, no tied hit
ECB_RS19065	ECB_03606	WP_000137310.1	PTS beta-glucoside transporter subunit IIABC	b3722	NP_418178.1	bglF	T2_near_identical_rbh	99.2	1.0	1.0	6.0	6.0		DIAMOND ultra-sensitive reciprocal best hit, identity >=90%, both coverages >=0.8, no tied hit
ECB_RS19070	ECB_03607	WP_001300932.1	transcriptional antiterminator BglG	b3723	NP_418179.1	bglG	T2_near_identical_rbh	99.3	1.0	1.0	6.0	6.0		DIAMOND ultra-sensitive reciprocal best hit, identity >=90%, both coverages >=0.8, no tied hit
ECB_RS19085	ECB_03610	WP_001251978.1	phosphate ABC transporter permease PstA	b3726	NP_418182.1	pstA	T2_near_identical_rbh	99.3	1.0	1.0	6.0	6.0		DIAMOND ultra-sensitive reciprocal best hit, identity >=90%, both coverages >=0.8, no tied hit
ECB_RS19160	ECB_03625	WP_000499751.1	tRNA uridine-5-carboxymethylaminomethyl(34) synthesis enzyme MnmG	b3741	NP_418197.1	mnmG	T2_near_identical_rbh	99.8	1.0	1.0	6.0	6.0		DIAMOND ultra-sensitive reciprocal best hit, identity >=90%, both coverages >=0.8, no tied hit
ECB_RS19165	ECB_03626	WP_000763729.1	FMN-binding protein MioC	b3742	NP_418198.1	mioC	T2_near_identical_rbh	97.3	1.0	1.0	6.0	6.0		DIAMOND ultra-sensitive reciprocal best hit, identity >=90%, both coverages >=0.8, no tied hit
ECB_RS19175	ECB_03628	WP_000845101.1	aspartate--ammonia ligase	b3744	NP_418200.1	asnA	T2_near_identical_rbh	99.1	1.0	1.0	6.0	6.0		DIAMOND ultra-sensitive reciprocal best hit, identity >=90%, both coverages >=0.8, no tied hit
ECB_RS19180	ECB_03629	WP_000956615.1	ATPase RavA stimulator ViaA	b3745	YP_026243.1	viaA	T2_near_identical_rbh	99.8	1.0	1.0	5.0	5.0		DIAMOND ultra-sensitive reciprocal best hit, identity >=90%, both coverages >=0.8, no tied hit
ECB_RS19185	ECB_03630	WP_001300947.1	ATPase RavA	b3746	NP_418202.4	ravA	T2_near_identical_rbh	99.6	1.0	1.0	5.0	5.0		DIAMOND ultra-sensitive reciprocal best hit, identity >=90%, both coverages >=0.8, no tied hit
ECB_RS19205	ECB_03634	WP_000715936.1	D-ribose pyranase	b3748	NP_418204.2	rbsD	T2_near_identical_rbh	99.3	1.0	1.0	5.0	5.0		DIAMOND ultra-sensitive reciprocal best hit, identity >=90%, both coverages >=0.8, no tied hit
ECB_RS19210	ECB_03635	WP_000387752.1	ribose ABC transporter ATP-binding protein RbsA	b3749	NP_418205.1	rbsA	T2_near_identical_rbh	99.8	1.0	1.0	5.0	5.0		DIAMOND ultra-sensitive reciprocal best hit, identity >=90%, both coverages >=0.8, no tied hit
ECB_RS19220	ECB_03637	WP_001056273.1	ribose ABC transporter substrate-binding protein RbsB	b3751	NP_418207.1	rbsB	T2_near_identical_rbh	99.7	1.0	1.0	6.0	6.0		DIAMOND ultra-sensitive reciprocal best hit, identity >=90%, both coverages >=0.8, no tied hit
ECB_RS19225	ECB_03638	WP_012767772.1	ribokinase	b3752	NP_418208.1	rbsK	T2_near_identical_rbh	99.4	1.0	1.0	6.0	6.0		DIAMOND ultra-sensitive reciprocal best hit, identity >=90%, both coverages >=0.8, no tied hit
ECB_RS19230	ECB_03639	WP_000224456.1	ribose operon transcriptional repressor RbsR	b3753	NP_418209.1	rbsR	T2_near_identical_rbh	99.7	1.0	1.0	6.0	6.0		DIAMOND ultra-sensitive reciprocal best hit, identity >=90%, both coverages >=0.8, no tied hit
ECB_RS19305	ECB_03648	WP_000208515.1	branched-chain-amino-acid transaminase	b3770	YP_026247.1	ilvE	T2_near_identical_rbh	99.7	1.0	1.0	5.0	5.0		DIAMOND ultra-sensitive reciprocal best hit, identity >=90%, both coverages >=0.8, no tied hit
ECB_RS19310	ECB_03649	WP_001127419.1	dihydroxy-acid dehydratase	b3771	YP_026248.1	ilvD	T2_near_identical_rbh	99.5	1.0	1.0	5.0	5.0		DIAMOND ultra-sensitive reciprocal best hit, identity >=90%, both coverages >=0.8, no tied hit
ECB_RS19315	ECB_03650	WP_001338652.1	threonine ammonia-lyase, biosynthetic	b3772	NP_418220.1	ilvA	T2_near_identical_rbh	99.8	1.0	1.0	6.0	6.0		DIAMOND ultra-sensitive reciprocal best hit, identity >=90%, both coverages >=0.8, no tied hit
ECB_RS19340	ECB_03656	WP_001238890.1	DNA helicase Rep	b3778	YP_026251.1	rep	T2_near_identical_rbh	99.7	1.0	1.0	6.0	6.0		DIAMOND ultra-sensitive reciprocal best hit, identity >=90%, both coverages >=0.8, no tied hit
ECB_RS19345	ECB_03657	WP_000535976.1	guanosine-5'-triphosphate,3'-diphosphate diphosphatase	b3779	YP_026252.1	gpp	T2_near_identical_rbh	99.4	1.0	1.0	6.0	6.0		DIAMOND ultra-sensitive reciprocal best hit, identity >=90%, both coverages >=0.8, no tied hit
ECB_RS19365	ECB_03661	WP_012767773.1	transcription termination factor Rho	b3783	NP_418230.1	rho	T2_near_identical_rbh	99.8	1.0	1.0	6.0	6.0		DIAMOND ultra-sensitive reciprocal best hit, identity >=90%, both coverages >=0.8, no tied hit
ECB_RS19385	ECB_03664	WP_000866670.1	non-hydrolyzing UDP-N-acetylglucosamine 2-epimerase	b3786	YP_026253.1	wecB	T2_near_identical_rbh	99.7	1.0	1.0	6.0	6.0		DIAMOND ultra-sensitive reciprocal best hit, identity >=90%, both coverages >=0.8, no tied hit
ECB_RS19395	ECB_03666	WP_001226602.1	dTDP-glucose 4,6-dehydratase	b3788	YP_026255.1	rffG	T2_near_identical_rbh	99.4	1.0	1.0	6.0	6.0		DIAMOND ultra-sensitive reciprocal best hit, identity >=90%, both coverages >=0.8, no tied hit
ECB_RS19415	ECB_03670	WP_000050260.1	lipid III flippase WzxE	b3792	NP_418239.1	wzxE	T2_near_identical_rbh	99.8	1.0	1.0	6.0	6.0		DIAMOND ultra-sensitive reciprocal best hit, identity >=90%, both coverages >=0.8, no tied hit
ECB_RS19420	ECB_03671	WP_000217220.1	TDP-N-acetylfucosamine:lipid II N-acetylfucosaminyltransferase	b4481	YP_026257.1	wecF	T2_near_identical_rbh	98.3	1.0	1.0	6.0	6.0		DIAMOND ultra-sensitive reciprocal best hit, identity >=90%, both coverages >=0.8, no tied hit
ECB_RS19425	ECB_03672	WP_000055131.1	ECA oligosaccharide polymerase	b3793	NP_418241.1	wzyE	T2_near_identical_rbh	99.6	1.0	1.0	6.0	6.0		DIAMOND ultra-sensitive reciprocal best hit, identity >=90%, both coverages >=0.8, no tied hit
ECB_RS19430	ECB_03673	WP_001066626.1	lipopolysaccharide N-acetylmannosaminouronosyltransferase	b3794	NP_418242.1	rffM	T2_near_identical_rbh	99.2	1.0	1.0	6.0	6.0		DIAMOND ultra-sensitive reciprocal best hit, identity >=90%, both coverages >=0.8, no tied hit
ECB_RS19435	ECB_03674	WP_000774729.1	bifunctional threonine/serine APC transporter ThrP	b3795	YP_026258.1	thrP	T2_near_identical_rbh	99.8	1.0	1.0	6.0	6.0		DIAMOND ultra-sensitive reciprocal best hit, identity >=90%, both coverages >=0.8, no tied hit
ECB_RS19460	ECB_03675	WP_000941547.1	anaerobic sulfatase maturase	b3800	YP_026259.1	aslB	T2_near_identical_rbh	96.1	1.0	1.0	6.0	6.0		DIAMOND ultra-sensitive reciprocal best hit, identity >=90%, both coverages >=0.8, no tied hit
ECB_RS19465	ECB_03676	WP_000395844.1	arylsulfatase AslA	b3801	NP_418245.1	aslA	T2_near_identical_rbh	98.4	1.0	1.0	6.0	6.0		DIAMOND ultra-sensitive reciprocal best hit, identity >=90%, both coverages >=0.8, no tied hit
ECB_RS19475	ECB_03678	WP_000139084.1	uroporphyrinogen-III C-methyltransferase	b3803	NP_418247.1	hemX	T2_near_identical_rbh	96.5	0.938	0.957	6.0	6.0		DIAMOND ultra-sensitive reciprocal best hit, identity >=90%, both coverages >=0.8, no tied hit
ECB_RS19480	ECB_03679	WP_000026063.1	uroporphyrinogen-III synthase	b3804	NP_418248.1	hemD	T2_near_identical_rbh	98.8	1.0	1.0	6.0	6.0		DIAMOND ultra-sensitive reciprocal best hit, identity >=90%, both coverages >=0.8, no tied hit
ECB_RS19485	ECB_03680	WP_001354020.1	hydroxymethylbilane synthase	b3805	YP_026260.1	hemC	T2_near_identical_rbh	99.7	1.0	1.0	6.0	6.0		DIAMOND ultra-sensitive reciprocal best hit, identity >=90%, both coverages >=0.8, no tied hit
ECB_RS19490	ECB_03681	WP_000281696.1	class I adenylate cyclase	b3806	NP_418250.1	cyaA	T2_near_identical_rbh	99.3	1.0	1.0	6.0	6.0		DIAMOND ultra-sensitive reciprocal best hit, identity >=90%, both coverages >=0.8, no tied hit
ECB_RS19495	ECB_03682	WP_000999950.1	iron donor protein CyaY	b3807	NP_418251.1	cyaY	T2_near_identical_rbh	99.1	1.0	1.0	6.0	6.0		DIAMOND ultra-sensitive reciprocal best hit, identity >=90%, both coverages >=0.8, no tied hit
ECB_RS19515	ECB_03687	WP_000130686.1	tyrosine recombinase XerC	b3811	NP_418256.1	xerC	T2_near_identical_rbh	99.3	1.0	1.0	5.0	5.0		DIAMOND ultra-sensitive reciprocal best hit, identity >=90%, both coverages >=0.8, no tied hit
ECB_RS19525	ECB_03689	WP_000383407.1	DNA helicase II	b3813	NP_418258.1	uvrD	T2_near_identical_rbh	99.9	1.0	1.0	5.0	5.0		DIAMOND ultra-sensitive reciprocal best hit, identity >=90%, both coverages >=0.8, no tied hit
ECB_RS19535	ECB_03691	WP_000951184.1	phosphodiester glycosidase family protein	b4482	YP_026261.1	yigE	T2_near_identical_rbh	98.0	1.0	1.0	4.0	4.0		DIAMOND ultra-sensitive reciprocal best hit, identity >=90%, both coverages >=0.8, no tied hit
ECB_RS19585	ECB_03700	WP_001259695.1	phospholipase A	b3821	NP_418265.1	pldA	T2_near_identical_rbh	99.3	1.0	1.0	6.0	6.0		DIAMOND ultra-sensitive reciprocal best hit, identity >=90%, both coverages >=0.8, no tied hit
ECB_RS19590	ECB_03701	WP_012767774.1	ATP-dependent DNA helicase RecQ	b3822	YP_026263.3	recQ	T2_near_identical_rbh	99.7	1.0	1.0	6.0	6.0		DIAMOND ultra-sensitive reciprocal best hit, identity >=90%, both coverages >=0.8, no tied hit
ECB_RS19595	ECB_03702	WP_000928828.1	threonine export protein RhtC	b3823	YP_026264.1	rhtC	T2_near_identical_rbh	99.0	1.0	1.0	6.0	6.0		DIAMOND ultra-sensitive reciprocal best hit, identity >=90%, both coverages >=0.8, no tied hit
ECB_RS19610	ECB_03705	WP_000285349.1	sugar/pyridoxal phosphate phosphatase YigL	b3826	YP_026267.1	yigL	T2_near_identical_rbh	98.9	1.0	1.0	6.0	6.0		DIAMOND ultra-sensitive reciprocal best hit, identity >=90%, both coverages >=0.8, no tied hit
ECB_RS19615	ECB_03706	WP_001196237.1	biotin transporter	b3827	NP_418271.1	bioP	T2_near_identical_rbh	99.7	1.0	1.0	5.0	5.0		DIAMOND ultra-sensitive reciprocal best hit, identity >=90%, both coverages >=0.8, no tied hit
ECB_RS19620	ECB_03707	WP_000573618.1	HTH-type transcriptional regulator MetR	b3828	NP_418272.1	metR	T2_near_identical_rbh	99.7	1.0	1.0	4.0	4.0		DIAMOND ultra-sensitive reciprocal best hit, identity >=90%, both coverages >=0.8, no tied hit
ECB_RS19625	ECB_03708	WP_000153940.1	5-methyltetrahydropteroyltriglutamate--homocysteine S-methyltransferase	b3829	NP_418273.1	metE	T2_near_identical_rbh	99.5	1.0	1.0	3.0	3.0		DIAMOND ultra-sensitive reciprocal best hit, identity >=90%, both coverages >=0.8, no tied hit
ECB_RS19675	ECB_03717	WP_001298606.1	dienelactone hydrolase family protein	b3830	YP_026268.1	ysgA	T2_near_identical_rbh	98.1	1.0	0.993	1.0	1.0		DIAMOND ultra-sensitive reciprocal best hit, identity >=90%, both coverages >=0.8, no tied hit
ECB_RS19680	ECB_03718	WP_000045178.1	uridine phosphorylase	b3831	NP_418275.1	udp	T2_near_identical_rbh	100.0	0.996	1.0	1.0	1.0		DIAMOND ultra-sensitive reciprocal best hit, identity >=90%, both coverages >=0.8, no tied hit
ECB_RS19715	ECB_03725	WP_000347696.1	DNA recombination protein RmuC	b3832	NP_418276.1	rmuC	T2_near_identical_rbh	99.8	1.0	1.0	3.0	3.0		DIAMOND ultra-sensitive reciprocal best hit, identity >=90%, both coverages >=0.8, no tied hit
ECB_RS19720	ECB_03726	WP_000227950.1	bifunctional demethylmenaquinone methyltransferase/2-methoxy-6-polyprenyl-1,4-benzoquinol methylase UbiE	b3833	YP_026269.1	ubiE	T2_near_identical_rbh	99.6	1.0	1.0	4.0	4.0		DIAMOND ultra-sensitive reciprocal best hit, identity >=90%, both coverages >=0.8, no tied hit
ECB_RS19750	ECB_03732	WP_001301305.1	3'-5' ssDNA/RNA exonuclease TatD	b4483	YP_026271.1	tatD	T2_near_identical_rbh	99.6	1.0	1.0	6.0	6.0		DIAMOND ultra-sensitive reciprocal best hit, identity >=90%, both coverages >=0.8, no tied hit
ECB_RS19760	ECB_03734	WP_000339805.1	4-hydroxy-3-polyprenylbenzoate decarboxylase	b3843	NP_418285.1	ubiD	T2_near_identical_rbh	99.8	1.0	1.0	6.0	6.0		DIAMOND ultra-sensitive reciprocal best hit, identity >=90%, both coverages >=0.8, no tied hit
ECB_RS19770	ECB_03736	WP_000438708.1	acetyl-CoA C-acyltransferase FadA	b3845	YP_026272.1	fadA	T2_near_identical_rbh	98.2	1.0	1.0	6.0	6.0		DIAMOND ultra-sensitive reciprocal best hit, identity >=90%, both coverages >=0.8, no tied hit
ECB_RS19775	ECB_03737	WP_000965952.1	fatty acid oxidation complex subunit alpha FadB	b3846	NP_418288.1	fadB	T2_near_identical_rbh	99.2	1.0	1.0	6.0	6.0		DIAMOND ultra-sensitive reciprocal best hit, identity >=90%, both coverages >=0.8, no tied hit
ECB_RS19785	ECB_03739	WP_001301303.1	IMPACT family protein	b3848	NP_418290.4	yigZ	T2_near_identical_rbh	99.5	1.0	1.0	6.0	6.0		DIAMOND ultra-sensitive reciprocal best hit, identity >=90%, both coverages >=0.8, no tied hit
ECB_RS19790	ECB_03740	WP_000545673.1	Trk system potassium transporter TrkH	b3849	YP_026273.1	trkH	T2_near_identical_rbh	99.8	1.0	1.0	6.0	6.0		DIAMOND ultra-sensitive reciprocal best hit, identity >=90%, both coverages >=0.8, no tied hit
ECB_RS19850	ECB_03747	WP_000619851.1	YdgA family protein	b3861	NP_418298.4	yihF	T2_near_identical_rbh	99.2	1.0	1.0	6.0	6.0		DIAMOND ultra-sensitive reciprocal best hit, identity >=90%, both coverages >=0.8, no tied hit
ECB_RS19855	ECB_03748	WP_001313432.1	acyltransferase	b3862	NP_418299.1	yihG	T2_near_identical_rbh	99.7	1.0	1.0	6.0	6.0		DIAMOND ultra-sensitive reciprocal best hit, identity >=90%, both coverages >=0.8, no tied hit
ECB_RS19890	ECB_03753	WP_001329395.1	nitrogen regulation protein NR(I)	b3868	NP_418304.1	glnG	T2_near_identical_rbh	99.6	1.0	1.0	6.0	6.0		DIAMOND ultra-sensitive reciprocal best hit, identity >=90%, both coverages >=0.8, no tied hit
ECB_RS19915	ECB_03757	WP_000147429.1	GntR family transcriptional regulator	b3872	NP_418308.1	yihL	T2_near_identical_rbh	98.7	1.0	1.0	6.0	6.0		DIAMOND ultra-sensitive reciprocal best hit, identity >=90%, both coverages >=0.8, no tied hit
ECB_RS19920	ECB_03758	WP_000256400.1	sugar phosphate isomerase/epimerase family protein	b3873	NP_418309.1	yihM	T2_near_identical_rbh	99.4	1.0	1.0	6.0	6.0		DIAMOND ultra-sensitive reciprocal best hit, identity >=90%, both coverages >=0.8, no tied hit
ECB_RS19925	ECB_03759	WP_000956312.1	MFS transporter	b3874	NP_418310.1	yihN	T2_near_identical_rbh	99.8	1.0	1.0	6.0	6.0		DIAMOND ultra-sensitive reciprocal best hit, identity >=90%, both coverages >=0.8, no tied hit
ECB_RS19930	ECB_03760	WP_001301275.1	porin OmpL	b3875	NP_418311.1	ompL	T2_near_identical_rbh	98.7	1.0	1.0	6.0	6.0		DIAMOND ultra-sensitive reciprocal best hit, identity >=90%, both coverages >=0.8, no tied hit
ECB_RS19935	ECB_03761	WP_001279695.1	MFS transporter	b3876	YP_026275.1	yihO	T2_near_identical_rbh	98.5	1.0	1.0	6.0	6.0		DIAMOND ultra-sensitive reciprocal best hit, identity >=90%, both coverages >=0.8, no tied hit
ECB_RS19940	ECB_03762	WP_000018393.1	MFS transporter	b3877	NP_418313.4	yihP	T2_near_identical_rbh	99.8	1.0	1.0	6.0	6.0		DIAMOND ultra-sensitive reciprocal best hit, identity >=90%, both coverages >=0.8, no tied hit
ECB_RS19950	ECB_03764	WP_001295268.1	aldose-1-epimerase	b3879	NP_418315.3	yihR	T2_near_identical_rbh	100.0	1.0	0.974	6.0	6.0		DIAMOND ultra-sensitive reciprocal best hit, identity >=90%, both coverages >=0.8, no tied hit
ECB_RS19965	ECB_03767	WP_000718889.1	sulfolactaldehyde 3-reductase	b3882	NP_418318.1	yihU	T2_near_identical_rbh	99.7	1.0	1.0	6.0	6.0		DIAMOND ultra-sensitive reciprocal best hit, identity >=90%, both coverages >=0.8, no tied hit
ECB_RS19980	ECB_03770	WP_015833308.1	glucose-1-phosphatase	b3885	NP_418321.4	yihX	T2_near_identical_rbh	99.5	1.0	1.0	6.0	6.0		DIAMOND ultra-sensitive reciprocal best hit, identity >=90%, both coverages >=0.8, no tied hit
ECB_RS20005	ECB_03775	WP_001086388.1	protein YiiF	b3890	NP_418326.2	yiiF	T2_near_identical_rbh	100.0	0.9	1.0	6.0	6.0		DIAMOND ultra-sensitive reciprocal best hit, identity >=90%, both coverages >=0.8, no tied hit
ECB_RS20015	ECB_03776	WP_000027705.1	formate dehydrogenase accessory protein FdhE	b3891	NP_418327.1	fdhE	T2_near_identical_rbh	99.7	1.0	1.0	6.0	6.0		DIAMOND ultra-sensitive reciprocal best hit, identity >=90%, both coverages >=0.8, no tied hit
ECB_RS20040	ECB_03780	WP_000753622.1	formate dehydrogenase accessory sulfurtransferase FdhD	b3895	NP_418331.1	fdhD	T2_near_identical_rbh	99.6	1.0	1.0	6.0	6.0		DIAMOND ultra-sensitive reciprocal best hit, identity >=90%, both coverages >=0.8, no tied hit
ECB_RS20050	ECB_03782	WP_000931298.1	putative frv operon regulatory protein	b3897	NP_418333.1	frvR	T2_near_identical_rbh	99.5	1.0	1.0	6.0	6.0		DIAMOND ultra-sensitive reciprocal best hit, identity >=90%, both coverages >=0.8, no tied hit
ECB_RS20075	ECB_03787	WP_000619495.1	L-rhamnose mutarotase	b3901	NP_418337.1	rhaM	T2_near_identical_rbh	97.1	1.0	1.0	5.0	5.0		DIAMOND ultra-sensitive reciprocal best hit, identity >=90%, both coverages >=0.8, no tied hit
ECB_RS20080	ECB_03788	WP_001179759.1	rhamnulose-1-phosphate aldolase	b3902	NP_418338.1	rhaD	T2_near_identical_rbh	98.2	1.0	1.0	5.0	5.0		DIAMOND ultra-sensitive reciprocal best hit, identity >=90%, both coverages >=0.8, no tied hit
ECB_RS20085	ECB_03789	WP_000211500.1	L-rhamnose isomerase	b3903	YP_026276.1	rhaA	T2_near_identical_rbh	98.8	1.0	1.0	5.0	5.0		DIAMOND ultra-sensitive reciprocal best hit, identity >=90%, both coverages >=0.8, no tied hit
ECB_RS20090	ECB_03790	WP_000144075.1	rhamnulokinase	b3904	NP_418340.1	rhaB	T2_near_identical_rbh	98.8	1.0	1.0	6.0	6.0		DIAMOND ultra-sensitive reciprocal best hit, identity >=90%, both coverages >=0.8, no tied hit
ECB_RS20100	ECB_03791	WP_000217165.1	HTH-type transcriptional activator RhaS	b3905	NP_418341.1	rhaS	T2_near_identical_rbh	99.6	1.0	1.0	6.0	6.0		DIAMOND ultra-sensitive reciprocal best hit, identity >=90%, both coverages >=0.8, no tied hit
ECB_RS20105	ECB_03792	WP_012767776.1	HTH-type transcriptional activator RhaR	b3906	NP_418342.2	rhaR	T2_near_identical_rbh	98.2	1.0	1.0	6.0	6.0		DIAMOND ultra-sensitive reciprocal best hit, identity >=90%, both coverages >=0.8, no tied hit
ECB_RS20110	ECB_03793	WP_000063524.1	L-rhamnose/proton symporter RhaT	b3907	NP_418343.1	rhaT	T2_near_identical_rbh	98.3	1.0	1.0	6.0	6.0		DIAMOND ultra-sensitive reciprocal best hit, identity >=90%, both coverages >=0.8, no tied hit
ECB_RS20115	ECB_03794	WP_001297064.1	superoxide dismutase [Mn]	b3908	NP_418344.3	sodA	T2_near_identical_rbh	99.5	1.0	1.0	6.0	6.0		DIAMOND ultra-sensitive reciprocal best hit, identity >=90%, both coverages >=0.8, no tied hit
ECB_RS20135	ECB_03797	WP_000580413.1	envelope stress sensor histidine kinase CpxA	b3911	NP_418347.1	cpxA	T2_near_identical_rbh	99.8	1.0	1.0	6.0	6.0		DIAMOND ultra-sensitive reciprocal best hit, identity >=90%, both coverages >=0.8, no tied hit
ECB_RS20145	ECB_03799	WP_012767777.1	cell-envelope stress modulator CpxP	b4484	YP_026277.1	cpxP	T2_near_identical_rbh	98.8	1.0	1.0	6.0	6.0		DIAMOND ultra-sensitive reciprocal best hit, identity >=90%, both coverages >=0.8, no tied hit
ECB_RS20170	ECB_03803	WP_000708994.1	CDP-diacylglycerol diphosphatase	b3918	NP_418353.1	cdh	T2_near_identical_rbh	98.4	1.0	1.0	6.0	6.0		DIAMOND ultra-sensitive reciprocal best hit, identity >=90%, both coverages >=0.8, no tied hit
ECB_RS20180	ECB_03805	WP_000802226.1	YiiQ family protein	b3920	NP_418355.1	yiiQ	T2_near_identical_rbh	99.5	1.0	1.0	6.0	6.0		DIAMOND ultra-sensitive reciprocal best hit, identity >=90%, both coverages >=0.8, no tied hit
ECB_RS20190	ECB_03807	WP_000655986.1	DUF406 domain-containing protein	b3922	NP_418357.1	yiiS	T2_near_identical_rbh	99.0	1.0	1.0	6.0	6.0		DIAMOND ultra-sensitive reciprocal best hit, identity >=90%, both coverages >=0.8, no tied hit
ECB_RS20200	ECB_03809	WP_000796310.1	ferredoxin--NADP(+) reductase	b3924	NP_418359.1	fpr	T2_near_identical_rbh	98.8	1.0	1.0	6.0	6.0		DIAMOND ultra-sensitive reciprocal best hit, identity >=90%, both coverages >=0.8, no tied hit
ECB_RS20205	ECB_03810	WP_001250640.1	class II fructose-bisphosphatase	b3925	NP_418360.1	glpX	T2_near_identical_rbh	99.4	1.0	1.0	6.0	6.0		DIAMOND ultra-sensitive reciprocal best hit, identity >=90%, both coverages >=0.8, no tied hit
ECB_RS20270	ECB_03823	WP_000797341.1	YiiX family permuted papain-like enzyme	b3937	NP_418372.1	yiiX	T2_near_identical_rbh	98.5	1.0	1.0	5.0	5.0		DIAMOND ultra-sensitive reciprocal best hit, identity >=90%, both coverages >=0.8, no tied hit
ECB_RS20280	ECB_03825	WP_001301270.1	cystathionine gamma-synthase	b3939	NP_418374.1	metB	T2_near_identical_rbh	99.7	1.0	1.0	4.0	4.0		DIAMOND ultra-sensitive reciprocal best hit, identity >=90%, both coverages >=0.8, no tied hit
ECB_RS20285	ECB_03826	WP_000110749.1	bifunctional aspartate kinase/homoserine dehydrogenase II	b3940	NP_418375.1	metL	T2_near_identical_rbh	99.8	1.0	1.0	5.0	5.0		DIAMOND ultra-sensitive reciprocal best hit, identity >=90%, both coverages >=0.8, no tied hit
ECB_RS20300	ECB_03828	WP_012767778.1	catalase/peroxidase HPI	b3942	NP_418377.1	katG	T2_near_identical_rbh	99.9	1.0	1.0	5.0	5.0		DIAMOND ultra-sensitive reciprocal best hit, identity >=90%, both coverages >=0.8, no tied hit
ECB_RS20310	ECB_03830	WP_000647870.1	DUF1287 domain-containing protein	b3944	NP_418379.1	yijF	T2_near_identical_rbh	98.5	1.0	1.0	6.0	6.0		DIAMOND ultra-sensitive reciprocal best hit, identity >=90%, both coverages >=0.8, no tied hit
ECB_RS20325	ECB_03832	WP_000424841.1	fructose-6-phosphate aldolase	b3946	NP_418381.1	fsaB	T2_near_identical_rbh	99.5	1.0	1.0	6.0	6.0		DIAMOND ultra-sensitive reciprocal best hit, identity >=90%, both coverages >=0.8, no tied hit
ECB_RS20330	ECB_03833	WP_001185138.1	phosphoenolpyruvate--protein phosphotransferase	b3947	YP_026278.1	ptsA	T2_near_identical_rbh	99.4	1.0	1.0	6.0	6.0		DIAMOND ultra-sensitive reciprocal best hit, identity >=90%, both coverages >=0.8, no tied hit
ECB_RS20345	ECB_03836	WP_000184830.1	formate C-acetyltransferase	b3951	NP_418386.1	pflD	T2_near_identical_rbh	99.6	1.0	1.0	6.0	6.0		DIAMOND ultra-sensitive reciprocal best hit, identity >=90%, both coverages >=0.8, no tied hit
ECB_RS20350	ECB_03837	WP_000204139.1	[formate-C-acetyltransferase]-activating enzyme	b3952	NP_418387.3	pflC	T2_near_identical_rbh	98.6	1.0	1.0	6.0	6.0		DIAMOND ultra-sensitive reciprocal best hit, identity >=90%, both coverages >=0.8, no tied hit
ECB_RS20360	ECB_03839	WP_000274624.1	AraC family transcriptional regulator	b3954	NP_418389.1	yijO	T2_near_identical_rbh	98.9	1.0	1.0	6.0	6.0		DIAMOND ultra-sensitive reciprocal best hit, identity >=90%, both coverages >=0.8, no tied hit
ECB_RS20365	ECB_03840	WP_000556295.1	phosphoethanolamine transferase CptA	b3955	NP_418390.1	eptC	T2_near_identical_rbh	99.5	1.0	1.0	6.0	6.0		DIAMOND ultra-sensitive reciprocal best hit, identity >=90%, both coverages >=0.8, no tied hit
ECB_RS20370	ECB_03841	WP_001005579.1	phosphoenolpyruvate carboxylase	b3956	NP_418391.1	ppc	T2_near_identical_rbh	99.9	1.0	1.0	6.0	6.0		DIAMOND ultra-sensitive reciprocal best hit, identity >=90%, both coverages >=0.8, no tied hit
ECB_RS20375	ECB_03842	WP_001301272.1	acetylornithine deacetylase	b3957	NP_418392.1	argE	T2_near_identical_rbh	99.7	1.0	1.0	6.0	6.0		DIAMOND ultra-sensitive reciprocal best hit, identity >=90%, both coverages >=0.8, no tied hit
ECB_RS20400	ECB_03847	WP_001120798.1	Si-specific NAD(P)(+) transhydrogenase	b3962	NP_418397.2	sthA	T2_near_identical_rbh	99.8	1.0	1.0	6.0	6.0		DIAMOND ultra-sensitive reciprocal best hit, identity >=90%, both coverages >=0.8, no tied hit
ECB_RS20405	ECB_03848	WP_001309117.1	HTH-type transcriptional repressor FabR	b3963	NP_418398.3	fabR	T2_near_identical_rbh	99.5	1.0	0.923	6.0	6.0		DIAMOND ultra-sensitive reciprocal best hit, identity >=90%, both coverages >=0.8, no tied hit
ECB_RS20420	ECB_03851	WP_000591340.1	TonB-dependent vitamin B12 receptor BtuB	b3966	NP_418401.1	btuB	T2_near_identical_rbh	99.8	1.0	1.0	6.0	6.0		DIAMOND ultra-sensitive reciprocal best hit, identity >=90%, both coverages >=0.8, no tied hit
ECB_RS20450	ECB_03853	WP_001016666.1	UDP-N-acetylmuramate dehydrogenase	b3972	NP_418403.1	murB	T2_near_identical_rbh	98.8	1.0	1.0	6.0	6.0		DIAMOND ultra-sensitive reciprocal best hit, identity >=90%, both coverages >=0.8, no tied hit
ECB_RS20455	ECB_03854	WP_000654614.1	bifunctional biotin--[acetyl-CoA-carboxylase] ligase/biotin operon repressor BirA	b3973	NP_418404.1	birA	T2_near_identical_rbh	99.4	1.0	1.0	6.0	6.0		DIAMOND ultra-sensitive reciprocal best hit, identity >=90%, both coverages >=0.8, no tied hit
ECB_RS20540	ECB_03866	WP_000847462.1	2-iminoacetate synthase ThiH	b3990	NP_418417.1	thiH	T2_near_identical_rbh	98.9	1.0	1.0	6.0	6.0		DIAMOND ultra-sensitive reciprocal best hit, identity >=90%, both coverages >=0.8, no tied hit
ECB_RS20545	ECB_03867	WP_000944059.1	thiazole synthase	b3991	NP_418418.2	thiG	T2_near_identical_rbh	98.4	1.0	1.0	6.0	6.0		DIAMOND ultra-sensitive reciprocal best hit, identity >=90%, both coverages >=0.8, no tied hit
ECB_RS20550	ECB_03868	WP_001166232.1	sulfur carrier protein ThiS	b4407	YP_026279.1	thiS	T2_near_identical_rbh	97.0	1.0	1.0	6.0	6.0		DIAMOND ultra-sensitive reciprocal best hit, identity >=90%, both coverages >=0.8, no tied hit
ECB_RS20565	ECB_03871	WP_001276903.1	phosphomethylpyrimidine synthase ThiC	b3994	NP_418422.1	thiC	T2_near_identical_rbh	99.0	1.0	1.0	6.0	6.0		DIAMOND ultra-sensitive reciprocal best hit, identity >=90%, both coverages >=0.8, no tied hit
ECB_RS20600	ECB_03878	WP_001300651.1	DUF1481 domain-containing protein	b4001	NP_418429.1	yjaH	T2_near_identical_rbh	99.6	1.0	1.0	6.0	6.0		DIAMOND ultra-sensitive reciprocal best hit, identity >=90%, both coverages >=0.8, no tied hit
ECB_RS20605	ECB_03879	WP_001296714.1	zinc resistance sensor/chaperone ZraP	b4002	NP_418430.2	zraP	T2_near_identical_rbh	91.5	1.014	1.0	6.0	6.0		DIAMOND ultra-sensitive reciprocal best hit, identity >=90%, both coverages >=0.8, no tied hit
ECB_RS20610	ECB_03880	WP_001211926.1	two-component system sensor histidine kinase ZraS	b4003	NP_418431.1	zraS	T3_divergent_syntenic_rbh	84.7	1.015	1.0	6.0	6.0		reciprocal best hit below T2 thresholds (identity >=50%, coverage >=0.6) with >=1 conserved neighbour within +/-3 loci
ECB_RS20615	ECB_03881	WP_000148551.1	sigma-54-dependent response regulator transcription factor ZraR	b4004	NP_418432.1	zraR	T2_near_identical_rbh	99.5	1.0	1.0	6.0	6.0		DIAMOND ultra-sensitive reciprocal best hit, identity >=90%, both coverages >=0.8, no tied hit
ECB_RS20620	ECB_03882	WP_000866792.1	phosphoribosylamine--glycine ligase	b4005	NP_418433.1	purD	T2_near_identical_rbh	98.6	1.0	1.0	6.0	6.0		DIAMOND ultra-sensitive reciprocal best hit, identity >=90%, both coverages >=0.8, no tied hit
ECB_RS20650	ECB_03884	WP_000237005.1	acetyltransferase	b4012	NP_418436.1	yjaB	T2_near_identical_rbh	100.0	0.993	0.993	6.0	6.0		DIAMOND ultra-sensitive reciprocal best hit, identity >=90%, both coverages >=0.8, no tied hit
ECB_RS20655	ECB_03885	WP_001122777.1	homoserine O-acetyltransferase MetA	b4013	NP_418437.1	metA	T2_near_identical_rbh	99.7	1.0	1.0	6.0	6.0		DIAMOND ultra-sensitive reciprocal best hit, identity >=90%, both coverages >=0.8, no tied hit
ECB_RS20660	ECB_03886	WP_000138915.1	malate synthase A	b4014	NP_418438.1	aceB	T2_near_identical_rbh	99.8	1.0	1.0	6.0	6.0		DIAMOND ultra-sensitive reciprocal best hit, identity >=90%, both coverages >=0.8, no tied hit
ECB_RS20670	ECB_03888	WP_001137223.1	bifunctional isocitrate dehydrogenase kinase/phosphatase	b4016	NP_418440.1	aceK	T2_near_identical_rbh	99.7	1.0	1.0	6.0	6.0		DIAMOND ultra-sensitive reciprocal best hit, identity >=90%, both coverages >=0.8, no tied hit
ECB_RS20690	ECB_03891	WP_000095995.1	methionine synthase	b4019	NP_418443.1	metH	T2_near_identical_rbh	99.9	1.0	1.0	6.0	6.0		DIAMOND ultra-sensitive reciprocal best hit, identity >=90%, both coverages >=0.8, no tied hit
ECB_RS20730	ECB_03899	WP_001301119.1	YjbF family lipoprotein	b4027	NP_418451.4	yjbF	T2_near_identical_rbh	97.6	1.0	1.0	6.0	6.0		DIAMOND ultra-sensitive reciprocal best hit, identity >=90%, both coverages >=0.8, no tied hit
ECB_RS20735	ECB_03900	WP_000595505.1	capsule biosynthesis GfcC family protein	b4028	NP_418452.1	yjbG	T2_near_identical_rbh	98.0	1.0	1.0	5.0	5.0		DIAMOND ultra-sensitive reciprocal best hit, identity >=90%, both coverages >=0.8, no tied hit
ECB_RS20740	ECB_03901	WP_000745706.1	YjbH domain-containing protein	b4029	NP_418453.1	yjbH	T2_near_identical_rbh	99.7	1.0	1.0	5.0	5.0		DIAMOND ultra-sensitive reciprocal best hit, identity >=90%, both coverages >=0.8, no tied hit
ECB_RS20835	ECB_03916	WP_001326646.1	MATE family efflux transporter DinF	b4044	NP_418468.3	dinF	T2_near_identical_rbh	100.0	1.0	0.961	6.0	6.0		DIAMOND ultra-sensitive reciprocal best hit, identity >=90%, both coverages >=0.8, no tied hit
ECB_RS20895	ECB_03927	WP_015833309.1	acid phosphatase AphA	b4055	NP_418479.1	aphA	T2_near_identical_rbh	99.2	1.0	1.0	6.0	6.0		DIAMOND ultra-sensitive reciprocal best hit, identity >=90%, both coverages >=0.8, no tied hit
ECB_RS20910	ECB_03930	WP_000357744.1	excinuclease ABC subunit UvrA	b4058	NP_418482.1	uvrA	T2_near_identical_rbh	99.9	1.0	1.0	6.0	6.0		DIAMOND ultra-sensitive reciprocal best hit, identity >=90%, both coverages >=0.8, no tied hit
ECB_RS20945	ECB_03937	WP_000402207.1	Na+/H+ antiporter	b4065	NP_418489.1	yjcE	T2_near_identical_rbh	99.8	1.0	1.0	6.0	6.0		DIAMOND ultra-sensitive reciprocal best hit, identity >=90%, both coverages >=0.8, no tied hit
ECB_RS20990	ECB_03946	WP_071586153.1	heme lyase CcmF/NrfE family subunit	b4074	NP_418498.1	nrfE	T2_near_identical_rbh	98.4	0.965	1.0	6.0	6.0		DIAMOND ultra-sensitive reciprocal best hit, identity >=90%, both coverages >=0.8, no tied hit
ECB_RS20995	ECB_03947	WP_000033487.1	heme lyase NrfEFG subunit NrfF	b4075	NP_418499.1	nrfF	T2_near_identical_rbh	97.6	1.0	1.0	6.0	6.0		DIAMOND ultra-sensitive reciprocal best hit, identity >=90%, both coverages >=0.8, no tied hit
ECB_RS21000	ECB_03948	WP_000812895.1	heme lyase NrfEFG subunit NrfG	b4076	NP_418500.1	nrfG	T2_near_identical_rbh	99.0	1.0	1.0	6.0	6.0		DIAMOND ultra-sensitive reciprocal best hit, identity >=90%, both coverages >=0.8, no tied hit
ECB_RS21005	ECB_03949	WP_000835801.1	glutamate/aspartate:proton symporter GltP	b4077	NP_418501.1	gltP	T2_near_identical_rbh	99.8	1.0	1.0	6.0	6.0		DIAMOND ultra-sensitive reciprocal best hit, identity >=90%, both coverages >=0.8, no tied hit
ECB_RS21030	ECB_03953	WP_001275205.1	multidrug efflux transporter permease subunit MdtO	b4081	NP_418505.2	mdtO	T2_near_identical_rbh	99.9	1.0	1.0	6.0	6.0		DIAMOND ultra-sensitive reciprocal best hit, identity >=90%, both coverages >=0.8, no tied hit
ECB_RS21045	ECB_03955	WP_001066021.1	alkyl sulfatase YjcS	b4083	NP_418507.2	yjcS	T2_near_identical_rbh	99.5	1.0	1.0	6.0	6.0		DIAMOND ultra-sensitive reciprocal best hit, identity >=90%, both coverages >=0.8, no tied hit
ECB_RS21090	ECB_03964	WP_000059897.1	phosphonate metabolism protein PhnP	b4092	NP_418516.1	phnP	T2_near_identical_rbh	99.6	1.0	1.0	6.0	6.0		DIAMOND ultra-sensitive reciprocal best hit, identity >=90%, both coverages >=0.8, no tied hit
ECB_RS21115	ECB_03969	WP_001075513.1	phosphonate C-P lyase system protein PhnK	b4097	YP_026282.1	phnK	T2_near_identical_rbh	99.6	1.0	1.0	6.0	6.0		DIAMOND ultra-sensitive reciprocal best hit, identity >=90%, both coverages >=0.8, no tied hit
ECB_RS21120	ECB_03970	WP_000002283.1	alpha-D-ribose 1-methylphosphonate 5-phosphate C-P-lyase PhnJ	b4098	NP_418522.1	phnJ	T2_near_identical_rbh	99.6	1.0	1.0	6.0	6.0		DIAMOND ultra-sensitive reciprocal best hit, identity >=90%, both coverages >=0.8, no tied hit
ECB_RS21125	ECB_03971	WP_001301118.1	alpha-D-ribose 1-methylphosphonate 5-triphosphate synthase subunit PhnI	b4099	NP_418523.1	phnI	T2_near_identical_rbh	99.4	1.0	1.0	6.0	6.0		DIAMOND ultra-sensitive reciprocal best hit, identity >=90%, both coverages >=0.8, no tied hit
ECB_RS21135	ECB_03973	WP_000542785.1	phosphonate C-P lyase system protein PhnG	b4101	NP_418525.1	phnG	T2_near_identical_rbh	99.3	1.0	1.0	5.0	5.0		DIAMOND ultra-sensitive reciprocal best hit, identity >=90%, both coverages >=0.8, no tied hit
ECB_RS21150	ECB_03976	WP_000992000.1	phosphonate ABC transporter substrate-binding protein	b4105	NP_418529.1	phnD	T2_near_identical_rbh	99.7	1.0	1.0	5.0	5.0		DIAMOND ultra-sensitive reciprocal best hit, identity >=90%, both coverages >=0.8, no tied hit
ECB_RS21155	ECB_03977	WP_001193397.1	phosphonate ABC transporter ATP-binding protein	b4106	NP_418530.1	phnC	T2_near_identical_rbh	98.5	1.0	1.0	5.0	5.0		DIAMOND ultra-sensitive reciprocal best hit, identity >=90%, both coverages >=0.8, no tied hit
ECB_RS21170	ECB_03980	WP_000288588.1	clamp-binding protein CrfC	b4109	NP_418533.1	rdcA	T2_near_identical_rbh	98.9	1.0	1.0	6.0	6.0		DIAMOND ultra-sensitive reciprocal best hit, identity >=90%, both coverages >=0.8, no tied hit
ECB_RS21175	ECB_03981	WP_000169194.1	YjcZ-like family protein	b4110	NP_418534.4	rdcB	T2_near_identical_rbh	99.7	1.0	1.0	6.0	6.0		DIAMOND ultra-sensitive reciprocal best hit, identity >=90%, both coverages >=0.8, no tied hit
ECB_RS21190	ECB_03983	WP_001051094.1	two-component system sensor histidine kinase PmrB	b4112	NP_418536.1	basS	T2_near_identical_rbh	99.7	0.992	1.0	6.0	6.0		DIAMOND ultra-sensitive reciprocal best hit, identity >=90%, both coverages >=0.8, no tied hit
ECB_RS21195	ECB_03984	WP_000697910.1	two-component system response regulator BasR	b4113	NP_418537.1	basR	T2_near_identical_rbh	99.1	1.0	1.0	6.0	6.0		DIAMOND ultra-sensitive reciprocal best hit, identity >=90%, both coverages >=0.8, no tied hit
ECB_RS21200	ECB_03985	WP_001298860.1	phosphoethanolamine transferase EptA	b4114	NP_418538.2	eptA	T2_near_identical_rbh	99.6	1.0	1.0	6.0	6.0		DIAMOND ultra-sensitive reciprocal best hit, identity >=90%, both coverages >=0.8, no tied hit
ECB_RS21205	ECB_03986	WP_000093139.1	arginine/agmatine antiporter	b4115	NP_418539.1	adiC	T2_near_identical_rbh	99.8	1.0	1.0	6.0	6.0		DIAMOND ultra-sensitive reciprocal best hit, identity >=90%, both coverages >=0.8, no tied hit
ECB_RS21215	ECB_03988	WP_012767781.1	arginine decarboxylase	b4117	NP_418541.2	adiA	T2_near_identical_rbh	99.9	1.0	1.0	6.0	6.0		DIAMOND ultra-sensitive reciprocal best hit, identity >=90%, both coverages >=0.8, no tied hit
ECB_RS21230	ECB_03990	WP_000988027.1	alpha-galactosidase	b4119	NP_418543.1	melA	T2_near_identical_rbh	98.9	1.0	1.0	6.0	6.0		DIAMOND ultra-sensitive reciprocal best hit, identity >=90%, both coverages >=0.8, no tied hit
ECB_RS21235	ECB_03991	WP_000028114.1	melibiose:sodium transporter MelB	b4120	NP_418544.2	melB	T2_near_identical_rbh	99.8	1.0	1.0	6.0	6.0		DIAMOND ultra-sensitive reciprocal best hit, identity >=90%, both coverages >=0.8, no tied hit
ECB_RS21240	ECB_03992	WP_000198751.1	DUF2238 domain-containing protein	b4121	NP_418545.1	yjdF	T2_near_identical_rbh	97.6	1.0	1.0	6.0	6.0		DIAMOND ultra-sensitive reciprocal best hit, identity >=90%, both coverages >=0.8, no tied hit
ECB_RS21245	ECB_03993	WP_000066676.1	class I fumarate hydratase	b4122	NP_418546.1	fumB	T2_near_identical_rbh	99.6	1.0	1.0	6.0	6.0		DIAMOND ultra-sensitive reciprocal best hit, identity >=90%, both coverages >=0.8, no tied hit
ECB_RS21270	ECB_03997	WP_001070602.1	4Fe-4S mono-cluster protein YjdI	b4126	NP_418550.1	yjdI	T2_near_identical_rbh	98.7	1.0	1.0	6.0	6.0		DIAMOND ultra-sensitive reciprocal best hit, identity >=90%, both coverages >=0.8, no tied hit
ECB_RS21290	ECB_04000	WP_001295090.1	lysine--tRNA ligase	b4129	NP_418553.1	lysU	T2_near_identical_rbh	99.8	1.0	1.0	6.0	6.0		DIAMOND ultra-sensitive reciprocal best hit, identity >=90%, both coverages >=0.8, no tied hit
ECB_RS21295	ECB_04001	WP_000856841.1	dipeptide/tripeptide permease DtpC	b4130	NP_418554.1	dtpC	T2_near_identical_rbh	99.8	1.0	1.0	6.0	6.0		DIAMOND ultra-sensitive reciprocal best hit, identity >=90%, both coverages >=0.8, no tied hit
ECB_RS21310	ECB_04004	WP_001187177.1	lysine decarboxylation/transport transcriptional activator CadC	b4133	NP_418557.1	cadC	T2_near_identical_rbh	99.8	1.0	1.0	6.0	6.0		DIAMOND ultra-sensitive reciprocal best hit, identity >=90%, both coverages >=0.8, no tied hit
ECB_RS21325	ECB_04006	WP_000068928.1	protein-disulfide reductase DsbD	b4136	NP_418559.1	dsbD	T2_near_identical_rbh	99.5	1.0	1.0	6.0	6.0		DIAMOND ultra-sensitive reciprocal best hit, identity >=90%, both coverages >=0.8, no tied hit
ECB_RS21350	ECB_04011	WP_000015852.1	L-methionine/branched-chain amino acid transporter	b4141	NP_418565.1	yjeH	T2_near_identical_rbh	99.3	1.0	1.0	6.0	6.0		DIAMOND ultra-sensitive reciprocal best hit, identity >=90%, both coverages >=0.8, no tied hit
ECB_RS21365	ECB_04014	WP_001301120.1	DUF4156 domain-containing protein	b4144	NP_418568.2	yjeI	T2_near_identical_rbh	99.1	1.0	1.0	6.0	6.0		DIAMOND ultra-sensitive reciprocal best hit, identity >=90%, both coverages >=0.8, no tied hit
ECB_RS21370	ECB_04015	WP_001008049.1	YjeJ family protein	b4145	NP_418569.1	yjeJ	T2_near_identical_rbh	99.3	1.0	1.0	6.0	6.0		DIAMOND ultra-sensitive reciprocal best hit, identity >=90%, both coverages >=0.8, no tied hit
ECB_RS21375	ECB_04016	WP_000940522.1	EF-P beta-lysylation protein EpmB	b4146	NP_418570.1	epmB	T2_near_identical_rbh	97.4	1.0	1.0	6.0	6.0		DIAMOND ultra-sensitive reciprocal best hit, identity >=90%, both coverages >=0.8, no tied hit
ECB_RS21395	ECB_04020	WP_000118483.1	quaternary ammonium compound efflux SMR transporter SugE	b4148	NP_418572.4	gdx	T2_near_identical_rbh	99.0	1.0	1.0	6.0	6.0		DIAMOND ultra-sensitive reciprocal best hit, identity >=90%, both coverages >=0.8, no tied hit
ECB_RS21400	ECB_04021	WP_001238379.1	lipocalin Blc	b4149	NP_418573.1	blc	T2_near_identical_rbh	100.0	0.994	1.0	6.0	6.0		DIAMOND ultra-sensitive reciprocal best hit, identity >=90%, both coverages >=0.8, no tied hit
ECB_RS21405	ECB_04022	WP_001300820.1	BlaEC family class C beta-lactamase	b4150	NP_418574.1	ampC	T2_near_identical_rbh	97.1	1.0	1.0	6.0	6.0		DIAMOND ultra-sensitive reciprocal best hit, identity >=90%, both coverages >=0.8, no tied hit
ECB_RS21435	ECB_04028	WP_001300174.1	glutamate/gamma-aminobutyrate family transporter YjeM	b4156	NP_418580.2	yjeM	T2_near_identical_rbh	98.0	1.0	1.0	6.0	6.0		DIAMOND ultra-sensitive reciprocal best hit, identity >=90%, both coverages >=0.8, no tied hit
ECB_RS21450	ECB_04031	WP_000041970.1	small ribosomal subunit biogenesis GTPase RsgA	b4161	NP_418585.4	rsgA	T2_near_identical_rbh	99.7	1.0	1.0	6.0	6.0		DIAMOND ultra-sensitive reciprocal best hit, identity >=90%, both coverages >=0.8, no tied hit
ECB_RS21480	ECB_04034	WP_001329144.1	bifunctional ADP-dependent NAD(P)H-hydrate dehydratase/NAD(P)H-hydrate epimerase	b4167	NP_418588.1	nnr	T2_near_identical_rbh	98.6	1.0	1.0	6.0	6.0		DIAMOND ultra-sensitive reciprocal best hit, identity >=90%, both coverages >=0.8, no tied hit
ECB_RS21490	ECB_04036	WP_000640382.1	N-acetylmuramoyl-L-alanine amidase AmiB	b4169	NP_418590.1	amiB	T2_near_identical_rbh	99.6	1.0	1.0	6.0	6.0		DIAMOND ultra-sensitive reciprocal best hit, identity >=90%, both coverages >=0.8, no tied hit
ECB_RS21510	ECB_04040	WP_000460360.1	ribosome rescue GTPase HflX	b4173	NP_418594.1	hflX	T2_near_identical_rbh	99.8	1.0	1.0	6.0	6.0		DIAMOND ultra-sensitive reciprocal best hit, identity >=90%, both coverages >=0.8, no tied hit
ECB_RS21525	ECB_04043	WP_001089294.1	DUF2065 domain-containing protein	b4176	NP_418597.1	yjeT	T2_near_identical_rbh	100.0	0.985	0.985	6.0	6.0		DIAMOND ultra-sensitive reciprocal best hit, identity >=90%, both coverages >=0.8, no tied hit
ECB_RS21535	ECB_04045	WP_001177644.1	nitric oxide-sensing transcriptional repressor NsrR	b4178	NP_418599.1	nsrR	T2_near_identical_rbh	99.3	1.0	1.0	6.0	6.0		DIAMOND ultra-sensitive reciprocal best hit, identity >=90%, both coverages >=0.8, no tied hit
ECB_RS21560	ECB_04050	WP_000012548.1	YjfK family protein	b4183	NP_418604.1	yjfK	T2_near_identical_rbh	99.5	1.0	1.0	6.0	6.0		DIAMOND ultra-sensitive reciprocal best hit, identity >=90%, both coverages >=0.8, no tied hit
ECB_RS21570	ECB_04052	WP_000101687.1	DUF1190 domain-containing protein	b4185	NP_418606.1	yjfM	T2_near_identical_rbh	99.1	1.0	1.0	6.0	6.0		DIAMOND ultra-sensitive reciprocal best hit, identity >=90%, both coverages >=0.8, no tied hit
ECB_RS21575	ECB_04053	WP_000943964.1	glutathionylspermidine synthase family protein	b4186	NP_418607.1	yjfC	T2_near_identical_rbh	99.0	1.0	1.0	6.0	6.0		DIAMOND ultra-sensitive reciprocal best hit, identity >=90%, both coverages >=0.8, no tied hit
ECB_RS21580	ECB_04054	WP_001295190.1	isovaleryl-CoA dehydrogenase	b4187	NP_418608.6	aidB	T2_near_identical_rbh	99.8	1.0	1.0	6.0	6.0		DIAMOND ultra-sensitive reciprocal best hit, identity >=90%, both coverages >=0.8, no tied hit
ECB_RS21595	ECB_04057	WP_000569679.1	esterase	b4190	NP_418611.1	yjfP	T2_near_identical_rbh	98.8	1.0	1.0	6.0	6.0		DIAMOND ultra-sensitive reciprocal best hit, identity >=90%, both coverages >=0.8, no tied hit
ECB_RS21605	ECB_04059	WP_001301370.1	L-ascorbate 6-phosphate lactonase	b4192	NP_418613.2	ulaG	T2_near_identical_rbh	99.7	1.0	1.0	6.0	6.0		DIAMOND ultra-sensitive reciprocal best hit, identity >=90%, both coverages >=0.8, no tied hit
ECB_RS21610	ECB_04060	WP_001300695.1	PTS ascorbate transporter subunit IIC	b4193	NP_418614.4	ulaA	T2_near_identical_rbh	99.8	1.0	1.0	6.0	6.0		DIAMOND ultra-sensitive reciprocal best hit, identity >=90%, both coverages >=0.8, no tied hit
ECB_RS21620	ECB_04062	WP_000776505.1	PTS ascorbate transporter subunit IIA	b4195	NP_418616.1	ulaC	T2_near_identical_rbh	96.1	1.0	1.0	6.0	6.0		DIAMOND ultra-sensitive reciprocal best hit, identity >=90%, both coverages >=0.8, no tied hit
ECB_RS21625	ECB_04063	WP_000056745.1	3-keto-L-gulonate-6-phosphate decarboxylase UlaD	b4196	NP_418617.1	ulaD	T2_near_identical_rbh	99.1	1.0	1.0	6.0	6.0		DIAMOND ultra-sensitive reciprocal best hit, identity >=90%, both coverages >=0.8, no tied hit
ECB_RS21630	ECB_04064	WP_000949511.1	L-ribulose-5-phosphate 3-epimerase UlaE	b4197	NP_418618.1	ulaE	T2_near_identical_rbh	98.9	1.0	1.0	6.0	6.0		DIAMOND ultra-sensitive reciprocal best hit, identity >=90%, both coverages >=0.8, no tied hit
ECB_RS21635	ECB_04065	WP_001170843.1	L-ribulose-5-phosphate 4-epimerase UlaF	b4198	NP_418619.1	ulaF	T2_near_identical_rbh	99.1	1.0	1.0	6.0	6.0		DIAMOND ultra-sensitive reciprocal best hit, identity >=90%, both coverages >=0.8, no tied hit
ECB_RS21650	ECB_04067	WP_001216675.1	30S ribosomal protein S6	b4200	NP_418621.5	rpsF	T2_near_identical_rbh	99.2	1.0	1.0	6.0	6.0		DIAMOND ultra-sensitive reciprocal best hit, identity >=90%, both coverages >=0.8, no tied hit
ECB_RS21655	ECB_04068	WP_001296681.1	primosomal replication protein N	b4201	NP_418622.1	priB	T2_near_identical_rbh	99.0	1.0	1.0	5.0	5.0		DIAMOND ultra-sensitive reciprocal best hit, identity >=90%, both coverages >=0.8, no tied hit
ECB_RS21705	ECB_04078	WP_001119458.1	cell division protein YtfB	b4206	NP_418627.4	ytfB	T2_near_identical_rbh	99.5	1.0	1.0	3.0	3.0		DIAMOND ultra-sensitive reciprocal best hit, identity >=90%, both coverages >=0.8, no tied hit
ECB_RS21710	ECB_04079	WP_000211237.1	FKBP-type peptidyl-prolyl cis-trans isomerase	b4207	NP_418628.4	fklB	T2_near_identical_rbh	99.5	1.0	1.0	4.0	4.0		DIAMOND ultra-sensitive reciprocal best hit, identity >=90%, both coverages >=0.8, no tied hit
ECB_RS21725	ECB_04082	WP_001295194.1	DMT family transporter	b4210	NP_418631.2	ytfF	T2_near_identical_rbh	98.8	1.0	1.0	6.0	6.0		DIAMOND ultra-sensitive reciprocal best hit, identity >=90%, both coverages >=0.8, no tied hit
ECB_RS21730	ECB_04083	WP_000560597.1	NAD(P)H:quinone oxidoreductase	b4211	NP_418632.1	qorB	T2_near_identical_rbh	97.5	0.997	0.997	6.0	6.0		DIAMOND ultra-sensitive reciprocal best hit, identity >=90%, both coverages >=0.8, no tied hit
ECB_RS21740	ECB_04085	WP_000589409.1	2',3'-cyclic-nucleotide 2'-phosphodiesterase	b4213	NP_418634.1	cpdB	T2_near_identical_rbh	99.1	1.0	1.0	6.0	6.0		DIAMOND ultra-sensitive reciprocal best hit, identity >=90%, both coverages >=0.8, no tied hit
ECB_RS21745	ECB_04086	WP_000886900.1	3'(2'),5'-bisphosphate nucleotidase CysQ	b4214	NP_418635.1	cysQ	T2_near_identical_rbh	99.2	1.0	1.0	6.0	6.0		DIAMOND ultra-sensitive reciprocal best hit, identity >=90%, both coverages >=0.8, no tied hit
ECB_RS21750	ECB_04087	WP_000175286.1	YtfJ family protein	b4216	NP_418637.1	ytfJ	T2_near_identical_rbh	97.8	0.989	0.995	6.0	6.0		DIAMOND ultra-sensitive reciprocal best hit, identity >=90%, both coverages >=0.8, no tied hit
ECB_RS21775	ECB_04091	WP_001269293.1	autotransporter assembly complex protein TamA	b4220	NP_418641.1	tamA	T2_near_identical_rbh	99.7	1.0	1.0	6.0	6.0		DIAMOND ultra-sensitive reciprocal best hit, identity >=90%, both coverages >=0.8, no tied hit
ECB_RS21780	ECB_04092	WP_000060982.1	autotransporter assembly complex protein TamB	b4221	NP_418642.1	tamB	T2_near_identical_rbh	99.3	1.0	1.0	6.0	6.0		DIAMOND ultra-sensitive reciprocal best hit, identity >=90%, both coverages >=0.8, no tied hit
ECB_RS21790	ECB_04095	WP_000055072.1	inorganic diphosphatase	b4226	NP_418647.1	ppa	T2_near_identical_rbh	98.9	1.0	1.0	6.0	6.0		DIAMOND ultra-sensitive reciprocal best hit, identity >=90%, both coverages >=0.8, no tied hit
ECB_RS21795	ECB_04096	WP_000265933.1	galactofuranose ABC transporter substrate-binding protein YtfQ	b4227	NP_418648.1	ytfQ	T2_near_identical_rbh	99.4	1.0	1.0	6.0	6.0		DIAMOND ultra-sensitive reciprocal best hit, identity >=90%, both coverages >=0.8, no tied hit
ECB_RS21800	ECB_04097	WP_000210558.1	galactofuranose ABC transporter, ATP-binding protein YtfR	b4485	YP_026286.1	ytfR	T2_near_identical_rbh	99.6	1.0	1.0	6.0	6.0		DIAMOND ultra-sensitive reciprocal best hit, identity >=90%, both coverages >=0.8, no tied hit
ECB_RS21805	ECB_04098	WP_001297255.1	galactofuranose ABC transporter, ATP-binding protein YtfT	b4230	NP_418651.3	ytfT	T2_near_identical_rbh	99.1	1.0	0.997	6.0	6.0		DIAMOND ultra-sensitive reciprocal best hit, identity >=90%, both coverages >=0.8, no tied hit
ECB_RS21810	ECB_04099	WP_000596015.1	galactofuranose ABC transporter, permease protein YjfF	b4231	NP_418652.2	yjfF	T2_near_identical_rbh	99.7	1.0	1.0	6.0	6.0		DIAMOND ultra-sensitive reciprocal best hit, identity >=90%, both coverages >=0.8, no tied hit
ECB_RS21820	ECB_04101	WP_001219792.1	UDP-N-acetylmuramate:L-alanyl-gamma-D-glutamyl-meso-diaminopimelate ligase	b4233	NP_418654.1	mpl	T2_near_identical_rbh	99.6	1.0	1.0	5.0	5.0		DIAMOND ultra-sensitive reciprocal best hit, identity >=90%, both coverages >=0.8, no tied hit
ECB_RS21830	ECB_04103	WP_001162160.1	metalloprotease PmbA	b4235	NP_418656.1	tldE	T2_near_identical_rbh	99.6	1.0	1.0	5.0	5.0		DIAMOND ultra-sensitive reciprocal best hit, identity >=90%, both coverages >=0.8, no tied hit
ECB_RS21840	ECB_04105	WP_001106238.1	anaerobic ribonucleoside-triphosphate reductase-activating protein	b4237	NP_418658.1	nrdG	T2_near_identical_rbh	98.7	1.0	1.0	5.0	5.0		DIAMOND ultra-sensitive reciprocal best hit, identity >=90%, both coverages >=0.8, no tied hit
ECB_RS21850	ECB_04107	WP_001320168.1	alpha,alpha-phosphotrehalase	b4239	NP_418660.1	treC	T2_near_identical_rbh	98.7	1.0	1.0	5.0	5.0		DIAMOND ultra-sensitive reciprocal best hit, identity >=90%, both coverages >=0.8, no tied hit
ECB_RS21855	ECB_04108	WP_001297258.1	PTS trehalose transporter subunit IIBC	b4240	NP_418661.1	treB	T2_near_identical_rbh	99.4	1.0	1.0	6.0	6.0		DIAMOND ultra-sensitive reciprocal best hit, identity >=90%, both coverages >=0.8, no tied hit
ECB_RS21860	ECB_04109	WP_001181324.1	trehalose operon repressor TreR	b4241	NP_418662.1	treR	T2_near_identical_rbh	99.7	1.0	1.0	6.0	6.0		DIAMOND ultra-sensitive reciprocal best hit, identity >=90%, both coverages >=0.8, no tied hit
ECB_RS21895	ECB_04115	WP_000230274.1	RidA family protein	b4248	NP_418669.1	yjgH	T2_near_identical_rbh	99.2	1.0	1.0	6.0	6.0		DIAMOND ultra-sensitive reciprocal best hit, identity >=90%, both coverages >=0.8, no tied hit
ECB_RS21900	ECB_04116	WP_000500685.1	SDR family oxidoreductase	b4249	NP_418670.1	bdcA	T2_near_identical_rbh	97.9	1.0	1.0	6.0	6.0		DIAMOND ultra-sensitive reciprocal best hit, identity >=90%, both coverages >=0.8, no tied hit
ECB_RS21905	ECB_04117	WP_001319729.1	TetR/AcrR family transcriptional regulator	b4251	NP_418672.4	bdcR	T2_near_identical_rbh	97.0	1.0	1.0	6.0	6.0		DIAMOND ultra-sensitive reciprocal best hit, identity >=90%, both coverages >=0.8, no tied hit
ECB_RS21910	ECB_04118	WP_001319730.1	toxin-antitoxin biofilm protein TabA	b4252	NP_418673.4	tabA	T2_near_identical_rbh	98.0	1.0	1.0	6.0	6.0		DIAMOND ultra-sensitive reciprocal best hit, identity >=90%, both coverages >=0.8, no tied hit
ECB_RS21915	ECB_04119	WP_000036440.1	hypothetical protein	b4253	NP_418674.2	yjgL	T3_divergent_syntenic_rbh	66.3	1.113	1.013	6.0	6.0		reciprocal best hit below T2 thresholds (identity >=50%, coverage >=0.6) with >=1 conserved neighbour within +/-3 loci
ECB_RS21920	ECB_04120	WP_000012907.1	ornithine carbamoyltransferase	b4254	NP_418675.1	argI	T2_near_identical_rbh	99.4	1.0	1.0	6.0	6.0		DIAMOND ultra-sensitive reciprocal best hit, identity >=90%, both coverages >=0.8, no tied hit
ECB_RS21930	ECB_04122	WP_001059397.1	GNAT family N-acetyltransferase	b4256	YP_026287.1	yjgM	T2_near_identical_rbh	97.0	1.0	1.0	6.0	6.0		DIAMOND ultra-sensitive reciprocal best hit, identity >=90%, both coverages >=0.8, no tied hit
ECB_RS21935	ECB_04123	WP_000079628.1	YjgN family protein	b4257	YP_026288.1	yjgN	T2_near_identical_rbh	98.0	1.0	1.0	6.0	6.0		DIAMOND ultra-sensitive reciprocal best hit, identity >=90%, both coverages >=0.8, no tied hit
ECB_RS21940	ECB_04124	WP_000416403.1	valine--tRNA ligase	b4258	NP_418679.1	valS	T2_near_identical_rbh	99.7	1.0	1.0	6.0	6.0		DIAMOND ultra-sensitive reciprocal best hit, identity >=90%, both coverages >=0.8, no tied hit
ECB_RS21945	ECB_04125	WP_000786393.1	DNA polymerase III subunit chi	b4259	NP_418680.1	holC	T2_near_identical_rbh	98.6	1.0	1.0	6.0	6.0		DIAMOND ultra-sensitive reciprocal best hit, identity >=90%, both coverages >=0.8, no tied hit
ECB_RS21975	ECB_04131	WP_001128347.1	gnt-II system L-idonate transporter	b4265	NP_418686.1	idnT	T2_near_identical_rbh	99.8	1.0	1.0	6.0	6.0		DIAMOND ultra-sensitive reciprocal best hit, identity >=90%, both coverages >=0.8, no tied hit
ECB_RS21995	ECB_04135	WP_001318460.1	NADPH-dependent aldehyde reductase Ahr	b4269	NP_418690.4	ahr	T2_near_identical_rbh	99.7	1.0	1.0	4.0	4.0		DIAMOND ultra-sensitive reciprocal best hit, identity >=90%, both coverages >=0.8, no tied hit
ECB_RS22035	ECB_04140	WP_000483767.1	IS4-like element IS4 family transposase	b4278	NP_418698.1	insG	T2_near_identical_rbh	100.0	0.987	1.0	4.0	4.0		DIAMOND ultra-sensitive reciprocal best hit, identity >=90%, both coverages >=0.8, no tied hit
ECB_RS22110	ECB_04154	WP_000684856.1	Fe(3+) dicitrate ABC transporter permease subunit FecD	b4288	NP_418708.1	fecD	T2_near_identical_rbh	99.7	1.0	1.0	4.0	4.0		DIAMOND ultra-sensitive reciprocal best hit, identity >=90%, both coverages >=0.8, no tied hit
ECB_RS22120	ECB_04156	WP_000879164.1	Fe(3+) dicitrate ABC transporter substrate-binding protein FecB	b4290	NP_418710.4	fecB	T2_near_identical_rbh	99.3	1.0	1.0	6.0	6.0		DIAMOND ultra-sensitive reciprocal best hit, identity >=90%, both coverages >=0.8, no tied hit
ECB_RS22125	ECB_04157	WP_000188262.1	TonB-dependent Fe(3+) dicitrate receptor FecA	b4291	NP_418711.1	fecA	T2_near_identical_rbh	99.6	1.0	1.0	6.0	6.0		DIAMOND ultra-sensitive reciprocal best hit, identity >=90%, both coverages >=0.8, no tied hit
ECB_RS22290	ECB_04185	WP_000066560.1	type 1 fimbria chaperone FimC	b4316	NP_418736.3	fimC	T2_near_identical_rbh	99.6	1.0	1.0	6.0	6.0		DIAMOND ultra-sensitive reciprocal best hit, identity >=90%, both coverages >=0.8, no tied hit
ECB_RS22295	ECB_04186	WP_000121002.1	fimbrial usher FimD	b4317	NP_418737.1	fimD	T2_near_identical_rbh	99.9	1.0	1.0	6.0	6.0		DIAMOND ultra-sensitive reciprocal best hit, identity >=90%, both coverages >=0.8, no tied hit
ECB_RS22305	ECB_04188	WP_077897989.1	fimbrial protein	b4319	NP_418739.1	fimG	T2_near_identical_rbh	99.3	1.0	0.88	6.0	6.0		DIAMOND ultra-sensitive reciprocal best hit, identity >=90%, both coverages >=0.8, no tied hit
ECB_RS22310	ECB_04189	WP_000832243.1	type 1 fimbria D-mannose specific adhesin FimH	b4320	NP_418740.1	fimH	T2_near_identical_rbh	99.7	1.0	1.0	6.0	6.0		DIAMOND ultra-sensitive reciprocal best hit, identity >=90%, both coverages >=0.8, no tied hit
ECB_RS22330	ECB_04192	WP_000208176.1	fructuronate reductase	b4323	NP_418743.1	uxuB	T2_near_identical_rbh	99.8	1.0	1.0	5.0	5.0		DIAMOND ultra-sensitive reciprocal best hit, identity >=90%, both coverages >=0.8, no tied hit
ECB_RS22395	ECB_04202	WP_001318795.1	SdiA-regulated domain-containing protein	b4333	NP_418753.3	yjiK	T2_near_identical_rbh	99.7	1.0	1.0	6.0	6.0		DIAMOND ultra-sensitive reciprocal best hit, identity >=90%, both coverages >=0.8, no tied hit
ECB_RS22440	ECB_04211	WP_001318550.1	5-methylcytosine-specific restriction endonuclease system specificity protein McrC	b4345	NP_418765.1	mcrC	T2_near_identical_rbh	98.3	1.0	1.0	5.0	5.0		DIAMOND ultra-sensitive reciprocal best hit, identity >=90%, both coverages >=0.8, no tied hit
ECB_RS22445	ECB_04212	WP_000443948.1	5-methylcytosine-specific restriction endonuclease subunit McrB	b4346	NP_418766.4	mcrB	T2_near_identical_rbh	96.7	1.0	1.0	5.0	5.0		DIAMOND ultra-sensitive reciprocal best hit, identity >=90%, both coverages >=0.8, no tied hit
ECB_RS22450	ECB_04213	WP_000131233.1	endoribonuclease SymE	b4347	NP_418767.4	symE	T2_near_identical_rbh	92.9	1.0	1.0	5.0	5.0		DIAMOND ultra-sensitive reciprocal best hit, identity >=90%, both coverages >=0.8, no tied hit
ECB_RS22455	ECB_04214	WP_000009565.1	restriction endonuclease subunit S	b4348	NP_418768.1	hsdS	excluded_weak_rbh	41.4	1.008	1.03	6.0	6.0		reciprocal best hit failing T2 and T3 thresholds; not a transfer route
ECB_RS22460	ECB_04215	WP_001063208.1	type I restriction-modification system methyltransferase	b4349	NP_418769.1	hsdM	T2_near_identical_rbh	96.4	1.0	1.0	6.0	6.0		DIAMOND ultra-sensitive reciprocal best hit, identity >=90%, both coverages >=0.8, no tied hit
ECB_RS22465	ECB_04216	WP_000981381.1	type I restriction-modification system endonuclease	b4350	NP_418770.2	hsdR	T2_near_identical_rbh	98.7	1.0	1.0	6.0	6.0		DIAMOND ultra-sensitive reciprocal best hit, identity >=90%, both coverages >=0.8, no tied hit
ECB_RS22470	ECB_04217	WP_000217934.1	adenine/cytosine-specific restriction endonuclease Mrr	b4351	NP_418771.1	mrr	T2_near_identical_rbh	99.7	1.0	1.0	6.0	6.0		DIAMOND ultra-sensitive reciprocal best hit, identity >=90%, both coverages >=0.8, no tied hit
ECB_RS22475	ECB_04218	WP_001297640.1	GTPase	b4352	NP_418772.4	yjiA	T2_near_identical_rbh	99.4	1.0	1.0	5.0	5.0		DIAMOND ultra-sensitive reciprocal best hit, identity >=90%, both coverages >=0.8, no tied hit
ECB_RS22485	ECB_04220	WP_001298933.1	pyruvate/proton symporter BtsT	b4354	NP_418774.2	btsT	T2_near_identical_rbh	99.7	1.0	1.0	3.0	3.0		DIAMOND ultra-sensitive reciprocal best hit, identity >=90%, both coverages >=0.8, no tied hit
ECB_RS22550	ECB_04232	WP_000919572.1	methyl-accepting chemotaxis protein	b4355	NP_418775.1	tsr	T2_near_identical_rbh	99.6	1.0	1.0	3.0	3.0		DIAMOND ultra-sensitive reciprocal best hit, identity >=90%, both coverages >=0.8, no tied hit
ECB_RS22600	ECB_04242	WP_000936633.1	helix-turn-helix domain-containing protein	b4365	NP_418785.1	yjjQ	T2_near_identical_rbh	99.6	1.0	1.0	6.0	6.0		DIAMOND ultra-sensitive reciprocal best hit, identity >=90%, both coverages >=0.8, no tied hit
ECB_RS22685	ECB_04256	WP_001143194.1	YjjI family glycine radical enzyme	b4380	NP_418797.1	yjjI	T2_near_identical_rbh	99.6	1.0	1.0	6.0	6.0		DIAMOND ultra-sensitive reciprocal best hit, identity >=90%, both coverages >=0.8, no tied hit
ECB_RS22695	ECB_04257	WP_001295412.1	deoxyribose-phosphate aldolase	b4381	NP_418798.1	deoC	T2_near_identical_rbh	99.6	1.0	1.0	6.0	6.0		DIAMOND ultra-sensitive reciprocal best hit, identity >=90%, both coverages >=0.8, no tied hit
ECB_RS22700	ECB_04258	WP_000477811.1	thymidine phosphorylase	b4382	NP_418799.1	deoA	T2_near_identical_rbh	99.8	1.0	1.0	5.0	5.0		DIAMOND ultra-sensitive reciprocal best hit, identity >=90%, both coverages >=0.8, no tied hit
ECB_RS22705	ECB_04259	WP_000816480.1	phosphopentomutase	b4383	NP_418800.1	deoB	T2_near_identical_rbh	99.8	1.0	1.0	5.0	5.0		DIAMOND ultra-sensitive reciprocal best hit, identity >=90%, both coverages >=0.8, no tied hit
ECB_RS22710	ECB_04260	WP_000224879.1	purine-nucleoside phosphorylase	b4384	NP_418801.1	deoD	T2_near_identical_rbh	99.6	1.0	1.0	5.0	5.0		DIAMOND ultra-sensitive reciprocal best hit, identity >=90%, both coverages >=0.8, no tied hit
ECB_RS22735	ECB_04265	WP_001029698.1	DNA repair protein RadA	b4389	NP_418806.1	radA	T2_near_identical_rbh	99.8	1.0	1.0	6.0	6.0		DIAMOND ultra-sensitive reciprocal best hit, identity >=90%, both coverages >=0.8, no tied hit
ECB_RS22740	ECB_04266	WP_000093806.1	multifunctional transcriptional regulator/nicotinamide-nucleotide adenylyltransferase/ribosylnicotinamide kinase NadR	b4390	NP_418807.4	nadR	T2_near_identical_rbh	99.3	1.0	1.0	6.0	6.0		DIAMOND ultra-sensitive reciprocal best hit, identity >=90%, both coverages >=0.8, no tied hit
ECB_RS22755	ECB_04268	WP_000409456.1	murein transglycosylase	b4392	NP_418809.4	slt	T2_near_identical_rbh	99.8	1.0	1.0	6.0	6.0		DIAMOND ultra-sensitive reciprocal best hit, identity >=90%, both coverages >=0.8, no tied hit
ECB_RS22765	ECB_04270	WP_001341279.1	inosine/xanthosine triphosphatase	b4394	NP_418811.2	yjjX	T2_near_identical_rbh	100.0	0.983	1.0	6.0	6.0		DIAMOND ultra-sensitive reciprocal best hit, identity >=90%, both coverages >=0.8, no tied hit
ECB_RS22785	ECB_04274	WP_001188664.1	two-component system response regulator CreB	b4398	NP_418815.1	creB	T2_near_identical_rbh	98.3	1.0	1.0	6.0	6.0		DIAMOND ultra-sensitive reciprocal best hit, identity >=90%, both coverages >=0.8, no tied hit
ECB_RS22790	ECB_04275	WP_001219614.1	two-component system sensor histidine kinase CreC	b4399	NP_418816.1	creC	T2_near_identical_rbh	98.5	1.0	1.0	6.0	6.0		DIAMOND ultra-sensitive reciprocal best hit, identity >=90%, both coverages >=0.8, no tied hit
ECB_RS22800	ECB_04277	WP_001194364.1	two-component system response regulator ArcA	b4401	NP_418818.1	arcA	T2_near_identical_rbh	99.6	1.0	1.0	6.0	6.0		DIAMOND ultra-sensitive reciprocal best hit, identity >=90%, both coverages >=0.8, no tied hit
ECB_RS22810	ECB_04279	WP_001223167.1	tRNA/rRNA methyltransferase	b4403	NP_418820.1	yjtD	T2_near_identical_rbh	97.8	1.0	1.0	6.0	6.0		DIAMOND ultra-sensitive reciprocal best hit, identity >=90%, both coverages >=0.8, no tied hit
ECB_RS23520	ECB_01322	WP_000040858.1	site-specific integrase	b1345	NP_415861.1	intR	T2_near_identical_rbh	99.8	1.0	1.0	6.0	6.0		DIAMOND ultra-sensitive reciprocal best hit, identity >=90%, both coverages >=0.8, no tied hit
ECB_RS23550		WP_001303494.1	stress response membrane protein YncL	b4598	YP_001165318.1	yncL	T2_near_identical_rbh	96.8	1.0	1.0	6.0	6.0		DIAMOND ultra-sensitive reciprocal best hit, identity >=90%, both coverages >=0.8, no tied hit
ECB_RS23615	ECB_01516	WP_071528545.1	cold-shock protein	b4724	YP_009518790.1	ynfQ	T2_near_identical_rbh	95.2	1.0	1.0	4.0	5.0		DIAMOND ultra-sensitive reciprocal best hit, identity >=90%, both coverages >=0.8, no tied hit
ECB_RS23805	ECB_01987	WP_000468308.1	prophage transcriptional regulator OgrK	b2082	NP_416586.1	ogrK	T2_near_identical_rbh	98.6	1.0	1.0	3.0	3.0		DIAMOND ultra-sensitive reciprocal best hit, identity >=90%, both coverages >=0.8, no tied hit
ECB_RS24860		WP_085947770.1	IS3-like element IS150 family transposase	b3558	NP_418015.1	insK	ambiguous_rbh_tie	99.6	0.621	1.0	0.0	6.0	tied best hit	reciprocal best hit with an equal-bitscore alternative
ECB_RS25345		WP_001299444.1	protein YlcJ	b4733	YP_009518754.1	ylcJ	T2_near_identical_rbh	100.0	0.98	0.98	4.0	4.0		DIAMOND ultra-sensitive reciprocal best hit, identity >=90%, both coverages >=0.8, no tied hit
ECB_RS25390		WP_032141808.1	hypothetical protein	b4739	YP_009518767.1	ymgL	T3_divergent_syntenic_rbh	83.3	1.0	1.0	5.0	6.0		reciprocal best hit below T2 thresholds (identity >=50%, coverage >=0.6) with >=1 conserved neighbour within +/-3 loci
ECB_RS25565		WP_122056850.1	hypothetical protein	b4754	YP_009518813.1	yqfI	T2_near_identical_rbh	96.3	1.0	1.0	6.0	6.0		DIAMOND ultra-sensitive reciprocal best hit, identity >=90%, both coverages >=0.8, no tied hit
ECB_RS25680		WP_122999405.1	iraD leader peptide IdlP	b4722	YP_009518832.1	idlP	T2_near_identical_rbh	96.3	1.0	1.0	5.0	5.0		DIAMOND ultra-sensitive reciprocal best hit, identity >=90%, both coverages >=0.8, no tied hit
ECB_RS25685	ECB_04262	WP_000105862.1	lipoate--protein ligase LplA	b4386	NP_418803.1	lplA	T2_near_identical_rbh	97.6	1.0	1.0	5.0	5.0		DIAMOND ultra-sensitive reciprocal best hit, identity >=90%, both coverages >=0.8, no tied hit
ECB_RS25770	ECB_02771	WP_001303651.1	protein YqgD	b2941	YP_009518814.1	yqgD	T2_near_identical_rbh	98.8	1.0	1.0	6.0	6.0		DIAMOND ultra-sensitive reciprocal best hit, identity >=90%, both coverages >=0.8, no tied hit
ECB_RS26145	ECB_01333	WP_000233810.1	hypothetical protein	b1355	NP_415873.2	ydaG	T3_divergent_syntenic_rbh	88.6	1.0	1.0	3.0	4.0		reciprocal best hit below T2 thresholds (identity >=50%, coverage >=0.6) with >=1 conserved neighbour within +/-3 loci
ECB_RS26155		WP_269212562.1	protein YoaL	b4751	YP_009518795.2	yoaL	T2_near_identical_rbh	98.1	1.0	1.0	6.0	6.0		DIAMOND ultra-sensitive reciprocal best hit, identity >=90%, both coverages >=0.8, no tied hit
ECB_RS26160		WP_001298786.1	protein YojO	b4604	YP_009518801.1	yojO	T2_near_identical_rbh	98.1	1.0	1.0	6.0	6.0		DIAMOND ultra-sensitive reciprocal best hit, identity >=90%, both coverages >=0.8, no tied hit
ECB_RS26250	ECB_00508	WP_001301134.1	prophage endopeptidase RzpD	b0556	NP_415088.1	rzpD	T2_near_identical_rbh	95.4	1.0	1.0	4.0	5.0		DIAMOND ultra-sensitive reciprocal best hit, identity >=90%, both coverages >=0.8, no tied hit
ECB_RS26300		WP_001329370.1	hypothetical protein	b4777	YP_010051187.1	mdtU	excluded_weak_rbh	97.0	0.589	1.0	6.0	6.0		reciprocal best hit failing T2 and T3 thresholds; not a transfer route
ECB_RS07155	ECB_01346	WP_000836768.1	cold shock protein YdfK	b1544	NP_416062.2	ydfK	ambiguous_exact_sequence	100.0	1.0	1.0			identical sequence shared by 2 REL606 and 1 MG1655 loci	identical protein sequence shared by more than one locus on at least one side
ECB_RS07960	ECB_01503	WP_000836768.1	cold shock protein YdfK	b1544	NP_416062.2	ydfK	ambiguous_exact_sequence	100.0	1.0	1.0			identical sequence shared by 2 REL606 and 1 MG1655 loci	identical protein sequence shared by more than one locus on at least one side
ECB_RS02865	ECB_00548	WP_001300563.1	IS4-like element IS421 family transposase	b2394	NP_416895.2	insL3	ambiguous_exact_sequence	100.0	1.0	1.0			identical sequence shared by 5 REL606 and 3 MG1655 loci	identical protein sequence shared by more than one locus on at least one side
ECB_RS02865	ECB_00548	WP_001300563.1	IS4-like element IS421 family transposase	b0016	NP_414557.1	insL1	ambiguous_exact_sequence	100.0	1.0	1.0			identical sequence shared by 5 REL606 and 3 MG1655 loci	identical protein sequence shared by more than one locus on at least one side
ECB_RS02865	ECB_00548	WP_001300563.1	IS4-like element IS421 family transposase	b0582	NP_415114.1	insL2	ambiguous_exact_sequence	100.0	1.0	1.0			identical sequence shared by 5 REL606 and 3 MG1655 loci	identical protein sequence shared by more than one locus on at least one side
ECB_RS00080	ECB_00016	WP_001300563.1	IS4-like element IS421 family transposase	b2394	NP_416895.2	insL3	ambiguous_exact_sequence	100.0	1.0	1.0			identical sequence shared by 5 REL606 and 3 MG1655 loci	identical protein sequence shared by more than one locus on at least one side
ECB_RS00080	ECB_00016	WP_001300563.1	IS4-like element IS421 family transposase	b0016	NP_414557.1	insL1	ambiguous_exact_sequence	100.0	1.0	1.0			identical sequence shared by 5 REL606 and 3 MG1655 loci	identical protein sequence shared by more than one locus on at least one side
ECB_RS00080	ECB_00016	WP_001300563.1	IS4-like element IS421 family transposase	b0582	NP_415114.1	insL2	ambiguous_exact_sequence	100.0	1.0	1.0			identical sequence shared by 5 REL606 and 3 MG1655 loci	identical protein sequence shared by more than one locus on at least one side
ECB_RS09325	ECB_01767	WP_001300563.1	IS4-like element IS421 family transposase	b2394	NP_416895.2	insL3	ambiguous_exact_sequence	100.0	1.0	1.0			identical sequence shared by 5 REL606 and 3 MG1655 loci	identical protein sequence shared by more than one locus on at least one side
ECB_RS09325	ECB_01767	WP_001300563.1	IS4-like element IS421 family transposase	b0016	NP_414557.1	insL1	ambiguous_exact_sequence	100.0	1.0	1.0			identical sequence shared by 5 REL606 and 3 MG1655 loci	identical protein sequence shared by more than one locus on at least one side
ECB_RS09325	ECB_01767	WP_001300563.1	IS4-like element IS421 family transposase	b0582	NP_415114.1	insL2	ambiguous_exact_sequence	100.0	1.0	1.0			identical sequence shared by 5 REL606 and 3 MG1655 loci	identical protein sequence shared by more than one locus on at least one side
ECB_RS02045	ECB_00390	WP_001300563.1	IS4-like element IS421 family transposase	b2394	NP_416895.2	insL3	ambiguous_exact_sequence	100.0	1.0	1.0			identical sequence shared by 5 REL606 and 3 MG1655 loci	identical protein sequence shared by more than one locus on at least one side
ECB_RS02045	ECB_00390	WP_001300563.1	IS4-like element IS421 family transposase	b0016	NP_414557.1	insL1	ambiguous_exact_sequence	100.0	1.0	1.0			identical sequence shared by 5 REL606 and 3 MG1655 loci	identical protein sequence shared by more than one locus on at least one side
ECB_RS02045	ECB_00390	WP_001300563.1	IS4-like element IS421 family transposase	b0582	NP_415114.1	insL2	ambiguous_exact_sequence	100.0	1.0	1.0			identical sequence shared by 5 REL606 and 3 MG1655 loci	identical protein sequence shared by more than one locus on at least one side
ECB_RS13760	ECB_02604	WP_001300563.1	IS4-like element IS421 family transposase	b2394	NP_416895.2	insL3	ambiguous_exact_sequence	100.0	1.0	1.0			identical sequence shared by 5 REL606 and 3 MG1655 loci	identical protein sequence shared by more than one locus on at least one side
ECB_RS13760	ECB_02604	WP_001300563.1	IS4-like element IS421 family transposase	b0016	NP_414557.1	insL1	ambiguous_exact_sequence	100.0	1.0	1.0			identical sequence shared by 5 REL606 and 3 MG1655 loci	identical protein sequence shared by more than one locus on at least one side
ECB_RS13760	ECB_02604	WP_001300563.1	IS4-like element IS421 family transposase	b0582	NP_415114.1	insL2	ambiguous_exact_sequence	100.0	1.0	1.0			identical sequence shared by 5 REL606 and 3 MG1655 loci	identical protein sequence shared by more than one locus on at least one side
ECB_RS25425		WP_120795384.1	YnaM/YnfT family protein	b4748	YP_009518787.1	ynfT	ambiguous_exact_sequence	100.0	1.0	1.0			identical sequence shared by 2 REL606 and 2 MG1655 loci	identical protein sequence shared by more than one locus on at least one side
ECB_RS25425		WP_120795384.1	YnaM/YnfT family protein	b4744	YP_009518779.1	ynaM	ambiguous_exact_sequence	100.0	1.0	1.0			identical sequence shared by 2 REL606 and 2 MG1655 loci	identical protein sequence shared by more than one locus on at least one side
ECB_RS25445		WP_120795384.1	YnaM/YnfT family protein	b4748	YP_009518787.1	ynfT	ambiguous_exact_sequence	100.0	1.0	1.0			identical sequence shared by 2 REL606 and 2 MG1655 loci	identical protein sequence shared by more than one locus on at least one side
ECB_RS25445		WP_120795384.1	YnaM/YnfT family protein	b4744	YP_009518779.1	ynaM	ambiguous_exact_sequence	100.0	1.0	1.0			identical sequence shared by 2 REL606 and 2 MG1655 loci	identical protein sequence shared by more than one locus on at least one side
ECB_RS18325	ECB_03460	WP_001033182.1	YadA-like family protein				no_partner							no reciprocal best hit at e<=1e-10
ECB_RS11350	ECB_02154	WP_000536551.1	alpha-2-macroglobulin family protein				no_partner							no reciprocal best hit at e<=1e-10
ECB_RS01355	ECB_00256	WP_000020227.1	inverse autotransporter adhesin FdeC				no_partner							no reciprocal best hit at e<=1e-10
ECB_RS07510	ECB_01414	WP_000014859.1	rhs element protein RhsD				no_partner							no reciprocal best hit at e<=1e-10
ECB_RS10780	ECB_02045	WP_001215622.1	DUF4132 domain-containing protein				no_partner							no reciprocal best hit at e<=1e-10
ECB_RS18660	ECB_03531	WP_001038839.1	autotransporter outer membrane beta-barrel domain-containing protein				no_partner							no reciprocal best hit at e<=1e-10
ECB_RS01680	ECB_00321	WP_000556441.1	autotransporter outer membrane beta-barrel domain-containing protein				no_partner							no reciprocal best hit at e<=1e-10
ECB_RS10545	ECB_01994	WP_000104717.1	phage tail protein				no_partner							no reciprocal best hit at e<=1e-10
ECB_RS11900	ECB_02262	WP_001300969.1	fimbrial usher protein YfcU				no_partner							no reciprocal best hit at e<=1e-10
ECB_RS15410	ECB_02916	WP_000277101.1	fimbria/pilus outer membrane usher protein				no_partner							no reciprocal best hit at e<=1e-10
ECB_RS08165	ECB_01545	WP_000048322.1	exonuclease				no_partner							no reciprocal best hit at e<=1e-10
ECB_RS04380	ECB_00825	WP_000017603.1	replication endonuclease				no_partner							no reciprocal best hit at e<=1e-10
ECB_RS18630	ECB_03521	WP_001313395.1	glycoside hydrolase family 31 protein				no_partner							no reciprocal best hit at e<=1e-10
ECB_RS02690	ECB_00513	WP_000290529.1	prophage tail fiber N-terminal domain-containing protein				no_partner							no reciprocal best hit at e<=1e-10
ECB_RS10600	ECB_02004	WP_000268610.1	replication endonuclease				no_partner							no reciprocal best hit at e<=1e-10
ECB_RS07505	ECB_01413	WP_000103253.1	type VI secretion system tip protein VgrG				no_partner							no reciprocal best hit at e<=1e-10
ECB_RS21675	ECB_04072	WP_000080350.1	FAD-dependent oxidoreductase				no_partner							no reciprocal best hit at e<=1e-10
ECB_RS14990	ECB_02838	WP_000498829.1	type II secretion system secretin GspD				no_partner							no reciprocal best hit at e<=1e-10
ECB_RS14895	ECB_02818	WP_000579244.1	capsular polysaccharide biosynthesis protein				no_partner							no reciprocal best hit at e<=1e-10
ECB_RS22075	ECB_04148	WP_001293436.1	BCCT family transporter				no_partner							no reciprocal best hit at e<=1e-10
ECB_RS18205	ECB_03438	WP_001026892.1	glycoside hydrolase family 127 protein				no_partner							no reciprocal best hit at e<=1e-10
ECB_RS10585	ECB_02001	WP_000844440.1	AAA family ATPase				no_partner							no reciprocal best hit at e<=1e-10
ECB_RS03250	ECB_00624	WP_001276742.1	rhomboid family intramembrane serine protease				no_partner							no reciprocal best hit at e<=1e-10
ECB_RS04415	ECB_00833	WP_001098413.1	terminase ATPase subunit family protein				no_partner							no reciprocal best hit at e<=1e-10
ECB_RS15060	ECB_02851	WP_001325883.1	fatty acyl-AMP ligase				no_partner							no reciprocal best hit at e<=1e-10
ECB_RS14885	ECB_02816	WP_012767757.1	polysaccharide biosynthesis/export family protein				no_partner							no reciprocal best hit at e<=1e-10
ECB_RS19295	ECB_03646	WP_001012606.1	acetolactate synthase 2 catalytic subunit				no_partner							no reciprocal best hit at e<=1e-10
ECB_RS03915	ECB_00733	WP_001130801.1	hypothetical protein				no_partner							no reciprocal best hit at e<=1e-10
ECB_RS04470	ECB_00845	WP_000104800.1	phage tail protein				no_partner							no reciprocal best hit at e<=1e-10
ECB_RS17655	ECB_03339	WP_000643701.1	YhiJ/YhiL family protein				no_partner							no reciprocal best hit at e<=1e-10
ECB_RS13995	ECB_02649	WP_000551482.1	FGGY-family carbohydrate kinase				no_partner							no reciprocal best hit at e<=1e-10
ECB_RS22500	ECB_04222	WP_000801470.1	4-hydroxyphenylacetate 3-monooxygenase, oxygenase component				no_partner							no reciprocal best hit at e<=1e-10
ECB_RS19655	ECB_03714	WP_000865639.1	acyl-CoA synthetase FdrA				no_partner							no reciprocal best hit at e<=1e-10
ECB_RS13255	ECB_02510	WP_000135616.1	recombinase family protein				no_partner							no reciprocal best hit at e<=1e-10
ECB_RS21680	ECB_04073	WP_001226942.1	acyl CoA:acetate/3-ketoacid CoA transferase				no_partner							no reciprocal best hit at e<=1e-10
ECB_RS14010	ECB_02652	WP_000004944.1	sugar ABC transporter ATP-binding protein				no_partner							no reciprocal best hit at e<=1e-10
ECB_RS14985	ECB_02837	WP_000249329.1	type II secretion system ATPase GspE				no_partner							no reciprocal best hit at e<=1e-10
ECB_RS19685	ECB_03719	WP_000463026.1	tripartite tricarboxylate transporter permease				no_partner							no reciprocal best hit at e<=1e-10
ECB_RS22535	ECB_04229	WP_000757515.1	5-carboxymethyl-2-hydroxymuconate semialdehyde dehydrogenase				no_partner							no reciprocal best hit at e<=1e-10
ECB_RS10895	ECB_02068	WP_001078139.1	multidrug resistance outer membrane protein MdtQ				no_partner							no reciprocal best hit at e<=1e-10
ECB_RS10255	ECB_01933	WP_000097983.1	mannose-1-phosphate guanylyltransferase/mannose-6-phosphate isomerase				no_partner							no reciprocal best hit at e<=1e-10
ECB_RS10300	ECB_01943	WP_001060533.1	O7 family O-antigen flippase				no_partner							no reciprocal best hit at e<=1e-10
ECB_RS19650	ECB_03713	WP_001093942.1	DUF1116 domain-containing protein				no_partner							no reciprocal best hit at e<=1e-10
ECB_RS18200	ECB_03437	WP_000204812.1	MFS transporter				no_partner							no reciprocal best hit at e<=1e-10
ECB_RS20070	ECB_03786	WP_000749926.1	carbohydrate porin				no_partner							no reciprocal best hit at e<=1e-10
ECB_RS22510	ECB_04224	WP_001285764.1	4-hydroxyphenylacetate permease				no_partner							no reciprocal best hit at e<=1e-10
ECB_RS25190		WP_085947770.1	IS3-like element IS150 family transposase				no_partner							no reciprocal best hit at e<=1e-10
ECB_RS25125		WP_085947770.1	IS3-like element IS150 family transposase				no_partner							no reciprocal best hit at e<=1e-10
ECB_RS25215		WP_085947770.1	IS3-like element IS150 family transposase				no_partner							no reciprocal best hit at e<=1e-10
ECB_RS10250	ECB_01932	WP_000954427.1	colanic acid biosynthesis phosphomannomutase CpsG				no_partner							no reciprocal best hit at e<=1e-10
ECB_RS25075		WP_085950470.1	IS3-like element ISEcB1 family transposase				no_partner							no reciprocal best hit at e<=1e-10
ECB_RS10670	ECB_02018	WP_000490679.1	PTS galactitol transporter subunit IIC				no_partner							no reciprocal best hit at e<=1e-10
ECB_RS14930	ECB_02826	WP_000040994.1	CDP-glycerol glycerophosphotransferase family protein				no_partner							no reciprocal best hit at e<=1e-10
ECB_RS03940	ECB_00738	WP_000394418.1	hypothetical protein				no_partner							no reciprocal best hit at e<=1e-10
ECB_RS18850	ECB_03565	WP_000160104.1	6-phospho-alpha-glucosidase				no_partner							no reciprocal best hit at e<=1e-10
ECB_RS18625	ECB_03520	WP_001329026.1	MFS transporter				no_partner							no reciprocal best hit at e<=1e-10
ECB_RS22540	ECB_04230	WP_000679064.1	4-hydroxyphenylacetate degradation bifunctional isomerase/decarboxylase				no_partner							no reciprocal best hit at e<=1e-10
ECB_RS21670	ECB_04071	WP_001033617.1	MFS transporter				no_partner							no reciprocal best hit at e<=1e-10
ECB_RS26270		WP_000879385.1	phage head spike fiber domain-containing protein				no_partner							no reciprocal best hit at e<=1e-10
ECB_RS14900	ECB_02819	WP_001153640.1	capsule biosynthesis protein				no_partner							no reciprocal best hit at e<=1e-10
ECB_RS10595	ECB_02003	WP_000063128.1	ABC-three component system protein				no_partner							no reciprocal best hit at e<=1e-10
ECB_RS19635	ECB_03710	WP_001227362.1	cytosine permease				no_partner							no reciprocal best hit at e<=1e-10
ECB_RS14980	ECB_02836	WP_001173416.1	type II secretion system inner membrane protein GspF				no_partner							no reciprocal best hit at e<=1e-10
ECB_RS17745	ECB_03353	WP_000020596.1	hypothetical protein				no_partner							no reciprocal best hit at e<=1e-10
ECB_RS22005	ECB_04136	WP_223362169.1	tyrosine-type recombinase/integrase				no_partner							no reciprocal best hit at e<=1e-10
ECB_RS10535	ECB_01989	WP_001286736.1	phage tail sheath protein				no_partner							no reciprocal best hit at e<=1e-10
ECB_RS13380	ECB_02536	WP_000165699.1	MFS transporter				no_partner							no reciprocal best hit at e<=1e-10
ECB_RS10275	ECB_01938	WP_001230642.1	O7 family O-antigen polymerase				no_partner							no reciprocal best hit at e<=1e-10
ECB_RS15075	ECB_02854	WP_000524970.1	serine palmitoyltransferase				no_partner							no reciprocal best hit at e<=1e-10
ECB_RS22065	ECB_04146	WP_085948656.1	IS3-like element IS911 family transposase				no_partner							no reciprocal best hit at e<=1e-10
ECB_RS14255	ECB_02696	WP_085947598.1	IS3-like element IS3 family transposase				no_partner							no reciprocal best hit at e<=1e-10
ECB_RS07225	ECB_01360	WP_085947771.1	IS3-like element IS3 family transposase				no_partner							no reciprocal best hit at e<=1e-10
ECB_RS08065	ECB_01525	WP_085947598.1	IS3-like element IS3 family transposase				no_partner							no reciprocal best hit at e<=1e-10
ECB_RS08005	ECB_01512	WP_085947771.1	IS3-like element IS3 family transposase				no_partner							no reciprocal best hit at e<=1e-10
ECB_RS22080	ECB_04149	WP_085947616.1	IS3-like element IS600 family transposase				no_partner							no reciprocal best hit at e<=1e-10
ECB_RS14880	ECB_02815	WP_000905931.1	capsule polysaccharide export inner-membrane protein KpsE				no_partner							no reciprocal best hit at e<=1e-10
ECB_RS03945	ECB_00739	WP_000603805.1	acyltransferase family protein				no_partner							no reciprocal best hit at e<=1e-10
ECB_RS14910	ECB_02821	WP_000069818.1	hypothetical protein				no_partner							no reciprocal best hit at e<=1e-10
ECB_RS02750	ECB_00525	WP_000420970.1	ISAs1 family transposase				no_partner							no reciprocal best hit at e<=1e-10
ECB_RS15865	ECB_03002	WP_012775972.1	N-acetylglucosamine-6-phosphate deacetylase				no_partner							no reciprocal best hit at e<=1e-10
ECB_RS10270	ECB_01937	WP_000161786.1	glycosyltransferase family 4 protein				no_partner							no reciprocal best hit at e<=1e-10
ECB_RS10295	ECB_01942	WP_000998544.1	dTDP-4-amino-4,6-dideoxy-D-glucose aminotransferase VioA				no_partner							no reciprocal best hit at e<=1e-10
ECB_RS10540	ECB_01993	WP_000348282.1	glycosyltransferase family 2 protein				no_partner							no reciprocal best hit at e<=1e-10
ECB_RS06885	ECB_01295	WP_000057985.1	ABC transporter ATP-binding protein				no_partner							no reciprocal best hit at e<=1e-10
ECB_RS15080	ECB_02855	WP_001318997.1	LPS export ABC transporter permease LptG				no_partner							no reciprocal best hit at e<=1e-10
ECB_RS15085	ECB_02856	WP_000779636.1	LPS export ABC transporter permease LptF				no_partner							no reciprocal best hit at e<=1e-10
ECB_RS18620	ECB_03519	WP_000412404.1	LacI family DNA-binding transcriptional regulator				no_partner							no reciprocal best hit at e<=1e-10
ECB_RS18615	ECB_03517	WP_000999851.1	tetratricopeptide repeat protein				no_partner							no reciprocal best hit at e<=1e-10
ECB_RS04410	ECB_00832	WP_000520360.1	phage portal protein				no_partner							no reciprocal best hit at e<=1e-10
ECB_RS16525	ECB_03126	WP_000738568.1	amino acid ABC transporter substrate-binding protein				no_partner							no reciprocal best hit at e<=1e-10
ECB_RS26130	ECB_00815	WP_000290930.1	phage integrase				no_partner							no reciprocal best hit at e<=1e-10
ECB_RS10640	ECB_02012	WP_000985265.1	site-specific integrase				no_partner							no reciprocal best hit at e<=1e-10
ECB_RS19705	ECB_03723	WP_001117530.1	2-dehydro-3-deoxygalactonokinase				no_partner							no reciprocal best hit at e<=1e-10
ECB_RS07280	ECB_01371	WP_000048667.1	type I glyceraldehyde-3-phosphate dehydrogenase				no_partner							no reciprocal best hit at e<=1e-10
ECB_RS13990	ECB_02648	WP_001140843.1	LacI family DNA-binding transcriptional regulator				no_partner							no reciprocal best hit at e<=1e-10
ECB_RS03935	ECB_00737	WP_012777356.1	acyltransferase family protein				no_partner							no reciprocal best hit at e<=1e-10
ECB_RS17340	ECB_03279	WP_001032214.1	PstS family phosphate ABC transporter substrate-binding protein				no_partner							no reciprocal best hit at e<=1e-10
ECB_RS14875	ECB_02814	WP_024181915.1	KpsF/GutQ family sugar-phosphate isomerase				no_partner							no reciprocal best hit at e<=1e-10
ECB_RS18425	ECB_03480	WP_000064010.1	glycosyltransferase family 2 protein				no_partner							no reciprocal best hit at e<=1e-10
ECB_RS14005	ECB_02651	WP_000156205.1	ABC transporter permease				no_partner							no reciprocal best hit at e<=1e-10
ECB_RS14955	ECB_02831	WP_000633200.1	type II secretion system minor pseudopilin GspK				no_partner							no reciprocal best hit at e<=1e-10
ECB_RS19695	ECB_03721	WP_000589802.1	Bug family tripartite tricarboxylate transporter substrate binding protein				no_partner							no reciprocal best hit at e<=1e-10
ECB_RS00100	ECB_00020	WP_000871665.1	hypothetical protein				no_partner							no reciprocal best hit at e<=1e-10
ECB_RS14905	ECB_02820	WP_000991482.1	hypothetical protein				no_partner							no reciprocal best hit at e<=1e-10
ECB_RS19645	ECB_03712	WP_000240546.1	carbamate kinase				no_partner							no reciprocal best hit at e<=1e-10
ECB_RS14000	ECB_02650	WP_000857361.1	ABC transporter substrate-binding protein				no_partner							no reciprocal best hit at e<=1e-10
ECB_RS01970	ECB_00376	WP_001297127.1	tetratricopeptide repeat protein				no_partner							no reciprocal best hit at e<=1e-10
ECB_RS04400	ECB_00830	WP_001034589.1	retron St85 family effector protein				no_partner							no reciprocal best hit at e<=1e-10
ECB_RS14790	ECB_02798	WP_000250228.1	hypothetical protein				no_partner							no reciprocal best hit at e<=1e-10
ECB_RS15065	ECB_02852	WP_001077166.1	NAD-dependent epimerase/dehydratase family protein				no_partner							no reciprocal best hit at e<=1e-10
ECB_RS04460	ECB_00843	WP_000268294.1	baseplate assembly protein				no_partner							no reciprocal best hit at e<=1e-10
ECB_RS10555	ECB_01996	WP_001121455.1	baseplate assembly protein				no_partner							no reciprocal best hit at e<=1e-10
ECB_RS19530	ECB_03690	WP_000751614.1	SAM hydrolase/SAM-dependent halogenase family protein				no_partner							no reciprocal best hit at e<=1e-10
ECB_RS13265	ECB_02512	WP_000614784.1	ParB/RepB/Spo0J family partition protein				no_partner							no reciprocal best hit at e<=1e-10
ECB_RS13260	ECB_02511	WP_000936465.1	ParB/RepB/Spo0J family partition protein				no_partner							no reciprocal best hit at e<=1e-10
ECB_RS19630	ECB_03709	WP_000470717.1	LysR substrate-binding domain-containing protein				no_partner							no reciprocal best hit at e<=1e-10
ECB_RS22505	ECB_04223	WP_000332891.1	4-hydroxyphenylacetate catabolism regulatory protein HpaA				no_partner							no reciprocal best hit at e<=1e-10
ECB_RS04405	ECB_00831	WP_226347323.1	retron St85 family RNA-directed DNA polymerase				no_partner							no reciprocal best hit at e<=1e-10
ECB_RS15190	ECB_02875	WP_001424373.1	YghX family hydrolase				no_partner							no reciprocal best hit at e<=1e-10
ECB_RS15855	ECB_03000	WP_001295548.1	PTS N-acetylgalactosamine transporter subunit IID				no_partner							no reciprocal best hit at e<=1e-10
ECB_RS25620	ECB_03510	WP_000747329.1	hypothetical protein				no_partner							no reciprocal best hit at e<=1e-10
ECB_RS19660	ECB_03715	WP_001301301.1	DUF2877 domain-containing protein				no_partner							no reciprocal best hit at e<=1e-10
ECB_RS04375	ECB_00824	WP_000104175.1	DNA adenine methylase				no_partner							no reciprocal best hit at e<=1e-10
ECB_RS22530	ECB_04228	WP_000516990.1	3,4-dihydroxyphenylacetate 2,3-dioxygenase				no_partner							no reciprocal best hit at e<=1e-10
ECB_RS01360	ECB_00257	WP_000621009.1	helix-turn-helix domain-containing protein				no_partner							no reciprocal best hit at e<=1e-10
ECB_RS19555	ECB_03694	WP_001066390.1	YPO3983 family protein				no_partner							no reciprocal best hit at e<=1e-10
ECB_RS18705	ECB_03540	WP_000065752.1	DUF4942 domain-containing protein				no_partner							no reciprocal best hit at e<=1e-10
ECB_RS21690	ECB_04075	WP_001205235.1	sugar phosphate isomerase/epimerase family protein				no_partner							no reciprocal best hit at e<=1e-10
ECB_RS05395	ECB_01019	WP_000497942.1	iron uptake transporter permease EfeU				no_partner							no reciprocal best hit at e<=1e-10
ECB_RS15095	ECB_02858	WP_000984978.1	hypothetical protein				no_partner							no reciprocal best hit at e<=1e-10
ECB_RS10280	ECB_01939	WP_000340445.1	sugar polymerase				no_partner							no reciprocal best hit at e<=1e-10
ECB_RS18195	ECB_03436	WP_000891828.1	AraC family transcriptional regulator				no_partner							no reciprocal best hit at e<=1e-10
ECB_RS04445	ECB_00840	WP_000115390.1	DUF6216 family protein				no_partner							no reciprocal best hit at e<=1e-10
ECB_RS22520	ECB_04226	WP_000459750.1	2-oxo-hept-4-ene-1,7-dioate hydratase				no_partner							no reciprocal best hit at e<=1e-10
ECB_RS21695	ECB_04076	WP_000843384.1	3-ketoacyl-ACP reductase				no_partner							no reciprocal best hit at e<=1e-10
ECB_RS03095	ECB_00595	WP_000959109.1	deaminated glutathione amidase				no_partner							no reciprocal best hit at e<=1e-10
ECB_RS22515	ECB_04225	WP_000431701.1	4-hydroxy-2-oxoheptanedioate aldolase				no_partner							no reciprocal best hit at e<=1e-10
ECB_RS10570	ECB_01999	WP_000490543.1	hypothetical protein				no_partner							no reciprocal best hit at e<=1e-10
ECB_RS01185	ECB_00225	WP_000207564.1	putative lateral flagellar export/assembly protein LafU				no_partner							no reciprocal best hit at e<=1e-10
ECB_RS21145	ECB_03975	WP_001193500.1	phosphonate ABC transporter, permease protein PhnE				no_partner							no reciprocal best hit at e<=1e-10
ECB_RS15850	ECB_02999	WP_000406214.1	PTS N-acetylgalactosamine transporter subunit IIC				no_partner							no reciprocal best hit at e<=1e-10
ECB_RS14940	ECB_02828	WP_000124289.1	ABC transporter permease				no_partner							no reciprocal best hit at e<=1e-10
ECB_RS21685	ECB_04074	WP_001283546.1	enoyl-CoA hydratase/isomerase family protein				no_partner							no reciprocal best hit at e<=1e-10
ECB_RS10660	ECB_02016	WP_001295426.1	DeoR/GlpR family DNA-binding transcription regulator				no_partner							no reciprocal best hit at e<=1e-10
ECB_RS10265	ECB_01936	WP_001278664.1	UDP-Gal:alpha-D-GlcNAc-diphosphoundecaprenol beta-1,3-galactosyltransferase				no_partner							no reciprocal best hit at e<=1e-10
ECB_RS19710	ECB_03724	WP_000852398.1	IclR family transcriptional regulator				no_partner							no reciprocal best hit at e<=1e-10
ECB_RS07125	ECB_01341	WP_000770037.1	DUF6651 domain-containing protein				no_partner							no reciprocal best hit at e<=1e-10
ECB_RS17315	ECB_03274	WP_015833307.1	DeoR/GlpR family transcriptional regulator				no_partner							no reciprocal best hit at e<=1e-10
ECB_RS04420	ECB_00834	WP_000216259.1	GPO family capsid scaffolding protein				no_partner							no reciprocal best hit at e<=1e-10
ECB_RS17900	ECB_03382	WP_000279493.1	cellulose biosynthesis protein BcsQ				no_partner							no reciprocal best hit at e<=1e-10
ECB_RS10285	ECB_01940	WP_000690820.1	glycosyl transferase				no_partner							no reciprocal best hit at e<=1e-10
ECB_RS14890	ECB_02817	WP_000030740.1	3-deoxy-manno-octulosonate cytidylyltransferase				no_partner							no reciprocal best hit at e<=1e-10
ECB_RS14925	ECB_02825	WP_000789017.1	IspD/TarI family cytidylyltransferase				no_partner							no reciprocal best hit at e<=1e-10
ECB_RS08050	ECB_01522	WP_001146314.1	helix-turn-helix domain-containing protein				no_partner							no reciprocal best hit at e<=1e-10
ECB_RS07975	ECB_01506	WP_000235975.1	tail fiber domain-containing protein				no_partner							no reciprocal best hit at e<=1e-10
ECB_RS02700	ECB_00515	WP_000235987.1	tail fiber domain-containing protein				no_partner							no reciprocal best hit at e<=1e-10
ECB_RS05915	ECB_01117	WP_094096600.1	IS1-like element IS1A family transposase				no_partner							no reciprocal best hit at e<=1e-10
ECB_RS06590	ECB_01244	WP_103215986.1	IS1-like element IS1A family transposase				no_partner							no reciprocal best hit at e<=1e-10
ECB_RS09950	ECB_01881	WP_103215986.1	IS1-like element IS1A family transposase				no_partner							no reciprocal best hit at e<=1e-10
ECB_RS10260	ECB_01934	WP_223290517.1	IS1-like element IS1A family transposase				no_partner							no reciprocal best hit at e<=1e-10
ECB_RS10685	ECB_02023	WP_223290517.1	IS1-like element IS1A family transposase				no_partner							no reciprocal best hit at e<=1e-10
ECB_RS10760	ECB_02040	WP_094096600.1	IS1-like element IS1A family transposase				no_partner							no reciprocal best hit at e<=1e-10
ECB_RS23205	ECB_00545	WP_103215986.1	IS1-like element IS1A family transposase				no_partner							no reciprocal best hit at e<=1e-10
ECB_RS01120	ECB_00211	WP_094096600.1	IS1-like element IS1A family transposase				no_partner							no reciprocal best hit at e<=1e-10
ECB_RS02980	ECB_00571	WP_223290517.1	IS1-like element IS1A family transposase				no_partner							no reciprocal best hit at e<=1e-10
ECB_RS02630	ECB_00504	WP_103215986.1	IS1-like element IS1A family transposase				no_partner							no reciprocal best hit at e<=1e-10
ECB_RS13270	ECB_02514	WP_094096600.1	IS1-like element IS1A family transposase				no_partner							no reciprocal best hit at e<=1e-10
ECB_RS07290	ECB_01373	WP_103215986.1	IS1-like element IS1A family transposase				no_partner							no reciprocal best hit at e<=1e-10
ECB_RS23940	ECB_02270	WP_094096600.1	IS1-like element IS1A family transposase				no_partner							no reciprocal best hit at e<=1e-10
ECB_RS03060	ECB_00587	WP_223290517.1	IS1-like element IS1A family transposase				no_partner							no reciprocal best hit at e<=1e-10
ECB_RS14920	ECB_02823	WP_094096600.1	IS1-like element IS1A family transposase				no_partner							no reciprocal best hit at e<=1e-10
ECB_RS22165	ECB_04163	WP_094096600.1	IS1-like element IS1A family transposase				no_partner							no reciprocal best hit at e<=1e-10
ECB_RS01240	ECB_00237	WP_103215986.1	IS1-like element IS1A family transposase				no_partner							no reciprocal best hit at e<=1e-10
ECB_RS22430	ECB_04209	WP_094096600.1	IS1-like element IS1A family transposase				no_partner							no reciprocal best hit at e<=1e-10
ECB_RS18445	ECB_03484	WP_094096600.1	IS1-like element IS1A family transposase				no_partner							no reciprocal best hit at e<=1e-10
ECB_RS01650	ECB_00313	WP_223290517.1	IS1-like element IS1A family transposase				no_partner							no reciprocal best hit at e<=1e-10
ECB_RS17075	ECB_03227	WP_094096600.1	IS1-like element IS1A family transposase				no_partner							no reciprocal best hit at e<=1e-10
ECB_RS01790	ECB_00340	WP_223290517.1	IS1-like element IS1A family transposase				no_partner							no reciprocal best hit at e<=1e-10
ECB_RS12910	ECB_02452	WP_103215986.1	IS1-like element IS1A family transposase				no_partner							no reciprocal best hit at e<=1e-10
ECB_RS22265	ECB_04180	WP_094096600.1	IS1-like element IS1A family transposase				no_partner							no reciprocal best hit at e<=1e-10
ECB_RS25510	ECB_02143	WP_103215986.1	IS1-like element IS1A family transposase				no_partner							no reciprocal best hit at e<=1e-10
ECB_RS14915	ECB_02822	WP_077626112.1	SDR family NAD(P)-dependent oxidoreductase				no_partner							no reciprocal best hit at e<=1e-10
ECB_RS18320	ECB_03459	WP_001049550.1	DUF3251 domain-containing protein				no_partner							no reciprocal best hit at e<=1e-10
ECB_RS14935	ECB_02827	WP_000590251.1	ABC transporter ATP-binding protein				no_partner							no reciprocal best hit at e<=1e-10
ECB_RS19665	ECB_03716	WP_000194414.1	cysteine hydrolase family protein				no_partner							no reciprocal best hit at e<=1e-10
ECB_RS08105	ECB_01534	WP_021568046.1	epoxyqueuosine reductase QueH				no_partner							no reciprocal best hit at e<=1e-10
ECB_RS10750	ECB_02035	WP_000858919.1	helix-turn-helix domain-containing protein				no_partner							no reciprocal best hit at e<=1e-10
ECB_RS03410	ECB_00647	WP_001208814.1	DUF2625 domain-containing protein				no_partner							no reciprocal best hit at e<=1e-10
ECB_RS21700		WP_001318432.1	TetR/AcrR family transcriptional regulator				no_partner							no reciprocal best hit at e<=1e-10
ECB_RS10565	ECB_01998	WP_001093750.1	phage baseplate assembly protein V				no_partner							no reciprocal best hit at e<=1e-10
ECB_RS19700	ECB_03722	WP_001116469.1	2-dehydro-3-deoxy-6-phosphogalactonate aldolase				no_partner							no reciprocal best hit at e<=1e-10
ECB_RS20265	ECB_03822	WP_000720774.1	TIGR02117 family protein				no_partner							no reciprocal best hit at e<=1e-10
ECB_RS14960	ECB_02832	WP_023147221.1	type II secretion system minor pseudopilin GspJ				no_partner							no reciprocal best hit at e<=1e-10
ECB_RS04465	ECB_00844	WP_001086815.1	phage tail protein I				no_partner							no reciprocal best hit at e<=1e-10
ECB_RS17335		WP_000981057.1	hypothetical protein				no_partner							no reciprocal best hit at e<=1e-10
ECB_RS07990	ECB_01509	WP_001230558.1	Ail/Lom family outer membrane beta-barrel protein				no_partner							no reciprocal best hit at e<=1e-10
ECB_RS10290	ECB_01941	WP_000323726.1	dTDP-4-amino-4,6-dideoxy-D-glucose acetyltransferase VioB				no_partner							no reciprocal best hit at e<=1e-10
ECB_RS04450	ECB_00841	WP_000993743.1	phage baseplate assembly protein V				no_partner							no reciprocal best hit at e<=1e-10
ECB_RS04345	ECB_00817	WP_001047321.1	phage repressor protein CI				no_partner							no reciprocal best hit at e<=1e-10
ECB_RS14865	ECB_02811	WP_001290250.1	DUF4942 domain-containing protein				no_partner							no reciprocal best hit at e<=1e-10
ECB_RS14970	ECB_02834	WP_001115147.1	type II secretion system minor pseudopilin GspH				no_partner							no reciprocal best hit at e<=1e-10
ECB_RS15090	ECB_02857	WP_001298770.1	YtfJ family protein				no_partner							no reciprocal best hit at e<=1e-10
ECB_RS03910	ECB_00732	WP_001218995.1	terminase small subunit				no_partner							no reciprocal best hit at e<=1e-10
ECB_RS03905		WP_000762846.1	hypothetical protein				no_partner							no reciprocal best hit at e<=1e-10
ECB_RS01975	ECB_00377	WP_000227786.1	GNAT family N-acetyltransferase				no_partner							no reciprocal best hit at e<=1e-10
ECB_RS23360	ECB_00848	WP_012767713.1	phage tail protein				no_partner							no reciprocal best hit at e<=1e-10
ECB_RS08035	ECB_01519	WP_001101173.1	lysozyme				no_partner							no reciprocal best hit at e<=1e-10
ECB_RS10550	ECB_01995	WP_001285323.1	phage tail protein I				no_partner							no reciprocal best hit at e<=1e-10
ECB_RS08070	ECB_01527	WP_000780584.1	lipocalin family protein				no_partner							no reciprocal best hit at e<=1e-10
ECB_RS22495	ECB_04221	WP_001175455.1	4-hydroxyphenylacetate 3-monooxygenase reductase subunit				no_partner							no reciprocal best hit at e<=1e-10
ECB_RS04355	ECB_00819	WP_000460893.1	phage regulatory CII family protein				no_partner							no reciprocal best hit at e<=1e-10
ECB_RS19690	ECB_03720	WP_001093393.1	tripartite tricarboxylate transporter TctB family protein				no_partner							no reciprocal best hit at e<=1e-10
ECB_RS10625	ECB_02009	WP_000217677.1	hypothetical protein				no_partner							no reciprocal best hit at e<=1e-10
ECB_RS17420	ECB_03294	WP_000988496.1	protein YrhA				no_partner							no reciprocal best hit at e<=1e-10
ECB_RS19550	ECB_03693	WP_000837667.1	DUF943 family protein				no_partner							no reciprocal best hit at e<=1e-10
ECB_RS14855	ECB_02809	WP_000777545.1	DUF5983 family protein				no_partner							no reciprocal best hit at e<=1e-10
ECB_RS18635	ECB_03522	WP_000157061.1	single-stranded DNA-binding protein				no_partner							no reciprocal best hit at e<=1e-10
ECB_RS07775	ECB_01468	WP_000931227.1	fimbrial protein				no_partner							no reciprocal best hit at e<=1e-10
ECB_RS26265		WP_000091919.1	lysis protein				no_partner							no reciprocal best hit at e<=1e-10
ECB_RS14975	ECB_02835	WP_001087296.1	type II secretion system major pseudopilin GspG				no_partner							no reciprocal best hit at e<=1e-10
ECB_RS14810	ECB_02802	WP_000581493.1	IrmA family protein				no_partner							no reciprocal best hit at e<=1e-10
ECB_RS22545	ECB_04231	WP_000543916.1	homoprotocatechuate degradation operon regulator HpaR				no_partner							no reciprocal best hit at e<=1e-10
ECB_RS04440	ECB_00839	WP_000829156.1	phage virion morphogenesis protein				no_partner							no reciprocal best hit at e<=1e-10
ECB_RS03925	ECB_00735	WP_225089326.1	hypothetical protein				no_partner							no reciprocal best hit at e<=1e-10
ECB_RS15860	ECB_03001	WP_000948824.1	PTS galactosamine/N-acetylgalactosamine transporter subunit IIA				no_partner							no reciprocal best hit at e<=1e-10
ECB_RS04435	ECB_00838	WP_001039932.1	phage tail protein				no_partner							no reciprocal best hit at e<=1e-10
ECB_RS10745	ECB_02034	WP_001276099.1	DUF6998 domain-containing protein				no_partner							no reciprocal best hit at e<=1e-10
ECB_RS04430	ECB_00836	WP_000196203.1	Rz-like lysis system protein LysB				no_partner							no reciprocal best hit at e<=1e-10
ECB_RS08115	ECB_01535	WP_001151183.1	DUF977 family protein				no_partner							no reciprocal best hit at e<=1e-10
ECB_RS10120	ECB_01906	WP_001221623.1	zinc-ribbon domain-containing protein				no_partner							no reciprocal best hit at e<=1e-10
ECB_RS01235	ECB_00235	WP_000174677.1	sigma factor-binding protein Crl				no_partner							no reciprocal best hit at e<=1e-10
ECB_RS10125	ECB_01907	WP_000270974.1	putative zinc ribbon protein				no_partner							no reciprocal best hit at e<=1e-10
ECB_RS03930	ECB_00736	WP_001104982.1	tail fiber assembly protein				no_partner							no reciprocal best hit at e<=1e-10
ECB_RS19640	ECB_03711	WP_000214035.1	allophanate hydrolase-related protein				no_partner							no reciprocal best hit at e<=1e-10
ECB_RS21835	ECB_04104	WP_001232240.1	cytochrome b562				no_partner							no reciprocal best hit at e<=1e-10
ECB_RS22525	ECB_04227	WP_001119872.1	5-carboxymethyl-2-hydroxymuconate Delta-isomerase				no_partner							no reciprocal best hit at e<=1e-10
ECB_RS08075	ECB_01528	WP_001204787.1	antiterminator Q family protein				no_partner							no reciprocal best hit at e<=1e-10
ECB_RS14965	ECB_02833	WP_000820109.1	type II secretion system minor pseudopilin GspI				no_partner							no reciprocal best hit at e<=1e-10
ECB_RS25305	ECB_00212	WP_012777340.1	hypothetical protein				no_partner							no reciprocal best hit at e<=1e-10
ECB_RS08145	ECB_01541	WP_001320327.1	hypothetical protein				no_partner							no reciprocal best hit at e<=1e-10
ECB_RS18690	ECB_03537	WP_001277758.1	TA system toxin CbtA family protein				no_partner							no reciprocal best hit at e<=1e-10
ECB_RS10590	ECB_02002	WP_015833298.1	ABC-three component system middle component 4				no_partner							no reciprocal best hit at e<=1e-10
ECB_RS26275		WP_071819603.1	phage tail protein				no_partner							no reciprocal best hit at e<=1e-10
ECB_RS04455	ECB_00842	WP_000177591.1	GPW/gp25 family protein				no_partner							no reciprocal best hit at e<=1e-10
ECB_RS10560	ECB_01997	WP_000127144.1	GPW/gp25 family protein				no_partner							no reciprocal best hit at e<=1e-10
ECB_RS25865	ECB_00730	WP_001181608.1	Rz1-like lysis system protein LysC				no_partner							no reciprocal best hit at e<=1e-10
ECB_RS12170	ECB_02307	WP_000201405.1	FlxA-like family protein				no_partner							no reciprocal best hit at e<=1e-10
ECB_RS04360	ECB_00821	WP_000963472.1	DUF5347 domain-containing protein				no_partner							no reciprocal best hit at e<=1e-10
ECB_RS03470		WP_223343796.1	DUF6531 domain-containing protein				no_partner							no reciprocal best hit at e<=1e-10
ECB_RS04395	ECB_00828	WP_001059831.1	hypothetical protein				no_partner							no reciprocal best hit at e<=1e-10
ECB_RS04335	ECB_00814	WP_000974872.1	hypothetical protein				no_partner							no reciprocal best hit at e<=1e-10
ECB_RS07875	ECB_01488	WP_000273128.1	type II toxin-antitoxin system RelE/ParE family toxin				no_partner							no reciprocal best hit at e<=1e-10
ECB_RS23290	ECB_00664	WP_230872760.1	DUF6258 family protein				no_partner							no reciprocal best hit at e<=1e-10
ECB_RS01980	ECB_00378	WP_001297137.1	DUF1778 domain-containing protein				no_partner							no reciprocal best hit at e<=1e-10
ECB_RS16270	ECB_03080	WP_000639208.1	transposase				no_partner							no reciprocal best hit at e<=1e-10
ECB_RS02565		WP_000145915.1	protein ren				no_partner							no reciprocal best hit at e<=1e-10
ECB_RS10635	ECB_02011	WP_000020919.1	helix-turn-helix domain-containing protein				no_partner							no reciprocal best hit at e<=1e-10
ECB_RS10615	ECB_02007	WP_001277898.1	DUF5405 family protein				no_partner							no reciprocal best hit at e<=1e-10
ECB_RS01470		WP_001295687.1	protein YahH				no_partner							no reciprocal best hit at e<=1e-10
ECB_RS02705	ECB_00516	WP_000355602.1	hypothetical protein				no_partner							no reciprocal best hit at e<=1e-10
ECB_RS07970	ECB_01505	WP_000355603.1	hypothetical protein				no_partner							no reciprocal best hit at e<=1e-10
ECB_RS07140	ECB_01344	WP_000355360.1	hypothetical protein				no_partner							no reciprocal best hit at e<=1e-10
ECB_RS22160	ECB_04162	WP_000239862.1	biofilm development regulator YmgB/AriR family protein				no_partner							no reciprocal best hit at e<=1e-10
ECB_RS25855	ECB_00527	WP_001021473.1	hypothetical protein				no_partner							no reciprocal best hit at e<=1e-10
ECB_RS03885	ECB_00728	WP_000376718.1	DUF4752 family protein				no_partner							no reciprocal best hit at e<=1e-10
ECB_RS03880	ECB_00727	WP_000002107.1	ASCH domain-containing protein				no_partner							no reciprocal best hit at e<=1e-10
ECB_RS07870	ECB_01487	WP_000268704.1	helix-turn-helix domain-containing protein				no_partner							no reciprocal best hit at e<=1e-10
ECB_RS02695	ECB_00514	WP_000654156.1	hypothetical protein				no_partner							no reciprocal best hit at e<=1e-10
ECB_RS07980	ECB_01507	WP_001205170.1	hypothetical protein				no_partner							no reciprocal best hit at e<=1e-10
ECB_RS07135	ECB_01343	WP_000654171.1	hypothetical protein				no_partner							no reciprocal best hit at e<=1e-10
ECB_RS02535		WP_000488419.1	DUF4222 domain-containing protein				no_partner							no reciprocal best hit at e<=1e-10
ECB_RS17785		WP_001205329.1	hypothetical protein				no_partner							no reciprocal best hit at e<=1e-10
ECB_RS08085	ECB_01530	WP_012775982.1	hypothetical protein				no_partner							no reciprocal best hit at e<=1e-10
ECB_RS10630	ECB_02010	WP_001081582.1	regulatory phage cox family protein				no_partner							no reciprocal best hit at e<=1e-10
ECB_RS10605	ECB_02005	WP_000027664.1	DUF5405 family protein				no_partner							no reciprocal best hit at e<=1e-10
ECB_RS07100	ECB_01336	WP_000370546.1	hypothetical protein				no_partner							no reciprocal best hit at e<=1e-10
ECB_RS22715	ECB_04261	WP_000566150.1	helix-turn-helix domain-containing protein				no_partner							no reciprocal best hit at e<=1e-10
ECB_RS24810	ECB_00451	WP_001320180.1	hypothetical protein				no_partner							no reciprocal best hit at e<=1e-10
ECB_RS23620		WP_001557934.1	hypothetical protein				no_partner							no reciprocal best hit at e<=1e-10
ECB_RS02765	ECB_00528	WP_000889443.1	hypothetical protein				no_partner							no reciprocal best hit at e<=1e-10
ECB_RS22050	ECB_04143	WP_000254999.1	surface-adhesin E family protein				no_partner							no reciprocal best hit at e<=1e-10
ECB_RS25665		WP_000177057.1	hypothetical protein				no_partner							no reciprocal best hit at e<=1e-10
ECB_RS08170	ECB_01546	WP_000005552.1	excisionase family protein				no_partner							no reciprocal best hit at e<=1e-10
ECB_RS26285		WP_077880430.1	hypothetical protein				no_partner							no reciprocal best hit at e<=1e-10
ECB_RS15070	ECB_02853	WP_000248097.1	acyl carrier protein				no_partner							no reciprocal best hit at e<=1e-10
ECB_RS25895	ECB_00837	WP_223704555.1	Rz1-like lysis system protein LysC				no_partner							no reciprocal best hit at e<=1e-10
ECB_RS10740	ECB_02033	WP_001318412.1	HTH-like domain-containing protein				no_partner							no reciprocal best hit at e<=1e-10
ECB_RS04365	ECB_00822	WP_001244230.1	DUF2732 family protein				no_partner							no reciprocal best hit at e<=1e-10
ECB_RS04390	ECB_00827	WP_001217575.1	DinI-like family protein				no_partner							no reciprocal best hit at e<=1e-10
ECB_RS14520	ECB_02746	WP_001322018.1	hypothetical protein				no_partner							no reciprocal best hit at e<=1e-10
ECB_RS26320	ECB_03518	WP_001703923.1	hypothetical protein				no_partner							no reciprocal best hit at e<=1e-10
ECB_RS25715		WP_001324497.1	hypothetical protein				no_partner							no reciprocal best hit at e<=1e-10
ECB_RS26310		WP_001300936.1	hypothetical protein				no_partner							no reciprocal best hit at e<=1e-10
ECB_RS03495	ECB_00662	WP_000404861.1	NTF2 fold immunity protein				no_partner							no reciprocal best hit at e<=1e-10
ECB_RS04370	ECB_00823	WP_000752619.1	TraR/DksA family transcriptional regulator				no_partner							no reciprocal best hit at e<=1e-10
ECB_RS10610	ECB_02006	WP_001113266.1	TraR/DksA C4-type zinc finger protein				no_partner							no reciprocal best hit at e<=1e-10
ECB_RS23815		WP_409023241.1	hypothetical protein				no_partner							no reciprocal best hit at e<=1e-10
ECB_RS10620	ECB_02008	WP_000557697.1	DUF2732 family protein				no_partner							no reciprocal best hit at e<=1e-10
ECB_RS04350	ECB_00818	WP_001247707.1	hypothetical protein				no_partner							no reciprocal best hit at e<=1e-10
ECB_RS03870		WP_001303849.1	excisionase				no_partner							no reciprocal best hit at e<=1e-10
ECB_RS02540	ECB_00488	WP_000763373.1	TraR/DksA family transcriptional regulator				no_partner							no reciprocal best hit at e<=1e-10
ECB_RS04500	ECB_00851	WP_000972391.1	ogr/Delta-like zinc finger family protein				no_partner							no reciprocal best hit at e<=1e-10
ECB_RS02545	ECB_00489	WP_000188870.1	hypothetical protein				no_partner							no reciprocal best hit at e<=1e-10
ECB_RS23820	ECB_01992	WP_015833292.1	hypothetical protein				no_partner							no reciprocal best hit at e<=1e-10
ECB_RS07090		WP_012775985.1	phage lysis protein EssD				no_partner							no reciprocal best hit at e<=1e-10
ECB_RS25310		WP_000998331.1	hypothetical protein				no_partner							no reciprocal best hit at e<=1e-10
ECB_RS05380		WP_000979516.1	hypothetical protein				no_partner							no reciprocal best hit at e<=1e-10
ECB_RS25660	ECB_04144	WP_000355616.1	MFS transporter				no_partner							no reciprocal best hit at e<=1e-10
ECB_RS25705		WP_001300163.1	hypothetical protein				no_partner							no reciprocal best hit at e<=1e-10
ECB_RS08150	ECB_01542	WP_000159335.1	hypothetical protein				no_partner							no reciprocal best hit at e<=1e-10
ECB_RS23355	ECB_00820	WP_000956182.1	phage filamentation protein Fil family protein				no_partner							no reciprocal best hit at e<=1e-10
ECB_RS14860	ECB_02810	WP_000839276.1	DUF957 domain-containing protein				no_partner							no reciprocal best hit at e<=1e-10
ECB_RS18700	ECB_03539	WP_000839243.1	DUF957 domain-containing protein				no_partner							no reciprocal best hit at e<=1e-10
ECB_RS23350	ECB_00816	WP_001321204.1	hypothetical protein				no_partner							no reciprocal best hit at e<=1e-10
ECB_RS10755	ECB_02036	WP_001268667.1	hypothetical protein				no_partner							no reciprocal best hit at e<=1e-10
ECB_RS04385	ECB_00826	WP_001154431.1	hypothetical protein				no_partner							no reciprocal best hit at e<=1e-10
ECB_RS03900	ECB_00731	WP_000113283.1	hypothetical protein				no_partner							no reciprocal best hit at e<=1e-10
ECB_RS26220		WP_223343795.1	helix-turn-helix domain-containing protein				no_partner							no reciprocal best hit at e<=1e-10
ECB_RS25730		WP_001157925.1	hypothetical protein				no_partner							no reciprocal best hit at e<=1e-10
ECB_RS25710		WP_001297301.1	hypothetical protein				no_partner							no reciprocal best hit at e<=1e-10
ECB_RS25745		WP_001005162.1	hypothetical protein				no_partner							no reciprocal best hit at e<=1e-10
ECB_RS03875		WP_000545729.1	hypothetical protein				no_partner							no reciprocal best hit at e<=1e-10
ECB_RS10095		WP_001128468.1	hypothetical protein				no_partner							no reciprocal best hit at e<=1e-10
ECB_RS25750		WP_000700140.1	hypothetical protein				no_partner							no reciprocal best hit at e<=1e-10
ECB_RS26280		WP_000896277.1	hypothetical protein				no_partner							no reciprocal best hit at e<=1e-10
ECB_RS25785	ECB_03526	WP_000074142.1	hypothetical protein				no_partner							no reciprocal best hit at e<=1e-10
ECB_RS25990		WP_248696616.1	hypothetical protein				no_partner							no reciprocal best hit at e<=1e-10
ECB_RS13765		WP_000956460.1	Hok/Gef family protein				no_partner							no reciprocal best hit at e<=1e-10
ECB_RS25755		WP_000017552.1	hypothetical protein				no_partner							no reciprocal best hit at e<=1e-10
ECB_RS25790		WP_000487766.1	hypothetical protein				no_partner							no reciprocal best hit at e<=1e-10
ECB_RS25780		WP_001066080.1	hypothetical protein				no_partner							no reciprocal best hit at e<=1e-10
ECB_RS25795		WP_000050905.1	hypothetical protein				no_partner							no reciprocal best hit at e<=1e-10
ECB_RS26190		WP_000660586.1	hypothetical protein				no_partner							no reciprocal best hit at e<=1e-10
ECB_RS25760		WP_000611932.1	hypothetical protein				no_partner							no reciprocal best hit at e<=1e-10
ECB_RS26100		WP_001309182.1	hypothetical protein				no_partner							no reciprocal best hit at e<=1e-10
ECB_RS25395		WP_001131446.1	hypothetical protein				no_partner							no reciprocal best hit at e<=1e-10
ECB_RS26295		WP_001299090.1	KPN_01571 family protein				no_partner							no reciprocal best hit at e<=1e-10
ECB_RS25605	ECB_03389	WP_001295224.1	type I toxin-antitoxin system toxin Ldr family protein				no_partner							no reciprocal best hit at e<=1e-10
ECB_RS06325	ECB_01191	WP_000170951.1	type I toxin-antitoxin system toxin Ldr family protein				no_partner							no reciprocal best hit at e<=1e-10
ECB_RS25600	ECB_03388	WP_001295224.1	type I toxin-antitoxin system toxin Ldr family protein				no_partner							no reciprocal best hit at e<=1e-10
ECB_RS26325		WP_001313396.1	small membrane protein YkgR				no_partner							no reciprocal best hit at e<=1e-10
ECB_RS18805		WP_000060506.1	type I toxin-antitoxin system toxin TisB				no_partner							no reciprocal best hit at e<=1e-10
ECB_RS00420		WP_001303787.1	fruR/shl operon leader peptide				no_partner							no reciprocal best hit at e<=1e-10
ECB_RS26020		WP_212734103.1	hypothetical protein				no_partner							no reciprocal best hit at e<=1e-10
ECB_RS25095		WP_012767748.1	membrane protein YpdK				no_partner							no reciprocal best hit at e<=1e-10
ECB_RS26350		WP_418267939.1	hypothetical protein				no_partner							no reciprocal best hit at e<=1e-10
ECB_RS25020		WP_072094247.1	stress response small protein YobI				no_partner							no reciprocal best hit at e<=1e-10
ECB_RS25575		WP_001387082.1	type I toxin-antitoxin system Ibs family toxin				no_partner							no reciprocal best hit at e<=1e-10
ECB_RS25485		WP_012767742.1	type I toxin-antitoxin system Ibs family toxin				no_partner							no reciprocal best hit at e<=1e-10
ECB_RS25480		WP_012767741.1	type I toxin-antitoxin system Ibs family toxin				no_partner							no reciprocal best hit at e<=1e-10
ECB_RS25530	ECB_02487	WP_001386991.1	pheA operon leader peptide PheL				no_partner							no reciprocal best hit at e<=1e-10
ECB_RS25695		WP_175565144.1	hypothetical protein				no_partner							no reciprocal best hit at e<=1e-10
