row_id	layers	source_name	artifact_identifiers	what_is_measured	strain	strain_match	conditions	replicates	units	gene_id_namespace	route_to_b_number	licence_terms_verbatim	licence_quote_location	licence_retrieved_utc	licence_sha256	licence_source	strain_and_condition_evidence	mechanical_inspection	retrievable_without_account	limitations	licence_characterisation	recommendation	assessment	recommendation_reason	retrieval_status
L1-01	1	PRECISE-1K RNA-seq compendium (Lamoureux et al. 2023)	PMID 37713610; PMCID PMC10602906; DOI 10.1093/nar/gkad750; GitHub SBRG/precise1k commit 4829b83ace51ee7980de6950077f1cf8f3746f88; Zenodo DOI 10.5281/zenodo.8284223 (v1.0); files data/precise1k/log_tpm_qc.csv and data/precise1k/metadata_qc.csv	Gene-body transcript abundance by RNA-seq, 1,035 samples by 4,257 genes	K-12; metadata_qc.csv `Strain` column: MG1655 582, GMOS 241, BW25113 160, DGF-298 26, W3110 26 samples; 166 samples carry the description "Escherichia coli K-12 MG1655"	partial (exact for the MG1655 subset; the table mixes K-12 substrains and engineered derivatives)	Per-sample metadata columns (Base Media, Temperature, Carbon Source, Supplement, Growth Rate, and others); Base Media M9 825, Medium C 122, LB 36; reference condition is log-phase growth in M9 glucose (samples p1k_00001, p1k_00002)	Replicate id per sample (`rep_id`, `Biological Replicates` columns); replicate Pearson correlation of at least 0.95 required for inclusion; reference condition n=2	log2[TPM], as the article and the repository README label it (see Inspected for the zeros in the file)	b-number locus tags (all 4,257 row ids match b####)	Direct: the row index is the b-number. gene_info.csv states it is assembled from RefSeq NC_000913.3; genes dropped by the authors (short or very low expression) are absent, not zero.	[1] "MIT License Copyright (c) 2022 Systems Biology Research Group" ;; [2] "This is an Open Access article distributed under the terms of the Creative Commons Attribution-NonCommercial License ( https://creativecommons.org/licenses/by-nc/4.0/ ), which permits non-commercial re-use, distribution, and reproduction in any medium, provided the original work is properly cited. For commercial re-use, please contact journals.permissions@oup.com"	[1] LICENSE file at the pinned commit (governs the repository files) (file p1k_LICENSE.txt) ;; [2] PMC10602906 Europe PMC fullTextXML, <permissions>/<license> (file epmc_ft_precise1k.xml)	[1] 2026-10-05T16:25:00Z ;; [2] 2026-10-05T16:17:23Z	[1] b974c4b7ee69ee9d26e0148b38b4766f3e149c4ec12fc1be3ce1e4e0f8f83014 ;; [2] 3840943edcf504d67cfe2a2c49b9706892523c634de946007f45d1944cc40d65	[1] https://raw.githubusercontent.com/SBRG/precise1k/4829b83ace51ee7980de6950077f1cf8f3746f88/LICENSE ;; [2] https://www.ebi.ac.uk/europepmc/webservices/rest/PMC10602906/fullTextXML	[1] "Following this processing and QC workflow, 1035 high-quality RNA-seq samples (each with 4257 gene expression measurements) remained. These samples and their metadata define PRECISE-1K." -- PMC10602906 full text, Materials and Methods -- file epmc_ft_precise1k.xml, retrieved 2026-10-05T16:17:23Z, SHA-256 3840943edcf504d67cfe2a2c49b9706892523c634de946007f45d1944cc40d65, https://www.ebi.ac.uk/europepmc/webservices/rest/PMC10602906/fullTextXML ;; [2] "was centered to the control condition (log-phase growth in M9 minimal media with glucose; sample IDs ‘p1k_00001’ and ‘p1k_00002’)" -- PMC10602906 full text, iModulon computation -- file epmc_ft_precise1k.xml, retrieved 2026-10-05T16:17:23Z, SHA-256 3840943edcf504d67cfe2a2c49b9706892523c634de946007f45d1944cc40d65, https://www.ebi.ac.uk/europepmc/webservices/rest/PMC10602906/fullTextXML ;; [3] "This repository contains data and code necessary for assembling the PRECISE-1K _E. coli_ K-12 MG1655 expression and transcriptional regulation knowledgebase" -- README.md line 3 at the pinned commit -- file p1k_README.md, retrieved 2026-10-05T16:25:00Z, SHA-256 1685cb4c1044b5fe6385d384ce3af023798655e1357a5e0af50014c543c84509, https://raw.githubusercontent.com/SBRG/precise1k/4829b83ace51ee7980de6950077f1cf8f3746f88/README.md	log_tpm_qc.csv (60,884,226 B): one header row; 1,035 sample columns, 4,257 gene rows, 4,257 ids match b####. Its minimum value is 0.0 and 104,514 of its 4,405,995 values are exactly 0, which a logarithm of TPM without a pseudocount would not give for an unexpressed gene; the passages read call the unit log2[TPM] and do not state a pseudocount (not reported). metadata_qc.csv: one header row, 1,035 sample records, 43 columns. Rows p1k_00001 and p1k_00002: condition wt_glc, Escherichia coli K-12 MG1655, M9, glucose(2), 37 °C. Files inspected: log_tpm_qc.csv (60884226 B, SHA-256 8bdb286aecd305a38323ad5a5c18eb264702739824dfcb708c5c5b595abb84d6, https://raw.githubusercontent.com/SBRG/precise1k/4829b83ace51ee7980de6950077f1cf8f3746f88/data/precise1k/log_tpm_qc.csv, retrieved 2026-10-05T16:25:02Z) ;; metadata_qc.csv (621002 B, SHA-256 a1358525a0431ac68b44f85f56169b7e8af4efb9186be6b43ba2cacb7b56e1cf, https://raw.githubusercontent.com/SBRG/precise1k/4829b83ace51ee7980de6950077f1cf8f3746f88/data/precise1k/metadata_qc.csv, retrieved 2026-10-05T16:25:00Z) ;; gene_info.csv (1063339 B, SHA-256 355de1157a4837180cb0c3d625a7a4f26903ba0d50f2bf3ca769949e90dbcb90, https://raw.githubusercontent.com/SBRG/precise1k/4829b83ace51ee7980de6950077f1cf8f3746f88/data/annotation/gene_info.csv, retrieved 2026-10-05T16:25:00Z)	Yes (GitHub raw at a commit; Zenodo record public)	Mixed substrains and many mutants and evolved isolates in one table, so a per-condition layer needs a sample filter recorded in the manifest. Values are log2[TPM] from the authors' pipeline, not counts, and whether 1 was added before the logarithm is not stated in the passages read. 4,257 gene rows against 4,290 protein-coding genes in the annotation; which genes are absent was not determined here (no join performed). The 1,675-sample "Public K-12" log-TPM table is not in the repository.	Affirmative grant over the repository files (MIT, with the copyright and permission notice retained), following the roadmap precedent of using only repository artifacts covered by an MIT grant. The article itself is CC BY-NC 4.0, which does not govern the repository files.	bring first	recommend admit with caveat	Largest quality-controlled per-gene table for this strain, b-number keyed, MIT over the files, commit- and DOI-pinned, per-sample condition metadata and replicates.	read
L1-02	1	PRECISE 1.0 source series: MG1655 reference-condition RNA-seq (Sastry et al. 2019)	PMID 31797920; PMCID PMC6892915; DOI 10.1038/s41467-019-13483-w; GEO GSE122211 (file GSE122211_all_tpm.csv.gz), GSE122295 (GSE122295_all_tpm.csv.gz), GSE122296 (GSE122296_merged_tpm.csv.gz); GitHub SBRG/precise-db	Gene-body transcript abundance by RNA-seq; 278 profiles in the compendium	MG1655 and BW25113 (GSE122211: MG1655 5, BW25113 7 samples; GSE122295: MG1655 28, BW25113 2; GSE122296: seven E. coli strains, 2 each)	partial (MG1655 samples are separable by the GEO `strain` field)	M9 minimal medium with 0.2% or 2 g/L glucose as the base condition, plus alternative carbon sources, anaerobic and supplemented variants (GEO `media` field)	Not stated per condition in the series records read; the article reports median R2 = 0.98 between biological replicates	TPM in the GEO supplementary tables (file names `*_tpm.csv.gz`; not downloaded). The article's Methods define the final compendium as log2(TPM + 1), "referred to as log-TPM". The copy of PRECISE 1.0 kept in SBRG/precise1k (`data/precise/log_tpm.csv`) is labelled "log2[TPM]" by that repository's README and was not opened, so the pseudocount is established for the article's compendium, not for that file	Not inspected in the GEO tables (not downloaded); the same data in SBRG/precise1k data/precise/log_tpm.csv	Not established for the GEO files in this pass; the PRECISE-1K table (row L1-01) already carries these samples under b-numbers.	[1] "https://creativecommons.org/licenses/by/4.0/ Open Access This article is licensed under a Creative Commons Attribution 4.0 International License, which permits use, sharing, adaptation, distribution and reproduction in any medium or format, as long as you give appropriate credit to the original author(s) and the source, provide a link to the Creative Commons license, and indicate if changes were made." ;; [2] "Therefore, NCBI itself places no restrictions on the use or distribution of the data contained therein. Nor do we accept data when the submitter has requested restrictions on reuse or redistribution."	[1] PMC6892915 Europe PMC fullTextXML, <permissions>/<license> (file epmc_ft_precise1.xml) ;; [2] NCBI Policies and Disclaimers page, section "Molecular Data Usage" (file ncbi_policies.html)	[1] 2026-10-05T16:17:25Z ;; [2] 2026-10-05T16:12:35Z	[1] e9ba5778a2a7aa5200322f5c604f040a1e9cb0e59bc9e3c67680675a897aa734 ;; [2] 8ad8f6f186ca51ec73a5fb8935ecfa17b8cbaad300b7025b381898ab72621869	[1] https://www.ebi.ac.uk/europepmc/webservices/rest/PMC6892915/fullTextXML ;; [2] https://www.ncbi.nlm.nih.gov/home/about/policies/	[1] "comprises 278 RNA-seq expression profiles across 154 unique experimental conditions for E. coli K-12 MG1655 and BW25" -- PMC6892915 full text, Results -- file epmc_ft_precise1.xml, retrieved 2026-10-05T16:17:25Z, SHA-256 e9ba5778a2a7aa5200322f5c604f040a1e9cb0e59bc9e3c67680675a897aa734, https://www.ebi.ac.uk/europepmc/webservices/rest/PMC6892915/fullTextXML ;; [2] "!Sample_characteristics_ch1 = strain: MG1655" -- GEO GSE122211 sample records -- file geo_GSE122211_gsm.txt, retrieved 2026-10-05T16:24:06Z, SHA-256 271c15908c5e7f36a0be964ff4dd5743c085c3b37be2053daec4be168b087dc9, https://www.ncbi.nlm.nih.gov/geo/query/acc.cgi?acc=GSE122211&targ=gsm&form=text&view=brief ;; [3] "!Sample_characteristics_ch1 = media: M9 minimal media w/ 0.2% glucose" -- GEO GSE122211 sample records -- file geo_GSE122211_gsm.txt, retrieved 2026-10-05T16:24:06Z, SHA-256 271c15908c5e7f36a0be964ff4dd5743c085c3b37be2053daec4be168b087dc9, https://www.ncbi.nlm.nih.gov/geo/query/acc.cgi?acc=GSE122211&targ=gsm&form=text&view=brief ;; [4] "The final expression compendium was log-transformed log 2 (TPM + 1) before analysis, referred to as log-TPM." -- PMC6892915 full text, Methods, RNA-seq processing -- file epmc_ft_precise1.xml, retrieved 2026-10-05T16:17:25Z, SHA-256 e9ba5778a2a7aa5200322f5c604f040a1e9cb0e59bc9e3c67680675a897aa734, https://www.ebi.ac.uk/europepmc/webservices/rest/PMC6892915/fullTextXML	GEO series and sample records only; supplementary tables not downloaded.	Yes (GEO FTP)	Superseded in scope by PRECISE-1K, which includes it. Useful as the CC BY, GEO-deposited route to the same reference condition.	Affirmative grant by the ledger's GEO rule: the article is CC BY 4.0, taken as the grant over its deposited data; derived per-gene table with attribution, GEO file fetched at build under a checksum pin.	bring second	recommend admit with caveat	A small, well-described MG1655 M9-glucose reference condition under a CC BY article, if the owner prefers one named condition to a compendium.	read
L1-03	1;4	iModulonDB (modules and activities computed from PRECISE)	PMID 33045728 (PMCID PMC7778901, DOI 10.1093/nar/gkaa810); PMID 39494532 (PMCID PMC11701608, DOI 10.1093/nar/gkae1009); site https://imodulondb.org	Independent-component modules (gene weights) and per-sample activities derived from the PRECISE tables; a model output, not a measurement	As PRECISE (MG1655 and BW25113)	partial	As the underlying compendium	not applicable (derived)	unitless ICA weights and activities	not inspected (data/precise1k/M.csv is listed in the repository tree and was not opened)	Not established; the matrices sit beside the b-number keyed expression table in SBRG/precise1k.	[1] "This is an Open Access article distributed under the terms of the Creative Commons Attribution License ( https://creativecommons.org/licenses/by/4.0/ ), which permits unrestricted reuse, distribution, and reproduction in any medium, provided the original work is properly cited."	[1] PMC11701608 Europe PMC fullTextXML, <permissions>/<license> (file epmc_ft_imodulondb2.xml)	[1] 2026-10-05T16:17:27Z	[1] a62d13d363bc8420507acf09fbecbc3fb2bac2b722ed9074b1016772260996d4	[1] https://www.ebi.ac.uk/europepmc/webservices/rest/PMC11701608/fullTextXML	[1] "`M.csv`: the iModulon M (modulon) matrix computed for the Public K-12 dataset" -- README.md at the pinned commit -- file p1k_README.md, retrieved 2026-10-05T16:25:00Z, SHA-256 1685cb4c1044b5fe6385d384ce3af023798655e1357a5e0af50014c543c84509, https://raw.githubusercontent.com/SBRG/precise1k/4829b83ace51ee7980de6950077f1cf8f3746f88/README.md	https://imodulondb.org/about.html returned a 915-byte script shell; no terms text is present in the retrieved HTML (site terms: not retrieved).	Site is script-rendered; repository files need no account	Inferred layer: must be labelled `inferred`, never a measurement. Site terms not retrieved.	The articles are CC BY 4.0; the module matrices in SBRG/precise1k fall under that repository's MIT licence. Site terms undetermined.	supporting	insufficient evidence	Corresponds to roadmap item 3 for the cyanobacterial view; worth a later row of its own, after the expression table is admitted.	partly retrieved
L1-04	1;6	Li et al. 2014 mRNA-seq and ribosome profiling (see row L6-02)	PMID 24766808; PMCID PMC4006352; DOI 10.1016/j.cell.2014.02.033; GEO GSE53767 (files GSE53767_mrna-rdm-pooled_f.wig.gz, _r.wig.gz and four ribosome-footprint WIG files)	mRNA-seq read density (one sample) alongside ribosome footprints (three samples)	MG1655 (GEO `strain` field, 4 of 4 samples)	exact	Fully supplemented MOPS glucose medium (2 samples) and minimal MOPS glucose medium (2 samples), per GEO `media` field	One RNA-seq library in the series (library strategy RNA-Seq 1, OTHER 3); pooled tracks	WIG read density per position; no per-gene mRNA table deposited in GEO	Genomic coordinates (reference version not stated in the passages read)	None for mRNA: a per-gene value would have to be computed from the WIG tracks, which is reprocessing, not a join.	[1] "This file is available for text mining. It may also be used consistent with the principles of fair use under the copyright law." ;; [2] "Therefore, NCBI itself places no restrictions on the use or distribution of the data contained therein. Nor do we accept data when the submitter has requested restrictions on reuse or redistribution."	[1] PMC4006352 NCBI efetch db=pmc, <permissions>/<license> (file ncbi_pmc_li2014.xml) ;; [2] NCBI Policies and Disclaimers page, section "Molecular Data Usage" (file ncbi_policies.html)	[1] 2026-10-05T16:17:37Z ;; [2] 2026-10-05T16:12:35Z	[1] 0ea642bd4672b49017da155d918a2359dea86fe808146d15b20c008cd81ecbb3 ;; [2] 8ad8f6f186ca51ec73a5fb8935ecfa17b8cbaad300b7025b381898ab72621869	[1] https://eutils.ncbi.nlm.nih.gov/entrez/eutils/efetch.fcgi?db=pmc&id=4006352&retmode=xml ;; [2] https://www.ncbi.nlm.nih.gov/home/about/policies/	[1] "!Sample_characteristics_ch1 = strain: MG1655" -- GEO GSE53767 sample records -- file geo_GSE53767_gsm.txt, retrieved 2026-10-05T16:24:11Z, SHA-256 a56c27cb1fa475da022f60c33dd1b1f98e8bbd6914bbfb6a515a9b9a85e81fc1, https://www.ncbi.nlm.nih.gov/geo/query/acc.cgi?acc=GSE53767&targ=gsm&form=text&view=brief ;; [2] "!Sample_characteristics_ch1 = media: fully supplemented MOPS glucose media" -- GEO GSE53767 sample records -- file geo_GSE53767_gsm.txt, retrieved 2026-10-05T16:24:11Z, SHA-256 a56c27cb1fa475da022f60c33dd1b1f98e8bbd6914bbfb6a515a9b9a85e81fc1, https://www.ncbi.nlm.nih.gov/geo/query/acc.cgi?acc=GSE53767&targ=gsm&form=text&view=brief	GEO series and sample records only.	Yes (GEO FTP)	Single unreplicated mRNA library; processed files are coverage tracks, not a per-gene table.	No grant: the article is "All rights reserved" with a text-mining notice, so by the ledger rule the GEO files stay link-only.	link-only	recommend reject	Unreplicated, no per-gene mRNA table, no grant. Listed because it is the classic MG1655 reference condition.	read
L1-05	1;3	Tjaden 2023 transcriptome assembly from an RNA-seq compendium	PMID 36920168; PMCID PMC10392735; DOI 10.1080/15476286.2023.2189331; GitHub btjaden/Compendium (GPL-3.0 per the GitHub API; last push 2022-11-30)	Transcript and operon structures assembled computationally from public RNA-seq; not opened beyond the licence and repository record	not reported in the passages read	none established	not read	not read	not read	not read	not established	[1] "This is an Open Access article distributed under the terms of the Creative Commons Attribution License ( http://creativecommons.org/licenses/by/4.0/ ), which permits unrestricted use, distribution, and reproduction in any medium, provided the original work is properly cited. The terms on which this article has been published allow the posting of the Accepted Manuscript in a repository by the author(s) or with their consent."	[1] PMC10392735 Europe PMC fullTextXML, <permissions>/<license> (file epmc_ft_tjaden2023.xml)	[1] 2026-10-05T16:17:29Z	[1] b45ecab23116c9fe6c2fd7d9dbb1c4be1d9092c5d93a8a1c75b1db94839cbbbe	[1] https://www.ebi.ac.uk/europepmc/webservices/rest/PMC10392735/fullTextXML	none quoted (see mechanical_inspection)	Article XML retrieved; only the permissions block and the repository URL were read. Repository licence from https://api.github.com/repos/btjaden/Compendium.	Yes	A computational assembly; would be an `inferred` layer. Body not assessed in this pass.	Article CC BY 4.0; repository GPL-3.0 (copyleft over the repository files).	supporting	insufficient evidence	Recorded so the reviewer can see it was met and not assessed.	read
L1-06	1;6	Balakrishnan et al. 2022 absolute mRNA and protein (NCM3722)	PMID 36480614; PMCID PMC9804519; DOI 10.1126/science.abk2066; GEO GSE205717 (file GSE205717_Processed_data_Table_S3.xlsx)	RNA-seq transcript abundance; the article also names accessions PXD014948 and PASS01421	NCM3722 and derivatives (GEO `strain` field: NCM3722 21, NQ1390 12, NQ393 8, NQ1243 4); not MG1655	none (a different K-12 strain: a cross-strain transfer here)	Includes rifampicin time courses (GEO field `time after_rifampicin_addition_(minutes)`); not extracted further	not extracted	not inspected	not inspected	not established	[1] "This file is available for text mining. It may also be used consistent with the principles of fair use under the copyright law." ;; [2] "Therefore, NCBI itself places no restrictions on the use or distribution of the data contained therein. Nor do we accept data when the submitter has requested restrictions on reuse or redistribution."	[1] PMC9804519 NCBI efetch db=pmc, <permissions>/<license> (file ncbi_pmc_balakrishnan2022.xml) ;; [2] NCBI Policies and Disclaimers page, section "Molecular Data Usage" (file ncbi_policies.html)	[1] 2026-10-05T16:20:00Z ;; [2] 2026-10-05T16:12:35Z	[1] 799e483ae45599d6eee23f9e963a39c1ee29c48dfa5b86250c7cc9f779b640b1 ;; [2] 8ad8f6f186ca51ec73a5fb8935ecfa17b8cbaad300b7025b381898ab72621869	[1] https://eutils.ncbi.nlm.nih.gov/entrez/eutils/efetch.fcgi?db=pmc&id=9804519&retmode=xml ;; [2] https://www.ncbi.nlm.nih.gov/home/about/policies/	[1] "!Sample_characteristics_ch1 = strain: NCM3722" -- GEO GSE205717 sample records -- file geo_GSE205717_gsm.txt, retrieved 2026-10-05T16:24:30Z, SHA-256 3669e29f32cb8d25329ff7ae618531874ba2fbfee069549f0b6a302b8be14354, https://www.ncbi.nlm.nih.gov/geo/query/acc.cgi?acc=GSE205717&targ=gsm&form=text&view=brief	GEO series and sample records only.	Yes (GEO FTP)	Measured in NCM3722. Article carries only a text-mining notice.	No grant (text-mining notice only): link-only by the ledger rule.	link-only	recommend reject	Wrong substrain and no grant.	read
L2-01	2	Thomason et al. 2015 dRNA-seq transcription start sites	PMID 25266388; PMCID PMC4288677; DOI 10.1128/JB.02096-14; GEO GSE55199 (22 samples; GSE55199_RAW.tar); SRA SRP038698	Primary 5' ends by differential RNA-seq (dRNA-seq); 14,868 TSS candidates predicted	MG1655 (GEO `strain` field, 22 of 22 samples)	exact	37 °C; LB to OD600 about 0.4 and 2.0, M63 minimal glucose to OD600 about 0.4	Two independent biological replicates per condition	TSS positions; GEO holds GSE55199_RAW.tar, contents not opened	Genomic coordinates on NC_000913.2; no per-TSS table was found in the retrieved article text, and the supplement was not retrieved	Positional: coordinates are on NC_000913.2 and the genome of record is NC_000913.3, so a version conversion is required before any b-number assignment. Adams et al. 2021 (row L3-03) documents a sequence-anchored conversion to NC_000913.3; no ready conversion table was found.	[1] "Copyright © 2015, American Society for Microbiology. All Rights Reserved." ;; [2] "Therefore, NCBI itself places no restrictions on the use or distribution of the data contained therein. Nor do we accept data when the submitter has requested restrictions on reuse or redistribution."	[1] PMC article page PMC4288677, copyright line under the author block (file pmc_page_thomason2015.html) ;; [2] NCBI Policies and Disclaimers page, section "Molecular Data Usage" (file ncbi_policies.html)	[1] 2026-10-05T16:25:42Z ;; [2] 2026-10-05T16:12:35Z	[1] 4bbc52674c8b8915fb93f84eb54d5f9f8a78fdf8ba78d4f0e8c2f6df18b5a221 ;; [2] 8ad8f6f186ca51ec73a5fb8935ecfa17b8cbaad300b7025b381898ab72621869	[1] https://pmc.ncbi.nlm.nih.gov/articles/PMC4288677/ ;; [2] https://www.ncbi.nlm.nih.gov/home/about/policies/	[1] "we collected two independent biological replicates (B1 and B2 samples) from MG1655 wild-type cells" -- PMC4288677 article page, Results -- file pmc_page_thomason2015.html, retrieved 2026-10-05T16:25:42Z, SHA-256 4bbc52674c8b8915fb93f84eb54d5f9f8a78fdf8ba78d4f0e8c2f6df18b5a221, https://pmc.ncbi.nlm.nih.gov/articles/PMC4288677/ ;; [2] "Cells were grown at 37°C in LB (10 g of tryptone, 5 g of yeast extract, 10 g of NaCl per liter) or M63 minimal glucose medium (supplemented with final concentrations of 0.001% vitamin B 1 and 0.2% glucose) to an optical density at 600 nm (OD 600 ) of ∼0.4 and 2.0 for LB and an OD 600 of ∼0.4 for M63." -- PMC4288677 article page, Materials and Methods, Growth conditions -- file pmc_page_thomason2015.html, retrieved 2026-10-05T16:25:42Z, SHA-256 4bbc52674c8b8915fb93f84eb54d5f9f8a78fdf8ba78d4f0e8c2f6df18b5a221, https://pmc.ncbi.nlm.nih.gov/articles/PMC4288677/ ;; [3] "were mapped to the E. coli MG1655 genome (NCBI accession no. NC_000913.2 [24 June 2004])" -- PMC4288677 article page, Materials and Methods, Read mapping -- file pmc_page_thomason2015.html, retrieved 2026-10-05T16:25:42Z, SHA-256 4bbc52674c8b8915fb93f84eb54d5f9f8a78fdf8ba78d4f0e8c2f6df18b5a221, https://pmc.ncbi.nlm.nih.gov/articles/PMC4288677/ ;; [4] "we predicted 14,868 TSS candidates, including 5,574 internal to annotated genes (iTSS) and 5,495 TSS corresponding to potential antisense RNAs (asRNAs)." -- PMC4288677 article page, Abstract -- file pmc_page_thomason2015.html, retrieved 2026-10-05T16:25:42Z, SHA-256 4bbc52674c8b8915fb93f84eb54d5f9f8a78fdf8ba78d4f0e8c2f6df18b5a221, https://pmc.ncbi.nlm.nih.gov/articles/PMC4288677/	GEO records read. Supplementary TSS tables not retrieved: Europe PMC supplementaryFiles refuses a non-open-access record, and journals.asm.org is left alone per the handoff contract.	GEO files yes; supplementary tables not retrieved	All rights reserved. Coordinates on the superseded sequence version. Many internal and antisense candidates; the authors' classes must be kept.	No grant: article all rights reserved, so the GEO files stay link-only by the ledger rule.	link-only	recommend reject	Best-described three-condition, replicated MG1655 TSS set, but no grant; cite and link.	read
L2-02	2	Ettwiller et al. 2016 Cappable-seq transcription start sites	PMID 26951544; PMCID PMC4782308; DOI 10.1186/s12864-016-2539-z; Additional file 1 `12864_2016_2539_MOESM1_ESM.gtf` (2,057,154 B, SHA-256 prefix c17fdf501add8e8e); ENA PRJEB9717	Primary 5' ends by enzymatic capping and streptavidin capture (Cappable-seq), single-base resolution	MG1655	exact	37 °C, M9 minimal medium with 0.2% glucose, mid-log phase	Two replicates (relative read score correlation 0.983 reported)	TSS position, relative read score and enrichment score per site	Genomic coordinates on GenBank U00096.2 (sequence name `gi|48994873|gb|U00096.2|` in the GTF)	Positional: U00096.2 coordinates need conversion to NC_000913.3 before a TSS can be assigned to a b-number by position. No join by name exists in the file.	[1] "Open Access This article is distributed under the terms of the Creative Commons Attribution 4.0 International License ( http://creativecommons.org/licenses/by/4.0/ ), which permits unrestricted use, distribution, and reproduction in any medium, provided you give appropriate credit to the original author(s) and the source, provide a link to the Creative Commons license, and indicate if changes were made." ;; [2] "The Creative Commons Public Domain Dedication waiver ( http://creativecommons.org/publicdomain/zero/1.0/ ) applies to the data made available in this article, unless otherwise stated."	[1] PMC4782308 Europe PMC fullTextXML, <permissions>/<license> (file epmc_ft_ettwiller2016.xml) ;; [2] PMC4782308 Europe PMC fullTextXML, <permissions>/<license>, final sentence (file epmc_ft_ettwiller2016.xml)	[1] 2026-10-05T16:17:50Z ;; [2] 2026-10-05T16:17:50Z	[1] 4219b4608fa3082b8f9070419497463c680c32bcda9b2232f133642a49e97668 ;; [2] 4219b4608fa3082b8f9070419497463c680c32bcda9b2232f133642a49e97668	[1] https://www.ebi.ac.uk/europepmc/webservices/rest/PMC4782308/fullTextXML ;; [2] https://www.ebi.ac.uk/europepmc/webservices/rest/PMC4782308/fullTextXML	[1] "E. coli MG1655 cells were grown at 37 °C in M9 minimal media with 0.2 % glucose." -- PMC4782308 full text, Methods, Growth of E. coli and isolation of total RNA -- file epmc_ft_ettwiller2016.xml, retrieved 2026-10-05T16:17:50Z, SHA-256 4219b4608fa3082b8f9070419497463c680c32bcda9b2232f133642a49e97668, https://www.ebi.ac.uk/europepmc/webservices/rest/PMC4782308/fullTextXML ;; [2] "The genome used is the K-12 MG1655 E. coli genome (U00096.2)." -- PMC4782308 full text, Methods, E. coli Annotation -- file epmc_ft_ettwiller2016.xml, retrieved 2026-10-05T16:17:50Z, SHA-256 4219b4608fa3082b8f9070419497463c680c32bcda9b2232f133642a49e97668, https://www.ebi.ac.uk/europepmc/webservices/rest/PMC4782308/fullTextXML ;; [3] "The correlation coefficient between replicate 1 and replicate 2 RRS is 0.983." -- PMC4782308 full text, Fig. 1 legend -- file epmc_ft_ettwiller2016.xml, retrieved 2026-10-05T16:17:50Z, SHA-256 4219b4608fa3082b8f9070419497463c680c32bcda9b2232f133642a49e97668, https://www.ebi.ac.uk/europepmc/webservices/rest/PMC4782308/fullTextXML ;; [4] "a remarkable number of 16359 TSS at single base resolution were found" -- PMC4782308 full text, Background -- file epmc_ft_ettwiller2016.xml, retrieved 2026-10-05T16:17:50Z, SHA-256 4219b4608fa3082b8f9070419497463c680c32bcda9b2232f133642a49e97668, https://www.ebi.ac.uk/europepmc/webservices/rest/PMC4782308/fullTextXML ;; [5] "identifying an unprecedented 16539 transcription start sites" -- PMC4782308 full text, Abstract -- file epmc_ft_ettwiller2016.xml, retrieved 2026-10-05T16:17:50Z, SHA-256 4219b4608fa3082b8f9070419497463c680c32bcda9b2232f133642a49e97668, https://www.ebi.ac.uk/europepmc/webservices/rest/PMC4782308/fullTextXML	MOESM1 GTF from the Europe PMC supplementaryFiles bundle: 16,359 feature rows, source `CAPPABLE_SEQ`, feature `TSS`, sequence U00096.2. The article gives the count as 16539 in the abstract and 16359 in the background section; the file agrees with 16359. Files inspected: 12864_2016_2539_MOESM1_ESM.gtf (2057154 B, SHA-256 c17fdf501add8e8ea5727ced3b5fd266bcf1c75a44736215c87bd701d985f786, member of the bundle https://www.ebi.ac.uk/europepmc/webservices/rest/PMC4782308/supplementaryFiles, retrieved 2026-10-05T16:36:10Z)	Yes (Europe PMC supplementaryFiles)	One condition. Coordinates on the superseded sequence version. The file gives positions and scores, no gene assignment.	Article CC BY 4.0 with an explicit CC0 data clause. Explicit data clause, stronger than an article licence alone: the licence block states that the Creative Commons Public Domain Dedication waiver (CC0 1.0) "applies to the data made available in this article, unless otherwise stated". No per-file legend is present, so that each additional file is "data made available in this article" is read from the clause itself. The TSS table is Additional file 1 of the article. Under the ledger an affirmative grant is what redistribution of a derived table needs; whether this clause is one for this file is the owner's reading to make.	bring first	recommend admit with caveat	The only replicated MG1655 genome-wide TSS table found with a directly retrievable per-site file, in a CC BY article whose licence also carries a CC0 data clause.	read
L2-03	2	Kim et al. 2012 genome-wide TSS profiling	PMID 22912590; PMCID PMC3415461; DOI 10.1371/journal.pgen.1002867; Dataset `pgen.1002867.s007.xlsx` (798,145 B, SHA-256 prefix 564baba1c635641d); GEO GSE35822	TSS positions and read counts, with the assigned downstream gene	K-12 MG1655 (GEO: MG1655 2 of 6 samples; the rest are Klebsiella pneumoniae)	exact	Glucose (2 g/L) minimal M9 medium, 37 °C; exponential growth	not extracted	TSS position and TSS read count	b-number in the `Gene ID` column of sheet "E. coli TSS" (3,733 of 3,746 data records carry a b-number, 2,644 distinct; 13 carry an EcoCyc `G0-` id) plus genomic coordinates	Direct for the gene assignment the authors made (b-number column). Coordinates are on NC_000913 with the version not stated, so positions need the version established first.	[1] "https://creativecommons.org/licenses/by/4.0/ This is an open-access article distributed under the terms of the Creative Commons Attribution License, which permits unrestricted use, distribution, and reproduction in any medium, provided the original author and source are properly credited."	[1] PMC3415461 Europe PMC fullTextXML, <permissions>/<license> (file epmc_ft_kim2012.xml)	[1] 2026-10-05T16:17:51Z	[1] 37aabbd33b2d4179d9bb1d7b65955e44c817a20ade9ea49fff08e72d2345f48b	[1] https://www.ebi.ac.uk/europepmc/webservices/rest/PMC3415461/fullTextXML	[1] "we performed a genome-wide profiling of transcription start sites (TSSs) in two species, E. coli K-12 MG1655 and K. pneumoniae MGH78578." -- PMC3415461 full text, Abstract -- file epmc_ft_kim2012.xml, retrieved 2026-10-05T16:17:51Z, SHA-256 37aabbd33b2d4179d9bb1d7b65955e44c817a20ade9ea49fff08e72d2345f48b, https://www.ebi.ac.uk/europepmc/webservices/rest/PMC3415461/fullTextXML ;; [2] "Escherichia coli K-12 MG1655 and Klebsiella pneumoniae subsp. pneumoniae MGH78578 were grown in glucose (2 g/L) minimal M9 medium" -- PMC3415461 full text, Materials and Methods -- file epmc_ft_kim2012.xml, retrieved 2026-10-05T16:17:51Z, SHA-256 37aabbd33b2d4179d9bb1d7b65955e44c817a20ade9ea49fff08e72d2345f48b, https://www.ebi.ac.uk/europepmc/webservices/rest/PMC3415461/fullTextXML ;; [3] "were aligned onto the E. coli K-12 MG1655 genome ( NC_000913 )" -- PMC3415461 full text, Materials and Methods -- file epmc_ft_kim2012.xml, retrieved 2026-10-05T16:17:51Z, SHA-256 37aabbd33b2d4179d9bb1d7b65955e44c817a20ade9ea49fff08e72d2345f48b, https://www.ebi.ac.uk/europepmc/webservices/rest/PMC3415461/fullTextXML	pgen.1002867.s007.xlsx sheet "E. coli TSS": four note rows, a blank row and one header row, then 3,746 data records (the sheet has 3,752 physical rows). Columns Chromosome, TSS position, TSS reads, Strand, Gene ID, Gene name, and six more. The Chromosome column reads NC_000913 on every record. Files inspected: pgen.1002867.s007.xlsx (798145 B, SHA-256 564baba1c635641d51e76aaaa7b818e5cc476b7009a85e44d0a334e64799d8b4, member of the bundle https://www.ebi.ac.uk/europepmc/webservices/rest/PMC3415461/supplementaryFiles, retrieved 2026-10-05T16:36:58Z)	Yes (Europe PMC supplementaryFiles)	Reference sequence version not stated; one condition; replicates not extracted here.	Inferred from the article licence (CC BY; the XML licence link is CC BY 4.0); no file-level grant shown. No per-file legend and no publisher statement extending the article licence to this supplementary file was found in the retrieved XML, so a grant over the file is inferred from the article licence, not shown. The source ledger has no rule for a publisher-hosted supplementary file without its own legend: its article-licence rule is written for a GEO deposit ("the article's licence is taken as the grant over the article's deposited data"), and its two file-level precedents (Adomako 2022 Data Set S1; PXD005851 Table S1) each rest on a legend. Applying the article licence here would extend the GEO-deposit rule by analogy, which is an owner ledger decision; the owner's 2026-10-05 redistribution decision is a separate basis and is not evidence of a file-level grant.	bring second	recommend admit with caveat	A CC BY article and a table already keyed to b-numbers, so a per-gene TSS list would not have to wait for the coordinate conversion. The grant over the file is inferred.	read
L2-04	2;3	Yan et al. 2018 SMRT-Cappable-seq full-length primary transcripts	PMID 30201986; PMCID PMC6131387; DOI 10.1038/s41467-018-05997-6; GEO GSE117273; Supplementary Data `41467_2018_5997_MOESM5_ESM.xlsx` (operons, SHA-256 prefix 6e861b6cb85bf99b), `MOESM4_ESM.xlsx` (termination sites, cd37432e014d4098), `MOESM6_ESM.xlsx`, `MOESM7_ESM.xlsx`	Full-length primary transcripts by long-read sequencing of capped RNA: TSS, termination site and operon membership per transcript	K-12 MG1655, wild type (GEO fields, 6 of 6 samples)	exact	37 °C; M9 minimal medium with 0.2% glucose (4 samples) and rich medium (2 samples); log phase	Not stated in the passages read; 4 M9 and 2 rich samples in GEO	Operon definitions with TSS coordinate; read counts for termination sites	b-numbers in the operon and transcriptional-context tables; coordinates on NC_000913.3. In the operon table a cell lists member genes separated by `|`	Direct: operon rows list member genes as b-numbers, and coordinates are already on the genome of record.	[1] "https://creativecommons.org/licenses/by/4.0/ Open Access This article is licensed under a Creative Commons Attribution 4.0 International License, which permits use, sharing, adaptation, distribution and reproduction in any medium or format, as long as you give appropriate credit to the original author(s) and the source, provide a link to the Creative Commons license, and indicate if changes were made."	[1] PMC6131387 Europe PMC fullTextXML, <permissions>/<license> (file epmc_ft_yan2018.xml)	[1] 2026-10-05T16:17:53Z	[1] 4f6c5879881a2ba14c4d197aceccb3ca4a157389b2c45d76a6a9e523b1744a4b	[1] https://www.ebi.ac.uk/europepmc/webservices/rest/PMC6131387/fullTextXML	[1] "E. coli k-12 strain MG1655 was grown at 37°C in M9 minimal medium with 0.2% glucose and Rich medium (per liter 10 g Tryptone, 5 g Yeast Extract, 5 g sodium chloride, pH 7.2), respectively." -- PMC6131387 full text, Methods -- file epmc_ft_yan2018.xml, retrieved 2026-10-05T16:17:53Z, SHA-256 4f6c5879881a2ba14c4d197aceccb3ca4a157389b2c45d76a6a9e523b1744a4b, https://www.ebi.ac.uk/europepmc/webservices/rest/PMC6131387/fullTextXML ;; [2] "on the reference genome ( NC_000913.3 )" -- PMC6131387 full text, figure legend -- file epmc_ft_yan2018.xml, retrieved 2026-10-05T16:17:53Z, SHA-256 4f6c5879881a2ba14c4d197aceccb3ca4a157389b2c45d76a6a9e523b1744a4b, https://www.ebi.ac.uk/europepmc/webservices/rest/PMC6131387/fullTextXML ;; [3] "!Sample_characteristics_ch1 = strain: MG1655" -- GEO GSE117273 sample records -- file geo_GSE117273_gsm.txt, retrieved 2026-10-05T16:24:12Z, SHA-256 1667cac2509e52e1c834776b42b4c6ba047e745464723a03fe9aaf7f292dffd1, https://www.ncbi.nlm.nih.gov/geo/query/acc.cgi?acc=GSE117273&targ=gsm&form=text&view=brief	MOESM5 sheet "SMRT-Cappable-seq Operon": a title row and a header row, then 3,070 operon records. The member-gene column holds 2,665 distinct b-numbers once compound cells are split on `|`; 1,375 of its cells are a single b-number (1,069 distinct). MOESM4 sheets "M9_TTS" 408 and "Rich_TTS" 455 termination-site records (two heading rows each). MOESM7 "Transcriptional Context": 1,981 records keyed by gene ID, 1,981 distinct b-numbers. Files inspected: 41467_2018_5997_MOESM5_ESM.xlsx (154217 B, SHA-256 6e861b6cb85bf99b72668504ece4e902fe00890dbdfd8849056192abab0a85b8, member of the bundle https://www.ebi.ac.uk/europepmc/webservices/rest/PMC6131387/supplementaryFiles, retrieved 2026-10-05T16:36:32Z) ;; 41467_2018_5997_MOESM4_ESM.xlsx (158697 B, SHA-256 cd37432e014d4098b2c853bf7718384cfa4cb5d43513006c7b60e11d8970594b, member of the bundle https://www.ebi.ac.uk/europepmc/webservices/rest/PMC6131387/supplementaryFiles, retrieved 2026-10-05T16:36:32Z) ;; 41467_2018_5997_MOESM7_ESM.xlsx (74170 B, SHA-256 3d4132f04be00c5c00518f81b032661cca4daff61d517d9f2bfd07c10bb2ac88, member of the bundle https://www.ebi.ac.uk/europepmc/webservices/rest/PMC6131387/supplementaryFiles, retrieved 2026-10-05T16:36:32Z)	Yes (Europe PMC supplementaryFiles)	Long-read depth limits coverage to expressed operons in two conditions; replicate structure not established here.	Inferred from the article licence (CC BY 4.0); no file-level grant shown. The licence block adds that "images or other third party material in this article are included in the article's Creative Commons license, unless indicated otherwise", which speaks to third-party material and does not name supplementary files. No per-file legend and no publisher statement extending the article licence to this supplementary file was found in the retrieved XML, so a grant over the file is inferred from the article licence, not shown. The source ledger has no rule for a publisher-hosted supplementary file without its own legend: its article-licence rule is written for a GEO deposit ("the article's licence is taken as the grant over the article's deposited data"), and its two file-level precedents (Adomako 2022 Data Set S1; PXD005851 Table S1) each rest on a legend. Applying the article licence here would extend the GEO-deposit rule by analogy, which is an owner ledger decision; the owner's 2026-10-05 redistribution decision is a separate basis and is not evidence of a file-level grant.	bring first (layer 3); bring second (layer 2)	recommend admit with caveat	Measured operons on NC_000913.3 with b-number members in a CC BY article: the cleanest replacement for a proximity-only operon view. The grant over the files is inferred.	read
L2-05	2	RegulonDB PromoterSet (curated promoters and TSS)	RegulonDB release 14.5, file `PromoterSet` (format rif-version 1, file version 1.0, creation date 06-09-2026), via POST https://regulondb.ccg.unam.mx/graphql `getDataOfFile(fileName:"PromoterSet")`; cited as DOI 10.1093/nar/gkad1072 (PMID 37971353)	Curated promoters: TSS position, sigma factor, -10 and -35 boxes, first gene, evidence codes and confidence level	E. coli K-12 (the database describes K-12; substrain per record not stated in the file)	partial	not applicable (literature curation across conditions)	not applicable	Genomic position of TSS; categorical confidence (Confirmed, Strong, Weak)	RegulonDB promoter ids (RDBECOLIPMC…) and gene names; no b-number column in this file	Gene name to b-number through RegulonDB's own `GeneProductSet` file (columns geneName and bnumber; 4,829 distinct b-numbers). The reference sequence version is not stated in the file header (not reported).	[1] "3.1 distribute or install in a computer server or network the licensed RegulonDB, nor permit any third party to access it;" ;; [2] "3.2 modify or create derivative works based upon the licensed Database; or" ;; [3] "Furthermore, the AEU is not entitled to expand RegulonDB or to integrate RegulonDB partly or as a whole into other databank systems without prior written consent from CCG-UNAM." ;; [4] "# RegulonDB is free for academic/noncommercial use"	[1] RegulonDB manual, "Terms and conditions" (EULA version 2.0, April 2006), clause 3.1 (file regulondb_terms.md) ;; [2] same file, clause 3.2 (file regulondb_terms.md) ;; [3] same file, clause 4 (file regulondb_terms.md) ;; [4] per-file `license` field returned by the public GraphQL `getDataOfFile` (identical header on the other RegulonDB files retrieved) (file regulondb_file_PromoterSet.json)	[1] 2026-10-05T16:14:07Z ;; [2] 2026-10-05T16:14:07Z ;; [3] 2026-10-05T16:14:07Z ;; [4] 2026-10-05T16:14:08Z	[1] b3b477e40fd8e64bc478b89a6ca5bc33beeb342fe326cc2df88e16bbc3e0b6ab ;; [2] b3b477e40fd8e64bc478b89a6ca5bc33beeb342fe326cc2df88e16bbc3e0b6ab ;; [3] b3b477e40fd8e64bc478b89a6ca5bc33beeb342fe326cc2df88e16bbc3e0b6ab ;; [4] af28d228a23767b6421e6ea507a0fa40a808e78f5fdf3cba4df788271f6a9fa5	[1] https://raw.githubusercontent.com/regulondbunam/RegulonDBManual/master/manual/AboutUs/terms-and-conditions.md ;; [2] https://raw.githubusercontent.com/regulondbunam/RegulonDBManual/master/manual/AboutUs/terms-and-conditions.md ;; [3] https://raw.githubusercontent.com/regulondbunam/RegulonDBManual/master/manual/AboutUs/terms-and-conditions.md ;; [4] POST https://regulondb.ccg.unam.mx/graphql with JSON body {"query":"{ getDataOfFile(fileName: \"PromoterSet\") { _id fileName fileFormat license citation version creationDate columnsDetails content } }"}	[1] "RegulonDB is the primary database on transcriptional regulation in Escherichia coli K-12" -- site front page, <meta name="description"> attribute -- file regulondb_front.html, retrieved 2026-10-05T16:12:35Z, SHA-256 dffe340c9aff1951c7d5172899bf945c33f52b6cc6db073ed4fad11c078c4ae9, https://regulondb.ccg.unam.mx/ ;; [2] "# RegulonDB Release: 14.5" -- per-file `citation` field -- file regulondb_file_PromoterSet.json, retrieved 2026-10-05T16:14:08Z, SHA-256 af28d228a23767b6421e6ea507a0fa40a808e78f5fdf3cba4df788271f6a9fa5, POST https://regulondb.ccg.unam.mx/graphql with JSON body {"query":"{ getDataOfFile(fileName: \"PromoterSet\") { _id fileName fileFormat license citation version creationDate columnsDetails content } }"} ;; [3] "(4) posTSS. Genome map position of Transcription Start Site (+1)" -- per-file `columnsDetails` field -- file regulondb_file_PromoterSet.json, retrieved 2026-10-05T16:14:08Z, SHA-256 af28d228a23767b6421e6ea507a0fa40a808e78f5fdf3cba4df788271f6a9fa5, POST https://regulondb.ccg.unam.mx/graphql with JSON body {"query":"{ getDataOfFile(fileName: \"PromoterSet\") { _id fileName fileFormat license citation version creationDate columnsDetails content } }"}	4,057 promoter rows. Sigma assignment: sigma70 2,001, none 716, sigma24 523, sigma32 326, sigma38 242, sigma28 147, sigma54 101, sigma19 1. Confidence: Weak 2,670, Strong 1,271, Confirmed 77, None 39.	Yes. The public GraphQL endpoint https://regulondb.ccg.unam.mx/graphql returned every file listed by `listAllDownloadableFiles` (24 files) without an account or key.	Two thirds of rows are Weak confidence, many from computational or high-throughput evidence: evidence codes must travel with each row. Genome version not stated in the file.	No affirmative grant to redistribute: the EULA quoted here forbids distribution, derivative works and integration into another databank without written consent from CCG-UNAM, and limits the licence to academic/noncommercial internal use for one year. Ledger reading: link-only unless UNAM consents in writing. The manual also carries a page titled "Licence of RegulonDB" whose text is the MIT licence over "this software and associated documentation files" (regulondb_licence.md); it does not name the data, so it is not read as a grant over the datasets.	link-only pending written consent	recommend admit with caveat	The reference curated promoter set with sigma assignments; scientifically first choice, blocked only by its terms.	read
L3-01	3	RegulonDB TUSet, OperonSet and TerminatorSet	RegulonDB release 14.5, files `TUSet`, `OperonSet`, `TerminatorSet` (creation date 06-09-2026) via the same GraphQL call as row L2-05	Curated transcription units (promoter, genes, terminators), operons, and terminators with type	E. coli K-12	partial	not applicable (curation)	not applicable	Gene lists per unit; terminator coordinates and class	RegulonDB ids and gene names	Gene name to b-number through RegulonDB `GeneProductSet` (see L2-05).	[1] "3.1 distribute or install in a computer server or network the licensed RegulonDB, nor permit any third party to access it;" ;; [2] "3.2 modify or create derivative works based upon the licensed Database; or" ;; [3] "Furthermore, the AEU is not entitled to expand RegulonDB or to integrate RegulonDB partly or as a whole into other databank systems without prior written consent from CCG-UNAM." ;; [4] "# RegulonDB is free for academic/noncommercial use"	[1] RegulonDB manual, "Terms and conditions" (EULA version 2.0, April 2006), clause 3.1 (file regulondb_terms.md) ;; [2] same file, clause 3.2 (file regulondb_terms.md) ;; [3] same file, clause 4 (file regulondb_terms.md) ;; [4] per-file `license` field returned by the public GraphQL `getDataOfFile` (identical header on the other RegulonDB files retrieved) (file regulondb_file_PromoterSet.json)	[1] 2026-10-05T16:14:07Z ;; [2] 2026-10-05T16:14:07Z ;; [3] 2026-10-05T16:14:07Z ;; [4] 2026-10-05T16:14:08Z	[1] b3b477e40fd8e64bc478b89a6ca5bc33beeb342fe326cc2df88e16bbc3e0b6ab ;; [2] b3b477e40fd8e64bc478b89a6ca5bc33beeb342fe326cc2df88e16bbc3e0b6ab ;; [3] b3b477e40fd8e64bc478b89a6ca5bc33beeb342fe326cc2df88e16bbc3e0b6ab ;; [4] af28d228a23767b6421e6ea507a0fa40a808e78f5fdf3cba4df788271f6a9fa5	[1] https://raw.githubusercontent.com/regulondbunam/RegulonDBManual/master/manual/AboutUs/terms-and-conditions.md ;; [2] https://raw.githubusercontent.com/regulondbunam/RegulonDBManual/master/manual/AboutUs/terms-and-conditions.md ;; [3] https://raw.githubusercontent.com/regulondbunam/RegulonDBManual/master/manual/AboutUs/terms-and-conditions.md ;; [4] POST https://regulondb.ccg.unam.mx/graphql with JSON body {"query":"{ getDataOfFile(fileName: \"PromoterSet\") { _id fileName fileFormat license citation version creationDate columnsDetails content } }"}	[1] "1)id\t2)name\t3)operonId\t4)operonName\t5)tuGenes" -- TUSet header row (tab characters appear as \t in the JSON string) -- file regulondb_file_TUSet.json, retrieved 2026-10-05T16:14:08Z, SHA-256 ccf2697773b5a09d2df5b34aad7ea9577c309ca5ff359f9c73eee7639ba8fffe, POST https://regulondb.ccg.unam.mx/graphql with JSON body {"query":"{ getDataOfFile(fileName: \"TUSet\") { _id fileName fileFormat license citation version creationDate columnsDetails content } }"}	TUSet 3,767 rows; OperonSet 2,605 rows; TerminatorSet 375 rows (types include rho-independent). Counts exclude the header row.	Yes. The public GraphQL endpoint https://regulondb.ccg.unam.mx/graphql returned every file listed by `listAllDownloadableFiles` (24 files) without an account or key.	Only 375 curated terminators. Units inferred from single-direction adjacency are marked Weak (evidence COMP-AINF-SINGLE-DIRECTON).	No affirmative grant to redistribute: the EULA quoted here forbids distribution, derivative works and integration into another databank without written consent from CCG-UNAM, and limits the licence to academic/noncommercial internal use for one year. Ledger reading: link-only unless UNAM consents in writing. The manual also carries a page titled "Licence of RegulonDB" whose text is the MIT licence over "this software and associated documentation files" (regulondb_licence.md); it does not name the data, so it is not read as a grant over the datasets.	link-only pending written consent	recommend admit with caveat	Reference curated operon and TU set; same terms block as L2-05.	read
L3-02	3;2	Conway et al. 2014 operon architecture by RNA-seq	PMID 25006232; PMCID PMC4161252; DOI 10.1128/mBio.01442-14; GEO GSE52059 (GSE52059_Transcriptome_annotation.txt.gz); supplementary tables mbo004141900st2.xlsx (promoters), st3.xlsx (terminators), st4.xlsx (transcription units)	Promoters, terminators and transcription units called from RNA-seq time series	K-12 BW38028 and its rpoS mutant BW39452 (GEO `sub strain` field: BW38028 17, BW39452 9); not MG1655	partial (a K-12 derivative; its relation to MG1655 was not read in the article)	Glucose-limited minimal medium, logarithmic to stationary phase time series	Duplicate cultures	Feature tables per promoter, terminator and transcription unit (columns not inspected beyond sheet names and row counts)	Gene names and coordinates on U00096.2	Gene name to b-number (name-based, ambiguity must be reported) or positional after conversion from U00096.2.	[1] "This is an open-access article distributed under the terms of the Creative Commons Attribution-Noncommercial-ShareAlike 3.0 Unported license , which permits unrestricted noncommercial use, distribution, and reproduction in any medium, provided the original author and source are credited."	[1] PMC4161252 Europe PMC fullTextXML, <permissions>/<license> (file epmc_ft_conway2014.xml)	[1] 2026-10-05T16:18:04Z	[1] c93bf37d57239fc65bce458fc23aaadca0e450136208dade8b91ca83ec239b98	[1] https://www.ebi.ac.uk/europepmc/webservices/rest/PMC4161252/fullTextXML	[1] "We acquired time series of RNA samples from duplicate cultures of E. coli K-12 BW38028 and its isogenic rpoS mutant BW39452 during logarithmic- and stationary-phase growth on glucose-limited minimal medium" -- PMC4161252 full text, Results -- file epmc_ft_conway2014.xml, retrieved 2026-10-05T16:18:04Z, SHA-256 c93bf37d57239fc65bce458fc23aaadca0e450136208dade8b91ca83ec239b98, https://www.ebi.ac.uk/europepmc/webservices/rest/PMC4161252/fullTextXML ;; [2] "Sequence reads were aligned to the E. coli MG1655 reference genome ( U00096.2 )" -- PMC4161252 full text, Materials and Methods -- file epmc_ft_conway2014.xml, retrieved 2026-10-05T16:18:04Z, SHA-256 c93bf37d57239fc65bce458fc23aaadca0e450136208dade8b91ca83ec239b98, https://www.ebi.ac.uk/europepmc/webservices/rest/PMC4161252/fullTextXML	st4 "table S4 TUs": two heading rows, then 2,566 records. st2 "table s2 Promoters": three heading rows, then 2,122 records. st3 "table S3 Terminators": two heading rows, then 1,774 records (its title cell reads "1774 TESs"). Files inspected: mbo004141900st2.xlsx (646535 B, SHA-256 7cb002e60d80ea90e5ece38da814400dc7da4defa92d0d45dcfcaa5461e083fc, member of the bundle https://www.ebi.ac.uk/europepmc/webservices/rest/PMC4161252/supplementaryFiles, retrieved 2026-10-05T16:37:35Z) ;; mbo004141900st3.xlsx (212291 B, SHA-256 09081b861f33cf8b4a04a08e065aa86e14383f3df002a0a4d0919f67e519dfef, member of the bundle https://www.ebi.ac.uk/europepmc/webservices/rest/PMC4161252/supplementaryFiles, retrieved 2026-10-05T16:37:35Z) ;; mbo004141900st4.xlsx (293161 B, SHA-256 f2ecf4fd57d0b8b2dcae5ddae5da1148afcedffc406a293bac233bc2405dccfd, member of the bundle https://www.ebi.ac.uk/europepmc/webservices/rest/PMC4161252/supplementaryFiles, retrieved 2026-10-05T16:37:35Z)	Yes (Europe PMC supplementaryFiles)	Not MG1655. Licence is non-commercial share-alike. Coordinates on the superseded sequence.	Article CC BY-NC-SA 3.0 (non-commercial, share-alike); a grant over the supplementary tables is inferred from it. No per-file legend was found on the supplementary tables, so the same inference from article to file applies as in row L2-03. The ledger has no evidence-based rule for NC-SA; the owner's 2026-10-05 note covers attribution and non-commercial use, and share-alike on a derived table is an added condition for the owner to accept or not.	supporting	recommend admit with caveat	Large measured terminator and TU set, but substrain and share-alike make it second to Yan 2018.	read
L3-03	3	Adams et al. 2021 Term-seq RNA 3' ends	PMID 33460557; PMCID PMC7815308; DOI 10.7554/eLife.62438; Supplementary file 1 `elife-62438-supp1.xlsx` (267,993 B, SHA-256 prefix 191a488103cd73da); BioProject PRJNA640168	RNA 3' ends by Term-seq, per condition	MG1655 (strain GSO988)	exact	LB to OD600 about 0.4 and 2.0; M63 glucose to OD600 about 0.4	Two biological replicates	3' end position, strand, average Term-seq read count, the authors' classification, and a 3' end region sequence, per condition	Genomic coordinates; reads were mapped to NC_000913.3	Positional on the genome of record: no version conversion needed.	[1] "This is an open-access article, free of all copyright, and may be freely reproduced, distributed, transmitted, modified, built upon, or otherwise used by anyone for any lawful purpose. The work is made available under the Creative Commons CC0 public domain dedication ."	[1] PMC7815308 Europe PMC fullTextXML, <permissions>/<license> (file epmc_ft_adams2021.xml)	[1] 2026-10-05T16:18:07Z	[1] 4c52440e0946d9507391a5f327b2af43858ccdba77009b2b7c97f8203d8ba639	[1] https://www.ebi.ac.uk/europepmc/webservices/rest/PMC7815308/fullTextXML	[1] "Two biological replicates of E. coli MG1655 (GSO988) were diluted 1:500 from an LB overnight culture in either LB or M63 glucose media." -- PMC7815308 full text, Materials and methods, Term-seq -- file epmc_ft_adams2021.xml, retrieved 2026-10-05T16:18:07Z, SHA-256 4c52440e0946d9507391a5f327b2af43858ccdba77009b2b7c97f8203d8ba639, https://www.ebi.ac.uk/europepmc/webservices/rest/PMC7815308/fullTextXML ;; [2] "Trimmed reads were mapped to the E. coli reference genome (MG1655 NC_000913.3 ) using BWA-MEM." -- PMC7815308 full text, Materials and methods -- file epmc_ft_adams2021.xml, retrieved 2026-10-05T16:18:07Z, SHA-256 4c52440e0946d9507391a5f327b2af43858ccdba77009b2b7c97f8203d8ba639, https://www.ebi.ac.uk/europepmc/webservices/rest/PMC7815308/fullTextXML ;; [3] "all datasets were converted to the corresponding E. coli MG1655 ( NC_000913.3 ) positions." -- PMC7815308 full text, Materials and methods: how earlier datasets on older coordinates were converted -- file epmc_ft_adams2021.xml, retrieved 2026-10-05T16:18:07Z, SHA-256 4c52440e0946d9507391a5f327b2af43858ccdba77009b2b7c97f8203d8ba639, https://www.ebi.ac.uk/europepmc/webservices/rest/PMC7815308/fullTextXML	supp1 sheets "LB 0.4" 1,175, "LB 2.0" 882 and "M63 0.4" 1,053 data records, each after a title row and a header row (columns 3´ end position, strand, Term-seq AVG reads, classification, details, 3′ end region). The "details" column names genes by EcoCyc id. Files inspected: elife-62438-supp1.xlsx (267993 B, SHA-256 191a488103cd73da1338fe823f7340fc08229aa59a50109d89b9640edc84ee72, member of the bundle https://www.ebi.ac.uk/europepmc/webservices/rest/PMC7815308/supplementaryFiles, retrieved 2026-10-05T16:40:25Z)	Yes (Europe PMC supplementaryFiles)	3' ends include processing sites as well as termination sites; the authors' classes must be kept, and a 3' end is not by itself a terminator.	Inferred from the article's CC0 public-domain dedication; no file-level statement shown. No per-file legend and no publisher statement extending the article's dedication to this supplementary file was found in the retrieved XML, so a grant over the file is inferred from the article's dedication, not shown. The source ledger has no rule for a publisher-hosted supplementary file without its own legend: its article-licence rule is written for a GEO deposit ("the article's licence is taken as the grant over the article's deposited data"), and its two file-level precedents (Adomako 2022 Data Set S1; PXD005851 Table S1) each rest on a legend. Applying the article's dedication here would extend the GEO-deposit rule by analogy, which is an owner ledger decision; the owner's 2026-10-05 redistribution decision is a separate basis and is not evidence of a file-level grant.	bring second (layer 3)	recommend admit with caveat	Exact strain, replicated, three conditions, NC_000913.3 coordinates and a CC0 article: the strongest terminator-side source on identifiers. The dedication of the supplementary file is inferred from the article.	read
L3-04	3	Ju et al. 2019 SEnd-seq full-length transcript ends	PMID 31308523; PMCID PMC6814526; DOI 10.1038/s41564-019-0500-z; GEO GSE117737 (47 samples; GSE117737_RAW.tar)	Simultaneous 5' and 3' end mapping of transcripts; bidirectional terminators	K-12 MG1655 (and SIJ_488 for mutant construction)	exact	LB, aerobic, 37 °C; log and stationary phase; heat and bicyclomycin treatments	not extracted	Transcript end coordinates on NC_000913.3	Genomic coordinates on NC_000913.3	Positional on the genome of record.	[1] "Users may view, print, copy, and download text and data-mine the content in such documents, for the purposes of academic research, subject always to the full Conditions of use: http://www.nature.com/authors/editorial_policies/license.html#terms" ;; [2] "Therefore, NCBI itself places no restrictions on the use or distribution of the data contained therein. Nor do we accept data when the submitter has requested restrictions on reuse or redistribution."	[1] PMC6814526 NCBI efetch db=pmc, <permissions>/<license> (file ncbi_pmc_ju2019.xml) ;; [2] NCBI Policies and Disclaimers page, section "Molecular Data Usage" (file ncbi_policies.html)	[1] 2026-10-05T16:18:02Z ;; [2] 2026-10-05T16:12:35Z	[1] abe741c1b2fb3cb3dfbda454be7b19fcb3fe50baf0156b4dd36142537ab229d9 ;; [2] 8ad8f6f186ca51ec73a5fb8935ecfa17b8cbaad300b7025b381898ab72621869	[1] https://eutils.ncbi.nlm.nih.gov/entrez/eutils/efetch.fcgi?db=pmc&id=6814526&retmode=xml ;; [2] https://www.ncbi.nlm.nih.gov/home/about/policies/	[1] "E. coli K-12 MG1655 and K-12 SIJ_488 (Addgene #68246; a gift from Alex Nielsen) were cultured in LB media (10 g/l tryptone, 5 g/l yeast extract, 10 g/l NaCl, pH 7.4) under aerobic conditions at 37 °C." -- PMC6814526 author manuscript, Methods -- file ncbi_pmc_ju2019.xml, retrieved 2026-10-05T16:18:02Z, SHA-256 abe741c1b2fb3cb3dfbda454be7b19fcb3fe50baf0156b4dd36142537ab229d9, https://eutils.ncbi.nlm.nih.gov/entrez/eutils/efetch.fcgi?db=pmc&id=6814526&retmode=xml ;; [2] "by mapping to the reference E. coli genome NC_000913.3" -- PMC6814526 author manuscript, Methods -- file ncbi_pmc_ju2019.xml, retrieved 2026-10-05T16:18:02Z, SHA-256 abe741c1b2fb3cb3dfbda454be7b19fcb3fe50baf0156b4dd36142537ab229d9, https://eutils.ncbi.nlm.nih.gov/entrez/eutils/efetch.fcgi?db=pmc&id=6814526&retmode=xml	GEO records only; Europe PMC bundle held one figure file.	Yes (GEO FTP)	Author-manuscript terms; processed tables are inside a RAW tar and were not opened.	No grant: the deposit carries the publisher's author-manuscript terms (view, print, copy, download and text and data-mine for academic research), which is not a redistribution grant. Link-only by the ledger rule.	link-only	recommend reject	Good assay and exact strain, no grant.	read
L3-05	3	Dar and Sorek 2018 Term-seq of Rho-dependent 3' ends	PMID 29669055; PMCID PMC6061677; DOI 10.1093/nar/gky274; GEO GSE109766 (GSE109766_ecoli_termseq_rep1-3.counts_per_position.txt.gz); `gky274_supplemental_files.xlsx`	RNA 3' ends by Term-seq, with Rho-dependence	BW25113 (GEO `strain` field, 3 of 3 samples); not MG1655	partial (K-12 BW25113: a cross-substrain transfer here)	LB, aerobic, 37 °C	Three (file name rep1-3)	Read counts per 3' position; site tables	`BW25113_####` locus tags and gene names	BW25113 locus tag or gene name to b-number: a cross-strain, name-based route whose ambiguity must be reported. Not performed.	[1] "https://creativecommons.org/licenses/by-nc/4.0/ This is an Open Access article distributed under the terms of the Creative Commons Attribution Non-Commercial License ( http://creativecommons.org/licenses/by-nc/4.0/ ), which permits non-commercial re-use, distribution, and reproduction in any medium, provided the original work is properly cited. For commercial re-use, please contact journals.permissions@oup.com" ;; [2] "Therefore, NCBI itself places no restrictions on the use or distribution of the data contained therein. Nor do we accept data when the submitter has requested restrictions on reuse or redistribution."	[1] PMC6061677 Europe PMC fullTextXML, <permissions>/<license> (file epmc_ft_dar2018.xml) ;; [2] NCBI Policies and Disclaimers page, section "Molecular Data Usage" (file ncbi_policies.html)	[1] 2026-10-05T16:18:08Z ;; [2] 2026-10-05T16:12:35Z	[1] d5585152cd135ed28525ccdaad35a51128674aeb27ef82a97b7cb364376e66b3 ;; [2] 8ad8f6f186ca51ec73a5fb8935ecfa17b8cbaad300b7025b381898ab72621869	[1] https://www.ebi.ac.uk/europepmc/webservices/rest/PMC6061677/fullTextXML ;; [2] https://www.ncbi.nlm.nih.gov/home/about/policies/	[1] "Escherichia coli BW25113 and the pnp, rnb and rnr single deletion strains from the keio collection ( 18 ) were cultured in LB media (10 g/l tryptone, 5 g/l yeast extract 5 g/l NaCl) under aerobic conditions at 37°C with shaking." -- PMC6061677 full text, Materials and Methods -- file epmc_ft_dar2018.xml, retrieved 2026-10-05T16:18:08Z, SHA-256 d5585152cd135ed28525ccdaad35a51128674aeb27ef82a97b7cb364376e66b3, https://www.ebi.ac.uk/europepmc/webservices/rest/PMC6061677/fullTextXML	Supplement sheets "Table S1" 1,098, "Tabls S2" 462 and "Table S3" 277 data records, each after a block of column definitions and a header row. Files inspected: gky274_supplemental_files.xlsx (231614 B, SHA-256 8a276c749249a1fb40e89709be1f69c702d159e128ef0b785fe5c518c7187027, member of the bundle https://www.ebi.ac.uk/europepmc/webservices/rest/PMC6061677/supplementaryFiles, retrieved 2026-10-05T16:37:39Z)	Yes	Not MG1655; non-commercial licence.	CC BY-NC 4.0: a grant conditional on non-commercial use; no evidence-based ledger rule yet for NC, covered only by the owner's 2026-10-05 note. The table is a supplementary file without a legend of its own, so the article-to-file inference described in row L2-03 applies here too.	supporting	recommend admit with caveat	Adds Rho-dependence, which Adams 2021 also addresses in the exact strain.	read
L3-06	3;6	Lalanne et al. 2018 Rend-seq transcript ends	PMID 29606352; PMCID PMC5978003; DOI 10.1016/j.cell.2018.03.007; GEO GSE95211	End-enriched RNA-seq (Rend-seq) for transcript boundaries; synthesis rates reused from Li et al. 2014	K-12 MG1655 (GEO: 4 E. coli samples among 21)	exact	MOPS complete medium	not extracted	read density per position	Genomic coordinates	Positional (sequences taken from NC_000913.3).	[1] "This file is available for text mining. It may also be used consistent with the principles of fair use under the copyright law." ;; [2] "Therefore, NCBI itself places no restrictions on the use or distribution of the data contained therein. Nor do we accept data when the submitter has requested restrictions on reuse or redistribution."	[1] PMC5978003 NCBI efetch db=pmc, <permissions>/<license> (file ncbi_pmc_lalanne2018.xml) ;; [2] NCBI Policies and Disclaimers page, section "Molecular Data Usage" (file ncbi_policies.html)	[1] 2026-10-05T16:18:18Z ;; [2] 2026-10-05T16:12:35Z	[1] 05a6a1708e91afab945c78d464c333e09d1042bc6ffc35ef9d7e401bd3ae5424 ;; [2] 8ad8f6f186ca51ec73a5fb8935ecfa17b8cbaad300b7025b381898ab72621869	[1] https://eutils.ncbi.nlm.nih.gov/entrez/eutils/efetch.fcgi?db=pmc&id=5978003&retmode=xml ;; [2] https://www.ncbi.nlm.nih.gov/home/about/policies/	[1] "For Rend-seq experiments, E. coli (K-12, MG1655 wild-type as well as pnp and rnb knockouts) was grown in MOPS complete medium ( Neidhardt et al., 1974 ) (Teknova)." -- PMC5978003 author manuscript, Methods -- file ncbi_pmc_lalanne2018.xml, retrieved 2026-10-05T16:18:18Z, SHA-256 05a6a1708e91afab945c78d464c333e09d1042bc6ffc35ef9d7e401bd3ae5424, https://eutils.ncbi.nlm.nih.gov/entrez/eutils/efetch.fcgi?db=pmc&id=5978003&retmode=xml	GEO records only.	Yes (GEO FTP)	Text-mining notice only; no per-feature table inspected.	No grant: link-only by the ledger rule.	link-only	recommend reject	No grant.	read
L4-01	4	RegulonDB regulatory interactions and sigma network (TF-RISet, RISet, NetworkSigmaGene)	RegulonDB release 14.5, files `TF-RISet`, `RISet`, `NetworkSigmaGene` (creation date 06-09-2026), via the GraphQL call of row L2-05	Curated transcription-factor binding sites with coordinates, sequence, function and evidence; regulator to gene and to TU interactions including sRNA regulators; sigma factor to gene assignments	E. coli K-12	partial	not applicable (curation)	not applicable	Site coordinates and sequence; categorical function (activator, repressor) and confidence	RegulonDB ids and gene names	Gene name to b-number through RegulonDB `GeneProductSet` (see L2-05).	[1] "3.1 distribute or install in a computer server or network the licensed RegulonDB, nor permit any third party to access it;" ;; [2] "3.2 modify or create derivative works based upon the licensed Database; or" ;; [3] "Furthermore, the AEU is not entitled to expand RegulonDB or to integrate RegulonDB partly or as a whole into other databank systems without prior written consent from CCG-UNAM." ;; [4] "# RegulonDB is free for academic/noncommercial use"	[1] RegulonDB manual, "Terms and conditions" (EULA version 2.0, April 2006), clause 3.1 (file regulondb_terms.md) ;; [2] same file, clause 3.2 (file regulondb_terms.md) ;; [3] same file, clause 4 (file regulondb_terms.md) ;; [4] per-file `license` field returned by the public GraphQL `getDataOfFile` (identical header on the other RegulonDB files retrieved) (file regulondb_file_PromoterSet.json)	[1] 2026-10-05T16:14:07Z ;; [2] 2026-10-05T16:14:07Z ;; [3] 2026-10-05T16:14:07Z ;; [4] 2026-10-05T16:14:08Z	[1] b3b477e40fd8e64bc478b89a6ca5bc33beeb342fe326cc2df88e16bbc3e0b6ab ;; [2] b3b477e40fd8e64bc478b89a6ca5bc33beeb342fe326cc2df88e16bbc3e0b6ab ;; [3] b3b477e40fd8e64bc478b89a6ca5bc33beeb342fe326cc2df88e16bbc3e0b6ab ;; [4] af28d228a23767b6421e6ea507a0fa40a808e78f5fdf3cba4df788271f6a9fa5	[1] https://raw.githubusercontent.com/regulondbunam/RegulonDBManual/master/manual/AboutUs/terms-and-conditions.md ;; [2] https://raw.githubusercontent.com/regulondbunam/RegulonDBManual/master/manual/AboutUs/terms-and-conditions.md ;; [3] https://raw.githubusercontent.com/regulondbunam/RegulonDBManual/master/manual/AboutUs/terms-and-conditions.md ;; [4] POST https://regulondb.ccg.unam.mx/graphql with JSON body {"query":"{ getDataOfFile(fileName: \"PromoterSet\") { _id fileName fileFormat license citation version creationDate columnsDetails content } }"}	[1] "1)id\t2)type\t3)regulatorId\t4)regulatorName" -- RISet header row -- file regulondb_file_RISet.json, retrieved 2026-10-05T16:14:09Z, SHA-256 dabdf7a01b548e6d05036acac97190b88685ad5ee36f9951a68489f320f0535f, POST https://regulondb.ccg.unam.mx/graphql with JSON body {"query":"{ getDataOfFile(fileName: \"RISet\") { _id fileName fileFormat license citation version creationDate columnsDetails content } }"}	RISet 6,460 rows by type: TF-promoter 4,028, TF-gene 1,484, TF-TU 328, sRNA-TU 189, sRNA-gene 116, compound-TU 114, compound-promoter 90, regulator-TU 48, regulator-gene 35, regulator-promoter 28. TF-RISet 5,785 rows. NetworkSigmaGene 2,597 rows.	Yes. The public GraphQL endpoint https://regulondb.ccg.unam.mx/graphql returned every file listed by `listAllDownloadableFiles` (24 files) without an account or key.	Confidence varies by row and must be shown. sRNA rows are regulator to target pairs, mostly without a base-pairing site.	No affirmative grant to redistribute: the EULA quoted here forbids distribution, derivative works and integration into another databank without written consent from CCG-UNAM, and limits the licence to academic/noncommercial internal use for one year. Ledger reading: link-only unless UNAM consents in writing. The manual also carries a page titled "Licence of RegulonDB" whose text is the MIT licence over "this software and associated documentation files" (regulondb_licence.md); it does not name the data, so it is not read as a grant over the datasets.	link-only pending written consent	recommend admit with caveat	The reference source for this layer and the only one covering TF sites, sigma assignments and sRNA targets together.	read
L4-02	4;2	Cho et al. 2014 sigma-factor network by ChIP-chip	PMID 24461193; PMCID PMC3923258; DOI 10.1186/1741-7007-12-4; GEO GSE46740 (SuperSeries, 54 samples); Additional files `1741-7007-12-4-S4.xlsx` (binding regions per sigma factor), `-S6.xlsx`, `-S7.xlsx` (TSS and TU tables), `-S8.xlsx`	Genome-wide binding regions of RNA polymerase and sigma factors by ChIP-chip (binding sheets for RpoD, RpoS, RpoN, RpoH and FliA), with TSS and TU tables	K-12 MG1655 and isogenic knock-outs (GEO organism field: 54 of 54 samples MG1655)	exact	Stationary phase, glutamine and heat shock appear in the GEO `treatment` field; base medium for the ChIP samples not extracted	Replicate columns are visible in Additional file 4: for example RNAP has exponential 1 to 3, stationary 1 to 3 and glutamine 1 and 2; the design per sample was not extracted from the article	Binding region coordinates; TSS positions	b-numbers in Additional file 8 (4,282 distinct); binding tables by coordinate on NC_000913 (version not stated)	Direct where the authors assigned genes (b-number column); positional otherwise, after the reference version is established.	[1] "https://creativecommons.org/licenses/by/2.0/ This is an Open Access article distributed under the terms of the Creative Commons Attribution License ( http://creativecommons.org/licenses/by/2.0 ), which permits unrestricted use, distribution, and reproduction in any medium, provided the original work is properly cited." ;; [2] "The Creative Commons Public Domain Dedication waiver ( http://creativecommons.org/publicdomain/zero/1.0/ ) applies to the data made available in this article, unless otherwise stated."	[1] PMC3923258 Europe PMC fullTextXML, <permissions>/<license> (file epmc_ft_cho2014.xml) ;; [2] PMC3923258 Europe PMC fullTextXML, <permissions>/<license>, final sentence (file epmc_ft_cho2014.xml)	[1] 2026-10-05T16:18:19Z ;; [2] 2026-10-05T16:18:19Z	[1] bab0090e90fb28e20fb106d584e84d2a1114060cf968dfdd8a4852a7e177c54a ;; [2] bab0090e90fb28e20fb106d584e84d2a1114060cf968dfdd8a4852a7e177c54a	[1] https://www.ebi.ac.uk/europepmc/webservices/rest/PMC3923258/fullTextXML ;; [2] https://www.ebi.ac.uk/europepmc/webservices/rest/PMC3923258/fullTextXML	[1] "E. coli K-12 MG1655 and its isogenic knock-out strains were used in this study." -- PMC3923258 full text, Methods -- file epmc_ft_cho2014.xml, retrieved 2026-10-05T16:18:19Z, SHA-256 bab0090e90fb28e20fb106d584e84d2a1114060cf968dfdd8a4852a7e177c54a, https://www.ebi.ac.uk/europepmc/webservices/rest/PMC3923258/fullTextXML ;; [2] "were aligned to the E. coli K-12 MG1655 genome ( NC_000913 )" -- PMC3923258 full text, Methods -- file epmc_ft_cho2014.xml, retrieved 2026-10-05T16:18:19Z, SHA-256 bab0090e90fb28e20fb106d584e84d2a1114060cf968dfdd8a4852a7e177c54a, https://www.ebi.ac.uk/europepmc/webservices/rest/PMC3923258/fullTextXML ;; [3] "chromatin immunoprecipitation and microarray (ChIP-chip) data" -- PMC3923258 full text -- file epmc_ft_cho2014.xml, retrieved 2026-10-05T16:18:19Z, SHA-256 bab0090e90fb28e20fb106d584e84d2a1114060cf968dfdd8a4852a7e177c54a, https://www.ebi.ac.uk/europepmc/webservices/rest/PMC3923258/fullTextXML	S4 sheets, one header row each: RNAP_Binding 2,129 records, RpoD_Binding 1,643, RpoS_Binding 903, RpoH_Binding 312, RpoN_Binding 180, FliA_Binding 51, and an untitled "Sheet7" with 7 FecI records. S6 "table.tss" 4,724 TSS records. S8 "Table S6" 4,301 gene records, 4,282 distinct b-numbers. Files inspected: 1741-7007-12-4-S4.xlsx (623778 B, SHA-256 2d824642c607c2434125ef0280470bafd6410580dc3e770fc01a8498303fb616, member of the bundle https://www.ebi.ac.uk/europepmc/webservices/rest/PMC3923258/supplementaryFiles, retrieved 2026-10-05T16:38:08Z) ;; 1741-7007-12-4-S6.xlsx (278321 B, SHA-256 7e94943a3d1e83bb88f53beb53b228ab2cfd74b9b995d80d8a14fa5d250f44c5, member of the bundle https://www.ebi.ac.uk/europepmc/webservices/rest/PMC3923258/supplementaryFiles, retrieved 2026-10-05T16:38:08Z) ;; 1741-7007-12-4-S8.xlsx (495162 B, SHA-256 23ca051af83077cc1d8fa3c4b2459049b4df3bc51d3e47860d6b387368e39904, member of the bundle https://www.ebi.ac.uk/europepmc/webservices/rest/PMC3923258/supplementaryFiles, retrieved 2026-10-05T16:38:08Z)	Yes (Europe PMC supplementaryFiles)	ChIP-chip resolution is a region, not a site. Reference version not stated.	Article CC BY 2.0 with an explicit CC0 data clause. Explicit data clause, stronger than an article licence alone: the licence block states that the Creative Commons Public Domain Dedication waiver (CC0 1.0) "applies to the data made available in this article, unless otherwise stated". No per-file legend is present, so that each additional file is "data made available in this article" is read from the clause itself.	bring first (layer 4, measured)	recommend admit with caveat	Measured sigma-factor assignment in the exact strain, in a CC BY article with a CC0 data clause: a candidate substitute for RegulonDB sigma columns.	read
L4-03	4	proChIPdb transcription-factor ChIP-exo compendium	PMID 34791440; PMCID PMC8728212; DOI 10.1093/nar/gkab1043; Correction PMID 40737097, PMCID PMC12309368, DOI 10.1093/nar/gkaf769 (the address changed from https://prochipdb.org to https://prochipdb.com/). Site: proChIPdb v1.0.0, release date 06.22.2021. Zenodo DOI 10.5281/zenodo.5168081 (all_ChIP-pro_data.tar.gz, 4,856,311,019 B, md5 52292132c16651cab0439f0b2e8959ed, record licence cc-by-4.0) and DOI 10.5281/zenodo.5545676 (proChIPdb_20211001.tar.gz, 5,539,978,388 B, the record the site's download link points to, licence cc-by-4.0); GitHub SBRG/ChIPdb (MIT per the GitHub API)	Transcription-factor binding by ChIP-exo and ChIP-seq, with curated binding-site tables per factor: 65 E. coli entries covering 62 factors	Per entry in the site's E. coli list: K-12 MG1655 for 62 of 65 entries; O157:H7 EDL933, SMS-3-5 and UMN026 one each	exact for 62 of 65 entries	Per entry: M9 for 53 entries (0.2% glucose listed for 49), LB 4, and others; supplements such as iron, ethanol or acid stress are recorded per entry	Per entry: the list names replicate tracks (for example "bio-rep1 – R1"); 37 entries have 2 samples and 21 have 4	binding-site tables with peak intensity ("MACE S/N" for 61 entries); bigWig tracks	Not inspected at site level (binding tables are JSON files named per factor and condition; none was opened). The list gives `genome_id` NC_000913.3 for 62 entries	Positional on NC_000913.3 for the MG1655 entries; target-gene columns were not inspected.	[1] "This is an Open Access article distributed under the terms of the Creative Commons Attribution-NonCommercial License ( https://creativecommons.org/licenses/by-nc/4.0/ ), which permits non-commercial re-use, distribution, and reproduction in any medium, provided the original work is properly cited. For commercial re-use, please contact journals.permissions@oup.com"	[1] PMC8728212 Europe PMC fullTextXML, <permissions>/<license> (file epmc_ft_prochipdb.xml)	[1] 2026-10-05T16:18:22Z	[1] 875f31948974c6164a09cdf3bea58e621f08b496f5bf91243e0092e26d777e2b	[1] https://www.ebi.ac.uk/europepmc/webservices/rest/PMC8728212/fullTextXML	[1] "The URL for proChIPdb, https://prochipdb.org , has changed to https://prochipdb.com/ ." -- PMC12309368 (Correction) full text -- file epmc_ft_prochipdb_correction.xml, retrieved 2026-10-05T18:05:12Z, SHA-256 d389f132ece964290365e6ee27f94539bd936828c13039291f2aac8aaed049e0, https://www.ebi.ac.uk/europepmc/webservices/rest/PMC12309368/fullTextXML ;; [2] "Organisms 14 Samples 271 Release Date 06.22.2021" -- https://prochipdb.com/ home page -- file prochipdb_com_home.html, retrieved 2026-10-05T18:05:07Z, SHA-256 7504c82fe97734aa438017740d33cec0fed38ef237de0b03283a0b4faefd2df0, https://prochipdb.com/ ;; [3] "Escherichia coli,K-12 MG1655,LB (Lysogeny Broth),5% EtOH,NC_000913.3" -- https://prochipdb.com/data/e_coli/TF_list.csv, first data record (BaeR) -- file prochipdb_com_ecoli_TF_list.csv, retrieved 2026-10-05T18:14:06Z, SHA-256 96a7d6435af55ba3622b2082448cb0e1fcb665fd2913af62b6a2cc253f6e2f83, https://prochipdb.com/data/e_coli/TF_list.csv	https://prochipdb.com/ answered HTTP 200 on 2026-10-05; the superseded https://prochipdb.org still does not resolve (curl exit 6). The E. coli dataset page loads `/data/e_coli/TF_list.csv`, retrieved as the page itself requests it: one header row and 65 records with 41 columns (TF, Organism, Strain, Media, Supplement, genome_id, num_samples, binding tables, accession, doi, Method, PMID and replicate track names). Strain: K-12 MG1655 62. genome_id: NC_000913.3 62. Method: ChIP-exo 59, ChIP-seq 6. 17 distinct GEO accessions; 31 entries have no PMID. The About page was read and carries no licence, terms or copyright text (site terms: not reported). Neither Zenodo archive was downloaded (4.9 GB and 5.5 GB); binding tables were not opened. Retrieval record (added under DEM-244): what this row says about the site rests on this run's own retrievals, made with a plain `curl` client: https://prochipdb.com/ (retrieved 2026-10-05T18:05:07Z, 10,198 B, SHA-256 7504c82fe97734aa438017740d33cec0fed38ef237de0b03283a0b4faefd2df0); https://prochipdb.com/dataset_page.html?organism=e_coli (retrieved 2026-10-05T18:13:46Z, 12,196 B, SHA-256 80fcace89fbd0d63862c806d5a0ce4d71a78fc2eaf42d98c81ead85d5d21de12); https://prochipdb.com/about.html (retrieved 2026-10-05T18:13:47Z, 56,845 B, SHA-256 ff49a04176b8acf95e1113921ab5a323605781fd15594df74ecc552027430dc5); https://prochipdb.com/data/e_coli/TF_list.csv (retrieved 2026-10-05T18:14:06Z, 34,667 B, SHA-256 96a7d6435af55ba3622b2082448cb0e1fcb665fd2913af62b6a2cc253f6e2f83); https://zenodo.org/api/records/5168081 (retrieved 2026-10-05T16:46:30Z, 3,829 B, SHA-256 192dd0dc1799e5f56df7697545785d83e6d0fc33eca7258b4eeea6d800fc3976); https://zenodo.org/api/records/5545676 (retrieved 2026-10-05T18:13:47Z, 3,887 B, SHA-256 6f43c1f3a6e5027c8c66015e934c02bb99f7cc1f4032d71fbf59c6a7ed98fcbe); https://api.github.com/repos/SBRG/ChIPdb (retrieved 2026-10-05T16:32:09Z, 6,469 B, SHA-256 41ab2518309e06185ebc4076a0e90d10dfb56abb6ac2a6d1039f410d939b121e). Requested again under DEM-244, https://prochipdb.com/ at 2026-10-05T19:17:37Z and https://prochipdb.com/data/e_coli/TF_list.csv at 2026-10-05T19:17:40Z each returned HTTP 200 with the same SHA-256. The independent confirmation DEM-241 reports HTTP 403 for the home page and for the list file at 18:46:25 UTC on 2026-10-05, with no response body kept, so the 65-entry and 62-entry counts have been read by this run only and are not confirmed by a second reader. Files inspected: TF_list.csv (34667 B, SHA-256 96a7d6435af55ba3622b2082448cb0e1fcb665fd2913af62b6a2cc253f6e2f83, https://prochipdb.com/data/e_coli/TF_list.csv, retrieved 2026-10-05T18:14:06Z)	Yes: site pages, the list file and both Zenodo records are served without an account	Inventory only: no binding table was opened, so per-site columns and identifiers are not established. 31 of 65 entries cite no publication. The site states no terms; the grant read is the Zenodo record licence.	Affirmative grant over each Zenodo archive (CC BY 4.0 in the record metadata); the article and its correction are CC BY-NC 4.0, which governs the articles. The site itself states no terms (not reported).	supporting	insufficient evidence	The largest measured transcription-factor binding set found for MG1655 on NC_000913.3, under a CC BY 4.0 deposit; its address is corrected and its inventory is now read. It needs one binding table opened before it can be ranked against Cho 2014.	partly retrieved
L4-04	4	Melamed et al. 2016 RIL-seq sRNA to target interactions	PMID 27588604; PMCID PMC5145812; DOI 10.1016/j.molcel.2016.07.026; ArrayExpress E-MTAB-3910; Table S2 `mmc3.xlsx` (SHA-256 prefix 5b78029333c4488a)	Hfq-bound RNA pairs by ligation and sequencing (RIL-seq)	MG1655 carrying hfq-Flag (strain HM34)	partial (tagged derivative of MG1655)	Log phase, stationary phase and iron limitation (sheet names)	not extracted	Per-pair interaction tables (columns not inspected beyond identifiers)	EcoCyc gene ids (EG…/G…) and gene symbols	EcoCyc gene id to b-number through the RefSeq annotation itself: every gene feature in the pinned GFF carries `Dbxref=ECOCYC:<id>` beside `locus_tag` (4,651 of 4,651 genes).	[1] "This is an open access article under the CC BY-NC-ND license (http://creativecommons.org/licenses/by-nc-nd/4.0/)."	[1] PMC5145812 Europe PMC fullTextXML, <permissions>/<license> (file epmc_ft_melamed2016.xml)	[1] 2026-10-05T16:18:24Z	[1] 926400683af402c682e70e8037674cc01192b36ed8f99e013ac8c3b70a461ed6	[1] https://www.ebi.ac.uk/europepmc/webservices/rest/PMC5145812/fullTextXML	[1] "An E. coli MG1655 strain carrying hfq-Flag (HM34) was used in the RIL-seq protocol." -- PMC5145812 full text, Experimental Procedures -- file epmc_ft_melamed2016.xml, retrieved 2026-10-05T16:18:24Z, SHA-256 926400683af402c682e70e8037674cc01192b36ed8f99e013ac8c3b70a461ed6, https://www.ebi.ac.uk/europepmc/webservices/rest/PMC5145812/fullTextXML	mmc3.xlsx sheets "Log_phase" 1,027, "Stationary_phase" 1,844 and "Iron_limitation" 1,947 interaction records, each after a title row and a header row. Files inspected: mmc3.xlsx (1853715 B, SHA-256 5b78029333c4488a46a9d007cd951306fb634929cdbbf8ac7068f2aa588e732e, member of the bundle https://www.ebi.ac.uk/europepmc/webservices/rest/PMC5145812/supplementaryFiles, retrieved 2026-10-05T16:39:22Z)	Yes (Europe PMC supplementaryFiles)	No-derivatives licence.	Not permitted for a derived table by the ledger rule: the article is CC BY-NC-ND 4.0. Link-only.	link-only	recommend reject	ND term excludes a derived table.	read
L4-05	4	Melamed et al. 2020 RIL-seq of Hfq and ProQ	PMID 31761494; PMCID PMC6980735; DOI 10.1016/j.molcel.2019.10.022; GEO GSE131520 (56 samples)	Hfq- and ProQ-bound RNA pairs by RIL-seq	MG1655 and derivatives	exact	LB to OD600 about 1.0; M63 (GEO `growth` field)	not extracted	chimera counts	not inspected	not established	[1] "This file is available for text mining. It may also be used consistent with the principles of fair use under the copyright law." ;; [2] "Therefore, NCBI itself places no restrictions on the use or distribution of the data contained therein. Nor do we accept data when the submitter has requested restrictions on reuse or redistribution."	[1] PMC6980735 NCBI efetch db=pmc, <permissions>/<license> (file ncbi_pmc_melamed2020.xml) ;; [2] NCBI Policies and Disclaimers page, section "Molecular Data Usage" (file ncbi_policies.html)	[1] 2026-10-05T16:18:33Z ;; [2] 2026-10-05T16:12:35Z	[1] 9c5e4ded67e0e1948a6917071df80e3df7634d91ff5fa740e1412f6c4e67a3b3 ;; [2] 8ad8f6f186ca51ec73a5fb8935ecfa17b8cbaad300b7025b381898ab72621869	[1] https://eutils.ncbi.nlm.nih.gov/entrez/eutils/efetch.fcgi?db=pmc&id=6980735&retmode=xml ;; [2] https://www.ncbi.nlm.nih.gov/home/about/policies/	[1] "MG1655, Δ hfq ::cat-sacB (GSO954), or Δ proQ::kan (GSO956) cells were grown to OD 600 ~ 1.0 in LB medium." -- PMC6980735 author manuscript, Methods -- file ncbi_pmc_melamed2020.xml, retrieved 2026-10-05T16:18:33Z, SHA-256 9c5e4ded67e0e1948a6917071df80e3df7634d91ff5fa740e1412f6c4e67a3b3, https://eutils.ncbi.nlm.nih.gov/entrez/eutils/efetch.fcgi?db=pmc&id=6980735&retmode=xml	GEO records only.	Yes (GEO FTP)	Text-mining notice only.	No grant: link-only by the ledger rule.	link-only	recommend reject	No grant.	read
L4-06	4	Iosub et al. 2020 Hfq CLASH sRNA to target interactions	PMID 32356726; PMCID PMC7213987; DOI 10.7554/eLife.54655; GEO GSE123050 (accession as stated in the article's data availability section; the GEO record itself was not fetched)	Hfq-bound RNA duplexes by UV cross-linking, ligation and sequencing of hybrids (CLASH)	MG1655 hfq::HTF (tagged derivative)	partial	Growth-phase series; not extracted	not extracted	hybrid read counts	not inspected (bundle download timed out)	not established	[1] "https://creativecommons.org/licenses/by/4.0/ This article is distributed under the terms of the Creative Commons Attribution License , which permits unrestricted use and redistribution provided that the original author and source are credited."	[1] PMC7213987 Europe PMC fullTextXML, <permissions>/<license> (file epmc_ft_iosub2020.xml)	[1] 2026-10-05T16:18:35Z	[1] 0e305633ff0b76a596784989b4c50c1135771c76d62b1a028ad0ed754531aa7b	[1] https://www.ebi.ac.uk/europepmc/webservices/rest/PMC7213987/fullTextXML	[1] "The E. coli K12 strain used for CLASH experiments, MG1655 hfq ::HTF was previously reported ( Tree et al., 2014 )." -- PMC7213987 full text, Materials and methods -- file epmc_ft_iosub2020.xml, retrieved 2026-10-05T16:18:35Z, SHA-256 0e305633ff0b76a596784989b4c50c1135771c76d62b1a028ad0ed754531aa7b, https://www.ebi.ac.uk/europepmc/webservices/rest/PMC7213987/fullTextXML	Supplement bundle not retrieved in full: the Europe PMC download stopped at the 280 s limit (curl exit 28).	Yes	Tables not inspected.	Article CC BY 4.0; a grant over its unread tables would be inferred from it. The tables were not retrieved, so no per-file legend could be looked for; a grant over them would be inferred from the article licence under the same reasoning as row L2-03.	bring second (layer 4, sRNA targets)	insufficient evidence	The CC BY measured sRNA-target source in an MG1655 background; needs the tables read before ranking against RegulonDB sRNA rows.	read
L5-01	5	Keio single-gene deletion collection (Baba et al. 2006)	PMID 16738554; PMCID PMC1681482; DOI 10.1038/msb4100050; Supplementary Table 6 `msb4100050-s8.xls` (107,008 B, SHA-256 prefix ded72d1f890d47b0); Supplementary Table 3 `msb4100050-s5.xls` (a1a9c30b6cd703ff)	Whether an in-frame single-gene deletion could be obtained; 303 genes could not be disrupted and are essential candidates; growth of each mutant in rich and minimal medium	K-12 BW25113; not MG1655	partial (K-12 BW25113: a cross-substrain transfer here)	Yamamoto 2009 describes the Keio host as assessed during aerobic growth at 37 °C on LB agar; Baba 2006 also tested each mutant in LB and in 0.4% glucose MOPS medium	Supplementary Table 3 has columns `colonies tested` and `percent` per gene; not a replicated quantitative assay	Categorical (deletion obtained or not); OD600 growth in two media	ECK number, gene name, JW id and b-number columns	Direct: Supplementary Table 6 carries a b-number per essential candidate (300 distinct b-numbers in 303 records).	[1] "Copyright © 2006, EMBO and Nature Publishing Group"	[1] PMC1681482 Europe PMC fullTextXML, <permissions> (no <license> element; copyright statement only) (file epmc_ft_baba2006.xml)	[1] 2026-10-05T16:18:40Z	[1] 1a28ad71f0a5457ea9492895c2476ff1308b1059f0232085bbedc1d41f880d26	[1] https://www.ebi.ac.uk/europepmc/webservices/rest/PMC1681482/fullTextXML	[1] "We were unable to disrupt 303 genes, including 37 of unknown function, which are candidates for essential genes." -- PMC1681482 full text, Abstract -- file epmc_ft_baba2006.xml, retrieved 2026-10-05T16:18:40Z, SHA-256 1a28ad71f0a5457ea9492895c2476ff1308b1059f0232085bbedc1d41f880d26, https://www.ebi.ac.uk/europepmc/webservices/rest/PMC1681482/fullTextXML ;; [2] "Mutants were directly selected as kanamycin-resistant (Km R ) colonies after electroporation of BW25113 carrying the λ Red expression plasmid pKD46" -- PMC1681482 full text, Results -- file epmc_ft_baba2006.xml, retrieved 2026-10-05T16:18:40Z, SHA-256 1a28ad71f0a5457ea9492895c2476ff1308b1059f0232085bbedc1d41f880d26, https://www.ebi.ac.uk/europepmc/webservices/rest/PMC1681482/fullTextXML ;; [3] "at least not in the genetic background of our host E . coli K-12 BW25113 during aerobic growth at 37°C on LB agar." -- PMC2824493 (Yamamoto 2009) full text, on the conditions of the Keio essentiality call -- file epmc_ft_yamamoto2009.xml, retrieved 2026-10-05T16:18:42Z, SHA-256 d5a2171b5ffd82ffa059542b61e03aa8b17c17a0436d4ed3c34366390fc17e8f, https://www.ebi.ac.uk/europepmc/webservices/rest/PMC2824493/fullTextXML	s8.xls sheet "Sup Table 6": four heading rows, then 303 records (301 distinct ECK numbers), matching the article's 303; columns ECK number, gene, W3110 information, MG1655 information, genetic, PEC, MG_Tn5, Score, and others. s5.xls "Sup Table 3": four heading rows, then 4,378 records. Files inspected: msb4100050-s8.xls (107008 B, SHA-256 ded72d1f890d47b0544fa52edcb491b187a010fa6b938437fc04418e08e31638, member of the bundle https://www.ebi.ac.uk/europepmc/webservices/rest/PMC1681482/supplementaryFiles, retrieved 2026-10-05T16:40:38Z) ;; msb4100050-s5.xls (1677312 B, SHA-256 a1a9c30b6cd703ff835f2809b420afe38b1c139865c9af87566a410669a30d2e, member of the bundle https://www.ebi.ac.uk/europepmc/webservices/rest/PMC1681482/supplementaryFiles, retrieved 2026-10-05T16:40:38Z)	Yes (Europe PMC supplementaryFiles)	Measured in BW25113. "Essential" here means no deletion was recovered on LB, which later work revised gene by gene (Yamamoto 2009, Goodall 2018). The retrieved XML carries a copyright line and no licence element.	No licence text was found: the <permissions> block of the retrieved XML holds only the copyright statement quoted here. Under the ledger rule that leaves no affirmative grant: link-only until a licence statement for this article is read on the publisher page (not attempted).	link-only until the licence is read; superseded for redistribution by L5-02 and L5-03	insufficient evidence	The canonical knockout essentiality call; the licence gap, not the science, keeps it from first place.	read
L5-02	5	Keio collection update (Yamamoto et al. 2009)	PMID 20029369; PMCID PMC2824493; DOI 10.1038/msb.2009.92; Supplementary Table V `msb200992-s5.xls` (734,208 B, SHA-256 prefix 8b7225b7357d4a3a)	Re-verification of each Keio deletion mutant; corrected status per gene	K-12 BW25113; not MG1655	partial (cross-substrain)	Aerobic growth at 37 °C on LB agar	not extracted	Categorical per-mutant status	gene id (b-number), JW id and ECK number columns	Direct: Supplementary Table V carries a b-number per record (3,864 distinct).	[1] "This is an open-access article distributed under the terms of the Creative Commons Attribution Licence, which permits distribution and reproduction in any medium, provided the original author and source are credited. Creation of derivative works is permitted but the resulting work may be distributed only under the same or similar licence to this one. This licence does not permit commercial exploitation without specific permission."	[1] PMC2824493 Europe PMC fullTextXML, <permissions>/<license> (file epmc_ft_yamamoto2009.xml)	[1] 2026-10-05T16:18:42Z	[1] d5a2171b5ffd82ffa059542b61e03aa8b17c17a0436d4ed3c34366390fc17e8f	[1] https://www.ebi.ac.uk/europepmc/webservices/rest/PMC2824493/fullTextXML	[1] "Thus, some ORFs reported as essential in the PEC database are nonessential, at least not in the genetic background of our host E . coli K-12 BW25113 during aerobic growth at 37°C on LB agar." -- PMC2824493 full text -- file epmc_ft_yamamoto2009.xml, retrieved 2026-10-05T16:18:42Z, SHA-256 d5a2171b5ffd82ffa059542b61e03aa8b17c17a0436d4ed3c34366390fc17e8f, https://www.ebi.ac.uk/europepmc/webservices/rest/PMC2824493/fullTextXML	s5.xls sheet "report_export2.tab": a block of notes and two header rows, then 3,864 records, each with a distinct b-number. Files inspected: msb200992-s5.xls (734208 B, SHA-256 8b7225b7357d4a3a119acf9dc0c59a2e628c56a86b0a9d1a2cf419a6296ff95e, member of the bundle https://www.ebi.ac.uk/europepmc/webservices/rest/PMC2824493/supplementaryFiles, retrieved 2026-10-05T16:39:02Z)	Yes (Europe PMC supplementaryFiles)	Measured in BW25113. An update to L5-01 rather than an independent screen.	Conditional grant: the licence text quoted here permits distribution and derivative works under the same or a similar licence and excludes commercial exploitation (Europe PMC labels it cc by-nc-sa). No evidence-based ledger rule yet for NC-SA. The table is a supplementary file without a legend of its own, so the article-to-file inference described in row L2-03 applies here too.	supporting	recommend admit with caveat	Carries the corrected Keio status under a readable licence.	read
L5-03	5	TraDIS essential genome of K-12 (Goodall et al. 2018)	PMID 29463657; PMCID PMC5821084; DOI 10.1128/mBio.02096-17; Table S1 `mbo001183726st1.xlsx`; Table S4 `mbo001183726st4.xlsx`; ENA PRJEB24436	Transposon-insertion density per gene (insertion index) with essential, non-essential and unclear calls: 358 essential, 162 unclear, 3,793 non-essential	K-12 BW25113; not MG1655	partial (cross-substrain)	LB (Table S4 gives calls after outgrowth in LB); library selection medium not extracted	not extracted	Insertion index per coding sequence and a categorical call	not inspected: Table S1 was not retrieved (the Europe PMC bundle held Table S2 as PDF and figures only; the europepmc.org file link answered HTTP 403 with a script challenge)	Not established without the file.	[1] "This is an open-access article distributed under the terms of the Creative Commons Attribution 4.0 International license ." ;; [2] "TABLE S1 Essential genes identified by TraDIS as essential. Download TABLE S1, XLSX file, 0.2 MB . Copyright © 2018 Goodall et al. This content is distributed under the terms of the Creative Commons Attribution 4.0 International license ."	[1] PMC5821084 Europe PMC fullTextXML, <permissions>/<license> (file epmc_ft_goodall2018.xml) ;; [2] PMC5821084 full text XML, <supplementary-material> legend for mbo001183726st1.xlsx (file epmc_ft_goodall2018.xml)	[1] 2026-10-05T16:18:43Z ;; [2] 2026-10-05T16:18:43Z	[1] 2c3bcdcb32856048e5f738c2304c7264223f951bfe2fb92c77befdc6698628de ;; [2] 2c3bcdcb32856048e5f738c2304c7264223f951bfe2fb92c77befdc6698628de	[1] https://www.ebi.ac.uk/europepmc/webservices/rest/PMC5821084/fullTextXML ;; [2] https://www.ebi.ac.uk/europepmc/webservices/rest/PMC5821084/fullTextXML	[1] "E. coli K-12 strain BW25113, the parent strain of the Keio library, was used for construction of a transposon library." -- PMC5821084 full text, Materials and Methods -- file epmc_ft_goodall2018.xml, retrieved 2026-10-05T16:18:43Z, SHA-256 2c3bcdcb32856048e5f738c2304c7264223f951bfe2fb92c77befdc6698628de, https://www.ebi.ac.uk/europepmc/webservices/rest/PMC5821084/fullTextXML ;; [2] "sufficient insertions were found in 3,793 genes for them to be classed as nonessential, 162 genes were situated between the two modes and classed as unclear, and 358 genes in the mutant library were identified as essential ( Table S1 )." -- PMC5821084 full text, Results -- file epmc_ft_goodall2018.xml, retrieved 2026-10-05T16:18:43Z, SHA-256 2c3bcdcb32856048e5f738c2304c7264223f951bfe2fb92c77befdc6698628de, https://www.ebi.ac.uk/europepmc/webservices/rest/PMC5821084/fullTextXML	Per-file legend read; the workbook itself not retrieved.	Table S1 not retrieved without a browser; article and legend yes	Measured in BW25113. An insertion-density call is a statistical classification with an "unclear" band (162 genes).	Affirmative grant at file level: the Table S1 legend itself states CC BY 4.0, the same pattern as the Adomako 2022 Data Set S1 already shipped. Article CC BY 4.0.	bring as the cross-substrain comparator to L5-14	recommend admit with caveat	Per-file CC BY 4.0, quantitative, with an explicit "unclear" class. The caveat is the substrain, which the owner must rule on; row L5-14 now offers a call measured in MG1655 itself, so this row is the cross-substrain comparator rather than the only choice.	read
L5-04	5	Genetic footprinting of essential genes in MG1655 (Gerdes et al. 2003)	PMID 13129938; PMCID PMC193955; DOI 10.1128/JB.185.19.5673-5684.2003	Transposon-insertion footprinting across the genome: 620 genes essential and 3,126 dispensable	MG1655 (F- lambda- ilvG rfb-50 rph-1)	exact	Logarithmic aerobic growth in enriched LB medium	not extracted	Categorical call per gene	not inspected (supplement not retrieved)	Not established.	[1] "American Society for Microbiology PMC Copyright notice" ;; [2] "American Society for Microbiology 2003"	[1] PMC article page PMC193955: the only rights text under the author block is the publisher name followed by the PMC copyright-notice link (file pmc_page_gerdes2003.html) ;; [2] PMC193955 NCBI efetch db=pmc, <permissions> (no <license> element; copyright statement only) (file ncbi_pmc_gerdes2003.xml)	[1] 2026-10-05T16:25:44Z ;; [2] 2026-10-05T16:18:52Z	[1] c81b839558735aae10ea8fdfa7eaa50c2cd0bb18c5fa486dd61a68f21d3daf90 ;; [2] bea48f9c96c6cd359d1be6708fb8a4900c6fd9438a718839852c5209ece683ca	[1] https://pmc.ncbi.nlm.nih.gov/articles/PMC193955/ ;; [2] https://eutils.ncbi.nlm.nih.gov/entrez/eutils/efetch.fcgi?db=pmc&id=193955&retmode=xml	[1] "A genetic footprinting technique was used to assess gene essentiality in E. coli K-12 across the entire genome under uniform growth conditions (logarithmic aerobic growth of strain MG1655 in enriched LB medium)." -- PMC193955 article page, Discussion -- file pmc_page_gerdes2003.html, retrieved 2026-10-05T16:25:44Z, SHA-256 c81b839558735aae10ea8fdfa7eaa50c2cd0bb18c5fa486dd61a68f21d3daf90, https://pmc.ncbi.nlm.nih.gov/articles/PMC193955/ ;; [2] "We identified 620 genes as essential and 3,126 genes as dispensable for growth under these conditions." -- PMC193955 article page, Abstract -- file pmc_page_gerdes2003.html, retrieved 2026-10-05T16:25:44Z, SHA-256 c81b839558735aae10ea8fdfa7eaa50c2cd0bb18c5fa486dd61a68f21d3daf90, https://pmc.ncbi.nlm.nih.gov/articles/PMC193955/ ;; [3] "E. coli strain MG1655 (F − λ − ilvG rfb-50 rph-1 ) ( 16 ) was used throughout this work." -- PMC193955 article page, Materials and Methods -- file pmc_page_gerdes2003.html, retrieved 2026-10-05T16:25:44Z, SHA-256 c81b839558735aae10ea8fdfa7eaa50c2cd0bb18c5fa486dd61a68f21d3daf90, https://pmc.ncbi.nlm.nih.gov/articles/PMC193955/	Article page read. Supplementary gene list not retrieved: Europe PMC supplementaryFiles answers that the record is not open access.	Article page yes; per-gene table not retrieved	No licence statement, no retrieved per-gene table. The 620 count is about twice the 303 (Keio) and 358 (TraDIS) counts in rows L5-01 and L5-03; the reason was not examined here. A per-gene call attributed to this study is republished as the `Gerdes` column of Choe 2022 Table S1 (row L5-14: E 613, NE 3,885), under that table's CC BY 4.0 legend; it was not compared with the original.	No grant: publisher copyright with no licence statement. Link-only by the ledger rule.	link-only	recommend reject	The first genome-wide screen run in MG1655 itself; no grant and no table of its own. Cite it beside row L5-14, which carries a copy of its calls.	read
L5-05	5	Genome-wide CRISPRi screen (Rousset et al. 2018)	PMID 30403660; PMCID PMC6242692; DOI 10.1371/journal.pgen.1007749; S tables `pgen.1007749.s011.csv` (guide-level log2FC, SHA-256 prefix 015ebda56925fee9) and `pgen.1007749.s012.csv` (gene-level, 89c170375718d983); ENA PRJEB28256	Depletion of dCas9 guide RNAs after 17 generations: guide-level log2 fold change and gene-level medians	LC-E75, an MG1655 derivative carrying chromosomal dCas9	partial (engineered MG1655 derivative)	17 generations; the group's earlier screen is described as rich medium, and the medium of this screen was not extracted	Triplicates from three independent transformations	log2 fold change per guide; median per gene; an `essential` flag column	Gene symbols (4,213 gene records, all distinct, in the gene-level table); guides designed on NC_000913.2	Gene symbol to b-number (name-based: ambiguity and synonym drift must be reported); guide positions are on NC_000913.2.	[1] "This is an open access article distributed under the terms of the Creative Commons Attribution License , which permits unrestricted use, distribution, and reproduction in any medium, provided the original author and source are credited."	[1] PMC6242692 Europe PMC fullTextXML, <permissions>/<license> (file epmc_ft_rousset2018.xml)	[1] 2026-10-05T16:18:54Z	[1] 9056cd19960c1703c85c04c89b4d59c8d70551366934a9dbfda8e387cd966e61	[1] https://www.ebi.ac.uk/europepmc/webservices/rest/PMC6242692/fullTextXML	[1] "We constructed to this end strain LC-E75, a derivative of E . coli MG1655 carrying dCas9 on its chromosome under the control of an aTc-inducible promoter" -- PMC6242692 full text, Results -- file epmc_ft_rousset2018.xml, retrieved 2026-10-05T16:18:54Z, SHA-256 9056cd19960c1703c85c04c89b4d59c8d70551366934a9dbfda8e387cd966e61, https://www.ebi.ac.uk/europepmc/webservices/rest/PMC6242692/fullTextXML ;; [2] "This screen was performed over 17 generations in triplicates from independent aliquots of the library generated from 3 independent transformations into strain LC-E75." -- PMC6242692 full text, Results -- file epmc_ft_rousset2018.xml, retrieved 2026-10-05T16:18:54Z, SHA-256 9056cd19960c1703c85c04c89b4d59c8d70551366934a9dbfda8e387cd966e61, https://www.ebi.ac.uk/europepmc/webservices/rest/PMC6242692/fullTextXML ;; [3] "These sgRNAs target 20-nt regions adjacent to NGG sites in E . coli K-12 MG1655 ( NC_000913.2 )" -- PMC6242692 full text, Methods -- file epmc_ft_rousset2018.xml, retrieved 2026-10-05T16:18:54Z, SHA-256 9056cd19960c1703c85c04c89b4d59c8d70551366934a9dbfda8e387cd966e61, https://www.ebi.ac.uk/europepmc/webservices/rest/PMC6242692/fullTextXML	s012.csv: one header row and 4,213 gene records; columns gene, essential (TRUE 295, FALSE 3,918), gene_ori, gene_left, gene_right, median_coding, median_template, mad_coding, mad_template, coding, template, operon. s011.csv: one header row and 59,246 guide records (columns target, position, ori, coding, gene, essential, gene_left, gene_right, gene_ori, log2FC, padj, gamma). Files inspected: pgen.1007749.s012.csv (470001 B, SHA-256 89c170375718d983b5ba623507ce0cd727a39ce490ea4e8aa9f259195c5c6b15, member of the bundle https://www.ebi.ac.uk/europepmc/webservices/rest/PMC6242692/supplementaryFiles, retrieved 2026-10-05T16:42:33Z) ;; pgen.1007749.s011.csv (7092023 B, SHA-256 015ebda56925fee97cd2c44557b146799299f883b2255ed22836ebab61875ebb, member of the bundle https://www.ebi.ac.uk/europepmc/webservices/rest/PMC6242692/supplementaryFiles, retrieved 2026-10-05T16:42:33Z)	Yes (Europe PMC supplementaryFiles)	Knock-down acts on transcription units, so an effect can extend to co-transcribed genes (the gene tables carry an `operon` column); this is a fitness measure, not a deletion phenotype. Symbol-keyed.	Inferred from the article licence (CC BY); no file-level grant shown. No per-file legend and no publisher statement extending the article licence to this supplementary file was found in the retrieved XML, so a grant over the file is inferred from the article licence, not shown. The source ledger has no rule for a publisher-hosted supplementary file without its own legend: its article-licence rule is written for a GEO deposit ("the article's licence is taken as the grant over the article's deposited data"), and its two file-level precedents (Adomako 2022 Data Set S1; PXD005851 Table S1) each rest on a legend. Applying the article licence here would extend the GEO-deposit rule by analogy, which is an owner ledger decision; the owner's 2026-10-05 redistribution decision is a separate basis and is not evidence of a file-level grant.	bring second (as a fitness measure, beside L5-14)	recommend admit with caveat	A quantitative fitness measure in an MG1655 background in a CC BY article; it complements the insertion-frequency call of L5-14.	read
L5-06	5	Pooled CRISPRi functional genomics (Wang et al. 2018)	PMID 29946130; PMCID PMC6018678; DOI 10.1038/s41467-018-04899-x; SRA PRJNA450392; GitHub zhangchonglab/CRISPRi-functional-genomics-in-prokaryotes	Pooled dCas9 guide depletion screens for gene fitness	MCm, a K-12 MG1655 derivative with a chloramphenicol-resistance cassette	partial (engineered MG1655 derivative)	not extracted	Two biological replicates per library transformation	guide and gene fitness scores (tables not inspected)	not inspected; library designed on NC_000913.3	Not established.	[1] "Open Access This article is licensed under a Creative Commons Attribution 4.0 International License, which permits use, sharing, adaptation, distribution and reproduction in any medium or format, as long as you give appropriate credit to the original author(s) and the source, provide a link to the Creative Commons license, and indicate if changes were made."	[1] PMC6018678 Europe PMC fullTextXML, <permissions>/<license> (file epmc_ft_wang2018.xml)	[1] 2026-10-05T16:18:56Z	[1] daea34ac6a93d29da89c405aa31d479fae6f026df13713a9c6260dbd3a20e971	[1] https://www.ebi.ac.uk/europepmc/webservices/rest/PMC6018678/fullTextXML	[1] "We transformed the sgRNA library by electroporation into E. coli strain MCm (a K12 MG1655 derivative with an integrated chloramphenicol-resistance cassette) carrying pdCas9-J23111." -- PMC6018678 full text -- file epmc_ft_wang2018.xml, retrieved 2026-10-05T16:18:56Z, SHA-256 daea34ac6a93d29da89c405aa31d479fae6f026df13713a9c6260dbd3a20e971, https://www.ebi.ac.uk/europepmc/webservices/rest/PMC6018678/fullTextXML ;; [2] "The library was independently transformed twice into either MCm/pdCas9-J23111 or MCm/pKanaNC, providing two biological replicates for each." -- PMC6018678 full text -- file epmc_ft_wang2018.xml, retrieved 2026-10-05T16:18:56Z, SHA-256 daea34ac6a93d29da89c405aa31d479fae6f026df13713a9c6260dbd3a20e971, https://www.ebi.ac.uk/europepmc/webservices/rest/PMC6018678/fullTextXML ;; [3] "gene annotation of NC_000913.3 was used for the sgRNA library (20-mer) design." -- PMC6018678 full text, Methods -- file epmc_ft_wang2018.xml, retrieved 2026-10-05T16:18:56Z, SHA-256 daea34ac6a93d29da89c405aa31d479fae6f026df13713a9c6260dbd3a20e971, https://www.ebi.ac.uk/europepmc/webservices/rest/PMC6018678/fullTextXML	Supplement bundle not retrieved in full: the Europe PMC download stopped at the 280 s limit (curl exit 28).	Yes	Tables not inspected; conditions not extracted.	Article CC BY 4.0; a grant over its uninspected tables would be inferred from it. The tables were not inspected; a grant over them would be inferred from the article licence under the same reasoning as row L5-05.	supporting	insufficient evidence	Same kind of evidence as L5-05 on the current sequence version; needs its tables read.	read
L5-07	5	Fitness Browser RB-TnSeq, E. coli BW25113 (Price et al. 2018; Wetmore et al. 2015)	Price 2018: PMID 29769716, DOI 10.1038/s41586-018-0124-0 (no PMC deposit). Wetmore 2015: PMID 25968644, PMCID PMC4436071, DOI 10.1128/mBio.00306-15. Site https://fit.genomics.lbl.gov (organism id `Keio` requested)	Condition-resolved gene fitness from randomly bar-coded transposon libraries	BW25113 (per Wetmore 2015); not MG1655	partial (cross-substrain)	not retrieved	not retrieved	not retrieved	not retrieved	Not established.	[1] "https://creativecommons.org/licenses/by-nc-sa/3.0/ This is an open-access article distributed under the terms of the Creative Commons Attribution-Noncommercial-ShareAlike 3.0 Unported license , which permits unrestricted noncommercial use, distribution, and reproduction in any medium, provided the original author and source are credited."	[1] PMC4436071 Europe PMC fullTextXML, <permissions>/<license> (file epmc_ft_wetmore2015.xml)	[1] 2026-10-05T16:18:57Z	[1] eeb1cc3db251d14014e26fb31a1bc438fde88716f8804b76a5bc6064a3d38933	[1] https://www.ebi.ac.uk/europepmc/webservices/rest/PMC4436071/fullTextXML	[1] "the model bacterium Escherichia coli BW25113 (a K-12 strain; parent strain of the Keio deletion collection" -- PMC4436071 full text, Introduction -- file epmc_ft_wetmore2015.xml, retrieved 2026-10-05T16:18:57Z, SHA-256 eeb1cc3db251d14014e26fb31a1bc438fde88716f8804b76a5bc6064a3d38933, https://www.ebi.ac.uk/europepmc/webservices/rest/PMC4436071/fullTextXML	https://fit.genomics.lbl.gov/cgi-bin/org.cgi?orgId=Keio and help.cgi both answered HTTP 403 with a "Just a moment..." script challenge to a plain client; not solved. Price 2018 is in neither Europe PMC full text nor PMC (NCBI ID converter: "Identifier not found in PMC").	Not retrieved (script challenge); no account was tested	The data source itself was not read: strain per library, conditions, units, terms and file names are all not retrieved.	Undetermined: site terms not retrieved; Price 2018 not readable by deposit. Wetmore 2015 (the method paper) is CC BY-NC-SA 3.0.	not retrieved	insufficient evidence	This is the E. coli counterpart of the fitness-screen data type admitted for the cyanobacterial view on 2026-10-05; a browser read by a person would settle its terms.	partly retrieved
L5-08	5	Chemical-genomic phenotypic landscape of the Keio collection (Nichols et al. 2011)	PMID 21185072; PMCID PMC3060659; DOI 10.1016/j.cell.2010.11.052	Colony-size growth scores for 3,979 mutants across 324 conditions (114 unique stresses)	Keio single-gene deletion library (BW25113 background per L5-01) plus essential-gene hypomorphs; not MG1655	partial (cross-substrain)	324 conditions on agar plates	not extracted	quantitative growth scores	not inspected	Not established.	[1] "This file is available for text mining. It may also be used consistent with the principles of fair use under the copyright law."	[1] PMC3060659 NCBI efetch db=pmc, <permissions>/<license> (file ncbi_pmc_nichols2011.xml)	[1] 2026-10-05T16:19:06Z	[1] aa4f4e41371cdea10b0ab2834c17170141c179940e91a5f13bed52b5a57094e8	[1] https://eutils.ncbi.nlm.nih.gov/entrez/eutils/efetch.fcgi?db=pmc&id=3060659&retmode=xml	[1] "We determined quantitative growth scores for the Keio single-gene deletion library ( Baba et al., 2006 )" -- PMC3060659 author manuscript, Results -- file ncbi_pmc_nichols2011.xml, retrieved 2026-10-05T16:19:06Z, SHA-256 aa4f4e41371cdea10b0ab2834c17170141c179940e91a5f13bed52b5a57094e8, https://eutils.ncbi.nlm.nih.gov/entrez/eutils/efetch.fcgi?db=pmc&id=3060659&retmode=xml ;; [2] "were grown in 324 conditions covering 114 unique stresses" -- PMC3060659 author manuscript, Results -- file ncbi_pmc_nichols2011.xml, retrieved 2026-10-05T16:19:06Z, SHA-256 aa4f4e41371cdea10b0ab2834c17170141c179940e91a5f13bed52b5a57094e8, https://eutils.ncbi.nlm.nih.gov/entrez/eutils/efetch.fcgi?db=pmc&id=3060659&retmode=xml	Author manuscript read via NCBI efetch; supplementary tables not retrieved (record not open access).	Tables not retrieved	All rights reserved; BW25113; data tables not retrieved.	No grant: "All rights reserved" with a text-mining notice. Link-only by the ledger rule.	link-only	recommend reject	No grant.	read
L5-09	5	PEC: Profiling of the E. coli Chromosome database	https://shigen.nig.ac.jp/ecoli/pec/ ; Version 4.10.10, last update April 23, 2025 (as shown on the front page)	Curated essential, non-essential and unknown classification per gene: 302 essential, 4,439 non-essential, 5 unknown of 4,746	not reported on the page read (the page cites GenBank U00096.2 and U00096.3 gene data updates)	not established	not reported on the page read	not applicable (curation)	categorical	not inspected	Not established.	none read (see mechanical_inspection)	not applicable	not applicable	not applicable	not applicable	[1] "Last Update: April 23, 2025 Version: 4.10.10" -- PEC front page -- file pec_front.html, retrieved 2026-10-05T16:26:23Z, SHA-256 e3ec9a691411542484c0b8ba4825dfe9bda65359fbefb907a5abdb1045f9734b, https://shigen.nig.ac.jp/ecoli/pec/ ;; [2] "essential 302 302 nonessential 4,439 3,146 unknown 5 5" -- PEC front page, Statistical Table (columns Whole and Minimal) -- file pec_front.html, retrieved 2026-10-05T16:26:23Z, SHA-256 e3ec9a691411542484c0b8ba4825dfe9bda65359fbefb907a5abdb1045f9734b, https://shigen.nig.ac.jp/ecoli/pec/	Front page only. No licence, terms or copyright statement appears in the retrieved front page text (terms: not reported on the page read; other pages not fetched).	Front page yes; download pages not tried	Terms and strain basis not established.	Undetermined: link-only until terms are read.	link-only	insufficient evidence	Used as a comparator by Keio and TraDIS papers; not itself needed if those are admitted.	read
L5-10	5	DEG: Database of Essential Genes (aggregator)	https://tubic.org/deg/ ; front page states "Last Update, Sep. 1, 2020"	Aggregated essential-gene lists from published screens across organisms	multiple; per-dataset	not established	per source study	not applicable	categorical	not inspected	Not established.	[1] "Copyright © TUBIC, Tianjin University, Tianjin, China"	[1] DEG front page footer (file deg_front.html)	[1] 2026-10-05T16:32:03Z	[1] 3ae8f9da0fde4f282da5bf7e795f4adee6eadde7987d68f10e802874803a7185	[1] https://tubic.org/deg/public/index.php	[1] "Last Update, Sep. 1, 2020" -- DEG front page -- file deg_front.html, retrieved 2026-10-05T16:32:03Z, SHA-256 3ae8f9da0fde4f282da5bf7e795f4adee6eadde7987d68f10e802874803a7185, https://tubic.org/deg/public/index.php	Front page only; no licence text beyond the copyright footer.	Front page yes	Secondary aggregation of the primary screens listed above; not updated since 2020.	No grant read: copyright footer only. Link-only.	not recommended	recommend reject	Adds nothing over the primary sources and carries no licence.	read
L5-11	5	Gene essentiality across the E. coli species (Rousset et al. 2021)	PMID 33462433; DOI 10.1038/s41564-020-00839-y (author and publisher corrections PMID 33723410, 33833431)	Gene essentiality compared across E. coli strains (title only); would show how far a call transfers between strains	not retrieved	not established	not retrieved	not retrieved	not retrieved	not retrieved	Not established.	none read (see mechanical_inspection)	not applicable	not applicable	not applicable	not applicable	[1] ""pmid":"33462433"" -- Europe PMC REST search response for the article title (identifier resolution only) -- file epmc_search_rousset2021.json, retrieved 2026-10-05T16:16:30Z, SHA-256 94da97b3463e3cae4697f13e391232e539940b03cf29aac5eab762acd9e89d4d, Europe PMC REST search, resultType=core, TITLE query for the article title (tag rousset2021)	Not in PMC and not in Europe PMC full text.	Not retrieved	Not read.	Undetermined: not read.	not retrieved	insufficient evidence	Listed so the gap is visible; a person with library access can supply it.	not retrieved
L5-12	5	Conditionally essential genes (Joyce et al. 2006)	PMID 17012394; PMCID PMC1698209; DOI 10.1128/JB.00740-06	Assessment of conditionally essential genes (title); Nichols 2011 cites it as a study of Keio Collection auxotrophs; body not read	not retrieved	not established	not retrieved	not retrieved	not retrieved	not retrieved	Not established.	[1] "Copyright © 2006, American Society for Microbiology 2006"	[1] PMC1698209 NCBI efetch db=pmc, <permissions> (no <license> element; copyright statement only) (file ncbi_pmc_joyce2006.xml)	[1] 2026-10-05T16:19:24Z	[1] 4c1fb1a5c0f12eaef4e946bc93f01aafc212415ddafde9210ab11c287ae3466f	[1] https://eutils.ncbi.nlm.nih.gov/entrez/eutils/efetch.fcgi?db=pmc&id=1698209&retmode=xml	none quoted (see mechanical_inspection)	NCBI efetch returned front matter and the permissions block without a body; the PMC article page answered with a reCAPTCHA page on the one attempt and was not retried.	Body not retrieved	Not read.	No grant: copyright statement only.	not retrieved	insufficient evidence	Cited by Nichols 2011 as the Keio auxotroph study; a candidate for condition-dependent essentiality.	partly retrieved
L5-13	5	Mismatch-CRISPRi expression-fitness relationships (Hawkins et al. 2020)	PMID 33080209; PMCID PMC7704046; DOI 10.1016/j.cels.2020.09.009; SRA PRJNA574461	Titrated knock-down of essential genes and the resulting fitness	not established from the passages read (BW25113 appears in strain construction)	not established	not extracted	not extracted	not extracted	not inspected	Not established.	[1] "This file is available for text mining. It may also be used consistent with the principles of fair use under the copyright law."	[1] PMC7704046 NCBI efetch db=pmc, <permissions>/<license> (file ncbi_pmc_hawkins2020.xml)	[1] 2026-10-05T16:19:14Z	[1] 8366308f27709970cb34f094c7939abee036e5f417346bba048d936cb90071ed	[1] https://eutils.ncbi.nlm.nih.gov/entrez/eutils/efetch.fcgi?db=pmc&id=7704046&retmode=xml	[1] "cassettes into BW25113, selecting for chloramphenicol resistance." -- PMC7704046 author manuscript, Methods (strain construction; not a statement of the screening strain) -- file ncbi_pmc_hawkins2020.xml, retrieved 2026-10-05T16:19:14Z, SHA-256 8366308f27709970cb34f094c7939abee036e5f417346bba048d936cb90071ed, https://eutils.ncbi.nlm.nih.gov/entrez/eutils/efetch.fcgi?db=pmc&id=7704046&retmode=xml	Author manuscript read via NCBI efetch; the screening strain was not located in the sentences examined. Europe PMC labels the record cc by-nc-nd while the deposited XML carries only a text-mining notice.	Yes	Strain not established; licence label and deposited notice disagree.	No usable grant either way: a text-mining notice in the deposit, and CC BY-NC-ND per the Europe PMC label would exclude a derived table.	link-only	recommend reject	Covers essential genes only and carries no grant for a derived table.	read
L5-14	5	Hypersaturated Tn-seq gene essentiality in MG1655 (Choe et al. 2022)	PMID 36507678; PMCID PMC9948719; DOI 10.1128/msystems.00896-22 (mSystems 8(1):e00896-22; no correction listed in the Europe PMC record on 2026-10-05); Table S1 `msystems.00896-22-s0002.xlsx` (758,879 B, SHA-256 b1b27667bb9671e0cf031c46bb91e99077e759f4ccd5f75642c809e4d8b9595e); Text S1 `msystems.00896-22-s0001.docx`; ENA PRJEB22130 (runs ERR2093970 Tn-Seq_MG1655_LB and ERR2093971 Tn-Seq_MG1655_M9)	Tn5 transposon-insertion frequency per gene (insertions per kilobase per million insertions, IPKM, and its end-curated form ecIPKM) with an essential or non-essential call, in two media: 523 essential and 3,975 non-essential on LB; 654 essential and 3,844 non-essential on M9 glucose (counted in Table S1)	E. coli K-12 MG1655, not an engineered background (a Δhns ΔstpA strain was used for a separate comparison)	exact	Aerobic, 37 °C; mutants selected on solid LB or M9 glucose (2 g/L) agar with kanamycin 50 µg/mL; about 1 × 10^6 mutants; 400,096 unique insertion sites from 2.4 × 10^6 mapped reads on LB	not reported: the article and Text S1 state no replicate number for the transposon libraries (the words replicate, duplicate and triplicate do not occur in the article, and occur in Text S1 only for read duplication), and ENA lists one Tn-Seq run per condition, whereas the ChIP-exo samples of the same project are labelled Rep1 and Rep2	insertion count, IPKM and ecIPKM per gene; categorical call E or NE at the cutoff ecIPKM 2.2	b-number in the `Locus Tag` column (4,498 data records, 4,498 distinct b-numbers), gene name, and Start and End coordinates; reads were mapped to NC_000913.3	Direct: the `Locus Tag` column is the b-number and the sequence is that of the genome of record. The table has 4,498 genes against 4,651 gene features in the annotation of record; which are absent was not determined (no join performed).	[1] "https://creativecommons.org/licenses/by/4.0/ This is an open-access article distributed under the terms of the Creative Commons Attribution 4.0 International license ." ;; [2] "TABLE S1 Gene essentiality determined by Tn-Seq (PEC, gene essentiality categorization according to the Profiling of E. coli Chromosome [PEC] database; NE, nonessential gene; E, essential gene; Gerdes, gene essentiality determined by previous Tn-Seq [Gerdes et al., 2003]; IPKM, insertion per kilobase per million mapped reads; ec, calculation after end-curation). Download Table S1, XLSX file, 0.7 MB . Copyright © 2022 Choe et al. 2022 Choe et al. https://creativecommons.org/licenses/by/4.0/ This content is distributed under the terms of the Creative Commons Attribution 4.0 International license ."	[1] PMC9948719 Europe PMC fullTextXML, <permissions>/<license> (file epmc_ft_choe2022.xml) ;; [2] PMC9948719 full text XML, <supplementary-material> legend for Table S1 (msystems.00896-22-s0002.xlsx) (file epmc_ft_choe2022.xml)	[1] 2026-10-05T18:05:10Z ;; [2] 2026-10-05T18:05:10Z	[1] 4bce9d2044f327f1a6de60164917cf23839b6ada4faa1949ebe193a3c5253676 ;; [2] 4bce9d2044f327f1a6de60164917cf23839b6ada4faa1949ebe193a3c5253676	[1] https://www.ebi.ac.uk/europepmc/webservices/rest/PMC9948719/fullTextXML ;; [2] https://www.ebi.ac.uk/europepmc/webservices/rest/PMC9948719/fullTextXML	[1] "We constructed 1 million transposon insertion mutants of E. coli K-12 MG1655 capable of growing on solid LB medium (see Text S1 in the supplemental material)." -- PMC9948719 full text, Observation -- file epmc_ft_choe2022.xml, retrieved 2026-10-05T18:05:10Z, SHA-256 4bce9d2044f327f1a6de60164917cf23839b6ada4faa1949ebe193a3c5253676, https://www.ebi.ac.uk/europepmc/webservices/rest/PMC9948719/fullTextXML ;; [2] "From 2.4 × 10 6 mapped reads, a high-resolution transposon insertion landscape consisting of 400,096 unique TISs was obtained" -- PMC9948719 full text, Observation -- file epmc_ft_choe2022.xml, retrieved 2026-10-05T18:05:10Z, SHA-256 4bce9d2044f327f1a6de60164917cf23839b6ada4faa1949ebe193a3c5253676, https://www.ebi.ac.uk/europepmc/webservices/rest/PMC9948719/fullTextXML ;; [3] "We defined ecIPKM of 2.2 as a cutoff where accuracy was maximized ( Text S1 , Fig. 1G , and Fig. S2F and G ). Using this criterion, 523 genes were determined as essential, of which 233 were PEC essential genes" -- PMC9948719 full text, Observation -- file epmc_ft_choe2022.xml, retrieved 2026-10-05T18:05:10Z, SHA-256 4bce9d2044f327f1a6de60164917cf23839b6ada4faa1949ebe193a3c5253676, https://www.ebi.ac.uk/europepmc/webservices/rest/PMC9948719/fullTextXML ;; [4] "Tn-Seq with the ecIPKM metric failed to detect 68 PEC essential genes" -- PMC9948719 full text, section "Tn-Seq failed to detect 68 essential genes" -- file epmc_ft_choe2022.xml, retrieved 2026-10-05T18:05:10Z, SHA-256 4bce9d2044f327f1a6de60164917cf23839b6ada4faa1949ebe193a3c5253676, https://www.ebi.ac.uk/europepmc/webservices/rest/PMC9948719/fullTextXML ;; [5] "Overall, most of the false positives (238/290; 82.1%) contained NAP-binding regions covering more than 80% of the genic region, although the two data sets were collected from cells grown in different media." -- PMC9948719 full text, section "DNA-binding proteins interfered with transposon insertion" -- file epmc_ft_choe2022.xml, retrieved 2026-10-05T18:05:10Z, SHA-256 4bce9d2044f327f1a6de60164917cf23839b6ada4faa1949ebe193a3c5253676, https://www.ebi.ac.uk/europepmc/webservices/rest/PMC9948719/fullTextXML ;; [6] "E. coli K-12 MG1655 was used in this study, unless otherwise described. The cells were grown aerobically at 37 ºC on Luria-Bertani or M9 minimal medium (56.4 g/L M9 minimal salt, 2 mM MgSO4, 0.1 mM CaCl2, and 2 g/L glucose)." -- Text S1 (msystems.00896-22-s0001.docx), Bacterial strains and culture conditions -- file choe2022_TextS1.docx, retrieved 2026-10-05T18:09:30Z, SHA-256 ec48d356af729c99bc7b994d6e0996520eb299e22ff6e866da8018ad54675120, member msystems.00896-22-s0001.docx of the bundle https://www.ebi.ac.uk/europepmc/webservices/rest/PMC9948719/supplementaryFiles ;; [7] "The trimmed reads were mapped to E. coli K-12 MG1655 genome sequence (NC_000913.3)" -- Text S1, Sequencing data processing -- file choe2022_TextS1.docx, retrieved 2026-10-05T18:09:30Z, SHA-256 ec48d356af729c99bc7b994d6e0996520eb299e22ff6e866da8018ad54675120, member msystems.00896-22-s0001.docx of the bundle https://www.ebi.ac.uk/europepmc/webservices/rest/PMC9948719/supplementaryFiles ;; [8] "there will be no precise number of ecIPKM that perfectly determines gene essentiality. There will be a certain level of arbitrariness near the cutoff because it is hard to distinguish genes whose disruption induces extreme growth retardation or complete lethality." -- Text S1, Determination of ecIPKM cutoff -- file choe2022_TextS1.docx, retrieved 2026-10-05T18:09:30Z, SHA-256 ec48d356af729c99bc7b994d6e0996520eb299e22ff6e866da8018ad54675120, member msystems.00896-22-s0001.docx of the bundle https://www.ebi.ac.uk/europepmc/webservices/rest/PMC9948719/supplementaryFiles ;; [9] "Tn-Seq_MG1655_LB" -- ENA file report for PRJEB22130, sample title of run ERR2093970 -- file ena_PRJEB22130_runs.tsv, retrieved 2026-10-05T18:08:45Z, SHA-256 c2877adbe7edb429f43eed491ce3659c0c5a299d6f0f8d192dc3a9618f734baf, https://www.ebi.ac.uk/ena/portal/api/filereport?accession=PRJEB22130&result=read_run&fields=run_accession,sample_accession,sample_title,library_strategy,library_source,scientific_name,read_count,base_count,first_public ;; [10] "Tn-Seq_MG1655_M9" -- ENA file report for PRJEB22130, sample title of run ERR2093971 -- file ena_PRJEB22130_runs.tsv, retrieved 2026-10-05T18:08:45Z, SHA-256 c2877adbe7edb429f43eed491ce3659c0c5a299d6f0f8d192dc3a9618f734baf, https://www.ebi.ac.uk/ena/portal/api/filereport?accession=PRJEB22130&result=read_run&fields=run_accession,sample_accession,sample_title,library_strategy,library_source,scientific_name,read_count,base_count,first_public	Table S1, sheet "Table S1": two header rows, then 4,498 data records, each with a distinct b-number. Columns: Gene, Start, End, Length (nt), Strand, Locus Tag, CDS (Y 4,319, N 179), Pseudo (Y 184, N 4,314), PEC (E 301, NE 4,197), Gerdes (E 613, NE 3,885), then for "LB medium" and for "M9 glucose (0.2%) medium": Insertion, IPKM, ec Insertion, ecIPKM, Essentiality. LB: E 523, NE 3,975. M9 glucose: E 654, NE 3,844. The bundle downloaded completely (14 members; archive test passed). ENA lists 16 runs: 4 Tn-Seq (MG1655 LB, MG1655 M9, MG1655 M9+Arg, DKO M9) and 12 ChIP-exo. Files inspected: msystems.00896-22-s0002.xlsx (758879 B, SHA-256 b1b27667bb9671e0cf031c46bb91e99077e759f4ccd5f75642c809e4d8b9595e, member `msystems.00896-22-s0002.xlsx` of the bundle https://www.ebi.ac.uk/europepmc/webservices/rest/PMC9948719/supplementaryFiles, retrieved 2026-10-05T18:09:30Z)	Yes (Europe PMC supplementaryFiles; ENA public)	The paper's subject is the error of exactly this kind of call. Against the PEC list, 68 PEC-essential genes were called non-essential (insertions tolerated in non-essential subgenic domains, polar effects, and other causes) and 290 genes with available deletion mutants were called essential, 238 of them covered by nucleoid-associated-protein binding regions that hinder insertion. A call here is an insertion-frequency classification at one cutoff (ecIPKM 2.2, chosen to maximise agreement with PEC), not a deletion phenotype and not ground truth. Replication of the libraries is not reported. Mutants were selected on solid medium. The 523 and the error analysis are stated for LB; the M9 glucose calls are in the table without a separate error analysis. Six phantom genes were excluded by the authors. 4,498 genes, not the current 4,651.	Affirmative grant at file level: the Table S1 legend itself carries the CC BY 4.0 statement, the pattern of the ledger's Adomako 2022 Data Set S1 and PXD005851 Table S1 precedents. The article is CC BY 4.0.	bring first	recommend admit with caveat	The one genome-wide essentiality call found that is measured in MG1655 itself, keyed by b-number on the sequence of record, with a per-file CC BY 4.0 legend and the table in hand. Its own false-positive and false-negative analysis has to travel with it, and replication is not reported.	read
L5-15	5	TraDIS essential-gene list from MG1655 resistance-plasmid libraries (Wellner et al. 2024)	PMID 38378700; PMCID PMC10879529; DOI 10.1038/s41598-024-54169-8 (Sci Rep 14:4163; no correction listed in the Europe PMC record on 2026-10-05); Supplementary Table S3 `41598_2024_54169_MOESM2_ESM.xlsx` (46,344 B, SHA-256 88164d776a1564ccb88c67d9644a68d905435126f8dd2eba55ea32ff527fbe55); ENA PRJEB70315	Transposon-directed insertion-site sequencing: a list of 371 genes classified essential on LB agar across three input libraries, with read count and insertion index per gene; conditional fitness under three aminoglycosides in further tables (not inspected)	MG1655 carrying aminoglycoside-resistance genes (streptomycin, gentamicin or neomycin); one strain is named MG1655_pACYC_aac(3)-IV. Not wild-type MG1655	partial (engineered MG1655 derivatives)	LB agar plates; the workbook title says "LB agar plate supplemented with trimethoprim (TRI)"; three libraries of more than 230,000 mutants each	not extracted (the list is stated "across the three aminoglycoside-resistant libraries"; no replicate statement for library sequencing was found in the passages read)	read_count and ins_index (insertion index) per gene; membership of the essential list	b-number in the `locus_tag` column (371 data records, 368 distinct cells matching b####), gene_name, start, end and strand; reads were mapped to U00096.3	Direct for the listed genes. The file lists only genes called essential, so a gene absent from it is either non-essential or not assessed, which the file does not distinguish.	[1] "Open Access This article is licensed under a Creative Commons Attribution 4.0 International License, which permits use, sharing, adaptation, distribution and reproduction in any medium or format, as long as you give appropriate credit to the original author(s) and the source, provide a link to the Creative Commons licence, and indicate if changes were made."	[1] PMC10879529 Europe PMC fullTextXML, <permissions>/<license> (file epmc_ft_wellner2024.xml)	[1] 2026-10-05T18:17:02Z	[1] 8451cccab434b7a59cfd8d4323f38d05fb129a880bf9a4b18c3e0294e489ff46	[1] https://www.ebi.ac.uk/europepmc/webservices/rest/PMC10879529/fullTextXML	[1] "We constructed three transposon mutant libraries each containing > 230.000 mutants in E. coli MG1655 strains harboring streptomycin ( aph(3″)-Ib/aph(6)-Id ), gentamicin ( aac(3)-IV ), or neomycin ( aph(3″)-Ia ) resistance gene(s)." -- PMC10879529 full text, Abstract -- file epmc_ft_wellner2024.xml, retrieved 2026-10-05T18:17:02Z, SHA-256 8451cccab434b7a59cfd8d4323f38d05fb129a880bf9a4b18c3e0294e489ff46, https://www.ebi.ac.uk/europepmc/webservices/rest/PMC10879529/fullTextXML ;; [2] "371 genes were classified as ‘essential’ for growth on LB agar plates across the three aminoglycoside-resistant libraries" -- PMC10879529 full text, Results -- file epmc_ft_wellner2024.xml, retrieved 2026-10-05T18:17:02Z, SHA-256 8451cccab434b7a59cfd8d4323f38d05fb129a880bf9a4b18c3e0294e489ff46, https://www.ebi.ac.uk/europepmc/webservices/rest/PMC10879529/fullTextXML ;; [3] "mapped against the MG1655 U00096.3 reference genome" -- PMC10879529 full text, Methods -- file epmc_ft_wellner2024.xml, retrieved 2026-10-05T18:17:02Z, SHA-256 8451cccab434b7a59cfd8d4323f38d05fb129a880bf9a4b18c3e0294e489ff46, https://www.ebi.ac.uk/europepmc/webservices/rest/PMC10879529/fullTextXML ;; [4] "Essential-genes for growth on LB agar (with TRI) predicted in MG1655 (371 genes)" -- Supplementary Table S3, sheet "Table S3", cell B2 -- file wellner2024_TableS3.xlsx, retrieved 2026-10-05T18:18:21Z, SHA-256 88164d776a1564ccb88c67d9644a68d905435126f8dd2eba55ea32ff527fbe55, member 41598_2024_54169_MOESM2_ESM.xlsx of the bundle https://www.ebi.ac.uk/europepmc/webservices/rest/PMC10879529/supplementaryFiles	Workbook sheets "Table S3" (title) and "A.Essential genes MG1655": one header row and 371 data records; columns locus_tag, gene_name, ncrna, start, end, strand, read_count, ins_index, gene_length and others. The bundle downloaded completely (archive test passed). Tables S4 to S14 were not opened. Files inspected: 41598_2024_54169_MOESM2_ESM.xlsx (46344 B, SHA-256 88164d776a1564ccb88c67d9644a68d905435126f8dd2eba55ea32ff527fbe55, member `41598_2024_54169_MOESM2_ESM.xlsx` of the bundle https://www.ebi.ac.uk/europepmc/webservices/rest/PMC10879529/supplementaryFiles, retrieved 2026-10-05T18:18:21Z)	Yes (Europe PMC supplementaryFiles)	An essential-only list, so it cannot by itself fill a genome-wide layer. The libraries are in resistance-gene-carrying derivatives and were selected with antibiotic. Same class of insertion-density call as L5-14, with the same kinds of error.	Inferred from the article licence (CC BY 4.0); no file-level grant shown. The licence block is the Springer Nature text, with its clause on third-party material. No per-file legend and no publisher statement extending the article licence to this supplementary file was found in the retrieved XML, so a grant over the file is inferred from the article licence, not shown. The source ledger has no rule for a publisher-hosted supplementary file without its own legend: its article-licence rule is written for a GEO deposit ("the article's licence is taken as the grant over the article's deposited data"), and its two file-level precedents (Adomako 2022 Data Set S1; PXD005851 Table S1) each rest on a legend. Applying the article licence here would extend the GEO-deposit rule by analogy, which is an owner ledger decision; the owner's 2026-10-05 redistribution decision is a separate basis and is not evidence of a file-level grant.	supporting	insufficient evidence	Found in the further search. A second b-number-keyed essential set in an MG1655 background on the current sequence: a cross-check on L5-14, not a layer.	read
L5-16	5	TraDIS fitness under a model honey in MG1655 (Masoura et al. 2021)	PMID 35111142; PMCID PMC8803141; DOI 10.3389/fmicb.2021.803307 (Front Microbiol 12:803307; no correction listed in the Europe PMC record on 2026-10-05); `Table_1.XLSX` (533,084 B, SHA-256 79412a1f8c4b02268d3e7d4032251e75038dcd37677d996870992b97e75d8ce5)	Change in transposon-mutant abundance per gene after exposure to a model honey (log2 fold change with P values), at two exposure times; 450,581 unique insertion sites in the library	E. coli K-12 MG1655 (the transposon library was built in it)	exact	Model honey of sugars, hydrogen peroxide and gluconic acid for 30 or 90 min, then 2 h outgrowth in LB; untreated control	Two biological replicates per condition (TL0_1, TL0_2; TL30_1, TL30_2; TL90_1, TL90_2)	log2 fold change of treated over control; P value; Bonferroni-adjusted P value	Gene names only (sheets "30min" and "90min", 4,479 data records each); no b-number column	Gene name to b-number (name-based: ambiguity and synonym drift must be reported). First settle the reference: a figure legend gives accession CP009273 for "the MG1655 genome", and NCBI lists CP009273.1 as Escherichia coli BW25113.	[1] "https://creativecommons.org/licenses/by/4.0/ This is an open-access article distributed under the terms of the Creative Commons Attribution License (CC BY). The use, distribution or reproduction in other forums is permitted, provided the original author(s) and the copyright owner(s) are credited and that the original publication in this journal is cited, in accordance with accepted academic practice."	[1] PMC8803141 Europe PMC fullTextXML, <permissions>/<license> (file epmc_ft_masoura2021.xml)	[1] 2026-10-05T18:17:06Z	[1] eb7e670396b001ea99bf1c09b41328a48327f86445a48b321fe594a749db925b	[1] https://www.ebi.ac.uk/europepmc/webservices/rest/PMC8803141/fullTextXML	[1] "E. coli K-12 strain MG1655 was used for the construction of a transposon library." -- PMC8803141 full text, Materials and Methods, Construction of Transposon Library -- file epmc_ft_masoura2021.xml, retrieved 2026-10-05T18:17:06Z, SHA-256 eb7e670396b001ea99bf1c09b41328a48327f86445a48b321fe594a749db925b, https://www.ebi.ac.uk/europepmc/webservices/rest/PMC8803141/fullTextXML ;; [2] "a total of 450,581 unique insertion sites were identified" -- PMC8803141 full text, Results -- file epmc_ft_masoura2021.xml, retrieved 2026-10-05T18:17:06Z, SHA-256 eb7e670396b001ea99bf1c09b41328a48327f86445a48b321fe594a749db925b, https://www.ebi.ac.uk/europepmc/webservices/rest/PMC8803141/fullTextXML ;; [3] "The biological replicate samples are referred in the text as TL30 (TL30_1, TL30_2), TL90 (TL90_1, TL90_2), and TL0 (TL0_1, TL0_2)." -- PMC8803141 full text, Materials and Methods -- file epmc_ft_masoura2021.xml, retrieved 2026-10-05T18:17:06Z, SHA-256 eb7e670396b001ea99bf1c09b41328a48327f86445a48b321fe594a749db925b, https://www.ebi.ac.uk/europepmc/webservices/rest/PMC8803141/fullTextXML ;; [4] "transposon library in strain MG1655, mapped to the MG1655 genome ( CP009273" -- PMC8803141 full text, figure legend -- file epmc_ft_masoura2021.xml, retrieved 2026-10-05T18:17:06Z, SHA-256 eb7e670396b001ea99bf1c09b41328a48327f86445a48b321fe594a749db925b, https://www.ebi.ac.uk/europepmc/webservices/rest/PMC8803141/fullTextXML ;; [5] ""title":"Escherichia coli BW25113, complete genome"" -- NCBI esummary db=nuccore for CP009273 -- file ncbi_nuccore_CP009273.json, retrieved 2026-10-05T18:26:28Z, SHA-256 2a77768b117c428ea2c73c77d86b16d0d886652fdfa7d28eb9a7af580bcf6f3a, https://eutils.ncbi.nlm.nih.gov/entrez/eutils/esummary.fcgi?db=nuccore&id=CP009273&retmode=json	Table_1.XLSX: sheet "KEY" (column definitions) and sheets "30min" and "90min", each one header row and 4,479 data records with columns log fold change, P.Value, adj.P.Val, Gene, Product. The KEY sheet says a missing value means no reads for the gene. The bundle downloaded completely. Files inspected: Table_1.XLSX (533084 B, SHA-256 79412a1f8c4b02268d3e7d4032251e75038dcd37677d996870992b97e75d8ce5, member `Table_1.XLSX` of the bundle https://www.ebi.ac.uk/europepmc/webservices/rest/PMC8803141/supplementaryFiles, retrieved 2026-10-05T18:18:19Z)	Yes (Europe PMC supplementaryFiles)	A fitness measure under one stress, not an essentiality call. Symbol-keyed. The reference accession the article cites belongs to BW25113.	Inferred from the article licence (CC BY); no file-level grant shown. No per-file legend and no publisher statement extending the article licence to this supplementary file was found in the retrieved XML, so a grant over the file is inferred from the article licence, not shown. The source ledger has no rule for a publisher-hosted supplementary file without its own legend: its article-licence rule is written for a GEO deposit ("the article's licence is taken as the grant over the article's deposited data"), and its two file-level precedents (Adomako 2022 Data Set S1; PXD005851 Table S1) each rest on a legend. Applying the article licence here would extend the GEO-deposit rule by analogy, which is an owner ledger decision; the owner's 2026-10-05 redistribution decision is a separate basis and is not evidence of a file-level grant.	supporting	insufficient evidence	Found in the further search: condition-resolved transposon fitness measured in wild-type MG1655 exists under a CC BY article, for one stress.	read
L6-01	6	Quantitative condition-dependent proteome (Schmidt et al. 2016)	PMID 26641532; PMCID PMC4888949; DOI 10.1038/nbt.3418; `NIHMS65833-supplement-Supplementary_tables.xlsx` (17,128,596 B, SHA-256 prefix 3280a13ff67a73f2), sheet "Table S6"; PRIDE PXD000498	Absolute protein copies per cell by mass spectrometry for more than 2,300 proteins across 22 growth conditions	K-12 BW25113 for all 22 conditions (Tables S4 to S8); MG1655 and NCM3722 additionally in glucose and in LB, reported in a separate sheet (Table S9)	partial (BW25113 for the condition series; exact for two MG1655 conditions)	22 conditions including glucose, 50 mM NaCl, pH 6, 42 °C, anaerobic, stationary phase and other carbon sources (column headers of Table S4)	Biological triplicates for the strain comparison: Table S25 lists three files each for MG1655 in LB (A14-07016 to 07018) and in glucose (A14-07024 to 07026); Table S9 gives a coefficient of variation per strain and medium. Not extracted for the 22-condition series	protein copies per cell; protein mass per cell (fg)	Table S6 (BW25113, 22 conditions): UniProt accession, gene name and b-number columns (2,285 distinct b-numbers). Table S9 (the MG1655 values): UniProt accession and gene name only, no b-number column	For the MG1655 values in Table S9: UniProt accession to b-number through the UniProtKB ordered locus name (row L7-02); not direct. The b-number column is in Table S6, which holds BW25113 values.	[1] "Users may view, print, copy, and download text and data-mine the content in such documents, for the purposes of academic research, subject always to the full Conditions of use: http://www.nature.com/authors/editorial_policies/license.html#terms" ;; [2] ""license" : "EBI terms of use"" ;; [3] "Where EMBL-EBI presents scientific data generated by others, EMBL-EBI imposes no additional restriction on the use of the contributed data than those provided by the data owner, unless otherwise specified in these Terms of Use."	[1] PMC4888949 Europe PMC fullTextXML, <permissions>/<license> (file epmc_ft_schmidt2016.xml) ;; [2] PRIDE REST v3 project record PXD000498, field `license` (file pride_PXD000498.json) ;; [3] EMBL-EBI Terms of Use, general section (file ebi_terms.html)	[1] 2026-10-05T16:19:25Z ;; [2] 2026-10-05T16:32:09Z ;; [3] 2026-10-05T16:32:03Z	[1] 1e6ba597bcc45356d2e000b4a2483b4a25983e95e991ddb87ce399a6017f0297 ;; [2] 208718f1e564aea9f1b5e6daf9eb5760d66c05182b4f9cda23dd41018e125f8c ;; [3] f3c148e6b91501af2a516e24edf0be61c21e2ce1b4e9f40bd834c606f1f23ae9	[1] https://www.ebi.ac.uk/europepmc/webservices/rest/PMC4888949/fullTextXML ;; [2] https://www.ebi.ac.uk/pride/ws/archive/v3/projects/PXD000498 ;; [3] https://www.ebi.ac.uk/about/terms-of-use/	[1] "The Escherichia coli K-12 strain BW25113 (genotype: F-, Δ(araD-araB)567 , ΔlacZ4787 (∷rrnB-3), λ - , rph-1 , Δ(rhaD-rhaB)568 , hsdR514 ) 19 was used to generate the proteome map for all 22 conditions." -- PMC4888949 author manuscript, Online methods, Strains and plasmids -- file epmc_ft_schmidt2016.xml, retrieved 2026-10-05T16:19:25Z, SHA-256 1e6ba597bcc45356d2e000b4a2483b4a25983e95e991ddb87ce399a6017f0297, https://www.ebi.ac.uk/europepmc/webservices/rest/PMC4888949/fullTextXML ;; [2] "Additionally, the proteome for the glucose and LB condition was also determined for the strains MG1655 (genotype: F-, λ - , rph-1 ) 20 and NCM3722 (genotype: F+)" -- PMC4888949 author manuscript, Online methods -- file epmc_ft_schmidt2016.xml, retrieved 2026-10-05T16:19:25Z, SHA-256 1e6ba597bcc45356d2e000b4a2483b4a25983e95e991ddb87ce399a6017f0297, https://www.ebi.ac.uk/europepmc/webservices/rest/PMC4888949/fullTextXML ;; [3] "we determined absolute copy numbers for >2300 proteins mapped across 22 growth conditions and covering the full dynamic range from ~1 to more than 100 000 copies per cells." -- PMC4888949 author manuscript, Discussion -- file epmc_ft_schmidt2016.xml, retrieved 2026-10-05T16:19:25Z, SHA-256 1e6ba597bcc45356d2e000b4a2483b4a25983e95e991ddb87ce399a6017f0297, https://www.ebi.ac.uk/europepmc/webservices/rest/PMC4888949/fullTextXML	Workbook sheets (three heading rows each): Table S4 2,039 protein records by 101 columns; Table S6 2,359 records by 79 columns with headers "Protein copies/cell", "Protein Mass (fg) / Cell", "Coefficient of Variance", 22 condition columns from Glucose to Fructose. Table S9 "Global relative and absolute quantification of all proteins identified in the different E. coli strains": 2,038 records; columns include Copies/Cell_MG1655.LB, Copies/Cell_MG1655.Glucose, the matching NCM3722 and BW25113 columns, cv columns and ratios to BW25113 in glucose. Files inspected: NIHMS65833-supplement-Supplementary_tables.xlsx (17128596 B, SHA-256 3280a13ff67a73f25440cff6ee73fb99b5ce3ef57854213dbbf6272be241912f, member of the bundle https://www.ebi.ac.uk/europepmc/webservices/rest/PMC4888949/supplementaryFiles, retrieved 2026-10-05T16:43:09Z)	Yes (Europe PMC supplementaryFiles serves the author-manuscript supplement)	The 22-condition series is BW25113. The MG1655 measurements are two conditions (LB, glucose) in a different sheet keyed by UniProt accession. The PMC deposit is an author manuscript under publisher terms, and the PRIDE deposit predates PRIDE's CC0 default.	No grant: the author-manuscript terms quoted here allow viewing, copying, downloading and text and data-mining for academic research, not redistribution; the PRIDE licence field reads "EBI terms of use", which the ledger treats as a disclaimer of EBI's own claims, not a grant. Link-only by the ledger rule.	link-only; owner decision needed	recommend admit with caveat	The reference absolute-abundance dataset. Its MG1655 part is two conditions in biological triplicate (Table S9, copies per cell, UniProt-keyed). It reaches the site only under the owner's 2026-10-05 redistribution decision recorded against a "no grant" row, or with the publisher's permission.	read
L6-02	6	Absolute protein synthesis rates by ribosome profiling (Li et al. 2014)	PMID 24766808; PMCID PMC4006352; DOI 10.1016/j.cell.2014.02.033; GEO GSE53767; supplement `NIHMS570024-supplement-02.xlsx` (named in the XML, not retrieved)	Ribosome-footprint density converted to protein synthesis rates per gene	MG1655 (GEO `strain` field, 4 of 4 samples)	exact	Fully supplemented MOPS glucose medium and minimal MOPS glucose medium	Pooled footprint tracks; replicate structure not extracted	protein synthesis rate per gene in the article (unit not extracted); WIG read density in GEO	not inspected (supplement not retrieved)	Not established.	[1] "This file is available for text mining. It may also be used consistent with the principles of fair use under the copyright law." ;; [2] "Therefore, NCBI itself places no restrictions on the use or distribution of the data contained therein. Nor do we accept data when the submitter has requested restrictions on reuse or redistribution."	[1] PMC4006352 NCBI efetch db=pmc, <permissions>/<license> (file ncbi_pmc_li2014.xml) ;; [2] NCBI Policies and Disclaimers page, section "Molecular Data Usage" (file ncbi_policies.html)	[1] 2026-10-05T16:17:37Z ;; [2] 2026-10-05T16:12:35Z	[1] 0ea642bd4672b49017da155d918a2359dea86fe808146d15b20c008cd81ecbb3 ;; [2] 8ad8f6f186ca51ec73a5fb8935ecfa17b8cbaad300b7025b381898ab72621869	[1] https://eutils.ncbi.nlm.nih.gov/entrez/eutils/efetch.fcgi?db=pmc&id=4006352&retmode=xml ;; [2] https://www.ncbi.nlm.nih.gov/home/about/policies/	[1] "!Sample_characteristics_ch1 = strain: MG1655" -- GEO GSE53767 sample records -- file geo_GSE53767_gsm.txt, retrieved 2026-10-05T16:24:11Z, SHA-256 a56c27cb1fa475da022f60c33dd1b1f98e8bbd6914bbfb6a515a9b9a85e81fc1, https://www.ncbi.nlm.nih.gov/geo/query/acc.cgi?acc=GSE53767&targ=gsm&form=text&view=brief ;; [2] "!Sample_characteristics_ch1 = media: minimal MOPS glucose media" -- GEO GSE53767 sample records -- file geo_GSE53767_gsm.txt, retrieved 2026-10-05T16:24:11Z, SHA-256 a56c27cb1fa475da022f60c33dd1b1f98e8bbd6914bbfb6a515a9b9a85e81fc1, https://www.ncbi.nlm.nih.gov/geo/query/acc.cgi?acc=GSE53767&targ=gsm&form=text&view=brief ;; [3] "For growth in a rich defined medium ( Neidhardt et al., 1974 ), we evaluated 3,041 genes" -- PMC4006352 author manuscript, Results -- file ncbi_pmc_li2014.xml, retrieved 2026-10-05T16:17:37Z, SHA-256 0ea642bd4672b49017da155d918a2359dea86fe808146d15b20c008cd81ecbb3, https://eutils.ncbi.nlm.nih.gov/entrez/eutils/efetch.fcgi?db=pmc&id=4006352&retmode=xml	Europe PMC supplementaryFiles answered "Article with id PMC4006352 is not open access one". The PMC file path was not tried because pmc.ncbi.nlm.nih.gov was serving a reCAPTCHA page to this client at the time.	Per-gene table not retrieved	All rights reserved; per-gene table not retrieved.	No grant: "All rights reserved" with a text-mining notice. Link-only by the ledger rule.	link-only	recommend reject	Exact strain and the standard translation-rate reference, but no grant and no table in hand.	read
L6-03a	6	Absolute proteome across growth conditions, NCM3722 condition series (Mori et al. 2021)	PMID 34032011; PMCID PMC8144880; DOI 10.15252/msb.20209536. Author Correction: PMID 39354190, PMCID PMC11535196, DOI 10.1038/s44320-024-00062-5 (Mol Syst Biol 20:1257, 2024: datasets EV6, EV7, EV8, EV9 and EV11 withdrawn and replaced). Corrected per-gene files: `44320_2024_62_MOESM3_ESM.xlsx` (EV8, samples of Dataset EV2; SHA-256 ddbd7acb9997097cfa8794886886954da1ef89ce7642e25134de323b5100e1d3), `44320_2024_62_MOESM4_ESM.xlsx` (EV9, samples of Dataset EV3; 78a8c11e329807e550c7f9fc7c6279da66fdcb090160e92e5ec8078bb7353071), `44320_2024_62_MOESM5_ESM.xlsx` (EV11, protein sectors). Sample tables (original, not among the corrected): Dataset EV2 `MSB-17-e9536-s014.xlsx`, Dataset EV3 `MSB-17-e9536-s011.xlsx`. PRIDE PXD014948 (raw files and three archives; see the licence standing); spectral library PeptideAtlas PASS01421; ribosome profiling GEO GSE139983	Absolute protein mass fractions by DIA/SWATH mass spectrometry (xTop protein intensities scaled per protein to ribosome-profiling synthesis rates); the article reports 2,335 proteins detected from 66 samples	NCM3722 and NCM3722-derived strains (NQ1243, NQ1390, NQ393, EQ59, NQ1431, NQ1527) for the growth-limitation and condition series; not MG1655. Dataset EV8 also holds two single samples of MG1655 CGSC#6300 and one of Nissle 1917	none for the condition series (K-12 NCM3722: a cross-strain transfer here)	EV9: 29 NCM3722-background samples in three growth-limitation series in glucose minimal medium (titrated glucose uptake, titrated ammonia assimilation, chloramphenicol), growth rates 0.22 to 0.98 per hour. EV8: 30 samples (Lib-01 to Lib-30) over carbon sources, stresses and non-planktonic states	Marked per sample in Dataset EV3 (for example C8 "biological replicate of C4"; H1 and H5 replicates of A2); not tabulated here	protein mass fraction (each sample column sums to 1)	b-number in the `Gene locus` column, with gene name and UniProt accession; 4,342 data records per sheet	Direct for the identifier (b-number column). The strain is the obstacle, not the key.	[1] "This is an open access article under the terms of the http://creativecommons.org/licenses/by/4.0/ License, which permits use, distribution and reproduction in any medium, provided the original work is properly cited." ;; [2] "https://creativecommons.org/licenses/by/4.0/ Open Access This article is licensed under a Creative Commons Attribution 4.0 International License, which permits use, sharing, adaptation, distribution and reproduction in any medium or format, as long as you give appropriate credit to the original author(s) and the source, provide a link to the Creative Commons licence, and indicate if changes were made." ;; [3] ""license" : "Creative Commons Public Domain (CC0)""	[1] PMC8144880 Europe PMC fullTextXML, <permissions>/<license> (file epmc_ft_mori2021.xml) ;; [2] PMC11535196 Europe PMC fullTextXML, <permissions>/<license> (file epmc_ft_mori_correction.xml) ;; [3] PRIDE REST v3 project record PXD014948, field `license` (file pride_PXD014948.json)	[1] 2026-10-05T16:19:27Z ;; [2] 2026-10-05T18:05:07Z ;; [3] 2026-10-05T16:32:09Z	[1] cf14e8df4b70c92b288e1731e36841b37d37a5b7e59d79d1363ea72eb1db625a ;; [2] 7cce4ffae01685cf846f4e8c6c5728a8b0ba8d5d1d79d4decf9fd2b8d40d9214 ;; [3] 9893f3517e0e218f5424101ddf24b4947d32c31fdd3ecaf15baaef5fc960c58f	[1] https://www.ebi.ac.uk/europepmc/webservices/rest/PMC8144880/fullTextXML ;; [2] https://www.ebi.ac.uk/europepmc/webservices/rest/PMC11535196/fullTextXML ;; [3] https://www.ebi.ac.uk/pride/ws/archive/v3/projects/PXD014948	[1] "The resulting versatile workflow was used to quantify the absolute abundance of 2,335 proteins for various E . coli strains grown across 66 conditions, including stress conditions and non‐planktonic states never characterized previously." -- PMC8144880 full text, Abstract -- file epmc_ft_mori2021.xml, retrieved 2026-10-05T16:19:27Z, SHA-256 cf14e8df4b70c92b288e1731e36841b37d37a5b7e59d79d1363ea72eb1db625a, https://www.ebi.ac.uk/europepmc/webservices/rest/PMC8144880/fullTextXML ;; [2] "Table with informations on the 7 "calibration" samples for E. coli MG1655 (EQ353), plus the three growth limitation series (C-, A- and R-limitation), obtained with either E. coli NCM3722 or NCM3722-derived strains." -- Dataset EV3 (MSB-17-e9536-s011.xlsx), sheet Description, cell A4 -- file mori2021_EV3_samples2.xlsx, retrieved 2026-10-05T16:45:18Z, SHA-256 3c13d83bc11996c042f8856ac40ca3b0f312d826ef5118b3f13e060c357c7b46, member MSB-17-e9536-s011.xlsx of the bundle https://www.ebi.ac.uk/europepmc/webservices/rest/PMC8144880/supplementaryFiles ;; [3] "raw mass spectrometry files (DDA and DIA/SWATH), ProteomeXchange Consortium via the PRIDE partner repository: http://www.ebi.ac.uk/pride/archive/projects/PXD014948" -- PMC8144880 full text, Data Availability Statement -- file epmc_ft_mori2021.xml, retrieved 2026-10-05T16:19:27Z, SHA-256 cf14e8df4b70c92b288e1731e36841b37d37a5b7e59d79d1363ea72eb1db625a, https://www.ebi.ac.uk/europepmc/webservices/rest/PMC8144880/fullTextXML ;; [4] "!Series_overall_design = Three ribosome profiling datasets in E. coli (various strains: NCM3722, NQ1390, MG1655)." -- GEO GSE139983 series record -- file geo_GSE139983_self.txt, retrieved 2026-10-05T16:23:50Z, SHA-256 42c85a8a1b9de993fc0ef291a8df9168f2cb8079a2fd9ca70ae18364d58a290f, https://www.ncbi.nlm.nih.gov/geo/query/acc.cgi?acc=GSE139983&targ=self&form=text&view=brief ;; [5] "Datasets EV6, EV7, EV8, EV9 and EV11 are corrected." -- PMC11535196 (Author Correction) full text -- file epmc_ft_mori_correction.xml, retrieved 2026-10-05T18:05:07Z, SHA-256 7cce4ffae01685cf846f4e8c6c5728a8b0ba8d5d1d79d4decf9fd2b8d40d9214, https://www.ebi.ac.uk/europepmc/webservices/rest/PMC11535196/fullTextXML ;; [6] "We found that these were mistakenly inflated by about 20% due to a bioinformatic error. We corrected the molecular weights and recalculated the protein mass fractions in datasets EV6, EV7, EV8 and EV9, as well as the slopes in dataset EV11. The maximum change in the protein mass fractions compared to the ones reported in the retracted datasets is less than 1%, and the classification of proteins into protein sectors is not affected." -- PMC11535196 full text, author statement on the datasets -- file epmc_ft_mori_correction.xml, retrieved 2026-10-05T18:05:07Z, SHA-256 7cce4ffae01685cf846f4e8c6c5728a8b0ba8d5d1d79d4decf9fd2b8d40d9214, https://www.ebi.ac.uk/europepmc/webservices/rest/PMC11535196/fullTextXML	Corrected EV8, sheet "EV8-AbsoluteMassFractions-1": one header row and 4,342 data records, 4,324 with a distinct b-number (18 locus cells empty); 30 sample columns Lib-01 to Lib-30. Corrected EV9, sheet "EV9-AbsoluteMassFractions-2": one header row and 4,342 data records, 4,312 with a distinct b-number (30 empty); 36 sample columns, 29 of them NCM3722-background and 7 the EQ353 runs of row L6-03b. A data record is a table row, not a detected protein: 2,235 records are non-zero in at least one EV9 column. Each corrected file's MD5 equals the value PMC records for it in the correction XML. Dataset EV2 (53 sample rows) gives strain NCM3722 for 23, NQ1243 6, EQ59 5, MG1655 (CGSC#6300) 2 (Lib-12 and Lib-23), and NQ393, NQ1431, Nissle1917 and NQ1527 one each; 13 rows have no strain value. GEO GSE139983 holds three ribosome-profiling samples (NCM3722, NQ1390, K-12 MG1655), not proteomics; the first pass misread its one MG1655 sample as the study's only MG1655 measurement. Files inspected: 44320_2024_62_MOESM3_ESM.xlsx (1174847 B, SHA-256 ddbd7acb9997097cfa8794886886954da1ef89ce7642e25134de323b5100e1d3, https://static-content.springer.com/esm/art%3A10.1038%2Fs44320-024-00062-5/MediaObjects/44320_2024_62_MOESM3_ESM.xlsx, retrieved 2026-10-05T18:05:09Z) ;; 44320_2024_62_MOESM4_ESM.xlsx (1332556 B, SHA-256 78a8c11e329807e550c7f9fc7c6279da66fdcb090160e92e5ec8078bb7353071, https://static-content.springer.com/esm/art%3A10.1038%2Fs44320-024-00062-5/MediaObjects/44320_2024_62_MOESM4_ESM.xlsx, retrieved 2026-10-05T18:05:10Z) ;; 44320_2024_62_MOESM5_ESM.xlsx (364498 B, SHA-256 ddf5e150cf698e73b9549901431d33385ea322232f9beb90a748f68b01aec312, https://static-content.springer.com/esm/art%3A10.1038%2Fs44320-024-00062-5/MediaObjects/44320_2024_62_MOESM5_ESM.xlsx, retrieved 2026-10-05T18:05:11Z) ;; MSB-17-e9536-s014.xlsx (19326 B, SHA-256 2bb6c8c3b647740c6fe371fc39bf1bb9e69484d0fff264b67e05f61b86062eb9, member `MSB-17-e9536-s014.xlsx` of the bundle https://www.ebi.ac.uk/europepmc/webservices/rest/PMC8144880/supplementaryFiles (archive download stopped at the 280 s limit; this member is complete (deflate stream ended, length and CRC-32 match its header)), retrieved 2026-10-05T16:45:18Z) ;; MSB-17-e9536-s011.xlsx (17652 B, SHA-256 3c13d83bc11996c042f8856ac40ca3b0f312d826ef5118b3f13e060c357c7b46, member `MSB-17-e9536-s011.xlsx` of the bundle https://www.ebi.ac.uk/europepmc/webservices/rest/PMC8144880/supplementaryFiles (archive download stopped at the 280 s limit; this member is complete (deflate stream ended, length and CRC-32 match its header)), retrieved 2026-10-05T16:45:18Z)	Yes: the corrected files are served by the publisher's static host; the original bundle by Europe PMC (the download stopped at the 280 s limit, and the sample tables were read from complete, CRC-verified members of the partial archive)	Measured in NCM3722 and derivatives, which the article itself contrasts with MG1655 (growth rate, motility, glyoxylate shunt, porins). "Absolute" rests on a per-protein scaling to ribosome-profiling data from MG1655 EQ353 (row L6-03b), applied to every sample. Use the corrected files only.	Inferred from the article licence (CC BY 4.0 on the article and on its Author Correction); no file-level grant shown. The per-gene tables this row rests on are publisher supplementary files. Corrected under DEM-244: the earlier wording here, that they are "not PRIDE files" and that the project's CC0 is "evidence about the raw files", went beyond what was read. It was drawn from the article's data statement, which names only "raw mass spectrometry files (DDA and DIA/SWATH)" for PRIDE PXD014948; the project's file listing shows more. It lists 241 files: 238 RAW and 3 archives (`Ecoli_DDA_search_results.zip` (SEARCH, 254,396,208 B); `Ecoli_PQP_library_formats.zip` (OTHER, 139,053,117 B); `Ecoli_SWATH_quant_results.zip` (SEARCH, 10,623,870 B)). `Ecoli_SWATH_quant_results.zip` (SHA-256 50e30371eb54a2bf0eee0b3e4e2aca38700af15facbbcf0aea3cc6d180457a73, submitted 2019-12-09) was opened and holds `Supp Table S1 - Samples and conditions.xlsx` (19,686 B); `Supp Table S3 - Peptide-level Intensities.xlsx` (10,349,671 B); `Supp Table S5 - Absolute protein mass fractions.xlsx` (1,487,601 B). The last is a per-gene table keyed by gene name and b-number (SHA-256 c3c03c2315383452411e1debdd42879b802528b3a3b5d7fa5269c532be75f8ac): 4,342 records and 4,312 distinct b-numbers on each of two sheets, with the 30 sample columns of Dataset EV8 and the 36 of Dataset EV9. It is not the data of this row and, by its submission date, predates both publisher versions: over the seven EQ353 runs, of 12,898 cells that are nonzero both there and in Dataset EV9, 2 agree with the original EV9 and 0 with the corrected EV9 (relative tolerance 1e-6), and run A1-1 has 1,833 nonzero entries against 1,901 in the corrected EV9. The project's `license` field reads CC0. That is evidence about the files deposited in PRIDE, the earlier workbook among them, and not about the corrected workbooks, which are supplementary files of the 2024 Author Correction; the Author Correction is CC BY 4.0 at article level (its licence block adds the publisher's clause on "images or other third party material in this article"). Whether the deposited workbook is usable is not assessed, and the two larger archives were not opened. No per-file legend and no publisher statement extending the article licence to this supplementary file was found in the retrieved XML, so a grant over the file is inferred from the article licence, not shown. The source ledger has no rule for a publisher-hosted supplementary file without its own legend: its article-licence rule is written for a GEO deposit ("the article's licence is taken as the grant over the article's deposited data"), and its two file-level precedents (Adomako 2022 Data Set S1; PXD005851 Table S1) each rest on a legend. Applying the article licence here would extend the GEO-deposit rule by analogy, which is an owner ledger decision; the owner's 2026-10-05 redistribution decision is a separate basis and is not evidence of a file-level grant.	supporting (cross-strain)	recommend admit with caveat	A large, b-number-keyed proteome under an open article licence, but in NCM3722: usable on MG1655 genes only under an owner ruling on cross-strain transfer. Its MG1655 subset is row L6-03b.	read
L6-03b	6	Absolute proteome, MG1655 EQ353 calibration samples (Mori et al. 2021)	PMID 34032011; PMCID PMC8144880; DOI 10.15252/msb.20209536. Author Correction: PMID 39354190, PMCID PMC11535196, DOI 10.1038/s44320-024-00062-5 (Mol Syst Biol 20:1257, 2024: datasets EV6, EV7, EV8, EV9 and EV11 withdrawn and replaced). Corrected files: Dataset EV6 `44320_2024_62_MOESM1_ESM.xlsx` (1,229,542 B, SHA-256 9663fde01f2d292333417951593bfdae167abc6b6ec4341e621d4d0a256ec465, sheet `EV6-CalibrationSamplesProteins`); Dataset EV9 `44320_2024_62_MOESM4_ESM.xlsx` (1,332,556 B, SHA-256 78a8c11e329807e550c7f9fc7c6279da66fdcb090160e92e5ec8078bb7353071, sheet `EV9-AbsoluteMassFractions-2`, columns D to J); Dataset EV7 `44320_2024_62_MOESM2_ESM.xlsx` (AQUA peptides, SHA-256 9504646b7d5f7edf48ec7718ec3e74eb5982df01e15fed3e7366cdaf7f73541c). Originals read for strain and sample facts: Dataset EV1 `MSB-17-e9536-s001.xlsx`, Dataset EV3 `MSB-17-e9536-s011.xlsx`, Appendix `MSB-17-e9536-s013.docx`. PRIDE PXD014948 (raw files and three archives; see the licence standing)	Protein mass fractions of E. coli MG1655 sub-strain EQ353 by DIA/SWATH mass spectrometry: three biological cultures, seven MS runs. EV6 gives the values from four protein-inference methods (xTop, TopPep1, TopPep3, iBAQ) beside ribosome-profiling mass fractions from Li et al. 2014; EV9 gives the xTop values after per-protein scaling to those ribosome-profiling values	MG1655 sub-strain EQ353. As the paper states it: a wild-type strain, "same strain used in Li et al. (2014)", obtained from the Carol Gross laboratory (Dataset EV1), with "a wild-type flhDC promoter" (Results). No genotype string is given for EQ353 in the article, Dataset EV1 or the Appendix passages read (not reported). A different MG1655 isolate, CGSC#6300, appears in two single samples of Dataset EV8 (Lib-12: LB at 25 °C into stationary phase; Lib-23: low-osmolarity medium with maltose and pyruvate) and is not part of this subset	exact at strain level (MG1655); sub-strain EQ353	MOPS minimal medium (Neidhardt) with 0.2% glucose and 9.5 mM NH4Cl, exponential growth; growth rates 0.69 (A1), 0.73 (C1) and 0.71 (F1) per hour (Dataset EV3)	Biological: three cultures (A1, C1, F1). Technical: A1 and F1 were each injected three times (A1-1 to A1-3, F1-1 to F1-3) and C1 once. Seven columns, three independent cultures	protein mass fraction, unitless: each sample column sums to 1.000000 in EV6 (xTop) and in EV9. EV6 also gives molecular weight in kDa; EV7 gives fmol per µg protein extract for 29 proteins	b-number in the `Gene locus` column, with gene name and UniProt accession (`Protein ID`). EV6: 4,342 data records, 4,324 with a distinct b-number (18 locus cells empty). EV9: 4,342 data records, 4,312 with a distinct b-number (30 empty)	Direct: the `Gene locus` column is the b-number. Records with an empty locus cell carry a UniProt accession only and would go through the UniProtKB ordered locus name (row L7-02). No join was performed.	[1] "This is an open access article under the terms of the http://creativecommons.org/licenses/by/4.0/ License, which permits use, distribution and reproduction in any medium, provided the original work is properly cited." ;; [2] "https://creativecommons.org/licenses/by/4.0/ Open Access This article is licensed under a Creative Commons Attribution 4.0 International License, which permits use, sharing, adaptation, distribution and reproduction in any medium or format, as long as you give appropriate credit to the original author(s) and the source, provide a link to the Creative Commons licence, and indicate if changes were made." ;; [3] ""license" : "Creative Commons Public Domain (CC0)""	[1] PMC8144880 Europe PMC fullTextXML, <permissions>/<license> (file epmc_ft_mori2021.xml) ;; [2] PMC11535196 Europe PMC fullTextXML, <permissions>/<license> (file epmc_ft_mori_correction.xml) ;; [3] PRIDE REST v3 project record PXD014948, field `license` (file pride_PXD014948.json)	[1] 2026-10-05T16:19:27Z ;; [2] 2026-10-05T18:05:07Z ;; [3] 2026-10-05T16:32:09Z	[1] cf14e8df4b70c92b288e1731e36841b37d37a5b7e59d79d1363ea72eb1db625a ;; [2] 7cce4ffae01685cf846f4e8c6c5728a8b0ba8d5d1d79d4decf9fd2b8d40d9214 ;; [3] 9893f3517e0e218f5424101ddf24b4947d32c31fdd3ecaf15baaef5fc960c58f	[1] https://www.ebi.ac.uk/europepmc/webservices/rest/PMC8144880/fullTextXML ;; [2] https://www.ebi.ac.uk/europepmc/webservices/rest/PMC11535196/fullTextXML ;; [3] https://www.ebi.ac.uk/pride/ws/archive/v3/projects/PXD014948	[1] "we grew three replicate cultures of E . coli K‐12 MG1655 (sub‐strain EQ353) cells in minimal medium (MOPS + glucose) in exponential growth (Fig 2B ). These “calibration samples” (A1, C1, F1) were measured by DIA/SWATH mass spectrometry using a 64 variable SWATH window acquisition method (Collins et al, 2017 ). For two out of the three calibration samples (A1 and F1), we additionally performed three technical MS injection replicate measurements." -- PMC8144880 full text, Results, Assessment of xTop performance -- file epmc_ft_mori2021.xml, retrieved 2026-10-05T16:19:27Z, SHA-256 cf14e8df4b70c92b288e1731e36841b37d37a5b7e59d79d1363ea72eb1db625a, https://www.ebi.ac.uk/europepmc/webservices/rest/PMC8144880/fullTextXML ;; [2] "We collected 3 biological samples of E . coli K‐12 MG1655 (EQ353) in glucose minimal media, matching strain, and condition from Li et al ( 2014 ). Two of the three biological replicates were injected 3 times, for a total of 7 proteomics “calibration” datasets." -- PMC8144880 full text, Fig 2B legend -- file epmc_ft_mori2021.xml, retrieved 2026-10-05T16:19:27Z, SHA-256 cf14e8df4b70c92b288e1731e36841b37d37a5b7e59d79d1363ea72eb1db625a, https://www.ebi.ac.uk/europepmc/webservices/rest/PMC8144880/fullTextXML ;; [3] "For the calibration samples A1, C1 and F1, we used strain EQ353, which is the specific MG1655 strain used in Li et al. (Li et al, 2014) 2014." -- Appendix (MSB-17-e9536-s013.docx), Extended experimental methods, Strains -- file mori2021_appendix.docx, retrieved 2026-10-05T16:45:18Z, SHA-256 3c9490d042c152bd478aa82e9f37759dbc9f8beba521ff717a01aee2dd89aed5, member MSB-17-e9536-s013.docx of the bundle https://www.ebi.ac.uk/europepmc/webservices/rest/PMC8144880/supplementaryFiles ;; [4] "Wild type E. coli strain - same strain used in Li et al. (2014)" -- Dataset EV1 (MSB-17-e9536-s001.xlsx), sheet EV1-Strains, row "MG1655 (EQ353)", column Description -- file mori2021_EV1_strains.xlsx, retrieved 2026-10-05T16:45:18Z, SHA-256 78b8629a8e13229d9ac6fd4c12b54c059a115779215731ef938368d5bb739e8c, member MSB-17-e9536-s001.xlsx of the bundle https://www.ebi.ac.uk/europepmc/webservices/rest/PMC8144880/supplementaryFiles ;; [5] "Originarily obtained from Carol Gross Lab" -- Dataset EV1, sheet EV1-Strains, row "MG1655 (EQ353)", column Source -- file mori2021_EV1_strains.xlsx, retrieved 2026-10-05T16:45:18Z, SHA-256 78b8629a8e13229d9ac6fd4c12b54c059a115779215731ef938368d5bb739e8c, member MSB-17-e9536-s001.xlsx of the bundle https://www.ebi.ac.uk/europepmc/webservices/rest/PMC8144880/supplementaryFiles ;; [6] "This particular sub‐strain of MG1655 has a wild‐type flhDC promoter" -- PMC8144880 full text, Results, MG1655 vs NCM3722 -- file epmc_ft_mori2021.xml, retrieved 2026-10-05T16:19:27Z, SHA-256 cf14e8df4b70c92b288e1731e36841b37d37a5b7e59d79d1363ea72eb1db625a, https://www.ebi.ac.uk/europepmc/webservices/rest/PMC8144880/fullTextXML ;; [7] "EQ353 cells grow at a substantially slower rate compared to NCM3722 (0.69/h vs 0.98/h)" -- PMC8144880 full text, Results, MG1655 vs NCM3722 -- file epmc_ft_mori2021.xml, retrieved 2026-10-05T16:19:27Z, SHA-256 cf14e8df4b70c92b288e1731e36841b37d37a5b7e59d79d1363ea72eb1db625a, https://www.ebi.ac.uk/europepmc/webservices/rest/PMC8144880/fullTextXML ;; [8] "we observed a strong reduction in the expression of motility genes, which are mostly undetected in EQ353" -- PMC8144880 full text, Results, MG1655 vs NCM3722 -- file epmc_ft_mori2021.xml, retrieved 2026-10-05T16:19:27Z, SHA-256 cf14e8df4b70c92b288e1731e36841b37d37a5b7e59d79d1363ea72eb1db625a, https://www.ebi.ac.uk/europepmc/webservices/rest/PMC8144880/fullTextXML ;; [9] "Same strain and growth condition as Li et al. 2014 (technical replicate #1)" -- Dataset EV3 (MSB-17-e9536-s011.xlsx), sheet EV3-Samples-2, row A1-1, column Description -- file mori2021_EV3_samples2.xlsx, retrieved 2026-10-05T16:45:18Z, SHA-256 3c13d83bc11996c042f8856ac40ca3b0f312d826ef5118b3f13e060c357c7b46, member MSB-17-e9536-s011.xlsx of the bundle https://www.ebi.ac.uk/europepmc/webservices/rest/PMC8144880/supplementaryFiles ;; [10] "Biological replicate of A1 and C1 (technical replicate #1)" -- Dataset EV3, sheet EV3-Samples-2, row F1-1, column Description -- file mori2021_EV3_samples2.xlsx, retrieved 2026-10-05T16:45:18Z, SHA-256 3c13d83bc11996c042f8856ac40ca3b0f312d826ef5118b3f13e060c357c7b46, member MSB-17-e9536-s011.xlsx of the bundle https://www.ebi.ac.uk/europepmc/webservices/rest/PMC8144880/supplementaryFiles ;; [11] "Protein mass fractions computed with xTop, TopPep1, TopPep3 and iBAQ for the seven "calibration" samples obtained with E. coli MG1655 (EQ353) growing in MOPS glucose minimal medium. We also show the corresponding protein synthesis mass fractions computed from ribosome profiling data (GW Li et al., 2014) and the protein mass used to perform the conversion." -- corrected Dataset EV6 (44320_2024_62_MOESM1_ESM.xlsx), sheet Description, cell A4 -- file mori_corr_MOESM1_ESM.xlsx, retrieved 2026-10-05T18:05:07Z, SHA-256 9663fde01f2d292333417951593bfdae167abc6b6ec4341e621d4d0a256ec465, https://static-content.springer.com/esm/art%3A10.1038%2Fs44320-024-00062-5/MediaObjects/44320_2024_62_MOESM1_ESM.xlsx ;; [12] "Since protein degradation is negligible for the vast majority of proteins in exponentially growing E . coli cells (Koch & Levy, 1955 ; Mandelstam, 1958 ; Pine, 1970 ; Goldberg & St John, 1976 ; Erickson et al, 2017 ), synthesis rates are proportional to absolute protein copy numbers." -- PMC8144880 full text, Results -- file epmc_ft_mori2021.xml, retrieved 2026-10-05T16:19:27Z, SHA-256 cf14e8df4b70c92b288e1731e36841b37d37a5b7e59d79d1363ea72eb1db625a, https://www.ebi.ac.uk/europepmc/webservices/rest/PMC8144880/fullTextXML ;; [13] "we multiplied the corresponding intensities by the known molecular weight of each protein and normalized the corresponding intensities to 1." -- PMC8144880 full text, Materials and Methods -- file epmc_ft_mori2021.xml, retrieved 2026-10-05T16:19:27Z, SHA-256 cf14e8df4b70c92b288e1731e36841b37d37a5b7e59d79d1363ea72eb1db625a, https://www.ebi.ac.uk/europepmc/webservices/rest/PMC8144880/fullTextXML ;; [14] "The final scaling of xTop protein intensities with the ribosome profiling data was performed as described in Appendix Note S1 ; a scaling factor 1 was assigned to proteins for which no proteomics data were available in the calibration samples." -- PMC8144880 full text, Materials and Methods -- file epmc_ft_mori2021.xml, retrieved 2026-10-05T16:19:27Z, SHA-256 cf14e8df4b70c92b288e1731e36841b37d37a5b7e59d79d1363ea72eb1db625a, https://www.ebi.ac.uk/europepmc/webservices/rest/PMC8144880/fullTextXML ;; [15] "In the case of ribosome profiling calibration described in the Main Text, the scaling factors ck are the ratio of ribosome profiling-derived and mass spectrometry (xTop) derived protein mass fractions in the calibration samples" -- Appendix, Note S3 -- file mori2021_appendix.docx, retrieved 2026-10-05T16:45:18Z, SHA-256 3c9490d042c152bd478aa82e9f37759dbc9f8beba521ff717a01aee2dd89aed5, member MSB-17-e9536-s013.docx of the bundle https://www.ebi.ac.uk/europepmc/webservices/rest/PMC8144880/supplementaryFiles ;; [16] "raw mass spectrometry files (DDA and DIA/SWATH), ProteomeXchange Consortium via the PRIDE partner repository: http://www.ebi.ac.uk/pride/archive/projects/PXD014948" -- PMC8144880 full text, Data Availability Statement -- file epmc_ft_mori2021.xml, retrieved 2026-10-05T16:19:27Z, SHA-256 cf14e8df4b70c92b288e1731e36841b37d37a5b7e59d79d1363ea72eb1db625a, https://www.ebi.ac.uk/europepmc/webservices/rest/PMC8144880/fullTextXML ;; [17] "Datasets EV6, EV7, EV8, EV9 and EV11 are corrected." -- PMC11535196 (Author Correction) full text -- file epmc_ft_mori_correction.xml, retrieved 2026-10-05T18:05:07Z, SHA-256 7cce4ffae01685cf846f4e8c6c5728a8b0ba8d5d1d79d4decf9fd2b8d40d9214, https://www.ebi.ac.uk/europepmc/webservices/rest/PMC11535196/fullTextXML ;; [18] "We found that these were mistakenly inflated by about 20% due to a bioinformatic error. We corrected the molecular weights and recalculated the protein mass fractions in datasets EV6, EV7, EV8 and EV9, as well as the slopes in dataset EV11. The maximum change in the protein mass fractions compared to the ones reported in the retracted datasets is less than 1%, and the classification of proteins into protein sectors is not affected." -- PMC11535196 full text, author statement on the datasets -- file epmc_ft_mori_correction.xml, retrieved 2026-10-05T18:05:07Z, SHA-256 7cce4ffae01685cf846f4e8c6c5728a8b0ba8d5d1d79d4decf9fd2b8d40d9214, https://www.ebi.ac.uk/europepmc/webservices/rest/PMC11535196/fullTextXML	Corrected EV6, sheet "EV6-CalibrationSamplesProteins": two header rows, then 4,342 data records. Columns: Gene name, Gene locus, Protein ID, Molecular weight (kDa), Ribosome profiling mass fractions (Li et al., 2014), then seven columns (A1-1, A1-2, A1-3, C1, F1-1, F1-2, F1-3) under each of xTop, TopPep1, TopPep3 and iBAQ. Non-zero xTop values per column: 1,901, 1,883, 1,915, 1,934, 1,900, 1,935, 1,918; 1,723 records are non-zero in all seven columns and 2,077 in at least one; 3,871 records have a non-zero ribosome-profiling value. Corrected EV9, columns D to J: the same seven labels and the same non-zero counts. The tables list every gene and write 0 where nothing was quantified, so 4,324 and 4,312 are table coverage, not detected proteins, and a zero means "not quantified", not "absent". MD5 of each corrected file equals the value PMC records in the correction XML (EV6 b8b79db4a299c3ccdb5f6dc76c5b0897, EV9 acfdd32a7c72a278e2ae2c04a78b9c7a, EV7 b80713cf0110995722b0cd9361f9cee2). Dataset EV3 has 36 sample rows: 7 EQ353 and 29 NCM3722-background. Files inspected: 44320_2024_62_MOESM1_ESM.xlsx (1229542 B, SHA-256 9663fde01f2d292333417951593bfdae167abc6b6ec4341e621d4d0a256ec465, https://static-content.springer.com/esm/art%3A10.1038%2Fs44320-024-00062-5/MediaObjects/44320_2024_62_MOESM1_ESM.xlsx, retrieved 2026-10-05T18:05:07Z) ;; 44320_2024_62_MOESM4_ESM.xlsx (1332556 B, SHA-256 78a8c11e329807e550c7f9fc7c6279da66fdcb090160e92e5ec8078bb7353071, https://static-content.springer.com/esm/art%3A10.1038%2Fs44320-024-00062-5/MediaObjects/44320_2024_62_MOESM4_ESM.xlsx, retrieved 2026-10-05T18:05:10Z) ;; 44320_2024_62_MOESM2_ESM.xlsx (12929 B, SHA-256 9504646b7d5f7edf48ec7718ec3e74eb5982df01e15fed3e7366cdaf7f73541c, https://static-content.springer.com/esm/art%3A10.1038%2Fs44320-024-00062-5/MediaObjects/44320_2024_62_MOESM2_ESM.xlsx, retrieved 2026-10-05T18:05:08Z) ;; MSB-17-e9536-s011.xlsx (17652 B, SHA-256 3c13d83bc11996c042f8856ac40ca3b0f312d826ef5118b3f13e060c357c7b46, member `MSB-17-e9536-s011.xlsx` of the bundle https://www.ebi.ac.uk/europepmc/webservices/rest/PMC8144880/supplementaryFiles (archive download stopped at the 280 s limit; this member is complete (deflate stream ended, length and CRC-32 match its header)), retrieved 2026-10-05T16:45:18Z) ;; MSB-17-e9536-s001.xlsx (13639 B, SHA-256 78b8629a8e13229d9ac6fd4c12b54c059a115779215731ef938368d5bb739e8c, member `MSB-17-e9536-s001.xlsx` of the bundle https://www.ebi.ac.uk/europepmc/webservices/rest/PMC8144880/supplementaryFiles (archive download stopped at the 280 s limit; this member is complete (deflate stream ended, length and CRC-32 match its header)), retrieved 2026-10-05T16:45:18Z)	Yes (publisher static host for the corrected files; Europe PMC for the original bundle, read from complete CRC-verified members of a partial download)	What the values assume, in the paper's terms. (1) Mass fractions are MS intensities multiplied by molecular weight and normalised to 1: fractions of the quantified proteome, not copies per cell. (2) The EV9 values are scaled per protein by the ratio of ribosome-profiling to xTop mass fractions measured in these same calibration samples (factor 1 where no proteomics data existed). For this subset the scaled values are therefore anchored to the Li et al. 2014 ribosome-profiling data and are not independent of it, and that anchoring rests on the stated assumption that protein degradation is negligible in exponential growth. EV6 holds the unscaled values. (3) One condition. (4) Three independent cultures, not seven. (5) EQ353 is a named sub-strain; the article reports motility proteins "mostly undetected" in it. Whether an EQ353 value may stand for MG1655 as defined by the genome of record is a lab judgement and is left to the owner. (6) The original EV6 to EV9 are withdrawn; pin the corrected files.	Inferred from the article licence (CC BY 4.0 on the article and on its Author Correction); no file-level grant shown. The per-gene tables this row rests on are publisher supplementary files. Corrected under DEM-244: the earlier wording here, that they are "not PRIDE files" and that the project's CC0 is "evidence about the raw files", went beyond what was read. It was drawn from the article's data statement, which names only "raw mass spectrometry files (DDA and DIA/SWATH)" for PRIDE PXD014948; the project's file listing shows more. It lists 241 files: 238 RAW and 3 archives (`Ecoli_DDA_search_results.zip` (SEARCH, 254,396,208 B); `Ecoli_PQP_library_formats.zip` (OTHER, 139,053,117 B); `Ecoli_SWATH_quant_results.zip` (SEARCH, 10,623,870 B)). `Ecoli_SWATH_quant_results.zip` (SHA-256 50e30371eb54a2bf0eee0b3e4e2aca38700af15facbbcf0aea3cc6d180457a73, submitted 2019-12-09) was opened and holds `Supp Table S1 - Samples and conditions.xlsx` (19,686 B); `Supp Table S3 - Peptide-level Intensities.xlsx` (10,349,671 B); `Supp Table S5 - Absolute protein mass fractions.xlsx` (1,487,601 B). The last is a per-gene table keyed by gene name and b-number (SHA-256 c3c03c2315383452411e1debdd42879b802528b3a3b5d7fa5269c532be75f8ac): 4,342 records and 4,312 distinct b-numbers on each of two sheets, with the 30 sample columns of Dataset EV8 and the 36 of Dataset EV9. It is not the data of this row and, by its submission date, predates both publisher versions: over the seven EQ353 runs, of 12,898 cells that are nonzero both there and in Dataset EV9, 2 agree with the original EV9 and 0 with the corrected EV9 (relative tolerance 1e-6), and run A1-1 has 1,833 nonzero entries against 1,901 in the corrected EV9. The project's `license` field reads CC0. That is evidence about the files deposited in PRIDE, the earlier workbook among them, and not about the corrected workbooks, which are supplementary files of the 2024 Author Correction; the Author Correction is CC BY 4.0 at article level (its licence block adds the publisher's clause on "images or other third party material in this article"). Whether the deposited workbook is usable is not assessed, and the two larger archives were not opened. No per-file legend and no publisher statement extending the article licence to this supplementary file was found in the retrieved XML, so a grant over the file is inferred from the article licence, not shown. The source ledger has no rule for a publisher-hosted supplementary file without its own legend: its article-licence rule is written for a GEO deposit ("the article's licence is taken as the grant over the article's deposited data"), and its two file-level precedents (Adomako 2022 Data Set S1; PXD005851 Table S1) each rest on a legend. Applying the article licence here would extend the GEO-deposit rule by analogy, which is an owner ledger decision; the owner's 2026-10-05 redistribution decision is a separate basis and is not evidence of a file-level grant.	bring first	recommend admit with caveat	A replicated, b-number-keyed, per-gene protein table measured in MG1655, with the corrected files in hand and checksummed. The open points are the file-level licence (CC BY at article level only), the sub-strain, and the calibration to ribosome profiling.	read
L6-04	6	PaxDb 5.0 integrated protein abundance	PMID 37659604; PMCID PMC10551891; DOI 10.1016/j.mcpro.2023.100640; site https://pax-db.org	Integrated protein abundance across organisms (database article; E. coli datasets not read)	not read for the E. coli datasets	not established	per source dataset	not applicable	not extracted	not retrieved	Not established.	[1] "This is an open access article under the CC BY license (http://creativecommons.org/licenses/by/4.0/)."	[1] PMC10551891 Europe PMC fullTextXML, <permissions>/<license> (file epmc_ft_paxdb5.xml)	[1] 2026-10-05T16:19:29Z	[1] 2adbce3474cea113b02f7365565b9681eb2217dee860058a8153b1e81b839b5d	[1] https://www.ebi.ac.uk/europepmc/webservices/rest/PMC10551891/fullTextXML	none quoted (see mechanical_inspection)	https://pax-db.org/downloads did not answer within 180 s on the first attempt; https://pax-db.org/ later returned a 7,486-byte script shell whose text is only the page title. Site terms and download files: not retrieved.	Not retrieved	A re-scaled aggregate of the primary studies above; site not read.	Article CC BY 4.0; the licence over the database files is undetermined (not retrieved).	not recommended before the primaries	insufficient evidence	Secondary to L6-01 and L6-03.	partly retrieved
L6-05	6	Revised bacterial ribosome profiling (Mohammad, Green and Buskirk 2019)	PMID 30724162; PMCID PMC6377232; DOI 10.7554/eLife.42591; GEO GSE119104 (10 samples; GSE119104_RAW.tar)	Ribosome-footprint density under several harvesting and lysis protocols	MG1655 (CGSC #6300); GEO organism field MG1655 for 10 of 10 samples	exact	MOPS EZ Rich Defined medium with 0.2% glucose, 37 °C; protocol variants (filtration or direct freezing; chloramphenicol, mupirocin)	not extracted	read density per position (processed files in a RAW tar, not opened)	Genomic coordinates on NC_000913.2	Positional on NC_000913.2; a per-gene occupancy value would be a computation from tracks.	[1] "This article is distributed under the terms of the Creative Commons Attribution License , which permits unrestricted use and redistribution provided that the original author and source are credited." ;; [2] "Therefore, NCBI itself places no restrictions on the use or distribution of the data contained therein. Nor do we accept data when the submitter has requested restrictions on reuse or redistribution."	[1] PMC6377232 Europe PMC fullTextXML, <permissions>/<license> (file epmc_ft_mohammad2019.xml) ;; [2] NCBI Policies and Disclaimers page, section "Molecular Data Usage" (file ncbi_policies.html)	[1] 2026-10-05T16:19:30Z ;; [2] 2026-10-05T16:12:35Z	[1] ffc8582aaf5e22daa80f4fb60ea5973497195c5414933af7dcc61c8857cbd629 ;; [2] 8ad8f6f186ca51ec73a5fb8935ecfa17b8cbaad300b7025b381898ab72621869	[1] https://www.ebi.ac.uk/europepmc/webservices/rest/PMC6377232/fullTextXML ;; [2] https://www.ncbi.nlm.nih.gov/home/about/policies/	[1] "E. coli MG1655 cells were grown overnight at 37°C in MOPS EZ Rich Defined media (Teknova)" -- PMC6377232 full text, Materials and methods -- file epmc_ft_mohammad2019.xml, retrieved 2026-10-05T16:19:30Z, SHA-256 ffc8582aaf5e22daa80f4fb60ea5973497195c5414933af7dcc61c8857cbd629, https://www.ebi.ac.uk/europepmc/webservices/rest/PMC6377232/fullTextXML ;; [2] "to map reads uniquely to genome build NC_000913.2" -- PMC6377232 full text, Materials and methods -- file epmc_ft_mohammad2019.xml, retrieved 2026-10-05T16:19:30Z, SHA-256 ffc8582aaf5e22daa80f4fb60ea5973497195c5414933af7dcc61c8857cbd629, https://www.ebi.ac.uk/europepmc/webservices/rest/PMC6377232/fullTextXML	GEO records read; the bundle held no per-gene table.	Yes (GEO FTP)	A methods comparison: samples differ by protocol, not biology. No per-gene table.	Affirmative grant by the ledger's GEO rule: article CC BY, taken as the grant over its deposited data.	bring second	recommend admit with caveat	The CC BY ribosome-occupancy source in the exact strain, if the owner wants a translation layer that needs a tracks-to-gene computation.	read
L6-06	6;9	Initiation-site profiling with Onc112 and small proteins (Weaver et al. 2019)	PMID 30837344; PMCID PMC6401488; DOI 10.1128/mBio.02819-18; GEO GSE123675 (2 samples); tables `mBio.02819-18-st001.xlsx` (known small ORFs, SHA-256 prefix eb4c64c87ed4ff45) and `-st003.xlsx`	Ribosome profiling with stalled initiation complexes to map translation initiation sites; small open reading frames	MG1655 (GEO organism field, 2 of 2 samples)	exact	MOPS EZ Rich Defined medium with 0.2% glucose, 37 °C, OD600 0.3; untreated and 50 uM Onc112 for 10 min	One sample per treatment in GEO	initiation-site peaks; tables of small ORFs with coordinates on NC_000913.3	Coordinates on NC_000913.3; EcoCyc gene ids and symbols in the small-ORF table	EcoCyc gene id to b-number through the `Dbxref=ECOCYC:` attribute of the pinned RefSeq GFF; positions are already on the genome of record.	[1] "This is a work of the U.S. Government and is not subject to copyright protection in the United States. Foreign copyrights may apply." ;; [2] "Therefore, NCBI itself places no restrictions on the use or distribution of the data contained therein. Nor do we accept data when the submitter has requested restrictions on reuse or redistribution."	[1] PMC6401488 Europe PMC fullTextXML, <permissions>/<license> (file epmc_ft_weaver2019.xml) ;; [2] NCBI Policies and Disclaimers page, section "Molecular Data Usage" (file ncbi_policies.html)	[1] 2026-10-05T16:19:42Z ;; [2] 2026-10-05T16:12:35Z	[1] d9767062b90321687e42365f66ed8b27db1c2c671238f92c1e01f9e11640ef05 ;; [2] 8ad8f6f186ca51ec73a5fb8935ecfa17b8cbaad300b7025b381898ab72621869	[1] https://www.ebi.ac.uk/europepmc/webservices/rest/PMC6401488/fullTextXML ;; [2] https://www.ncbi.nlm.nih.gov/home/about/policies/	[1] "A culture of E. coli MG1655 was grown overnight at 37˚C in MOPS EZ Rich Defined media (Teknova) with 0.2% glucose, diluted 1:100 into 150 ml of fresh medium, and grown to an optical density at 600 nm (OD 600 ) of 0.3." -- PMC6401488 full text, Materials and Methods -- file epmc_ft_weaver2019.xml, retrieved 2026-10-05T16:19:42Z, SHA-256 d9767062b90321687e42365f66ed8b27db1c2c671238f92c1e01f9e11640ef05, https://www.ebi.ac.uk/europepmc/webservices/rest/PMC6401488/fullTextXML ;; [2] "in E . coli MG1655 genome NC_000913.3 )" -- PMC6401488 full text, table legend -- file epmc_ft_weaver2019.xml, retrieved 2026-10-05T16:19:42Z, SHA-256 d9767062b90321687e42365f66ed8b27db1c2c671238f92c1e01f9e11640ef05, https://www.ebi.ac.uk/europepmc/webservices/rest/PMC6401488/fullTextXML	st001.xlsx sheet "known small ORFs": one header row and 80 records. st003.xlsx sheets "selected" 68 and "rejected" 103 records, one header row each. Files inspected: mBio.02819-18-st001.xlsx (22406 B, SHA-256 eb4c64c87ed4ff45c0a5bc6ea194a3196898a784e2275d10eef963a2a5ae0426, member of the bundle https://www.ebi.ac.uk/europepmc/webservices/rest/PMC6401488/supplementaryFiles, retrieved 2026-10-05T16:43:55Z) ;; mBio.02819-18-st003.xlsx (45164 B, SHA-256 14871c9487aedd9119ea9e3d49568ba8f07385ca1b6aacf4b3174860db56dc66, member of the bundle https://www.ebi.ac.uk/europepmc/webservices/rest/PMC6401488/supplementaryFiles, retrieved 2026-10-05T16:43:55Z)	Yes (Europe PMC supplementaryFiles; GEO FTP)	Single unreplicated library per treatment; initiation peaks are not abundance.	US-Government work per the article; applying that to the supplementary tables is an inference. The article states it is a work of the U.S. Government and not subject to copyright protection in the United States (foreign copyrights may apply), quoted. No per-file legend was found on the supplementary tables in the retrieved XML, so applying that statement to them is an inference; the ledger has no rule for US-Government works (section 4.5).	supporting (layer 6); bring second (layer 9, small proteins)	recommend admit with caveat	Exact strain, current coordinates, public-domain status in the US; the measured basis for small-protein gene models.	read
L6-07	6	Retapamulin-assisted initiation-site profiling (Meydan et al. 2019)	PMID 30904393; PMCID PMC7115971; DOI 10.1016/j.molcel.2019.02.017; GEO GSE122129 (4 samples)	Translation initiation sites by ribosome profiling after retapamulin treatment	BW25113 and BL21 per the article; GEO `strain` field: BWK 2, BL21 2; not MG1655	partial for BW25113; none for BL21	untreated and retapamulin	one per treatment and strain	initiation-site peaks	not inspected	Not established.	[1] "This file is available to download for the purposes of text mining, consistent with the principles of UK copyright law." ;; [2] "Therefore, NCBI itself places no restrictions on the use or distribution of the data contained therein. Nor do we accept data when the submitter has requested restrictions on reuse or redistribution."	[1] PMC7115971 NCBI efetch db=pmc, <permissions>/<license> (file ncbi_pmc_meydan2019.xml) ;; [2] NCBI Policies and Disclaimers page, section "Molecular Data Usage" (file ncbi_policies.html)	[1] 2026-10-05T16:19:40Z ;; [2] 2026-10-05T16:12:35Z	[1] 1096d53fe3c75869e8e68cd14c1adfdb1a6897a29679525a50279ea1b9a863b7 ;; [2] 8ad8f6f186ca51ec73a5fb8935ecfa17b8cbaad300b7025b381898ab72621869	[1] https://eutils.ncbi.nlm.nih.gov/entrez/eutils/efetch.fcgi?db=pmc&id=7115971&retmode=xml ;; [2] https://www.ncbi.nlm.nih.gov/home/about/policies/	[1] "!Sample_characteristics_ch1 = strain: BWK" -- GEO GSE122129 sample records -- file geo_GSE122129_gsm.txt, retrieved 2026-10-05T16:24:27Z, SHA-256 6368c5e56679eb6930a9be4e11c070496de58868f00ea7fa926bc72ceb546e84, https://www.ncbi.nlm.nih.gov/geo/query/acc.cgi?acc=GSE122129&targ=gsm&form=text&view=brief ;; [2] "We have detected 6 upstream in-frame TISs (uTISs) in the E. coli strain BW25113 and 36 uTISs in the BL21 strain" -- PMC7115971 author manuscript, Results -- file ncbi_pmc_meydan2019.xml, retrieved 2026-10-05T16:19:40Z, SHA-256 1096d53fe3c75869e8e68cd14c1adfdb1a6897a29679525a50279ea1b9a863b7, https://eutils.ncbi.nlm.nih.gov/entrez/eutils/efetch.fcgi?db=pmc&id=7115971&retmode=xml	GEO records only.	Yes (GEO FTP)	Not MG1655; text-mining notice only.	No grant: link-only by the ledger rule.	link-only	recommend reject	Wrong strain and no grant; L6-06 covers the assay in MG1655.	read
L6-08	6	Proteome during growth and ethanol stress (Soufi et al. 2015)	PMID 25741329; PMCID PMC4332353; DOI 10.3389/fmicb.2015.00103; PRIDE PXD001648	Protein abundance and modifications by mass spectrometry across growth phases and ethanol stress	BW25113; not MG1655	partial (cross-substrain)	growth-phase series and ethanol stress (not extracted)	not extracted	not inspected	not inspected	Not established.	[1] "https://creativecommons.org/licenses/by/4.0/ This is an open-access article distributed under the terms of the Creative Commons Attribution License (CC BY). The use, distribution or reproduction in other forums is permitted, provided the original author(s) or licensor are credited and that the original publication in this journal is cited, in accordance with accepted academic practice." ;; [2] ""license" : "EBI terms of use""	[1] PMC4332353 Europe PMC fullTextXML, <permissions>/<license> (file epmc_ft_soufi2015.xml) ;; [2] PRIDE REST v3 project record PXD001648, field `license` (file pride_PXD001648.json)	[1] 2026-10-05T16:19:44Z ;; [2] 2026-10-05T16:32:09Z	[1] de9ed959eb94090e785e1c784b89a1490694d18b5cc9ab0e7684393afd0e2c51 ;; [2] 97ed56e0f2f5acc5b0f29dd7b72ea2b684c20074b4e209a5b5b8eebd58bab1b0	[1] https://www.ebi.ac.uk/europepmc/webservices/rest/PMC4332353/fullTextXML ;; [2] https://www.ebi.ac.uk/pride/ws/archive/v3/projects/PXD001648	[1] "The E. coli BW25113 strain was employed in all experiments conducted in this study." -- PMC4332353 full text, Materials and methods -- file epmc_ft_soufi2015.xml, retrieved 2026-10-05T16:19:44Z, SHA-256 de9ed959eb94090e785e1c784b89a1490694d18b5cc9ab0e7684393afd0e2c51, https://www.ebi.ac.uk/europepmc/webservices/rest/PMC4332353/fullTextXML	Supplement bundle retrieved (14,286,388 B) and not opened.	Yes	BW25113; tables not inspected.	Split: article CC BY 4.0 (a grant over its unopened tables would be inferred); PRIDE files carry no grant. The article licence is quoted; its supplementary tables were not opened and carry no per-file legend in the retrieved XML, so a grant over them would be inferred from the article licence under the same reasoning as row L2-03. The PRIDE files read "EBI terms of use", which the ledger treats as no grant.	supporting	insufficient evidence	A CC BY proteome in BW25113; second to Mori 2021 on coverage and to Schmidt 2016 on conditions.	read
L6-09	6	Single-cell protein and mRNA counts from a YFP fusion library (Taniguchi et al. 2010)	PMID 20671182; PMCID PMC2922915; DOI 10.1126/science.1188308	Protein and mRNA quantification in single cells from a chromosomal YFP fusion library	not established from the passages read	not established	not extracted	not extracted	not extracted	not inspected	Not established.	[1] "This file is available for text mining. It may also be used consistent with the principles of fair use under the copyright law."	[1] PMC2922915 NCBI efetch db=pmc, <permissions>/<license> (file ncbi_pmc_taniguchi2010.xml)	[1] 2026-10-05T16:19:52Z	[1] 16217392abca862f6eaa655e84bc08e7f3c4b5060fc45238f90150b3794d4fd1	[1] https://eutils.ncbi.nlm.nih.gov/entrez/eutils/efetch.fcgi?db=pmc&id=2922915&retmode=xml	[1] "We created a chromosomal YFP fusion library ( Fig. 1A ), in which each strain has a particular gene tagged with the YFP coding sequence." -- PMC2922915 author manuscript -- file ncbi_pmc_taniguchi2010.xml, retrieved 2026-10-05T16:19:52Z, SHA-256 16217392abca862f6eaa655e84bc08e7f3c4b5060fc45238f90150b3794d4fd1, https://eutils.ncbi.nlm.nih.gov/entrez/eutils/efetch.fcgi?db=pmc&id=2922915&retmode=xml	Author manuscript read via NCBI efetch; the parental strain was not located in the sentences examined.	Yes	Strain not established; tagged proteins.	No grant (text-mining notice only): link-only.	link-only	recommend reject	No grant; superseded for abundance by the mass-spectrometry sets.	read
L6-10	6	Deep proteome quantification in MG1655 and BW25113 (Zhao et al. 2019)	PMID 31178895; PMCID PMC6544118; DOI 10.3389/fgene.2019.00473 (Front Genet 10:473; no correction listed in the Europe PMC record on 2026-10-05); Table S3 `Supplementary table S3 Protein abundances and properties used in this work.xlsx` (611,597 B, SHA-256 3b9b1a1e8c724fcf46047a2b5ca97ee141192a17197dbeaa2b8ea1bf82d6d95a) inside `Data_Sheet_1.zip` of the supplement bundle; PRIDE PXD010126	Protein abundance by data-independent acquisition mass spectrometry (HRM-MS) in two K-12 strains, with estimated protein copies per cell	E. coli K-12 MG1655 and BW25113, each on its own sheet	exact for the MG1655 sheet	Glucose M9 minimal medium, 37 °C, flasks, mid-exponential phase (OD600 0.6)	Two biological replicates per strain (columns MG1655_1 and MG1655_2)	MS abundance per replicate under relaxed and under stringent criteria; protein copy number per replicate; average protein copy number per cell	b-number in the `Synonym` column of sheet "MG1655" (1,571 data records, 1,571 distinct b-numbers), with gene symbol, GI and coordinates	Direct: the `Synonym` column is the b-number, and the search database was the protein set of the assembly of record, GCF_000005845.2_ASM584v2 (4,140 entries in 2019).	[1] "https://creativecommons.org/licenses/by/4.0/ This is an open-access article distributed under the terms of the Creative Commons Attribution License (CC BY). The use, distribution or reproduction in other forums is permitted, provided the original author(s) and the copyright owner(s) are credited and that the original publication in this journal is cited, in accordance with accepted academic practice." ;; [2] ""license" : "EBI terms of use"" ;; [3] "Where EMBL-EBI presents scientific data generated by others, EMBL-EBI imposes no additional restriction on the use of the contributed data than those provided by the data owner, unless otherwise specified in these Terms of Use."	[1] PMC6544118 Europe PMC fullTextXML, <permissions>/<license> (file epmc_ft_zhao2019.xml) ;; [2] PRIDE REST v3 project record PXD010126, field `license` (file pride_PXD010126.json) ;; [3] EMBL-EBI Terms of Use, general section (file ebi_terms.html)	[1] 2026-10-05T18:20:45Z ;; [2] 2026-10-05T18:21:13Z ;; [3] 2026-10-05T16:32:03Z	[1] f741002caed5c8d5430ca0ca208cb35fe1b082c8bdacd3836550088777d05dd5 ;; [2] fd8bfd9a5629e1ee1767c72d74b836ab6286fb8129bf604c635aeadd3d3ca84d ;; [3] f3c148e6b91501af2a516e24edf0be61c21e2ce1b4e9f40bd834c606f1f23ae9	[1] https://www.ebi.ac.uk/europepmc/webservices/rest/PMC6544118/fullTextXML ;; [2] https://www.ebi.ac.uk/pride/ws/archive/v3/projects/PXD010126 ;; [3] https://www.ebi.ac.uk/about/terms-of-use/	[1] "Escherichia coli K-12 sub-strains BW25113 and MG1655 were cultivated on glucose M9 minimal medium at 37°C in flasks to mid-exponential phase (OD 600 = 0.6)" -- PMC6544118 full text, Materials and Methods, MS Sample Preparation -- file epmc_ft_zhao2019.xml, retrieved 2026-10-05T18:20:45Z, SHA-256 f741002caed5c8d5430ca0ca208cb35fe1b082c8bdacd3836550088777d05dd5, https://www.ebi.ac.uk/europepmc/webservices/rest/PMC6544118/fullTextXML ;; [2] "two biological replicates of BW25113 and MG1655 each were cultured in M9 minimal medium to mid-exponential phase and were harvest, then processed to HRM-MS analysis independently." -- PMC6544118 full text, Experimental Design and Statistical Rationale -- file epmc_ft_zhao2019.xml, retrieved 2026-10-05T18:20:45Z, SHA-256 f741002caed5c8d5430ca0ca208cb35fe1b082c8bdacd3836550088777d05dd5, https://www.ebi.ac.uk/europepmc/webservices/rest/PMC6544118/fullTextXML ;; [3] "searched against a combined database of the NCBI database of Escherichia coli str. K-12 (GCF_000005845.2_ASM584v2, 4140 entries)" -- PMC6544118 full text, Materials and Methods -- file epmc_ft_zhao2019.xml, retrieved 2026-10-05T18:20:45Z, SHA-256 f741002caed5c8d5430ca0ca208cb35fe1b082c8bdacd3836550088777d05dd5, https://www.ebi.ac.uk/europepmc/webservices/rest/PMC6544118/fullTextXML ;; [4] "Concentration of HRM-MS protein copies per cell was calculated based on the means of 500 most abundant protein quantities computed by other three label-free methods (APEX, iBAQ, PAI) downloaded from Arike et al. (2012)" -- PMC6544118 full text, Materials and Methods -- file epmc_ft_zhao2019.xml, retrieved 2026-10-05T18:20:45Z, SHA-256 f741002caed5c8d5430ca0ca208cb35fe1b082c8bdacd3836550088777d05dd5, https://www.ebi.ac.uk/europepmc/webservices/rest/PMC6544118/fullTextXML	Table S3 workbook: sheet "MG1655" one header row and 1,571 data records; sheet "BW25113" one header row and 1,951 data records. MG1655 columns: Symbols, GI, OperonID, Synonym, Start, End, Strand, Length, COG_number, Complex/Pathway, Product, two peptide-count columns, MG1655_1 and MG1655_2 abundance under relaxed and under stringent criteria, MG1655_1 and MG1655_2 protein copy number, Average protein copy number per cell. The bundle downloaded completely (64,175,120 B; archive test passed); the table sits one level down, inside Data_Sheet_1.zip. Files inspected: Supplementary table S3 Protein abundances and properties used in this work.xlsx (611597 B, SHA-256 3b9b1a1e8c724fcf46047a2b5ca97ee141192a17197dbeaa2b8ea1bf82d6d95a, member `Data_Sheet_1.zip > Supplementary table S3 Protein abundances and properties used in this work.xlsx` of the bundle https://www.ebi.ac.uk/europepmc/webservices/rest/PMC6544118/supplementaryFiles, retrieved 2026-10-05T18:22:38Z)	Yes (Europe PMC supplementaryFiles)	Coverage is 1,571 proteins, fewer than the BW25113 sheet and than Mori or Schmidt. Copies per cell are not measured directly: intensity is converted by a coefficient fitted to the 500 most abundant proteins of a published label-free dataset (Arike et al. 2012), so the scale is borrowed from another study. Two biological replicates, one condition. The table was built for an analysis of operon stoichiometry. The article's data statement names two GEO samples; the PRIDE project was found by its title.	Inferred from the article licence (CC BY); no file-level grant shown. No per-file legend and no publisher statement extending the article licence to this supplementary file was found in the retrieved XML, so a grant over the file is inferred from the article licence, not shown. The source ledger has no rule for a publisher-hosted supplementary file without its own legend: its article-licence rule is written for a GEO deposit ("the article's licence is taken as the grant over the article's deposited data"), and its two file-level precedents (Adomako 2022 Data Set S1; PXD005851 Table S1) each rest on a legend. Applying the article licence here would extend the GEO-deposit rule by analogy, which is an owner ledger decision; the owner's 2026-10-05 redistribution decision is a separate basis and is not evidence of a file-level grant. The PRIDE project's `license` field reads "EBI terms of use", which the ledger treats as no grant.	bring second	recommend admit with caveat	Found in the further search: a b-number-keyed per-gene protein table measured in MG1655 itself against the assembly of record, under a CC BY article, with the file in hand. Smaller and more model-dependent than L6-03b; it covers the same strain in a different minimal medium and can check it.	read
L7-01	7;2;3;4;5;9	EcoCyc (BioCyc Tier 1 curated database for E. coli K-12 MG1655)	EcoCyc PGDB `ECOLI` version 30.0 (Pathway Tools 30.0) as reported by the BioCyc web service on 2026-10-05; described in PMID 37220074, PMCID PMC10729931, DOI 10.1128/ecosalplus.esp-0002-2023	Literature-curated gene function summaries, enzymes, pathways, transporters, protein complexes, transcription units, promoters, terminators, regulatory interactions, per-medium gene essentiality tables, pseudogenes and phantom genes	K-12 substr. MG1655 (GenBank U00096.3)	exact	not applicable (curation); essentiality is recorded per growth medium	not applicable	categorical and textual curation	EcoCyc frame ids (EG…, G…, G0-…) for genes and separate frame ids for proteins	EcoCyc gene id to b-number through the pinned RefSeq GFF: all 4,651 gene and pseudogene features carry `Dbxref=ECOCYC:<id>` beside `locus_tag`. Protein frame ids route through UniProtKB (cross-reference `EcoCyc:<frame>` beside the ordered locus name, row L7-02).	[1] ""Open Databases" means the EcoCyc Pathway/Genome Database (PGDB) and the PGDB for Faecalibacterium prausnitzii A2-165 ." ;; [2] "you may use, modify and redistribute the OPEN DATABASES on a worldwide, royalty-free basis, and for any purpose; provided that:" ;; [3] "If you distribute any OPEN DATABASES, whether in their original form, in a modified form, or embedded in a product you create, you must: Notify SRI that you are making BIOCYC DATABASES available in this manner; Provide a hyperlink from your distribution to the BioCyc website www.biocyc.org ; Include this statement on the distribution and any marketing collateral: "Includes BioCyc TM pathway/genome databases under license from SRI International." Along with a copy of the BioCyc logo." ;; [4] "Access to BioCyc data files requires (1) a license (see bottom of page), and (2) a paid BioCyc subscription costing at least $5,000 (exceptions: access to data files for EcoCyc and for Faecalibacterium prausnitzii A2-165 are free, although a license is required)." ;; [5] "Crawling or scraping the Licensed Materials in any form, for any purpose without SRI's prior written consent is expressly prohibited." ;; [6] "you may use and modify the LIMITED DATABASES on a worldwide, royalty-free basis, and for any purpose, provided, however, you shall not redistribute the LIMITED DATABASES."	[1] SRI "BioCyc Flat-File Downloads" licence form page, TERMS AND CONDITIONS OF BIOCYC DATABASES LIMITED USE LICENSE, definitions (file sri_all_reg.html) ;; [2] same page, grant paragraph (file sri_all_reg.html) ;; [3] same page, distribution conditions (file sri_all_reg.html) ;; [4] https://biocyc.org/download.shtml, section "Download BioCyc Data Files" (file biocyc_download.html) ;; [5] https://biocyc.org/subscription-terms.txt (BioCyc Individual Subscription License Terms, Rev 10/16/2023), clause 3.3 (file biocyc_subscription_terms.txt) ;; [6] same page, paragraph on the Limited Databases (file sri_all_reg.html)	[1] 2026-10-05T16:13:13Z ;; [2] 2026-10-05T16:13:13Z ;; [3] 2026-10-05T16:13:13Z ;; [4] 2026-10-05T16:12:36Z ;; [5] 2026-10-05T16:12:50Z ;; [6] 2026-10-05T16:13:13Z	[1] d51a429cde69e5e3f5d274ddcddb9686d03dd41dbe8a434d3faa723dd6b6e309 ;; [2] d51a429cde69e5e3f5d274ddcddb9686d03dd41dbe8a434d3faa723dd6b6e309 ;; [3] d51a429cde69e5e3f5d274ddcddb9686d03dd41dbe8a434d3faa723dd6b6e309 ;; [4] f2095f407ec0bef8c0bbb3073c09ea9af7ed9c46d390e64ef6bd2cc52be79b47 ;; [5] a8c452ef7a2cf9af8bde9c0261942429d643a70fb2c62a81c74ab95e37782250 ;; [6] d51a429cde69e5e3f5d274ddcddb9686d03dd41dbe8a434d3faa723dd6b6e309	[1] https://bioinformatics.ai.sri.com/ptools/licensing/all-reg.shtml ;; [2] https://bioinformatics.ai.sri.com/ptools/licensing/all-reg.shtml ;; [3] https://bioinformatics.ai.sri.com/ptools/licensing/all-reg.shtml ;; [4] https://biocyc.org/download.shtml ;; [5] https://biocyc.org/subscription-terms.txt ;; [6] https://bioinformatics.ai.sri.com/ptools/licensing/all-reg.shtml	[1] "EcoCyc contains the complete genome sequence of E. coli K-12 substrain MG1655 (GenBank record version U00096.3 ) and describes the nucleotide position and function of all known protein-coding and RNA-coding E. coli genes and pseudogenes." -- PMC10729931 article page -- file pmc_page_ecocyc2023.html, retrieved 2026-10-05T16:49:04Z, SHA-256 8bacd05bdf2b07e2b1af9771e905e444b8930cc8d4966d757a74c13cb0353b1d, https://pmc.ncbi.nlm.nih.gov/articles/PMC10729931/ ;; [2] "EcoCyc is involved in a collaboration to update the genome annotation of the GenBank ( U00096.3 ) and RefSeq ( NC_000913.3 ) entries for E. coli K-12 MG1655 on an ongoing basis." -- PMC10729931 article page -- file pmc_page_ecocyc2023.html, retrieved 2026-10-05T16:49:04Z, SHA-256 8bacd05bdf2b07e2b1af9771e905e444b8930cc8d4966d757a74c13cb0353b1d, https://pmc.ncbi.nlm.nih.gov/articles/PMC10729931/ ;; [3] "When essentiality data are available for a given gene, the EcoCyc gene page includes a table within the Essentiality tab of the growth media under which that gene has been found to be either essential or not essential for growth." -- PMC10729931 article page, Essential Gene Information -- file pmc_page_ecocyc2023.html, retrieved 2026-10-05T16:49:04Z, SHA-256 8bacd05bdf2b07e2b1af9771e905e444b8930cc8d4966d757a74c13cb0353b1d, https://pmc.ncbi.nlm.nih.gov/articles/PMC10729931/ ;; [4] "<PGDB orgid='ECOLI' version='30.0'>" -- BioCyc web service getxml response, PGDB element -- file biocyc_websvc_probe.xml, retrieved 2026-10-05T16:46:58Z, SHA-256 615fdc364cd0f19c6ddca5ee9403986b382f302a6b3560251cdb0bbdc2aa3b96, https://websvc.biocyc.org/getxml?id=ECOLI:EG10001&detail=low	Access probe on 2026-10-05, no account: the gene page https://ecocyc.org/gene?orgid=ECOLI&id=EG10001 was served (HTTP 200, final URL on biocyc.org, no redirect to account-required.shtml) and one web-service call (https://websvc.biocyc.org/getxml?id=ECOLI:EG10001&detail=low) was served. The licence page says that using the web services API signifies assent to its terms; one probe call was made and none after. Flat files were not obtained: they are released by email after a licence form (name, organisation, address, email, phone) is submitted and reviewed by SRI staff. The form was read, not submitted.	Web pages metered without an account; flat files only after the licence form is executed (an owner action)	The EcoCyc 2023 article is all rights reserved (ASM), so only the database licence grants anything. Page views are metered, and crawling or scraping is prohibited by the subscription terms, so bulk use must go through the licensed flat files. The RefSeq annotation is already derived from EcoCyc, so gene names, products and coordinates add nothing; the added value is curated summaries, pathways, regulation, essentiality and evidence codes.	Affirmative grant with conditions for EcoCyc specifically: the BioCyc limited-use licence defines "Open Databases" as the EcoCyc PGDB and the PGDB for Faecalibacterium prausnitzii A2-165, which may be used, modified and redistributed for any purpose, provided modified copies identify the source, keep copyright notices and author lists and summarise modifications, and any distribution notifies SRI, links to biocyc.org and carries the stated attribution sentence with the BioCyc logo. Every other BioCyc database is a "Limited Database", which may be used and modified but not redistributed. Obtaining the files requires the owner to execute the licence.	bring first	recommend admit with caveat	The single richest curated source and, unlike BioCyc's Limited Databases, redistributable under stated conditions. One owner action (the licence form) unlocks layers 2, 3, 4, 5, 7 and 9 at once.	read
L7-02	7;8	UniProtKB reference proteome for E. coli K-12	UniProt release 2026_03 (02-September-2026); proteome UP000000625 (taxon 83333, genome assembly GCA_000005845.2, 4,403 proteins, modified 2026-04-22); REST https://rest.uniprot.org	Reviewed protein records; fields read here: function text, GO ids, and cross-references to RefSeq, GeneID, KEGG, BioCyc and eggNOG	"Escherichia coli (strain K12)", built on the MG1655 assembly GCA_000005845.2	exact (assembly)	not applicable (curation)	not applicable	textual and categorical curation	UniProt accession with ordered locus names (b-number and JW id), RefSeq protein ids, GeneID, KEGG (`eco:b####`), EcoCyc protein frame ids	Direct: the `Gene Names (ordered locus)` field carries the b-number (for example P52097: `b0188 JW0183`); the RefSeq protein accession is a second, independent key.	[1] "We have chosen to apply the [Creative Commons Attribution 4.0 International (CC BY 4.0) License](https://creativecommons.org/licenses/by/4.0/) to all copyrightable parts of our databases."	[1] https://rest.uniprot.org/help/license, `content` field (page last modified 2024-12-18) (file uniprot_help_license.json)	[1] 2026-10-05T16:26:22Z	[1] 5960c22bf17f22286504b927dbb3ca41713c571ed91a10fe7a88ddd964b416ce	[1] https://rest.uniprot.org/help/license	[1] ""assemblyId":"GCA_000005845.2"" -- UniProt proteome record UP000000625, genomeAssembly -- file uniprot_proteome_UP000000625.json, retrieved 2026-10-05T16:45:52Z, SHA-256 3fc53e7dbcc0fb73fcd4d4680b7cc6317d5466e85909032d0fcb2a219d7487c6, https://rest.uniprot.org/proteomes/UP000000625 ;; [2] "b0188 JW0183" -- UniProtKB search result, entry P52097, column Gene Names (ordered locus) -- file uniprot_sample_tils_tada.tsv, retrieved 2026-10-05T16:46:06Z, SHA-256 a120a08e52c1ba84f7c55e617a7ae675e22cf6b7ce1c054562b70c55556b9576, https://rest.uniprot.org/uniprotkb/search?query=proteome:UP000000625+AND+(gene_exact:tilS+OR+gene_exact:tadA+OR+gene_exact:prfB+OR+gene_exact:fdhF)&fields=accession,reviewed,gene_primary,gene_oln,gene_orf,xref_refseq,xref_geneid,cc_function&format=tsv&size=10	Search `proteome:UP000000625 AND reviewed:true` returned X-Total-Results 4403 under release header 2026_03. Four entries were read (P07658, P07012, P68398, P52097).	Yes (REST API, no key)	Protein-centric: RNA genes and pseudogenes are out of scope. A proteome-wide count of entries carrying a b-number was not made.	Affirmative grant: CC BY 4.0 over the copyrightable parts of the databases, with UniProt's disclaimer that some data may be covered by patents or other rights.	bring first	recommend admit with caveat	Clean licence, versioned releases, a b-number field, and it is also the documented bridge from EcoCyc protein ids, KEGG ids and GO annotations to locus tags.	read
L7-03	7	Gene Ontology annotations for E. coli (GO Consortium `ecocyc.gaf`)	GO release 2026-08-05 (current.geneontology.org/metadata/release-date.json); file https://current.geneontology.org/annotations/ecocyc.gaf.gz (GAF 2.2, 1,097,004 B compressed, header date-generated 2026-05-21T07:40)	GO term assignments with evidence codes and references: 55,158 annotation rows over 7,168 objects	taxon 83333 (E. coli K-12)	exact (taxon level)	not applicable	not applicable	GO term with evidence code (IDA 12,044; IEA 20,144; IBA 7,325; IPI 5,410; IMP 3,699; EXP 1,778; others)	EcoCyc protein frame ids (46,471 rows), UniProtKB accessions (7,325 rows), ComplexPortal ids (1,362 rows); no b-number appears in the synonym column	Not direct. EcoCyc protein frame id to UniProtKB (cross-reference `EcoCyc:<frame>`) to ordered locus name; or take GO terms from UniProtKB directly (row L7-02). No route was performed.	[1] "Gene Ontology Consortium data and data products are licensed under the Creative Commons Attribution 4.0 Unported License"	[1] https://geneontology.org/docs/go-citation-policy/, section License (file go_license.html)	[1] 2026-10-05T16:12:35Z	[1] 55c7367f6325116753e644828d70bb68d246637cc48e1c3b9ec1b4c06eb0b356	[1] https://geneontology.org/docs/go-citation-policy/	[1] "taxon:83333" -- ecocyc.gaf.gz, taxon column of the first data rows -- file go_ecocyc.gaf.gz, retrieved 2026-10-05T16:46:08Z, SHA-256 edd882f3c9c538119b93c040522f6bc3b84f199566dc1236387fc953350c8f01, https://current.geneontology.org/annotations/ecocyc.gaf.gz ;; [2] "2026-08-05" -- GO release-date metadata -- file go_release_date.json, retrieved 2026-10-05T16:26:22Z, SHA-256 858f641a1e2999ed521cb7ee1a167305ae669e148172720041210235b6ebc2b8, https://current.geneontology.org/metadata/release-date.json	Evidence-code and identifier-namespace counts computed from the file; 0 rows carry a b#### pattern in column 11. Files inspected: ecocyc.gaf.gz (1097004 B, SHA-256 edd882f3c9c538119b93c040522f6bc3b84f199566dc1236387fc953350c8f01, https://current.geneontology.org/annotations/ecocyc.gaf.gz, retrieved 2026-10-05T16:46:08Z)	Yes	Mixed evidence: 20,144 rows are IEA and 7,325 are phylogenetic inference (IBA), so the evidence code has to travel with each term, as the site already does for the cyanobacterial IEA layer.	Affirmative grant: CC BY 4.0, with the attribution and release-date citation the policy asks for.	bring second	recommend admit with caveat	Adds experimental GO evidence (IDA, IMP, EXP) that the RefSeq GO terms do not distinguish; needs the UniProt bridge.	read
L7-04	7	KEGG (organism `eco`, T00007)	KEGG organism eco / genome T00007 "Escherichia coli K-12 MG1655": 4,288 proteins (3,243 with KO), 2,979 RNAs, per https://rest.kegg.jp/info/eco read 2026-10-05; terms page "Last updated: October 1, 2024"	Pathway, module, orthology (KO) and BRITE assignments per gene	K-12 MG1655	exact	not applicable	not applicable	categorical	KEGG gene ids; UniProtKB lists them as `eco:b####`	KEGG gene id to b-number is by construction (`eco:b4079` in the UniProtKB cross-reference read). Not used.	[1] "Academic users may freely use the KEGG website at https://www.kegg.jp/ or its mirror site at GenomeNet https://www.genome.jp/kegg/ . Academic users who utilize KEGG for providing services are requested to obtain an academic service provider license, which is included in the KEGG FTP academic subscription ." ;; [2] "Restriction: KEGG API at rest.kegg.jp is made available only for academic use by academic users." ;; [3] "The KEGG FTP Academic Subscription is a paid service managed by Pathway Solutions for those academic users who wish to bulk-download KEGG data and/or to provide outside services using KEGG data"	[1] https://www.genome.jp/kegg/legal.html, "Academic use of KEGG" (file kegg_legal.html) ;; [2] https://www.kegg.jp/kegg/rest/ (file kegg_rest.html) ;; [3] https://www.pathway.jp/en/academic.html (file pathway_academic.html)	[1] 2026-10-05T16:12:36Z ;; [2] 2026-10-05T16:32:04Z ;; [3] 2026-10-05T16:32:04Z	[1] b87105e6251b08a2cd0f0208ee4615d021fe448f4ad46983eb7b576358ddd8e7 ;; [2] abd6ea94f118d25d01e40daa222b6e344b86c1c4ea08f46fe7e716d86f6ae635 ;; [3] b788f500537ffd052015ddf2100f70969f8621cd2d5a89893e0c7cc9d6d30071	[1] https://www.genome.jp/kegg/legal.html ;; [2] https://www.kegg.jp/kegg/rest/ ;; [3] https://www.pathway.jp/en/academic.html	[1] "Escherichia coli K-12 MG1655" -- https://rest.kegg.jp/info/eco, first line -- file kegg_info_eco.txt, retrieved 2026-10-05T16:32:04Z, SHA-256 cc53cb8eefaac80a9f2fac81095beaf7c950fe2bd54e31fe2ca621cd77d6faa2, https://rest.kegg.jp/info/eco	Terms pages and one `info` call only; no gene, pathway or link data were pulled.	Website and API readable without an account for academic use; bulk download only by paid FTP subscription	No redistribution grant; providing a service from KEGG data requires an academic service-provider licence.	No grant: copyright Kanehisa Laboratories; academic users may use the website; bulk data and service provision require the paid FTP subscription. Consistent with the roadmap's standing exclusion of KEGG.	not recommended	recommend reject	Terms exclude shipping KEGG-derived data from a public static site.	read
L7-05	7	COG database, 2024 update	PMID 39494517; PMCID PMC11701660; DOI 10.1093/nar/gkae983; https://ftp.ncbi.nlm.nih.gov/pub/COG/COG2024/data/ (files cog-24.cog.csv, cog-24.def.tab, cog-24.fun.tab, COGorg24.gene.tab.gz, Readme.COG2024.txt, checksums.md5)	Orthologous-group membership and functional category per protein-coding gene	GCF_000005845.2 is one of the 2,296 genomes (cog-24.org.csv)	exact (assembly)	not applicable	not applicable	categorical (COG id, functional category letters)	Gene ID given as the NCBI locus_tag in COGorg24.gene.tab.gz, with assembly id and protein id	Direct by locus_tag within assembly GCF_000005845.2 (the readme warns that gene ids are not guaranteed unique across genomes, so the assembly id must be part of the key).	[1] "This work is written by (a) US Government employee(s) and is in the public domain in the US." ;; [2] "Therefore, NCBI itself places no restrictions on the use or distribution of the data contained therein. Nor do we accept data when the submitter has requested restrictions on reuse or redistribution."	[1] PMC11701660 NCBI efetch db=pmc, <permissions>/<license> (file ncbi_pmc_cog2024.xml) ;; [2] NCBI Policies and Disclaimers page, section "Molecular Data Usage" (file ncbi_policies.html)	[1] 2026-10-05T16:20:28Z ;; [2] 2026-10-05T16:12:35Z	[1] c9ae64bdc55c5291fec5830ca0383ca59bfbea5b73d8c3fba6d89123255ae62d ;; [2] 8ad8f6f186ca51ec73a5fb8935ecfa17b8cbaad300b7025b381898ab72621869	[1] https://eutils.ncbi.nlm.nih.gov/entrez/eutils/efetch.fcgi?db=pmc&id=11701660&retmode=xml ;; [2] https://www.ncbi.nlm.nih.gov/home/about/policies/	[1] "GCF_000005845.2,Escherichia_coli_K-12_sub_MG1655,511145" -- cog-24.org.csv line 1840 -- file cog2024_org.csv, retrieved 2026-10-05T16:46:58Z, SHA-256 6b0ba840c276a73c82a6abd0ef48b818c6301fad60c3b43dc6947646391f9080, https://ftp.ncbi.nlm.nih.gov/pub/COG/COG2024/data/cog-24.org.csv ;; [2] "1. Gene ID (NCBI locus_tag; not guaranteed to be unique)" -- Readme.COG2024.txt, section COGorg24.gene.tab.gz -- file cog2024_readme.txt, retrieved 2026-10-05T16:46:58Z, SHA-256 0de9f45b80dfa84338dfd5e07d34292f1bf463d328519432f9bddbb913ccb86e, https://ftp.ncbi.nlm.nih.gov/pub/COG/COG2024/data/Readme.COG2024.txt	Readme, directory listing and organism table read; the 608 MB membership file was not downloaded.	Yes (NCBI FTP)	Computational orthology with curated category names: label as computational annotation. Large files for one genome's rows.	The article is a US Government work in the public domain in the US; the data sit on NCBI FTP, where NCBI places no restrictions of its own. Read as usable with attribution, pending the ledger entry.	bring second	recommend admit with caveat	A free functional-category axis keyed by locus tag, comparable to the category layer the cyanobacterial view derives from its sources.	read
L7-06	7	iML1515 genome-scale metabolic model (BiGG Models)	PMID 29020004; PMCID PMC6521705; DOI 10.1038/nbt.3956; http://bigg.ucsd.edu/api/v2/models/iML1515 (last_updated "Oct 31, 2019"; genome NC_000913.3; 1,516 genes, 2,712 reactions, 1,877 metabolites)	Gene to reaction associations, subsystems and model-based predictions; a reconstruction, not a measurement	K-12 substr. MG1655 (NC_000913.3)	exact	not applicable	not applicable	gene-protein-reaction rules	not inspected (gene list not pulled)	Not established.	[1] "BiGG is freely available for non-commercial use." ;; [2] "This file is available for text mining. It may also be used consistent with the principles of fair use under the copyright law."	[1] http://bigg.ucsd.edu/license (legacy site; a banner says data have not been updated since October 2019 and points to bigg.bio) (file bigg_license.html) ;; [2] PMC6521705 NCBI efetch db=pmc, <permissions>/<license> (file ncbi_pmc_iml1515.xml)	[1] 2026-10-05T16:32:04Z ;; [2] 2026-10-05T16:20:19Z	[1] 9b8969e8f0bc35734f90d815fcb34c107dfa89462214ee228b91ad87e5df3f8b ;; [2] ee26041fd07e801f327cdc48412240290bd20db18ee244cfb28bedd3642f06ab	[1] https://bigg.ucsd.edu/license ;; [2] https://eutils.ncbi.nlm.nih.gov/entrez/eutils/efetch.fcgi?db=pmc&id=6521705&retmode=xml	[1] "ML1515 accounts for 1,515 open reading frames and 2,719 metabolic reactions involving 1,192 unique metabolites." -- PMC6521705 author manuscript, Abstract -- file ncbi_pmc_iml1515.xml, retrieved 2026-10-05T16:20:19Z, SHA-256 ee26041fd07e801f327cdc48412240290bd20db18ee244cfb28bedd3642f06ab, https://eutils.ncbi.nlm.nih.gov/entrez/eutils/efetch.fcgi?db=pmc&id=6521705&retmode=xml	API model record and licence page read. The article counts 1,515 ORFs and 2,719 reactions; the BiGG record counts 1,516 genes and 2,712 reactions (the difference was not investigated). GitHub SBRG/iML1515_GP carries no licence per the GitHub API.	Yes	Model membership and simulated essentiality must stay distinct from measurements, as roadmap item 5 already requires.	Conditional statement, not a formal licence: "freely available for non-commercial use". The article carries only a text-mining notice. Undetermined for redistribution.	supporting	insufficient evidence	Roadmap item 5 analogue; terms need a proper licence text before ranking.	read
L7-07	7;9	The y-ome: genes lacking experimental evidence of function (Ghatak et al. 2019)	PMID 30698741; PMCID PMC6412132; DOI 10.1093/nar/gkz030; GitHub zakandrewking/y-ome (MIT per the GitHub API); Zenodo DOI 10.5281/zenodo.1906044 (v1.1.0, record licence "other-open")	Classification of each gene by strength of experimental evidence of function: 1,600 of 4,623 unique genes in the y-ome	not extracted from the passages read	not established	not applicable	not applicable	categorical annotation level	not inspected	Not established.	[1] "This is an Open Access article distributed under the terms of the Creative Commons Attribution License ( http://creativecommons.org/licenses/by/4.0/ ), which permits unrestricted reuse, distribution, and reproduction in any medium, provided the original work is properly cited."	[1] PMC6412132 Europe PMC fullTextXML, <permissions>/<license> (file epmc_ft_yome2019.xml)	[1] 2026-10-05T16:20:10Z	[1] 2aa813556161dbb6b27ede226e2288c9e9215b7df417b0218f0a9ffbae2d31e0	[1] https://www.ebi.ac.uk/europepmc/webservices/rest/PMC6412132/fullTextXML	[1] "We identified the genes that lack experimental evidence of function (the ‘y-ome’) which include 1600 of 4623 unique genes (34.6%), of which 111 have absolutely no evidence of function." -- PMC6412132 full text, Abstract -- file epmc_ft_yome2019.xml, retrieved 2026-10-05T16:20:10Z, SHA-256 2aa813556161dbb6b27ede226e2288c9e9215b7df417b0218f0a9ffbae2d31e0, https://www.ebi.ac.uk/europepmc/webservices/rest/PMC6412132/fullTextXML	Bundle retrieved (4,318,851 B) and not opened.	Yes	A 2018 snapshot built partly from sources with their own terms (EcoCyc, RegulonDB).	Article CC BY 4.0; repository MIT.	supporting	recommend admit with caveat	A ready "how well characterised is this gene" axis, useful for choosing recoding targets.	read
L8-01	8	tRNA genes in the RefSeq annotation of the genome of record	RefSeq GCF_000005845.2 (ASM584v2), sequence NC_000913.3, GBFF LOCUS date 02-SEP-2026; annotation_hashes.txt: features hash E21EDCE767A1C96746CC24D4C54DD401, last changed 2026-09-04 17:13:00; files GCF_000005845.2_ASM584v2_genomic.gff.gz (MD5 0f52ffc94af5ddf544ff89cc6f546b0c, matching NCBI md5checksums.txt), _genomic.gbff.gz, _cds_from_genomic.fna.gz	Annotated tRNA genes with amino acid and anticodon: 86 tRNA genes in 42 amino-acid/anticodon classes	K-12 substr. MG1655	exact	not applicable (annotation)	not applicable	gene copy count per anticodon	b-number locus tags on every tRNA gene	Direct. The anticodon is not in a structured `anticodon` attribute (0 occurrences in the GFF or GBFF); it is in the free-text `Note`, for example `Note=tRNA-Ile(CAU)`, so a parser must read the Note and must fail closed on an unparsed one.	[1] "Therefore, NCBI itself places no restrictions on the use or distribution of the data contained therein. Nor do we accept data when the submitter has requested restrictions on reuse or redistribution." ;; [2] "Information that is created by or for the US government on this site is within the public domain." ;; [3] "NOTE: This site contains resources which incorporate material contributed or licensed by individuals, companies, or organizations that may be protected by U.S. and foreign copyright laws." ;; [4] "NCBI is not in a position to assess the validity of such claims and since there is no transfer of rights from submitters to NCBI, NCBI has no rights to transfer to a third party."	[1] NCBI Policies and Disclaimers page, section "Molecular Data Usage" (file ncbi_policies.html) ;; [2] NCBI Policies and Disclaimers page, section "Copyright Status of Webpages" (file ncbi_policies.html) ;; [3] same page, same section (file ncbi_policies.html) ;; [4] same page, section "Molecular Data Usage" (file ncbi_policies.html)	[1] 2026-10-05T16:12:35Z ;; [2] 2026-10-05T16:12:35Z ;; [3] 2026-10-05T16:12:35Z ;; [4] 2026-10-05T16:12:35Z	[1] 8ad8f6f186ca51ec73a5fb8935ecfa17b8cbaad300b7025b381898ab72621869 ;; [2] 8ad8f6f186ca51ec73a5fb8935ecfa17b8cbaad300b7025b381898ab72621869 ;; [3] 8ad8f6f186ca51ec73a5fb8935ecfa17b8cbaad300b7025b381898ab72621869 ;; [4] 8ad8f6f186ca51ec73a5fb8935ecfa17b8cbaad300b7025b381898ab72621869	[1] https://www.ncbi.nlm.nih.gov/home/about/policies/ ;; [2] https://www.ncbi.nlm.nih.gov/home/about/policies/ ;; [3] https://www.ncbi.nlm.nih.gov/home/about/policies/ ;; [4] https://www.ncbi.nlm.nih.gov/home/about/policies/	[1] "Note=tRNA-Ile(CAU)" -- GFF tRNA features of ileX (b3069) and ileY (b2652) -- file GCF_000005845.2_ASM584v2_genomic.gff.gz, retrieved 2026-10-05T16:21:59Z, SHA-256 afdf03dc1d06e423d874ee29d9e0df14f5d32baf893f4da9f93aa721eb5f495e, https://ftp.ncbi.nlm.nih.gov/genomes/all/GCF/000/005/845/GCF_000005845.2_ASM584v2/GCF_000005845.2_ASM584v2_genomic.gff.gz ;; [2] "Note=tRNA-Sec(UCA)" -- GFF tRNA feature of selC (b3658) -- file GCF_000005845.2_ASM584v2_genomic.gff.gz, retrieved 2026-10-05T16:21:59Z, SHA-256 afdf03dc1d06e423d874ee29d9e0df14f5d32baf893f4da9f93aa721eb5f495e, https://ftp.ncbi.nlm.nih.gov/genomes/all/GCF/000/005/845/GCF_000005845.2_ASM584v2/GCF_000005845.2_ASM584v2_genomic.gff.gz ;; [3] "Note=tRNA-Arg(ACG)" -- GFF tRNA features of the four Arg(ACG) genes -- file GCF_000005845.2_ASM584v2_genomic.gff.gz, retrieved 2026-10-05T16:21:59Z, SHA-256 afdf03dc1d06e423d874ee29d9e0df14f5d32baf893f4da9f93aa721eb5f495e, https://ftp.ncbi.nlm.nih.gov/genomes/all/GCF/000/005/845/GCF_000005845.2_ASM584v2/GCF_000005845.2_ASM584v2_genomic.gff.gz ;; [4] "Note=tRNA-initiator Met(CAU)" -- GFF tRNA features of the four initiator tRNA genes -- file GCF_000005845.2_ASM584v2_genomic.gff.gz, retrieved 2026-10-05T16:21:59Z, SHA-256 afdf03dc1d06e423d874ee29d9e0df14f5d32baf893f4da9f93aa721eb5f495e, https://ftp.ncbi.nlm.nih.gov/genomes/all/GCF/000/005/845/GCF_000005845.2_ASM584v2/GCF_000005845.2_ASM584v2_genomic.gff.gz	Copies by class, from the Note field: Ala(GGC) 2, Ala(UGC) 3, Arg(ACG) 4, Arg(CCG) 1, Arg(CCU) 1, Arg(UCU) 1, Asn(GUU) 4, Asp(GUC) 3, Cys(GCA) 1, Gln(CUG) 2, Gln(UUG) 2, Glu(UUC) 4, Gly(CCC) 1, Gly(GCC) 4, Gly(UCC) 1, His(GUG) 1, Ile(CAU) 2, Ile(GAU) 3, Leu(CAA) 1, Leu(CAG) 4, Leu(GAG) 1, Leu(UAA) 1, Leu(UAG) 1, Lys(UUU) 6, Met(CAU) 2, initiator Met(CAU) 4, Phe(GAA) 2, Pro(CGG) 1, Pro(GGG) 1, Pro(UGG) 1, Sec(UCA) 1, Ser(CGA) 1, Ser(GCU) 1, Ser(GGA) 2, Ser(UGA) 1, Thr(CGU) 1, Thr(GGU) 2, Thr(UGU) 1, Trp(CCA) 1, Tyr(GUA) 3, Val(GAC) 2, Val(UAC) 5. Total 86. Files inspected: GCF_000005845.2_ASM584v2_genomic.gff.gz (387627 B, SHA-256 afdf03dc1d06e423d874ee29d9e0df14f5d32baf893f4da9f93aa721eb5f495e, https://ftp.ncbi.nlm.nih.gov/genomes/all/GCF/000/005/845/GCF_000005845.2_ASM584v2/GCF_000005845.2_ASM584v2_genomic.gff.gz, retrieved 2026-10-05T16:21:59Z)	Yes (NCBI FTP)	Gene copies are a proxy for tRNA abundance, as the source ledger already says for the cyanobacterial view. Three CAU classes must be kept apart: elongator Met, initiator Met and the two lysidine tRNA-Ile genes (ileX, ileY) that read AUA. Sec(UCA) is not a standard decoder. Arg(ACG) is the only class with A at the first anticodon position, the position TadA deaminates in tRNA-Arg2 (rows L8-04, L8-05). Modifications are not in the annotation.	Candidate reproducibility input; the retention basis for this genome is an owner ledger decision still to be made. The ledger's RefSeq rule has two layers: a PGAP annotation "created by or for the US government" (public domain), and submitted assembly bytes under NCBI's data usage policies. Neither covers this annotation as written. The record's COMMENT says "annotation updates are derived from EcoCyc" and its latest direct submission is from the EcoCyc project; that it is not PGAP output is an inference from the record, not a quoted statement. NCBI's policy page separates information "created by or for the US government" from "material contributed or licensed by individuals, companies, or organizations", and says that with no transfer of rights from submitters "NCBI has no rights to transfer to a third party". The only grant text read that names EcoCyc content is EcoCyc's own licence (row L7-01); whether it reaches the copy inside the RefSeq record was not established. Public retrieval, an accession and a checksum are not permission. The existing practice (retain as a reproducibility input under a checksum pin, never offer as a product download) is what stream 2 currently follows; this row does not validate or invalidate it.	bring first	recommend admit with caveat	Already inside the pinned input, keyed by b-number, and it labels the lysidine tRNA-Ile, initiator tRNA and selenocysteine tRNA explicitly, which is what the tAI special cases need. The caveat is the licence basis, not the content.	read
L8-02	8	GtRNAdb: tRNAscan-SE predictions for E. coli K-12 MG1655	GtRNAdb Data Release 22 (Sept 2024); https://gtrnadb.ucsc.edu/genomes/bacteria/Esch_coli_K_12_MG1655/ ; bundle eschColi_K_12_MG1655-tRNAs.tar.gz (linked, not downloaded); cited as PMID 26673694, DOI 10.1093/nar/gkv1309	Computationally predicted tRNA genes with scores: 86 decoding the standard 20 amino acids, 1 selenocysteine, 1 of undetermined isotype, 1 predicted pseudogene; 89 in total	K-12 substr. MG1655; the genome page links NCBI assembly GCA_000005845.2 and the FTP path GCA_000005845.2_ASM584v2, the GenBank assembly that NCBI Datasets pairs with the genome of record GCF_000005845.2	exact (strain and paired assembly)	not applicable (prediction)	not applicable	gene counts by anticodon; covariance-model scores	GtRNAdb gene symbols and coordinates	Positional on the linked assembly. No locus-level or sequence-level matching to the annotation was performed.	[1] "This is an Open Access article distributed under the terms of the Creative Commons Attribution License ( http://creativecommons.org/licenses/by-nc/4.0/ ), which permits non-commercial re-use, distribution, and reproduction in any medium, provided the original work is properly cited. For commercial re-use, please contact journals.permissions@oup.com"	[1] PMC4702915 Europe PMC fullTextXML, <permissions>/<license> (file epmc_ft_gtrnadb2016.xml)	[1] 2026-10-05T16:20:31Z	[1] 4ee5ee1d1b497e3057d8fecb8ee9bb9d87e1bb1c41d28cc2a530fec2cb8fe1ab	[1] https://www.ebi.ac.uk/europepmc/webservices/rest/PMC4702915/fullTextXML	[1] "tRNAs decoding standard 20 AA 86 Selenocysteine tRNAs (TCA) 1 Possible suppressor tRNAs (CTA,TTA,TCA) 0 tRNAs with undetermined or unknown isotypes 1 Predicted pseudogenes 1 Total tRNAs 89" -- GtRNAdb genome page, tRNA Gene Summary -- file gtrnadb_ecoli.html, retrieved 2026-10-05T16:26:22Z, SHA-256 d845f62e9b5817021fff818a9bf9a2794691d7645e252f621251bb5be90ea117, https://gtrnadb.ucsc.edu/genomes/bacteria/Esch_coli_K_12_MG1655/ ;; [2] "Data Release 22 (Sept 2024)" -- GtRNAdb front page -- file gtrnadb_front.html, retrieved 2026-10-05T16:26:22Z, SHA-256 2fa961c30b91eda2d9a17027b72d1354e8e662c7b7127e51d1e3debaf4821f5e, https://gtrnadb.ucsc.edu/ ;; [3] "http://www.ncbi.nlm.nih.gov/assembly/GCA_000005845.2" -- GtRNAdb genome page, address of the NCBI assembly link (an href attribute) -- file gtrnadb_ecoli.html, retrieved 2026-10-05T16:26:22Z, SHA-256 d845f62e9b5817021fff818a9bf9a2794691d7645e252f621251bb5be90ea117, https://gtrnadb.ucsc.edu/genomes/bacteria/Esch_coli_K_12_MG1655/ ;; [4] "ftp://ftp.ncbi.nlm.nih.gov/genomes/all/GCA/000/005/845/GCA_000005845.2_ASM584v2" -- GtRNAdb genome page, address of the FTP link (an href attribute) -- file gtrnadb_ecoli.html, retrieved 2026-10-05T16:26:22Z, SHA-256 d845f62e9b5817021fff818a9bf9a2794691d7645e252f621251bb5be90ea117, https://gtrnadb.ucsc.edu/genomes/bacteria/Esch_coli_K_12_MG1655/ ;; [5] "Thr AGT GGT 2 CGT 2 TGT 1 5" -- GtRNAdb genome page, anticodon table, Thr row (AGT none, GGT 2, CGT 2, TGT 1, total 5) -- file gtrnadb_ecoli.html, retrieved 2026-10-05T16:26:22Z, SHA-256 d845f62e9b5817021fff818a9bf9a2794691d7645e252f621251bb5be90ea117, https://gtrnadb.ucsc.edu/genomes/bacteria/Esch_coli_K_12_MG1655/ ;; [6] ""paired_accession":"GCA_000005845.2"" -- NCBI Datasets v2 genome dataset report for GCF_000005845.2 (the record's `accession` is GCF_000005845.2) -- file ncbi_datasets_assembly.json, retrieved 2026-10-05T18:05:10Z, SHA-256 d3ae26c9d6ac9f8d21e8c0d0b7ad787b79c71e82be306fa4997e8985de6249a1, https://api.ncbi.nlm.nih.gov/datasets/v2/genome/accession/GCF_000005845.2/dataset_report	Front page, genome page, FAQ and citation page read: none contains a licence, terms-of-use or copyright statement for the database (terms: not reported). The assembly is named in two link addresses on the genome page, not in its visible text. Class by class, the page's anticodon table and the Note-field counts of row L8-01 agree for every standard class except one: GtRNAdb lists Thr(CGT) 2 where the annotation has Thr(CGU) 1. That accounts for 86 against 85 standard tRNA genes (87 against 86 with selenocysteine). Which predicted locus is the extra Thr(CGT), and what the undetermined and pseudogene predictions are, was not examined: the difference is located by class, not reconciled by locus. Retrieval record (added under DEM-244): what this row says about the site rests on this run's own retrievals, made with a plain `curl` client: https://gtrnadb.ucsc.edu/ (retrieved 2026-10-05T16:26:22Z, 12,922 B, SHA-256 2fa961c30b91eda2d9a17027b72d1354e8e662c7b7127e51d1e3debaf4821f5e); https://gtrnadb.ucsc.edu/genomes/bacteria/Esch_coli_K_12_MG1655/ (retrieved 2026-10-05T16:26:22Z, 12,607 B, SHA-256 d845f62e9b5817021fff818a9bf9a2794691d7645e252f621251bb5be90ea117); https://gtrnadb.ucsc.edu/faq.html (retrieved 2026-10-05T16:46:28Z, 8,404 B, SHA-256 bc2742f4d98b2821699b8b7f6fa265d4a6d6f3a07c36ee8039f490cdac9f7d9d); https://gtrnadb.ucsc.edu/citation.html (retrieved 2026-10-05T16:46:28Z, 7,305 B, SHA-256 b2afc7d940ec7c71525b93094e0d81aba6d06dc80dfe9361a8fae6d3d3a2d87e); https://api.ncbi.nlm.nih.gov/datasets/v2/genome/accession/GCF_000005845.2/dataset_report (retrieved 2026-10-05T18:05:10Z, 2,926 B, SHA-256 d3ae26c9d6ac9f8d21e8c0d0b7ad787b79c71e82be306fa4997e8985de6249a1). Requested again under DEM-244, https://gtrnadb.ucsc.edu/genomes/bacteria/Esch_coli_K_12_MG1655/ at 2026-10-05T19:17:42Z and https://gtrnadb.ucsc.edu/ at 2026-10-05T19:17:45Z each returned HTTP 200 with the same SHA-256. The independent confirmation DEM-241 reports HTTP 403 for the genome page at 18:46:24 UTC on 2026-10-05, with no response body kept, so the two link addresses and the tRNA counts of the genome page have been read by this run only; DEM-241 confirmed the GCA and GCF pairing from NCBI Datasets.	Yes	A prediction on the same sequence, not independent evidence, and not to be merged with the annotation: the two remain separate evidence types. Database terms are silent, as the cyanobacterial tRNA ticket already found.	Undetermined: the database publishes no terms; the 2016 article is CC BY-NC 4.0, which governs the article, not the database files. Link-only.	link-only; use as a cross-check	insufficient evidence	Useful only as a cross-check: it flags one extra predicted Thr(CGT) gene against the annotation for a person to look at.	read
L8-03	8	MODOMICS: RNA modification database	PMID 41277531; PMCID PMC12807697; DOI 10.1093/nar/gkaf1284 (2025 update); PMID 38015436, PMCID PMC10767930 (2023 update); site https://genesilico.pl/modomics/	Curated modified residues in RNA sequences, modification pathways and modifying enzymes (E. coli entries not checked)	per sequence entry; not read	not established	not applicable	not applicable	modified-nucleoside positions per tRNA sequence	MODOMICS sequence ids; tRNA isoacceptor names	Not established (tRNA species to gene is many-to-one and needs a sequence match).	[1] "This is an Open Access article distributed under the terms of the Creative Commons Attribution License ( https://creativecommons.org/licenses/by/4.0/ ), which permits unrestricted reuse, distribution, and reproduction in any medium, provided the original work is properly cited."	[1] PMC12807697 Europe PMC fullTextXML, <permissions>/<license> (file epmc_ft_modomics2025.xml)	[1] 2026-10-05T16:20:33Z	[1] 1e631fcf446fee746826ef625784081eae34d704d9dfbf35c21963671c04b8b5	[1] https://www.ebi.ac.uk/europepmc/webservices/rest/PMC12807697/fullTextXML	[1] "When using MODOMICS, please cite: MODOMICS: a database of RNA modifications and related information. 2025 update and 20th anniversary." -- MODOMICS front page, Citation -- file modomics_front.html, retrieved 2026-10-05T16:26:22Z, SHA-256 abee1f41df21a50971d1db9062bd73f302244c6abdf4fbeb7daecbbad70285ec, https://genesilico.pl/modomics/	Front page read: it carries a citation request and no licence or terms text (database terms: not reported on the page read). The E. coli tRNA sequence entries were not pulled.	Front page yes; data not pulled	Needed only if the tAI wobble rules are to be justified per modification (for example lysidine and inosine).	Articles CC BY 4.0; the licence over database content is not reported on the page read. Undetermined.	supporting	insufficient evidence	The curated source for which tRNAs carry which wobble modification.	read
L8-04	8	UniProtKB statements on lysidine (TilS) and wobble inosine (TadA)	UniProtKB release 2026_03: P52097 (tilS, b0188), P68398 (tadA, b2559); retrieved by REST search on proteome UP000000625	Curated function statements: TilS converts C34 of the CAU-anticodon tRNA-Ile to lysidine, making it read AUA as isoleucine; TadA deaminates A34 of tRNA-Arg2 to inosine	E. coli K-12	exact	not applicable (curation)	not applicable	textual	UniProt accession with b-number	Direct (ordered locus name).	[1] "We have chosen to apply the [Creative Commons Attribution 4.0 International (CC BY 4.0) License](https://creativecommons.org/licenses/by/4.0/) to all copyrightable parts of our databases."	[1] https://rest.uniprot.org/help/license, `content` field (file uniprot_help_license.json)	[1] 2026-10-05T16:26:22Z	[1] 5960c22bf17f22286504b927dbb3ca41713c571ed91a10fe7a88ddd964b416ce	[1] https://rest.uniprot.org/help/license	[1] "Ligates lysine onto the cytidine present at position 34 of the AUA codon-specific tRNA(Ile) that contains the anticodon CAU, in an ATP-dependent manner. Cytidine is converted to lysidine, thus changing the amino acid specificity of the tRNA from methionine to isoleucine." -- UniProtKB P52097, Function [CC] -- file uniprot_sample_tils_tada.tsv, retrieved 2026-10-05T16:46:06Z, SHA-256 a120a08e52c1ba84f7c55e617a7ae675e22cf6b7ce1c054562b70c55556b9576, https://rest.uniprot.org/uniprotkb/search?query=proteome:UP000000625+AND+(gene_exact:tilS+OR+gene_exact:tadA+OR+gene_exact:prfB+OR+gene_exact:fdhF)&fields=accession,reviewed,gene_primary,gene_oln,gene_orf,xref_refseq,xref_geneid,cc_function&format=tsv&size=10 ;; [2] "Catalyzes the deamination of adenosine to inosine at the wobble position 34 of tRNA(Arg2)." -- UniProtKB P68398, Function [CC] -- file uniprot_sample_tils_tada.tsv, retrieved 2026-10-05T16:46:06Z, SHA-256 a120a08e52c1ba84f7c55e617a7ae675e22cf6b7ce1c054562b70c55556b9576, https://rest.uniprot.org/uniprotkb/search?query=proteome:UP000000625+AND+(gene_exact:tilS+OR+gene_exact:tadA+OR+gene_exact:prfB+OR+gene_exact:fdhF)&fields=accession,reviewed,gene_primary,gene_oln,gene_orf,xref_refseq,xref_geneid,cc_function&format=tsv&size=10	Two entries read. The P68398 statement cites PubMed 12110595 (row L8-05).	Yes	A curated summary, not the primary experiment; it names the tRNA species, and the link to gene copies (Arg(ACG), Ile(CAU)) is by anticodon.	Affirmative grant: CC BY 4.0.	bring first (as the citable basis for the two special cases)	recommend admit	Gives a licensed, versioned, quotable statement for the lysidine and inosine rules the tAI code special-cases.	read
L8-05	8	tadA, the tRNA-specific adenosine deaminase (Wolf, Gerber and Keller 2002)	PMID 12110595; PMCID PMC126108; DOI 10.1093/emboj/cdf362	Biochemical characterisation: inosine formation at position 34 of tRNA-Arg2	E. coli (strain not extracted)	not established	in vitro and genetic characterisation	not applicable	not applicable	gene name	Gene name (tadA, b2559 per UniProtKB).	[1] "Copyright © 2002 European Molecular Biology Organization"	[1] PMC article page PMC126108, copyright line (file pmc_page_wolf2002.html)	[1] 2026-10-05T16:25:49Z	[1] 13e156ac97b67cff421ae12b1c5d4c997557079a8f719efd1d5e8a2651d59fe9	[1] https://pmc.ncbi.nlm.nih.gov/articles/PMC126108/	[1] "is sufficient for site-specific inosine formation at the wobble position (position 34) of tRNA Arg2 , the only tRNA having this modification in prokaryotes." -- PMC126108 article page, Abstract -- file pmc_page_wolf2002.html, retrieved 2026-10-05T16:25:49Z, SHA-256 13e156ac97b67cff421ae12b1c5d4c997557079a8f719efd1d5e8a2651d59fe9, https://pmc.ncbi.nlm.nih.gov/articles/PMC126108/	Article page read.	Yes (PMC article page)	Citation only.	No grant: copyright statement only. Citation only.	citation only	recommend admit with caveat (as a citation, not as data)	Primary evidence that tRNA-Arg2 is the single inosine case, which fixes how Arg(ACG) is treated in the wobble rules.	read
L8-06	8	tRNA adaptation index definition (dos Reis, Savva and Wernisch 2004)	PMID 15448185; PMCID PMC521650; DOI 10.1093/nar/gkh834	Method definition: tAI as the geometric mean of the relative adaptiveness values of a gene's codons (how the weights derive from tRNA gene copies was not re-read here)	not applicable (method; organisms not extracted)	not applicable	not applicable	not applicable	index between 0 and 1	not applicable	not applicable	[1] "Copyright © 2004 Oxford University Press"	[1] PMC article page PMC521650, copyright line (file pmc_page_dosreis2004.html)	[1] 2026-10-05T16:25:50Z	[1] 603dd9ebf41ba650f11468b2f99e5b115e17558334aea37be1bb09131da5db4f	[1] https://pmc.ncbi.nlm.nih.gov/articles/PMC521650/	[1] "The tRNA adaptation index tAI g of a gene g is defined as the geometric mean of the relative adaptiveness values of its codons" -- PMC521650 article page, Materials and Methods -- file pmc_page_dosreis2004.html, retrieved 2026-10-05T16:25:50Z, SHA-256 603dd9ebf41ba650f11468b2f99e5b115e17558334aea37be1bb09131da5db4f, https://pmc.ncbi.nlm.nih.gov/articles/PMC521650/	Article page read; which organism the published wobble weights were fitted on was not extracted.	Yes (PMC article page)	Which organism the published s-values were optimised on decides whether they suit E. coli; not extracted here.	No grant needed for a method citation; copyright statement only.	citation only	recommend admit with caveat (as a citation, not as data)	The method the pipeline implements; the open question is the choice of wobble weights for E. coli.	read
L8-07	8	Species-specific tAI wobble weights (Sabi and Tuller 2014)	PMID 24906480; PMCID PMC4195497; DOI 10.1093/dnares/dsu017	Method: wobble interaction weights (Sij) inferred per species by optimising against codon usage bias	not applicable (method)	not applicable	not applicable	not applicable	index	not applicable	not applicable	[1] "https://creativecommons.org/licenses/by/4.0/ This is an Open Access article distributed under the terms of the Creative Commons Attribution License ( http://creativecommons.org/licenses/by/4.0/ ), which permits unrestricted reuse, distribution, and reproduction in any medium, provided the original work is properly cited."	[1] PMC4195497 Europe PMC fullTextXML, <permissions>/<license> (file epmc_ft_sabi2014.xml)	[1] 2026-10-05T16:20:52Z	[1] 32eab7a2e2f4f13ce56b5920fcb7782f502b769deb6957e4863c4ec1fe9f78d0	[1] https://www.ebi.ac.uk/europepmc/webservices/rest/PMC4195497/fullTextXML	[1] "the species-specific inference of the S ij tends to predict PA better than the traditional tAI." -- PMC4195497 full text, Results -- file epmc_ft_sabi2014.xml, retrieved 2026-10-05T16:20:52Z, SHA-256 32eab7a2e2f4f13ce56b5920fcb7782f502b769deb6957e4863c4ec1fe9f78d0, https://www.ebi.ac.uk/europepmc/webservices/rest/PMC4195497/fullTextXML	Article XML read for the method statement only.	Yes	Whether an E. coli weight set is tabulated was not checked.	Article CC BY 4.0.	supporting	insufficient evidence	The readable source for an E. coli-specific alternative to the original weights.	read
L8-08	8	Isoleucine tRNA specificity enzyme (Soma et al. 2003)	PMID 14527414; DOI 10.1016/s1097-2765(03)00346-0	Primary report on the enzyme governing the codon and amino-acid specificity of isoleucine tRNA (title only)	not retrieved	not established	not retrieved	not retrieved	not retrieved	not retrieved	Not established.	none read (see mechanical_inspection)	not applicable	not applicable	not applicable	not applicable	[1] ""pmid":"14527414"" -- Europe PMC REST search response for the article title (identifier resolution only) -- file epmc_search_soma2003.json, retrieved 2026-10-05T16:16:45Z, SHA-256 72e11e18a6a8d47a6c3bd46b0b937df0007c9de1c715ea037b563497eaa03aae, Europe PMC REST search, resultType=core, TITLE query for the article title (tag soma2003)	Not in PMC (NCBI ID converter: "Identifier not found in PMC") and not in Europe PMC full text. The UniProtKB statement in row L8-04 stands in as the readable source.	Not retrieved	Not read.	Undetermined: not read.	not retrieved	insufficient evidence	Listed so the gap is visible; a person with library access can supply it.	not retrieved
L8-09	8	tRNA abundance and codon usage at different growth rates (Dong, Nilsson and Kurland 1996)	PMID 8709146; DOI 10.1006/jmbi.1996.0428	tRNA abundance against codon usage at different growth rates (title only); would test how well gene copies stand in for tRNA levels	not retrieved	not established	not retrieved	not retrieved	not retrieved	not retrieved	Not established.	none read (see mechanical_inspection)	not applicable	not applicable	not applicable	not applicable	[1] ""pmid":"8709146"" -- Europe PMC REST search response for the article title (identifier resolution only) -- file epmc_search_dong1996.json, retrieved 2026-10-05T16:16:46Z, SHA-256 1c469c69c12cba0e4eee94650665548a5e8e31adbb414e5080853acab372da4d, Europe PMC REST search, resultType=core, TITLE query for the article title (tag dong1996)	Not in PMC and not in Europe PMC full text. Without it the copy-number proxy rests on the general caveat already in the source ledger.	Not retrieved	Not read.	Undetermined: not read.	not retrieved	insufficient evidence	Listed so the gap is visible; a person with library access can supply it.	not retrieved
L8-10	8	Transfer RNA modification review (Björk and Hagervall 2014, EcoSal Plus)	PMID 26442937; DOI 10.1128/ecosalplus.esp-0007-2013	Reference review of E. coli tRNA modifications and their decoding effects	not retrieved	not established	not retrieved	not retrieved	not retrieved	not retrieved	Not established.	none read (see mechanical_inspection)	not applicable	not applicable	not applicable	not applicable	[1] ""pmid":"26442937"" -- Europe PMC REST search response for the article title (identifier resolution only) -- file epmc_search_bjork2014.json, retrieved 2026-10-05T16:16:55Z, SHA-256 a1f21590916d0a18e9d92ef5cfdc95498248ac9b54f67331377957ea0ebf773f, Europe PMC REST search, resultType=core, TITLE query for the article title (tag bjork2014)	Not in PMC and not in Europe PMC full text; journals.asm.org is left alone per the handoff contract.	Not retrieved	Not read.	Undetermined: not read.	not retrieved	insufficient evidence	Listed so the gap is visible; a person with library access can supply it.	not retrieved
L9-01	9	Gene-model exceptions encoded in the RefSeq annotation of the genome of record	RefSeq GCF_000005845.2 (ASM584v2), sequence NC_000913.3, GBFF LOCUS date 02-SEP-2026; annotation_hashes.txt: features hash E21EDCE767A1C96746CC24D4C54DD401, last changed 2026-09-04 17:13:00; files GCF_000005845.2_ASM584v2_genomic.gff.gz (MD5 0f52ffc94af5ddf544ff89cc6f546b0c, matching NCBI md5checksums.txt), _genomic.gbff.gz, _cds_from_genomic.fna.gz	Annotated exceptions, enumerated mechanically from the GFF and CDS FASTA: programmed frameshifts, selenocysteine codons, pseudogenes, insertion sequences, multi-product loci, non-canonical starts	K-12 substr. MG1655	exact	not applicable (annotation)	not applicable	feature counts and per-locus flags	b-number locus tags	Direct.	[1] "Therefore, NCBI itself places no restrictions on the use or distribution of the data contained therein. Nor do we accept data when the submitter has requested restrictions on reuse or redistribution." ;; [2] "Information that is created by or for the US government on this site is within the public domain." ;; [3] "NOTE: This site contains resources which incorporate material contributed or licensed by individuals, companies, or organizations that may be protected by U.S. and foreign copyright laws." ;; [4] "NCBI is not in a position to assess the validity of such claims and since there is no transfer of rights from submitters to NCBI, NCBI has no rights to transfer to a third party."	[1] NCBI Policies and Disclaimers page, section "Molecular Data Usage" (file ncbi_policies.html) ;; [2] NCBI Policies and Disclaimers page, section "Copyright Status of Webpages" (file ncbi_policies.html) ;; [3] same page, same section (file ncbi_policies.html) ;; [4] same page, section "Molecular Data Usage" (file ncbi_policies.html)	[1] 2026-10-05T16:12:35Z ;; [2] 2026-10-05T16:12:35Z ;; [3] 2026-10-05T16:12:35Z ;; [4] 2026-10-05T16:12:35Z	[1] 8ad8f6f186ca51ec73a5fb8935ecfa17b8cbaad300b7025b381898ab72621869 ;; [2] 8ad8f6f186ca51ec73a5fb8935ecfa17b8cbaad300b7025b381898ab72621869 ;; [3] 8ad8f6f186ca51ec73a5fb8935ecfa17b8cbaad300b7025b381898ab72621869 ;; [4] 8ad8f6f186ca51ec73a5fb8935ecfa17b8cbaad300b7025b381898ab72621869	[1] https://www.ncbi.nlm.nih.gov/home/about/policies/ ;; [2] https://www.ncbi.nlm.nih.gov/home/about/policies/ ;; [3] https://www.ncbi.nlm.nih.gov/home/about/policies/ ;; [4] https://www.ncbi.nlm.nih.gov/home/about/policies/	[1] "REVIEWED REFSEQ: This record has been curated by NCBI staff. The reference sequence is identical to U00096. On Nov 3, 2013 this sequence version replaced NC_000913.2. Protein update by submitter; annotation updates are derived from EcoCyc https://ecocyc.org/." -- GBFF COMMENT block of NC_000913.3 -- file GCF_000005845.2_ASM584v2_genomic.gbff.gz, retrieved 2026-10-05T16:21:59Z, SHA-256 cbcc40a9859312cbcdbeb3df484ee471dfe354c5cd8f28056b48431353b28384, https://ftp.ncbi.nlm.nih.gov/genomes/all/GCF/000/005/845/GCF_000005845.2_ASM584v2/GCF_000005845.2_ASM584v2_genomic.gbff.gz ;; [2] "exception=ribosomal slippage" -- GFF CDS features of dnaX (b0470), copA (b0484) and prfB (b2891) -- file GCF_000005845.2_ASM584v2_genomic.gff.gz, retrieved 2026-10-05T16:21:59Z, SHA-256 afdf03dc1d06e423d874ee29d9e0df14f5d32baf893f4da9f93aa721eb5f495e, https://ftp.ncbi.nlm.nih.gov/genomes/all/GCF/000/005/845/GCF_000005845.2_ASM584v2/GCF_000005845.2_ASM584v2_genomic.gff.gz ;; [3] "aa:Sec)" -- GFF `transl_except` attribute on fdnG (b1474), fdoG (b3894) and fdhF (b4079) -- file GCF_000005845.2_ASM584v2_genomic.gff.gz, retrieved 2026-10-05T16:21:59Z, SHA-256 afdf03dc1d06e423d874ee29d9e0df14f5d32baf893f4da9f93aa721eb5f495e, https://ftp.ncbi.nlm.nih.gov/genomes/all/GCF/000/005/845/GCF_000005845.2_ASM584v2/GCF_000005845.2_ASM584v2_genomic.gff.gz ;; [4] "2026-09-04 17:13:00" -- annotation_hashes.txt, features last changed -- file refseq_annotation_hashes.txt, retrieved 2026-10-05T16:22:28Z, SHA-256 f4bf0e53a7b4ea673c0bad04a677893648b297764c74feed2c0e9521861e5f3e, https://ftp.ncbi.nlm.nih.gov/genomes/all/GCF/000/005/845/GCF_000005845.2_ASM584v2/annotation_hashes.txt ;; [5] "<CommonInputData>eRefseqGenbank</CommonInputData>" -- NCBI BioProject record PRJNA57779, Link/PeerProject (member PRJNA225) -- file bioproject_PRJNA57779.xml, retrieved 2026-10-05T18:05:08Z, SHA-256 619ca87686b18260124a24c61a60b1bbfaab4fe620ea347d6dafc26849839706, https://eutils.ncbi.nlm.nih.gov/entrez/eutils/efetch.fcgi?db=bioproject&id=57779&retmode=xml ;; [6] "<CommonInputData>eRefseqGenbank</CommonInputData>" -- NCBI BioProject record PRJNA225, Link/PeerProject (project reference PRJNA57779) -- file bioproject_PRJNA225.xml, retrieved 2026-10-05T18:05:07Z, SHA-256 c83eaa529dd8b67f6cfb6511f863bcdae0de4cb10a2355da059aecb3863d85f9, https://eutils.ncbi.nlm.nih.gov/entrez/eutils/efetch.fcgi?db=bioproject&id=225&retmode=xml ;; [7] ""bioproject_accession":"PRJNA225"" -- NCBI Datasets v2 genome dataset report for GCF_000005845.2 -- file ncbi_datasets_assembly.json, retrieved 2026-10-05T18:05:10Z, SHA-256 d3ae26c9d6ac9f8d21e8c0d0b7ad787b79c71e82be306fa4997e8985de6249a1, https://api.ncbi.nlm.nih.gov/datasets/v2/genome/accession/GCF_000005845.2/dataset_report	Gene-level features 4,651, every one with a b-number, an ECOCYC cross-reference and an ECK synonym: protein_coding 4,290, pseudogene 145, ncRNA 107, tRNA 86, rRNA 22, other 1 (ssrA, the tmRNA). Programmed frameshifts (`exception=ribosomal slippage`) at 3 loci: dnaX b0470 (gamma subunit, YP_009518751.1), copA b0484 (soluble Cu(+) chaperone, YP_009518752.1), prfB b2891 (NP_417367.1). Selenocysteine (`transl_except ... aa:Sec`) at 3 loci, each with one in-frame TGA: fdnG b1474 and fdoG b3894 at codon 196, fdhF b4079 at codon 140 (1-based, from the CDS FASTA). No other CDS has an in-frame stop. 9 loci carry more than one CDS product under one b-number: mrcB b0149, dnaX b0470, copA b0484, cobB b1120, cheA b1888, clpB b2592, infB b3168 (three products), mcrB b4346, yibX b4795. 20 CDS are split across intervals (3 by slippage, 17 pseudogene fragments); 37 CDS rows are flagged pseudo; 18 CDS records have no protein. Start codons of the 4,300 translated CDS: ATG 3,876, GTG 338, TTG 80, ATT 4 (pcnB b0143, infC b1718, ymcF b4723, ynfQ b4724), CTG 2 (hda b2496, yfjD b4461). Stop codons: TAA 2,753, TGA 1,242, TAG 305. 50 insertion-sequence features (`mobile_genetic_element`) and 48 `sequence_feature` rows: 12 cryptic prophages and 36 gene fragments. Files inspected: GCF_000005845.2_ASM584v2_genomic.gff.gz (387627 B, SHA-256 afdf03dc1d06e423d874ee29d9e0df14f5d32baf893f4da9f93aa721eb5f495e, https://ftp.ncbi.nlm.nih.gov/genomes/all/GCF/000/005/845/GCF_000005845.2_ASM584v2/GCF_000005845.2_ASM584v2_genomic.gff.gz, retrieved 2026-10-05T16:21:59Z) ;; GCF_000005845.2_ASM584v2_genomic.gbff.gz (3401424 B, SHA-256 cbcc40a9859312cbcdbeb3df484ee471dfe354c5cd8f28056b48431353b28384, https://ftp.ncbi.nlm.nih.gov/genomes/all/GCF/000/005/845/GCF_000005845.2_ASM584v2/GCF_000005845.2_ASM584v2_genomic.gbff.gz, retrieved 2026-10-05T16:21:59Z) ;; GCF_000005845.2_ASM584v2_cds_from_genomic.fna.gz (1479753 B, SHA-256 8b7b48b7b905313082141db4b77807b7aafebca7a5c40bbd42832baacd1cfd9b, https://ftp.ncbi.nlm.nih.gov/genomes/all/GCF/000/005/845/GCF_000005845.2_ASM584v2/GCF_000005845.2_ASM584v2_cds_from_genomic.fna.gz, retrieved 2026-10-05T16:22:27Z)	Yes (NCBI FTP)	These are the flags the annotation encodes; a recoding tool also needs what it does not encode: overlapping genes, small proteins outside the annotation, and regulatory sequence inside coding regions (layers 2 to 4). BioProject, settled: the GBFF DBLINK names PRJNA57779 and NCBI Datasets reports PRJNA225 for the assembly. Each BioProject record links the other as a peer project with common input data `eRefseqGenbank`: PRJNA57779 ("Escherichia coli str. K-12 substr. MG1655 RefSeq Genome") is the RefSeq project and PRJNA225 ("Model organism for genetics, physiology, biochemistry") the GenBank project of the same assembly. They are two provenance records, not competing identities.	Candidate reproducibility input; the retention basis for this genome is an owner ledger decision still to be made. The ledger's RefSeq rule has two layers: a PGAP annotation "created by or for the US government" (public domain), and submitted assembly bytes under NCBI's data usage policies. Neither covers this annotation as written. The record's COMMENT says "annotation updates are derived from EcoCyc" and its latest direct submission is from the EcoCyc project; that it is not PGAP output is an inference from the record, not a quoted statement. NCBI's policy page separates information "created by or for the US government" from "material contributed or licensed by individuals, companies, or organizations", and says that with no transfer of rights from submitters "NCBI has no rights to transfer to a third party". The only grant text read that names EcoCyc content is EcoCyc's own licence (row L7-01); whether it reaches the copy inside the RefSeq record was not established. Public retrieval, an accession and a checksum are not permission. The existing practice (retain as a reproducibility input under a checksum pin, never offer as a product download) is what stream 2 currently follows; this row does not validate or invalidate it.	bring first	recommend admit with caveat	Every exception the handoff names is already present, per b-number, in the pinned input. The pipeline can derive the flags and the contract validator can re-derive them independently. The caveat is the licence basis, not the content.	read
L9-02	9	Recode-2 database of programmed recoding events	PMID 19783826; PMCID PMC2808893; DOI 10.1093/nar/gkp788; site https://recode.ucc.ie	Curated programmed frameshifting, readthrough and bypassing events; about 1,500 genes at publication	multi-organism	not established	not applicable	not applicable	categorical	not inspected	Not established.	[1] "This is an Open Access article distributed under the terms of the Creative Commons Attribution Non-Commercial License ( http://creativecommons.org/licenses/by-nc/2.0/uk/ ) which permits unrestricted non-commercial use, distribution, and reproduction in any medium, provided the original work is properly cited."	[1] PMC2808893 Europe PMC fullTextXML, <permissions>/<license> (file epmc_ft_recode2.xml)	[1] 2026-10-05T16:20:54Z	[1] 37b54d0743966fa131e606af64cedc7013c70c96aa33d7f881ce98028c468885	[1] https://www.ebi.ac.uk/europepmc/webservices/rest/PMC2808893/fullTextXML	[1] "At present, the Recode-2 database stores information on approximately 1500 genes that are known to utilize recoding in their expression" -- PMC2808893 full text -- file epmc_ft_recode2.xml, retrieved 2026-10-05T16:20:54Z, SHA-256 37b54d0743966fa131e606af64cedc7013c70c96aa33d7f881ce98028c468885, https://www.ebi.ac.uk/europepmc/webservices/rest/PMC2808893/fullTextXML ;; [2] "The recode.ucc.ie website is no longer hosted here." -- https://recode.ucc.ie front page notice -- file recode_front.html, retrieved 2026-10-05T16:32:03Z, SHA-256 235c640ef68f9aaa31a6f70e2a5af17ea3993f655d237dc226fff3cca62f6d87, https://recode.ucc.ie/	The site now shows a notice that it is no longer hosted and offers a legacy database download; the download was not taken and no terms accompany it on the page.	Legacy download offered without an account; not taken	Retired service; 2009 content.	Article CC BY-NC (2.0 UK); legacy database file terms not reported.	not recommended	recommend reject	Retired, and the three E. coli K-12 frameshifts it would supply are already in the annotation.	read
L9-03	9	Programmed frameshift in copA (Meydan et al. 2017)	PMID 28107647; PMCID PMC5270581; DOI 10.1016/j.molcel.2016.12.008	Experimental demonstration that ribosomal frameshifting in copA yields a short copper chaperone as well as the transporter	not extracted	not established	not extracted	not applicable	not applicable	gene name	Gene name; encoded at b0484 in the annotation (row L9-01).	[1] "This file is available for text mining. It may also be used consistent with the principles of fair use under the copyright law."	[1] PMC5270581 NCBI efetch db=pmc, <permissions>/<license> (file ncbi_pmc_meydan2017.xml)	[1] 2026-10-05T16:21:03Z	[1] ebfd819465dc1d40c9bec19d8c59532d200f94a55e53900c6c5e7661678e559a	[1] https://eutils.ncbi.nlm.nih.gov/entrez/eutils/efetch.fcgi?db=pmc&id=5270581&retmode=xml	[1] "The high efficiency of frameshifting is achieved by the combined stimulatory action of a ‘slippery’ sequence, an mRNA pseudoknot, and the CopA nascent chain." -- PMC5270581 author manuscript, Summary -- file ncbi_pmc_meydan2017.xml, retrieved 2026-10-05T16:21:03Z, SHA-256 ebfd819465dc1d40c9bec19d8c59532d200f94a55e53900c6c5e7661678e559a, https://eutils.ncbi.nlm.nih.gov/entrez/eutils/efetch.fcgi?db=pmc&id=5270581&retmode=xml	Author manuscript read via NCBI efetch.	Yes	Citation only.	No grant (text-mining notice only). Citation only.	citation only	recommend admit with caveat (as a citation, not as data)	Names the sequence features (slippery sequence, mRNA pseudoknot, nascent chain) that a recoding of copA would have to preserve.	read
L9-04	9	prfB programmed frameshift (Craigen et al. 1985)	PMID 3889910; PMCID PMC397836; DOI 10.1073/pnas.82.11.3616	Primary report behind the prfB gene-model exception	not retrieved (scanned article)	not established	not retrieved	not retrieved	not applicable	gene name	Gene name; the exception itself is already encoded at the b-number in the RefSeq annotation (row L9-01).	[1] (no rights text: not reported)	[1] PMC397836: no <permissions> element in the retrieved XML (read and silent: not reported) (file ncbi_pmc_craigen1985.xml)	[1] 2026-10-05T16:21:24Z	[1] e9725c6b92dedefc2f66255214dd1720f6da7bee5c9f8600ce784be7d63eb460	[1] https://eutils.ncbi.nlm.nih.gov/entrez/eutils/efetch.fcgi?db=pmc&id=397836&retmode=xml	[1] "Bacterial peptide chain release factors: conserved primary structure and possible frameshift regulation of release factor 2" -- PMC397836 NCBI efetch record, article title -- file ncbi_pmc_craigen1985.xml, retrieved 2026-10-05T16:21:24Z, SHA-256 e9725c6b92dedefc2f66255214dd1720f6da7bee5c9f8600ce784be7d63eb460, https://eutils.ncbi.nlm.nih.gov/entrez/eutils/efetch.fcgi?db=pmc&id=397836&retmode=xml	Only front matter is available as text (the PMC deposit is a page scan); no <permissions> element in the record.	Front matter yes; body not retrieved as text	Background citation only; nothing to ingest.	Not reported: the record carries no rights statement. Citation only.	citation only	insufficient evidence	Names the primary evidence for a flag the annotation already carries.	partly retrieved
L9-05	9	dnaX programmed frameshift (Tsuchihashi and Kornberg 1990)	PMID 2181440; PMCID PMC53720; DOI 10.1073/pnas.87.7.2516	Primary report behind the dnaX gene-model exception	not retrieved (scanned article)	not established	not retrieved	not retrieved	not applicable	gene name	Gene name; the exception itself is already encoded at the b-number in the RefSeq annotation (row L9-01).	[1] (no rights text: not reported)	[1] PMC53720: no <permissions> element in the retrieved XML (read and silent: not reported) (file ncbi_pmc_tsuchihashi1990.xml)	[1] 2026-10-05T16:21:32Z	[1] bb2b0fdb58002c6b78e7c14076261978dda00c3824fbd5e152fcb81b7ad42675	[1] https://eutils.ncbi.nlm.nih.gov/entrez/eutils/efetch.fcgi?db=pmc&id=53720&retmode=xml	[1] "Translational frameshifting generates the gamma subunit of DNA polymerase III holoenzyme" -- PMC53720 NCBI efetch record, article title -- file ncbi_pmc_tsuchihashi1990.xml, retrieved 2026-10-05T16:21:32Z, SHA-256 bb2b0fdb58002c6b78e7c14076261978dda00c3824fbd5e152fcb81b7ad42675, https://eutils.ncbi.nlm.nih.gov/entrez/eutils/efetch.fcgi?db=pmc&id=53720&retmode=xml	Only front matter is available as text (the PMC deposit is a page scan); no <permissions> element in the record.	Front matter yes; body not retrieved as text	Background citation only; nothing to ingest.	Not reported: the record carries no rights statement. Citation only.	citation only	insufficient evidence	Names the primary evidence for a flag the annotation already carries.	partly retrieved
L9-06	9	Selenocysteine at UGA in formate dehydrogenase (Zinoni et al. 1987)	PMID 3033637; PMCID PMC304827; DOI 10.1073/pnas.84.10.3156	Primary report behind the fdhF gene-model exception	not retrieved (scanned article)	not established	not retrieved	not retrieved	not applicable	gene name	Gene name; the exception itself is already encoded at the b-number in the RefSeq annotation (row L9-01).	[1] (no rights text: not reported)	[1] PMC304827: no <permissions> element in the retrieved XML (read and silent: not reported) (file ncbi_pmc_zinoni1987.xml)	[1] 2026-10-05T16:21:42Z	[1] 44f38f595dfd78b2a18e36346ce0cefb5b7afcec0ee389244b0b0960772d5c88	[1] https://eutils.ncbi.nlm.nih.gov/entrez/eutils/efetch.fcgi?db=pmc&id=304827&retmode=xml	[1] "Cotranslational insertion of selenocysteine into formate dehydrogenase from Escherichia coli directed by a UGA codon" -- PMC304827 NCBI efetch record, article title -- file ncbi_pmc_zinoni1987.xml, retrieved 2026-10-05T16:21:42Z, SHA-256 44f38f595dfd78b2a18e36346ce0cefb5b7afcec0ee389244b0b0960772d5c88, https://eutils.ncbi.nlm.nih.gov/entrez/eutils/efetch.fcgi?db=pmc&id=304827&retmode=xml	Only front matter is available as text (the PMC deposit is a page scan); no <permissions> element in the record.	Front matter yes; body not retrieved as text	Background citation only; nothing to ingest.	Not reported: the record carries no rights statement. Citation only.	citation only	insufficient evidence	Names the primary evidence for a flag the annotation already carries.	partly retrieved
L9-07	9	ISfinder insertion-sequence reference	PMID 16381877; PMCID PMC1347377; DOI 10.1093/nar/gkj014; site https://isfinder.biotoul.fr	Reference nomenclature and sequences for bacterial insertion sequences	multi-organism	not established	not applicable	not applicable	not applicable	IS names	IS name, matching the `mobile_element_type` labels in the annotation.	[1] "The online version of this article has been published under an open access model. Users are entitled to use, reproduce, disseminate, or display the open access version of this article for non-commercial purposes provided that: the original authorship is properly and fully attributed; the Journal and Oxford University Press are attributed as the original place of publication with the correct citation details given; if an articl"	[1] PMC1347377 Europe PMC fullTextXML, <permissions>/<license> (file epmc_ft_isfinder.xml)	[1] 2026-10-05T16:21:15Z	[1] 0365133b257147bf26021284a75acdee5527000bcc0f0f2a690fedbc37814803	[1] https://www.ebi.ac.uk/europepmc/webservices/rest/PMC1347377/fullTextXML	none quoted (see mechanical_inspection)	https://isfinder.biotoul.fr did not resolve from this host on two attempts (curl exit 6): site and its terms not retrieved.	Not retrieved	Site not read.	Undetermined for the database; the 2006 article allows non-commercial use with attribution.	not retrieved	insufficient evidence	Only needed if IS boundaries are to be checked beyond the 50 annotated elements.	not retrieved
